
[06:03:30] > aninin buy x1 Diamond pickaxe to YooRushy for $100,000.
[06:04:42] > tic_sz added x1 Eye armor trim smithing template in auction for 30000000.
[06:06:23] > aninin remove x1 Diamond pickaxe from buy
[06:06:28] > celinesanrio added x6 Amethyst shard in auction for 60.
[06:06:47] > tic_sz remove x1 Eye armor trim smithing template from storage
[06:06:56] > x1 §x§E§5§1§B§1§B§lDracula Hoe, item of Asterizu, has just expired, the item is definitively deleted.
[06:06:57] > tic_sz remove x1 Eye armor trim smithing template from expire
[06:07:11] > tic_sz added x1 Eye armor trim smithing template in auction for 10000000.
[06:07:54] > celinesanrio added x1 Rib armor trim smithing template in auction for 380000.
[06:08:18] > king_ARK buy x1 Rib armor trim smithing template to celinesanrio for $380,000.
[06:08:29] > king_ARK remove x1 Rib armor trim smithing template from buy
[06:08:43] > celinesanrio added x1 Rib armor trim smithing template in auction for 379800.
[06:09:42] > celinesanrio remove x1 Rib armor trim smithing template from storage
[06:11:35] > celinesanrio remove x6 Amethyst shard form storage
[06:11:35] > celinesanrio remove x25 Enchanted golden apple form storage
[06:11:39] > celinesanrio added x6 Amethyst shard in auction for 10.
[06:11:52] > celinesanrio added x25 Enchanted golden apple in auction for 2000000.
[06:38:07] > Callistrix remove x3 §x§F§C§9§0§5§C§lE§x§E§6§9§C§6§B§lp§x§C§F§A§7§7§A§li§x§B§9§B§3§8§9§lc §x§8§C§C§B§A§7§lC§x§7§5§D§6§B§6§lr§x§5§F§E§2§C§5§la§x§7§9§D§4§B§4§lt§x§9§3§C§7§A§2§le §x§C§8§A§B§7§F§lK§x§E§2§9§E§6§E§le§x§F§C§9§0§5§C§ly from storage
[06:38:55] > Callistrix added x5 §x§F§C§9§0§5§C§lE§x§E§6§9§C§6§B§lp§x§C§F§A§7§7§A§li§x§B§9§B§3§8§9§lc §x§8§C§C§B§A§7§lC§x§7§5§D§6§B§6§lr§x§5§F§E§2§C§5§la§x§7§9§D§4§B§4§lt§x§9§3§C§7§A§2§le §x§C§8§A§B§7§F§lK§x§E§2§9§E§6§E§le§x§F§C§9§0§5§C§ly in auction for 500000.
[06:39:22] > Callistrix added x1 §x§E§5§1§B§1§B§lDracula Hoe in auction for 150000.
[06:39:43] > Callistrix added x1 §x§E§5§1§B§1§B§lDracula Battleaxe in auction for 150000.
[06:41:07] > Doomday152 buy x1 Enchanted book to BlackJordan69 for $75,000.
[06:41:28] > Doomday152 remove x1 Enchanted book from buy
[07:52:01] > anneyong buy x64 Golden apple to Keeos for $150,000.
[07:52:05] > anneyong remove x64 Golden apple form buy
[08:01:33] > nachfaust buy x1 §x§E§5§1§B§1§B§lDracula Hoe to Callistrix for $150,000.
[08:02:49] > nachfaust remove x1 §x§E§5§1§B§1§B§lDracula Hoe form buy
[08:15:03] > InternetCafeUser added x1 Trident in auction for 200000.
[08:15:20] > Takeremu buy x1 Trident to InternetCafeUser for $200,000.
[08:15:23] > Takeremu remove x1 Trident from buy
[08:17:55] > nachfaust added x1 Enchanted book in auction for 80000.
[08:21:26] > .Kenku1001 buy x6 Amethyst shard to celinesanrio for $10.
[08:22:00] > .Kenku1001 buy x64 Golden apple to Keeos for $150,000.
[08:22:11] > .Kenku1001 buy x64 Golden apple to Keeos for $150,000.
[08:22:17] > .Kenku1001 buy x64 Golden apple to Keeos for $150,000.
[08:22:23] > .Kenku1001 buy x64 Golden apple to Keeos for $150,000.
[08:22:31] > .Kenku1001 buy x64 Golden apple to Keeos for $150,000.
[08:22:37] > .Kenku1001 buy x64 Golden apple to Keeos for $150,000.
[08:22:46] > .Kenku1001 buy x64 Golden apple to Keeos for $150,000.
[09:29:20] > Ch4r_380 buy x1 White shulker box to Unforce01 for $150,000.
[09:32:40] > Ch4r_380 buy x1 Blue shulker box to Unforce01 for $150,000.
[09:38:15] > Ch4r_380 remove x1 Blue shulker box from buy
[09:38:16] > Ch4r_380 remove x1 White shulker box from buy
[10:14:40] > nachfaust remove x1 Mace from storage
[10:14:54] > nachfaust added x1 Mace in auction for 1000000.
[10:25:03] > x1 §x§F§0§7§A§5§4§lZombie Apocalyptic Baseballbat on sale by Padjibarr has just expired, it goes in the inventory of expired items.
[10:34:59] > .Techno_Demon253 added x1 Enchanted golden apple in auction for 2000000000.
[10:35:09] > .Techno_Demon253 added x1 §x§F§E§B§E§C§A§lSeason 3 Celebration Cake <3 in auction for 2000000000.
[10:36:00] > .Techno_Demon253 added x3 Golden apple in auction for 2000000000.
[10:45:11] > Mr_Zo11ox buy x1 Diamond pickaxe to YooRushy for $150,000.
[10:48:12] > Mr_Zo11ox remove x1 Diamond pickaxe from buy
[10:52:21] > ZenNova_ buy x1 Music disc otherside to lthohijfi2014 for $10,000.
[10:53:14] > ZenNova_ remove x1 Music disc otherside from buy
[11:31:53] > AxoLittle added x1 Enchanted book in auction for 5000.
[11:40:48] > .JakeTheMiner457 remove x3 Netherite upgrade smithing template from storage
[11:41:17] > .JakeTheMiner457 remove x3 Netherite upgrade smithing template from expire
[11:41:57] > .JakeTheMiner457 added x3 Netherite upgrade smithing template in auction for 270000.
[11:52:55] > cobra added x1 §x§F§F§5§5§0§0§lsᴇʟʟᴡᴀɴᴅ §6- 5.0x in auction for 300000.
[11:53:10] > anneyong buy x1 §x§F§F§5§5§0§0§lsᴇʟʟᴡᴀɴᴅ §6- 5.0x to cobra for $300,000.
[12:16:36] > Kodakoda buy x1 Mace to nachfaust for $1,000,000.
[12:16:45] > Kodakoda remove x1 Mace from buy
[12:25:28] > .JakeTheMiner457 remove x3 Netherite upgrade smithing template from storage
[12:25:48] > .JakeTheMiner457 remove x3 Netherite upgrade smithing template from expire
[12:26:10] > .JakeTheMiner457 added x3 Netherite upgrade smithing template in auction for 150000.
[12:38:46] > x1 Enchanted book, bought by AxoLittle, has just expired, the item is definitively deleted.
[12:42:17] > 8it5inn added x1 §x§F§F§5§5§0§0§lsᴇʟʟᴡᴀɴᴅ §6- 20.0x in auction for 3000000.
[12:42:30] > 8it5inn added x1 §x§F§F§5§5§0§0§lsᴇʟʟᴡᴀɴᴅ §6- 10.0x in auction for 1300000.
[12:44:47] > Torrr added x2 §x§F§F§3§E§0§0§lSellwand Voucher in auction for 400000.
[12:44:54] > UnavailableTest buy x2 §x§F§F§3§E§0§0§lSellwand Voucher to Torrr for $400,000.
[12:45:22] > UnavailableTest remove x2 §x§F§F§3§E§0§0§lSellwand Voucher form buy
[12:51:29] > .JakeTheMiner457 added x1 Coast armor trim smithing template in auction for 80000.
[12:51:47] > Trashcan buy x1 Coast armor trim smithing template to .JakeTheMiner457 for $80,000.
[12:52:14] > .JakeTheMiner457 added x1 Flow armor trim smithing template in auction for 80000.
[12:52:21] > Trashcan remove x1 Coast armor trim smithing template from buy
[12:54:00] > .JakeTheMiner457 added x1 Sentry armor trim smithing template in auction for 80000.
[12:54:08] > anneyong buy x1 Sentry armor trim smithing template to .JakeTheMiner457 for $80,000.
[12:54:10] > Nxwaf buy x1 Flow armor trim smithing template to .JakeTheMiner457 for $80,000.
[12:54:16] > .JakeTheMiner457 added x1 Coast armor trim smithing template in auction for 80000.
[12:54:33] > anneyong remove x1 Sentry armor trim smithing template from buy
[12:54:36] > .JakeTheMiner457 added x1 Flow armor trim smithing template in auction for 80000.
[12:55:32] > Nxwaf remove x1 Flow armor trim smithing template from buy
[12:55:33] > Nxwaf remove x1 Flint and steel from buy
[12:55:33] > Nxwaf remove x64 Coal block from buy
[12:57:19] > Trapers1 buy x1 §x§E§5§1§B§1§B§lDracula Spear to zopell10 for $75,000.
[12:57:38] > Trapers1 remove x1 §x§E§5§1§B§1§B§lDracula Spear from buy
[12:58:12] > .JakeTheMiner457 remove x1 Flow armor trim smithing template from storage
[12:58:18] > .JakeTheMiner457 remove x1 Coast armor trim smithing template from storage
[12:58:28] > .JakeTheMiner457 remove x3 Netherite upgrade smithing template from storage
[12:58:30] > Trapers1 buy x1 §x§F§F§3§E§0§0§lD§x§F§F§3§6§0§0§le§x§F§F§2§F§0§0§lm§x§F§F§2§7§0§0§lo§x§F§F§1§F§0§0§ln §x§F§F§1§0§0§0§lL§x§F§F§0§8§0§0§lo§x§F§F§0§0§0§0§lr§x§F§F§0§9§0§0§ld §x§F§F§1§B§0§0§lS§x§F§F§2§3§0§0§lt§x§F§F§2§C§0§0§la§x§F§F§3§5§0§0§lf§x§F§F§3§E§0§0§lf to Icon_Skully for $100,000.
[12:58:38] > Trapers1 remove x1 §x§F§F§3§E§0§0§lD§x§F§F§3§6§0§0§le§x§F§F§2§F§0§0§lm§x§F§F§2§7§0§0§lo§x§F§F§1§F§0§0§ln §x§F§F§1§0§0§0§lL§x§F§F§0§8§0§0§lo§x§F§F§0§0§0§0§lr§x§F§F§0§9§0§0§ld §x§F§F§1§B§0§0§lS§x§F§F§2§3§0§0§lt§x§F§F§2§C§0§0§la§x§F§F§3§5§0§0§lf§x§F§F§3§E§0§0§lf from buy
[13:25:21] > auvicious buy x1 §f§l§x§F§C§D§0§5§CW§x§F§B§B§0§4§Eu§x§F§9§9§0§4§0k§x§F§8§7§0§3§2o§x§F§6§5§0§2§3n§x§F§5§3§0§1§5g§x§F§4§1§0§0§7 P§x§F§5§3§0§1§5i§x§F§6§5§0§2§3c§x§F§8§7§0§3§2k§x§F§9§9§0§4§0a§x§F§B§B§0§4§Ex§x§F§C§D§0§5§Ce to RizzaIck for $200,000.
[13:25:49] > Zypher_0w0 buy x1 §x§C§9§A§7§F§C§lL§x§B§D§A§E§F§6§le§x§B§1§B§4§F§0§lg§x§A§6§B§B§E§A§le§x§9§A§C§1§E§4§ln§x§8§E§C§8§D§D§ld§x§8§2§C§E§D§7§la§x§7§7§D§5§D§1§lr§x§6§B§D§B§C§B§ly §x§6§B§D§B§C§B§lC§x§7§7§D§5§D§1§lr§x§8§2§C§E§D§7§la§x§8§E§C§8§D§D§lt§x§9§A§C§1§E§4§le §x§B§1§B§4§F§0§lK§x§B§D§A§E§F§6§le§x§C§9§A§7§F§C§ly to .Allxnzv for $100,000.
[13:26:02] > Zypher_0w0 remove x1 §x§C§9§A§7§F§C§lL§x§B§D§A§E§F§6§le§x§B§1§B§4§F§0§lg§x§A§6§B§B§E§A§le§x§9§A§C§1§E§4§ln§x§8§E§C§8§D§D§ld§x§8§2§C§E§D§7§la§x§7§7§D§5§D§1§lr§x§6§B§D§B§C§B§ly §x§6§B§D§B§C§B§lC§x§7§7§D§5§D§1§lr§x§8§2§C§E§D§7§la§x§8§E§C§8§D§D§lt§x§9§A§C§1§E§4§le §x§B§1§B§4§F§0§lK§x§B§D§A§E§F§6§le§x§C§9§A§7§F§C§ly form buy
[13:26:02] > Zypher_0w0 remove x1 §x§F§F§5§5§0§0§lsᴇʟʟᴡᴀɴᴅ §6- 5.0x form buy
[13:26:02] > Zypher_0w0 remove x1 §x§F§F§5§5§0§0§lsᴇʟʟᴡᴀɴᴅ §6- 5.0x form buy
[13:26:02] > Zypher_0w0 remove x1 §x§F§F§5§5§0§0§lsᴇʟʟᴡᴀɴᴅ §6- 5.0x form buy
[13:34:45] > alecczzz added x1 §f§l§8B§x§5§F§5§F§5§Fa§x§6§9§6§9§6§9h§x§7§3§7§3§7§3a§x§7§D§7§D§7§Dm§x§8§7§8§7§8§7u§x§9§1§9§1§9§1t§x§9§B§9§B§9§B §x§A§5§A§5§A§5Gr§x§9§B§9§B§9§Be§x§9§1§9§1§9§1a§x§8§7§8§7§8§7t§x§7§D§7§D§7§Ds§x§7§3§7§3§7§3w§x§6§9§6§9§6§9o§x§5§F§5§F§5§Fr§8d in auction for 2300000.
[13:59:41] > EnderDragon0120 buy x1 Enchanted book to AxoLittle for $5,000.
[14:04:01] > EnderDragon0120 added x1 §x§E§5§1§B§1§B§lDracula Leggings in auction for 150000.
[14:08:38] > namerikangel added x1 TRIMS in auction for 5000000.
[14:11:41] > 8it5inn remove x1 §x§F§F§5§5§0§0§lsᴇʟʟᴡᴀɴᴅ §6- 20.0x from storage
[14:11:51] > 8it5inn added x1 §x§F§F§5§5§0§0§lsᴇʟʟᴡᴀɴᴅ §6- 20.0x in auction for 2700000.
[14:12:31] > 8it5inn remove x1 §x§F§F§5§5§0§0§lsᴇʟʟᴡᴀɴᴅ §6- 20.0x from storage
[14:12:37] > 8it5inn added x1 §x§F§F§5§5§0§0§lsᴇʟʟᴡᴀɴᴅ §6- 20.0x in auction for 3000000.
[14:18:33] > Fogstrap buy x1 §x§E§5§1§B§1§B§lDracula Leggings to EnderDragon0120 for $150,000.
[14:21:26] > Bleh added x1 §x§F§F§5§5§0§0§lsᴇʟʟᴡᴀɴᴅ §6- 5.0x in auction for 800000.
[14:22:12] > Fogstrap remove x1 §x§E§5§1§B§1§B§lDracula Leggings from buy
[14:29:15] > nachfaust remove x64 Wind charge from storage
[14:29:26] > nachfaust added x1 Diamond boots in auction for 30000.
[14:29:40] > nachfaust added x1 Diamond boots in auction for 30000.
[14:30:24] > Kyle buy x1 Diamond boots to nachfaust for $30,000.
[14:39:09] > Kyle remove x1 Diamond boots from buy
[14:39:43] > ZachIsImmortal buy x1 Diamond boots to nachfaust for $30,000.
[14:40:34] > ZachIsImmortal remove x1 Diamond boots from buy
[14:41:21] > SonyAstro added x1 Enchanted book in auction for 100000.
[14:57:10] > Frog_Frince buy x2 §x§F§F§3§E§0§0§lD§x§F§F§3§7§0§0§le§x§F§F§3§0§0§0§lm§x§F§F§2§9§0§0§lo§x§F§F§2§2§0§0§ln §x§F§F§1§5§0§0§lL§x§F§F§0§E§0§0§lo§x§F§F§0§7§0§0§lr§x§F§F§0§0§0§0§ld §x§F§F§0§E§0§0§lF§x§F§F§1§5§0§0§lr§x§F§F§1§C§0§0§la§x§F§F§2§2§0§0§lg§x§F§F§2§9§0§0§lm§x§F§F§3§0§0§0§le§x§F§F§3§7§0§0§ln§x§F§F§3§E§0§0§lt to HPMR_GaMerz for $300,000.
[14:57:28] > Frog_Frince remove x2 §x§F§F§3§E§0§0§lD§x§F§F§3§7§0§0§le§x§F§F§3§0§0§0§lm§x§F§F§2§9§0§0§lo§x§F§F§2§2§0§0§ln §x§F§F§1§5§0§0§lL§x§F§F§0§E§0§0§lo§x§F§F§0§7§0§0§lr§x§F§F§0§0§0§0§ld §x§F§F§0§E§0§0§lF§x§F§F§1§5§0§0§lr§x§F§F§1§C§0§0§la§x§F§F§2§2§0§0§lg§x§F§F§2§9§0§0§lm§x§F§F§3§0§0§0§le§x§F§F§3§7§0§0§ln§x§F§F§3§E§0§0§lt from buy
[14:59:56] > khenjieMC added x1 §fAdventure Hat in auction for 250000.
[15:00:13] > zyronixth buy x16 Ender pearl to .JakeTheMiner457 for $150.
[15:04:14] > khenjieMC added x1 §x§F§F§7§C§0§0§lSteamsparks Hoe in auction for 200000.
[15:04:28] > khenjieMC added x5 §x§F§C§D§0§5§C§lB§x§E§6§D§3§6§B§la§x§C§F§D§5§7§A§ls§x§B§9§D§8§8§9§li§x§A§2§D§A§9§8§lc §x§7§5§D§F§B§6§lC§x§5§F§E§2§C§5§lr§x§7§5§D§F§B§6§la§x§8§C§D§D§A§7§lt§x§A§2§D§A§9§8§le §x§C§F§D§5§7§A§lK§x§E§6§D§3§6§B§le§x§F§C§D§0§5§C§ly in auction for 200000.
[15:04:40] > khenjieMC added x10 §x§F§C§9§0§5§C§lE§x§E§6§9§C§6§B§lp§x§C§F§A§7§7§A§li§x§B§9§B§3§8§9§lc §x§8§C§C§B§A§7§lC§x§7§5§D§6§B§6§lr§x§5§F§E§2§C§5§la§x§7§9§D§4§B§4§lt§x§9§3§C§7§A§2§le §x§C§8§A§B§7§F§lK§x§E§2§9§E§6§E§le§x§F§C§9§0§5§C§ly in auction for 200000.
[15:24:17] > x1 §x§F§F§3§E§0§0§lD§x§F§F§3§6§0§0§le§x§F§F§2§F§0§0§lm§x§F§F§2§7§0§0§lo§x§F§F§1§F§0§0§ln §x§F§F§1§0§0§0§lL§x§F§F§0§8§0§0§lo§x§F§F§0§0§0§0§lr§x§F§F§0§8§0§0§ld §x§F§F§1§7§0§0§lS§x§F§F§1§F§0§0§li§x§F§F§2§7§0§0§lc§x§F§F§2§F§0§0§lk§x§F§F§3§6§0§0§ll§x§F§F§3§E§0§0§le, item of baba, has just expired, the item is definitively deleted.
[15:24:17] > x1 §fAdventure Hat, item of MochaFangs, has just expired, the item is definitively deleted.
[15:24:17] > x1 §fRaining Cloud Hat, item of MochaFangs, has just expired, the item is definitively deleted.
[15:24:17] > x3 Flow armor trim smithing template, item of ameeelia, has just expired, the item is definitively deleted.
[15:30:12] > .JakeTheMiner457 added x1 Shulker box in auction for 170000.
[15:34:08] > Johng10910 added x1 §f§bEnder Dragon Plushie §6(#32/101) in auction for 100000.
[15:34:20] > Icon_Skully buy x1 §f§bEnder Dragon Plushie §6(#32/101) to Johng10910 for $100,000.
[15:34:30] > Johng10910 added x1 §fDolphin Plushie §6(#28/101) in auction for 100000.
[15:34:38] > mae buy x1 §fDolphin Plushie §6(#28/101) to Johng10910 for $100,000.
[15:35:03] > x1 Enchanted book, bought by AxoLittle, has just expired, the item is definitively deleted.
[15:35:03] > x1 Enchanted book, bought by AxoLittle, has just expired, the item is definitively deleted.
[15:35:05] > Icon_Skully remove x1 §f§bEnder Dragon Plushie §6(#32/101) from buy
[15:35:31] > Johng10910 added x1 §fMagician Hat in auction for 50000.
[15:37:02] > Noir buy x1 §fMagician Hat to Johng10910 for $50,000.
[15:38:08] > Noir remove x1 §fMagician Hat from buy
[15:38:41] > Johng10910 added x1 §fAxolotl Plushie (Blue) §6(4/101) in auction for 150000.
[15:38:45] > 8it5inn buy x1 §fAxolotl Plushie (Blue) §6(4/101) to Johng10910 for $150,000.
[15:38:54] > 8it5inn remove x1 §fAxolotl Plushie (Blue) §6(4/101) from buy
[15:39:58] > mae remove x1 §fDolphin Plushie §6(#28/101) from buy
[15:39:59] > mae remove x1 §fPig Plushie §7(#63/101) from buy
[15:42:47] > .JakeTheMiner457 added x1 Enchanted book in auction for 3500.
[15:43:02] > .JakeTheMiner457 added x1 Enchanted book in auction for 3500.
[15:44:51] > InternetCafeUser added x1 Axolotl bucket in auction for 300000.
[15:45:02] > Johng10910 buy x1 Axolotl bucket to InternetCafeUser for $300,000.
[15:47:58] > SSinKin added x1 §fAxolotl Plushie §6(#3/101) in auction for 300000.
[15:48:04] > 8it5inn buy x1 §fAxolotl Plushie §6(#3/101) to SSinKin for $300,000.
[15:48:09] > Johng10910 remove x1 Axolotl bucket from buy
[15:48:09] > Johng10910 remove x1 Axolotl bucket from buy
[15:48:10] > 8it5inn remove x1 §fAxolotl Plushie §6(#3/101) from buy
[15:49:36] > SSinKin added x1 §fAxolotl Plushie (Gold) §6(#7/101) in auction for 200000.
[15:49:39] > mae added x1 §fAxolotl Plushie (Gold) §6(#7/101) in auction for 350000.
[15:49:43] > 8it5inn buy x1 §fAxolotl Plushie (Gold) §6(#7/101) to SSinKin for $200,000.
[15:49:52] > 8it5inn remove x1 §fAxolotl Plushie (Gold) §6(#7/101) from buy
[15:50:59] > InternetCafeUser added x1 Axolotl bucket in auction for 300000.
[15:51:20] > cart224 buy x1 Axolotl bucket to InternetCafeUser for $300,000.
[15:51:20] > Takeremu added x1 §fRabbit Plushie (White) §6(#75/101) in auction for 300000.
[15:51:30] > cart224 remove x1 Axolotl bucket from buy
[15:51:39] > Bleh remove x1 §x§F§F§5§5§0§0§lsᴇʟʟᴡᴀɴᴅ §6- 5.0x from storage
[15:51:45] > mae added x1 EXP BOTTLES in auction for 1000000.
[15:51:45] > Takeremu added x1 §fHorse Plushie (Gray) §6(#48/101) in auction for 100000.
[15:51:53] > Bleh added x1 §x§F§F§5§5§0§0§lsᴇʟʟᴡᴀɴᴅ §6- 5.0x in auction for 500000.
[15:52:32] > Takeremu added x36 §x§F§C§D§0§5§C§lB§x§E§6§D§3§6§B§la§x§C§F§D§5§7§A§ls§x§B§9§D§8§8§9§li§x§A§2§D§A§9§8§lc §x§7§5§D§F§B§6§lC§x§5§F§E§2§C§5§lr§x§7§5§D§F§B§6§la§x§8§C§D§D§A§7§lt§x§A§2§D§A§9§8§le §x§C§F§D§5§7§A§lK§x§E§6§D§3§6§B§le§x§F§C§D§0§5§C§ly in auction for 360000.
[15:53:40] > Takeremu added x46 §x§F§C§9§0§5§C§lE§x§E§6§9§C§6§B§lp§x§C§F§A§7§7§A§li§x§B§9§B§3§8§9§lc §x§8§C§C§B§A§7§lC§x§7§5§D§6§B§6§lr§x§5§F§E§2§C§5§la§x§7§9§D§4§B§4§lt§x§9§3§C§7§A§2§le §x§C§8§A§B§7§F§lK§x§E§2§9§E§6§E§le§x§F§C§9§0§5§C§ly in auction for 1840000.
[15:57:01] > 8it5inn remove x1 §x§F§F§5§5§0§0§lsᴇʟʟᴡᴀɴᴅ §6- 10.0x from storage
[15:57:02] > 8it5inn remove x1 §x§F§F§5§5§0§0§lsᴇʟʟᴡᴀɴᴅ §6- 20.0x from storage
[15:57:14] > 8it5inn added x1 §x§F§F§5§5§0§0§lsᴇʟʟᴡᴀɴᴅ §6- 10.0x in auction for 1250000.
[15:57:27] > 8it5inn added x1 §x§F§F§5§5§0§0§lsᴇʟʟᴡᴀɴᴅ §6- 20.0x in auction for 2650000.
[15:58:16] > bedrock_enjoy3r buy x1 §x§F§F§5§5§0§0§lsᴇʟʟᴡᴀɴᴅ §6- 20.0x to 8it5inn for $2,650,000.
[15:59:23] > Takeremu added x2 §bEntropy Crystal §8(§310,000§8) in auction for 200000.
[16:00:57] > monggol buy x2 §bEntropy Crystal §8(§310,000§8) to Takeremu for $200,000.
[16:01:24] > monggol remove x2 §bEntropy Crystal §8(§310,000§8) from buy
[16:06:15] > Zypher_0w0 added x16 Ender pearl in auction for 200.
[16:06:47] > EnderDragon0120 buy x1 §x§F§F§3§E§0§0§lD§x§F§F§3§8§0§0§le§x§F§F§3§2§0§0§lm§x§F§F§2§B§0§0§lo§x§F§F§2§5§0§0§ln §x§F§F§1§9§0§0§lL§x§F§F§1§3§0§0§lo§x§F§F§0§C§0§0§lr§x§F§F§0§6§0§0§ld §x§F§F§0§7§0§0§lC§x§F§F§0§E§0§0§lh§x§F§F§1§5§0§0§le§x§F§F§1§C§0§0§ls§x§F§F§2§2§0§0§lp§x§F§F§2§9§0§0§ll§x§F§F§3§0§0§0§la§x§F§F§3§7§0§0§lt§x§F§F§3§E§0§0§le to _BAAM for $1,500,000.
[16:06:56] > x1 §x§5§C§C§F§F§C§lC§x§5§C§D§1§F§5§lo§x§5§D§D§4§E§E§ls§x§5§D§D§6§E§7§lm§x§5§E§D§9§E§1§le§x§5§E§D§B§D§A§lt§x§5§E§D§D§D§3§li§x§5§F§E§0§C§C§lc §x§5§F§E§0§C§C§lH§x§5§E§D§D§D§3§la§x§5§E§D§B§D§A§lt§x§5§E§D§9§E§1§ls §x§5§D§D§4§E§E§lK§x§5§C§D§1§F§5§le§x§5§C§C§F§F§C§ly, bought by DanRaiv, has just expired, the item is definitively deleted.
[16:07:01] > EnderDragon0120 remove x1 §x§F§F§3§E§0§0§lD§x§F§F§3§8§0§0§le§x§F§F§3§2§0§0§lm§x§F§F§2§B§0§0§lo§x§F§F§2§5§0§0§ln §x§F§F§1§9§0§0§lL§x§F§F§1§3§0§0§lo§x§F§F§0§C§0§0§lr§x§F§F§0§6§0§0§ld §x§F§F§0§7§0§0§lC§x§F§F§0§E§0§0§lh§x§F§F§1§5§0§0§le§x§F§F§1§C§0§0§ls§x§F§F§2§2§0§0§lp§x§F§F§2§9§0§0§ll§x§F§F§3§0§0§0§la§x§F§F§3§7§0§0§lt§x§F§F§3§E§0§0§le from buy
[16:07:01] > EnderDragon0120 remove x1 Enchanted book from buy
[16:07:02] > EnderDragon0120 remove x1 §x§F§F§7§C§0§0§lSteamsparks Sword from buy
[16:08:03] > mae remove x1 EXP BOTTLES from storage
[16:08:15] > mae added x1 EXP BOTTLES in auction for 500000.
[16:08:41] > mae remove x1 EXP BOTTLES from storage
[16:08:49] > .Marcusflep4 added x1 Coast armor trim smithing template in auction for 50000.
[16:09:02] > mae added x64 Experience bottle in auction for 200000.
[16:09:08] > Zypher_0w0 remove x16 Ender pearl from storage
[16:09:21] > mae added x64 Experience bottle in auction for 150000.
[16:09:34] > Zypher_0w0 added x16 Ender eye in auction for 200.
[16:09:36] > mae added x64 Experience bottle in auction for 200000.
[16:09:50] > .JakeTheMiner457 buy x16 Ender eye to Zypher_0w0 for $200.
[16:17:25] > Palietass added x1 /Pwarp Go BonesValley ! in auction for 9999999999.
[16:19:04] > Icon_Skully remove x1 §f§l§x§F§C§D§0§5§CW§x§F§A§A§2§4§8u§x§F§8§7§4§3§3k§x§F§6§4§5§1§Fo§x§F§4§1§7§0§Ang§x§F§6§4§5§1§F §x§F§8§7§4§3§3H§x§F§A§A§2§4§8a§x§F§C§D§0§5§Ct from storage
[16:27:57] > x64 Wind charge, item of butchtaylor, has just expired, the item is definitively deleted.
[16:33:43] > Lumpy added x1 Diamond pickaxe in auction for 1000.
[16:34:00] > .DairyParty8521 buy x1 Diamond pickaxe to Lumpy for $1,000.
[16:34:19] > .DairyParty8521 remove x1 Diamond pickaxe from buy
[16:36:08] > x1 §f§l§8B§x§6§4§6§4§6§4a§x§7§4§7§4§7§4h§x§8§3§8§3§8§3a§x§9§3§9§3§9§3m§x§A§2§A§2§A§2ut§x§9§3§9§3§9§3 §x§8§3§8§3§8§3M§x§7§4§7§4§7§4a§x§6§4§6§4§6§4c§8e on sale by BlackKnight has just expired, it goes in the inventory of expired items.
[16:40:03] > MrGh0st1y added x1 §x§F§F§7§C§0§0§lSteamsparks Axe in auction for 20000.
[16:40:10] > EnderDragon0120 buy x1 §x§F§F§7§C§0§0§lSteamsparks Axe to MrGh0st1y for $20,000.
[16:40:24] > .JakeTheMiner457 remove x1 Shulker box from storage
[16:40:36] > COSA_Shoyo buy x64 Firework rocket to .AyakoKoru for $25,000.
[16:40:42] > COSA_Shoyo buy x64 Firework rocket to .AyakoKoru for $25,000.
[16:40:45] > .JakeTheMiner457 remove x1 Shulker box from expire
[16:40:47] > .JakeTheMiner457 remove x1 Coast armor trim smithing template form expire
[16:40:47] > .JakeTheMiner457 remove x3 Netherite upgrade smithing template form expire
[16:40:47] > .JakeTheMiner457 remove x1 Flow armor trim smithing template form expire
[16:40:49] > x1 §x§F§F§3§E§0§0§lD§x§F§F§3§6§0§0§le§x§F§F§2§F§0§0§lm§x§F§F§2§7§0§0§lo§x§F§F§1§F§0§0§ln §x§F§F§1§0§0§0§lL§x§F§F§0§8§0§0§lo§x§F§F§0§0§0§0§lr§x§F§F§0§8§0§0§ld §x§F§F§1§7§0§0§lH§x§F§F§1§F§0§0§le§x§F§F§2§7§0§0§ll§x§F§F§2§F§0§0§lm§x§F§F§3§6§0§0§le§x§F§F§3§E§0§0§lt, bought by ParkNaru, has just expired, the item is definitively deleted.
[16:40:50] > COSA_Shoyo remove x64 Firework rocket from buy
[16:40:50] > COSA_Shoyo remove x64 Firework rocket from buy
[16:41:04] > COSA_Shoyo buy x64 Experience bottle to mae for $200,000.
[16:41:08] > .JakeTheMiner457 added x1 Shulker box in auction for 165000.
[16:41:12] > COSA_Shoyo buy x64 Experience bottle to mae for $150,000.
[16:41:16] > COSA_Shoyo remove x64 Experience bottle from buy
[16:41:17] > COSA_Shoyo remove x64 Experience bottle from buy
[16:42:13] > micailatot added x1 Forgive me.. in auction for 5000.
[16:42:25] > KEITHTHEPRO remove x6 §x§F§F§3§E§0§0§lD§x§F§F§3§7§0§0§le§x§F§F§3§0§0§0§lm§x§F§F§2§9§0§0§lo§x§F§F§2§2§0§0§ln §x§F§F§1§5§0§0§lL§x§F§F§0§E§0§0§lo§x§F§F§0§7§0§0§lr§x§F§F§0§0§0§0§ld §x§F§F§0§E§0§0§lF§x§F§F§1§5§0§0§lr§x§F§F§1§C§0§0§la§x§F§F§2§2§0§0§lg§x§F§F§2§9§0§0§lm§x§F§F§3§0§0§0§le§x§F§F§3§7§0§0§ln§x§F§F§3§E§0§0§lt from buy
[16:43:12] > x1 §f§l§8B§x§6§3§6§3§6§3a§x§7§1§7§1§7§1h§x§8§0§8§0§8§0a§x§8§E§8§E§8§Em§x§9§C§9§C§9§Cu§7t§x§9§C§9§C§9§C §x§8§E§8§E§8§EB§x§8§0§8§0§8§0o§x§7§1§7§1§7§1o§x§6§3§6§3§6§3t§8s on sale by BlackKnight has just expired, it goes in the inventory of expired items.
[16:43:12] > .JakeTheMiner457 added x1 Coast armor trim smithing template in auction for 70000.
[16:43:30] > Takeremu buy x1 Coast armor trim smithing template to .JakeTheMiner457 for $70,000.
[16:43:31] > .JakeTheMiner457 added x1 Flow armor trim smithing template in auction for 70000.
[16:43:47] > .DairyParty8521 buy x1 Flow armor trim smithing template to .JakeTheMiner457 for $70,000.
[16:44:02] > .JakeTheMiner457 added x3 Netherite upgrade smithing template in auction for 150000.
[16:45:03] > Takeremu added x1 Anvil in auction for 10.
[16:45:18] > Applegod9 buy x1 Anvil to Takeremu for $10.
[16:48:41] > Abbadex buy x1 §x§F§F§5§5§0§0§lsᴇʟʟᴡᴀɴᴅ §6- 5.0x to Bleh for $500,000.
[16:48:52] > Abbadex buy x1 §x§F§F§5§5§0§0§lsᴇʟʟᴡᴀɴᴅ §6- 10.0x to 8it5inn for $1,250,000.
[16:53:30] > mae remove x1 §x§F§F§5§5§0§0§lsᴇʟʟᴡᴀɴᴅ §6- 5.0x from storage
[16:53:43] > mae remove x64 Experience bottle from storage
[16:53:55] > mae added x64 Experience bottle in auction for 150000.
[16:54:10] > .DairyParty8521 buy x64 Experience bottle to mae for $150,000.
[16:54:37] > .DairyParty8521 remove x64 Experience bottle from buy
[16:56:13] > mae added x64 Experience bottle in auction for 150000.
[16:56:17] > Zypher_0w0 added x1 TotemBox in auction for 135000.
[16:56:28] > mae added x64 Experience bottle in auction for 150000.
[16:56:44] > mae added x64 Experience bottle in auction for 150000.
[16:56:59] > mae added x64 Experience bottle in auction for 150000.
[16:57:11] > mae added x64 Experience bottle in auction for 150000.
[16:57:52] > mae added x64 Experience bottle in auction for 150000.
[16:58:01] > mae remove x1 §x§5§9§A§1§D§9§lA§x§7§1§A§E§D§Er§x§8§8§B§C§E§4c§x§A§0§C§9§E§9h§x§B§8§D§7§E§Fa§x§D§0§E§4§F§4n§x§E§7§F§2§F§Ag§fe§x§E§7§F§2§F§Al §x§B§8§D§7§E§FS§x§A§0§C§9§E§9w§x§8§8§B§C§E§4o§x§7§1§A§E§D§Er§x§5§9§A§1§D§9d from storage
[16:58:10] > mae added x1 §x§5§9§A§1§D§9§lA§x§7§1§A§E§D§Er§x§8§8§B§C§E§4c§x§A§0§C§9§E§9h§x§B§8§D§7§E§Fa§x§D§0§E§4§F§4n§x§E§7§F§2§F§Ag§fe§x§E§7§F§2§F§Al §x§B§8§D§7§E§FS§x§A§0§C§9§E§9w§x§8§8§B§C§E§4o§x§7§1§A§E§D§Er§x§5§9§A§1§D§9d in auction for 1500000.
[16:58:40] > mae added x64 Experience bottle in auction for 130000.
[17:00:23] > Icon_Skully added x1 §f§l§8B§x§6§2§6§2§6§2a§x§6§F§6§F§6§Fh§x§7§C§7§C§7§Ca§x§8§9§8§9§8§9m§x§9§6§9§6§9§6u§x§A§3§A§3§A§3t §x§9§6§9§6§9§6D§x§8§9§8§9§8§9a§x§7§C§7§C§7§Cg§x§6§F§6§F§6§Fg§x§6§2§6§2§6§2e§8r in auction for 750000.
[17:01:46] > Kodakoda added x1 Enchanted book in auction for 250000.
[17:02:03] > InternetCafeUser buy x1 Totem of undying to .AyakoKoru for $40,000.
[17:02:09] > InternetCafeUser buy x1 Totem of undying to .AyakoKoru for $40,000.
[17:02:22] > InternetCafeUser buy x1 Totem of undying to .AyakoKoru for $40,000.
[17:02:32] > InternetCafeUser remove x1 Totem of undying from buy
[17:02:32] > InternetCafeUser remove x1 Totem of undying from buy
[17:02:33] > InternetCafeUser remove x1 Totem of undying from buy
[17:08:58] > Julene added x1 §x§F§F§3§E§0§0§lSellwand Voucher in auction for 250000.
[17:09:06] > YchannR buy x1 §x§F§F§3§E§0§0§lSellwand Voucher to Julene for $250,000.
[17:09:32] > Sthine8 added x1 §x§F§F§5§5§0§0§lsᴇʟʟᴡᴀɴᴅ §6- 5.0x in auction for 800000.
[17:09:39] > ThatMidnight remove x1 §x§F§F§5§5§0§0§lsᴇʟʟᴡᴀɴᴅ §6- 5.0x from storage
[17:09:41] > Kodakoda added x1 §x§F§F§5§5§0§0§lsᴇʟʟᴡᴀɴᴅ §6- 5.0x in auction for 350000.
[17:09:43] > x1 CHECK BLAZE EXP FARM, item of r1h4d3ss, has just expired, the item is definitively deleted.
[17:09:47] > ThatMidnight remove x1 §x§F§F§5§5§0§0§lsᴇʟʟᴡᴀɴᴅ §6- 5.0x from expire
[17:09:49] > YchannR buy x1 §x§F§F§5§5§0§0§lsᴇʟʟᴡᴀɴᴅ §6- 5.0x to Kodakoda for $350,000.
[17:09:52] > ThatMidnight buy x1 §x§F§F§5§5§0§0§lsᴇʟʟᴡᴀɴᴅ §6- 5.0x to Sthine8 for $800,000.
[17:09:56] > Kaynn added x1 §x§F§F§5§5§0§0§lsᴇʟʟᴡᴀɴᴅ §6- 5.0x in auction for 700000.
[17:10:00] > RizzaIck added x1 §x§F§F§5§5§0§0§lsᴇʟʟᴡᴀɴᴅ §6- 5.0x in auction for 500000.
[17:10:20] > Kaynn added x1 §x§F§F§5§5§0§0§lsᴇʟʟᴡᴀɴᴅ §6- 5.0x in auction for 7000000.
[17:10:36] > Kaynn remove x1 §x§F§F§5§5§0§0§lsᴇʟʟᴡᴀɴᴅ §6- 5.0x from storage
[17:10:38] > x1 §x§F§F§7§C§0§0§lSteamsparks Hammer, bought by lolxxvihan, has just expired, the item is definitively deleted.
[17:10:39] > Kaynn remove x1 §x§F§E§B§E§C§A§lSeason 3 Celebration Cake <3 form storage
[17:10:39] > Kaynn remove x1 §x§F§F§5§5§0§0§lsᴇʟʟᴡᴀɴᴅ §6- 5.0x form storage
[17:11:00] > Kaynn added x1 §x§F§F§5§5§0§0§lsᴇʟʟᴡᴀɴᴅ §6- 5.0x in auction for 500000.
[17:11:12] > Kaynn added x1 §x§F§F§5§5§0§0§lsᴇʟʟᴡᴀɴᴅ §6- 5.0x in auction for 600000.
[17:11:35] > Sthine8 buy x1 §x§F§F§5§5§0§0§lsᴇʟʟᴡᴀɴᴅ §6- 5.0x to RizzaIck for $500,000.
[17:11:37] > Keeos added x1 §x§5§C§C§F§F§C§lC§x§5§C§D§1§F§5§lo§x§5§D§D§4§E§E§ls§x§5§D§D§6§E§7§lm§x§5§E§D§9§E§1§le§x§5§E§D§B§D§A§lt§x§5§E§D§D§D§3§li§x§5§F§E§0§C§C§lc §x§5§F§E§0§C§C§lH§x§5§E§D§D§D§3§la§x§5§E§D§B§D§A§lt§x§5§E§D§9§E§1§ls §x§5§D§D§4§E§E§lK§x§5§C§D§1§F§5§le§x§5§C§C§F§F§C§ly in auction for 50000.
[17:11:45] > Sthine8 remove x1 §x§F§F§5§5§0§0§lsᴇʟʟᴡᴀɴᴅ §6- 5.0x from buy
[17:12:03] > Sthine8 added x1 §x§F§F§5§5§0§0§lsᴇʟʟᴡᴀɴᴅ §6- 5.0x in auction for 800000.
[17:12:14] > Renzy01 added x1 §x§F§F§3§E§0§0§lSellwand Voucher in auction for 500000.
[17:13:43] > Sthine8 buy x3 Netherite upgrade smithing template to .JakeTheMiner457 for $150,000.
[17:13:48] > Sthine8 remove x3 Netherite upgrade smithing template from buy
[17:16:13] > .JakeTheMiner457 remove x16 Ender eye from buy
[17:17:10] > Icon_Skully remove x1 §f§l§8B§x§6§2§6§2§6§2a§x§6§F§6§F§6§Fh§x§7§C§7§C§7§Ca§x§8§9§8§9§8§9m§x§9§6§9§6§9§6u§x§A§3§A§3§A§3t §x§9§6§9§6§9§6D§x§8§9§8§9§8§9a§x§7§C§7§C§7§Cg§x§6§F§6§F§6§Fg§x§6§2§6§2§6§2e§8r from storage
[17:17:13] > Kodakoda added x64 Book in auction for 50000.
[17:17:38] > Icon_Skully remove x1 §f§l§8B§x§6§2§6§2§6§2a§x§6§F§6§F§6§Fh§x§7§C§7§C§7§Ca§x§8§9§8§9§8§9m§x§9§6§9§6§9§6u§x§A§3§A§3§A§3t §x§9§6§9§6§9§6D§x§8§9§8§9§8§9a§x§7§C§7§C§7§Cg§x§6§F§6§F§6§Fg§x§6§2§6§2§6§2e§8r from expire
[17:18:35] > Abbadex remove x1 §x§F§F§5§5§0§0§lsᴇʟʟᴡᴀɴᴅ §6- 10.0x from buy
[17:18:35] > Abbadex remove x1 §x§F§F§5§5§0§0§lsᴇʟʟᴡᴀɴᴅ §6- 5.0x from buy
[17:19:58] > MrZyrus7228 buy x1 §x§F§F§5§5§0§0§lsᴇʟʟᴡᴀɴᴅ §6- 5.0x to Kaynn for $500,000.
[17:20:00] > MrZyrus7228 buy x1 §x§F§F§3§E§0§0§lSellwand Voucher to Renzy01 for $500,000.
[17:20:06] > MrZyrus7228 remove x1 §x§F§F§3§E§0§0§lSellwand Voucher from buy
[17:20:06] > MrZyrus7228 remove x1 §x§F§F§5§5§0§0§lsᴇʟʟᴡᴀɴᴅ §6- 5.0x from buy
[17:20:21] > Kyle added x1 §x§F§F§5§5§0§0§lsᴇʟʟᴡᴀɴᴅ §6- 5.0x in auction for 500000.
[17:20:52] > MrZyrus7228 buy x1 §x§F§F§5§5§0§0§lsᴇʟʟᴡᴀɴᴅ §6- 5.0x to Kyle for $500,000.
[17:20:58] > MrZyrus7228 remove x1 §x§F§F§5§5§0§0§lsᴇʟʟᴡᴀɴᴅ §6- 5.0x from buy
[17:22:48] > Enyara added x1 §x§F§F§5§5§0§0§lsᴇʟʟᴡᴀɴᴅ §6- 10.0x in auction for 800000.
[17:22:55] > Abbadex buy x1 §x§F§F§5§5§0§0§lsᴇʟʟᴡᴀɴᴅ §6- 10.0x to Enyara for $800,000.
[17:23:02] > Abbadex buy x1 §x§F§F§5§5§0§0§lsᴇʟʟᴡᴀɴᴅ §6- 5.0x to Kaynn for $600,000.
[17:23:07] > Abbadex remove x1 §x§F§F§5§5§0§0§lsᴇʟʟᴡᴀɴᴅ §6- 5.0x from buy
[17:23:07] > Abbadex remove x1 §x§F§F§5§5§0§0§lsᴇʟʟᴡᴀɴᴅ §6- 10.0x from buy
[17:24:01] > Kyle buy x1 §x§F§F§7§C§0§0§lSteamsparks Battle Axe to EnderDragon0120 for $300,000.
[17:24:22] > Kyle remove x1 §x§F§F§7§C§0§0§lSteamsparks Battle Axe from buy
[17:24:28] > YchannR remove x1 §x§F§F§3§E§0§0§lSellwand Voucher from buy
[17:24:29] > YchannR remove x1 §x§F§F§5§5§0§0§lsᴇʟʟᴡᴀɴᴅ §6- 5.0x from buy
[17:25:22] > NewDude10 buy x1 Enchanted book to .JakeTheMiner457 for $3,500.
[17:25:30] > NewDude10 buy x1 Enchanted book to .JakeTheMiner457 for $3,500.
[17:28:05] > Kyle added x1 Light weighted pressure plate in auction for 100000.
[17:29:36] > Kodakoda added x1 Enchanted book in auction for 100000.
[17:30:23] > .JakeTheMiner457 added x3 Netherite upgrade smithing template in auction for 270000.
[17:31:49] > .JakeTheMiner457 remove x1 Shulker box from storage
[17:31:56] > .JakeTheMiner457 remove x3 Netherite upgrade smithing template from storage
[17:32:16] > .JakeTheMiner457 remove x1 Shulker box form expire
[17:32:16] > .JakeTheMiner457 remove x3 Netherite upgrade smithing template form expire
[17:32:40] > .JakeTheMiner457 added x1 Shulker box in auction for 160000.
[17:32:53] > MrZyrus7228 buy x1 Shulker box to .JakeTheMiner457 for $160,000.
[17:33:04] > MrZyrus7228 remove x1 Shulker box form buy
[17:33:41] > .JakeTheMiner457 added x3 Netherite upgrade smithing template in auction for 250000.
[17:38:45] > lthohijfi2014 added x1 Enchanted book in auction for 10000000.
[17:39:29] > mae remove x1 §x§5§9§A§1§D§9§lA§x§7§1§A§E§D§Er§x§8§8§B§C§E§4c§x§A§0§C§9§E§9h§x§B§8§D§7§E§Fa§x§D§0§E§4§F§4n§x§E§7§F§2§F§Ag§fe§x§E§7§F§2§F§Al §x§B§8§D§7§E§FS§x§A§0§C§9§E§9w§x§8§8§B§C§E§4o§x§7§1§A§E§D§Er§x§5§9§A§1§D§9d from storage
[17:39:40] > mae added x1 §x§5§9§A§1§D§9§lA§x§7§1§A§E§D§Er§x§8§8§B§C§E§4c§x§A§0§C§9§E§9h§x§B§8§D§7§E§Fa§x§D§0§E§4§F§4n§x§E§7§F§2§F§Ag§fe§x§E§7§F§2§F§Al §x§B§8§D§7§E§FS§x§A§0§C§9§E§9w§x§8§8§B§C§E§4o§x§7§1§A§E§D§Er§x§5§9§A§1§D§9d in auction for 1000000.
[17:41:52] > .JakeTheMiner457 remove x3 Netherite upgrade smithing template from storage
[17:42:01] > x1 Totem of undying, item of butchtaylor, has just expired, the item is definitively deleted.
[17:42:04] > .JakeTheMiner457 remove x3 Netherite upgrade smithing template from expire
[17:42:25] > .JakeTheMiner457 added x3 Netherite upgrade smithing template in auction for 240000.
[17:46:59] > Icon_Skully added x1 §x§E§5§1§B§1§B§lDracula Sword in auction for 100000.
[17:47:10] > Icon_Skully added x1 §x§E§5§1§B§1§B§lDracula Staff in auction for 100000.
[17:47:23] > Icon_Skully added x1 §x§E§5§1§B§1§B§lDracula Sickle in auction for 100000.
[17:47:35] > Icon_Skully added x1 §x§E§5§1§B§1§B§lDracula Shovel in auction for 50000.
[17:47:49] > lthohijfi2014 added x1 Enchanted book in auction for 1000000.
[17:48:32] > RebornKimmy buy x1 Enchanted book to Kodakoda for $100,000.
[17:48:40] > Icon_Skully added x1 §x§E§5§1§B§1§B§lDracula Dagger in auction for 100000.
[17:48:46] > lthohijfi2014 added x1 Enchanted book in auction for 100000.
[17:49:01] > Icon_Skully added x1 §f§l§8B§x§6§2§6§2§6§2a§x§6§F§6§F§6§Fh§x§7§C§7§C§7§Ca§x§8§9§8§9§8§9m§x§9§6§9§6§9§6u§x§A§3§A§3§A§3t §x§9§6§9§6§9§6D§x§8§9§8§9§8§9a§x§7§C§7§C§7§Cg§x§6§F§6§F§6§Fg§x§6§2§6§2§6§2e§8r in auction for 350000.
[17:50:39] > mae added x64 Experience bottle in auction for 100000.
[17:51:15] > Kyle buy x64 Experience bottle to mae for $130,000.
[17:51:30] > mae added x64 Experience bottle in auction for 130000.
[17:51:32] > Kyle remove x64 Experience bottle from buy
[17:52:12] > nachfaust buy x1 §x§E§5§1§B§1§B§lDracula Sword to Icon_Skully for $100,000.
[17:52:48] > Icon_Skully added x1 §x§F§F§7§C§0§0§lSteamsparks Staff in auction for 100000.
[17:53:05] > RebornKimmy buy x1 Enchanted book to Kodakoda for $250,000.
[17:53:10] > RebornKimmy remove x1 Enchanted golden apple form buy
[17:53:10] > RebornKimmy remove x64 Golden apple form buy
[17:53:10] > RebornKimmy remove x2 Enchanted golden apple form buy
[17:53:10] > RebornKimmy remove x64 Golden apple form buy
[17:53:10] > RebornKimmy remove x1 Enchanted book form buy
[17:53:10] > RebornKimmy remove x1 Enchanted book form buy
[17:54:42] > Kodakoda added x1 Enchanted book in auction for 250000.
[17:54:47] > nachfaust added x64 Wind charge in auction for 100000.
[17:55:06] > nachfaust remove x1 §x§E§5§1§B§1§B§lDracula Sword from buy
[17:56:10] > blezzinglighto added x1 Enchanted book in auction for 200000.
[17:59:33] > nachfaust added x1 Diamond hoe in auction for 100000.
[18:00:08] > Kyle buy x64 Experience bottle to mae for $100,000.
[18:00:26] > Kyle remove x64 Experience bottle from buy
[18:02:19] > lthohijfi2014 added x1 Enchanted book in auction for 1000000.
[18:04:21] > Johng10910 buy x64 Wither skeleton skull to Zypher_0w0 for $320,000.
[18:05:10] > x1 §x§F§F§7§C§0§0§lSteamsparks Staff on sale by ELITEAtlas has just expired, it goes in the inventory of expired items.
[18:06:29] > .JakeTheMiner457 remove x3 Netherite upgrade smithing template from storage
[18:06:38] > .JakeTheMiner457 remove x3 Netherite upgrade smithing template from expire
[18:07:02] > .JakeTheMiner457 added x3 Netherite upgrade smithing template in auction for 240000.
[18:07:06] > Johng10910 remove x64 Wither skeleton skull from buy
[18:10:31] > Icon_Skully remove x1 §x§E§5§1§B§1§B§lDracula Staff form storage
[18:10:31] > Icon_Skully remove x1 §x§E§5§1§B§1§B§lDracula Sickle form storage
[18:10:31] > Icon_Skully remove x1 §x§E§5§1§B§1§B§lDracula Dagger form storage
[18:10:31] > Icon_Skully remove x1 §f§l§8B§x§6§2§6§2§6§2a§x§6§F§6§F§6§Fh§x§7§C§7§C§7§Ca§x§8§9§8§9§8§9m§x§9§6§9§6§9§6u§x§A§3§A§3§A§3t §x§9§6§9§6§9§6D§x§8§9§8§9§8§9a§x§7§C§7§C§7§Cg§x§6§F§6§F§6§Fg§x§6§2§6§2§6§2e§8r form storage
[18:10:31] > Icon_Skully remove x1 §x§F§F§7§C§0§0§lSteamsparks Staff form storage
[18:10:31] > Icon_Skully remove x1 §x§E§5§1§B§1§B§lDracula Shovel form storage
[18:14:06] > Icon_Skully added x1 §f§l§8B§x§6§2§6§2§6§2a§x§6§F§6§F§6§Fh§x§7§C§7§C§7§Ca§x§8§9§8§9§8§9m§x§9§6§9§6§9§6u§x§A§3§A§3§A§3t §x§9§6§9§6§9§6D§x§8§9§8§9§8§9a§x§7§C§7§C§7§Cg§x§6§F§6§F§6§Fg§x§6§2§6§2§6§2e§8r in auction for 250000.
[18:16:14] > Icon_Skully added x1 §x§E§5§1§B§1§B§lDracula Sickle in auction for 100000.
[18:16:41] > Icon_Skully added x1 §x§F§F§7§C§0§0§lSteamsparks Hammer in auction for 150000.
[18:16:53] > Icon_Skully added x1 §x§E§5§1§B§1§B§lDracula Dagger in auction for 100000.
[18:17:08] > Icon_Skully added x1 §x§F§F§7§C§0§0§lSteamsparks Staff in auction for 100000.
[18:18:44] > Kodakoda buy x1 §f§l§8B§x§6§2§6§2§6§2a§x§6§F§6§F§6§Fh§x§7§C§7§C§7§Ca§x§8§9§8§9§8§9m§x§9§6§9§6§9§6u§x§A§3§A§3§A§3t §x§9§6§9§6§9§6D§x§8§9§8§9§8§9a§x§7§C§7§C§7§Cg§x§6§F§6§F§6§Fg§x§6§2§6§2§6§2e§8r to Icon_Skully for $250,000.
[18:19:02] > Kodakoda remove x1 §f§l§8B§x§6§2§6§2§6§2a§x§6§F§6§F§6§Fh§x§7§C§7§C§7§Ca§x§8§9§8§9§8§9m§x§9§6§9§6§9§6u§x§A§3§A§3§A§3t §x§9§6§9§6§9§6D§x§8§9§8§9§8§9a§x§7§C§7§C§7§Cg§x§6§F§6§F§6§Fg§x§6§2§6§2§6§2e§8r form buy
[18:19:56] > .JakeTheMiner457 added x1 Music disc 13 in auction for 100000.
[18:21:12] > Johng10910 added x5 Nether star in auction for 250000.
[18:21:57] > Icon_Skully added x1 §x§E§5§1§B§1§B§lDracula Staff in auction for 100000.
[18:22:03] > HwanYo added x1 §x§F§F§7§C§0§0§lSteamsparks Shield in auction for 40000.
[18:22:11] > HPMR_GaMerz buy x64 Book to Kodakoda for $50,000.
[18:22:47] > johnowenz1 buy x1 §x§F§F§7§C§0§0§lSteamsparks Shield to HwanYo for $40,000.
[18:23:03] > HwanYo added x1 §f§l§x§8§A§0§0§F§FS§x§9§C§0§0§D§5h§x§A§D§0§0§A§Ai§x§B§F§0§0§8§0n§x§D§0§0§0§5§5e§x§E§2§0§0§2§B §x§F§3§0§0§0§0O§x§E§2§0§0§2§An§x§D§0§0§0§5§5i§x§B§F§0§0§8§0 §x§A§D§0§0§A§AB§x§9§C§0§0§D§5o§x§8§A§0§0§F§Fw in auction for 450000.
[18:23:17] > cart224 buy x1 §f§l§x§8§A§0§0§F§FS§x§9§C§0§0§D§5h§x§A§D§0§0§A§Ai§x§B§F§0§0§8§0n§x§D§0§0§0§5§5e§x§E§2§0§0§2§B §x§F§3§0§0§0§0O§x§E§2§0§0§2§An§x§D§0§0§0§5§5i§x§B§F§0§0§8§0 §x§A§D§0§0§A§AB§x§9§C§0§0§D§5o§x§8§A§0§0§F§Fw to HwanYo for $450,000.
[18:23:25] > cart224 remove x1 §f§l§x§8§A§0§0§F§FS§x§9§C§0§0§D§5h§x§A§D§0§0§A§Ai§x§B§F§0§0§8§0n§x§D§0§0§0§5§5e§x§E§2§0§0§2§B §x§F§3§0§0§0§0O§x§E§2§0§0§2§An§x§D§0§0§0§5§5i§x§B§F§0§0§8§0 §x§A§D§0§0§A§AB§x§9§C§0§0§D§5o§x§8§A§0§0§F§Fw from buy
[18:23:59] > .JakeTheMiner457 added x14 Snowball in auction for 200.
[18:26:09] > nachfaust remove x1 Enchanted book from storage
[18:26:11] > Icon_Skully added x1 §f§l§8B§x§5§E§5§E§5§Ea§x§6§8§6§8§6§8h§x§7§1§7§1§7§1a§x§7§B§7§B§7§Bm§x§8§4§8§4§8§4u§x§8§E§8§E§8§Et§x§9§7§9§7§9§7 §x§A§1§A§1§A§1F§7i§x§A§1§A§1§A§1s§x§9§7§9§7§9§7h§x§8§E§8§E§8§Ei§x§8§4§8§4§8§4n§x§7§B§7§B§7§Bg§x§7§1§7§1§7§1 §x§6§8§6§8§6§8R§x§5§E§5§E§5§Eo§8d in auction for 200000.
[18:26:21] > nachfaust added x1 Enchanted book in auction for 10000.
[18:26:29] > Dentatsu buy x1 §f§l§8B§x§5§E§5§E§5§Ea§x§6§8§6§8§6§8h§x§7§1§7§1§7§1a§x§7§B§7§B§7§Bm§x§8§4§8§4§8§4u§x§8§E§8§E§8§Et§x§9§7§9§7§9§7 §x§A§1§A§1§A§1F§7i§x§A§1§A§1§A§1s§x§9§7§9§7§9§7h§x§8§E§8§E§8§Ei§x§8§4§8§4§8§4n§x§7§B§7§B§7§Bg§x§7§1§7§1§7§1 §x§6§8§6§8§6§8R§x§5§E§5§E§5§Eo§8d to Icon_Skully for $200,000.
[18:26:38] > Dentatsu remove x1 §f§l§8B§x§6§1§6§1§6§1a§x§6§D§6§D§6§Dh§x§7§9§7§9§7§9a§x§8§6§8§6§8§6m§x§9§2§9§2§9§2u§x§9§E§9§E§9§Et§7 §x§9§E§9§E§9§EH§x§9§2§9§2§9§2a§x§8§6§8§6§8§6l§x§7§9§7§9§7§9b§x§6§D§6§D§6§De§x§6§1§6§1§6§1r§8d from buy
[18:26:39] > Dentatsu remove x1 §f§l§8B§x§5§E§5§E§5§Ea§x§6§8§6§8§6§8h§x§7§1§7§1§7§1a§x§7§B§7§B§7§Bm§x§8§4§8§4§8§4u§x§8§E§8§E§8§Et§x§9§7§9§7§9§7 §x§A§1§A§1§A§1F§7i§x§A§1§A§1§A§1s§x§9§7§9§7§9§7h§x§8§E§8§E§8§Ei§x§8§4§8§4§8§4n§x§7§B§7§B§7§Bg§x§7§1§7§1§7§1 §x§6§8§6§8§6§8R§x§5§E§5§E§5§Eo§8d from buy
[18:26:40] > BlackKnight remove x1 §f§l§8B§x§6§3§6§3§6§3a§x§7§1§7§1§7§1h§x§8§0§8§0§8§0a§x§8§E§8§E§8§Em§x§9§C§9§C§9§Cu§7t§x§9§C§9§C§9§C §x§8§E§8§E§8§EB§x§8§0§8§0§8§0o§x§7§1§7§1§7§1o§x§6§3§6§3§6§3t§8s from expire
[18:26:40] > BlackKnight remove x1 §f§l§8B§x§6§4§6§4§6§4a§x§7§4§7§4§7§4h§x§8§3§8§3§8§3a§x§9§3§9§3§9§3m§x§A§2§A§2§A§2ut§x§9§3§9§3§9§3 §x§8§3§8§3§8§3M§x§7§4§7§4§7§4a§x§6§4§6§4§6§4c§8e from expire
[18:26:42] > BlackKnight remove x1 §f§l§8B§x§5§F§5§F§5§Fa§x§6§9§6§9§6§9h§x§7§3§7§3§7§3a§x§7§D§7§D§7§Dm§x§8§7§8§7§8§7u§x§9§1§9§1§9§1t§x§9§B§9§B§9§B §x§A§5§A§5§A§5Ch§x§9§B§9§B§9§Be§x§9§1§9§1§9§1s§x§8§7§8§7§8§7t§x§7§D§7§D§7§Dp§x§7§3§7§3§7§3l§x§6§9§6§9§6§9a§x§5§F§5§F§5§Ft§8e form storage
[18:26:42] > BlackKnight remove x1 §f§l§8B§x§6§1§6§1§6§1a§x§6§D§6§D§6§Dh§x§7§9§7§9§7§9a§x§8§6§8§6§8§6m§x§9§2§9§2§9§2u§x§9§E§9§E§9§Et§7 §x§9§E§9§E§9§EH§x§9§2§9§2§9§2a§x§8§6§8§6§8§6l§x§7§9§7§9§7§9b§x§6§D§6§D§6§De§x§6§1§6§1§6§1r§8d form storage
[18:26:42] > BlackKnight remove x1 §f§l§x§8§A§0§0§F§FS§x§9§C§0§0§D§5h§x§A§D§0§0§A§Ai§x§B§F§0§0§8§0n§x§D§0§0§0§5§5e§x§E§2§0§0§2§B §x§F§3§0§0§0§0O§x§E§2§0§0§2§An§x§D§0§0§0§5§5i§x§B§F§0§0§8§0 §x§A§D§0§0§A§AB§x§9§C§0§0§D§5o§x§8§A§0§0§F§Fw form storage
[18:26:42] > BlackKnight remove x1 §f§l§8B§x§6§4§6§4§6§4a§x§7§4§7§4§7§4h§x§8§3§8§3§8§3a§x§9§3§9§3§9§3m§x§A§2§A§2§A§2ut§x§9§3§9§3§9§3 §x§8§3§8§3§8§3C§x§7§4§7§4§7§4l§x§6§4§6§4§6§4u§8b form storage
[18:26:42] > BlackKnight remove x1 §f§l§8B§x§6§0§6§0§6§0a§x§6§C§6§C§6§Ch§x§7§7§7§7§7§7a§x§8§2§8§2§8§2m§x§8§E§8§E§8§Eu§x§9§9§9§9§9§9t§x§A§4§A§4§A§4 G§x§9§9§9§9§9§9a§x§8§E§8§E§8§Eu§x§8§2§8§2§8§2n§x§7§7§7§7§7§7t§x§6§C§6§C§6§Cl§x§6§0§6§0§6§0e§8t form storage
[18:26:42] > BlackKnight remove x1 §f§l§8B§x§6§3§6§3§6§3a§x§7§1§7§1§7§1h§x§8§0§8§0§8§0a§x§8§E§8§E§8§Em§x§9§C§9§C§9§Cu§7t§x§9§C§9§C§9§C §x§8§E§8§E§8§ES§x§8§0§8§0§8§0w§x§7§1§7§1§7§1o§x§6§3§6§3§6§3r§8d form storage
[18:26:42] > BlackKnight remove x1 §f§l§8B§x§6§6§6§6§6§6a§x§7§7§7§7§7§7h§x§8§8§8§8§8§8a§x§9§9§9§9§9§9m§7u§x§9§9§9§9§9§9t§x§8§8§8§8§8§8 §x§7§7§7§7§7§7H§x§6§6§6§6§6§6o§8e form storage
[18:26:46] > Icon_Skully added x1 §x§E§5§1§B§1§B§lDracula Shovel in auction for 50000.
[18:27:03] > .JoshuaCraft9422 buy x1 §x§E§5§1§B§1§B§lDracula Shovel to Icon_Skully for $50,000.
[18:27:06] > BlackKnight added x1 §f§l§x§8§A§0§0§F§FS§x§9§C§0§0§D§5h§x§A§D§0§0§A§Ai§x§B§F§0§0§8§0n§x§D§0§0§0§5§5e§x§E§2§0§0§2§B §x§F§3§0§0§0§0O§x§E§2§0§0§2§An§x§D§0§0§0§5§5i§x§B§F§0§0§8§0 §x§A§D§0§0§A§AB§x§9§C§0§0§D§5o§x§8§A§0§0§F§Fw in auction for 2000000.
[18:27:30] > Icon_Skully buy x1 Enchanted book to nachfaust for $10,000.
[18:27:45] > Icon_Skully remove x1 Enchanted book from buy
[18:27:47] > nachfaust added x1 Enchanted book in auction for 60000.
[18:31:48] > nachfaust remove x64 Wind charge from storage
[18:32:33] > nachfaust added x1 Music disc tears in auction for 10000.
[18:32:38] > Icon_Skully added x1 Lime shulker box in auction for 500000.
[18:32:52] > .JoshuaCraft9422 buy x1 Music disc tears to nachfaust for $10,000.
[18:33:24] > .JoshuaCraft9422 remove x1 Music disc tears from buy
[18:33:27] > .JoshuaCraft9422 remove x1 §x§E§5§1§B§1§B§lDracula Shovel from buy
[18:33:59] > Kodakoda buy x1 Enchanted book to nachfaust for $60,000.
[18:34:06] > Kodakoda remove x1 Enchanted book form buy
[18:34:25] > lthohijfi2014 added x1 Enchanted book in auction for 1000000.
[18:35:27] > nachfaust added x1 Enchanted book in auction for 60000.
[18:35:39] > nachfaust added x64 Wind charge in auction for 100000.
[18:36:31] > BlackKnight added x1 §f§l§8B§x§6§4§6§4§6§4a§x§7§4§7§4§7§4h§x§8§3§8§3§8§3a§x§9§3§9§3§9§3m§x§A§2§A§2§A§2ut§x§9§3§9§3§9§3 §x§8§3§8§3§8§3M§x§7§4§7§4§7§4a§x§6§4§6§4§6§4c§8e in auction for 2000000.
[18:36:37] > Icon_Skully remove x1 Lime shulker box from storage
[18:36:40] > lthohijfi2014 remove x1 Enchanted book from storage
[18:36:41] > lthohijfi2014 remove x1 Enchanted book from storage
[18:36:43] > BlackKnight added x1 §f§l§8B§x§5§F§5§F§5§Fa§x§6§9§6§9§6§9h§x§7§3§7§3§7§3a§x§7§D§7§D§7§Dm§x§8§7§8§7§8§7u§x§9§1§9§1§9§1t§x§9§B§9§B§9§B §x§A§5§A§5§A§5Ch§x§9§B§9§B§9§Be§x§9§1§9§1§9§1s§x§8§7§8§7§8§7t§x§7§D§7§D§7§Dp§x§7§3§7§3§7§3l§x§6§9§6§9§6§9a§x§5§F§5§F§5§Ft§8e in auction for 2000000.
[18:36:54] > BlackKnight added x1 §f§l§8B§x§6§3§6§3§6§3a§x§7§1§7§1§7§1h§x§8§0§8§0§8§0a§x§8§E§8§E§8§Em§x§9§C§9§C§9§Cu§7t§x§9§C§9§C§9§C §x§8§E§8§E§8§EB§x§8§0§8§0§8§0o§x§7§1§7§1§7§1o§x§6§3§6§3§6§3t§8s in auction for 2000000.
[18:37:08] > lthohijfi2014 added x1 Enchanted book in auction for 100000.
[18:37:22] > lthohijfi2014 added x1 Enchanted book in auction for 100000.
[18:37:26] > BlackKnight added x1 §f§l§8B§x§6§4§6§4§6§4a§x§7§4§7§4§7§4h§x§8§3§8§3§8§3a§x§9§3§9§3§9§3m§x§A§2§A§2§A§2ut§x§9§3§9§3§9§3 §x§8§3§8§3§8§3C§x§7§4§7§4§7§4l§x§6§4§6§4§6§4u§8b in auction for 900000.
[18:37:37] > BlackKnight added x1 §f§l§8B§x§6§0§6§0§6§0a§x§6§C§6§C§6§Ch§x§7§7§7§7§7§7a§x§8§2§8§2§8§2m§x§8§E§8§E§8§Eu§x§9§9§9§9§9§9t§x§A§4§A§4§A§4 G§x§9§9§9§9§9§9a§x§8§E§8§E§8§Eu§x§8§2§8§2§8§2n§x§7§7§7§7§7§7t§x§6§C§6§C§6§Cl§x§6§0§6§0§6§0e§8t in auction for 600000.
[18:37:48] > BlackKnight added x1 §f§l§8B§x§6§1§6§1§6§1a§x§6§D§6§D§6§Dh§x§7§9§7§9§7§9a§x§8§6§8§6§8§6m§x§9§2§9§2§9§2u§x§9§E§9§E§9§Et§7 §x§9§E§9§E§9§EH§x§9§2§9§2§9§2a§x§8§6§8§6§8§6l§x§7§9§7§9§7§9b§x§6§D§6§D§6§De§x§6§1§6§1§6§1r§8d in auction for 550000.
[18:37:59] > BlackKnight added x1 §f§l§8B§x§6§6§6§6§6§6a§x§7§7§7§7§7§7h§x§8§8§8§8§8§8a§x§9§9§9§9§9§9m§7u§x§9§9§9§9§9§9t§x§8§8§8§8§8§8 §x§7§7§7§7§7§7H§x§6§6§6§6§6§6o§8e in auction for 450000.
[18:38:20] > BlackKnight added x1 §f§l§8B§x§6§3§6§3§6§3a§x§7§1§7§1§7§1h§x§8§0§8§0§8§0a§x§8§E§8§E§8§Em§x§9§C§9§C§9§Cu§7t§x§9§C§9§C§9§C §x§8§E§8§E§8§ES§x§8§0§8§0§8§0w§x§7§1§7§1§7§1o§x§6§3§6§3§6§3r§8d in auction for 900000.
[18:39:28] > BlackKnight buy x1 §f§l§8B§x§6§2§6§2§6§2a§x§6§F§6§F§6§Fh§x§7§C§7§C§7§Ca§x§8§9§8§9§8§9m§x§9§6§9§6§9§6u§x§A§3§A§3§A§3t §x§9§6§9§6§9§6P§x§8§9§8§9§8§9i§x§7§C§7§C§7§Cc§x§6§F§6§F§6§Fa§x§6§2§6§2§6§2x§8e to kabayooo for $300,000.
[18:40:29] > Icon_Skully added x1 §f§l§x§F§C§D§0§5§CW§x§F§A§A§6§4§Au§x§F§8§7§D§3§7k§x§F§7§5§3§2§5o§x§F§5§2§A§1§2n§x§F§3§0§0§0§0g§x§F§5§2§A§1§2 §x§F§7§5§3§2§5C§x§F§8§7§D§3§7l§x§F§A§A§6§4§Au§x§F§C§D§0§5§Cb in auction for 200000.
[18:40:41] > nachfaust remove x64 Wind charge from storage
[18:40:54] > nachfaust added x59 Tipped arrow in auction for 30000.
[18:41:43] > ThatMidnight added x1 §f§l§8B§x§6§4§6§4§6§4a§x§7§4§7§4§7§4h§x§8§3§8§3§8§3a§x§9§3§9§3§9§3m§x§A§2§A§2§A§2ut§x§9§3§9§3§9§3 §x§8§3§8§3§8§3M§x§7§4§7§4§7§4a§x§6§4§6§4§6§4c§8e in auction for 2000000.
[18:47:02] > MrZyrus7228 added x32 Diamond in auction for 10.
[18:47:08] > giyahnpogi buy x32 Diamond to MrZyrus7228 for $10.
[18:47:14] > MrZyrus7228 added x32 Diamond in auction for 10.
[18:47:22] > nachfaust buy x32 Diamond to MrZyrus7228 for $10.
[18:47:27] > MrZyrus7228 added x64 Diamond in auction for 32.
[18:47:33] > nachfaust buy x64 Diamond to MrZyrus7228 for $32.
[18:47:44] > MrZyrus7228 added x32 Diamond in auction for 10.
[18:47:58] > MrZyrus7228 added x32 Diamond in auction for 10.
[18:48:09] > MrZyrus7228 added x64 Diamond in auction for 10.
[18:48:13] > monggol buy x64 Diamond to MrZyrus7228 for $10.
[18:48:16] > monggol buy x32 Diamond to MrZyrus7228 for $10.
[18:48:19] > monggol buy x32 Diamond to MrZyrus7228 for $10.
[18:48:33] > MrZyrus7228 added x31 Diamond in auction for 10.
[18:48:37] > monggol buy x31 Diamond to MrZyrus7228 for $10.
[18:48:56] > johnowenz1 remove x1 §x§F§F§7§C§0§0§lSteamsparks Shield from buy
[18:49:08] > HermesKei buy x10 §x§F§C§9§0§5§C§lE§x§E§6§9§C§6§B§lp§x§C§F§A§7§7§A§li§x§B§9§B§3§8§9§lc §x§8§C§C§B§A§7§lC§x§7§5§D§6§B§6§lr§x§5§F§E§2§C§5§la§x§7§9§D§4§B§4§lt§x§9§3§C§7§A§2§le §x§C§8§A§B§7§F§lK§x§E§2§9§E§6§E§le§x§F§C§9§0§5§C§ly to khenjieMC for $200,000.
[18:49:20] > HermesKei remove x10 §x§F§C§9§0§5§C§lE§x§E§6§9§C§6§B§lp§x§C§F§A§7§7§A§li§x§B§9§B§3§8§9§lc §x§8§C§C§B§A§7§lC§x§7§5§D§6§B§6§lr§x§5§F§E§2§C§5§la§x§7§9§D§4§B§4§lt§x§9§3§C§7§A§2§le §x§C§8§A§B§7§F§lK§x§E§2§9§E§6§E§le§x§F§C§9§0§5§C§ly from buy
[18:56:53] > monggol remove x31 Diamond from buy
[18:56:54] > monggol remove x32 Diamond from buy
[19:09:40] > monggol remove x32 Diamond from buy
[19:09:42] > monggol remove x62 Diamond from buy
[19:33:39] > dat_boi added x1 §fWitch Plushie §6(#94/101) in auction for 20000.
[19:33:52] > dat_boi added x1 §fPolar Bear Plushie §6(#67/101) in auction for 20000.
[19:33:55] > mae buy x1 §fWitch Plushie §6(#94/101) to dat_boi for $20,000.
[19:33:57] > mae buy x1 §fPolar Bear Plushie §6(#67/101) to dat_boi for $20,000.
[19:48:52] > _BAAM added x1 §x§F§F§7§C§0§0§lSteamsparks Chestplate in auction for 300000.
[19:50:50] > Kaynn buy x5 Nether star to Johng10910 for $250,000.
[19:51:12] > .JakeTheMiner457 remove x3 Netherite upgrade smithing template from storage
[19:51:44] > .JakeTheMiner457 remove x3 Netherite upgrade smithing template from expire
[19:52:02] > .JakeTheMiner457 added x3 Netherite upgrade smithing template in auction for 235000.
[19:59:31] > x64 Rail, bought by Zypher_0w0, has just expired, the item is definitively deleted.
[19:59:31] > x64 Rail, bought by Zypher_0w0, has just expired, the item is definitively deleted.
[19:59:34] > Kaynn remove x5 Nether star from buy
[20:00:03] > Zen0969 remove x1 White shulker box from storage
[20:00:30] > _BAAM buy x1 Enchanted book to nachfaust for $60,000.
[20:00:39] > _BAAM buy x1 Enchanted book to lthohijfi2014 for $100,000.
[20:00:45] > _BAAM buy x1 Enchanted book to Kodakoda for $250,000.
[20:01:41] > _BAAM remove x1 Enchanted book form buy
[20:01:41] > _BAAM remove x1 Enchanted book form buy
[20:01:41] > _BAAM remove x1 Enchanted book form buy
[20:12:40] > lthohijfi2014 added x1 Enchanted book in auction for 100000.
[20:17:04] > Julene added x1 §f§x§F§9§A§2§0§DP§x§F§2§9§E§0§Du§x§E§B§9§9§0§Dm§x§E§3§9§5§0§Dp§x§D§C§9§0§0§Dk§x§D§5§8§C§0§Di§x§C§E§8§7§0§Dn§x§C§7§8§3§0§D §x§B§F§7§E§0§DH§x§B§8§7§A§0§Da§x§B§1§7§5§0§Dt in auction for 35000.
[20:17:21] > blezzinglighto added x1 §x§F§F§5§5§0§0§lsᴇʟʟᴡᴀɴᴅ §6- 5.0x in auction for 400000.
[20:23:04] > blezzinglighto remove x1 §x§F§F§5§5§0§0§lsᴇʟʟᴡᴀɴᴅ §6- 5.0x from storage
[20:23:24] > Dentatsu added x1 §x§F§F§5§5§0§0§lsᴇʟʟᴡᴀɴᴅ §6- 10.0x in auction for 1200000.
[20:23:26] > blezzinglighto remove x1 Enchanted book from storage
[20:23:29] > HwanYo buy x1 §x§F§F§5§5§0§0§lsᴇʟʟᴡᴀɴᴅ §6- 10.0x to Dentatsu for $1,200,000.
[20:24:11] > .DairyParty8521 buy x36 §x§F§C§D§0§5§C§lB§x§E§6§D§3§6§B§la§x§C§F§D§5§7§A§ls§x§B§9§D§8§8§9§li§x§A§2§D§A§9§8§lc §x§7§5§D§F§B§6§lC§x§5§F§E§2§C§5§lr§x§7§5§D§F§B§6§la§x§8§C§D§D§A§7§lt§x§A§2§D§A§9§8§le §x§C§F§D§5§7§A§lK§x§E§6§D§3§6§B§le§x§F§C§D§0§5§C§ly to Takeremu for $360,000.
[20:24:33] > .DairyParty8521 remove x36 §x§F§C§D§0§5§C§lB§x§E§6§D§3§6§B§la§x§C§F§D§5§7§A§ls§x§B§9§D§8§8§9§li§x§A§2§D§A§9§8§lc §x§7§5§D§F§B§6§lC§x§5§F§E§2§C§5§lr§x§7§5§D§F§B§6§la§x§8§C§D§D§A§7§lt§x§A§2§D§A§9§8§le §x§C§F§D§5§7§A§lK§x§E§6§D§3§6§B§le§x§F§C§D§0§5§C§ly from buy
[20:25:13] > .Raineee243784 added x1 §x§F§F§5§5§0§0§lsᴇʟʟᴡᴀɴᴅ §6- 5.0x in auction for 300000.
[20:25:21] > Unforce01 buy x1 §x§F§F§5§5§0§0§lsᴇʟʟᴡᴀɴᴅ §6- 5.0x to .Raineee243784 for $300,000.
[20:25:25] > Unforce01 remove x1 §x§F§F§5§5§0§0§lsᴇʟʟᴡᴀɴᴅ §6- 5.0x form buy
[20:30:46] > .DairyParty8521 remove x1 Flow armor trim smithing template from buy
[20:31:29] > x1 §f§l§8B§x§5§F§5§F§5§Fa§x§6§9§6§9§6§9h§x§7§3§7§3§7§3a§x§7§D§7§D§7§Dm§x§8§7§8§7§8§7u§x§9§1§9§1§9§1t§x§9§B§9§B§9§B §x§A§5§A§5§A§5Gr§x§9§B§9§B§9§Be§x§9§1§9§1§9§1a§x§8§7§8§7§8§7t§x§7§D§7§D§7§Ds§x§7§3§7§3§7§3w§x§6§9§6§9§6§9o§x§5§F§5§F§5§Fr§8d on sale by reckahorp has just expired, it goes in the inventory of expired items.
[20:33:09] > nebula12321 added x1 Netherite upgrade smithing template in auction for 90000.
[20:33:16] > dangbrl buy x1 Netherite upgrade smithing template to nebula12321 for $90,000.
[20:34:13] > dangbrl remove x1 Netherite upgrade smithing template from buy
[20:34:36] > Zen0969 buy x1 TRIMS to namerikangel for $5,000,000.
[20:36:34] > x1 §eʙʟᴀᴢᴇ sᴘᴀᴡɴᴇʀ, bought by HwanYo, has just expired, the item is definitively deleted.
[20:36:36] > Zen0969 remove x1 TRIMS from buy
[20:39:43] > Kyle added x1 Music disc 13 in auction for 100000.
[20:40:12] > Kyle added x1 Music disc 13 in auction for 100000.
[20:52:34] > .JakeTheMiner457 added x1 Sentry armor trim smithing template in auction for 80000.
[20:52:46] > RebornKimmy buy x1 Sentry armor trim smithing template to .JakeTheMiner457 for $80,000.
[20:53:15] > .JakeTheMiner457 added x1 Coast armor trim smithing template in auction for 80000.
[20:53:21] > RebornKimmy buy x1 Coast armor trim smithing template to .JakeTheMiner457 for $80,000.
[20:53:52] > .JakeTheMiner457 remove x3 Netherite upgrade smithing template from storage
[20:54:08] > .JakeTheMiner457 remove x3 Netherite upgrade smithing template from expire
[20:54:42] > .JakeTheMiner457 added x3 Netherite upgrade smithing template in auction for 230000.
[20:57:03] > .JakeTheMiner457 added x1 Ward armor trim smithing template in auction for 80000.
[20:58:16] > .JakeTheMiner457 added x1 Coast armor trim smithing template in auction for 80000.
[21:01:54] > tic_sz added x1 Shulker box in auction for 300000.
[21:02:10] > RebornKimmy buy x1 Ward armor trim smithing template to .JakeTheMiner457 for $80,000.
[21:02:13] > RebornKimmy remove x1 Ward armor trim smithing template form buy
[21:02:13] > RebornKimmy remove x1 Coast armor trim smithing template form buy
[21:02:13] > RebornKimmy remove x1 Sentry armor trim smithing template form buy
[21:09:33] > ry9191 buy x1 Coast armor trim smithing template to .JakeTheMiner457 for $80,000.
[21:09:54] > ry9191 remove x1 Coast armor trim smithing template from buy
[21:20:05] > .JakeTheMiner457 added x1 Sentry armor trim smithing template in auction for 80000.
[21:21:07] > ry9191 buy x1 Sentry armor trim smithing template to .JakeTheMiner457 for $80,000.
[21:21:17] > ry9191 remove x1 Sentry armor trim smithing template form buy
[21:21:35] > .JakeTheMiner457 added x1 Sentry armor trim smithing template in auction for 80000.
[21:21:56] > .JakeTheMiner457 added x1 Sentry armor trim smithing template in auction for 80000.
[21:27:42] > x1 §f§l§8B§x§6§2§6§2§6§2a§x§6§F§6§F§6§Fh§x§7§C§7§C§7§Ca§x§8§9§8§9§8§9m§x§9§6§9§6§9§6u§x§A§3§A§3§A§3t §x§9§6§9§6§9§6D§x§8§9§8§9§8§9a§x§7§C§7§C§7§Cg§x§6§F§6§F§6§Fg§x§6§2§6§2§6§2e§8r on sale by EnderDragon0120 has just expired, it goes in the inventory of expired items.
[21:27:42] > x1 §f§l§8B§x§6§3§6§3§6§3a§x§7§1§7§1§7§1h§x§8§0§8§0§8§0a§x§8§E§8§E§8§Em§x§9§C§9§C§9§Cu§7t§x§9§C§9§C§9§C §x§8§E§8§E§8§ES§x§8§0§8§0§8§0t§x§7§1§7§1§7§1a§x§6§3§6§3§6§3f§8f on sale by EnderDragon0120 has just expired, it goes in the inventory of expired items.
[21:46:28] > x1 §x§9§8§6§3§E§7§lG§x§9§0§7§5§E§2§lo§x§8§8§8§7§D§D§ld§x§8§0§9§9§D§8§ll§x§7§7§A§C§D§4§ly §x§6§7§D§0§C§A§lC§x§5§F§E§2§C§5§lr§x§6§7§D§0§C§A§la§x§6§F§B§E§C§F§lt§x§7§7§A§C§D§4§le §x§8§8§8§7§D§D§lK§x§9§0§7§5§E§2§le§x§9§8§6§3§E§7§ly on sale by HwanYo has just expired, it goes in the inventory of expired items.
[21:50:12] > x1 §x§9§8§6§3§E§7§lG§x§9§0§7§5§E§2§lo§x§8§8§8§7§D§D§ld§x§8§0§9§9§D§8§ll§x§7§7§A§C§D§4§ly §x§6§7§D§0§C§A§lC§x§5§F§E§2§C§5§lr§x§6§7§D§0§C§A§la§x§6§F§B§E§C§F§lt§x§7§7§A§C§D§4§le §x§8§8§8§7§D§D§lK§x§9§0§7§5§E§2§le§x§9§8§6§3§E§7§ly on sale by HwanYo has just expired, it goes in the inventory of expired items.
[21:50:12] > x1 §x§9§8§6§3§E§7§lG§x§9§0§7§5§E§2§lo§x§8§8§8§7§D§D§ld§x§8§0§9§9§D§8§ll§x§7§7§A§C§D§4§ly §x§6§7§D§0§C§A§lC§x§5§F§E§2§C§5§lr§x§6§7§D§0§C§A§la§x§6§F§B§E§C§F§lt§x§7§7§A§C§D§4§le §x§8§8§8§7§D§D§lK§x§9§0§7§5§E§2§le§x§9§8§6§3§E§7§ly on sale by HwanYo has just expired, it goes in the inventory of expired items.
[21:50:12] > x1 §x§9§8§6§3§E§7§lG§x§9§0§7§5§E§2§lo§x§8§8§8§7§D§D§ld§x§8§0§9§9§D§8§ll§x§7§7§A§C§D§4§ly §x§6§7§D§0§C§A§lC§x§5§F§E§2§C§5§lr§x§6§7§D§0§C§A§la§x§6§F§B§E§C§F§lt§x§7§7§A§C§D§4§le §x§8§8§8§7§D§D§lK§x§9§0§7§5§E§2§le§x§9§8§6§3§E§7§ly on sale by HwanYo has just expired, it goes in the inventory of expired items.
[21:50:12] > x1 §x§9§8§6§3§E§7§lG§x§9§0§7§5§E§2§lo§x§8§8§8§7§D§D§ld§x§8§0§9§9§D§8§ll§x§7§7§A§C§D§4§ly §x§6§7§D§0§C§A§lC§x§5§F§E§2§C§5§lr§x§6§7§D§0§C§A§la§x§6§F§B§E§C§F§lt§x§7§7§A§C§D§4§le §x§8§8§8§7§D§D§lK§x§9§0§7§5§E§2§le§x§9§8§6§3§E§7§ly on sale by HwanYo has just expired, it goes in the inventory of expired items.
[21:51:10] > YooRushy remove x37 Deepslate diamond ore from storage
[21:51:56] > YooRushy added x25 Deepslate diamond ore in auction for 390000.
[21:52:20] > YooRushy added x25 Deepslate diamond ore in auction for 390000.
[21:52:30] > YooRushy added x25 Deepslate diamond ore in auction for 390000.
[21:52:46] > YooRushy added x25 Deepslate diamond ore in auction for 390000.
[21:58:23] > Kwienn remove x1 §x§E§4§3§A§9§6§lW§x§E§7§5§3§A§3§lI§x§E§B§6§B§B§0§lN§x§E§E§8§4§B§D§lG§x§F§2§9§D§C§B§lS §x§F§8§C§E§E§5§lO§x§F§C§E§6§F§2§lF §x§F§C§E§6§F§2§lE§x§F§8§C§E§E§5§lT§x§F§5§B§5§D§8§lE§x§F§2§9§D§C§B§lR§x§E§E§8§4§B§D§lN§x§E§B§6§B§B§0§lI§x§E§7§5§3§A§3§lT§x§E§4§3§A§9§6§lY from storage
[21:58:44] > Kwienn added x1 §x§E§4§3§A§9§6§lW§x§E§7§5§3§A§3§lI§x§E§B§6§B§B§0§lN§x§E§E§8§4§B§D§lG§x§F§2§9§D§C§B§lS §x§F§8§C§E§E§5§lO§x§F§C§E§6§F§2§lF §x§F§C§E§6§F§2§lE§x§F§8§C§E§E§5§lT§x§F§5§B§5§D§8§lE§x§F§2§9§D§C§B§lR§x§E§E§8§4§B§D§lN§x§E§B§6§B§B§0§lI§x§E§7§5§3§A§3§lT§x§E§4§3§A§9§6§lY in auction for 1000000.
[21:58:49] > giyahnpogi buy x1 §x§E§4§3§A§9§6§lW§x§E§7§5§3§A§3§lI§x§E§B§6§B§B§0§lN§x§E§E§8§4§B§D§lG§x§F§2§9§D§C§B§lS §x§F§8§C§E§E§5§lO§x§F§C§E§6§F§2§lF §x§F§C§E§6§F§2§lE§x§F§8§C§E§E§5§lT§x§F§5§B§5§D§8§lE§x§F§2§9§D§C§B§lR§x§E§E§8§4§B§D§lN§x§E§B§6§B§B§0§lI§x§E§7§5§3§A§3§lT§x§E§4§3§A§9§6§lY to Kwienn for $1,000,000.
[21:58:49] > Kwienn remove x1 /PWARP GO PASTRIES from storage
[21:58:56] > x64 Wind charge, bought by butchtaylor, has just expired, the item is definitively deleted.
[21:58:58] > giyahnpogi remove x1 §x§E§4§3§A§9§6§lW§x§E§7§5§3§A§3§lI§x§E§B§6§B§B§0§lN§x§E§E§8§4§B§D§lG§x§F§2§9§D§C§B§lS §x§F§8§C§E§E§5§lO§x§F§C§E§6§F§2§lF §x§F§C§E§6§F§2§lE§x§F§8§C§E§E§5§lT§x§F§5§B§5§D§8§lE§x§F§2§9§D§C§B§lR§x§E§E§8§4§B§D§lN§x§E§B§6§B§B§0§lI§x§E§7§5§3§A§3§lT§x§E§4§3§A§9§6§lY from buy
[21:59:07] > giyahnpogi added x1 §x§E§4§3§A§9§6§lW§x§E§7§5§3§A§3§lI§x§E§B§6§B§B§0§lN§x§E§E§8§4§B§D§lG§x§F§2§9§D§C§B§lS §x§F§8§C§E§E§5§lO§x§F§C§E§6§F§2§lF §x§F§C§E§6§F§2§lE§x§F§8§C§E§E§5§lT§x§F§5§B§5§D§8§lE§x§F§2§9§D§C§B§lR§x§E§E§8§4§B§D§lN§x§E§B§6§B§B§0§lI§x§E§7§5§3§A§3§lT§x§E§4§3§A§9§6§lY in auction for 5000000.
[21:59:19] > RizzaIck buy x1 §x§E§4§3§A§9§6§lW§x§E§7§5§3§A§3§lI§x§E§B§6§B§B§0§lN§x§E§E§8§4§B§D§lG§x§F§2§9§D§C§B§lS §x§F§8§C§E§E§5§lO§x§F§C§E§6§F§2§lF §x§F§C§E§6§F§2§lE§x§F§8§C§E§E§5§lT§x§F§5§B§5§D§8§lE§x§F§2§9§D§C§B§lR§x§E§E§8§4§B§D§lN§x§E§B§6§B§B§0§lI§x§E§7§5§3§A§3§lT§x§E§4§3§A§9§6§lY to giyahnpogi for $5,000,000.
[21:59:29] > RizzaIck remove x1 §x§E§4§3§A§9§6§lW§x§E§7§5§3§A§3§lI§x§E§B§6§B§B§0§lN§x§E§E§8§4§B§D§lG§x§F§2§9§D§C§B§lS §x§F§8§C§E§E§5§lO§x§F§C§E§6§F§2§lF §x§F§C§E§6§F§2§lE§x§F§8§C§E§E§5§lT§x§F§5§B§5§D§8§lE§x§F§2§9§D§C§B§lR§x§E§E§8§4§B§D§lN§x§E§B§6§B§B§0§lI§x§E§7§5§3§A§3§lT§x§E§4§3§A§9§6§lY from buy
[21:59:57] > RizzaIck added x1 §x§E§4§3§A§9§6§lW§x§E§7§5§3§A§3§lI§x§E§B§6§B§B§0§lN§x§E§E§8§4§B§D§lG§x§F§2§9§D§C§B§lS §x§F§8§C§E§E§5§lO§x§F§C§E§6§F§2§lF §x§F§C§E§6§F§2§lE§x§F§8§C§E§E§5§lT§x§F§5§B§5§D§8§lE§x§F§2§9§D§C§B§lR§x§E§E§8§4§B§D§lN§x§E§B§6§B§B§0§lI§x§E§7§5§3§A§3§lT§x§E§4§3§A§9§6§lY in auction for 10000000.
[22:01:19] > JadeAppleGirl13 buy x64 Experience bottle to mae for $130,000.
[22:01:25] > JadeAppleGirl13 buy x64 Experience bottle to mae for $150,000.
[22:01:38] > HwanYo remove x1 §x§F§F§5§5§0§0§lsᴇʟʟᴡᴀɴᴅ §6- 10.0x from buy
[22:06:00] > HwanYo buy x1 §fAxolotl Plushie (Gold) §6(#7/101) to mae for $350,000.
[22:06:04] > HwanYo remove x1 §fAxolotl Plushie (Gold) §6(#7/101) from buy
[22:06:06] > Kwienn added x1 §x§F§F§3§E§0§0§lDemon Lord Wings in auction for 7000000.
[22:06:16] > RizzaIck remove x1 §x§E§4§3§A§9§6§lW§x§E§7§5§3§A§3§lI§x§E§B§6§B§B§0§lN§x§E§E§8§4§B§D§lG§x§F§2§9§D§C§B§lS §x§F§8§C§E§E§5§lO§x§F§C§E§6§F§2§lF §x§F§C§E§6§F§2§lE§x§F§8§C§E§E§5§lT§x§F§5§B§5§D§8§lE§x§F§2§9§D§C§B§lR§x§E§E§8§4§B§D§lN§x§E§B§6§B§B§0§lI§x§E§7§5§3§A§3§lT§x§E§4§3§A§9§6§lY from storage
[22:06:29] > RizzaIck added x1 §x§E§4§3§A§9§6§lW§x§E§7§5§3§A§3§lI§x§E§B§6§B§B§0§lN§x§E§E§8§4§B§D§lG§x§F§2§9§D§C§B§lS §x§F§8§C§E§E§5§lO§x§F§C§E§6§F§2§lF §x§F§C§E§6§F§2§lE§x§F§8§C§E§E§5§lT§x§F§5§B§5§D§8§lE§x§F§2§9§D§C§B§lR§x§E§E§8§4§B§D§lN§x§E§B§6§B§B§0§lI§x§E§7§5§3§A§3§lT§x§E§4§3§A§9§6§lY in auction for 8000000.
[22:06:45] > HwanYo added x1 §fAxolotl Plushie (Blue) §6(4/101) in auction for 250000.
[22:07:43] > Kwienn added x1 /PWARP GO PASTRIES in auction for 1000000000.
[22:09:50] > Kwienn added x1 §x§3§4§9§8§D§Bʙʟᴀᴢᴇ ꜱᴘᴀᴡɴᴇʀ in auction for 1000000.
[22:10:06] > Kwienn added x1 §x§3§4§9§8§D§Bꜱᴋᴇʟᴇᴛᴏɴ ꜱᴘᴀᴡɴᴇʀ in auction for 1000000.
[22:10:33] > grit_zy buy x64 Wither skeleton skull to Zypher_0w0 for $320,000.
[22:11:22] > grit_zy buy x64 Wither skeleton skull to Zypher_0w0 for $320,000.
[22:11:26] > grit_zy buy x64 Wither skeleton skull to Zypher_0w0 for $320,000.
[22:14:20] > x1 §f§l§x§8§A§0§0§F§FS§x§9§6§0§0§E§3h§x§A§1§0§0§C§6i§x§A§D§0§0§A§An§x§B§9§0§0§8§Ee§x§C§4§0§0§7§1 §x§D§0§0§0§5§5O§x§D§C§0§0§3§9n§x§E§7§0§0§1§Ci§x§F§3§0§0§0§0 §x§E§7§0§0§1§CB§x§D§C§0§0§3§9i§x§D§0§0§0§5§5g§x§C§4§0§0§7§1 §x§B§9§0§0§8§ES§x§A§D§0§0§A§Aw§x§A§1§0§0§C§6o§x§9§6§0§0§E§3r§x§8§A§0§0§F§Fd on sale by giyahnpogi has just expired, it goes in the inventory of expired items.
[22:15:24] > .JakeTheMiner457 buy x1 §f§l§x§F§C§D§0§5§CW§x§F§A§A§A§4§Bu§x§F§9§8§4§3§Bk§x§F§7§5§F§2§Ao§x§F§5§3§9§1§9n§x§F§4§1§3§0§8g §x§F§5§3§9§1§9S§x§F§7§5§F§2§At§x§F§9§8§4§3§Ba§x§F§A§A§A§4§Bf§x§F§C§D§0§5§Cf to nachfaust for $150,000.
[22:17:19] > .JakeTheMiner457 remove x1 §f§l§x§F§C§D§0§5§CW§x§F§A§A§A§4§Bu§x§F§9§8§4§3§Bk§x§F§7§5§F§2§Ao§x§F§5§3§9§1§9n§x§F§4§1§3§0§8g §x§F§5§3§9§1§9S§x§F§7§5§F§2§At§x§F§9§8§4§3§Ba§x§F§A§A§A§4§Bf§x§F§C§D§0§5§Cf from buy
[22:22:24] > InternetCafeUser buy x1 TotemBox to Zypher_0w0 for $135,000.
[22:23:29] > grit_zy remove x2 Wither skeleton skull from buy
[22:23:29] > grit_zy remove x2 Wither skeleton skull from buy
[22:23:30] > grit_zy remove x2 Wither skeleton skull from buy
[22:30:09] > aznaaa buy x1 §x§F§F§5§5§0§0§lsᴇʟʟᴡᴀɴᴅ §6- 5.0x to Sthine8 for $800,000.
[22:30:15] > aznaaa remove x1 §x§F§F§5§5§0§0§lsᴇʟʟᴡᴀɴᴅ §6- 5.0x from buy
[22:36:38] > auvicious buy x63 Netherrack to .SnubHarbor16079 for $200.
[22:43:19] > Ch4r_380 buy x1 Coast armor trim smithing template to .Marcusflep4 for $50,000.
[22:43:28] > Ch4r_380 remove x1 Coast armor trim smithing template from buy
[22:44:44] > auvicious remove x63 Netherrack form buy
[22:44:44] > auvicious remove x1 §f§l§x§F§C§D§0§5§CW§x§F§B§B§0§4§Eu§x§F§9§9§0§4§0k§x§F§8§7§0§3§2o§x§F§6§5§0§2§3n§x§F§5§3§0§1§5g§x§F§4§1§0§0§7 P§x§F§5§3§0§1§5i§x§F§6§5§0§2§3c§x§F§8§7§0§3§2k§x§F§9§9§0§4§0a§x§F§B§B§0§4§Ex§x§F§C§D§0§5§Ce form buy
[22:57:34] > nachfaust added x5 §x§F§C§9§0§5§C§lE§x§E§6§9§C§6§B§lp§x§C§F§A§7§7§A§li§x§B§9§B§3§8§9§lc §x§8§C§C§B§A§7§lC§x§7§5§D§6§B§6§lr§x§5§F§E§2§C§5§la§x§7§9§D§4§B§4§lt§x§9§3§C§7§A§2§le §x§C§8§A§B§7§F§lK§x§E§2§9§E§6§E§le§x§F§C§9§0§5§C§ly in auction for 300000.
[22:58:12] > Seirione added x1 §x§5§9§A§1§D§9§lA§x§7§1§A§E§D§Er§x§8§8§B§C§E§4c§x§A§0§C§9§E§9h§x§B§8§D§7§E§Fa§x§D§0§E§4§F§4n§x§E§7§F§2§F§Ag§fe§x§E§7§F§2§F§Al §x§B§8§D§7§E§FW§x§A§0§C§9§E§9i§x§8§8§B§C§E§4n§x§7§1§A§E§D§Eg§x§5§9§A§1§D§9s in auction for 15000000.
[23:00:54] > nachfaust added x1 §c§lPlatinum Lure in auction for 50000.
[23:01:12] > Takeremu buy x1 §c§lPlatinum Lure to nachfaust for $50,000.
[23:07:37] > EnderDragon0120 remove x1 §f§l§8B§x§6§2§6§2§6§2a§x§6§F§6§F§6§Fh§x§7§C§7§C§7§Ca§x§8§9§8§9§8§9m§x§9§6§9§6§9§6u§x§A§3§A§3§A§3t §x§9§6§9§6§9§6D§x§8§9§8§9§8§9a§x§7§C§7§C§7§Cg§x§6§F§6§F§6§Fg§x§6§2§6§2§6§2e§8r form expire
[23:07:37] > EnderDragon0120 remove x1 §f§l§8B§x§6§3§6§3§6§3a§x§7§1§7§1§7§1h§x§8§0§8§0§8§0a§x§8§E§8§E§8§Em§x§9§C§9§C§9§Cu§7t§x§9§C§9§C§9§C §x§8§E§8§E§8§ES§x§8§0§8§0§8§0t§x§7§1§7§1§7§1a§x§6§3§6§3§6§3f§8f form expire
[23:07:37] > EnderDragon0120 remove x1 §x§F§F§7§C§0§0§lSteamsparks Leggings form expire
[23:10:02] > EnderDragon0120 added x1 Shulker box in auction for 10000000.
[23:10:09] > EnderDragon0120 remove x1 Shulker box from storage
[23:10:40] > x1 §f§l§x§F§C§D§0§5§CW§x§F§B§A§D§4§Du§x§F§9§8§B§3§Dk§x§F§8§6§8§2§Eo§x§F§6§4§5§1§Fn§x§F§5§2§3§0§Fg§x§F§3§0§0§0§0 §x§F§5§2§3§0§FH§x§F§6§4§5§1§Fa§x§F§8§6§8§2§Em§x§F§9§8§B§3§Dm§x§F§B§A§D§4§De§x§F§C§D§0§5§Cr, bought by Johng10910, has just expired, the item is definitively deleted.
[23:10:41] > HwanYo remove x1 §x§F§F§5§5§0§0§lsᴇʟʟᴡᴀɴᴅ §6- 5.0x from buy
[23:10:41] > HwanYo remove x1 §x§F§F§5§5§0§0§lsᴇʟʟᴡᴀɴᴅ §6- 5.0x from buy
[23:10:42] > HwanYo remove x1 §x§F§F§5§5§0§0§lsᴇʟʟᴡᴀɴᴅ §6- 5.0x from buy
[23:10:44] > Kwienn remove x1 §x§3§4§9§8§D§Bꜱᴋᴇʟᴇᴛᴏɴ ꜱᴘᴀᴡɴᴇʀ from storage
[23:10:48] > EnderDragon0120 added x1 mail me offers if you want only one in auction for 10000000.
[23:12:06] > nachfaust added x1 §fMedieval Hat in auction for 200000.
[23:12:19] > HwanYo remove x1 §fAxolotl Plushie (Blue) §6(4/101) from storage
[23:12:20] > HwanYo remove x1 §f§l§x§F§C§D§0§5§CW§x§F§B§B§0§4§Eu§x§F§9§9§0§4§0k§x§F§8§7§0§3§2o§x§F§6§5§0§2§3n§x§F§5§3§0§1§5g§x§F§4§1§0§0§7 H§x§F§5§3§0§1§5a§x§F§6§5§0§2§3l§x§F§8§7§0§3§2b§x§F§9§9§0§4§0e§x§F§B§B§0§4§Er§x§F§C§D§0§5§Cd from storage
[23:12:25] > claypotter added x1 §x§F§F§5§5§0§0§lsᴇʟʟᴡᴀɴᴅ §6- 5.0x in auction for 600000.
[23:12:26] > HwanYo added x1 §fAxolotl Plushie (Blue) §6(4/101) in auction for 150000.
[23:12:41] > HwanYo added x1 §f§l§x§F§C§D§0§5§CW§x§F§B§B§0§4§Eu§x§F§9§9§0§4§0k§x§F§8§7§0§3§2o§x§F§6§5§0§2§3n§x§F§5§3§0§1§5g§x§F§4§1§0§0§7 H§x§F§5§3§0§1§5a§x§F§6§5§0§2§3l§x§F§8§7§0§3§2b§x§F§9§9§0§4§0e§x§F§B§B§0§4§Er§x§F§C§D§0§5§Cd in auction for 150000.
[23:13:07] > EnderDragon0120 added x1 §x§F§F§5§5§0§0§lsᴇʟʟᴡᴀɴᴅ §6- 5.0x in auction for 575000.
[23:13:21] > EnderDragon0120 added x1 §x§F§F§5§5§0§0§lsᴇʟʟᴡᴀɴᴅ §6- 5.0x in auction for 580000.
[23:13:30] > FLaMesd added x1 §x§F§F§5§5§0§0§lsᴇʟʟᴡᴀɴᴅ §6- 10.0x in auction for 1000000.
[23:14:04] > HwanYo buy x1 §x§F§F§5§5§0§0§lsᴇʟʟᴡᴀɴᴅ §6- 10.0x to FLaMesd for $1,000,000.
[23:14:12] > Seirione remove x1 §x§5§9§A§1§D§9§lA§x§7§1§A§E§D§Er§x§8§8§B§C§E§4c§x§A§0§C§9§E§9h§x§B§8§D§7§E§Fa§x§D§0§E§4§F§4n§x§E§7§F§2§F§Ag§fe§x§E§7§F§2§F§Al §x§B§8§D§7§E§FW§x§A§0§C§9§E§9i§x§8§8§B§C§E§4n§x§7§1§A§E§D§Eg§x§5§9§A§1§D§9s from storage
[23:14:27] > Applegod9 added x1 §x§F§F§5§5§0§0§lsᴇʟʟᴡᴀɴᴅ §6- 20.0x in auction for 700000.
[23:14:32] > grit_zy buy x1 §x§F§F§5§5§0§0§lsᴇʟʟᴡᴀɴᴅ §6- 20.0x to Applegod9 for $700,000.
[23:14:37] > Seirione remove x1 §x§5§9§A§1§D§9§lA§x§7§1§A§E§D§Er§x§8§8§B§C§E§4c§x§A§0§C§9§E§9h§x§B§8§D§7§E§Fa§x§D§0§E§4§F§4n§x§E§7§F§2§F§Ag§fe§x§E§7§F§2§F§Al §x§B§8§D§7§E§FW§x§A§0§C§9§E§9i§x§8§8§B§C§E§4n§x§7§1§A§E§D§Eg§x§5§9§A§1§D§9s from expire
[23:14:38] > Seirione remove x1 §x§5§9§A§1§D§9§lA§x§7§1§A§E§D§Er§x§8§8§B§C§E§4c§x§A§0§C§9§E§9h§x§B§8§D§7§E§Fa§x§D§0§E§4§F§4n§x§E§7§F§2§F§Ag§fe§x§E§7§F§2§F§Al §x§B§8§D§7§E§FS§x§A§0§C§9§E§9t§x§8§8§B§C§E§4a§x§7§1§A§E§D§Ef§x§5§9§A§1§D§9f from expire
[23:14:39] > Seirione remove x1 §x§5§C§C§F§F§C§lC§x§5§C§D§1§F§5§lo§x§5§D§D§4§E§E§ls§x§5§D§D§6§E§7§lm§x§5§E§D§9§E§1§le§x§5§E§D§B§D§A§lt§x§5§E§D§D§D§3§li§x§5§F§E§0§C§C§lc §x§5§F§E§0§C§C§lH§x§5§E§D§D§D§3§la§x§5§E§D§B§D§A§lt§x§5§E§D§9§E§1§ls §x§5§D§D§4§E§E§lK§x§5§C§D§1§F§5§le§x§5§C§C§F§F§C§ly from expire
[23:14:52] > Applegod9 added x1 §x§F§F§5§5§0§0§lsᴇʟʟᴡᴀɴᴅ §6- 5.0x in auction for 300000.
[23:14:56] > grit_zy buy x1 §x§F§F§5§5§0§0§lsᴇʟʟᴡᴀɴᴅ §6- 5.0x to Applegod9 for $300,000.
[23:15:03] > grit_zy remove x1 §x§F§F§5§5§0§0§lsᴇʟʟᴡᴀɴᴅ §6- 5.0x from buy
[23:15:04] > grit_zy remove x1 §x§F§F§5§5§0§0§lsᴇʟʟᴡᴀɴᴅ §6- 20.0x from buy
[23:15:06] > Applegod9 buy x1 Sentry armor trim smithing template to .JakeTheMiner457 for $80,000.
[23:15:16] > octopus_01 buy x1 §f§x§F§9§A§2§0§DP§x§F§2§9§E§0§Du§x§E§B§9§9§0§Dm§x§E§3§9§5§0§Dp§x§D§C§9§0§0§Dk§x§D§5§8§C§0§Di§x§C§E§8§7§0§Dn§x§C§7§8§3§0§D §x§B§F§7§E§0§DH§x§B§8§7§A§0§Da§x§B§1§7§5§0§Dt to Julene for $35,000.
[23:15:20] > octopus_01 remove x1 §f§x§F§9§A§2§0§DP§x§F§2§9§E§0§Du§x§E§B§9§9§0§Dm§x§E§3§9§5§0§Dp§x§D§C§9§0§0§Dk§x§D§5§8§C§0§Di§x§C§E§8§7§0§Dn§x§C§7§8§3§0§D §x§B§F§7§E§0§DH§x§B§8§7§A§0§Da§x§B§1§7§5§0§Dt from buy
[23:16:27] > Seirione added x1 Good Shit in auction for 60000000.
[23:16:52] > .Allxnzv remove x1 §x§C§9§A§7§F§C§lL§x§B§D§A§E§F§6§le§x§B§1§B§4§F§0§lg§x§A§6§B§B§E§A§le§x§9§A§C§1§E§4§ln§x§8§E§C§8§D§D§ld§x§8§2§C§E§D§7§la§x§7§7§D§5§D§1§lr§x§6§B§D§B§C§B§ly §x§6§B§D§B§C§B§lC§x§7§7§D§5§D§1§lr§x§8§2§C§E§D§7§la§x§8§E§C§8§D§D§lt§x§9§A§C§1§E§4§le §x§B§1§B§4§F§0§lK§x§B§D§A§E§F§6§le§x§C§9§A§7§F§C§ly from storage
[23:16:53] > .Allxnzv remove x1 §x§C§9§A§7§F§C§lL§x§B§D§A§E§F§6§le§x§B§1§B§4§F§0§lg§x§A§6§B§B§E§A§le§x§9§A§C§1§E§4§ln§x§8§E§C§8§D§D§ld§x§8§2§C§E§D§7§la§x§7§7§D§5§D§1§lr§x§6§B§D§B§C§B§ly §x§6§B§D§B§C§B§lC§x§7§7§D§5§D§1§lr§x§8§2§C§E§D§7§la§x§8§E§C§8§D§D§lt§x§9§A§C§1§E§4§le §x§B§1§B§4§F§0§lK§x§B§D§A§E§F§6§le§x§C§9§A§7§F§C§ly from storage
[23:16:55] > .Allxnzv remove x1 §x§C§9§A§7§F§C§lL§x§B§D§A§E§F§6§le§x§B§1§B§4§F§0§lg§x§A§6§B§B§E§A§le§x§9§A§C§1§E§4§ln§x§8§E§C§8§D§D§ld§x§8§2§C§E§D§7§la§x§7§7§D§5§D§1§lr§x§6§B§D§B§C§B§ly §x§6§B§D§B§C§B§lC§x§7§7§D§5§D§1§lr§x§8§2§C§E§D§7§la§x§8§E§C§8§D§D§lt§x§9§A§C§1§E§4§le §x§B§1§B§4§F§0§lK§x§B§D§A§E§F§6§le§x§C§9§A§7§F§C§ly from storage
[23:17:11] > .Allxnzv added x1 §x§C§9§A§7§F§C§lL§x§B§D§A§E§F§6§le§x§B§1§B§4§F§0§lg§x§A§6§B§B§E§A§le§x§9§A§C§1§E§4§ln§x§8§E§C§8§D§D§ld§x§8§2§C§E§D§7§la§x§7§7§D§5§D§1§lr§x§6§B§D§B§C§B§ly §x§6§B§D§B§C§B§lC§x§7§7§D§5§D§1§lr§x§8§2§C§E§D§7§la§x§8§E§C§8§D§D§lt§x§9§A§C§1§E§4§le §x§B§1§B§4§F§0§lK§x§B§D§A§E§F§6§le§x§C§9§A§7§F§C§ly in auction for 100000.
[23:17:16] > YchannR buy x1 §x§C§9§A§7§F§C§lL§x§B§D§A§E§F§6§le§x§B§1§B§4§F§0§lg§x§A§6§B§B§E§A§le§x§9§A§C§1§E§4§ln§x§8§E§C§8§D§D§ld§x§8§2§C§E§D§7§la§x§7§7§D§5§D§1§lr§x§6§B§D§B§C§B§ly §x§6§B§D§B§C§B§lC§x§7§7§D§5§D§1§lr§x§8§2§C§E§D§7§la§x§8§E§C§8§D§D§lt§x§9§A§C§1§E§4§le §x§B§1§B§4§F§0§lK§x§B§D§A§E§F§6§le§x§C§9§A§7§F§C§ly to .Allxnzv for $100,000.
[23:17:23] > .Allxnzv added x1 §x§C§9§A§7§F§C§lL§x§B§D§A§E§F§6§le§x§B§1§B§4§F§0§lg§x§A§6§B§B§E§A§le§x§9§A§C§1§E§4§ln§x§8§E§C§8§D§D§ld§x§8§2§C§E§D§7§la§x§7§7§D§5§D§1§lr§x§6§B§D§B§C§B§ly §x§6§B§D§B§C§B§lC§x§7§7§D§5§D§1§lr§x§8§2§C§E§D§7§la§x§8§E§C§8§D§D§lt§x§9§A§C§1§E§4§le §x§B§1§B§4§F§0§lK§x§B§D§A§E§F§6§le§x§C§9§A§7§F§C§ly in auction for 100000.
[23:17:26] > YchannR buy x1 §x§C§9§A§7§F§C§lL§x§B§D§A§E§F§6§le§x§B§1§B§4§F§0§lg§x§A§6§B§B§E§A§le§x§9§A§C§1§E§4§ln§x§8§E§C§8§D§D§ld§x§8§2§C§E§D§7§la§x§7§7§D§5§D§1§lr§x§6§B§D§B§C§B§ly §x§6§B§D§B§C§B§lC§x§7§7§D§5§D§1§lr§x§8§2§C§E§D§7§la§x§8§E§C§8§D§D§lt§x§9§A§C§1§E§4§le §x§B§1§B§4§F§0§lK§x§B§D§A§E§F§6§le§x§C§9§A§7§F§C§ly to .Allxnzv for $100,000.
[23:17:34] > .Allxnzv added x1 §x§C§9§A§7§F§C§lL§x§B§D§A§E§F§6§le§x§B§1§B§4§F§0§lg§x§A§6§B§B§E§A§le§x§9§A§C§1§E§4§ln§x§8§E§C§8§D§D§ld§x§8§2§C§E§D§7§la§x§7§7§D§5§D§1§lr§x§6§B§D§B§C§B§ly §x§6§B§D§B§C§B§lC§x§7§7§D§5§D§1§lr§x§8§2§C§E§D§7§la§x§8§E§C§8§D§D§lt§x§9§A§C§1§E§4§le §x§B§1§B§4§F§0§lK§x§B§D§A§E§F§6§le§x§C§9§A§7§F§C§ly in auction for 100000.
[23:17:38] > YchannR buy x1 §x§C§9§A§7§F§C§lL§x§B§D§A§E§F§6§le§x§B§1§B§4§F§0§lg§x§A§6§B§B§E§A§le§x§9§A§C§1§E§4§ln§x§8§E§C§8§D§D§ld§x§8§2§C§E§D§7§la§x§7§7§D§5§D§1§lr§x§6§B§D§B§C§B§ly §x§6§B§D§B§C§B§lC§x§7§7§D§5§D§1§lr§x§8§2§C§E§D§7§la§x§8§E§C§8§D§D§lt§x§9§A§C§1§E§4§le §x§B§1§B§4§F§0§lK§x§B§D§A§E§F§6§le§x§C§9§A§7§F§C§ly to .Allxnzv for $100,000.
[23:17:42] > Carrr buy x1 §x§E§5§1§B§1§B§lDracula Dagger to Icon_Skully for $100,000.
[23:17:45] > Bleh remove x1 §x§5§9§A§1§D§9§lA§x§7§1§A§E§D§Er§x§8§8§B§C§E§4c§x§A§0§C§9§E§9h§x§B§8§D§7§E§Fa§x§D§0§E§4§F§4n§x§E§7§F§2§F§Ag§fe§x§E§7§F§2§F§Al §x§B§8§D§7§E§FS§x§A§0§C§9§E§9w§x§8§8§B§C§E§4o§x§7§1§A§E§D§Er§x§5§9§A§1§D§9d from storage
[23:18:15] > YchannR remove x1 Music disc lava chicken from buy
[23:18:46] > Seirione added x1 Hat Collection in auction for 10000000.
[23:20:25] > Seirione added x1 Demon Items in auction for 18000000.
[23:23:01] > Seirione added x1 Shugon items in auction for 20000000.
[23:23:07] > Seirione remove x1 Demon Items from storage
[23:23:14] > Seirione remove x1 Demon Items from expire
[23:23:32] > Seirione added x1 Demon Items in auction for 18000000.
[23:24:02] > nachfaust remove x59 Tipped arrow from storage
[23:24:10] > nachfaust remove x5 §x§F§C§9§0§5§C§lE§x§E§6§9§C§6§B§lp§x§C§F§A§7§7§A§li§x§B§9§B§3§8§9§lc §x§8§C§C§B§A§7§lC§x§7§5§D§6§B§6§lr§x§5§F§E§2§C§5§la§x§7§9§D§4§B§4§lt§x§9§3§C§7§A§2§le §x§C§8§A§B§7§F§lK§x§E§2§9§E§6§E§le§x§F§C§9§0§5§C§ly from storage
[23:24:19] > nachfaust added x1 Enchanted book in auction for 100000.
[23:24:31] > nachfaust added x1 Trident in auction for 300000.
[23:25:22] > Seirione added x1 randoms in auction for 6000000.
[23:25:59] > Ch4r_380 buy x1 Trident to nachfaust for $300,000.
[23:26:13] > Ch4r_380 remove x1 Trident from buy
[23:26:23] > nachfaust added x5 §x§F§C§9§0§5§C§lE§x§E§6§9§C§6§B§lp§x§C§F§A§7§7§A§li§x§B§9§B§3§8§9§lc §x§8§C§C§B§A§7§lC§x§7§5§D§6§B§6§lr§x§5§F§E§2§C§5§la§x§7§9§D§4§B§4§lt§x§9§3§C§7§A§2§le §x§C§8§A§B§7§F§lK§x§E§2§9§E§6§E§le§x§F§C§9§0§5§C§ly in auction for 200000.
[23:26:55] > BlINDSTEELS added x1 §x§9§8§6§3§E§7§lG§x§9§0§7§5§E§2§lo§x§8§8§8§7§D§D§ld§x§8§0§9§9§D§8§ll§x§7§7§A§C§D§4§ly §x§6§7§D§0§C§A§lC§x§5§F§E§2§C§5§lr§x§6§7§D§0§C§A§la§x§6§F§B§E§C§F§lt§x§7§7§A§C§D§4§le §x§8§8§8§7§D§D§lK§x§9§0§7§5§E§2§le§x§9§8§6§3§E§7§ly in auction for 500000.
[23:27:04] > Ch4r_380 remove x1 Enchanted book from buy
[23:28:35] > Carrr remove x1 §x§E§5§1§B§1§B§lDracula Dagger from buy
[23:31:58] > auvicious added x1 §x§F§F§5§5§0§0§lsᴇʟʟᴡᴀɴᴅ §6- 5.0x in auction for 550000.
[23:33:01] > Seirione added x1 §x§5§C§C§F§F§C§lC§x§5§C§D§1§F§5§lo§x§5§D§D§4§E§E§ls§x§5§D§D§6§E§7§lm§x§5§E§D§9§E§1§le§x§5§E§D§B§D§A§lt§x§5§E§D§D§D§3§li§x§5§F§E§0§C§C§lc §x§5§F§E§0§C§C§lH§x§5§E§D§D§D§3§la§x§5§E§D§B§D§A§lt§x§5§E§D§9§E§1§ls §x§5§D§D§4§E§E§lK§x§5§C§D§1§F§5§le§x§5§C§C§F§F§C§ly in auction for 100000.
[23:33:15] > Seirione added x20 §x§F§C§D§0§5§C§lB§x§E§6§D§3§6§B§la§x§C§F§D§5§7§A§ls§x§B§9§D§8§8§9§li§x§A§2§D§A§9§8§lc §x§7§5§D§F§B§6§lC§x§5§F§E§2§C§5§lr§x§7§5§D§F§B§6§la§x§8§C§D§D§A§7§lt§x§A§2§D§A§9§8§le §x§C§F§D§5§7§A§lK§x§E§6§D§3§6§B§le§x§F§C§D§0§5§C§ly in auction for 200000.
[23:33:26] > Seirione added x15 §x§F§C§9§0§5§C§lE§x§E§6§9§C§6§B§lp§x§C§F§A§7§7§A§li§x§B§9§B§3§8§9§lc §x§8§C§C§B§A§7§lC§x§7§5§D§6§B§6§lr§x§5§F§E§2§C§5§la§x§7§9§D§4§B§4§lt§x§9§3§C§7§A§2§le §x§C§8§A§B§7§F§lK§x§E§2§9§E§6§E§le§x§F§C§9§0§5§C§ly in auction for 200000.
[23:36:56] > Seirione added x1 Meh in auction for 10000000.
[23:40:03] > Johng10910 added x4 Netherite upgrade smithing template in auction for 300000.
[23:42:47] > auvicious added x1 §fDolphin Plushie §6(#28/101) in auction for 149989.
[23:43:26] > auvicious added x1 §f§x§D§0§D§0§D§0J§x§C§9§C§9§C§9e§x§C§2§C§2§C§2t§x§B§B§B§B§B§B §x§B§3§B§3§B§3P§x§A§C§A§C§A§Ci§x§A§5§A§5§A§5l§x§9§E§9§E§9§Eo§x§9§7§9§7§9§7t§x§9§0§9§0§9§0 §x§8§9§8§9§8§9H§x§8§2§8§2§8§2e§x§7§A§7§A§7§Al§x§7§3§7§3§7§3m§x§6§C§6§C§6§Ce§x§6§5§6§5§6§5t in auction for 87973.
[23:43:48] > Johng10910 added x2 Netherite ingot in auction for 200000.
[23:45:41] > auvicious added x1 §f§x§F§9§A§2§0§DP§x§F§2§9§E§0§Du§x§E§B§9§9§0§Dm§x§E§3§9§5§0§Dp§x§D§C§9§0§0§Dk§x§D§5§8§C§0§Di§x§C§E§8§7§0§Dn§x§C§7§8§3§0§D §x§B§F§7§E§0§DH§x§B§8§7§A§0§Da§x§B§1§7§5§0§Dt in auction for 126849.
[23:47:24] > giyahnpogi added x6 Shulker shell in auction for 6000.
[23:47:36] > Panda_Nooba buy x6 Shulker shell to giyahnpogi for $6,000.
[23:50:17] > Panda_Nooba added x1 §x§F§0§7§A§5§4§lZombie Apocalyptic Key in auction for 250000.
[23:50:46] > Applegod9 buy x2 Netherite ingot to Johng10910 for $200,000.
[23:50:57] > Applegod9 remove x2 Netherite ingot from buy
[23:50:58] > Applegod9 remove x1 Sentry armor trim smithing template from buy
[23:50:58] > Applegod9 remove x1 Anvil from buy
[23:51:49] > tic_sz remove x1 Shulker box from storage
[23:53:11] > .JakeTheMiner457 added x1 §f§l§x§F§C§D§0§5§CW§x§F§A§A§A§4§Bu§x§F§9§8§4§3§Bk§x§F§7§5§F§2§Ao§x§F§5§3§9§1§9n§x§F§4§1§3§0§8g §x§F§5§3§9§1§9S§x§F§7§5§F§2§At§x§F§9§8§4§3§Ba§x§F§A§A§A§4§Bf§x§F§C§D§0§5§Cf in auction for 300000.
[23:54:54] > auvicious added x1 Shulker box in auction for 289799.
[23:55:18] > HPMR_GaMerz buy x1 Meh to Seirione for $10,000,000.
[23:55:25] > HPMR_GaMerz remove x64 Book from buy
[23:55:28] > HPMR_GaMerz remove x1 Meh from buy
[00:00:40] > nachfaust remove x5 §x§F§C§9§0§5§C§lE§x§E§6§9§C§6§B§lp§x§C§F§A§7§7§A§li§x§B§9§B§3§8§9§lc §x§8§C§C§B§A§7§lC§x§7§5§D§6§B§6§lr§x§5§F§E§2§C§5§la§x§7§9§D§4§B§4§lt§x§9§3§C§7§A§2§le §x§C§8§A§B§7§F§lK§x§E§2§9§E§6§E§le§x§F§C§9§0§5§C§ly from storage
[00:00:45] > nachfaust remove x1 Enchanted book from storage
[00:01:06] > nachfaust added x1 Enchanted book in auction for 100000.
[00:01:19] > JullianHuH added x1 §x§5§9§A§1§D§9§lA§x§7§5§B§1§D§Fr§x§9§0§C§0§E§6c§x§A§C§D§0§E§Ch§x§C§8§E§0§F§2a§x§E§3§E§F§F§9n§fg§x§E§3§E§F§F§9e§x§C§8§E§0§F§2l §x§9§0§C§0§E§6B§x§7§5§B§1§D§Fo§x§5§9§A§1§D§9w in auction for 250000.
[00:01:25] > nachfaust added x1 Enchanted book in auction for 100000.
[00:01:34] > nachfaust buy x1 §x§5§9§A§1§D§9§lA§x§7§5§B§1§D§Fr§x§9§0§C§0§E§6c§x§A§C§D§0§E§Ch§x§C§8§E§0§F§2a§x§E§3§E§F§F§9n§fg§x§E§3§E§F§F§9e§x§C§8§E§0§F§2l §x§9§0§C§0§E§6B§x§7§5§B§1§D§Fo§x§5§9§A§1§D§9w to JullianHuH for $250,000.
[00:01:52] > nachfaust remove x32 Diamond form buy
[00:01:52] > nachfaust remove x1 §x§5§9§A§1§D§9§lA§x§7§5§B§1§D§Fr§x§9§0§C§0§E§6c§x§A§C§D§0§E§Ch§x§C§8§E§0§F§2a§x§E§3§E§F§F§9n§fg§x§E§3§E§F§F§9e§x§C§8§E§0§F§2l §x§9§0§C§0§E§6B§x§7§5§B§1§D§Fo§x§5§9§A§1§D§9w form buy
[00:01:52] > nachfaust remove x32 Diamond form buy
[00:12:13] > auvicious remove x1 §f§x§F§9§A§2§0§DP§x§F§2§9§E§0§Du§x§E§B§9§9§0§Dm§x§E§3§9§5§0§Dp§x§D§C§9§0§0§Dk§x§D§5§8§C§0§Di§x§C§E§8§7§0§Dn§x§C§7§8§3§0§D §x§B§F§7§E§0§DH§x§B§8§7§A§0§Da§x§B§1§7§5§0§Dt from storage
[00:12:49] > .JakeTheMiner457 remove x1 §f§l§x§F§C§D§0§5§CW§x§F§A§A§A§4§Bu§x§F§9§8§4§3§Bk§x§F§7§5§F§2§Ao§x§F§5§3§9§1§9n§x§F§4§1§3§0§8g §x§F§5§3§9§1§9S§x§F§7§5§F§2§At§x§F§9§8§4§3§Ba§x§F§A§A§A§4§Bf§x§F§C§D§0§5§Cf from storage
[00:13:12] > .JakeTheMiner457 remove x1 §f§l§x§F§C§D§0§5§CW§x§F§A§A§A§4§Bu§x§F§9§8§4§3§Bk§x§F§7§5§F§2§Ao§x§F§5§3§9§1§9n§x§F§4§1§3§0§8g §x§F§5§3§9§1§9S§x§F§7§5§F§2§At§x§F§9§8§4§3§Ba§x§F§A§A§A§4§Bf§x§F§C§D§0§5§Cf from expire
[00:13:30] > auvicious added x1 Enchanted book in auction for 124786.
[00:13:44] > auvicious remove x1 §fDolphin Plushie §6(#28/101) from storage
[00:13:54] > auvicious remove x1 Shulker box from storage
[00:14:20] > auvicious added x1 Enchanted book in auction for 124786.
[00:14:48] > InternetCafeUser buy x1 §fAxolotl Plushie (Blue) §6(4/101) to HwanYo for $150,000.
[00:15:13] > auvicious added x1 Enchanted book in auction for 164986.
[00:15:23] > InternetCafeUser buy x1 §x§F§F§7§C§0§0§lSteamsparks Hammer to Icon_Skully for $150,000.
[00:18:51] > InternetCafeUser remove x1 TotemBox from buy
[00:18:52] > InternetCafeUser remove x1 §fAxolotl Plushie (Blue) §6(4/101) from buy
[00:18:52] > InternetCafeUser remove x1 §x§F§F§7§C§0§0§lSteamsparks Hammer from buy
[00:19:03] > Fogstrap added x1 §f§l§8B§x§6§3§6§3§6§3a§x§7§1§7§1§7§1h§x§8§0§8§0§8§0a§x§8§E§8§E§8§Em§x§9§C§9§C§9§Cu§7t§x§9§C§9§C§9§C §x§8§E§8§E§8§ES§x§8§0§8§0§8§0t§x§7§1§7§1§7§1a§x§6§3§6§3§6§3f§8f in auction for 1300000.
[00:19:09] > auvicious remove x1 §f§x§D§0§D§0§D§0J§x§C§9§C§9§C§9e§x§C§2§C§2§C§2t§x§B§B§B§B§B§B §x§B§3§B§3§B§3P§x§A§C§A§C§A§Ci§x§A§5§A§5§A§5l§x§9§E§9§E§9§Eo§x§9§7§9§7§9§7t§x§9§0§9§0§9§0 §x§8§9§8§9§8§9H§x§8§2§8§2§8§2e§x§7§A§7§A§7§Al§x§7§3§7§3§7§3m§x§6§C§6§C§6§Ce§x§6§5§6§5§6§5t from storage
[00:19:26] > auvicious added x1 Enchanted book in auction for 231944.
[00:20:44] > InternetCafeUser buy x1 §x§F§F§7§C§0§0§lSteamsparks Hammer to _BAAM for $500,000.
[00:20:49] > InternetCafeUser remove x1 §x§F§F§7§C§0§0§lSteamsparks Hammer from buy
[00:25:42] > .JakeTheMiner457 added x1 §f§l§x§F§C§D§0§5§CW§x§F§A§A§A§4§Bu§x§F§9§8§4§3§Bk§x§F§7§5§F§2§Ao§x§F§5§3§9§1§9n§x§F§4§1§3§0§8g §x§F§5§3§9§1§9S§x§F§7§5§F§2§At§x§F§9§8§4§3§Ba§x§F§A§A§A§4§Bf§x§F§C§D§0§5§Cf in auction for 300000.
[00:26:07] > Julene added x1 §fBumble Bee Hat in auction for 45000.
[00:26:10] > .JakeTheMiner457 remove x1 §f§l§x§F§C§D§0§5§CW§x§F§A§A§A§4§Bu§x§F§9§8§4§3§Bk§x§F§7§5§F§2§Ao§x§F§5§3§9§1§9n§x§F§4§1§3§0§8g §x§F§5§3§9§1§9S§x§F§7§5§F§2§At§x§F§9§8§4§3§Ba§x§F§A§A§A§4§Bf§x§F§C§D§0§5§Cf from storage
[00:26:31] > .JakeTheMiner457 remove x1 §f§l§x§F§C§D§0§5§CW§x§F§A§A§A§4§Bu§x§F§9§8§4§3§Bk§x§F§7§5§F§2§Ao§x§F§5§3§9§1§9n§x§F§4§1§3§0§8g §x§F§5§3§9§1§9S§x§F§7§5§F§2§At§x§F§9§8§4§3§Ba§x§F§A§A§A§4§Bf§x§F§C§D§0§5§Cf from expire
[00:29:33] > .JakeTheMiner457 added x1 Coast armor trim smithing template in auction for 80000.
[00:40:25] > .Quackity26957 buy x64 Experience bottle to mae for $150,000.
[00:40:32] > .Quackity26957 buy x64 Experience bottle to mae for $150,000.
[00:40:47] > .Quackity26957 remove x64 Experience bottle form buy
[00:40:47] > .Quackity26957 remove x64 Experience bottle form buy
[00:43:35] > Applegod9 buy x2 Ominous trial key to Xavier881 for $350,000.
[00:43:43] > Applegod9 remove x2 Ominous trial key from buy
[00:47:01] > tic_sz remove x5 §x§F§C§D§0§5§C§lB§x§E§6§D§3§6§B§la§x§C§F§D§5§7§A§ls§x§B§9§D§8§8§9§li§x§A§2§D§A§9§8§lc §x§7§5§D§F§B§6§lC§x§5§F§E§2§C§5§lr§x§7§5§D§F§B§6§la§x§8§C§D§D§A§7§lt§x§A§2§D§A§9§8§le §x§C§F§D§5§7§A§lK§x§E§6§D§3§6§B§le§x§F§C§D§0§5§C§ly from buy
[00:47:02] > tic_sz remove x1 §x§F§F§7§C§0§0§lSteamsparks Wings from buy
[00:47:02] > tic_sz remove x1 §x§E§5§1§B§1§B§lDracula Wings from buy
[00:57:08] > shelby added x1 §x§E§E§0§0§0§0§lᴜɴʟɪᴍɪᴛᴇᴅ sᴇʟʟᴡᴀɴᴅ in auction for 100000.
[00:57:18] > mae buy x1 §x§E§E§0§0§0§0§lᴜɴʟɪᴍɪᴛᴇᴅ sᴇʟʟᴡᴀɴᴅ to shelby for $100,000.
[00:59:30] > .JakeTheMiner457 remove x1 Coast armor trim smithing template from storage
[00:59:47] > .JakeTheMiner457 remove x1 Coast armor trim smithing template from expire
[01:00:05] > .JakeTheMiner457 added x1 Coast armor trim smithing template in auction for 50000.
[01:00:23] > YchannR buy x1 Enchanted book to nachfaust for $100,000.
[01:07:18] > nachfaust added x1 Enchanted book in auction for 100000.
[01:07:57] > tic_sz added x1 Enchanted book in auction for 100000.
[01:08:08] > tic_sz added x1 Enchanted book in auction for 100000.
[01:09:25] > Takeremu remove x1 §c§lPlatinum Lure from buy
[01:09:26] > Takeremu remove x1 Coast armor trim smithing template from buy
[01:09:35] > YchannR buy x1 §x§F§F§5§5§0§0§lsᴇʟʟᴡᴀɴᴅ §6- 5.0x to auvicious for $550,000.
[01:09:43] > YchannR remove x1 §x§F§F§5§5§0§0§lsᴇʟʟᴡᴀɴᴅ §6- 5.0x from buy
[01:09:44] > YchannR remove x1 §x§C§9§A§7§F§C§lL§x§B§D§A§E§F§6§le§x§B§1§B§4§F§0§lg§x§A§6§B§B§E§A§le§x§9§A§C§1§E§4§ln§x§8§E§C§8§D§D§ld§x§8§2§C§E§D§7§la§x§7§7§D§5§D§1§lr§x§6§B§D§B§C§B§ly §x§6§B§D§B§C§B§lC§x§7§7§D§5§D§1§lr§x§8§2§C§E§D§7§la§x§8§E§C§8§D§D§lt§x§9§A§C§1§E§4§le §x§B§1§B§4§F§0§lK§x§B§D§A§E§F§6§le§x§C§9§A§7§F§C§ly from buy
[01:09:44] > YchannR remove x1 §x§C§9§A§7§F§C§lL§x§B§D§A§E§F§6§le§x§B§1§B§4§F§0§lg§x§A§6§B§B§E§A§le§x§9§A§C§1§E§4§ln§x§8§E§C§8§D§D§ld§x§8§2§C§E§D§7§la§x§7§7§D§5§D§1§lr§x§6§B§D§B§C§B§ly §x§6§B§D§B§C§B§lC§x§7§7§D§5§D§1§lr§x§8§2§C§E§D§7§la§x§8§E§C§8§D§D§lt§x§9§A§C§1§E§4§le §x§B§1§B§4§F§0§lK§x§B§D§A§E§F§6§le§x§C§9§A§7§F§C§ly from buy
[01:09:45] > YchannR remove x1 §x§C§9§A§7§F§C§lL§x§B§D§A§E§F§6§le§x§B§1§B§4§F§0§lg§x§A§6§B§B§E§A§le§x§9§A§C§1§E§4§ln§x§8§E§C§8§D§D§ld§x§8§2§C§E§D§7§la§x§7§7§D§5§D§1§lr§x§6§B§D§B§C§B§ly §x§6§B§D§B§C§B§lC§x§7§7§D§5§D§1§lr§x§8§2§C§E§D§7§la§x§8§E§C§8§D§D§lt§x§9§A§C§1§E§4§le §x§B§1§B§4§F§0§lK§x§B§D§A§E§F§6§le§x§C§9§A§7§F§C§ly from buy
[01:10:30] > nachfaust remove x1 §fMedieval Hat from storage
[01:10:42] > nachfaust added x1 §x§E§5§1§B§1§B§lDracula Sword in auction for 400000.
[01:12:12] > Klyntsx buy x15 §x§F§C§9§0§5§C§lE§x§E§6§9§C§6§B§lp§x§C§F§A§7§7§A§li§x§B§9§B§3§8§9§lc §x§8§C§C§B§A§7§lC§x§7§5§D§6§B§6§lr§x§5§F§E§2§C§5§la§x§7§9§D§4§B§4§lt§x§9§3§C§7§A§2§le §x§C§8§A§B§7§F§lK§x§E§2§9§E§6§E§le§x§F§C§9§0§5§C§ly to Seirione for $200,000.
[01:13:32] > Klyntsx remove x15 §x§F§C§9§0§5§C§lE§x§E§6§9§C§6§B§lp§x§C§F§A§7§7§A§li§x§B§9§B§3§8§9§lc §x§8§C§C§B§A§7§lC§x§7§5§D§6§B§6§lr§x§5§F§E§2§C§5§la§x§7§9§D§4§B§4§lt§x§9§3§C§7§A§2§le §x§C§8§A§B§7§F§lK§x§E§2§9§E§6§E§le§x§F§C§9§0§5§C§ly from buy
[01:13:36] > ThatMidnight remove x1 §f§l§8B§x§6§4§6§4§6§4a§x§7§4§7§4§7§4h§x§8§3§8§3§8§3a§x§9§3§9§3§9§3m§x§A§2§A§2§A§2ut§x§9§3§9§3§9§3 §x§8§3§8§3§8§3M§x§7§4§7§4§7§4a§x§6§4§6§4§6§4c§8e from storage
[01:13:41] > ThatMidnight remove x1 §f§l§8B§x§6§4§6§4§6§4a§x§7§4§7§4§7§4h§x§8§3§8§3§8§3a§x§9§3§9§3§9§3m§x§A§2§A§2§A§2ut§x§9§3§9§3§9§3 §x§8§3§8§3§8§3M§x§7§4§7§4§7§4a§x§6§4§6§4§6§4c§8e from expire
[01:13:53] > ThatMidnight added x1 §f§l§8B§x§6§4§6§4§6§4a§x§7§4§7§4§7§4h§x§8§3§8§3§8§3a§x§9§3§9§3§9§3m§x§A§2§A§2§A§2ut§x§9§3§9§3§9§3 §x§8§3§8§3§8§3M§x§7§4§7§4§7§4a§x§6§4§6§4§6§4c§8e in auction for 2000000.
[01:18:40] > x64 Spruce log on sale by .Vikisczfn has just expired, it goes in the inventory of expired items.
[01:19:23] > x64 Oak log on sale by .Vikisczfn has just expired, it goes in the inventory of expired items.
[01:19:29] > Zypher_0w0 added x1 §x§F§F§3§E§0§0§lDemon Lord Wings in auction for 5000000.
[01:22:36] > auvicious buy x1 §f§l§x§F§C§D§0§5§CW§x§F§B§B§0§4§Eu§x§F§9§9§0§4§0k§x§F§8§7§0§3§2o§x§F§6§5§0§2§3n§x§F§5§3§0§1§5g§x§F§4§1§0§0§7 H§x§F§5§3§0§1§5a§x§F§6§5§0§2§3l§x§F§8§7§0§3§2b§x§F§9§9§0§4§0e§x§F§B§B§0§4§Er§x§F§C§D§0§5§Cd to HwanYo for $150,000.
[01:24:39] > auvicious remove x1 §f§l§x§F§C§D§0§5§CW§x§F§B§B§0§4§Eu§x§F§9§9§0§4§0k§x§F§8§7§0§3§2o§x§F§6§5§0§2§3n§x§F§5§3§0§1§5g§x§F§4§1§0§0§7 H§x§F§5§3§0§1§5a§x§F§6§5§0§2§3l§x§F§8§7§0§3§2b§x§F§9§9§0§4§0e§x§F§B§B§0§4§Er§x§F§C§D§0§5§Cd form buy
[01:25:22] > .JakeTheMiner457 remove x1 Coast armor trim smithing template from storage
[01:25:33] > .JakeTheMiner457 remove x3 Netherite upgrade smithing template from storage
[01:25:33] > auvicious buy x1 §x§F§F§3§E§0§0§lD§x§F§F§3§5§0§0§le§x§F§F§2§C§0§0§lm§x§F§F§2§3§0§0§lo§x§F§F§1§B§0§0§ln §x§F§F§0§9§0§0§lL§x§F§F§0§0§0§0§lo§x§F§F§0§A§0§0§lr§x§F§F§1§5§0§0§ld §x§F§F§2§9§0§0§lA§x§F§F§3§4§0§0§lx§x§F§F§3§E§0§0§le to RizzaIck for $500,000.
[01:25:40] > auvicious remove x1 §x§F§F§3§E§0§0§lD§x§F§F§3§5§0§0§le§x§F§F§2§C§0§0§lm§x§F§F§2§3§0§0§lo§x§F§F§1§B§0§0§ln §x§F§F§0§9§0§0§lL§x§F§F§0§0§0§0§lo§x§F§F§0§A§0§0§lr§x§F§F§1§5§0§0§ld §x§F§F§2§9§0§0§lA§x§F§F§3§4§0§0§lx§x§F§F§3§E§0§0§le from buy
[01:26:01] > .JakeTheMiner457 remove x3 Netherite upgrade smithing template form expire
[01:26:01] > .JakeTheMiner457 remove x1 Coast armor trim smithing template form expire
[01:26:19] > .JakeTheMiner457 added x3 Netherite upgrade smithing template in auction for 220000.
[01:26:36] > ThatMidnight buy x1 §x§E§5§1§B§1§B§lDracula Sword to nachfaust for $400,000.
[01:26:44] > ThatMidnight remove x1 §x§F§F§5§5§0§0§lsᴇʟʟᴡᴀɴᴅ §6- 5.0x from buy
[01:26:45] > ThatMidnight remove x1 §x§E§5§1§B§1§B§lDracula Sword from buy
[01:26:52] > .JakeTheMiner457 added x1 Sentry armor trim smithing template in auction for 50000.
[01:27:17] > .Quackity26957 buy x1 Sentry armor trim smithing template to .JakeTheMiner457 for $50,000.
[01:27:24] > .JakeTheMiner457 added x1 Sentry armor trim smithing template in auction for 50000.
[01:27:24] > nachfaust remove x1 Diamond hoe from storage
[01:27:39] > .Quackity26957 remove x1 Sentry armor trim smithing template form buy
[01:28:29] > Applegod9 buy x1 Enchanted book to nachfaust for $100,000.
[01:28:42] > Applegod9 buy x1 Enchanted book to nachfaust for $100,000.
[01:28:47] > Applegod9 buy x1 Enchanted book to auvicious for $124,786.
[01:32:14] > auvicious added x1 §fDolphin Plushie §6(#28/101) in auction for 155249.
[01:33:19] > auvicious added x1 §f§x§F§9§A§2§0§DP§x§F§2§9§E§0§Du§x§E§B§9§9§0§Dm§x§E§3§9§5§0§Dp§x§D§C§9§0§0§Dk§x§D§5§8§C§0§Di§x§C§E§8§7§0§Dn§x§C§7§8§3§0§D §x§B§F§7§E§0§DH§x§B§8§7§A§0§Da§x§B§1§7§5§0§Dt in auction for 87693.
[01:33:49] > auvicious remove x1 Enchanted book from storage
[01:34:25] > auvicious added x1 §f§x§D§0§D§0§D§0J§x§C§9§C§9§C§9e§x§C§2§C§2§C§2t§x§B§B§B§B§B§B §x§B§3§B§3§B§3P§x§A§C§A§C§A§Ci§x§A§5§A§5§A§5l§x§9§E§9§E§9§Eo§x§9§7§9§7§9§7t§x§9§0§9§0§9§0 §x§8§9§8§9§8§9H§x§8§2§8§2§8§2e§x§7§A§7§A§7§Al§x§7§3§7§3§7§3m§x§6§C§6§C§6§Ce§x§6§5§6§5§6§5t in auction for 84635.
[01:37:04] > _BAAM buy x1 Sentry armor trim smithing template to .JakeTheMiner457 for $50,000.
[01:37:06] > _BAAM buy x1 Sentry armor trim smithing template to .JakeTheMiner457 for $80,000.
[01:38:46] > _BAAM remove x1 Sentry armor trim smithing template form buy
[01:38:46] > _BAAM remove x1 Sentry armor trim smithing template form buy
[01:41:35] > .JakeTheMiner457 added x1 Sentry armor trim smithing template in auction for 60000.
[01:42:01] > .JakeTheMiner457 added x1 Sentry armor trim smithing template in auction for 60000.
[01:42:12] > tic_sz buy x1 Sentry armor trim smithing template to .JakeTheMiner457 for $60,000.
[01:42:22] > .JakeTheMiner457 added x1 Sentry armor trim smithing template in auction for 60000.
[01:42:31] > tic_sz remove x1 Eye armor trim smithing template from storage
[01:42:42] > tic_sz remove x1 Sentry armor trim smithing template from buy
[01:42:53] > Zypher_0w0 buy x1 Sentry armor trim smithing template to .JakeTheMiner457 for $60,000.
[01:43:10] > tic_sz added x1 Eye armor trim smithing template in auction for 150000.
[01:43:10] > nachfaust added x64 Wind charge in auction for 50000.
[01:43:22] > nachfaust added x1 Enchanted book in auction for 50000.
[01:43:32] > nachfaust added x1 §fAdventure Hat in auction for 50000.
[01:43:56] > nachfaust added x2 Snout armor trim smithing template in auction for 150000.
[01:45:39] > .JakeTheMiner457 added x1 Netherite upgrade smithing template in auction for 70000.
[01:46:12] > 8it5inn added x1 §x§E§4§3§A§9§6§lW§x§E§7§5§3§A§3§lI§x§E§B§6§B§B§0§lN§x§E§E§8§4§B§D§lG§x§F§2§9§D§C§B§lS §x§F§8§C§E§E§5§lO§x§F§C§E§6§F§2§lF §x§F§C§E§6§F§2§lE§x§F§8§C§E§E§5§lT§x§F§5§B§5§D§8§lE§x§F§2§9§D§C§B§lR§x§E§E§8§4§B§D§lN§x§E§B§6§B§B§0§lI§x§E§7§5§3§A§3§lT§x§E§4§3§A§9§6§lY in auction for 20000000.
[01:46:20] > 8it5inn remove x1 §x§E§4§3§A§9§6§lW§x§E§7§5§3§A§3§lI§x§E§B§6§B§B§0§lN§x§E§E§8§4§B§D§lG§x§F§2§9§D§C§B§lS §x§F§8§C§E§E§5§lO§x§F§C§E§6§F§2§lF §x§F§C§E§6§F§2§lE§x§F§8§C§E§E§5§lT§x§F§5§B§5§D§8§lE§x§F§2§9§D§C§B§lR§x§E§E§8§4§B§D§lN§x§E§B§6§B§B§0§lI§x§E§7§5§3§A§3§lT§x§E§4§3§A§9§6§lY from storage
[01:50:01] > namerikangel buy x2 Snout armor trim smithing template to nachfaust for $150,000.
[01:50:23] > namerikangel remove x2 Snout armor trim smithing template from buy
[01:52:34] > nachfaust added x5 Snout armor trim smithing template in auction for 350000.
[01:57:17] > .AyakoKoru added x1 Totem of undying in auction for 25000.
[01:57:23] > nachfaust buy x1 Totem of undying to .AyakoKoru for $25,000.
[01:57:28] > .AyakoKoru added x1 Totem of undying in auction for 25000.
[01:57:46] > .AyakoKoru added x1 Totem of undying in auction for 25000.
[01:58:01] > .AyakoKoru added x1 Totem of undying in auction for 25000.
[01:58:11] > .AyakoKoru added x1 Totem of undying in auction for 25000.
[01:58:17] > _BAAM buy x64 Experience bottle to mae for $150,000.
[01:58:21] > _BAAM remove x64 Experience bottle form buy
[02:01:44] > giyahnpogi buy x1 Eye armor trim smithing template to tic_sz for $150,000.
[02:22:44] > Icon_Skully buy x1 Enchanted book to tic_sz for $100,000.
[02:22:47] > Icon_Skully buy x1 Enchanted book to tic_sz for $100,000.
[02:23:40] > .JakeTheMiner457 remove x1 Netherite upgrade smithing template from storage
[02:24:01] > .JakeTheMiner457 added x1 Shulker box in auction for 150000.
[02:24:26] > Icon_Skully remove x1 Enchanted book form buy
[02:24:26] > Icon_Skully remove x1 Enchanted book form buy
[02:25:32] > .JakeTheMiner457 remove x3 Netherite upgrade smithing template from storage
[02:25:48] > .JakeTheMiner457 remove x1 Sentry armor trim smithing template from storage
[02:26:01] > .JakeTheMiner457 remove x1 Netherite upgrade smithing template form expire
[02:26:01] > .JakeTheMiner457 remove x3 Netherite upgrade smithing template form expire
[02:26:01] > .JakeTheMiner457 remove x1 Sentry armor trim smithing template form expire
[02:26:43] > .JakeTheMiner457 added x1 Sentry armor trim smithing template in auction for 60000.
[02:27:11] > .JakeTheMiner457 added x1 Sentry armor trim smithing template in auction for 60000.
[02:29:35] > Icon_Skully remove x1 §f§l§x§F§C§D§0§5§CW§x§F§A§A§6§4§Au§x§F§8§7§D§3§7k§x§F§7§5§3§2§5o§x§F§5§2§A§1§2n§x§F§3§0§0§0§0g§x§F§5§2§A§1§2 §x§F§7§5§3§2§5C§x§F§8§7§D§3§7l§x§F§A§A§6§4§Au§x§F§C§D§0§5§Cb from storage
[02:34:50] > Keeos added x64 Golden apple in auction for 150000.
[02:35:03] > Keeos added x64 Golden apple in auction for 150000.
[02:35:14] > Keeos added x64 Golden apple in auction for 150000.
[02:35:27] > Keeos added x64 Golden apple in auction for 150000.
[02:35:40] > Keeos added x64 Golden apple in auction for 150000.
[02:35:53] > Keeos added x64 Golden apple in auction for 150000.
[02:36:04] > Keeos added x64 Golden apple in auction for 150000.
[02:52:25] > Icon_Skully added x1 §x§E§4§3§A§9§6§lW§x§E§7§5§3§A§3§lI§x§E§B§6§B§B§0§lN§x§E§E§8§4§B§D§lG§x§F§2§9§D§C§B§lS §x§F§8§C§E§E§5§lO§x§F§C§E§6§F§2§lF §x§F§C§E§6§F§2§lE§x§F§8§C§E§E§5§lT§x§F§5§B§5§D§8§lE§x§F§2§9§D§C§B§lR§x§E§E§8§4§B§D§lN§x§E§B§6§B§B§0§lI§x§E§7§5§3§A§3§lT§x§E§4§3§A§9§6§lY in auction for 5500000.
[02:52:38] > mae added x1 §f§l§x§8§A§0§0§F§FS§x§9§6§0§0§E§3h§x§A§1§0§0§C§6i§x§A§D§0§0§A§An§x§B§9§0§0§8§Ee§x§C§4§0§0§7§1 §x§D§0§0§0§5§5O§x§D§C§0§0§3§9n§x§E§7§0§0§1§Ci§x§F§3§0§0§0§0 §x§E§7§0§0§1§CB§x§D§C§0§0§3§9i§x§D§0§0§0§5§5g§x§C§4§0§0§7§1 §x§B§9§0§0§8§ES§x§A§D§0§0§A§Aw§x§A§1§0§0§C§6o§x§9§6§0§0§E§3r§x§8§A§0§0§F§Fd in auction for 3000000.
[02:57:23] > Julene added x1 §x§F§F§7§C§0§0§lSteamsparks Spear in auction for 350000.
[02:57:37] > Julene added x1 §x§E§5§1§B§1§B§lDracula Blade in auction for 350000.
[03:09:46] > mae added x1 Enchanted book in auction for 50000.
[03:21:55] > mae remove x1 §f§l§x§8§A§0§0§F§FS§x§9§6§0§0§E§3h§x§A§1§0§0§C§6i§x§A§D§0§0§A§An§x§B§9§0§0§8§Ee§x§C§4§0§0§7§1 §x§D§0§0§0§5§5O§x§D§C§0§0§3§9n§x§E§7§0§0§1§Ci§x§F§3§0§0§0§0 §x§E§7§0§0§1§CB§x§D§C§0§0§3§9i§x§D§0§0§0§5§5g§x§C§4§0§0§7§1 §x§B§9§0§0§8§ES§x§A§D§0§0§A§Aw§x§A§1§0§0§C§6o§x§9§6§0§0§E§3r§x§8§A§0§0§F§Fd from storage
[03:26:30] > Ryzxc added x1 §fBreeze Plushie §6(#11/101) in auction for 100000.
[03:35:22] > mae remove x1 Enchanted book from storage
[03:35:31] > mae added x1 Enchanted book in auction for 3000.
[04:06:51] > Ryzxc added x1 Splash potion in auction for 999.
[04:07:01] > anneyong buy x1 Splash potion to Ryzxc for $999.
[04:07:07] > anneyong remove x1 Splash potion from buy
[04:10:01] > Ryzxc buy x64 Stone to .Vikisczfn for $1,000.
[04:11:17] > Ryzxc added x64 Cobblestone in auction for 500.
[04:13:56] > claypotter added x1 Shulker box in auction for 3000.
[04:14:15] > claypotter added x1 Shulker box in auction for 3000.
[04:14:25] > claypotter added x1 Shulker box in auction for 3000.
[04:15:24] > Kyle buy x1 Shulker box to claypotter for $3,000.
[04:15:49] > Kyle buy x1 Shulker box to claypotter for $3,000.
[04:17:09] > Kyle remove x1 Shulker box form buy
[04:17:09] > Kyle remove x1 Shulker box form buy
[05:26:46] > Antonie657 buy x1 Shulker box to claypotter for $3,000.
[05:27:16] > Zypher_0w0 buy x1 §x§F§F§5§5§0§0§lsᴇʟʟᴡᴀɴᴅ §6- 5.0x to EnderDragon0120 for $575,000.
[05:27:57] > Zypher_0w0 remove x1 §x§F§F§5§5§0§0§lsᴇʟʟᴡᴀɴᴅ §6- 5.0x from buy
[05:29:17] > Antonie657 remove x1 Shulker box from buy
[05:39:30] > x2 Emerald on sale by esri80 has just expired, it goes in the inventory of expired items.
[05:39:30] > x2 Emerald on sale by esri80 has just expired, it goes in the inventory of expired items.
[05:41:56] > Panda_Nooba buy x1 Enchanted book to mae for $3,000.
[05:43:12] > Panda_Nooba remove x6 Shulker shell form buy
[05:43:12] > Panda_Nooba remove x1 Enchanted book form buy
[05:43:33] > Icon_Skully added x1 §x§F§F§7§C§0§0§lSteamsparks Shield in auction for 10000.
[05:43:40] > Xavier881 buy x1 §x§F§F§7§C§0§0§lSteamsparks Shield to Icon_Skully for $10,000.
[05:43:56] > Icon_Skully added x5 §x§F§C§9§0§5§C§lE§x§E§6§9§C§6§B§lp§x§C§F§A§7§7§A§li§x§B§9§B§3§8§9§lc §x§8§C§C§B§A§7§lC§x§7§5§D§6§B§6§lr§x§5§F§E§2§C§5§la§x§7§9§D§4§B§4§lt§x§9§3§C§7§A§2§le §x§C§8§A§B§7§F§lK§x§E§2§9§E§6§E§le§x§F§C§9§0§5§C§ly in auction for 25000.
[05:44:25] > Icon_Skully added x2 §x§F§C§D§0§5§C§lB§x§E§6§D§3§6§B§la§x§C§F§D§5§7§A§ls§x§B§9§D§8§8§9§li§x§A§2§D§A§9§8§lc §x§7§5§D§F§B§6§lC§x§5§F§E§2§C§5§lr§x§7§5§D§F§B§6§la§x§8§C§D§D§A§7§lt§x§A§2§D§A§9§8§le §x§C§F§D§5§7§A§lK§x§E§6§D§3§6§B§le§x§F§C§D§0§5§C§ly in auction for 5000.
[05:44:39] > Xavier881 buy x5 §x§F§C§9§0§5§C§lE§x§E§6§9§C§6§B§lp§x§C§F§A§7§7§A§li§x§B§9§B§3§8§9§lc §x§8§C§C§B§A§7§lC§x§7§5§D§6§B§6§lr§x§5§F§E§2§C§5§la§x§7§9§D§4§B§4§lt§x§9§3§C§7§A§2§le §x§C§8§A§B§7§F§lK§x§E§2§9§E§6§E§le§x§F§C§9§0§5§C§ly to Icon_Skully for $25,000.
[05:45:22] > Antonie657 buy x2 §x§F§C§D§0§5§C§lB§x§E§6§D§3§6§B§la§x§C§F§D§5§7§A§ls§x§B§9§D§8§8§9§li§x§A§2§D§A§9§8§lc §x§7§5§D§F§B§6§lC§x§5§F§E§2§C§5§lr§x§7§5§D§F§B§6§la§x§8§C§D§D§A§7§lt§x§A§2§D§A§9§8§le §x§C§F§D§5§7§A§lK§x§E§6§D§3§6§B§le§x§F§C§D§0§5§C§ly to Icon_Skully for $5,000.
[05:45:44] > Antonie657 remove x2 §x§F§C§D§0§5§C§lB§x§E§6§D§3§6§B§la§x§C§F§D§5§7§A§ls§x§B§9§D§8§8§9§li§x§A§2§D§A§9§8§lc §x§7§5§D§F§B§6§lC§x§5§F§E§2§C§5§lr§x§7§5§D§F§B§6§la§x§8§C§D§D§A§7§lt§x§A§2§D§A§9§8§le §x§C§F§D§5§7§A§lK§x§E§6§D§3§6§B§le§x§F§C§D§0§5§C§ly from buy
[05:48:45] > Icon_Skully remove x1 §x§E§4§3§A§9§6§lW§x§E§7§5§3§A§3§lI§x§E§B§6§B§B§0§lN§x§E§E§8§4§B§D§lG§x§F§2§9§D§C§B§lS §x§F§8§C§E§E§5§lO§x§F§C§E§6§F§2§lF §x§F§C§E§6§F§2§lE§x§F§8§C§E§E§5§lT§x§F§5§B§5§D§8§lE§x§F§2§9§D§C§B§lR§x§E§E§8§4§B§D§lN§x§E§B§6§B§B§0§lI§x§E§7§5§3§A§3§lT§x§E§4§3§A§9§6§lY from storage
[06:28:29] > tic_sz added x1 §x§F§F§5§5§0§0§lsᴇʟʟᴡᴀɴᴅ §6- 5.0x in auction for 550000.
[06:28:46] > ThatMidnight added x1 §x§F§F§5§5§0§0§lsᴇʟʟᴡᴀɴᴅ §6- 5.0x in auction for 400000.
[06:28:50] > tic_sz buy x1 §x§F§F§5§5§0§0§lsᴇʟʟᴡᴀɴᴅ §6- 5.0x to ThatMidnight for $400,000.
[06:28:57] > tic_sz remove x1 §x§F§F§5§5§0§0§lsᴇʟʟᴡᴀɴᴅ §6- 5.0x from buy
[06:29:09] > tic_sz added x1 §x§F§F§5§5§0§0§lsᴇʟʟᴡᴀɴᴅ §6- 5.0x in auction for 500000.
[06:29:15] > ThatMidnight added x1 §x§F§F§5§5§0§0§lsᴇʟʟᴡᴀɴᴅ §6- 5.0x in auction for 500000.
[06:29:43] > ThatMidnight remove x1 §x§F§F§5§5§0§0§lsᴇʟʟᴡᴀɴᴅ §6- 5.0x from storage
[06:29:48] > x1 §f§l§8B§x§6§3§6§3§6§3a§x§7§1§7§1§7§1h§x§8§0§8§0§8§0a§x§8§E§8§E§8§Em§x§9§C§9§C§9§Cu§7t§x§9§C§9§C§9§C §x§8§E§8§E§8§ES§x§8§0§8§0§8§0t§x§7§1§7§1§7§1a§x§6§3§6§3§6§3f§8f, item of mae, has just expired, the item is definitively deleted.
[06:29:48] > x1 §x§F§F§3§E§0§0§lD§x§F§F§3§7§0§0§le§x§F§F§3§0§0§0§lm§x§F§F§2§9§0§0§lo§x§F§F§2§2§0§0§ln §x§F§F§1§5§0§0§lL§x§F§F§0§E§0§0§lo§x§F§F§0§7§0§0§lr§x§F§F§0§0§0§0§ld §x§F§F§0§E§0§0§lC§x§F§F§1§5§0§0§lr§x§F§F§1§C§0§0§lo§x§F§F§2§2§0§0§ls§x§F§F§2§9§0§0§ls§x§F§F§3§0§0§0§lb§x§F§F§3§7§0§0§lo§x§F§F§3§E§0§0§lw, item of kopo555, has just expired, the item is definitively deleted.
[06:29:48] > x1 §f§l§8B§x§6§2§6§2§6§2a§x§6§F§6§F§6§Fh§x§7§C§7§C§7§Ca§x§8§9§8§9§8§9m§x§9§6§9§6§9§6u§x§A§3§A§3§A§3t §x§9§6§9§6§9§6S§x§8§9§8§9§8§9h§x§7§C§7§C§7§Co§x§6§F§6§F§6§Fv§x§6§2§6§2§6§2e§8l, item of mae, has just expired, the item is definitively deleted.
[06:29:50] > ThatMidnight remove x1 §x§F§F§5§5§0§0§lsᴇʟʟᴡᴀɴᴅ §6- 5.0x from expire
[06:30:46] > ThatMidnight added x1 §x§F§F§5§5§0§0§lsᴇʟʟᴡᴀɴᴅ §6- 5.0x in auction for 500000.
[06:30:59] > tic_sz remove x1 §x§F§F§5§5§0§0§lsᴇʟʟᴡᴀɴᴅ §6- 5.0x from storage
[06:31:05] > ThatMidnight added x1 §x§F§F§5§5§0§0§lsᴇʟʟᴡᴀɴᴅ §6- 5.0x in auction for 500000.
[06:31:11] > tic_sz remove x1 §x§F§F§5§5§0§0§lsᴇʟʟᴡᴀɴᴅ §6- 5.0x from expire
[06:31:17] > tic_sz added x1 §x§F§F§5§5§0§0§lsᴇʟʟᴡᴀɴᴅ §6- 5.0x in auction for 450000.
[06:32:45] > ThatMidnight remove x1 §x§F§F§5§5§0§0§lsᴇʟʟᴡᴀɴᴅ §6- 5.0x from storage
[06:32:47] > ThatMidnight remove x1 §x§F§F§5§5§0§0§lsᴇʟʟᴡᴀɴᴅ §6- 5.0x from storage
[06:32:56] > ThatMidnight remove x1 §x§F§F§5§5§0§0§lsᴇʟʟᴡᴀɴᴅ §6- 5.0x from expire
[06:32:57] > ThatMidnight remove x1 §x§F§F§5§5§0§0§lsᴇʟʟᴡᴀɴᴅ §6- 5.0x from expire
[06:34:37] > Zypher_0w0 buy x1 §x§F§F§5§5§0§0§lsᴇʟʟᴡᴀɴᴅ §6- 5.0x to tic_sz for $450,000.
[06:35:04] > Zypher_0w0 remove x1 §x§F§F§5§5§0§0§lsᴇʟʟᴡᴀɴᴅ §6- 5.0x from buy
[07:11:30] > Xavier881 added x1 LF AXOLOTL BUCKETS, WILL PAY 50k each in auction for 50000.
[07:31:53] > Xavier881 added x1 Music disc lava chicken in auction for 500000.
[08:10:37] > Panda_Nooba added x1 §f§l§8B§x§6§6§6§6§6§6a§x§7§7§7§7§7§7h§x§8§8§8§8§8§8a§x§9§9§9§9§9§9m§7u§x§9§9§9§9§9§9t§x§8§8§8§8§8§8 §x§7§7§7§7§7§7H§x§6§6§6§6§6§6a§8t in auction for 100000.
[09:07:37] > Fogstrap remove x1 §f§l§8B§x§6§3§6§3§6§3a§x§7§1§7§1§7§1h§x§8§0§8§0§8§0a§x§8§E§8§E§8§Em§x§9§C§9§C§9§Cu§7t§x§9§C§9§C§9§C §x§8§E§8§E§8§ES§x§8§0§8§0§8§0t§x§7§1§7§1§7§1a§x§6§3§6§3§6§3f§8f from storage
[09:07:59] > Fogstrap added x1 §f§l§8B§x§6§3§6§3§6§3a§x§7§1§7§1§7§1h§x§8§0§8§0§8§0a§x§8§E§8§E§8§Em§x§9§C§9§C§9§Cu§7t§x§9§C§9§C§9§C §x§8§E§8§E§8§ES§x§8§0§8§0§8§0t§x§7§1§7§1§7§1a§x§6§3§6§3§6§3f§8f in auction for 1000000.
[09:59:47] > HwanYo added x64 Wither skeleton skull in auction for 400000.
[10:01:35] > HwanYo added x15 Enchanted golden apple in auction for 200000.
[10:04:15] > HwanYo added x64 Experience bottle in auction for 80000.
[10:04:25] > HwanYo added x64 Experience bottle in auction for 80000.
[10:04:33] > octopus_01 buy x5 Snout armor trim smithing template to nachfaust for $350,000.
[10:05:35] > octopus_01 remove x5 Snout armor trim smithing template from buy
[10:12:15] > HwanYo added x64 Experience bottle in auction for 80000.
[10:12:26] > HwanYo added x64 Experience bottle in auction for 80000.
[10:13:01] > HwanYo added x64 Experience bottle in auction for 80000.
[10:13:22] > HwanYo added x1 §x§F§F§3§E§0§0§lD§x§F§F§3§6§0§0§le§x§F§F§2§F§0§0§lm§x§F§F§2§7§0§0§lo§x§F§F§1§F§0§0§ln §x§F§F§1§0§0§0§lL§x§F§F§0§8§0§0§lo§x§F§F§0§0§0§0§lr§x§F§F§0§8§0§0§ld §x§F§F§1§7§0§0§lH§x§F§F§1§F§0§0§le§x§F§F§2§7§0§0§ll§x§F§F§2§F§0§0§lm§x§F§F§3§6§0§0§le§x§F§F§3§E§0§0§lt in auction for 700000.
[10:15:53] > HwanYo added x1 §x§F§F§3§E§0§0§lD§x§F§F§3§6§0§0§le§x§F§F§2§F§0§0§lm§x§F§F§2§7§0§0§lo§x§F§F§1§F§0§0§ln §x§F§F§1§0§0§0§lL§x§F§F§0§8§0§0§lo§x§F§F§0§0§0§0§lr§x§F§F§0§9§0§0§ld §x§F§F§1§B§0§0§lS§x§F§F§2§3§0§0§lw§x§F§F§2§C§0§0§lo§x§F§F§3§5§0§0§lr§x§F§F§3§E§0§0§ld in auction for 500000.
[10:17:51] > HwanYo added x1 §f§l§x§8§A§0§0§F§FS§x§9§C§0§0§D§5h§x§A§D§0§0§A§Ai§x§B§F§0§0§8§0n§x§D§0§0§0§5§5e§x§E§2§0§0§2§B §x§F§3§0§0§0§0O§x§E§2§0§0§2§An§x§D§0§0§0§5§5i§x§B§F§0§0§8§0 §x§A§D§0§0§A§AH§x§9§C§0§0§D§5o§x§8§A§0§0§F§Fe in auction for 1000000.
[10:18:52] > x5 §x§3§4§9§8§D§Bꜱᴋᴇʟᴇᴛᴏɴ ꜱᴘᴀᴡɴᴇʀ on sale by giyahnpogi has just expired, it goes in the inventory of expired items.
[10:22:21] > x10 §x§F§C§9§0§5§C§lE§x§E§6§9§C§6§B§lp§x§C§F§A§7§7§A§li§x§B§9§B§3§8§9§lc §x§8§C§C§B§A§7§lC§x§7§5§D§6§B§6§lr§x§5§F§E§2§C§5§la§x§7§9§D§4§B§4§lt§x§9§3§C§7§A§2§le §x§C§8§A§B§7§F§lK§x§E§2§9§E§6§E§le§x§F§C§9§0§5§C§ly on sale by NOGOLIOS has just expired, it goes in the inventory of expired items.
[10:22:26] > HwanYo remove x15 Enchanted golden apple from storage
[10:22:30] > HwanYo added x64 Emerald block in auction for 300000.
[10:23:46] > HwanYo remove x64 Experience bottle from storage
[10:23:56] > HwanYo added x1 §x§3§4§9§8§D§Bᴡᴀʀᴅᴇɴ ꜱᴘᴀᴡɴᴇʀ in auction for 350000.
[10:26:32] > RizzaIck remove x1 §x§E§4§3§A§9§6§lW§x§E§7§5§3§A§3§lI§x§E§B§6§B§B§0§lN§x§E§E§8§4§B§D§lG§x§F§2§9§D§C§B§lS §x§F§8§C§E§E§5§lO§x§F§C§E§6§F§2§lF §x§F§C§E§6§F§2§lE§x§F§8§C§E§E§5§lT§x§F§5§B§5§D§8§lE§x§F§2§9§D§C§B§lR§x§E§E§8§4§B§D§lN§x§E§B§6§B§B§0§lI§x§E§7§5§3§A§3§lT§x§E§4§3§A§9§6§lY from storage
[10:26:58] > RizzaIck added x1 §x§E§4§3§A§9§6§lW§x§E§7§5§3§A§3§lI§x§E§B§6§B§B§0§lN§x§E§E§8§4§B§D§lG§x§F§2§9§D§C§B§lS §x§F§8§C§E§E§5§lO§x§F§C§E§6§F§2§lF §x§F§C§E§6§F§2§lE§x§F§8§C§E§E§5§lT§x§F§5§B§5§D§8§lE§x§F§2§9§D§C§B§lR§x§E§E§8§4§B§D§lN§x§E§B§6§B§B§0§lI§x§E§7§5§3§A§3§lT§x§E§4§3§A§9§6§lY in auction for 6000000.
[10:31:01] > kabayooo buy x1 randoms to Seirione for $6,000,000.
[10:31:11] > kabayooo remove x1 randoms from buy
[10:31:31] > kabayooo added x1 Netherite chestplate in auction for 500000.
[10:31:43] > kabayooo added x1 Netherite chestplate in auction for 500000.
[10:32:54] > kabayooo added x1 §f§l§8B§x§6§2§6§2§6§2a§x§6§F§6§F§6§Fh§x§7§C§7§C§7§Ca§x§8§9§8§9§8§9m§x§9§6§9§6§9§6u§x§A§3§A§3§A§3t §x§9§6§9§6§9§6H§x§8§9§8§9§8§9a§x§7§C§7§C§7§Ct§x§6§F§6§F§6§F §x§6§2§6§2§6§2V§82 in auction for 1200000.
[10:32:59] > kabayooo remove x1 Netherite chestplate from storage
[10:33:18] > kabayooo added x1 §x§E§5§1§B§1§B§lDracula Blade in auction for 200000.
[10:33:30] > kabayooo added x1 §f§l§x§F§C§D§0§5§CW§x§F§B§B§D§5§4u§x§F§A§A§A§4§Bk§x§F§A§9§7§4§3o§x§F§9§8§4§3§Bn§x§F§8§7§1§3§2g§x§F§7§5§F§2§A §x§F§6§4§C§2§1B§x§F§5§3§9§1§9o§x§F§5§2§6§1§1o§x§F§4§1§3§0§8t§x§F§3§0§0§0§0s in auction for 200000.
[10:33:45] > kabayooo added x1 §f§l§x§F§C§D§0§5§CW§x§F§B§A§D§4§Du§x§F§9§8§B§3§Dk§x§F§8§6§8§2§Eo§x§F§6§4§5§1§Fn§x§F§5§2§3§0§Fg§x§F§3§0§0§0§0 §x§F§5§2§3§0§FH§x§F§6§4§5§1§Fe§x§F§8§6§8§2§El§x§F§9§8§B§3§Dm§x§F§B§A§D§4§De§x§F§C§D§0§5§Ct in auction for 200000.
[11:06:55] > Fogstrap remove x1 §f§l§8B§x§6§3§6§3§6§3a§x§7§1§7§1§7§1h§x§8§0§8§0§8§0a§x§8§E§8§E§8§Em§x§9§C§9§C§9§Cu§7t§x§9§C§9§C§9§C §x§8§E§8§E§8§ES§x§8§0§8§0§8§0t§x§7§1§7§1§7§1a§x§6§3§6§3§6§3f§8f from storage
[11:08:01] > Fogstrap added x1 Cooked beef in auction for 100.
[11:08:07] > Fogstrap remove x1 Cooked beef from storage
[11:09:13] > Fogstrap added x1 §f§l§8B§x§5§F§5§F§5§Fa§x§6§9§6§9§6§9h§x§7§3§7§3§7§3a§x§7§D§7§D§7§Dm§x§8§7§8§7§8§7u§x§9§1§9§1§9§1t§x§9§B§9§B§9§B §x§A§5§A§5§A§5Gr§x§9§B§9§B§9§Be§x§9§1§9§1§9§1a§x§8§7§8§7§8§7t§x§7§D§7§D§7§Ds§x§7§3§7§3§7§3w§x§6§9§6§9§6§9o§x§5§F§5§F§5§Fr§8d in auction for 800000.
[11:10:02] > giyahnpogi remove x1 §f§l§x§8§A§0§0§F§FS§x§9§6§0§0§E§3h§x§A§1§0§0§C§6i§x§A§D§0§0§A§An§x§B§9§0§0§8§Ee§x§C§4§0§0§7§1 §x§D§0§0§0§5§5O§x§D§C§0§0§3§9n§x§E§7§0§0§1§Ci§x§F§3§0§0§0§0 §x§E§7§0§0§1§CB§x§D§C§0§0§3§9i§x§D§0§0§0§5§5g§x§C§4§0§0§7§1 §x§B§9§0§0§8§ES§x§A§D§0§0§A§Aw§x§A§1§0§0§C§6o§x§9§6§0§0§E§3r§x§8§A§0§0§F§Fd from expire
[11:10:03] > giyahnpogi remove x5 §x§3§4§9§8§D§Bꜱᴋᴇʟᴇᴛᴏɴ ꜱᴘᴀᴡɴᴇʀ from expire
[11:10:03] > .DairyParty8521 buy x1 Netherite chestplate to kabayooo for $500,000.
[11:10:27] > .DairyParty8521 remove x1 Netherite chestplate from buy
[11:14:40] > HwanYo remove x1 §x§F§F§3§E§0§0§lD§x§F§F§3§6§0§0§le§x§F§F§2§F§0§0§lm§x§F§F§2§7§0§0§lo§x§F§F§1§F§0§0§ln §x§F§F§1§0§0§0§lL§x§F§F§0§8§0§0§lo§x§F§F§0§0§0§0§lr§x§F§F§0§8§0§0§ld §x§F§F§1§7§0§0§lH§x§F§F§1§F§0§0§le§x§F§F§2§7§0§0§ll§x§F§F§2§F§0§0§lm§x§F§F§3§6§0§0§le§x§F§F§3§E§0§0§lt from storage
[11:14:45] > HwanYo added x1 §x§F§F§3§E§0§0§lD§x§F§F§3§6§0§0§le§x§F§F§2§F§0§0§lm§x§F§F§2§7§0§0§lo§x§F§F§1§F§0§0§ln §x§F§F§1§0§0§0§lL§x§F§F§0§8§0§0§lo§x§F§F§0§0§0§0§lr§x§F§F§0§8§0§0§ld §x§F§F§1§7§0§0§lH§x§F§F§1§F§0§0§le§x§F§F§2§7§0§0§ll§x§F§F§2§F§0§0§lm§x§F§F§3§6§0§0§le§x§F§F§3§E§0§0§lt in auction for 500000.
[11:22:41] > FRANZ_JOSEF0 buy x1 Enchanted book to ELITEWARRIOR for $90,000.
[11:25:21] > Kaynn added x1 Diamond sword in auction for 200000.
[11:25:46] > FRANZ_JOSEF0 added x1 §x§F§F§3§E§0§0§lD§x§F§F§3§6§0§0§le§x§F§F§2§F§0§0§lm§x§F§F§2§7§0§0§lo§x§F§F§1§F§0§0§ln §x§F§F§1§0§0§0§lL§x§F§F§0§8§0§0§lo§x§F§F§0§0§0§0§lr§x§F§F§0§8§0§0§ld §x§F§F§1§7§0§0§lS§x§F§F§1§F§0§0§li§x§F§F§2§7§0§0§lc§x§F§F§2§F§0§0§lk§x§F§F§3§6§0§0§ll§x§F§F§3§E§0§0§le in auction for 500000.
[11:26:53] > Kaynn buy x1 §x§F§F§3§E§0§0§lD§x§F§F§3§6§0§0§le§x§F§F§2§F§0§0§lm§x§F§F§2§7§0§0§lo§x§F§F§1§F§0§0§ln §x§F§F§1§0§0§0§lL§x§F§F§0§8§0§0§lo§x§F§F§0§0§0§0§lr§x§F§F§0§9§0§0§ld §x§F§F§1§B§0§0§lS§x§F§F§2§3§0§0§lw§x§F§F§2§C§0§0§lo§x§F§F§3§5§0§0§lr§x§F§F§3§E§0§0§ld to HwanYo for $500,000.
[11:26:58] > Kaynn remove x1 §x§F§F§3§E§0§0§lD§x§F§F§3§6§0§0§le§x§F§F§2§F§0§0§lm§x§F§F§2§7§0§0§lo§x§F§F§1§F§0§0§ln §x§F§F§1§0§0§0§lL§x§F§F§0§8§0§0§lo§x§F§F§0§0§0§0§lr§x§F§F§0§9§0§0§ld §x§F§F§1§B§0§0§lS§x§F§F§2§3§0§0§lw§x§F§F§2§C§0§0§lo§x§F§F§3§5§0§0§lr§x§F§F§3§E§0§0§ld from buy
[11:30:07] > COSA_Shoyo buy x64 Experience bottle to HwanYo for $80,000.
[11:30:12] > Trapers1 added x1 §f§l§8B§x§6§3§6§3§6§3a§x§7§1§7§1§7§1h§x§8§0§8§0§8§0a§x§8§E§8§E§8§Em§x§9§C§9§C§9§Cu§7t§x§9§C§9§C§9§C §x§8§E§8§E§8§ES§x§8§0§8§0§8§0t§x§7§1§7§1§7§1a§x§6§3§6§3§6§3f§8f in auction for 1000000.
[11:30:18] > COSA_Shoyo remove x64 Experience bottle from buy
[11:30:30] > FRANZ_JOSEF0 remove x1 Enchanted book from buy
[11:31:11] > FRANZ_JOSEF0 added x1 §f§l§x§F§C§D§0§5§CW§x§F§A§A§6§4§Au§x§F§8§7§D§3§7k§x§F§7§5§3§2§5o§x§F§5§2§A§1§2n§x§F§3§0§0§0§0g§x§F§5§2§A§1§2 §x§F§7§5§3§2§5C§x§F§8§7§D§3§7l§x§F§A§A§6§4§Au§x§F§C§D§0§5§Cb in auction for 1500000.
[11:35:08] > FRANZ_JOSEF0 remove x1 §f§l§x§F§C§D§0§5§CW§x§F§A§A§6§4§Au§x§F§8§7§D§3§7k§x§F§7§5§3§2§5o§x§F§5§2§A§1§2n§x§F§3§0§0§0§0g§x§F§5§2§A§1§2 §x§F§7§5§3§2§5C§x§F§8§7§D§3§7l§x§F§A§A§6§4§Au§x§F§C§D§0§5§Cb from storage
[11:40:27] > .JakeTheMiner457 remove x1 Shulker box from storage
[11:40:37] > .JakeTheMiner457 remove x1 Sentry armor trim smithing template from storage
[11:40:46] > .JakeTheMiner457 remove x1 Sentry armor trim smithing template from storage
[11:41:47] > .JakeTheMiner457 remove x1 Sentry armor trim smithing template form expire
[11:41:47] > .JakeTheMiner457 remove x1 Sentry armor trim smithing template form expire
[11:41:47] > .JakeTheMiner457 remove x1 Shulker box form expire
[11:42:17] > .JakeTheMiner457 added x1 Shulker box in auction for 150000.
[11:42:45] > .JakeTheMiner457 added x1 Sentry armor trim smithing template in auction for 50000.
[11:43:21] > .JakeTheMiner457 added x1 Sentry armor trim smithing template in auction for 50000.
[11:45:05] > HwanYo remove x1 §f§l§x§8§A§0§0§F§FS§x§9§C§0§0§D§5h§x§A§D§0§0§A§Ai§x§B§F§0§0§8§0n§x§D§0§0§0§5§5e§x§E§2§0§0§2§B §x§F§3§0§0§0§0O§x§E§2§0§0§2§An§x§D§0§0§0§5§5i§x§B§F§0§0§8§0 §x§A§D§0§0§A§AH§x§9§C§0§0§D§5o§x§8§A§0§0§F§Fe from storage
[11:45:16] > HwanYo added x1 §f§l§x§8§A§0§0§F§FS§x§9§C§0§0§D§5h§x§A§D§0§0§A§Ai§x§B§F§0§0§8§0n§x§D§0§0§0§5§5e§x§E§2§0§0§2§B §x§F§3§0§0§0§0O§x§E§2§0§0§2§An§x§D§0§0§0§5§5i§x§B§F§0§0§8§0 §x§A§D§0§0§A§AH§x§9§C§0§0§D§5o§x§8§A§0§0§F§Fe in auction for 800000.
[11:57:59] > HwanYo added x1 §f§l§8B§x§6§3§6§3§6§3a§x§7§1§7§1§7§1h§x§8§0§8§0§8§0a§x§8§E§8§E§8§Em§x§9§C§9§C§9§Cu§7t§x§9§C§9§C§9§C §x§8§E§8§E§8§EW§x§8§0§8§0§8§0i§x§7§1§7§1§7§1n§x§6§3§6§3§6§3g§8s in auction for 1100000.
[11:58:06] > giyahnpogi buy x1 §f§l§8B§x§6§3§6§3§6§3a§x§7§1§7§1§7§1h§x§8§0§8§0§8§0a§x§8§E§8§E§8§Em§x§9§C§9§C§9§Cu§7t§x§9§C§9§C§9§C §x§8§E§8§E§8§EW§x§8§0§8§0§8§0i§x§7§1§7§1§7§1n§x§6§3§6§3§6§3g§8s to HwanYo for $1,100,000.
[11:58:12] > giyahnpogi remove x1 §f§l§8B§x§6§3§6§3§6§3a§x§7§1§7§1§7§1h§x§8§0§8§0§8§0a§x§8§E§8§E§8§Em§x§9§C§9§C§9§Cu§7t§x§9§C§9§C§9§C §x§8§E§8§E§8§EW§x§8§0§8§0§8§0i§x§7§1§7§1§7§1n§x§6§3§6§3§6§3g§8s from buy
[11:59:21] > HwanYo added x1 §x§F§F§7§C§0§0§lSteamsparks Helmet in auction for 80000.