
[12:28:17] > Seris00 added x1 §x§F§F§3§E§0§0§lD§x§F§F§3§7§0§0§le§x§F§F§3§0§0§0§lm§x§F§F§2§9§0§0§lo§x§F§F§2§2§0§0§ln §x§F§F§1§5§0§0§lL§x§F§F§0§E§0§0§lo§x§F§F§0§7§0§0§lr§x§F§F§0§0§0§0§ld §x§F§F§0§E§0§0§lC§x§F§F§1§5§0§0§lr§x§F§F§1§C§0§0§lo§x§F§F§2§2§0§0§ls§x§F§F§2§9§0§0§ls§x§F§F§3§0§0§0§lb§x§F§F§3§7§0§0§lo§x§F§F§3§E§0§0§lw in auction for 200000.
[12:29:14] > BlackKnight added x1 §f§l§x§F§A§0§0§0§AD§x§F§A§2§A§1§Aa§x§F§B§5§3§2§Br§x§F§B§7§D§3§Bk§x§F§C§A§6§4§Cf§x§F§C§D§0§5§Cl§x§F§C§D§0§5§Ca§x§F§C§A§D§4§Em§x§F§B§8§B§4§1e§x§F§B§6§8§3§3 §x§F§B§4§5§2§5B§x§F§A§2§3§1§8o§x§F§A§0§0§0§Aw in auction for 2000000.
[12:30:06] > BlackKnight remove x1 §f§l§x§F§A§0§0§0§AD§x§F§A§2§A§1§Aa§x§F§B§5§3§2§Br§x§F§B§7§D§3§Bk§x§F§C§A§6§4§Cf§x§F§C§D§0§5§Cl§x§F§C§D§0§5§Ca§x§F§C§A§D§4§Em§x§F§B§8§B§4§1e§x§F§B§6§8§3§3 §x§F§B§4§5§2§5B§x§F§A§2§3§1§8o§x§F§A§0§0§0§Aw from storage
[12:30:17] > BlackKnight added x1 §f§l§x§F§A§0§0§0§AD§x§F§A§2§A§1§Aa§x§F§B§5§3§2§Br§x§F§B§7§D§3§Bk§x§F§C§A§6§4§Cf§x§F§C§D§0§5§Cl§x§F§C§D§0§5§Ca§x§F§C§A§D§4§Em§x§F§B§8§B§4§1e§x§F§B§6§8§3§3 §x§F§B§4§5§2§5B§x§F§A§2§3§1§8o§x§F§A§0§0§0§Aw in auction for 1000000.
[12:40:08] > mae added x1 §f§l§x§F§C§D§0§5§CW§x§F§B§B§6§5§1u§x§F§A§9§C§4§5k§x§F§9§8§2§3§Ao§x§F§8§6§8§2§En§x§F§6§4§E§2§3g§x§F§5§3§4§1§7 §x§F§4§1§A§0§CG§x§F§3§0§0§0§0r§x§F§4§1§A§0§Ce§x§F§5§3§4§1§7a§x§F§6§4§E§2§3t§x§F§8§6§8§2§Es§x§F§9§8§2§3§Aw§x§F§A§9§C§4§5o§x§F§B§B§6§5§1r§x§F§C§D§0§5§Cd in auction for 350000.
[12:40:18] > mae added x1 §f§l§x§F§C§D§0§5§CW§x§F§B§B§6§5§1u§x§F§A§9§C§4§5k§x§F§9§8§2§3§Ao§x§F§8§6§8§2§En§x§F§6§4§E§2§3g§x§F§5§3§4§1§7 §x§F§4§1§A§0§CG§x§F§3§0§0§0§0r§x§F§4§1§A§0§Ce§x§F§5§3§4§1§7a§x§F§6§4§E§2§3t§x§F§8§6§8§2§Es§x§F§9§8§2§3§Aw§x§F§A§9§C§4§5o§x§F§B§B§6§5§1r§x§F§C§D§0§5§Cd in auction for 350000.
[12:40:31] > mae added x1 §f§l§x§F§C§D§0§5§CW§x§F§B§B§6§5§1u§x§F§A§9§C§4§5k§x§F§9§8§2§3§Ao§x§F§8§6§8§2§En§x§F§6§4§E§2§3g§x§F§5§3§4§1§7 §x§F§4§1§A§0§CG§x§F§3§0§0§0§0r§x§F§4§1§A§0§Ce§x§F§5§3§4§1§7a§x§F§6§4§E§2§3t§x§F§8§6§8§2§Es§x§F§9§8§2§3§Aw§x§F§A§9§C§4§5o§x§F§B§B§6§5§1r§x§F§C§D§0§5§Cd in auction for 350000.
[12:40:52] > lolxxvihan buy x1 §x§F§F§3§E§0§0§lD§x§F§F§3§7§0§0§le§x§F§F§3§0§0§0§lm§x§F§F§2§9§0§0§lo§x§F§F§2§2§0§0§ln §x§F§F§1§5§0§0§lL§x§F§F§0§E§0§0§lo§x§F§F§0§7§0§0§lr§x§F§F§0§0§0§0§ld §x§F§F§1§0§0§0§lP§x§F§F§1§7§0§0§li§x§F§F§1§F§0§0§lc§x§F§F§2§7§0§0§lk§x§F§F§2§F§0§0§la§x§F§F§3§6§0§0§lx§x§F§F§3§E§0§0§le to Unforce01 for $200,000.
[12:40:57] > mae added x1 §f§l§x§F§C§D§0§5§CW§x§F§B§A§D§4§Du§x§F§9§8§B§3§Dk§x§F§8§6§8§2§Eo§x§F§6§4§5§1§Fn§x§F§5§2§3§0§Fg§x§F§3§0§0§0§0 §x§F§5§2§3§0§FD§x§F§6§4§5§1§Fa§x§F§8§6§8§2§Eg§x§F§9§8§B§3§Dg§x§F§B§A§D§4§De§x§F§C§D§0§5§Cr in auction for 200000.
[12:40:59] > lolxxvihan remove x1 §x§F§F§3§E§0§0§lD§x§F§F§3§7§0§0§le§x§F§F§3§0§0§0§lm§x§F§F§2§9§0§0§lo§x§F§F§2§2§0§0§ln §x§F§F§1§5§0§0§lL§x§F§F§0§E§0§0§lo§x§F§F§0§7§0§0§lr§x§F§F§0§0§0§0§ld §x§F§F§1§0§0§0§lP§x§F§F§1§7§0§0§li§x§F§F§1§F§0§0§lc§x§F§F§2§7§0§0§lk§x§F§F§2§F§0§0§la§x§F§F§3§6§0§0§lx§x§F§F§3§E§0§0§le from buy
[12:41:12] > mae added x1 §f§l§x§F§C§D§0§5§CW§x§F§B§B§0§4§Eu§x§F§9§9§0§4§0k§x§F§8§7§0§3§2o§x§F§6§5§0§2§3n§x§F§5§3§0§1§5g§x§F§4§1§0§0§7 H§x§F§5§3§0§1§5a§x§F§6§5§0§2§3l§x§F§8§7§0§3§2b§x§F§9§9§0§4§0e§x§F§B§B§0§4§Er§x§F§C§D§0§5§Cd in auction for 200000.
[12:41:32] > mae added x1 §f§l§x§F§C§D§0§5§CW§x§F§B§A§D§4§Du§x§F§9§8§B§3§Dk§x§F§8§6§8§2§Eo§x§F§6§4§5§1§Fn§x§F§5§2§3§0§Fg§x§F§3§0§0§0§0 §x§F§5§2§3§0§FD§x§F§6§4§5§1§Fa§x§F§8§6§8§2§Eg§x§F§9§8§B§3§Dg§x§F§B§A§D§4§De§x§F§C§D§0§5§Cr in auction for 200000.
[13:08:09] > Unforce01 added x1 §fHorns in auction for 10000.
[13:08:36] > tic_sz added x1 §f§l§8B§x§5§F§5§F§5§Fa§x§6§9§6§9§6§9h§x§7§3§7§3§7§3a§x§7§D§7§D§7§Dm§x§8§7§8§7§8§7u§x§9§1§9§1§9§1t§x§9§B§9§B§9§B §x§A§5§A§5§A§5Gr§x§9§B§9§B§9§Be§x§9§1§9§1§9§1a§x§8§7§8§7§8§7t§x§7§D§7§D§7§Ds§x§7§3§7§3§7§3w§x§6§9§6§9§6§9o§x§5§F§5§F§5§Fr§8d in auction for 5000000.
[13:08:46] > Abbadex buy x1 §f§l§8B§x§5§F§5§F§5§Fa§x§6§9§6§9§6§9h§x§7§3§7§3§7§3a§x§7§D§7§D§7§Dm§x§8§7§8§7§8§7u§x§9§1§9§1§9§1t§x§9§B§9§B§9§B §x§A§5§A§5§A§5Gr§x§9§B§9§B§9§Be§x§9§1§9§1§9§1a§x§8§7§8§7§8§7t§x§7§D§7§D§7§Ds§x§7§3§7§3§7§3w§x§6§9§6§9§6§9o§x§5§F§5§F§5§Fr§8d to tic_sz for $5,000,000.
[13:08:59] > Abbadex remove x1 §x§F§F§5§5§0§0§lsᴇʟʟᴡᴀɴᴅ §6- 20.0x from buy
[13:09:00] > Abbadex remove x1 §f§l§8B§x§5§F§5§F§5§Fa§x§6§9§6§9§6§9h§x§7§3§7§3§7§3a§x§7§D§7§D§7§Dm§x§8§7§8§7§8§7u§x§9§1§9§1§9§1t§x§9§B§9§B§9§B §x§A§5§A§5§A§5Gr§x§9§B§9§B§9§Be§x§9§1§9§1§9§1a§x§8§7§8§7§8§7t§x§7§D§7§D§7§Ds§x§7§3§7§3§7§3w§x§6§9§6§9§6§9o§x§5§F§5§F§5§Fr§8d from buy
[13:14:30] > lolxxvihan added x1 Nether star in auction for 90000.
[13:17:01] > Keeos added x1 §x§5§C§C§F§F§C§lC§x§5§C§D§1§F§5§lo§x§5§D§D§4§E§E§ls§x§5§D§D§6§E§7§lm§x§5§E§D§9§E§1§le§x§5§E§D§B§D§A§lt§x§5§E§D§D§D§3§li§x§5§F§E§0§C§C§lc §x§5§F§E§0§C§C§lH§x§5§E§D§D§D§3§la§x§5§E§D§B§D§A§lt§x§5§E§D§9§E§1§ls §x§5§D§D§4§E§E§lK§x§5§C§D§1§F§5§le§x§5§C§C§F§F§C§ly in auction for 50000.
[13:23:52] > lolxxvihan added x1 §x§F§E§B§E§C§A§lSeason 3 Celebration Cake <3 in auction for 1000.
[13:25:19] > Schminkipoo buy x1 §x§F§E§B§E§C§A§lSeason 3 Celebration Cake <3 to lolxxvihan for $1,000.
[13:29:57] > celinesanrio remove x1 §f§l§x§F§A§0§0§0§AD§x§F§A§1§C§1§5a§x§F§B§3§7§2§0r§x§F§B§5§3§2§Bk§x§F§B§6§F§3§6f§x§F§B§8§B§4§1l§x§F§C§A§6§4§Ca§x§F§C§C§2§5§7me§x§F§C§A§6§4§C §x§F§B§8§B§4§1S§x§F§B§6§F§3§6h§x§F§B§5§3§2§Bo§x§F§B§3§7§2§0v§x§F§A§1§C§1§5e§x§F§A§0§0§0§Al from storage
[13:29:57] > celinesanrio remove x1 §f§l§x§F§A§0§0§0§AD§x§F§A§1§C§1§5a§x§F§B§3§7§2§0r§x§F§B§5§3§2§Bk§x§F§B§6§F§3§6f§x§F§B§8§B§4§1l§x§F§C§A§6§4§Ca§x§F§C§C§2§5§7me§x§F§C§A§6§4§C §x§F§B§8§B§4§1S§x§F§B§6§F§3§6h§x§F§B§5§3§2§Bo§x§F§B§3§7§2§0v§x§F§A§1§C§1§5e§x§F§A§0§0§0§Al from storage
[13:29:58] > celinesanrio remove x1 §x§F§F§5§5§0§0§lsᴇʟʟᴡᴀɴᴅ §6- 5.0x from storage
[13:29:58] > celinesanrio remove x1 §x§F§F§5§5§0§0§lsᴇʟʟᴡᴀɴᴅ §6- 5.0x from storage
[13:30:02] > celinesanrio added x1 §f§l§x§F§A§0§0§0§AD§x§F§A§1§C§1§5a§x§F§B§3§7§2§0r§x§F§B§5§3§2§Bk§x§F§B§6§F§3§6f§x§F§B§8§B§4§1l§x§F§C§A§6§4§Ca§x§F§C§C§2§5§7me§x§F§C§A§6§4§C §x§F§B§8§B§4§1S§x§F§B§6§F§3§6h§x§F§B§5§3§2§Bo§x§F§B§3§7§2§0v§x§F§A§1§C§1§5e§x§F§A§0§0§0§Al in auction for 600000.
[13:30:15] > celinesanrio added x1 §f§l§x§F§A§0§0§0§AD§x§F§A§1§C§1§5a§x§F§B§3§7§2§0r§x§F§B§5§3§2§Bk§x§F§B§6§F§3§6f§x§F§B§8§B§4§1l§x§F§C§A§6§4§Ca§x§F§C§C§2§5§7me§x§F§C§A§6§4§C §x§F§B§8§B§4§1S§x§F§B§6§F§3§6h§x§F§B§5§3§2§Bo§x§F§B§3§7§2§0v§x§F§A§1§C§1§5e§x§F§A§0§0§0§Al in auction for 600000.
[13:30:27] > celinesanrio added x1 §x§F§F§5§5§0§0§lsᴇʟʟᴡᴀɴᴅ §6- 5.0x in auction for 440000.
[13:30:33] > king_ARK buy x1 §x§F§F§5§5§0§0§lsᴇʟʟᴡᴀɴᴅ §6- 5.0x to celinesanrio for $440,000.
[13:30:38] > celinesanrio added x1 §x§F§F§5§5§0§0§lsᴇʟʟᴡᴀɴᴅ §6- 5.0x in auction for 440000.
[13:30:49] > celinesanrio added x9 §x§8§8§E§C§3§3§lV§x§8§2§E§B§4§8§lo§x§7§C§E§9§5§D§lt§x§7§6§E§8§7§2§le §x§6§B§E§5§9§B§lC§x§6§5§E§3§B§0§lr§x§5§F§E§2§C§5§la§x§6§6§E§4§A§D§lt§x§6§D§E§5§9§4§le §x§7§A§E§9§6§4§lK§x§8§1§E§A§4§B§le§x§8§8§E§C§3§3§ly in auction for 900000.
[13:31:00] > king_ARK buy x1 §x§F§F§5§5§0§0§lsᴇʟʟᴡᴀɴᴅ §6- 5.0x to celinesanrio for $440,000.
[13:31:06] > king_ARK remove x1 §x§F§F§5§5§0§0§lsᴇʟʟᴡᴀɴᴅ §6- 5.0x from buy
[13:31:06] > king_ARK remove x1 §x§F§F§5§5§0§0§lsᴇʟʟᴡᴀɴᴅ §6- 5.0x from buy
[13:45:04] > tic_sz buy x1 §x§5§C§C§F§F§C§lC§x§5§C§D§1§F§5§lo§x§5§D§D§4§E§E§ls§x§5§D§D§6§E§7§lm§x§5§E§D§9§E§1§le§x§5§E§D§B§D§A§lt§x§5§E§D§D§D§3§li§x§5§F§E§0§C§C§lc §x§5§F§E§0§C§C§lH§x§5§E§D§D§D§3§la§x§5§E§D§B§D§A§lt§x§5§E§D§9§E§1§ls §x§5§D§D§4§E§E§lK§x§5§C§D§1§F§5§le§x§5§C§C§F§F§C§ly to Keeos for $50,000.
[13:51:21] > HPMR_GaMerz remove x1 §9§lCrab Claw from storage
[13:51:22] > HPMR_GaMerz remove x1 §x§F§0§7§A§5§4§lZombie Apocalyptic Dagger from storage
[13:51:30] > HPMR_GaMerz added x1 §9§lCrab Claw in auction for 50000.
[13:51:41] > HPMR_GaMerz added x1 §x§F§0§7§A§5§4§lZombie Apocalyptic Dagger in auction for 1000000.
[13:51:57] > Seris00 buy x1 §9§lCrab Claw to HPMR_GaMerz for $50,000.
[13:57:09] > lolxxvihan buy x9 §x§8§8§E§C§3§3§lV§x§8§2§E§B§4§8§lo§x§7§C§E§9§5§D§lt§x§7§6§E§8§7§2§le §x§6§B§E§5§9§B§lC§x§6§5§E§3§B§0§lr§x§5§F§E§2§C§5§la§x§6§6§E§4§A§D§lt§x§6§D§E§5§9§4§le §x§7§A§E§9§6§4§lK§x§8§1§E§A§4§B§le§x§8§8§E§C§3§3§ly to celinesanrio for $900,000.
[13:57:24] > lolxxvihan remove x9 §x§8§8§E§C§3§3§lV§x§8§2§E§B§4§8§lo§x§7§C§E§9§5§D§lt§x§7§6§E§8§7§2§le §x§6§B§E§5§9§B§lC§x§6§5§E§3§B§0§lr§x§5§F§E§2§C§5§la§x§6§6§E§4§A§D§lt§x§6§D§E§5§9§4§le §x§7§A§E§9§6§4§lK§x§8§1§E§A§4§B§le§x§8§8§E§C§3§3§ly from buy
[13:58:08] > .Lowkey1346 buy x1 §x§F§F§3§E§0§0§lD§x§F§F§3§6§0§0§le§x§F§F§2§F§0§0§lm§x§F§F§2§7§0§0§lo§x§F§F§1§F§0§0§ln §x§F§F§1§0§0§0§lL§x§F§F§0§8§0§0§lo§x§F§F§0§0§0§0§lr§x§F§F§0§8§0§0§ld §x§F§F§1§7§0§0§lS§x§F§F§1§F§0§0§lh§x§F§F§2§7§0§0§lo§x§F§F§2§F§0§0§lv§x§F§F§3§6§0§0§le§x§F§F§3§E§0§0§ll to Seris00 for $100,000.
[13:58:28] > .Lowkey1346 remove x1 §x§F§F§3§E§0§0§lD§x§F§F§3§6§0§0§le§x§F§F§2§F§0§0§lm§x§F§F§2§7§0§0§lo§x§F§F§1§F§0§0§ln §x§F§F§1§0§0§0§lL§x§F§F§0§8§0§0§lo§x§F§F§0§0§0§0§lr§x§F§F§0§8§0§0§ld §x§F§F§1§7§0§0§lS§x§F§F§1§F§0§0§lh§x§F§F§2§7§0§0§lo§x§F§F§2§F§0§0§lv§x§F§F§3§6§0§0§le§x§F§F§3§E§0§0§ll from buy
[14:44:21] > tic_sz added x1 CHEAP TOTEM ON TOTEM PWARP in auction for 999999999.
[14:49:08] > tic_sz added x1 PWARP GO TOTEM in auction for 999999.
[14:49:21] > tic_sz added x1 GO PWARP TOTEM FOR CHEAP TOTEMS in auction for 999999.
[14:58:49] > .Demon_asta1590 buy x2 §x§5§C§C§F§F§C§lC§x§5§C§D§1§F§5§lo§x§5§D§D§4§E§E§ls§x§5§D§D§6§E§7§lm§x§5§E§D§9§E§1§le§x§5§E§D§B§D§A§lt§x§5§E§D§D§D§3§li§x§5§F§E§0§C§C§lc §x§5§F§E§0§C§C§lH§x§5§E§D§D§D§3§la§x§5§E§D§B§D§A§lt§x§5§E§D§9§E§1§ls §x§5§D§D§4§E§E§lK§x§5§C§D§1§F§5§le§x§5§C§C§F§F§C§ly to koshie for $200,000.
[15:00:33] > .Demon_asta1590 remove x2 §x§5§C§C§F§F§C§lC§x§5§C§D§1§F§5§lo§x§5§D§D§4§E§E§ls§x§5§D§D§6§E§7§lm§x§5§E§D§9§E§1§le§x§5§E§D§B§D§A§lt§x§5§E§D§D§D§3§li§x§5§F§E§0§C§C§lc §x§5§F§E§0§C§C§lH§x§5§E§D§D§D§3§la§x§5§E§D§B§D§A§lt§x§5§E§D§9§E§1§ls §x§5§D§D§4§E§E§lK§x§5§C§D§1§F§5§le§x§5§C§C§F§F§C§ly from buy
[15:02:49] > .Demon_asta1590 added x1 §fMagician Hat in auction for 400000.
[15:03:09] > .Demon_asta1590 added x1 §fMedieval Hat in auction for 400000.
[15:04:29] > lolxxvihan buy x1 §x§F§F§7§C§0§0§lSteamsparks Hammer to llhxnce for $500,000.
[15:04:35] > lolxxvihan remove x1 §x§F§F§7§C§0§0§lSteamsparks Hammer from buy
[15:08:41] > x1 Deepslate emerald ore on sale by MrGh0st1y has just expired, it goes in the inventory of expired items.
[15:09:08] > Lan3dy added x1 §x§F§F§5§5§0§0§lsᴇʟʟᴡᴀɴᴅ §6- 5.0x in auction for 400000.
[15:11:20] > octopus_01 buy x1 §fWitch Hat to .Demon_asta1590 for $400,000.
[15:11:40] > octopus_01 buy x1 §fHorns to Unforce01 for $10,000.
[15:40:51] > x4 §x§F§F§3§E§0§0§lD§x§F§F§3§7§0§0§le§x§F§F§3§0§0§0§lm§x§F§F§2§9§0§0§lo§x§F§F§2§2§0§0§ln §x§F§F§1§5§0§0§lL§x§F§F§0§E§0§0§lo§x§F§F§0§7§0§0§lr§x§F§F§0§0§0§0§ld §x§F§F§0§E§0§0§lF§x§F§F§1§5§0§0§lr§x§F§F§1§C§0§0§la§x§F§F§2§2§0§0§lg§x§F§F§2§9§0§0§lm§x§F§F§3§0§0§0§le§x§F§F§3§7§0§0§ln§x§F§F§3§E§0§0§lt on sale by Pewpew has just expired, it goes in the inventory of expired items.
[16:00:11] > llhxnce added x1 §x§E§5§1§B§1§B§lDracula Shield in auction for 225000.
[16:08:18] > x1 §x§F§F§3§E§0§0§lD§x§F§F§3§6§0§0§le§x§F§F§2§F§0§0§lm§x§F§F§2§7§0§0§lo§x§F§F§1§F§0§0§ln §x§F§F§1§0§0§0§lL§x§F§F§0§8§0§0§lo§x§F§F§0§0§0§0§lr§x§F§F§0§8§0§0§ld §x§F§F§1§7§0§0§lS§x§F§F§1§F§0§0§lh§x§F§F§2§7§0§0§li§x§F§F§2§F§0§0§le§x§F§F§3§6§0§0§ll§x§F§F§3§E§0§0§ld on sale by SydneySweetie has just expired, it goes in the inventory of expired items.
[16:08:41] > llhxnce added x5 §x§F§C§D§0§5§C§lB§x§E§6§D§3§6§B§la§x§C§F§D§5§7§A§ls§x§B§9§D§8§8§9§li§x§A§2§D§A§9§8§lc §x§7§5§D§F§B§6§lC§x§5§F§E§2§C§5§lr§x§7§5§D§F§B§6§la§x§8§C§D§D§A§7§lt§x§A§2§D§A§9§8§le §x§C§F§D§5§7§A§lK§x§E§6§D§3§6§B§le§x§F§C§D§0§5§C§ly in auction for 50000.
[16:09:26] > x64 Amethyst shard, item of seoyeri, has just expired, the item is definitively deleted.
[16:09:26] > x5 §x§9§8§6§3§E§7§lG§x§9§0§7§5§E§2§lo§x§8§8§8§7§D§D§ld§x§8§0§9§9§D§8§ll§x§7§7§A§C§D§4§ly §x§6§7§D§0§C§A§lC§x§5§F§E§2§C§5§lr§x§6§7§D§0§C§A§la§x§6§F§B§E§C§F§lt§x§7§7§A§C§D§4§le §x§8§8§8§7§D§D§lK§x§9§0§7§5§E§2§le§x§9§8§6§3§E§7§ly, item of kyoshiii, has just expired, the item is definitively deleted.
[16:09:26] > x1 §fMedieval Hat, item of Ilovewaifus, has just expired, the item is definitively deleted.
[16:09:26] > x1 §x§F§F§3§E§0§0§lD§x§F§F§3§5§0§0§le§x§F§F§2§C§0§0§lm§x§F§F§2§3§0§0§lo§x§F§F§1§B§0§0§ln §x§F§F§0§9§0§0§lL§x§F§F§0§0§0§0§lo§x§F§F§0§A§0§0§lr§x§F§F§1§5§0§0§ld §x§F§F§2§9§0§0§lH§x§F§F§3§4§0§0§lo§x§F§F§3§E§0§0§le, item of CeeJaiye, has just expired, the item is definitively deleted.
[16:09:26] > x1 §eʙʟᴀᴢᴇ sᴘᴀᴡɴᴇʀ, item of PrezXie, has just expired, the item is definitively deleted.
[16:09:26] > x2 Dirt, item of kyoshiii, has just expired, the item is definitively deleted.
[16:09:26] > x1 §x§F§0§7§A§5§4§lZombie Apocalyptic Shovel, item of Zenolite_, has just expired, the item is definitively deleted.
[16:09:26] > x1 §x§F§F§3§E§0§0§lD§x§F§F§3§5§0§0§le§x§F§F§2§C§0§0§lm§x§F§F§2§3§0§0§lo§x§F§F§1§B§0§0§ln §x§F§F§0§9§0§0§lL§x§F§F§0§0§0§0§lo§x§F§F§0§A§0§0§lr§x§F§F§1§5§0§0§ld §x§F§F§2§9§0§0§lA§x§F§F§3§4§0§0§lx§x§F§F§3§E§0§0§le, item of Ilovewaifus, has just expired, the item is definitively deleted.
[16:09:26] > x1 §x§F§0§7§A§5§4§lZombie Apocalyptic Pistol, item of MrZyrus7228, has just expired, the item is definitively deleted.
[16:09:26] > x1 §x§F§0§7§A§5§4§lZombie Apocalyptic Halberd, item of Zenolite_, has just expired, the item is definitively deleted.
[16:09:26] > x10 §x§F§C§D§0§5§C§lB§x§E§6§D§3§6§B§la§x§C§F§D§5§7§A§ls§x§B§9§D§8§8§9§li§x§A§2§D§A§9§8§lc §x§7§5§D§F§B§6§lC§x§5§F§E§2§C§5§lr§x§7§5§D§F§B§6§la§x§8§C§D§D§A§7§lt§x§A§2§D§A§9§8§le §x§C§F§D§5§7§A§lK§x§E§6§D§3§6§B§le§x§F§C§D§0§5§C§ly, item of Bokia, has just expired, the item is definitively deleted.
[16:09:26] > x1 §x§F§0§7§A§5§4§lZombie Apocalyptic Key, item of Likodo, has just expired, the item is definitively deleted.
[16:09:26] > x1 §x§F§0§7§A§5§4§lZombie Apocalyptic Key, item of Kodi, has just expired, the item is definitively deleted.
[16:09:26] > x1 §x§F§0§7§A§5§4§lZombie Apocalyptic Key, item of Likodo, has just expired, the item is definitively deleted.
[16:09:26] > x16 Ender pearl, item of sigman, has just expired, the item is definitively deleted.
[16:09:26] > x1 §x§F§F§5§5§0§0§lsᴇʟʟᴡᴀɴᴅ §6- 10.0x, item of kopo555, has just expired, the item is definitively deleted.
[16:09:26] > x2 Porkchop, item of azi, has just expired, the item is definitively deleted.
[16:09:26] > x1 §x§F§0§7§A§5§4§lZombie Apocalyptic Key, item of Kodi, has just expired, the item is definitively deleted.
[16:09:26] > x1 Dye in /Pwarp go Pastries, item of Kwienn, has just expired, the item is definitively deleted.
[16:09:26] > x1 /Pwarp go Pastries for cheap foods <3, item of Kwienn, has just expired, the item is definitively deleted.
[16:09:26] > x1 §x§F§E§B§E§C§A§lStarter Kit, item of pinkchary, has just expired, the item is definitively deleted.
[16:09:26] > x1 §x§F§F§7§C§0§0§lSteamsparks Shield, item of CeeJaiye, has just expired, the item is definitively deleted.
[16:09:26] > x1 Nether star, item of _myboiyup, has just expired, the item is definitively deleted.
[16:09:26] > x2 Netherite scrap, item of _myboiyup, has just expired, the item is definitively deleted.
[16:09:26] > x1 §x§F§F§3§E§0§0§lD§x§F§F§3§7§0§0§le§x§F§F§3§0§0§0§lm§x§F§F§2§9§0§0§lo§x§F§F§2§2§0§0§ln §x§F§F§1§5§0§0§lL§x§F§F§0§E§0§0§lo§x§F§F§0§7§0§0§lr§x§F§F§0§0§0§0§ld §x§F§F§0§E§0§0§lF§x§F§F§1§5§0§0§lr§x§F§F§1§C§0§0§la§x§F§F§2§2§0§0§lg§x§F§F§2§9§0§0§lm§x§F§F§3§0§0§0§le§x§F§F§3§7§0§0§ln§x§F§F§3§E§0§0§lt, item of ahzii, has just expired, the item is definitively deleted.
[16:09:45] > llhxnce remove x3 Beacon from storage
[16:09:48] > llhxnce remove x6 Nether star from storage
[16:09:56] > llhxnce added x1 §x§F§F§3§E§0§0§lD§x§F§F§3§7§0§0§le§x§F§F§3§0§0§0§lm§x§F§F§2§9§0§0§lo§x§F§F§2§2§0§0§ln §x§F§F§1§5§0§0§lL§x§F§F§0§E§0§0§lo§x§F§F§0§7§0§0§lr§x§F§F§0§0§0§0§ld §x§F§F§0§E§0§0§lC§x§F§F§1§5§0§0§lr§x§F§F§1§C§0§0§lo§x§F§F§2§2§0§0§ls§x§F§F§2§9§0§0§ls§x§F§F§3§0§0§0§lb§x§F§F§3§7§0§0§lo§x§F§F§3§E§0§0§lw in auction for 10.
[16:10:00] > nagiiish buy x1 §x§F§F§3§E§0§0§lD§x§F§F§3§7§0§0§le§x§F§F§3§0§0§0§lm§x§F§F§2§9§0§0§lo§x§F§F§2§2§0§0§ln §x§F§F§1§5§0§0§lL§x§F§F§0§E§0§0§lo§x§F§F§0§7§0§0§lr§x§F§F§0§0§0§0§ld §x§F§F§0§E§0§0§lC§x§F§F§1§5§0§0§lr§x§F§F§1§C§0§0§lo§x§F§F§2§2§0§0§ls§x§F§F§2§9§0§0§ls§x§F§F§3§0§0§0§lb§x§F§F§3§7§0§0§lo§x§F§F§3§E§0§0§lw to llhxnce for $10.
[16:10:19] > nagiiish remove x1 §x§F§F§3§E§0§0§lD§x§F§F§3§7§0§0§le§x§F§F§3§0§0§0§lm§x§F§F§2§9§0§0§lo§x§F§F§2§2§0§0§ln §x§F§F§1§5§0§0§lL§x§F§F§0§E§0§0§lo§x§F§F§0§7§0§0§lr§x§F§F§0§0§0§0§ld §x§F§F§0§E§0§0§lC§x§F§F§1§5§0§0§lr§x§F§F§1§C§0§0§lo§x§F§F§2§2§0§0§ls§x§F§F§2§9§0§0§ls§x§F§F§3§0§0§0§lb§x§F§F§3§7§0§0§lo§x§F§F§3§E§0§0§lw from buy
[16:13:13] > Seris00 remove x1 §9§lCrab Claw form buy
[16:13:13] > Seris00 remove x1 §x§F§F§3§E§0§0§lD§x§F§F§3§6§0§0§le§x§F§F§2§F§0§0§lm§x§F§F§2§7§0§0§lo§x§F§F§1§F§0§0§ln §x§F§F§1§0§0§0§lL§x§F§F§0§8§0§0§lo§x§F§F§0§0§0§0§lr§x§F§F§0§8§0§0§ld §x§F§F§1§7§0§0§lS§x§F§F§1§F§0§0§lh§x§F§F§2§7§0§0§li§x§F§F§2§F§0§0§le§x§F§F§3§6§0§0§ll§x§F§F§3§E§0§0§ld form buy
[16:14:38] > Seris00 added x1 §x§F§F§3§E§0§0§lD§x§F§F§3§6§0§0§le§x§F§F§2§F§0§0§lm§x§F§F§2§7§0§0§lo§x§F§F§1§F§0§0§ln §x§F§F§1§0§0§0§lL§x§F§F§0§8§0§0§lo§x§F§F§0§0§0§0§lr§x§F§F§0§8§0§0§ld §x§F§F§1§7§0§0§lS§x§F§F§1§F§0§0§li§x§F§F§2§7§0§0§lc§x§F§F§2§F§0§0§lk§x§F§F§3§6§0§0§ll§x§F§F§3§E§0§0§le in auction for 200000.
[16:51:49] > HwanYo remove x1 §f§l§x§F§A§0§0§0§AD§x§F§A§1§A§1§4a§x§F§B§3§4§1§Fr§x§F§B§4§E§2§9k§x§F§B§6§8§3§3f§x§F§B§8§2§3§Dl§x§F§C§9§C§4§8a§x§F§C§B§6§5§2m§x§F§C§D§0§5§Ce§x§F§C§D§0§5§C §x§F§C§B§6§5§2L§x§F§C§9§C§4§8e§x§F§B§8§2§3§Dg§x§F§B§6§8§3§3g§x§F§B§4§E§2§9i§x§F§B§3§4§1§Fn§x§F§A§1§A§1§4g§x§F§A§0§0§0§As from storage
[16:52:02] > HwanYo added x1 §f§l§x§F§A§0§0§0§AD§x§F§A§1§A§1§4a§x§F§B§3§4§1§Fr§x§F§B§4§E§2§9k§x§F§B§6§8§3§3f§x§F§B§8§2§3§Dl§x§F§C§9§C§4§8a§x§F§C§B§6§5§2m§x§F§C§D§0§5§Ce§x§F§C§D§0§5§C §x§F§C§B§6§5§2L§x§F§C§9§C§4§8e§x§F§B§8§2§3§Dg§x§F§B§6§8§3§3g§x§F§B§4§E§2§9i§x§F§B§3§4§1§Fn§x§F§A§1§A§1§4g§x§F§A§0§0§0§As in auction for 1200000.
[16:52:14] > HwanYo buy x1 §x§F§F§5§5§0§0§lsᴇʟʟᴡᴀɴᴅ §6- 5.0x to Lan3dy for $400,000.
[16:53:30] > BlackKnight remove x1 §f§l§x§F§A§0§0§0§AD§x§F§A§2§A§1§Aa§x§F§B§5§3§2§Br§x§F§B§7§D§3§Bk§x§F§C§A§6§4§Cf§x§F§C§D§0§5§Cl§x§F§C§D§0§5§Ca§x§F§C§A§D§4§Em§x§F§B§8§B§4§1e§x§F§B§6§8§3§3 §x§F§B§4§5§2§5B§x§F§A§2§3§1§8o§x§F§A§0§0§0§Aw from storage
[16:53:34] > celinesanrio remove x1 §f§l§x§F§A§0§0§0§AD§x§F§A§1§C§1§5a§x§F§B§3§7§2§0r§x§F§B§5§3§2§Bk§x§F§B§6§F§3§6f§x§F§B§8§B§4§1l§x§F§C§A§6§4§Ca§x§F§C§C§2§5§7me§x§F§C§A§6§4§C §x§F§B§8§B§4§1S§x§F§B§6§F§3§6h§x§F§B§5§3§2§Bo§x§F§B§3§7§2§0v§x§F§A§1§C§1§5e§x§F§A§0§0§0§Al from storage
[16:53:35] > celinesanrio remove x1 §f§l§x§F§A§0§0§0§AD§x§F§A§1§C§1§5a§x§F§B§3§7§2§0r§x§F§B§5§3§2§Bk§x§F§B§6§F§3§6f§x§F§B§8§B§4§1l§x§F§C§A§6§4§Ca§x§F§C§C§2§5§7me§x§F§C§A§6§4§C §x§F§B§8§B§4§1S§x§F§B§6§F§3§6h§x§F§B§5§3§2§Bo§x§F§B§3§7§2§0v§x§F§A§1§C§1§5e§x§F§A§0§0§0§Al from storage
[16:53:40] > BlackKnight added x1 §f§l§x§F§A§0§0§0§AD§x§F§A§2§A§1§Aa§x§F§B§5§3§2§Br§x§F§B§7§D§3§Bk§x§F§C§A§6§4§Cf§x§F§C§D§0§5§Cl§x§F§C§D§0§5§Ca§x§F§C§A§D§4§Em§x§F§B§8§B§4§1e§x§F§B§6§8§3§3 §x§F§B§4§5§2§5B§x§F§A§2§3§1§8o§x§F§A§0§0§0§Aw in auction for 750000.
[16:53:40] > celinesanrio added x1 §f§l§x§F§A§0§0§0§AD§x§F§A§1§C§1§5a§x§F§B§3§7§2§0r§x§F§B§5§3§2§Bk§x§F§B§6§F§3§6f§x§F§B§8§B§4§1l§x§F§C§A§6§4§Ca§x§F§C§C§2§5§7me§x§F§C§A§6§4§C §x§F§B§8§B§4§1S§x§F§B§6§F§3§6h§x§F§B§5§3§2§Bo§x§F§B§3§7§2§0v§x§F§A§1§C§1§5e§x§F§A§0§0§0§Al in auction for 500000.
[16:54:01] > celinesanrio added x1 §f§l§x§F§A§0§0§0§AD§x§F§A§1§C§1§5a§x§F§B§3§7§2§0r§x§F§B§5§3§2§Bk§x§F§B§6§F§3§6f§x§F§B§8§B§4§1l§x§F§C§A§6§4§Ca§x§F§C§C§2§5§7me§x§F§C§A§6§4§C §x§F§B§8§B§4§1S§x§F§B§6§F§3§6h§x§F§B§5§3§2§Bo§x§F§B§3§7§2§0v§x§F§A§1§C§1§5e§x§F§A§0§0§0§Al in auction for 500000.
[16:59:05] > celinesanrio added x1 §f§l§x§F§A§0§0§0§AD§x§F§A§1§5§1§2a§x§F§A§2§A§1§Ar§x§F§B§3§E§2§3k§x§F§B§5§3§2§Bf§x§F§B§6§8§3§3l§x§F§B§7§D§3§Ba§x§F§B§9§2§4§3m§x§F§C§A§6§4§Ce§x§F§C§B§B§5§4 §x§F§C§D§0§5§CF§x§F§C§B§B§5§4i§x§F§C§A§6§4§Cs§x§F§B§9§2§4§3h§x§F§B§7§D§3§Bi§x§F§B§6§8§3§3n§x§F§B§5§3§2§Bg§x§F§B§3§E§2§3 §x§F§A§2§A§1§AR§x§F§A§1§5§1§2o§x§F§A§0§0§0§Ad in auction for 500000.
[16:59:16] > celinesanrio added x1 §f§l§x§F§A§0§0§0§AD§x§F§A§1§C§1§5a§x§F§B§3§7§2§0r§x§F§B§5§3§2§Bk§x§F§B§6§F§3§6f§x§F§B§8§B§4§1l§x§F§C§A§6§4§Ca§x§F§C§C§2§5§7me§x§F§C§A§6§4§C §x§F§B§8§B§4§1S§x§F§B§6§F§3§6h§x§F§B§5§3§2§Bo§x§F§B§3§7§2§0v§x§F§A§1§C§1§5e§x§F§A§0§0§0§Al in auction for 500000.
[17:13:15] > Technoblad7869 buy x5 §x§F§C§D§0§5§C§lB§x§E§6§D§3§6§B§la§x§C§F§D§5§7§A§ls§x§B§9§D§8§8§9§li§x§A§2§D§A§9§8§lc §x§7§5§D§F§B§6§lC§x§5§F§E§2§C§5§lr§x§7§5§D§F§B§6§la§x§8§C§D§D§A§7§lt§x§A§2§D§A§9§8§le §x§C§F§D§5§7§A§lK§x§E§6§D§3§6§B§le§x§F§C§D§0§5§C§ly to llhxnce for $50,000.
[17:13:34] > HwanYo remove x1 §x§F§F§5§5§0§0§lsᴇʟʟᴡᴀɴᴅ §6- 5.0x from buy
[17:17:28] > Ax_ added x1 §eᴄʀᴇᴇᴘᴇʀ sᴘᴀᴡɴᴇʀ in auction for 500000.
[17:17:49] > Pewpew added x1 §eᴢᴏᴍʙɪᴇ sᴘᴀᴡɴᴇʀ in auction for 500000.
[17:17:56] > x1 Saddle, bought by Zenolite_, has just expired, the item is definitively deleted.
[17:18:00] > P4LDOK buy x1 §eᴢᴏᴍʙɪᴇ sᴘᴀᴡɴᴇʀ to Pewpew for $500,000.
[17:18:01] > Ax_ remove x1 §eᴄʀᴇᴇᴘᴇʀ sᴘᴀᴡɴᴇʀ from storage
[17:18:13] > Ax_ added x1 §eᴄʀᴇᴇᴘᴇʀ sᴘᴀᴡɴᴇʀ in auction for 450000.
[17:18:19] > P4LDOK remove x1 §eᴢᴏᴍʙɪᴇ sᴘᴀᴡɴᴇʀ from buy
[17:18:25] > Technoblad7869 added x1 §eᴢᴏᴍʙɪᴇ sᴘᴀᴡɴᴇʀ in auction for 500000.
[17:19:29] > octopus_01 added x1 §x§F§F§3§E§0§0§lD§x§F§F§3§7§0§0§le§x§F§F§3§0§0§0§lm§x§F§F§2§9§0§0§lo§x§F§F§2§2§0§0§ln §x§F§F§1§5§0§0§lL§x§F§F§0§E§0§0§lo§x§F§F§0§7§0§0§lr§x§F§F§0§0§0§0§ld §x§F§F§0§E§0§0§lC§x§F§F§1§5§0§0§lr§x§F§F§1§C§0§0§lo§x§F§F§2§2§0§0§ls§x§F§F§2§9§0§0§ls§x§F§F§3§0§0§0§lb§x§F§F§3§7§0§0§lo§x§F§F§3§E§0§0§lw in auction for 500000.
[17:19:57] > Technoblad7869 remove x5 §x§F§C§D§0§5§C§lB§x§E§6§D§3§6§B§la§x§C§F§D§5§7§A§ls§x§B§9§D§8§8§9§li§x§A§2§D§A§9§8§lc §x§7§5§D§F§B§6§lC§x§5§F§E§2§C§5§lr§x§7§5§D§F§B§6§la§x§8§C§D§D§A§7§lt§x§A§2§D§A§9§8§le §x§C§F§D§5§7§A§lK§x§E§6§D§3§6§B§le§x§F§C§D§0§5§C§ly from buy
[17:20:16] > octopus_01 added x1 §fElf Hat in auction for 1000.
[17:20:29] > octopus_01 remove x1 §fHorns from buy
[17:20:38] > octopus_01 remove x1 §fWitch Hat from buy
[17:33:35] > Sezemi added x1 Enchanted book in auction for 1000.
[17:33:58] > Sezemi added x1 Enchanted book in auction for 50000.
[17:34:00] > luvr0ck buy x1 §fElf Hat to octopus_01 for $1,000.
[17:39:41] > sukiyoriee buy x1 §eᴄʀᴇᴇᴘᴇʀ sᴘᴀᴡɴᴇʀ to Ax_ for $450,000.
[17:39:48] > HPMR_GaMerz buy x1 Enchanted book to Sezemi for $50,000.
[17:40:59] > sukiyoriee remove x1 §eᴄʀᴇᴇᴘᴇʀ sᴘᴀᴡɴᴇʀ from buy
[17:40:59] > sukiyoriee remove x64 Iron block from buy
[17:45:42] > kkyleeeeesa remove x1 Name tag from buy
[17:48:37] > Technoblad7869 added x1 Nether star in auction for 100000.
[17:50:05] > Technoblad7869 added x1 Music disc pigstep in auction for 10000.
[17:50:22] > luvr0ck buy x1 Music disc pigstep to Technoblad7869 for $10,000.
[17:57:12] > sukiyoriee added x1 §f§l§x§F§A§0§0§0§AD§x§F§A§1§E§1§6a§x§F§B§3§B§2§1r§x§F§B§5§9§2§Dk§x§F§B§7§7§3§9f§x§F§B§9§5§4§5l§x§F§C§B§2§5§0a§x§F§C§D§0§5§Cm§x§F§C§B§2§5§0e§x§F§B§9§5§4§5 §x§F§B§7§7§3§9W§x§F§B§5§9§2§Di§x§F§B§3§B§2§1n§x§F§A§1§E§1§6g§x§F§A§0§0§0§As in auction for 1000000.
[17:57:16] > celinesanrio buy x1 §f§l§x§F§A§0§0§0§AD§x§F§A§1§E§1§6a§x§F§B§3§B§2§1r§x§F§B§5§9§2§Dk§x§F§B§7§7§3§9f§x§F§B§9§5§4§5l§x§F§C§B§2§5§0a§x§F§C§D§0§5§Cm§x§F§C§B§2§5§0e§x§F§B§9§5§4§5 §x§F§B§7§7§3§9W§x§F§B§5§9§2§Di§x§F§B§3§B§2§1n§x§F§A§1§E§1§6g§x§F§A§0§0§0§As to sukiyoriee for $1,000,000.
[17:57:24] > celinesanrio remove x1 §f§l§x§F§A§0§0§0§AD§x§F§A§1§E§1§6a§x§F§B§3§B§2§1r§x§F§B§5§9§2§Dk§x§F§B§7§7§3§9f§x§F§B§9§5§4§5l§x§F§C§B§2§5§0a§x§F§C§D§0§5§Cm§x§F§C§B§2§5§0e§x§F§B§9§5§4§5 §x§F§B§7§7§3§9W§x§F§B§5§9§2§Di§x§F§B§3§B§2§1n§x§F§A§1§E§1§6g§x§F§A§0§0§0§As form buy
[18:11:37] > Technoblad7869 remove x1 §eᴢᴏᴍʙɪᴇ sᴘᴀᴡɴᴇʀ from storage
[18:19:02] > x1 §x§F§0§7§A§5§4§lZombie Apocalyptic Helmet on sale by Runz has just expired, it goes in the inventory of expired items.
[18:20:39] > .Kenku1001 added x64 Pale oak sapling in auction for 64000.
[18:20:41] > celinesanrio buy x64 Pale oak sapling to .Kenku1001 for $64,000.
[18:20:45] > celinesanrio remove x64 Pale oak sapling from buy
[18:23:25] > x1 §fSun Hat on sale by .KY_LE46826 has just expired, it goes in the inventory of expired items.
[18:23:25] > Rain_Reinn added x1 Fishing rod in auction for 100.
[18:23:33] > luvr0ck buy x1 Fishing rod to Rain_Reinn for $100.
[18:29:57] > tic_sz added x1 §x§F§F§3§E§0§0§lD§x§F§F§3§6§0§0§le§x§F§F§2§F§0§0§lm§x§F§F§2§7§0§0§lo§x§F§F§1§F§0§0§ln §x§F§F§1§0§0§0§lL§x§F§F§0§8§0§0§lo§x§F§F§0§0§0§0§lr§x§F§F§0§9§0§0§ld §x§F§F§1§B§0§0§lS§x§F§F§2§3§0§0§lt§x§F§F§2§C§0§0§la§x§F§F§3§5§0§0§lf§x§F§F§3§E§0§0§lf in auction for 100000.
[18:33:18] > .shirowonkies buy x1 §f§l§x§F§C§D§0§5§CW§x§F§B§B§D§5§4u§x§F§A§A§A§4§Bk§x§F§A§9§7§4§3o§x§F§9§8§4§3§Bn§x§F§8§7§1§3§2g§x§F§7§5§F§2§A §x§F§6§4§C§2§1B§x§F§5§3§9§1§9o§x§F§5§2§6§1§1o§x§F§4§1§3§0§8t§x§F§3§0§0§0§0s to Unforce01 for $200,000.
[18:33:29] > .shirowonkies remove x1 §f§l§x§F§C§D§0§5§CW§x§F§B§B§D§5§4u§x§F§A§A§A§4§Bk§x§F§A§9§7§4§3o§x§F§9§8§4§3§Bn§x§F§8§7§1§3§2g§x§F§7§5§F§2§A §x§F§6§4§C§2§1B§x§F§5§3§9§1§9o§x§F§5§2§6§1§1o§x§F§4§1§3§0§8t§x§F§3§0§0§0§0s from buy
[18:33:30] > .shirowonkies remove x1 Enchanted book from buy
[18:33:31] > .shirowonkies remove x1 Enchanted book from buy
[18:39:14] > llhxnce added x1 §2Franck in auction for 50000.
[18:39:59] > llhxnce added x1 §f§l§x§F§C§D§0§5§CW§x§F§A§A§A§4§Bu§x§F§9§8§4§3§Bk§x§F§7§5§F§2§Ao§x§F§5§3§9§1§9n§x§F§4§1§3§0§8g §x§F§5§3§9§1§9S§x§F§7§5§F§2§At§x§F§9§8§4§3§Ba§x§F§A§A§A§4§Bf§x§F§C§D§0§5§Cf in auction for 500000.
[18:47:14] > tic_sz added x1 §x§F§F§3§E§0§0§lD§x§F§F§3§7§0§0§le§x§F§F§3§0§0§0§lm§x§F§F§2§9§0§0§lo§x§F§F§2§2§0§0§ln §x§F§F§1§5§0§0§lL§x§F§F§0§E§0§0§lo§x§F§F§0§7§0§0§lr§x§F§F§0§0§0§0§ld §x§F§F§0§E§0§0§lF§x§F§F§1§5§0§0§lr§x§F§F§1§C§0§0§la§x§F§F§2§2§0§0§lg§x§F§F§2§9§0§0§lm§x§F§F§3§0§0§0§le§x§F§F§3§7§0§0§ln§x§F§F§3§E§0§0§lt in auction for 100000.
[18:52:07] > Sezemi buy x64 Iron block to Seris00 for $22,400.
[18:52:09] > Sezemi buy x64 Iron block to Seris00 for $22,400.
[18:52:13] > Sezemi remove x54 Iron block from buy
[18:52:13] > Sezemi remove x54 Iron block from buy
[18:58:46] > Lazydiamond_2 remove x1 Nether star from storage
[19:00:19] > llhxnce added x1 §x§5§C§C§F§F§C§lC§x§5§C§D§1§F§5§lo§x§5§D§D§4§E§E§ls§x§5§D§D§6§E§7§lm§x§5§E§D§9§E§1§le§x§5§E§D§B§D§A§lt§x§5§E§D§D§D§3§li§x§5§F§E§0§C§C§lc §x§5§F§E§0§C§C§lH§x§5§E§D§D§D§3§la§x§5§E§D§B§D§A§lt§x§5§E§D§9§E§1§ls §x§5§D§D§4§E§E§lK§x§5§C§D§1§F§5§le§x§5§C§C§F§F§C§ly in auction for 10.
[19:00:23] > BlackKnight buy x1 §x§5§C§C§F§F§C§lC§x§5§C§D§1§F§5§lo§x§5§D§D§4§E§E§ls§x§5§D§D§6§E§7§lm§x§5§E§D§9§E§1§le§x§5§E§D§B§D§A§lt§x§5§E§D§D§D§3§li§x§5§F§E§0§C§C§lc §x§5§F§E§0§C§C§lH§x§5§E§D§D§D§3§la§x§5§E§D§B§D§A§lt§x§5§E§D§9§E§1§ls §x§5§D§D§4§E§E§lK§x§5§C§D§1§F§5§le§x§5§C§C§F§F§C§ly to llhxnce for $10.
[19:00:50] > Sezemi added x1 §x§F§F§5§5§0§0§lsᴇʟʟᴡᴀɴᴅ §6- 10.0x in auction for 800000.
[19:00:54] > grit_zy buy x1 §x§F§F§5§5§0§0§lsᴇʟʟᴡᴀɴᴅ §6- 10.0x to Sezemi for $800,000.
[19:01:26] > grit_zy remove x1 §x§F§F§5§5§0§0§lsᴇʟʟᴡᴀɴᴅ §6- 10.0x from buy
[19:01:26] > grit_zy remove x1 §x§F§F§7§C§0§0§lSteamsparks Hoe from buy
[19:01:26] > grit_zy remove x1 §2Franck from buy
[19:01:27] > grit_zy remove x1 §x§F§C§9§0§5§C§lE§x§E§6§9§C§6§B§lp§x§C§F§A§7§7§A§li§x§B§9§B§3§8§9§lc §x§8§C§C§B§A§7§lC§x§7§5§D§6§B§6§lr§x§5§F§E§2§C§5§la§x§7§9§D§4§B§4§lt§x§9§3§C§7§A§2§le §x§C§8§A§B§7§F§lK§x§E§2§9§E§6§E§le§x§F§C§9§0§5§C§ly from buy
[19:01:27] > P4LDOK added x1 §eᴄʀᴇᴇᴘᴇʀ sᴘᴀᴡɴᴇʀ in auction for 2000000.
[19:01:33] > Takeremu buy x1 §eᴄʀᴇᴇᴘᴇʀ sᴘᴀᴡɴᴇʀ to P4LDOK for $2,000,000.
[19:01:39] > Takeremu remove x1 §eᴘɪɢ sᴘᴀᴡɴᴇʀ from buy
[19:01:39] > Takeremu remove x1 §eᴄʀᴇᴇᴘᴇʀ sᴘᴀᴡɴᴇʀ from buy
[19:01:50] > BlackKnight added x1 §eᴄʀᴇᴇᴘᴇʀ sᴘᴀᴡɴᴇʀ in auction for 1000000.
[19:01:58] > Takeremu buy x1 §eᴄʀᴇᴇᴘᴇʀ sᴘᴀᴡɴᴇʀ to BlackKnight for $1,000,000.
[19:02:05] > Takeremu remove x1 §eᴄʀᴇᴇᴘᴇʀ sᴘᴀᴡɴᴇʀ from buy
[19:02:10] > tyrunknown added x1 §eᴄʜɪᴄᴋᴇɴ sᴘᴀᴡɴᴇʀ in auction for 100000.
[19:02:15] > Takeremu buy x1 §eᴄʜɪᴄᴋᴇɴ sᴘᴀᴡɴᴇʀ to tyrunknown for $100,000.
[19:02:25] > Takeremu remove x1 §eᴄʜɪᴄᴋᴇɴ sᴘᴀᴡɴᴇʀ from buy
[19:03:14] > BlackKnight added x1 §eᴄʀᴇᴇᴘᴇʀ sᴘᴀᴡɴᴇʀ in auction for 1500000.
[19:23:26] > Sngel25 added x1 §x§F§F§7§C§0§0§lSteamsparks Blade in auction for 10.
[19:23:32] > koshie buy x1 §x§F§F§7§C§0§0§lSteamsparks Blade to Sngel25 for $10.
[19:36:39] > FRANZ_JOSEF0 added x1 §f§l§x§F§C§D§0§5§CW§x§F§B§C§1§5§5u§x§F§B§B§2§4§Fk§x§F§A§A§3§4§8o§x§F§9§9§5§4§2n§x§F§9§8§6§3§Bg§x§F§8§7§7§3§5 §x§F§8§6§8§2§EL§x§F§7§5§9§2§7e§x§F§6§4§A§2§1g§x§F§6§3§B§1§Ag§x§F§5§2§D§1§4i§x§F§4§1§E§0§Dn§x§F§4§0§F§0§7g§x§F§3§0§0§0§0s in auction for 70000.
[19:36:54] > Takeremu buy x1 §f§l§x§F§C§D§0§5§CW§x§F§B§C§1§5§5u§x§F§B§B§2§4§Fk§x§F§A§A§3§4§8o§x§F§9§9§5§4§2n§x§F§9§8§6§3§Bg§x§F§8§7§7§3§5 §x§F§8§6§8§2§EL§x§F§7§5§9§2§7e§x§F§6§4§A§2§1g§x§F§6§3§B§1§Ag§x§F§5§2§D§1§4i§x§F§4§1§E§0§Dn§x§F§4§0§F§0§7g§x§F§3§0§0§0§0s to FRANZ_JOSEF0 for $70,000.
[19:37:04] > FRANZ_JOSEF0 buy x1 §x§F§F§3§E§0§0§lD§x§F§F§3§7§0§0§le§x§F§F§3§0§0§0§lm§x§F§F§2§9§0§0§lo§x§F§F§2§2§0§0§ln §x§F§F§1§5§0§0§lL§x§F§F§0§E§0§0§lo§x§F§F§0§7§0§0§lr§x§F§F§0§0§0§0§ld §x§F§F§0§E§0§0§lF§x§F§F§1§5§0§0§lr§x§F§F§1§C§0§0§la§x§F§F§2§2§0§0§lg§x§F§F§2§9§0§0§lm§x§F§F§3§0§0§0§le§x§F§F§3§7§0§0§ln§x§F§F§3§E§0§0§lt to tic_sz for $100,000.
[19:37:09] > FRANZ_JOSEF0 remove x1 §x§F§F§3§E§0§0§lD§x§F§F§3§7§0§0§le§x§F§F§3§0§0§0§lm§x§F§F§2§9§0§0§lo§x§F§F§2§2§0§0§ln §x§F§F§1§5§0§0§lL§x§F§F§0§E§0§0§lo§x§F§F§0§7§0§0§lr§x§F§F§0§0§0§0§ld §x§F§F§0§E§0§0§lF§x§F§F§1§5§0§0§lr§x§F§F§1§C§0§0§la§x§F§F§2§2§0§0§lg§x§F§F§2§9§0§0§lm§x§F§F§3§0§0§0§le§x§F§F§3§7§0§0§ln§x§F§F§3§E§0§0§lt from buy
[19:39:25] > .SharkyisHungry added x1 §f§l§x§F§A§0§0§0§AD§x§F§A§1§C§1§5a§x§F§B§3§7§2§0r§x§F§B§5§3§2§Bk§x§F§B§6§F§3§6f§x§F§B§8§B§4§1l§x§F§C§A§6§4§Ca§x§F§C§C§2§5§7me§x§F§C§A§6§4§C §x§F§B§8§B§4§1S§x§F§B§6§F§3§6i§x§F§B§5§3§2§Bc§x§F§B§3§7§2§0k§x§F§A§1§C§1§5l§x§F§A§0§0§0§Ae in auction for 450000.
[19:41:52] > HPMR_GaMerz added x2 §x§F§F§3§E§0§0§lD§x§F§F§3§7§0§0§le§x§F§F§3§0§0§0§lm§x§F§F§2§9§0§0§lo§x§F§F§2§2§0§0§ln §x§F§F§1§5§0§0§lL§x§F§F§0§E§0§0§lo§x§F§F§0§7§0§0§lr§x§F§F§0§0§0§0§ld §x§F§F§0§E§0§0§lF§x§F§F§1§5§0§0§lr§x§F§F§1§C§0§0§la§x§F§F§2§2§0§0§lg§x§F§F§2§9§0§0§lm§x§F§F§3§0§0§0§le§x§F§F§3§7§0§0§ln§x§F§F§3§E§0§0§lt in auction for 300000.
[19:42:10] > Technoblad7869 buy x2 §x§F§F§3§E§0§0§lD§x§F§F§3§7§0§0§le§x§F§F§3§0§0§0§lm§x§F§F§2§9§0§0§lo§x§F§F§2§2§0§0§ln §x§F§F§1§5§0§0§lL§x§F§F§0§E§0§0§lo§x§F§F§0§7§0§0§lr§x§F§F§0§0§0§0§ld §x§F§F§0§E§0§0§lF§x§F§F§1§5§0§0§lr§x§F§F§1§C§0§0§la§x§F§F§2§2§0§0§lg§x§F§F§2§9§0§0§lm§x§F§F§3§0§0§0§le§x§F§F§3§7§0§0§ln§x§F§F§3§E§0§0§lt to HPMR_GaMerz for $300,000.
[19:42:19] > Technoblad7869 remove x2 §x§F§F§3§E§0§0§lD§x§F§F§3§7§0§0§le§x§F§F§3§0§0§0§lm§x§F§F§2§9§0§0§lo§x§F§F§2§2§0§0§ln §x§F§F§1§5§0§0§lL§x§F§F§0§E§0§0§lo§x§F§F§0§7§0§0§lr§x§F§F§0§0§0§0§ld §x§F§F§0§E§0§0§lF§x§F§F§1§5§0§0§lr§x§F§F§1§C§0§0§la§x§F§F§2§2§0§0§lg§x§F§F§2§9§0§0§lm§x§F§F§3§0§0§0§le§x§F§F§3§7§0§0§ln§x§F§F§3§E§0§0§lt from buy
[19:43:28] > Technoblad7869 added x1 §x§F§F§3§E§0§0§lD§x§F§F§3§5§0§0§le§x§F§F§2§C§0§0§lm§x§F§F§2§3§0§0§lo§x§F§F§1§B§0§0§ln §x§F§F§0§9§0§0§lL§x§F§F§0§0§0§0§lo§x§F§F§0§A§0§0§lr§x§F§F§1§5§0§0§ld §x§F§F§2§9§0§0§lB§x§F§F§3§4§0§0§lo§x§F§F§3§E§0§0§lw in auction for 350000.
[19:43:47] > Technoblad7869 remove x1 Nether star form storage
[19:43:47] > Technoblad7869 remove x1 §x§F§F§3§E§0§0§lD§x§F§F§3§5§0§0§le§x§F§F§2§C§0§0§lm§x§F§F§2§3§0§0§lo§x§F§F§1§B§0§0§ln §x§F§F§0§9§0§0§lL§x§F§F§0§0§0§0§lo§x§F§F§0§A§0§0§lr§x§F§F§1§5§0§0§ld §x§F§F§2§9§0§0§lB§x§F§F§3§4§0§0§lo§x§F§F§3§E§0§0§lw form storage
[19:47:29] > BlackKnight remove x1 §eᴄʀᴇᴇᴘᴇʀ sᴘᴀᴡɴᴇʀ from storage
[19:47:38] > BlackKnight added x1 §eᴄʀᴇᴇᴘᴇʀ sᴘᴀᴡɴᴇʀ in auction for 1000000.
[19:48:19] > celinesanrio added x6 §x§F§2§C§6§D§E§lP§x§E§0§C§A§D§B§li§x§C§D§C§D§D§8§ln§x§B§B§D§1§D§5§la§x§A§9§D§4§D§2§lt§x§9§6§D§8§C§E§la §x§7§1§D§F§C§8§lC§x§5§F§E§2§C§5§lr§x§7§4§D§E§C§9§la§x§8§9§D§A§C§C§lt§x§9§E§D§6§D§0§le §x§C§8§C§E§D§7§lK§x§D§D§C§A§D§A§le§x§F§2§C§6§D§E§ly in auction for 600000.
[19:48:59] > celinesanrio remove x1 §f§l§x§F§A§0§0§0§AD§x§F§A§1§C§1§5a§x§F§B§3§7§2§0r§x§F§B§5§3§2§Bk§x§F§B§6§F§3§6f§x§F§B§8§B§4§1l§x§F§C§A§6§4§Ca§x§F§C§C§2§5§7me§x§F§C§A§6§4§C §x§F§B§8§B§4§1S§x§F§B§6§F§3§6h§x§F§B§5§3§2§Bo§x§F§B§3§7§2§0v§x§F§A§1§C§1§5e§x§F§A§0§0§0§Al from storage
[19:48:59] > celinesanrio remove x1 §f§l§x§F§A§0§0§0§AD§x§F§A§1§5§1§2a§x§F§A§2§A§1§Ar§x§F§B§3§E§2§3k§x§F§B§5§3§2§Bf§x§F§B§6§8§3§3l§x§F§B§7§D§3§Ba§x§F§B§9§2§4§3m§x§F§C§A§6§4§Ce§x§F§C§B§B§5§4 §x§F§C§D§0§5§CF§x§F§C§B§B§5§4i§x§F§C§A§6§4§Cs§x§F§B§9§2§4§3h§x§F§B§7§D§3§Bi§x§F§B§6§8§3§3n§x§F§B§5§3§2§Bg§x§F§B§3§E§2§3 §x§F§A§2§A§1§AR§x§F§A§1§5§1§2o§x§F§A§0§0§0§Ad from storage
[19:48:59] > celinesanrio remove x1 §f§l§x§F§A§0§0§0§AD§x§F§A§1§C§1§5a§x§F§B§3§7§2§0r§x§F§B§5§3§2§Bk§x§F§B§6§F§3§6f§x§F§B§8§B§4§1l§x§F§C§A§6§4§Ca§x§F§C§C§2§5§7me§x§F§C§A§6§4§C §x§F§B§8§B§4§1S§x§F§B§6§F§3§6h§x§F§B§5§3§2§Bo§x§F§B§3§7§2§0v§x§F§A§1§C§1§5e§x§F§A§0§0§0§Al from storage
[19:49:00] > celinesanrio remove x1 §f§l§x§F§A§0§0§0§AD§x§F§A§1§C§1§5a§x§F§B§3§7§2§0r§x§F§B§5§3§2§Bk§x§F§B§6§F§3§6f§x§F§B§8§B§4§1l§x§F§C§A§6§4§Ca§x§F§C§C§2§5§7me§x§F§C§A§6§4§C §x§F§B§8§B§4§1S§x§F§B§6§F§3§6h§x§F§B§5§3§2§Bo§x§F§B§3§7§2§0v§x§F§A§1§C§1§5e§x§F§A§0§0§0§Al from storage
[19:49:08] > celinesanrio added x1 §f§l§x§F§A§0§0§0§AD§x§F§A§1§C§1§5a§x§F§B§3§7§2§0r§x§F§B§5§3§2§Bk§x§F§B§6§F§3§6f§x§F§B§8§B§4§1l§x§F§C§A§6§4§Ca§x§F§C§C§2§5§7me§x§F§C§A§6§4§C §x§F§B§8§B§4§1S§x§F§B§6§F§3§6h§x§F§B§5§3§2§Bo§x§F§B§3§7§2§0v§x§F§A§1§C§1§5e§x§F§A§0§0§0§Al in auction for 500000.
[19:49:19] > celinesanrio added x1 §f§l§x§F§A§0§0§0§AD§x§F§A§1§C§1§5a§x§F§B§3§7§2§0r§x§F§B§5§3§2§Bk§x§F§B§6§F§3§6f§x§F§B§8§B§4§1l§x§F§C§A§6§4§Ca§x§F§C§C§2§5§7me§x§F§C§A§6§4§C §x§F§B§8§B§4§1S§x§F§B§6§F§3§6h§x§F§B§5§3§2§Bo§x§F§B§3§7§2§0v§x§F§A§1§C§1§5e§x§F§A§0§0§0§Al in auction for 500000.
[19:49:30] > celinesanrio added x1 §f§l§x§F§A§0§0§0§AD§x§F§A§1§C§1§5a§x§F§B§3§7§2§0r§x§F§B§5§3§2§Bk§x§F§B§6§F§3§6f§x§F§B§8§B§4§1l§x§F§C§A§6§4§Ca§x§F§C§C§2§5§7me§x§F§C§A§6§4§C §x§F§B§8§B§4§1S§x§F§B§6§F§3§6h§x§F§B§5§3§2§Bo§x§F§B§3§7§2§0v§x§F§A§1§C§1§5e§x§F§A§0§0§0§Al in auction for 500000.
[19:49:41] > celinesanrio added x1 §f§l§x§F§A§0§0§0§AD§x§F§A§1§5§1§2a§x§F§A§2§A§1§Ar§x§F§B§3§E§2§3k§x§F§B§5§3§2§Bf§x§F§B§6§8§3§3l§x§F§B§7§D§3§Ba§x§F§B§9§2§4§3m§x§F§C§A§6§4§Ce§x§F§C§B§B§5§4 §x§F§C§D§0§5§CF§x§F§C§B§B§5§4i§x§F§C§A§6§4§Cs§x§F§B§9§2§4§3h§x§F§B§7§D§3§Bi§x§F§B§6§8§3§3n§x§F§B§5§3§2§Bg§x§F§B§3§E§2§3 §x§F§A§2§A§1§AR§x§F§A§1§5§1§2o§x§F§A§0§0§0§Ad in auction for 500000.
[19:59:59] > lolxxvihan added x2 Nether star in auction for 90000.
[20:00:39] > Kanzie20 added x4 Nether star in auction for 200000.
[20:10:05] > celinesanrio added x2 §f§l§x§8§A§0§0§F§FS§x§9§C§0§0§D§5h§x§A§D§0§0§A§Ai§x§B§F§0§0§8§0n§x§D§0§0§0§5§5e§x§E§2§0§0§2§B §x§F§3§0§0§0§0O§x§E§2§0§0§2§An§x§D§0§0§0§5§5i§x§B§F§0§0§8§0 §x§A§D§0§0§A§AK§x§9§C§0§0§D§5e§x§8§A§0§0§F§Fy in auction for 4000000.
[20:11:52] > celinesanrio remove x1 §f§l§x§F§A§0§0§0§AD§x§F§A§1§C§1§5a§x§F§B§3§7§2§0r§x§F§B§5§3§2§Bk§x§F§B§6§F§3§6f§x§F§B§8§B§4§1l§x§F§C§A§6§4§Ca§x§F§C§C§2§5§7me§x§F§C§A§6§4§C §x§F§B§8§B§4§1S§x§F§B§6§F§3§6h§x§F§B§5§3§2§Bo§x§F§B§3§7§2§0v§x§F§A§1§C§1§5e§x§F§A§0§0§0§Al form storage
[20:11:52] > celinesanrio remove x1 §f§l§x§F§A§0§0§0§AD§x§F§A§1§C§1§5a§x§F§B§3§7§2§0r§x§F§B§5§3§2§Bk§x§F§B§6§F§3§6f§x§F§B§8§B§4§1l§x§F§C§A§6§4§Ca§x§F§C§C§2§5§7me§x§F§C§A§6§4§C §x§F§B§8§B§4§1S§x§F§B§6§F§3§6h§x§F§B§5§3§2§Bo§x§F§B§3§7§2§0v§x§F§A§1§C§1§5e§x§F§A§0§0§0§Al form storage
[20:11:52] > celinesanrio remove x1 §f§l§x§F§A§0§0§0§AD§x§F§A§1§C§1§5a§x§F§B§3§7§2§0r§x§F§B§5§3§2§Bk§x§F§B§6§F§3§6f§x§F§B§8§B§4§1l§x§F§C§A§6§4§Ca§x§F§C§C§2§5§7me§x§F§C§A§6§4§C §x§F§B§8§B§4§1S§x§F§B§6§F§3§6h§x§F§B§5§3§2§Bo§x§F§B§3§7§2§0v§x§F§A§1§C§1§5e§x§F§A§0§0§0§Al form storage
[20:11:52] > celinesanrio remove x2 §f§l§x§8§A§0§0§F§FS§x§9§C§0§0§D§5h§x§A§D§0§0§A§Ai§x§B§F§0§0§8§0n§x§D§0§0§0§5§5e§x§E§2§0§0§2§B §x§F§3§0§0§0§0O§x§E§2§0§0§2§An§x§D§0§0§0§5§5i§x§B§F§0§0§8§0 §x§A§D§0§0§A§AK§x§9§C§0§0§D§5e§x§8§A§0§0§F§Fy form storage
[20:11:52] > celinesanrio remove x6 §x§F§2§C§6§D§E§lP§x§E§0§C§A§D§B§li§x§C§D§C§D§D§8§ln§x§B§B§D§1§D§5§la§x§A§9§D§4§D§2§lt§x§9§6§D§8§C§E§la §x§7§1§D§F§C§8§lC§x§5§F§E§2§C§5§lr§x§7§4§D§E§C§9§la§x§8§9§D§A§C§C§lt§x§9§E§D§6§D§0§le §x§C§8§C§E§D§7§lK§x§D§D§C§A§D§A§le§x§F§2§C§6§D§E§ly form storage
[20:11:52] > celinesanrio remove x1 §f§l§x§F§A§0§0§0§AD§x§F§A§1§5§1§2a§x§F§A§2§A§1§Ar§x§F§B§3§E§2§3k§x§F§B§5§3§2§Bf§x§F§B§6§8§3§3l§x§F§B§7§D§3§Ba§x§F§B§9§2§4§3m§x§F§C§A§6§4§Ce§x§F§C§B§B§5§4 §x§F§C§D§0§5§CF§x§F§C§B§B§5§4i§x§F§C§A§6§4§Cs§x§F§B§9§2§4§3h§x§F§B§7§D§3§Bi§x§F§B§6§8§3§3n§x§F§B§5§3§2§Bg§x§F§B§3§E§2§3 §x§F§A§2§A§1§AR§x§F§A§1§5§1§2o§x§F§A§0§0§0§Ad form storage
[20:11:59] > octopus_01 added x1 §f§l§x§8§A§0§0§F§FS§x§9§6§0§0§E§1h§x§A§3§0§0§C§3i§x§A§F§0§0§A§5n§x§B§B§0§0§8§7e§x§C§8§0§0§6§9 §x§D§4§0§0§4§BO§x§E§0§0§0§2§Dn§x§E§D§0§0§0§Fi §x§E§0§0§0§2§DL§x§D§4§0§0§4§Be§x§C§8§0§0§6§9g§x§B§B§0§0§8§7g§x§A§F§0§0§A§5i§x§A§3§0§0§C§3n§x§9§6§0§0§E§1g§x§8§A§0§0§F§Fs in auction for 1000000.
[20:12:04] > HPMR_GaMerz buy x1 §f§l§x§8§A§0§0§F§FS§x§9§6§0§0§E§1h§x§A§3§0§0§C§3i§x§A§F§0§0§A§5n§x§B§B§0§0§8§7e§x§C§8§0§0§6§9 §x§D§4§0§0§4§BO§x§E§0§0§0§2§Dn§x§E§D§0§0§0§Fi §x§E§0§0§0§2§DL§x§D§4§0§0§4§Be§x§C§8§0§0§6§9g§x§B§B§0§0§8§7g§x§A§F§0§0§A§5i§x§A§3§0§0§C§3n§x§9§6§0§0§E§1g§x§8§A§0§0§F§Fs to octopus_01 for $1,000,000.
[20:12:12] > HPMR_GaMerz remove x1 §f§l§x§8§A§0§0§F§FS§x§9§6§0§0§E§1h§x§A§3§0§0§C§3i§x§A§F§0§0§A§5n§x§B§B§0§0§8§7e§x§C§8§0§0§6§9 §x§D§4§0§0§4§BO§x§E§0§0§0§2§Dn§x§E§D§0§0§0§Fi §x§E§0§0§0§2§DL§x§D§4§0§0§4§Be§x§C§8§0§0§6§9g§x§B§B§0§0§8§7g§x§A§F§0§0§A§5i§x§A§3§0§0§C§3n§x§9§6§0§0§E§1g§x§8§A§0§0§F§Fs from buy
[20:12:22] > celinesanrio added x1 §f§l§x§8§A§0§0§F§FS§x§9§5§0§0§E§4h§x§A§0§0§0§C§9i§x§A§B§0§0§A§En§x§B§6§0§0§9§4e§x§C§1§0§0§7§9 §x§C§C§0§0§5§EO§x§D§7§0§0§4§3n§x§E§2§0§0§2§8i§x§E§D§0§0§0§D B§x§E§2§0§0§2§8a§x§D§7§0§0§4§3t§x§C§C§0§0§5§Et§x§C§1§0§0§7§9l§x§B§6§0§0§9§4e§x§A§B§0§0§A§E §x§A§0§0§0§C§9A§x§9§5§0§0§E§4x§x§8§A§0§0§F§Fe in auction for 1500000.
[20:12:22] > HwanYo added x1 §f§l§x§8§A§0§0§F§FS§x§9§8§0§0§D§Dh§x§A§6§0§0§B§Bi§x§B§4§0§0§9§9n§x§C§2§0§0§7§7e§x§D§0§0§0§5§5 §x§D§E§0§0§3§3O§x§E§C§0§0§1§1ni§x§D§E§0§0§3§3 §x§D§0§0§0§5§5S§x§C§2§0§0§7§7h§x§B§4§0§0§9§9i§x§A§6§0§0§B§Be§x§9§8§0§0§D§Dl§x§8§A§0§0§F§Fd in auction for 1500000.
[20:12:28] > octopus_01 added x1 §f§l§x§F§C§D§0§5§CW§x§F§A§A§A§4§Bu§x§F§9§8§4§3§Bk§x§F§7§5§F§2§Ao§x§F§5§3§9§1§9n§x§F§4§1§3§0§8g §x§F§5§3§9§1§9S§x§F§7§5§F§2§Aw§x§F§9§8§4§3§Bo§x§F§A§A§A§4§Br§x§F§C§D§0§5§Cd in auction for 500000.
[20:12:33] > Sezemi buy x1 §f§l§x§8§A§0§0§F§FS§x§9§5§0§0§E§4h§x§A§0§0§0§C§9i§x§A§B§0§0§A§En§x§B§6§0§0§9§4e§x§C§1§0§0§7§9 §x§C§C§0§0§5§EO§x§D§7§0§0§4§3n§x§E§2§0§0§2§8i§x§E§D§0§0§0§D B§x§E§2§0§0§2§8a§x§D§7§0§0§4§3t§x§C§C§0§0§5§Et§x§C§1§0§0§7§9l§x§B§6§0§0§9§4e§x§A§B§0§0§A§E §x§A§0§0§0§C§9A§x§9§5§0§0§E§4x§x§8§A§0§0§F§Fe to celinesanrio for $1,500,000.
[20:12:34] > celinesanrio added x1 §f§l§x§8§A§0§0§F§FS§x§9§8§0§0§D§Dh§x§A§6§0§0§B§Bi§x§B§4§0§0§9§9n§x§C§2§0§0§7§7e§x§D§0§0§0§5§5 §x§D§E§0§0§3§3O§x§E§C§0§0§1§1ni§x§D§E§0§0§3§3 §x§D§0§0§0§5§5S§x§C§2§0§0§7§7h§x§B§4§0§0§9§9i§x§A§6§0§0§B§Be§x§9§8§0§0§D§Dl§x§8§A§0§0§F§Fd in auction for 500000.
[20:12:35] > Sezemi buy x1 §f§l§x§8§A§0§0§F§FS§x§9§8§0§0§D§Dh§x§A§6§0§0§B§Bi§x§B§4§0§0§9§9n§x§C§2§0§0§7§7e§x§D§0§0§0§5§5 §x§D§E§0§0§3§3O§x§E§C§0§0§1§1ni§x§D§E§0§0§3§3 §x§D§0§0§0§5§5S§x§C§2§0§0§7§7h§x§B§4§0§0§9§9i§x§A§6§0§0§B§Be§x§9§8§0§0§D§Dl§x§8§A§0§0§F§Fd to HwanYo for $1,500,000.
[20:12:43] > Sezemi buy x1 §f§l§x§8§A§0§0§F§FS§x§9§8§0§0§D§Dh§x§A§6§0§0§B§Bi§x§B§4§0§0§9§9n§x§C§2§0§0§7§7e§x§D§0§0§0§5§5 §x§D§E§0§0§3§3O§x§E§C§0§0§1§1ni§x§D§E§0§0§3§3 §x§D§0§0§0§5§5S§x§C§2§0§0§7§7h§x§B§4§0§0§9§9i§x§A§6§0§0§B§Be§x§9§8§0§0§D§Dl§x§8§A§0§0§F§Fd to celinesanrio for $500,000.
[20:12:46] > octopus_01 added x1 §f§l§8B§x§5§E§5§E§5§Ea§x§6§8§6§8§6§8h§x§7§1§7§1§7§1a§x§7§B§7§B§7§Bm§x§8§4§8§4§8§4u§x§8§E§8§E§8§Et§x§9§7§9§7§9§7 §x§A§1§A§1§A§1F§7i§x§A§1§A§1§A§1s§x§9§7§9§7§9§7h§x§8§E§8§E§8§Ei§x§8§4§8§4§8§4n§x§7§B§7§B§7§Bg§x§7§1§7§1§7§1 §x§6§8§6§8§6§8R§x§5§E§5§E§5§Eo§8d in auction for 1000000.
[20:12:46] > celinesanrio added x1 §f§l§x§F§C§D§0§5§CW§x§F§A§A§A§4§Bu§x§F§9§8§4§3§Bk§x§F§7§5§F§2§Ao§x§F§5§3§9§1§9n§x§F§4§1§3§0§8g §x§F§5§3§9§1§9S§x§F§7§5§F§2§Ap§x§F§9§8§4§3§Be§x§F§A§A§A§4§Ba§x§F§C§D§0§5§Cr in auction for 100000.
[20:13:01] > celinesanrio added x1 §f§l§x§F§C§D§0§5§CW§x§F§B§B§0§4§Eu§x§F§9§9§0§4§0k§x§F§8§7§0§3§2o§x§F§6§5§0§2§3n§x§F§5§3§0§1§5g§x§F§4§1§0§0§7 P§x§F§5§3§0§1§5i§x§F§6§5§0§2§3c§x§F§8§7§0§3§2k§x§F§9§9§0§4§0a§x§F§B§B§0§4§Ex§x§F§C§D§0§5§Ce in auction for 100000.
[20:13:13] > celinesanrio added x1 §x§E§5§1§B§1§B§lDracula Bow in auction for 10000.
[20:13:20] > Unforce01 buy x1 §x§E§5§1§B§1§B§lDracula Bow to celinesanrio for $10,000.
[20:13:25] > celinesanrio added x1 §x§E§5§1§B§1§B§lDracula Halberd in auction for 10000.
[20:13:36] > celinesanrio added x1 §x§F§F§7§C§0§0§lSteamsparks Pickaxe in auction for 20000.
[20:13:45] > octopus_01 added x1 §x§E§5§1§B§1§B§lDracula Shovel in auction for 200000.
[20:13:50] > Kanzie20 buy x1 §x§F§F§7§C§0§0§lSteamsparks Pickaxe to celinesanrio for $20,000.
[20:13:53] > HPMR_GaMerz added x1 §f§l§8B§x§6§3§6§3§6§3a§x§7§1§7§1§7§1h§x§8§0§8§0§8§0a§x§8§E§8§E§8§Em§x§9§C§9§C§9§Cu§7t§x§9§C§9§C§9§C §x§8§E§8§E§8§EB§x§8§0§8§0§8§0o§x§7§1§7§1§7§1o§x§6§3§6§3§6§3t§8s in auction for 3000000.
[20:13:54] > Abbadex added x1 §f§l§x§8§A§0§0§F§FS§x§9§8§0§0§D§Dh§x§A§6§0§0§B§Bi§x§B§4§0§0§9§9n§x§C§2§0§0§7§7e§x§D§0§0§0§5§5 §x§D§E§0§0§3§3O§x§E§C§0§0§1§1ni§x§D§E§0§0§3§3 §x§D§0§0§0§5§5S§x§C§2§0§0§7§7i§x§B§4§0§0§9§9c§x§A§6§0§0§B§Bk§x§9§8§0§0§D§Dl§x§8§A§0§0§F§Fe in auction for 3000000.
[20:13:59] > king_ARK buy x1 §f§l§x§8§A§0§0§F§FS§x§9§8§0§0§D§Dh§x§A§6§0§0§B§Bi§x§B§4§0§0§9§9n§x§C§2§0§0§7§7e§x§D§0§0§0§5§5 §x§D§E§0§0§3§3O§x§E§C§0§0§1§1ni§x§D§E§0§0§3§3 §x§D§0§0§0§5§5S§x§C§2§0§0§7§7i§x§B§4§0§0§9§9c§x§A§6§0§0§B§Bk§x§9§8§0§0§D§Dl§x§8§A§0§0§F§Fe to Abbadex for $3,000,000.
[20:14:11] > HwanYo added x1 §f§l§x§F§C§D§0§5§CW§x§F§A§A§6§4§Au§x§F§8§7§D§3§7k§x§F§7§5§3§2§5o§x§F§5§2§A§1§2n§x§F§3§0§0§0§0g§x§F§5§2§A§1§2 §x§F§7§5§3§2§5C§x§F§8§7§D§3§7l§x§F§A§A§6§4§Au§x§F§C§D§0§5§Cb in auction for 350000.
[20:14:15] > celinesanrio added x1 §f§l§x§F§A§0§0§0§AD§x§F§A§1§C§1§5a§x§F§B§3§7§2§0r§x§F§B§5§3§2§Bk§x§F§B§6§F§3§6f§x§F§B§8§B§4§1l§x§F§C§A§6§4§Ca§x§F§C§C§2§5§7me§x§F§C§A§6§4§C §x§F§B§8§B§4§1S§x§F§B§6§F§3§6h§x§F§B§5§3§2§Bo§x§F§B§3§7§2§0v§x§F§A§1§C§1§5e§x§F§A§0§0§0§Al in auction for 500000.
[20:14:26] > celinesanrio added x1 §x§F§F§7§C§0§0§lSteamsparks Shield in auction for 20000.
[20:14:26] > Abbadex added x1 §f§l§x§F§C§D§0§5§CW§x§F§A§A§A§4§Bu§x§F§9§8§4§3§Bk§x§F§7§5§F§2§Ao§x§F§5§3§9§1§9n§x§F§4§1§3§0§8g §x§F§5§3§9§1§9S§x§F§7§5§F§2§At§x§F§9§8§4§3§Bi§x§F§A§A§A§4§Bc§x§F§C§D§0§5§Ck in auction for 500000.
[20:14:34] > Kanzie20 buy x1 §x§F§F§7§C§0§0§lSteamsparks Shield to celinesanrio for $20,000.
[20:14:35] > P4LDOK added x1 §f§l§8B§x§6§4§6§4§6§4a§x§7§4§7§4§7§4h§x§8§3§8§3§8§3a§x§9§3§9§3§9§3m§x§A§2§A§2§A§2ut§x§9§3§9§3§9§3 §x§8§3§8§3§8§3M§x§7§4§7§4§7§4a§x§6§4§6§4§6§4c§8e in auction for 6000000.
[20:14:36] > celinesanrio added x1 §f§l§x§F§A§0§0§0§AD§x§F§A§1§C§1§5a§x§F§B§3§7§2§0r§x§F§B§5§3§2§Bk§x§F§B§6§F§3§6f§x§F§B§8§B§4§1l§x§F§C§A§6§4§Ca§x§F§C§C§2§5§7me§x§F§C§A§6§4§C §x§F§B§8§B§4§1S§x§F§B§6§F§3§6h§x§F§B§5§3§2§Bo§x§F§B§3§7§2§0v§x§F§A§1§C§1§5e§x§F§A§0§0§0§Al in auction for 500000.
[20:14:42] > Takeremu added x1 §x§E§5§1§B§1§B§lDracula Spear in auction for 100000.
[20:14:52] > celinesanrio added x1 §f§l§x§F§A§0§0§0§AD§x§F§A§1§C§1§5a§x§F§B§3§7§2§0r§x§F§B§5§3§2§Bk§x§F§B§6§F§3§6f§x§F§B§8§B§4§1l§x§F§C§A§6§4§Ca§x§F§C§C§2§5§7me§x§F§C§A§6§4§C §x§F§B§8§B§4§1S§x§F§B§6§F§3§6h§x§F§B§5§3§2§Bo§x§F§B§3§7§2§0v§x§F§A§1§C§1§5e§x§F§A§0§0§0§Al in auction for 500000.
[20:14:59] > .MrChest8517 buy x1 §f§l§x§F§C§D§0§5§CW§x§F§B§B§0§4§Eu§x§F§9§9§0§4§0k§x§F§8§7§0§3§2o§x§F§6§5§0§2§3n§x§F§5§3§0§1§5g§x§F§4§1§0§0§7 P§x§F§5§3§0§1§5i§x§F§6§5§0§2§3c§x§F§8§7§0§3§2k§x§F§9§9§0§4§0a§x§F§B§B§0§4§Ex§x§F§C§D§0§5§Ce to celinesanrio for $100,000.
[20:15:04] > celinesanrio added x1 §f§l§x§F§A§0§0§0§AD§x§F§A§1§5§1§2a§x§F§A§2§A§1§Ar§x§F§B§3§E§2§3k§x§F§B§5§3§2§Bf§x§F§B§6§8§3§3l§x§F§B§7§D§3§Ba§x§F§B§9§2§4§3m§x§F§C§A§6§4§Ce§x§F§C§B§B§5§4 §x§F§C§D§0§5§CF§x§F§C§B§B§5§4i§x§F§C§A§6§4§Cs§x§F§B§9§2§4§3h§x§F§B§7§D§3§Bi§x§F§B§6§8§3§3n§x§F§B§5§3§2§Bg§x§F§B§3§E§2§3 §x§F§A§2§A§1§AR§x§F§A§1§5§1§2o§x§F§A§0§0§0§Ad in auction for 500000.
[20:15:17] > celinesanrio added x6 §x§F§2§C§6§D§E§lP§x§E§0§C§A§D§B§li§x§C§D§C§D§D§8§ln§x§B§B§D§1§D§5§la§x§A§9§D§4§D§2§lt§x§9§6§D§8§C§E§la §x§7§1§D§F§C§8§lC§x§5§F§E§2§C§5§lr§x§7§4§D§E§C§9§la§x§8§9§D§A§C§C§lt§x§9§E§D§6§D§0§le §x§C§8§C§E§D§7§lK§x§D§D§C§A§D§A§le§x§F§2§C§6§D§E§ly in auction for 600000.
[20:15:39] > octopus_01 added x1 §x§E§5§1§B§1§B§lDracula Axe in auction for 200000.
[20:16:14] > InternetCafeUser added x1 §f§l§x§F§C§D§0§5§CW§x§F§A§A§6§4§Au§x§F§8§7§D§3§7k§x§F§7§5§3§2§5o§x§F§5§2§A§1§2n§x§F§3§0§0§0§0g§x§F§5§2§A§1§2 §x§F§7§5§3§2§5C§x§F§8§7§D§3§7l§x§F§A§A§6§4§Au§x§F§C§D§0§5§Cb in auction for 500000.
[20:16:26] > .MrChest8517 remove x1 §f§l§x§F§C§D§0§5§CW§x§F§B§B§0§4§Eu§x§F§9§9§0§4§0k§x§F§8§7§0§3§2o§x§F§6§5§0§2§3n§x§F§5§3§0§1§5g§x§F§4§1§0§0§7 P§x§F§5§3§0§1§5i§x§F§6§5§0§2§3c§x§F§8§7§0§3§2k§x§F§9§9§0§4§0a§x§F§B§B§0§4§Ex§x§F§C§D§0§5§Ce from buy
[20:16:44] > Unforce01 added x1 §f§l§8B§x§6§6§6§6§6§6a§x§7§7§7§7§7§7h§x§8§8§8§8§8§8a§x§9§9§9§9§9§9m§7u§x§9§9§9§9§9§9t§x§8§8§8§8§8§8 §x§7§7§7§7§7§7H§x§6§6§6§6§6§6o§8e in auction for 1000000.
[20:16:47] > MrGh0st1y added x1 §f§l§x§8§A§0§0§F§FS§x§9§6§0§0§E§3h§x§A§1§0§0§C§6i§x§A§D§0§0§A§An§x§B§9§0§0§8§Ee§x§C§4§0§0§7§1 §x§D§0§0§0§5§5O§x§D§C§0§0§3§9n§x§E§7§0§0§1§Ci§x§F§3§0§0§0§0 §x§E§7§0§0§1§CB§x§D§C§0§0§3§9i§x§D§0§0§0§5§5g§x§C§4§0§0§7§1 §x§B§9§0§0§8§ES§x§A§D§0§0§A§Aw§x§A§1§0§0§C§6o§x§9§6§0§0§E§3r§x§8§A§0§0§F§Fd in auction for 4000000.
[20:16:57] > Takeremu remove x1 §f§l§x§F§C§D§0§5§CW§x§F§B§C§1§5§5u§x§F§B§B§2§4§Fk§x§F§A§A§3§4§8o§x§F§9§9§5§4§2n§x§F§9§8§6§3§Bg§x§F§8§7§7§3§5 §x§F§8§6§8§2§EL§x§F§7§5§9§2§7e§x§F§6§4§A§2§1g§x§F§6§3§B§1§Ag§x§F§5§2§D§1§4i§x§F§4§1§E§0§Dn§x§F§4§0§F§0§7g§x§F§3§0§0§0§0s from buy
[20:16:58] > HPMR_GaMerz remove x1 §f§l§8B§x§6§3§6§3§6§3a§x§7§1§7§1§7§1h§x§8§0§8§0§8§0a§x§8§E§8§E§8§Em§x§9§C§9§C§9§Cu§7t§x§9§C§9§C§9§C §x§8§E§8§E§8§EB§x§8§0§8§0§8§0o§x§7§1§7§1§7§1o§x§6§3§6§3§6§3t§8s from storage
[20:17:05] > HPMR_GaMerz added x1 §f§l§8B§x§6§3§6§3§6§3a§x§7§1§7§1§7§1h§x§8§0§8§0§8§0a§x§8§E§8§E§8§Em§x§9§C§9§C§9§Cu§7t§x§9§C§9§C§9§C §x§8§E§8§E§8§EB§x§8§0§8§0§8§0o§x§7§1§7§1§7§1o§x§6§3§6§3§6§3t§8s in auction for 2000000.
[20:17:11] > Abbadex buy x1 §f§l§8B§x§6§3§6§3§6§3a§x§7§1§7§1§7§1h§x§8§0§8§0§8§0a§x§8§E§8§E§8§Em§x§9§C§9§C§9§Cu§7t§x§9§C§9§C§9§C §x§8§E§8§E§8§EB§x§8§0§8§0§8§0o§x§7§1§7§1§7§1o§x§6§3§6§3§6§3t§8s to HPMR_GaMerz for $2,000,000.
[20:17:16] > Abbadex remove x1 §f§l§8B§x§6§3§6§3§6§3a§x§7§1§7§1§7§1h§x§8§0§8§0§8§0a§x§8§E§8§E§8§Em§x§9§C§9§C§9§Cu§7t§x§9§C§9§C§9§C §x§8§E§8§E§8§EB§x§8§0§8§0§8§0o§x§7§1§7§1§7§1o§x§6§3§6§3§6§3t§8s from buy
[20:17:20] > P4LDOK remove x1 §f§l§8B§x§6§4§6§4§6§4a§x§7§4§7§4§7§4h§x§8§3§8§3§8§3a§x§9§3§9§3§9§3m§x§A§2§A§2§A§2ut§x§9§3§9§3§9§3 §x§8§3§8§3§8§3M§x§7§4§7§4§7§4a§x§6§4§6§4§6§4c§8e from storage
[20:17:38] > P4LDOK added x1 §f§l§8B§x§6§4§6§4§6§4a§x§7§4§7§4§7§4h§x§8§3§8§3§8§3a§x§9§3§9§3§9§3m§x§A§2§A§2§A§2ut§x§9§3§9§3§9§3 §x§8§3§8§3§8§3M§x§7§4§7§4§7§4a§x§6§4§6§4§6§4c§8e in auction for 4000000.
[20:17:48] > HPMR_GaMerz buy x1 §f§l§8B§x§6§4§6§4§6§4a§x§7§4§7§4§7§4h§x§8§3§8§3§8§3a§x§9§3§9§3§9§3m§x§A§2§A§2§A§2ut§x§9§3§9§3§9§3 §x§8§3§8§3§8§3M§x§7§4§7§4§7§4a§x§6§4§6§4§6§4c§8e to P4LDOK for $4,000,000.
[20:17:53] > nnorv1 added x1 §f§l§x§F§C§D§0§5§CW§x§F§B§C§3§5§6u§x§F§B§B§6§5§1k§x§F§A§A§9§4§Bo§x§F§A§9§C§4§5n§x§F§9§8§F§3§Fg§x§F§9§8§2§3§A §x§F§8§7§5§3§4C§x§F§8§6§8§2§Eh§x§F§7§5§B§2§8e§x§F§6§4§E§2§3s§x§F§6§4§1§1§Dt§x§F§5§3§4§1§7p§x§F§5§2§7§1§1l§x§F§4§1§A§0§Ca§x§F§4§0§D§0§6t§x§F§3§0§0§0§0e in auction for 200000.
[20:18:15] > HwanYo added x1 §f§l§8B§x§6§2§6§2§6§2a§x§6§F§6§F§6§Fh§x§7§C§7§C§7§Ca§x§8§9§8§9§8§9m§x§9§6§9§6§9§6u§x§A§3§A§3§A§3t §x§9§6§9§6§9§6S§x§8§9§8§9§8§9h§x§7§C§7§C§7§Co§x§6§F§6§F§6§Fv§x§6§2§6§2§6§2e§8l in auction for 2500000.
[20:18:21] > Seris00 added x1 §x§F§F§7§C§0§0§lSteamsparks Shield in auction for 100000.
[20:18:34] > Seris00 added x1 §x§F§F§7§C§0§0§lSteamsparks Sword in auction for 100000.
[20:18:40] > nnorv1 remove x3 Nether star from storage
[20:18:40] > HwanYo buy x1 §eᴄʀᴇᴇᴘᴇʀ sᴘᴀᴡɴᴇʀ to BlackKnight for $1,000,000.
[20:18:48] > nnorv1 added x1 §x§E§5§1§B§1§B§lDracula Wings in auction for 1000000.
[20:18:50] > Seris00 added x1 §x§E§5§1§B§1§B§lDracula Dagger in auction for 100000.
[20:19:11] > MrGh0st1y added x1 §f§l§8B§x§6§3§6§3§6§3a§x§7§1§7§1§7§1h§x§8§0§8§0§8§0a§x§8§E§8§E§8§Em§x§9§C§9§C§9§Cu§7t§x§9§C§9§C§9§C §x§8§E§8§E§8§ES§x§8§0§8§0§8§0p§x§7§1§7§1§7§1e§x§6§3§6§3§6§3a§8r in auction for 900000.
[20:19:16] > HPMR_GaMerz buy x1 §f§l§8B§x§6§3§6§3§6§3a§x§7§1§7§1§7§1h§x§8§0§8§0§8§0a§x§8§E§8§E§8§Em§x§9§C§9§C§9§Cu§7t§x§9§C§9§C§9§C §x§8§E§8§E§8§ES§x§8§0§8§0§8§0p§x§7§1§7§1§7§1e§x§6§3§6§3§6§3a§8r to MrGh0st1y for $900,000.
[20:19:30] > imnectarfr added x1 §f§l§x§F§C§D§0§5§CW§x§F§B§A§D§4§Du§x§F§9§8§B§3§Dk§x§F§8§6§8§2§Eo§x§F§6§4§5§1§Fn§x§F§5§2§3§0§Fg§x§F§3§0§0§0§0 §x§F§5§2§3§0§FS§x§F§6§4§5§1§Fh§x§F§8§6§8§2§Eo§x§F§9§8§B§3§Dv§x§F§B§A§D§4§De§x§F§C§D§0§5§Cl in auction for 200000.
[20:19:43] > imnectarfr added x1 §x§E§5§1§B§1§B§lDracula Spear in auction for 100000.
[20:19:58] > Sezemi remove x1 §f§l§x§8§A§0§0§F§FS§x§9§8§0§0§D§Dh§x§A§6§0§0§B§Bi§x§B§4§0§0§9§9n§x§C§2§0§0§7§7e§x§D§0§0§0§5§5 §x§D§E§0§0§3§3O§x§E§C§0§0§1§1ni§x§D§E§0§0§3§3 §x§D§0§0§0§5§5S§x§C§2§0§0§7§7h§x§B§4§0§0§9§9i§x§A§6§0§0§B§Be§x§9§8§0§0§D§Dl§x§8§A§0§0§F§Fd from buy
[20:20:09] > Sezemi added x1 §f§l§x§8§A§0§0§F§FS§x§9§8§0§0§D§Dh§x§A§6§0§0§B§Bi§x§B§4§0§0§9§9n§x§C§2§0§0§7§7e§x§D§0§0§0§5§5 §x§D§E§0§0§3§3O§x§E§C§0§0§1§1ni§x§D§E§0§0§3§3 §x§D§0§0§0§5§5S§x§C§2§0§0§7§7h§x§B§4§0§0§9§9i§x§A§6§0§0§B§Be§x§9§8§0§0§D§Dl§x§8§A§0§0§F§Fd in auction for 1500000.
[20:20:22] > MrGh0st1y added x1 §f§l§8B§x§6§4§6§4§6§4a§x§7§4§7§4§7§4h§x§8§3§8§3§8§3a§x§9§3§9§3§9§3m§x§A§2§A§2§A§2ut§x§9§3§9§3§9§3 §x§8§3§8§3§8§3C§x§7§4§7§4§7§4l§x§6§4§6§4§6§4u§8b in auction for 1600000.
[20:20:35] > imnectarfr added x1 §f§l§x§8§A§0§0§F§FS§x§9§5§0§0§E§4h§x§A§0§0§0§C§9i§x§A§B§0§0§A§En§x§B§6§0§0§9§4e§x§C§1§0§0§7§9 §x§C§C§0§0§5§EO§x§D§7§0§0§4§3n§x§E§2§0§0§2§8i§x§E§D§0§0§0§D B§x§E§2§0§0§2§8a§x§D§7§0§0§4§3t§x§C§C§0§0§5§Et§x§C§1§0§0§7§9l§x§B§6§0§0§9§4e§x§A§B§0§0§A§E §x§A§0§0§0§C§9A§x§9§5§0§0§E§4x§x§8§A§0§0§F§Fe in auction for 2000000.
[20:20:55] > imnectarfr added x1 §f§l§x§F§C§D§0§5§CW§x§F§A§A§2§4§8u§x§F§8§7§4§3§3k§x§F§6§4§5§1§Fo§x§F§4§1§7§0§Ang§x§F§6§4§5§1§F §x§F§8§7§4§3§3H§x§F§A§A§2§4§8o§x§F§C§D§0§5§Ce in auction for 200000.
[20:21:00] > Unforce01 added x1 §f§l§x§8§A§0§0§F§FS§x§9§9§0§0§D§Bh§x§A§8§0§0§B§6i§x§B§7§0§0§9§2n§x§C§6§0§0§6§De§x§D§5§0§0§4§9 §x§E§4§0§0§2§4O§x§F§3§0§0§0§0n§x§E§4§0§0§2§4i§x§D§5§0§0§4§9 §x§C§6§0§0§6§DS§x§B§7§0§0§9§2p§x§A§8§0§0§B§6e§x§9§9§0§0§D§Ba§x§8§A§0§0§F§Fr in auction for 2000000.
[20:21:05] > Seris00 added x1 §f§l§x§F§C§D§0§5§CW§x§F§A§A§A§4§Bu§x§F§9§8§4§3§Bk§x§F§7§5§F§2§Ao§x§F§5§3§9§1§9n§x§F§4§1§3§0§8g §x§F§5§3§9§1§9S§x§F§7§5§F§2§At§x§F§9§8§4§3§Bi§x§F§A§A§A§4§Bc§x§F§C§D§0§5§Ck in auction for 200000.
[20:21:11] > celinesanrio added x1 §f§l§8B§x§6§3§6§3§6§3a§x§7§1§7§1§7§1h§x§8§0§8§0§8§0a§x§8§E§8§E§8§Em§x§9§C§9§C§9§Cu§7t§x§9§C§9§C§9§C §x§8§E§8§E§8§EW§x§8§0§8§0§8§0i§x§7§1§7§1§7§1n§x§6§3§6§3§6§3g§8s in auction for 30000000.
[20:21:21] > mae remove x1 §f§l§x§F§C§D§0§5§CW§x§F§B§B§6§5§1u§x§F§A§9§C§4§5k§x§F§9§8§2§3§Ao§x§F§8§6§8§2§En§x§F§6§4§E§2§3g§x§F§5§3§4§1§7 §x§F§4§1§A§0§CG§x§F§3§0§0§0§0r§x§F§4§1§A§0§Ce§x§F§5§3§4§1§7a§x§F§6§4§E§2§3t§x§F§8§6§8§2§Es§x§F§9§8§2§3§Aw§x§F§A§9§C§4§5o§x§F§B§B§6§5§1r§x§F§C§D§0§5§Cd form storage
[20:21:21] > mae remove x1 §f§l§x§F§C§D§0§5§CW§x§F§B§B§6§5§1u§x§F§A§9§C§4§5k§x§F§9§8§2§3§Ao§x§F§8§6§8§2§En§x§F§6§4§E§2§3g§x§F§5§3§4§1§7 §x§F§4§1§A§0§CG§x§F§3§0§0§0§0r§x§F§4§1§A§0§Ce§x§F§5§3§4§1§7a§x§F§6§4§E§2§3t§x§F§8§6§8§2§Es§x§F§9§8§2§3§Aw§x§F§A§9§C§4§5o§x§F§B§B§6§5§1r§x§F§C§D§0§5§Cd form storage
[20:21:21] > mae remove x1 §f§l§x§F§C§D§0§5§CW§x§F§B§A§D§4§Du§x§F§9§8§B§3§Dk§x§F§8§6§8§2§Eo§x§F§6§4§5§1§Fn§x§F§5§2§3§0§Fg§x§F§3§0§0§0§0 §x§F§5§2§3§0§FD§x§F§6§4§5§1§Fa§x§F§8§6§8§2§Eg§x§F§9§8§B§3§Dg§x§F§B§A§D§4§De§x§F§C§D§0§5§Cr form storage
[20:21:21] > mae remove x1 §f§l§x§F§C§D§0§5§CW§x§F§B§B§6§5§1u§x§F§A§9§C§4§5k§x§F§9§8§2§3§Ao§x§F§8§6§8§2§En§x§F§6§4§E§2§3g§x§F§5§3§4§1§7 §x§F§4§1§A§0§CG§x§F§3§0§0§0§0r§x§F§4§1§A§0§Ce§x§F§5§3§4§1§7a§x§F§6§4§E§2§3t§x§F§8§6§8§2§Es§x§F§9§8§2§3§Aw§x§F§A§9§C§4§5o§x§F§B§B§6§5§1r§x§F§C§D§0§5§Cd form storage
[20:21:21] > mae remove x1 §f§l§x§F§C§D§0§5§CW§x§F§B§A§D§4§Du§x§F§9§8§B§3§Dk§x§F§8§6§8§2§Eo§x§F§6§4§5§1§Fn§x§F§5§2§3§0§Fg§x§F§3§0§0§0§0 §x§F§5§2§3§0§FD§x§F§6§4§5§1§Fa§x§F§8§6§8§2§Eg§x§F§9§8§B§3§Dg§x§F§B§A§D§4§De§x§F§C§D§0§5§Cr form storage
[20:21:21] > mae remove x1 §f§l§x§F§C§D§0§5§CW§x§F§B§B§0§4§Eu§x§F§9§9§0§4§0k§x§F§8§7§0§3§2o§x§F§6§5§0§2§3n§x§F§5§3§0§1§5g§x§F§4§1§0§0§7 H§x§F§5§3§0§1§5a§x§F§6§5§0§2§3l§x§F§8§7§0§3§2b§x§F§9§9§0§4§0e§x§F§B§B§0§4§Er§x§F§C§D§0§5§Cd form storage
[20:21:32] > celinesanrio remove x1 §f§l§8B§x§6§3§6§3§6§3a§x§7§1§7§1§7§1h§x§8§0§8§0§8§0a§x§8§E§8§E§8§Em§x§9§C§9§C§9§Cu§7t§x§9§C§9§C§9§C §x§8§E§8§E§8§EW§x§8§0§8§0§8§0i§x§7§1§7§1§7§1n§x§6§3§6§3§6§3g§8s from storage
[20:21:32] > mae added x1 §f§l§x§F§C§D§0§5§CW§x§F§B§B§6§5§1u§x§F§A§9§C§4§5k§x§F§9§8§2§3§Ao§x§F§8§6§8§2§En§x§F§6§4§E§2§3g§x§F§5§3§4§1§7 §x§F§4§1§A§0§CG§x§F§3§0§0§0§0r§x§F§4§1§A§0§Ce§x§F§5§3§4§1§7a§x§F§6§4§E§2§3t§x§F§8§6§8§2§Es§x§F§9§8§2§3§Aw§x§F§A§9§C§4§5o§x§F§B§B§6§5§1r§x§F§C§D§0§5§Cd in auction for 150000.
[20:21:33] > nagiiish added x1 §f§l§8B§x§6§6§6§6§6§6a§x§7§7§7§7§7§7h§x§8§8§8§8§8§8a§x§9§9§9§9§9§9m§7u§x§9§9§9§9§9§9t§x§8§8§8§8§8§8 §x§7§7§7§7§7§7A§x§6§6§6§6§6§6x§8e in auction for 1200000.
[20:21:36] > MrGh0st1y added x1 §f§l§x§F§C§D§0§5§CW§x§F§B§C§3§5§6u§x§F§B§B§6§5§1k§x§F§A§A§9§4§Bo§x§F§A§9§C§4§5n§x§F§9§8§F§3§Fg§x§F§9§8§2§3§A §x§F§8§7§5§3§4C§x§F§8§6§8§2§Eh§x§F§7§5§B§2§8e§x§F§6§4§E§2§3s§x§F§6§4§1§1§Dt§x§F§5§3§4§1§7p§x§F§5§2§7§1§1l§x§F§4§1§A§0§Ca§x§F§4§0§D§0§6t§x§F§3§0§0§0§0e in auction for 100000.
[20:21:51] > Kanzie20 added x1 §x§E§5§1§B§1§B§lDracula Bow in auction for 20000.
[20:21:55] > Zee_ added x1 sᴇʟʟᴡᴀɴᴅ - 10.0x in auction for 800000.
[20:22:02] > king_ARK buy x1 sᴇʟʟᴡᴀɴᴅ - 10.0x to Zee_ for $800,000.
[20:22:08] > HPMR_GaMerz buy x1 §x§E§5§1§B§1§B§lDracula Bow to Kanzie20 for $20,000.
[20:22:11] > king_ARK remove x1 §f§l§x§8§A§0§0§F§FS§x§9§8§0§0§D§Dh§x§A§6§0§0§B§Bi§x§B§4§0§0§9§9n§x§C§2§0§0§7§7e§x§D§0§0§0§5§5 §x§D§E§0§0§3§3O§x§E§C§0§0§1§1ni§x§D§E§0§0§3§3 §x§D§0§0§0§5§5S§x§C§2§0§0§7§7i§x§B§4§0§0§9§9c§x§A§6§0§0§B§Bk§x§9§8§0§0§D§Dl§x§8§A§0§0§F§Fe form buy
[20:22:11] > king_ARK remove x1 sᴇʟʟᴡᴀɴᴅ - 10.0x form buy
[20:22:20] > MrGh0st1y added x1 §f§l§x§F§C§D§0§5§CW§x§F§B§A§D§4§Du§x§F§9§8§B§3§Dk§x§F§8§6§8§2§Eo§x§F§6§4§5§1§Fn§x§F§5§2§3§0§Fg§x§F§3§0§0§0§0 §x§F§5§2§3§0§FS§x§F§6§4§5§1§Fh§x§F§8§6§8§2§Ei§x§F§9§8§B§3§De§x§F§B§A§D§4§Dl§x§F§C§D§0§5§Cd in auction for 100000.
[20:22:22] > P4LDOK added x1 §f§l§x§8§A§0§0§F§FS§x§9§8§0§0§D§Dh§x§A§6§0§0§B§Bi§x§B§4§0§0§9§9n§x§C§2§0§0§7§7e§x§D§0§0§0§5§5 §x§D§E§0§0§3§3O§x§E§C§0§0§1§1ni§x§D§E§0§0§3§3 §x§D§0§0§0§5§5S§x§C§2§0§0§7§7h§x§B§4§0§0§9§9i§x§A§6§0§0§B§Be§x§9§8§0§0§D§Dl§x§8§A§0§0§F§Fd in auction for 10000000.
[20:22:43] > FRANZ_JOSEF0 added x1 §f§l§x§F§A§0§0§0§AD§x§F§A§1§C§1§5a§x§F§B§3§7§2§0r§x§F§B§5§3§2§Bk§x§F§B§6§F§3§6f§x§F§B§8§B§4§1l§x§F§C§A§6§4§Ca§x§F§C§C§2§5§7me§x§F§C§A§6§4§C §x§F§B§8§B§4§1S§x§F§B§6§F§3§6h§x§F§B§5§3§2§Bi§x§F§B§3§7§2§0e§x§F§A§1§C§1§5l§x§F§A§0§0§0§Ad in auction for 600000.
[20:22:50] > MrGh0st1y added x1 §f§l§x§F§C§D§0§5§CW§x§F§B§B§8§5§1u§x§F§A§9§F§4§6k§x§F§9§8§7§3§Co§x§F§8§6§E§3§1n§x§F§7§5§6§2§6g§x§F§6§3§D§1§B §x§F§5§2§5§1§0F§x§F§4§0§C§0§5is§x§F§5§2§5§1§0h§x§F§6§3§D§1§Bi§x§F§7§5§6§2§6n§x§F§8§6§E§3§1g§x§F§9§8§7§3§C §x§F§A§9§F§4§6R§x§F§B§B§8§5§1o§x§F§C§D§0§5§Cd in auction for 60000.
[20:22:55] > Takeremu buy x1 §f§l§x§F§C§D§0§5§CW§x§F§B§B§8§5§1u§x§F§A§9§F§4§6k§x§F§9§8§7§3§Co§x§F§8§6§E§3§1n§x§F§7§5§6§2§6g§x§F§6§3§D§1§B §x§F§5§2§5§1§0F§x§F§4§0§C§0§5is§x§F§5§2§5§1§0h§x§F§6§3§D§1§Bi§x§F§7§5§6§2§6n§x§F§8§6§E§3§1g§x§F§9§8§7§3§C §x§F§A§9§F§4§6R§x§F§B§B§8§5§1o§x§F§C§D§0§5§Cd to MrGh0st1y for $60,000.
[20:22:56] > Lan3dy added x1 §f§l§8B§x§6§6§6§6§6§6a§x§7§7§7§7§7§7h§x§8§8§8§8§8§8a§x§9§9§9§9§9§9m§7u§x§9§9§9§9§9§9t§x§8§8§8§8§8§8 §x§7§7§7§7§7§7H§x§6§6§6§6§6§6a§8t in auction for 13000000.
[20:23:04] > Takeremu remove x1 §f§l§x§F§C§D§0§5§CW§x§F§B§B§8§5§1u§x§F§A§9§F§4§6k§x§F§9§8§7§3§Co§x§F§8§6§E§3§1n§x§F§7§5§6§2§6g§x§F§6§3§D§1§B §x§F§5§2§5§1§0F§x§F§4§0§C§0§5is§x§F§5§2§5§1§0h§x§F§6§3§D§1§Bi§x§F§7§5§6§2§6n§x§F§8§6§E§3§1g§x§F§9§8§7§3§C §x§F§A§9§F§4§6R§x§F§B§B§8§5§1o§x§F§C§D§0§5§Cd from buy
[20:23:10] > P4LDOK buy x1 §x§F§F§3§E§0§0§lDemon Lord Wings to BlackKnight for $2,500,000.
[20:23:21] > mae added x1 §f§l§x§F§C§D§0§5§CW§x§F§B§B§6§5§1u§x§F§A§9§C§4§5k§x§F§9§8§2§3§Ao§x§F§8§6§8§2§En§x§F§6§4§E§2§3g§x§F§5§3§4§1§7 §x§F§4§1§A§0§CG§x§F§3§0§0§0§0r§x§F§4§1§A§0§Ce§x§F§5§3§4§1§7a§x§F§6§4§E§2§3t§x§F§8§6§8§2§Es§x§F§9§8§2§3§Aw§x§F§A§9§C§4§5o§x§F§B§B§6§5§1r§x§F§C§D§0§5§Cd in auction for 100000.
[20:23:26] > HwanYo buy x1 §f§l§x§F§C§D§0§5§CW§x§F§B§B§6§5§1u§x§F§A§9§C§4§5k§x§F§9§8§2§3§Ao§x§F§8§6§8§2§En§x§F§6§4§E§2§3g§x§F§5§3§4§1§7 §x§F§4§1§A§0§CG§x§F§3§0§0§0§0r§x§F§4§1§A§0§Ce§x§F§5§3§4§1§7a§x§F§6§4§E§2§3t§x§F§8§6§8§2§Es§x§F§9§8§2§3§Aw§x§F§A§9§C§4§5o§x§F§B§B§6§5§1r§x§F§C§D§0§5§Cd to mae for $100,000.
[20:23:40] > P4LDOK remove x1 §x§F§F§3§E§0§0§lDemon Lord Wings from buy
[20:23:43] > mae added x1 §f§l§x§F§C§D§0§5§CW§x§F§B§B§6§5§1u§x§F§A§9§C§4§5k§x§F§9§8§2§3§Ao§x§F§8§6§8§2§En§x§F§6§4§E§2§3g§x§F§5§3§4§1§7 §x§F§4§1§A§0§CG§x§F§3§0§0§0§0r§x§F§4§1§A§0§Ce§x§F§5§3§4§1§7a§x§F§6§4§E§2§3t§x§F§8§6§8§2§Es§x§F§9§8§2§3§Aw§x§F§A§9§C§4§5o§x§F§B§B§6§5§1r§x§F§C§D§0§5§Cd in auction for 100000.
[20:24:03] > mae added x1 §f§l§x§F§C§D§0§5§CW§x§F§B§B§0§4§Eu§x§F§9§9§0§4§0k§x§F§8§7§0§3§2o§x§F§6§5§0§2§3n§x§F§5§3§0§1§5g§x§F§4§1§0§0§7 H§x§F§5§3§0§1§5a§x§F§6§5§0§2§3l§x§F§8§7§0§3§2b§x§F§9§9§0§4§0e§x§F§B§B§0§4§Er§x§F§C§D§0§5§Cd in auction for 80000.
[20:24:08] > HwanYo buy x1 §f§l§x§F§C§D§0§5§CW§x§F§B§B§0§4§Eu§x§F§9§9§0§4§0k§x§F§8§7§0§3§2o§x§F§6§5§0§2§3n§x§F§5§3§0§1§5g§x§F§4§1§0§0§7 H§x§F§5§3§0§1§5a§x§F§6§5§0§2§3l§x§F§8§7§0§3§2b§x§F§9§9§0§4§0e§x§F§B§B§0§4§Er§x§F§C§D§0§5§Cd to mae for $80,000.
[20:24:13] > MochaFangs added x1 §f§l§x§F§C§D§0§5§CW§x§F§A§A§A§4§Bu§x§F§9§8§4§3§Bk§x§F§7§5§F§2§Ao§x§F§5§3§9§1§9n§x§F§4§1§3§0§8g §x§F§5§3§9§1§9S§x§F§7§5§F§2§At§x§F§9§8§4§3§Ba§x§F§A§A§A§4§Bf§x§F§C§D§0§5§Cf in auction for 100000.
[20:24:17] > celinesanrio buy x1 §f§l§8B§x§6§6§6§6§6§6a§x§7§7§7§7§7§7h§x§8§8§8§8§8§8a§x§9§9§9§9§9§9m§7u§x§9§9§9§9§9§9t§x§8§8§8§8§8§8 §x§7§7§7§7§7§7A§x§6§6§6§6§6§6x§8e to nagiiish for $1,200,000.
[20:24:20] > celinesanrio buy x1 §f§l§8B§x§6§2§6§2§6§2a§x§6§F§6§F§6§Fh§x§7§C§7§C§7§Ca§x§8§9§8§9§8§9m§x§9§6§9§6§9§6u§x§A§3§A§3§A§3t §x§9§6§9§6§9§6S§x§8§9§8§9§8§9h§x§7§C§7§C§7§Co§x§6§F§6§F§6§Fv§x§6§2§6§2§6§2e§8l to HwanYo for $2,500,000.
[20:24:20] > mae added x1 §f§l§x§F§C§D§0§5§CW§x§F§B§A§D§4§Du§x§F§9§8§B§3§Dk§x§F§8§6§8§2§Eo§x§F§6§4§5§1§Fn§x§F§5§2§3§0§Fg§x§F§3§0§0§0§0 §x§F§5§2§3§0§FD§x§F§6§4§5§1§Fa§x§F§8§6§8§2§Eg§x§F§9§8§B§3§Dg§x§F§B§A§D§4§De§x§F§C§D§0§5§Cr in auction for 50000.
[20:24:21] > celinesanrio buy x1 §f§l§8B§x§6§4§6§4§6§4a§x§7§4§7§4§7§4h§x§8§3§8§3§8§3a§x§9§3§9§3§9§3m§x§A§2§A§2§A§2ut§x§9§3§9§3§9§3 §x§8§3§8§3§8§3C§x§7§4§7§4§7§4l§x§6§4§6§4§6§4u§8b to MrGh0st1y for $1,600,000.
[20:24:25] > celinesanrio buy x1 §f§l§8B§x§6§6§6§6§6§6a§x§7§7§7§7§7§7h§x§8§8§8§8§8§8a§x§9§9§9§9§9§9m§7u§x§9§9§9§9§9§9t§x§8§8§8§8§8§8 §x§7§7§7§7§7§7H§x§6§6§6§6§6§6o§8e to Unforce01 for $1,000,000.
[20:24:27] > HwanYo buy x1 §f§l§x§F§C§D§0§5§CW§x§F§B§A§D§4§Du§x§F§9§8§B§3§Dk§x§F§8§6§8§2§Eo§x§F§6§4§5§1§Fn§x§F§5§2§3§0§Fg§x§F§3§0§0§0§0 §x§F§5§2§3§0§FD§x§F§6§4§5§1§Fa§x§F§8§6§8§2§Eg§x§F§9§8§B§3§Dg§x§F§B§A§D§4§De§x§F§C§D§0§5§Cr to mae for $50,000.
[20:24:30] > celinesanrio buy x1 §f§l§8B§x§5§E§5§E§5§Ea§x§6§8§6§8§6§8h§x§7§1§7§1§7§1a§x§7§B§7§B§7§Bm§x§8§4§8§4§8§4u§x§8§E§8§E§8§Et§x§9§7§9§7§9§7 §x§A§1§A§1§A§1F§7i§x§A§1§A§1§A§1s§x§9§7§9§7§9§7h§x§8§E§8§E§8§Ei§x§8§4§8§4§8§4n§x§7§B§7§B§7§Bg§x§7§1§7§1§7§1 §x§6§8§6§8§6§8R§x§5§E§5§E§5§Eo§8d to octopus_01 for $1,000,000.
[20:24:39] > mae added x1 §f§l§x§F§C§D§0§5§CW§x§F§A§A§A§4§Bu§x§F§9§8§4§3§Bk§x§F§7§5§F§2§Ao§x§F§5§3§9§1§9n§x§F§4§1§3§0§8g §x§F§5§3§9§1§9S§x§F§7§5§F§2§Aw§x§F§9§8§4§3§Bo§x§F§A§A§A§4§Br§x§F§C§D§0§5§Cd in auction for 80000.
[20:24:44] > celinesanrio remove x1 §f§l§8B§x§6§4§6§4§6§4a§x§7§4§7§4§7§4h§x§8§3§8§3§8§3a§x§9§3§9§3§9§3m§x§A§2§A§2§A§2ut§x§9§3§9§3§9§3 §x§8§3§8§3§8§3C§x§7§4§7§4§7§4l§x§6§4§6§4§6§4u§8b form buy
[20:24:44] > celinesanrio remove x1 §f§l§8B§x§6§2§6§2§6§2a§x§6§F§6§F§6§Fh§x§7§C§7§C§7§Ca§x§8§9§8§9§8§9m§x§9§6§9§6§9§6u§x§A§3§A§3§A§3t §x§9§6§9§6§9§6S§x§8§9§8§9§8§9h§x§7§C§7§C§7§Co§x§6§F§6§F§6§Fv§x§6§2§6§2§6§2e§8l form buy
[20:24:44] > celinesanrio remove x1 §f§l§8B§x§6§6§6§6§6§6a§x§7§7§7§7§7§7h§x§8§8§8§8§8§8a§x§9§9§9§9§9§9m§7u§x§9§9§9§9§9§9t§x§8§8§8§8§8§8 §x§7§7§7§7§7§7A§x§6§6§6§6§6§6x§8e form buy
[20:24:44] > celinesanrio remove x1 §f§l§8B§x§6§6§6§6§6§6a§x§7§7§7§7§7§7h§x§8§8§8§8§8§8a§x§9§9§9§9§9§9m§7u§x§9§9§9§9§9§9t§x§8§8§8§8§8§8 §x§7§7§7§7§7§7H§x§6§6§6§6§6§6o§8e form buy
[20:24:44] > celinesanrio remove x1 §f§l§8B§x§5§E§5§E§5§Ea§x§6§8§6§8§6§8h§x§7§1§7§1§7§1a§x§7§B§7§B§7§Bm§x§8§4§8§4§8§4u§x§8§E§8§E§8§Et§x§9§7§9§7§9§7 §x§A§1§A§1§A§1F§7i§x§A§1§A§1§A§1s§x§9§7§9§7§9§7h§x§8§E§8§E§8§Ei§x§8§4§8§4§8§4n§x§7§B§7§B§7§Bg§x§7§1§7§1§7§1 §x§6§8§6§8§6§8R§x§5§E§5§E§5§Eo§8d form buy
[20:24:52] > mae added x1 §f§l§x§F§C§D§0§5§CW§x§F§B§A§D§4§Du§x§F§9§8§B§3§Dk§x§F§8§6§8§2§Eo§x§F§6§4§5§1§Fn§x§F§5§2§3§0§Fg§x§F§3§0§0§0§0 §x§F§5§2§3§0§FD§x§F§6§4§5§1§Fa§x§F§8§6§8§2§Eg§x§F§9§8§B§3§Dg§x§F§B§A§D§4§De§x§F§C§D§0§5§Cr in auction for 10.
[20:24:56] > HwanYo buy x1 §f§l§x§F§C§D§0§5§CW§x§F§A§A§A§4§Bu§x§F§9§8§4§3§Bk§x§F§7§5§F§2§Ao§x§F§5§3§9§1§9n§x§F§4§1§3§0§8g §x§F§5§3§9§1§9S§x§F§7§5§F§2§Aw§x§F§9§8§4§3§Bo§x§F§A§A§A§4§Br§x§F§C§D§0§5§Cd to mae for $80,000.
[20:24:58] > BlackKnight buy x1 §f§l§x§F§C§D§0§5§CW§x§F§B§A§D§4§Du§x§F§9§8§B§3§Dk§x§F§8§6§8§2§Eo§x§F§6§4§5§1§Fn§x§F§5§2§3§0§Fg§x§F§3§0§0§0§0 §x§F§5§2§3§0§FD§x§F§6§4§5§1§Fa§x§F§8§6§8§2§Eg§x§F§9§8§B§3§Dg§x§F§B§A§D§4§De§x§F§C§D§0§5§Cr to mae for $10.
[20:25:00] > Abbadex added x2 §x§E§5§1§B§1§B§lDracula Key in auction for 1000000.
[20:25:14] > Abbadex added x2 §x§F§F§7§C§0§0§lSteamsparks Key in auction for 1000000.
[20:25:19] > mae added x1 §f§l§8B§x§6§2§6§2§6§2a§x§6§F§6§F§6§Fh§x§7§C§7§C§7§Ca§x§8§9§8§9§8§9m§x§9§6§9§6§9§6u§x§A§3§A§3§A§3t §x§9§6§9§6§9§6H§x§8§9§8§9§8§9a§x§7§C§7§C§7§Cm§x§6§F§6§F§6§Fm§x§6§2§6§2§6§2e§8r in auction for 1500000.
[20:25:25] > P4LDOK remove x1 §f§l§x§8§A§0§0§F§FS§x§9§8§0§0§D§Dh§x§A§6§0§0§B§Bi§x§B§4§0§0§9§9n§x§C§2§0§0§7§7e§x§D§0§0§0§5§5 §x§D§E§0§0§3§3O§x§E§C§0§0§1§1ni§x§D§E§0§0§3§3 §x§D§0§0§0§5§5S§x§C§2§0§0§7§7h§x§B§4§0§0§9§9i§x§A§6§0§0§B§Be§x§9§8§0§0§D§Dl§x§8§A§0§0§F§Fd from storage
[20:25:46] > MrGh0st1y added x1 §x§F§F§7§C§0§0§lSteamsparks Shield in auction for 50000.
[20:25:51] > nagiiish buy x1 §f§l§x§8§A§0§0§F§FS§x§9§9§0§0§D§Bh§x§A§8§0§0§B§6i§x§B§7§0§0§9§2n§x§C§6§0§0§6§De§x§D§5§0§0§4§9 §x§E§4§0§0§2§4O§x§F§3§0§0§0§0n§x§E§4§0§0§2§4i§x§D§5§0§0§4§9 §x§C§6§0§0§6§DS§x§B§7§0§0§9§2p§x§A§8§0§0§B§6e§x§9§9§0§0§D§Ba§x§8§A§0§0§F§Fr to Unforce01 for $2,000,000.
[20:25:52] > P4LDOK added x1 §f§l§x§8§A§0§0§F§FS§x§9§8§0§0§D§Dh§x§A§6§0§0§B§Bi§x§B§4§0§0§9§9n§x§C§2§0§0§7§7e§x§D§0§0§0§5§5 §x§D§E§0§0§3§3O§x§E§C§0§0§1§1ni§x§D§E§0§0§3§3 §x§D§0§0§0§5§5S§x§C§2§0§0§7§7h§x§B§4§0§0§9§9i§x§A§6§0§0§B§Be§x§9§8§0§0§D§Dl§x§8§A§0§0§F§Fd in auction for 7000000.
[20:25:57] > HwanYo remove x1 §eᴄʀᴇᴇᴘᴇʀ sᴘᴀᴡɴᴇʀ from buy
[20:26:05] > nagiiish remove x1 §f§l§x§8§A§0§0§F§FS§x§9§9§0§0§D§Bh§x§A§8§0§0§B§6i§x§B§7§0§0§9§2n§x§C§6§0§0§6§De§x§D§5§0§0§4§9 §x§E§4§0§0§2§4O§x§F§3§0§0§0§0n§x§E§4§0§0§2§4i§x§D§5§0§0§4§9 §x§C§6§0§0§6§DS§x§B§7§0§0§9§2p§x§A§8§0§0§B§6e§x§9§9§0§0§D§Ba§x§8§A§0§0§F§Fr from buy
[20:26:11] > sukiyoriee added x1 §f§l§x§F§A§0§0§0§AD§x§F§A§1§E§1§6a§x§F§B§3§B§2§1r§x§F§B§5§9§2§Dk§x§F§B§7§7§3§9f§x§F§B§9§5§4§5l§x§F§C§B§2§5§0a§x§F§C§D§0§5§Cm§x§F§C§B§2§5§0e§x§F§B§9§5§4§5 §x§F§B§7§7§3§9S§x§F§B§5§9§2§Dw§x§F§B§3§B§2§1o§x§F§A§1§E§1§6r§x§F§A§0§0§0§Ad in auction for 500000.
[20:26:19] > mae added x1 §f§l§8B§x§6§2§6§2§6§2a§x§6§F§6§F§6§Fh§x§7§C§7§C§7§Ca§x§8§9§8§9§8§9m§x§9§6§9§6§9§6u§x§A§3§A§3§A§3t §x§9§6§9§6§9§6S§x§8§9§8§9§8§9h§x§7§C§7§C§7§Ci§x§6§F§6§F§6§Fe§x§6§2§6§2§6§2l§8d in auction for 2500000.
[20:26:23] > celinesanrio buy x1 §f§l§8B§x§6§2§6§2§6§2a§x§6§F§6§F§6§Fh§x§7§C§7§C§7§Ca§x§8§9§8§9§8§9m§x§9§6§9§6§9§6u§x§A§3§A§3§A§3t §x§9§6§9§6§9§6S§x§8§9§8§9§8§9h§x§7§C§7§C§7§Ci§x§6§F§6§F§6§Fe§x§6§2§6§2§6§2l§8d to mae for $2,500,000.
[20:26:33] > MochaFangs added x1 §x§E§5§1§B§1§B§lDracula Sickle in auction for 70000.
[20:26:34] > celinesanrio remove x1 §f§l§8B§x§6§2§6§2§6§2a§x§6§F§6§F§6§Fh§x§7§C§7§C§7§Ca§x§8§9§8§9§8§9m§x§9§6§9§6§9§6u§x§A§3§A§3§A§3t §x§9§6§9§6§9§6S§x§8§9§8§9§8§9h§x§7§C§7§C§7§Ci§x§6§F§6§F§6§Fe§x§6§2§6§2§6§2l§8d form buy
[20:26:55] > mae added x1 §f§l§8B§x§6§2§6§2§6§2a§x§6§F§6§F§6§Fh§x§7§C§7§C§7§Ca§x§8§9§8§9§8§9m§x§9§6§9§6§9§6u§x§A§3§A§3§A§3t §x§9§6§9§6§9§6P§x§8§9§8§9§8§9i§x§7§C§7§C§7§Cc§x§6§F§6§F§6§Fa§x§6§2§6§2§6§2x§8e in auction for 5000000.
[20:27:08] > P4LDOK buy x1 §x§5§9§A§1§D§9§lA§x§6§A§A§A§D§Dr§x§7§A§B§4§E§1c§x§8§B§B§D§E§4h§x§9§B§C§7§E§8a§x§A§C§D§0§E§Cn§x§B§D§D§9§F§0g§x§C§D§E§3§F§4e§x§D§E§E§C§F§7l §fF§x§E§E§F§6§F§Bi§x§D§E§E§C§F§7s§x§C§D§E§3§F§4h§x§B§D§D§9§F§0i§x§A§C§D§0§E§Cn§x§9§B§C§7§E§8g §x§7§A§B§4§E§1R§x§6§A§A§A§D§Do§x§5§9§A§1§D§9d to kopo555 for $1,000,000.
[20:27:16] > MochaFangs added x1 §x§F§F§7§C§0§0§lSteamsparks Chestplate in auction for 70000.
[20:27:25] > BlackKnight buy x1 §x§F§F§7§C§0§0§lSteamsparks Chestplate to MochaFangs for $70,000.
[20:27:48] > Lan3dy remove x1 §f§l§8B§x§6§6§6§6§6§6a§x§7§7§7§7§7§7h§x§8§8§8§8§8§8a§x§9§9§9§9§9§9m§7u§x§9§9§9§9§9§9t§x§8§8§8§8§8§8 §x§7§7§7§7§7§7H§x§6§6§6§6§6§6a§8t from storage
[20:27:49] > BlackKnight remove x1 §x§5§C§C§F§F§C§lC§x§5§C§D§1§F§5§lo§x§5§D§D§4§E§E§ls§x§5§D§D§6§E§7§lm§x§5§E§D§9§E§1§le§x§5§E§D§B§D§A§lt§x§5§E§D§D§D§3§li§x§5§F§E§0§C§C§lc §x§5§F§E§0§C§C§lH§x§5§E§D§D§D§3§la§x§5§E§D§B§D§A§lt§x§5§E§D§9§E§1§ls §x§5§D§D§4§E§E§lK§x§5§C§D§1§F§5§le§x§5§C§C§F§F§C§ly form buy
[20:27:49] > BlackKnight remove x1 §f§l§x§F§C§D§0§5§CW§x§F§B§A§D§4§Du§x§F§9§8§B§3§Dk§x§F§8§6§8§2§Eo§x§F§6§4§5§1§Fn§x§F§5§2§3§0§Fg§x§F§3§0§0§0§0 §x§F§5§2§3§0§FD§x§F§6§4§5§1§Fa§x§F§8§6§8§2§Eg§x§F§9§8§B§3§Dg§x§F§B§A§D§4§De§x§F§C§D§0§5§Cr form buy
[20:27:49] > BlackKnight remove x1 §x§F§F§7§C§0§0§lSteamsparks Chestplate form buy
[20:28:01] > imnectarfr added x1 §x§5§9§A§1§D§9§lA§x§6§E§A§D§D§Er§x§8§3§B§9§E§3c§x§9§7§C§4§E§7h§x§A§C§D§0§E§Ca§x§C§1§D§C§F§1n§x§D§6§E§8§F§6g§x§E§A§F§3§F§Ae§fl §x§D§0§E§4§F§4D§x§B§8§D§7§E§Fa§x§A§0§C§9§E§9g§x§8§8§B§C§E§4g§x§7§1§A§E§D§Ee§x§5§9§A§1§D§9r in auction for 550000.
[20:28:23] > Lan3dy added x1 §f§l§8B§x§6§6§6§6§6§6a§x§7§7§7§7§7§7h§x§8§8§8§8§8§8a§x§9§9§9§9§9§9m§7u§x§9§9§9§9§9§9t§x§8§8§8§8§8§8 §x§7§7§7§7§7§7H§x§6§6§6§6§6§6a§8t in auction for 11000000.
[20:28:27] > mae added x1 §x§F§F§7§C§0§0§lSteamsparks Wings in auction for 500000.
[20:28:28] > Abbadex buy x1 §f§l§8B§x§6§6§6§6§6§6a§x§7§7§7§7§7§7h§x§8§8§8§8§8§8a§x§9§9§9§9§9§9m§7u§x§9§9§9§9§9§9t§x§8§8§8§8§8§8 §x§7§7§7§7§7§7H§x§6§6§6§6§6§6a§8t to Lan3dy for $11,000,000.
[20:28:28] > P4LDOK remove x1 §x§5§9§A§1§D§9§lA§x§6§A§A§A§D§Dr§x§7§A§B§4§E§1c§x§8§B§B§D§E§4h§x§9§B§C§7§E§8a§x§A§C§D§0§E§Cn§x§B§D§D§9§F§0g§x§C§D§E§3§F§4e§x§D§E§E§C§F§7l §fF§x§E§E§F§6§F§Bi§x§D§E§E§C§F§7s§x§C§D§E§3§F§4h§x§B§D§D§9§F§0i§x§A§C§D§0§E§Cn§x§9§B§C§7§E§8g §x§7§A§B§4§E§1R§x§6§A§A§A§D§Do§x§5§9§A§1§D§9d from buy
[20:28:31] > Kanzie20 remove x1 §x§F§F§7§C§0§0§lSteamsparks Pickaxe from buy
[20:28:33] > koshie buy x1 §x§F§F§7§C§0§0§lSteamsparks Wings to mae for $500,000.
[20:28:35] > Abbadex remove x1 §f§l§8B§x§6§6§6§6§6§6a§x§7§7§7§7§7§7h§x§8§8§8§8§8§8a§x§9§9§9§9§9§9m§7u§x§9§9§9§9§9§9t§x§8§8§8§8§8§8 §x§7§7§7§7§7§7H§x§6§6§6§6§6§6a§8t from buy
[20:28:43] > Unforce01 buy x1 §x§E§5§1§B§1§B§lDracula Wings to nnorv1 for $1,000,000.
[20:28:56] > mae remove x1 §f§l§8B§x§6§2§6§2§6§2a§x§6§F§6§F§6§Fh§x§7§C§7§C§7§Ca§x§8§9§8§9§8§9m§x§9§6§9§6§9§6u§x§A§3§A§3§A§3t §x§9§6§9§6§9§6H§x§8§9§8§9§8§9a§x§7§C§7§C§7§Cm§x§6§F§6§F§6§Fm§x§6§2§6§2§6§2e§8r from storage
[20:28:57] > mae remove x1 §f§l§8B§x§6§2§6§2§6§2a§x§6§F§6§F§6§Fh§x§7§C§7§C§7§Ca§x§8§9§8§9§8§9m§x§9§6§9§6§9§6u§x§A§3§A§3§A§3t §x§9§6§9§6§9§6P§x§8§9§8§9§8§9i§x§7§C§7§C§7§Cc§x§6§F§6§F§6§Fa§x§6§2§6§2§6§2x§8e from storage
[20:29:33] > Unforce01 remove x1 §x§E§5§1§B§1§B§lDracula Bow form buy
[20:29:33] > Unforce01 remove x1 §x§E§5§1§B§1§B§lDracula Wings form buy
[20:29:56] > Lan3dy added x1 §f§l§8B§x§6§6§6§6§6§6a§x§7§7§7§7§7§7h§x§8§8§8§8§8§8a§x§9§9§9§9§9§9m§7u§x§9§9§9§9§9§9t§x§8§8§8§8§8§8 §x§7§7§7§7§7§7H§x§6§6§6§6§6§6a§8t in auction for 11000000.
[20:30:17] > Technoblad7869 added x1 §eᴡɪᴛᴄʜ ꜱᴘᴀᴡɴᴇʀ in auction for 500000.
[20:30:22] > koshie buy x1 §eᴡɪᴛᴄʜ ꜱᴘᴀᴡɴᴇʀ to Technoblad7869 for $500,000.
[20:32:16] > mae added x1 §f§l§8B§x§6§2§6§2§6§2a§x§6§F§6§F§6§Fh§x§7§C§7§C§7§Ca§x§8§9§8§9§8§9m§x§9§6§9§6§9§6u§x§A§3§A§3§A§3t §x§9§6§9§6§9§6H§x§8§9§8§9§8§9a§x§7§C§7§C§7§Cm§x§6§F§6§F§6§Fm§x§6§2§6§2§6§2e§8r in auction for 2500000.
[20:32:26] > Abbadex buy x1 §f§l§8B§x§6§2§6§2§6§2a§x§6§F§6§F§6§Fh§x§7§C§7§C§7§Ca§x§8§9§8§9§8§9m§x§9§6§9§6§9§6u§x§A§3§A§3§A§3t §x§9§6§9§6§9§6H§x§8§9§8§9§8§9a§x§7§C§7§C§7§Cm§x§6§F§6§F§6§Fm§x§6§2§6§2§6§2e§8r to mae for $2,500,000.
[20:32:34] > Abbadex remove x1 §f§l§8B§x§6§2§6§2§6§2a§x§6§F§6§F§6§Fh§x§7§C§7§C§7§Ca§x§8§9§8§9§8§9m§x§9§6§9§6§9§6u§x§A§3§A§3§A§3t §x§9§6§9§6§9§6H§x§8§9§8§9§8§9a§x§7§C§7§C§7§Cm§x§6§F§6§F§6§Fm§x§6§2§6§2§6§2e§8r from buy
[20:33:17] > Technoblad7869 added x1 §x§5§C§C§F§F§C§lC§x§5§C§D§1§F§5§lo§x§5§D§D§4§E§E§ls§x§5§D§D§6§E§7§lm§x§5§E§D§9§E§1§le§x§5§E§D§B§D§A§lt§x§5§E§D§D§D§3§li§x§5§F§E§0§C§C§lc §x§5§F§E§0§C§C§lH§x§5§E§D§D§D§3§la§x§5§E§D§B§D§A§lt§x§5§E§D§9§E§1§ls §x§5§D§D§4§E§E§lK§x§5§C§D§1§F§5§le§x§5§C§C§F§F§C§ly in auction for 200000.
[20:33:22] > TostyZura added x1 §x§E§5§1§B§1§B§lDracula Key in auction for 100.
[20:33:25] > HPMR_GaMerz buy x1 §x§E§5§1§B§1§B§lDracula Key to TostyZura for $100.
[20:33:26] > giyahnpogi added x1 §f§l§8B§x§6§2§6§2§6§2a§x§6§F§6§F§6§Fh§x§7§C§7§C§7§Ca§x§8§9§8§9§8§9m§x§9§6§9§6§9§6u§x§A§3§A§3§A§3t §x§9§6§9§6§9§6H§x§8§9§8§9§8§9a§x§7§C§7§C§7§Cm§x§6§F§6§F§6§Fm§x§6§2§6§2§6§2e§8r in auction for 4000000.
[20:33:36] > TostyZura added x1 §f§l§x§F§C§D§0§5§CW§x§F§A§A§2§4§8u§x§F§8§7§4§3§3k§x§F§6§4§5§1§Fo§x§F§4§1§7§0§Ang§x§F§6§4§5§1§F §x§F§8§7§4§3§3K§x§F§A§A§2§4§8e§x§F§C§D§0§5§Cy in auction for 100.
[20:33:38] > HPMR_GaMerz buy x1 §f§l§x§F§C§D§0§5§CW§x§F§A§A§2§4§8u§x§F§8§7§4§3§3k§x§F§6§4§5§1§Fo§x§F§4§1§7§0§Ang§x§F§6§4§5§1§F §x§F§8§7§4§3§3K§x§F§A§A§2§4§8e§x§F§C§D§0§5§Cy to TostyZura for $100.
[20:33:52] > TostyZura added x1 §x§F§F§7§C§0§0§lSteamsparks Key in auction for 1000.
[20:33:54] > kkyleeeeesa buy x1 §x§F§F§7§C§0§0§lSteamsparks Key to TostyZura for $1,000.
[20:34:32] > mae added x1 §x§E§5§1§B§1§B§lDracula Boots in auction for 50000.
[20:34:37] > sukiyoriee buy x1 §x§E§5§1§B§1§B§lDracula Boots to mae for $50,000.
[20:34:48] > mae added x1 §x§F§F§7§C§0§0§lSteamsparks Sword in auction for 50000.
[20:34:58] > sukiyoriee remove x1 §x§E§5§1§B§1§B§lDracula Boots from buy
[20:35:08] > mae added x1 §x§F§F§7§C§0§0§lSteamsparks Axe in auction for 50000.
[20:35:22] > P4LDOK buy x6 §x§F§2§C§6§D§E§lP§x§E§0§C§A§D§B§li§x§C§D§C§D§D§8§ln§x§B§B§D§1§D§5§la§x§A§9§D§4§D§2§lt§x§9§6§D§8§C§E§la §x§7§1§D§F§C§8§lC§x§5§F§E§2§C§5§lr§x§7§4§D§E§C§9§la§x§8§9§D§A§C§C§lt§x§9§E§D§6§D§0§le §x§C§8§C§E§D§7§lK§x§D§D§C§A§D§A§le§x§F§2§C§6§D§E§ly to celinesanrio for $600,000.
[20:35:25] > Technoblad7869 added x1 §x§5§C§C§F§F§C§lC§x§5§C§D§1§F§5§lo§x§5§D§D§4§E§E§ls§x§5§D§D§6§E§7§lm§x§5§E§D§9§E§1§le§x§5§E§D§B§D§A§lt§x§5§E§D§D§D§3§li§x§5§F§E§0§C§C§lc §x§5§F§E§0§C§C§lH§x§5§E§D§D§D§3§la§x§5§E§D§B§D§A§lt§x§5§E§D§9§E§1§ls §x§5§D§D§4§E§E§lK§x§5§C§D§1§F§5§le§x§5§C§C§F§F§C§ly in auction for 100000.
[20:35:49] > P4LDOK remove x6 §x§F§2§C§6§D§E§lP§x§E§0§C§A§D§B§li§x§C§D§C§D§D§8§ln§x§B§B§D§1§D§5§la§x§A§9§D§4§D§2§lt§x§9§6§D§8§C§E§la §x§7§1§D§F§C§8§lC§x§5§F§E§2§C§5§lr§x§7§4§D§E§C§9§la§x§8§9§D§A§C§C§lt§x§9§E§D§6§D§0§le §x§C§8§C§E§D§7§lK§x§D§D§C§A§D§A§le§x§F§2§C§6§D§E§ly from buy
[20:35:54] > lorxie added x1 §f§l§x§8§A§0§0§F§FS§x§9§C§0§0§D§5h§x§A§D§0§0§A§Ai§x§B§F§0§0§8§0n§x§D§0§0§0§5§5e§x§E§2§0§0§2§B §x§F§3§0§0§0§0O§x§E§2§0§0§2§An§x§D§0§0§0§5§5i§x§B§F§0§0§8§0 §x§A§D§0§0§A§AK§x§9§C§0§0§D§5e§x§8§A§0§0§F§Fy in auction for 5000000.
[20:36:00] > Technoblad7869 added x1 §x§5§C§C§F§F§C§lC§x§5§C§D§1§F§5§lo§x§5§D§D§4§E§E§ls§x§5§D§D§6§E§7§lm§x§5§E§D§9§E§1§le§x§5§E§D§B§D§A§lt§x§5§E§D§D§D§3§li§x§5§F§E§0§C§C§lc §x§5§F§E§0§C§C§lH§x§5§E§D§D§D§3§la§x§5§E§D§B§D§A§lt§x§5§E§D§9§E§1§ls §x§5§D§D§4§E§E§lK§x§5§C§D§1§F§5§le§x§5§C§C§F§F§C§ly in auction for 100000.
[20:36:12] > mae added x1 §f§l§x§8§A§0§0§F§FS§x§9§5§0§0§E§4h§x§A§0§0§0§C§9i§x§A§B§0§0§A§En§x§B§6§0§0§9§4e§x§C§1§0§0§7§9 §x§C§C§0§0§5§EO§x§D§7§0§0§4§3n§x§E§2§0§0§2§8i§x§E§D§0§0§0§D C§x§E§2§0§0§2§8h§x§D§7§0§0§4§3e§x§C§C§0§0§5§Es§x§C§1§0§0§7§9t§x§B§6§0§0§9§4p§x§A§B§0§0§A§El§x§A§0§0§0§C§9a§x§9§5§0§0§E§4t§x§8§A§0§0§F§Fe in auction for 5500000.
[20:36:35] > Lan3dy remove x1 §f§l§8B§x§6§6§6§6§6§6a§x§7§7§7§7§7§7h§x§8§8§8§8§8§8a§x§9§9§9§9§9§9m§7u§x§9§9§9§9§9§9t§x§8§8§8§8§8§8 §x§7§7§7§7§7§7H§x§6§6§6§6§6§6a§8t from storage
[20:36:37] > mae remove x1 §f§l§x§F§C§D§0§5§CW§x§F§B§B§6§5§1u§x§F§A§9§C§4§5k§x§F§9§8§2§3§Ao§x§F§8§6§8§2§En§x§F§6§4§E§2§3g§x§F§5§3§4§1§7 §x§F§4§1§A§0§CG§x§F§3§0§0§0§0r§x§F§4§1§A§0§Ce§x§F§5§3§4§1§7a§x§F§6§4§E§2§3t§x§F§8§6§8§2§Es§x§F§9§8§2§3§Aw§x§F§A§9§C§4§5o§x§F§B§B§6§5§1r§x§F§C§D§0§5§Cd from storage
[20:36:39] > mae remove x1 §f§l§x§F§C§D§0§5§CW§x§F§B§B§6§5§1u§x§F§A§9§C§4§5k§x§F§9§8§2§3§Ao§x§F§8§6§8§2§En§x§F§6§4§E§2§3g§x§F§5§3§4§1§7 §x§F§4§1§A§0§CG§x§F§3§0§0§0§0r§x§F§4§1§A§0§Ce§x§F§5§3§4§1§7a§x§F§6§4§E§2§3t§x§F§8§6§8§2§Es§x§F§9§8§2§3§Aw§x§F§A§9§C§4§5o§x§F§B§B§6§5§1r§x§F§C§D§0§5§Cd from storage
[20:36:44] > Lan3dy added x1 §f§l§8B§x§6§6§6§6§6§6a§x§7§7§7§7§7§7h§x§8§8§8§8§8§8a§x§9§9§9§9§9§9m§7u§x§9§9§9§9§9§9t§x§8§8§8§8§8§8 §x§7§7§7§7§7§7H§x§6§6§6§6§6§6a§8t in auction for 9000000.
[20:36:49] > mae added x1 §f§l§x§F§C§D§0§5§CW§x§F§B§B§6§5§1u§x§F§A§9§C§4§5k§x§F§9§8§2§3§Ao§x§F§8§6§8§2§En§x§F§6§4§E§2§3g§x§F§5§3§4§1§7 §x§F§4§1§A§0§CG§x§F§3§0§0§0§0r§x§F§4§1§A§0§Ce§x§F§5§3§4§1§7a§x§F§6§4§E§2§3t§x§F§8§6§8§2§Es§x§F§9§8§2§3§Aw§x§F§A§9§C§4§5o§x§F§B§B§6§5§1r§x§F§C§D§0§5§Cd in auction for 60000.
[20:37:04] > mae added x1 §f§l§x§F§C§D§0§5§CW§x§F§B§B§6§5§1u§x§F§A§9§C§4§5k§x§F§9§8§2§3§Ao§x§F§8§6§8§2§En§x§F§6§4§E§2§3g§x§F§5§3§4§1§7 §x§F§4§1§A§0§CG§x§F§3§0§0§0§0r§x§F§4§1§A§0§Ce§x§F§5§3§4§1§7a§x§F§6§4§E§2§3t§x§F§8§6§8§2§Es§x§F§9§8§2§3§Aw§x§F§A§9§C§4§5o§x§F§B§B§6§5§1r§x§F§C§D§0§5§Cd in auction for 30000.
[20:37:18] > .MrChest8517 buy x1 §f§l§x§F§C§D§0§5§CW§x§F§B§B§6§5§1u§x§F§A§9§C§4§5k§x§F§9§8§2§3§Ao§x§F§8§6§8§2§En§x§F§6§4§E§2§3g§x§F§5§3§4§1§7 §x§F§4§1§A§0§CG§x§F§3§0§0§0§0r§x§F§4§1§A§0§Ce§x§F§5§3§4§1§7a§x§F§6§4§E§2§3t§x§F§8§6§8§2§Es§x§F§9§8§2§3§Aw§x§F§A§9§C§4§5o§x§F§B§B§6§5§1r§x§F§C§D§0§5§Cd to mae for $30,000.
[20:37:44] > MrGh0st1y added x1 §x§F§F§7§C§0§0§lSteamsparks Axe in auction for 100000.
[20:38:12] > Lan3dy added x1 §f§l§x§8§A§0§0§F§FS§x§9§9§0§0§D§Bh§x§A§8§0§0§B§6i§x§B§7§0§0§9§2n§x§C§6§0§0§6§De§x§D§5§0§0§4§9 §x§E§4§0§0§2§4O§x§F§3§0§0§0§0n§x§E§4§0§0§2§4i§x§D§5§0§0§4§9 §x§C§6§0§0§6§DW§x§B§7§0§0§9§2i§x§A§8§0§0§B§6n§x§9§9§0§0§D§Bg§x§8§A§0§0§F§Fs in auction for 6666666.
[20:38:15] > Technoblad7869 added x2 §eᴘɪɢ sᴘᴀᴡɴᴇʀ in auction for 250000.
[20:38:24] > HPMR_GaMerz buy x1 §f§l§x§8§A§0§0§F§FS§x§9§9§0§0§D§Bh§x§A§8§0§0§B§6i§x§B§7§0§0§9§2n§x§C§6§0§0§6§De§x§D§5§0§0§4§9 §x§E§4§0§0§2§4O§x§F§3§0§0§0§0n§x§E§4§0§0§2§4i§x§D§5§0§0§4§9 §x§C§6§0§0§6§DW§x§B§7§0§0§9§2i§x§A§8§0§0§B§6n§x§9§9§0§0§D§Bg§x§8§A§0§0§F§Fs to Lan3dy for $6,666,666.
[20:38:30] > HPMR_GaMerz buy x2 §eᴘɪɢ sᴘᴀᴡɴᴇʀ to Technoblad7869 for $250,000.
[20:38:38] > mae remove x1 §f§l§x§8§A§0§0§F§FS§x§9§5§0§0§E§4h§x§A§0§0§0§C§9i§x§A§B§0§0§A§En§x§B§6§0§0§9§4e§x§C§1§0§0§7§9 §x§C§C§0§0§5§EO§x§D§7§0§0§4§3n§x§E§2§0§0§2§8i§x§E§D§0§0§0§D C§x§E§2§0§0§2§8h§x§D§7§0§0§4§3e§x§C§C§0§0§5§Es§x§C§1§0§0§7§9t§x§B§6§0§0§9§4p§x§A§B§0§0§A§El§x§A§0§0§0§C§9a§x§9§5§0§0§E§4t§x§8§A§0§0§F§Fe from storage
[20:38:43] > HPMR_GaMerz remove x1 §f§l§x§8§A§0§0§F§FS§x§9§9§0§0§D§Bh§x§A§8§0§0§B§6i§x§B§7§0§0§9§2n§x§C§6§0§0§6§De§x§D§5§0§0§4§9 §x§E§4§0§0§2§4O§x§F§3§0§0§0§0n§x§E§4§0§0§2§4i§x§D§5§0§0§4§9 §x§C§6§0§0§6§DW§x§B§7§0§0§9§2i§x§A§8§0§0§B§6n§x§9§9§0§0§D§Bg§x§8§A§0§0§F§Fs from buy
[20:38:47] > mae added x1 §f§l§x§8§A§0§0§F§FS§x§9§5§0§0§E§4h§x§A§0§0§0§C§9i§x§A§B§0§0§A§En§x§B§6§0§0§9§4e§x§C§1§0§0§7§9 §x§C§C§0§0§5§EO§x§D§7§0§0§4§3n§x§E§2§0§0§2§8i§x§E§D§0§0§0§D C§x§E§2§0§0§2§8h§x§D§7§0§0§4§3e§x§C§C§0§0§5§Es§x§C§1§0§0§7§9t§x§B§6§0§0§9§4p§x§A§B§0§0§A§El§x§A§0§0§0§C§9a§x§9§5§0§0§E§4t§x§8§A§0§0§F§Fe in auction for 5000000.
[20:39:16] > P4LDOK added x1 §eᴡɪᴛᴄʜ ꜱᴘᴀᴡɴᴇʀ in auction for 1000000.
[20:39:19] > Kanzie20 remove x1 Enchanted book from buy
[20:39:20] > mae buy x1 §eᴡɪᴛᴄʜ ꜱᴘᴀᴡɴᴇʀ to P4LDOK for $1,000,000.
[20:39:26] > Abbadex added x1 §f§l§x§8§A§0§0§F§FS§x§9§6§0§0§E§1h§x§A§3§0§0§C§3i§x§A§F§0§0§A§5n§x§B§B§0§0§8§7e§x§C§8§0§0§6§9 §x§D§4§0§0§4§BO§x§E§0§0§0§2§Dn§x§E§D§0§0§0§Fi §x§E§0§0§0§2§DL§x§D§4§0§0§4§Be§x§C§8§0§0§6§9g§x§B§B§0§0§8§7g§x§A§F§0§0§A§5i§x§A§3§0§0§C§3n§x§9§6§0§0§E§1g§x§8§A§0§0§F§Fs in auction for 4000000.
[20:39:40] > koshie added x1 §f§l§8B§x§6§0§6§0§6§0a§x§6§C§6§C§6§Ch§x§7§7§7§7§7§7a§x§8§2§8§2§8§2m§x§8§E§8§E§8§Eu§x§9§9§9§9§9§9t§x§A§4§A§4§A§4 G§x§9§9§9§9§9§9a§x§8§E§8§E§8§Eu§x§8§2§8§2§8§2n§x§7§7§7§7§7§7t§x§6§C§6§C§6§Cl§x§6§0§6§0§6§0e§8t in auction for 2500000.
[20:39:45] > celinesanrio buy x1 §f§l§8B§x§6§0§6§0§6§0a§x§6§C§6§C§6§Ch§x§7§7§7§7§7§7a§x§8§2§8§2§8§2m§x§8§E§8§E§8§Eu§x§9§9§9§9§9§9t§x§A§4§A§4§A§4 G§x§9§9§9§9§9§9a§x§8§E§8§E§8§Eu§x§8§2§8§2§8§2n§x§7§7§7§7§7§7t§x§6§C§6§C§6§Cl§x§6§0§6§0§6§0e§8t to koshie for $2,500,000.
[20:39:49] > celinesanrio remove x1 §f§l§8B§x§6§0§6§0§6§0a§x§6§C§6§C§6§Ch§x§7§7§7§7§7§7a§x§8§2§8§2§8§2m§x§8§E§8§E§8§Eu§x§9§9§9§9§9§9t§x§A§4§A§4§A§4 G§x§9§9§9§9§9§9a§x§8§E§8§E§8§Eu§x§8§2§8§2§8§2n§x§7§7§7§7§7§7t§x§6§C§6§C§6§Cl§x§6§0§6§0§6§0e§8t form buy
[20:39:55] > koshie added x1 §f§l§8B§x§6§6§6§6§6§6a§x§7§7§7§7§7§7h§x§8§8§8§8§8§8a§x§9§9§9§9§9§9m§7u§x§9§9§9§9§9§9t§x§8§8§8§8§8§8 §x§7§7§7§7§7§7H§x§6§6§6§6§6§6o§8e in auction for 2700000.
[20:40:00] > Lan3dy remove x1 §f§l§8B§x§6§6§6§6§6§6a§x§7§7§7§7§7§7h§x§8§8§8§8§8§8a§x§9§9§9§9§9§9m§7u§x§9§9§9§9§9§9t§x§8§8§8§8§8§8 §x§7§7§7§7§7§7H§x§6§6§6§6§6§6a§8t from storage
[20:40:13] > Lan3dy added x1 §f§l§8B§x§6§6§6§6§6§6a§x§7§7§7§7§7§7h§x§8§8§8§8§8§8a§x§9§9§9§9§9§9m§7u§x§9§9§9§9§9§9t§x§8§8§8§8§8§8 §x§7§7§7§7§7§7H§x§6§6§6§6§6§6a§8t in auction for 7000000.
[20:40:24] > koshie added x1 §f§l§8B§x§5§F§5§F§5§Fa§x§6§9§6§9§6§9h§x§7§3§7§3§7§3a§x§7§D§7§D§7§Dm§x§8§7§8§7§8§7u§x§9§1§9§1§9§1t§x§9§B§9§B§9§B §x§A§5§A§5§A§5Gr§x§9§B§9§B§9§Be§x§9§1§9§1§9§1a§x§8§7§8§7§8§7t§x§7§D§7§D§7§Ds§x§7§3§7§3§7§3w§x§6§9§6§9§6§9o§x§5§F§5§F§5§Fr§8d in auction for 5000000.
[20:40:53] > Lan3dy remove x1 §f§l§8B§x§6§6§6§6§6§6a§x§7§7§7§7§7§7h§x§8§8§8§8§8§8a§x§9§9§9§9§9§9m§7u§x§9§9§9§9§9§9t§x§8§8§8§8§8§8 §x§7§7§7§7§7§7H§x§6§6§6§6§6§6a§8t from storage
[20:41:51] > Abbadex remove x1 §f§l§x§8§A§0§0§F§FS§x§9§6§0§0§E§1h§x§A§3§0§0§C§3i§x§A§F§0§0§A§5n§x§B§B§0§0§8§7e§x§C§8§0§0§6§9 §x§D§4§0§0§4§BO§x§E§0§0§0§2§Dn§x§E§D§0§0§0§Fi §x§E§0§0§0§2§DL§x§D§4§0§0§4§Be§x§C§8§0§0§6§9g§x§B§B§0§0§8§7g§x§A§F§0§0§A§5i§x§A§3§0§0§C§3n§x§9§6§0§0§E§1g§x§8§A§0§0§F§Fs from storage
[20:41:57] > mae remove x1 §f§l§x§8§A§0§0§F§FS§x§9§5§0§0§E§4h§x§A§0§0§0§C§9i§x§A§B§0§0§A§En§x§B§6§0§0§9§4e§x§C§1§0§0§7§9 §x§C§C§0§0§5§EO§x§D§7§0§0§4§3n§x§E§2§0§0§2§8i§x§E§D§0§0§0§D C§x§E§2§0§0§2§8h§x§D§7§0§0§4§3e§x§C§C§0§0§5§Es§x§C§1§0§0§7§9t§x§B§6§0§0§9§4p§x§A§B§0§0§A§El§x§A§0§0§0§C§9a§x§9§5§0§0§E§4t§x§8§A§0§0§F§Fe from storage
[20:42:38] > Technoblad7869 remove x1 §x§5§C§C§F§F§C§lC§x§5§C§D§1§F§5§lo§x§5§D§D§4§E§E§ls§x§5§D§D§6§E§7§lm§x§5§E§D§9§E§1§le§x§5§E§D§B§D§A§lt§x§5§E§D§D§D§3§li§x§5§F§E§0§C§C§lc §x§5§F§E§0§C§C§lH§x§5§E§D§D§D§3§la§x§5§E§D§B§D§A§lt§x§5§E§D§9§E§1§ls §x§5§D§D§4§E§E§lK§x§5§C§D§1§F§5§le§x§5§C§C§F§F§C§ly from storage
[20:42:38] > Technoblad7869 remove x1 §x§5§C§C§F§F§C§lC§x§5§C§D§1§F§5§lo§x§5§D§D§4§E§E§ls§x§5§D§D§6§E§7§lm§x§5§E§D§9§E§1§le§x§5§E§D§B§D§A§lt§x§5§E§D§D§D§3§li§x§5§F§E§0§C§C§lc §x§5§F§E§0§C§C§lH§x§5§E§D§D§D§3§la§x§5§E§D§B§D§A§lt§x§5§E§D§9§E§1§ls §x§5§D§D§4§E§E§lK§x§5§C§D§1§F§5§le§x§5§C§C§F§F§C§ly from storage
[20:42:39] > Technoblad7869 remove x1 §x§5§C§C§F§F§C§lC§x§5§C§D§1§F§5§lo§x§5§D§D§4§E§E§ls§x§5§D§D§6§E§7§lm§x§5§E§D§9§E§1§le§x§5§E§D§B§D§A§lt§x§5§E§D§D§D§3§li§x§5§F§E§0§C§C§lc §x§5§F§E§0§C§C§lH§x§5§E§D§D§D§3§la§x§5§E§D§B§D§A§lt§x§5§E§D§9§E§1§ls §x§5§D§D§4§E§E§lK§x§5§C§D§1§F§5§le§x§5§C§C§F§F§C§ly from storage
[20:43:37] > HwanYo added x1 §x§E§5§1§B§1§B§lDracula Bow in auction for 100000.
[20:44:38] > Zypher_0w0 added x1 §x§F§F§3§E§0§0§lDemon Lord Wings in auction for 4000000.
[20:44:41] > x1 §x§F§F§3§E§0§0§lD§x§F§F§3§7§0§0§le§x§F§F§3§0§0§0§lm§x§F§F§2§9§0§0§lo§x§F§F§2§2§0§0§ln §x§F§F§1§5§0§0§lL§x§F§F§0§E§0§0§lo§x§F§F§0§7§0§0§lr§x§F§F§0§0§0§0§ld §x§F§F§0§E§0§0§lF§x§F§F§1§5§0§0§lr§x§F§F§1§C§0§0§la§x§F§F§2§2§0§0§lg§x§F§F§2§9§0§0§lm§x§F§F§3§0§0§0§le§x§F§F§3§7§0§0§ln§x§F§F§3§E§0§0§lt, item of SP3CC_, has just expired, the item is definitively deleted.
[20:44:43] > mae added x1 §f§l§x§F§C§D§0§5§CW§x§F§A§A§2§4§8u§x§F§8§7§4§3§3k§x§F§6§4§5§1§Fo§x§F§4§1§7§0§Ang§x§F§6§4§5§1§F §x§F§8§7§4§3§3H§x§F§A§A§2§4§8a§x§F§C§D§0§5§Ct in auction for 3000.
[20:44:46] > HwanYo remove x1 §x§E§5§1§B§1§B§lDracula Bow from storage
[20:44:46] > Zypher_0w0 remove x1 §f§l§x§F§C§D§0§5§CW§x§F§A§A§A§4§Bu§x§F§9§8§4§3§Bk§x§F§7§5§F§2§Ao§x§F§5§3§9§1§9n§x§F§4§1§3§0§8g §x§F§5§3§9§1§9W§x§F§7§5§F§2§Ai§x§F§9§8§4§3§Bn§x§F§A§A§A§4§Bg§x§F§C§D§0§5§Cs from storage
[20:44:49] > Seris00 buy x1 §f§l§x§F§C§D§0§5§CW§x§F§A§A§2§4§8u§x§F§8§7§4§3§3k§x§F§6§4§5§1§Fo§x§F§4§1§7§0§Ang§x§F§6§4§5§1§F §x§F§8§7§4§3§3H§x§F§A§A§2§4§8a§x§F§C§D§0§5§Ct to mae for $3,000.
[20:44:52] > HwanYo added x1 §x§E§5§1§B§1§B§lDracula Bow in auction for 50000.
[20:44:55] > Zypher_0w0 added x1 §f§l§x§F§C§D§0§5§CW§x§F§A§A§A§4§Bu§x§F§9§8§4§3§Bk§x§F§7§5§F§2§Ao§x§F§5§3§9§1§9n§x§F§4§1§3§0§8g §x§F§5§3§9§1§9W§x§F§7§5§F§2§Ai§x§F§9§8§4§3§Bn§x§F§A§A§A§4§Bg§x§F§C§D§0§5§Cs in auction for 4000000.
[20:45:00] > Palietass buy x1 §x§E§5§1§B§1§B§lDracula Bow to HwanYo for $50,000.
[20:45:01] > HwanYo remove x1 §f§l§x§F§C§D§0§5§CW§x§F§A§A§6§4§Au§x§F§8§7§D§3§7k§x§F§7§5§3§2§5o§x§F§5§2§A§1§2n§x§F§3§0§0§0§0g§x§F§5§2§A§1§2 §x§F§7§5§3§2§5C§x§F§8§7§D§3§7l§x§F§A§A§6§4§Au§x§F§C§D§0§5§Cb from storage
[20:45:03] > HwanYo remove x1 §f§l§x§F§A§0§0§0§AD§x§F§A§1§A§1§4a§x§F§B§3§4§1§Fr§x§F§B§4§E§2§9k§x§F§B§6§8§3§3f§x§F§B§8§2§3§Dl§x§F§C§9§C§4§8a§x§F§C§B§6§5§2m§x§F§C§D§0§5§Ce§x§F§C§D§0§5§C §x§F§C§B§6§5§2L§x§F§C§9§C§4§8e§x§F§B§8§2§3§Dg§x§F§B§6§8§3§3g§x§F§B§4§E§2§9i§x§F§B§3§4§1§Fn§x§F§A§1§A§1§4g§x§F§A§0§0§0§As from storage
[20:45:08] > x1 Grass block, bought by NarutoSipunin, has just expired, the item is definitively deleted.
[20:45:10] > Palietass remove x1 §x§E§5§1§B§1§B§lDracula Bow from buy
[20:45:11] > HwanYo added x1 §f§l§x§F§A§0§0§0§AD§x§F§A§1§A§1§4a§x§F§B§3§4§1§Fr§x§F§B§4§E§2§9k§x§F§B§6§8§3§3f§x§F§B§8§2§3§Dl§x§F§C§9§C§4§8a§x§F§C§B§6§5§2m§x§F§C§D§0§5§Ce§x§F§C§D§0§5§C §x§F§C§B§6§5§2L§x§F§C§9§C§4§8e§x§F§B§8§2§3§Dg§x§F§B§6§8§3§3g§x§F§B§4§E§2§9i§x§F§B§3§4§1§Fn§x§F§A§1§A§1§4g§x§F§A§0§0§0§As in auction for 1000000.
[20:45:31] > HwanYo added x1 §f§l§x§F§C§D§0§5§CW§x§F§A§A§6§4§Au§x§F§8§7§D§3§7k§x§F§7§5§3§2§5o§x§F§5§2§A§1§2n§x§F§3§0§0§0§0g§x§F§5§2§A§1§2 §x§F§7§5§3§2§5C§x§F§8§7§D§3§7l§x§F§A§A§6§4§Au§x§F§C§D§0§5§Cb in auction for 10000.
[20:45:37] > kkyleeeeesa buy x1 §f§l§x§F§C§D§0§5§CW§x§F§A§A§6§4§Au§x§F§8§7§D§3§7k§x§F§7§5§3§2§5o§x§F§5§2§A§1§2n§x§F§3§0§0§0§0g§x§F§5§2§A§1§2 §x§F§7§5§3§2§5C§x§F§8§7§D§3§7l§x§F§A§A§6§4§Au§x§F§C§D§0§5§Cb to HwanYo for $10,000.
[20:46:07] > P4LDOK buy x1 §f§l§x§F§A§0§0§0§AD§x§F§A§1§A§1§4a§x§F§B§3§4§1§Fr§x§F§B§4§E§2§9k§x§F§B§6§8§3§3f§x§F§B§8§2§3§Dl§x§F§C§9§C§4§8a§x§F§C§B§6§5§2m§x§F§C§D§0§5§Ce§x§F§C§D§0§5§C §x§F§C§B§6§5§2L§x§F§C§9§C§4§8e§x§F§B§8§2§3§Dg§x§F§B§6§8§3§3g§x§F§B§4§E§2§9i§x§F§B§3§4§1§Fn§x§F§A§1§A§1§4g§x§F§A§0§0§0§As to HwanYo for $1,000,000.
[20:46:26] > P4LDOK remove x1 §f§l§x§F§A§0§0§0§AD§x§F§A§1§A§1§4a§x§F§B§3§4§1§Fr§x§F§B§4§E§2§9k§x§F§B§6§8§3§3f§x§F§B§8§2§3§Dl§x§F§C§9§C§4§8a§x§F§C§B§6§5§2m§x§F§C§D§0§5§Ce§x§F§C§D§0§5§C §x§F§C§B§6§5§2L§x§F§C§9§C§4§8e§x§F§B§8§2§3§Dg§x§F§B§6§8§3§3g§x§F§B§4§E§2§9i§x§F§B§3§4§1§Fn§x§F§A§1§A§1§4g§x§F§A§0§0§0§As from buy
[20:46:28] > Technoblad7869 added x1 §fFarmer Hat in auction for 350000.
[20:47:44] > Sngel25 added x1 §x§F§F§5§5§0§0§lsᴇʟʟᴡᴀɴᴅ §6- 5.0x in auction for 400000.
[20:47:48] > Unforce01 buy x1 §x§F§F§5§5§0§0§lsᴇʟʟᴡᴀɴᴅ §6- 5.0x to Sngel25 for $400,000.
[20:47:53] > nagiiish added x1 §x§F§F§3§E§0§0§lSellwand Voucher in auction for 2000000.
[20:47:57] > HwanYo buy x1 §x§F§F§3§E§0§0§lSellwand Voucher to nagiiish for $2,000,000.
[20:48:15] > P4LDOK added x1 §x§E§5§1§B§1§B§lDracula Leggings in auction for 15000.
[20:48:19] > HPMR_GaMerz buy x1 §x§E§5§1§B§1§B§lDracula Leggings to P4LDOK for $15,000.
[20:48:30] > P4LDOK added x1 §x§E§5§1§B§1§B§lDracula Leggings in auction for 15000.
[20:48:34] > HPMR_GaMerz buy x1 §x§E§5§1§B§1§B§lDracula Leggings to P4LDOK for $15,000.
[20:48:34] > Unforce01 remove x1 §x§F§F§5§5§0§0§lsᴇʟʟᴡᴀɴᴅ §6- 5.0x form buy
[20:49:45] > Zee_ added x1 sᴇʟʟᴡᴀɴᴅ - 20x in auction for 1000000.
[20:49:50] > Unforce01 buy x1 sᴇʟʟᴡᴀɴᴅ - 20x to Zee_ for $1,000,000.
[20:49:56] > Unforce01 remove x1 sᴇʟʟᴡᴀɴᴅ - 20x form buy
[20:49:56] > .Demon_asta1590 added x1 §x§F§F§5§5§0§0§lsᴇʟʟᴡᴀɴᴅ §6- 5.0x in auction for 500000.
[20:50:12] > celinesanrio added x1 sᴇʟʟᴡᴀɴᴅ - 20.0x in auction for 450000.
[20:50:25] > Zypher_0w0 added x1 §x§F§F§3§E§0§0§lD§x§F§F§3§5§0§0§le§x§F§F§2§C§0§0§lm§x§F§F§2§3§0§0§lo§x§F§F§1§B§0§0§ln §x§F§F§0§9§0§0§lL§x§F§F§0§0§0§0§lo§x§F§F§0§A§0§0§lr§x§F§F§1§5§0§0§ld §x§F§F§2§9§0§0§lK§x§F§F§3§4§0§0§le§x§F§F§3§E§0§0§ly in auction for 300000.
[20:50:35] > Zypher_0w0 added x1 §x§F§F§3§E§0§0§lD§x§F§F§3§5§0§0§le§x§F§F§2§C§0§0§lm§x§F§F§2§3§0§0§lo§x§F§F§1§B§0§0§ln §x§F§F§0§9§0§0§lL§x§F§F§0§0§0§0§lo§x§F§F§0§A§0§0§lr§x§F§F§1§5§0§0§ld §x§F§F§2§9§0§0§lK§x§F§F§3§4§0§0§le§x§F§F§3§E§0§0§ly in auction for 300000.
[20:50:46] > Zypher_0w0 added x1 §x§F§F§3§E§0§0§lD§x§F§F§3§5§0§0§le§x§F§F§2§C§0§0§lm§x§F§F§2§3§0§0§lo§x§F§F§1§B§0§0§ln §x§F§F§0§9§0§0§lL§x§F§F§0§0§0§0§lo§x§F§F§0§A§0§0§lr§x§F§F§1§5§0§0§ld §x§F§F§2§9§0§0§lK§x§F§F§3§4§0§0§le§x§F§F§3§E§0§0§ly in auction for 300000.
[20:50:58] > Zypher_0w0 added x1 §x§F§F§3§E§0§0§lD§x§F§F§3§5§0§0§le§x§F§F§2§C§0§0§lm§x§F§F§2§3§0§0§lo§x§F§F§1§B§0§0§ln §x§F§F§0§9§0§0§lL§x§F§F§0§0§0§0§lo§x§F§F§0§A§0§0§lr§x§F§F§1§5§0§0§ld §x§F§F§2§9§0§0§lK§x§F§F§3§4§0§0§le§x§F§F§3§E§0§0§ly in auction for 300000.
[20:51:07] > TostyZura added x1 §x§F§F§5§5§0§0§lsᴇʟʟᴡᴀɴᴅ §6- 5.0x in auction for 300000.
[20:51:12] > grit_zy buy x1 §x§F§F§5§5§0§0§lsᴇʟʟᴡᴀɴᴅ §6- 5.0x to TostyZura for $300,000.
[20:51:12] > Zypher_0w0 added x1 §x§F§F§3§E§0§0§lD§x§F§F§3§5§0§0§le§x§F§F§2§C§0§0§lm§x§F§F§2§3§0§0§lo§x§F§F§1§B§0§0§ln §x§F§F§0§9§0§0§lL§x§F§F§0§0§0§0§lo§x§F§F§0§A§0§0§lr§x§F§F§1§5§0§0§ld §x§F§F§2§9§0§0§lK§x§F§F§3§4§0§0§le§x§F§F§3§E§0§0§ly in auction for 300000.
[20:51:13] > P4LDOK added x1 §x§F§0§7§A§5§4§lZombie Apocalyptic Helmet in auction for 2000000.
[20:51:16] > HwanYo remove x1 §x§F§F§3§E§0§0§lSellwand Voucher from buy
[20:51:24] > Zypher_0w0 added x1 §x§F§F§3§E§0§0§lD§x§F§F§3§5§0§0§le§x§F§F§2§C§0§0§lm§x§F§F§2§3§0§0§lo§x§F§F§1§B§0§0§ln §x§F§F§0§9§0§0§lL§x§F§F§0§0§0§0§lo§x§F§F§0§A§0§0§lr§x§F§F§1§5§0§0§ld §x§F§F§2§9§0§0§lK§x§F§F§3§4§0§0§le§x§F§F§3§E§0§0§ly in auction for 300000.
[20:51:36] > lorxie added x1 §x§F§F§5§5§0§0§lsᴇʟʟᴡᴀɴᴅ §6- 5.0x in auction for 450000.
[20:51:39] > MochaFangs added x1 §x§F§F§5§5§0§0§lsᴇʟʟᴡᴀɴᴅ §6- 5.0x in auction for 300000.
[20:51:43] > BlackKnight buy x1 §x§F§F§5§5§0§0§lsᴇʟʟᴡᴀɴᴅ §6- 5.0x to MochaFangs for $300,000.
[20:52:20] > BlackKnight remove x1 §x§F§F§5§5§0§0§lsᴇʟʟᴡᴀɴᴅ §6- 5.0x form buy
[20:52:49] > celinesanrio added x1 §x§F§F§5§5§0§0§lsᴇʟʟᴡᴀɴᴅ §6- 20.0x in auction for 2000000.
[20:53:00] > celinesanrio added x1 §x§F§F§5§5§0§0§lsᴇʟʟᴡᴀɴᴅ §6- 10.0x in auction for 1000000.
[20:53:04] > celinesanrio remove x1 sᴇʟʟᴡᴀɴᴅ - 20.0x from storage
[20:53:05] > Zee_ buy x1 §f§l§x§F§C§D§0§5§CW§x§F§A§A§A§4§Bu§x§F§9§8§4§3§Bk§x§F§7§5§F§2§Ao§x§F§5§3§9§1§9n§x§F§4§1§3§0§8g §x§F§5§3§9§1§9S§x§F§7§5§F§2§At§x§F§9§8§4§3§Bi§x§F§A§A§A§4§Bc§x§F§C§D§0§5§Ck to Abbadex for $500,000.
[20:53:10] > Zee_ remove x1 §f§l§x§F§C§D§0§5§CW§x§F§A§A§A§4§Bu§x§F§9§8§4§3§Bk§x§F§7§5§F§2§Ao§x§F§5§3§9§1§9n§x§F§4§1§3§0§8g §x§F§5§3§9§1§9S§x§F§7§5§F§2§At§x§F§9§8§4§3§Bi§x§F§A§A§A§4§Bc§x§F§C§D§0§5§Ck from buy
[20:53:13] > celinesanrio added x1 sᴇʟʟᴡᴀɴᴅ - 20.0x in auction for 500000.
[20:53:22] > nnorv1 buy x1 §x§F§F§5§5§0§0§lsᴇʟʟᴡᴀɴᴅ §6- 10.0x to celinesanrio for $1,000,000.
[20:53:26] > MochaFangs buy x1 §f§l§x§F§C§D§0§5§CW§x§F§A§A§A§4§Bu§x§F§9§8§4§3§Bk§x§F§7§5§F§2§Ao§x§F§5§3§9§1§9n§x§F§4§1§3§0§8g §x§F§5§3§9§1§9S§x§F§7§5§F§2§At§x§F§9§8§4§3§Bi§x§F§A§A§A§4§Bc§x§F§C§D§0§5§Ck to Seris00 for $200,000.
[20:53:27] > nnorv1 remove x1 §x§F§F§5§5§0§0§lsᴇʟʟᴡᴀɴᴅ §6- 10.0x from buy
[20:53:31] > MochaFangs remove x1 §f§l§x§F§C§D§0§5§CW§x§F§A§A§A§4§Bu§x§F§9§8§4§3§Bk§x§F§7§5§F§2§Ao§x§F§5§3§9§1§9n§x§F§4§1§3§0§8g §x§F§5§3§9§1§9S§x§F§7§5§F§2§At§x§F§9§8§4§3§Bi§x§F§A§A§A§4§Bc§x§F§C§D§0§5§Ck from buy
[20:53:39] > celinesanrio remove x1 sᴇʟʟᴡᴀɴᴅ - 20.0x from storage
[20:53:59] > Abbadex added x1 sᴇʟʟᴡᴀɴᴅ - 20.0x in auction for 1000000.
[20:56:33] > grit_zy added x1 §x§F§F§3§E§0§0§lSellwand Voucher in auction for 1000000.
[20:56:40] > Lan3dy added x2 §x§5§C§C§F§F§C§lC§x§5§C§D§1§F§5§lo§x§5§D§D§4§E§E§ls§x§5§D§D§6§E§7§lm§x§5§E§D§9§E§1§le§x§5§E§D§B§D§A§lt§x§5§E§D§D§D§3§li§x§5§F§E§0§C§C§lc §x§5§F§E§0§C§C§lH§x§5§E§D§D§D§3§la§x§5§E§D§B§D§A§lt§x§5§E§D§9§E§1§ls §x§5§D§D§4§E§E§lK§x§5§C§D§1§F§5§le§x§5§C§C§F§F§C§ly in auction for 200000.
[20:56:43] > celinesanrio buy x1 §x§F§F§3§E§0§0§lSellwand Voucher to grit_zy for $1,000,000.
[20:56:47] > celinesanrio remove x1 §x§F§F§3§E§0§0§lSellwand Voucher form buy
[20:57:07] > celinesanrio added x1 §x§F§F§5§5§0§0§lsᴇʟʟᴡᴀɴᴅ §6- 20.0x in auction for 2000000.
[20:57:15] > Takeremu added x1 §fFlower Hat in auction for 100000.
[20:57:22] > tyrunknown added x1 §x§F§0§7§A§5§4§lZombie Apocalyptic Big Sword in auction for 150000.
[20:57:28] > Takeremu added x1 §2Cauldron Hat in auction for 100000.
[20:57:51] > Unforce01 added x1 §2Franck in auction for 50000.
[20:57:57] > HwanYo added x1 §esᴘɪᴅᴇʀ sᴘᴀᴡɴᴇʀ in auction for 200000.
[20:57:58] > lorxie added x1 §x§F§F§3§E§0§0§lSellwand Voucher in auction for 1000000.
[20:58:23] > celinesanrio added x6 §x§F§2§C§6§D§E§lP§x§E§0§C§A§D§B§li§x§C§D§C§D§D§8§ln§x§B§B§D§1§D§5§la§x§A§9§D§4§D§2§lt§x§9§6§D§8§C§E§la §x§7§1§D§F§C§8§lC§x§5§F§E§2§C§5§lr§x§7§4§D§E§C§9§la§x§8§9§D§A§C§C§lt§x§9§E§D§6§D§0§le §x§C§8§C§E§D§7§lK§x§D§D§C§A§D§A§le§x§F§2§C§6§D§E§ly in auction for 1200000.
[20:58:27] > grit_zy added x1 §f§l§x§8§A§0§0§F§FS§x§9§C§0§0§D§5h§x§A§D§0§0§A§Ai§x§B§F§0§0§8§0n§x§D§0§0§0§5§5e§x§E§2§0§0§2§B §x§F§3§0§0§0§0O§x§E§2§0§0§2§An§x§D§0§0§0§5§5i§x§B§F§0§0§8§0 §x§A§D§0§0§A§AK§x§9§C§0§0§D§5e§x§8§A§0§0§F§Fy in auction for 4000000.
[20:58:51] > HwanYo buy x1 §x§F§F§3§E§0§0§lSellwand Voucher to lorxie for $1,000,000.
[20:58:55] > HwanYo buy x6 §x§F§2§C§6§D§E§lP§x§E§0§C§A§D§B§li§x§C§D§C§D§D§8§ln§x§B§B§D§1§D§5§la§x§A§9§D§4§D§2§lt§x§9§6§D§8§C§E§la §x§7§1§D§F§C§8§lC§x§5§F§E§2§C§5§lr§x§7§4§D§E§C§9§la§x§8§9§D§A§C§C§lt§x§9§E§D§6§D§0§le §x§C§8§C§E§D§7§lK§x§D§D§C§A§D§A§le§x§F§2§C§6§D§E§ly to celinesanrio for $1,200,000.
[20:59:00] > .Kenmbu added x1 §x§F§F§3§E§0§0§lSellwand Voucher in auction for 3000000.
[20:59:02] > koshie added x1 §x§E§E§0§0§0§0§lᴜɴʟɪᴍɪᴛᴇᴅ sᴇʟʟᴡᴀɴᴅ in auction for 500000.
[20:59:05] > Abbadex added x1 §x§F§F§3§E§0§0§lD§x§F§F§3§7§0§0§le§x§F§F§3§0§0§0§lm§x§F§F§2§9§0§0§lo§x§F§F§2§2§0§0§ln §x§F§F§1§5§0§0§lL§x§F§F§0§E§0§0§lo§x§F§F§0§7§0§0§lr§x§F§F§0§0§0§0§ld §x§F§F§0§E§0§0§lF§x§F§F§1§5§0§0§lr§x§F§F§1§C§0§0§la§x§F§F§2§2§0§0§lg§x§F§F§2§9§0§0§lm§x§F§F§3§0§0§0§le§x§F§F§3§7§0§0§ln§x§F§F§3§E§0§0§lt in auction for 150000.
[20:59:15] > nnorv1 buy x1 §x§F§F§3§E§0§0§lD§x§F§F§3§7§0§0§le§x§F§F§3§0§0§0§lm§x§F§F§2§9§0§0§lo§x§F§F§2§2§0§0§ln §x§F§F§1§5§0§0§lL§x§F§F§0§E§0§0§lo§x§F§F§0§7§0§0§lr§x§F§F§0§0§0§0§ld §x§F§F§0§E§0§0§lF§x§F§F§1§5§0§0§lr§x§F§F§1§C§0§0§la§x§F§F§2§2§0§0§lg§x§F§F§2§9§0§0§lm§x§F§F§3§0§0§0§le§x§F§F§3§7§0§0§ln§x§F§F§3§E§0§0§lt to Abbadex for $150,000.
[20:59:28] > nnorv1 remove x1 §x§F§F§3§E§0§0§lD§x§F§F§3§7§0§0§le§x§F§F§3§0§0§0§lm§x§F§F§2§9§0§0§lo§x§F§F§2§2§0§0§ln §x§F§F§1§5§0§0§lL§x§F§F§0§E§0§0§lo§x§F§F§0§7§0§0§lr§x§F§F§0§0§0§0§ld §x§F§F§0§E§0§0§lF§x§F§F§1§5§0§0§lr§x§F§F§1§C§0§0§la§x§F§F§2§2§0§0§lg§x§F§F§2§9§0§0§lm§x§F§F§3§0§0§0§le§x§F§F§3§7§0§0§ln§x§F§F§3§E§0§0§lt from buy
[20:59:39] > HwanYo remove x6 §x§F§2§C§6§D§E§lP§x§E§0§C§A§D§B§li§x§C§D§C§D§D§8§ln§x§B§B§D§1§D§5§la§x§A§9§D§4§D§2§lt§x§9§6§D§8§C§E§la §x§7§1§D§F§C§8§lC§x§5§F§E§2§C§5§lr§x§7§4§D§E§C§9§la§x§8§9§D§A§C§C§lt§x§9§E§D§6§D§0§le §x§C§8§C§E§D§7§lK§x§D§D§C§A§D§A§le§x§F§2§C§6§D§E§ly from buy
[20:59:40] > HwanYo remove x1 §x§F§F§3§E§0§0§lSellwand Voucher from buy
[21:00:12] > HwanYo added x64 Experience bottle in auction for 250000.
[21:00:25] > HwanYo added x64 Experience bottle in auction for 250000.
[21:00:35] > HwanYo added x64 Experience bottle in auction for 250000.
[21:00:36] > HPMR_GaMerz buy x1 §esᴘɪᴅᴇʀ sᴘᴀᴡɴᴇʀ to HwanYo for $200,000.
[21:00:41] > grit_zy remove x1 §f§l§x§8§A§0§0§F§FS§x§9§C§0§0§D§5h§x§A§D§0§0§A§Ai§x§B§F§0§0§8§0n§x§D§0§0§0§5§5e§x§E§2§0§0§2§B §x§F§3§0§0§0§0O§x§E§2§0§0§2§An§x§D§0§0§0§5§5i§x§B§F§0§0§8§0 §x§A§D§0§0§A§AK§x§9§C§0§0§D§5e§x§8§A§0§0§F§Fy from storage
[21:00:52] > HwanYo added x64 Experience bottle in auction for 250000.
[21:01:03] > king_ARK buy x1 sᴇʟʟᴡᴀɴᴅ - 20.0x to Abbadex for $1,000,000.
[21:01:56] > grit_zy added x1 §x§F§F§3§E§0§0§lSellwand Voucher in auction for 1000000.
[21:02:27] > Sanchay added x1 §eᴡɪᴛᴄʜ ꜱᴘᴀᴡɴᴇʀ in auction for 1000000.
[21:02:34] > Zypher_0w0 buy x1 §eᴡɪᴛᴄʜ ꜱᴘᴀᴡɴᴇʀ to Sanchay for $1,000,000.
[21:02:42] > Zypher_0w0 remove x1 §eᴡɪᴛᴄʜ ꜱᴘᴀᴡɴᴇʀ from buy
[21:02:50] > celinesanrio remove x1 §x§F§F§5§5§0§0§lsᴇʟʟᴡᴀɴᴅ §6- 20.0x from storage
[21:02:51] > celinesanrio remove x1 §x§F§F§5§5§0§0§lsᴇʟʟᴡᴀɴᴅ §6- 20.0x from storage
[21:02:57] > celinesanrio added x1 §x§F§F§5§5§0§0§lsᴇʟʟᴡᴀɴᴅ §6- 20.0x in auction for 1900000.
[21:03:04] > Zypher_0w0 buy x1 §x§F§F§5§5§0§0§lsᴇʟʟᴡᴀɴᴅ §6- 20.0x to celinesanrio for $1,900,000.
[21:03:08] > celinesanrio added x1 §x§F§F§5§5§0§0§lsᴇʟʟᴡᴀɴᴅ §6- 20.0x in auction for 1900000.
[21:03:11] > Zypher_0w0 buy x1 §x§F§F§5§5§0§0§lsᴇʟʟᴡᴀɴᴅ §6- 20.0x to celinesanrio for $1,900,000.
[21:03:13] > HPMR_GaMerz remove x1 §fGhost Hat from buy
[21:03:16] > HPMR_GaMerz remove x1 §fRaining Cloud Hat from buy
[21:03:17] > Sanchay added x1 §eᴡɪᴛᴄʜ ꜱᴘᴀᴡɴᴇʀ in auction for 2000000.
[21:03:17] > HPMR_GaMerz remove x1 §fSun Hat from buy
[21:03:19] > Zypher_0w0 buy x1 §eᴡɪᴛᴄʜ ꜱᴘᴀᴡɴᴇʀ to Sanchay for $2,000,000.
[21:03:19] > HPMR_GaMerz remove x1 §fAdventure Hat from buy
[21:03:20] > HPMR_GaMerz remove x1 §eMummy Hat from buy
[21:03:21] > HPMR_GaMerz remove x1 §fHorns from buy
[21:03:22] > HPMR_GaMerz remove x1 §eMummy Hat from buy
[21:03:23] > HPMR_GaMerz remove x1 §fMushroom Hat from buy
[21:03:24] > HPMR_GaMerz remove x1 §fWitch Hat from buy
[21:03:29] > HwanYo added x1 §eᴄʜɪᴄᴋᴇɴ sᴘᴀᴡɴᴇʀ in auction for 50000.
[21:03:29] > HPMR_GaMerz remove x1 §fAdventure Hat from buy
[21:03:30] > HPMR_GaMerz remove x1 §aCthulhu from buy
[21:03:31] > HPMR_GaMerz remove x1 §fFlower Hat from buy
[21:03:31] > HPMR_GaMerz remove x1 §2Franck from buy
[21:03:32] > HPMR_GaMerz remove x1 §f§x§F§9§A§2§0§DP§x§F§2§9§E§0§Du§x§E§B§9§9§0§Dm§x§E§3§9§5§0§Dp§x§D§C§9§0§0§Dk§x§D§5§8§C§0§Di§x§C§E§8§7§0§Dn§x§C§7§8§3§0§D §x§B§F§7§E§0§DH§x§B§8§7§A§0§Da§x§B§1§7§5§0§Dt from buy
[21:03:33] > HPMR_GaMerz remove x1 §eMummy Hat from buy
[21:03:34] > HPMR_GaMerz remove x1 §7Cemetery Hat from buy
[21:03:49] > HPMR_GaMerz remove x1 §fGhost Hat from buy
[21:03:49] > HPMR_GaMerz remove x1 §f§x§6§B§2§C§C§6G§x§7§0§3§2§C§Ca§x§7§5§3§8§D§2l§x§7§A§3§E§D§8a§x§7§F§4§4§D§Ex§x§8§4§4§9§E§5y§x§8§9§4§F§E§B §x§8§E§5§5§F§1H§x§9§3§5§B§F§7a§x§9§8§6§1§F§Dt from buy
[21:03:50] > HPMR_GaMerz remove x1 §2Cauldron Hat from buy
[21:03:52] > HPMR_GaMerz remove x1 §fMysterious Hat from buy
[21:03:54] > HPMR_GaMerz remove x1 §fSun Hat from buy
[21:03:56] > celinesanrio added x9 §eᴡɪᴛᴄʜ ꜱᴘᴀᴡɴᴇʀ in auction for 13500000.
[21:04:01] > Zypher_0w0 buy x9 §eᴡɪᴛᴄʜ ꜱᴘᴀᴡɴᴇʀ to celinesanrio for $13,500,000.
[21:04:27] > Akiesha buy x1 §f§l§x§F§C§D§0§5§CW§x§F§B§B§6§5§1u§x§F§A§9§C§4§5k§x§F§9§8§2§3§Ao§x§F§8§6§8§2§En§x§F§6§4§E§2§3g§x§F§5§3§4§1§7 §x§F§4§1§A§0§CG§x§F§3§0§0§0§0r§x§F§4§1§A§0§Ce§x§F§5§3§4§1§7a§x§F§6§4§E§2§3t§x§F§8§6§8§2§Es§x§F§9§8§2§3§Aw§x§F§A§9§C§4§5o§x§F§B§B§6§5§1r§x§F§C§D§0§5§Cd to mae for $60,000.
[21:04:49] > HwanYo added x3 §x§5§C§C§F§F§C§lC§x§5§C§D§1§F§5§lo§x§5§D§D§4§E§E§ls§x§5§D§D§6§E§7§lm§x§5§E§D§9§E§1§le§x§5§E§D§B§D§A§lt§x§5§E§D§D§D§3§li§x§5§F§E§0§C§C§lc §x§5§F§E§0§C§C§lH§x§5§E§D§D§D§3§la§x§5§E§D§B§D§A§lt§x§5§E§D§9§E§1§ls §x§5§D§D§4§E§E§lK§x§5§C§D§1§F§5§le§x§5§C§C§F§F§C§ly in auction for 50000.
[21:04:50] > Akiesha remove x1 §f§l§x§F§C§D§0§5§CW§x§F§B§B§6§5§1u§x§F§A§9§C§4§5k§x§F§9§8§2§3§Ao§x§F§8§6§8§2§En§x§F§6§4§E§2§3g§x§F§5§3§4§1§7 §x§F§4§1§A§0§CG§x§F§3§0§0§0§0r§x§F§4§1§A§0§Ce§x§F§5§3§4§1§7a§x§F§6§4§E§2§3t§x§F§8§6§8§2§Es§x§F§9§8§2§3§Aw§x§F§A§9§C§4§5o§x§F§B§B§6§5§1r§x§F§C§D§0§5§Cd from buy
[21:04:55] > Unforce01 remove x1 §2Franck from storage
[21:05:01] > HPMR_GaMerz buy x3 §x§5§C§C§F§F§C§lC§x§5§C§D§1§F§5§lo§x§5§D§D§4§E§E§ls§x§5§D§D§6§E§7§lm§x§5§E§D§9§E§1§le§x§5§E§D§B§D§A§lt§x§5§E§D§D§D§3§li§x§5§F§E§0§C§C§lc §x§5§F§E§0§C§C§lH§x§5§E§D§D§D§3§la§x§5§E§D§B§D§A§lt§x§5§E§D§9§E§1§ls §x§5§D§D§4§E§E§lK§x§5§C§D§1§F§5§le§x§5§C§C§F§F§C§ly to HwanYo for $50,000.
[21:05:04] > Unforce01 added x1 §2Franck in auction for 10000.
[21:05:07] > HPMR_GaMerz buy x1 §2Franck to Unforce01 for $10,000.
[21:05:13] > HPMR_GaMerz buy x1 §eᴄʜɪᴄᴋᴇɴ sᴘᴀᴡɴᴇʀ to HwanYo for $50,000.
[21:05:31] > celinesanrio added x10 §eɪʀᴏɴ ɢᴏʟᴇᴍ sᴘᴀᴡɴᴇʀ in auction for 12000000.
[21:06:18] > HPMR_GaMerz remove x1 §2Franck from buy
[21:06:19] > Kanzie20 buy x1 §fFlower Hat to Takeremu for $100,000.
[21:06:30] > Kanzie20 remove x1 §fFlower Hat from buy
[21:06:31] > HwanYo buy x1 §x§F§F§3§E§0§0§lSellwand Voucher to grit_zy for $1,000,000.
[21:06:35] > HwanYo remove x1 §x§F§F§3§E§0§0§lSellwand Voucher from buy
[21:06:37] > celinesanrio remove x1 §f§l§x§F§C§D§0§5§CW§x§F§A§A§A§4§Bu§x§F§9§8§4§3§Bk§x§F§7§5§F§2§Ao§x§F§5§3§9§1§9n§x§F§4§1§3§0§8g §x§F§5§3§9§1§9S§x§F§7§5§F§2§Ap§x§F§9§8§4§3§Be§x§F§A§A§A§4§Ba§x§F§C§D§0§5§Cr form storage
[21:06:37] > celinesanrio remove x1 §f§l§x§F§A§0§0§0§AD§x§F§A§1§C§1§5a§x§F§B§3§7§2§0r§x§F§B§5§3§2§Bk§x§F§B§6§F§3§6f§x§F§B§8§B§4§1l§x§F§C§A§6§4§Ca§x§F§C§C§2§5§7me§x§F§C§A§6§4§C §x§F§B§8§B§4§1S§x§F§B§6§F§3§6h§x§F§B§5§3§2§Bo§x§F§B§3§7§2§0v§x§F§A§1§C§1§5e§x§F§A§0§0§0§Al form storage
[21:06:37] > celinesanrio remove x1 §f§l§x§F§A§0§0§0§AD§x§F§A§1§C§1§5a§x§F§B§3§7§2§0r§x§F§B§5§3§2§Bk§x§F§B§6§F§3§6f§x§F§B§8§B§4§1l§x§F§C§A§6§4§Ca§x§F§C§C§2§5§7me§x§F§C§A§6§4§C §x§F§B§8§B§4§1S§x§F§B§6§F§3§6h§x§F§B§5§3§2§Bo§x§F§B§3§7§2§0v§x§F§A§1§C§1§5e§x§F§A§0§0§0§Al form storage
[21:06:37] > celinesanrio remove x1 §x§E§5§1§B§1§B§lDracula Halberd form storage
[21:06:37] > celinesanrio remove x1 §f§l§x§F§A§0§0§0§AD§x§F§A§1§C§1§5a§x§F§B§3§7§2§0r§x§F§B§5§3§2§Bk§x§F§B§6§F§3§6f§x§F§B§8§B§4§1l§x§F§C§A§6§4§Ca§x§F§C§C§2§5§7me§x§F§C§A§6§4§C §x§F§B§8§B§4§1S§x§F§B§6§F§3§6h§x§F§B§5§3§2§Bo§x§F§B§3§7§2§0v§x§F§A§1§C§1§5e§x§F§A§0§0§0§Al form storage
[21:06:37] > celinesanrio remove x1 §f§l§x§F§A§0§0§0§AD§x§F§A§1§5§1§2a§x§F§A§2§A§1§Ar§x§F§B§3§E§2§3k§x§F§B§5§3§2§Bf§x§F§B§6§8§3§3l§x§F§B§7§D§3§Ba§x§F§B§9§2§4§3m§x§F§C§A§6§4§Ce§x§F§C§B§B§5§4 §x§F§C§D§0§5§CF§x§F§C§B§B§5§4i§x§F§C§A§6§4§Cs§x§F§B§9§2§4§3h§x§F§B§7§D§3§Bi§x§F§B§6§8§3§3n§x§F§B§5§3§2§Bg§x§F§B§3§E§2§3 §x§F§A§2§A§1§AR§x§F§A§1§5§1§2o§x§F§A§0§0§0§Ad form storage
[21:06:37] > celinesanrio remove x10 §eɪʀᴏɴ ɢᴏʟᴇᴍ sᴘᴀᴡɴᴇʀ form storage
[21:06:42] > celinesanrio added x1 §x§E§5§1§B§1§B§lDracula Halberd in auction for 10000.
[21:06:50] > HPMR_GaMerz buy x1 §x§E§5§1§B§1§B§lDracula Halberd to celinesanrio for $10,000.
[21:06:56] > celinesanrio added x1 §f§l§x§F§C§D§0§5§CW§x§F§A§A§A§4§Bu§x§F§9§8§4§3§Bk§x§F§7§5§F§2§Ao§x§F§5§3§9§1§9n§x§F§4§1§3§0§8g §x§F§5§3§9§1§9S§x§F§7§5§F§2§Ap§x§F§9§8§4§3§Be§x§F§A§A§A§4§Ba§x§F§C§D§0§5§Cr in auction for 200000.
[21:07:02] > HwanYo added x1 §x§F§F§5§5§0§0§lsᴇʟʟᴡᴀɴᴅ §6- 20.0x in auction for 5000000.
[21:07:07] > celinesanrio added x1 §f§l§x§F§A§0§0§0§AD§x§F§A§1§C§1§5a§x§F§B§3§7§2§0r§x§F§B§5§3§2§Bk§x§F§B§6§F§3§6f§x§F§B§8§B§4§1l§x§F§C§A§6§4§Ca§x§F§C§C§2§5§7me§x§F§C§A§6§4§C §x§F§B§8§B§4§1S§x§F§B§6§F§3§6h§x§F§B§5§3§2§Bo§x§F§B§3§7§2§0v§x§F§A§1§C§1§5e§x§F§A§0§0§0§Al in auction for 500000.
[21:07:25] > celinesanrio added x1 §f§l§x§F§A§0§0§0§AD§x§F§A§1§C§1§5a§x§F§B§3§7§2§0r§x§F§B§5§3§2§Bk§x§F§B§6§F§3§6f§x§F§B§8§B§4§1l§x§F§C§A§6§4§Ca§x§F§C§C§2§5§7me§x§F§C§A§6§4§C §x§F§B§8§B§4§1S§x§F§B§6§F§3§6h§x§F§B§5§3§2§Bo§x§F§B§3§7§2§0v§x§F§A§1§C§1§5e§x§F§A§0§0§0§Al in auction for 500000.
[21:07:38] > celinesanrio added x1 §f§l§x§F§A§0§0§0§AD§x§F§A§1§C§1§5a§x§F§B§3§7§2§0r§x§F§B§5§3§2§Bk§x§F§B§6§F§3§6f§x§F§B§8§B§4§1l§x§F§C§A§6§4§Ca§x§F§C§C§2§5§7me§x§F§C§A§6§4§C §x§F§B§8§B§4§1S§x§F§B§6§F§3§6h§x§F§B§5§3§2§Bo§x§F§B§3§7§2§0v§x§F§A§1§C§1§5e§x§F§A§0§0§0§Al in auction for 500000.
[21:07:38] > HPMR_GaMerz remove x64 Experience bottle from buy
[21:07:39] > HPMR_GaMerz remove x64 Experience bottle from buy
[21:07:39] > HPMR_GaMerz remove x64 Experience bottle from buy
[21:07:40] > HPMR_GaMerz remove x64 Experience bottle from buy
[21:07:40] > HPMR_GaMerz remove x64 Experience bottle from buy
[21:07:41] > HPMR_GaMerz remove x64 Experience bottle from buy
[21:07:41] > HPMR_GaMerz remove x64 Experience bottle from buy
[21:07:42] > HPMR_GaMerz remove x64 Experience bottle from buy
[21:07:42] > Zypher_0w0 remove x1 §eᴡɪᴛᴄʜ ꜱᴘᴀᴡɴᴇʀ form buy
[21:07:42] > Zypher_0w0 remove x1 §x§F§F§5§5§0§0§lsᴇʟʟᴡᴀɴᴅ §6- 20.0x form buy
[21:07:42] > Zypher_0w0 remove x9 §eᴡɪᴛᴄʜ ꜱᴘᴀᴡɴᴇʀ form buy
[21:07:42] > Zypher_0w0 remove x1 §x§F§F§5§5§0§0§lsᴇʟʟᴡᴀɴᴅ §6- 20.0x form buy
[21:07:42] > HPMR_GaMerz remove x64 Experience bottle from buy
[21:07:43] > HPMR_GaMerz remove x64 Experience bottle from buy
[21:07:44] > HPMR_GaMerz remove x64 Experience bottle from buy
[21:07:44] > HPMR_GaMerz remove x64 Experience bottle from buy
[21:07:45] > HPMR_GaMerz remove x64 Experience bottle from buy
[21:07:45] > HPMR_GaMerz remove x64 Experience bottle from buy
[21:07:55] > HPMR_GaMerz remove x2 Shulker shell from buy
[21:08:07] > celinesanrio added x1 §f§l§x§F§A§0§0§0§AD§x§F§A§1§5§1§2a§x§F§A§2§A§1§Ar§x§F§B§3§E§2§3k§x§F§B§5§3§2§Bf§x§F§B§6§8§3§3l§x§F§B§7§D§3§Ba§x§F§B§9§2§4§3m§x§F§C§A§6§4§Ce§x§F§C§B§B§5§4 §x§F§C§D§0§5§CF§x§F§C§B§B§5§4i§x§F§C§A§6§4§Cs§x§F§B§9§2§4§3h§x§F§B§7§D§3§Bi§x§F§B§6§8§3§3n§x§F§B§5§3§2§Bg§x§F§B§3§E§2§3 §x§F§A§2§A§1§AR§x§F§A§1§5§1§2o§x§F§A§0§0§0§Ad in auction for 450000.
[21:08:18] > celinesanrio added x12 Shulker shell in auction for 60000.
[21:08:27] > InternetCafeUser buy x12 Shulker shell to celinesanrio for $60,000.
[21:08:33] > celinesanrio remove x1 §f§l§x§F§C§D§0§5§CW§x§F§A§A§A§4§Bu§x§F§9§8§4§3§Bk§x§F§7§5§F§2§Ao§x§F§5§3§9§1§9n§x§F§4§1§3§0§8g §x§F§5§3§9§1§9S§x§F§7§5§F§2§Ap§x§F§9§8§4§3§Be§x§F§A§A§A§4§Ba§x§F§C§D§0§5§Cr from storage
[21:08:39] > celinesanrio added x1 §f§l§x§F§C§D§0§5§CW§x§F§A§A§A§4§Bu§x§F§9§8§4§3§Bk§x§F§7§5§F§2§Ao§x§F§5§3§9§1§9n§x§F§4§1§3§0§8g §x§F§5§3§9§1§9S§x§F§7§5§F§2§Ap§x§F§9§8§4§3§Be§x§F§A§A§A§4§Ba§x§F§C§D§0§5§Cr in auction for 90000.
[21:09:05] > HPMR_GaMerz remove x1 §x§E§E§0§0§0§0§lᴜɴʟɪᴍɪᴛᴇᴅ sᴇʟʟᴡᴀɴᴅ from buy
[21:09:06] > HPMR_GaMerz remove x1 §f§l§x§F§C§D§0§5§CW§x§F§B§A§D§4§Du§x§F§9§8§B§3§Dk§x§F§8§6§8§2§Eo§x§F§6§4§5§1§Fn§x§F§5§2§3§0§Fg§x§F§3§0§0§0§0 §x§F§5§2§3§0§FS§x§F§6§4§5§1§Fh§x§F§8§6§8§2§Eo§x§F§9§8§B§3§Dv§x§F§B§A§D§4§De§x§F§C§D§0§5§Cl from buy
[21:09:07] > HPMR_GaMerz remove x1 §x§F§F§3§E§0§0§lD§x§F§F§3§6§0§0§le§x§F§F§2§F§0§0§lm§x§F§F§2§7§0§0§lo§x§F§F§1§F§0§0§ln §x§F§F§1§0§0§0§lL§x§F§F§0§8§0§0§lo§x§F§F§0§0§0§0§lr§x§F§F§0§8§0§0§ld §x§F§F§1§7§0§0§lS§x§F§F§1§F§0§0§li§x§F§F§2§7§0§0§lc§x§F§F§2§F§0§0§lk§x§F§F§3§6§0§0§ll§x§F§F§3§E§0§0§le from buy
[21:09:08] > HPMR_GaMerz remove x1 §x§F§F§7§C§0§0§lSteamsparks Staff from buy
[21:09:09] > HPMR_GaMerz remove x1 §x§F§0§7§A§5§4§lZombie Apocalyptic Halberd from buy
[21:09:09] > HPMR_GaMerz remove x1 §x§F§F§7§C§0§0§lSteamsparks Halberd from buy
[21:09:14] > HPMR_GaMerz remove x1 §fShogun Staff from buy
[21:09:16] > HPMR_GaMerz remove x11 Diamond from buy
[21:09:17] > HPMR_GaMerz remove x22 Diamond from buy
[21:09:17] > HPMR_GaMerz remove x33 Diamond from buy
[21:09:20] > HPMR_GaMerz remove x64 Breeze rod from buy
[21:09:22] > HPMR_GaMerz remove x1 §f§l§x§F§C§D§0§5§CW§x§F§B§A§D§4§Du§x§F§9§8§B§3§Dk§x§F§8§6§8§2§Eo§x§F§6§4§5§1§Fn§x§F§5§2§3§0§Fg§x§F§3§0§0§0§0 §x§F§5§2§3§0§FH§x§F§6§4§5§1§Fe§x§F§8§6§8§2§El§x§F§9§8§B§3§Dm§x§F§B§A§D§4§De§x§F§C§D§0§5§Ct from buy
[21:09:23] > HPMR_GaMerz remove x1 §x§F§0§7§A§5§4§lZombie Apocalyptic Dagger from buy
[21:09:27] > HPMR_GaMerz remove x1 §x§F§F§7§C§0§0§lSteamsparks Fishing Rod from buy
[21:09:28] > HPMR_GaMerz remove x1 §x§F§F§7§C§0§0§lSteamsparks Helmet from buy
[21:10:33] > celinesanrio added x1 §f§l§x§8§A§0§0§F§FS§x§9§5§0§0§E§4h§x§A§0§0§0§C§9i§x§A§B§0§0§A§En§x§B§6§0§0§9§4e§x§C§1§0§0§7§9 §x§C§C§0§0§5§EO§x§D§7§0§0§4§3n§x§E§2§0§0§2§8i§x§E§D§0§0§0§D B§x§E§2§0§0§2§8a§x§D§7§0§0§4§3t§x§C§C§0§0§5§Et§x§C§1§0§0§7§9l§x§B§6§0§0§9§4e§x§A§B§0§0§A§E §x§A§0§0§0§C§9A§x§9§5§0§0§E§4x§x§8§A§0§0§F§Fe in auction for 10000000.
[21:10:42] > HPMR_GaMerz remove x1 §x§5§9§A§1§D§9§lA§x§7§5§B§1§D§Fr§x§9§0§C§0§E§6c§x§A§C§D§0§E§Ch§x§C§8§E§0§F§2a§x§E§3§E§F§F§9n§fg§x§E§3§E§F§F§9e§x§C§8§E§0§F§2l §x§9§0§C§0§E§6H§x§7§5§B§1§D§Fa§x§5§9§A§1§D§9t from buy
[21:10:45] > HPMR_GaMerz remove x1 §x§E§5§1§B§1§B§lDracula Leggings from buy
[21:10:45] > HPMR_GaMerz remove x1 §x§E§5§1§B§1§B§lDracula Leggings from buy
[21:10:47] > celinesanrio remove x1 §f§l§x§8§A§0§0§F§FS§x§9§5§0§0§E§4h§x§A§0§0§0§C§9i§x§A§B§0§0§A§En§x§B§6§0§0§9§4e§x§C§1§0§0§7§9 §x§C§C§0§0§5§EO§x§D§7§0§0§4§3n§x§E§2§0§0§2§8i§x§E§D§0§0§0§D B§x§E§2§0§0§2§8a§x§D§7§0§0§4§3t§x§C§C§0§0§5§Et§x§C§1§0§0§7§9l§x§B§6§0§0§9§4e§x§A§B§0§0§A§E §x§A§0§0§0§C§9A§x§9§5§0§0§E§4x§x§8§A§0§0§F§Fe from storage
[21:11:15] > imnectarfr remove x1 §f§l§x§8§A§0§0§F§FS§x§9§5§0§0§E§4h§x§A§0§0§0§C§9i§x§A§B§0§0§A§En§x§B§6§0§0§9§4e§x§C§1§0§0§7§9 §x§C§C§0§0§5§EO§x§D§7§0§0§4§3n§x§E§2§0§0§2§8i§x§E§D§0§0§0§D B§x§E§2§0§0§2§8a§x§D§7§0§0§4§3t§x§C§C§0§0§5§Et§x§C§1§0§0§7§9l§x§B§6§0§0§9§4e§x§A§B§0§0§A§E §x§A§0§0§0§C§9A§x§9§5§0§0§E§4x§x§8§A§0§0§F§Fe from storage
[21:11:25] > imnectarfr added x1 §f§l§x§8§A§0§0§F§FS§x§9§5§0§0§E§4h§x§A§0§0§0§C§9i§x§A§B§0§0§A§En§x§B§6§0§0§9§4e§x§C§1§0§0§7§9 §x§C§C§0§0§5§EO§x§D§7§0§0§4§3n§x§E§2§0§0§2§8i§x§E§D§0§0§0§D B§x§E§2§0§0§2§8a§x§D§7§0§0§4§3t§x§C§C§0§0§5§Et§x§C§1§0§0§7§9l§x§B§6§0§0§9§4e§x§A§B§0§0§A§E §x§A§0§0§0§C§9A§x§9§5§0§0§E§4x§x§8§A§0§0§F§Fe in auction for 5000000.
[21:11:25] > InternetCafeUser buy x64 Experience bottle to HwanYo for $250,000.
[21:11:29] > InternetCafeUser remove x4 §9§lCrab Claw form storage
[21:11:29] > InternetCafeUser remove x1 /pwarp go CheapPots! form storage
[21:11:29] > InternetCafeUser remove x4 §e§lCrab Scale form storage
[21:11:29] > InternetCafeUser remove x1 §f§l§x§F§C§D§0§5§CW§x§F§A§A§6§4§Au§x§F§8§7§D§3§7k§x§F§7§5§3§2§5o§x§F§5§2§A§1§2n§x§F§3§0§0§0§0g§x§F§5§2§A§1§2 §x§F§7§5§3§2§5C§x§F§8§7§D§3§7l§x§F§A§A§6§4§Au§x§F§C§D§0§5§Cb form storage
[21:11:44] > InternetCafeUser added x1 /pwarp go CheapPots! in auction for 1000000.
[21:12:02] > InternetCafeUser added x1 §f§l§x§F§C§D§0§5§CW§x§F§A§A§6§4§Au§x§F§8§7§D§3§7k§x§F§7§5§3§2§5o§x§F§5§2§A§1§2n§x§F§3§0§0§0§0g§x§F§5§2§A§1§2 §x§F§7§5§3§2§5C§x§F§8§7§D§3§7l§x§F§A§A§6§4§Au§x§F§C§D§0§5§Cb in auction for 400000.
[21:12:18] > king_ARK buy x1 §x§F§F§5§5§0§0§lsᴇʟʟᴡᴀɴᴅ §6- 5.0x to lorxie for $450,000.
[21:12:19] > InternetCafeUser remove x64 Experience bottle from buy
[21:12:23] > mymelody added x1 §f§l§x§F§A§0§0§0§AD§x§F§A§1§8§1§4a§x§F§A§3§1§1§Dr§x§F§B§4§9§2§7k§x§F§B§6§2§3§1f§x§F§B§7§A§3§Al§x§F§B§9§3§4§4a§x§F§C§A§B§4§Em§x§F§C§C§4§5§7e §x§F§C§A§B§4§EG§x§F§B§9§3§4§4a§x§F§B§7§A§3§Au§x§F§B§6§2§3§1n§x§F§B§4§9§2§7t§x§F§A§3§1§1§Dl§x§F§A§1§8§1§4e§x§F§A§0§0§0§At in auction for 90000000.
[21:12:25] > king_ARK remove x1 §x§F§F§5§5§0§0§lsᴇʟʟᴡᴀɴᴅ §6- 5.0x from buy
[21:12:32] > celinesanrio buy x1 §f§l§x§F§A§0§0§0§AD§x§F§A§1§8§1§4a§x§F§A§3§1§1§Dr§x§F§B§4§9§2§7k§x§F§B§6§2§3§1f§x§F§B§7§A§3§Al§x§F§B§9§3§4§4a§x§F§C§A§B§4§Em§x§F§C§C§4§5§7e §x§F§C§A§B§4§EG§x§F§B§9§3§4§4a§x§F§B§7§A§3§Au§x§F§B§6§2§3§1n§x§F§B§4§9§2§7t§x§F§A§3§1§1§Dl§x§F§A§1§8§1§4e§x§F§A§0§0§0§At to mymelody for $90,000,000.
[21:12:36] > celinesanrio remove x1 §f§l§x§F§A§0§0§0§AD§x§F§A§1§8§1§4a§x§F§A§3§1§1§Dr§x§F§B§4§9§2§7k§x§F§B§6§2§3§1f§x§F§B§7§A§3§Al§x§F§B§9§3§4§4a§x§F§C§A§B§4§Em§x§F§C§C§4§5§7e §x§F§C§A§B§4§EG§x§F§B§9§3§4§4a§x§F§B§7§A§3§Au§x§F§B§6§2§3§1n§x§F§B§4§9§2§7t§x§F§A§3§1§1§Dl§x§F§A§1§8§1§4e§x§F§A§0§0§0§At form buy
[21:12:48] > InternetCafeUser buy x64 Experience bottle to HwanYo for $250,000.
[21:12:51] > InternetCafeUser buy x64 Experience bottle to HwanYo for $250,000.
[21:12:56] > InternetCafeUser remove x64 Experience bottle from buy
[21:12:57] > InternetCafeUser remove x64 Experience bottle from buy
[21:14:52] > kysicx added x1 §f§l§x§F§C§D§0§5§CW§x§F§A§A§6§4§Au§x§F§8§7§D§3§7k§x§F§7§5§3§2§5o§x§F§5§2§A§1§2n§x§F§3§0§0§0§0g§x§F§5§2§A§1§2 §x§F§7§5§3§2§5C§x§F§8§7§D§3§7l§x§F§A§A§6§4§Au§x§F§C§D§0§5§Cb in auction for 150000.
[21:15:04] > giyahnpogi added x1 §f§l§8B§x§6§2§6§2§6§2a§x§6§F§6§F§6§Fh§x§7§C§7§C§7§Ca§x§8§9§8§9§8§9m§x§9§6§9§6§9§6u§x§A§3§A§3§A§3t §x§9§6§9§6§9§6H§x§8§9§8§9§8§9e§x§7§C§7§C§7§Cl§x§6§F§6§F§6§Fm§x§6§2§6§2§6§2e§8t in auction for 4000000.
[21:15:12] > Abbadex buy x1 §f§l§8B§x§6§2§6§2§6§2a§x§6§F§6§F§6§Fh§x§7§C§7§C§7§Ca§x§8§9§8§9§8§9m§x§9§6§9§6§9§6u§x§A§3§A§3§A§3t §x§9§6§9§6§9§6H§x§8§9§8§9§8§9e§x§7§C§7§C§7§Cl§x§6§F§6§F§6§Fm§x§6§2§6§2§6§2e§8t to giyahnpogi for $4,000,000.
[21:15:18] > Abbadex remove x1 §f§l§8B§x§6§2§6§2§6§2a§x§6§F§6§F§6§Fh§x§7§C§7§C§7§Ca§x§8§9§8§9§8§9m§x§9§6§9§6§9§6u§x§A§3§A§3§A§3t §x§9§6§9§6§9§6H§x§8§9§8§9§8§9e§x§7§C§7§C§7§Cl§x§6§F§6§F§6§Fm§x§6§2§6§2§6§2e§8t from buy
[21:15:36] > HPMR_GaMerz remove x1 §x§E§5§1§B§1§B§lDracula Halberd from buy
[21:15:37] > HPMR_GaMerz remove x1 §x§F§F§3§E§0§0§lD§x§F§F§3§6§0§0§le§x§F§F§2§F§0§0§lm§x§F§F§2§7§0§0§lo§x§F§F§1§F§0§0§ln §x§F§F§1§0§0§0§lL§x§F§F§0§8§0§0§lo§x§F§F§0§0§0§0§lr§x§F§F§0§9§0§0§ld §x§F§F§1§B§0§0§lS§x§F§F§2§3§0§0§lt§x§F§F§2§C§0§0§la§x§F§F§3§5§0§0§lf§x§F§F§3§E§0§0§lf from buy
[21:15:39] > HPMR_GaMerz remove x1 §x§E§5§1§B§1§B§lDracula Bow from buy
[21:18:46] > giyahnpogi remove x1 §f§l§8B§x§6§2§6§2§6§2a§x§6§F§6§F§6§Fh§x§7§C§7§C§7§Ca§x§8§9§8§9§8§9m§x§9§6§9§6§9§6u§x§A§3§A§3§A§3t §x§9§6§9§6§9§6H§x§8§9§8§9§8§9a§x§7§C§7§C§7§Cm§x§6§F§6§F§6§Fm§x§6§2§6§2§6§2e§8r from storage
[21:22:58] > Zypher_0w0 added x64 Glowstone in auction for 640.
[21:24:24] > kkyleeeeesa added x1 §esᴘɪᴅᴇʀ sᴘᴀᴡɴᴇʀ in auction for 300000.
[21:24:36] > HPMR_GaMerz buy x1 §esᴘɪᴅᴇʀ sᴘᴀᴡɴᴇʀ to kkyleeeeesa for $300,000.
[21:25:36] > Seris00 added x1 §x§F§F§3§E§0§0§lD§x§F§F§3§6§0§0§le§x§F§F§2§F§0§0§lm§x§F§F§2§7§0§0§lo§x§F§F§1§F§0§0§ln §x§F§F§1§0§0§0§lL§x§F§F§0§8§0§0§lo§x§F§F§0§0§0§0§lr§x§F§F§0§9§0§0§ld §x§F§F§1§B§0§0§lB§x§F§F§2§3§0§0§lo§x§F§F§2§C§0§0§lo§x§F§F§3§5§0§0§lt§x§F§F§3§E§0§0§ls in auction for 200000.
[21:25:44] > Akiesha buy x1 §x§F§F§7§C§0§0§lSteamsparks Sword to mae for $50,000.
[21:25:51] > Akiesha remove x1 §x§F§F§7§C§0§0§lSteamsparks Sword from buy
[21:26:45] > Kanzie20 buy x64 Glowstone to Zypher_0w0 for $640.
[21:27:28] > Kanzie20 buy x1 §x§F§F§3§E§0§0§lD§x§F§F§3§6§0§0§le§x§F§F§2§F§0§0§lm§x§F§F§2§7§0§0§lo§x§F§F§1§F§0§0§ln §x§F§F§1§0§0§0§lL§x§F§F§0§8§0§0§lo§x§F§F§0§0§0§0§lr§x§F§F§0§9§0§0§ld §x§F§F§1§B§0§0§lB§x§F§F§2§3§0§0§lo§x§F§F§2§C§0§0§lo§x§F§F§3§5§0§0§lt§x§F§F§3§E§0§0§ls to Seris00 for $200,000.
[21:27:38] > Kanzie20 remove x1 §x§F§F§3§E§0§0§lD§x§F§F§3§6§0§0§le§x§F§F§2§F§0§0§lm§x§F§F§2§7§0§0§lo§x§F§F§1§F§0§0§ln §x§F§F§1§0§0§0§lL§x§F§F§0§8§0§0§lo§x§F§F§0§0§0§0§lr§x§F§F§0§9§0§0§ld §x§F§F§1§B§0§0§lB§x§F§F§2§3§0§0§lo§x§F§F§2§C§0§0§lo§x§F§F§3§5§0§0§lt§x§F§F§3§E§0§0§ls from buy
[21:29:36] > kkyleeeeesa remove x1 §x§F§F§7§C§0§0§lSteamsparks Key from buy
[21:29:37] > kkyleeeeesa remove x1 §f§l§x§F§C§D§0§5§CW§x§F§A§A§6§4§Au§x§F§8§7§D§3§7k§x§F§7§5§3§2§5o§x§F§5§2§A§1§2n§x§F§3§0§0§0§0g§x§F§5§2§A§1§2 §x§F§7§5§3§2§5C§x§F§8§7§D§3§7l§x§F§A§A§6§4§Au§x§F§C§D§0§5§Cb from buy
[21:29:51] > kkyleeeeesa added x1 §x§F§F§7§C§0§0§lSteamsparks Key in auction for 200000.
[21:30:29] > Technoblad7869 added x1 Diamond chestplate in auction for 10000.
[21:33:56] > octopus_01 added x1 §f§l§x§F§A§0§0§0§AD§x§F§A§1§A§1§4a§x§F§B§3§4§1§Fr§x§F§B§4§E§2§9k§x§F§B§6§8§3§3f§x§F§B§8§2§3§Dl§x§F§C§9§C§4§8a§x§F§C§B§6§5§2m§x§F§C§D§0§5§Ce§x§F§C§D§0§5§C §x§F§C§B§6§5§2L§x§F§C§9§C§4§8e§x§F§B§8§2§3§Dg§x§F§B§6§8§3§3g§x§F§B§4§E§2§9i§x§F§B§3§4§1§Fn§x§F§A§1§A§1§4g§x§F§A§0§0§0§As in auction for 1000000.
[21:41:29] > imnectarfr remove x1 §f§l§x§F§C§D§0§5§CW§x§F§B§A§D§4§Du§x§F§9§8§B§3§Dk§x§F§8§6§8§2§Eo§x§F§6§4§5§1§Fn§x§F§5§2§3§0§Fg§x§F§3§0§0§0§0 §x§F§5§2§3§0§FS§x§F§6§4§5§1§Fh§x§F§8§6§8§2§Eo§x§F§9§8§B§3§Dv§x§F§B§A§D§4§De§x§F§C§D§0§5§Cl from storage
[21:41:40] > imnectarfr added x1 §f§l§x§F§A§0§0§0§AD§x§F§A§2§3§1§8a§x§F§B§4§5§2§5r§x§F§B§6§8§3§3k§x§F§B§8§B§4§1f§x§F§C§A§D§4§El§x§F§C§D§0§5§Ca§x§F§C§A§D§4§Em§x§F§B§8§B§4§1e§x§F§B§6§8§3§3 §x§F§B§4§5§2§5H§x§F§A§2§3§1§8a§x§F§A§0§0§0§At in auction for 6000000.
[21:42:37] > Abbadex added x1 §x§E§5§1§B§1§B§lDracula Chestplate in auction for 100000.
[21:50:19] > x1 Enchanted book, bought by leafsmh, has just expired, the item is definitively deleted.
[21:50:21] > InternetCafeUser remove x12 Shulker shell from buy
[21:52:30] > .Kenmbu remove x1 §x§F§F§3§E§0§0§lSellwand Voucher from storage
[21:56:30] > FRANZ_JOSEF0 added x1 Diamond chestplate in auction for 10.
[21:56:37] > Unforce01 added x1 §eᴡɪᴛᴄʜ ꜱᴘᴀᴡɴᴇʀ in auction for 975000.
[21:56:47] > Zypher_0w0 buy x1 §eᴡɪᴛᴄʜ ꜱᴘᴀᴡɴᴇʀ to Unforce01 for $975,000.
[21:58:48] > Unforce01 added x1 §eᴄʀᴇᴇᴘᴇʀ sᴘᴀᴡɴᴇʀ in auction for 600000.
[22:02:26] > kkyleeeeesa remove x1 §x§F§F§7§C§0§0§lSteamsparks Key from storage
[22:02:32] > kkyleeeeesa added x1 §x§F§F§7§C§0§0§lSteamsparks Key in auction for 100000.
[22:02:53] > .Demon_asta1590 buy x1 §x§F§F§7§C§0§0§lSteamsparks Key to kkyleeeeesa for $100,000.
[22:03:02] > .Demon_asta1590 buy x1 §x§F§F§3§E§0§0§lD§x§F§F§3§5§0§0§le§x§F§F§2§C§0§0§lm§x§F§F§2§3§0§0§lo§x§F§F§1§B§0§0§ln §x§F§F§0§9§0§0§lL§x§F§F§0§0§0§0§lo§x§F§F§0§A§0§0§lr§x§F§F§1§5§0§0§ld §x§F§F§2§9§0§0§lK§x§F§F§3§4§0§0§le§x§F§F§3§E§0§0§ly to Zypher_0w0 for $300,000.
[22:03:10] > .Demon_asta1590 buy x1 §x§F§F§3§E§0§0§lD§x§F§F§3§5§0§0§le§x§F§F§2§C§0§0§lm§x§F§F§2§3§0§0§lo§x§F§F§1§B§0§0§ln §x§F§F§0§9§0§0§lL§x§F§F§0§0§0§0§lo§x§F§F§0§A§0§0§lr§x§F§F§1§5§0§0§ld §x§F§F§2§9§0§0§lK§x§F§F§3§4§0§0§le§x§F§F§3§E§0§0§ly to Zypher_0w0 for $300,000.
[22:03:24] > .Demon_asta1590 buy x1 §x§F§F§3§E§0§0§lD§x§F§F§3§5§0§0§le§x§F§F§2§C§0§0§lm§x§F§F§2§3§0§0§lo§x§F§F§1§B§0§0§ln §x§F§F§0§9§0§0§lL§x§F§F§0§0§0§0§lo§x§F§F§0§A§0§0§lr§x§F§F§1§5§0§0§ld §x§F§F§2§9§0§0§lK§x§F§F§3§4§0§0§le§x§F§F§3§E§0§0§ly to Zypher_0w0 for $300,000.
[22:03:33] > .Demon_asta1590 buy x1 §x§F§F§3§E§0§0§lD§x§F§F§3§5§0§0§le§x§F§F§2§C§0§0§lm§x§F§F§2§3§0§0§lo§x§F§F§1§B§0§0§ln §x§F§F§0§9§0§0§lL§x§F§F§0§0§0§0§lo§x§F§F§0§A§0§0§lr§x§F§F§1§5§0§0§ld §x§F§F§2§9§0§0§lK§x§F§F§3§4§0§0§le§x§F§F§3§E§0§0§ly to Zypher_0w0 for $300,000.
[22:03:41] > x1 §x§E§5§1§B§1§B§lDracula Sword, bought by leafsmh, has just expired, the item is definitively deleted.
[22:03:44] > .Demon_asta1590 remove x1 §x§F§F§7§C§0§0§lSteamsparks Key form buy
[22:03:44] > .Demon_asta1590 remove x1 §x§F§F§3§E§0§0§lD§x§F§F§3§5§0§0§le§x§F§F§2§C§0§0§lm§x§F§F§2§3§0§0§lo§x§F§F§1§B§0§0§ln §x§F§F§0§9§0§0§lL§x§F§F§0§0§0§0§lo§x§F§F§0§A§0§0§lr§x§F§F§1§5§0§0§ld §x§F§F§2§9§0§0§lK§x§F§F§3§4§0§0§le§x§F§F§3§E§0§0§ly form buy
[22:03:44] > .Demon_asta1590 remove x1 §x§F§F§3§E§0§0§lD§x§F§F§3§5§0§0§le§x§F§F§2§C§0§0§lm§x§F§F§2§3§0§0§lo§x§F§F§1§B§0§0§ln §x§F§F§0§9§0§0§lL§x§F§F§0§0§0§0§lo§x§F§F§0§A§0§0§lr§x§F§F§1§5§0§0§ld §x§F§F§2§9§0§0§lK§x§F§F§3§4§0§0§le§x§F§F§3§E§0§0§ly form buy
[22:03:44] > .Demon_asta1590 remove x1 §x§F§F§3§E§0§0§lD§x§F§F§3§5§0§0§le§x§F§F§2§C§0§0§lm§x§F§F§2§3§0§0§lo§x§F§F§1§B§0§0§ln §x§F§F§0§9§0§0§lL§x§F§F§0§0§0§0§lo§x§F§F§0§A§0§0§lr§x§F§F§1§5§0§0§ld §x§F§F§2§9§0§0§lK§x§F§F§3§4§0§0§le§x§F§F§3§E§0§0§ly form buy
[22:03:44] > .Demon_asta1590 remove x1 §x§F§F§3§E§0§0§lD§x§F§F§3§5§0§0§le§x§F§F§2§C§0§0§lm§x§F§F§2§3§0§0§lo§x§F§F§1§B§0§0§ln §x§F§F§0§9§0§0§lL§x§F§F§0§0§0§0§lo§x§F§F§0§A§0§0§lr§x§F§F§1§5§0§0§ld §x§F§F§2§9§0§0§lK§x§F§F§3§4§0§0§le§x§F§F§3§E§0§0§ly form buy
[22:04:14] > KEITHTHEPRO added x1 THE SICKLE in auction for 1000000.
[22:04:48] > HwanYo buy x1 §eᴄʀᴇᴇᴘᴇʀ sᴘᴀᴡɴᴇʀ to Unforce01 for $600,000.
[22:06:23] > MrGh0st1y added x1 §x§E§5§1§B§1§B§lDracula Halberd in auction for 15000.
[22:06:37] > giyahnpogi buy x1 §x§E§5§1§B§1§B§lDracula Halberd to MrGh0st1y for $15,000.
[22:06:38] > x1 §x§F§0§7§A§5§4§lZombie Apocalyptic Sword, bought by koshie, has just expired, the item is definitively deleted.
[22:06:48] > koshie remove x1 §x§F§F§7§C§0§0§lSteamsparks Blade from buy
[22:06:49] > koshie remove x1 §x§F§F§7§C§0§0§lSteamsparks Wings from buy
[22:06:52] > giyahnpogi remove x1 §esᴋᴇʟᴇᴛᴏɴ sᴘᴀᴡɴᴇʀ from buy
[22:06:53] > giyahnpogi remove x1 §x§E§5§1§B§1§B§lDracula Halberd from buy
[22:06:53] > KEITHTHEPRO added x1 §f§l§8B§x§6§2§6§2§6§2a§x§6§F§6§F§6§Fh§x§7§C§7§C§7§Ca§x§8§9§8§9§8§9m§x§9§6§9§6§9§6u§x§A§3§A§3§A§3t §x§9§6§9§6§9§6S§x§8§9§8§9§8§9h§x§7§C§7§C§7§Co§x§6§F§6§F§6§Fv§x§6§2§6§2§6§2e§8l in auction for 600000.
[22:06:57] > koshie added x1 §x§F§F§7§C§0§0§lSteamsparks Blade in auction for 100000.
[22:08:19] > .Demon_asta1590 added x1 §x§F§F§3§E§0§0§lD§x§F§F§3§7§0§0§le§x§F§F§3§0§0§0§lm§x§F§F§2§9§0§0§lo§x§F§F§2§2§0§0§ln §x§F§F§1§5§0§0§lL§x§F§F§0§E§0§0§lo§x§F§F§0§7§0§0§lr§x§F§F§0§0§0§0§ld §x§F§F§0§E§0§0§lC§x§F§F§1§5§0§0§lr§x§F§F§1§C§0§0§lo§x§F§F§2§2§0§0§ls§x§F§F§2§9§0§0§ls§x§F§F§3§0§0§0§lb§x§F§F§3§7§0§0§lo§x§F§F§3§E§0§0§lw in auction for 500000.
[22:08:37] > .Demon_asta1590 added x2 §x§F§F§3§E§0§0§lD§x§F§F§3§7§0§0§le§x§F§F§3§0§0§0§lm§x§F§F§2§9§0§0§lo§x§F§F§2§2§0§0§ln §x§F§F§1§5§0§0§lL§x§F§F§0§E§0§0§lo§x§F§F§0§7§0§0§lr§x§F§F§0§0§0§0§ld §x§F§F§0§E§0§0§lF§x§F§F§1§5§0§0§lr§x§F§F§1§C§0§0§la§x§F§F§2§2§0§0§lg§x§F§F§2§9§0§0§lm§x§F§F§3§0§0§0§le§x§F§F§3§7§0§0§ln§x§F§F§3§E§0§0§lt in auction for 400000.
[22:09:04] > koshie remove x1 §x§F§F§3§E§0§0§lD§x§F§F§3§7§0§0§le§x§F§F§3§0§0§0§lm§x§F§F§2§9§0§0§lo§x§F§F§2§2§0§0§ln §x§F§F§1§5§0§0§lL§x§F§F§0§E§0§0§lo§x§F§F§0§7§0§0§lr§x§F§F§0§0§0§0§ld §x§F§F§0§E§0§0§lF§x§F§F§1§5§0§0§lr§x§F§F§1§C§0§0§la§x§F§F§2§2§0§0§lg§x§F§F§2§9§0§0§lm§x§F§F§3§0§0§0§le§x§F§F§3§7§0§0§ln§x§F§F§3§E§0§0§lt from buy
[22:09:26] > MrGh0st1y added x1 §f§l§8B§x§6§3§6§3§6§3a§x§7§1§7§1§7§1h§x§8§0§8§0§8§0a§x§8§E§8§E§8§Em§x§9§C§9§C§9§Cu§7t§x§9§C§9§C§9§C §x§8§E§8§E§8§ES§x§8§0§8§0§8§0w§x§7§1§7§1§7§1o§x§6§3§6§3§6§3r§8d in auction for 1500000.
[22:09:35] > kopo555 buy x1 §f§l§8B§x§6§3§6§3§6§3a§x§7§1§7§1§7§1h§x§8§0§8§0§8§0a§x§8§E§8§E§8§Em§x§9§C§9§C§9§Cu§7t§x§9§C§9§C§9§C §x§8§E§8§E§8§ES§x§8§0§8§0§8§0w§x§7§1§7§1§7§1o§x§6§3§6§3§6§3r§8d to MrGh0st1y for $1,500,000.
[22:10:09] > koshie remove x64 Iron block from buy
[22:10:41] > kopo555 added x1 §x§F§F§3§E§0§0§lDemon Lord Wings in auction for 1000000.
[22:10:48] > koshie buy x1 §x§F§F§3§E§0§0§lDemon Lord Wings to kopo555 for $1,000,000.
[22:10:57] > llhxnce added x1 §x§F§F§5§5§0§0§lsᴇʟʟᴡᴀɴᴅ §6- 5.0x in auction for 600000.
[22:11:36] > kopo555 remove x1 §f§l§8B§x§6§3§6§3§6§3a§x§7§1§7§1§7§1h§x§8§0§8§0§8§0a§x§8§E§8§E§8§Em§x§9§C§9§C§9§Cu§7t§x§9§C§9§C§9§C §x§8§E§8§E§8§ES§x§8§0§8§0§8§0w§x§7§1§7§1§7§1o§x§6§3§6§3§6§3r§8d from buy
[22:12:59] > kopo555 added x3 Buying Bahamut armor, msg me :3 in auction for 100000000.
[22:13:55] > kopo555 added x1 §x§E§5§1§B§1§B§lDracula Wings in auction for 1000000.
[22:15:06] > kopo555 added x1 §x§F§F§3§E§0§0§lD§x§F§F§3§5§0§0§le§x§F§F§2§C§0§0§lm§x§F§F§2§3§0§0§lo§x§F§F§1§B§0§0§ln §x§F§F§0§9§0§0§lL§x§F§F§0§0§0§0§lo§x§F§F§0§A§0§0§lr§x§F§F§1§5§0§0§ld §x§F§F§2§9§0§0§lB§x§F§F§3§4§0§0§lo§x§F§F§3§E§0§0§lw in auction for 500000.
[22:16:38] > Technoblad7869 buy x1 §x§E§5§1§B§1§B§lDracula Chestplate to Abbadex for $100,000.
[22:16:44] > Technoblad7869 remove x1 §x§E§5§1§B§1§B§lDracula Chestplate from buy
[22:17:08] > koshie remove x1 §x§F§F§5§5§0§0§lsᴇʟʟᴡᴀɴᴅ §6- 5.0x from buy
[22:17:10] > koshie remove x1 §x§F§F§3§E§0§0§lDemon Lord Wings from buy
[22:17:28] > kopo555 added x1 §x§5§9§A§1§D§9§lA§x§7§5§B§1§D§Fr§x§9§0§C§0§E§6c§x§A§C§D§0§E§Ch§x§C§8§E§0§F§2a§x§E§3§E§F§F§9n§fg§x§E§3§E§F§F§9e§x§C§8§E§0§F§2l §x§9§0§C§0§E§6H§x§7§5§B§1§D§Fa§x§5§9§A§1§D§9t in auction for 1000000.
[22:17:55] > SydneySweetie added x1 §f§l§x§F§C§D§0§5§CW§x§F§A§A§2§4§8u§x§F§8§7§4§3§3k§x§F§6§4§5§1§Fo§x§F§4§1§7§0§Ang§x§F§6§4§5§1§F §x§F§8§7§4§3§3A§x§F§A§A§2§4§8x§x§F§C§D§0§5§Ce in auction for 150000.
[22:18:16] > SydneySweetie added x1 §x§F§F§7§C§0§0§lSteamsparks Shield in auction for 150000.
[22:18:34] > SydneySweetie added x1 §x§F§F§3§E§0§0§lD§x§F§F§3§7§0§0§le§x§F§F§3§0§0§0§lm§x§F§F§2§9§0§0§lo§x§F§F§2§2§0§0§ln §x§F§F§1§5§0§0§lL§x§F§F§0§E§0§0§lo§x§F§F§0§7§0§0§lr§x§F§F§0§0§0§0§ld §x§F§F§0§E§0§0§lC§x§F§F§1§5§0§0§lr§x§F§F§1§C§0§0§lo§x§F§F§2§2§0§0§ls§x§F§F§2§9§0§0§ls§x§F§F§3§0§0§0§lb§x§F§F§3§7§0§0§lo§x§F§F§3§E§0§0§lw in auction for 150000.
[22:18:50] > llhxnce remove x1 §x§F§F§5§5§0§0§lsᴇʟʟᴡᴀɴᴅ §6- 5.0x from storage
[22:18:53] > x1 §x§F§0§7§A§5§4§lZombie Apocalyptic Hoe, item of CeeJaiye, has just expired, the item is definitively deleted.
[22:18:53] > x1 §2Franck, item of Kwienn, has just expired, the item is definitively deleted.
[22:18:53] > x1 §x§F§F§7§C§0§0§lSteamsparks Sword, item of CeeJaiye, has just expired, the item is definitively deleted.
[22:18:53] > x1 §x§F§0§7§A§5§4§lZombie Apocalyptic Chestplate, item of Yumi, has just expired, the item is definitively deleted.
[22:18:53] > x2 §x§F§0§7§A§5§4§lZombie Apocalyptic Key, item of Drpeckles, has just expired, the item is definitively deleted.
[22:18:53] > x1 §x§F§F§7§C§0§0§lSteamsparks Chestplate, item of Drpeckles, has just expired, the item is definitively deleted.
[22:18:53] > x1 §x§F§0§7§A§5§4§lZombie Apocalyptic SMG, item of Yumi, has just expired, the item is definitively deleted.
[22:18:54] > llhxnce remove x1 §x§F§F§5§5§0§0§lsᴇʟʟᴡᴀɴᴅ §6- 5.0x from expire
[22:19:05] > SydneySweetie added x1 §x§F§F§3§E§0§0§lD§x§F§F§3§6§0§0§le§x§F§F§2§F§0§0§lm§x§F§F§2§7§0§0§lo§x§F§F§1§F§0§0§ln §x§F§F§1§0§0§0§lL§x§F§F§0§8§0§0§lo§x§F§F§0§0§0§0§lr§x§F§F§0§8§0§0§ld §x§F§F§1§7§0§0§lS§x§F§F§1§F§0§0§li§x§F§F§2§7§0§0§lc§x§F§F§2§F§0§0§lk§x§F§F§3§6§0§0§ll§x§F§F§3§E§0§0§le in auction for 150000.
[22:20:10] > SydneySweetie added x1 §x§E§5§1§B§1§B§lDracula Helmet in auction for 75000.
[22:23:37] > Technoblad7869 buy x1 §x§E§5§1§B§1§B§lDracula Helmet to SydneySweetie for $75,000.
[22:23:45] > Technoblad7869 remove x1 §x§E§5§1§B§1§B§lDracula Helmet from buy
[22:24:51] > SydneySweetie remove x1 §x§F§F§3§E§0§0§lD§x§F§F§3§5§0§0§le§x§F§F§2§C§0§0§lm§x§F§F§2§3§0§0§lo§x§F§F§1§B§0§0§ln §x§F§F§0§9§0§0§lL§x§F§F§0§0§0§0§lo§x§F§F§0§A§0§0§lr§x§F§F§1§5§0§0§ld §x§F§F§2§9§0§0§lH§x§F§F§3§4§0§0§lo§x§F§F§3§E§0§0§le from storage
[22:25:09] > SydneySweetie added x1 §f§l§x§F§C§D§0§5§CW§x§F§B§A§D§4§Du§x§F§9§8§B§3§Dk§x§F§8§6§8§2§Eo§x§F§6§4§5§1§Fn§x§F§5§2§3§0§Fg§x§F§3§0§0§0§0 §x§F§5§2§3§0§FS§x§F§6§4§5§1§Fh§x§F§8§6§8§2§Ei§x§F§9§8§B§3§De§x§F§B§A§D§4§Dl§x§F§C§D§0§5§Cd in auction for 200000.
[22:25:27] > Zypher_0w0 remove x1 /pwarp go TotemTrade (Im back and restocked XD) from storage
[22:25:40] > Zypher_0w0 added x1 §x§F§F§3§E§0§0§lD§x§F§F§3§5§0§0§le§x§F§F§2§C§0§0§lm§x§F§F§2§3§0§0§lo§x§F§F§1§B§0§0§ln §x§F§F§0§9§0§0§lL§x§F§F§0§0§0§0§lo§x§F§F§0§A§0§0§lr§x§F§F§1§5§0§0§ld §x§F§F§2§9§0§0§lK§x§F§F§3§4§0§0§le§x§F§F§3§E§0§0§ly in auction for 300000.
[22:25:51] > Zypher_0w0 added x1 §x§F§F§3§E§0§0§lD§x§F§F§3§5§0§0§le§x§F§F§2§C§0§0§lm§x§F§F§2§3§0§0§lo§x§F§F§1§B§0§0§ln §x§F§F§0§9§0§0§lL§x§F§F§0§0§0§0§lo§x§F§F§0§A§0§0§lr§x§F§F§1§5§0§0§ld §x§F§F§2§9§0§0§lK§x§F§F§3§4§0§0§le§x§F§F§3§E§0§0§ly in auction for 300000.
[22:26:09] > MrGh0st1y buy x1 §f§l§x§F§C§D§0§5§CW§x§F§A§A§6§4§Au§x§F§8§7§D§3§7k§x§F§7§5§3§2§5o§x§F§5§2§A§1§2n§x§F§3§0§0§0§0g§x§F§5§2§A§1§2 §x§F§7§5§3§2§5C§x§F§8§7§D§3§7l§x§F§A§A§6§4§Au§x§F§C§D§0§5§Cb to kysicx for $150,000.
[22:27:07] > MrGh0st1y remove x1 §f§l§x§F§C§D§0§5§CW§x§F§B§A§D§4§Du§x§F§9§8§B§3§Dk§x§F§8§6§8§2§Eo§x§F§6§4§5§1§Fn§x§F§5§2§3§0§Fg§x§F§3§0§0§0§0 §x§F§5§2§3§0§FS§x§F§6§4§5§1§Fh§x§F§8§6§8§2§Ei§x§F§9§8§B§3§De§x§F§B§A§D§4§Dl§x§F§C§D§0§5§Cd from storage
[22:27:15] > MrGh0st1y added x1 §f§l§x§F§C§D§0§5§CW§x§F§B§A§D§4§Du§x§F§9§8§B§3§Dk§x§F§8§6§8§2§Eo§x§F§6§4§5§1§Fn§x§F§5§2§3§0§Fg§x§F§3§0§0§0§0 §x§F§5§2§3§0§FS§x§F§6§4§5§1§Fh§x§F§8§6§8§2§Ei§x§F§9§8§B§3§De§x§F§B§A§D§4§Dl§x§F§C§D§0§5§Cd in auction for 100000.
[22:27:25] > nicoso12 added x1 §x§F§F§7§C§0§0§lSteamsparks Fishing Rod in auction for 250000.
[22:31:59] > HwanYo added x64 Experience bottle in auction for 250000.
[22:32:15] > HwanYo added x64 Experience bottle in auction for 250000.
[22:32:30] > HwanYo added x64 Experience bottle in auction for 250000.
[22:32:46] > HwanYo added x64 Experience bottle in auction for 250000.
[22:33:04] > kopo555 remove x3 Buying Bahamut armor, msg me :3 from storage
[22:33:12] > kopo555 added x1 Buying Bahamut armor, msg me :3 in auction for 100000000.
[22:33:51] > P4LDOK remove x1 §x§F§0§7§A§5§4§lZombie Apocalyptic Helmet from storage
[22:33:55] > P4LDOK remove x1 §f§l§x§8§A§0§0§F§FS§x§9§8§0§0§D§Dh§x§A§6§0§0§B§Bi§x§B§4§0§0§9§9n§x§C§2§0§0§7§7e§x§D§0§0§0§5§5 §x§D§E§0§0§3§3O§x§E§C§0§0§1§1ni§x§D§E§0§0§3§3 §x§D§0§0§0§5§5S§x§C§2§0§0§7§7h§x§B§4§0§0§9§9i§x§A§6§0§0§B§Be§x§9§8§0§0§D§Dl§x§8§A§0§0§F§Fd from storage
[22:34:12] > Sanchay added x1 §x§F§F§3§E§0§0§lD§x§F§F§3§6§0§0§le§x§F§F§2§F§0§0§lm§x§F§F§2§7§0§0§lo§x§F§F§1§F§0§0§ln §x§F§F§1§0§0§0§lL§x§F§F§0§8§0§0§lo§x§F§F§0§0§0§0§lr§x§F§F§0§8§0§0§ld §x§F§F§1§7§0§0§lD§x§F§F§1§F§0§0§la§x§F§F§2§7§0§0§lg§x§F§F§2§F§0§0§lg§x§F§F§3§6§0§0§le§x§F§F§3§E§0§0§lr in auction for 300000.
[22:34:14] > P4LDOK added x1 §x§F§0§7§A§5§4§lZombie Apocalyptic Helmet in auction for 500000.
[22:34:37] > P4LDOK added x1 §f§l§x§8§A§0§0§F§FS§x§9§8§0§0§D§Dh§x§A§6§0§0§B§Bi§x§B§4§0§0§9§9n§x§C§2§0§0§7§7e§x§D§0§0§0§5§5 §x§D§E§0§0§3§3O§x§E§C§0§0§1§1ni§x§D§E§0§0§3§3 §x§D§0§0§0§5§5S§x§C§2§0§0§7§7h§x§B§4§0§0§9§9i§x§A§6§0§0§B§Be§x§9§8§0§0§D§Dl§x§8§A§0§0§F§Fd in auction for 3500000.
[22:34:59] > dncipher added x1 §x§F§F§3§E§0§0§lD§x§F§F§3§5§0§0§le§x§F§F§2§C§0§0§lm§x§F§F§2§3§0§0§lo§x§F§F§1§B§0§0§ln §x§F§F§0§9§0§0§lL§x§F§F§0§0§0§0§lo§x§F§F§0§A§0§0§lr§x§F§F§1§5§0§0§ld §x§F§F§2§9§0§0§lA§x§F§F§3§4§0§0§lx§x§F§F§3§E§0§0§le in auction for 200000.
[22:38:53] > MrGh0st1y added x1 §x§F§F§3§E§0§0§lD§x§F§F§3§6§0§0§le§x§F§F§2§F§0§0§lm§x§F§F§2§7§0§0§lo§x§F§F§1§F§0§0§ln §x§F§F§1§0§0§0§lL§x§F§F§0§8§0§0§lo§x§F§F§0§0§0§0§lr§x§F§F§0§8§0§0§ld §x§F§F§1§7§0§0§lD§x§F§F§1§F§0§0§la§x§F§F§2§7§0§0§lg§x§F§F§2§F§0§0§lg§x§F§F§3§6§0§0§le§x§F§F§3§E§0§0§lr in auction for 50000.
[22:40:28] > lorxie added x1 §x§F§F§5§5§0§0§lsᴇʟʟᴡᴀɴᴅ §6- 10.0x in auction for 940000.
[22:40:36] > MrGh0st1y buy x1 §x§F§F§5§5§0§0§lsᴇʟʟᴡᴀɴᴅ §6- 10.0x to lorxie for $940,000.
[22:42:43] > Zypher_0w0 added x64 Ominous bottle in auction for 350000.
[22:43:05] > Zee_ buy x64 Ominous bottle to Zypher_0w0 for $350,000.
[22:43:10] > Zee_ remove x64 Ominous bottle from buy
[22:44:20] > kopo555 buy x1 §f§l§8B§x§6§2§6§2§6§2a§x§6§F§6§F§6§Fh§x§7§C§7§C§7§Ca§x§8§9§8§9§8§9m§x§9§6§9§6§9§6u§x§A§3§A§3§A§3t §x§9§6§9§6§9§6S§x§8§9§8§9§8§9h§x§7§C§7§C§7§Co§x§6§F§6§F§6§Fv§x§6§2§6§2§6§2e§8l to KEITHTHEPRO for $600,000.
[22:44:25] > kopo555 remove x1 §f§l§8B§x§6§2§6§2§6§2a§x§6§F§6§F§6§Fh§x§7§C§7§C§7§Ca§x§8§9§8§9§8§9m§x§9§6§9§6§9§6u§x§A§3§A§3§A§3t §x§9§6§9§6§9§6S§x§8§9§8§9§8§9h§x§7§C§7§C§7§Co§x§6§F§6§F§6§Fv§x§6§2§6§2§6§2e§8l from buy
[22:46:40] > giyahnpogi added x1 Diamond chestplate in auction for 10.
[22:46:49] > Trv buy x1 Diamond chestplate to giyahnpogi for $10.
[22:46:52] > Trv remove x1 Diamond chestplate from buy
[22:46:57] > x1 §x§5§9§A§1§D§9§lA§x§6§E§A§D§D§Er§x§8§3§B§9§E§3c§x§9§7§C§4§E§7h§x§A§C§D§0§E§Ca§x§C§1§D§C§F§1n§x§D§6§E§8§F§6g§x§E§A§F§3§F§Ae§fl §x§D§0§E§4§F§4D§x§B§8§D§7§E§Fa§x§A§0§C§9§E§9g§x§8§8§B§C§E§4g§x§7§1§A§E§D§Ee§x§5§9§A§1§D§9r on sale by Sanchay has just expired, it goes in the inventory of expired items.
[22:46:58] > Unforce01 buy x1 Diamond chestplate to FRANZ_JOSEF0 for $10.
[22:47:13] > Unforce01 remove x1 Diamond chestplate form buy
[22:47:48] > anneyong buy x1 §x§5§9§A§1§D§9§lA§x§7§5§B§1§D§Fr§x§9§0§C§0§E§6c§x§A§C§D§0§E§Ch§x§C§8§E§0§F§2a§x§E§3§E§F§F§9n§fg§x§E§3§E§F§F§9e§x§C§8§E§0§F§2l §x§9§0§C§0§E§6H§x§7§5§B§1§D§Fa§x§5§9§A§1§D§9t to kopo555 for $1,000,000.
[22:47:57] > anneyong remove x1 §x§5§9§A§1§D§9§lA§x§7§5§B§1§D§Fr§x§9§0§C§0§E§6c§x§A§C§D§0§E§Ch§x§C§8§E§0§F§2a§x§E§3§E§F§F§9n§fg§x§E§3§E§F§F§9e§x§C§8§E§0§F§2l §x§9§0§C§0§E§6H§x§7§5§B§1§D§Fa§x§5§9§A§1§D§9t form buy
[22:47:57] > anneyong remove x3 §x§5§C§C§F§F§C§lC§x§5§C§D§1§F§5§lo§x§5§D§D§4§E§E§ls§x§5§D§D§6§E§7§lm§x§5§E§D§9§E§1§le§x§5§E§D§B§D§A§lt§x§5§E§D§D§D§3§li§x§5§F§E§0§C§C§lc §x§5§F§E§0§C§C§lH§x§5§E§D§D§D§3§la§x§5§E§D§B§D§A§lt§x§5§E§D§9§E§1§ls §x§5§D§D§4§E§E§lK§x§5§C§D§1§F§5§le§x§5§C§C§F§F§C§ly form buy
[22:51:29] > kopo555 added x1 §x§F§F§7§C§0§0§lSteamsparks Wings in auction for 1500000.
[22:53:03] > dncipher added x2 Trial key in auction for 20000.
[22:53:10] > BlackKnight buy x2 Trial key to dncipher for $20,000.
[22:53:16] > BlackKnight remove x2 Trial key from buy
[22:53:31] > Ax_ buy x1 §f§l§x§8§A§0§0§F§FS§x§9§6§0§0§E§3h§x§A§1§0§0§C§6i§x§A§D§0§0§A§An§x§B§9§0§0§8§Ee§x§C§4§0§0§7§1 §x§D§0§0§0§5§5O§x§D§C§0§0§3§9n§x§E§7§0§0§1§Ci§x§F§3§0§0§0§0 §x§E§7§0§0§1§CB§x§D§C§0§0§3§9i§x§D§0§0§0§5§5g§x§C§4§0§0§7§1 §x§B§9§0§0§8§ES§x§A§D§0§0§A§Aw§x§A§1§0§0§C§6o§x§9§6§0§0§E§3r§x§8§A§0§0§F§Fd to MrGh0st1y for $4,000,000.
[22:53:39] > Ax_ remove x1 §f§l§x§8§A§0§0§F§FS§x§9§6§0§0§E§3h§x§A§1§0§0§C§6i§x§A§D§0§0§A§An§x§B§9§0§0§8§Ee§x§C§4§0§0§7§1 §x§D§0§0§0§5§5O§x§D§C§0§0§3§9n§x§E§7§0§0§1§Ci§x§F§3§0§0§0§0 §x§E§7§0§0§1§CB§x§D§C§0§0§3§9i§x§D§0§0§0§5§5g§x§C§4§0§0§7§1 §x§B§9§0§0§8§ES§x§A§D§0§0§A§Aw§x§A§1§0§0§C§6o§x§9§6§0§0§E§3r§x§8§A§0§0§F§Fd from buy
[22:54:18] > Ax_ added x1 §f§l§x§F§C§D§0§5§CW§x§F§A§A§A§4§Bu§x§F§9§8§4§3§Bk§x§F§7§5§F§2§Ao§x§F§5§3§9§1§9n§x§F§4§1§3§0§8g §x§F§5§3§9§1§9S§x§F§7§5§F§2§Ap§x§F§9§8§4§3§Be§x§F§A§A§A§4§Ba§x§F§C§D§0§5§Cr in auction for 550000.
[22:58:05] > Cooldoggiexd added x2 Nether star in auction for 250000.
[23:01:38] > giyahnpogi added x64 Spruce log in auction for 100.
[23:05:01] > Zypher_0w0 added x16 Wither skeleton skull in auction for 320000.
[23:07:03] > Zypher_0w0 added x64 Ominous bottle in auction for 385000.
[23:07:54] > dncipher buy x64 Ominous bottle to Zypher_0w0 for $385,000.
[23:08:05] > dncipher remove x64 Ominous bottle from buy
[23:14:25] > Zypher_0w0 added x64 Iron block in auction for 4000.
[23:14:29] > Trv buy x64 Iron block to Zypher_0w0 for $4,000.
[23:14:39] > Zypher_0w0 added x64 Iron block in auction for 4000.
[23:14:44] > Unforce01 buy x64 Iron block to Zypher_0w0 for $4,000.
[23:15:02] > Zypher_0w0 added x64 Iron block in auction for 4000.
[23:15:07] > Unforce01 buy x64 Iron block to Zypher_0w0 for $4,000.
[23:18:00] > dncipher added x1 Ominous trial key in auction for 20000.
[23:18:12] > giyahnpogi buy x1 Ominous trial key to dncipher for $20,000.
[23:18:17] > dncipher added x3 Trial key in auction for 20000.
[23:18:27] > Keenorana buy x16 Wither skeleton skull to Zypher_0w0 for $320,000.
[23:18:45] > dncipher added x64 Wind charge in auction for 10.
[23:18:49] > koshie buy x64 Wind charge to dncipher for $10.
[23:24:01] > MrGh0st1y added x1 §x§F§F§3§E§0§0§lD§x§F§F§3§8§0§0§le§x§F§F§3§2§0§0§lm§x§F§F§2§B§0§0§lo§x§F§F§2§5§0§0§ln §x§F§F§1§9§0§0§lL§x§F§F§1§3§0§0§lo§x§F§F§0§C§0§0§lr§x§F§F§0§6§0§0§ld §x§F§F§0§6§0§0§lB§x§F§F§0§C§0§0§la§x§F§F§1§3§0§0§lt§x§F§F§1§9§0§0§lt§x§F§F§1§F§0§0§ll§x§F§F§2§5§0§0§le §x§F§F§3§2§0§0§lA§x§F§F§3§8§0§0§lx§x§F§F§3§E§0§0§le in auction for 200000.
[23:24:34] > HPMR_GaMerz remove x1 §esᴋᴇʟᴇᴛᴏɴ sᴘᴀᴡɴᴇʀ from buy
[23:24:34] > HPMR_GaMerz remove x2 §eᴘɪɢ sᴘᴀᴡɴᴇʀ from buy
[23:24:35] > HPMR_GaMerz remove x1 §esᴘɪᴅᴇʀ sᴘᴀᴡɴᴇʀ from buy
[23:24:37] > HPMR_GaMerz remove x1 §esᴘɪᴅᴇʀ sᴘᴀᴡɴᴇʀ from buy
[23:24:38] > HPMR_GaMerz remove x1 §eᴄʜɪᴄᴋᴇɴ sᴘᴀᴡɴᴇʀ from buy
[23:24:41] > HPMR_GaMerz remove x1 §x§6§0§0§0§F§F§lɢᴏᴅʟʏ ɪᴛᴇᴍ from buy
[23:24:41] > HPMR_GaMerz remove x1 §x§6§0§0§0§F§F§lɢᴏᴅʟʏ ɪᴛᴇᴍ from buy
[23:29:54] > x1 §eᴄʜɪᴄᴋᴇɴ sᴘᴀᴡɴᴇʀ, item of Ilovewaifus, has just expired, the item is definitively deleted.
[23:29:54] > x1 KRATOS AXEe, item of imnectarfr, has just expired, the item is definitively deleted.
[23:29:56] > Artdeh remove x1 Visit /pwarp IronShop for Iron Blocks from expire
[23:31:16] > Artdeh added x1 Visit /pwarp go IronShop for Iron Blocks in auction for 100000000.
[23:36:52] > Unforce01 remove x64 Iron block form buy
[23:36:52] > Unforce01 remove x64 Iron block form buy
[23:38:45] > giyahnpogi added x47 Diamond in auction for 94000.
[23:38:51] > HPMR_GaMerz buy x47 Diamond to giyahnpogi for $94,000.
[23:39:33] > BlINDSTEELS added x1 §f§l§x§8§A§0§0§F§FS§x§9§7§0§0§D§Fh§x§A§4§0§0§B§Fi§x§B§1§0§0§9§Fn§x§B§F§0§0§8§0e§x§C§C§0§0§6§0 §x§D§9§0§0§4§0O§x§E§6§0§0§2§0n§x§F§3§0§0§0§0i§x§E§6§0§0§2§0 §x§D§9§0§0§4§0P§x§C§C§0§0§6§0i§x§B§F§0§0§8§0c§x§B§1§0§0§9§Fk§x§A§4§0§0§B§Fa§x§9§7§0§0§D§Fx§x§8§A§0§0§F§Fe in auction for 4600000.
[23:39:38] > giyahnpogi buy x1 §f§l§x§8§A§0§0§F§FS§x§9§7§0§0§D§Fh§x§A§4§0§0§B§Fi§x§B§1§0§0§9§Fn§x§B§F§0§0§8§0e§x§C§C§0§0§6§0 §x§D§9§0§0§4§0O§x§E§6§0§0§2§0n§x§F§3§0§0§0§0i§x§E§6§0§0§2§0 §x§D§9§0§0§4§0P§x§C§C§0§0§6§0i§x§B§F§0§0§8§0c§x§B§1§0§0§9§Fk§x§A§4§0§0§B§Fa§x§9§7§0§0§D§Fx§x§8§A§0§0§F§Fe to BlINDSTEELS for $4,600,000.
[23:39:57] > giyahnpogi remove x1 §f§l§x§8§A§0§0§F§FS§x§9§7§0§0§D§Fh§x§A§4§0§0§B§Fi§x§B§1§0§0§9§Fn§x§B§F§0§0§8§0e§x§C§C§0§0§6§0 §x§D§9§0§0§4§0O§x§E§6§0§0§2§0n§x§F§3§0§0§0§0i§x§E§6§0§0§2§0 §x§D§9§0§0§4§0P§x§C§C§0§0§6§0i§x§B§F§0§0§8§0c§x§B§1§0§0§9§Fk§x§A§4§0§0§B§Fa§x§9§7§0§0§D§Fx§x§8§A§0§0§F§Fe from buy
[23:40:16] > lorxie remove x1 §f§l§x§8§A§0§0§F§FS§x§9§C§0§0§D§5h§x§A§D§0§0§A§Ai§x§B§F§0§0§8§0n§x§D§0§0§0§5§5e§x§E§2§0§0§2§B §x§F§3§0§0§0§0O§x§E§2§0§0§2§An§x§D§0§0§0§5§5i§x§B§F§0§0§8§0 §x§A§D§0§0§A§AK§x§9§C§0§0§D§5e§x§8§A§0§0§F§Fy from storage
[23:41:54] > Ax_ added x1 §f§l§x§F§C§D§0§5§CW§x§F§B§B§0§4§Eu§x§F§9§9§0§4§0k§x§F§8§7§0§3§2o§x§F§6§5§0§2§3n§x§F§5§3§0§1§5g§x§F§4§1§0§0§7 H§x§F§5§3§0§1§5a§x§F§6§5§0§2§3l§x§F§8§7§0§3§2b§x§F§9§9§0§4§0e§x§F§B§B§0§4§Er§x§F§C§D§0§5§Cd in auction for 350000.
[23:52:22] > Ax_ added x1 §x§F§F§3§E§0§0§lD§x§F§F§3§6§0§0§le§x§F§F§2§F§0§0§lm§x§F§F§2§7§0§0§lo§x§F§F§1§F§0§0§ln §x§F§F§1§0§0§0§lL§x§F§F§0§8§0§0§lo§x§F§F§0§0§0§0§lr§x§F§F§0§9§0§0§ld §x§F§F§1§B§0§0§lS§x§F§F§2§3§0§0§lw§x§F§F§2§C§0§0§lo§x§F§F§3§5§0§0§lr§x§F§F§3§E§0§0§ld in auction for 450000.
[23:52:41] > Ax_ added x1 §x§5§9§A§1§D§9§lA§x§7§1§A§E§D§Er§x§8§8§B§C§E§4c§x§A§0§C§9§E§9h§x§B§8§D§7§E§Fa§x§D§0§E§4§F§4n§x§E§7§F§2§F§Ag§fe§x§E§7§F§2§F§Al §x§B§8§D§7§E§FS§x§A§0§C§9§E§9w§x§8§8§B§C§E§4o§x§7§1§A§E§D§Er§x§5§9§A§1§D§9d in auction for 1000000.
[23:52:54] > Ax_ added x1 §f§l§x§F§C§D§0§5§CW§x§F§B§B§0§4§Eu§x§F§9§9§0§4§0k§x§F§8§7§0§3§2o§x§F§6§5§0§2§3n§x§F§5§3§0§1§5g§x§F§4§1§0§0§7 P§x§F§5§3§0§1§5i§x§F§6§5§0§2§3c§x§F§8§7§0§3§2k§x§F§9§9§0§4§0a§x§F§B§B§0§4§Ex§x§F§C§D§0§5§Ce in auction for 200000.
[23:53:13] > Ax_ added x1 Nether star in auction for 50000.
[23:53:13] > El3ctric_Ey3 added x5 §x§F§C§D§0§5§C§lB§x§E§6§D§3§6§B§la§x§C§F§D§5§7§A§ls§x§B§9§D§8§8§9§li§x§A§2§D§A§9§8§lc §x§7§5§D§F§B§6§lC§x§5§F§E§2§C§5§lr§x§7§5§D§F§B§6§la§x§8§C§D§D§A§7§lt§x§A§2§D§A§9§8§le §x§C§F§D§5§7§A§lK§x§E§6§D§3§6§B§le§x§F§C§D§0§5§C§ly in auction for 50000.
[23:53:25] > El3ctric_Ey3 added x2 §x§F§F§3§E§0§0§lD§x§F§F§3§7§0§0§le§x§F§F§3§0§0§0§lm§x§F§F§2§9§0§0§lo§x§F§F§2§2§0§0§ln §x§F§F§1§5§0§0§lL§x§F§F§0§E§0§0§lo§x§F§F§0§7§0§0§lr§x§F§F§0§0§0§0§ld §x§F§F§0§E§0§0§lF§x§F§F§1§5§0§0§lr§x§F§F§1§C§0§0§la§x§F§F§2§2§0§0§lg§x§F§F§2§9§0§0§lm§x§F§F§3§0§0§0§le§x§F§F§3§7§0§0§ln§x§F§F§3§E§0§0§lt in auction for 400000.
[00:13:22] > SydneySweetie remove x1 §f§l§x§F§C§D§0§5§CW§x§F§A§A§2§4§8u§x§F§8§7§4§3§3k§x§F§6§4§5§1§Fo§x§F§4§1§7§0§Ang§x§F§6§4§5§1§F §x§F§8§7§4§3§3A§x§F§A§A§2§4§8x§x§F§C§D§0§5§Ce from storage
[00:15:15] > SydneySweetie added x1 §f§l§x§F§C§D§0§5§CW§x§F§A§A§2§4§8u§x§F§8§7§4§3§3k§x§F§6§4§5§1§Fo§x§F§4§1§7§0§Ang§x§F§6§4§5§1§F §x§F§8§7§4§3§3A§x§F§A§A§2§4§8x§x§F§C§D§0§5§Ce in auction for 150000.
[00:28:57] > .Kenmbu added x1 §x§F§2§C§6§D§E§lP§x§E§0§C§A§D§B§li§x§C§D§C§D§D§8§ln§x§B§B§D§1§D§5§la§x§A§9§D§4§D§2§lt§x§9§6§D§8§C§E§la §x§7§1§D§F§C§8§lC§x§5§F§E§2§C§5§lr§x§7§4§D§E§C§9§la§x§8§9§D§A§C§C§lt§x§9§E§D§6§D§0§le §x§C§8§C§E§D§7§lK§x§D§D§C§A§D§A§le§x§F§2§C§6§D§E§ly in auction for 800000.
[00:29:18] > .Kenmbu added x1 §x§F§F§5§5§0§0§lsᴇʟʟᴡᴀɴᴅ §6- 5.0x in auction for 400000.
[00:29:24] > king_ARK buy x1 §x§F§F§5§5§0§0§lsᴇʟʟᴡᴀɴᴅ §6- 5.0x to .Kenmbu for $400,000.
[00:29:44] > .Kenmbu remove x1 §x§F§2§C§6§D§E§lP§x§E§0§C§A§D§B§li§x§C§D§C§D§D§8§ln§x§B§B§D§1§D§5§la§x§A§9§D§4§D§2§lt§x§9§6§D§8§C§E§la §x§7§1§D§F§C§8§lC§x§5§F§E§2§C§5§lr§x§7§4§D§E§C§9§la§x§8§9§D§A§C§C§lt§x§9§E§D§6§D§0§le §x§C§8§C§E§D§7§lK§x§D§D§C§A§D§A§le§x§F§2§C§6§D§E§ly from storage
[00:30:02] > .Kenmbu added x1 §x§F§2§C§6§D§E§lP§x§E§0§C§A§D§B§li§x§C§D§C§D§D§8§ln§x§B§B§D§1§D§5§la§x§A§9§D§4§D§2§lt§x§9§6§D§8§C§E§la §x§7§1§D§F§C§8§lC§x§5§F§E§2§C§5§lr§x§7§4§D§E§C§9§la§x§8§9§D§A§C§C§lt§x§9§E§D§6§D§0§le §x§C§8§C§E§D§7§lK§x§D§D§C§A§D§A§le§x§F§2§C§6§D§E§ly in auction for 550000.
[00:30:41] > .Kenmbu added x1 §eᴘɪɢ sᴘᴀᴡɴᴇʀ in auction for 300000.
[00:31:02] > .Kenmbu added x2 §esʜᴇᴇᴘ sᴘᴀᴡɴᴇʀ in auction for 500000.
[00:45:55] > Schminkipoo buy x2 §esʜᴇᴇᴘ sᴘᴀᴡɴᴇʀ to .Kenmbu for $500,000.
[00:46:03] > Schminkipoo remove x2 §esʜᴇᴇᴘ sᴘᴀᴡɴᴇʀ from buy
[00:46:04] > Schminkipoo remove x1 §x§F§E§B§E§C§A§lSeason 3 Celebration Cake <3 from buy
[00:57:22] > HPMR_GaMerz added x41 Sweet berries in auction for 41000.
[00:57:50] > .Kenku1001 buy x41 Sweet berries to HPMR_GaMerz for $41,000.
[00:58:25] > Ax_ remove x1 §x§5§9§A§1§D§9§lA§x§7§1§A§E§D§Er§x§8§8§B§C§E§4c§x§A§0§C§9§E§9h§x§B§8§D§7§E§Fa§x§D§0§E§4§F§4n§x§E§7§F§2§F§Ag§fe§x§E§7§F§2§F§Al §x§B§8§D§7§E§FS§x§A§0§C§9§E§9w§x§8§8§B§C§E§4o§x§7§1§A§E§D§Er§x§5§9§A§1§D§9d from storage
[00:58:34] > Ax_ added x1 §x§5§9§A§1§D§9§lA§x§7§1§A§E§D§Er§x§8§8§B§C§E§4c§x§A§0§C§9§E§9h§x§B§8§D§7§E§Fa§x§D§0§E§4§F§4n§x§E§7§F§2§F§Ag§fe§x§E§7§F§2§F§Al §x§B§8§D§7§E§FS§x§A§0§C§9§E§9w§x§8§8§B§C§E§4o§x§7§1§A§E§D§Er§x§5§9§A§1§D§9d in auction for 500000.
[00:58:41] > HPMR_GaMerz buy x1 §x§5§9§A§1§D§9§lA§x§7§1§A§E§D§Er§x§8§8§B§C§E§4c§x§A§0§C§9§E§9h§x§B§8§D§7§E§Fa§x§D§0§E§4§F§4n§x§E§7§F§2§F§Ag§fe§x§E§7§F§2§F§Al §x§B§8§D§7§E§FS§x§A§0§C§9§E§9w§x§8§8§B§C§E§4o§x§7§1§A§E§D§Er§x§5§9§A§1§D§9d to Ax_ for $500,000.
[00:59:15] > Ax_ remove x1 Nether star from storage
[00:59:15] > Ax_ remove x1 §f§l§x§F§C§D§0§5§CW§x§F§B§B§0§4§Eu§x§F§9§9§0§4§0k§x§F§8§7§0§3§2o§x§F§6§5§0§2§3n§x§F§5§3§0§1§5g§x§F§4§1§0§0§7 P§x§F§5§3§0§1§5i§x§F§6§5§0§2§3c§x§F§8§7§0§3§2k§x§F§9§9§0§4§0a§x§F§B§B§0§4§Ex§x§F§C§D§0§5§Ce from storage
[00:59:15] > Ax_ remove x1 §x§F§F§3§E§0§0§lD§x§F§F§3§6§0§0§le§x§F§F§2§F§0§0§lm§x§F§F§2§7§0§0§lo§x§F§F§1§F§0§0§ln §x§F§F§1§0§0§0§lL§x§F§F§0§8§0§0§lo§x§F§F§0§0§0§0§lr§x§F§F§0§9§0§0§ld §x§F§F§1§B§0§0§lS§x§F§F§2§3§0§0§lw§x§F§F§2§C§0§0§lo§x§F§F§3§5§0§0§lr§x§F§F§3§E§0§0§ld from storage
[00:59:16] > Ax_ remove x1 §f§l§x§F§C§D§0§5§CW§x§F§B§B§0§4§Eu§x§F§9§9§0§4§0k§x§F§8§7§0§3§2o§x§F§6§5§0§2§3n§x§F§5§3§0§1§5g§x§F§4§1§0§0§7 H§x§F§5§3§0§1§5a§x§F§6§5§0§2§3l§x§F§8§7§0§3§2b§x§F§9§9§0§4§0e§x§F§B§B§0§4§Er§x§F§C§D§0§5§Cd from storage
[00:59:16] > Ax_ remove x1 §f§l§x§F§C§D§0§5§CW§x§F§A§A§A§4§Bu§x§F§9§8§4§3§Bk§x§F§7§5§F§2§Ao§x§F§5§3§9§1§9n§x§F§4§1§3§0§8g §x§F§5§3§9§1§9S§x§F§7§5§F§2§Ap§x§F§9§8§4§3§Be§x§F§A§A§A§4§Ba§x§F§C§D§0§5§Cr from storage
[00:59:40] > Ax_ added x1 §f§l§x§F§C§D§0§5§CW§x§F§B§B§0§4§Eu§x§F§9§9§0§4§0k§x§F§8§7§0§3§2o§x§F§6§5§0§2§3n§x§F§5§3§0§1§5g§x§F§4§1§0§0§7 P§x§F§5§3§0§1§5i§x§F§6§5§0§2§3c§x§F§8§7§0§3§2k§x§F§9§9§0§4§0a§x§F§B§B§0§4§Ex§x§F§C§D§0§5§Ce in auction for 150000.
[01:00:18] > Ax_ added x1 §f§l§x§F§C§D§0§5§CW§x§F§B§B§0§4§Eu§x§F§9§9§0§4§0k§x§F§8§7§0§3§2o§x§F§6§5§0§2§3n§x§F§5§3§0§1§5g§x§F§4§1§0§0§7 H§x§F§5§3§0§1§5a§x§F§6§5§0§2§3l§x§F§8§7§0§3§2b§x§F§9§9§0§4§0e§x§F§B§B§0§4§Er§x§F§C§D§0§5§Cd in auction for 100000.
[01:00:53] > Ax_ added x1 §f§l§x§F§C§D§0§5§CW§x§F§A§A§A§4§Bu§x§F§9§8§4§3§Bk§x§F§7§5§F§2§Ao§x§F§5§3§9§1§9n§x§F§4§1§3§0§8g §x§F§5§3§9§1§9S§x§F§7§5§F§2§Ap§x§F§9§8§4§3§Be§x§F§A§A§A§4§Ba§x§F§C§D§0§5§Cr in auction for 250000.
[01:01:08] > giyahnpogi buy x5 §x§F§C§D§0§5§C§lB§x§E§6§D§3§6§B§la§x§C§F§D§5§7§A§ls§x§B§9§D§8§8§9§li§x§A§2§D§A§9§8§lc §x§7§5§D§F§B§6§lC§x§5§F§E§2§C§5§lr§x§7§5§D§F§B§6§la§x§8§C§D§D§A§7§lt§x§A§2§D§A§9§8§le §x§C§F§D§5§7§A§lK§x§E§6§D§3§6§B§le§x§F§C§D§0§5§C§ly to El3ctric_Ey3 for $50,000.
[01:01:11] > Ax_ added x1 §x§F§F§3§E§0§0§lD§x§F§F§3§6§0§0§le§x§F§F§2§F§0§0§lm§x§F§F§2§7§0§0§lo§x§F§F§1§F§0§0§ln §x§F§F§1§0§0§0§lL§x§F§F§0§8§0§0§lo§x§F§F§0§0§0§0§lr§x§F§F§0§9§0§0§ld §x§F§F§1§B§0§0§lS§x§F§F§2§3§0§0§lw§x§F§F§2§C§0§0§lo§x§F§F§3§5§0§0§lr§x§F§F§3§E§0§0§ld in auction for 150000.
[01:03:10] > Ax_ added x1 Nether star in auction for 50000.
[01:03:25] > .Kenku1001 buy x1 Nether star to Ax_ for $50,000.
[01:03:34] > .Kenku1001 buy x2 Nether star to Cooldoggiexd for $250,000.
[01:03:43] > .Kenku1001 remove x1 §5Witch Hat from buy
[01:03:44] > .Kenku1001 remove x41 Sweet berries from buy
[01:03:44] > .Kenku1001 remove x1 Nether star from buy
[01:03:45] > .Kenku1001 remove x2 Nether star from buy
[01:07:21] > king_ARK remove x1 §x§F§F§5§5§0§0§lsᴇʟʟᴡᴀɴᴅ §6- 5.0x from buy
[01:07:24] > king_ARK remove x1 sᴇʟʟᴡᴀɴᴅ - 20.0x from buy
[01:23:25] > SydneySweetie added x1 Enchanted book in auction for 2500.
[01:23:45] > El3ctric_Ey3 buy x1 Enchanted book to SydneySweetie for $2,500.
[01:23:55] > SydneySweetie added x1 Enchanted book in auction for 2500.
[01:24:04] > giyahnpogi added x32 Emerald block in auction for 40000.
[01:24:09] > Takeremu buy x32 Emerald block to giyahnpogi for $40,000.
[01:24:20] > Takeremu remove x32 Emerald block from buy
[01:24:22] > El3ctric_Ey3 buy x1 Enchanted book to SydneySweetie for $2,500.
[01:24:51] > El3ctric_Ey3 remove x2 §x§F§F§3§E§0§0§lD§x§F§F§3§7§0§0§le§x§F§F§3§0§0§0§lm§x§F§F§2§9§0§0§lo§x§F§F§2§2§0§0§ln §x§F§F§1§5§0§0§lL§x§F§F§0§E§0§0§lo§x§F§F§0§7§0§0§lr§x§F§F§0§0§0§0§ld §x§F§F§0§E§0§0§lF§x§F§F§1§5§0§0§lr§x§F§F§1§C§0§0§la§x§F§F§2§2§0§0§lg§x§F§F§2§9§0§0§lm§x§F§F§3§0§0§0§le§x§F§F§3§7§0§0§ln§x§F§F§3§E§0§0§lt form storage
[01:25:08] > El3ctric_Ey3 added x2 §x§F§F§3§E§0§0§lD§x§F§F§3§7§0§0§le§x§F§F§3§0§0§0§lm§x§F§F§2§9§0§0§lo§x§F§F§2§2§0§0§ln §x§F§F§1§5§0§0§lL§x§F§F§0§E§0§0§lo§x§F§F§0§7§0§0§lr§x§F§F§0§0§0§0§ld §x§F§F§0§E§0§0§lF§x§F§F§1§5§0§0§lr§x§F§F§1§C§0§0§la§x§F§F§2§2§0§0§lg§x§F§F§2§9§0§0§lm§x§F§F§3§0§0§0§le§x§F§F§3§7§0§0§ln§x§F§F§3§E§0§0§lt in auction for 300000.
[01:31:50] > Unforce01 added x1 Enchanted book in auction for 300000.
[01:33:43] > Ax_ added x1 §eʙʟᴀᴢᴇ sᴘᴀᴡɴᴇʀ in auction for 500000.
[01:34:09] > Runz added x4 §x§F§F§3§E§0§0§lD§x§F§F§3§7§0§0§le§x§F§F§3§0§0§0§lm§x§F§F§2§9§0§0§lo§x§F§F§2§2§0§0§ln §x§F§F§1§5§0§0§lL§x§F§F§0§E§0§0§lo§x§F§F§0§7§0§0§lr§x§F§F§0§0§0§0§ld §x§F§F§0§E§0§0§lF§x§F§F§1§5§0§0§lr§x§F§F§1§C§0§0§la§x§F§F§2§2§0§0§lg§x§F§F§2§9§0§0§lm§x§F§F§3§0§0§0§le§x§F§F§3§7§0§0§ln§x§F§F§3§E§0§0§lt in auction for 400000.
[01:34:44] > giyahnpogi remove x5 §x§F§C§D§0§5§C§lB§x§E§6§D§3§6§B§la§x§C§F§D§5§7§A§ls§x§B§9§D§8§8§9§li§x§A§2§D§A§9§8§lc §x§7§5§D§F§B§6§lC§x§5§F§E§2§C§5§lr§x§7§5§D§F§B§6§la§x§8§C§D§D§A§7§lt§x§A§2§D§A§9§8§le §x§C§F§D§5§7§A§lK§x§E§6§D§3§6§B§le§x§F§C§D§0§5§C§ly from buy
[01:36:03] > .Kenku1001 added x1 §f§l§8B§x§6§6§6§6§6§6a§x§7§7§7§7§7§7h§x§8§8§8§8§8§8a§x§9§9§9§9§9§9m§7u§x§9§9§9§9§9§9t§x§8§8§8§8§8§8 §x§7§7§7§7§7§7K§x§6§6§6§6§6§6e§8y in auction for 1500000.
[01:37:26] > Unforce01 buy x1 §f§l§8B§x§6§6§6§6§6§6a§x§7§7§7§7§7§7h§x§8§8§8§8§8§8a§x§9§9§9§9§9§9m§7u§x§9§9§9§9§9§9t§x§8§8§8§8§8§8 §x§7§7§7§7§7§7K§x§6§6§6§6§6§6e§8y to .Kenku1001 for $1,500,000.
[01:37:30] > Unforce01 remove x1 §f§l§8B§x§6§6§6§6§6§6a§x§7§7§7§7§7§7h§x§8§8§8§8§8§8a§x§9§9§9§9§9§9m§7u§x§9§9§9§9§9§9t§x§8§8§8§8§8§8 §x§7§7§7§7§7§7K§x§6§6§6§6§6§6e§8y form buy
[01:38:25] > .Kenku1001 added x1 §x§F§F§3§E§0§0§lD§x§F§F§3§7§0§0§le§x§F§F§3§0§0§0§lm§x§F§F§2§9§0§0§lo§x§F§F§2§2§0§0§ln §x§F§F§1§5§0§0§lL§x§F§F§0§E§0§0§lo§x§F§F§0§7§0§0§lr§x§F§F§0§0§0§0§ld §x§F§F§0§E§0§0§lF§x§F§F§1§5§0§0§lr§x§F§F§1§C§0§0§la§x§F§F§2§2§0§0§lg§x§F§F§2§9§0§0§lm§x§F§F§3§0§0§0§le§x§F§F§3§7§0§0§ln§x§F§F§3§E§0§0§lt in auction for 2000000.
[01:38:38] > .Kenku1001 remove x1 §x§F§F§3§E§0§0§lD§x§F§F§3§7§0§0§le§x§F§F§3§0§0§0§lm§x§F§F§2§9§0§0§lo§x§F§F§2§2§0§0§ln §x§F§F§1§5§0§0§lL§x§F§F§0§E§0§0§lo§x§F§F§0§7§0§0§lr§x§F§F§0§0§0§0§ld §x§F§F§0§E§0§0§lF§x§F§F§1§5§0§0§lr§x§F§F§1§C§0§0§la§x§F§F§2§2§0§0§lg§x§F§F§2§9§0§0§lm§x§F§F§3§0§0§0§le§x§F§F§3§7§0§0§ln§x§F§F§3§E§0§0§lt from storage
[01:39:07] > .Kenku1001 added x1 §f§l§8B§x§6§6§6§6§6§6a§x§7§7§7§7§7§7h§x§8§8§8§8§8§8a§x§9§9§9§9§9§9m§7u§x§9§9§9§9§9§9t§x§8§8§8§8§8§8 §x§7§7§7§7§7§7K§x§6§6§6§6§6§6e§8y in auction for 2000000.
[01:42:15] > .Kenku1001 remove x1 §f§l§8B§x§6§6§6§6§6§6a§x§7§7§7§7§7§7h§x§8§8§8§8§8§8a§x§9§9§9§9§9§9m§7u§x§9§9§9§9§9§9t§x§8§8§8§8§8§8 §x§7§7§7§7§7§7K§x§6§6§6§6§6§6e§8y from storage
[01:43:51] > Unforce01 added x1 §f§l§8B§x§6§3§6§3§6§3a§x§7§1§7§1§7§1h§x§8§0§8§0§8§0a§x§8§E§8§E§8§Em§x§9§C§9§C§9§Cu§7t§x§9§C§9§C§9§C §x§8§E§8§E§8§EB§x§8§0§8§0§8§0o§x§7§1§7§1§7§1o§x§6§3§6§3§6§3t§8s in auction for 2000000.
[01:43:54] > celinesanrio buy x1 §f§l§8B§x§6§3§6§3§6§3a§x§7§1§7§1§7§1h§x§8§0§8§0§8§0a§x§8§E§8§E§8§Em§x§9§C§9§C§9§Cu§7t§x§9§C§9§C§9§C §x§8§E§8§E§8§EB§x§8§0§8§0§8§0o§x§7§1§7§1§7§1o§x§6§3§6§3§6§3t§8s to Unforce01 for $2,000,000.
[01:44:00] > celinesanrio remove x1 §f§l§8B§x§6§3§6§3§6§3a§x§7§1§7§1§7§1h§x§8§0§8§0§8§0a§x§8§E§8§E§8§Em§x§9§C§9§C§9§Cu§7t§x§9§C§9§C§9§C §x§8§E§8§E§8§EB§x§8§0§8§0§8§0o§x§7§1§7§1§7§1o§x§6§3§6§3§6§3t§8s form buy
[01:44:08] > celinesanrio buy x1 §x§F§F§7§C§0§0§lSteamsparks Wings to kopo555 for $1,500,000.
[01:44:12] > celinesanrio remove x1 §x§F§F§7§C§0§0§lSteamsparks Wings form buy
[01:45:04] > celinesanrio buy x1 §x§E§5§1§B§1§B§lDracula Wings to kopo555 for $1,000,000.
[01:45:09] > celinesanrio remove x1 §x§E§5§1§B§1§B§lDracula Wings form buy
[01:47:01] > Unforce01 added x1 §x§F§F§3§E§0§0§lDemon Lord Wings in auction for 2000000.
[01:48:39] > celinesanrio added x1 Netherite upgrade smithing template in auction for 417.
[01:48:45] > Unforce01 buy x1 Netherite upgrade smithing template to celinesanrio for $417.
[01:49:05] > Unforce01 remove x1 Netherite upgrade smithing template form buy
[01:49:08] > celinesanrio added x1 Netherite upgrade smithing template in auction for 417.
[01:49:11] > Takeremu buy x1 Netherite upgrade smithing template to celinesanrio for $417.
[01:49:25] > celinesanrio added x1 Netherite upgrade smithing template in auction for 417.
[01:49:28] > Takeremu buy x1 Netherite upgrade smithing template to celinesanrio for $417.
[01:49:37] > celinesanrio added x1 Netherite upgrade smithing template in auction for 417000.
[01:49:38] > Takeremu buy x1 Netherite upgrade smithing template to celinesanrio for $417,000.
[01:50:03] > celinesanrio added x1 Netherite upgrade smithing template in auction for 417.
[01:50:11] > sdxd_12 buy x1 Netherite upgrade smithing template to celinesanrio for $417.
[01:51:32] > Takeremu added x1 §f§l§8B§x§6§1§6§1§6§1a§x§6§D§6§D§6§Dh§x§7§9§7§9§7§9a§x§8§6§8§6§8§6m§x§9§2§9§2§9§2u§x§9§E§9§E§9§Et§7 §x§9§E§9§E§9§EH§x§9§2§9§2§9§2a§x§8§6§8§6§8§6l§x§7§9§7§9§7§9b§x§6§D§6§D§6§De§x§6§1§6§1§6§1r§8d in auction for 2000000.
[01:58:17] > sdxd_12 added x2 §x§C§9§A§7§F§C§lL§x§B§D§A§E§F§6§le§x§B§1§B§4§F§0§lg§x§A§6§B§B§E§A§le§x§9§A§C§1§E§4§ln§x§8§E§C§8§D§D§ld§x§8§2§C§E§D§7§la§x§7§7§D§5§D§1§lr§x§6§B§D§B§C§B§ly §x§6§B§D§B§C§B§lC§x§7§7§D§5§D§1§lr§x§8§2§C§E§D§7§la§x§8§E§C§8§D§D§lt§x§9§A§C§1§E§4§le §x§B§1§B§4§F§0§lK§x§B§D§A§E§F§6§le§x§C§9§A§7§F§C§ly in auction for 100000.
[02:08:20] > kopo555 remove x1 §f§l§x§F§C§D§0§5§CW§x§F§B§B§2§4§Fu§x§F§9§9§5§4§2k§x§F§8§7§7§3§5o§x§F§7§5§9§2§7n§x§F§6§3§B§1§Ag§x§F§4§1§E§0§D §x§F§3§0§0§0§0C§x§F§4§1§E§0§Dr§x§F§6§3§B§1§Ao§x§F§7§5§9§2§7s§x§F§8§7§7§3§5s§x§F§9§9§5§4§2b§x§F§B§B§2§4§Fo§x§F§C§D§0§5§Cw from storage
[02:08:23] > kopo555 remove x1 §x§F§F§3§E§0§0§lD§x§F§F§3§8§0§0§le§x§F§F§3§2§0§0§lm§x§F§F§2§B§0§0§lo§x§F§F§2§5§0§0§ln §x§F§F§1§9§0§0§lL§x§F§F§1§3§0§0§lo§x§F§F§0§C§0§0§lr§x§F§F§0§6§0§0§ld §x§F§F§0§6§0§0§lB§x§F§F§0§C§0§0§la§x§F§F§1§3§0§0§lt§x§F§F§1§9§0§0§lt§x§F§F§1§F§0§0§ll§x§F§F§2§5§0§0§le §x§F§F§3§2§0§0§lA§x§F§F§3§8§0§0§lx§x§F§F§3§E§0§0§le from storage
[02:08:24] > kopo555 remove x1 §x§F§F§3§E§0§0§lD§x§F§F§3§5§0§0§le§x§F§F§2§C§0§0§lm§x§F§F§2§3§0§0§lo§x§F§F§1§B§0§0§ln §x§F§F§0§9§0§0§lL§x§F§F§0§0§0§0§lo§x§F§F§0§A§0§0§lr§x§F§F§1§5§0§0§ld §x§F§F§2§9§0§0§lB§x§F§F§3§4§0§0§lo§x§F§F§3§E§0§0§lw from storage
[02:08:32] > kopo555 added x1 §x§F§F§3§E§0§0§lD§x§F§F§3§8§0§0§le§x§F§F§3§2§0§0§lm§x§F§F§2§B§0§0§lo§x§F§F§2§5§0§0§ln §x§F§F§1§9§0§0§lL§x§F§F§1§3§0§0§lo§x§F§F§0§C§0§0§lr§x§F§F§0§6§0§0§ld §x§F§F§0§6§0§0§lB§x§F§F§0§C§0§0§la§x§F§F§1§3§0§0§lt§x§F§F§1§9§0§0§lt§x§F§F§1§F§0§0§ll§x§F§F§2§5§0§0§le §x§F§F§3§2§0§0§lA§x§F§F§3§8§0§0§lx§x§F§F§3§E§0§0§le in auction for 500000.
[02:08:44] > kopo555 added x1 §x§F§F§3§E§0§0§lD§x§F§F§3§5§0§0§le§x§F§F§2§C§0§0§lm§x§F§F§2§3§0§0§lo§x§F§F§1§B§0§0§ln §x§F§F§0§9§0§0§lL§x§F§F§0§0§0§0§lo§x§F§F§0§A§0§0§lr§x§F§F§1§5§0§0§ld §x§F§F§2§9§0§0§lB§x§F§F§3§4§0§0§lo§x§F§F§3§E§0§0§lw in auction for 500000.
[02:09:44] > kopo555 added x1 §f§l§x§F§C§D§0§5§CW§x§F§A§A§A§4§Bu§x§F§9§8§4§3§Bk§x§F§7§5§F§2§Ao§x§F§5§3§9§1§9n§x§F§4§1§3§0§8g §x§F§5§3§9§1§9S§x§F§7§5§F§2§At§x§F§9§8§4§3§Bi§x§F§A§A§A§4§Bc§x§F§C§D§0§5§Ck in auction for 1500000.
[02:15:48] > anneyong added x1 §f§l§x§8§A§0§0§F§FS§x§9§8§0§0§D§Dh§x§A§6§0§0§B§Bi§x§B§4§0§0§9§9n§x§C§2§0§0§7§7e§x§D§0§0§0§5§5 §x§D§E§0§0§3§3O§x§E§C§0§0§1§1ni§x§D§E§0§0§3§3 §x§D§0§0§0§5§5S§x§C§2§0§0§7§7h§x§B§4§0§0§9§9i§x§A§6§0§0§B§Be§x§9§8§0§0§D§Dl§x§8§A§0§0§F§Fd in auction for 3000000.
[02:17:16] > BlackKnight buy x3 Trial key to dncipher for $20,000.
[02:17:23] > BlackKnight buy x64 Spruce log to giyahnpogi for $100.
[02:50:42] > SydneySweetie added x1 §f§l§x§F§A§0§0§0§AD§x§F§A§1§A§1§4a§x§F§B§3§4§1§Fr§x§F§B§4§E§2§9k§x§F§B§6§8§3§3f§x§F§B§8§2§3§Dl§x§F§C§9§C§4§8a§x§F§C§B§6§5§2m§x§F§C§D§0§5§Ce§x§F§C§D§0§5§C §x§F§C§B§6§5§2L§x§F§C§9§C§4§8e§x§F§B§8§2§3§Dg§x§F§B§6§8§3§3g§x§F§B§4§E§2§9i§x§F§B§3§4§1§Fn§x§F§A§1§A§1§4g§x§F§A§0§0§0§As in auction for 250000.
[02:52:49] > Takeremu remove x1 §f§l§8B§x§6§1§6§1§6§1a§x§6§D§6§D§6§Dh§x§7§9§7§9§7§9a§x§8§6§8§6§8§6m§x§9§2§9§2§9§2u§x§9§E§9§E§9§Et§7 §x§9§E§9§E§9§EH§x§9§2§9§2§9§2a§x§8§6§8§6§8§6l§x§7§9§7§9§7§9b§x§6§D§6§D§6§De§x§6§1§6§1§6§1r§8d from storage
[02:54:00] > Takeremu added x1 §f§l§8B§x§6§1§6§1§6§1a§x§6§D§6§D§6§Dh§x§7§9§7§9§7§9a§x§8§6§8§6§8§6m§x§9§2§9§2§9§2u§x§9§E§9§E§9§Et§7 §x§9§E§9§E§9§EH§x§9§2§9§2§9§2a§x§8§6§8§6§8§6l§x§7§9§7§9§7§9b§x§6§D§6§D§6§De§x§6§1§6§1§6§1r§8d in auction for 2000000.
[02:55:19] > kopo555 remove x1 Buying Bahamut armor, msg me :3 from storage
[02:55:24] > kopo555 added x1 Buying Bahamut armor, msg me :3 in auction for 1000000000.
[03:13:27] > kopo555 added x1 §f§l§x§F§A§0§0§0§AD§x§F§A§2§0§1§7a§x§F§B§4§0§2§3r§x§F§B§6§0§3§0k§x§F§B§8§0§3§Cf§x§F§C§A§0§4§9l§x§F§C§C§0§5§6am§x§F§C§A§0§4§9e§x§F§B§8§0§3§C §x§F§B§6§0§3§0M§x§F§B§4§0§2§3a§x§F§A§2§0§1§7c§x§F§A§0§0§0§Ae in auction for 5000000.
[03:27:20] > kopo555 remove x1 §x§F§F§3§E§0§0§lD§x§F§F§3§5§0§0§le§x§F§F§2§C§0§0§lm§x§F§F§2§3§0§0§lo§x§F§F§1§B§0§0§ln §x§F§F§0§9§0§0§lL§x§F§F§0§0§0§0§lo§x§F§F§0§A§0§0§lr§x§F§F§1§5§0§0§ld §x§F§F§2§9§0§0§lB§x§F§F§3§4§0§0§lo§x§F§F§3§E§0§0§lw form storage
[03:27:20] > kopo555 remove x1 §f§l§x§F§C§D§0§5§CW§x§F§A§A§A§4§Bu§x§F§9§8§4§3§Bk§x§F§7§5§F§2§Ao§x§F§5§3§9§1§9n§x§F§4§1§3§0§8g §x§F§5§3§9§1§9S§x§F§7§5§F§2§At§x§F§9§8§4§3§Bi§x§F§A§A§A§4§Bc§x§F§C§D§0§5§Ck form storage
[03:27:20] > kopo555 remove x1 §f§l§x§F§A§0§0§0§AD§x§F§A§2§0§1§7a§x§F§B§4§0§2§3r§x§F§B§6§0§3§0k§x§F§B§8§0§3§Cf§x§F§C§A§0§4§9l§x§F§C§C§0§5§6am§x§F§C§A§0§4§9e§x§F§B§8§0§3§C §x§F§B§6§0§3§0M§x§F§B§4§0§2§3a§x§F§A§2§0§1§7c§x§F§A§0§0§0§Ae form storage
[03:27:20] > kopo555 remove x1 Buying Bahamut armor, msg me :3 form storage
[03:27:20] > kopo555 remove x1 §x§F§F§3§E§0§0§lD§x§F§F§3§8§0§0§le§x§F§F§3§2§0§0§lm§x§F§F§2§B§0§0§lo§x§F§F§2§5§0§0§ln §x§F§F§1§9§0§0§lL§x§F§F§1§3§0§0§lo§x§F§F§0§C§0§0§lr§x§F§F§0§6§0§0§ld §x§F§F§0§6§0§0§lB§x§F§F§0§C§0§0§la§x§F§F§1§3§0§0§lt§x§F§F§1§9§0§0§lt§x§F§F§1§F§0§0§ll§x§F§F§2§5§0§0§le §x§F§F§3§2§0§0§lA§x§F§F§3§8§0§0§lx§x§F§F§3§E§0§0§le form storage
[03:27:40] > kopo555 added x1 §x§F§F§3§E§0§0§lD§x§F§F§3§8§0§0§le§x§F§F§3§2§0§0§lm§x§F§F§2§B§0§0§lo§x§F§F§2§5§0§0§ln §x§F§F§1§9§0§0§lL§x§F§F§1§3§0§0§lo§x§F§F§0§C§0§0§lr§x§F§F§0§6§0§0§ld §x§F§F§0§6§0§0§lB§x§F§F§0§C§0§0§la§x§F§F§1§3§0§0§lt§x§F§F§1§9§0§0§lt§x§F§F§1§F§0§0§ll§x§F§F§2§5§0§0§le §x§F§F§3§2§0§0§lA§x§F§F§3§8§0§0§lx§x§F§F§3§E§0§0§le in auction for 500000.
[03:28:08] > kopo555 added x1 §x§F§F§3§E§0§0§lD§x§F§F§3§5§0§0§le§x§F§F§2§C§0§0§lm§x§F§F§2§3§0§0§lo§x§F§F§1§B§0§0§ln §x§F§F§0§9§0§0§lL§x§F§F§0§0§0§0§lo§x§F§F§0§A§0§0§lr§x§F§F§1§5§0§0§ld §x§F§F§2§9§0§0§lB§x§F§F§3§4§0§0§lo§x§F§F§3§E§0§0§lw in auction for 500000.
[03:28:23] > kopo555 added x1 Buying Bahamut armor, msg me :3 in auction for 100000000.
[03:28:40] > kopo555 added x1 §f§l§x§F§A§0§0§0§AD§x§F§A§2§0§1§7a§x§F§B§4§0§2§3r§x§F§B§6§0§3§0k§x§F§B§8§0§3§Cf§x§F§C§A§0§4§9l§x§F§C§C§0§5§6am§x§F§C§A§0§4§9e§x§F§B§8§0§3§C §x§F§B§6§0§3§0M§x§F§B§4§0§2§3a§x§F§A§2§0§1§7c§x§F§A§0§0§0§Ae in auction for 5000000.
[03:28:52] > kopo555 added x1 §f§l§x§F§C§D§0§5§CW§x§F§A§A§A§4§Bu§x§F§9§8§4§3§Bk§x§F§7§5§F§2§Ao§x§F§5§3§9§1§9n§x§F§4§1§3§0§8g §x§F§5§3§9§1§9S§x§F§7§5§F§2§At§x§F§9§8§4§3§Bi§x§F§A§A§A§4§Bc§x§F§C§D§0§5§Ck in auction for 3000000.
[04:23:16] > sunnnnnyy_ buy x1 §x§F§F§7§C§0§0§lSteamsparks Fishing Rod to nicoso12 for $250,000.
[04:26:57] > Kanzie20 remove x64 Glowstone from buy
[04:31:12] > .Kenmbu remove x1 §x§F§2§C§6§D§E§lP§x§E§0§C§A§D§B§li§x§C§D§C§D§D§8§ln§x§B§B§D§1§D§5§la§x§A§9§D§4§D§2§lt§x§9§6§D§8§C§E§la §x§7§1§D§F§C§8§lC§x§5§F§E§2§C§5§lr§x§7§4§D§E§C§9§la§x§8§9§D§A§C§C§lt§x§9§E§D§6§D§0§le §x§C§8§C§E§D§7§lK§x§D§D§C§A§D§A§le§x§F§2§C§6§D§E§ly from storage
[04:31:45] > .Kenmbu added x1 §x§F§2§C§6§D§E§lP§x§E§0§C§A§D§B§li§x§C§D§C§D§D§8§ln§x§B§B§D§1§D§5§la§x§A§9§D§4§D§2§lt§x§9§6§D§8§C§E§la §x§7§1§D§F§C§8§lC§x§5§F§E§2§C§5§lr§x§7§4§D§E§C§9§la§x§8§9§D§A§C§C§lt§x§9§E§D§6§D§0§le §x§C§8§C§E§D§7§lK§x§D§D§C§A§D§A§le§x§F§2§C§6§D§E§ly in auction for 100000.
[04:31:56] > sunnnnnyy_ remove x1 §x§F§F§7§C§0§0§lSteamsparks Fishing Rod from buy
[04:33:15] > kopo555 buy x1 §x§F§2§C§6§D§E§lP§x§E§0§C§A§D§B§li§x§C§D§C§D§D§8§ln§x§B§B§D§1§D§5§la§x§A§9§D§4§D§2§lt§x§9§6§D§8§C§E§la §x§7§1§D§F§C§8§lC§x§5§F§E§2§C§5§lr§x§7§4§D§E§C§9§la§x§8§9§D§A§C§C§lt§x§9§E§D§6§D§0§le §x§C§8§C§E§D§7§lK§x§D§D§C§A§D§A§le§x§F§2§C§6§D§E§ly to .Kenmbu for $100,000.
[04:33:19] > kopo555 remove x1 §x§F§2§C§6§D§E§lP§x§E§0§C§A§D§B§li§x§C§D§C§D§D§8§ln§x§B§B§D§1§D§5§la§x§A§9§D§4§D§2§lt§x§9§6§D§8§C§E§la §x§7§1§D§F§C§8§lC§x§5§F§E§2§C§5§lr§x§7§4§D§E§C§9§la§x§8§9§D§A§C§C§lt§x§9§E§D§6§D§0§le §x§C§8§C§E§D§7§lK§x§D§D§C§A§D§A§le§x§F§2§C§6§D§E§ly from buy
[04:49:48] > Doomday152 remove x1 Enchanted book from buy
[05:08:32] > luvr0ck buy x1 §f§l§x§F§C§D§0§5§CW§x§F§A§A§A§4§Bu§x§F§9§8§4§3§Bk§x§F§7§5§F§2§Ao§x§F§5§3§9§1§9n§x§F§4§1§3§0§8g §x§F§5§3§9§1§9S§x§F§7§5§F§2§Ap§x§F§9§8§4§3§Be§x§F§A§A§A§4§Ba§x§F§C§D§0§5§Cr to Ax_ for $250,000.
[05:11:48] > luvr0ck buy x2 §x§5§C§C§F§F§C§lC§x§5§C§D§1§F§5§lo§x§5§D§D§4§E§E§ls§x§5§D§D§6§E§7§lm§x§5§E§D§9§E§1§le§x§5§E§D§B§D§A§lt§x§5§E§D§D§D§3§li§x§5§F§E§0§C§C§lc §x§5§F§E§0§C§C§lH§x§5§E§D§D§D§3§la§x§5§E§D§B§D§A§lt§x§5§E§D§9§E§1§ls §x§5§D§D§4§E§E§lK§x§5§C§D§1§F§5§le§x§5§C§C§F§F§C§ly to Lan3dy for $200,000.
[05:11:53] > luvr0ck buy x2 §x§C§9§A§7§F§C§lL§x§B§D§A§E§F§6§le§x§B§1§B§4§F§0§lg§x§A§6§B§B§E§A§le§x§9§A§C§1§E§4§ln§x§8§E§C§8§D§D§ld§x§8§2§C§E§D§7§la§x§7§7§D§5§D§1§lr§x§6§B§D§B§C§B§ly §x§6§B§D§B§C§B§lC§x§7§7§D§5§D§1§lr§x§8§2§C§E§D§7§la§x§8§E§C§8§D§D§lt§x§9§A§C§1§E§4§le §x§B§1§B§4§F§0§lK§x§B§D§A§E§F§6§le§x§C§9§A§7§F§C§ly to sdxd_12 for $100,000.
[05:12:12] > luvr0ck buy x1 §f§l§x§F§C§D§0§5§CW§x§F§B§C§3§5§6u§x§F§B§B§6§5§1k§x§F§A§A§9§4§Bo§x§F§A§9§C§4§5n§x§F§9§8§F§3§Fg§x§F§9§8§2§3§A §x§F§8§7§5§3§4C§x§F§8§6§8§2§Eh§x§F§7§5§B§2§8e§x§F§6§4§E§2§3s§x§F§6§4§1§1§Dt§x§F§5§3§4§1§7p§x§F§5§2§7§1§1l§x§F§4§1§A§0§Ca§x§F§4§0§D§0§6t§x§F§3§0§0§0§0e to MrGh0st1y for $100,000.
[05:13:08] > Keeos added x1 §f§l§x§F§C§D§0§5§CW§x§F§A§A§A§4§Bu§x§F§9§8§4§3§Bk§x§F§7§5§F§2§Ao§x§F§5§3§9§1§9n§x§F§4§1§3§0§8g §x§F§5§3§9§1§9S§x§F§7§5§F§2§Ap§x§F§9§8§4§3§Be§x§F§A§A§A§4§Ba§x§F§C§D§0§5§Cr in auction for 300000.
[05:13:24] > Keeos added x1 §f§l§x§F§C§D§0§5§CW§x§F§A§A§A§4§Bu§x§F§9§8§4§3§Bk§x§F§7§5§F§2§Ao§x§F§5§3§9§1§9n§x§F§4§1§3§0§8g §x§F§5§3§9§1§9S§x§F§7§5§F§2§At§x§F§9§8§4§3§Ba§x§F§A§A§A§4§Bf§x§F§C§D§0§5§Cf in auction for 300000.
[05:13:37] > Keeos added x1 §f§l§x§F§C§D§0§5§CW§x§F§A§A§A§4§Bu§x§F§9§8§4§3§Bk§x§F§7§5§F§2§Ao§x§F§5§3§9§1§9n§x§F§4§1§3§0§8g §x§F§5§3§9§1§9S§x§F§7§5§F§2§Ap§x§F§9§8§4§3§Be§x§F§A§A§A§4§Ba§x§F§C§D§0§5§Cr in auction for 300000.
[05:13:55] > Keeos added x1 §f§l§x§F§C§D§0§5§CW§x§F§A§A§A§4§Bu§x§F§9§8§4§3§Bk§x§F§7§5§F§2§Ao§x§F§5§3§9§1§9n§x§F§4§1§3§0§8g §x§F§5§3§9§1§9S§x§F§7§5§F§2§At§x§F§9§8§4§3§Ba§x§F§A§A§A§4§Bf§x§F§C§D§0§5§Cf in auction for 300000.
[05:14:49] > Keeos buy x1 §f§l§x§8§A§0§0§F§FS§x§9§8§0§0§D§Dh§x§A§6§0§0§B§Bi§x§B§4§0§0§9§9n§x§C§2§0§0§7§7e§x§D§0§0§0§5§5 §x§D§E§0§0§3§3O§x§E§C§0§0§1§1ni§x§D§E§0§0§3§3 §x§D§0§0§0§5§5S§x§C§2§0§0§7§7h§x§B§4§0§0§9§9i§x§A§6§0§0§B§Be§x§9§8§0§0§D§Dl§x§8§A§0§0§F§Fd to Sezemi for $1,500,000.
[05:14:58] > Keeos remove x2 §x§C§9§A§7§F§C§lL§x§B§D§A§E§F§6§le§x§B§1§B§4§F§0§lg§x§A§6§B§B§E§A§le§x§9§A§C§1§E§4§ln§x§8§E§C§8§D§D§ld§x§8§2§C§E§D§7§la§x§7§7§D§5§D§1§lr§x§6§B§D§B§C§B§ly §x§6§B§D§B§C§B§lC§x§7§7§D§5§D§1§lr§x§8§2§C§E§D§7§la§x§8§E§C§8§D§D§lt§x§9§A§C§1§E§4§le §x§B§1§B§4§F§0§lK§x§B§D§A§E§F§6§le§x§C§9§A§7§F§C§ly from buy
[05:14:59] > Keeos remove x1 §f§l§x§8§A§0§0§F§FS§x§9§8§0§0§D§Dh§x§A§6§0§0§B§Bi§x§B§4§0§0§9§9n§x§C§2§0§0§7§7e§x§D§0§0§0§5§5 §x§D§E§0§0§3§3O§x§E§C§0§0§1§1ni§x§D§E§0§0§3§3 §x§D§0§0§0§5§5S§x§C§2§0§0§7§7h§x§B§4§0§0§9§9i§x§A§6§0§0§B§Be§x§9§8§0§0§D§Dl§x§8§A§0§0§F§Fd from buy
[05:15:11] > Keeos added x1 §f§l§x§F§C§D§0§5§CW§x§F§B§B§6§5§1u§x§F§A§9§C§4§5k§x§F§9§8§2§3§Ao§x§F§8§6§8§2§En§x§F§6§4§E§2§3g§x§F§5§3§4§1§7 §x§F§4§1§A§0§CG§x§F§3§0§0§0§0r§x§F§4§1§A§0§Ce§x§F§5§3§4§1§7a§x§F§6§4§E§2§3t§x§F§8§6§8§2§Es§x§F§9§8§2§3§Aw§x§F§A§9§C§4§5o§x§F§B§B§6§5§1r§x§F§C§D§0§5§Cd in auction for 300000.
[06:17:59] > Takeremu added x1 Enchanted book in auction for 2500.
[06:18:12] > sdxd_12 buy x1 Enchanted book to Takeremu for $2,500.
[06:18:17] > Takeremu added x1 Enchanted book in auction for 2500.
[06:18:25] > sdxd_12 buy x1 Enchanted book to Takeremu for $2,500.
[06:18:28] > Takeremu added x1 Enchanted book in auction for 2500.
[06:18:39] > Takeremu added x1 Enchanted book in auction for 2500.
[06:19:10] > sdxd_12 remove x1 Netherite upgrade smithing template from buy
[06:19:11] > sdxd_12 remove x1 Enchanted book from buy
[06:19:12] > sdxd_12 remove x1 Enchanted book from buy
[06:19:18] > sdxd_12 buy x1 Enchanted book to Takeremu for $2,500.
[06:19:20] > sdxd_12 buy x1 Enchanted book to Takeremu for $2,500.
[06:19:25] > sdxd_12 remove x1 Enchanted book from buy
[06:19:43] > sdxd_12 remove x1 Enchanted book from buy
[06:25:07] > Takeremu added x1 Enchanted book in auction for 2500.
[06:25:13] > kkyleeeeesa buy x1 Enchanted book to Takeremu for $2,500.
[06:25:20] > Takeremu added x1 Enchanted book in auction for 2500.
[06:25:25] > sdxd_12 buy x1 Enchanted book to Takeremu for $2,500.
[06:25:32] > Takeremu added x1 Enchanted book in auction for 2500.
[06:25:36] > sdxd_12 buy x1 Enchanted book to Takeremu for $2,500.
[06:25:42] > Takeremu added x1 Enchanted book in auction for 2500.
[06:25:44] > kkyleeeeesa buy x1 Enchanted book to Takeremu for $2,500.
[06:25:55] > Takeremu added x1 Enchanted book in auction for 2500.
[06:25:57] > kkyleeeeesa buy x1 Enchanted book to Takeremu for $2,500.
[06:26:06] > Takeremu added x1 Enchanted book in auction for 2500.
[06:26:09] > kkyleeeeesa buy x1 Enchanted book to Takeremu for $2,500.
[06:26:22] > Takeremu added x1 Enchanted book in auction for 2500.
[06:26:23] > kkyleeeeesa buy x1 Enchanted book to Takeremu for $2,500.
[06:26:33] > Takeremu added x1 Enchanted book in auction for 2500.
[06:26:35] > sdxd_12 buy x1 Enchanted book to Takeremu for $2,500.
[06:26:45] > Takeremu added x1 Enchanted book in auction for 2500.
[06:26:53] > sdxd_12 buy x1 Enchanted book to Takeremu for $2,500.
[06:26:56] > Takeremu added x1 Enchanted book in auction for 2500.
[06:27:01] > sdxd_12 buy x1 Enchanted book to Takeremu for $2,500.
[06:27:07] > Takeremu added x1 Enchanted book in auction for 2500.
[06:27:11] > sdxd_12 buy x1 Enchanted book to Takeremu for $2,500.
[06:27:18] > Takeremu added x1 Enchanted book in auction for 2500.
[06:27:23] > sdxd_12 buy x1 Enchanted book to Takeremu for $2,500.
[06:27:32] > Takeremu added x1 Enchanted book in auction for 2500.
[06:27:36] > ChaosPanta buy x1 Enchanted book to Takeremu for $2,500.
[06:27:44] > Takeremu added x1 Enchanted book in auction for 2500.
[06:27:47] > sdxd_12 buy x1 Enchanted book to Takeremu for $2,500.
[06:27:54] > Takeremu added x1 Enchanted book in auction for 2500.
[06:27:58] > ChaosPanta buy x1 Enchanted book to Takeremu for $2,500.
[06:28:06] > Takeremu added x1 Enchanted book in auction for 2500.
[06:28:14] > sdxd_12 buy x1 Enchanted book to Takeremu for $2,500.
[06:28:18] > Takeremu added x1 Enchanted book in auction for 2500.
[06:28:22] > sdxd_12 buy x1 Enchanted book to Takeremu for $2,500.
[06:28:29] > Takeremu added x1 Enchanted book in auction for 2500.
[06:28:32] > sdxd_12 buy x1 Enchanted book to Takeremu for $2,500.
[06:28:41] > Takeremu added x1 Enchanted book in auction for 2500.
[06:28:43] > sdxd_12 buy x1 Enchanted book to Takeremu for $2,500.
[06:28:53] > Takeremu added x1 Enchanted book in auction for 2500.
[06:28:55] > ChaosPanta buy x1 Enchanted book to Takeremu for $2,500.
[06:29:44] > Takeremu added x1 Enchanted book in auction for 2500.
[06:30:01] > Takeremu added x1 Enchanted book in auction for 2500.
[06:30:20] > ChaosPanta buy x1 Enchanted book to Takeremu for $2,500.
[06:30:25] > ChaosPanta buy x1 Enchanted book to Takeremu for $2,500.
[06:30:27] > Takeremu added x1 Enchanted book in auction for 2500.
[06:30:40] > Takeremu added x1 Enchanted book in auction for 2500.
[06:30:41] > sdxd_12 buy x1 Enchanted book to Takeremu for $2,500.
[06:30:52] > Takeremu added x1 Enchanted book in auction for 2500.
[06:30:56] > sdxd_12 buy x1 Enchanted book to Takeremu for $2,500.
[06:30:58] > sdxd_12 buy x1 Enchanted book to Takeremu for $2,500.
[06:31:13] > Takeremu added x1 Enchanted book in auction for 2500.
[06:31:19] > sdxd_12 buy x1 Enchanted book to Takeremu for $2,500.
[06:31:48] > kkyleeeeesa remove x1 Enchanted book from buy
[06:31:48] > kkyleeeeesa remove x1 Enchanted book from buy
[06:31:48] > kkyleeeeesa remove x1 Enchanted book from buy
[06:31:49] > kkyleeeeesa remove x1 Enchanted book from buy
[06:31:49] > kkyleeeeesa remove x1 Enchanted book from buy
[06:36:54] > Takeremu remove x1 Netherite upgrade smithing template from buy
[06:36:55] > Takeremu remove x1 Netherite upgrade smithing template from buy
[06:36:55] > Takeremu remove x1 Netherite upgrade smithing template from buy
[06:37:01] > ChaosPanta remove x1 Enchanted book from buy
[06:37:02] > ChaosPanta remove x1 Enchanted book from buy
[06:37:02] > ChaosPanta remove x1 Enchanted book from buy
[06:37:03] > ChaosPanta remove x1 Enchanted book from buy
[06:37:04] > ChaosPanta remove x1 Enchanted book from buy
[06:39:04] > kkyleeeeesa added x1 Name tag in auction for 2000.
[06:41:19] > Takeremu added x6 Name tag in auction for 12000.
[06:41:34] > Ax_ buy x1 Name tag to kkyleeeeesa for $2,000.
[06:41:49] > Ax_ remove x1 Name tag from buy
[06:44:26] > Ax_ buy x6 Name tag to Takeremu for $12,000.
[06:44:35] > Ax_ remove x6 Name tag from buy
[06:51:19] > sdxd_12 remove x1 Enchanted book from buy
[06:51:21] > sdxd_12 remove x1 Enchanted book from buy
[06:51:21] > sdxd_12 remove x1 Enchanted book from buy
[06:51:22] > sdxd_12 remove x1 Enchanted book form buy
[06:51:22] > sdxd_12 remove x1 Enchanted book form buy
[06:51:22] > sdxd_12 remove x1 Enchanted book form buy
[06:51:22] > sdxd_12 remove x1 Enchanted book form buy
[06:51:22] > sdxd_12 remove x1 Enchanted book form buy
[06:51:22] > sdxd_12 remove x1 Enchanted book form buy
[06:51:22] > sdxd_12 remove x1 Enchanted book form buy
[06:51:22] > sdxd_12 remove x1 Enchanted book form buy
[06:51:22] > sdxd_12 remove x1 Enchanted book form buy
[06:51:22] > sdxd_12 remove x1 Enchanted book form buy
[06:51:22] > sdxd_12 remove x1 Enchanted book form buy
[06:51:22] > sdxd_12 remove x1 Enchanted book form buy
[06:51:22] > sdxd_12 remove x1 Enchanted book form buy
[06:52:29] > .Kenku1001 buy x4 §x§F§F§3§E§0§0§lD§x§F§F§3§7§0§0§le§x§F§F§3§0§0§0§lm§x§F§F§2§9§0§0§lo§x§F§F§2§2§0§0§ln §x§F§F§1§5§0§0§lL§x§F§F§0§E§0§0§lo§x§F§F§0§7§0§0§lr§x§F§F§0§0§0§0§ld §x§F§F§0§E§0§0§lF§x§F§F§1§5§0§0§lr§x§F§F§1§C§0§0§la§x§F§F§2§2§0§0§lg§x§F§F§2§9§0§0§lm§x§F§F§3§0§0§0§le§x§F§F§3§7§0§0§ln§x§F§F§3§E§0§0§lt to Runz for $400,000.
[06:52:37] > .Kenku1001 remove x4 §x§F§F§3§E§0§0§lD§x§F§F§3§7§0§0§le§x§F§F§3§0§0§0§lm§x§F§F§2§9§0§0§lo§x§F§F§2§2§0§0§ln §x§F§F§1§5§0§0§lL§x§F§F§0§E§0§0§lo§x§F§F§0§7§0§0§lr§x§F§F§0§0§0§0§ld §x§F§F§0§E§0§0§lF§x§F§F§1§5§0§0§lr§x§F§F§1§C§0§0§la§x§F§F§2§2§0§0§lg§x§F§F§2§9§0§0§lm§x§F§F§3§0§0§0§le§x§F§F§3§7§0§0§ln§x§F§F§3§E§0§0§lt from buy
[07:18:39] > kopo555 buy x1 §x§E§E§0§0§0§0§lᴜɴʟɪᴍɪᴛᴇᴅ sᴇʟʟᴡᴀɴᴅ to koshie for $500,000.
[07:22:00] > kopo555 remove x1 §x§E§E§0§0§0§0§lᴜɴʟɪᴍɪᴛᴇᴅ sᴇʟʟᴡᴀɴᴅ from buy
[07:28:17] > Takeremu remove x1 §f§l§8B§x§6§1§6§1§6§1a§x§6§D§6§D§6§Dh§x§7§9§7§9§7§9a§x§8§6§8§6§8§6m§x§9§2§9§2§9§2u§x§9§E§9§E§9§Et§7 §x§9§E§9§E§9§EH§x§9§2§9§2§9§2a§x§8§6§8§6§8§6l§x§7§9§7§9§7§9b§x§6§D§6§D§6§De§x§6§1§6§1§6§1r§8d from storage
[07:28:26] > Takeremu added x1 §f§l§8B§x§6§1§6§1§6§1a§x§6§D§6§D§6§Dh§x§7§9§7§9§7§9a§x§8§6§8§6§8§6m§x§9§2§9§2§9§2u§x§9§E§9§E§9§Et§7 §x§9§E§9§E§9§EH§x§9§2§9§2§9§2a§x§8§6§8§6§8§6l§x§7§9§7§9§7§9b§x§6§D§6§D§6§De§x§6§1§6§1§6§1r§8d in auction for 2000000.
[07:28:44] > Takeremu remove x1 §2Cauldron Hat from storage
[07:28:45] > Takeremu remove x1 §x§E§5§1§B§1§B§lDracula Spear from storage
[07:28:59] > tic_sz buy x1 §f§l§x§F§C§D§0§5§CW§x§F§B§B§0§4§Eu§x§F§9§9§0§4§0k§x§F§8§7§0§3§2o§x§F§6§5§0§2§3n§x§F§5§3§0§1§5g§x§F§4§1§0§0§7 P§x§F§5§3§0§1§5i§x§F§6§5§0§2§3c§x§F§8§7§0§3§2k§x§F§9§9§0§4§0a§x§F§B§B§0§4§Ex§x§F§C§D§0§5§Ce to Ax_ for $150,000.
[07:29:16] > Takeremu added x1 Enchanted book in auction for 2500.
[07:29:47] > Takeremu added x1 Enchanted book in auction for 2500.
[07:29:58] > Takeremu added x1 Enchanted book in auction for 2500.
[07:32:59] > Takeremu remove x1 §f§l§8B§x§6§1§6§1§6§1a§x§6§D§6§D§6§Dh§x§7§9§7§9§7§9a§x§8§6§8§6§8§6m§x§9§2§9§2§9§2u§x§9§E§9§E§9§Et§7 §x§9§E§9§E§9§EH§x§9§2§9§2§9§2a§x§8§6§8§6§8§6l§x§7§9§7§9§7§9b§x§6§D§6§D§6§De§x§6§1§6§1§6§1r§8d from storage
[07:33:08] > Takeremu added x1 §f§l§8B§x§6§1§6§1§6§1a§x§6§D§6§D§6§Dh§x§7§9§7§9§7§9a§x§8§6§8§6§8§6m§x§9§2§9§2§9§2u§x§9§E§9§E§9§Et§7 §x§9§E§9§E§9§EH§x§9§2§9§2§9§2a§x§8§6§8§6§8§6l§x§7§9§7§9§7§9b§x§6§D§6§D§6§De§x§6§1§6§1§6§1r§8d in auction for 1000000.
[07:42:25] > kysicx added x1 §x§F§F§5§5§0§0§lsᴇʟʟᴡᴀɴᴅ §6- 10.0x in auction for 1000000.
[08:08:29] > Sombre_505 buy x2 §x§F§F§3§E§0§0§lD§x§F§F§3§7§0§0§le§x§F§F§3§0§0§0§lm§x§F§F§2§9§0§0§lo§x§F§F§2§2§0§0§ln §x§F§F§1§5§0§0§lL§x§F§F§0§E§0§0§lo§x§F§F§0§7§0§0§lr§x§F§F§0§0§0§0§ld §x§F§F§0§E§0§0§lF§x§F§F§1§5§0§0§lr§x§F§F§1§C§0§0§la§x§F§F§2§2§0§0§lg§x§F§F§2§9§0§0§lm§x§F§F§3§0§0§0§le§x§F§F§3§7§0§0§ln§x§F§F§3§E§0§0§lt to .Demon_asta1590 for $400,000.
[08:13:30] > Sombre_505 remove x2 §x§F§F§3§E§0§0§lD§x§F§F§3§7§0§0§le§x§F§F§3§0§0§0§lm§x§F§F§2§9§0§0§lo§x§F§F§2§2§0§0§ln §x§F§F§1§5§0§0§lL§x§F§F§0§E§0§0§lo§x§F§F§0§7§0§0§lr§x§F§F§0§0§0§0§ld §x§F§F§0§E§0§0§lF§x§F§F§1§5§0§0§lr§x§F§F§1§C§0§0§la§x§F§F§2§2§0§0§lg§x§F§F§2§9§0§0§lm§x§F§F§3§0§0§0§le§x§F§F§3§7§0§0§ln§x§F§F§3§E§0§0§lt from buy
[08:24:45] > Sombre_505 buy x1 Enchanted book to Takeremu for $2,500.
[08:24:49] > Sombre_505 buy x1 Enchanted book to Takeremu for $2,500.
[08:24:53] > Sombre_505 buy x1 Enchanted book to Takeremu for $2,500.
[08:28:08] > Sombre_505 remove x1 Enchanted book from buy
[08:28:08] > Sombre_505 remove x1 Enchanted book from buy
[08:28:08] > Sombre_505 remove x1 Enchanted book from buy
[08:55:45] > DanRaiv added x1 §x§F§F§3§E§0§0§lD§x§F§F§3§6§0§0§le§x§F§F§2§F§0§0§lm§x§F§F§2§7§0§0§lo§x§F§F§1§F§0§0§ln §x§F§F§1§0§0§0§lL§x§F§F§0§8§0§0§lo§x§F§F§0§0§0§0§lr§x§F§F§0§8§0§0§ld §x§F§F§1§7§0§0§lH§x§F§F§1§F§0§0§le§x§F§F§2§7§0§0§ll§x§F§F§2§F§0§0§lm§x§F§F§3§6§0§0§le§x§F§F§3§E§0§0§lt in auction for 1500000.
[08:56:02] > DanRaiv added x1 §x§F§F§3§E§0§0§lD§x§F§F§3§8§0§0§le§x§F§F§3§2§0§0§lm§x§F§F§2§B§0§0§lo§x§F§F§2§5§0§0§ln §x§F§F§1§9§0§0§lL§x§F§F§1§3§0§0§lo§x§F§F§0§C§0§0§lr§x§F§F§0§6§0§0§ld §x§F§F§0§7§0§0§lC§x§F§F§0§E§0§0§lh§x§F§F§1§5§0§0§le§x§F§F§1§C§0§0§ls§x§F§F§2§2§0§0§lp§x§F§F§2§9§0§0§ll§x§F§F§3§0§0§0§la§x§F§F§3§7§0§0§lt§x§F§F§3§E§0§0§le in auction for 1000000.
[08:56:15] > DanRaiv added x1 §x§F§F§3§E§0§0§lD§x§F§F§3§7§0§0§le§x§F§F§3§0§0§0§lm§x§F§F§2§9§0§0§lo§x§F§F§2§2§0§0§ln §x§F§F§1§5§0§0§lL§x§F§F§0§E§0§0§lo§x§F§F§0§7§0§0§lr§x§F§F§0§0§0§0§ld §x§F§F§0§E§0§0§lL§x§F§F§1§5§0§0§le§x§F§F§1§C§0§0§lg§x§F§F§2§2§0§0§lg§x§F§F§2§9§0§0§li§x§F§F§3§0§0§0§ln§x§F§F§3§7§0§0§lg§x§F§F§3§E§0§0§ls in auction for 1000000.
[08:56:40] > DanRaiv added x1 §x§F§F§3§E§0§0§lD§x§F§F§3§6§0§0§le§x§F§F§2§F§0§0§lm§x§F§F§2§7§0§0§lo§x§F§F§1§F§0§0§ln §x§F§F§1§0§0§0§lL§x§F§F§0§8§0§0§lo§x§F§F§0§0§0§0§lr§x§F§F§0§9§0§0§ld §x§F§F§1§B§0§0§lB§x§F§F§2§3§0§0§lo§x§F§F§2§C§0§0§lo§x§F§F§3§5§0§0§lt§x§F§F§3§E§0§0§ls in auction for 2000000.
[08:59:51] > koshie added x1 §x§F§F§3§E§0§0§lD§x§F§F§3§7§0§0§le§x§F§F§3§0§0§0§lm§x§F§F§2§9§0§0§lo§x§F§F§2§2§0§0§ln §x§F§F§1§5§0§0§lL§x§F§F§0§E§0§0§lo§x§F§F§0§7§0§0§lr§x§F§F§0§0§0§0§ld §x§F§F§0§E§0§0§lL§x§F§F§1§5§0§0§le§x§F§F§1§C§0§0§lg§x§F§F§2§2§0§0§lg§x§F§F§2§9§0§0§li§x§F§F§3§0§0§0§ln§x§F§F§3§7§0§0§lg§x§F§F§3§E§0§0§ls in auction for 300000.
[08:59:56] > BlackKnight buy x1 §x§F§F§3§E§0§0§lD§x§F§F§3§7§0§0§le§x§F§F§3§0§0§0§lm§x§F§F§2§9§0§0§lo§x§F§F§2§2§0§0§ln §x§F§F§1§5§0§0§lL§x§F§F§0§E§0§0§lo§x§F§F§0§7§0§0§lr§x§F§F§0§0§0§0§ld §x§F§F§0§E§0§0§lL§x§F§F§1§5§0§0§le§x§F§F§1§C§0§0§lg§x§F§F§2§2§0§0§lg§x§F§F§2§9§0§0§li§x§F§F§3§0§0§0§ln§x§F§F§3§7§0§0§lg§x§F§F§3§E§0§0§ls to koshie for $300,000.
[09:00:55] > BlackKnight remove x1 §x§F§F§3§E§0§0§lD§x§F§F§3§7§0§0§le§x§F§F§3§0§0§0§lm§x§F§F§2§9§0§0§lo§x§F§F§2§2§0§0§ln §x§F§F§1§5§0§0§lL§x§F§F§0§E§0§0§lo§x§F§F§0§7§0§0§lr§x§F§F§0§0§0§0§ld §x§F§F§0§E§0§0§lL§x§F§F§1§5§0§0§le§x§F§F§1§C§0§0§lg§x§F§F§2§2§0§0§lg§x§F§F§2§9§0§0§li§x§F§F§3§0§0§0§ln§x§F§F§3§7§0§0§lg§x§F§F§3§E§0§0§ls form buy
[09:00:55] > BlackKnight remove x3 Trial key form buy
[09:00:55] > BlackKnight remove x64 Spruce log form buy
[09:01:21] > Ax_ buy x1 Enchanted book to Unforce01 for $300,000.
[09:01:35] > Ax_ remove x1 Enchanted book from buy
[09:08:17] > Sombre_505 added x64 SFC in auction for 5000.
[09:08:31] > Sombre_505 added x64 SFC in auction for 5000.
[09:08:36] > giyahnpogi added x3 Wither skeleton skull in auction for 30000.
[09:08:42] > Sombre_505 added x64 SFC in auction for 5000.
[09:08:45] > BlackKnight buy x3 Wither skeleton skull to giyahnpogi for $30,000.
[09:08:50] > BlackKnight remove x3 Wither skeleton skull from buy
[09:08:55] > Sombre_505 added x64 SFC in auction for 5000.
[09:10:20] > Sombre_505 added x1 §esᴘɪᴅᴇʀ sᴘᴀᴡɴᴇʀ in auction for 500000.
[09:12:36] > giyahnpogi added x3 Wither skeleton skull in auction for 30000.
[09:15:37] > HEYkay27 buy x1 §f§l§x§F§C§D§0§5§CW§x§F§B§B§6§5§1u§x§F§A§9§C§4§5k§x§F§9§8§2§3§Ao§x§F§8§6§8§2§En§x§F§6§4§E§2§3g§x§F§5§3§4§1§7 §x§F§4§1§A§0§CG§x§F§3§0§0§0§0r§x§F§4§1§A§0§Ce§x§F§5§3§4§1§7a§x§F§6§4§E§2§3t§x§F§8§6§8§2§Es§x§F§9§8§2§3§Aw§x§F§A§9§C§4§5o§x§F§B§B§6§5§1r§x§F§C§D§0§5§Cd to Keeos for $300,000.
[09:17:49] > octopus_01 remove x1 §eᴄᴏᴡ sᴘᴀᴡɴᴇʀ form storage
[09:17:49] > octopus_01 remove x1 §x§F§F§3§E§0§0§lD§x§F§F§3§6§0§0§le§x§F§F§2§F§0§0§lm§x§F§F§2§7§0§0§lo§x§F§F§1§F§0§0§ln §x§F§F§1§0§0§0§lL§x§F§F§0§8§0§0§lo§x§F§F§0§0§0§0§lr§x§F§F§0§8§0§0§ld §x§F§F§1§7§0§0§lH§x§F§F§1§F§0§0§le§x§F§F§2§7§0§0§ll§x§F§F§2§F§0§0§lm§x§F§F§3§6§0§0§le§x§F§F§3§E§0§0§lt form storage
[09:17:49] > octopus_01 remove x1 §f§l§x§F§C§D§0§5§CW§x§F§A§A§2§4§8u§x§F§8§7§4§3§3k§x§F§6§4§5§1§Fo§x§F§4§1§7§0§Ang§x§F§6§4§5§1§F §x§F§8§7§4§3§3B§x§F§A§A§2§4§8o§x§F§C§D§0§5§Cw form storage
[09:17:49] > octopus_01 remove x1 §x§E§5§1§B§1§B§lDracula Shovel form storage
[09:17:49] > octopus_01 remove x1 §x§E§5§1§B§1§B§lDracula Axe form storage
[09:17:49] > octopus_01 remove x1 §f§l§x§F§A§0§0§0§AD§x§F§A§1§A§1§4a§x§F§B§3§4§1§Fr§x§F§B§4§E§2§9k§x§F§B§6§8§3§3f§x§F§B§8§2§3§Dl§x§F§C§9§C§4§8a§x§F§C§B§6§5§2m§x§F§C§D§0§5§Ce§x§F§C§D§0§5§C §x§F§C§B§6§5§2L§x§F§C§9§C§4§8e§x§F§B§8§2§3§Dg§x§F§B§6§8§3§3g§x§F§B§4§E§2§9i§x§F§B§3§4§1§Fn§x§F§A§1§A§1§4g§x§F§A§0§0§0§As form storage
[09:17:49] > octopus_01 remove x1 §f§l§x§F§C§D§0§5§CW§x§F§A§A§A§4§Bu§x§F§9§8§4§3§Bk§x§F§7§5§F§2§Ao§x§F§5§3§9§1§9n§x§F§4§1§3§0§8g §x§F§5§3§9§1§9S§x§F§7§5§F§2§Aw§x§F§9§8§4§3§Bo§x§F§A§A§A§4§Br§x§F§C§D§0§5§Cd form storage
[09:17:49] > octopus_01 remove x1 §x§F§F§3§E§0§0§lD§x§F§F§3§7§0§0§le§x§F§F§3§0§0§0§lm§x§F§F§2§9§0§0§lo§x§F§F§2§2§0§0§ln §x§F§F§1§5§0§0§lL§x§F§F§0§E§0§0§lo§x§F§F§0§7§0§0§lr§x§F§F§0§0§0§0§ld §x§F§F§0§E§0§0§lC§x§F§F§1§5§0§0§lr§x§F§F§1§C§0§0§lo§x§F§F§2§2§0§0§ls§x§F§F§2§9§0§0§ls§x§F§F§3§0§0§0§lb§x§F§F§3§7§0§0§lo§x§F§F§3§E§0§0§lw form storage
[09:17:49] > octopus_01 remove x1 §f§l§x§F§C§D§0§5§CW§x§F§B§B§2§4§Fu§x§F§9§9§5§4§2k§x§F§8§7§7§3§5o§x§F§7§5§9§2§7n§x§F§6§3§B§1§Ag§x§F§4§1§E§0§D §x§F§3§0§0§0§0C§x§F§4§1§E§0§Dr§x§F§6§3§B§1§Ao§x§F§7§5§9§2§7s§x§F§8§7§7§3§5s§x§F§9§9§5§4§2b§x§F§B§B§2§4§Fo§x§F§C§D§0§5§Cw form storage
[09:18:12] > octopus_01 buy x64 Experience bottle to HwanYo for $250,000.
[09:18:16] > octopus_01 buy x64 Experience bottle to HwanYo for $250,000.
[09:18:20] > octopus_01 buy x64 Experience bottle to HwanYo for $250,000.
[09:18:24] > octopus_01 buy x64 Experience bottle to HwanYo for $250,000.
[09:18:28] > octopus_01 buy x64 Experience bottle to HwanYo for $250,000.
[09:18:36] > octopus_01 remove x64 Experience bottle from buy
[09:18:37] > octopus_01 remove x64 Experience bottle from buy
[09:18:38] > octopus_01 remove x64 Experience bottle from buy
[09:18:38] > octopus_01 remove x64 Experience bottle from buy
[09:18:39] > octopus_01 remove x64 Experience bottle from buy
[09:19:02] > octopus_01 added x1 §x§F§F§3§E§0§0§lD§x§F§F§3§6§0§0§le§x§F§F§2§F§0§0§lm§x§F§F§2§7§0§0§lo§x§F§F§1§F§0§0§ln §x§F§F§1§0§0§0§lL§x§F§F§0§8§0§0§lo§x§F§F§0§0§0§0§lr§x§F§F§0§8§0§0§ld §x§F§F§1§7§0§0§lH§x§F§F§1§F§0§0§le§x§F§F§2§7§0§0§ll§x§F§F§2§F§0§0§lm§x§F§F§3§6§0§0§le§x§F§F§3§E§0§0§lt in auction for 500000.
[09:19:34] > octopus_01 added x1 §f§l§x§F§C§D§0§5§CW§x§F§B§B§2§4§Fu§x§F§9§9§5§4§2k§x§F§8§7§7§3§5o§x§F§7§5§9§2§7n§x§F§6§3§B§1§Ag§x§F§4§1§E§0§D §x§F§3§0§0§0§0C§x§F§4§1§E§0§Dr§x§F§6§3§B§1§Ao§x§F§7§5§9§2§7s§x§F§8§7§7§3§5s§x§F§9§9§5§4§2b§x§F§B§B§2§4§Fo§x§F§C§D§0§5§Cw in auction for 500000.
[09:20:38] > octopus_01 added x1 §f§l§x§F§C§D§0§5§CW§x§F§A§A§2§4§8u§x§F§8§7§4§3§3k§x§F§6§4§5§1§Fo§x§F§4§1§7§0§Ang§x§F§6§4§5§1§F §x§F§8§7§4§3§3B§x§F§A§A§2§4§8o§x§F§C§D§0§5§Cw in auction for 500000.
[09:20:51] > octopus_01 added x1 §f§l§x§F§C§D§0§5§CW§x§F§A§A§A§4§Bu§x§F§9§8§4§3§Bk§x§F§7§5§F§2§Ao§x§F§5§3§9§1§9n§x§F§4§1§3§0§8g §x§F§5§3§9§1§9S§x§F§7§5§F§2§Aw§x§F§9§8§4§3§Bo§x§F§A§A§A§4§Br§x§F§C§D§0§5§Cd in auction for 500000.
[09:22:46] > giyahnpogi added x24 Wind charge in auction for 24000.
[09:24:33] > octopus_01 added x1 §f§l§x§F§A§0§0§0§AD§x§F§A§1§A§1§4a§x§F§B§3§4§1§Fr§x§F§B§4§E§2§9k§x§F§B§6§8§3§3f§x§F§B§8§2§3§Dl§x§F§C§9§C§4§8a§x§F§C§B§6§5§2m§x§F§C§D§0§5§Ce§x§F§C§D§0§5§C §x§F§C§B§6§5§2L§x§F§C§9§C§4§8e§x§F§B§8§2§3§Dg§x§F§B§6§8§3§3g§x§F§B§4§E§2§9i§x§F§B§3§4§1§Fn§x§F§A§1§A§1§4g§x§F§A§0§0§0§As in auction for 700000.
[09:26:02] > HEYkay27 buy x1 §f§l§x§F§C§D§0§5§CW§x§F§A§A§6§4§Au§x§F§8§7§D§3§7k§x§F§7§5§3§2§5o§x§F§5§2§A§1§2n§x§F§3§0§0§0§0g§x§F§5§2§A§1§2 §x§F§7§5§3§2§5C§x§F§8§7§D§3§7l§x§F§A§A§6§4§Au§x§F§C§D§0§5§Cb to Unforce01 for $500,000.
[09:50:19] > Sombre_505 buy x2 §x§F§F§3§E§0§0§lD§x§F§F§3§7§0§0§le§x§F§F§3§0§0§0§lm§x§F§F§2§9§0§0§lo§x§F§F§2§2§0§0§ln §x§F§F§1§5§0§0§lL§x§F§F§0§E§0§0§lo§x§F§F§0§7§0§0§lr§x§F§F§0§0§0§0§ld §x§F§F§0§E§0§0§lF§x§F§F§1§5§0§0§lr§x§F§F§1§C§0§0§la§x§F§F§2§2§0§0§lg§x§F§F§2§9§0§0§lm§x§F§F§3§0§0§0§le§x§F§F§3§7§0§0§ln§x§F§F§3§E§0§0§lt to El3ctric_Ey3 for $300,000.
[09:50:24] > Sombre_505 remove x2 §x§F§F§3§E§0§0§lD§x§F§F§3§7§0§0§le§x§F§F§3§0§0§0§lm§x§F§F§2§9§0§0§lo§x§F§F§2§2§0§0§ln §x§F§F§1§5§0§0§lL§x§F§F§0§E§0§0§lo§x§F§F§0§7§0§0§lr§x§F§F§0§0§0§0§ld §x§F§F§0§E§0§0§lF§x§F§F§1§5§0§0§lr§x§F§F§1§C§0§0§la§x§F§F§2§2§0§0§lg§x§F§F§2§9§0§0§lm§x§F§F§3§0§0§0§le§x§F§F§3§7§0§0§ln§x§F§F§3§E§0§0§lt from buy
[09:55:54] > MrGh0st1y remove x1 §x§F§C§D§0§5§C§lB§x§E§6§D§3§6§B§la§x§C§F§D§5§7§A§ls§x§B§9§D§8§8§9§li§x§A§2§D§A§9§8§lc §x§7§5§D§F§B§6§lC§x§5§F§E§2§C§5§lr§x§7§5§D§F§B§6§la§x§8§C§D§D§A§7§lt§x§A§2§D§A§9§8§le §x§C§F§D§5§7§A§lK§x§E§6§D§3§6§B§le§x§F§C§D§0§5§C§ly from buy
[09:56:00] > MrGh0st1y remove x1 §x§F§F§5§5§0§0§lsᴇʟʟᴡᴀɴᴅ §6- 10.0x from buy
[09:56:00] > MrGh0st1y remove x1 §f§l§x§F§C§D§0§5§CW§x§F§A§A§6§4§Au§x§F§8§7§D§3§7k§x§F§7§5§3§2§5o§x§F§5§2§A§1§2n§x§F§3§0§0§0§0g§x§F§5§2§A§1§2 §x§F§7§5§3§2§5C§x§F§8§7§D§3§7l§x§F§A§A§6§4§Au§x§F§C§D§0§5§Cb from buy
[09:56:01] > MrGh0st1y remove x1 Enchanted book from buy
[10:00:16] > Artdeh buy x1 §x§F§F§3§E§0§0§lD§x§F§F§3§8§0§0§le§x§F§F§3§2§0§0§lm§x§F§F§2§B§0§0§lo§x§F§F§2§5§0§0§ln §x§F§F§1§9§0§0§lL§x§F§F§1§3§0§0§lo§x§F§F§0§C§0§0§lr§x§F§F§0§6§0§0§ld §x§F§F§0§7§0§0§lC§x§F§F§0§E§0§0§lh§x§F§F§1§5§0§0§le§x§F§F§1§C§0§0§ls§x§F§F§2§2§0§0§lp§x§F§F§2§9§0§0§ll§x§F§F§3§0§0§0§la§x§F§F§3§7§0§0§lt§x§F§F§3§E§0§0§le to DanRaiv for $1,000,000.
[10:00:22] > Artdeh remove x1 §x§F§F§3§E§0§0§lD§x§F§F§3§8§0§0§le§x§F§F§3§2§0§0§lm§x§F§F§2§B§0§0§lo§x§F§F§2§5§0§0§ln §x§F§F§1§9§0§0§lL§x§F§F§1§3§0§0§lo§x§F§F§0§C§0§0§lr§x§F§F§0§6§0§0§ld §x§F§F§0§7§0§0§lC§x§F§F§0§E§0§0§lh§x§F§F§1§5§0§0§le§x§F§F§1§C§0§0§ls§x§F§F§2§2§0§0§lp§x§F§F§2§9§0§0§ll§x§F§F§3§0§0§0§la§x§F§F§3§7§0§0§lt§x§F§F§3§E§0§0§le from buy
[10:20:01] > HwanYo buy x1 §x§F§F§5§5§0§0§lsᴇʟʟᴡᴀɴᴅ §6- 10.0x to kysicx for $1,000,000.
[10:21:25] > HwanYo buy x3 Wither skeleton skull to giyahnpogi for $30,000.
[10:22:03] > HwanYo buy x1 §x§F§F§5§5§0§0§lsᴇʟʟᴡᴀɴᴅ §6- 5.0x to .Demon_asta1590 for $500,000.
[10:22:34] > HwanYo remove x3 Wither skeleton skull from buy
[10:22:34] > HwanYo remove x1 §x§F§F§5§5§0§0§lsᴇʟʟᴡᴀɴᴅ §6- 10.0x from buy
[10:22:35] > HwanYo remove x1 §eᴄʀᴇᴇᴘᴇʀ sᴘᴀᴡɴᴇʀ from buy
[10:22:36] > HwanYo remove x1 §x§F§F§5§5§0§0§lsᴇʟʟᴡᴀɴᴅ §6- 5.0x from buy
[10:22:37] > HwanYo remove x1 §f§l§x§F§C§D§0§5§CW§x§F§A§A§A§4§Bu§x§F§9§8§4§3§Bk§x§F§7§5§F§2§Ao§x§F§5§3§9§1§9n§x§F§4§1§3§0§8g §x§F§5§3§9§1§9S§x§F§7§5§F§2§Aw§x§F§9§8§4§3§Bo§x§F§A§A§A§4§Br§x§F§C§D§0§5§Cd from buy
[10:22:37] > HwanYo remove x1 §f§l§x§F§C§D§0§5§CW§x§F§B§A§D§4§Du§x§F§9§8§B§3§Dk§x§F§8§6§8§2§Eo§x§F§6§4§5§1§Fn§x§F§5§2§3§0§Fg§x§F§3§0§0§0§0 §x§F§5§2§3§0§FD§x§F§6§4§5§1§Fa§x§F§8§6§8§2§Eg§x§F§9§8§B§3§Dg§x§F§B§A§D§4§De§x§F§C§D§0§5§Cr from buy
[10:22:38] > HwanYo remove x1 §f§l§x§F§C§D§0§5§CW§x§F§B§B§0§4§Eu§x§F§9§9§0§4§0k§x§F§8§7§0§3§2o§x§F§6§5§0§2§3n§x§F§5§3§0§1§5g§x§F§4§1§0§0§7 H§x§F§5§3§0§1§5a§x§F§6§5§0§2§3l§x§F§8§7§0§3§2b§x§F§9§9§0§4§0e§x§F§B§B§0§4§Er§x§F§C§D§0§5§Cd from buy
[10:22:38] > HwanYo remove x1 §f§l§x§F§C§D§0§5§CW§x§F§B§B§6§5§1u§x§F§A§9§C§4§5k§x§F§9§8§2§3§Ao§x§F§8§6§8§2§En§x§F§6§4§E§2§3g§x§F§5§3§4§1§7 §x§F§4§1§A§0§CG§x§F§3§0§0§0§0r§x§F§4§1§A§0§Ce§x§F§5§3§4§1§7a§x§F§6§4§E§2§3t§x§F§8§6§8§2§Es§x§F§9§8§2§3§Aw§x§F§A§9§C§4§5o§x§F§B§B§6§5§1r§x§F§C§D§0§5§Cd from buy
[10:23:20] > HwanYo remove x1 §x§F§F§5§5§0§0§lsᴇʟʟᴡᴀɴᴅ §6- 20.0x from storage
[10:23:27] > HwanYo added x64 Experience bottle in auction for 300000.
[10:23:39] > HwanYo added x64 Experience bottle in auction for 300000.
[10:24:07] > HwanYo added x64 Experience bottle in auction for 300000.
[10:24:18] > HwanYo added x64 Experience bottle in auction for 300000.
[10:24:30] > HwanYo added x64 Experience bottle in auction for 300000.
[10:24:40] > HwanYo added x64 Experience bottle in auction for 300000.
[10:34:04] > namerikangel added x1 Ominous bottle in auction for 10000.
[10:41:58] > tic_sz added x1 Wither skeleton skull in auction for 10000.
[10:42:58] > tic_sz added x5 §x§F§C§9§0§5§C§lE§x§E§6§9§C§6§B§lp§x§C§F§A§7§7§A§li§x§B§9§B§3§8§9§lc §x§8§C§C§B§A§7§lC§x§7§5§D§6§B§6§lr§x§5§F§E§2§C§5§la§x§7§9§D§4§B§4§lt§x§9§3§C§7§A§2§le §x§C§8§A§B§7§F§lK§x§E§2§9§E§6§E§le§x§F§C§9§0§5§C§ly in auction for 200000.
[10:48:09] > Cooldoggiexd added x1 §eᴢᴏᴍʙɪᴇ sᴘᴀᴡɴᴇʀ in auction for 300000.
[10:48:11] > kkyleeeeesa buy x1 §eᴢᴏᴍʙɪᴇ sᴘᴀᴡɴᴇʀ to Cooldoggiexd for $300,000.
[10:48:21] > Cooldoggiexd added x1 §x§5§C§C§F§F§C§lC§x§5§C§D§1§F§5§lo§x§5§D§D§4§E§E§ls§x§5§D§D§6§E§7§lm§x§5§E§D§9§E§1§le§x§5§E§D§B§D§A§lt§x§5§E§D§D§D§3§li§x§5§F§E§0§C§C§lc §x§5§F§E§0§C§C§lH§x§5§E§D§D§D§3§la§x§5§E§D§B§D§A§lt§x§5§E§D§9§E§1§ls §x§5§D§D§4§E§E§lK§x§5§C§D§1§F§5§le§x§5§C§C§F§F§C§ly in auction for 20000.
[10:49:25] > BlackKnight added x1 §f§x§D§0§D§0§D§0J§x§C§9§C§9§C§9e§x§C§2§C§2§C§2t§x§B§B§B§B§B§B §x§B§3§B§3§B§3P§x§A§C§A§C§A§Ci§x§A§5§A§5§A§5l§x§9§E§9§E§9§Eo§x§9§7§9§7§9§7t§x§9§0§9§0§9§0 §x§8§9§8§9§8§9H§x§8§2§8§2§8§2e§x§7§A§7§A§7§Al§x§7§3§7§3§7§3m§x§6§C§6§C§6§Ce§x§6§5§6§5§6§5t in auction for 50000.
[10:49:38] > BlackKnight added x1 §fMedieval Hat in auction for 30000.
[10:49:38] > Cooldoggiexd remove x1 §x§5§C§C§F§F§C§lC§x§5§C§D§1§F§5§lo§x§5§D§D§4§E§E§ls§x§5§D§D§6§E§7§lm§x§5§E§D§9§E§1§le§x§5§E§D§B§D§A§lt§x§5§E§D§D§D§3§li§x§5§F§E§0§C§C§lc §x§5§F§E§0§C§C§lH§x§5§E§D§D§D§3§la§x§5§E§D§B§D§A§lt§x§5§E§D§9§E§1§ls §x§5§D§D§4§E§E§lK§x§5§C§D§1§F§5§le§x§5§C§C§F§F§C§ly form storage
[10:49:47] > Cooldoggiexd added x1 §x§5§C§C§F§F§C§lC§x§5§C§D§1§F§5§lo§x§5§D§D§4§E§E§ls§x§5§D§D§6§E§7§lm§x§5§E§D§9§E§1§le§x§5§E§D§B§D§A§lt§x§5§E§D§D§D§3§li§x§5§F§E§0§C§C§lc §x§5§F§E§0§C§C§lH§x§5§E§D§D§D§3§la§x§5§E§D§B§D§A§lt§x§5§E§D§9§E§1§ls §x§5§D§D§4§E§E§lK§x§5§C§D§1§F§5§le§x§5§C§C§F§F§C§ly in auction for 20000.
[10:50:57] > kkyleeeeesa remove x1 §eᴢᴏᴍʙɪᴇ sᴘᴀᴡɴᴇʀ from buy
[10:52:05] > FRANZ_JOSEF0 added x1 §f§x§D§0§D§0§D§0J§x§C§9§C§9§C§9e§x§C§2§C§2§C§2t§x§B§B§B§B§B§B §x§B§3§B§3§B§3P§x§A§C§A§C§A§Ci§x§A§5§A§5§A§5l§x§9§E§9§E§9§Eo§x§9§7§9§7§9§7t§x§9§0§9§0§9§0 §x§8§9§8§9§8§9H§x§8§2§8§2§8§2e§x§7§A§7§A§7§Al§x§7§3§7§3§7§3m§x§6§C§6§C§6§Ce§x§6§5§6§5§6§5t in auction for 30000.
[10:52:21] > lolxxvihan remove x1 Nether star form storage
[10:52:21] > lolxxvihan remove x2 Nether star form storage
[10:52:21] > lolxxvihan remove x1 Nether star form storage
[10:52:22] > Runz buy x1 Ominous bottle to namerikangel for $10,000.
[10:52:25] > FRANZ_JOSEF0 added x2 Shulker shell in auction for 20000.
[10:55:45] > Artdeh added x1 §x§5§9§A§1§D§9§lA§x§7§5§B§1§D§Fr§x§9§0§C§0§E§6c§x§A§C§D§0§E§Ch§x§C§8§E§0§F§2a§x§E§3§E§F§F§9n§fg§x§E§3§E§F§F§9e§x§C§8§E§0§F§2l §x§9§0§C§0§E§6H§x§7§5§B§1§D§Fo§x§5§9§A§1§D§9e in auction for 200000.
[11:07:12] > tic_sz added x20 Diamond block in auction for 50000.
[11:07:24] > giyahnpogi buy x20 Diamond block to tic_sz for $50,000.
[11:09:36] > .Allxnzv buy x1 Diamond chestplate to Technoblad7869 for $10,000.
[11:11:08] > tic_sz added x1 Elytra in auction for 1500000.
[11:11:16] > FRANZ_JOSEF0 buy x1 Elytra to tic_sz for $1,500,000.
[11:11:29] > FRANZ_JOSEF0 remove x1 Elytra from buy
[11:15:23] > .Allxnzv remove x1 Diamond chestplate from buy
[11:19:49] > lolxxvihan added x7 Nether star in auction for 50000.
[11:23:24] > tic_sz added x32 Iron block in auction for 60000.
[11:24:21] > tic_sz added x5 Iron block in auction for 10000.
[11:24:31] > .Allxnzv buy x5 Iron block to tic_sz for $10,000.
[11:24:42] > .Allxnzv remove x5 Iron block from buy
[11:26:06] > tic_sz added x64 Experience bottle in auction for 10000.
[11:26:15] > .Allxnzv buy x64 Experience bottle to tic_sz for $10,000.
[11:26:26] > .Allxnzv remove x64 Experience bottle from buy
[11:26:30] > tic_sz added x64 Experience bottle in auction for 10000.
[11:28:30] > tic_sz remove x1 §x§F§F§3§E§0§0§lD§x§F§F§3§6§0§0§le§x§F§F§2§F§0§0§lm§x§F§F§2§7§0§0§lo§x§F§F§1§F§0§0§ln §x§F§F§1§0§0§0§lL§x§F§F§0§8§0§0§lo§x§F§F§0§0§0§0§lr§x§F§F§0§9§0§0§ld §x§F§F§1§B§0§0§lS§x§F§F§2§3§0§0§lt§x§F§F§2§C§0§0§la§x§F§F§3§5§0§0§lf§x§F§F§3§E§0§0§lf from storage
[11:28:33] > tic_sz remove x32 Iron block from storage
[11:28:38] > tic_sz added x15 Diamond in auction for 5000.
[11:28:49] > .Allxnzv buy x15 Diamond to tic_sz for $5,000.
[11:29:09] > .Allxnzv remove x15 Diamond from buy
[11:29:39] > tic_sz added x1 Netherite ingot in auction for 10000.
[11:29:52] > .Allxnzv buy x1 Netherite ingot to tic_sz for $10,000.
[11:30:41] > celinesanrio added x1 Netherite upgrade smithing template in auction for 51700.
[11:30:47] > tic_sz added x1 Netherite upgrade smithing template in auction for 10.
[11:30:53] > celinesanrio buy x1 Netherite upgrade smithing template to tic_sz for $10.
[11:30:57] > celinesanrio remove x1 Netherite upgrade smithing template form buy
[11:31:27] > lolxxvihan buy x1 Netherite upgrade smithing template to celinesanrio for $51,700.
[11:32:12] > .Allxnzv remove x1 Netherite ingot from buy
[11:35:28] > tic_sz added x1 §x§F§F§3§E§0§0§lD§x§F§F§3§6§0§0§le§x§F§F§2§F§0§0§lm§x§F§F§2§7§0§0§lo§x§F§F§1§F§0§0§ln §x§F§F§1§0§0§0§lL§x§F§F§0§8§0§0§lo§x§F§F§0§0§0§0§lr§x§F§F§0§9§0§0§ld §x§F§F§1§B§0§0§lS§x§F§F§2§3§0§0§lt§x§F§F§2§C§0§0§la§x§F§F§3§5§0§0§lf§x§F§F§3§E§0§0§lf in auction for 50000.
[11:36:49] > HwanYo buy x64 Experience bottle to tic_sz for $10,000.
[11:41:48] > BlackKnight buy x1 §x§5§9§A§1§D§9§lA§x§7§5§B§1§D§Fr§x§9§0§C§0§E§6c§x§A§C§D§0§E§Ch§x§C§8§E§0§F§2a§x§E§3§E§F§F§9n§fg§x§E§3§E§F§F§9e§x§C§8§E§0§F§2l §x§9§0§C§0§E§6H§x§7§5§B§1§D§Fo§x§5§9§A§1§D§9e to Artdeh for $200,000.
[11:43:10] > HwanYo buy x1 Wither skeleton skull to tic_sz for $10,000.
[11:43:33] > HwanYo remove x64 Experience bottle from storage
[11:43:34] > HwanYo remove x64 Experience bottle from storage
[11:43:34] > HwanYo remove x64 Experience bottle from storage
[11:43:35] > HwanYo remove x64 Experience bottle from storage
[11:43:36] > HwanYo remove x64 Experience bottle from storage
[11:43:36] > HwanYo remove x64 Experience bottle from storage
[11:43:43] > HwanYo added x64 Experience bottle in auction for 250000.
[11:43:55] > HwanYo added x64 Experience bottle in auction for 250000.
[11:44:07] > HwanYo added x64 Experience bottle in auction for 250000.
[11:44:18] > HwanYo added x64 Experience bottle in auction for 250000.
[11:44:49] > HwanYo added x64 Experience bottle in auction for 250000.
[11:46:28] > celinesanrio added x1 §f§l§x§F§A§0§0§0§AD§x§F§A§1§E§1§6a§x§F§B§3§B§2§1r§x§F§B§5§9§2§Dk§x§F§B§7§7§3§9f§x§F§B§9§5§4§5l§x§F§C§B§2§5§0a§x§F§C§D§0§5§Cm§x§F§C§B§2§5§0e§x§F§B§9§5§4§5 §x§F§B§7§7§3§9S§x§F§B§5§9§2§Dt§x§F§B§3§B§2§1a§x§F§A§1§E§1§6f§x§F§A§0§0§0§Af in auction for 1000000.
[11:47:01] > HwanYo added x64 Experience bottle in auction for 250000.