
[12:06:24] > Trapers1 added x5 §x§F§C§9§0§5§C§lE§x§E§6§9§C§6§B§lp§x§C§F§A§7§7§A§li§x§B§9§B§3§8§9§lc §x§8§C§C§B§A§7§lC§x§7§5§D§6§B§6§lr§x§5§F§E§2§C§5§la§x§7§9§D§4§B§4§lt§x§9§3§C§7§A§2§le §x§C§8§A§B§7§F§lK§x§E§2§9§E§6§E§le§x§F§C§9§0§5§C§ly in auction for 250000.
[12:10:40] > auvicious remove x1 plushieesss ❤ (dm for offers if u want) from storage
[12:11:18] > Sapswright added x10 §x§F§C§9§0§5§C§lE§x§E§6§9§C§6§B§lp§x§C§F§A§7§7§A§li§x§B§9§B§3§8§9§lc §x§8§C§C§B§A§7§lC§x§7§5§D§6§B§6§lr§x§5§F§E§2§C§5§la§x§7§9§D§4§B§4§lt§x§9§3§C§7§A§2§le §x§C§8§A§B§7§F§lK§x§E§2§9§E§6§E§le§x§F§C§9§0§5§C§ly in auction for 500000.
[12:20:14] > nachfaust remove x1 §x§E§5§1§B§1§B§lDracula Wings from storage
[12:22:24] > auvicious buy x1 §f§l§x§8§A§0§0§F§FS§x§9§9§0§0§D§Bh§x§A§8§0§0§B§6i§x§B§7§0§0§9§2n§x§C§6§0§0§6§De§x§D§5§0§0§4§9 §x§E§4§0§0§2§4O§x§F§3§0§0§0§0n§x§E§4§0§0§2§4i§x§D§5§0§0§4§9 §x§C§6§0§0§6§DB§x§B§7§0§0§9§2o§x§A§8§0§0§B§6o§x§9§9§0§0§D§Bt§x§8§A§0§0§F§Fs to 8it5inn for $2,300,000.
[12:22:42] > auvicious remove x1 §f§l§x§8§A§0§0§F§FS§x§9§9§0§0§D§Bh§x§A§8§0§0§B§6i§x§B§7§0§0§9§2n§x§C§6§0§0§6§De§x§D§5§0§0§4§9 §x§E§4§0§0§2§4O§x§F§3§0§0§0§0n§x§E§4§0§0§2§4i§x§D§5§0§0§4§9 §x§C§6§0§0§6§DB§x§B§7§0§0§9§2o§x§A§8§0§0§B§6o§x§9§9§0§0§D§Bt§x§8§A§0§0§F§Fs form buy
[12:22:45] > Trapers1 buy x10 §x§F§C§9§0§5§C§lE§x§E§6§9§C§6§B§lp§x§C§F§A§7§7§A§li§x§B§9§B§3§8§9§lc §x§8§C§C§B§A§7§lC§x§7§5§D§6§B§6§lr§x§5§F§E§2§C§5§la§x§7§9§D§4§B§4§lt§x§9§3§C§7§A§2§le §x§C§8§A§B§7§F§lK§x§E§2§9§E§6§E§le§x§F§C§9§0§5§C§ly to Sapswright for $500,000.
[12:22:48] > Trapers1 remove x1 §x§F§F§7§C§0§0§lSteamsparks Leggings form storage
[12:22:48] > Trapers1 remove x1 §x§F§F§7§C§0§0§lSteamsparks Helmet form storage
[12:22:48] > Trapers1 remove x1 §x§F§F§7§C§0§0§lSteamsparks Chestplate form storage
[12:22:48] > Trapers1 remove x1 §x§F§F§7§C§0§0§lSteamsparks Boots form storage
[12:22:48] > Trapers1 remove x5 §x§F§C§9§0§5§C§lE§x§E§6§9§C§6§B§lp§x§C§F§A§7§7§A§li§x§B§9§B§3§8§9§lc §x§8§C§C§B§A§7§lC§x§7§5§D§6§B§6§lr§x§5§F§E§2§C§5§la§x§7§9§D§4§B§4§lt§x§9§3§C§7§A§2§le §x§C§8§A§B§7§F§lK§x§E§2§9§E§6§E§le§x§F§C§9§0§5§C§ly form storage
[12:22:48] > Trapers1 remove x1 §f§l§8B§x§6§1§6§1§6§1a§x§6§D§6§D§6§Dh§x§7§9§7§9§7§9a§x§8§6§8§6§8§6m§x§9§2§9§2§9§2u§x§9§E§9§E§9§Et§7 §x§9§E§9§E§9§EH§x§9§2§9§2§9§2a§x§8§6§8§6§8§6l§x§7§9§7§9§7§9b§x§6§D§6§D§6§De§x§6§1§6§1§6§1r§8d form storage
[12:22:52] > Trapers1 remove x10 §x§F§C§9§0§5§C§lE§x§E§6§9§C§6§B§lp§x§C§F§A§7§7§A§li§x§B§9§B§3§8§9§lc §x§8§C§C§B§A§7§lC§x§7§5§D§6§B§6§lr§x§5§F§E§2§C§5§la§x§7§9§D§4§B§4§lt§x§9§3§C§7§A§2§le §x§C§8§A§B§7§F§lK§x§E§2§9§E§6§E§le§x§F§C§9§0§5§C§ly form buy
[12:23:39] > Trapers1 added x1 §x§F§F§7§C§0§0§lSteamsparks Blade in auction for 300000.
[12:23:51] > Trapers1 added x1 §f§l§x§F§C§D§0§5§CW§x§F§B§A§D§4§Du§x§F§9§8§B§3§Dk§x§F§8§6§8§2§Eo§x§F§6§4§5§1§Fn§x§F§5§2§3§0§Fg§x§F§3§0§0§0§0 §x§F§5§2§3§0§FD§x§F§6§4§5§1§Fa§x§F§8§6§8§2§Eg§x§F§9§8§B§3§Dg§x§F§B§A§D§4§De§x§F§C§D§0§5§Cr in auction for 300000.
[12:24:07] > Trapers1 added x1 §x§F§F§7§C§0§0§lSteamsparks Staff in auction for 300000.
[12:25:49] > Trapers1 added x1 §f§l§8B§x§6§1§6§1§6§1a§x§6§D§6§D§6§Dh§x§7§9§7§9§7§9a§x§8§6§8§6§8§6m§x§9§2§9§2§9§2u§x§9§E§9§E§9§Et§7 §x§9§E§9§E§9§EH§x§9§2§9§2§9§2a§x§8§6§8§6§8§6l§x§7§9§7§9§7§9b§x§6§D§6§D§6§De§x§6§1§6§1§6§1r§8d in auction for 300000.
[12:26:08] > HumanguyYT added x1 Enchanted golden apple in auction for 10000.
[12:26:27] > auvicious added x1 §x§F§F§7§C§0§0§lSteamsparks Staff in auction for 200000.
[12:40:26] > Buhnaenaexx buy x4 Netherite ingot to magolek_09 for $500,000.
[12:40:46] > Buhnaenaexx buy x4 Netherite ingot to magolek_09 for $500,000.
[12:40:55] > Buhnaenaexx buy x4 Netherite upgrade smithing template to ReKYee for $200,000.
[12:42:56] > Takeremu added x5 §x§F§C§D§0§5§C§lB§x§E§6§D§3§6§B§la§x§C§F§D§5§7§A§ls§x§B§9§D§8§8§9§li§x§A§2§D§A§9§8§lc §x§7§5§D§F§B§6§lC§x§5§F§E§2§C§5§lr§x§7§5§D§F§B§6§la§x§8§C§D§D§A§7§lt§x§A§2§D§A§9§8§le §x§C§F§D§5§7§A§lK§x§E§6§D§3§6§B§le§x§F§C§D§0§5§C§ly in auction for 50000.
[12:43:15] > Buhnaenaexx remove x4 Netherite ingot from buy
[12:43:16] > Buhnaenaexx remove x4 Netherite upgrade smithing template from buy
[12:43:16] > Buhnaenaexx remove x4 Netherite ingot from buy
[12:58:30] > Takeremu added x4 §e§lCrab Scale in auction for 80000.
[12:58:35] > monggol buy x4 §e§lCrab Scale to Takeremu for $80,000.
[12:58:41] > Takeremu added x4 §9§lCrab Claw in auction for 80000.
[12:58:45] > monggol buy x4 §9§lCrab Claw to Takeremu for $80,000.
[12:58:54] > azuyeca buy x14 Breeze rod to .Whatyusaay for $34,000.
[12:58:57] > azuyeca buy x13 Breeze rod to .Whatyusaay for $35,000.
[12:59:07] > azuyeca remove x13 Breeze rod from buy
[12:59:08] > azuyeca remove x14 Breeze rod from buy
[12:59:10] > monggol remove x4 §9§lCrab Claw from buy
[12:59:10] > monggol remove x4 §e§lCrab Scale from buy
[13:02:17] > azuyeca remove x1 §9§lCrab Claw from buy
[13:02:30] > azuyeca added x1 §9§lCrab Claw in auction for 50000.
[13:02:38] > monggol buy x1 §9§lCrab Claw to azuyeca for $50,000.
[13:02:50] > monggol remove x1 §9§lCrab Claw from buy
[13:06:52] > .Whatyusaay added x12 Breeze rod in auction for 34000.
[13:08:00] > .VisedSauce5790 remove x1 §x§E§3§A§F§4§F§lʟᴇɢᴇɴᴅᴀʀʏ ɪᴛᴇᴍ from storage
[13:10:10] > Kodakoda remove x1 Ominous bottle from storage
[13:15:16] > .VisedSauce5790 added x1 §9§lCrab Claw in auction for 300000.
[13:15:29] > .VisedSauce5790 added x1 §e§lCrab Scale in auction for 300000.
[13:16:35] > .VisedSauce5790 remove x1 §e§lCrab Scale from storage
[13:16:36] > .VisedSauce5790 remove x1 §9§lCrab Claw from storage
[13:36:13] > Kodakoda added x3 Ominous trial key in auction for 50000.
[13:36:28] > Kodakoda added x1 Ominous bottle in auction for 50000.
[13:53:35] > Takeremu added x1 §3§lDolphin Tail in auction for 80000.
[13:53:45] > Takeremu added x1 §3§lDolphin Tail in auction for 80000.
[13:53:55] > azuyeca remove x64 Experience bottle from buy
[13:55:07] > auvicious remove x11 Enchanted golden apple from storage
[13:55:13] > auvicious added x12 Enchanted golden apple in auction for 800000.
[13:57:37] > YchannR buy x12 Breeze rod to .Whatyusaay for $34,000.
[14:04:24] > Takeremu added x2 §3§lDolphin Tail in auction for 160000.
[14:05:13] > .VisedSauce5790 added x2 §e§lCrab Scale in auction for 150000.
[14:05:27] > .VisedSauce5790 added x2 §9§lCrab Claw in auction for 150000.
[14:08:00] > Edabis buy x2 §3§lDolphin Tail to Takeremu for $160,000.
[14:08:04] > Edabis buy x1 §3§lDolphin Tail to Takeremu for $80,000.
[14:08:08] > Edabis buy x1 §3§lDolphin Tail to Takeremu for $80,000.
[14:12:03] > Edabis remove x1 §3§lDolphin Tail form buy
[14:12:03] > Edabis remove x1 §3§lDolphin Tail form buy
[14:12:03] > Edabis remove x2 §3§lDolphin Tail form buy
[14:13:23] > Celeste01 added x1 Enchanted book in auction for 5000.
[14:13:37] > Celeste01 added x1 Enchanted book in auction for 5000.
[14:15:07] > Gabyy added x1 §f§l§8B§x§6§6§6§6§6§6a§x§7§7§7§7§7§7h§x§8§8§8§8§8§8a§x§9§9§9§9§9§9m§7u§x§9§9§9§9§9§9t§x§8§8§8§8§8§8 §x§7§7§7§7§7§7A§x§6§6§6§6§6§6x§8e in auction for 700000.
[14:15:10] > Puffingsponge added x64 Firework rocket in auction for 10.
[14:15:14] > koshie buy x64 Firework rocket to Puffingsponge for $10.
[14:15:33] > Puffingsponge added x17 items in auction for 10000.
[14:15:47] > koshie buy x1 §7Sale of inventory to Puffingsponge for $10,000.
[14:18:11] > _BAAM added x1 §x§F§F§3§E§0§0§lD§x§F§F§3§8§0§0§le§x§F§F§3§2§0§0§lm§x§F§F§2§B§0§0§lo§x§F§F§2§5§0§0§ln §x§F§F§1§9§0§0§lL§x§F§F§1§3§0§0§lo§x§F§F§0§C§0§0§lr§x§F§F§0§6§0§0§ld §x§F§F§0§6§0§0§lB§x§F§F§0§C§0§0§la§x§F§F§1§3§0§0§lt§x§F§F§1§9§0§0§lt§x§F§F§1§F§0§0§ll§x§F§F§2§5§0§0§le §x§F§F§3§2§0§0§lA§x§F§F§3§8§0§0§lx§x§F§F§3§E§0§0§le in auction for 3000000.
[14:19:53] > WystineW added x1 §x§F§F§5§5§0§0§lsᴇʟʟᴡᴀɴᴅ §6- 5.0x in auction for 900.
[14:19:57] > Kaynn buy x1 §x§F§F§5§5§0§0§lsᴇʟʟᴡᴀɴᴅ §6- 5.0x to WystineW for $900.
[14:20:16] > Gabyy buy x1 Ominous bottle to Kodakoda for $50,000.
[14:20:19] > Kaynn remove x1 §x§F§F§5§5§0§0§lsᴇʟʟᴡᴀɴᴅ §6- 5.0x from buy
[14:20:24] > Gabyy remove x1 Ominous bottle from buy
[14:20:54] > Kaynn remove x1 §x§F§F§3§E§0§0§lD§x§F§F§3§6§0§0§le§x§F§F§2§F§0§0§lm§x§F§F§2§7§0§0§lo§x§F§F§1§F§0§0§ln §x§F§F§1§0§0§0§lL§x§F§F§0§8§0§0§lo§x§F§F§0§0§0§0§lr§x§F§F§0§9§0§0§ld §x§F§F§1§B§0§0§lS§x§F§F§2§3§0§0§lw§x§F§F§2§C§0§0§lo§x§F§F§3§5§0§0§lr§x§F§F§3§E§0§0§ld from storage
[14:20:55] > Kaynn remove x1 §f§l§x§F§C§D§0§5§CW§x§F§A§A§2§4§8u§x§F§8§7§4§3§3k§x§F§6§4§5§1§Fo§x§F§4§1§7§0§Ang§x§F§6§4§5§1§F §x§F§8§7§4§3§3H§x§F§A§A§2§4§8o§x§F§C§D§0§5§Ce from storage
[14:20:55] > Kaynn remove x1 §x§F§F§3§E§0§0§lD§x§F§F§3§6§0§0§le§x§F§F§2§F§0§0§lm§x§F§F§2§7§0§0§lo§x§F§F§1§F§0§0§ln §x§F§F§1§0§0§0§lL§x§F§F§0§8§0§0§lo§x§F§F§0§0§0§0§lr§x§F§F§0§9§0§0§ld §x§F§F§1§B§0§0§lS§x§F§F§2§3§0§0§lp§x§F§F§2§C§0§0§le§x§F§F§3§5§0§0§la§x§F§F§3§E§0§0§lr from storage
[14:20:56] > Kaynn remove x1 Heavy core from storage
[14:21:04] > Kaynn added x2 §x§F§F§3§E§0§0§lSellwand Voucher in auction for 2199000.
[14:23:16] > Kaynn added x1 §x§F§F§5§5§0§0§lsᴇʟʟᴡᴀɴᴅ §6- 5.0x in auction for 750000.
[14:23:34] > ry9191 added x1 §f§l§8B§x§6§6§6§6§6§6a§x§7§7§7§7§7§7h§x§8§8§8§8§8§8a§x§9§9§9§9§9§9m§7u§x§9§9§9§9§9§9t§x§8§8§8§8§8§8 §x§7§7§7§7§7§7K§x§6§6§6§6§6§6e§8y in auction for 300000.
[14:23:40] > Seikuji8811 added x1 §fElf Hat in auction for 100000.
[14:23:48] > azuyeca buy x1 §f§l§8B§x§6§6§6§6§6§6a§x§7§7§7§7§7§7h§x§8§8§8§8§8§8a§x§9§9§9§9§9§9m§7u§x§9§9§9§9§9§9t§x§8§8§8§8§8§8 §x§7§7§7§7§7§7K§x§6§6§6§6§6§6e§8y to ry9191 for $300,000.
[14:24:15] > Kaynn remove x2 §x§F§F§3§E§0§0§lSellwand Voucher from storage
[14:24:16] > Kaynn remove x1 §x§F§F§3§E§0§0§lSellwand Voucher from storage
[14:24:17] > Kaynn remove x1 Enchanted book from storage
[14:24:28] > _BAAM buy x1 §x§F§F§5§5§0§0§lsᴇʟʟᴡᴀɴᴅ §6- 5.0x to 8it5inn for $450,000.
[14:24:31] > Kaynn added x1 §x§F§F§3§E§0§0§lSellwand Voucher in auction for 1000000.
[14:24:34] > _BAAM remove x1 §x§F§F§5§5§0§0§lsᴇʟʟᴡᴀɴᴅ §6- 5.0x from buy
[14:24:45] > Kaynn added x1 §x§F§F§3§E§0§0§lSellwand Voucher in auction for 1000000.
[14:25:01] > Kaynn added x1 §x§F§F§3§E§0§0§lSellwand Voucher in auction for 1000000.
[14:26:40] > ry9191 buy x1 §x§F§F§3§E§0§0§lSellwand Voucher to Kaynn for $1,000,000.
[14:26:53] > ry9191 remove x1 §x§F§F§3§E§0§0§lSellwand Voucher form buy
[14:27:22] > scarlettti added x1 §x§F§F§5§5§0§0§lsᴇʟʟᴡᴀɴᴅ §6- 10.0x in auction for 500000.
[14:27:28] > Cooldoggiexd buy x1 §x§F§F§5§5§0§0§lsᴇʟʟᴡᴀɴᴅ §6- 10.0x to scarlettti for $500,000.
[14:27:36] > Cooldoggiexd remove x1 §x§F§F§5§5§0§0§lsᴇʟʟᴡᴀɴᴅ §6- 10.0x from buy
[14:28:19] > Trapers1 added x1 §x§F§F§5§5§0§0§lsᴇʟʟᴡᴀɴᴅ §6- 5.0x in auction for 400000.
[14:29:37] > Trapers1 added x1 §f§l§8B§x§6§4§6§4§6§4a§x§7§4§7§4§7§4h§x§8§3§8§3§8§3a§x§9§3§9§3§9§3m§x§A§2§A§2§A§2ut§x§9§3§9§3§9§3 §x§8§3§8§3§8§3M§x§7§4§7§4§7§4a§x§6§4§6§4§6§4c§8e in auction for 1500000.
[14:31:25] > ry9191 remove x1 §f§l§x§8§A§0§0§F§FS§x§9§C§0§0§D§5h§x§A§D§0§0§A§Ai§x§B§F§0§0§8§0n§x§D§0§0§0§5§5e§x§E§2§0§0§2§B §x§F§3§0§0§0§0O§x§E§2§0§0§2§An§x§D§0§0§0§5§5i§x§B§F§0§0§8§0 §x§A§D§0§0§A§AB§x§9§C§0§0§D§5o§x§8§A§0§0§F§Fw form storage
[14:31:46] > ry9191 added x1 §f§l§x§8§A§0§0§F§FS§x§9§C§0§0§D§5h§x§A§D§0§0§A§Ai§x§B§F§0§0§8§0n§x§D§0§0§0§5§5e§x§E§2§0§0§2§B §x§F§3§0§0§0§0O§x§E§2§0§0§2§An§x§D§0§0§0§5§5i§x§B§F§0§0§8§0 §x§A§D§0§0§A§AB§x§9§C§0§0§D§5o§x§8§A§0§0§F§Fw in auction for 1500000.
[14:32:18] > Buhnaenaexx added x1 §x§F§F§5§5§0§0§lsᴇʟʟᴡᴀɴᴅ §6- 10.0x in auction for 1500000.
[14:34:40] > monggol added x1 §x§F§F§3§E§0§0§lD§x§F§F§3§7§0§0§le§x§F§F§3§0§0§0§lm§x§F§F§2§9§0§0§lo§x§F§F§2§2§0§0§ln §x§F§F§1§5§0§0§lL§x§F§F§0§E§0§0§lo§x§F§F§0§7§0§0§lr§x§F§F§0§0§0§0§ld §x§F§F§0§E§0§0§lL§x§F§F§1§5§0§0§le§x§F§F§1§C§0§0§lg§x§F§F§2§2§0§0§lg§x§F§F§2§9§0§0§li§x§F§F§3§0§0§0§ln§x§F§F§3§7§0§0§lg§x§F§F§3§E§0§0§ls in auction for 550000.
[14:34:47] > monggol remove x1 §x§F§F§3§E§0§0§lD§x§F§F§3§7§0§0§le§x§F§F§3§0§0§0§lm§x§F§F§2§9§0§0§lo§x§F§F§2§2§0§0§ln §x§F§F§1§5§0§0§lL§x§F§F§0§E§0§0§lo§x§F§F§0§7§0§0§lr§x§F§F§0§0§0§0§ld §x§F§F§0§E§0§0§lL§x§F§F§1§5§0§0§le§x§F§F§1§C§0§0§lg§x§F§F§2§2§0§0§lg§x§F§F§2§9§0§0§li§x§F§F§3§0§0§0§ln§x§F§F§3§7§0§0§lg§x§F§F§3§E§0§0§ls from storage
[14:35:13] > monggol added x1 §x§F§F§3§E§0§0§lD§x§F§F§3§7§0§0§le§x§F§F§3§0§0§0§lm§x§F§F§2§9§0§0§lo§x§F§F§2§2§0§0§ln §x§F§F§1§5§0§0§lL§x§F§F§0§E§0§0§lo§x§F§F§0§7§0§0§lr§x§F§F§0§0§0§0§ld §x§F§F§0§E§0§0§lL§x§F§F§1§5§0§0§le§x§F§F§1§C§0§0§lg§x§F§F§2§2§0§0§lg§x§F§F§2§9§0§0§li§x§F§F§3§0§0§0§ln§x§F§F§3§7§0§0§lg§x§F§F§3§E§0§0§ls in auction for 600000.
[14:36:13] > bedrock_enjoy3r remove x1 §x§F§F§5§5§0§0§lsᴇʟʟᴡᴀɴᴅ §6- 20.0x from buy
[14:39:42] > RizzaIck remove x1 §x§F§0§7§A§5§4§lZombie Apocalyptic Halberd from expire
[14:39:55] > RizzaIck added x1 §x§F§0§7§A§5§4§lZombie Apocalyptic Halberd in auction for 1500000.
[14:40:27] > 8it5inn remove x1 §f§l§8B§x§6§6§6§6§6§6a§x§7§7§7§7§7§7h§x§8§8§8§8§8§8a§x§9§9§9§9§9§9m§7u§x§9§9§9§9§9§9t§x§8§8§8§8§8§8 §x§7§7§7§7§7§7B§x§6§6§6§6§6§6o§8w from storage
[14:40:42] > 8it5inn added x1 §f§l§8B§x§6§6§6§6§6§6a§x§7§7§7§7§7§7h§x§8§8§8§8§8§8a§x§9§9§9§9§9§9m§7u§x§9§9§9§9§9§9t§x§8§8§8§8§8§8 §x§7§7§7§7§7§7B§x§6§6§6§6§6§6o§8w in auction for 170000.
[14:43:07] > Zaiil added x1 Mace in auction for 500000.
[14:43:17] > Zaiil added x1 Mace in auction for 500000.
[14:43:33] > Zaiil added x1 Mace in auction for 500000.
[14:43:52] > dearestyumeko buy x64 Experience bottle to PumpkinSweetie for $100,000.
[14:44:00] > Zaiil added x1 Mace in auction for 400000.
[14:49:40] > Keeos added x64 Golden apple in auction for 150000.
[14:49:46] > RizzaIck added x1 §x§E§5§1§B§1§B§lDracula Dagger in auction for 100000.
[14:49:47] > Fogstrap buy x64 Golden apple to Keeos for $150,000.
[14:50:29] > Cooldoggiexd added x1 Golden apple in auction for 200000.
[14:50:46] > Cooldoggiexd remove x1 Golden apple from storage
[14:50:54] > Cooldoggiexd remove x1 Golden apple from expire
[14:51:19] > Cooldoggiexd added x4 Enchanted golden apple in auction for 200000.
[14:52:47] > ace added x1 Enchanted golden apple in auction for 9999.
[14:52:56] > azuyeca buy x1 Enchanted golden apple to ace for $9,999.
[14:53:12] > azuyeca buy x1 Enchanted golden apple to HumanguyYT for $10,000.
[14:53:16] > azuyeca buy x12 Enchanted golden apple to auvicious for $800,000.
[14:54:54] > monggol added x1 Coast armor trim smithing template in auction for 100000.
[14:54:58] > YchannR added x1 §f§l§x§8§A§0§0§F§FS§x§9§8§0§0§D§Dh§x§A§6§0§0§B§Bi§x§B§4§0§0§9§9n§x§C§2§0§0§7§7e§x§D§0§0§0§5§5 §x§D§E§0§0§3§3O§x§E§C§0§0§1§1ni§x§D§E§0§0§3§3 §x§D§0§0§0§5§5H§x§C§2§0§0§7§7e§x§B§4§0§0§9§9l§x§A§6§0§0§B§Bm§x§9§8§0§0§D§De§x§8§A§0§0§F§Ft in auction for 10000000.
[14:55:05] > monggol added x1 Coast armor trim smithing template in auction for 100000.
[14:55:20] > monggol added x1 Coast armor trim smithing template in auction for 100000.
[14:55:29] > ace added x1 Golden apple in auction for 500.
[14:56:25] > YchannR remove x1 §f§l§x§8§A§0§0§F§FS§x§9§8§0§0§D§Dh§x§A§6§0§0§B§Bi§x§B§4§0§0§9§9n§x§C§2§0§0§7§7e§x§D§0§0§0§5§5 §x§D§E§0§0§3§3O§x§E§C§0§0§1§1ni§x§D§E§0§0§3§3 §x§D§0§0§0§5§5H§x§C§2§0§0§7§7e§x§B§4§0§0§9§9l§x§A§6§0§0§B§Bm§x§9§8§0§0§D§De§x§8§A§0§0§F§Ft form storage
[14:56:50] > monggol remove x1 §f§l§x§8§A§0§0§F§FS§x§9§9§0§0§D§Bh§x§A§8§0§0§B§6i§x§B§7§0§0§9§2n§x§C§6§0§0§6§De§x§D§5§0§0§4§9 §x§E§4§0§0§2§4O§x§F§3§0§0§0§0n§x§E§4§0§0§2§4i§x§D§5§0§0§4§9 §x§C§6§0§0§6§DS§x§B§7§0§0§9§2t§x§A§8§0§0§B§6a§x§9§9§0§0§D§Bf§x§8§A§0§0§F§Ff from storage
[14:57:11] > monggol added x1 §f§l§x§8§A§0§0§F§FS§x§9§9§0§0§D§Bh§x§A§8§0§0§B§6i§x§B§7§0§0§9§2n§x§C§6§0§0§6§De§x§D§5§0§0§4§9 §x§E§4§0§0§2§4O§x§F§3§0§0§0§0n§x§E§4§0§0§2§4i§x§D§5§0§0§4§9 §x§C§6§0§0§6§DS§x§B§7§0§0§9§2t§x§A§8§0§0§B§6a§x§9§9§0§0§D§Bf§x§8§A§0§0§F§Ff in auction for 2000000.
[14:58:57] > azuyeca buy x1 Golden apple to ace for $500.
[15:01:02] > Zaiil remove x1 Mace from storage
[15:01:14] > Zaiil added x1 Enchanted book in auction for 700000.
[15:05:45] > auvicious buy x1 §f§l§x§8§A§0§0§F§FS§x§9§6§0§0§E§3h§x§A§1§0§0§C§6i§x§A§D§0§0§A§An§x§B§9§0§0§8§Ee§x§C§4§0§0§7§1 §x§D§0§0§0§5§5O§x§D§C§0§0§3§9n§x§E§7§0§0§1§Ci§x§F§3§0§0§0§0 §x§E§7§0§0§1§CB§x§D§C§0§0§3§9i§x§D§0§0§0§5§5g§x§C§4§0§0§7§1 §x§B§9§0§0§8§ES§x§A§D§0§0§A§Aw§x§A§1§0§0§C§6o§x§9§6§0§0§E§3r§x§8§A§0§0§F§Fd to khenjieMC for $2,000,000.
[15:05:52] > auvicious remove x1 §f§l§x§8§A§0§0§F§FS§x§9§6§0§0§E§3h§x§A§1§0§0§C§6i§x§A§D§0§0§A§An§x§B§9§0§0§8§Ee§x§C§4§0§0§7§1 §x§D§0§0§0§5§5O§x§D§C§0§0§3§9n§x§E§7§0§0§1§Ci§x§F§3§0§0§0§0 §x§E§7§0§0§1§CB§x§D§C§0§0§3§9i§x§D§0§0§0§5§5g§x§C§4§0§0§7§1 §x§B§9§0§0§8§ES§x§A§D§0§0§A§Aw§x§A§1§0§0§C§6o§x§9§6§0§0§E§3r§x§8§A§0§0§F§Fd form buy
[15:12:31] > Celeste01 added x1 Mace in auction for 700000.
[15:12:54] > Lithium_O added x1 §x§3§4§9§8§D§Bɪʀᴏɴ ɢᴏʟᴇᴍ ꜱᴘᴀᴡɴᴇʀ in auction for 650000.
[15:12:59] > koshie buy x1 §x§3§4§9§8§D§Bɪʀᴏɴ ɢᴏʟᴇᴍ ꜱᴘᴀᴡɴᴇʀ to Lithium_O for $650,000.
[15:13:05] > Lithium_O added x1 §x§3§4§9§8§D§Bɪʀᴏɴ ɢᴏʟᴇᴍ ꜱᴘᴀᴡɴᴇʀ in auction for 650000.
[15:13:14] > ace buy x1 §x§3§4§9§8§D§Bɪʀᴏɴ ɢᴏʟᴇᴍ ꜱᴘᴀᴡɴᴇʀ to Lithium_O for $650,000.
[15:17:13] > dearestyumeko remove x64 Experience bottle from buy
[15:18:21] > HwanYo remove x1 §x§F§F§5§5§0§0§lsᴇʟʟᴡᴀɴᴅ §6- 5.0x from buy
[15:18:36] > HwanYo buy x1 §x§F§F§3§E§0§0§lSellwand Voucher to Kaynn for $1,000,000.
[15:18:44] > HwanYo remove x1 §x§F§F§3§E§0§0§lSellwand Voucher from buy
[15:18:52] > HwanYo buy x1 §x§F§F§3§E§0§0§lSellwand Voucher to Kaynn for $1,000,000.
[15:18:57] > HwanYo remove x1 §x§F§F§3§E§0§0§lSellwand Voucher from buy
[15:20:32] > HwanYo remove x1 §x§F§F§3§E§0§0§lD§x§F§F§3§7§0§0§le§x§F§F§3§0§0§0§lm§x§F§F§2§9§0§0§lo§x§F§F§2§2§0§0§ln §x§F§F§1§5§0§0§lL§x§F§F§0§E§0§0§lo§x§F§F§0§7§0§0§lr§x§F§F§0§0§0§0§ld §x§F§F§0§E§0§0§lL§x§F§F§1§5§0§0§le§x§F§F§1§C§0§0§lg§x§F§F§2§2§0§0§lg§x§F§F§2§9§0§0§li§x§F§F§3§0§0§0§ln§x§F§F§3§7§0§0§lg§x§F§F§3§E§0§0§ls from storage
[15:20:39] > HwanYo remove x1 §f§l§8B§x§6§6§6§6§6§6a§x§7§7§7§7§7§7h§x§8§8§8§8§8§8a§x§9§9§9§9§9§9m§7u§x§9§9§9§9§9§9t§x§8§8§8§8§8§8 §x§7§7§7§7§7§7A§x§6§6§6§6§6§6x§8e from storage
[15:20:44] > HwanYo added x1 §f§l§8B§x§6§6§6§6§6§6a§x§7§7§7§7§7§7h§x§8§8§8§8§8§8a§x§9§9§9§9§9§9m§7u§x§9§9§9§9§9§9t§x§8§8§8§8§8§8 §x§7§7§7§7§7§7A§x§6§6§6§6§6§6x§8e in auction for 400000.
[15:21:48] > anneyong added x1 Selling e-books etc. type /pwarp go Shopify in auction for 7777777.
[15:24:28] > anneyong added x64 Experience bottle in auction for 50000.
[15:24:43] > anneyong added x64 Experience bottle in auction for 50000.
[15:24:48] > Fogstrap buy x64 Experience bottle to anneyong for $50,000.
[15:24:53] > Fogstrap buy x64 Experience bottle to anneyong for $50,000.
[15:25:01] > Fogstrap remove x64 Experience bottle form buy
[15:25:01] > Fogstrap remove x6 Golden apple form buy
[15:25:01] > Fogstrap remove x64 Experience bottle form buy
[15:27:29] > ReKYee buy x1 §x§F§F§3§E§0§0§lD§x§F§F§3§7§0§0§le§x§F§F§3§0§0§0§lm§x§F§F§2§9§0§0§lo§x§F§F§2§2§0§0§ln §x§F§F§1§5§0§0§lL§x§F§F§0§E§0§0§lo§x§F§F§0§7§0§0§lr§x§F§F§0§0§0§0§ld §x§F§F§0§E§0§0§lL§x§F§F§1§5§0§0§le§x§F§F§1§C§0§0§lg§x§F§F§2§2§0§0§lg§x§F§F§2§9§0§0§li§x§F§F§3§0§0§0§ln§x§F§F§3§7§0§0§lg§x§F§F§3§E§0§0§ls to monggol for $600,000.
[15:27:41] > Kaynn added x3 Ominous trial key in auction for 100000.
[15:27:42] > ReKYee remove x1 §x§F§F§3§E§0§0§lD§x§F§F§3§7§0§0§le§x§F§F§3§0§0§0§lm§x§F§F§2§9§0§0§lo§x§F§F§2§2§0§0§ln §x§F§F§1§5§0§0§lL§x§F§F§0§E§0§0§lo§x§F§F§0§7§0§0§lr§x§F§F§0§0§0§0§ld §x§F§F§0§E§0§0§lL§x§F§F§1§5§0§0§le§x§F§F§1§C§0§0§lg§x§F§F§2§2§0§0§lg§x§F§F§2§9§0§0§li§x§F§F§3§0§0§0§ln§x§F§F§3§7§0§0§lg§x§F§F§3§E§0§0§ls from buy
[15:30:25] > Icon_Skully added x1 §f§l§x§F§C§D§0§5§CW§x§F§B§B§D§5§4u§x§F§A§A§A§4§Bk§x§F§A§9§7§4§3o§x§F§9§8§4§3§Bn§x§F§8§7§1§3§2g§x§F§7§5§F§2§A §x§F§6§4§C§2§1B§x§F§5§3§9§1§9o§x§F§5§2§6§1§1o§x§F§4§1§3§0§8t§x§F§3§0§0§0§0s in auction for 450000.
[15:31:06] > Icon_Skully added x1 §x§F§F§7§C§0§0§lSteamsparks Wings in auction for 850000.
[15:31:16] > Icon_Skully remove x1 §f§l§x§F§C§D§0§5§CW§x§F§B§B§D§5§4u§x§F§A§A§A§4§Bk§x§F§A§9§7§4§3o§x§F§9§8§4§3§Bn§x§F§8§7§1§3§2g§x§F§7§5§F§2§A §x§F§6§4§C§2§1B§x§F§5§3§9§1§9o§x§F§5§2§6§1§1o§x§F§4§1§3§0§8t§x§F§3§0§0§0§0s from storage
[15:31:28] > Icon_Skully added x1 §f§l§x§F§C§D§0§5§CW§x§F§B§B§D§5§4u§x§F§A§A§A§4§Bk§x§F§A§9§7§4§3o§x§F§9§8§4§3§Bn§x§F§8§7§1§3§2g§x§F§7§5§F§2§A §x§F§6§4§C§2§1B§x§F§5§3§9§1§9o§x§F§5§2§6§1§1o§x§F§4§1§3§0§8t§x§F§3§0§0§0§0s in auction for 300000.
[15:32:40] > ace added x64 Diamond in auction for 110000.
[15:33:01] > HPMR_GaMerz buy x1 Enchanted book to Celeste01 for $5,000.
[15:33:05] > Icon_Skully added x1 §f§l§x§8§A§0§0§F§FS§x§9§9§0§0§D§Bh§x§A§8§0§0§B§6i§x§B§7§0§0§9§2n§x§C§6§0§0§6§De§x§D§5§0§0§4§9 §x§E§4§0§0§2§4O§x§F§3§0§0§0§0n§x§E§4§0§0§2§4i§x§D§5§0§0§4§9 §x§C§6§0§0§6§DB§x§B§7§0§0§9§2o§x§A§8§0§0§B§6o§x§9§9§0§0§D§Bt§x§8§A§0§0§F§Fs in auction for 1500000.
[15:33:11] > Kaynn buy x1 §f§l§x§8§A§0§0§F§FS§x§9§9§0§0§D§Bh§x§A§8§0§0§B§6i§x§B§7§0§0§9§2n§x§C§6§0§0§6§De§x§D§5§0§0§4§9 §x§E§4§0§0§2§4O§x§F§3§0§0§0§0n§x§E§4§0§0§2§4i§x§D§5§0§0§4§9 §x§C§6§0§0§6§DB§x§B§7§0§0§9§2o§x§A§8§0§0§B§6o§x§9§9§0§0§D§Bt§x§8§A§0§0§F§Fs to Icon_Skully for $1,500,000.
[15:33:15] > Kaynn remove x1 §f§l§x§8§A§0§0§F§FS§x§9§9§0§0§D§Bh§x§A§8§0§0§B§6i§x§B§7§0§0§9§2n§x§C§6§0§0§6§De§x§D§5§0§0§4§9 §x§E§4§0§0§2§4O§x§F§3§0§0§0§0n§x§E§4§0§0§2§4i§x§D§5§0§0§4§9 §x§C§6§0§0§6§DB§x§B§7§0§0§9§2o§x§A§8§0§0§B§6o§x§9§9§0§0§D§Bt§x§8§A§0§0§F§Fs from buy
[15:33:51] > Kaynn remove x3 Ominous trial key from storage
[15:34:10] > k000k444k added x2 §f§l§8B§x§6§6§6§6§6§6a§x§7§7§7§7§7§7h§x§8§8§8§8§8§8a§x§9§9§9§9§9§9m§7u§x§9§9§9§9§9§9t§x§8§8§8§8§8§8 §x§7§7§7§7§7§7K§x§6§6§6§6§6§6e§8y in auction for 50000.
[15:34:14] > koshie buy x2 §f§l§8B§x§6§6§6§6§6§6a§x§7§7§7§7§7§7h§x§8§8§8§8§8§8a§x§9§9§9§9§9§9m§7u§x§9§9§9§9§9§9t§x§8§8§8§8§8§8 §x§7§7§7§7§7§7K§x§6§6§6§6§6§6e§8y to k000k444k for $50,000.
[15:34:32] > azuyeca remove x1 §f§l§8B§x§6§6§6§6§6§6a§x§7§7§7§7§7§7h§x§8§8§8§8§8§8a§x§9§9§9§9§9§9m§7u§x§9§9§9§9§9§9t§x§8§8§8§8§8§8 §x§7§7§7§7§7§7K§x§6§6§6§6§6§6e§8y from buy
[15:34:50] > RebornKimmy remove x1 Witch Spawner from buy
[15:34:58] > k000k444k added x10 §x§F§F§3§E§0§0§lSellwand Voucher in auction for 12000000.
[15:35:29] > k000k444k remove x10 §x§F§F§3§E§0§0§lSellwand Voucher from storage
[15:35:32] > k000k444k remove x10 §x§F§F§3§E§0§0§lSellwand Voucher from expire
[15:36:06] > k000k444k added x1 §f§l§x§8§A§0§0§F§FS§x§9§C§0§0§D§5h§x§A§D§0§0§A§Ai§x§B§F§0§0§8§0n§x§D§0§0§0§5§5e§x§E§2§0§0§2§B §x§F§3§0§0§0§0O§x§E§2§0§0§2§An§x§D§0§0§0§5§5i§x§B§F§0§0§8§0 §x§A§D§0§0§A§AK§x§9§C§0§0§D§5e§x§8§A§0§0§F§Fy in auction for 2000000.
[15:37:45] > YchannR remove x1 §x§F§F§5§5§0§0§lsᴇʟʟᴡᴀɴᴅ §6- 5.0x form buy
[15:37:45] > YchannR remove x12 Breeze rod form buy
[15:38:04] > Icon_Skully remove x1 §f§l§x§F§C§D§0§5§CW§x§F§B§B§D§5§4u§x§F§A§A§A§4§Bk§x§F§A§9§7§4§3o§x§F§9§8§4§3§Bn§x§F§8§7§1§3§2g§x§F§7§5§F§2§A §x§F§6§4§C§2§1B§x§F§5§3§9§1§9o§x§F§5§2§6§1§1o§x§F§4§1§3§0§8t§x§F§3§0§0§0§0s from storage
[15:38:05] > Icon_Skully remove x1 §x§F§F§7§C§0§0§lSteamsparks Wings from storage
[15:38:25] > Icon_Skully added x1 §x§F§F§7§C§0§0§lSteamsparks Wings in auction for 650000.
[15:38:47] > Icon_Skully added x1 §x§E§5§1§B§1§B§lDracula Wings in auction for 650000.
[15:38:58] > YIXILYX buy x64 Diamond to ace for $110,000.
[15:39:11] > Icon_Skully remove x1 §x§F§F§7§C§0§0§lSteamsparks Wings from storage
[15:39:16] > k000k444k added x32 Name tag in auction for 96000.
[15:39:21] > azuyeca buy x32 Name tag to k000k444k for $96,000.
[15:39:24] > Icon_Skully added x1 §x§F§F§7§C§0§0§lSteamsparks Wings in auction for 500000.
[15:39:27] > k000k444k added x32 Name tag in auction for 96000.
[15:39:29] > Trapers1 buy x1 §x§F§F§7§C§0§0§lSteamsparks Wings to Icon_Skully for $500,000.
[15:39:32] > azuyeca buy x32 Name tag to k000k444k for $96,000.
[15:39:34] > Trapers1 remove x1 §x§F§F§7§C§0§0§lSteamsparks Wings form buy
[15:39:39] > k000k444k added x32 Name tag in auction for 96000.
[15:39:44] > YIXILYX buy x1 Diamond chestplate to Ryzxc for $10,000.
[15:39:50] > HPMR_GaMerz buy x32 Name tag to k000k444k for $96,000.
[15:39:51] > k000k444k added x32 Name tag in auction for 96000.
[15:39:54] > x1 §f§l§x§8§A§0§0§F§FS§x§9§C§0§0§D§5h§x§A§D§0§0§A§Ai§x§B§F§0§0§8§0n§x§D§0§0§0§5§5e§x§E§2§0§0§2§B §x§F§3§0§0§0§0O§x§E§2§0§0§2§An§x§D§0§0§0§5§5i§x§B§F§0§0§8§0 §x§A§D§0§0§A§AB§x§9§C§0§0§D§5o§x§8§A§0§0§F§Fw on sale by BlackKnight has just expired, it goes in the inventory of expired items.
[15:40:04] > k000k444k added x22 Name tag in auction for 66000.
[15:40:06] > x1 §f§l§8B§x§5§F§5§F§5§Fa§x§6§9§6§9§6§9h§x§7§3§7§3§7§3a§x§7§D§7§D§7§Dm§x§8§7§8§7§8§7u§x§9§1§9§1§9§1t§x§9§B§9§B§9§B §x§A§5§A§5§A§5Ch§x§9§B§9§B§9§Be§x§9§1§9§1§9§1s§x§8§7§8§7§8§7t§x§7§D§7§D§7§Dp§x§7§3§7§3§7§3l§x§6§9§6§9§6§9a§x§5§F§5§F§5§Ft§8e on sale by BlackKnight has just expired, it goes in the inventory of expired items.
[15:40:57] > Lithium_O added x1 §f§l§x§F§C§D§0§5§CW§x§F§B§B§6§5§1u§x§F§A§9§C§4§5k§x§F§9§8§2§3§Ao§x§F§8§6§8§2§En§x§F§6§4§E§2§3g§x§F§5§3§4§1§7 §x§F§4§1§A§0§CG§x§F§3§0§0§0§0r§x§F§4§1§A§0§Ce§x§F§5§3§4§1§7a§x§F§6§4§E§2§3t§x§F§8§6§8§2§Es§x§F§9§8§2§3§Aw§x§F§A§9§C§4§5o§x§F§B§B§6§5§1r§x§F§C§D§0§5§Cd in auction for 1500000.
[15:41:01] > Icon_Skully added x1 §f§l§x§8§A§0§0§F§FS§x§9§6§0§0§E§3h§x§A§1§0§0§C§6i§x§A§D§0§0§A§An§x§B§9§0§0§8§Ee§x§C§4§0§0§7§1 §x§D§0§0§0§5§5O§x§D§C§0§0§3§9n§x§E§7§0§0§1§Ci§x§F§3§0§0§0§0 §x§E§7§0§0§1§CB§x§D§C§0§0§3§9i§x§D§0§0§0§5§5g§x§C§4§0§0§7§1 §x§B§9§0§0§8§ES§x§A§D§0§0§A§Aw§x§A§1§0§0§C§6o§x§9§6§0§0§E§3r§x§8§A§0§0§F§Fd in auction for 650000.
[15:41:11] > Lithium_O added x1 §f§l§x§F§C§D§0§5§CW§x§F§A§A§A§4§Bu§x§F§9§8§4§3§Bk§x§F§7§5§F§2§Ao§x§F§5§3§9§1§9n§x§F§4§1§3§0§8g §x§F§5§3§9§1§9S§x§F§7§5§F§2§Aw§x§F§9§8§4§3§Bo§x§F§A§A§A§4§Br§x§F§C§D§0§5§Cd in auction for 1500000.
[15:41:13] > Icon_Skully added x1 §f§l§x§8§A§0§0§F§FS§x§9§9§0§0§D§Bh§x§A§8§0§0§B§6i§x§B§7§0§0§9§2n§x§C§6§0§0§6§De§x§D§5§0§0§4§9 §x§E§4§0§0§2§4O§x§F§3§0§0§0§0n§x§E§4§0§0§2§4i§x§D§5§0§0§4§9 §x§C§6§0§0§6§DS§x§B§7§0§0§9§2t§x§A§8§0§0§B§6a§x§9§9§0§0§D§Bf§x§8§A§0§0§F§Ff in auction for 650000.
[15:41:21] > kysicx buy x1 §f§l§x§8§A§0§0§F§FS§x§9§9§0§0§D§Bh§x§A§8§0§0§B§6i§x§B§7§0§0§9§2n§x§C§6§0§0§6§De§x§D§5§0§0§4§9 §x§E§4§0§0§2§4O§x§F§3§0§0§0§0n§x§E§4§0§0§2§4i§x§D§5§0§0§4§9 §x§C§6§0§0§6§DS§x§B§7§0§0§9§2t§x§A§8§0§0§B§6a§x§9§9§0§0§D§Bf§x§8§A§0§0§F§Ff to Icon_Skully for $650,000.
[15:41:51] > ace added x14 Diamond in auction for 150000.
[15:42:15] > k000k444k remove x1 §f§l§x§8§A§0§0§F§FS§x§9§C§0§0§D§5h§x§A§D§0§0§A§Ai§x§B§F§0§0§8§0n§x§D§0§0§0§5§5e§x§E§2§0§0§2§B §x§F§3§0§0§0§0O§x§E§2§0§0§2§An§x§D§0§0§0§5§5i§x§B§F§0§0§8§0 §x§A§D§0§0§A§AK§x§9§C§0§0§D§5e§x§8§A§0§0§F§Fy from storage
[15:42:27] > ace remove x14 Diamond from storage
[15:42:39] > ace added x64 Diamond in auction for 150000.
[15:42:45] > Icon_Skully added x1 §f§l§8B§x§6§2§6§2§6§2a§x§6§F§6§F§6§Fh§x§7§C§7§C§7§Ca§x§8§9§8§9§8§9m§x§9§6§9§6§9§6u§x§A§3§A§3§A§3t §x§9§6§9§6§9§6D§x§8§9§8§9§8§9a§x§7§C§7§C§7§Cg§x§6§F§6§F§6§Fg§x§6§2§6§2§6§2e§8r in auction for 150000.
[15:42:51] > k000k444k added x1 §f§l§x§8§A§0§0§F§FS§x§9§C§0§0§D§5h§x§A§D§0§0§A§Ai§x§B§F§0§0§8§0n§x§D§0§0§0§5§5e§x§E§2§0§0§2§B §x§F§3§0§0§0§0O§x§E§2§0§0§2§An§x§D§0§0§0§5§5i§x§B§F§0§0§8§0 §x§A§D§0§0§A§AK§x§9§C§0§0§D§5e§x§8§A§0§0§F§Fy in auction for 2000000.
[15:43:11] > giyahnpogi buy x1 §f§l§x§8§A§0§0§F§FS§x§9§C§0§0§D§5h§x§A§D§0§0§A§Ai§x§B§F§0§0§8§0n§x§D§0§0§0§5§5e§x§E§2§0§0§2§B §x§F§3§0§0§0§0O§x§E§2§0§0§2§An§x§D§0§0§0§5§5i§x§B§F§0§0§8§0 §x§A§D§0§0§A§AK§x§9§C§0§0§D§5e§x§8§A§0§0§F§Fy to k000k444k for $2,000,000.
[15:43:15] > giyahnpogi remove x1 §f§l§x§8§A§0§0§F§FS§x§9§C§0§0§D§5h§x§A§D§0§0§A§Ai§x§B§F§0§0§8§0n§x§D§0§0§0§5§5e§x§E§2§0§0§2§B §x§F§3§0§0§0§0O§x§E§2§0§0§2§An§x§D§0§0§0§5§5i§x§B§F§0§0§8§0 §x§A§D§0§0§A§AK§x§9§C§0§0§D§5e§x§8§A§0§0§F§Fy from buy
[15:43:47] > kysicx remove x1 §f§l§x§8§A§0§0§F§FS§x§9§9§0§0§D§Bh§x§A§8§0§0§B§6i§x§B§7§0§0§9§2n§x§C§6§0§0§6§De§x§D§5§0§0§4§9 §x§E§4§0§0§2§4O§x§F§3§0§0§0§0n§x§E§4§0§0§2§4i§x§D§5§0§0§4§9 §x§C§6§0§0§6§DS§x§B§7§0§0§9§2t§x§A§8§0§0§B§6a§x§9§9§0§0§D§Bf§x§8§A§0§0§F§Ff from buy
[15:43:52] > Icon_Skully remove x1 §x§E§5§1§B§1§B§lDracula Wings from storage
[15:43:53] > Icon_Skully remove x1 §f§l§x§8§A§0§0§F§FS§x§9§6§0§0§E§3h§x§A§1§0§0§C§6i§x§A§D§0§0§A§An§x§B§9§0§0§8§Ee§x§C§4§0§0§7§1 §x§D§0§0§0§5§5O§x§D§C§0§0§3§9n§x§E§7§0§0§1§Ci§x§F§3§0§0§0§0 §x§E§7§0§0§1§CB§x§D§C§0§0§3§9i§x§D§0§0§0§5§5g§x§C§4§0§0§7§1 §x§B§9§0§0§8§ES§x§A§D§0§0§A§Aw§x§A§1§0§0§C§6o§x§9§6§0§0§E§3r§x§8§A§0§0§F§Fd from storage
[15:44:02] > kysicx added x1 §f§l§x§8§A§0§0§F§FS§x§9§9§0§0§D§Bh§x§A§8§0§0§B§6i§x§B§7§0§0§9§2n§x§C§6§0§0§6§De§x§D§5§0§0§4§9 §x§E§4§0§0§2§4O§x§F§3§0§0§0§0n§x§E§4§0§0§2§4i§x§D§5§0§0§4§9 §x§C§6§0§0§6§DS§x§B§7§0§0§9§2t§x§A§8§0§0§B§6a§x§9§9§0§0§D§Bf§x§8§A§0§0§F§Ff in auction for 1500000.
[15:44:04] > Icon_Skully added x1 §x§E§5§1§B§1§B§lDracula Wings in auction for 500000.
[15:44:10] > YchannR buy x1 §x§E§5§1§B§1§B§lDracula Wings to Icon_Skully for $500,000.
[15:45:04] > dearestyumeko buy x2 Ominous trial key to Xavier881 for $300,000.
[15:45:12] > dearestyumeko remove x2 Ominous trial key from buy
[15:45:13] > koshie remove x1 §x§3§4§9§8§D§Bɪʀᴏɴ ɢᴏʟᴇᴍ ꜱᴘᴀᴡɴᴇʀ from buy
[15:45:14] > koshie remove x2 §f§l§8B§x§6§6§6§6§6§6a§x§7§7§7§7§7§7h§x§8§8§8§8§8§8a§x§9§9§9§9§9§9m§7u§x§9§9§9§9§9§9t§x§8§8§8§8§8§8 §x§7§7§7§7§7§7K§x§6§6§6§6§6§6e§8y from buy
[15:45:45] > micailatot remove x1 §f§l§8B§x§6§6§6§6§6§6a§x§7§7§7§7§7§7h§x§8§8§8§8§8§8a§x§9§9§9§9§9§9m§7u§x§9§9§9§9§9§9t§x§8§8§8§8§8§8 §x§7§7§7§7§7§7H§x§6§6§6§6§6§6o§8e form storage
[15:45:50] > ace remove x14 Diamond from storage
[15:46:15] > YIXILYX remove x64 Diamond from buy
[15:46:16] > koshie added x1 §x§3§4§9§8§D§Bɪʀᴏɴ ɢᴏʟᴇᴍ ꜱᴘᴀᴡɴᴇʀ in auction for 13000000.
[15:46:17] > YIXILYX remove x1 Diamond chestplate from buy
[15:46:18] > YIXILYX remove x1 §f§x§D§0§D§0§D§0J§x§C§9§C§9§C§9e§x§C§2§C§2§C§2t§x§B§B§B§B§B§B §x§B§3§B§3§B§3P§x§A§C§A§C§A§Ci§x§A§5§A§5§A§5l§x§9§E§9§E§9§Eo§x§9§7§9§7§9§7t§x§9§0§9§0§9§0 §x§8§9§8§9§8§9H§x§8§2§8§2§8§2e§x§7§A§7§A§7§Al§x§7§3§7§3§7§3m§x§6§C§6§C§6§Ce§x§6§5§6§5§6§5t from buy
[15:46:19] > Trapers1 remove x1 §x§F§F§7§C§0§0§lSteamsparks Staff form storage
[15:46:19] > Trapers1 remove x1 §f§l§x§F§C§D§0§5§CW§x§F§B§A§D§4§Du§x§F§9§8§B§3§Dk§x§F§8§6§8§2§Eo§x§F§6§4§5§1§Fn§x§F§5§2§3§0§Fg§x§F§3§0§0§0§0 §x§F§5§2§3§0§FD§x§F§6§4§5§1§Fa§x§F§8§6§8§2§Eg§x§F§9§8§B§3§Dg§x§F§B§A§D§4§De§x§F§C§D§0§5§Cr form storage
[15:46:19] > Trapers1 remove x1 §x§F§F§5§5§0§0§lsᴇʟʟᴡᴀɴᴅ §6- 5.0x form storage
[15:46:19] > Trapers1 remove x1 §f§l§8B§x§6§1§6§1§6§1a§x§6§D§6§D§6§Dh§x§7§9§7§9§7§9a§x§8§6§8§6§8§6m§x§9§2§9§2§9§2u§x§9§E§9§E§9§Et§7 §x§9§E§9§E§9§EH§x§9§2§9§2§9§2a§x§8§6§8§6§8§6l§x§7§9§7§9§7§9b§x§6§D§6§D§6§De§x§6§1§6§1§6§1r§8d form storage
[15:46:19] > Trapers1 remove x1 §x§F§F§7§C§0§0§lSteamsparks Blade form storage
[15:46:19] > Trapers1 remove x1 §f§l§8B§x§6§4§6§4§6§4a§x§7§4§7§4§7§4h§x§8§3§8§3§8§3a§x§9§3§9§3§9§3m§x§A§2§A§2§A§2ut§x§9§3§9§3§9§3 §x§8§3§8§3§8§3M§x§7§4§7§4§7§4a§x§6§4§6§4§6§4c§8e form storage
[15:46:23] > Trapers1 added x1 §f§l§8B§x§6§3§6§3§6§3a§x§7§1§7§1§7§1h§x§8§0§8§0§8§0a§x§8§E§8§E§8§Em§x§9§C§9§C§9§Cu§7t§x§9§C§9§C§9§C §x§8§E§8§E§8§EW§x§8§0§8§0§8§0i§x§7§1§7§1§7§1n§x§6§3§6§3§6§3g§8s in auction for 5000000.
[15:46:24] > micailatot added x1 §f§l§8B§x§6§6§6§6§6§6a§x§7§7§7§7§7§7h§x§8§8§8§8§8§8a§x§9§9§9§9§9§9m§7u§x§9§9§9§9§9§9t§x§8§8§8§8§8§8 §x§7§7§7§7§7§7H§x§6§6§6§6§6§6o§8e in auction for 1300000.
[15:46:24] > koshie remove x1 §x§3§4§9§8§D§Bɪʀᴏɴ ɢᴏʟᴇᴍ ꜱᴘᴀᴡɴᴇʀ from storage
[15:46:33] > koshie added x1 §x§3§4§9§8§D§Bɪʀᴏɴ ɢᴏʟᴇᴍ ꜱᴘᴀᴡɴᴇʀ in auction for 1200000.
[15:46:37] > Trapers1 buy x1 §x§3§4§9§8§D§Bɪʀᴏɴ ɢᴏʟᴇᴍ ꜱᴘᴀᴡɴᴇʀ to koshie for $1,200,000.
[15:47:00] > Trapers1 remove x1 §x§3§4§9§8§D§Bɪʀᴏɴ ɢᴏʟᴇᴍ ꜱᴘᴀᴡɴᴇʀ form buy
[15:47:02] > Lithium_O remove x1 §f§l§x§F§C§D§0§5§CW§x§F§A§A§A§4§Bu§x§F§9§8§4§3§Bk§x§F§7§5§F§2§Ao§x§F§5§3§9§1§9n§x§F§4§1§3§0§8g §x§F§5§3§9§1§9S§x§F§7§5§F§2§Aw§x§F§9§8§4§3§Bo§x§F§A§A§A§4§Br§x§F§C§D§0§5§Cd form storage
[15:47:02] > Lithium_O remove x1 §f§l§x§F§C§D§0§5§CW§x§F§B§B§6§5§1u§x§F§A§9§C§4§5k§x§F§9§8§2§3§Ao§x§F§8§6§8§2§En§x§F§6§4§E§2§3g§x§F§5§3§4§1§7 §x§F§4§1§A§0§CG§x§F§3§0§0§0§0r§x§F§4§1§A§0§Ce§x§F§5§3§4§1§7a§x§F§6§4§E§2§3t§x§F§8§6§8§2§Es§x§F§9§8§2§3§Aw§x§F§A§9§C§4§5o§x§F§B§B§6§5§1r§x§F§C§D§0§5§Cd form storage
[15:47:08] > k000k444k buy x1 §fGarden Hat to meevgang777 for $50,000.
[15:47:10] > Lithium_O added x1 §f§l§x§F§C§D§0§5§CW§x§F§B§B§6§5§1u§x§F§A§9§C§4§5k§x§F§9§8§2§3§Ao§x§F§8§6§8§2§En§x§F§6§4§E§2§3g§x§F§5§3§4§1§7 §x§F§4§1§A§0§CG§x§F§3§0§0§0§0r§x§F§4§1§A§0§Ce§x§F§5§3§4§1§7a§x§F§6§4§E§2§3t§x§F§8§6§8§2§Es§x§F§9§8§2§3§Aw§x§F§A§9§C§4§5o§x§F§B§B§6§5§1r§x§F§C§D§0§5§Cd in auction for 650000.
[15:47:13] > k000k444k remove x1 §fGarden Hat from buy
[15:47:22] > Lithium_O added x1 §f§l§x§F§C§D§0§5§CW§x§F§A§A§A§4§Bu§x§F§9§8§4§3§Bk§x§F§7§5§F§2§Ao§x§F§5§3§9§1§9n§x§F§4§1§3§0§8g §x§F§5§3§9§1§9S§x§F§7§5§F§2§Aw§x§F§9§8§4§3§Bo§x§F§A§A§A§4§Br§x§F§C§D§0§5§Cd in auction for 650000.
[15:47:22] > ace added x64 Diamond in auction for 145000.
[15:48:02] > Icon_Skully added x1 §f§l§x§8§A§0§0§F§FS§x§9§6§0§0§E§3h§x§A§1§0§0§C§6i§x§A§D§0§0§A§An§x§B§9§0§0§8§Ee§x§C§4§0§0§7§1 §x§D§0§0§0§5§5O§x§D§C§0§0§3§9n§x§E§7§0§0§1§Ci§x§F§3§0§0§0§0 §x§E§7§0§0§1§CB§x§D§C§0§0§3§9i§x§D§0§0§0§5§5g§x§C§4§0§0§7§1 §x§B§9§0§0§8§ES§x§A§D§0§0§A§Aw§x§A§1§0§0§C§6o§x§9§6§0§0§E§3r§x§8§A§0§0§F§Fd in auction for 650000.
[15:48:07] > Trapers1 buy x1 §f§l§x§8§A§0§0§F§FS§x§9§6§0§0§E§3h§x§A§1§0§0§C§6i§x§A§D§0§0§A§An§x§B§9§0§0§8§Ee§x§C§4§0§0§7§1 §x§D§0§0§0§5§5O§x§D§C§0§0§3§9n§x§E§7§0§0§1§Ci§x§F§3§0§0§0§0 §x§E§7§0§0§1§CB§x§D§C§0§0§3§9i§x§D§0§0§0§5§5g§x§C§4§0§0§7§1 §x§B§9§0§0§8§ES§x§A§D§0§0§A§Aw§x§A§1§0§0§C§6o§x§9§6§0§0§E§3r§x§8§A§0§0§F§Fd to Icon_Skully for $650,000.
[15:48:13] > Trapers1 remove x1 §f§l§x§8§A§0§0§F§FS§x§9§6§0§0§E§3h§x§A§1§0§0§C§6i§x§A§D§0§0§A§An§x§B§9§0§0§8§Ee§x§C§4§0§0§7§1 §x§D§0§0§0§5§5O§x§D§C§0§0§3§9n§x§E§7§0§0§1§Ci§x§F§3§0§0§0§0 §x§E§7§0§0§1§CB§x§D§C§0§0§3§9i§x§D§0§0§0§5§5g§x§C§4§0§0§7§1 §x§B§9§0§0§8§ES§x§A§D§0§0§A§Aw§x§A§1§0§0§C§6o§x§9§6§0§0§E§3r§x§8§A§0§0§F§Fd form buy
[15:49:40] > ace remove x1 §f§l§8B§x§6§1§6§1§6§1a§x§6§D§6§D§6§Dh§x§7§9§7§9§7§9a§x§8§6§8§6§8§6m§x§9§2§9§2§9§2u§x§9§E§9§E§9§Et§7 §x§9§E§9§E§9§EH§x§9§2§9§2§9§2a§x§8§6§8§6§8§6l§x§7§9§7§9§7§9b§x§6§D§6§D§6§De§x§6§1§6§1§6§1r§8d from storage
[15:50:10] > .Allxnzv added x1 §x§3§4§9§8§D§Bɪʀᴏɴ ɢᴏʟᴇᴍ ꜱᴘᴀᴡɴᴇʀ in auction for 2000000.
[15:50:55] > Zaiil buy x1 §x§3§4§9§8§D§Bɪʀᴏɴ ɢᴏʟᴇᴍ ꜱᴘᴀᴡɴᴇʀ to .Allxnzv for $2,000,000.
[15:51:40] > Zaiil remove x1 §x§3§4§9§8§D§Bɪʀᴏɴ ɢᴏʟᴇᴍ ꜱᴘᴀᴡɴᴇʀ from buy
[15:51:58] > ace added x1 §f§l§8B§x§6§1§6§1§6§1a§x§6§D§6§D§6§Dh§x§7§9§7§9§7§9a§x§8§6§8§6§8§6m§x§9§2§9§2§9§2u§x§9§E§9§E§9§Et§7 §x§9§E§9§E§9§EH§x§9§2§9§2§9§2a§x§8§6§8§6§8§6l§x§7§9§7§9§7§9b§x§6§D§6§D§6§De§x§6§1§6§1§6§1r§8d in auction for 300000.
[15:52:16] > ace remove x1 §x§3§4§9§8§D§Bɪʀᴏɴ ɢᴏʟᴇᴍ ꜱᴘᴀᴡɴᴇʀ from buy
[15:52:22] > giyahnpogi added x1 §f§l§x§8§A§0§0§F§FS§x§9§5§0§0§E§4h§x§A§0§0§0§C§9i§x§A§B§0§0§A§En§x§B§6§0§0§9§4e§x§C§1§0§0§7§9 §x§C§C§0§0§5§EO§x§D§7§0§0§4§3n§x§E§2§0§0§2§8i§x§E§D§0§0§0§D C§x§E§2§0§0§2§8h§x§D§7§0§0§4§3e§x§C§C§0§0§5§Es§x§C§1§0§0§7§9t§x§B§6§0§0§9§4p§x§A§B§0§0§A§El§x§A§0§0§0§C§9a§x§9§5§0§0§E§4t§x§8§A§0§0§F§Fe in auction for 6000000.
[15:52:38] > Lithium_O added x1 §f§l§x§8§A§0§0§F§FS§x§9§8§0§0§D§Dh§x§A§6§0§0§B§Bi§x§B§4§0§0§9§9n§x§C§2§0§0§7§7e§x§D§0§0§0§5§5 §x§D§E§0§0§3§3O§x§E§C§0§0§1§1ni§x§D§E§0§0§3§3 §x§D§0§0§0§5§5S§x§C§2§0§0§7§7h§x§B§4§0§0§9§9o§x§A§6§0§0§B§Bv§x§9§8§0§0§D§De§x§8§A§0§0§F§Fl in auction for 1500000.
[15:52:41] > Blinkrzz added x11 Ender pearl in auction for 1000.
[15:52:54] > Lithium_O added x1 §f§l§x§8§A§0§0§F§FS§x§9§8§0§0§D§Dh§x§A§6§0§0§B§Bi§x§B§4§0§0§9§9n§x§C§2§0§0§7§7e§x§D§0§0§0§5§5 §x§D§E§0§0§3§3O§x§E§C§0§0§1§1ni§x§D§E§0§0§3§3 §x§D§0§0§0§5§5S§x§C§2§0§0§7§7h§x§B§4§0§0§9§9o§x§A§6§0§0§B§Bv§x§9§8§0§0§D§De§x§8§A§0§0§F§Fl in auction for 1500000.
[15:54:10] > Trapers1 added x1 §x§F§F§5§5§0§0§lsᴇʟʟᴡᴀɴᴅ §6- 5.0x in auction for 400000.
[15:54:40] > SenjuKawaragi added x2 §x§F§F§3§E§0§0§lSellwand Voucher in auction for 2500000.
[15:55:17] > 8it5inn added x1 §x§F§F§5§5§0§0§lsᴇʟʟᴡᴀɴᴅ §6- 5.0x in auction for 465000.
[15:55:26] > auvicious buy x1 §x§F§F§5§5§0§0§lsᴇʟʟᴡᴀɴᴅ §6- 5.0x to 8it5inn for $465,000.
[15:55:34] > auvicious buy x1 §x§F§F§5§5§0§0§lsᴇʟʟᴡᴀɴᴅ §6- 5.0x to Trapers1 for $400,000.
[15:56:31] > dearestyumeko buy x1 Sniffer egg to BlueTea_Official for $250,000.
[15:56:36] > dearestyumeko buy x1 Enchanted book to Celeste01 for $5,000.
[15:57:01] > olol123 added x64 Bamboo in auction for 10000.
[15:57:27] > dearestyumeko remove x1 Enchanted book form buy
[15:57:27] > dearestyumeko remove x1 Sniffer egg form buy
[15:57:28] > Blinkrzz added x1 §f§l§8B§x§6§0§6§0§6§0a§x§6§C§6§C§6§Ch§x§7§7§7§7§7§7a§x§8§2§8§2§8§2m§x§8§E§8§E§8§Eu§x§9§9§9§9§9§9t§x§A§4§A§4§A§4 L§x§9§9§9§9§9§9e§x§8§E§8§E§8§Eg§x§8§2§8§2§8§2g§x§7§7§7§7§7§7i§x§6§C§6§C§6§Cn§x§6§0§6§0§6§0g§8s in auction for 240000.
[15:57:48] > Blinkrzz added x1 §2Cauldron Hat in auction for 40000.
[15:57:52] > Trapers1 buy x1 §f§l§8B§x§6§0§6§0§6§0a§x§6§C§6§C§6§Ch§x§7§7§7§7§7§7a§x§8§2§8§2§8§2m§x§8§E§8§E§8§Eu§x§9§9§9§9§9§9t§x§A§4§A§4§A§4 L§x§9§9§9§9§9§9e§x§8§E§8§E§8§Eg§x§8§2§8§2§8§2g§x§7§7§7§7§7§7i§x§6§C§6§C§6§Cn§x§6§0§6§0§6§0g§8s to Blinkrzz for $240,000.
[15:57:59] > Trapers1 remove x1 §f§l§8B§x§6§0§6§0§6§0a§x§6§C§6§C§6§Ch§x§7§7§7§7§7§7a§x§8§2§8§2§8§2m§x§8§E§8§E§8§Eu§x§9§9§9§9§9§9t§x§A§4§A§4§A§4 L§x§9§9§9§9§9§9e§x§8§E§8§E§8§Eg§x§8§2§8§2§8§2g§x§7§7§7§7§7§7i§x§6§C§6§C§6§Cn§x§6§0§6§0§6§0g§8s form buy
[15:58:47] > scarlettti added x1 §fCamel Plushie §6(#12/101) in auction for 15000.
[15:59:06] > scarlettti added x1 §fLlama Plushie §6(52/101) in auction for 15000.
[16:01:35] > KB_Keith added x1 §f§l§8B§x§6§2§6§2§6§2a§x§6§F§6§F§6§Fh§x§7§C§7§C§7§Ca§x§8§9§8§9§8§9m§x§9§6§9§6§9§6u§x§A§3§A§3§A§3t §x§9§6§9§6§9§6H§x§8§9§8§9§8§9a§x§7§C§7§C§7§Cm§x§6§F§6§F§6§Fm§x§6§2§6§2§6§2e§8r in auction for 120000.
[16:01:40] > koshie buy x1 §f§l§8B§x§6§2§6§2§6§2a§x§6§F§6§F§6§Fh§x§7§C§7§C§7§Ca§x§8§9§8§9§8§9m§x§9§6§9§6§9§6u§x§A§3§A§3§A§3t §x§9§6§9§6§9§6H§x§8§9§8§9§8§9a§x§7§C§7§C§7§Cm§x§6§F§6§F§6§Fm§x§6§2§6§2§6§2e§8r to KB_Keith for $120,000.
[16:02:34] > auvicious remove x1 §x§F§F§5§5§0§0§lsᴇʟʟᴡᴀɴᴅ §6- 5.0x form buy
[16:02:34] > auvicious remove x1 §x§F§F§5§5§0§0§lsᴇʟʟᴡᴀɴᴅ §6- 5.0x form buy
[16:02:48] > KB_Keith added x1 Enchanted book in auction for 60000.
[16:05:37] > YchannR added x1 §f§l§x§8§A§0§0§F§FS§x§9§7§0§0§D§Fh§x§A§4§0§0§B§Fi§x§B§1§0§0§9§Fn§x§B§F§0§0§8§0e§x§C§C§0§0§6§0 §x§D§9§0§0§4§0O§x§E§6§0§0§2§0n§x§F§3§0§0§0§0i§x§E§6§0§0§2§0 §x§D§9§0§0§4§0P§x§C§C§0§0§6§0i§x§B§F§0§0§8§0c§x§B§1§0§0§9§Fk§x§A§4§0§0§B§Fa§x§9§7§0§0§D§Fx§x§8§A§0§0§F§Fe in auction for 5000000.
[16:06:24] > Trapers1 added x1 §x§F§F§5§5§0§0§lsᴇʟʟᴡᴀɴᴅ §6- 5.0x in auction for 400000.
[16:06:31] > nnorv1 remove x40 Breeze rod from buy
[16:06:36] > kysicx buy x1 §x§F§F§5§5§0§0§lsᴇʟʟᴡᴀɴᴅ §6- 5.0x to Trapers1 for $400,000.
[16:06:42] > kysicx remove x1 §x§F§F§5§5§0§0§lsᴇʟʟᴡᴀɴᴅ §6- 5.0x from buy
[16:06:59] > kysicx added x1 §x§F§F§5§5§0§0§lsᴇʟʟᴡᴀɴᴅ §6- 5.0x in auction for 500000.
[16:07:01] > Trapers1 added x1 §x§3§4§9§8§D§Bɪʀᴏɴ ɢᴏʟᴇᴍ ꜱᴘᴀᴡɴᴇʀ in auction for 5000000.
[16:07:31] > Trapers1 remove x1 §f§l§8B§x§6§3§6§3§6§3a§x§7§1§7§1§7§1h§x§8§0§8§0§8§0a§x§8§E§8§E§8§Em§x§9§C§9§C§9§Cu§7t§x§9§C§9§C§9§C §x§8§E§8§E§8§EW§x§8§0§8§0§8§0i§x§7§1§7§1§7§1n§x§6§3§6§3§6§3g§8s form storage
[16:07:31] > Trapers1 remove x1 §x§3§4§9§8§D§Bɪʀᴏɴ ɢᴏʟᴇᴍ ꜱᴘᴀᴡɴᴇʀ form storage
[16:07:43] > Trapers1 added x1 §f§l§8B§x§6§3§6§3§6§3a§x§7§1§7§1§7§1h§x§8§0§8§0§8§0a§x§8§E§8§E§8§Em§x§9§C§9§C§9§Cu§7t§x§9§C§9§C§9§C §x§8§E§8§E§8§EW§x§8§0§8§0§8§0i§x§7§1§7§1§7§1n§x§6§3§6§3§6§3g§8s in auction for 4000000.
[16:08:22] > Trapers1 remove x1 §f§l§8B§x§6§3§6§3§6§3a§x§7§1§7§1§7§1h§x§8§0§8§0§8§0a§x§8§E§8§E§8§Em§x§9§C§9§C§9§Cu§7t§x§9§C§9§C§9§C §x§8§E§8§E§8§EW§x§8§0§8§0§8§0i§x§7§1§7§1§7§1n§x§6§3§6§3§6§3g§8s form storage
[16:09:54] > .Allxnzv buy x64 Experience bottle to PumpkinSweetie for $100,000.
[16:10:07] > .Allxnzv remove x64 Experience bottle from buy
[16:12:03] > SenjuKawaragi remove x2 §x§F§F§3§E§0§0§lSellwand Voucher from storage
[16:12:09] > SenjuKawaragi remove x2 §x§F§F§3§E§0§0§lSellwand Voucher from expire
[16:18:10] > .Allxnzv buy x11 Ender pearl to Blinkrzz for $1,000.
[16:18:19] > .Allxnzv remove x11 Ender pearl from buy
[16:19:52] > dearestyumeko added x1 Axolotl bucket in auction for 25000.
[16:20:03] > .Allxnzv buy x1 Axolotl bucket to dearestyumeko for $25,000.
[16:20:12] > .Allxnzv remove x1 Axolotl bucket from buy
[16:26:02] > Buhnaenaexx remove x1 §x§F§F§5§5§0§0§lsᴇʟʟᴡᴀɴᴅ §6- 10.0x from storage
[16:31:17] > Gabyy remove x1 §f§l§8B§x§6§6§6§6§6§6a§x§7§7§7§7§7§7h§x§8§8§8§8§8§8a§x§9§9§9§9§9§9m§7u§x§9§9§9§9§9§9t§x§8§8§8§8§8§8 §x§7§7§7§7§7§7A§x§6§6§6§6§6§6x§8e from storage
[16:31:24] > dearreann added x63 Cooked mutton in auction for 10000.
[16:31:31] > Luruca buy x63 Cooked mutton to dearreann for $10,000.
[16:31:54] > Luruca remove x61 Cooked mutton from buy
[16:42:27] > qu4sar remove x1 §x§F§F§5§5§0§0§lsᴇʟʟᴡᴀɴᴅ §6- 5.0x from storage
[16:42:41] > qu4sar added x1 §x§F§F§5§5§0§0§lsᴇʟʟᴡᴀɴᴅ §6- 5.0x in auction for 500000.
[16:43:59] > ShadowOfFear added x1 §f§l§x§8§A§0§0§F§FS§x§9§5§0§0§E§4h§x§A§0§0§0§C§9i§x§A§B§0§0§A§En§x§B§6§0§0§9§4e§x§C§1§0§0§7§9 §x§C§C§0§0§5§EO§x§D§7§0§0§4§3n§x§E§2§0§0§2§8i§x§E§D§0§0§0§D B§x§E§2§0§0§2§8a§x§D§7§0§0§4§3t§x§C§C§0§0§5§Et§x§C§1§0§0§7§9l§x§B§6§0§0§9§4e§x§A§B§0§0§A§E §x§A§0§0§0§C§9A§x§9§5§0§0§E§4x§x§8§A§0§0§F§Fe in auction for 10000000.
[16:48:56] > dearestyumeko added x1 Axolotl bucket in auction for 25000.
[16:53:12] > Broodie added x1 §f§l§8B§x§6§4§6§4§6§4a§x§7§4§7§4§7§4h§x§8§3§8§3§8§3a§x§9§3§9§3§9§3m§x§A§2§A§2§A§2ut§x§9§3§9§3§9§3 §x§8§3§8§3§8§3C§x§7§4§7§4§7§4l§x§6§4§6§4§6§4u§8b in auction for 600000.
[16:53:50] > Broodie remove x1 §f§l§8B§x§6§4§6§4§6§4a§x§7§4§7§4§7§4h§x§8§3§8§3§8§3a§x§9§3§9§3§9§3m§x§A§2§A§2§A§2ut§x§9§3§9§3§9§3 §x§8§3§8§3§8§3C§x§7§4§7§4§7§4l§x§6§4§6§4§6§4u§8b from storage
[17:10:00] > mumbowe777 remove x1 §f§l§8B§x§5§E§5§E§5§Ea§x§6§8§6§8§6§8h§x§7§1§7§1§7§1a§x§7§B§7§B§7§Bm§x§8§4§8§4§8§4u§x§8§E§8§E§8§Et§x§9§7§9§7§9§7 §x§A§1§A§1§A§1F§7i§x§A§1§A§1§A§1s§x§9§7§9§7§9§7h§x§8§E§8§E§8§Ei§x§8§4§8§4§8§4n§x§7§B§7§B§7§Bg§x§7§1§7§1§7§1 §x§6§8§6§8§6§8R§x§5§E§5§E§5§Eo§8d from storage
[17:10:03] > Ryzxc remove x1 Music disc creator from storage
[17:10:07] > ShadowOfFear remove x1 §f§l§x§8§A§0§0§F§FS§x§9§5§0§0§E§4h§x§A§0§0§0§C§9i§x§A§B§0§0§A§En§x§B§6§0§0§9§4e§x§C§1§0§0§7§9 §x§C§C§0§0§5§EO§x§D§7§0§0§4§3n§x§E§2§0§0§2§8i§x§E§D§0§0§0§D B§x§E§2§0§0§2§8a§x§D§7§0§0§4§3t§x§C§C§0§0§5§Et§x§C§1§0§0§7§9l§x§B§6§0§0§9§4e§x§A§B§0§0§A§E §x§A§0§0§0§C§9A§x§9§5§0§0§E§4x§x§8§A§0§0§F§Fe form storage
[17:10:10] > Ryzxc added x1 Music disc creator in auction for 50000.
[17:10:20] > Johng10910 buy x1 Music disc creator to Ryzxc for $50,000.
[17:10:25] > mumbowe777 added x1 §f§l§8B§x§5§E§5§E§5§Ea§x§6§8§6§8§6§8h§x§7§1§7§1§7§1a§x§7§B§7§B§7§Bm§x§8§4§8§4§8§4u§x§8§E§8§E§8§Et§x§9§7§9§7§9§7 §x§A§1§A§1§A§1F§7i§x§A§1§A§1§A§1s§x§9§7§9§7§9§7h§x§8§E§8§E§8§Ei§x§8§4§8§4§8§4n§x§7§B§7§B§7§Bg§x§7§1§7§1§7§1 §x§6§8§6§8§6§8R§x§5§E§5§E§5§Eo§8d in auction for 400000.
[17:10:35] > Blinkrzz buy x1 Eye armor trim smithing template to Ch4r_380 for $100,000.
[17:12:51] > .Allxnzv buy x1 Axolotl bucket to dearestyumeko for $25,000.
[17:13:00] > .Allxnzv remove x1 Axolotl bucket from buy
[17:13:38] > monggol added x2 §x§3§4§9§8§D§Bᴄᴏᴡ ꜱᴘᴀᴡɴᴇʀ in auction for 4000000.
[17:14:01] > monggol remove x1 §f§l§8B§x§6§2§6§2§6§2a§x§6§F§6§F§6§Fh§x§7§C§7§C§7§Ca§x§8§9§8§9§8§9m§x§9§6§9§6§9§6u§x§A§3§A§3§A§3t §x§9§6§9§6§9§6S§x§8§9§8§9§8§9h§x§7§C§7§C§7§Co§x§6§F§6§F§6§Fv§x§6§2§6§2§6§2e§8l from storage
[17:14:08] > monggol added x1 §x§3§4§9§8§D§Bᴄʀᴇᴇᴘᴇʀ ꜱᴘᴀᴡɴᴇʀ in auction for 2000000.
[17:14:24] > monggol remove x1 §x§5§9§A§1§D§9§lA§x§6§E§A§D§D§Er§x§8§3§B§9§E§3c§x§9§7§C§4§E§7h§x§A§C§D§0§E§Ca§x§C§1§D§C§F§1n§x§D§6§E§8§F§6g§x§E§A§F§3§F§Ae§fl §x§D§0§E§4§F§4D§x§B§8§D§7§E§Fa§x§A§0§C§9§E§9g§x§8§8§B§C§E§4g§x§7§1§A§E§D§Ee§x§5§9§A§1§D§9r from storage
[17:14:28] > monggol added x2 §x§3§4§9§8§D§Bʙʟᴀᴢᴇ ꜱᴘᴀᴡɴᴇʀ in auction for 4000000.
[17:15:02] > imnectarfr buy x1 White shulker box to Zen0969 for $450,000.
[17:15:18] > imnectarfr remove x1 Shulker box from buy
[17:15:19] > imnectarfr remove x1 White shulker box from buy
[17:16:08] > monggol remove x2 §x§3§4§9§8§D§Bᴄᴏᴡ ꜱᴘᴀᴡɴᴇʀ from storage
[17:17:30] > monggol remove x2 §x§3§4§9§8§D§Bʙʟᴀᴢᴇ ꜱᴘᴀᴡɴᴇʀ from storage
[17:17:30] > monggol remove x1 §x§3§4§9§8§D§Bᴄʀᴇᴇᴘᴇʀ ꜱᴘᴀᴡɴᴇʀ from storage
[17:18:56] > Blinkrzz added x28 Quartz in auction for 500.
[17:27:51] > anneyong added x1 Enchanted book in auction for 2000.
[17:27:57] > Trapers1 buy x1 Enchanted book to anneyong for $2,000.
[17:28:08] > Trapers1 remove x1 Enchanted book form buy
[17:28:37] > Blinkrzz remove x1 Eye armor trim smithing template from buy
[17:32:15] > Johng10910 added x1 Beacon in auction for 120000.
[17:38:47] > Dentatsu buy x1 §fCamel Plushie §6(#12/101) to scarlettti for $15,000.
[17:39:12] > Dentatsu remove x1 §fCamel Plushie §6(#12/101) from buy
[17:39:12] > Dentatsu remove x1 §f§l§8B§x§6§6§6§6§6§6a§x§7§7§7§7§7§7h§x§8§8§8§8§8§8a§x§9§9§9§9§9§9m§7u§x§9§9§9§9§9§9t§x§8§8§8§8§8§8 §x§7§7§7§7§7§7A§x§6§6§6§6§6§6x§8e from buy
[17:39:47] > monggol added x2 §x§3§4§9§8§D§Bᴢᴏᴍʙɪᴇ ꜱᴘᴀᴡɴᴇʀ in auction for 600000.
[17:40:00] > k000k444k buy x2 §x§3§4§9§8§D§Bᴢᴏᴍʙɪᴇ ꜱᴘᴀᴡɴᴇʀ to monggol for $600,000.
[17:42:24] > magolek_09 added x1 §x§E§5§1§B§1§B§lDracula Axe in auction for 450000.
[17:42:36] > magolek_09 added x1 §x§E§5§1§B§1§B§lDracula Shield in auction for 250000.
[17:50:42] > Blinkrzz added x1 Eye armor trim smithing template in auction for 200000.
[17:51:31] > Trapers1 added x64 Firework rocket in auction for 15000.
[17:51:34] > Blinkrzz buy x64 Diamond to ace for $145,000.
[17:51:37] > azuyeca buy x64 Firework rocket to Trapers1 for $15,000.
[17:51:52] > Trapers1 added x64 Firework rocket in auction for 15000.
[17:51:58] > Fogstrap buy x64 Firework rocket to Trapers1 for $15,000.
[17:52:05] > meevgang777 buy x32 Name tag to k000k444k for $96,000.
[17:52:14] > Blinkrzz remove x6 Diamond from buy
[17:52:21] > Johng10910 added x3 Beacon in auction for 300000.
[17:53:07] > Trapers1 added x64 Firework rocket in auction for 15000.
[17:54:22] > Trapers1 added x64 Firework rocket in auction for 15000.
[17:57:08] > Dentatsu buy x64 Firework rocket to Trapers1 for $15,000.
[17:57:10] > Dentatsu buy x64 Firework rocket to Trapers1 for $15,000.
[17:57:19] > Dentatsu remove x64 Firework rocket from buy
[17:57:20] > Dentatsu remove x64 Firework rocket from buy
[17:57:39] > meevgang777 remove x32 Name tag from buy
[18:00:39] > anneyong added x64 Experience bottle in auction for 100000.
[18:00:54] > bedrock_enjoy3r remove x1 §x§F§F§5§5§0§0§lsᴇʟʟᴡᴀɴᴅ §6- 10.0x from buy
[18:00:55] > bedrock_enjoy3r remove x1 §x§F§F§5§5§0§0§lsᴇʟʟᴡᴀɴᴅ §6- 20.0x from buy
[18:02:13] > 8it5inn remove x1 §f§l§8B§x§6§6§6§6§6§6a§x§7§7§7§7§7§7h§x§8§8§8§8§8§8a§x§9§9§9§9§9§9m§7u§x§9§9§9§9§9§9t§x§8§8§8§8§8§8 §x§7§7§7§7§7§7B§x§6§6§6§6§6§6o§8w from storage
[18:02:29] > 8it5inn added x1 §f§l§8B§x§6§6§6§6§6§6a§x§7§7§7§7§7§7h§x§8§8§8§8§8§8a§x§9§9§9§9§9§9m§7u§x§9§9§9§9§9§9t§x§8§8§8§8§8§8 §x§7§7§7§7§7§7B§x§6§6§6§6§6§6o§8w in auction for 140000.
[18:03:41] > namerikangel buy x1 §f§l§8B§x§6§6§6§6§6§6a§x§7§7§7§7§7§7h§x§8§8§8§8§8§8a§x§9§9§9§9§9§9m§7u§x§9§9§9§9§9§9t§x§8§8§8§8§8§8 §x§7§7§7§7§7§7B§x§6§6§6§6§6§6o§8w to 8it5inn for $140,000.
[18:03:53] > namerikangel remove x1 §f§l§8B§x§6§6§6§6§6§6a§x§7§7§7§7§7§7h§x§8§8§8§8§8§8a§x§9§9§9§9§9§9m§7u§x§9§9§9§9§9§9t§x§8§8§8§8§8§8 §x§7§7§7§7§7§7B§x§6§6§6§6§6§6o§8w from buy
[18:03:54] > namerikangel remove x1 §fEnderman Plushie §6(#33/101) from buy
[18:03:57] > namerikangel remove x1 §fVex Plushie §6(#89/101) from buy
[18:04:16] > namerikangel remove x1 §fCat Plushie (Ragdoll) §6(#19/101) from buy
[18:05:31] > Blinkrzz added x1 §f§x§6§B§2§C§C§6G§x§7§0§3§2§C§Ca§x§7§5§3§8§D§2l§x§7§A§3§E§D§8a§x§7§F§4§4§D§Ex§x§8§4§4§9§E§5y§x§8§9§4§F§E§B §x§8§E§5§5§F§1H§x§9§3§5§B§F§7a§x§9§8§6§1§F§Dt in auction for 400000.
[18:06:57] > ParkNaru added x1 §x§F§F§7§C§0§0§lSteamsparks Fishing Rod in auction for 100000.
[18:07:52] > RebornKimmy buy x1 §x§F§F§7§C§0§0§lSteamsparks Fishing Rod to ParkNaru for $100,000.
[18:08:33] > Blinkrzz remove x28 Quartz from storage
[18:08:44] > Blinkrzz added x1 §f§l§x§8§A§0§0§F§FS§x§9§6§0§0§E§1h§x§A§3§0§0§C§3i§x§A§F§0§0§A§5n§x§B§B§0§0§8§7e§x§C§8§0§0§6§9 §x§D§4§0§0§4§BO§x§E§0§0§0§2§Dn§x§E§D§0§0§0§Fi §x§E§0§0§0§2§DL§x§D§4§0§0§4§Be§x§C§8§0§0§6§9g§x§B§B§0§0§8§7g§x§A§F§0§0§A§5i§x§A§3§0§0§C§3n§x§9§6§0§0§E§1g§x§8§A§0§0§F§Fs in auction for 5000000.
[18:09:06] > ryise buy x1 Enchanted book to KB_Keith for $60,000.
[18:17:33] > ThatMidnight remove x1 §x§E§3§A§F§4§F§lʟᴇɢᴇɴᴅᴀʀʏ ɪᴛᴇᴍ from buy
[18:18:24] > Kaynn added x64 Breeze rod in auction for 250000.
[18:18:45] > meevgang777 added x1 §x§F§E§B§E§C§A§lSeason 3 Celebration Cake <3 in auction for 50000.
[18:19:01] > meevgang777 added x1 §x§F§E§B§E§C§A§lSeason 3 Celebration Cake <3 in auction for 60000.
[18:19:35] > nachfaust remove x1 §x§F§F§5§5§0§0§lsᴇʟʟᴡᴀɴᴅ §6- 5.0x from storage
[18:19:37] > nachfaust remove x1 Mace from storage
[18:19:52] > nachfaust added x1 §x§F§F§5§5§0§0§lsᴇʟʟᴡᴀɴᴅ §6- 5.0x in auction for 480000.
[18:19:56] > namerikangel added x64 Spruce sapling in auction for 1000.
[18:20:06] > nachfaust added x1 Mace in auction for 900000.
[18:20:20] > Blinkrzz remove x1 §2Cauldron Hat from storage
[18:20:29] > .DCGWAPO added x1 §x§F§E§B§E§C§A§lSeason 3 Celebration Cake <3 in auction for 67000.
[18:20:39] > Blinkrzz added x1 Shulker box in auction for 550500.
[18:20:57] > nachfaust buy x3 Ominous trial key to Kodakoda for $50,000.
[18:21:04] > Blinkrzz remove x1 §x§F§F§3§E§0§0§lSellwand Voucher from storage
[18:21:25] > Blinkrzz added x1 §x§F§F§3§E§0§0§lSellwand Voucher in auction for 1400000.
[18:21:53] > nachfaust added x1 §x§E§5§1§B§1§B§lDracula Shield in auction for 400000.
[18:21:54] > Seikuji8811 added x64 Sugar cane in auction for 5000.
[18:22:04] > anneyong added x64 Sugar cane in auction for 5000.
[18:22:17] > Seikuji8811 added x64 Sugar cane in auction for 5000.
[18:22:17] > meevgang777 remove x1 §x§F§E§B§E§C§A§lSeason 3 Celebration Cake <3 form storage
[18:22:17] > meevgang777 remove x1 §x§F§E§B§E§C§A§lSeason 3 Celebration Cake <3 form storage
[18:22:36] > meevgang777 added x1 §x§F§E§B§E§C§A§lSeason 3 Celebration Cake <3 in auction for 50000.
[18:22:48] > meevgang777 added x1 §x§F§E§B§E§C§A§lSeason 3 Celebration Cake <3 in auction for 50001.
[18:22:55] > anneyong added x64 Sugar cane in auction for 5000.
[18:23:00] > ry9191 buy x22 Name tag to k000k444k for $66,000.
[18:23:09] > ry9191 remove x22 Name tag form buy
[18:23:21] > anneyong added x64 Sugar cane in auction for 3000.
[18:23:25] > azuyeca buy x64 Sugar cane to anneyong for $3,000.
[18:23:33] > Nxwaf buy x64 Sugar cane to anneyong for $5,000.
[18:23:37] > anneyong added x64 Sugar cane in auction for 3000.
[18:23:56] > Nxwaf buy x64 Sugar cane to anneyong for $3,000.
[18:24:02] > Nxwaf buy x64 Sugar cane to Seikuji8811 for $5,000.
[18:24:08] > Nxwaf buy x64 Sugar cane to anneyong for $5,000.
[18:24:15] > Nxwaf buy x64 Sugar cane to Seikuji8811 for $5,000.
[18:25:00] > Nxwaf remove x41 Sugar cane from buy
[18:25:01] > Nxwaf remove x41 Sugar cane from buy
[18:25:07] > Johng10910 remove x3 Beacon from storage
[18:25:08] > Johng10910 remove x1 Beacon from storage
[18:25:17] > Johng10910 added x4 Beacon in auction for 200000.
[18:25:22] > Nxwaf remove x41 Sugar cane from buy
[18:25:23] > Nxwaf remove x41 Sugar cane from buy
[18:25:23] > Nxwaf remove x41 Sugar cane from buy
[18:26:54] > Seikuji8811 added x64 Sugar cane in auction for 5000.
[18:30:31] > auvicious added x1 §f§l§8B§x§6§4§6§4§6§4a§x§7§4§7§4§7§4h§x§8§3§8§3§8§3a§x§9§3§9§3§9§3m§x§A§2§A§2§A§2ut§x§9§3§9§3§9§3 §x§8§3§8§3§8§3C§x§7§4§7§4§7§4l§x§6§4§6§4§6§4u§8b in auction for 400000.
[18:30:35] > YIXILYX buy x64 Sugar cane to Seikuji8811 for $5,000.
[18:30:38] > auvicious remove x1 §x§F§F§7§C§0§0§lSteamsparks Staff form storage
[18:30:38] > auvicious remove x1 §x§E§5§1§B§1§B§lDracula Hoe form storage
[18:30:38] > auvicious remove x1 §f§l§8B§x§6§4§6§4§6§4a§x§7§4§7§4§7§4h§x§8§3§8§3§8§3a§x§9§3§9§3§9§3m§x§A§2§A§2§A§2ut§x§9§3§9§3§9§3 §x§8§3§8§3§8§3C§x§7§4§7§4§7§4l§x§6§4§6§4§6§4u§8b form storage
[18:30:38] > auvicious remove x1 §f§l§8B§x§6§6§6§6§6§6a§x§7§7§7§7§7§7h§x§8§8§8§8§8§8a§x§9§9§9§9§9§9m§7u§x§9§9§9§9§9§9t§x§8§8§8§8§8§8 §x§7§7§7§7§7§7H§x§6§6§6§6§6§6o§8e form storage
[18:30:38] > auvicious remove x1 §f§l§8B§x§6§2§6§2§6§2a§x§6§F§6§F§6§Fh§x§7§C§7§C§7§Ca§x§8§9§8§9§8§9m§x§9§6§9§6§9§6u§x§A§3§A§3§A§3t §x§9§6§9§6§9§6H§x§8§9§8§9§8§9a§x§7§C§7§C§7§Ct§x§6§F§6§F§6§F §x§6§2§6§2§6§2V§82 form storage
[18:30:43] > YIXILYX remove x64 Sugar cane from buy
[18:30:54] > .VisedSauce5790 added x64 Sugar cane in auction for 2000.
[18:31:08] > .VisedSauce5790 added x64 Sugar cane in auction for 2000.
[18:31:08] > auvicious added x1 §f§l§8B§x§6§6§6§6§6§6a§x§7§7§7§7§7§7h§x§8§8§8§8§8§8a§x§9§9§9§9§9§9m§7u§x§9§9§9§9§9§9t§x§8§8§8§8§8§8 §x§7§7§7§7§7§7H§x§6§6§6§6§6§6o§8e in auction for 200000.
[18:31:17] > Zaiil remove x1 Mace from storage
[18:31:17] > Zaiil remove x1 Mace from storage
[18:31:18] > Zaiil remove x1 Mace from storage
[18:31:18] > Zaiil remove x1 Mace from storage
[18:31:20] > Ryzxc added x1 §x§5§F§E§2§C§5Darkworld Fishing rod in auction for 1000000.
[18:31:21] > auvicious added x1 §f§l§8B§x§6§2§6§2§6§2a§x§6§F§6§F§6§Fh§x§7§C§7§C§7§Ca§x§8§9§8§9§8§9m§x§9§6§9§6§9§6u§x§A§3§A§3§A§3t §x§9§6§9§6§9§6H§x§8§9§8§9§8§9a§x§7§C§7§C§7§Ct§x§6§F§6§F§6§F §x§6§2§6§2§6§2V§82 in auction for 600000.
[18:31:32] > Seikuji8811 added x64 Sugar cane in auction for 5000.
[18:31:35] > Zaiil added x1 Mace in auction for 500000.
[18:31:38] > auvicious added x1 §x§E§5§1§B§1§B§lDracula Hoe in auction for 100000.
[18:31:48] > Zaiil remove x1 Mace from storage
[18:31:53] > auvicious added x1 §x§F§F§7§C§0§0§lSteamsparks Staff in auction for 200000.
[18:31:59] > Seikuji8811 added x1 §5§lNami Fish in auction for 35000.
[18:32:01] > Zaiil added x1 Mace in auction for 300000.
[18:32:02] > nachfaust buy x64 Sugar cane to .VisedSauce5790 for $2,000.
[18:32:05] > auvicious added x1 §f§l§8B§x§6§4§6§4§6§4a§x§7§4§7§4§7§4h§x§8§3§8§3§8§3a§x§9§3§9§3§9§3m§x§A§2§A§2§A§2ut§x§9§3§9§3§9§3 §x§8§3§8§3§8§3C§x§7§4§7§4§7§4l§x§6§4§6§4§6§4u§8b in auction for 400000.
[18:32:06] > nachfaust buy x64 Sugar cane to .VisedSauce5790 for $2,000.
[18:32:12] > Zaiil added x1 Mace in auction for 300000.
[18:32:16] > .VisedSauce5790 added x64 Sugar cane in auction for 2000.
[18:32:28] > .VisedSauce5790 added x64 Sugar cane in auction for 2000.
[18:32:29] > Zaiil added x1 Mace in auction for 300000.
[18:32:42] > Zaiil added x1 Mace in auction for 300000.
[18:32:43] > Nxwaf buy x1 Mace to Zaiil for $300,000.
[18:32:53] > k000k444k buy x1 Mace to Zaiil for $300,000.
[18:32:59] > k000k444k remove x2 §x§3§4§9§8§D§Bᴢᴏᴍʙɪᴇ ꜱᴘᴀᴡɴᴇʀ from buy
[18:32:59] > k000k444k remove x1 Mace from buy
[18:33:34] > .DairyParty8521 buy x1 Mace to Zaiil for $300,000.
[18:33:44] > .DairyParty8521 remove x1 Mace from buy
[18:34:26] > nachfaust remove x64 Sugar cane form buy
[18:34:26] > nachfaust remove x64 Sugar cane form buy
[18:34:26] > nachfaust remove x3 Ominous trial key form buy
[18:35:36] > Nxwaf remove x1 Mace from buy
[18:36:41] > auvicious added x1 plushiieeess ʚ♡ɞ in auction for 2000000.
[18:37:07] > Zaiil added x1 Mace in auction for 300000.
[18:37:41] > RottenRael added x64 Nether wart in auction for 10000.
[18:42:55] > HwanYo remove x1 §x§F§F§5§5§0§0§lsᴇʟʟᴡᴀɴᴅ §6- 5.0x from buy
[18:43:01] > HwanYo buy x1 §x§F§F§3§E§0§0§lSellwand Voucher to Blinkrzz for $1,400,000.
[18:43:13] > HwanYo remove x1 §x§F§F§3§E§0§0§lSellwand Voucher from buy
[18:46:54] > ryise buy x64 Sugar cane to .VisedSauce5790 for $2,000.
[18:49:49] > Trapers1 added x1 Shulker box in auction for 1000000.
[18:50:42] > Trapers1 added x64 Firework rocket in auction for 15000.
[18:50:57] > .VisedSauce5790 added x1 Enchanted book in auction for 150000.
[18:51:01] > Trapers1 remove x1 Shulker box form storage
[18:51:01] > Trapers1 remove x64 Firework rocket form storage
[18:51:07] > Kaynn added x1 §x§F§F§3§E§0§0§lD§x§F§F§3§6§0§0§le§x§F§F§2§F§0§0§lm§x§F§F§2§7§0§0§lo§x§F§F§1§F§0§0§ln §x§F§F§1§0§0§0§lL§x§F§F§0§8§0§0§lo§x§F§F§0§0§0§0§lr§x§F§F§0§9§0§0§ld §x§F§F§1§B§0§0§lS§x§F§F§2§3§0§0§lw§x§F§F§2§C§0§0§lo§x§F§F§3§5§0§0§lr§x§F§F§3§E§0§0§ld in auction for 499000.
[18:51:25] > Trapers1 added x1 Shulker box in auction for 500000.
[18:53:05] > ace added x64 Diamond in auction for 150000.
[18:56:46] > .AppriXD buy x1 Eye armor trim smithing template to Blinkrzz for $200,000.
[18:59:09] > .AppriXD buy x4 Beacon to Johng10910 for $200,000.
[18:59:21] > .AppriXD buy x64 Sugar cane to .VisedSauce5790 for $2,000.
[18:59:29] > .AppriXD remove x4 Beacon from buy
[18:59:29] > .AppriXD remove x9 §9§lCrab Claw from buy
[18:59:30] > .AppriXD remove x9 §9§lCrab Claw from buy
[18:59:31] > .AppriXD remove x4 §9§lCrab Claw from buy
[18:59:32] > .AppriXD remove x5 Sculk shrieker from buy
[18:59:33] > .AppriXD remove x1 Beacon from buy
[18:59:34] > .AppriXD remove x1 Beacon from buy
[18:59:34] > .AppriXD remove x1 Eye armor trim smithing template from buy
[18:59:35] > .AppriXD remove x64 Sugar cane from buy
[19:01:26] > Trapers1 remove x1 Shulker box form storage
[19:01:43] > Trapers1 added x1 Shulker box in auction for 300000.
[19:02:00] > HPMR_GaMerz buy x1 plushiieeess ʚ♡ɞ to auvicious for $2,000,000.
[19:02:03] > HPMR_GaMerz buy x1 Shulker box to Trapers1 for $300,000.
[19:02:07] > HPMR_GaMerz remove x1 Shulker box from buy
[19:02:08] > HPMR_GaMerz remove x1 plushiieeess ʚ♡ɞ from buy
[19:02:08] > HPMR_GaMerz remove x1 Shulker box from buy
[19:04:12] > Chakuu remove x1 §x§F§0§7§A§5§4§lZombie Apocalyptic Key form storage
[19:05:06] > Torrr buy x5 §x§F§C§D§0§5§C§lB§x§E§6§D§3§6§B§la§x§C§F§D§5§7§A§ls§x§B§9§D§8§8§9§li§x§A§2§D§A§9§8§lc §x§7§5§D§F§B§6§lC§x§5§F§E§2§C§5§lr§x§7§5§D§F§B§6§la§x§8§C§D§D§A§7§lt§x§A§2§D§A§9§8§le §x§C§F§D§5§7§A§lK§x§E§6§D§3§6§B§le§x§F§C§D§0§5§C§ly to Takeremu for $50,000.
[19:05:24] > x1 §f§l§8B§x§6§6§6§6§6§6a§x§7§7§7§7§7§7h§x§8§8§8§8§8§8a§x§9§9§9§9§9§9m§7u§x§9§9§9§9§9§9t§x§8§8§8§8§8§8 §x§7§7§7§7§7§7H§x§6§6§6§6§6§6o§8e on sale by RizzaIck has just expired, it goes in the inventory of expired items.
[19:05:33] > ryise remove x1 Enchanted book from buy
[19:05:35] > ryise remove x64 Sugar cane from buy
[19:05:39] > Torrr remove x5 §x§F§C§D§0§5§C§lB§x§E§6§D§3§6§B§la§x§C§F§D§5§7§A§ls§x§B§9§D§8§8§9§li§x§A§2§D§A§9§8§lc §x§7§5§D§F§B§6§lC§x§5§F§E§2§C§5§lr§x§7§5§D§F§B§6§la§x§8§C§D§D§A§7§lt§x§A§2§D§A§9§8§le §x§C§F§D§5§7§A§lK§x§E§6§D§3§6§B§le§x§F§C§D§0§5§C§ly form buy
[19:06:21] > 8it5inn added x1 Wings in auction for 10000000.
[19:07:09] > auvicious added x1 The Trim Tinker (Discounted Complete Package) in auction for 2100000.
[19:07:43] > Sthine8 buy x1 §x§F§F§5§5§0§0§lsᴇʟʟᴡᴀɴᴅ §6- 5.0x to ojijan for $500,000.
[19:07:54] > Sthine8 remove x1 §x§F§F§5§5§0§0§lsᴇʟʟᴡᴀɴᴅ §6- 5.0x from buy
[19:08:09] > Sthine8 added x1 §x§F§F§5§5§0§0§lsᴇʟʟᴡᴀɴᴅ §6- 5.0x in auction for 800000.
[19:09:16] > micailatot remove x1 §f§l§8B§x§6§6§6§6§6§6a§x§7§7§7§7§7§7h§x§8§8§8§8§8§8a§x§9§9§9§9§9§9m§7u§x§9§9§9§9§9§9t§x§8§8§8§8§8§8 §x§7§7§7§7§7§7H§x§6§6§6§6§6§6o§8e from storage
[19:10:50] > x1 §f§l§8B§x§6§2§6§2§6§2a§x§6§F§6§F§6§Fh§x§7§C§7§C§7§Ca§x§8§9§8§9§8§9m§x§9§6§9§6§9§6u§x§A§3§A§3§A§3t §x§9§6§9§6§9§6S§x§8§9§8§9§8§9h§x§7§C§7§C§7§Co§x§6§F§6§F§6§Fv§x§6§2§6§2§6§2e§8l on sale by Takeremu has just expired, it goes in the inventory of expired items.
[19:11:27] > 8it5inn added x1 §f§l§x§8§A§0§0§F§FS§x§9§8§0§0§D§Dh§x§A§6§0§0§B§Bi§x§B§4§0§0§9§9n§x§C§2§0§0§7§7e§x§D§0§0§0§5§5 §x§D§E§0§0§3§3O§x§E§C§0§0§1§1ni§x§D§E§0§0§3§3 §x§D§0§0§0§5§5S§x§C§2§0§0§7§7i§x§B§4§0§0§9§9c§x§A§6§0§0§B§Bk§x§9§8§0§0§D§Dl§x§8§A§0§0§F§Fe in auction for 2000000.
[19:11:50] > alecczzz added x1 §f§l§x§8§A§0§0§F§FS§x§9§8§0§0§D§Dh§x§A§6§0§0§B§Bi§x§B§4§0§0§9§9n§x§C§2§0§0§7§7e§x§D§0§0§0§5§5 §x§D§E§0§0§3§3O§x§E§C§0§0§1§1ni§x§D§E§0§0§3§3 §x§D§0§0§0§5§5S§x§C§2§0§0§7§7i§x§B§4§0§0§9§9c§x§A§6§0§0§B§Bk§x§9§8§0§0§D§Dl§x§8§A§0§0§F§Fe in auction for 2000000.
[19:12:07] > x1 §x§5§9§A§1§D§9§lA§x§6§A§A§A§D§Dr§x§7§A§B§4§E§1c§x§8§B§B§D§E§4h§x§9§B§C§7§E§8a§x§A§C§D§0§E§Cn§x§B§D§D§9§F§0g§x§C§D§E§3§F§4e§x§D§E§E§C§F§7l §fG§x§E§D§F§5§F§Br§x§D§A§E§A§F§7e§x§C§8§E§0§F§2a§x§B§5§D§5§E§Et§x§A§3§C§B§E§As§x§9§0§C§0§E§6w§x§7§E§B§6§E§1o§x§6§B§A§B§D§Dr§x§5§9§A§1§D§9d on sale by Kwienn has just expired, it goes in the inventory of expired items.
[19:14:39] > ThatMidnight added x1 §x§F§F§5§5§0§0§lsᴇʟʟᴡᴀɴᴅ §6- 20.0x in auction for 2000000.
[19:14:46] > Bleh added x1 §x§F§F§5§5§0§0§lsᴇʟʟᴡᴀɴᴅ §6- 5.0x in auction for 500000.
[19:14:52] > Sthine8 buy x1 §x§F§F§5§5§0§0§lsᴇʟʟᴡᴀɴᴅ §6- 5.0x to nachfaust for $480,000.
[19:14:58] > Wemmbuo added x1 §x§F§F§5§5§0§0§lsᴇʟʟᴡᴀɴᴅ §6- 10.0x in auction for 100000.
[19:14:59] > Sthine8 remove x1 §x§F§F§5§5§0§0§lsᴇʟʟᴡᴀɴᴅ §6- 5.0x from buy
[19:14:59] > Dentatsu buy x1 §x§F§F§5§5§0§0§lsᴇʟʟᴡᴀɴᴅ §6- 20.0x to ThatMidnight for $2,000,000.
[19:15:04] > Trapers1 buy x1 §x§F§F§5§5§0§0§lsᴇʟʟᴡᴀɴᴅ §6- 5.0x to Bleh for $500,000.
[19:15:04] > anneyong buy x1 §x§F§F§5§5§0§0§lsᴇʟʟᴡᴀɴᴅ §6- 10.0x to Wemmbuo for $100,000.
[19:15:06] > Johng10910 added x1 §fButterfly Hat in auction for 50000.
[19:15:10] > alecczzz added x1 §fFlower Crown Hat in auction for 400000.
[19:15:14] > Dentatsu remove x1 §x§F§F§5§5§0§0§lsᴇʟʟᴡᴀɴᴅ §6- 20.0x from buy
[19:15:17] > Sthine8 added x1 §x§F§F§5§5§0§0§lsᴇʟʟᴡᴀɴᴅ §6- 5.0x in auction for 800000.
[19:15:25] > Trapers1 remove x1 §x§F§F§5§5§0§0§lsᴇʟʟᴡᴀɴᴅ §6- 5.0x form buy
[19:15:28] > alecczzz added x1 §x§F§F§5§5§0§0§lsᴇʟʟᴡᴀɴᴅ §6- 5.0x in auction for 200000.
[19:15:31] > kysicx added x1 §fMagician Hat in auction for 100000.
[19:15:32] > ry9191 buy x1 §x§F§F§5§5§0§0§lsᴇʟʟᴡᴀɴᴅ §6- 5.0x to alecczzz for $200,000.
[19:15:42] > Dentatsu added x1 §x§F§F§5§5§0§0§lsᴇʟʟᴡᴀɴᴅ §6- 20.0x in auction for 2350000.
[19:15:45] > ry9191 buy x1 §x§F§F§5§5§0§0§lsᴇʟʟᴡᴀɴᴅ §6- 20.0x to Dentatsu for $2,350,000.
[19:15:49] > azuyeca added x1 §x§F§F§5§5§0§0§lsᴇʟʟᴡᴀɴᴅ §6- 20.0x in auction for 2000000.
[19:15:54] > giyahnpogi buy x1 §x§F§F§5§5§0§0§lsᴇʟʟᴡᴀɴᴅ §6- 20.0x to azuyeca for $2,000,000.
[19:16:04] > ry9191 remove x1 §x§F§F§5§5§0§0§lsᴇʟʟᴡᴀɴᴅ §6- 5.0x form buy
[19:16:04] > ry9191 remove x1 §x§F§F§5§5§0§0§lsᴇʟʟᴡᴀɴᴅ §6- 20.0x form buy
[19:16:07] > Trapers1 added x1 §x§F§F§5§5§0§0§lsᴇʟʟᴡᴀɴᴅ §6- 5.0x in auction for 400000.
[19:16:09] > giyahnpogi remove x1 §x§F§F§5§5§0§0§lsᴇʟʟᴡᴀɴᴅ §6- 20.0x from buy
[19:16:12] > Torrr added x1 §x§F§F§3§E§0§0§lSellwand Voucher in auction for 1500000.
[19:16:41] > Chakuu added x1 §aCthulhu in auction for 20000.
[19:16:42] > Torrr remove x1 §x§F§F§3§E§0§0§lSellwand Voucher form storage
[19:16:45] > Wemmbuo added x1 §f§l§8B§x§6§1§6§1§6§1a§x§6§D§6§D§6§Dh§x§7§9§7§9§7§9a§x§8§6§8§6§8§6m§x§9§2§9§2§9§2u§x§9§E§9§E§9§Et§7 §x§9§E§9§E§9§EH§x§9§2§9§2§9§2a§x§8§6§8§6§8§6l§x§7§9§7§9§7§9b§x§6§D§6§D§6§De§x§6§1§6§1§6§1r§8d in auction for 1100000.
[19:16:52] > Chakuu added x1 §fGarden Hat in auction for 10000.
[19:16:55] > nachfaust added x1 §x§E§5§1§B§1§B§lDracula Wings in auction for 1500000.
[19:17:12] > Torrr added x1 §x§F§F§5§5§0§0§lsᴇʟʟᴡᴀɴᴅ §6- 5.0x in auction for 1500000.
[19:19:02] > Torrr remove x1 §x§F§F§5§5§0§0§lsᴇʟʟᴡᴀɴᴅ §6- 5.0x form storage
[19:19:13] > RottenRael added x1 §x§F§F§5§5§0§0§lsᴇʟʟᴡᴀɴᴅ §6- 5.0x in auction for 350000.
[19:19:27] > Torrr added x1 §x§F§F§5§5§0§0§lsᴇʟʟᴡᴀɴᴅ §6- 5.0x in auction for 500000.
[19:19:47] > Wemmbuo added x5 Enchanted golden apple in auction for 50000.
[19:19:52] > anneyong buy x5 Enchanted golden apple to Wemmbuo for $50,000.
[19:25:40] > Trapers1 added x1 §x§F§F§5§5§0§0§lsᴇʟʟᴡᴀɴᴅ §6- 5.0x in auction for 400000.
[19:26:03] > Trapers1 remove x1 §x§F§F§5§5§0§0§lsᴇʟʟᴡᴀɴᴅ §6- 5.0x form storage
[19:26:03] > Trapers1 remove x1 §x§F§F§5§5§0§0§lsᴇʟʟᴡᴀɴᴅ §6- 5.0x form storage
[19:26:12] > Trapers1 added x1 §x§F§F§5§5§0§0§lsᴇʟʟᴡᴀɴᴅ §6- 5.0x in auction for 350000.
[19:26:48] > Trapers1 added x1 §x§F§F§5§5§0§0§lsᴇʟʟᴡᴀɴᴅ §6- 5.0x in auction for 350000.
[19:27:27] > KB_Keith added x1 §x§F§F§7§C§0§0§lSteamsparks Battle Axe in auction for 120000.
[19:27:41] > .DCGWAPO buy x1 §x§F§F§7§C§0§0§lSteamsparks Battle Axe to KB_Keith for $120,000.
[19:29:11] > Uratakiz added x1 §x§F§F§7§C§0§0§lSteamsparks Wings in auction for 300000.
[19:29:22] > Trapers1 buy x1 §x§F§F§7§C§0§0§lSteamsparks Wings to Uratakiz for $300,000.
[19:29:30] > Trapers1 remove x1 §x§F§F§7§C§0§0§lSteamsparks Wings form buy
[19:31:37] > .DCGWAPO remove x1 §x§F§F§7§C§0§0§lSteamsparks Battle Axe from buy
[19:32:10] > Torrr remove x1 §x§F§F§5§5§0§0§lsᴇʟʟᴡᴀɴᴅ §6- 5.0x form storage
[19:33:20] > Trapers1 added x1 §x§F§F§7§C§0§0§lSteamsparks Wings in auction for 2000000.
[19:33:25] > Torrr buy x1 §x§F§F§7§C§0§0§lSteamsparks Wings to Trapers1 for $2,000,000.
[19:33:56] > Torrr remove x1 §x§F§F§7§C§0§0§lSteamsparks Wings form buy
[19:34:04] > Trapers1 added x1 §f§l§8B§x§6§3§6§3§6§3a§x§7§1§7§1§7§1h§x§8§0§8§0§8§0a§x§8§E§8§E§8§Em§x§9§C§9§C§9§Cu§7t§x§9§C§9§C§9§C §x§8§E§8§E§8§EW§x§8§0§8§0§8§0i§x§7§1§7§1§7§1n§x§6§3§6§3§6§3g§8s in auction for 5000000.
[19:34:32] > Trapers1 remove x1 §x§F§F§5§5§0§0§lsᴇʟʟᴡᴀɴᴅ §6- 5.0x form storage
[19:34:32] > Trapers1 remove x1 §f§l§8B§x§6§3§6§3§6§3a§x§7§1§7§1§7§1h§x§8§0§8§0§8§0a§x§8§E§8§E§8§Em§x§9§C§9§C§9§Cu§7t§x§9§C§9§C§9§C §x§8§E§8§E§8§EW§x§8§0§8§0§8§0i§x§7§1§7§1§7§1n§x§6§3§6§3§6§3g§8s form storage
[19:34:32] > Trapers1 remove x1 §x§F§F§5§5§0§0§lsᴇʟʟᴡᴀɴᴅ §6- 5.0x form storage
[19:34:43] > Trapers1 added x1 §f§l§8B§x§6§3§6§3§6§3a§x§7§1§7§1§7§1h§x§8§0§8§0§8§0a§x§8§E§8§E§8§Em§x§9§C§9§C§9§Cu§7t§x§9§C§9§C§9§C §x§8§E§8§E§8§EW§x§8§0§8§0§8§0i§x§7§1§7§1§7§1n§x§6§3§6§3§6§3g§8s in auction for 4500000.
[19:34:58] > Trapers1 added x1 §x§F§F§5§5§0§0§lsᴇʟʟᴡᴀɴᴅ §6- 5.0x in auction for 350000.
[19:35:28] > Trapers1 added x1 §x§F§F§5§5§0§0§lsᴇʟʟᴡᴀɴᴅ §6- 5.0x in auction for 350000.
[19:35:39] > RizzaIck buy x1 §x§F§F§5§5§0§0§lsᴇʟʟᴡᴀɴᴅ §6- 5.0x to Trapers1 for $350,000.
[19:35:42] > RizzaIck buy x1 §x§F§F§5§5§0§0§lsᴇʟʟᴡᴀɴᴅ §6- 5.0x to Trapers1 for $350,000.
[19:35:45] > RizzaIck buy x1 §x§F§F§5§5§0§0§lsᴇʟʟᴡᴀɴᴅ §6- 5.0x to RottenRael for $350,000.
[19:35:52] > RizzaIck remove x1 §x§F§F§5§5§0§0§lsᴇʟʟᴡᴀɴᴅ §6- 5.0x from buy
[19:35:52] > RizzaIck remove x1 §x§F§F§5§5§0§0§lsᴇʟʟᴡᴀɴᴅ §6- 5.0x from buy
[19:35:52] > RizzaIck remove x1 §x§F§F§5§5§0§0§lsᴇʟʟᴡᴀɴᴅ §6- 5.0x from buy
[19:35:58] > RizzaIck added x1 §x§F§F§5§5§0§0§lsᴇʟʟᴡᴀɴᴅ §6- 5.0x in auction for 500000.
[19:36:10] > RizzaIck added x1 §x§F§F§5§5§0§0§lsᴇʟʟᴡᴀɴᴅ §6- 5.0x in auction for 500000.
[19:36:20] > Torrr added x1 §x§F§F§7§C§0§0§lSteamsparks Wings in auction for 2000000.
[19:36:26] > RizzaIck added x1 §x§F§F§5§5§0§0§lsᴇʟʟᴡᴀɴᴅ §6- 5.0x in auction for 500000.
[19:36:57] > Trapers1 remove x1 §f§l§8B§x§6§3§6§3§6§3a§x§7§1§7§1§7§1h§x§8§0§8§0§8§0a§x§8§E§8§E§8§Em§x§9§C§9§C§9§Cu§7t§x§9§C§9§C§9§C §x§8§E§8§E§8§EW§x§8§0§8§0§8§0i§x§7§1§7§1§7§1n§x§6§3§6§3§6§3g§8s form storage
[19:36:59] > mumbowe777 added x1 §x§F§F§5§5§0§0§lsᴇʟʟᴡᴀɴᴅ §6- 10.0x in auction for 1000000.
[19:37:06] > Trapers1 added x1 §f§l§8B§x§6§3§6§3§6§3a§x§7§1§7§1§7§1h§x§8§0§8§0§8§0a§x§8§E§8§E§8§Em§x§9§C§9§C§9§Cu§7t§x§9§C§9§C§9§C §x§8§E§8§E§8§EW§x§8§0§8§0§8§0i§x§7§1§7§1§7§1n§x§6§3§6§3§6§3g§8s in auction for 2000000.
[19:37:18] > Trapers1 remove x1 §f§l§8B§x§6§3§6§3§6§3a§x§7§1§7§1§7§1h§x§8§0§8§0§8§0a§x§8§E§8§E§8§Em§x§9§C§9§C§9§Cu§7t§x§9§C§9§C§9§C §x§8§E§8§E§8§EW§x§8§0§8§0§8§0i§x§7§1§7§1§7§1n§x§6§3§6§3§6§3g§8s form storage
[19:37:19] > mumbowe777 added x1 §x§F§F§5§5§0§0§lsᴇʟʟᴡᴀɴᴅ §6- 5.0x in auction for 300000.
[19:37:30] > mumbowe777 added x1 §x§F§F§5§5§0§0§lsᴇʟʟᴡᴀɴᴅ §6- 5.0x in auction for 300000.
[19:37:31] > Trapers1 added x1 §f§l§8B§x§6§3§6§3§6§3a§x§7§1§7§1§7§1h§x§8§0§8§0§8§0a§x§8§E§8§E§8§Em§x§9§C§9§C§9§Cu§7t§x§9§C§9§C§9§C §x§8§E§8§E§8§EW§x§8§0§8§0§8§0i§x§7§1§7§1§7§1n§x§6§3§6§3§6§3g§8s in auction for 4000000.
[19:37:33] > kysicx buy x1 §x§F§F§5§5§0§0§lsᴇʟʟᴡᴀɴᴅ §6- 5.0x to mumbowe777 for $300,000.
[19:37:37] > kysicx buy x1 §x§F§F§5§5§0§0§lsᴇʟʟᴡᴀɴᴅ §6- 5.0x to mumbowe777 for $300,000.
[19:38:05] > mumbowe777 remove x1 §x§F§F§5§5§0§0§lsᴇʟʟᴡᴀɴᴅ §6- 10.0x from storage
[19:38:21] > mumbowe777 added x1 §x§F§F§5§5§0§0§lsᴇʟʟᴡᴀɴᴅ §6- 10.0x in auction for 900000.
[19:38:25] > Trapers1 buy x1 §x§F§F§5§5§0§0§lsᴇʟʟᴡᴀɴᴅ §6- 10.0x to mumbowe777 for $900,000.
[19:38:36] > Trapers1 remove x1 §x§F§F§5§5§0§0§lsᴇʟʟᴡᴀɴᴅ §6- 10.0x form buy
[19:38:51] > Trapers1 added x1 §x§F§F§5§5§0§0§lsᴇʟʟᴡᴀɴᴅ §6- 10.0x in auction for 1200000.
[19:39:36] > Trapers1 remove x1 §f§l§8B§x§6§3§6§3§6§3a§x§7§1§7§1§7§1h§x§8§0§8§0§8§0a§x§8§E§8§E§8§Em§x§9§C§9§C§9§Cu§7t§x§9§C§9§C§9§C §x§8§E§8§E§8§EW§x§8§0§8§0§8§0i§x§7§1§7§1§7§1n§x§6§3§6§3§6§3g§8s form storage
[19:39:36] > Trapers1 remove x1 §x§F§F§5§5§0§0§lsᴇʟʟᴡᴀɴᴅ §6- 10.0x form storage
[19:39:45] > Trapers1 added x1 §f§l§8B§x§6§3§6§3§6§3a§x§7§1§7§1§7§1h§x§8§0§8§0§8§0a§x§8§E§8§E§8§Em§x§9§C§9§C§9§Cu§7t§x§9§C§9§C§9§C §x§8§E§8§E§8§EW§x§8§0§8§0§8§0i§x§7§1§7§1§7§1n§x§6§3§6§3§6§3g§8s in auction for 3500000.
[19:39:59] > Trapers1 added x1 §x§F§F§5§5§0§0§lsᴇʟʟᴡᴀɴᴅ §6- 10.0x in auction for 1000000.
[19:40:06] > tyrunknown buy x1 §x§F§F§5§5§0§0§lsᴇʟʟᴡᴀɴᴅ §6- 10.0x to Trapers1 for $1,000,000.
[19:40:08] > alecczzz remove x1 §f§l§x§8§A§0§0§F§FS§x§9§8§0§0§D§Dh§x§A§6§0§0§B§Bi§x§B§4§0§0§9§9n§x§C§2§0§0§7§7e§x§D§0§0§0§5§5 §x§D§E§0§0§3§3O§x§E§C§0§0§1§1ni§x§D§E§0§0§3§3 §x§D§0§0§0§5§5S§x§C§2§0§0§7§7i§x§B§4§0§0§9§9c§x§A§6§0§0§B§Bk§x§9§8§0§0§D§Dl§x§8§A§0§0§F§Fe from storage
[19:40:08] > ace remove x64 Diamond from storage
[19:40:24] > ace added x64 Diamond in auction for 139000.
[19:40:25] > Torrr added x1 Beacon in auction for 100000.
[19:40:37] > Torrr added x1 Beacon in auction for 100000.
[19:40:47] > Torrr remove x1 §x§F§F§7§C§0§0§lSteamsparks Wings from storage
[19:41:42] > Trapers1 remove x1 §f§l§8B§x§6§3§6§3§6§3a§x§7§1§7§1§7§1h§x§8§0§8§0§8§0a§x§8§E§8§E§8§Em§x§9§C§9§C§9§Cu§7t§x§9§C§9§C§9§C §x§8§E§8§E§8§EW§x§8§0§8§0§8§0i§x§7§1§7§1§7§1n§x§6§3§6§3§6§3g§8s form storage
[19:41:51] > Trapers1 added x1 §f§l§8B§x§6§3§6§3§6§3a§x§7§1§7§1§7§1h§x§8§0§8§0§8§0a§x§8§E§8§E§8§Em§x§9§C§9§C§9§Cu§7t§x§9§C§9§C§9§C §x§8§E§8§E§8§EW§x§8§0§8§0§8§0i§x§7§1§7§1§7§1n§x§6§3§6§3§6§3g§8s in auction for 3000000.
[19:42:17] > Trapers1 remove x1 §f§l§8B§x§6§3§6§3§6§3a§x§7§1§7§1§7§1h§x§8§0§8§0§8§0a§x§8§E§8§E§8§Em§x§9§C§9§C§9§Cu§7t§x§9§C§9§C§9§C §x§8§E§8§E§8§EW§x§8§0§8§0§8§0i§x§7§1§7§1§7§1n§x§6§3§6§3§6§3g§8s form storage
[19:42:26] > Trapers1 added x1 §f§l§8B§x§6§3§6§3§6§3a§x§7§1§7§1§7§1h§x§8§0§8§0§8§0a§x§8§E§8§E§8§Em§x§9§C§9§C§9§Cu§7t§x§9§C§9§C§9§C §x§8§E§8§E§8§EW§x§8§0§8§0§8§0i§x§7§1§7§1§7§1n§x§6§3§6§3§6§3g§8s in auction for 2800000.
[19:43:05] > Trapers1 remove x1 §f§l§8B§x§6§3§6§3§6§3a§x§7§1§7§1§7§1h§x§8§0§8§0§8§0a§x§8§E§8§E§8§Em§x§9§C§9§C§9§Cu§7t§x§9§C§9§C§9§C §x§8§E§8§E§8§EW§x§8§0§8§0§8§0i§x§7§1§7§1§7§1n§x§6§3§6§3§6§3g§8s form storage
[19:43:14] > Trapers1 added x1 §f§l§8B§x§6§3§6§3§6§3a§x§7§1§7§1§7§1h§x§8§0§8§0§8§0a§x§8§E§8§E§8§Em§x§9§C§9§C§9§Cu§7t§x§9§C§9§C§9§C §x§8§E§8§E§8§EW§x§8§0§8§0§8§0i§x§7§1§7§1§7§1n§x§6§3§6§3§6§3g§8s in auction for 2500000.
[19:44:32] > Trapers1 remove x1 §f§l§8B§x§6§3§6§3§6§3a§x§7§1§7§1§7§1h§x§8§0§8§0§8§0a§x§8§E§8§E§8§Em§x§9§C§9§C§9§Cu§7t§x§9§C§9§C§9§C §x§8§E§8§E§8§EW§x§8§0§8§0§8§0i§x§7§1§7§1§7§1n§x§6§3§6§3§6§3g§8s form storage
[19:44:45] > Trapers1 added x1 §f§l§8B§x§6§3§6§3§6§3a§x§7§1§7§1§7§1h§x§8§0§8§0§8§0a§x§8§E§8§E§8§Em§x§9§C§9§C§9§Cu§7t§x§9§C§9§C§9§C §x§8§E§8§E§8§EW§x§8§0§8§0§8§0i§x§7§1§7§1§7§1n§x§6§3§6§3§6§3g§8s in auction for 3000000.
[19:47:27] > Trapers1 added x1 §x§F§0§7§A§5§4§lZombie Apocalyptic Key in auction for 500000.
[19:48:25] > Trapers1 remove x1 §f§l§8B§x§6§3§6§3§6§3a§x§7§1§7§1§7§1h§x§8§0§8§0§8§0a§x§8§E§8§E§8§Em§x§9§C§9§C§9§Cu§7t§x§9§C§9§C§9§C §x§8§E§8§E§8§EW§x§8§0§8§0§8§0i§x§7§1§7§1§7§1n§x§6§3§6§3§6§3g§8s form storage
[19:48:25] > Trapers1 remove x1 §x§F§0§7§A§5§4§lZombie Apocalyptic Key form storage
[19:48:41] > Trapers1 added x1 §f§l§8B§x§6§3§6§3§6§3a§x§7§1§7§1§7§1h§x§8§0§8§0§8§0a§x§8§E§8§E§8§Em§x§9§C§9§C§9§Cu§7t§x§9§C§9§C§9§C §x§8§E§8§E§8§EW§x§8§0§8§0§8§0i§x§7§1§7§1§7§1n§x§6§3§6§3§6§3g§8s in auction for 2300000.
[19:49:07] > Trapers1 added x1 §x§F§0§7§A§5§4§lZombie Apocalyptic Key in auction for 70000.
[19:49:20] > mumbowe777 buy x1 §x§F§0§7§A§5§4§lZombie Apocalyptic Key to Trapers1 for $70,000.
[19:49:29] > Chakuu added x1 §x§F§0§7§A§5§4§lZombie Apocalyptic Key in auction for 50000.
[19:49:34] > Trapers1 buy x1 §x§F§0§7§A§5§4§lZombie Apocalyptic Key to Chakuu for $50,000.
[19:49:39] > Trapers1 remove x1 §x§F§0§7§A§5§4§lZombie Apocalyptic Key form buy
[19:49:52] > Trapers1 added x1 §x§F§0§7§A§5§4§lZombie Apocalyptic Key in auction for 100000.
[19:50:18] > Trapers1 remove x1 §f§l§8B§x§6§3§6§3§6§3a§x§7§1§7§1§7§1h§x§8§0§8§0§8§0a§x§8§E§8§E§8§Em§x§9§C§9§C§9§Cu§7t§x§9§C§9§C§9§C §x§8§E§8§E§8§EW§x§8§0§8§0§8§0i§x§7§1§7§1§7§1n§x§6§3§6§3§6§3g§8s form storage
[19:50:18] > Broodie buy x1 §x§F§0§7§A§5§4§lZombie Apocalyptic Key to Trapers1 for $100,000.
[19:50:39] > Trapers1 added x1 §f§l§8B§x§6§3§6§3§6§3a§x§7§1§7§1§7§1h§x§8§0§8§0§8§0a§x§8§E§8§E§8§Em§x§9§C§9§C§9§Cu§7t§x§9§C§9§C§9§C §x§8§E§8§E§8§EW§x§8§0§8§0§8§0i§x§7§1§7§1§7§1n§x§6§3§6§3§6§3g§8s in auction for 2000000.
[19:55:35] > alecczzz remove x1 §fFlower Crown Hat from storage
[19:55:37] > alecczzz remove x1 §fGuardian Plushie §6(#43/101) from storage
[19:55:46] > alecczzz added x1 §fFlower Crown Hat in auction for 50000.
[19:55:59] > alecczzz added x1 §fGuardian Plushie §6(#43/101) in auction for 100000.
[19:56:19] > Trapers1 added x1 §fHorse Plushie (White) §6(#49/101) in auction for 10000.
[19:56:23] > namerikangel buy x1 §fHorse Plushie (White) §6(#49/101) to Trapers1 for $10,000.
[19:56:49] > Trapers1 added x1 §fParrot Plushie (Gray) §6(#60/101) in auction for 10000.
[19:56:55] > namerikangel buy x1 §fParrot Plushie (Gray) §6(#60/101) to Trapers1 for $10,000.
[19:57:13] > Trapers1 added x1 §fParrot Plushie (Blue) §6(#58/101) in auction for 10000.
[19:57:20] > namerikangel buy x1 §fParrot Plushie (Blue) §6(#58/101) to Trapers1 for $10,000.
[19:57:24] > auvicious buy x1 §fLlama Plushie §6(52/101) to scarlettti for $15,000.
[19:57:32] > Broodie remove x1 §x§F§0§7§A§5§4§lZombie Apocalyptic Key form buy
[19:58:02] > NastyPepperoni buy x1 §fGarden Hat to Chakuu for $10,000.
[19:58:06] > Trapers1 added x42 Cooked beef in auction for 10000.
[19:58:17] > Trapers1 remove x42 Cooked beef form storage
[19:58:17] > Trapers1 remove x1 §f§l§8B§x§6§3§6§3§6§3a§x§7§1§7§1§7§1h§x§8§0§8§0§8§0a§x§8§E§8§E§8§Em§x§9§C§9§C§9§Cu§7t§x§9§C§9§C§9§C §x§8§E§8§E§8§EW§x§8§0§8§0§8§0i§x§7§1§7§1§7§1n§x§6§3§6§3§6§3g§8s form storage
[19:58:22] > namerikangel remove x1 §fHorse Plushie (White) §6(#49/101) from buy
[19:58:23] > namerikangel remove x1 §fParrot Plushie (Blue) §6(#58/101) from buy
[19:58:24] > namerikangel remove x1 §fParrot Plushie (Gray) §6(#60/101) from buy
[19:58:26] > Trapers1 added x1 §fHusk Plushie §6(#50/101) in auction for 10000.
[19:58:31] > 8it5inn buy x1 §fHusk Plushie §6(#50/101) to Trapers1 for $10,000.
[19:58:35] > auvicious remove x1 §fLlama Plushie §6(52/101) form buy
[19:58:39] > Trapers1 added x1 §fMule Plushie §6(#55/101) in auction for 10000.
[19:58:42] > 8it5inn buy x1 §fMule Plushie §6(#55/101) to Trapers1 for $10,000.
[19:58:50] > Trapers1 added x1 §fPufferfish Plushie §6(#68/101) in auction for 10000.
[19:58:53] > namerikangel buy x1 §fPufferfish Plushie §6(#68/101) to Trapers1 for $10,000.
[19:59:14] > Trapers1 added x1 §fSun Hat in auction for 10000.
[19:59:21] > 8it5inn buy x1 §fSun Hat to Trapers1 for $10,000.
[19:59:30] > Trapers1 added x1 §fMushroom Hat in auction for 20000.
[19:59:39] > 8it5inn buy x1 §fMushroom Hat to Trapers1 for $20,000.
[19:59:47] > Trapers1 added x1 §eMummy Hat in auction for 30000.
[20:00:05] > Trapers1 added x1 §f§l§8B§x§6§3§6§3§6§3a§x§7§1§7§1§7§1h§x§8§0§8§0§8§0a§x§8§E§8§E§8§Em§x§9§C§9§C§9§Cu§7t§x§9§C§9§C§9§C §x§8§E§8§E§8§EW§x§8§0§8§0§8§0i§x§7§1§7§1§7§1n§x§6§3§6§3§6§3g§8s in auction for 3000000.
[20:00:15] > NastyPepperoni remove x1 §fGarden Hat from buy
[20:00:21] > Trapers1 remove x1 §eMummy Hat form storage
[20:00:21] > Trapers1 remove x1 §f§l§8B§x§6§3§6§3§6§3a§x§7§1§7§1§7§1h§x§8§0§8§0§8§0a§x§8§E§8§E§8§Em§x§9§C§9§C§9§Cu§7t§x§9§C§9§C§9§C §x§8§E§8§E§8§EW§x§8§0§8§0§8§0i§x§7§1§7§1§7§1n§x§6§3§6§3§6§3g§8s form storage
[20:00:23] > 8it5inn remove x1 §f§l§x§8§A§0§0§F§FS§x§9§8§0§0§D§Dh§x§A§6§0§0§B§Bi§x§B§4§0§0§9§9n§x§C§2§0§0§7§7e§x§D§0§0§0§5§5 §x§D§E§0§0§3§3O§x§E§C§0§0§1§1ni§x§D§E§0§0§3§3 §x§D§0§0§0§5§5S§x§C§2§0§0§7§7i§x§B§4§0§0§9§9c§x§A§6§0§0§B§Bk§x§9§8§0§0§D§Dl§x§8§A§0§0§F§Fe from storage
[20:00:35] > Trapers1 added x1 §eMummy Hat in auction for 20000.
[20:00:45] > Trapers1 added x1 §f§l§8B§x§6§3§6§3§6§3a§x§7§1§7§1§7§1h§x§8§0§8§0§8§0a§x§8§E§8§E§8§Em§x§9§C§9§C§9§Cu§7t§x§9§C§9§C§9§C §x§8§E§8§E§8§EW§x§8§0§8§0§8§0i§x§7§1§7§1§7§1n§x§6§3§6§3§6§3g§8s in auction for 3000000.
[20:01:08] > ry9191 remove x1 §f§l§x§8§A§0§0§F§FS§x§9§C§0§0§D§5h§x§A§D§0§0§A§Ai§x§B§F§0§0§8§0n§x§D§0§0§0§5§5e§x§E§2§0§0§2§B §x§F§3§0§0§0§0O§x§E§2§0§0§2§An§x§D§0§0§0§5§5i§x§B§F§0§0§8§0 §x§A§D§0§0§A§AB§x§9§C§0§0§D§5o§x§8§A§0§0§F§Fw from storage
[20:01:11] > Trapers1 remove x1 §eMummy Hat form storage
[20:01:11] > Trapers1 remove x1 §f§l§8B§x§6§3§6§3§6§3a§x§7§1§7§1§7§1h§x§8§0§8§0§8§0a§x§8§E§8§E§8§Em§x§9§C§9§C§9§Cu§7t§x§9§C§9§C§9§C §x§8§E§8§E§8§EW§x§8§0§8§0§8§0i§x§7§1§7§1§7§1n§x§6§3§6§3§6§3g§8s form storage
[20:01:17] > Trapers1 added x1 §f§l§8B§x§6§3§6§3§6§3a§x§7§1§7§1§7§1h§x§8§0§8§0§8§0a§x§8§E§8§E§8§Em§x§9§C§9§C§9§Cu§7t§x§9§C§9§C§9§C §x§8§E§8§E§8§EW§x§8§0§8§0§8§0i§x§7§1§7§1§7§1n§x§6§3§6§3§6§3g§8s in auction for 3000000.
[20:01:18] > ry9191 added x1 §f§l§x§8§A§0§0§F§FS§x§9§C§0§0§D§5h§x§A§D§0§0§A§Ai§x§B§F§0§0§8§0n§x§D§0§0§0§5§5e§x§E§2§0§0§2§B §x§F§3§0§0§0§0O§x§E§2§0§0§2§An§x§D§0§0§0§5§5i§x§B§F§0§0§8§0 §x§A§D§0§0§A§AB§x§9§C§0§0§D§5o§x§8§A§0§0§F§Fw in auction for 10000000.
[20:01:23] > ry9191 remove x1 §f§l§x§8§A§0§0§F§FS§x§9§C§0§0§D§5h§x§A§D§0§0§A§Ai§x§B§F§0§0§8§0n§x§D§0§0§0§5§5e§x§E§2§0§0§2§B §x§F§3§0§0§0§0O§x§E§2§0§0§2§An§x§D§0§0§0§5§5i§x§B§F§0§0§8§0 §x§A§D§0§0§A§AB§x§9§C§0§0§D§5o§x§8§A§0§0§F§Fw from storage
[20:01:23] > auvicious remove x1 §f§l§8B§x§6§4§6§4§6§4a§x§7§4§7§4§7§4h§x§8§3§8§3§8§3a§x§9§3§9§3§9§3m§x§A§2§A§2§A§2ut§x§9§3§9§3§9§3 §x§8§3§8§3§8§3C§x§7§4§7§4§7§4l§x§6§4§6§4§6§4u§8b from storage
[20:01:28] > auvicious remove x1 §x§F§F§7§C§0§0§lSteamsparks Staff from storage
[20:01:29] > Trapers1 added x1 §eMummy Hat in auction for 10000.
[20:01:31] > ry9191 added x1 §f§l§x§8§A§0§0§F§FS§x§9§C§0§0§D§5h§x§A§D§0§0§A§Ai§x§B§F§0§0§8§0n§x§D§0§0§0§5§5e§x§E§2§0§0§2§B §x§F§3§0§0§0§0O§x§E§2§0§0§2§An§x§D§0§0§0§5§5i§x§B§F§0§0§8§0 §x§A§D§0§0§A§AB§x§9§C§0§0§D§5o§x§8§A§0§0§F§Fw in auction for 1000000.
[20:01:39] > 8it5inn buy x1 §eMummy Hat to Trapers1 for $10,000.
[20:01:51] > auvicious added x1 §x§F§F§5§5§0§0§lsᴇʟʟᴡᴀɴᴅ §6- 5.0x in auction for 500000.
[20:02:04] > auvicious added x1 §x§F§F§5§5§0§0§lsᴇʟʟᴡᴀɴᴅ §6- 5.0x in auction for 500000.
[20:02:14] > cart224 buy x1 §f§l§x§8§A§0§0§F§FS§x§9§C§0§0§D§5h§x§A§D§0§0§A§Ai§x§B§F§0§0§8§0n§x§D§0§0§0§5§5e§x§E§2§0§0§2§B §x§F§3§0§0§0§0O§x§E§2§0§0§2§An§x§D§0§0§0§5§5i§x§B§F§0§0§8§0 §x§A§D§0§0§A§AB§x§9§C§0§0§D§5o§x§8§A§0§0§F§Fw to ry9191 for $1,000,000.
[20:02:25] > cart224 remove x1 §f§l§8B§x§6§3§6§3§6§3a§x§7§1§7§1§7§1h§x§8§0§8§0§8§0a§x§8§E§8§E§8§Em§x§9§C§9§C§9§Cu§7t§x§9§C§9§C§9§C §x§8§E§8§E§8§ES§x§8§0§8§0§8§0w§x§7§1§7§1§7§1o§x§6§3§6§3§6§3r§8d from buy
[20:02:26] > cart224 remove x1 §f§l§x§8§A§0§0§F§FS§x§9§C§0§0§D§5h§x§A§D§0§0§A§Ai§x§B§F§0§0§8§0n§x§D§0§0§0§5§5e§x§E§2§0§0§2§B §x§F§3§0§0§0§0O§x§E§2§0§0§2§An§x§D§0§0§0§5§5i§x§B§F§0§0§8§0 §x§A§D§0§0§A§AB§x§9§C§0§0§D§5o§x§8§A§0§0§F§Fw from buy
[20:03:45] > Trapers1 added x32 Iron block in auction for 5000.
[20:07:03] > azuyeca buy x64 Breeze rod to Kaynn for $250,000.
[20:07:07] > azuyeca remove x64 Breeze rod from buy
[20:07:56] > mumbowe777 remove x1 §x§F§0§7§A§5§4§lZombie Apocalyptic Key from buy
[20:08:42] > alecczzz buy x1 Mace to Zaiil for $300,000.
[20:08:48] > alecczzz remove x1 Mace from buy
[20:09:00] > nachfaust remove x1 Mace from storage
[20:10:22] > nachfaust added x1 Mace in auction for 1500000.
[20:11:54] > Dentatsu buy x32 Iron block to Trapers1 for $5,000.
[20:13:01] > mumbowe777 remove x1 §f§l§8B§x§5§E§5§E§5§Ea§x§6§8§6§8§6§8h§x§7§1§7§1§7§1a§x§7§B§7§B§7§Bm§x§8§4§8§4§8§4u§x§8§E§8§E§8§Et§x§9§7§9§7§9§7 §x§A§1§A§1§A§1F§7i§x§A§1§A§1§A§1s§x§9§7§9§7§9§7h§x§8§E§8§E§8§Ei§x§8§4§8§4§8§4n§x§7§B§7§B§7§Bg§x§7§1§7§1§7§1 §x§6§8§6§8§6§8R§x§5§E§5§E§5§Eo§8d from storage
[20:13:11] > mumbowe777 added x1 §f§l§8B§x§5§E§5§E§5§Ea§x§6§8§6§8§6§8h§x§7§1§7§1§7§1a§x§7§B§7§B§7§Bm§x§8§4§8§4§8§4u§x§8§E§8§E§8§Et§x§9§7§9§7§9§7 §x§A§1§A§1§A§1F§7i§x§A§1§A§1§A§1s§x§9§7§9§7§9§7h§x§8§E§8§E§8§Ei§x§8§4§8§4§8§4n§x§7§B§7§B§7§Bg§x§7§1§7§1§7§1 §x§6§8§6§8§6§8R§x§5§E§5§E§5§Eo§8d in auction for 300000.
[20:15:47] > 8it5inn added x1 §f§l§x§8§A§0§0§F§FS§x§9§7§0§0§D§Fh§x§A§4§0§0§B§Fi§x§B§1§0§0§9§Fn§x§B§F§0§0§8§0e§x§C§C§0§0§6§0 §x§D§9§0§0§4§0O§x§E§6§0§0§2§0n§x§F§3§0§0§0§0i§x§E§6§0§0§2§0 §x§D§9§0§0§4§0P§x§C§C§0§0§6§0i§x§B§F§0§0§8§0c§x§B§1§0§0§9§Fk§x§A§4§0§0§B§Fa§x§9§7§0§0§D§Fx§x§8§A§0§0§F§Fe in auction for 3250000.
[20:16:46] > nachfaust remove x1 §f§l§x§F§C§D§0§5§CW§x§F§A§A§2§4§8u§x§F§8§7§4§3§3k§x§F§6§4§5§1§Fo§x§F§4§1§7§0§Ang§x§F§6§4§5§1§F §x§F§8§7§4§3§3H§x§F§A§A§2§4§8o§x§F§C§D§0§5§Ce from storage
[20:16:46] > nachfaust remove x1 §f§l§x§8§A§0§0§F§FS§x§9§C§0§0§D§5h§x§A§D§0§0§A§Ai§x§B§F§0§0§8§0n§x§D§0§0§0§5§5e§x§E§2§0§0§2§B §x§F§3§0§0§0§0O§x§E§2§0§0§2§An§x§D§0§0§0§5§5i§x§B§F§0§0§8§0 §x§A§D§0§0§A§AB§x§9§C§0§0§D§5o§x§8§A§0§0§F§Fw from storage
[20:16:53] > nachfaust added x1 Mace in auction for 900000.
[20:17:04] > nachfaust added x1 §f§l§x§8§A§0§0§F§FS§x§9§C§0§0§D§5h§x§A§D§0§0§A§Ai§x§B§F§0§0§8§0n§x§D§0§0§0§5§5e§x§E§2§0§0§2§B §x§F§3§0§0§0§0O§x§E§2§0§0§2§An§x§D§0§0§0§5§5i§x§B§F§0§0§8§0 §x§A§D§0§0§A§AB§x§9§C§0§0§D§5o§x§8§A§0§0§F§Fw in auction for 1000000.
[20:17:23] > Dentatsu buy x1 §f§l§x§8§A§0§0§F§FS§x§9§C§0§0§D§5h§x§A§D§0§0§A§Ai§x§B§F§0§0§8§0n§x§D§0§0§0§5§5e§x§E§2§0§0§2§B §x§F§3§0§0§0§0O§x§E§2§0§0§2§An§x§D§0§0§0§5§5i§x§B§F§0§0§8§0 §x§A§D§0§0§A§AB§x§9§C§0§0§D§5o§x§8§A§0§0§F§Fw to nachfaust for $1,000,000.
[20:17:44] > nachfaust added x1 §f§l§x§F§C§D§0§5§CW§x§F§A§A§2§4§8u§x§F§8§7§4§3§3k§x§F§6§4§5§1§Fo§x§F§4§1§7§0§Ang§x§F§6§4§5§1§F §x§F§8§7§4§3§3H§x§F§A§A§2§4§8o§x§F§C§D§0§5§Ce in auction for 200000.
[20:18:13] > Kodakoda added x1 §f§l§8B§x§5§E§5§E§5§Ea§x§6§8§6§8§6§8h§x§7§1§7§1§7§1a§x§7§B§7§B§7§Bm§x§8§4§8§4§8§4u§x§8§E§8§E§8§Et§x§9§7§9§7§9§7 §x§A§1§A§1§A§1F§7i§x§A§1§A§1§A§1s§x§9§7§9§7§9§7h§x§8§E§8§E§8§Ei§x§8§4§8§4§8§4n§x§7§B§7§B§7§Bg§x§7§1§7§1§7§1 §x§6§8§6§8§6§8R§x§5§E§5§E§5§Eo§8d in auction for 450000.
[20:18:26] > JinSoul15 buy x1 §f§l§x§F§C§D§0§5§CW§x§F§A§A§2§4§8u§x§F§8§7§4§3§3k§x§F§6§4§5§1§Fo§x§F§4§1§7§0§Ang§x§F§6§4§5§1§F §x§F§8§7§4§3§3H§x§F§A§A§2§4§8o§x§F§C§D§0§5§Ce to nachfaust for $200,000.
[20:18:57] > Kaynn remove x1 §x§F§F§5§5§0§0§lsᴇʟʟᴡᴀɴᴅ §6- 5.0x from storage
[20:19:02] > nachfaust added x1 §f§l§x§F§C§D§0§5§CW§x§F§A§A§A§4§Bu§x§F§9§8§4§3§Bk§x§F§7§5§F§2§Ao§x§F§5§3§9§1§9n§x§F§4§1§3§0§8g §x§F§5§3§9§1§9S§x§F§7§5§F§2§Ap§x§F§9§8§4§3§Be§x§F§A§A§A§4§Ba§x§F§C§D§0§5§Cr in auction for 100000.
[20:19:54] > Broodie buy x1 §f§l§x§F§C§D§0§5§CW§x§F§A§A§A§4§Bu§x§F§9§8§4§3§Bk§x§F§7§5§F§2§Ao§x§F§5§3§9§1§9n§x§F§4§1§3§0§8g §x§F§5§3§9§1§9S§x§F§7§5§F§2§Ap§x§F§9§8§4§3§Be§x§F§A§A§A§4§Ba§x§F§C§D§0§5§Cr to nachfaust for $100,000.
[20:20:06] > Broodie remove x1 §f§l§x§F§C§D§0§5§CW§x§F§A§A§A§4§Bu§x§F§9§8§4§3§Bk§x§F§7§5§F§2§Ao§x§F§5§3§9§1§9n§x§F§4§1§3§0§8g §x§F§5§3§9§1§9S§x§F§7§5§F§2§Ap§x§F§9§8§4§3§Be§x§F§A§A§A§4§Ba§x§F§C§D§0§5§Cr from buy
[20:24:07] > Dentatsu remove x64 Firework rocket from buy
[20:24:08] > Dentatsu remove x64 Firework rocket from buy
[20:24:09] > Dentatsu remove x64 Firework rocket from buy
[20:24:55] > Trapers1 remove x1 §f§l§8B§x§6§3§6§3§6§3a§x§7§1§7§1§7§1h§x§8§0§8§0§8§0a§x§8§E§8§E§8§Em§x§9§C§9§C§9§Cu§7t§x§9§C§9§C§9§C §x§8§E§8§E§8§EW§x§8§0§8§0§8§0i§x§7§1§7§1§7§1n§x§6§3§6§3§6§3g§8s form storage
[20:25:04] > Trapers1 added x1 §f§l§8B§x§6§3§6§3§6§3a§x§7§1§7§1§7§1h§x§8§0§8§0§8§0a§x§8§E§8§E§8§Em§x§9§C§9§C§9§Cu§7t§x§9§C§9§C§9§C §x§8§E§8§E§8§EW§x§8§0§8§0§8§0i§x§7§1§7§1§7§1n§x§6§3§6§3§6§3g§8s in auction for 2000000.
[20:27:16] > Xavier881 buy x1 §5§lNami Fish to Seikuji8811 for $35,000.
[20:27:23] > Chakuu added x1 §x§F§F§7§C§0§0§lSteamsparks Blade in auction for 100000.
[20:27:54] > Trapers1 added x1 §f§l§8B§x§6§4§6§4§6§4a§x§7§4§7§4§7§4h§x§8§3§8§3§8§3a§x§9§3§9§3§9§3m§x§A§2§A§2§A§2ut§x§9§3§9§3§9§3 §x§8§3§8§3§8§3M§x§7§4§7§4§7§4a§x§6§4§6§4§6§4c§8e in auction for 2000000.
[20:28:15] > xcapan buy x1 §fMagician Hat to kysicx for $100,000.
[20:28:18] > Xavier881 remove x1 LF AXOLOTL BUCKETS, WILL PAY 70k each from storage
[20:28:22] > xcapan remove x1 §fMagician Hat from buy
[20:28:41] > Xavier881 remove x1 LF AXOLOTL BUCKETS, WILL PAY 70k each from expire
[20:28:49] > Xavier881 remove x1 §5§lNami Fish from buy
[20:29:26] > NastyPepperoni added x1 Enchanted book in auction for 3000.
[20:30:58] > Broodie added x1 §x§F§F§5§5§0§0§lsᴇʟʟᴡᴀɴᴅ §6- 10.0x in auction for 150000.
[20:31:02] > Cooldoggiexd buy x1 §x§F§F§5§5§0§0§lsᴇʟʟᴡᴀɴᴅ §6- 10.0x to Broodie for $150,000.
[20:31:12] > Cooldoggiexd remove x1 §x§F§F§5§5§0§0§lsᴇʟʟᴡᴀɴᴅ §6- 10.0x from buy
[20:37:38] > Trapers1 remove x1 §f§l§8B§x§6§3§6§3§6§3a§x§7§1§7§1§7§1h§x§8§0§8§0§8§0a§x§8§E§8§E§8§Em§x§9§C§9§C§9§Cu§7t§x§9§C§9§C§9§C §x§8§E§8§E§8§EW§x§8§0§8§0§8§0i§x§7§1§7§1§7§1n§x§6§3§6§3§6§3g§8s form storage
[20:37:38] > Trapers1 remove x1 §f§l§8B§x§6§4§6§4§6§4a§x§7§4§7§4§7§4h§x§8§3§8§3§8§3a§x§9§3§9§3§9§3m§x§A§2§A§2§A§2ut§x§9§3§9§3§9§3 §x§8§3§8§3§8§3M§x§7§4§7§4§7§4a§x§6§4§6§4§6§4c§8e form storage
[20:38:04] > Trapers1 added x1 §f§l§8B§x§6§3§6§3§6§3a§x§7§1§7§1§7§1h§x§8§0§8§0§8§0a§x§8§E§8§E§8§Em§x§9§C§9§C§9§Cu§7t§x§9§C§9§C§9§C §x§8§E§8§E§8§EW§x§8§0§8§0§8§0i§x§7§1§7§1§7§1n§x§6§3§6§3§6§3g§8s in auction for 1500000.
[20:38:22] > mumbowe777 buy x1 §f§l§8B§x§6§3§6§3§6§3a§x§7§1§7§1§7§1h§x§8§0§8§0§8§0a§x§8§E§8§E§8§Em§x§9§C§9§C§9§Cu§7t§x§9§C§9§C§9§C §x§8§E§8§E§8§EW§x§8§0§8§0§8§0i§x§7§1§7§1§7§1n§x§6§3§6§3§6§3g§8s to Trapers1 for $1,500,000.
[20:38:50] > Trapers1 added x1 §f§l§8B§x§6§4§6§4§6§4a§x§7§4§7§4§7§4h§x§8§3§8§3§8§3a§x§9§3§9§3§9§3m§x§A§2§A§2§A§2ut§x§9§3§9§3§9§3 §x§8§3§8§3§8§3M§x§7§4§7§4§7§4a§x§6§4§6§4§6§4c§8e in auction for 1500000.
[20:39:19] > Trapers1 remove x1 §f§l§8B§x§6§4§6§4§6§4a§x§7§4§7§4§7§4h§x§8§3§8§3§8§3a§x§9§3§9§3§9§3m§x§A§2§A§2§A§2ut§x§9§3§9§3§9§3 §x§8§3§8§3§8§3M§x§7§4§7§4§7§4a§x§6§4§6§4§6§4c§8e form storage
[20:39:46] > mumbowe777 remove x1 §f§l§8B§x§6§3§6§3§6§3a§x§7§1§7§1§7§1h§x§8§0§8§0§8§0a§x§8§E§8§E§8§Em§x§9§C§9§C§9§Cu§7t§x§9§C§9§C§9§C §x§8§E§8§E§8§EW§x§8§0§8§0§8§0i§x§7§1§7§1§7§1n§x§6§3§6§3§6§3g§8s from buy
[20:41:22] > Trapers1 added x1 §x§E§5§1§B§1§B§lDracula Sickle in auction for 940000.
[20:42:06] > Trapers1 added x1 §f§l§8B§x§6§0§6§0§6§0a§x§6§C§6§C§6§Ch§x§7§7§7§7§7§7a§x§8§2§8§2§8§2m§x§8§E§8§E§8§Eu§x§9§9§9§9§9§9t§x§A§4§A§4§A§4 L§x§9§9§9§9§9§9e§x§8§E§8§E§8§Eg§x§8§2§8§2§8§2g§x§7§7§7§7§7§7i§x§6§C§6§C§6§Cn§x§6§0§6§0§6§0g§8s in auction for 1200000.
[20:42:30] > mumbowe777 remove x1 §f§l§8B§x§5§E§5§E§5§Ea§x§6§8§6§8§6§8h§x§7§1§7§1§7§1a§x§7§B§7§B§7§Bm§x§8§4§8§4§8§4u§x§8§E§8§E§8§Et§x§9§7§9§7§9§7 §x§A§1§A§1§A§1F§7i§x§A§1§A§1§A§1s§x§9§7§9§7§9§7h§x§8§E§8§E§8§Ei§x§8§4§8§4§8§4n§x§7§B§7§B§7§Bg§x§7§1§7§1§7§1 §x§6§8§6§8§6§8R§x§5§E§5§E§5§Eo§8d from storage
[20:42:41] > sean_kirby remove x64 Wither skeleton skull from buy
[20:43:05] > mumbowe777 added x1 §f§l§8B§x§5§E§5§E§5§Ea§x§6§8§6§8§6§8h§x§7§1§7§1§7§1a§x§7§B§7§B§7§Bm§x§8§4§8§4§8§4u§x§8§E§8§E§8§Et§x§9§7§9§7§9§7 §x§A§1§A§1§A§1F§7i§x§A§1§A§1§A§1s§x§9§7§9§7§9§7h§x§8§E§8§E§8§Ei§x§8§4§8§4§8§4n§x§7§B§7§B§7§Bg§x§7§1§7§1§7§1 §x§6§8§6§8§6§8R§x§5§E§5§E§5§Eo§8d in auction for 300000.
[20:43:48] > blueheadedzwager remove x1 §f§l§8B§x§6§6§6§6§6§6a§x§7§7§7§7§7§7h§x§8§8§8§8§8§8a§x§9§9§9§9§9§9m§7u§x§9§9§9§9§9§9t§x§8§8§8§8§8§8 §x§7§7§7§7§7§7H§x§6§6§6§6§6§6o§8e form storage
[20:44:06] > Blinkrzz added x16 Ender pearl in auction for 500.
[20:44:12] > .AppriXD buy x16 Ender pearl to Blinkrzz for $500.
[20:44:25] > Blinkrzz added x16 Ender pearl in auction for 500.
[20:44:45] > Blinkrzz added x16 Ender pearl in auction for 500.
[20:44:57] > .Allxnzv buy x16 Ender pearl to Blinkrzz for $500.
[20:45:02] > .Allxnzv buy x16 Ender pearl to Blinkrzz for $500.
[20:45:17] > .Allxnzv remove x16 Ender pearl from buy
[20:45:18] > .Allxnzv remove x16 Ender pearl from buy
[20:47:56] > Trapers1 remove x1 §x§E§5§1§B§1§B§lDracula Sickle form storage
[20:47:56] > Trapers1 remove x1 §f§l§8B§x§6§0§6§0§6§0a§x§6§C§6§C§6§Ch§x§7§7§7§7§7§7a§x§8§2§8§2§8§2m§x§8§E§8§E§8§Eu§x§9§9§9§9§9§9t§x§A§4§A§4§A§4 L§x§9§9§9§9§9§9e§x§8§E§8§E§8§Eg§x§8§2§8§2§8§2g§x§7§7§7§7§7§7i§x§6§C§6§C§6§Cn§x§6§0§6§0§6§0g§8s form storage
[20:48:11] > Trapers1 added x1 §f§l§8B§x§6§0§6§0§6§0a§x§6§C§6§C§6§Ch§x§7§7§7§7§7§7a§x§8§2§8§2§8§2m§x§8§E§8§E§8§Eu§x§9§9§9§9§9§9t§x§A§4§A§4§A§4 L§x§9§9§9§9§9§9e§x§8§E§8§E§8§Eg§x§8§2§8§2§8§2g§x§7§7§7§7§7§7i§x§6§C§6§C§6§Cn§x§6§0§6§0§6§0g§8s in auction for 1000000.
[20:52:16] > Trapers1 added x1 §f§l§8B§x§6§4§6§4§6§4a§x§7§4§7§4§7§4h§x§8§3§8§3§8§3a§x§9§3§9§3§9§3m§x§A§2§A§2§A§2ut§x§9§3§9§3§9§3 §x§8§3§8§3§8§3M§x§7§4§7§4§7§4a§x§6§4§6§4§6§4c§8e in auction for 1200000.
[20:52:27] > Trapers1 added x1 §x§E§5§1§B§1§B§lDracula Sickle in auction for 500000.
[20:55:07] > chxrryxblossom added x13 §bEntropy Crystal §8(§310,000§8) in auction for 1500000.
[20:57:58] > ry9191 buy x1 §f§l§x§8§A§0§0§F§FS§x§9§7§0§0§D§Fh§x§A§4§0§0§B§Fi§x§B§1§0§0§9§Fn§x§B§F§0§0§8§0e§x§C§C§0§0§6§0 §x§D§9§0§0§4§0O§x§E§6§0§0§2§0n§x§F§3§0§0§0§0i§x§E§6§0§0§2§0 §x§D§9§0§0§4§0P§x§C§C§0§0§6§0i§x§B§F§0§0§8§0c§x§B§1§0§0§9§Fk§x§A§4§0§0§B§Fa§x§9§7§0§0§D§Fx§x§8§A§0§0§F§Fe to 8it5inn for $3,250,000.
[20:58:09] > ry9191 remove x1 §f§l§x§8§A§0§0§F§FS§x§9§7§0§0§D§Fh§x§A§4§0§0§B§Fi§x§B§1§0§0§9§Fn§x§B§F§0§0§8§0e§x§C§C§0§0§6§0 §x§D§9§0§0§4§0O§x§E§6§0§0§2§0n§x§F§3§0§0§0§0i§x§E§6§0§0§2§0 §x§D§9§0§0§4§0P§x§C§C§0§0§6§0i§x§B§F§0§0§8§0c§x§B§1§0§0§9§Fk§x§A§4§0§0§B§Fa§x§9§7§0§0§D§Fx§x§8§A§0§0§F§Fe form buy
[21:00:29] > blezzinglighto added x1 §x§E§5§1§B§1§B§lDracula Key in auction for 500000.
[21:01:10] > blezzinglighto remove x1 §x§E§5§1§B§1§B§lDracula Key from storage
[21:01:25] > blezzinglighto added x1 §x§F§F§7§C§0§0§lSteamsparks Key in auction for 500000.
[21:01:56] > blezzinglighto remove x1 §x§F§F§7§C§0§0§lSteamsparks Key from storage
[21:02:31] > blezzinglighto added x1 §x§F§F§7§C§0§0§lSteamsparks Key in auction for 500000.
[21:04:07] > Broodie buy x64 Experience bottle to anneyong for $100,000.
[21:04:17] > Broodie remove x64 Experience bottle from buy
[21:05:32] > blezzinglighto remove x1 §x§F§F§7§C§0§0§lSteamsparks Key from storage
[21:05:40] > blezzinglighto added x1 §x§F§F§7§C§0§0§lSteamsparks Key in auction for 300000.
[21:05:58] > k000k444k buy x1 Beacon to Torrr for $100,000.
[21:06:01] > k000k444k buy x1 Beacon to Torrr for $100,000.
[21:06:08] > k000k444k remove x1 Beacon from buy
[21:06:08] > k000k444k remove x1 Beacon from buy
[21:06:44] > ELITEWARRIOR added x1 §x§F§F§3§E§0§0§lDemon Lord Wings in auction for 100000.
[21:06:48] > Trapers1 buy x1 §x§F§F§3§E§0§0§lDemon Lord Wings to ELITEWARRIOR for $100,000.
[21:06:54] > Trapers1 remove x1 §x§F§F§3§E§0§0§lDemon Lord Wings form buy
[21:09:23] > Zaiil remove x1 Mace from storage
[21:09:38] > Trapers1 added x1 §x§F§F§7§C§0§0§lSteamsparks Wings in auction for 2500000.
[21:09:59] > Wemmbuo added x1 §f§l§x§F§C§D§0§5§CW§x§F§A§A§A§4§Bu§x§F§9§8§4§3§Bk§x§F§7§5§F§2§Ao§x§F§5§3§9§1§9n§x§F§4§1§3§0§8g §x§F§5§3§9§1§9S§x§F§7§5§F§2§Ap§x§F§9§8§4§3§Be§x§F§A§A§A§4§Ba§x§F§C§D§0§5§Cr in auction for 160000.
[21:10:02] > Zaiil added x1 Mace in auction for 300000.
[21:10:07] > Xavier881 buy x1 §f§l§x§F§C§D§0§5§CW§x§F§A§A§A§4§Bu§x§F§9§8§4§3§Bk§x§F§7§5§F§2§Ao§x§F§5§3§9§1§9n§x§F§4§1§3§0§8g §x§F§5§3§9§1§9S§x§F§7§5§F§2§Ap§x§F§9§8§4§3§Be§x§F§A§A§A§4§Ba§x§F§C§D§0§5§Cr to Wemmbuo for $160,000.
[21:10:20] > Zaiil added x1 Mace in auction for 300000.
[21:10:32] > Xavier881 remove x1 §f§l§x§F§C§D§0§5§CW§x§F§A§A§A§4§Bu§x§F§9§8§4§3§Bk§x§F§7§5§F§2§Ao§x§F§5§3§9§1§9n§x§F§4§1§3§0§8g §x§F§5§3§9§1§9S§x§F§7§5§F§2§Ap§x§F§9§8§4§3§Be§x§F§A§A§A§4§Ba§x§F§C§D§0§5§Cr from buy
[21:10:43] > Zaiil added x1 Mace in auction for 300000.
[21:10:57] > .AppriXD buy x1 Mace to Zaiil for $300,000.
[21:11:00] > .AppriXD buy x1 Mace to Zaiil for $300,000.
[21:11:02] > .AppriXD buy x1 Mace to Zaiil for $300,000.
[21:11:15] > Trapers1 remove x1 §f§l§8B§x§6§4§6§4§6§4a§x§7§4§7§4§7§4h§x§8§3§8§3§8§3a§x§9§3§9§3§9§3m§x§A§2§A§2§A§2ut§x§9§3§9§3§9§3 §x§8§3§8§3§8§3M§x§7§4§7§4§7§4a§x§6§4§6§4§6§4c§8e form storage
[21:11:15] > Trapers1 remove x1 §x§E§5§1§B§1§B§lDracula Sickle form storage
[21:11:15] > Trapers1 remove x1 §f§l§8B§x§6§0§6§0§6§0a§x§6§C§6§C§6§Ch§x§7§7§7§7§7§7a§x§8§2§8§2§8§2m§x§8§E§8§E§8§Eu§x§9§9§9§9§9§9t§x§A§4§A§4§A§4 L§x§9§9§9§9§9§9e§x§8§E§8§E§8§Eg§x§8§2§8§2§8§2g§x§7§7§7§7§7§7i§x§6§C§6§C§6§Cn§x§6§0§6§0§6§0g§8s form storage
[21:11:15] > Trapers1 remove x1 §x§F§F§7§C§0§0§lSteamsparks Wings form storage
[21:11:30] > Trapers1 added x1 §f§l§8B§x§6§0§6§0§6§0a§x§6§C§6§C§6§Ch§x§7§7§7§7§7§7a§x§8§2§8§2§8§2m§x§8§E§8§E§8§Eu§x§9§9§9§9§9§9t§x§A§4§A§4§A§4 L§x§9§9§9§9§9§9e§x§8§E§8§E§8§Eg§x§8§2§8§2§8§2g§x§7§7§7§7§7§7i§x§6§C§6§C§6§Cn§x§6§0§6§0§6§0g§8s in auction for 750000.
[21:11:45] > Trapers1 added x1 §f§l§8B§x§6§4§6§4§6§4a§x§7§4§7§4§7§4h§x§8§3§8§3§8§3a§x§9§3§9§3§9§3m§x§A§2§A§2§A§2ut§x§9§3§9§3§9§3 §x§8§3§8§3§8§3M§x§7§4§7§4§7§4a§x§6§4§6§4§6§4c§8e in auction for 1000000.
[21:12:00] > Trapers1 added x1 §x§F§F§7§C§0§0§lSteamsparks Wings in auction for 2300000.
[21:12:40] > x1 §x§E§5§1§B§1§B§lDracula Dagger on sale by Celeste01 has just expired, it goes in the inventory of expired items.
[21:14:31] > mumbowe777 added x1 §f§l§8B§x§6§3§6§3§6§3a§x§7§1§7§1§7§1h§x§8§0§8§0§8§0a§x§8§E§8§E§8§Em§x§9§C§9§C§9§Cu§7t§x§9§C§9§C§9§C §x§8§E§8§E§8§EW§x§8§0§8§0§8§0i§x§7§1§7§1§7§1n§x§6§3§6§3§6§3g§8s in auction for 2000000.
[21:14:51] > NastyPepperoni added x1 Music disc cat in auction for 10000.
[21:15:05] > .AppriXD buy x1 Music disc cat to NastyPepperoni for $10,000.
[21:15:29] > NastyPepperoni added x1 Enchanted book in auction for 1500.
[21:15:46] > .AppriXD buy x1 Enchanted book to NastyPepperoni for $1,500.
[21:16:02] > mumbowe777 added x1 §x§E§5§1§B§1§B§lDracula Battleaxe in auction for 100000.
[21:16:19] > mumbowe777 added x1 §x§E§5§1§B§1§B§lDracula Dagger in auction for 150000.
[21:16:35] > mumbowe777 added x1 §x§F§F§7§C§0§0§lSteamsparks Shield in auction for 2000000.
[21:16:50] > mumbowe777 remove x1 §x§F§F§7§C§0§0§lSteamsparks Shield from storage
[21:16:59] > mumbowe777 added x1 §x§F§F§7§C§0§0§lSteamsparks Shield in auction for 200000.
[21:22:49] > Ryzxc remove x1 §x§5§F§E§2§C§5Darkworld Fishing rod from storage
[21:23:02] > Ryzxc added x1 §x§5§F§E§2§C§5Darkworld Fishing rod in auction for 200000.
[21:23:14] > Dentatsu buy x1 §x§5§F§E§2§C§5Darkworld Fishing rod to Ryzxc for $200,000.
[21:25:32] > mumbowe777 remove x1 §f§l§8B§x§6§3§6§3§6§3a§x§7§1§7§1§7§1h§x§8§0§8§0§8§0a§x§8§E§8§E§8§Em§x§9§C§9§C§9§Cu§7t§x§9§C§9§C§9§C §x§8§E§8§E§8§EW§x§8§0§8§0§8§0i§x§7§1§7§1§7§1n§x§6§3§6§3§6§3g§8s from storage
[21:26:21] > Dentatsu remove x1 §f§l§x§8§A§0§0§F§FS§x§9§C§0§0§D§5h§x§A§D§0§0§A§Ai§x§B§F§0§0§8§0n§x§D§0§0§0§5§5e§x§E§2§0§0§2§B §x§F§3§0§0§0§0O§x§E§2§0§0§2§An§x§D§0§0§0§5§5i§x§B§F§0§0§8§0 §x§A§D§0§0§A§AB§x§9§C§0§0§D§5o§x§8§A§0§0§F§Fw from buy
[21:26:23] > Dentatsu remove x1 §x§5§F§E§2§C§5Darkworld Fishing rod from buy
[21:26:24] > Dentatsu remove x32 Iron block from buy
[21:28:43] > nnorv1 added x1 §f§l§8B§x§6§4§6§4§6§4a§x§7§4§7§4§7§4h§x§8§3§8§3§8§3a§x§9§3§9§3§9§3m§x§A§2§A§2§A§2ut§x§9§3§9§3§9§3 §x§8§3§8§3§8§3C§x§7§4§7§4§7§4l§x§6§4§6§4§6§4u§8b in auction for 800000.
[21:29:01] > nnorv1 added x1 §f§l§8B§x§6§3§6§3§6§3a§x§7§1§7§1§7§1h§x§8§0§8§0§8§0a§x§8§E§8§E§8§Em§x§9§C§9§C§9§Cu§7t§x§9§C§9§C§9§C §x§8§E§8§E§8§EB§x§8§0§8§0§8§0o§x§7§1§7§1§7§1o§x§6§3§6§3§6§3t§8s in auction for 1500000.
[21:33:06] > Hunter_Jinwoo added x1 §f§l§x§8§A§0§0§F§FS§x§9§9§0§0§D§Bh§x§A§8§0§0§B§6i§x§B§7§0§0§9§2n§x§C§6§0§0§6§De§x§D§5§0§0§4§9 §x§E§4§0§0§2§4O§x§F§3§0§0§0§0n§x§E§4§0§0§2§4i§x§D§5§0§0§4§9 §x§C§6§0§0§6§DS§x§B§7§0§0§9§2p§x§A§8§0§0§B§6e§x§9§9§0§0§D§Ba§x§8§A§0§0§F§Fr in auction for 1000000.
[21:33:13] > azuyeca buy x1 §f§l§x§8§A§0§0§F§FS§x§9§9§0§0§D§Bh§x§A§8§0§0§B§6i§x§B§7§0§0§9§2n§x§C§6§0§0§6§De§x§D§5§0§0§4§9 §x§E§4§0§0§2§4O§x§F§3§0§0§0§0n§x§E§4§0§0§2§4i§x§D§5§0§0§4§9 §x§C§6§0§0§6§DS§x§B§7§0§0§9§2p§x§A§8§0§0§B§6e§x§9§9§0§0§D§Ba§x§8§A§0§0§F§Fr to Hunter_Jinwoo for $1,000,000.
[21:33:23] > Johng10910 added x1 §fBumble Bee Hat in auction for 50000.
[21:33:31] > Panda_Nooba added x1 §x§F§F§5§5§0§0§lsᴇʟʟᴡᴀɴᴅ §6- 10.0x in auction for 1000000.
[21:33:35] > ry9191 buy x1 §x§F§F§5§5§0§0§lsᴇʟʟᴡᴀɴᴅ §6- 10.0x to Panda_Nooba for $1,000,000.
[21:33:35] > ReKYee buy x1 Enchanted book to NastyPepperoni for $3,000.
[21:33:37] > Hunter_Jinwoo added x1 §f§l§8B§x§6§2§6§2§6§2a§x§6§F§6§F§6§Fh§x§7§C§7§C§7§Ca§x§8§9§8§9§8§9m§x§9§6§9§6§9§6u§x§A§3§A§3§A§3t §x§9§6§9§6§9§6S§x§8§9§8§9§8§9h§x§7§C§7§C§7§Co§x§6§F§6§F§6§Fv§x§6§2§6§2§6§2e§8l in auction for 500000.
[21:33:44] > ry9191 remove x1 §x§F§F§5§5§0§0§lsᴇʟʟᴡᴀɴᴅ §6- 10.0x from buy
[21:33:51] > mumbowe777 added x1 §x§F§F§5§5§0§0§lsᴇʟʟᴡᴀɴᴅ §6- 5.0x in auction for 600000.
[21:34:22] > micailatot added x1 §x§F§F§3§E§0§0§lSellwand Voucher in auction for 2000000.
[21:34:39] > Trapers1 added x1 §fVex Plushie §6(#89/101) in auction for 10000.
[21:34:40] > micailatot remove x1 §x§F§F§3§E§0§0§lSellwand Voucher from storage
[21:34:45] > .AppriXD buy x1 §fVex Plushie §6(#89/101) to Trapers1 for $10,000.
[21:34:53] > Panda_Nooba added x1 §fCat Plushie (Persian) §6(#18/101) in auction for 3000.
[21:34:56] > Nathantheslayer buy x1 §fCat Plushie (Persian) §6(#18/101) to Panda_Nooba for $3,000.
[21:34:56] > Trapers1 added x1 §x§F§F§5§5§0§0§lsᴇʟʟᴡᴀɴᴅ §6- 10.0x in auction for 1500000.
[21:35:05] > micailatot added x1 §x§F§F§5§5§0§0§lsᴇʟʟᴡᴀɴᴅ §6- 5.0x in auction for 650000.
[21:35:40] > mumbowe777 remove x1 §x§F§F§5§5§0§0§lsᴇʟʟᴡᴀɴᴅ §6- 5.0x from storage
[21:35:47] > Trapers1 remove x1 §f§l§8B§x§6§0§6§0§6§0a§x§6§C§6§C§6§Ch§x§7§7§7§7§7§7a§x§8§2§8§2§8§2m§x§8§E§8§E§8§Eu§x§9§9§9§9§9§9t§x§A§4§A§4§A§4 L§x§9§9§9§9§9§9e§x§8§E§8§E§8§Eg§x§8§2§8§2§8§2g§x§7§7§7§7§7§7i§x§6§C§6§C§6§Cn§x§6§0§6§0§6§0g§8s form storage
[21:35:47] > Trapers1 remove x1 §x§F§F§7§C§0§0§lSteamsparks Wings form storage
[21:35:47] > Trapers1 remove x1 §f§l§8B§x§6§4§6§4§6§4a§x§7§4§7§4§7§4h§x§8§3§8§3§8§3a§x§9§3§9§3§9§3m§x§A§2§A§2§A§2ut§x§9§3§9§3§9§3 §x§8§3§8§3§8§3M§x§7§4§7§4§7§4a§x§6§4§6§4§6§4c§8e form storage
[21:35:47] > Trapers1 remove x1 §x§F§F§5§5§0§0§lsᴇʟʟᴡᴀɴᴅ §6- 10.0x form storage
[21:35:49] > ReKYee added x1 §x§F§F§5§5§0§0§lsᴇʟʟᴡᴀɴᴅ §6- 5.0x in auction for 650000.
[21:35:59] > Trapers1 added x1 §f§l§8B§x§6§0§6§0§6§0a§x§6§C§6§C§6§Ch§x§7§7§7§7§7§7a§x§8§2§8§2§8§2m§x§8§E§8§E§8§Eu§x§9§9§9§9§9§9t§x§A§4§A§4§A§4 L§x§9§9§9§9§9§9e§x§8§E§8§E§8§Eg§x§8§2§8§2§8§2g§x§7§7§7§7§7§7i§x§6§C§6§C§6§Cn§x§6§0§6§0§6§0g§8s in auction for 1000000.
[21:36:02] > Nathantheslayer remove x1 §fCat Plushie (Persian) §6(#18/101) from buy
[21:36:02] > Nathantheslayer remove x1 §2Cauldron Hat from buy
[21:36:17] > KEITHTHEPRO added x1 §x§F§F§5§5§0§0§lsᴇʟʟᴡᴀɴᴅ §6- 5.0x in auction for 460000.
[21:36:17] > Panda_Nooba added x1 §fRabbit Plushie (Black) §6(#70/101) in auction for 4500.
[21:36:21] > Nathantheslayer buy x1 §fRabbit Plushie (Black) §6(#70/101) to Panda_Nooba for $4,500.
[21:36:32] > Trapers1 added x1 §f§l§8B§x§6§4§6§4§6§4a§x§7§4§7§4§7§4h§x§8§3§8§3§8§3a§x§9§3§9§3§9§3m§x§A§2§A§2§A§2ut§x§9§3§9§3§9§3 §x§8§3§8§3§8§3M§x§7§4§7§4§7§4a§x§6§4§6§4§6§4c§8e in auction for 1000000.
[21:36:47] > M1kasa0 added x1 §x§F§F§7§C§0§0§lSteamsparks Boots in auction for 450000.
[21:37:21] > M1kasa0 added x1 §x§F§F§5§5§0§0§lsᴇʟʟᴡᴀɴᴅ §6- 20.0x in auction for 2800000.
[21:37:25] > Trapers1 added x1 §x§F§F§5§5§0§0§lsᴇʟʟᴡᴀɴᴅ §6- 10.0x in auction for 1250000.
[21:37:26] > tic_sz buy x1 §x§F§F§5§5§0§0§lsᴇʟʟᴡᴀɴᴅ §6- 20.0x to M1kasa0 for $2,800,000.
[21:37:28] > koshie buy x1 §x§F§F§5§5§0§0§lsᴇʟʟᴡᴀɴᴅ §6- 10.0x to Trapers1 for $1,250,000.
[21:37:33] > Wemmbuo added x1 §x§F§F§5§5§0§0§lsᴇʟʟᴡᴀɴᴅ §6- 5.0x in auction for 200000.
[21:37:41] > .AppriXD buy x1 §x§F§F§5§5§0§0§lsᴇʟʟᴡᴀɴᴅ §6- 5.0x to Wemmbuo for $200,000.
[21:37:49] > Trapers1 added x1 §x§F§F§7§C§0§0§lSteamsparks Wings in auction for 2000000.
[21:38:09] > MrDuckMaan added x1 §x§F§F§5§5§0§0§lsᴇʟʟᴡᴀɴᴅ §6- 5.0x in auction for 200000.
[21:38:14] > .AppriXD buy x1 §x§F§F§5§5§0§0§lsᴇʟʟᴡᴀɴᴅ §6- 5.0x to MrDuckMaan for $200,000.
[21:38:28] > tic_sz remove x1 §x§F§F§5§5§0§0§lsᴇʟʟᴡᴀɴᴅ §6- 20.0x from buy
[21:38:38] > x1 §f§l§8B§x§6§6§6§6§6§6a§x§7§7§7§7§7§7h§x§8§8§8§8§8§8a§x§9§9§9§9§9§9m§7u§x§9§9§9§9§9§9t§x§8§8§8§8§8§8 §x§7§7§7§7§7§7B§x§6§6§6§6§6§6o§8w on sale by Renzy01 has just expired, it goes in the inventory of expired items.
[21:38:53] > Dentatsu added x1 §x§F§F§5§5§0§0§lsᴇʟʟᴡᴀɴᴅ §6- 20.0x in auction for 2500000.
[21:38:57] > koshie buy x1 §x§F§F§5§5§0§0§lsᴇʟʟᴡᴀɴᴅ §6- 20.0x to Dentatsu for $2,500,000.
[21:39:04] > giyahnpogi added x1 §x§F§F§5§5§0§0§lsᴇʟʟᴡᴀɴᴅ §6- 20.0x in auction for 6700000.
[21:39:10] > x1 §f§l§8B§x§6§6§6§6§6§6a§x§7§7§7§7§7§7h§x§8§8§8§8§8§8a§x§9§9§9§9§9§9m§7u§x§9§9§9§9§9§9t§x§8§8§8§8§8§8 §x§7§7§7§7§7§7H§x§6§6§6§6§6§6a§8t on sale by Renzy01 has just expired, it goes in the inventory of expired items.
[21:39:19] > Dentatsu added x1 §x§F§F§5§5§0§0§lsᴇʟʟᴡᴀɴᴅ §6- 5.0x in auction for 300000.
[21:39:25] > .AppriXD buy x1 §x§F§F§5§5§0§0§lsᴇʟʟᴡᴀɴᴅ §6- 5.0x to Dentatsu for $300,000.
[21:39:30] > CrimsonVex added x1 §x§F§F§5§5§0§0§lsᴇʟʟᴡᴀɴᴅ §6- 10.0x in auction for 1250000.
[21:39:32] > x1 §f§l§8B§x§6§6§6§6§6§6a§x§7§7§7§7§7§7h§x§8§8§8§8§8§8a§x§9§9§9§9§9§9m§7u§x§9§9§9§9§9§9t§x§8§8§8§8§8§8 §x§7§7§7§7§7§7H§x§6§6§6§6§6§6o§8e on sale by Renzy01 has just expired, it goes in the inventory of expired items.
[21:39:33] > koshie buy x1 §x§F§F§5§5§0§0§lsᴇʟʟᴡᴀɴᴅ §6- 10.0x to CrimsonVex for $1,250,000.
[21:39:38] > Dentatsu added x1 §x§F§F§5§5§0§0§lsᴇʟʟᴡᴀɴᴅ §6- 5.0x in auction for 300000.
[21:39:38] > octopus_01 buy x1 §x§F§F§3§E§0§0§lSellwand Voucher to T_YK for $1,000,000.
[21:39:41] > Trapers1 buy x1 §x§F§F§5§5§0§0§lsᴇʟʟᴡᴀɴᴅ §6- 5.0x to Dentatsu for $300,000.
[21:39:44] > x1 §f§l§8B§x§6§2§6§2§6§2a§x§6§F§6§F§6§Fh§x§7§C§7§C§7§Ca§x§8§9§8§9§8§9m§x§9§6§9§6§9§6u§x§A§3§A§3§A§3t §x§9§6§9§6§9§6D§x§8§9§8§9§8§9a§x§7§C§7§C§7§Cg§x§6§F§6§F§6§Fg§x§6§2§6§2§6§2e§8r on sale by Renzy01 has just expired, it goes in the inventory of expired items.
[21:39:50] > octopus_01 buy x1 §x§F§F§3§E§0§0§lSellwand Voucher to scarlettti for $1,500,000.
[21:39:51] > Dentatsu added x1 §x§F§F§5§5§0§0§lsᴇʟʟᴡᴀɴᴅ §6- 5.0x in auction for 300000.
[21:39:53] > Cooldoggiexd buy x1 §x§F§F§5§5§0§0§lsᴇʟʟᴡᴀɴᴅ §6- 5.0x to Dentatsu for $300,000.
[21:39:56] > octopus_01 buy x1 §x§F§F§5§5§0§0§lsᴇʟʟᴡᴀɴᴅ §6- 10.0x to Bleh for $1,500,000.
[21:40:00] > Cooldoggiexd remove x1 §x§F§F§5§5§0§0§lsᴇʟʟᴡᴀɴᴅ §6- 5.0x from buy
[21:40:02] > Trapers1 remove x1 §x§F§F§5§5§0§0§lsᴇʟʟᴡᴀɴᴅ §6- 5.0x form buy
[21:40:10] > octopus_01 remove x1 §x§F§F§3§E§0§0§lSellwand Voucher form buy
[21:40:10] > octopus_01 remove x1 §x§F§F§3§E§0§0§lSellwand Voucher form buy
[21:40:10] > octopus_01 remove x1 §x§F§F§5§5§0§0§lsᴇʟʟᴡᴀɴᴅ §6- 10.0x form buy
[21:40:24] > x1 §f§l§8B§x§6§2§6§2§6§2a§x§6§F§6§F§6§Fh§x§7§C§7§C§7§Ca§x§8§9§8§9§8§9m§x§9§6§9§6§9§6u§x§A§3§A§3§A§3t §x§9§6§9§6§9§6D§x§8§9§8§9§8§9a§x§7§C§7§C§7§Cg§x§6§F§6§F§6§Fg§x§6§2§6§2§6§2e§8r on sale by EnderDragon0120 has just expired, it goes in the inventory of expired items.
[21:40:25] > Trapers1 added x1 §x§F§F§5§5§0§0§lsᴇʟʟᴡᴀɴᴅ §6- 5.0x in auction for 500000.
[21:40:42] > Trapers1 remove x1 §f§l§8B§x§6§4§6§4§6§4a§x§7§4§7§4§7§4h§x§8§3§8§3§8§3a§x§9§3§9§3§9§3m§x§A§2§A§2§A§2ut§x§9§3§9§3§9§3 §x§8§3§8§3§8§3M§x§7§4§7§4§7§4a§x§6§4§6§4§6§4c§8e form storage
[21:40:42] > Trapers1 remove x1 §x§F§F§5§5§0§0§lsᴇʟʟᴡᴀɴᴅ §6- 5.0x form storage
[21:40:42] > Trapers1 remove x1 §f§l§8B§x§6§0§6§0§6§0a§x§6§C§6§C§6§Ch§x§7§7§7§7§7§7a§x§8§2§8§2§8§2m§x§8§E§8§E§8§Eu§x§9§9§9§9§9§9t§x§A§4§A§4§A§4 L§x§9§9§9§9§9§9e§x§8§E§8§E§8§Eg§x§8§2§8§2§8§2g§x§7§7§7§7§7§7i§x§6§C§6§C§6§Cn§x§6§0§6§0§6§0g§8s form storage
[21:40:42] > Trapers1 remove x1 §x§F§F§7§C§0§0§lSteamsparks Wings form storage
[21:40:56] > Trapers1 added x1 §x§F§F§5§5§0§0§lsᴇʟʟᴡᴀɴᴅ §6- 5.0x in auction for 450000.
[21:41:21] > Trapers1 remove x1 §x§F§F§5§5§0§0§lsᴇʟʟᴡᴀɴᴅ §6- 5.0x form storage
[21:41:29] > Trapers1 added x1 §x§F§F§7§C§0§0§lSteamsparks Wings in auction for 2100000.
[21:41:40] > Trapers1 added x1 §x§F§F§5§5§0§0§lsᴇʟʟᴡᴀɴᴅ §6- 5.0x in auction for 400000.
[21:42:32] > Trapers1 remove x1 §x§F§F§5§5§0§0§lsᴇʟʟᴡᴀɴᴅ §6- 5.0x form storage
[21:42:32] > Trapers1 remove x1 §x§F§F§7§C§0§0§lSteamsparks Wings form storage
[21:42:43] > Trapers1 added x1 §x§F§F§5§5§0§0§lsᴇʟʟᴡᴀɴᴅ §6- 5.0x in auction for 400000.
[21:42:48] > Enyara buy x1 §x§F§F§5§5§0§0§lsᴇʟʟᴡᴀɴᴅ §6- 5.0x to Trapers1 for $400,000.
[21:42:57] > Trapers1 added x1 §x§F§F§7§C§0§0§lSteamsparks Wings in auction for 2100000.
[21:42:57] > koshie added x1 Shulker box in auction for 6999999.
[21:43:02] > Enyara remove x1 §x§F§F§5§5§0§0§lsᴇʟʟᴡᴀɴᴅ §6- 5.0x from buy
[21:43:21] > Enyara added x1 §x§F§F§5§5§0§0§lsᴇʟʟᴡᴀɴᴅ §6- 5.0x in auction for 450000.
[21:44:00] > Enyara remove x1 §x§F§F§5§5§0§0§lsᴇʟʟᴡᴀɴᴅ §6- 5.0x from storage
[21:44:02] > Nathantheslayer added x1 §x§F§F§5§5§0§0§lsᴇʟʟᴡᴀɴᴅ §6- 5.0x in auction for 350000.
[21:44:07] > Cooldoggiexd buy x1 §x§F§F§5§5§0§0§lsᴇʟʟᴡᴀɴᴅ §6- 5.0x to Nathantheslayer for $350,000.
[21:44:16] > Enyara added x1 §x§F§F§5§5§0§0§lsᴇʟʟᴡᴀɴᴅ §6- 5.0x in auction for 410000.
[21:44:19] > Cooldoggiexd remove x1 §x§F§F§5§5§0§0§lsᴇʟʟᴡᴀɴᴅ §6- 5.0x from buy
[21:45:16] > Enyara remove x1 §x§F§F§5§5§0§0§lsᴇʟʟᴡᴀɴᴅ §6- 5.0x from storage
[21:45:20] > .AppriXD remove x1 §x§F§F§5§5§0§0§lsᴇʟʟᴡᴀɴᴅ §6- 5.0x from buy
[21:45:21] > .AppriXD remove x1 §x§F§F§5§5§0§0§lsᴇʟʟᴡᴀɴᴅ §6- 5.0x from buy
[21:45:21] > .AppriXD remove x1 §x§F§F§5§5§0§0§lsᴇʟʟᴡᴀɴᴅ §6- 5.0x from buy
[21:45:29] > Enyara added x1 §x§F§F§5§5§0§0§lsᴇʟʟᴡᴀɴᴅ §6- 5.0x in auction for 400067.
[21:46:01] > Trapers1 remove x1 §x§F§F§7§C§0§0§lSteamsparks Wings form storage
[21:46:32] > 8it5inn buy x1 Shulker box to koshie for $6,999,999.
[21:46:41] > .AppriXD added x1 §x§F§F§5§5§0§0§lsᴇʟʟᴡᴀɴᴅ §6- 5.0x in auction for 400000.
[21:46:53] > .AppriXD added x1 §x§F§F§5§5§0§0§lsᴇʟʟᴡᴀɴᴅ §6- 5.0x in auction for 400000.
[21:47:05] > .AppriXD added x1 §x§F§F§5§5§0§0§lsᴇʟʟᴡᴀɴᴅ §6- 5.0x in auction for 400000.
[21:47:17] > 8it5inn remove x1 Shulker box from buy
[21:47:33] > aznaaa added x1 §f§l§x§8§A§0§0§F§FS§x§9§C§0§0§D§5h§x§A§D§0§0§A§Ai§x§B§F§0§0§8§0n§x§D§0§0§0§5§5e§x§E§2§0§0§2§B §x§F§3§0§0§0§0O§x§E§2§0§0§2§An§x§D§0§0§0§5§5i§x§B§F§0§0§8§0 §x§A§D§0§0§A§AH§x§9§C§0§0§D§5o§x§8§A§0§0§F§Fe in auction for 1500000.
[21:47:59] > 8it5inn added x1 §x§F§F§5§5§0§0§lsᴇʟʟᴡᴀɴᴅ §6- 5.0x in auction for 425000.
[21:48:18] > 8it5inn added x1 §x§F§F§5§5§0§0§lsᴇʟʟᴡᴀɴᴅ §6- 5.0x in auction for 425000.
[21:48:34] > Trapers1 added x1 §x§F§F§7§C§0§0§lSteamsparks Wings in auction for 2000000.
[21:48:35] > 8it5inn added x1 §x§F§F§5§5§0§0§lsᴇʟʟᴡᴀɴᴅ §6- 5.0x in auction for 425000.
[21:48:48] > 8it5inn added x1 §x§F§F§5§5§0§0§lsᴇʟʟᴡᴀɴᴅ §6- 5.0x in auction for 425000.
[21:48:56] > koshie remove x1 §x§F§F§5§5§0§0§lsᴇʟʟᴡᴀɴᴅ §6- 10.0x from buy
[21:48:57] > koshie remove x1 §x§F§F§5§5§0§0§lsᴇʟʟᴡᴀɴᴅ §6- 20.0x from buy
[21:48:59] > koshie remove x1 §f§l§x§8§A§0§0§F§FS§x§9§9§0§0§D§Bh§x§A§8§0§0§B§6i§x§B§7§0§0§9§2n§x§C§6§0§0§6§De§x§D§5§0§0§4§9 §x§E§4§0§0§2§4O§x§F§3§0§0§0§0n§x§E§4§0§0§2§4i§x§D§5§0§0§4§9 §x§C§6§0§0§6§DS§x§B§7§0§0§9§2t§x§A§8§0§0§B§6a§x§9§9§0§0§D§Bf§x§8§A§0§0§F§Ff from buy
[21:49:00] > koshie remove x1 §x§F§F§5§5§0§0§lsᴇʟʟᴡᴀɴᴅ §6- 10.0x from buy
[21:49:00] > koshie remove x1 §x§F§F§5§5§0§0§lsᴇʟʟᴡᴀɴᴅ §6- 10.0x from buy
[21:49:05] > 8it5inn added x1 §x§F§F§5§5§0§0§lsᴇʟʟᴡᴀɴᴅ §6- 5.0x in auction for 425000.
[21:49:08] > koshie remove x1 §x§F§F§5§5§0§0§lsᴇʟʟᴡᴀɴᴅ §6- 10.0x from buy
[21:49:09] > koshie remove x1 §f§l§8B§x§6§2§6§2§6§2a§x§6§F§6§F§6§Fh§x§7§C§7§C§7§Ca§x§8§9§8§9§8§9m§x§9§6§9§6§9§6u§x§A§3§A§3§A§3t §x§9§6§9§6§9§6H§x§8§9§8§9§8§9a§x§7§C§7§C§7§Cm§x§6§F§6§F§6§Fm§x§6§2§6§2§6§2e§8r from buy
[21:49:20] > 8it5inn added x1 §x§F§F§5§5§0§0§lsᴇʟʟᴡᴀɴᴅ §6- 5.0x in auction for 425000.
[21:49:25] > koshie added x1 §f§l§8B§x§6§2§6§2§6§2a§x§6§F§6§F§6§Fh§x§7§C§7§C§7§Ca§x§8§9§8§9§8§9m§x§9§6§9§6§9§6u§x§A§3§A§3§A§3t §x§9§6§9§6§9§6H§x§8§9§8§9§8§9a§x§7§C§7§C§7§Cm§x§6§F§6§F§6§Fm§x§6§2§6§2§6§2e§8r in auction for 1500000.
[21:49:32] > 8it5inn added x1 §x§F§F§5§5§0§0§lsᴇʟʟᴡᴀɴᴅ §6- 5.0x in auction for 425000.
[21:49:38] > CrimsonVex added x1 §x§F§F§5§5§0§0§lsᴇʟʟᴡᴀɴᴅ §6- 5.0x in auction for 425000.
[21:49:55] > .AppriXD remove x1 §fVex Plushie §6(#89/101) from buy
[21:49:55] > .AppriXD remove x1 Enchanted book from buy
[21:49:56] > .AppriXD remove x1 Music disc cat from buy
[21:49:56] > .AppriXD remove x1 Mace from buy
[21:49:57] > .AppriXD remove x1 Mace from buy
[21:49:57] > .AppriXD remove x1 Mace from buy
[21:49:58] > .AppriXD remove x16 Ender pearl from buy
[21:50:13] > 8it5inn added x1 §x§F§F§5§5§0§0§lsᴇʟʟᴡᴀɴᴅ §6- 5.0x in auction for 425000.
[21:50:33] > 8it5inn remove x1 Wings from storage
[21:50:40] > 8it5inn added x1 §x§F§F§5§5§0§0§lsᴇʟʟᴡᴀɴᴅ §6- 5.0x in auction for 425000.
[21:50:53] > .AppriXD remove x1 §x§F§F§5§5§0§0§lsᴇʟʟᴡᴀɴᴅ §6- 5.0x from storage
[21:50:53] > .AppriXD remove x1 §x§F§F§5§5§0§0§lsᴇʟʟᴡᴀɴᴅ §6- 5.0x from storage
[21:50:54] > Enyara remove x1 §x§F§F§5§5§0§0§lsᴇʟʟᴡᴀɴᴅ §6- 5.0x from storage
[21:50:55] > .AppriXD remove x1 §x§F§F§5§5§0§0§lsᴇʟʟᴡᴀɴᴅ §6- 5.0x from storage
[21:51:03] > .AppriXD added x1 §x§F§F§5§5§0§0§lsᴇʟʟᴡᴀɴᴅ §6- 5.0x in auction for 350000.
[21:51:08] > Cooldoggiexd buy x1 §x§F§F§5§5§0§0§lsᴇʟʟᴡᴀɴᴅ §6- 5.0x to .AppriXD for $350,000.
[21:51:14] > Cooldoggiexd remove x1 §x§F§F§5§5§0§0§lsᴇʟʟᴡᴀɴᴅ §6- 5.0x from buy
[21:51:15] > .AppriXD added x1 §x§F§F§5§5§0§0§lsᴇʟʟᴡᴀɴᴅ §6- 5.0x in auction for 350000.
[21:51:18] > Trapers1 buy x1 §x§F§F§5§5§0§0§lsᴇʟʟᴡᴀɴᴅ §6- 5.0x to .AppriXD for $350,000.
[21:51:25] > KEITHTHEPRO remove x1 §x§F§F§5§5§0§0§lsᴇʟʟᴡᴀɴᴅ §6- 5.0x from storage
[21:51:27] > .AppriXD added x1 §x§F§F§5§5§0§0§lsᴇʟʟᴡᴀɴᴅ §6- 5.0x in auction for 3500000.
[21:51:28] > Trapers1 remove x1 §x§F§F§5§5§0§0§lsᴇʟʟᴡᴀɴᴅ §6- 5.0x form buy
[21:51:46] > .AppriXD remove x1 §x§F§F§5§5§0§0§lsᴇʟʟᴡᴀɴᴅ §6- 5.0x from storage
[21:51:46] > Trapers1 added x1 §x§F§F§5§5§0§0§lsᴇʟʟᴡᴀɴᴅ §6- 5.0x in auction for 425000.
[21:51:51] > .AppriXD remove x1 §x§F§F§5§5§0§0§lsᴇʟʟᴡᴀɴᴅ §6- 5.0x from expire
[21:51:57] > Trapers1 remove x1 §x§F§F§7§C§0§0§lSteamsparks Wings form storage
[21:51:57] > Trapers1 remove x1 §x§F§F§5§5§0§0§lsᴇʟʟᴡᴀɴᴅ §6- 5.0x form storage
[21:52:11] > Trapers1 added x1 §x§F§F§5§5§0§0§lsᴇʟʟᴡᴀɴᴅ §6- 5.0x in auction for 400000.
[21:52:24] > Trapers1 added x1 §x§F§F§7§C§0§0§lSteamsparks Wings in auction for 2000000.
[21:52:46] > Trapers1 remove x1 §x§F§F§5§5§0§0§lsᴇʟʟᴡᴀɴᴅ §6- 5.0x form storage
[21:52:46] > Trapers1 remove x1 §x§F§F§7§C§0§0§lSteamsparks Wings form storage
[21:52:56] > Trapers1 added x1 §x§F§F§5§5§0§0§lsᴇʟʟᴡᴀɴᴅ §6- 5.0x in auction for 390000.
[21:53:00] > JinSoul15 buy x1 §x§F§F§5§5§0§0§lsᴇʟʟᴡᴀɴᴅ §6- 5.0x to Trapers1 for $390,000.
[21:53:13] > .AppriXD added x1 §x§F§F§5§5§0§0§lsᴇʟʟᴡᴀɴᴅ §6- 5.0x in auction for 390000.
[21:53:16] > Trapers1 added x1 §x§F§F§7§C§0§0§lSteamsparks Wings in auction for 2000000.
[21:53:17] > Enyara buy x1 §x§F§F§5§5§0§0§lsᴇʟʟᴡᴀɴᴅ §6- 5.0x to .AppriXD for $390,000.
[21:53:22] > 8it5inn remove x1 §x§F§F§5§5§0§0§lsᴇʟʟᴡᴀɴᴅ §6- 5.0x from storage
[21:53:30] > 8it5inn added x1 §x§F§F§5§5§0§0§lsᴇʟʟᴡᴀɴᴅ §6- 5.0x in auction for 390000.
[21:53:30] > Enyara remove x1 §x§F§F§5§5§0§0§lsᴇʟʟᴡᴀɴᴅ §6- 5.0x from buy
[21:53:51] > 8it5inn remove x1 §x§F§F§5§5§0§0§lsᴇʟʟᴡᴀɴᴅ §6- 5.0x from storage
[21:54:03] > 8it5inn added x1 §x§F§F§5§5§0§0§lsᴇʟʟᴡᴀɴᴅ §6- 5.0x in auction for 425000.
[21:55:22] > ThatMidnight added x1 §f§l§8B§x§6§3§6§3§6§3a§x§7§1§7§1§7§1h§x§8§0§8§0§8§0a§x§8§E§8§E§8§Em§x§9§C§9§C§9§Cu§7t§x§9§C§9§C§9§C §x§8§E§8§E§8§ES§x§8§0§8§0§8§0p§x§7§1§7§1§7§1e§x§6§3§6§3§6§3a§8r in auction for 500000.
[21:56:05] > Trapers1 added x1 §fZombie Villager Plushie §6(#100/101) in auction for 100000.
[21:56:21] > Trapers1 remove x1 §fZombie Villager Plushie §6(#100/101) form storage
[21:56:21] > Trapers1 remove x1 §x§F§F§7§C§0§0§lSteamsparks Wings form storage
[21:56:26] > Enyara added x1 §x§F§F§5§5§0§0§lsᴇʟʟᴡᴀɴᴅ §6- 5.0x in auction for 399999.
[21:56:28] > Trapers1 added x1 §fZombie Villager Plushie §6(#100/101) in auction for 10000.
[21:56:33] > Nathantheslayer buy x1 §fZombie Villager Plushie §6(#100/101) to Trapers1 for $10,000.
[21:56:52] > Trapers1 added x1 §x§F§F§7§C§0§0§lSteamsparks Wings in auction for 2000000.
[21:57:35] > Enyara added x1 §x§F§F§5§5§0§0§lsᴇʟʟᴡᴀɴᴅ §6- 5.0x in auction for 400001.
[21:58:36] > 8it5inn remove x1 §x§F§F§5§5§0§0§lsᴇʟʟᴡᴀɴᴅ §6- 5.0x from storage
[21:58:36] > 8it5inn remove x1 §x§F§F§5§5§0§0§lsᴇʟʟᴡᴀɴᴅ §6- 5.0x from storage
[21:58:37] > 8it5inn remove x1 §x§F§F§5§5§0§0§lsᴇʟʟᴡᴀɴᴅ §6- 5.0x from storage
[21:58:37] > 8it5inn remove x1 §x§F§F§5§5§0§0§lsᴇʟʟᴡᴀɴᴅ §6- 5.0x from storage
[21:58:37] > 8it5inn remove x1 §x§F§F§5§5§0§0§lsᴇʟʟᴡᴀɴᴅ §6- 5.0x from storage
[21:58:38] > 8it5inn remove x1 §x§F§F§5§5§0§0§lsᴇʟʟᴡᴀɴᴅ §6- 5.0x from storage
[21:58:38] > 8it5inn remove x1 §x§F§F§5§5§0§0§lsᴇʟʟᴡᴀɴᴅ §6- 5.0x from storage
[21:58:38] > 8it5inn remove x1 §x§F§F§5§5§0§0§lsᴇʟʟᴡᴀɴᴅ §6- 5.0x from storage
[21:58:39] > 8it5inn remove x1 §x§F§F§5§5§0§0§lsᴇʟʟᴡᴀɴᴅ §6- 5.0x from storage
[21:59:30] > micailatot remove x1 §x§F§F§5§5§0§0§lsᴇʟʟᴡᴀɴᴅ §6- 5.0x from storage
[22:00:36] > scarlettti remove x1 §7Cemetery Hat form storage
[22:00:44] > scarlettti added x1 §7Cemetery Hat in auction for 70000.
[22:04:56] > azuyeca remove x1 Golden apple from buy
[22:09:15] > sean_kirby added x3 Trial key in auction for 5000.
[22:09:19] > 8it5inn added x1 Shulker box in auction for 10250000.
[22:09:21] > .AppriXD buy x3 Trial key to sean_kirby for $5,000.
[22:10:29] > NoClarity added x1 Netherite ingot in auction for 6400000.
[22:10:40] > NoClarity remove x1 Netherite ingot from storage
[22:10:48] > NoClarity added x64 Netherite ingot in auction for 6400000.
[22:10:52] > 8it5inn added x1 Pamalo sa bata in auction for 6500000.
[22:10:59] > HwanYo buy x1 §x§F§F§5§5§0§0§lsᴇʟʟᴡᴀɴᴅ §6- 5.0x to Enyara for $400,001.
[22:12:58] > x1 §f§l§8B§x§6§0§6§0§6§0a§x§6§C§6§C§6§Ch§x§7§7§7§7§7§7a§x§8§2§8§2§8§2m§x§8§E§8§E§8§Eu§x§9§9§9§9§9§9t§x§A§4§A§4§A§4 G§x§9§9§9§9§9§9a§x§8§E§8§E§8§Eu§x§8§2§8§2§8§2n§x§7§7§7§7§7§7t§x§6§C§6§C§6§Cl§x§6§0§6§0§6§0e§8t on sale by Mugiwara22 has just expired, it goes in the inventory of expired items.
[22:14:07] > Takeremu added x5 §x§F§C§D§0§5§C§lB§x§E§6§D§3§6§B§la§x§C§F§D§5§7§A§ls§x§B§9§D§8§8§9§li§x§A§2§D§A§9§8§lc §x§7§5§D§F§B§6§lC§x§5§F§E§2§C§5§lr§x§7§5§D§F§B§6§la§x§8§C§D§D§A§7§lt§x§A§2§D§A§9§8§le §x§C§F§D§5§7§A§lK§x§E§6§D§3§6§B§le§x§F§C§D§0§5§C§ly in auction for 50000.
[22:14:16] > .AppriXD buy x5 §x§F§C§D§0§5§C§lB§x§E§6§D§3§6§B§la§x§C§F§D§5§7§A§ls§x§B§9§D§8§8§9§li§x§A§2§D§A§9§8§lc §x§7§5§D§F§B§6§lC§x§5§F§E§2§C§5§lr§x§7§5§D§F§B§6§la§x§8§C§D§D§A§7§lt§x§A§2§D§A§9§8§le §x§C§F§D§5§7§A§lK§x§E§6§D§3§6§B§le§x§F§C§D§0§5§C§ly to Takeremu for $50,000.
[22:15:20] > 8it5inn added x1 §x§3§4§9§8§D§Bᴡɪᴛᴄʜ ꜱᴘᴀᴡɴᴇʀ in auction for 10000000.
[22:16:14] > 8it5inn remove x1 §x§3§4§9§8§D§Bᴡɪᴛᴄʜ ꜱᴘᴀᴡɴᴇʀ from storage
[22:16:15] > 8it5inn remove x1 Shulker box from storage
[22:16:34] > 8it5inn added x1 Shulker box in auction for 15000000.
[22:20:22] > Ryzxc added x5 §x§F§C§9§0§5§C§lE§x§E§6§9§C§6§B§lp§x§C§F§A§7§7§A§li§x§B§9§B§3§8§9§lc §x§8§C§C§B§A§7§lC§x§7§5§D§6§B§6§lr§x§5§F§E§2§C§5§la§x§7§9§D§4§B§4§lt§x§9§3§C§7§A§2§le §x§C§8§A§B§7§F§lK§x§E§2§9§E§6§E§le§x§F§C§9§0§5§C§ly in auction for 75000.
[22:20:33] > NoClarity remove x1 §x§E§5§1§B§1§B§lDracula Shovel from storage
[22:20:41] > Kaynn buy x1 §f§l§x§8§A§0§0§F§FS§x§9§6§0§0§E§1h§x§A§3§0§0§C§3i§x§A§F§0§0§A§5n§x§B§B§0§0§8§7e§x§C§8§0§0§6§9 §x§D§4§0§0§4§BO§x§E§0§0§0§2§Dn§x§E§D§0§0§0§Fi §x§E§0§0§0§2§DL§x§D§4§0§0§4§Be§x§C§8§0§0§6§9g§x§B§B§0§0§8§7g§x§A§F§0§0§A§5i§x§A§3§0§0§C§3n§x§9§6§0§0§E§1g§x§8§A§0§0§F§Fs to Blinkrzz for $5,000,000.
[22:20:45] > xcapan buy x5 §x§F§C§9§0§5§C§lE§x§E§6§9§C§6§B§lp§x§C§F§A§7§7§A§li§x§B§9§B§3§8§9§lc §x§8§C§C§B§A§7§lC§x§7§5§D§6§B§6§lr§x§5§F§E§2§C§5§la§x§7§9§D§4§B§4§lt§x§9§3§C§7§A§2§le §x§C§8§A§B§7§F§lK§x§E§2§9§E§6§E§le§x§F§C§9§0§5§C§ly to Ryzxc for $75,000.
[22:20:47] > Kaynn remove x1 §f§l§x§8§A§0§0§F§FS§x§9§6§0§0§E§1h§x§A§3§0§0§C§3i§x§A§F§0§0§A§5n§x§B§B§0§0§8§7e§x§C§8§0§0§6§9 §x§D§4§0§0§4§BO§x§E§0§0§0§2§Dn§x§E§D§0§0§0§Fi §x§E§0§0§0§2§DL§x§D§4§0§0§4§Be§x§C§8§0§0§6§9g§x§B§B§0§0§8§7g§x§A§F§0§0§A§5i§x§A§3§0§0§C§3n§x§9§6§0§0§E§1g§x§8§A§0§0§F§Fs from buy
[22:21:00] > xcapan remove x5 §x§F§C§9§0§5§C§lE§x§E§6§9§C§6§B§lp§x§C§F§A§7§7§A§li§x§B§9§B§3§8§9§lc §x§8§C§C§B§A§7§lC§x§7§5§D§6§B§6§lr§x§5§F§E§2§C§5§la§x§7§9§D§4§B§4§lt§x§9§3§C§7§A§2§le §x§C§8§A§B§7§F§lK§x§E§2§9§E§6§E§le§x§F§C§9§0§5§C§ly from buy
[22:27:43] > Ryzxc added x1 Music disc creator in auction for 5000.
[22:27:52] > Enyara buy x1 Music disc creator to Ryzxc for $5,000.
[22:28:05] > Enyara remove x1 Music disc creator from buy
[22:33:53] > NoClarity remove x64 Netherite ingot from storage
[22:44:53] > NoClarity added x1 §x§E§5§1§B§1§B§lDracula Leggings in auction for 150000.
[22:56:31] > .AppriXD buy x13 §bEntropy Crystal §8(§310,000§8) to chxrryxblossom for $1,500,000.
[22:56:39] > .AppriXD remove x13 §bEntropy Crystal §8(§310,000§8) from buy
[22:56:40] > .AppriXD remove x5 §x§F§C§D§0§5§C§lB§x§E§6§D§3§6§B§la§x§C§F§D§5§7§A§ls§x§B§9§D§8§8§9§li§x§A§2§D§A§9§8§lc §x§7§5§D§F§B§6§lC§x§5§F§E§2§C§5§lr§x§7§5§D§F§B§6§la§x§8§C§D§D§A§7§lt§x§A§2§D§A§9§8§le §x§C§F§D§5§7§A§lK§x§E§6§D§3§6§B§le§x§F§C§D§0§5§C§ly from buy
[22:56:41] > .AppriXD remove x3 Trial key from buy
[22:57:50] > 8it5inn remove x1 Shulker box from storage
[22:57:59] > 8it5inn added x1 Shulker box in auction for 14800000.
[23:01:25] > HwanYo buy x1 §x§F§F§5§5§0§0§lsᴇʟʟᴡᴀɴᴅ §6- 5.0x to Enyara for $399,999.
[23:01:39] > HwanYo remove x1 §f§l§8B§x§6§6§6§6§6§6a§x§7§7§7§7§7§7h§x§8§8§8§8§8§8a§x§9§9§9§9§9§9m§7u§x§9§9§9§9§9§9t§x§8§8§8§8§8§8 §x§7§7§7§7§7§7A§x§6§6§6§6§6§6x§8e from storage
[23:01:45] > HwanYo added x1 §f§l§8B§x§6§6§6§6§6§6a§x§7§7§7§7§7§7h§x§8§8§8§8§8§8a§x§9§9§9§9§9§9m§7u§x§9§9§9§9§9§9t§x§8§8§8§8§8§8 §x§7§7§7§7§7§7A§x§6§6§6§6§6§6x§8e in auction for 250000.
[23:04:13] > Trapers1 remove x1 §x§F§F§7§C§0§0§lSteamsparks Wings form storage
[23:04:49] > Kodakoda buy x1 §fFlower Crown Hat to alecczzz for $50,000.
[23:04:56] > Kodakoda remove x1 §fFlower Crown Hat form buy
[23:06:52] > HwanYo added x1 §f§l§x§8§A§0§0§F§FS§x§9§5§0§0§E§4h§x§A§0§0§0§C§9i§x§A§B§0§0§A§En§x§B§6§0§0§9§4e§x§C§1§0§0§7§9 §x§C§C§0§0§5§EO§x§D§7§0§0§4§3n§x§E§2§0§0§2§8i§x§E§D§0§0§0§D C§x§E§2§0§0§2§8h§x§D§7§0§0§4§3e§x§C§C§0§0§5§Es§x§C§1§0§0§7§9t§x§B§6§0§0§9§4p§x§A§B§0§0§A§El§x§A§0§0§0§C§9a§x§9§5§0§0§E§4t§x§8§A§0§0§F§Fe in auction for 3000000.
[23:07:58] > HwanYo added x64 Wither skeleton skull in auction for 200000.
[23:10:03] > HwanYo added x64 Experience bottle in auction for 80000.
[23:10:08] > .AppriXD buy x64 Experience bottle to HwanYo for $80,000.
[23:10:17] > HwanYo added x64 Experience bottle in auction for 80000.
[23:10:21] > Enyara buy x64 Experience bottle to HwanYo for $80,000.
[23:10:28] > Enyara remove x64 Experience bottle from buy
[23:10:34] > HwanYo added x64 Experience bottle in auction for 80000.
[23:10:37] > JinSoul15 buy x64 Experience bottle to HwanYo for $80,000.
[23:10:56] > HwanYo added x64 Experience bottle in auction for 80000.
[23:11:00] > Enyara buy x64 Experience bottle to HwanYo for $80,000.
[23:11:06] > Enyara remove x24 Experience bottle from buy
[23:11:09] > Kaynn added x1 Heavy core in auction for 400000.
[23:11:14] > HwanYo added x64 Experience bottle in auction for 80000.
[23:11:26] > HwanYo added x64 Experience bottle in auction for 80000.
[23:11:45] > Kaynn remove x1 Heavy core from storage
[23:12:07] > Trapers1 added x1 §x§F§F§7§C§0§0§lSteamsparks Wings in auction for 2000000.
[23:12:19] > Kaynn remove x1 §x§F§F§3§E§0§0§lD§x§F§F§3§6§0§0§le§x§F§F§2§F§0§0§lm§x§F§F§2§7§0§0§lo§x§F§F§1§F§0§0§ln §x§F§F§1§0§0§0§lL§x§F§F§0§8§0§0§lo§x§F§F§0§0§0§0§lr§x§F§F§0§9§0§0§ld §x§F§F§1§B§0§0§lS§x§F§F§2§3§0§0§lw§x§F§F§2§C§0§0§lo§x§F§F§3§5§0§0§lr§x§F§F§3§E§0§0§ld form storage
[23:12:34] > HwanYo added x1 §x§F§F§3§E§0§0§lD§x§F§F§3§7§0§0§le§x§F§F§3§0§0§0§lm§x§F§F§2§9§0§0§lo§x§F§F§2§2§0§0§ln §x§F§F§1§5§0§0§lL§x§F§F§0§E§0§0§lo§x§F§F§0§7§0§0§lr§x§F§F§0§0§0§0§ld §x§F§F§0§E§0§0§lL§x§F§F§1§5§0§0§le§x§F§F§1§C§0§0§lg§x§F§F§2§2§0§0§lg§x§F§F§2§9§0§0§li§x§F§F§3§0§0§0§ln§x§F§F§3§7§0§0§lg§x§F§F§3§E§0§0§ls in auction for 3000000.
[23:12:45] > HwanYo added x1 §x§F§F§3§E§0§0§lD§x§F§F§3§6§0§0§le§x§F§F§2§F§0§0§lm§x§F§F§2§7§0§0§lo§x§F§F§1§F§0§0§ln §x§F§F§1§0§0§0§lL§x§F§F§0§8§0§0§lo§x§F§F§0§0§0§0§lr§x§F§F§0§9§0§0§ld §x§F§F§1§B§0§0§lB§x§F§F§2§3§0§0§lo§x§F§F§2§C§0§0§lo§x§F§F§3§5§0§0§lt§x§F§F§3§E§0§0§ls in auction for 2500000.
[23:13:10] > xcapan buy x64 Experience bottle to HwanYo for $80,000.
[23:13:11] > xcapan buy x64 Experience bottle to HwanYo for $80,000.
[23:13:16] > JinSoul15 remove x64 Experience bottle from buy
[23:13:17] > JinSoul15 remove x1 §x§F§F§5§5§0§0§lsᴇʟʟᴡᴀɴᴅ §6- 5.0x from buy
[23:13:17] > JinSoul15 remove x1 §f§l§x§F§C§D§0§5§CW§x§F§A§A§2§4§8u§x§F§8§7§4§3§3k§x§F§6§4§5§1§Fo§x§F§4§1§7§0§Ang§x§F§6§4§5§1§F §x§F§8§7§4§3§3H§x§F§A§A§2§4§8o§x§F§C§D§0§5§Ce from buy
[23:13:18] > JinSoul15 remove x1 §fAxolotl Plushie §6(#3/101) from buy
[23:13:18] > JinSoul15 remove x1 §fPig Plushie §7(#63/101) from buy
[23:13:23] > 8it5inn remove x1 Shulker box from storage
[23:13:25] > xcapan remove x64 Experience bottle from buy
[23:13:25] > xcapan remove x64 Experience bottle from buy
[23:13:36] > 8it5inn added x1 §x§F§F§3§E§0§0§lDemon Lord Wings in auction for 4825000.
[23:13:42] > .AppriXD buy x1 §x§F§F§3§E§0§0§lDemon Lord Wings to 8it5inn for $4,825,000.
[23:13:48] > HwanYo added x1 §fShogun Axe in auction for 100000.
[23:13:48] > .AppriXD remove x1 §x§F§F§3§E§0§0§lDemon Lord Wings from buy
[23:13:49] > .AppriXD remove x64 Experience bottle from buy
[23:13:58] > tic_sz buy x1 §fShogun Axe to HwanYo for $100,000.
[23:14:10] > HwanYo added x1 Beacon in auction for 100000.
[23:14:38] > HwanYo added x1 §f§l§x§F§A§0§0§0§AD§x§F§A§1§5§1§2a§x§F§A§2§A§1§Ar§x§F§B§3§E§2§3k§x§F§B§5§3§2§Bf§x§F§B§6§8§3§3l§x§F§B§7§D§3§Ba§x§F§B§9§2§4§3m§x§F§C§A§6§4§Ce§x§F§C§B§B§5§4 §x§F§C§D§0§5§CF§x§F§C§B§B§5§4i§x§F§C§A§6§4§Cs§x§F§B§9§2§4§3h§x§F§B§7§D§3§Bi§x§F§B§6§8§3§3n§x§F§B§5§3§2§Bg§x§F§B§3§E§2§3 §x§F§A§2§A§1§AR§x§F§A§1§5§1§2o§x§F§A§0§0§0§Ad in auction for 400000.
[23:14:48] > 8it5inn added x1 Shulker box in auction for 12500000.
[23:14:52] > Kaynn added x1 §x§3§4§9§8§D§Bʙʟᴀᴢᴇ ꜱᴘᴀᴡɴᴇʀ in auction for 7000000.
[23:15:02] > Icon_Skully buy x1 §f§l§x§F§A§0§0§0§AD§x§F§A§1§5§1§2a§x§F§A§2§A§1§Ar§x§F§B§3§E§2§3k§x§F§B§5§3§2§Bf§x§F§B§6§8§3§3l§x§F§B§7§D§3§Ba§x§F§B§9§2§4§3m§x§F§C§A§6§4§Ce§x§F§C§B§B§5§4 §x§F§C§D§0§5§CF§x§F§C§B§B§5§4i§x§F§C§A§6§4§Cs§x§F§B§9§2§4§3h§x§F§B§7§D§3§Bi§x§F§B§6§8§3§3n§x§F§B§5§3§2§Bg§x§F§B§3§E§2§3 §x§F§A§2§A§1§AR§x§F§A§1§5§1§2o§x§F§A§0§0§0§Ad to HwanYo for $400,000.
[23:15:37] > HwanYo added x1 §f§l§8B§x§6§2§6§2§6§2a§x§6§F§6§F§6§Fh§x§7§C§7§C§7§Ca§x§8§9§8§9§8§9m§x§9§6§9§6§9§6u§x§A§3§A§3§A§3t §x§9§6§9§6§9§6H§x§8§9§8§9§8§9a§x§7§C§7§C§7§Ct§x§6§F§6§F§6§F §x§6§2§6§2§6§2V§82 in auction for 200000.
[23:15:38] > Kaynn remove x1 §x§3§4§9§8§D§Bʙʟᴀᴢᴇ ꜱᴘᴀᴡɴᴇʀ from storage
[23:15:41] > Trapers1 buy x1 §f§l§8B§x§6§2§6§2§6§2a§x§6§F§6§F§6§Fh§x§7§C§7§C§7§Ca§x§8§9§8§9§8§9m§x§9§6§9§6§9§6u§x§A§3§A§3§A§3t §x§9§6§9§6§9§6H§x§8§9§8§9§8§9a§x§7§C§7§C§7§Ct§x§6§F§6§F§6§F §x§6§2§6§2§6§2V§82 to HwanYo for $200,000.
[23:15:46] > Trapers1 remove x1 §f§l§8B§x§6§2§6§2§6§2a§x§6§F§6§F§6§Fh§x§7§C§7§C§7§Ca§x§8§9§8§9§8§9m§x§9§6§9§6§9§6u§x§A§3§A§3§A§3t §x§9§6§9§6§9§6H§x§8§9§8§9§8§9a§x§7§C§7§C§7§Ct§x§6§F§6§F§6§F §x§6§2§6§2§6§2V§82 form buy
[23:15:50] > Blinkrzz remove x1 §f§x§6§B§2§C§C§6G§x§7§0§3§2§C§Ca§x§7§5§3§8§D§2l§x§7§A§3§E§D§8a§x§7§F§4§4§D§Ex§x§8§4§4§9§E§5y§x§8§9§4§F§E§B §x§8§E§5§5§F§1H§x§9§3§5§B§F§7a§x§9§8§6§1§F§Dt from storage
[23:15:59] > Renzy01 remove x1 §x§E§5§1§B§1§B§lDracula Shield form storage
[23:16:04] > HwanYo added x1 §f§x§F§B§B§6§1§DC§x§F§0§A§F§1§Ca§x§E§5§A§8§1§Bp§x§D§B§A§0§1§9y§x§D§0§9§9§1§8b§x§C§5§9§2§1§7a§x§B§A§8§B§1§6r§x§A§F§8§4§1§5a§x§A§4§7§D§1§4 §x§9§A§7§5§1§2H§x§8§F§6§E§1§1a§x§8§4§6§7§1§0t in auction for 80000.
[23:16:08] > Renzy01 added x1 §x§E§5§1§B§1§B§lDracula Shield in auction for 200000.
[23:16:15] > Blinkrzz added x1 §f§x§6§B§2§C§C§6G§x§7§0§3§2§C§Ca§x§7§5§3§8§D§2l§x§7§A§3§E§D§8a§x§7§F§4§4§D§Ex§x§8§4§4§9§E§5y§x§8§9§4§F§E§B §x§8§E§5§5§F§1H§x§9§3§5§B§F§7a§x§9§8§6§1§F§Dt in auction for 200000.
[23:16:22] > Trapers1 added x1 §f§l§8B§x§6§2§6§2§6§2a§x§6§F§6§F§6§Fh§x§7§C§7§C§7§Ca§x§8§9§8§9§8§9m§x§9§6§9§6§9§6u§x§A§3§A§3§A§3t §x§9§6§9§6§9§6H§x§8§9§8§9§8§9a§x§7§C§7§C§7§Ct§x§6§F§6§F§6§F §x§6§2§6§2§6§2V§82 in auction for 800000.
[23:16:26] > Blinkrzz added x16 Ender pearl in auction for 5000.
[23:16:26] > Renzy01 added x1 §f§l§8B§x§6§3§6§3§6§3a§x§7§1§7§1§7§1h§x§8§0§8§0§8§0a§x§8§E§8§E§8§Em§x§9§C§9§C§9§Cu§7t§x§9§C§9§C§9§C §x§8§E§8§E§8§ES§x§8§0§8§0§8§0t§x§7§1§7§1§7§1a§x§6§3§6§3§6§3f§8f in auction for 500000.
[23:17:10] > x1 §f§l§8B§x§6§0§6§0§6§0a§x§6§C§6§C§6§Ch§x§7§7§7§7§7§7a§x§8§2§8§2§8§2m§x§8§E§8§E§8§Eu§x§9§9§9§9§9§9t§x§A§4§A§4§A§4 G§x§9§9§9§9§9§9a§x§8§E§8§E§8§Eu§x§8§2§8§2§8§2n§x§7§7§7§7§7§7t§x§6§C§6§C§6§Cl§x§6§0§6§0§6§0e§8t on sale by azuyeca has just expired, it goes in the inventory of expired items.
[23:17:13] > ace remove x64 Diamond from storage
[23:17:19] > HwanYo added x1 §x§E§5§1§B§1§B§lDracula Spear in auction for 200000.
[23:17:29] > ace added x64 Diamond in auction for 144000.
[23:17:34] > Renzy01 added x1 §x§E§5§1§B§1§B§lDracula Helmet in auction for 200000.
[23:17:47] > cart224 buy x1 §f§x§F§B§B§6§1§DC§x§F§0§A§F§1§Ca§x§E§5§A§8§1§Bp§x§D§B§A§0§1§9y§x§D§0§9§9§1§8b§x§C§5§9§2§1§7a§x§B§A§8§B§1§6r§x§A§F§8§4§1§5a§x§A§4§7§D§1§4 §x§9§A§7§5§1§2H§x§8§F§6§E§1§1a§x§8§4§6§7§1§0t to HwanYo for $80,000.
[23:17:50] > Renzy01 added x1 §x§E§5§1§B§1§B§lDracula Leggings in auction for 200000.
[23:17:57] > cart224 remove x1 §f§x§F§B§B§6§1§DC§x§F§0§A§F§1§Ca§x§E§5§A§8§1§Bp§x§D§B§A§0§1§9y§x§D§0§9§9§1§8b§x§C§5§9§2§1§7a§x§B§A§8§B§1§6r§x§A§F§8§4§1§5a§x§A§4§7§D§1§4 §x§9§A§7§5§1§2H§x§8§F§6§E§1§1a§x§8§4§6§7§1§0t from buy
[23:17:59] > Kaynn remove x1 §x§3§4§9§8§D§Bʙʟᴀᴢᴇ ꜱᴘᴀᴡɴᴇʀ from expire
[23:18:00] > Kaynn remove x1 Heavy core from expire
[23:18:00] > HwanYo buy x1 §x§E§5§1§B§1§B§lDracula Leggings to NoClarity for $150,000.
[23:18:17] > HwanYo buy x3 Netherite ingot to magolek_09 for $400,000.
[23:18:19] > Renzy01 added x1 §f§l§x§8§A§0§0§F§FS§x§9§C§0§0§D§5h§x§A§D§0§0§A§Ai§x§B§F§0§0§8§0n§x§D§0§0§0§5§5e§x§E§2§0§0§2§B §x§F§3§0§0§0§0O§x§E§2§0§0§2§An§x§D§0§0§0§5§5i§x§B§F§0§0§8§0 §x§A§D§0§0§A§AH§x§9§C§0§0§D§5o§x§8§A§0§0§F§Fe in auction for 2000000.
[23:18:24] > NoClarity added x1 §x§F§F§3§E§0§0§lSellwand Voucher in auction for 1100000.
[23:18:30] > HwanYo buy x1 §x§F§F§3§E§0§0§lSellwand Voucher to NoClarity for $1,100,000.
[23:18:33] > HwanYo remove x1 §x§F§F§3§E§0§0§lSellwand Voucher from buy
[23:19:04] > Kaynn added x1 Trident in auction for 999999.
[23:19:37] > Renzy01 remove x1 §f§l§x§8§A§0§0§F§FS§x§9§C§0§0§D§5h§x§A§D§0§0§A§Ai§x§B§F§0§0§8§0n§x§D§0§0§0§5§5e§x§E§2§0§0§2§B §x§F§3§0§0§0§0O§x§E§2§0§0§2§An§x§D§0§0§0§5§5i§x§B§F§0§0§8§0 §x§A§D§0§0§A§AH§x§9§C§0§0§D§5o§x§8§A§0§0§F§Fe from storage
[23:19:44] > Renzy01 added x1 §f§l§x§8§A§0§0§F§FS§x§9§C§0§0§D§5h§x§A§D§0§0§A§Ai§x§B§F§0§0§8§0n§x§D§0§0§0§5§5e§x§E§2§0§0§2§B §x§F§3§0§0§0§0O§x§E§2§0§0§2§An§x§D§0§0§0§5§5i§x§B§F§0§0§8§0 §x§A§D§0§0§A§AH§x§9§C§0§0§D§5o§x§8§A§0§0§F§Fe in auction for 1200000.
[23:20:12] > Trapers1 remove x1 §x§F§F§7§C§0§0§lSteamsparks Wings form storage
[23:20:12] > Trapers1 remove x1 §f§l§8B§x§6§2§6§2§6§2a§x§6§F§6§F§6§Fh§x§7§C§7§C§7§Ca§x§8§9§8§9§8§9m§x§9§6§9§6§9§6u§x§A§3§A§3§A§3t §x§9§6§9§6§9§6H§x§8§9§8§9§8§9a§x§7§C§7§C§7§Ct§x§6§F§6§F§6§F §x§6§2§6§2§6§2V§82 form storage
[23:20:21] > Trapers1 added x1 §f§l§8B§x§6§2§6§2§6§2a§x§6§F§6§F§6§Fh§x§7§C§7§C§7§Ca§x§8§9§8§9§8§9m§x§9§6§9§6§9§6u§x§A§3§A§3§A§3t §x§9§6§9§6§9§6H§x§8§9§8§9§8§9a§x§7§C§7§C§7§Ct§x§6§F§6§F§6§F §x§6§2§6§2§6§2V§82 in auction for 600000.
[23:23:26] > Kaynn remove x1 Trident from storage
[23:23:52] > giyahnpogi buy x1 Shulker box to 8it5inn for $12,500,000.
[23:23:59] > giyahnpogi remove x1 Shulker box from buy
[23:24:46] > Trapers1 added x1 §x§F§F§7§C§0§0§lSteamsparks Wings in auction for 1800000.
[23:24:54] > Kaynn added x1 §f§l§x§8§A§0§0§F§FS§x§9§9§0§0§D§Bh§x§A§8§0§0§B§6i§x§B§7§0§0§9§2n§x§C§6§0§0§6§De§x§D§5§0§0§4§9 §x§E§4§0§0§2§4O§x§F§3§0§0§0§0n§x§E§4§0§0§2§4i§x§D§5§0§0§4§9 §x§C§6§0§0§6§DS§x§B§7§0§0§9§2t§x§A§8§0§0§B§6a§x§9§9§0§0§D§Bf§x§8§A§0§0§F§Ff in auction for 800000.
[23:25:14] > Blinkrzz added x1 §5§lMythical Lure in auction for 5000000.
[23:28:19] > giyahnpogi remove x1 §x§F§F§5§5§0§0§lsᴇʟʟᴡᴀɴᴅ §6- 20.0x from storage
[23:32:50] > Ryzxc added x1 §x§F§F§7§C§0§0§lSteamsparks Hammer in auction for 120000.
[23:32:55] > .AppriXD buy x1 §x§F§F§7§C§0§0§lSteamsparks Hammer to Ryzxc for $120,000.
[23:35:01] > Panda_Nooba buy x1 §x§E§5§1§B§1§B§lDracula Shield to magolek_09 for $250,000.
[23:35:13] > Panda_Nooba buy x1 §x§E§5§1§B§1§B§lDracula Axe to magolek_09 for $450,000.
[23:36:16] > Panda_Nooba buy x1 §x§E§5§1§B§1§B§lDracula Spear to kiyomiuu1 for $100,000.
[23:36:23] > Panda_Nooba remove x1 §x§E§5§1§B§1§B§lDracula Shield from buy
[23:36:26] > Panda_Nooba remove x1 §x§E§5§1§B§1§B§lDracula Axe from buy
[23:36:27] > Panda_Nooba remove x1 §x§E§5§1§B§1§B§lDracula Spear from buy
[23:36:28] > cart224 buy x1 §x§E§3§A§F§4§F§lʟᴇɢᴇɴᴅᴀʀʏ ɪᴛᴇᴍ to Zypher_0w0 for $499,999.
[23:36:45] > cart224 remove x1 §x§E§3§A§F§4§F§lʟᴇɢᴇɴᴅᴀʀʏ ɪᴛᴇᴍ from buy
[23:37:34] > Panda_Nooba added x1 §x§F§F§7§C§0§0§lSteamsparks Boots in auction for 20000.
[23:37:40] > .AppriXD buy x1 §x§F§F§7§C§0§0§lSteamsparks Boots to Panda_Nooba for $20,000.
[23:37:47] > Panda_Nooba added x1 §x§F§F§7§C§0§0§lSteamsparks Leggings in auction for 20000.
[23:37:52] > .AppriXD buy x1 §x§F§F§7§C§0§0§lSteamsparks Leggings to Panda_Nooba for $20,000.
[23:38:07] > Takeremu added x1 Dried ghast in auction for 130000.
[23:38:12] > Blinkrzz buy x1 §x§F§F§7§C§0§0§lSteamsparks Shield to belvi__ for $100,000.
[23:38:38] > .AppriXD buy x1 Dried ghast to Takeremu for $130,000.
[23:38:43] > Panda_Nooba added x1 Netherite axe in auction for 50000.
[23:38:52] > .AppriXD buy x1 Netherite axe to Panda_Nooba for $50,000.
[23:40:00] > Panda_Nooba added x1 §x§F§F§7§C§0§0§lSteamsparks Pickaxe in auction for 20000.
[23:40:09] > JinSoul15 buy x1 §x§F§F§7§C§0§0§lSteamsparks Pickaxe to Panda_Nooba for $20,000.
[23:40:26] > JinSoul15 remove x1 §x§F§F§7§C§0§0§lSteamsparks Pickaxe from buy
[23:40:50] > Panda_Nooba added x1 Netherite upgrade smithing template in auction for 60000.
[23:41:01] > Panda_Nooba added x1 Netherite upgrade smithing template in auction for 60000.
[23:41:13] > Panda_Nooba added x1 Netherite upgrade smithing template in auction for 60000.
[23:41:23] > Panda_Nooba added x1 Netherite upgrade smithing template in auction for 60000.
[23:41:34] > Panda_Nooba added x1 Netherite upgrade smithing template in auction for 60000.
[23:42:32] > ace remove x64 Diamond from storage
[23:42:46] > ace added x64 Diamond in auction for 109000.
[23:43:01] > .AppriXD buy x64 Diamond to ace for $109,000.
[23:45:48] > .AppriXD added x1 §c§lPlatinum Lure in auction for 2500000.
[23:46:02] > .AppriXD added x1 §c§lPlatinum Lure in auction for 2500000.
[23:46:27] > Blinkrzz added x1 §f§l§8B§x§6§0§6§0§6§0a§x§6§C§6§C§6§Ch§x§7§7§7§7§7§7a§x§8§2§8§2§8§2m§x§8§E§8§E§8§Eu§x§9§9§9§9§9§9t§x§A§4§A§4§A§4 G§x§9§9§9§9§9§9a§x§8§E§8§E§8§Eu§x§8§2§8§2§8§2n§x§7§7§7§7§7§7t§x§6§C§6§C§6§Cl§x§6§0§6§0§6§0e§8t in auction for 1000000.
[23:47:50] > Ryzxc added x1 Music disc creator in auction for 5000.
[23:47:55] > .AppriXD buy x1 Music disc creator to Ryzxc for $5,000.
[23:48:30] > Ryzxc added x1 Music disc creator in auction for 5000.
[23:49:06] > Panda_Nooba added x1 §x§F§F§7§C§0§0§lSteamsparks Shield in auction for 80000.
[23:51:31] > Panda_Nooba remove x1 Netherite upgrade smithing template from storage
[23:51:32] > Panda_Nooba remove x1 Netherite upgrade smithing template from storage
[23:51:32] > Panda_Nooba remove x1 Netherite upgrade smithing template from storage
[23:51:32] > Panda_Nooba remove x1 Netherite upgrade smithing template from storage
[23:51:33] > Panda_Nooba remove x1 Netherite upgrade smithing template from storage
[23:51:45] > Panda_Nooba added x5 Netherite upgrade smithing template in auction for 200000.
[23:51:57] > Panda_Nooba added x1 §x§F§F§7§C§0§0§lSteamsparks Blade in auction for 150000.
[23:52:12] > Kyle buy x1 §x§F§F§7§C§0§0§lSteamsparks Blade to Panda_Nooba for $150,000.
[23:52:42] > Kyle remove x1 §x§F§F§7§C§0§0§lSteamsparks Blade from buy
[23:54:11] > 8it5inn remove x1 §fMushroom Hat from buy
[23:55:13] > 8it5inn remove x1 §fHusk Plushie §6(#50/101) from buy
[23:55:13] > 8it5inn remove x1 §fHorse Plushie §6(#45/101) from buy
[23:55:14] > 8it5inn remove x1 §fGoat Plushie §6(#42/101) from buy
[23:55:14] > 8it5inn remove x1 §fMule Plushie §6(#55/101) from buy
[23:55:14] > 8it5inn remove x1 §fSun Hat from buy
[23:55:16] > 8it5inn remove x1 §eMummy Hat from buy
[00:01:40] > Panda_Nooba added x1 §x§F§F§5§5§0§0§lsᴇʟʟᴡᴀɴᴅ §6- 20.0x in auction for 2000000.
[00:01:44] > Trapers1 buy x1 §x§F§F§5§5§0§0§lsᴇʟʟᴡᴀɴᴅ §6- 20.0x to Panda_Nooba for $2,000,000.
[00:02:02] > Trapers1 remove x1 §x§F§F§5§5§0§0§lsᴇʟʟᴡᴀɴᴅ §6- 20.0x form buy
[00:02:16] > mumbowe777 added x1 §x§F§F§7§C§0§0§lSteamsparks Bow in auction for 500000.
[00:03:08] > Panda_Nooba added x1 §fHoglin Plushie §6(#44/101) in auction for 3500.
[00:03:18] > .Allxnzv buy x1 §fHoglin Plushie §6(#44/101) to Panda_Nooba for $3,500.
[00:03:18] > Panda_Nooba added x1 §fCat Plushie (Tabby) §6(#21/101) in auction for 3500.
[00:03:20] > 8it5inn buy x1 §fCat Plushie (Tabby) §6(#21/101) to Panda_Nooba for $3,500.
[00:03:39] > .Allxnzv remove x1 §fHoglin Plushie §6(#44/101) from buy
[00:04:48] > Trapers1 added x1 §x§F§F§5§5§0§0§lsᴇʟʟᴡᴀɴᴅ §6- 20.0x in auction for 3500000.
[00:05:24] > king_ARK buy x1 §x§F§F§5§5§0§0§lsᴇʟʟᴡᴀɴᴅ §6- 20.0x to Trapers1 for $3,500,000.
[00:12:10] > Ryzxc added x1 Diamond axe in auction for 10000.
[00:16:05] > Panda_Nooba buy x1 §x§E§5§1§B§1§B§lDracula Hoe to auvicious for $100,000.
[00:16:09] > Panda_Nooba remove x1 §x§E§5§1§B§1§B§lDracula Hoe from buy
[00:25:03] > ace buy x1 Music disc creator to Ryzxc for $5,000.
[00:28:07] > Takeremu added x10 §x§F§C§D§0§5§C§lB§x§E§6§D§3§6§B§la§x§C§F§D§5§7§A§ls§x§B§9§D§8§8§9§li§x§A§2§D§A§9§8§lc §x§7§5§D§F§B§6§lC§x§5§F§E§2§C§5§lr§x§7§5§D§F§B§6§la§x§8§C§D§D§A§7§lt§x§A§2§D§A§9§8§le §x§C§F§D§5§7§A§lK§x§E§6§D§3§6§B§le§x§F§C§D§0§5§C§ly in auction for 100000.
[00:29:14] > Panda_Nooba buy x10 §x§F§C§D§0§5§C§lB§x§E§6§D§3§6§B§la§x§C§F§D§5§7§A§ls§x§B§9§D§8§8§9§li§x§A§2§D§A§9§8§lc §x§7§5§D§F§B§6§lC§x§5§F§E§2§C§5§lr§x§7§5§D§F§B§6§la§x§8§C§D§D§A§7§lt§x§A§2§D§A§9§8§le §x§C§F§D§5§7§A§lK§x§E§6§D§3§6§B§le§x§F§C§D§0§5§C§ly to Takeremu for $100,000.
[00:29:28] > Panda_Nooba remove x10 §x§F§C§D§0§5§C§lB§x§E§6§D§3§6§B§la§x§C§F§D§5§7§A§ls§x§B§9§D§8§8§9§li§x§A§2§D§A§9§8§lc §x§7§5§D§F§B§6§lC§x§5§F§E§2§C§5§lr§x§7§5§D§F§B§6§la§x§8§C§D§D§A§7§lt§x§A§2§D§A§9§8§le §x§C§F§D§5§7§A§lK§x§E§6§D§3§6§B§le§x§F§C§D§0§5§C§ly from buy
[00:32:42] > Trapers1 buy x1 §x§F§F§7§C§0§0§lSteamsparks Shield to Panda_Nooba for $80,000.
[00:32:52] > Trapers1 remove x1 §x§F§F§7§C§0§0§lSteamsparks Shield form buy
[00:40:25] > cart224 buy x1 §f§l§8B§x§6§6§6§6§6§6a§x§7§7§7§7§7§7h§x§8§8§8§8§8§8a§x§9§9§9§9§9§9m§7u§x§9§9§9§9§9§9t§x§8§8§8§8§8§8 §x§7§7§7§7§7§7A§x§6§6§6§6§6§6x§8e to .VisedSauce5790 for $200,000.
[00:40:30] > cart224 remove x1 §f§l§8B§x§6§6§6§6§6§6a§x§7§7§7§7§7§7h§x§8§8§8§8§8§8a§x§9§9§9§9§9§9m§7u§x§9§9§9§9§9§9t§x§8§8§8§8§8§8 §x§7§7§7§7§7§7A§x§6§6§6§6§6§6x§8e from buy
[00:48:23] > CrimsonVex added x1 §f§l§x§8§A§0§0§F§FS§x§9§8§0§0§D§Dh§x§A§6§0§0§B§Bi§x§B§4§0§0§9§9n§x§C§2§0§0§7§7e§x§D§0§0§0§5§5 §x§D§E§0§0§3§3O§x§E§C§0§0§1§1ni§x§D§E§0§0§3§3 §x§D§0§0§0§5§5H§x§C§2§0§0§7§7e§x§B§4§0§0§9§9l§x§A§6§0§0§B§Bm§x§9§8§0§0§D§De§x§8§A§0§0§F§Ft in auction for 1500000.
[00:48:28] > Fogstrap buy x1 §f§l§x§8§A§0§0§F§FS§x§9§8§0§0§D§Dh§x§A§6§0§0§B§Bi§x§B§4§0§0§9§9n§x§C§2§0§0§7§7e§x§D§0§0§0§5§5 §x§D§E§0§0§3§3O§x§E§C§0§0§1§1ni§x§D§E§0§0§3§3 §x§D§0§0§0§5§5H§x§C§2§0§0§7§7e§x§B§4§0§0§9§9l§x§A§6§0§0§B§Bm§x§9§8§0§0§D§De§x§8§A§0§0§F§Ft to CrimsonVex for $1,500,000.
[00:48:49] > Fogstrap remove x1 §f§l§x§8§A§0§0§F§FS§x§9§8§0§0§D§Dh§x§A§6§0§0§B§Bi§x§B§4§0§0§9§9n§x§C§2§0§0§7§7e§x§D§0§0§0§5§5 §x§D§E§0§0§3§3O§x§E§C§0§0§1§1ni§x§D§E§0§0§3§3 §x§D§0§0§0§5§5H§x§C§2§0§0§7§7e§x§B§4§0§0§9§9l§x§A§6§0§0§B§Bm§x§9§8§0§0§D§De§x§8§A§0§0§F§Ft form buy
[00:48:49] > Fogstrap remove x5 Firework rocket form buy
[00:48:56] > Kaynn remove x1 §f§l§x§8§A§0§0§F§FS§x§9§9§0§0§D§Bh§x§A§8§0§0§B§6i§x§B§7§0§0§9§2n§x§C§6§0§0§6§De§x§D§5§0§0§4§9 §x§E§4§0§0§2§4O§x§F§3§0§0§0§0n§x§E§4§0§0§2§4i§x§D§5§0§0§4§9 §x§C§6§0§0§6§DS§x§B§7§0§0§9§2t§x§A§8§0§0§B§6a§x§9§9§0§0§D§Bf§x§8§A§0§0§F§Ff from storage
[00:49:07] > Kaynn added x1 §f§l§x§8§A§0§0§F§FS§x§9§9§0§0§D§Bh§x§A§8§0§0§B§6i§x§B§7§0§0§9§2n§x§C§6§0§0§6§De§x§D§5§0§0§4§9 §x§E§4§0§0§2§4O§x§F§3§0§0§0§0n§x§E§4§0§0§2§4i§x§D§5§0§0§4§9 §x§C§6§0§0§6§DS§x§B§7§0§0§9§2t§x§A§8§0§0§B§6a§x§9§9§0§0§D§Bf§x§8§A§0§0§F§Ff in auction for 700000.
[00:52:03] > cart224 buy x1 §aCthulhu to Chakuu for $20,000.
[00:52:05] > cart224 buy x1 §2Franck to Kodakoda for $25,000.
[00:52:13] > cart224 buy x1 §2Cauldron Hat to ace for $50,000.
[00:52:29] > cart224 remove x1 §2Cauldron Hat from buy
[00:52:29] > cart224 remove x1 §2Franck from buy
[00:52:29] > cart224 remove x1 §aCthulhu from buy
[00:56:39] > Fogstrap added x4 Netherite ingot in auction for 400000.
[00:58:49] > .AppriXD remove x1 §x§F§F§7§C§0§0§lSteamsparks Hammer from buy
[00:58:49] > .AppriXD remove x1 §x§F§F§7§C§0§0§lSteamsparks Boots from buy
[00:58:51] > .AppriXD remove x1 §x§F§F§7§C§0§0§lSteamsparks Leggings from buy
[00:58:52] > .AppriXD remove x1 Dried ghast from buy
[00:58:53] > .AppriXD remove x1 Netherite axe from buy
[00:58:54] > .AppriXD remove x64 Diamond from buy
[00:58:55] > .AppriXD remove x1 Music disc creator from buy
[00:59:45] > Trapers1 remove x1 §f§l§8B§x§6§2§6§2§6§2a§x§6§F§6§F§6§Fh§x§7§C§7§C§7§Ca§x§8§9§8§9§8§9m§x§9§6§9§6§9§6u§x§A§3§A§3§A§3t §x§9§6§9§6§9§6H§x§8§9§8§9§8§9a§x§7§C§7§C§7§Ct§x§6§F§6§F§6§F §x§6§2§6§2§6§2V§82 form storage
[00:59:45] > Trapers1 remove x1 §x§F§F§7§C§0§0§lSteamsparks Wings form storage
[01:01:58] > Fogstrap added x4 Netherite ingot in auction for 400000.
[01:02:26] > Fogstrap added x4 Netherite ingot in auction for 400000.
[01:03:43] > Fogstrap added x4 Netherite ingot in auction for 400000.
[01:04:00] > Fogstrap added x4 Netherite ingot in auction for 400000.
[01:05:18] > Trapers1 added x1 §x§F§F§3§E§0§0§lDemon Lord Wings in auction for 10000000.
[01:06:25] > Panda_Nooba buy x1 §x§E§5§1§B§1§B§lDracula Leggings to Renzy01 for $200,000.
[01:06:27] > Panda_Nooba buy x1 §x§E§5§1§B§1§B§lDracula Helmet to Renzy01 for $200,000.
[01:06:42] > Panda_Nooba remove x1 §x§E§5§1§B§1§B§lDracula Helmet from buy
[01:06:43] > Panda_Nooba remove x1 §x§E§5§1§B§1§B§lDracula Leggings from buy
[01:11:23] > magolek_09 added x1 §x§F§F§5§5§0§0§lsᴇʟʟᴡᴀɴᴅ §6- 20.0x in auction for 2500000.
[01:11:33] > ry9191 buy x1 §x§F§F§5§5§0§0§lsᴇʟʟᴡᴀɴᴅ §6- 20.0x to magolek_09 for $2,500,000.
[01:11:54] > Panda_Nooba added x1 §fFlower Hat in auction for 10000.
[01:11:56] > ry9191 remove x1 §x§F§F§5§5§0§0§lsᴇʟʟᴡᴀɴᴅ §6- 20.0x form buy
[01:12:12] > NoClarity added x1 §x§F§F§3§E§0§0§lSellwand Voucher in auction for 1100000.
[01:12:40] > Trapers1 added x1 §x§F§F§5§5§0§0§lsᴇʟʟᴡᴀɴᴅ §6- 5.0x in auction for 400000.
[01:13:24] > Chakuu remove x1 §x§F§F§7§C§0§0§lSteamsparks Blade form storage
[01:13:33] > 8it5inn remove x1 §fCat Plushie (Tabby) §6(#21/101) from buy
[01:15:06] > Trapers1 remove x1 §x§F§F§5§5§0§0§lsᴇʟʟᴡᴀɴᴅ §6- 5.0x form storage
[01:15:06] > Trapers1 remove x1 §x§F§F§3§E§0§0§lDemon Lord Wings form storage
[01:15:15] > Trapers1 added x1 §x§F§F§5§5§0§0§lsᴇʟʟᴡᴀɴᴅ §6- 5.0x in auction for 380000.
[01:15:16] > NoClarity remove x1 §x§F§F§3§E§0§0§lSellwand Voucher form storage
[01:15:25] > NoClarity added x1 §x§F§F§3§E§0§0§lSellwand Voucher in auction for 1000000.
[01:15:29] > Fogstrap remove x1 §f§l§8B§x§6§6§6§6§6§6a§x§7§7§7§7§7§7h§x§8§8§8§8§8§8a§x§9§9§9§9§9§9m§7u§x§9§9§9§9§9§9t§x§8§8§8§8§8§8 §x§7§7§7§7§7§7K§x§6§6§6§6§6§6e§8y from storage
[01:15:34] > Trapers1 added x1 §x§F§F§3§E§0§0§lDemon Lord Wings in auction for 8000000.
[01:16:00] > Fogstrap added x1 §f§l§8B§x§6§6§6§6§6§6a§x§7§7§7§7§7§7h§x§8§8§8§8§8§8a§x§9§9§9§9§9§9m§7u§x§9§9§9§9§9§9t§x§8§8§8§8§8§8 §x§7§7§7§7§7§7H§x§6§6§6§6§6§6a§8t in auction for 50000.
[01:16:00] > Gabyy added x1 §x§F§F§3§E§0§0§lSellwand Voucher in auction for 1000000.
[01:16:06] > Icon_Skully buy x1 §f§l§8B§x§6§6§6§6§6§6a§x§7§7§7§7§7§7h§x§8§8§8§8§8§8a§x§9§9§9§9§9§9m§7u§x§9§9§9§9§9§9t§x§8§8§8§8§8§8 §x§7§7§7§7§7§7H§x§6§6§6§6§6§6a§8t to Fogstrap for $50,000.
[01:17:18] > Trapers1 remove x1 §x§F§F§3§E§0§0§lDemon Lord Wings form storage
[01:17:18] > Trapers1 remove x1 §x§F§F§5§5§0§0§lsᴇʟʟᴡᴀɴᴅ §6- 5.0x form storage
[01:17:25] > .AppriXD remove x1 §c§lPlatinum Lure from storage
[01:17:26] > .AppriXD remove x1 §c§lPlatinum Lure from storage
[01:17:31] > Trapers1 added x1 §x§F§F§5§5§0§0§lsᴇʟʟᴡᴀɴᴅ §6- 5.0x in auction for 345000.
[01:17:34] > Icon_Skully buy x1 §x§F§F§5§5§0§0§lsᴇʟʟᴡᴀɴᴅ §6- 5.0x to Trapers1 for $345,000.
[01:17:41] > .AppriXD added x1 §c§lPlatinum Lure in auction for 1000000.
[01:17:58] > .AppriXD added x1 §c§lPlatinum Lure in auction for 1000000.
[01:19:05] > NoClarity remove x1 §x§F§F§3§E§0§0§lSellwand Voucher form storage
[01:19:38] > Trapers1 added x1 §x§F§F§5§5§0§0§lsᴇʟʟᴡᴀɴᴅ §6- 5.0x in auction for 350000.
[01:20:00] > Fogstrap added x1 §x§F§F§5§5§0§0§lsᴇʟʟᴡᴀɴᴅ §6- 20.0x in auction for 3500000.
[01:20:00] > Ryzxc added x1 §x§F§F§5§5§0§0§lsᴇʟʟᴡᴀɴᴅ §6- 5.0x in auction for 300000.
[01:20:10] > Xavier881 buy x1 §x§F§F§5§5§0§0§lsᴇʟʟᴡᴀɴᴅ §6- 5.0x to Ryzxc for $300,000.
[01:20:33] > Trapers1 added x1 §x§F§F§3§E§0§0§lDemon Lord Wings in auction for 7000000.
[01:21:35] > Trapers1 remove x1 §x§F§F§3§E§0§0§lDemon Lord Wings form storage
[01:21:35] > Trapers1 remove x1 §x§F§F§5§5§0§0§lsᴇʟʟᴡᴀɴᴅ §6- 5.0x form storage
[01:21:45] > Trapers1 added x1 §x§F§F§5§5§0§0§lsᴇʟʟᴡᴀɴᴅ §6- 5.0x in auction for 400000.
[01:22:08] > Trapers1 added x1 §x§F§F§3§E§0§0§lDemon Lord Wings in auction for 6500000.
[01:22:32] > shelby remove x1 Shulker box form storage
[01:22:32] > shelby remove x1 §f§l§8B§x§6§0§6§0§6§0a§x§6§C§6§C§6§Ch§x§7§7§7§7§7§7a§x§8§2§8§2§8§2m§x§8§E§8§E§8§Eu§x§9§9§9§9§9§9t§x§A§4§A§4§A§4 G§x§9§9§9§9§9§9a§x§8§E§8§E§8§Eu§x§8§2§8§2§8§2n§x§7§7§7§7§7§7t§x§6§C§6§C§6§Cl§x§6§0§6§0§6§0e§8t form storage
[01:22:43] > shelby added x1 §f§l§8B§x§6§0§6§0§6§0a§x§6§C§6§C§6§Ch§x§7§7§7§7§7§7a§x§8§2§8§2§8§2m§x§8§E§8§E§8§Eu§x§9§9§9§9§9§9t§x§A§4§A§4§A§4 G§x§9§9§9§9§9§9a§x§8§E§8§E§8§Eu§x§8§2§8§2§8§2n§x§7§7§7§7§7§7t§x§6§C§6§C§6§Cl§x§6§0§6§0§6§0e§8t in auction for 1000000.
[01:23:04] > Trapers1 remove x1 §x§F§F§3§E§0§0§lDemon Lord Wings form storage
[01:23:04] > Trapers1 remove x1 §x§F§F§5§5§0§0§lsᴇʟʟᴡᴀɴᴅ §6- 5.0x form storage
[01:23:15] > Trapers1 added x1 §x§F§F§5§5§0§0§lsᴇʟʟᴡᴀɴᴅ §6- 5.0x in auction for 3500000.
[01:23:26] > Trapers1 remove x1 §x§F§F§5§5§0§0§lsᴇʟʟᴡᴀɴᴅ §6- 5.0x form storage
[01:23:50] > Trapers1 added x1 §x§F§F§5§5§0§0§lsᴇʟʟᴡᴀɴᴅ §6- 5.0x in auction for 350000.
[01:23:59] > Fogstrap buy x1 §x§F§F§5§5§0§0§lsᴇʟʟᴡᴀɴᴅ §6- 5.0x to Trapers1 for $350,000.
[01:24:06] > Fogstrap remove x1 §x§F§F§5§5§0§0§lsᴇʟʟᴡᴀɴᴅ §6- 5.0x from buy
[01:24:07] > Trapers1 added x1 §x§F§F§3§E§0§0§lDemon Lord Wings in auction for 5500000.
[01:24:15] > Fogstrap added x1 §x§F§F§5§5§0§0§lsᴇʟʟᴡᴀɴᴅ §6- 5.0x in auction for 380000.
[01:25:08] > Trapers1 remove x1 §x§F§F§3§E§0§0§lDemon Lord Wings form storage
[01:25:34] > Trapers1 added x1 §x§F§F§3§E§0§0§lDemon Lord Wings in auction for 5000000.
[01:26:55] > Trapers1 remove x1 §x§F§F§3§E§0§0§lDemon Lord Wings from storage
[01:28:44] > Trapers1 added x1 §x§F§F§3§E§0§0§lDemon Lord Wings in auction for 4999999.
[01:29:18] > Trapers1 remove x1 §x§F§F§3§E§0§0§lDemon Lord Wings from storage
[01:29:28] > Trapers1 added x1 §x§F§F§3§E§0§0§lDemon Lord Wings in auction for 4100000.
[01:30:21] > Trapers1 remove x1 §x§F§F§3§E§0§0§lDemon Lord Wings form storage
[01:30:37] > Trapers1 added x1 §x§F§F§3§E§0§0§lDemon Lord Wings in auction for 3999999.
[01:31:22] > Trapers1 remove x1 §x§F§F§3§E§0§0§lDemon Lord Wings form storage
[01:31:38] > Trapers1 added x1 §x§F§F§7§C§0§0§lSteamsparks Wings in auction for 2100000.
[01:32:02] > Fogstrap remove x1 §x§F§F§5§5§0§0§lsᴇʟʟᴡᴀɴᴅ §6- 20.0x from storage
[01:32:14] > Fogstrap added x1 §x§F§F§5§5§0§0§lsᴇʟʟᴡᴀɴᴅ §6- 20.0x in auction for 3000000.
[01:32:16] > NoClarity added x1 Enchanted book in auction for 1000.
[01:33:28] > Trapers1 remove x1 §x§F§F§7§C§0§0§lSteamsparks Wings form storage
[01:33:46] > Trapers1 added x1 §x§F§F§7§C§0§0§lSteamsparks Wings in auction for 2000000.
[01:34:15] > Trapers1 added x1 §x§F§F§3§E§0§0§lDemon Lord Wings in auction for 3500000.
[01:35:24] > Trapers1 remove x1 §x§F§F§7§C§0§0§lSteamsparks Wings form storage
[01:35:24] > Trapers1 remove x1 §x§F§F§3§E§0§0§lDemon Lord Wings form storage
[01:35:42] > Trapers1 added x1 §x§F§F§3§E§0§0§lDemon Lord Wings in auction for 3200000.
[01:35:47] > .AppriXD buy x1 §x§F§F§3§E§0§0§lDemon Lord Wings to Trapers1 for $3,200,000.
[01:35:55] > .AppriXD remove x1 §x§F§F§3§E§0§0§lDemon Lord Wings from buy
[01:36:18] > Trapers1 added x1 §x§F§F§7§C§0§0§lSteamsparks Wings in auction for 2000000.
[01:36:38] > Trapers1 remove x1 §x§F§F§7§C§0§0§lSteamsparks Wings form storage
[01:37:02] > ace buy x1 Enchanted book to NoClarity for $1,000.
[01:37:30] > ace buy x1 §fFlower Hat to Panda_Nooba for $10,000.
[01:37:47] > ace remove x1 Enchanted book from buy
[01:37:48] > ace remove x1 §fFlower Hat from buy
[01:37:49] > ace remove x1 Music disc creator from buy
[01:39:36] > Kokiqi added x64 Cooked mutton in auction for 1000.
[01:39:45] > .Allxnzv buy x64 Cooked mutton to Kokiqi for $1,000.
[01:39:56] > .Allxnzv remove x64 Cooked mutton from buy
[01:40:21] > Kokiqi remove x1 §f§l§x§8§A§0§0§F§FS§x§9§9§0§0§D§Bh§x§A§8§0§0§B§6i§x§B§7§0§0§9§2n§x§C§6§0§0§6§De§x§D§5§0§0§4§9 §x§E§4§0§0§2§4O§x§F§3§0§0§0§0n§x§E§4§0§0§2§4i§x§D§5§0§0§4§9 §x§C§6§0§0§6§DS§x§B§7§0§0§9§2p§x§A§8§0§0§B§6e§x§9§9§0§0§D§Ba§x§8§A§0§0§F§Fr from storage
[01:40:46] > Kokiqi added x1 §f§l§x§8§A§0§0§F§FS§x§9§9§0§0§D§Bh§x§A§8§0§0§B§6i§x§B§7§0§0§9§2n§x§C§6§0§0§6§De§x§D§5§0§0§4§9 §x§E§4§0§0§2§4O§x§F§3§0§0§0§0n§x§E§4§0§0§2§4i§x§D§5§0§0§4§9 §x§C§6§0§0§6§DS§x§B§7§0§0§9§2p§x§A§8§0§0§B§6e§x§9§9§0§0§D§Ba§x§8§A§0§0§F§Fr in auction for 2600000.
[01:41:44] > Kokiqi added x64 Cooked mutton in auction for 5000.
[01:42:03] > Kokiqi added x64 Cooked mutton in auction for 8000.
[01:42:22] > Kokiqi added x64 Cooked mutton in auction for 8000.
[01:46:12] > Blinkrzz buy x1 §x§F§F§3§E§0§0§lSellwand Voucher to Gabyy for $1,000,000.
[01:46:27] > Blinkrzz remove x1 §x§F§F§7§C§0§0§lSteamsparks Shield from buy
[01:46:28] > Blinkrzz remove x1 §x§F§F§3§E§0§0§lSellwand Voucher from buy
[01:47:38] > Blinkrzz remove x15 Ender pearl from storage
[01:47:49] > Blinkrzz added x1 §x§F§F§3§E§0§0§lSellwand Voucher in auction for 1600000.
[01:47:59] > Blinkrzz remove x1 §x§F§F§3§E§0§0§lSellwand Voucher from storage
[01:48:18] > Blinkrzz added x1 §x§F§F§3§E§0§0§lSellwand Voucher in auction for 1650000.
[02:05:04] > tic_sz added x30 Cooked porkchop in auction for 10.
[02:09:42] > 8it5inn remove x1 Pamalo sa bata from storage
[02:26:41] > Icon_Skully buy x30 Cooked porkchop to tic_sz for $10.
[02:27:11] > Icon_Skully remove x30 Cooked porkchop from buy
[02:31:37] > SenjuKawaragi added x1 §x§F§F§5§5§0§0§lsᴇʟʟᴡᴀɴᴅ §6- 5.0x in auction for 475000.
[02:31:52] > SenjuKawaragi added x1 §x§F§F§5§5§0§0§lsᴇʟʟᴡᴀɴᴅ §6- 5.0x in auction for 475000.
[02:32:41] > SenjuKawaragi added x1 §x§F§F§5§5§0§0§lsᴇʟʟᴡᴀɴᴅ §6- 10.0x in auction for 850000.
[02:37:45] > Zheo1125 buy x1 Diamond axe to Ryzxc for $10,000.
[02:38:56] > Zheo1125 remove x1 Diamond axe from buy
[02:40:21] > M1kasa0 buy x1 §fBumble Bee Hat to Johng10910 for $50,000.
[02:40:47] > M1kasa0 remove x1 §fBumble Bee Hat from buy
[02:52:08] > Antonie657 buy x1 §f§x§6§B§2§C§C§6G§x§7§0§3§2§C§Ca§x§7§5§3§8§D§2l§x§7§A§3§E§D§8a§x§7§F§4§4§D§Ex§x§8§4§4§9§E§5y§x§8§9§4§F§E§B §x§8§E§5§5§F§1H§x§9§3§5§B§F§7a§x§9§8§6§1§F§Dt to Blinkrzz for $200,000.
[02:52:16] > Antonie657 remove x1 §f§x§6§B§2§C§C§6G§x§7§0§3§2§C§Ca§x§7§5§3§8§D§2l§x§7§A§3§E§D§8a§x§7§F§4§4§D§Ex§x§8§4§4§9§E§5y§x§8§9§4§F§E§B §x§8§E§5§5§F§1H§x§9§3§5§B§F§7a§x§9§8§6§1§F§Dt from buy
[03:08:27] > NoClarity added x21 Enchanted golden apple in auction for 1100000.
[03:13:48] > Antonie657 remove x1 §f§l§8B§x§6§4§6§4§6§4a§x§7§4§7§4§7§4h§x§8§3§8§3§8§3a§x§9§3§9§3§9§3m§x§A§2§A§2§A§2ut§x§9§3§9§3§9§3 §x§8§3§8§3§8§3C§x§7§4§7§4§7§4l§x§6§4§6§4§6§4u§8b from storage
[03:13:58] > Antonie657 remove x1 §f§l§x§F§C§D§0§5§CW§x§F§B§B§0§4§Eu§x§F§9§9§0§4§0k§x§F§8§7§0§3§2o§x§F§6§5§0§2§3n§x§F§5§3§0§1§5g§x§F§4§1§0§0§7 H§x§F§5§3§0§1§5a§x§F§6§5§0§2§3l§x§F§8§7§0§3§2b§x§F§9§9§0§4§0e§x§F§B§B§0§4§Er§x§F§C§D§0§5§Cd from storage
[03:14:02] > Antonie657 remove x1 §x§E§5§1§B§1§B§lDracula Staff from storage
[03:14:10] > Antonie657 remove x1 §f§l§8B§x§6§4§6§4§6§4a§x§7§4§7§4§7§4h§x§8§3§8§3§8§3a§x§9§3§9§3§9§3m§x§A§2§A§2§A§2ut§x§9§3§9§3§9§3 §x§8§3§8§3§8§3C§x§7§4§7§4§7§4l§x§6§4§6§4§6§4u§8b from expire
[03:14:23] > Antonie657 added x1 §9§lCrab Claw in auction for 2000.
[03:14:33] > Xavier881 buy x1 §9§lCrab Claw to Antonie657 for $2,000.
[03:14:44] > Antonie657 added x1 §e§lCrab Scale in auction for 5000.
[03:15:09] > Antonie657 added x1 §f§l§8B§x§6§4§6§4§6§4a§x§7§4§7§4§7§4h§x§8§3§8§3§8§3a§x§9§3§9§3§9§3m§x§A§2§A§2§A§2ut§x§9§3§9§3§9§3 §x§8§3§8§3§8§3C§x§7§4§7§4§7§4l§x§6§4§6§4§6§4u§8b in auction for 425000.
[03:15:21] > St4r_ buy x1 Diamond chestplate to Ryzxc for $20,000.
[03:15:40] > NoClarity added x1 §x§F§F§7§C§0§0§lSteamsparks Battle Axe in auction for 200000.
[03:16:08] > NoClarity added x1 §f§l§8B§x§6§2§6§2§6§2a§x§6§F§6§F§6§Fh§x§7§C§7§C§7§Ca§x§8§9§8§9§8§9m§x§9§6§9§6§9§6u§x§A§3§A§3§A§3t §x§9§6§9§6§9§6S§x§8§9§8§9§8§9h§x§7§C§7§C§7§Ci§x§6§F§6§F§6§Fe§x§6§2§6§2§6§2l§8d in auction for 300000.
[03:16:27] > NoClarity added x1 §f§l§x§8§A§0§0§F§FS§x§9§5§0§0§E§4h§x§A§0§0§0§C§9i§x§A§B§0§0§A§En§x§B§6§0§0§9§4e§x§C§1§0§0§7§9 §x§C§C§0§0§5§EO§x§D§7§0§0§4§3n§x§E§2§0§0§2§8i§x§E§D§0§0§0§D B§x§E§2§0§0§2§8a§x§D§7§0§0§4§3t§x§C§C§0§0§5§Et§x§C§1§0§0§7§9l§x§B§6§0§0§9§4e§x§A§B§0§0§A§E §x§A§0§0§0§C§9A§x§9§5§0§0§E§4x§x§8§A§0§0§F§Fe in auction for 1000000.
[03:16:45] > Antonie657 added x1 §x§E§5§1§B§1§B§lDracula Staff in auction for 120000.
[03:20:21] > Antonie657 remove x1 §x§E§5§1§B§1§B§lDracula Staff from storage
[03:20:31] > Antonie657 remove x1 §f§l§8B§x§6§4§6§4§6§4a§x§7§4§7§4§7§4h§x§8§3§8§3§8§3a§x§9§3§9§3§9§3m§x§A§2§A§2§A§2ut§x§9§3§9§3§9§3 §x§8§3§8§3§8§3C§x§7§4§7§4§7§4l§x§6§4§6§4§6§4u§8b from storage
[03:20:38] > Antonie657 remove x1 §f§l§8B§x§6§4§6§4§6§4a§x§7§4§7§4§7§4h§x§8§3§8§3§8§3a§x§9§3§9§3§9§3m§x§A§2§A§2§A§2ut§x§9§3§9§3§9§3 §x§8§3§8§3§8§3C§x§7§4§7§4§7§4l§x§6§4§6§4§6§4u§8b from expire
[03:20:39] > Antonie657 remove x1 §x§E§5§1§B§1§B§lDracula Staff from expire
[03:20:50] > Antonie657 added x1 §x§E§5§1§B§1§B§lDracula Staff in auction for 105000.
[03:21:25] > Antonie657 added x1 §f§l§8B§x§6§4§6§4§6§4a§x§7§4§7§4§7§4h§x§8§3§8§3§8§3a§x§9§3§9§3§9§3m§x§A§2§A§2§A§2ut§x§9§3§9§3§9§3 §x§8§3§8§3§8§3C§x§7§4§7§4§7§4l§x§6§4§6§4§6§4u§8b in auction for 409000.
[03:22:51] > Antonie657 added x1 §f§l§x§F§C§D§0§5§CW§x§F§B§B§0§4§Eu§x§F§9§9§0§4§0k§x§F§8§7§0§3§2o§x§F§6§5§0§2§3n§x§F§5§3§0§1§5g§x§F§4§1§0§0§7 H§x§F§5§3§0§1§5a§x§F§6§5§0§2§3l§x§F§8§7§0§3§2b§x§F§9§9§0§4§0e§x§F§B§B§0§4§Er§x§F§C§D§0§5§Cd in auction for 600000.
[03:29:59] > .AppriXD buy x1 §e§lCrab Scale to Antonie657 for $5,000.
[03:31:19] > magolek_09 added x5 Netherite ingot in auction for 600000.
[03:31:31] > magolek_09 added x5 Netherite ingot in auction for 600000.
[03:31:45] > magolek_09 added x5 Netherite ingot in auction for 600000.
[03:32:01] > NoClarity remove x1 §x§F§F§7§C§0§0§lSteamsparks Battle Axe form storage
[03:32:01] > NoClarity remove x1 §f§l§x§8§A§0§0§F§FS§x§9§5§0§0§E§4h§x§A§0§0§0§C§9i§x§A§B§0§0§A§En§x§B§6§0§0§9§4e§x§C§1§0§0§7§9 §x§C§C§0§0§5§EO§x§D§7§0§0§4§3n§x§E§2§0§0§2§8i§x§E§D§0§0§0§D B§x§E§2§0§0§2§8a§x§D§7§0§0§4§3t§x§C§C§0§0§5§Et§x§C§1§0§0§7§9l§x§B§6§0§0§9§4e§x§A§B§0§0§A§E §x§A§0§0§0§C§9A§x§9§5§0§0§E§4x§x§8§A§0§0§F§Fe form storage
[03:32:01] > NoClarity remove x1 §f§l§8B§x§6§2§6§2§6§2a§x§6§F§6§F§6§Fh§x§7§C§7§C§7§Ca§x§8§9§8§9§8§9m§x§9§6§9§6§9§6u§x§A§3§A§3§A§3t §x§9§6§9§6§9§6S§x§8§9§8§9§8§9h§x§7§C§7§C§7§Ci§x§6§F§6§F§6§Fe§x§6§2§6§2§6§2l§8d form storage
[03:32:01] > NoClarity remove x21 Enchanted golden apple form storage
[03:32:04] > magolek_09 added x5 Netherite ingot in auction for 600000.
[03:32:10] > x1 §x§7§A§A§1§F§6★ K§x§7§8§A§6§F§3n§x§7§6§A§A§E§Fo§x§7§4§A§F§E§Cc§x§7§2§B§4§E§8k§x§7§0§B§8§E§5b§x§6§E§B§D§E§1a§x§6§D§C§2§D§Ec§x§6§B§C§6§D§Ak §x§6§7§C§F§D§3S§x§6§5§D§4§D§0t§x§6§3§D§9§C§Ci§x§6§1§D§D§C§9c§x§5§F§E§2§C§5k on sale by Abbadex has just expired, it goes in the inventory of expired items.
[03:34:08] > magolek_09 added x9 Netherite ingot in auction for 1100000.
[04:07:03] > Panda_Nooba added x1 Netherite pickaxe in auction for 80000.
[04:07:55] > OlikShaman buy x1 Netherite pickaxe to Panda_Nooba for $80,000.
[04:09:25] > Zee_ buy x1 Enchanted book to Zaiil for $700,000.
[04:09:31] > Zee_ remove x1 Enchanted book from buy
[04:09:51] > OlikShaman buy x64 Sugar cane to Seikuji8811 for $5,000.
[04:10:58] > OlikShaman remove x1 Netherite pickaxe from buy
[04:10:59] > OlikShaman remove x64 Sugar cane from buy
[04:27:07] > Doomday152 buy x4 Netherite ingot to Fogstrap for $400,000.
[04:27:10] > Doomday152 buy x4 Netherite ingot to Fogstrap for $400,000.
[04:27:16] > Doomday152 remove x4 Netherite ingot from buy
[04:27:16] > Doomday152 remove x4 Netherite ingot from buy
[04:45:13] > tic_sz added x1 Diamond chestplate in auction for 10.
[04:45:26] > Antonie657 buy x1 Diamond chestplate to tic_sz for $10.
[04:45:42] > Antonie657 remove x1 Diamond chestplate from buy
[04:46:06] > nachfaust added x1 §f§l§8B§x§6§6§6§6§6§6a§x§7§7§7§7§7§7h§x§8§8§8§8§8§8a§x§9§9§9§9§9§9m§7u§x§9§9§9§9§9§9t§x§8§8§8§8§8§8 §x§7§7§7§7§7§7H§x§6§6§6§6§6§6a§8t in auction for 90000.
[04:55:50] > clash_royale added x10 §x§F§C§D§0§5§C§lB§x§E§6§D§3§6§B§la§x§C§F§D§5§7§A§ls§x§B§9§D§8§8§9§li§x§A§2§D§A§9§8§lc §x§7§5§D§F§B§6§lC§x§5§F§E§2§C§5§lr§x§7§5§D§F§B§6§la§x§8§C§D§D§A§7§lt§x§A§2§D§A§9§8§le §x§C§F§D§5§7§A§lK§x§E§6§D§3§6§B§le§x§F§C§D§0§5§C§ly in auction for 700000.
[04:56:21] > clash_royale added x5 §x§F§C§9§0§5§C§lE§x§E§6§9§C§6§B§lp§x§C§F§A§7§7§A§li§x§B§9§B§3§8§9§lc §x§8§C§C§B§A§7§lC§x§7§5§D§6§B§6§lr§x§5§F§E§2§C§5§la§x§7§9§D§4§B§4§lt§x§9§3§C§7§A§2§le §x§C§8§A§B§7§F§lK§x§E§2§9§E§6§E§le§x§F§C§9§0§5§C§ly in auction for 2000000.
[05:08:04] > Icon_Skully remove x1 §x§F§F§5§5§0§0§lsᴇʟʟᴡᴀɴᴅ §6- 5.0x from buy
[05:55:51] > nachfaust buy x64 Cooked mutton to Kokiqi for $5,000.
[05:55:57] > nachfaust remove x64 Cooked mutton form buy
[06:08:45] > nachfaust remove x1 Mace from storage
[06:09:00] > nachfaust added x1 §x§F§F§7§C§0§0§lSteamsparks Fishing Rod in auction for 600000.
[06:18:00] > qu4sar remove x1 §x§F§F§5§5§0§0§lsᴇʟʟᴡᴀɴᴅ §6- 5.0x from storage
[06:18:23] > Antonie657 remove x1 §f§l§x§F§C§D§0§5§CW§x§F§B§B§0§4§Eu§x§F§9§9§0§4§0k§x§F§8§7§0§3§2o§x§F§6§5§0§2§3n§x§F§5§3§0§1§5g§x§F§4§1§0§0§7 H§x§F§5§3§0§1§5a§x§F§6§5§0§2§3l§x§F§8§7§0§3§2b§x§F§9§9§0§4§0e§x§F§B§B§0§4§Er§x§F§C§D§0§5§Cd from storage
[06:18:24] > Antonie657 remove x1 §f§l§8B§x§6§4§6§4§6§4a§x§7§4§7§4§7§4h§x§8§3§8§3§8§3a§x§9§3§9§3§9§3m§x§A§2§A§2§A§2ut§x§9§3§9§3§9§3 §x§8§3§8§3§8§3C§x§7§4§7§4§7§4l§x§6§4§6§4§6§4u§8b from storage
[06:18:24] > Antonie657 remove x1 §x§E§5§1§B§1§B§lDracula Staff from storage
[06:18:25] > Antonie657 remove x1 §f§l§x§F§C§D§0§5§CW§x§F§A§A§2§4§8u§x§F§8§7§4§3§3k§x§F§6§4§5§1§Fo§x§F§4§1§7§0§Ang§x§F§6§4§5§1§F §x§F§8§7§4§3§3H§x§F§A§A§2§4§8o§x§F§C§D§0§5§Ce from storage
[06:18:53] > Antonie657 added x1 §f§l§8B§x§6§4§6§4§6§4a§x§7§4§7§4§7§4h§x§8§3§8§3§8§3a§x§9§3§9§3§9§3m§x§A§2§A§2§A§2ut§x§9§3§9§3§9§3 §x§8§3§8§3§8§3C§x§7§4§7§4§7§4l§x§6§4§6§4§6§4u§8b in auction for 605000.
[06:19:16] > Antonie657 added x1 §x§E§5§1§B§1§B§lDracula Staff in auction for 105000.
[06:19:21] > qu4sar added x1 §x§F§F§5§5§0§0§lsᴇʟʟᴡᴀɴᴅ §6- 5.0x in auction for 450000.
[06:19:31] > nachfaust buy x1 §x§F§F§5§5§0§0§lsᴇʟʟᴡᴀɴᴅ §6- 5.0x to qu4sar for $450,000.
[06:19:39] > nachfaust remove x1 §f§l§8B§x§6§6§6§6§6§6a§x§7§7§7§7§7§7h§x§8§8§8§8§8§8a§x§9§9§9§9§9§9m§7u§x§9§9§9§9§9§9t§x§8§8§8§8§8§8 §x§7§7§7§7§7§7H§x§6§6§6§6§6§6a§8t from storage
[06:20:16] > nachfaust remove x1 §x§F§F§5§5§0§0§lsᴇʟʟᴡᴀɴᴅ §6- 5.0x from buy
[06:20:31] > nachfaust added x1 §x§F§F§5§5§0§0§lsᴇʟʟᴡᴀɴᴅ §6- 5.0x in auction for 500000.
[06:28:38] > Antonie657 added x64 Sugar cane in auction for 5000.
[06:38:12] > mauserdart added x5 §bEntropy Crystal §8(§310,000§8) in auction for 500000.
[06:38:26] > mauserdart added x5 §bEntropy Crystal §8(§310,000§8) in auction for 500000.
[06:38:28] > Antonie657 remove x64 Sugar cane from storage
[06:38:35] > Antonie657 remove x64 Sugar cane from expire
[06:38:51] > Antonie657 added x64 Sugar cane in auction for 2000.
[06:38:58] > mauserdart added x5 §bEntropy Crystal §8(§310,000§8) in auction for 500000.
[06:42:45] > Panda_Nooba remove x5 Netherite upgrade smithing template from storage
[06:47:58] > NoClarity added x22 Enchanted golden apple in auction for 1000000.
[06:53:31] > kysicx remove x1 §x§F§F§5§5§0§0§lsᴇʟʟᴡᴀɴᴅ §6- 5.0x from buy
[06:53:32] > kysicx remove x1 §x§F§F§5§5§0§0§lsᴇʟʟᴡᴀɴᴅ §6- 5.0x from buy
[07:03:51] > Celeste01 buy x1 §x§F§F§5§5§0§0§lsᴇʟʟᴡᴀɴᴅ §6- 10.0x to SenjuKawaragi for $850,000.
[07:04:03] > Celeste01 remove x1 §x§F§F§5§5§0§0§lsᴇʟʟᴡᴀɴᴅ §6- 10.0x form buy
[07:05:14] > NoClarity added x1 §f§l§x§8§A§0§0§F§FS§x§9§5§0§0§E§4h§x§A§0§0§0§C§9i§x§A§B§0§0§A§En§x§B§6§0§0§9§4e§x§C§1§0§0§7§9 §x§C§C§0§0§5§EO§x§D§7§0§0§4§3n§x§E§2§0§0§2§8i§x§E§D§0§0§0§D B§x§E§2§0§0§2§8a§x§D§7§0§0§4§3t§x§C§C§0§0§5§Et§x§C§1§0§0§7§9l§x§B§6§0§0§9§4e§x§A§B§0§0§A§E §x§A§0§0§0§C§9A§x§9§5§0§0§E§4x§x§8§A§0§0§F§Fe in auction for 1999999.
[07:05:18] > kysicx added x1 §x§F§F§5§5§0§0§lsᴇʟʟᴡᴀɴᴅ §6- 5.0x in auction for 480000.
[07:05:37] > kysicx added x1 §x§F§F§5§5§0§0§lsᴇʟʟᴡᴀɴᴅ §6- 5.0x in auction for 500000.
[07:07:08] > NoClarity remove x1 §f§l§x§8§A§0§0§F§FS§x§9§5§0§0§E§4h§x§A§0§0§0§C§9i§x§A§B§0§0§A§En§x§B§6§0§0§9§4e§x§C§1§0§0§7§9 §x§C§C§0§0§5§EO§x§D§7§0§0§4§3n§x§E§2§0§0§2§8i§x§E§D§0§0§0§D B§x§E§2§0§0§2§8a§x§D§7§0§0§4§3t§x§C§C§0§0§5§Et§x§C§1§0§0§7§9l§x§B§6§0§0§9§4e§x§A§B§0§0§A§E §x§A§0§0§0§C§9A§x§9§5§0§0§E§4x§x§8§A§0§0§F§Fe from storage
[07:08:11] > Celeste01 remove x1 Mace form storage
[07:08:14] > NoClarity added x1 Mace in auction for 200000.
[07:09:12] > Celeste01 added x1 Mace in auction for 450000.
[07:14:34] > Icon_Skully remove x1 §f§l§x§F§A§0§0§0§AD§x§F§A§1§5§1§2a§x§F§A§2§A§1§Ar§x§F§B§3§E§2§3k§x§F§B§5§3§2§Bf§x§F§B§6§8§3§3l§x§F§B§7§D§3§Ba§x§F§B§9§2§4§3m§x§F§C§A§6§4§Ce§x§F§C§B§B§5§4 §x§F§C§D§0§5§CF§x§F§C§B§B§5§4i§x§F§C§A§6§4§Cs§x§F§B§9§2§4§3h§x§F§B§7§D§3§Bi§x§F§B§6§8§3§3n§x§F§B§5§3§2§Bg§x§F§B§3§E§2§3 §x§F§A§2§A§1§AR§x§F§A§1§5§1§2o§x§F§A§0§0§0§Ad from buy
[07:14:58] > pwio buy x1 §fButterfly Hat to Johng10910 for $50,000.
[07:17:32] > pwio remove x1 §fButterfly Hat from buy
[07:19:12] > pwio buy x1 §x§F§F§7§C§0§0§lSteamsparks Pickaxe to EnderDragon0120 for $200,000.
[07:19:19] > pwio remove x1 §x§F§F§7§C§0§0§lSteamsparks Pickaxe from buy
[07:20:57] > Hunter_Sung added x1 §f§l§x§8§A§0§0§F§FS§x§9§9§0§0§D§Bh§x§A§8§0§0§B§6i§x§B§7§0§0§9§2n§x§C§6§0§0§6§De§x§D§5§0§0§4§9 §x§E§4§0§0§2§4O§x§F§3§0§0§0§0n§x§E§4§0§0§2§4i§x§D§5§0§0§4§9 §x§C§6§0§0§6§DS§x§B§7§0§0§9§2t§x§A§8§0§0§B§6a§x§9§9§0§0§D§Bf§x§8§A§0§0§F§Ff in auction for 1800000.
[07:21:25] > Hunter_Sung added x1 §f§l§8B§x§5§F§5§F§5§Fa§x§6§9§6§9§6§9h§x§7§3§7§3§7§3a§x§7§D§7§D§7§Dm§x§8§7§8§7§8§7u§x§9§1§9§1§9§1t§x§9§B§9§B§9§B §x§A§5§A§5§A§5Gr§x§9§B§9§B§9§Be§x§9§1§9§1§9§1a§x§8§7§8§7§8§7t§x§7§D§7§D§7§Ds§x§7§3§7§3§7§3w§x§6§9§6§9§6§9o§x§5§F§5§F§5§Fr§8d in auction for 1500000.
[07:22:08] > Hunter_Sung added x1 §x§F§F§3§E§0§0§lDemon Lord Sickle in auction for 750000.
[07:22:29] > Hunter_Sung added x1 §x§F§F§3§E§0§0§lD§x§F§F§3§5§0§0§le§x§F§F§2§C§0§0§lm§x§F§F§2§3§0§0§lo§x§F§F§1§B§0§0§ln §x§F§F§0§9§0§0§lL§x§F§F§0§0§0§0§lo§x§F§F§0§A§0§0§lr§x§F§F§1§5§0§0§ld §x§F§F§2§9§0§0§lB§x§F§F§3§4§0§0§lo§x§F§F§3§E§0§0§lw in auction for 1000000.
[07:22:44] > Hunter_Sung added x1 §x§F§F§7§C§0§0§lSteamsparks Wings in auction for 2500000.
[07:22:57] > Hunter_Sung added x1 §f§l§x§F§C§D§0§5§CW§x§F§B§B§2§4§Fu§x§F§9§9§5§4§2k§x§F§8§7§7§3§5o§x§F§7§5§9§2§7n§x§F§6§3§B§1§Ag§x§F§4§1§E§0§D §x§F§3§0§0§0§0C§x§F§4§1§E§0§Dr§x§F§6§3§B§1§Ao§x§F§7§5§9§2§7s§x§F§8§7§7§3§5s§x§F§9§9§5§4§2b§x§F§B§B§2§4§Fo§x§F§C§D§0§5§Cw in auction for 1200000.
[07:23:09] > Celeste01 buy x1 §x§F§F§5§5§0§0§lsᴇʟʟᴡᴀɴᴅ §6- 5.0x to Fogstrap for $380,000.
[07:23:15] > Celeste01 remove x1 Mace form storage
[07:23:32] > Celeste01 added x1 Mace in auction for 450000.
[07:24:56] > Celeste01 remove x1 §x§F§F§5§5§0§0§lsᴇʟʟᴡᴀɴᴅ §6- 5.0x from buy
[07:26:21] > monggol buy x5 §bEntropy Crystal §8(§310,000§8) to mauserdart for $500,000.
[07:26:25] > monggol remove x5 §bEntropy Crystal §8(§310,000§8) from buy
[07:26:36] > Hunter_Sung added x1 Shulker box in auction for 5000000.
[07:33:39] > monggol buy x1 §x§F§F§5§5§0§0§lsᴇʟʟᴡᴀɴᴅ §6- 5.0x to CrimsonVex for $425,000.
[07:33:44] > monggol remove x1 §x§F§F§5§5§0§0§lsᴇʟʟᴡᴀɴᴅ §6- 5.0x from buy
[07:36:16] > Kaynn remove x1 §f§l§x§8§A§0§0§F§FS§x§9§9§0§0§D§Bh§x§A§8§0§0§B§6i§x§B§7§0§0§9§2n§x§C§6§0§0§6§De§x§D§5§0§0§4§9 §x§E§4§0§0§2§4O§x§F§3§0§0§0§0n§x§E§4§0§0§2§4i§x§D§5§0§0§4§9 §x§C§6§0§0§6§DS§x§B§7§0§0§9§2t§x§A§8§0§0§B§6a§x§9§9§0§0§D§Bf§x§8§A§0§0§F§Ff from storage
[07:36:54] > Kaynn added x1 Heavy core in auction for 300000.
[07:37:41] > mauserdart added x5 §bEntropy Crystal §8(§310,000§8) in auction for 500000.
[07:37:59] > mauserdart added x5 §bEntropy Crystal §8(§310,000§8) in auction for 500000.
[07:38:16] > mauserdart added x5 §bEntropy Crystal §8(§310,000§8) in auction for 500000.
[07:41:56] > Renzy01 added x1 §f§l§x§8§A§0§0§F§FS§x§9§9§0§0§D§Bh§x§A§8§0§0§B§6i§x§B§7§0§0§9§2n§x§C§6§0§0§6§De§x§D§5§0§0§4§9 §x§E§4§0§0§2§4O§x§F§3§0§0§0§0n§x§E§4§0§0§2§4i§x§D§5§0§0§4§9 §x§C§6§0§0§6§DS§x§B§7§0§0§9§2t§x§A§8§0§0§B§6a§x§9§9§0§0§D§Bf§x§8§A§0§0§F§Ff in auction for 1500000.
[07:42:23] > Kaynn added x1 §f§l§x§8§A§0§0§F§FS§x§9§9§0§0§D§Bh§x§A§8§0§0§B§6i§x§B§7§0§0§9§2n§x§C§6§0§0§6§De§x§D§5§0§0§4§9 §x§E§4§0§0§2§4O§x§F§3§0§0§0§0n§x§E§4§0§0§2§4i§x§D§5§0§0§4§9 §x§C§6§0§0§6§DS§x§B§7§0§0§9§2t§x§A§8§0§0§B§6a§x§9§9§0§0§D§Bf§x§8§A§0§0§F§Ff in auction for 1000000.
[07:46:34] > monggol buy x5 §bEntropy Crystal §8(§310,000§8) to mauserdart for $500,000.
[07:46:44] > monggol remove x5 §bEntropy Crystal §8(§310,000§8) from buy
[07:48:31] > Renzy01 added x1 §x§E§5§1§B§1§B§lDracula Sickle in auction for 250000.
[07:49:53] > HwanYo remove x1 §f§l§8B§x§6§6§6§6§6§6a§x§7§7§7§7§7§7h§x§8§8§8§8§8§8a§x§9§9§9§9§9§9m§7u§x§9§9§9§9§9§9t§x§8§8§8§8§8§8 §x§7§7§7§7§7§7A§x§6§6§6§6§6§6x§8e from storage
[07:49:56] > HwanYo remove x1 §f§l§x§8§A§0§0§F§FS§x§9§5§0§0§E§4h§x§A§0§0§0§C§9i§x§A§B§0§0§A§En§x§B§6§0§0§9§4e§x§C§1§0§0§7§9 §x§C§C§0§0§5§EO§x§D§7§0§0§4§3n§x§E§2§0§0§2§8i§x§E§D§0§0§0§D C§x§E§2§0§0§2§8h§x§D§7§0§0§4§3e§x§C§C§0§0§5§Es§x§C§1§0§0§7§9t§x§B§6§0§0§9§4p§x§A§B§0§0§A§El§x§A§0§0§0§C§9a§x§9§5§0§0§E§4t§x§8§A§0§0§F§Fe from storage
[07:49:57] > HwanYo remove x64 Wither skeleton skull from storage
[07:49:57] > HwanYo remove x1 §x§F§F§3§E§0§0§lD§x§F§F§3§7§0§0§le§x§F§F§3§0§0§0§lm§x§F§F§2§9§0§0§lo§x§F§F§2§2§0§0§ln §x§F§F§1§5§0§0§lL§x§F§F§0§E§0§0§lo§x§F§F§0§7§0§0§lr§x§F§F§0§0§0§0§ld §x§F§F§0§E§0§0§lL§x§F§F§1§5§0§0§le§x§F§F§1§C§0§0§lg§x§F§F§2§2§0§0§lg§x§F§F§2§9§0§0§li§x§F§F§3§0§0§0§ln§x§F§F§3§7§0§0§lg§x§F§F§3§E§0§0§ls from storage
[07:49:57] > HwanYo remove x1 §x§F§F§3§E§0§0§lD§x§F§F§3§6§0§0§le§x§F§F§2§F§0§0§lm§x§F§F§2§7§0§0§lo§x§F§F§1§F§0§0§ln §x§F§F§1§0§0§0§lL§x§F§F§0§8§0§0§lo§x§F§F§0§0§0§0§lr§x§F§F§0§9§0§0§ld §x§F§F§1§B§0§0§lB§x§F§F§2§3§0§0§lo§x§F§F§2§C§0§0§lo§x§F§F§3§5§0§0§lt§x§F§F§3§E§0§0§ls from storage
[07:49:57] > HwanYo remove x1 Beacon from storage
[07:49:58] > HwanYo remove x1 §x§E§5§1§B§1§B§lDracula Spear from storage
[07:50:15] > HwanYo added x1 §f§l§8B§x§6§6§6§6§6§6a§x§7§7§7§7§7§7h§x§8§8§8§8§8§8a§x§9§9§9§9§9§9m§7u§x§9§9§9§9§9§9t§x§8§8§8§8§8§8 §x§7§7§7§7§7§7A§x§6§6§6§6§6§6x§8e in auction for 180000.
[07:50:29] > HwanYo added x64 Wither skeleton skull in auction for 180000.
[07:51:06] > Dentatsu buy x1 §f§l§8B§x§6§6§6§6§6§6a§x§7§7§7§7§7§7h§x§8§8§8§8§8§8a§x§9§9§9§9§9§9m§7u§x§9§9§9§9§9§9t§x§8§8§8§8§8§8 §x§7§7§7§7§7§7A§x§6§6§6§6§6§6x§8e to HwanYo for $180,000.
[07:51:37] > HwanYo added x1 §f§l§x§8§A§0§0§F§FS§x§9§5§0§0§E§4h§x§A§0§0§0§C§9i§x§A§B§0§0§A§En§x§B§6§0§0§9§4e§x§C§1§0§0§7§9 §x§C§C§0§0§5§EO§x§D§7§0§0§4§3n§x§E§2§0§0§2§8i§x§E§D§0§0§0§D C§x§E§2§0§0§2§8h§x§D§7§0§0§4§3e§x§C§C§0§0§5§Es§x§C§1§0§0§7§9t§x§B§6§0§0§9§4p§x§A§B§0§0§A§El§x§A§0§0§0§C§9a§x§9§5§0§0§E§4t§x§8§A§0§0§F§Fe in auction for 2500000.
[07:51:47] > Kaynn buy x1 §f§l§x§8§A§0§0§F§FS§x§9§5§0§0§E§4h§x§A§0§0§0§C§9i§x§A§B§0§0§A§En§x§B§6§0§0§9§4e§x§C§1§0§0§7§9 §x§C§C§0§0§5§EO§x§D§7§0§0§4§3n§x§E§2§0§0§2§8i§x§E§D§0§0§0§D C§x§E§2§0§0§2§8h§x§D§7§0§0§4§3e§x§C§C§0§0§5§Es§x§C§1§0§0§7§9t§x§B§6§0§0§9§4p§x§A§B§0§0§A§El§x§A§0§0§0§C§9a§x§9§5§0§0§E§4t§x§8§A§0§0§F§Fe to HwanYo for $2,500,000.
[07:51:50] > HwanYo added x1 §x§F§F§3§E§0§0§lD§x§F§F§3§7§0§0§le§x§F§F§3§0§0§0§lm§x§F§F§2§9§0§0§lo§x§F§F§2§2§0§0§ln §x§F§F§1§5§0§0§lL§x§F§F§0§E§0§0§lo§x§F§F§0§7§0§0§lr§x§F§F§0§0§0§0§ld §x§F§F§0§E§0§0§lL§x§F§F§1§5§0§0§le§x§F§F§1§C§0§0§lg§x§F§F§2§2§0§0§lg§x§F§F§2§9§0§0§li§x§F§F§3§0§0§0§ln§x§F§F§3§7§0§0§lg§x§F§F§3§E§0§0§ls in auction for 2000000.
[07:52:30] > HwanYo added x1 §x§F§F§3§E§0§0§lD§x§F§F§3§6§0§0§le§x§F§F§2§F§0§0§lm§x§F§F§2§7§0§0§lo§x§F§F§1§F§0§0§ln §x§F§F§1§0§0§0§lL§x§F§F§0§8§0§0§lo§x§F§F§0§0§0§0§lr§x§F§F§0§9§0§0§ld §x§F§F§1§B§0§0§lB§x§F§F§2§3§0§0§lo§x§F§F§2§C§0§0§lo§x§F§F§3§5§0§0§lt§x§F§F§3§E§0§0§ls in auction for 1000000.
[07:57:56] > Trapers1 added x1 §f§l§8B§x§6§0§6§0§6§0a§x§6§C§6§C§6§Ch§x§7§7§7§7§7§7a§x§8§2§8§2§8§2m§x§8§E§8§E§8§Eu§x§9§9§9§9§9§9t§x§A§4§A§4§A§4 L§x§9§9§9§9§9§9e§x§8§E§8§E§8§Eg§x§8§2§8§2§8§2g§x§7§7§7§7§7§7i§x§6§C§6§C§6§Cn§x§6§0§6§0§6§0g§8s in auction for 750000.
[07:58:09] > OoferGamezYT added x1 Totem of undying in auction for 50000.
[07:59:26] > Kaynn remove x1 §f§l§x§8§A§0§0§F§FS§x§9§5§0§0§E§4h§x§A§0§0§0§C§9i§x§A§B§0§0§A§En§x§B§6§0§0§9§4e§x§C§1§0§0§7§9 §x§C§C§0§0§5§EO§x§D§7§0§0§4§3n§x§E§2§0§0§2§8i§x§E§D§0§0§0§D C§x§E§2§0§0§2§8h§x§D§7§0§0§4§3e§x§C§C§0§0§5§Es§x§C§1§0§0§7§9t§x§B§6§0§0§9§4p§x§A§B§0§0§A§El§x§A§0§0§0§C§9a§x§9§5§0§0§E§4t§x§8§A§0§0§F§Fe from buy
[08:00:41] > OoferGamezYT remove x1 Totem of undying from storage
[08:01:45] > H2SO4 buy x1 §x§F§F§7§C§0§0§lSteamsparks Axe to nachfaust for $500,000.
[08:04:18] > H2SO4 remove x1 §x§F§F§7§C§0§0§lSteamsparks Axe from buy
[08:07:46] > Trapers1 added x1 §fAxolotl Plushie (Gold) §6(#7/101) in auction for 20000.
[08:08:23] > Trapers1 added x1 §fGuardian Plushie §6(#43/101) in auction for 100000.
[08:08:28] > Trapers1 remove x1 §fGuardian Plushie §6(#43/101) form storage
[08:08:28] > Trapers1 remove x1 §fAxolotl Plushie (Gold) §6(#7/101) form storage
[08:08:28] > Trapers1 remove x1 §f§l§8B§x§6§0§6§0§6§0a§x§6§C§6§C§6§Ch§x§7§7§7§7§7§7a§x§8§2§8§2§8§2m§x§8§E§8§E§8§Eu§x§9§9§9§9§9§9t§x§A§4§A§4§A§4 L§x§9§9§9§9§9§9e§x§8§E§8§E§8§Eg§x§8§2§8§2§8§2g§x§7§7§7§7§7§7i§x§6§C§6§C§6§Cn§x§6§0§6§0§6§0g§8s form storage
[08:08:37] > Trapers1 added x1 §fAxolotl Plushie (Gold) §6(#7/101) in auction for 10000.
[08:08:47] > Trapers1 added x1 §f§l§8B§x§6§0§6§0§6§0a§x§6§C§6§C§6§Ch§x§7§7§7§7§7§7a§x§8§2§8§2§8§2m§x§8§E§8§E§8§Eu§x§9§9§9§9§9§9t§x§A§4§A§4§A§4 L§x§9§9§9§9§9§9e§x§8§E§8§E§8§Eg§x§8§2§8§2§8§2g§x§7§7§7§7§7§7i§x§6§C§6§C§6§Cn§x§6§0§6§0§6§0g§8s in auction for 500000.
[08:08:53] > Celeste01 buy x1 §x§F§F§5§5§0§0§lsᴇʟʟᴡᴀɴᴅ §6- 5.0x to kysicx for $480,000.
[08:09:00] > Trapers1 added x1 §fGuardian Plushie §6(#43/101) in auction for 10000.
[08:09:04] > Dentatsu buy x1 §fGuardian Plushie §6(#43/101) to Trapers1 for $10,000.
[08:09:53] > Celeste01 remove x1 §x§F§F§5§5§0§0§lsᴇʟʟᴡᴀɴᴅ §6- 5.0x from buy
[08:12:05] > NoClarity added x64 Amethyst shard in auction for 10.
[08:12:10] > Trapers1 buy x64 Amethyst shard to NoClarity for $10.
[08:12:19] > Trapers1 remove x64 Amethyst shard form buy
[08:12:26] > Trapers1 added x64 Amethyst shard in auction for 10000.
[08:20:27] > nachfaust added x1 Mace in auction for 800000.
[08:21:11] > auvicious buy x1 §fAxolotl Plushie (Gold) §6(#7/101) to Trapers1 for $10,000.
[08:22:27] > auvicious remove x1 §fAxolotl Plushie (Gold) §6(#7/101) form buy
[08:28:58] > Dentatsu remove x1 §fGuardian Plushie §6(#43/101) from buy
[08:28:59] > Dentatsu remove x1 §f§l§8B§x§6§6§6§6§6§6a§x§7§7§7§7§7§7h§x§8§8§8§8§8§8a§x§9§9§9§9§9§9m§7u§x§9§9§9§9§9§9t§x§8§8§8§8§8§8 §x§7§7§7§7§7§7A§x§6§6§6§6§6§6x§8e from buy
[08:57:12] > anneyong added x64 §x§F§C§D§0§5§C§lB§x§E§6§D§3§6§B§la§x§C§F§D§5§7§A§ls§x§B§9§D§8§8§9§li§x§A§2§D§A§9§8§lc §x§7§5§D§F§B§6§lC§x§5§F§E§2§C§5§lr§x§7§5§D§F§B§6§la§x§8§C§D§D§A§7§lt§x§A§2§D§A§9§8§le §x§C§F§D§5§7§A§lK§x§E§6§D§3§6§B§le§x§F§C§D§0§5§C§ly in auction for 999999.
[08:58:12] > anneyong buy x64 Wither skeleton skull to HwanYo for $180,000.
[08:59:30] > anneyong remove x1 §x§F§F§5§5§0§0§lsᴇʟʟᴡᴀɴᴅ §6- 10.0x form buy
[08:59:30] > anneyong remove x64 Wither skeleton skull form buy
[08:59:30] > anneyong remove x1 §x§F§F§5§5§0§0§lsᴇʟʟᴡᴀɴᴅ §6- 20.0x form buy
[08:59:30] > anneyong remove x5 Enchanted golden apple form buy
[09:02:20] > Trapers1 buy x64 §x§F§C§D§0§5§C§lB§x§E§6§D§3§6§B§la§x§C§F§D§5§7§A§ls§x§B§9§D§8§8§9§li§x§A§2§D§A§9§8§lc §x§7§5§D§F§B§6§lC§x§5§F§E§2§C§5§lr§x§7§5§D§F§B§6§la§x§8§C§D§D§A§7§lt§x§A§2§D§A§9§8§le §x§C§F§D§5§7§A§lK§x§E§6§D§3§6§B§le§x§F§C§D§0§5§C§ly to anneyong for $999,999.
[09:02:27] > Trapers1 remove x64 §x§F§C§D§0§5§C§lB§x§E§6§D§3§6§B§la§x§C§F§D§5§7§A§ls§x§B§9§D§8§8§9§li§x§A§2§D§A§9§8§lc §x§7§5§D§F§B§6§lC§x§5§F§E§2§C§5§lr§x§7§5§D§F§B§6§la§x§8§C§D§D§A§7§lt§x§A§2§D§A§9§8§le §x§C§F§D§5§7§A§lK§x§E§6§D§3§6§B§le§x§F§C§D§0§5§C§ly form buy
[09:03:33] > Trapers1 added x10 §x§F§C§D§0§5§C§lB§x§E§6§D§3§6§B§la§x§C§F§D§5§7§A§ls§x§B§9§D§8§8§9§li§x§A§2§D§A§9§8§lc §x§7§5§D§F§B§6§lC§x§5§F§E§2§C§5§lr§x§7§5§D§F§B§6§la§x§8§C§D§D§A§7§lt§x§A§2§D§A§9§8§le §x§C§F§D§5§7§A§lK§x§E§6§D§3§6§B§le§x§F§C§D§0§5§C§ly in auction for 500000.
[09:03:45] > Trapers1 added x10 §x§F§C§D§0§5§C§lB§x§E§6§D§3§6§B§la§x§C§F§D§5§7§A§ls§x§B§9§D§8§8§9§li§x§A§2§D§A§9§8§lc §x§7§5§D§F§B§6§lC§x§5§F§E§2§C§5§lr§x§7§5§D§F§B§6§la§x§8§C§D§D§A§7§lt§x§A§2§D§A§9§8§le §x§C§F§D§5§7§A§lK§x§E§6§D§3§6§B§le§x§F§C§D§0§5§C§ly in auction for 500000.
[09:03:57] > Trapers1 added x10 §x§F§C§D§0§5§C§lB§x§E§6§D§3§6§B§la§x§C§F§D§5§7§A§ls§x§B§9§D§8§8§9§li§x§A§2§D§A§9§8§lc §x§7§5§D§F§B§6§lC§x§5§F§E§2§C§5§lr§x§7§5§D§F§B§6§la§x§8§C§D§D§A§7§lt§x§A§2§D§A§9§8§le §x§C§F§D§5§7§A§lK§x§E§6§D§3§6§B§le§x§F§C§D§0§5§C§ly in auction for 500000.
[09:04:11] > Trapers1 added x10 §x§F§C§D§0§5§C§lB§x§E§6§D§3§6§B§la§x§C§F§D§5§7§A§ls§x§B§9§D§8§8§9§li§x§A§2§D§A§9§8§lc §x§7§5§D§F§B§6§lC§x§5§F§E§2§C§5§lr§x§7§5§D§F§B§6§la§x§8§C§D§D§A§7§lt§x§A§2§D§A§9§8§le §x§C§F§D§5§7§A§lK§x§E§6§D§3§6§B§le§x§F§C§D§0§5§C§ly in auction for 500000.
[09:04:26] > Trapers1 added x4 §x§F§C§D§0§5§C§lB§x§E§6§D§3§6§B§la§x§C§F§D§5§7§A§ls§x§B§9§D§8§8§9§li§x§A§2§D§A§9§8§lc §x§7§5§D§F§B§6§lC§x§5§F§E§2§C§5§lr§x§7§5§D§F§B§6§la§x§8§C§D§D§A§7§lt§x§A§2§D§A§9§8§le §x§C§F§D§5§7§A§lK§x§E§6§D§3§6§B§le§x§F§C§D§0§5§C§ly in auction for 100000.
[09:04:27] > monggol added x1 §f§l§x§8§A§0§0§F§FS§x§9§C§0§0§D§5h§x§A§D§0§0§A§Ai§x§B§F§0§0§8§0n§x§D§0§0§0§5§5e§x§E§2§0§0§2§B §x§F§3§0§0§0§0O§x§E§2§0§0§2§An§x§D§0§0§0§5§5i§x§B§F§0§0§8§0 §x§A§D§0§0§A§AB§x§9§C§0§0§D§5o§x§8§A§0§0§F§Fw in auction for 1300000.
[09:04:31] > Fogstrap buy x1 §f§l§x§8§A§0§0§F§FS§x§9§C§0§0§D§5h§x§A§D§0§0§A§Ai§x§B§F§0§0§8§0n§x§D§0§0§0§5§5e§x§E§2§0§0§2§B §x§F§3§0§0§0§0O§x§E§2§0§0§2§An§x§D§0§0§0§5§5i§x§B§F§0§0§8§0 §x§A§D§0§0§A§AB§x§9§C§0§0§D§5o§x§8§A§0§0§F§Fw to monggol for $1,300,000.
[09:04:38] > Fogstrap remove x1 §f§l§x§8§A§0§0§F§FS§x§9§C§0§0§D§5h§x§A§D§0§0§A§Ai§x§B§F§0§0§8§0n§x§D§0§0§0§5§5e§x§E§2§0§0§2§B §x§F§3§0§0§0§0O§x§E§2§0§0§2§An§x§D§0§0§0§5§5i§x§B§F§0§0§8§0 §x§A§D§0§0§A§AB§x§9§C§0§0§D§5o§x§8§A§0§0§F§Fw from buy
[09:04:47] > Trapers1 remove x10 §x§F§C§D§0§5§C§lB§x§E§6§D§3§6§B§la§x§C§F§D§5§7§A§ls§x§B§9§D§8§8§9§li§x§A§2§D§A§9§8§lc §x§7§5§D§F§B§6§lC§x§5§F§E§2§C§5§lr§x§7§5§D§F§B§6§la§x§8§C§D§D§A§7§lt§x§A§2§D§A§9§8§le §x§C§F§D§5§7§A§lK§x§E§6§D§3§6§B§le§x§F§C§D§0§5§C§ly form storage
[09:04:47] > Trapers1 remove x10 §x§F§C§D§0§5§C§lB§x§E§6§D§3§6§B§la§x§C§F§D§5§7§A§ls§x§B§9§D§8§8§9§li§x§A§2§D§A§9§8§lc §x§7§5§D§F§B§6§lC§x§5§F§E§2§C§5§lr§x§7§5§D§F§B§6§la§x§8§C§D§D§A§7§lt§x§A§2§D§A§9§8§le §x§C§F§D§5§7§A§lK§x§E§6§D§3§6§B§le§x§F§C§D§0§5§C§ly form storage
[09:04:47] > Trapers1 remove x64 Amethyst shard form storage
[09:04:47] > Trapers1 remove x10 §x§F§C§D§0§5§C§lB§x§E§6§D§3§6§B§la§x§C§F§D§5§7§A§ls§x§B§9§D§8§8§9§li§x§A§2§D§A§9§8§lc §x§7§5§D§F§B§6§lC§x§5§F§E§2§C§5§lr§x§7§5§D§F§B§6§la§x§8§C§D§D§A§7§lt§x§A§2§D§A§9§8§le §x§C§F§D§5§7§A§lK§x§E§6§D§3§6§B§le§x§F§C§D§0§5§C§ly form storage
[09:04:47] > Trapers1 remove x4 §x§F§C§D§0§5§C§lB§x§E§6§D§3§6§B§la§x§C§F§D§5§7§A§ls§x§B§9§D§8§8§9§li§x§A§2§D§A§9§8§lc §x§7§5§D§F§B§6§lC§x§5§F§E§2§C§5§lr§x§7§5§D§F§B§6§la§x§8§C§D§D§A§7§lt§x§A§2§D§A§9§8§le §x§C§F§D§5§7§A§lK§x§E§6§D§3§6§B§le§x§F§C§D§0§5§C§ly form storage
[09:04:47] > Trapers1 remove x10 §x§F§C§D§0§5§C§lB§x§E§6§D§3§6§B§la§x§C§F§D§5§7§A§ls§x§B§9§D§8§8§9§li§x§A§2§D§A§9§8§lc §x§7§5§D§F§B§6§lC§x§5§F§E§2§C§5§lr§x§7§5§D§F§B§6§la§x§8§C§D§D§A§7§lt§x§A§2§D§A§9§8§le §x§C§F§D§5§7§A§lK§x§E§6§D§3§6§B§le§x§F§C§D§0§5§C§ly form storage
[09:04:47] > Trapers1 remove x1 §f§l§8B§x§6§0§6§0§6§0a§x§6§C§6§C§6§Ch§x§7§7§7§7§7§7a§x§8§2§8§2§8§2m§x§8§E§8§E§8§Eu§x§9§9§9§9§9§9t§x§A§4§A§4§A§4 L§x§9§9§9§9§9§9e§x§8§E§8§E§8§Eg§x§8§2§8§2§8§2g§x§7§7§7§7§7§7i§x§6§C§6§C§6§Cn§x§6§0§6§0§6§0g§8s form storage
[09:04:53] > monggol buy x5 §bEntropy Crystal §8(§310,000§8) to mauserdart for $500,000.
[09:04:56] > monggol remove x5 §bEntropy Crystal §8(§310,000§8) from buy
[09:05:20] > Trapers1 added x15 §x§F§C§D§0§5§C§lB§x§E§6§D§3§6§B§la§x§C§F§D§5§7§A§ls§x§B§9§D§8§8§9§li§x§A§2§D§A§9§8§lc §x§7§5§D§F§B§6§lC§x§5§F§E§2§C§5§lr§x§7§5§D§F§B§6§la§x§8§C§D§D§A§7§lt§x§A§2§D§A§9§8§le §x§C§F§D§5§7§A§lK§x§E§6§D§3§6§B§le§x§F§C§D§0§5§C§ly in auction for 600000.
[09:05:32] > Trapers1 added x15 §x§F§C§D§0§5§C§lB§x§E§6§D§3§6§B§la§x§C§F§D§5§7§A§ls§x§B§9§D§8§8§9§li§x§A§2§D§A§9§8§lc §x§7§5§D§F§B§6§lC§x§5§F§E§2§C§5§lr§x§7§5§D§F§B§6§la§x§8§C§D§D§A§7§lt§x§A§2§D§A§9§8§le §x§C§F§D§5§7§A§lK§x§E§6§D§3§6§B§le§x§F§C§D§0§5§C§ly in auction for 600000.
[09:05:48] > Trapers1 added x15 §x§F§C§D§0§5§C§lB§x§E§6§D§3§6§B§la§x§C§F§D§5§7§A§ls§x§B§9§D§8§8§9§li§x§A§2§D§A§9§8§lc §x§7§5§D§F§B§6§lC§x§5§F§E§2§C§5§lr§x§7§5§D§F§B§6§la§x§8§C§D§D§A§7§lt§x§A§2§D§A§9§8§le §x§C§F§D§5§7§A§lK§x§E§6§D§3§6§B§le§x§F§C§D§0§5§C§ly in auction for 600000.
[09:06:03] > monggol added x15 §x§F§C§D§0§5§C§lB§x§E§6§D§3§6§B§la§x§C§F§D§5§7§A§ls§x§B§9§D§8§8§9§li§x§A§2§D§A§9§8§lc §x§7§5§D§F§B§6§lC§x§5§F§E§2§C§5§lr§x§7§5§D§F§B§6§la§x§8§C§D§D§A§7§lt§x§A§2§D§A§9§8§le §x§C§F§D§5§7§A§lK§x§E§6§D§3§6§B§le§x§F§C§D§0§5§C§ly in auction for 500000.
[09:06:15] > monggol added x15 §x§F§C§9§0§5§C§lE§x§E§6§9§C§6§B§lp§x§C§F§A§7§7§A§li§x§B§9§B§3§8§9§lc §x§8§C§C§B§A§7§lC§x§7§5§D§6§B§6§lr§x§5§F§E§2§C§5§la§x§7§9§D§4§B§4§lt§x§9§3§C§7§A§2§le §x§C§8§A§B§7§F§lK§x§E§2§9§E§6§E§le§x§F§C§9§0§5§C§ly in auction for 500000.
[09:06:22] > Trapers1 buy x15 §x§F§C§9§0§5§C§lE§x§E§6§9§C§6§B§lp§x§C§F§A§7§7§A§li§x§B§9§B§3§8§9§lc §x§8§C§C§B§A§7§lC§x§7§5§D§6§B§6§lr§x§5§F§E§2§C§5§la§x§7§9§D§4§B§4§lt§x§9§3§C§7§A§2§le §x§C§8§A§B§7§F§lK§x§E§2§9§E§6§E§le§x§F§C§9§0§5§C§ly to monggol for $500,000.
[09:06:35] > Fogstrap remove x1 §x§F§F§5§5§0§0§lsᴇʟʟᴡᴀɴᴅ §6- 20.0x from storage
[09:06:35] > Trapers1 remove x15 §x§F§C§9§0§5§C§lE§x§E§6§9§C§6§B§lp§x§C§F§A§7§7§A§li§x§B§9§B§3§8§9§lc §x§8§C§C§B§A§7§lC§x§7§5§D§6§B§6§lr§x§5§F§E§2§C§5§la§x§7§9§D§4§B§4§lt§x§9§3§C§7§A§2§le §x§C§8§A§B§7§F§lK§x§E§2§9§E§6§E§le§x§F§C§9§0§5§C§ly form buy
[09:06:37] > monggol added x15 §x§F§C§D§0§5§C§lB§x§E§6§D§3§6§B§la§x§C§F§D§5§7§A§ls§x§B§9§D§8§8§9§li§x§A§2§D§A§9§8§lc §x§7§5§D§F§B§6§lC§x§5§F§E§2§C§5§lr§x§7§5§D§F§B§6§la§x§8§C§D§D§A§7§lt§x§A§2§D§A§9§8§le §x§C§F§D§5§7§A§lK§x§E§6§D§3§6§B§le§x§F§C§D§0§5§C§ly in auction for 500000.
[09:06:51] > Fogstrap added x1 §x§F§F§5§5§0§0§lsᴇʟʟᴡᴀɴᴅ §6- 20.0x in auction for 3000000.
[09:07:03] > monggol buy x5 §bEntropy Crystal §8(§310,000§8) to mauserdart for $500,000.
[09:07:08] > monggol remove x5 §bEntropy Crystal §8(§310,000§8) from buy
[09:07:13] > Fogstrap remove x4 Netherite ingot from storage
[09:07:13] > Fogstrap remove x4 Netherite ingot from storage
[09:07:14] > Fogstrap remove x4 Netherite ingot from storage
[09:07:23] > Trapers1 remove x15 §x§F§C§D§0§5§C§lB§x§E§6§D§3§6§B§la§x§C§F§D§5§7§A§ls§x§B§9§D§8§8§9§li§x§A§2§D§A§9§8§lc §x§7§5§D§F§B§6§lC§x§5§F§E§2§C§5§lr§x§7§5§D§F§B§6§la§x§8§C§D§D§A§7§lt§x§A§2§D§A§9§8§le §x§C§F§D§5§7§A§lK§x§E§6§D§3§6§B§le§x§F§C§D§0§5§C§ly form storage
[09:07:23] > Trapers1 remove x15 §x§F§C§D§0§5§C§lB§x§E§6§D§3§6§B§la§x§C§F§D§5§7§A§ls§x§B§9§D§8§8§9§li§x§A§2§D§A§9§8§lc §x§7§5§D§F§B§6§lC§x§5§F§E§2§C§5§lr§x§7§5§D§F§B§6§la§x§8§C§D§D§A§7§lt§x§A§2§D§A§9§8§le §x§C§F§D§5§7§A§lK§x§E§6§D§3§6§B§le§x§F§C§D§0§5§C§ly form storage
[09:07:23] > Trapers1 remove x15 §x§F§C§D§0§5§C§lB§x§E§6§D§3§6§B§la§x§C§F§D§5§7§A§ls§x§B§9§D§8§8§9§li§x§A§2§D§A§9§8§lc §x§7§5§D§F§B§6§lC§x§5§F§E§2§C§5§lr§x§7§5§D§F§B§6§la§x§8§C§D§D§A§7§lt§x§A§2§D§A§9§8§le §x§C§F§D§5§7§A§lK§x§E§6§D§3§6§B§le§x§F§C§D§0§5§C§ly form storage
[09:07:30] > Fogstrap added x4 Netherite ingot in auction for 390000.
[09:07:45] > Fogstrap added x4 Netherite ingot in auction for 390000.
[09:07:55] > Trapers1 added x15 §x§F§C§D§0§5§C§lB§x§E§6§D§3§6§B§la§x§C§F§D§5§7§A§ls§x§B§9§D§8§8§9§li§x§A§2§D§A§9§8§lc §x§7§5§D§F§B§6§lC§x§5§F§E§2§C§5§lr§x§7§5§D§F§B§6§la§x§8§C§D§D§A§7§lt§x§A§2§D§A§9§8§le §x§C§F§D§5§7§A§lK§x§E§6§D§3§6§B§le§x§F§C§D§0§5§C§ly in auction for 400000.
[09:08:05] > Fogstrap added x4 Netherite ingot in auction for 390000.
[09:08:09] > Trapers1 added x15 §x§F§C§D§0§5§C§lB§x§E§6§D§3§6§B§la§x§C§F§D§5§7§A§ls§x§B§9§D§8§8§9§li§x§A§2§D§A§9§8§lc §x§7§5§D§F§B§6§lC§x§5§F§E§2§C§5§lr§x§7§5§D§F§B§6§la§x§8§C§D§D§A§7§lt§x§A§2§D§A§9§8§le §x§C§F§D§5§7§A§lK§x§E§6§D§3§6§B§le§x§F§C§D§0§5§C§ly in auction for 400000.
[09:08:23] > Trapers1 added x15 §x§F§C§D§0§5§C§lB§x§E§6§D§3§6§B§la§x§C§F§D§5§7§A§ls§x§B§9§D§8§8§9§li§x§A§2§D§A§9§8§lc §x§7§5§D§F§B§6§lC§x§5§F§E§2§C§5§lr§x§7§5§D§F§B§6§la§x§8§C§D§D§A§7§lt§x§A§2§D§A§9§8§le §x§C§F§D§5§7§A§lK§x§E§6§D§3§6§B§le§x§F§C§D§0§5§C§ly in auction for 400000.
[09:08:29] > auvicious added x1 §x§E§5§1§B§1§B§lDracula Chestplate in auction for 500000.
[09:19:17] > Trapers1 remove x15 §x§F§C§D§0§5§C§lB§x§E§6§D§3§6§B§la§x§C§F§D§5§7§A§ls§x§B§9§D§8§8§9§li§x§A§2§D§A§9§8§lc §x§7§5§D§F§B§6§lC§x§5§F§E§2§C§5§lr§x§7§5§D§F§B§6§la§x§8§C§D§D§A§7§lt§x§A§2§D§A§9§8§le §x§C§F§D§5§7§A§lK§x§E§6§D§3§6§B§le§x§F§C§D§0§5§C§ly form storage
[09:19:17] > Trapers1 remove x15 §x§F§C§D§0§5§C§lB§x§E§6§D§3§6§B§la§x§C§F§D§5§7§A§ls§x§B§9§D§8§8§9§li§x§A§2§D§A§9§8§lc §x§7§5§D§F§B§6§lC§x§5§F§E§2§C§5§lr§x§7§5§D§F§B§6§la§x§8§C§D§D§A§7§lt§x§A§2§D§A§9§8§le §x§C§F§D§5§7§A§lK§x§E§6§D§3§6§B§le§x§F§C§D§0§5§C§ly form storage
[09:19:17] > Trapers1 remove x15 §x§F§C§D§0§5§C§lB§x§E§6§D§3§6§B§la§x§C§F§D§5§7§A§ls§x§B§9§D§8§8§9§li§x§A§2§D§A§9§8§lc §x§7§5§D§F§B§6§lC§x§5§F§E§2§C§5§lr§x§7§5§D§F§B§6§la§x§8§C§D§D§A§7§lt§x§A§2§D§A§9§8§le §x§C§F§D§5§7§A§lK§x§E§6§D§3§6§B§le§x§F§C§D§0§5§C§ly form storage
[09:19:41] > Trapers1 added x45 §x§F§C§D§0§5§C§lB§x§E§6§D§3§6§B§la§x§C§F§D§5§7§A§ls§x§B§9§D§8§8§9§li§x§A§2§D§A§9§8§lc §x§7§5§D§F§B§6§lC§x§5§F§E§2§C§5§lr§x§7§5§D§F§B§6§la§x§8§C§D§D§A§7§lt§x§A§2§D§A§9§8§le §x§C§F§D§5§7§A§lK§x§E§6§D§3§6§B§le§x§F§C§D§0§5§C§ly in auction for 1100000.
[09:20:55] > Trapers1 remove x45 §x§F§C§D§0§5§C§lB§x§E§6§D§3§6§B§la§x§C§F§D§5§7§A§ls§x§B§9§D§8§8§9§li§x§A§2§D§A§9§8§lc §x§7§5§D§F§B§6§lC§x§5§F§E§2§C§5§lr§x§7§5§D§F§B§6§la§x§8§C§D§D§A§7§lt§x§A§2§D§A§9§8§le §x§C§F§D§5§7§A§lK§x§E§6§D§3§6§B§le§x§F§C§D§0§5§C§ly form storage
[09:21:11] > Trapers1 added x3 §x§E§5§1§B§1§B§lDracula Key in auction for 1100000.
[09:21:43] > Trapers1 remove x3 §x§E§5§1§B§1§B§lDracula Key form storage
[09:22:52] > Trapers1 added x1 §x§E§5§1§B§1§B§lDracula Bow in auction for 500000.
[09:23:08] > Trapers1 added x1 §x§E§5§1§B§1§B§lDracula Shovel in auction for 200000.
[09:23:24] > Trapers1 added x1 §x§E§5§1§B§1§B§lDracula Pickaxe in auction for 400000.
[09:26:22] > Trapers1 remove x1 §x§E§5§1§B§1§B§lDracula Shovel form storage
[09:26:22] > Trapers1 remove x1 §x§E§5§1§B§1§B§lDracula Bow form storage
[09:26:22] > Trapers1 remove x1 §x§E§5§1§B§1§B§lDracula Pickaxe form storage
[09:26:33] > Trapers1 added x1 §x§E§5§1§B§1§B§lDracula Shovel in auction for 10.
[09:26:40] > Malachkite buy x1 §x§E§5§1§B§1§B§lDracula Shovel to Trapers1 for $10.
[09:26:58] > Trapers1 added x1 §x§E§5§1§B§1§B§lDracula Bow in auction for 200000.
[09:27:04] > Malachkite remove x1 §x§E§5§1§B§1§B§lDracula Shovel from buy
[09:27:09] > Trapers1 added x1 §x§E§5§1§B§1§B§lDracula Pickaxe in auction for 250000.
[09:30:53] > Trapers1 added x1 Trident in auction for 1000000.
[09:31:31] > Trapers1 added x1 §f§l§8B§x§6§4§6§4§6§4a§x§7§4§7§4§7§4h§x§8§3§8§3§8§3a§x§9§3§9§3§9§3m§x§A§2§A§2§A§2ut§x§9§3§9§3§9§3 §x§8§3§8§3§8§3C§x§7§4§7§4§7§4l§x§6§4§6§4§6§4u§8b in auction for 750000.
[09:36:38] > mauserdart added x1 §x§F§F§5§5§0§0§lsᴇʟʟᴡᴀɴᴅ §6- 5.0x in auction for 480000.
[09:37:52] > Trapers1 added x1 §x§F§F§5§5§0§0§lsᴇʟʟᴡᴀɴᴅ §6- 5.0x in auction for 400000.
[09:39:26] > qu4sar added x1 §x§F§F§5§5§0§0§lsᴇʟʟᴡᴀɴᴅ §6- 5.0x in auction for 450000.
[09:40:07] > Fogstrap added x1 §x§F§F§5§5§0§0§lsᴇʟʟᴡᴀɴᴅ §6- 20.0x in auction for 3000000.
[09:40:23] > Trapers1 remove x1 §x§E§5§1§B§1§B§lDracula Pickaxe form storage
[09:40:23] > Trapers1 remove x1 Trident form storage
[09:40:23] > Trapers1 remove x1 §x§E§5§1§B§1§B§lDracula Bow form storage
[09:40:23] > Trapers1 remove x1 §x§F§F§5§5§0§0§lsᴇʟʟᴡᴀɴᴅ §6- 5.0x form storage
[09:40:23] > Trapers1 remove x1 §f§l§8B§x§6§4§6§4§6§4a§x§7§4§7§4§7§4h§x§8§3§8§3§8§3a§x§9§3§9§3§9§3m§x§A§2§A§2§A§2ut§x§9§3§9§3§9§3 §x§8§3§8§3§8§3C§x§7§4§7§4§7§4l§x§6§4§6§4§6§4u§8b form storage
[09:40:37] > Trapers1 added x1 §x§F§F§5§5§0§0§lsᴇʟʟᴡᴀɴᴅ §6- 5.0x in auction for 380000.
[09:40:43] > king_ARK remove x1 §x§F§F§5§5§0§0§lsᴇʟʟᴡᴀɴᴅ §6- 20.0x from buy
[09:40:52] > king_ARK buy x1 §x§F§F§5§5§0§0§lsᴇʟʟᴡᴀɴᴅ §6- 20.0x to Fogstrap for $3,000,000.
[09:41:02] > Wumpan added x1 §x§F§F§5§5§0§0§lsᴇʟʟᴡᴀɴᴅ §6- 5.0x in auction for 450000.
[09:41:16] > Wumpan added x1 §x§F§F§5§5§0§0§lsᴇʟʟᴡᴀɴᴅ §6- 5.0x in auction for 450000.
[09:41:37] > Wumpan added x1 §x§F§F§5§5§0§0§lsᴇʟʟᴡᴀɴᴅ §6- 5.0x in auction for 450000.
[09:42:19] > Fogstrap remove x1 §x§F§F§5§5§0§0§lsᴇʟʟᴡᴀɴᴅ §6- 20.0x from storage
[09:42:23] > Dentatsu added x1 §x§F§F§5§5§0§0§lsᴇʟʟᴡᴀɴᴅ §6- 5.0x in auction for 300000.
[09:42:26] > Trapers1 buy x1 §x§F§F§5§5§0§0§lsᴇʟʟᴡᴀɴᴅ §6- 5.0x to Dentatsu for $300,000.
[09:42:34] > Trapers1 remove x1 §x§F§F§5§5§0§0§lsᴇʟʟᴡᴀɴᴅ §6- 5.0x form buy
[09:42:40] > Trapers1 added x1 §x§F§F§5§5§0§0§lsᴇʟʟᴡᴀɴᴅ §6- 5.0x in auction for 380000.
[09:42:57] > Fogstrap added x1 §x§F§F§5§5§0§0§lsᴇʟʟᴡᴀɴᴅ §6- 20.0x in auction for 3000000.
[09:42:58] > auvicious remove x1 §x§F§F§5§5§0§0§lsᴇʟʟᴡᴀɴᴅ §6- 5.0x from storage
[09:42:58] > auvicious remove x1 §x§F§F§5§5§0§0§lsᴇʟʟᴡᴀɴᴅ §6- 5.0x from storage
[09:43:30] > auvicious added x1 §x§F§F§5§5§0§0§lsᴇʟʟᴡᴀɴᴅ §6- 5.0x in auction for 450000.
[09:43:46] > auvicious added x1 §x§F§F§5§5§0§0§lsᴇʟʟᴡᴀɴᴅ §6- 5.0x in auction for 450000.
[09:47:56] > Trapers1 remove x1 §x§F§F§5§5§0§0§lsᴇʟʟᴡᴀɴᴅ §6- 5.0x form storage
[09:47:56] > Trapers1 remove x1 §x§F§F§5§5§0§0§lsᴇʟʟᴡᴀɴᴅ §6- 5.0x form storage
[09:48:09] > Trapers1 added x1 §x§F§F§5§5§0§0§lsᴇʟʟᴡᴀɴᴅ §6- 5.0x in auction for 320000.
[09:48:34] > Trapers1 added x1 §x§F§F§5§5§0§0§lsᴇʟʟᴡᴀɴᴅ §6- 5.0x in auction for 300000.
[09:48:40] > Celeste01 buy x1 §x§F§F§5§5§0§0§lsᴇʟʟᴡᴀɴᴅ §6- 5.0x to Trapers1 for $300,000.
[09:48:44] > HwanYo buy x1 §x§F§F§5§5§0§0§lsᴇʟʟᴡᴀɴᴅ §6- 20.0x to Fogstrap for $3,000,000.
[09:48:48] > Trapers1 remove x1 §x§F§F§5§5§0§0§lsᴇʟʟᴡᴀɴᴅ §6- 5.0x form storage
[09:48:54] > Celeste01 remove x1 §x§F§F§5§5§0§0§lsᴇʟʟᴡᴀɴᴅ §6- 5.0x from buy
[09:48:54] > Trapers1 added x1 §x§F§F§5§5§0§0§lsᴇʟʟᴡᴀɴᴅ §6- 5.0x in auction for 300000.
[09:49:22] > Trapers1 remove x1 §x§F§F§5§5§0§0§lsᴇʟʟᴡᴀɴᴅ §6- 5.0x form storage
[09:49:41] > Trapers1 added x1 §x§F§F§5§5§0§0§lsᴇʟʟᴡᴀɴᴅ §6- 5.0x in auction for 100000.
[09:49:51] > Dentatsu buy x1 §x§F§F§5§5§0§0§lsᴇʟʟᴡᴀɴᴅ §6- 5.0x to Trapers1 for $100,000.
[09:50:08] > Dentatsu remove x1 §x§F§F§5§5§0§0§lsᴇʟʟᴡᴀɴᴅ §6- 5.0x from buy
[09:50:24] > Dentatsu added x1 §x§F§F§5§5§0§0§lsᴇʟʟᴡᴀɴᴅ §6- 5.0x in auction for 300000.
[09:53:04] > Trapers1 added x1 §f§l§8B§x§6§4§6§4§6§4a§x§7§4§7§4§7§4h§x§8§3§8§3§8§3a§x§9§3§9§3§9§3m§x§A§2§A§2§A§2ut§x§9§3§9§3§9§3 §x§8§3§8§3§8§3C§x§7§4§7§4§7§4l§x§6§4§6§4§6§4u§8b in auction for 500000.
[09:53:19] > Trapers1 added x1 §f§l§8B§x§6§4§6§4§6§4a§x§7§4§7§4§7§4h§x§8§3§8§3§8§3a§x§9§3§9§3§9§3m§x§A§2§A§2§A§2ut§x§9§3§9§3§9§3 §x§8§3§8§3§8§3C§x§7§4§7§4§7§4l§x§6§4§6§4§6§4u§8b in auction for 500000.
[09:53:34] > Trapers1 added x1 §f§l§8B§x§6§0§6§0§6§0a§x§6§C§6§C§6§Ch§x§7§7§7§7§7§7a§x§8§2§8§2§8§2m§x§8§E§8§E§8§Eu§x§9§9§9§9§9§9t§x§A§4§A§4§A§4 L§x§9§9§9§9§9§9e§x§8§E§8§E§8§Eg§x§8§2§8§2§8§2g§x§7§7§7§7§7§7i§x§6§C§6§C§6§Cn§x§6§0§6§0§6§0g§8s in auction for 500000.
[09:54:15] > mauserdart added x64 Iron block in auction for 67.
[09:54:22] > Trapers1 buy x64 Iron block to mauserdart for $67.
[09:54:34] > Trapers1 remove x64 Iron block form buy
[09:55:42] > Trapers1 added x64 Iron block in auction for 67000.
[09:56:15] > Hunter_Sung added x1 Netherite boots in auction for 500000.
[09:58:13] > auvicious remove x1 The Trim Tinker (Discounted Complete Package) from storage
[09:58:26] > auvicious added x1 §f§l§x§8§A§0§0§F§FS§x§9§6§0§0§E§3h§x§A§1§0§0§C§6i§x§A§D§0§0§A§An§x§B§9§0§0§8§Ee§x§C§4§0§0§7§1 §x§D§0§0§0§5§5O§x§D§C§0§0§3§9n§x§E§7§0§0§1§Ci§x§F§3§0§0§0§0 §x§E§7§0§0§1§CB§x§D§C§0§0§3§9i§x§D§0§0§0§5§5g§x§C§4§0§0§7§1 §x§B§9§0§0§8§ES§x§A§D§0§0§A§Aw§x§A§1§0§0§C§6o§x§9§6§0§0§E§3r§x§8§A§0§0§F§Fd in auction for 2250000.
[10:05:13] > SenjuKawaragi remove x1 §x§F§F§5§5§0§0§lsᴇʟʟᴡᴀɴᴅ §6- 5.0x from storage
[10:05:15] > SenjuKawaragi remove x1 §x§F§F§5§5§0§0§lsᴇʟʟᴡᴀɴᴅ §6- 5.0x from storage
[10:05:39] > HwanYo added x64 Experience bottle in auction for 80000.
[10:05:55] > HwanYo added x64 Experience bottle in auction for 80000.
[10:12:26] > micailatot added x1 §x§F§F§5§5§0§0§lsᴇʟʟᴡᴀɴᴅ §6- 5.0x in auction for 450000.
[10:14:00] > micailatot added x1 §f§l§8B§x§6§6§6§6§6§6a§x§7§7§7§7§7§7h§x§8§8§8§8§8§8a§x§9§9§9§9§9§9m§7u§x§9§9§9§9§9§9t§x§8§8§8§8§8§8 §x§7§7§7§7§7§7H§x§6§6§6§6§6§6o§8e in auction for 1300000.
[10:18:01] > Wumpan remove x1 §x§F§F§5§5§0§0§lsᴇʟʟᴡᴀɴᴅ §6- 5.0x form storage
[10:18:01] > Wumpan remove x1 §x§F§F§5§5§0§0§lsᴇʟʟᴡᴀɴᴅ §6- 5.0x form storage
[10:18:01] > Wumpan remove x1 §x§F§F§5§5§0§0§lsᴇʟʟᴡᴀɴᴅ §6- 5.0x form storage
[10:18:27] > Wumpan added x1 §x§F§F§5§5§0§0§lsᴇʟʟᴡᴀɴᴅ §6- 5.0x in auction for 350000.
[10:18:43] > Wumpan added x1 §x§F§F§5§5§0§0§lsᴇʟʟᴡᴀɴᴅ §6- 5.0x in auction for 350000.
[10:19:02] > Wumpan added x1 §x§F§F§5§5§0§0§lsᴇʟʟᴡᴀɴᴅ §6- 5.0x in auction for 350000.
[10:26:37] > king_ARK remove x1 §x§F§F§5§5§0§0§lsᴇʟʟᴡᴀɴᴅ §6- 5.0x from buy
[10:26:37] > king_ARK remove x1 §x§F§F§5§5§0§0§lsᴇʟʟᴡᴀɴᴅ §6- 20.0x from buy
[10:26:37] > king_ARK remove x1 §x§F§F§5§5§0§0§lsᴇʟʟᴡᴀɴᴅ §6- 10.0x from buy
[10:46:14] > .AppriXD buy x5 §bEntropy Crystal §8(§310,000§8) to mauserdart for $500,000.
[10:46:18] > .AppriXD buy x5 §bEntropy Crystal §8(§310,000§8) to mauserdart for $500,000.
[10:46:24] > .AppriXD remove x1 §e§lCrab Scale from buy
[10:46:24] > .AppriXD remove x5 §bEntropy Crystal §8(§310,000§8) from buy
[10:46:25] > .AppriXD remove x5 §bEntropy Crystal §8(§310,000§8) from buy
[10:57:59] > xcapan added x5 §x§F§C§D§0§5§C§lB§x§E§6§D§3§6§B§la§x§C§F§D§5§7§A§ls§x§B§9§D§8§8§9§li§x§A§2§D§A§9§8§lc §x§7§5§D§F§B§6§lC§x§5§F§E§2§C§5§lr§x§7§5§D§F§B§6§la§x§8§C§D§D§A§7§lt§x§A§2§D§A§9§8§le §x§C§F§D§5§7§A§lK§x§E§6§D§3§6§B§le§x§F§C§D§0§5§C§ly in auction for 200000.
[10:58:19] > xcapan added x5 §x§F§C§9§0§5§C§lE§x§E§6§9§C§6§B§lp§x§C§F§A§7§7§A§li§x§B§9§B§3§8§9§lc §x§8§C§C§B§A§7§lC§x§7§5§D§6§B§6§lr§x§5§F§E§2§C§5§la§x§7§9§D§4§B§4§lt§x§9§3§C§7§A§2§le §x§C§8§A§B§7§F§lK§x§E§2§9§E§6§E§le§x§F§C§9§0§5§C§ly in auction for 250000.
[11:07:17] > NoClarity remove x1 Mace from storage
[11:07:31] > NoClarity added x1 Mace in auction for 150000.
[11:07:40] > Nxwaf buy x1 Mace to NoClarity for $150,000.
[11:07:47] > koshie added x1 §f§l§x§8§A§0§0§F§FS§x§9§9§0§0§D§Bh§x§A§8§0§0§B§6i§x§B§7§0§0§9§2n§x§C§6§0§0§6§De§x§D§5§0§0§4§9 §x§E§4§0§0§2§4O§x§F§3§0§0§0§0n§x§E§4§0§0§2§4i§x§D§5§0§0§4§9 §x§C§6§0§0§6§DS§x§B§7§0§0§9§2t§x§A§8§0§0§B§6a§x§9§9§0§0§D§Bf§x§8§A§0§0§F§Ff in auction for 2000000.
[11:08:58] > .AppriXD buy x4 Netherite ingot to Fogstrap for $390,000.
[11:09:02] > .AppriXD buy x4 Netherite ingot to Fogstrap for $390,000.
[11:09:04] > .AppriXD buy x4 Netherite ingot to Fogstrap for $390,000.
[11:09:07] > Nxwaf remove x1 Mace from buy
[11:09:16] > .AppriXD buy x1 Heavy core to Kaynn for $300,000.
[11:09:24] > Keenorana buy x1 §x§F§F§5§5§0§0§lsᴇʟʟᴡᴀɴᴅ §6- 5.0x to Dentatsu for $300,000.
[11:09:30] > .AppriXD remove x4 Netherite ingot from buy
[11:09:30] > .AppriXD remove x4 Netherite ingot from buy
[11:09:31] > .AppriXD remove x4 Netherite ingot from buy
[11:09:31] > .AppriXD remove x1 Heavy core from buy
[11:09:36] > Keenorana remove x1 §x§F§F§5§5§0§0§lsᴇʟʟᴡᴀɴᴅ §6- 5.0x from buy
[11:09:37] > Keenorana remove x1 §x§F§F§5§5§0§0§lsᴇʟʟᴡᴀɴᴅ §6- 5.0x from buy
[11:11:58] > Fogstrap added x6 Netherite ingot in auction for 700000.
[11:11:59] > xcapan buy x64 Experience bottle to HwanYo for $80,000.
[11:12:08] > xcapan remove x64 Experience bottle from buy
[11:12:15] > Fogstrap added x4 Netherite ingot in auction for 440000.
[11:12:30] > Fogstrap added x5 Netherite ingot in auction for 560000.
[11:12:42] > Fogstrap added x4 Netherite ingot in auction for 560000.
[11:12:53] > Fogstrap added x5 Netherite ingot in auction for 560000.
[11:13:04] > Fogstrap remove x4 Netherite ingot from storage
[11:13:08] > Fogstrap added x4 Netherite ingot in auction for 440000.
[11:13:39] > NastyPepperoni added x1 Enchanted book in auction for 1500.
[11:13:47] > Ch4r_380 buy x1 Enchanted book to NastyPepperoni for $1,500.
[11:14:06] > giyahnpogi added x1 §x§F§F§3§E§0§0§lDemon Lord Helmet in auction for 1000000.
[11:20:44] > NastyPepperoni added x1 Enchanted book in auction for 1500.
[11:20:51] > Ch4r_380 buy x1 Enchanted book to NastyPepperoni for $1,500.
[11:21:38] > NastyPepperoni added x1 Enchanted book in auction for 1500.
[11:21:52] > Typeshe buy x1 Enchanted book to NastyPepperoni for $1,500.
[11:21:58] > NastyPepperoni added x1 Enchanted book in auction for 1500.
[11:22:04] > Typeshe buy x1 Enchanted book to NastyPepperoni for $1,500.
[11:22:10] > NastyPepperoni added x1 Enchanted book in auction for 1500.
[11:22:16] > Trapers1 buy x1 Enchanted book to NastyPepperoni for $1,500.
[11:22:22] > NastyPepperoni added x1 Enchanted book in auction for 1500.
[11:22:32] > Trapers1 buy x1 Enchanted book to NastyPepperoni for $1,500.
[11:22:56] > Trapers1 remove x1 Enchanted book form buy
[11:22:56] > Trapers1 remove x1 Enchanted book form buy
[11:28:12] > 8it5inn added x1 §x§E§4§3§A§9§6§lW§x§E§7§5§3§A§3§lI§x§E§B§6§B§B§0§lN§x§E§E§8§4§B§D§lG§x§F§2§9§D§C§B§lS §x§F§8§C§E§E§5§lO§x§F§C§E§6§F§2§lF §x§F§C§E§6§F§2§lE§x§F§8§C§E§E§5§lT§x§F§5§B§5§D§8§lE§x§F§2§9§D§C§B§lR§x§E§E§8§4§B§D§lN§x§E§B§6§B§B§0§lI§x§E§7§5§3§A§3§lT§x§E§4§3§A§9§6§lY in auction for 10000000.
[11:29:59] > Trapers1 added x1 §fSkeleton Plushie §6(#79/101) in auction for 10000.
[11:30:05] > Nathantheslayer buy x1 §fSkeleton Plushie §6(#79/101) to Trapers1 for $10,000.
[11:36:19] > x1 §f§l§x§F§C§D§0§5§CW§x§F§B§A§D§4§Du§x§F§9§8§B§3§Dk§x§F§8§6§8§2§Eo§x§F§6§4§5§1§Fn§x§F§5§2§3§0§Fg§x§F§3§0§0§0§0 §x§F§5§2§3§0§FD§x§F§6§4§5§1§Fa§x§F§8§6§8§2§Eg§x§F§9§8§B§3§Dg§x§F§B§A§D§4§De§x§F§C§D§0§5§Cr on sale by Uratakiz has just expired, it goes in the inventory of expired items.
[11:36:19] > x1 §f§l§x§F§C§D§0§5§CW§x§F§B§B§0§4§Eu§x§F§9§9§0§4§0k§x§F§8§7§0§3§2o§x§F§6§5§0§2§3n§x§F§5§3§0§1§5g§x§F§4§1§0§0§7 H§x§F§5§3§0§1§5a§x§F§6§5§0§2§3l§x§F§8§7§0§3§2b§x§F§9§9§0§4§0e§x§F§B§B§0§4§Er§x§F§C§D§0§5§Cd on sale by Uratakiz has just expired, it goes in the inventory of expired items.
[11:36:46] > qu4sar remove x1 §x§F§F§5§5§0§0§lsᴇʟʟᴡᴀɴᴅ §6- 5.0x from storage
[11:37:17] > .VisedSauce5790 remove x2 §9§lCrab Claw from storage
[11:37:19] > .VisedSauce5790 remove x2 §e§lCrab Scale from storage
[11:37:20] > .VisedSauce5790 remove x1 Enchanted book from storage
[11:37:52] > .VisedSauce5790 added x2 §9§lCrab Claw in auction for 80000.
[11:37:59] > Fogstrap buy x2 §9§lCrab Claw to .VisedSauce5790 for $80,000.
[11:38:06] > .VisedSauce5790 added x2 §e§lCrab Scale in auction for 80000.
[11:38:28] > .AppriXD buy x2 §e§lCrab Scale to .VisedSauce5790 for $80,000.
[11:38:44] > .AppriXD remove x2 §e§lCrab Scale from buy
[11:52:51] > Zaiil added x1 Enchanted book in auction for 700000.
[11:53:03] > Zaiil added x1 Enchanted book in auction for 700000.
[11:53:10] > micailatot remove x1 §x§F§F§5§5§0§0§lsᴇʟʟᴡᴀɴᴅ §6- 5.0x from storage
[11:56:34] > monggol added x1 Netherite ingot in auction for 50000.
[11:56:55] > 8it5inn remove x1 §x§E§4§3§A§9§6§lW§x§E§7§5§3§A§3§lI§x§E§B§6§B§B§0§lN§x§E§E§8§4§B§D§lG§x§F§2§9§D§C§B§lS §x§F§8§C§E§E§5§lO§x§F§C§E§6§F§2§lF §x§F§C§E§6§F§2§lE§x§F§8§C§E§E§5§lT§x§F§5§B§5§D§8§lE§x§F§2§9§D§C§B§lR§x§E§E§8§4§B§D§lN§x§E§B§6§B§B§0§lI§x§E§7§5§3§A§3§lT§x§E§4§3§A§9§6§lY from storage