
[12:04:01] > giyahnpogi remove x1 REDSTONE IN ACEHARDWARE from expire
[12:04:02] > giyahnpogi remove x1 /pwarps warp AceHardware from expire
[12:04:03] > giyahnpogi remove x1 New Stock at AceHardware from expire
[12:06:08] > MrZyrus7228 added x1 §x§F§F§3§E§0§0§lD§x§F§F§3§6§0§0§le§x§F§F§2§F§0§0§lm§x§F§F§2§7§0§0§lo§x§F§F§1§F§0§0§ln §x§F§F§1§0§0§0§lL§x§F§F§0§8§0§0§lo§x§F§F§0§0§0§0§lr§x§F§F§0§8§0§0§ld §x§F§F§1§7§0§0§lH§x§F§F§1§F§0§0§le§x§F§F§2§7§0§0§ll§x§F§F§2§F§0§0§lm§x§F§F§3§6§0§0§le§x§F§F§3§E§0§0§lt in auction for 375000.
[12:06:18] > DanRaiv remove x1 §2Franck from storage
[12:06:36] > DanRaiv remove x1 Nether star from storage
[12:06:40] > DanRaiv added x1 Nether star in auction for 100000.
[12:06:53] > MrZyrus7228 buy x1 Nether star to DanRaiv for $100,000.
[12:06:58] > MrZyrus7228 remove x1 Nether star from buy
[12:10:01] > MrZyrus7228 added x1 freshly warm seaten boat in auction for 10.
[12:10:12] > DanRaiv buy x1 freshly warm seaten boat to MrZyrus7228 for $10.
[12:12:48] > HwanYo buy x1 §x§F§F§7§C§0§0§lSteamsparks Key to Zypher_0w0 for $200,000.
[12:13:08] > llhxnce added x1 §x§F§F§3§E§0§0§lD§x§F§F§3§7§0§0§le§x§F§F§3§0§0§0§lm§x§F§F§2§9§0§0§lo§x§F§F§2§2§0§0§ln §x§F§F§1§5§0§0§lL§x§F§F§0§E§0§0§lo§x§F§F§0§7§0§0§lr§x§F§F§0§0§0§0§ld §x§F§F§1§0§0§0§lP§x§F§F§1§7§0§0§li§x§F§F§1§F§0§0§lc§x§F§F§2§7§0§0§lk§x§F§F§2§F§0§0§la§x§F§F§3§6§0§0§lx§x§F§F§3§E§0§0§le in auction for 250000.
[12:23:57] > FRANZ_JOSEF0 remove x1 §x§F§F§3§E§0§0§lD§x§F§F§3§6§0§0§le§x§F§F§2§F§0§0§lm§x§F§F§2§7§0§0§lo§x§F§F§1§F§0§0§ln §x§F§F§1§0§0§0§lL§x§F§F§0§8§0§0§lo§x§F§F§0§0§0§0§lr§x§F§F§0§8§0§0§ld §x§F§F§1§7§0§0§lS§x§F§F§1§F§0§0§lh§x§F§F§2§7§0§0§li§x§F§F§2§F§0§0§le§x§F§F§3§6§0§0§ll§x§F§F§3§E§0§0§ld from storage
[12:24:03] > FRANZ_JOSEF0 added x1 §x§F§F§3§E§0§0§lD§x§F§F§3§6§0§0§le§x§F§F§2§F§0§0§lm§x§F§F§2§7§0§0§lo§x§F§F§1§F§0§0§ln §x§F§F§1§0§0§0§lL§x§F§F§0§8§0§0§lo§x§F§F§0§0§0§0§lr§x§F§F§0§8§0§0§ld §x§F§F§1§7§0§0§lS§x§F§F§1§F§0§0§lh§x§F§F§2§7§0§0§li§x§F§F§2§F§0§0§le§x§F§F§3§6§0§0§ll§x§F§F§3§E§0§0§ld in auction for 50000.
[12:24:08] > FRANZ_JOSEF0 remove x1 §x§F§F§3§E§0§0§lD§x§F§F§3§6§0§0§le§x§F§F§2§F§0§0§lm§x§F§F§2§7§0§0§lo§x§F§F§1§F§0§0§ln §x§F§F§1§0§0§0§lL§x§F§F§0§8§0§0§lo§x§F§F§0§0§0§0§lr§x§F§F§0§9§0§0§ld §x§F§F§1§B§0§0§lS§x§F§F§2§3§0§0§lp§x§F§F§2§C§0§0§le§x§F§F§3§5§0§0§la§x§F§F§3§E§0§0§lr from storage
[12:24:10] > tic_sz buy x1 §x§F§F§3§E§0§0§lD§x§F§F§3§6§0§0§le§x§F§F§2§F§0§0§lm§x§F§F§2§7§0§0§lo§x§F§F§1§F§0§0§ln §x§F§F§1§0§0§0§lL§x§F§F§0§8§0§0§lo§x§F§F§0§0§0§0§lr§x§F§F§0§8§0§0§ld §x§F§F§1§7§0§0§lS§x§F§F§1§F§0§0§lh§x§F§F§2§7§0§0§li§x§F§F§2§F§0§0§le§x§F§F§3§6§0§0§ll§x§F§F§3§E§0§0§ld to FRANZ_JOSEF0 for $50,000.
[12:24:16] > FRANZ_JOSEF0 added x1 §x§F§F§3§E§0§0§lD§x§F§F§3§6§0§0§le§x§F§F§2§F§0§0§lm§x§F§F§2§7§0§0§lo§x§F§F§1§F§0§0§ln §x§F§F§1§0§0§0§lL§x§F§F§0§8§0§0§lo§x§F§F§0§0§0§0§lr§x§F§F§0§9§0§0§ld §x§F§F§1§B§0§0§lS§x§F§F§2§3§0§0§lp§x§F§F§2§C§0§0§le§x§F§F§3§5§0§0§la§x§F§F§3§E§0§0§lr in auction for 100000.
[12:24:17] > tic_sz remove x1 §x§F§F§3§E§0§0§lD§x§F§F§3§6§0§0§le§x§F§F§2§F§0§0§lm§x§F§F§2§7§0§0§lo§x§F§F§1§F§0§0§ln §x§F§F§1§0§0§0§lL§x§F§F§0§8§0§0§lo§x§F§F§0§0§0§0§lr§x§F§F§0§8§0§0§ld §x§F§F§1§7§0§0§lS§x§F§F§1§F§0§0§lh§x§F§F§2§7§0§0§li§x§F§F§2§F§0§0§le§x§F§F§3§6§0§0§ll§x§F§F§3§E§0§0§ld from buy
[12:29:09] > FRANZ_JOSEF0 added x1 §fCat Plushie (Siamese) §6(#20/101) in auction for 100000.
[12:29:23] > FRANZ_JOSEF0 added x1 §fCat Plushie (Ragdoll) §6(#19/101) in auction for 100000.
[12:36:42] > refiring buy x1 Mending Box to Zypher_0w0 for $100,000.
[12:36:46] > FRANZ_JOSEF0 remove x2 Shulker shell from storage
[12:36:54] > FRANZ_JOSEF0 added x1 §x§F§F§3§E§0§0§lD§x§F§F§3§7§0§0§le§x§F§F§3§0§0§0§lm§x§F§F§2§9§0§0§lo§x§F§F§2§2§0§0§ln §x§F§F§1§5§0§0§lL§x§F§F§0§E§0§0§lo§x§F§F§0§7§0§0§lr§x§F§F§0§0§0§0§ld §x§F§F§0§E§0§0§lC§x§F§F§1§5§0§0§lr§x§F§F§1§C§0§0§lo§x§F§F§2§2§0§0§ls§x§F§F§2§9§0§0§ls§x§F§F§3§0§0§0§lb§x§F§F§3§7§0§0§lo§x§F§F§3§E§0§0§lw in auction for 300000.
[12:37:03] > refiring buy x1 §x§F§F§3§E§0§0§lD§x§F§F§3§7§0§0§le§x§F§F§3§0§0§0§lm§x§F§F§2§9§0§0§lo§x§F§F§2§2§0§0§ln §x§F§F§1§5§0§0§lL§x§F§F§0§E§0§0§lo§x§F§F§0§7§0§0§lr§x§F§F§0§0§0§0§ld §x§F§F§1§0§0§0§lP§x§F§F§1§7§0§0§li§x§F§F§1§F§0§0§lc§x§F§F§2§7§0§0§lk§x§F§F§2§F§0§0§la§x§F§F§3§6§0§0§lx§x§F§F§3§E§0§0§le to llhxnce for $250,000.
[12:37:07] > refiring buy x1 §x§F§F§3§E§0§0§lD§x§F§F§3§6§0§0§le§x§F§F§2§F§0§0§lm§x§F§F§2§7§0§0§lo§x§F§F§1§F§0§0§ln §x§F§F§1§0§0§0§lL§x§F§F§0§8§0§0§lo§x§F§F§0§0§0§0§lr§x§F§F§0§8§0§0§ld §x§F§F§1§7§0§0§lH§x§F§F§1§F§0§0§le§x§F§F§2§7§0§0§ll§x§F§F§2§F§0§0§lm§x§F§F§3§6§0§0§le§x§F§F§3§E§0§0§lt to MrZyrus7228 for $375,000.
[12:38:08] > refiring remove x1 Mending Box from buy
[12:38:09] > refiring remove x1 §x§F§F§3§E§0§0§lD§x§F§F§3§6§0§0§le§x§F§F§2§F§0§0§lm§x§F§F§2§7§0§0§lo§x§F§F§1§F§0§0§ln §x§F§F§1§0§0§0§lL§x§F§F§0§8§0§0§lo§x§F§F§0§0§0§0§lr§x§F§F§0§8§0§0§ld §x§F§F§1§7§0§0§lH§x§F§F§1§F§0§0§le§x§F§F§2§7§0§0§ll§x§F§F§2§F§0§0§lm§x§F§F§3§6§0§0§le§x§F§F§3§E§0§0§lt from buy
[12:38:10] > refiring remove x1 §x§F§F§3§E§0§0§lD§x§F§F§3§7§0§0§le§x§F§F§3§0§0§0§lm§x§F§F§2§9§0§0§lo§x§F§F§2§2§0§0§ln §x§F§F§1§5§0§0§lL§x§F§F§0§E§0§0§lo§x§F§F§0§7§0§0§lr§x§F§F§0§0§0§0§ld §x§F§F§1§0§0§0§lP§x§F§F§1§7§0§0§li§x§F§F§1§F§0§0§lc§x§F§F§2§7§0§0§lk§x§F§F§2§F§0§0§la§x§F§F§3§6§0§0§lx§x§F§F§3§E§0§0§le from buy
[12:39:04] > giyahnpogi added x1 §fCat Plushie (Tabby) §6(#21/101) in auction for 1000000.
[12:43:57] > mae added x1 More Gun Powdahh!!! in auction for 100000.
[12:44:09] > mae added x1 Gun Pawdahhh!!! in auction for 150000.
[12:50:38] > refiring buy x1 §x§F§F§7§C§0§0§lSteamsparks Chestplate to octopus_01 for $100,000.
[12:50:47] > refiring remove x1 §x§F§F§7§C§0§0§lSteamsparks Chestplate from buy
[13:01:32] > DanRaiv added x1 Nether star in auction for 100000.
[13:11:37] > cinterMC added x1 Wither skeleton skull in auction for 50000.
[13:15:36] > DanRaiv added x1 Dried ghast in auction for 30000.
[13:15:36] > x1 §x§E§E§0§0§0§0§lᴜɴʟɪᴍɪᴛᴇᴅ sᴇʟʟᴡᴀɴᴅ on sale by CoreyNabuko has just expired, it goes in the inventory of expired items.
[13:17:14] > DanRaiv remove x1 Dried ghast from storage
[13:40:25] > x1 §9§lCrab Claw, bought by celinesanrio, has just expired, the item is definitively deleted.
[13:40:25] > x2 §e§lCrab Scale, bought by celinesanrio, has just expired, the item is definitively deleted.
[13:49:54] > DanRaiv remove x1 §f§l§x§F§C§D§0§5§CW§x§F§B§B§0§4§Eu§x§F§9§9§0§4§0k§x§F§8§7§0§3§2o§x§F§6§5§0§2§3n§x§F§5§3§0§1§5g§x§F§4§1§0§0§7 H§x§F§5§3§0§1§5a§x§F§6§5§0§2§3l§x§F§8§7§0§3§2b§x§F§9§9§0§4§0e§x§F§B§B§0§4§Er§x§F§C§D§0§5§Cd from storage
[13:50:02] > DanRaiv added x1 §f§l§x§F§C§D§0§5§CW§x§F§B§B§0§4§Eu§x§F§9§9§0§4§0k§x§F§8§7§0§3§2o§x§F§6§5§0§2§3n§x§F§5§3§0§1§5g§x§F§4§1§0§0§7 H§x§F§5§3§0§1§5a§x§F§6§5§0§2§3l§x§F§8§7§0§3§2b§x§F§9§9§0§4§0e§x§F§B§B§0§4§Er§x§F§C§D§0§5§Cd in auction for 200000.
[13:51:26] > llhxnce added x8 Nether star in auction for 500000.
[14:07:23] > ELITEAtlas remove x1 §f§l§x§8§A§0§0§F§FS§x§9§6§0§0§E§3h§x§A§1§0§0§C§6i§x§A§D§0§0§A§An§x§B§9§0§0§8§Ee§x§C§4§0§0§7§1 §x§D§0§0§0§5§5O§x§D§C§0§0§3§9n§x§E§7§0§0§1§Ci§x§F§3§0§0§0§0 §x§E§7§0§0§1§CB§x§D§C§0§0§3§9i§x§D§0§0§0§5§5g§x§C§4§0§0§7§1 §x§B§9§0§0§8§ES§x§A§D§0§0§A§Aw§x§A§1§0§0§C§6o§x§9§6§0§0§E§3r§x§8§A§0§0§F§Fd from expire
[14:07:40] > ELITEAtlas added x1 §f§l§x§8§A§0§0§F§FS§x§9§6§0§0§E§3h§x§A§1§0§0§C§6i§x§A§D§0§0§A§An§x§B§9§0§0§8§Ee§x§C§4§0§0§7§1 §x§D§0§0§0§5§5O§x§D§C§0§0§3§9n§x§E§7§0§0§1§Ci§x§F§3§0§0§0§0 §x§E§7§0§0§1§CB§x§D§C§0§0§3§9i§x§D§0§0§0§5§5g§x§C§4§0§0§7§1 §x§B§9§0§0§8§ES§x§A§D§0§0§A§Aw§x§A§1§0§0§C§6o§x§9§6§0§0§E§3r§x§8§A§0§0§F§Fd in auction for 4000000.
[14:08:04] > giyahnpogi added x1 §f§l§x§8§A§0§0§F§FS§x§9§8§0§0§D§Dh§x§A§6§0§0§B§Bi§x§B§4§0§0§9§9n§x§C§2§0§0§7§7e§x§D§0§0§0§5§5 §x§D§E§0§0§3§3O§x§E§C§0§0§1§1ni§x§D§E§0§0§3§3 §x§D§0§0§0§5§5H§x§C§2§0§0§7§7e§x§B§4§0§0§9§9l§x§A§6§0§0§B§Bm§x§9§8§0§0§D§De§x§8§A§0§0§F§Ft in auction for 6000000.
[14:08:11] > WaltZier buy x64 Amethyst block to Rain_Reinn for $10,000.
[14:24:07] > Zypher_0w0 added x1 Flight 2 in auction for 100000.
[14:24:21] > Zypher_0w0 remove x1 Pun Gowder :> from storage
[14:24:24] > Zypher_0w0 remove x1 Pun Gowder from storage
[14:25:47] > FRANZ_JOSEF0 remove x1 §fCat Plushie (Ragdoll) §6(#19/101) from storage
[14:25:58] > FRANZ_JOSEF0 added x1 §f§l§x§F§A§0§0§0§AD§x§F§A§1§C§1§5a§x§F§B§3§7§2§0r§x§F§B§5§3§2§Bk§x§F§B§6§F§3§6f§x§F§B§8§B§4§1l§x§F§C§A§6§4§Ca§x§F§C§C§2§5§7me§x§F§C§A§6§4§C §x§F§B§8§B§4§1S§x§F§B§6§F§3§6h§x§F§B§5§3§2§Bi§x§F§B§3§7§2§0e§x§F§A§1§C§1§5l§x§F§A§0§0§0§Ad in auction for 100000.
[14:26:03] > tic_sz buy x1 §f§l§x§F§A§0§0§0§AD§x§F§A§1§C§1§5a§x§F§B§3§7§2§0r§x§F§B§5§3§2§Bk§x§F§B§6§F§3§6f§x§F§B§8§B§4§1l§x§F§C§A§6§4§Ca§x§F§C§C§2§5§7me§x§F§C§A§6§4§C §x§F§B§8§B§4§1S§x§F§B§6§F§3§6h§x§F§B§5§3§2§Bi§x§F§B§3§7§2§0e§x§F§A§1§C§1§5l§x§F§A§0§0§0§Ad to FRANZ_JOSEF0 for $100,000.
[14:26:12] > .Allxnzv remove x1 §f§l§x§F§C§D§0§5§CW§x§F§A§A§6§4§Au§x§F§8§7§D§3§7k§x§F§7§5§3§2§5o§x§F§5§2§A§1§2n§x§F§3§0§0§0§0g§x§F§5§2§A§1§2 §x§F§7§5§3§2§5C§x§F§8§7§D§3§7l§x§F§A§A§6§4§Au§x§F§C§D§0§5§Cb from storage
[14:27:32] > FRANZ_JOSEF0 added x1 §fCat Plushie (Ragdoll) §6(#19/101) in auction for 10000.
[14:27:37] > grit_zy buy x1 §fCat Plushie (Ragdoll) §6(#19/101) to FRANZ_JOSEF0 for $10,000.
[14:31:07] > Sngel25 added x1 §x§5§C§C§F§F§C§lC§x§5§C§D§1§F§5§lo§x§5§D§D§4§E§E§ls§x§5§D§D§6§E§7§lm§x§5§E§D§9§E§1§le§x§5§E§D§B§D§A§lt§x§5§E§D§D§D§3§li§x§5§F§E§0§C§C§lc §x§5§F§E§0§C§C§lH§x§5§E§D§D§D§3§la§x§5§E§D§B§D§A§lt§x§5§E§D§9§E§1§ls §x§5§D§D§4§E§E§lK§x§5§C§D§1§F§5§le§x§5§C§C§F§F§C§ly in auction for 67.
[14:31:17] > KEITHTHEPRO buy x1 §x§5§C§C§F§F§C§lC§x§5§C§D§1§F§5§lo§x§5§D§D§4§E§E§ls§x§5§D§D§6§E§7§lm§x§5§E§D§9§E§1§le§x§5§E§D§B§D§A§lt§x§5§E§D§D§D§3§li§x§5§F§E§0§C§C§lc §x§5§F§E§0§C§C§lH§x§5§E§D§D§D§3§la§x§5§E§D§B§D§A§lt§x§5§E§D§9§E§1§ls §x§5§D§D§4§E§E§lK§x§5§C§D§1§F§5§le§x§5§C§C§F§F§C§ly to Sngel25 for $67.
[14:31:27] > Zypher_0w0 remove x64 Shulker shell from buy
[14:31:51] > ELITEAtlas added x1 §esᴋᴇʟᴇᴛᴏɴ sᴘᴀᴡɴᴇʀ in auction for 500000.
[14:31:58] > kkyleeeeesa added x1 §x§5§C§C§F§F§C§lC§x§5§C§D§1§F§5§lo§x§5§D§D§4§E§E§ls§x§5§D§D§6§E§7§lm§x§5§E§D§9§E§1§le§x§5§E§D§B§D§A§lt§x§5§E§D§D§D§3§li§x§5§F§E§0§C§C§lc §x§5§F§E§0§C§C§lH§x§5§E§D§D§D§3§la§x§5§E§D§B§D§A§lt§x§5§E§D§9§E§1§ls §x§5§D§D§4§E§E§lK§x§5§C§D§1§F§5§le§x§5§C§C§F§F§C§ly in auction for 61.
[14:32:03] > mauserdart buy x1 §x§5§C§C§F§F§C§lC§x§5§C§D§1§F§5§lo§x§5§D§D§4§E§E§ls§x§5§D§D§6§E§7§lm§x§5§E§D§9§E§1§le§x§5§E§D§B§D§A§lt§x§5§E§D§D§D§3§li§x§5§F§E§0§C§C§lc §x§5§F§E§0§C§C§lH§x§5§E§D§D§D§3§la§x§5§E§D§B§D§A§lt§x§5§E§D§9§E§1§ls §x§5§D§D§4§E§E§lK§x§5§C§D§1§F§5§le§x§5§C§C§F§F§C§ly to kkyleeeeesa for $61.
[14:32:08] > FRANZ_JOSEF0 added x1 §eᴄᴏᴡ sᴘᴀᴡɴᴇʀ in auction for 400000.
[14:32:08] > mauserdart remove x1 §x§5§C§C§F§F§C§lC§x§5§C§D§1§F§5§lo§x§5§D§D§4§E§E§ls§x§5§D§D§6§E§7§lm§x§5§E§D§9§E§1§le§x§5§E§D§B§D§A§lt§x§5§E§D§D§D§3§li§x§5§F§E§0§C§C§lc §x§5§F§E§0§C§C§lH§x§5§E§D§D§D§3§la§x§5§E§D§B§D§A§lt§x§5§E§D§9§E§1§ls §x§5§D§D§4§E§E§lK§x§5§C§D§1§F§5§le§x§5§C§C§F§F§C§ly from buy
[14:32:43] > ELITEAtlas added x1 §x§5§C§C§F§F§C§lC§x§5§C§D§1§F§5§lo§x§5§D§D§4§E§E§ls§x§5§D§D§6§E§7§lm§x§5§E§D§9§E§1§le§x§5§E§D§B§D§A§lt§x§5§E§D§D§D§3§li§x§5§F§E§0§C§C§lc §x§5§F§E§0§C§C§lH§x§5§E§D§D§D§3§la§x§5§E§D§B§D§A§lt§x§5§E§D§9§E§1§ls §x§5§D§D§4§E§E§lK§x§5§C§D§1§F§5§le§x§5§C§C§F§F§C§ly in auction for 200000.
[14:33:02] > Zypher_0w0 added x1 §esʜᴇᴇᴘ sᴘᴀᴡɴᴇʀ in auction for 180000.
[14:33:12] > Zypher_0w0 added x1 §eᴘɪɢ sᴘᴀᴡɴᴇʀ in auction for 180000.
[14:33:14] > ELITEAtlas added x1 §eᴄʀᴇᴇᴘᴇʀ sᴘᴀᴡɴᴇʀ in auction for 400000.
[14:33:22] > .Allxnzv added x1 §f§l§x§F§C§D§0§5§CW§x§F§A§A§6§4§Au§x§F§8§7§D§3§7k§x§F§7§5§3§2§5o§x§F§5§2§A§1§2n§x§F§3§0§0§0§0g§x§F§5§2§A§1§2 §x§F§7§5§3§2§5C§x§F§8§7§D§3§7l§x§F§A§A§6§4§Au§x§F§C§D§0§5§Cb in auction for 520000.
[14:34:51] > .Allxnzv added x1 §esᴋᴇʟᴇᴛᴏɴ sᴘᴀᴡɴᴇʀ in auction for 250000.
[14:35:32] > .SharkyisHungry added x1 §eᴘɪɢ sᴘᴀᴡɴᴇʀ in auction for 300000.
[14:35:37] > .Allxnzv remove x1 §esᴋᴇʟᴇᴛᴏɴ sᴘᴀᴡɴᴇʀ from storage
[14:36:57] > .Allxnzv added x1 §esᴋᴇʟᴇᴛᴏɴ sᴘᴀᴡɴᴇʀ in auction for 235000.
[14:37:12] > Chezzy buy x5 §x§F§C§9§0§5§C§lE§x§E§6§9§C§6§B§lp§x§C§F§A§7§7§A§li§x§B§9§B§3§8§9§lc §x§8§C§C§B§A§7§lC§x§7§5§D§6§B§6§lr§x§5§F§E§2§C§5§la§x§7§9§D§4§B§4§lt§x§9§3§C§7§A§2§le §x§C§8§A§B§7§F§lK§x§E§2§9§E§6§E§le§x§F§C§9§0§5§C§ly to Pewpew for $100,000.
[14:37:18] > Chezzy remove x5 §x§F§C§9§0§5§C§lE§x§E§6§9§C§6§B§lp§x§C§F§A§7§7§A§li§x§B§9§B§3§8§9§lc §x§8§C§C§B§A§7§lC§x§7§5§D§6§B§6§lr§x§5§F§E§2§C§5§la§x§7§9§D§4§B§4§lt§x§9§3§C§7§A§2§le §x§C§8§A§B§7§F§lK§x§E§2§9§E§6§E§le§x§F§C§9§0§5§C§ly from buy
[14:37:22] > Azp3c7 buy x1 §esᴋᴇʟᴇᴛᴏɴ sᴘᴀᴡɴᴇʀ to .Allxnzv for $235,000.
[14:37:31] > Azp3c7 remove x1 §esᴋᴇʟᴇᴛᴏɴ sᴘᴀᴡɴᴇʀ from buy
[14:37:59] > .Elwinishim added x1 §eᴘɪɢ sᴘᴀᴡɴᴇʀ in auction for 120000.
[14:38:44] > Chezzy added x1 §x§F§F§3§E§0§0§lD§x§F§F§3§7§0§0§le§x§F§F§3§0§0§0§lm§x§F§F§2§9§0§0§lo§x§F§F§2§2§0§0§ln §x§F§F§1§5§0§0§lL§x§F§F§0§E§0§0§lo§x§F§F§0§7§0§0§lr§x§F§F§0§0§0§0§ld §x§F§F§0§E§0§0§lF§x§F§F§1§5§0§0§lr§x§F§F§1§C§0§0§la§x§F§F§2§2§0§0§lg§x§F§F§2§9§0§0§lm§x§F§F§3§0§0§0§le§x§F§F§3§7§0§0§ln§x§F§F§3§E§0§0§lt in auction for 50000.
[14:39:36] > FRANZ_JOSEF0 remove x1 §fCat Plushie (Siamese) §6(#20/101) from storage
[14:40:37] > HwanYo remove x64 Experience bottle from storage
[14:40:38] > HwanYo remove x64 Experience bottle from storage
[14:40:41] > HwanYo added x64 Iron block in auction for 15000.
[14:42:58] > FRANZ_JOSEF0 added x1 Elytra in auction for 3000000.
[14:44:30] > FRANZ_JOSEF0 remove x1 Elytra from storage
[14:45:10] > FRANZ_JOSEF0 added x1 Elytra in auction for 3000000.
[14:46:23] > FRANZ_JOSEF0 remove x1 Elytra from storage
[14:51:24] > x1 §x§F§F§3§E§0§0§lD§x§F§F§3§6§0§0§le§x§F§F§2§F§0§0§lm§x§F§F§2§7§0§0§lo§x§F§F§1§F§0§0§ln §x§F§F§1§0§0§0§lL§x§F§F§0§8§0§0§lo§x§F§F§0§0§0§0§lr§x§F§F§0§8§0§0§ld §x§F§F§1§7§0§0§lD§x§F§F§1§F§0§0§la§x§F§F§2§7§0§0§lg§x§F§F§2§F§0§0§lg§x§F§F§3§6§0§0§le§x§F§F§3§E§0§0§lr on sale by kysicx has just expired, it goes in the inventory of expired items.
[14:51:24] > FRANZ_JOSEF0 added x1 Elytra in auction for 3000000.
[14:53:36] > FRANZ_JOSEF0 remove x1 Elytra from storage
[14:58:42] > giyahnpogi remove x1 §f§l§x§8§A§0§0§F§FS§x§9§8§0§0§D§Dh§x§A§6§0§0§B§Bi§x§B§4§0§0§9§9n§x§C§2§0§0§7§7e§x§D§0§0§0§5§5 §x§D§E§0§0§3§3O§x§E§C§0§0§1§1ni§x§D§E§0§0§3§3 §x§D§0§0§0§5§5H§x§C§2§0§0§7§7e§x§B§4§0§0§9§9l§x§A§6§0§0§B§Bm§x§9§8§0§0§D§De§x§8§A§0§0§F§Ft from storage
[15:03:57] > BlackKnight buy x1 §x§F§F§3§E§0§0§lD§x§F§F§3§7§0§0§le§x§F§F§3§0§0§0§lm§x§F§F§2§9§0§0§lo§x§F§F§2§2§0§0§ln §x§F§F§1§5§0§0§lL§x§F§F§0§E§0§0§lo§x§F§F§0§7§0§0§lr§x§F§F§0§0§0§0§ld §x§F§F§0§E§0§0§lF§x§F§F§1§5§0§0§lr§x§F§F§1§C§0§0§la§x§F§F§2§2§0§0§lg§x§F§F§2§9§0§0§lm§x§F§F§3§0§0§0§le§x§F§F§3§7§0§0§ln§x§F§F§3§E§0§0§lt to Chezzy for $50,000.
[15:04:21] > BlackKnight remove x1 Elytra from storage
[15:04:38] > BlackKnight added x1 Elytra in auction for 1500000.
[15:04:42] > tic_sz buy x1 §esʜᴇᴇᴘ sᴘᴀᴡɴᴇʀ to Zypher_0w0 for $180,000.
[15:05:05] > tic_sz buy x1 Elytra to BlackKnight for $1,500,000.
[15:05:22] > tic_sz remove x1 Elytra from buy
[15:17:17] > Shanksssuuuu added x3 Nether star in auction for 300000.
[15:19:06] > Shanksssuuuu added x1 §x§F§F§3§E§0§0§lD§x§F§F§3§6§0§0§le§x§F§F§2§F§0§0§lm§x§F§F§2§7§0§0§lo§x§F§F§1§F§0§0§ln §x§F§F§1§0§0§0§lL§x§F§F§0§8§0§0§lo§x§F§F§0§0§0§0§lr§x§F§F§0§9§0§0§ld §x§F§F§1§B§0§0§lS§x§F§F§2§3§0§0§lt§x§F§F§2§C§0§0§la§x§F§F§3§5§0§0§lf§x§F§F§3§E§0§0§lf in auction for 200000.
[15:19:41] > Shanksssuuuu added x1 §x§5§9§A§1§D§9§lA§x§7§5§B§1§D§Fr§x§9§0§C§0§E§6c§x§A§C§D§0§E§Ch§x§C§8§E§0§F§2a§x§E§3§E§F§F§9n§fg§x§E§3§E§F§F§9e§x§C§8§E§0§F§2l §x§9§0§C§0§E§6H§x§7§5§B§1§D§Fo§x§5§9§A§1§D§9e in auction for 120000.
[15:19:56] > Shanksssuuuu added x1 §x§5§9§A§1§D§9§lA§x§6§B§A§B§D§Dr§x§7§E§B§6§E§1c§x§9§0§C§0§E§6h§x§A§3§C§B§E§Aa§x§B§5§D§5§E§En§x§C§8§E§0§F§2g§x§D§A§E§A§F§7e§x§E§D§F§5§F§Bl §x§E§A§F§3§F§AC§x§D§6§E§8§F§6r§x§C§1§D§C§F§1o§x§A§C§D§0§E§Cs§x§9§7§C§4§E§7s§x§8§3§B§9§E§3b§x§6§E§A§D§D§Eo§x§5§9§A§1§D§9w in auction for 180000.
[15:20:27] > BlackKnight buy x1 §x§5§9§A§1§D§9§lA§x§6§B§A§B§D§Dr§x§7§E§B§6§E§1c§x§9§0§C§0§E§6h§x§A§3§C§B§E§Aa§x§B§5§D§5§E§En§x§C§8§E§0§F§2g§x§D§A§E§A§F§7e§x§E§D§F§5§F§Bl §x§E§A§F§3§F§AC§x§D§6§E§8§F§6r§x§C§1§D§C§F§1o§x§A§C§D§0§E§Cs§x§9§7§C§4§E§7s§x§8§3§B§9§E§3b§x§6§E§A§D§D§Eo§x§5§9§A§1§D§9w to Shanksssuuuu for $180,000.
[15:20:30] > BlackKnight buy x1 §x§5§9§A§1§D§9§lA§x§7§5§B§1§D§Fr§x§9§0§C§0§E§6c§x§A§C§D§0§E§Ch§x§C§8§E§0§F§2a§x§E§3§E§F§F§9n§fg§x§E§3§E§F§F§9e§x§C§8§E§0§F§2l §x§9§0§C§0§E§6H§x§7§5§B§1§D§Fo§x§5§9§A§1§D§9e to Shanksssuuuu for $120,000.
[15:22:23] > InternetCafeUser buy x64 Experience bottle to HwanYo for $170,000.
[15:40:28] > .Allxnzv remove x1 §f§l§x§F§C§D§0§5§CW§x§F§A§A§6§4§Au§x§F§8§7§D§3§7k§x§F§7§5§3§2§5o§x§F§5§2§A§1§2n§x§F§3§0§0§0§0g§x§F§5§2§A§1§2 §x§F§7§5§3§2§5C§x§F§8§7§D§3§7l§x§F§A§A§6§4§Au§x§F§C§D§0§5§Cb from storage
[15:43:26] > SydneySweetie remove x1 §x§F§0§7§A§5§4§lZombie Apocalyptic Hoe from storage
[15:43:37] > SydneySweetie buy x1 §eᴄʀᴇᴇᴘᴇʀ sᴘᴀᴡɴᴇʀ to ELITEAtlas for $400,000.
[15:44:16] > x10 Iron block, bought by RukaLemon, has just expired, the item is definitively deleted.
[15:44:18] > SydneySweetie remove x1 §eᴄʀᴇᴇᴘᴇʀ sᴘᴀᴡɴᴇʀ from buy
[15:50:05] > DefinitelyHani added x64 Experience bottle in auction for 60000.
[15:50:15] > DefinitelyHani added x64 Experience bottle in auction for 60000.
[15:50:29] > DefinitelyHani added x64 Experience bottle in auction for 30400.
[15:50:34] > tic_sz buy x64 Experience bottle to DefinitelyHani for $30,400.
[15:50:39] > DefinitelyHani added x64 Experience bottle in auction for 30400.
[15:50:59] > tic_sz buy x64 Experience bottle to DefinitelyHani for $30,400.
[15:52:57] > DefinitelyHani added x64 Experience bottle in auction for 30900.
[15:55:15] > x1 potions and totem on pozepotiontotem on sale by Zee_ has just expired, it goes in the inventory of expired items.
[15:57:57] > TostyZura buy x1 Flight 2 to Zypher_0w0 for $100,000.
[16:01:30] > .Allxnzv added x1 §f§l§x§F§C§D§0§5§CW§x§F§A§A§6§4§Au§x§F§8§7§D§3§7k§x§F§7§5§3§2§5o§x§F§5§2§A§1§2n§x§F§3§0§0§0§0g§x§F§5§2§A§1§2 §x§F§7§5§3§2§5C§x§F§8§7§D§3§7l§x§F§A§A§6§4§Au§x§F§C§D§0§5§Cb in auction for 500000.
[16:03:00] > TostyZura remove x1 Flight 2 from buy
[16:10:36] > octopus_01 buy x64 Experience bottle to DefinitelyHani for $30,900.
[16:10:41] > octopus_01 buy x64 Experience bottle to DefinitelyHani for $60,000.
[16:10:44] > octopus_01 buy x64 Experience bottle to DefinitelyHani for $60,000.
[16:11:02] > octopus_01 buy x1 §eʙʟᴀᴢᴇ sᴘᴀᴡɴᴇʀ to HwanYo for $450,000.
[16:12:25] > mauserdart added x25 Wither skeleton skull in auction for 650000.
[16:17:42] > kabayooo added x1 Enchanted book in auction for 20000.
[16:19:08] > Schminkipoo buy x1 §eᴘɪɢ sᴘᴀᴡɴᴇʀ to .Elwinishim for $120,000.
[16:19:10] > Schminkipoo buy x1 §eᴘɪɢ sᴘᴀᴡɴᴇʀ to Zypher_0w0 for $180,000.
[16:19:19] > Schminkipoo buy x1 §eᴄᴏᴡ sᴘᴀᴡɴᴇʀ to FRANZ_JOSEF0 for $400,000.
[16:19:42] > FRANZ_JOSEF0 added x1 §f§l§x§F§C§D§0§5§CW§x§F§A§A§6§4§Au§x§F§8§7§D§3§7k§x§F§7§5§3§2§5o§x§F§5§2§A§1§2n§x§F§3§0§0§0§0g§x§F§5§2§A§1§2 §x§F§7§5§3§2§5C§x§F§8§7§D§3§7l§x§F§A§A§6§4§Au§x§F§C§D§0§5§Cb in auction for 1000000.
[16:19:56] > FRANZ_JOSEF0 added x1 WOW in auction for 300000.
[16:21:10] > FRANZ_JOSEF0 remove x1 §f§l§x§F§C§D§0§5§CW§x§F§A§A§6§4§Au§x§F§8§7§D§3§7k§x§F§7§5§3§2§5o§x§F§5§2§A§1§2n§x§F§3§0§0§0§0g§x§F§5§2§A§1§2 §x§F§7§5§3§2§5C§x§F§8§7§D§3§7l§x§F§A§A§6§4§Au§x§F§C§D§0§5§Cb from storage
[16:26:23] > SydneySweetie added x64 Firework rocket in auction for 3500.
[16:26:58] > SydneySweetie added x64 Experience bottle in auction for 50000.
[16:27:08] > HPMR_GaMerz buy x64 Experience bottle to SydneySweetie for $50,000.
[16:27:13] > HPMR_GaMerz buy x64 Firework rocket to SydneySweetie for $3,500.
[16:27:40] > HPMR_GaMerz buy x4 Enchanted golden apple to tic_sz for $100,000.
[16:28:00] > HPMR_GaMerz buy x1 §eᴄʀᴇᴇᴘᴇʀ sᴘᴀᴡɴᴇʀ to Pewpew for $600,000.
[16:28:07] > HPMR_GaMerz buy x1 §esᴘɪᴅᴇʀ sᴘᴀᴡɴᴇʀ to DanRaiv for $600,000.
[16:29:22] > baba remove x1 §x§F§0§7§A§5§4§lZombie Apocalyptic SMG form storage
[16:29:31] > baba added x1 §x§F§0§7§A§5§4§lZombie Apocalyptic SMG in auction for 250000.
[16:34:27] > x1 §x§F§0§7§A§5§4§lZombie Apocalyptic Dagger on sale by HPMR_GaMerz has just expired, it goes in the inventory of expired items.
[16:34:27] > x1 §f§l§8B§x§6§3§6§3§6§3a§x§7§1§7§1§7§1h§x§8§0§8§0§8§0a§x§8§E§8§E§8§Em§x§9§C§9§C§9§Cu§7t§x§9§C§9§C§9§C §x§8§E§8§E§8§EB§x§8§0§8§0§8§0o§x§7§1§7§1§7§1o§x§6§3§6§3§6§3t§8s on sale by Xenooz has just expired, it goes in the inventory of expired items.
[16:38:21] > kabayooo remove x1 Enchanted book form storage
[16:38:33] > kabayooo buy x1 Enchanted book to El3ctric_Ey3 for $1,700.
[16:47:11] > baba added x1 §x§F§F§3§E§0§0§lD§x§F§F§3§5§0§0§le§x§F§F§2§C§0§0§lm§x§F§F§2§3§0§0§lo§x§F§F§1§B§0§0§ln §x§F§F§0§9§0§0§lL§x§F§F§0§0§0§0§lo§x§F§F§0§A§0§0§lr§x§F§F§1§5§0§0§ld §x§F§F§2§9§0§0§lH§x§F§F§3§4§0§0§lo§x§F§F§3§E§0§0§le in auction for 250000.
[16:54:32] > SydneySweetie added x64 Firework rocket in auction for 3500.
[16:54:53] > SydneySweetie added x64 Firework rocket in auction for 3500.
[16:59:36] > x1 §2Cauldron Hat, bought by minecraft, has just expired, the item is definitively deleted.
[16:59:36] > x1 §fMedieval Hat, bought by Sngel25, has just expired, the item is definitively deleted.
[17:00:59] > .Kenku1001 added x1 Shulker box in auction for 2500000.
[17:02:41] > HwanYo remove x64 Experience bottle form storage
[17:02:41] > HwanYo remove x64 Experience bottle form storage
[17:02:41] > HwanYo remove x64 Iron block form storage
[17:02:41] > HwanYo remove x1 §esᴋᴇʟᴇᴛᴏɴ sᴘᴀᴡɴᴇʀ form storage
[17:02:50] > HwanYo added x64 Experience bottle in auction for 100000.
[17:03:01] > HwanYo added x64 Experience bottle in auction for 100000.
[17:03:15] > HwanYo added x1 §esᴋᴇʟᴇᴛᴏɴ sᴘᴀᴡɴᴇʀ in auction for 250000.
[17:06:03] > mauserdart added x1 §x§F§F§3§E§0§0§lDemon Lord Wings in auction for 6000000.
[17:06:46] > x1 Command block, item of Puffingsponge, has just expired, the item is definitively deleted.
[17:13:12] > TostyZura buy x25 Wither skeleton skull to mauserdart for $650,000.
[17:13:21] > TostyZura remove x25 Wither skeleton skull from buy
[17:13:50] > octopus_01 added x1 §x§5§9§A§1§D§9§lA§x§7§1§A§E§D§Er§x§8§8§B§C§E§4c§x§A§0§C§9§E§9h§x§B§8§D§7§E§Fa§x§D§0§E§4§F§4n§x§E§7§F§2§F§Ag§fe§x§E§7§F§2§F§Al §x§B§8§D§7§E§FS§x§A§0§C§9§E§9w§x§8§8§B§C§E§4o§x§7§1§A§E§D§Er§x§5§9§A§1§D§9d in auction for 1000000.
[17:29:24] > .SharkyisHungry remove x1 §eᴘɪɢ sᴘᴀᴡɴᴇʀ from storage
[17:29:26] > .SharkyisHungry remove x1 §eᴘɪɢ sᴘᴀᴡɴᴇʀ from storage
[17:29:27] > .SharkyisHungry remove x1 §f§l§8B§x§5§F§5§F§5§Fa§x§6§9§6§9§6§9h§x§7§3§7§3§7§3a§x§7§D§7§D§7§Dm§x§8§7§8§7§8§7u§x§9§1§9§1§9§1t§x§9§B§9§B§9§B §x§A§5§A§5§A§5Ch§x§9§B§9§B§9§Be§x§9§1§9§1§9§1s§x§8§7§8§7§8§7t§x§7§D§7§D§7§Dp§x§7§3§7§3§7§3l§x§6§9§6§9§6§9a§x§5§F§5§F§5§Ft§8e from storage
[17:29:30] > .SharkyisHungry remove x1 TOMBOY SMASHER;]🥶 from storage
[17:29:31] > .SharkyisHungry remove x1 §x§F§F§3§E§0§0§lDemon Lord Wings from storage
[17:29:50] > .SharkyisHungry added x2 §eᴘɪɢ sᴘᴀᴡɴᴇʀ in auction for 500000.
[17:30:10] > Schminkipoo buy x1 §esᴋᴇʟᴇᴛᴏɴ sᴘᴀᴡɴᴇʀ to HwanYo for $250,000.
[17:30:21] > .SharkyisHungry added x1 §x§F§F§3§E§0§0§lDemon Lord Wings in auction for 1625000.
[17:31:02] > .SharkyisHungry added x1 §f§l§8B§x§5§F§5§F§5§Fa§x§6§9§6§9§6§9h§x§7§3§7§3§7§3a§x§7§D§7§D§7§Dm§x§8§7§8§7§8§7u§x§9§1§9§1§9§1t§x§9§B§9§B§9§B §x§A§5§A§5§A§5Ch§x§9§B§9§B§9§Be§x§9§1§9§1§9§1s§x§8§7§8§7§8§7t§x§7§D§7§D§7§Dp§x§7§3§7§3§7§3l§x§6§9§6§9§6§9a§x§5§F§5§F§5§Ft§8e in auction for 2500000.
[17:31:52] > .SharkyisHungry added x1 TOMBOY SMASHER;]🥶 in auction for 445454.
[17:54:02] > x1 /Pwarp go Pastries for FOODS on sale by Kwienn has just expired, it goes in the inventory of expired items.
[17:59:35] > octopus_01 buy x1 Netherite upgrade smithing template to Doomday152 for $250,000.
[18:00:15] > octopus_01 remove x1 Netherite upgrade smithing template from buy
[18:00:16] > octopus_01 remove x1 §eʙʟᴀᴢᴇ sᴘᴀᴡɴᴇʀ from buy
[18:00:16] > octopus_01 remove x64 Experience bottle from buy
[18:00:17] > octopus_01 remove x64 Experience bottle from buy
[18:00:17] > octopus_01 remove x64 Experience bottle from buy
[18:18:14] > ELITEAtlas remove x1 §f§l§x§8§A§0§0§F§FS§x§9§6§0§0§E§3h§x§A§1§0§0§C§6i§x§A§D§0§0§A§An§x§B§9§0§0§8§Ee§x§C§4§0§0§7§1 §x§D§0§0§0§5§5O§x§D§C§0§0§3§9n§x§E§7§0§0§1§Ci§x§F§3§0§0§0§0 §x§E§7§0§0§1§CB§x§D§C§0§0§3§9i§x§D§0§0§0§5§5g§x§C§4§0§0§7§1 §x§B§9§0§0§8§ES§x§A§D§0§0§A§Aw§x§A§1§0§0§C§6o§x§9§6§0§0§E§3r§x§8§A§0§0§F§Fd from storage
[18:18:29] > ELITEAtlas remove x1 §f§l§x§8§A§0§0§F§FS§x§9§6§0§0§E§3h§x§A§1§0§0§C§6i§x§A§D§0§0§A§An§x§B§9§0§0§8§Ee§x§C§4§0§0§7§1 §x§D§0§0§0§5§5O§x§D§C§0§0§3§9n§x§E§7§0§0§1§Ci§x§F§3§0§0§0§0 §x§E§7§0§0§1§CB§x§D§C§0§0§3§9i§x§D§0§0§0§5§5g§x§C§4§0§0§7§1 §x§B§9§0§0§8§ES§x§A§D§0§0§A§Aw§x§A§1§0§0§C§6o§x§9§6§0§0§E§3r§x§8§A§0§0§F§Fd from expire
[18:18:45] > ELITEAtlas added x1 §f§l§x§8§A§0§0§F§FS§x§9§6§0§0§E§3h§x§A§1§0§0§C§6i§x§A§D§0§0§A§An§x§B§9§0§0§8§Ee§x§C§4§0§0§7§1 §x§D§0§0§0§5§5O§x§D§C§0§0§3§9n§x§E§7§0§0§1§Ci§x§F§3§0§0§0§0 §x§E§7§0§0§1§CB§x§D§C§0§0§3§9i§x§D§0§0§0§5§5g§x§C§4§0§0§7§1 §x§B§9§0§0§8§ES§x§A§D§0§0§A§Aw§x§A§1§0§0§C§6o§x§9§6§0§0§E§3r§x§8§A§0§0§F§Fd in auction for 3500000.
[18:19:16] > ELITEAtlas remove x1 §f§l§x§8§A§0§0§F§FS§x§9§6§0§0§E§3h§x§A§1§0§0§C§6i§x§A§D§0§0§A§An§x§B§9§0§0§8§Ee§x§C§4§0§0§7§1 §x§D§0§0§0§5§5O§x§D§C§0§0§3§9n§x§E§7§0§0§1§Ci§x§F§3§0§0§0§0 §x§E§7§0§0§1§CB§x§D§C§0§0§3§9i§x§D§0§0§0§5§5g§x§C§4§0§0§7§1 §x§B§9§0§0§8§ES§x§A§D§0§0§A§Aw§x§A§1§0§0§C§6o§x§9§6§0§0§E§3r§x§8§A§0§0§F§Fd from storage
[18:19:30] > ELITEAtlas remove x1 §f§l§x§8§A§0§0§F§FS§x§9§6§0§0§E§3h§x§A§1§0§0§C§6i§x§A§D§0§0§A§An§x§B§9§0§0§8§Ee§x§C§4§0§0§7§1 §x§D§0§0§0§5§5O§x§D§C§0§0§3§9n§x§E§7§0§0§1§Ci§x§F§3§0§0§0§0 §x§E§7§0§0§1§CB§x§D§C§0§0§3§9i§x§D§0§0§0§5§5g§x§C§4§0§0§7§1 §x§B§9§0§0§8§ES§x§A§D§0§0§A§Aw§x§A§1§0§0§C§6o§x§9§6§0§0§E§3r§x§8§A§0§0§F§Fd from expire
[18:19:37] > ELITEAtlas added x1 §f§l§x§8§A§0§0§F§FS§x§9§6§0§0§E§3h§x§A§1§0§0§C§6i§x§A§D§0§0§A§An§x§B§9§0§0§8§Ee§x§C§4§0§0§7§1 §x§D§0§0§0§5§5O§x§D§C§0§0§3§9n§x§E§7§0§0§1§Ci§x§F§3§0§0§0§0 §x§E§7§0§0§1§CB§x§D§C§0§0§3§9i§x§D§0§0§0§5§5g§x§C§4§0§0§7§1 §x§B§9§0§0§8§ES§x§A§D§0§0§A§Aw§x§A§1§0§0§C§6o§x§9§6§0§0§E§3r§x§8§A§0§0§F§Fd in auction for 3000000.
[18:19:42] > tic_sz buy x1 §f§l§x§8§A§0§0§F§FS§x§9§6§0§0§E§3h§x§A§1§0§0§C§6i§x§A§D§0§0§A§An§x§B§9§0§0§8§Ee§x§C§4§0§0§7§1 §x§D§0§0§0§5§5O§x§D§C§0§0§3§9n§x§E§7§0§0§1§Ci§x§F§3§0§0§0§0 §x§E§7§0§0§1§CB§x§D§C§0§0§3§9i§x§D§0§0§0§5§5g§x§C§4§0§0§7§1 §x§B§9§0§0§8§ES§x§A§D§0§0§A§Aw§x§A§1§0§0§C§6o§x§9§6§0§0§E§3r§x§8§A§0§0§F§Fd to ELITEAtlas for $3,000,000.
[18:22:00] > HwanYo added x1 §eᴄᴏᴡ sᴘᴀᴡɴᴇʀ in auction for 50000.
[18:22:05] > BlackKnight buy x1 §eᴄᴏᴡ sᴘᴀᴡɴᴇʀ to HwanYo for $50,000.
[18:22:58] > ELITEAtlas added x1 §eᴢᴏᴍʙɪᴇ sᴘᴀᴡɴᴇʀ in auction for 400000.
[18:23:09] > ELITEAtlas added x1 §esᴋᴇʟᴇᴛᴏɴ sᴘᴀᴡɴᴇʀ in auction for 400000.
[18:32:04] > .Kenku1001 remove x1 Shulker box from storage
[18:34:32] > x2 Shulker shell, bought by Sngel25, has just expired, the item is definitively deleted.
[18:37:33] > Ax_ added x1 §esᴘɪᴅᴇʀ sᴘᴀᴡɴᴇʀ in auction for 500000.
[18:37:53] > DanRaiv added x1 Nether star in auction for 75000.
[18:40:27] > DanRaiv added x1 §f§l§8B§x§6§2§6§2§6§2a§x§6§F§6§F§6§Fh§x§7§C§7§C§7§Ca§x§8§9§8§9§8§9m§x§9§6§9§6§9§6u§x§A§3§A§3§A§3t §x§9§6§9§6§9§6S§x§8§9§8§9§8§9h§x§7§C§7§C§7§Co§x§6§F§6§F§6§Fv§x§6§2§6§2§6§2e§8l in auction for 4000000.
[18:50:38] > Alexfromhere added x1 §x§F§F§3§E§0§0§lD§x§F§F§3§6§0§0§le§x§F§F§2§F§0§0§lm§x§F§F§2§7§0§0§lo§x§F§F§1§F§0§0§ln §x§F§F§1§0§0§0§lL§x§F§F§0§8§0§0§lo§x§F§F§0§0§0§0§lr§x§F§F§0§9§0§0§ld §x§F§F§1§B§0§0§lB§x§F§F§2§3§0§0§lo§x§F§F§2§C§0§0§lo§x§F§F§3§5§0§0§lt§x§F§F§3§E§0§0§ls in auction for 50000.
[18:50:43] > BlackKnight buy x1 §x§F§F§3§E§0§0§lD§x§F§F§3§6§0§0§le§x§F§F§2§F§0§0§lm§x§F§F§2§7§0§0§lo§x§F§F§1§F§0§0§ln §x§F§F§1§0§0§0§lL§x§F§F§0§8§0§0§lo§x§F§F§0§0§0§0§lr§x§F§F§0§9§0§0§ld §x§F§F§1§B§0§0§lB§x§F§F§2§3§0§0§lo§x§F§F§2§C§0§0§lo§x§F§F§3§5§0§0§lt§x§F§F§3§E§0§0§ls to Alexfromhere for $50,000.
[18:51:04] > kkyleeeeesa buy x64 Firework rocket to SydneySweetie for $3,500.
[18:51:36] > Alexfromhere buy x5 §x§F§C§9§0§5§C§lE§x§E§6§9§C§6§B§lp§x§C§F§A§7§7§A§li§x§B§9§B§3§8§9§lc §x§8§C§C§B§A§7§lC§x§7§5§D§6§B§6§lr§x§5§F§E§2§C§5§la§x§7§9§D§4§B§4§lt§x§9§3§C§7§A§2§le §x§C§8§A§B§7§F§lK§x§E§2§9§E§6§E§le§x§F§C§9§0§5§C§ly to Pewpew for $100,000.
[18:51:41] > Alexfromhere remove x5 §x§F§C§9§0§5§C§lE§x§E§6§9§C§6§B§lp§x§C§F§A§7§7§A§li§x§B§9§B§3§8§9§lc §x§8§C§C§B§A§7§lC§x§7§5§D§6§B§6§lr§x§5§F§E§2§C§5§la§x§7§9§D§4§B§4§lt§x§9§3§C§7§A§2§le §x§C§8§A§B§7§F§lK§x§E§2§9§E§6§E§le§x§F§C§9§0§5§C§ly from buy
[18:52:24] > celinesanrio remove x9 §x§8§8§E§C§3§3§lV§x§8§2§E§B§4§8§lo§x§7§C§E§9§5§D§lt§x§7§6§E§8§7§2§le §x§6§B§E§5§9§B§lC§x§6§5§E§3§B§0§lr§x§5§F§E§2§C§5§la§x§6§6§E§4§A§D§lt§x§6§D§E§5§9§4§le §x§7§A§E§9§6§4§lK§x§8§1§E§A§4§B§le§x§8§8§E§C§3§3§ly form storage
[18:52:55] > celinesanrio added x9 §x§8§8§E§C§3§3§lV§x§8§2§E§B§4§8§lo§x§7§C§E§9§5§D§lt§x§7§6§E§8§7§2§le §x§6§B§E§5§9§B§lC§x§6§5§E§3§B§0§lr§x§5§F§E§2§C§5§la§x§6§6§E§4§A§D§lt§x§6§D§E§5§9§4§le §x§7§A§E§9§6§4§lK§x§8§1§E§A§4§B§le§x§8§8§E§C§3§3§ly in auction for 900000.
[18:57:00] > SP3CC_ added x1 §x§5§C§C§F§F§C§lC§x§5§C§D§1§F§5§lo§x§5§D§D§4§E§E§ls§x§5§D§D§6§E§7§lm§x§5§E§D§9§E§1§le§x§5§E§D§B§D§A§lt§x§5§E§D§D§D§3§li§x§5§F§E§0§C§C§lc §x§5§F§E§0§C§C§lH§x§5§E§D§D§D§3§la§x§5§E§D§B§D§A§lt§x§5§E§D§9§E§1§ls §x§5§D§D§4§E§E§lK§x§5§C§D§1§F§5§le§x§5§C§C§F§F§C§ly in auction for 100000.
[18:57:18] > namerikangel added x1 §x§5§C§C§F§F§C§lC§x§5§C§D§1§F§5§lo§x§5§D§D§4§E§E§ls§x§5§D§D§6§E§7§lm§x§5§E§D§9§E§1§le§x§5§E§D§B§D§A§lt§x§5§E§D§D§D§3§li§x§5§F§E§0§C§C§lc §x§5§F§E§0§C§C§lH§x§5§E§D§D§D§3§la§x§5§E§D§B§D§A§lt§x§5§E§D§9§E§1§ls §x§5§D§D§4§E§E§lK§x§5§C§D§1§F§5§le§x§5§C§C§F§F§C§ly in auction for 20000.
[18:58:00] > HwanYo added x1 §f§x§F§9§A§2§0§DP§x§F§2§9§E§0§Du§x§E§B§9§9§0§Dm§x§E§3§9§5§0§Dp§x§D§C§9§0§0§Dk§x§D§5§8§C§0§Di§x§C§E§8§7§0§Dn§x§C§7§8§3§0§D §x§B§F§7§E§0§DH§x§B§8§7§A§0§Da§x§B§1§7§5§0§Dt in auction for 500.
[18:58:05] > TostyZura buy x1 §f§x§F§9§A§2§0§DP§x§F§2§9§E§0§Du§x§E§B§9§9§0§Dm§x§E§3§9§5§0§Dp§x§D§C§9§0§0§Dk§x§D§5§8§C§0§Di§x§C§E§8§7§0§Dn§x§C§7§8§3§0§D §x§B§F§7§E§0§DH§x§B§8§7§A§0§Da§x§B§1§7§5§0§Dt to HwanYo for $500.
[18:58:15] > Ax_ added x1 §fGarden Hat in auction for 50000.
[18:58:16] > HwanYo added x1 §eᴄᴏᴡ sᴘᴀᴡɴᴇʀ in auction for 200000.
[18:58:21] > TostyZura added x1 §eɪʀᴏɴ ɢᴏʟᴇᴍ sᴘᴀᴡɴᴇʀ in auction for 600000.
[18:58:24] > kkyleeeeesa buy x1 §eɪʀᴏɴ ɢᴏʟᴇᴍ sᴘᴀᴡɴᴇʀ to TostyZura for $600,000.
[18:58:28] > kabayooo added x1 §eᴢᴏᴍʙɪᴇ sᴘᴀᴡɴᴇʀ in auction for 100000.
[18:58:30] > kkyleeeeesa buy x1 §eᴢᴏᴍʙɪᴇ sᴘᴀᴡɴᴇʀ to kabayooo for $100,000.
[18:58:35] > TostyZura added x1 §eᴄʀᴇᴇᴘᴇʀ sᴘᴀᴡɴᴇʀ in auction for 360000.
[18:59:05] > kabayooo added x1 §eMummy Hat in auction for 100000.
[19:00:15] > nagiiish added x1 §eᴡɪᴛʜᴇʀ ꜱᴋᴇʟᴇᴛᴏɴ ꜱᴘᴀᴡɴᴇʀ in auction for 400000.
[19:00:19] > BlackKnight buy x1 §eᴡɪᴛʜᴇʀ ꜱᴋᴇʟᴇᴛᴏɴ ꜱᴘᴀᴡɴᴇʀ to nagiiish for $400,000.
[19:00:48] > kkyleeeeesa remove x64 Firework rocket from buy
[19:00:48] > kkyleeeeesa remove x1 §eᴢᴏᴍʙɪᴇ sᴘᴀᴡɴᴇʀ from buy
[19:00:49] > kkyleeeeesa remove x1 §eɪʀᴏɴ ɢᴏʟᴇᴍ sᴘᴀᴡɴᴇʀ from buy
[19:01:06] > kabayooo added x1 §x§F§F§3§E§0§0§lD§x§F§F§3§7§0§0§le§x§F§F§3§0§0§0§lm§x§F§F§2§9§0§0§lo§x§F§F§2§2§0§0§ln §x§F§F§1§5§0§0§lL§x§F§F§0§E§0§0§lo§x§F§F§0§7§0§0§lr§x§F§F§0§0§0§0§ld §x§F§F§0§E§0§0§lF§x§F§F§1§5§0§0§lr§x§F§F§1§C§0§0§la§x§F§F§2§2§0§0§lg§x§F§F§2§9§0§0§lm§x§F§F§3§0§0§0§le§x§F§F§3§7§0§0§ln§x§F§F§3§E§0§0§lt in auction for 200000.
[19:01:14] > nagiiish added x4 §eʙʟᴀᴢᴇ sᴘᴀᴡɴᴇʀ in auction for 1400000.
[19:01:17] > celinesanrio remove x9 §x§8§8§E§C§3§3§lV§x§8§2§E§B§4§8§lo§x§7§C§E§9§5§D§lt§x§7§6§E§8§7§2§le §x§6§B§E§5§9§B§lC§x§6§5§E§3§B§0§lr§x§5§F§E§2§C§5§la§x§6§6§E§4§A§D§lt§x§6§D§E§5§9§4§le §x§7§A§E§9§6§4§lK§x§8§1§E§A§4§B§le§x§8§8§E§C§3§3§ly form storage
[19:01:25] > celinesanrio added x9 §x§8§8§E§C§3§3§lV§x§8§2§E§B§4§8§lo§x§7§C§E§9§5§D§lt§x§7§6§E§8§7§2§le §x§6§B§E§5§9§B§lC§x§6§5§E§3§B§0§lr§x§5§F§E§2§C§5§la§x§6§6§E§4§A§D§lt§x§6§D§E§5§9§4§le §x§7§A§E§9§6§4§lK§x§8§1§E§A§4§B§le§x§8§8§E§C§3§3§ly in auction for 800000.
[19:01:45] > nagiiish remove x4 §eʙʟᴀᴢᴇ sᴘᴀᴡɴᴇʀ from storage
[19:02:51] > MrZyrus7228 buy x1 §eᴄᴏᴡ sᴘᴀᴡɴᴇʀ to HwanYo for $200,000.
[19:02:52] > HwanYo added x1 §eʙʟᴀᴢᴇ sᴘᴀᴡɴᴇʀ in auction for 400000.
[19:03:02] > MrZyrus7228 remove x1 §eᴄᴏᴡ sᴘᴀᴡɴᴇʀ from buy
[19:03:08] > Shanksssuuuu buy x1 §eᴢᴏᴍʙɪᴇ sᴘᴀᴡɴᴇʀ to ELITEAtlas for $400,000.
[19:03:43] > Shanksssuuuu remove x3 Nether star form storage
[19:03:43] > Shanksssuuuu remove x1 §x§F§F§3§E§0§0§lD§x§F§F§3§6§0§0§le§x§F§F§2§F§0§0§lm§x§F§F§2§7§0§0§lo§x§F§F§1§F§0§0§ln §x§F§F§1§0§0§0§lL§x§F§F§0§8§0§0§lo§x§F§F§0§0§0§0§lr§x§F§F§0§9§0§0§ld §x§F§F§1§B§0§0§lS§x§F§F§2§3§0§0§lt§x§F§F§2§C§0§0§la§x§F§F§3§5§0§0§lf§x§F§F§3§E§0§0§lf form storage
[19:04:29] > celinesanrio added x3 §x§5§C§C§F§F§C§lC§x§5§C§D§1§F§5§lo§x§5§D§D§4§E§E§ls§x§5§D§D§6§E§7§lm§x§5§E§D§9§E§1§le§x§5§E§D§B§D§A§lt§x§5§E§D§D§D§3§li§x§5§F§E§0§C§C§lc §x§5§F§E§0§C§C§lH§x§5§E§D§D§D§3§la§x§5§E§D§B§D§A§lt§x§5§E§D§9§E§1§ls §x§5§D§D§4§E§E§lK§x§5§C§D§1§F§5§le§x§5§C§C§F§F§C§ly in auction for 30000.
[19:04:36] > celinesanrio remove x3 §x§5§C§C§F§F§C§lC§x§5§C§D§1§F§5§lo§x§5§D§D§4§E§E§ls§x§5§D§D§6§E§7§lm§x§5§E§D§9§E§1§le§x§5§E§D§B§D§A§lt§x§5§E§D§D§D§3§li§x§5§F§E§0§C§C§lc §x§5§F§E§0§C§C§lH§x§5§E§D§D§D§3§la§x§5§E§D§B§D§A§lt§x§5§E§D§9§E§1§ls §x§5§D§D§4§E§E§lK§x§5§C§D§1§F§5§le§x§5§C§C§F§F§C§ly form storage
[19:04:36] > celinesanrio remove x9 §x§8§8§E§C§3§3§lV§x§8§2§E§B§4§8§lo§x§7§C§E§9§5§D§lt§x§7§6§E§8§7§2§le §x§6§B§E§5§9§B§lC§x§6§5§E§3§B§0§lr§x§5§F§E§2§C§5§la§x§6§6§E§4§A§D§lt§x§6§D§E§5§9§4§le §x§7§A§E§9§6§4§lK§x§8§1§E§A§4§B§le§x§8§8§E§C§3§3§ly form storage
[19:04:46] > celinesanrio added x9 §x§8§8§E§C§3§3§lV§x§8§2§E§B§4§8§lo§x§7§C§E§9§5§D§lt§x§7§6§E§8§7§2§le §x§6§B§E§5§9§B§lC§x§6§5§E§3§B§0§lr§x§5§F§E§2§C§5§la§x§6§6§E§4§A§D§lt§x§6§D§E§5§9§4§le §x§7§A§E§9§6§4§lK§x§8§1§E§A§4§B§le§x§8§8§E§C§3§3§ly in auction for 400000.
[19:05:02] > celinesanrio added x3 §x§5§C§C§F§F§C§lC§x§5§C§D§1§F§5§lo§x§5§D§D§4§E§E§ls§x§5§D§D§6§E§7§lm§x§5§E§D§9§E§1§le§x§5§E§D§B§D§A§lt§x§5§E§D§D§D§3§li§x§5§F§E§0§C§C§lc §x§5§F§E§0§C§C§lH§x§5§E§D§D§D§3§la§x§5§E§D§B§D§A§lt§x§5§E§D§9§E§1§ls §x§5§D§D§4§E§E§lK§x§5§C§D§1§F§5§le§x§5§C§C§F§F§C§ly in auction for 30000.
[19:05:54] > Shanksssuuuu remove x1 §eᴢᴏᴍʙɪᴇ sᴘᴀᴡɴᴇʀ from buy
[19:07:04] > SydneySweetie remove x1 §esᴋᴇʟᴇᴛᴏɴ sᴘᴀᴡɴᴇʀ from storage
[19:07:18] > SydneySweetie added x1 §esᴋᴇʟᴇᴛᴏɴ sᴘᴀᴡɴᴇʀ in auction for 200000.
[19:11:06] > x2 §x§5§C§C§F§F§C§lC§x§5§C§D§1§F§5§lo§x§5§D§D§4§E§E§ls§x§5§D§D§6§E§7§lm§x§5§E§D§9§E§1§le§x§5§E§D§B§D§A§lt§x§5§E§D§D§D§3§li§x§5§F§E§0§C§C§lc §x§5§F§E§0§C§C§lH§x§5§E§D§D§D§3§la§x§5§E§D§B§D§A§lt§x§5§E§D§9§E§1§ls §x§5§D§D§4§E§E§lK§x§5§C§D§1§F§5§le§x§5§C§C§F§F§C§ly on sale by imnectarfr has just expired, it goes in the inventory of expired items.
[19:11:06] > x1 §x§5§C§C§F§F§C§lC§x§5§C§D§1§F§5§lo§x§5§D§D§4§E§E§ls§x§5§D§D§6§E§7§lm§x§5§E§D§9§E§1§le§x§5§E§D§B§D§A§lt§x§5§E§D§D§D§3§li§x§5§F§E§0§C§C§lc §x§5§F§E§0§C§C§lH§x§5§E§D§D§D§3§la§x§5§E§D§B§D§A§lt§x§5§E§D§9§E§1§ls §x§5§D§D§4§E§E§lK§x§5§C§D§1§F§5§le§x§5§C§C§F§F§C§ly on sale by SP3CC_ has just expired, it goes in the inventory of expired items.
[19:12:50] > x1 §f§l§x§F§A§0§0§0§AD§x§F§A§2§3§1§8a§x§F§B§4§5§2§5r§x§F§B§6§8§3§3k§x§F§B§8§B§4§1f§x§F§C§A§D§4§El§x§F§C§D§0§5§Ca§x§F§C§A§D§4§Em§x§F§B§8§B§4§1e§x§F§B§6§8§3§3 §x§F§B§4§5§2§5H§x§F§A§2§3§1§8a§x§F§A§0§0§0§At on sale by imnectarfr has just expired, it goes in the inventory of expired items.
[19:12:50] > x1 §x§5§9§A§1§D§9§lA§x§6§E§A§D§D§Er§x§8§3§B§9§E§3c§x§9§7§C§4§E§7h§x§A§C§D§0§E§Ca§x§C§1§D§C§F§1n§x§D§6§E§8§F§6g§x§E§A§F§3§F§Ae§fl §x§D§0§E§4§F§4D§x§B§8§D§7§E§Fa§x§A§0§C§9§E§9g§x§8§8§B§C§E§4g§x§7§1§A§E§D§Ee§x§5§9§A§1§D§9r on sale by imnectarfr has just expired, it goes in the inventory of expired items.
[19:12:50] > celinesanrio added x2 Gold ingot in auction for 2000.
[19:15:37] > TostyZura remove x1 Elytra from storage
[19:15:39] > TostyZura remove x1 §eᴄʀᴇᴇᴘᴇʀ sᴘᴀᴡɴᴇʀ from storage
[19:15:50] > TostyZura added x1 Elytra in auction for 1500000.
[19:16:06] > TostyZura added x1 §eᴄʀᴇᴇᴘᴇʀ sᴘᴀᴡɴᴇʀ in auction for 300000.
[19:16:16] > celinesanrio buy x1 Elytra to TostyZura for $1,500,000.
[19:16:20] > celinesanrio remove x1 Elytra form buy
[19:16:21] > .Quackity26957 buy x1 §esᴋᴇʟᴇᴛᴏɴ sᴘᴀᴡɴᴇʀ to SydneySweetie for $200,000.
[19:16:34] > .Quackity26957 remove x1 §esᴋᴇʟᴇᴛᴏɴ sᴘᴀᴡɴᴇʀ form buy
[19:17:04] > celinesanrio added x1 Elytra in auction for 10000000.
[19:17:41] > TostyZura added x1 Elytra in auction for 1500000.
[19:17:47] > celinesanrio buy x1 Elytra to TostyZura for $1,500,000.
[19:17:52] > celinesanrio remove x1 Elytra form buy
[19:17:57] > TostyZura added x1 Elytra in auction for 1500000.
[19:18:01] > DefinitelyHani added x1 Enchanted book in auction for 600000.
[19:18:01] > celinesanrio buy x1 Elytra to TostyZura for $1,500,000.
[19:18:10] > celinesanrio remove x1 Elytra form buy
[19:18:22] > TostyZura added x1 Elytras in auction for 7500000.
[19:18:50] > .chonk3177 added x1 §x§F§E§B§E§C§A§lSeason 3 Celebration Cake <3 in auction for 20000.
[19:18:59] > celinesanrio remove x1 Elytra from storage
[19:19:05] > DefinitelyHani remove x1 Enchanted book form storage
[19:19:06] > celinesanrio buy x1 Elytras to TostyZura for $7,500,000.
[19:19:09] > celinesanrio remove x1 Elytras form buy
[19:19:16] > DefinitelyHani added x1 Enchanted book in auction for 200000.
[19:20:21] > celinesanrio added x1 Elytra in auction for 3000000.
[19:20:32] > celinesanrio added x1 Elytra in auction for 3000000.
[19:20:36] > DefinitelyHani remove x1 Enchanted book form storage
[19:20:42] > celinesanrio added x1 Elytra in auction for 3000000.
[19:20:48] > DefinitelyHani added x1 Enchanted book in auction for 65000.
[19:20:53] > celinesanrio added x1 Elytra in auction for 3000000.
[19:21:01] > .SharkyisHungry buy x1 Enchanted book to DefinitelyHani for $65,000.
[19:21:04] > celinesanrio added x1 Elytra in auction for 3000000.
[19:21:15] > celinesanrio added x1 Elytra in auction for 3000000.
[19:21:17] > .SharkyisHungry remove x1 Enchanted book from buy
[19:21:26] > celinesanrio added x1 Elytra in auction for 3000000.
[19:21:43] > celinesanrio remove x2 Gold ingot from storage
[19:21:45] > celinesanrio added x1 Elytra in auction for 3000000.
[19:23:15] > DefinitelyHani added x1 Enchanted book in auction for 9999.
[19:23:53] > DefinitelyHani remove x1 Enchanted book form storage
[19:26:46] > DefinitelyHani added x1 Enchanted book in auction for 3000.
[19:26:58] > DefinitelyHani added x1 Enchanted book in auction for 3000.
[19:27:09] > DefinitelyHani added x1 Enchanted book in auction for 3000.
[19:27:20] > DefinitelyHani added x1 Enchanted book in auction for 3000.
[19:27:42] > DefinitelyHani added x1 Enchanted book in auction for 3000.
[19:27:56] > BlueTea_Official buy x1 Enchanted book to DefinitelyHani for $3,000.
[19:28:00] > BlueTea_Official buy x1 Enchanted book to DefinitelyHani for $3,000.
[19:28:03] > BlueTea_Official buy x1 Enchanted book to DefinitelyHani for $3,000.
[19:28:06] > BlueTea_Official buy x1 Enchanted book to DefinitelyHani for $3,000.
[19:28:08] > BlueTea_Official buy x1 Enchanted book to DefinitelyHani for $3,000.
[19:28:09] > DefinitelyHani added x1 Enchanted book in auction for 3000.
[19:28:20] > BlueTea_Official buy x1 Enchanted book to DefinitelyHani for $3,000.
[19:28:21] > DefinitelyHani added x1 Enchanted book in auction for 3000.
[19:28:26] > BlueTea_Official buy x1 Enchanted book to DefinitelyHani for $3,000.
[19:28:54] > DefinitelyHani added x1 Enchanted book in auction for 5000.
[19:29:07] > DefinitelyHani added x1 Enchanted book in auction for 5000.
[19:29:13] > BlueTea_Official buy x1 Enchanted book to DefinitelyHani for $5,000.
[19:29:15] > BlueTea_Official buy x1 Enchanted book to DefinitelyHani for $5,000.
[19:31:15] > Raylii remove x10 §x§5§C§C§F§F§C§lC§x§5§C§D§1§F§5§lo§x§5§D§D§4§E§E§ls§x§5§D§D§6§E§7§lm§x§5§E§D§9§E§1§le§x§5§E§D§B§D§A§lt§x§5§E§D§D§D§3§li§x§5§F§E§0§C§C§lc §x§5§F§E§0§C§C§lH§x§5§E§D§D§D§3§la§x§5§E§D§B§D§A§lt§x§5§E§D§9§E§1§ls §x§5§D§D§4§E§E§lK§x§5§C§D§1§F§5§le§x§5§C§C§F§F§C§ly from buy
[19:31:16] > Raylii remove x1 §fBreeze Plushie §6(#11/101) from buy
[19:31:17] > Raylii remove x1 §fPillager Plushie §6(#66/101) from buy
[19:32:50] > .chonk3177 added x5 §x§F§C§D§0§5§C§lB§x§E§6§D§3§6§B§la§x§C§F§D§5§7§A§ls§x§B§9§D§8§8§9§li§x§A§2§D§A§9§8§lc §x§7§5§D§F§B§6§lC§x§5§F§E§2§C§5§lr§x§7§5§D§F§B§6§la§x§8§C§D§D§A§7§lt§x§A§2§D§A§9§8§le §x§C§F§D§5§7§A§lK§x§E§6§D§3§6§B§le§x§F§C§D§0§5§C§ly in auction for 50000.
[19:36:29] > DanRaiv added x1 §x§E§5§1§B§1§B§lDracula Axe in auction for 75000.
[19:36:32] > DanRaiv remove x1 Nether star from storage
[19:36:34] > DanRaiv remove x1 Nether star from storage
[19:39:15] > DanRaiv added x1 Bow in auction for 100000.
[19:40:45] > .carrots_5780 buy x1 §x§E§5§1§B§1§B§lDracula Axe to DanRaiv for $75,000.
[19:43:20] > BlueTea_Official remove x1 Enchanted book form buy
[19:43:20] > BlueTea_Official remove x1 Enchanted book form buy
[19:43:20] > BlueTea_Official remove x1 Enchanted book form buy
[19:43:20] > BlueTea_Official remove x1 Enchanted book form buy
[19:43:20] > BlueTea_Official remove x1 Enchanted book form buy
[19:43:20] > BlueTea_Official remove x1 Enchanted book form buy
[19:43:20] > BlueTea_Official remove x1 Enchanted book form buy
[19:43:20] > BlueTea_Official remove x1 Enchanted book form buy
[19:43:20] > BlueTea_Official remove x1 Enchanted book form buy
[19:44:06] > DanRaiv added x1 Ominous trial key in auction for 100000.
[19:44:15] > DanRaiv remove x1 §f§l§x§F§C§D§0§5§CW§x§F§B§B§0§4§Eu§x§F§9§9§0§4§0k§x§F§8§7§0§3§2o§x§F§6§5§0§2§3n§x§F§5§3§0§1§5g§x§F§4§1§0§0§7 H§x§F§5§3§0§1§5a§x§F§6§5§0§2§3l§x§F§8§7§0§3§2b§x§F§9§9§0§4§0e§x§F§B§B§0§4§Er§x§F§C§D§0§5§Cd from storage
[19:44:37] > BlueTea_Official buy x1 Unbreaking Box to Zypher_0w0 for $100,000.
[19:44:44] > BlueTea_Official remove x1 Unbreaking Box form buy
[19:46:08] > TostyZura buy x64 Experience bottle to HwanYo for $100,000.
[19:46:10] > TostyZura buy x64 Experience bottle to HwanYo for $100,000.
[19:48:18] > TostyZura remove x64 Experience bottle from buy
[19:48:19] > TostyZura remove x64 Experience bottle from buy
[19:48:19] > TostyZura remove x64 Experience bottle from buy
[19:51:47] > Kwienn added x1 /pwarp go PASTRIES  in auction for 10000000.
[19:58:16] > CeeJaiye added x1 §x§E§4§3§A§9§6§lW§x§E§7§5§3§A§3§lI§x§E§B§6§B§B§0§lN§x§E§E§8§4§B§D§lG§x§F§2§9§D§C§B§lS §x§F§8§C§E§E§5§lO§x§F§C§E§6§F§2§lF §x§F§C§E§6§F§2§lE§x§F§8§C§E§E§5§lT§x§F§5§B§5§D§8§lE§x§F§2§9§D§C§B§lR§x§E§E§8§4§B§D§lN§x§E§B§6§B§B§0§lI§x§E§7§5§3§A§3§lT§x§E§4§3§A§9§6§lY in auction for 6000000.
[20:00:51] > CeeJaiye added x1 §f§l§x§C§6§D§E§F§1B§x§B§3§D§4§E§Eo§x§A§1§C§A§E§Bo§x§8§E§C§0§E§8s§x§7§C§B§6§E§4t§x§6§9§A§C§E§1e§x§5§7§A§2§D§Er§x§4§4§9§8§D§B §x§5§7§A§2§D§ET§x§6§9§A§C§E§1r§x§7§C§B§6§E§4i§x§8§E§C§0§E§8d§x§A§1§C§A§E§Be§x§B§3§D§4§E§En§x§C§6§D§E§F§1t in auction for 1000000.
[20:02:23] > CeeJaiye added x1 §x§F§F§3§E§0§0§lD§x§F§F§3§6§0§0§le§x§F§F§2§F§0§0§lm§x§F§F§2§7§0§0§lo§x§F§F§1§F§0§0§ln §x§F§F§1§0§0§0§lL§x§F§F§0§8§0§0§lo§x§F§F§0§0§0§0§lr§x§F§F§0§9§0§0§ld §x§F§F§1§B§0§0§lB§x§F§F§2§3§0§0§lo§x§F§F§2§C§0§0§lo§x§F§F§3§5§0§0§lt§x§F§F§3§E§0§0§ls in auction for 500000.
[20:02:33] > CeeJaiye added x1 §x§F§F§3§E§0§0§lD§x§F§F§3§6§0§0§le§x§F§F§2§F§0§0§lm§x§F§F§2§7§0§0§lo§x§F§F§1§F§0§0§ln §x§F§F§1§0§0§0§lL§x§F§F§0§8§0§0§lo§x§F§F§0§0§0§0§lr§x§F§F§0§8§0§0§ld §x§F§F§1§7§0§0§lS§x§F§F§1§F§0§0§lh§x§F§F§2§7§0§0§li§x§F§F§2§F§0§0§le§x§F§F§3§6§0§0§ll§x§F§F§3§E§0§0§ld in auction for 500000.
[20:03:23] > Kwienn added x1 §x§F§F§3§E§0§0§lD§x§F§F§3§5§0§0§le§x§F§F§2§C§0§0§lm§x§F§F§2§3§0§0§lo§x§F§F§1§B§0§0§ln §x§F§F§0§9§0§0§lL§x§F§F§0§0§0§0§lo§x§F§F§0§A§0§0§lr§x§F§F§1§5§0§0§ld §x§F§F§2§9§0§0§lB§x§F§F§3§4§0§0§lo§x§F§F§3§E§0§0§lw in auction for 200000.
[20:06:36] > Kwienn added x1 §x§F§F§3§E§0§0§lD§x§F§F§3§6§0§0§le§x§F§F§2§F§0§0§lm§x§F§F§2§7§0§0§lo§x§F§F§1§F§0§0§ln §x§F§F§1§0§0§0§lL§x§F§F§0§8§0§0§lo§x§F§F§0§0§0§0§lr§x§F§F§0§8§0§0§ld §x§F§F§1§7§0§0§lS§x§F§F§1§F§0§0§lh§x§F§F§2§7§0§0§li§x§F§F§2§F§0§0§le§x§F§F§3§6§0§0§ll§x§F§F§3§E§0§0§ld in auction for 300000.
[20:06:58] > Kwienn added x1 §x§F§F§3§E§0§0§lD§x§F§F§3§6§0§0§le§x§F§F§2§F§0§0§lm§x§F§F§2§7§0§0§lo§x§F§F§1§F§0§0§ln §x§F§F§1§0§0§0§lL§x§F§F§0§8§0§0§lo§x§F§F§0§0§0§0§lr§x§F§F§0§8§0§0§ld §x§F§F§1§7§0§0§lH§x§F§F§1§F§0§0§le§x§F§F§2§7§0§0§ll§x§F§F§2§F§0§0§lm§x§F§F§3§6§0§0§le§x§F§F§3§E§0§0§lt in auction for 400000.
[20:08:47] > Artdeh remove x1 Visit /pwarp go IronShop for Iron Blocks from storage
[20:08:58] > Artdeh added x1 Visit /pwarp go IronShop for Iron Blocks in auction for 1000000000.
[20:10:38] > Zypher_0w0 added x1 Flight 2 in auction for 100000.
[20:11:41] > DefinitelyHani added x1 Enchanted book in auction for 20000.
[20:11:52] > DefinitelyHani added x1 Enchanted book in auction for 20000.
[20:11:58] > x1 §x§C§9§A§7§F§C§lL§x§B§D§A§E§F§6§le§x§B§1§B§4§F§0§lg§x§A§6§B§B§E§A§le§x§9§A§C§1§E§4§ln§x§8§E§C§8§D§D§ld§x§8§2§C§E§D§7§la§x§7§7§D§5§D§1§lr§x§6§B§D§B§C§B§ly §x§6§B§D§B§C§B§lC§x§7§7§D§5§D§1§lr§x§8§2§C§E§D§7§la§x§8§E§C§8§D§D§lt§x§9§A§C§1§E§4§le §x§B§1§B§4§F§0§lK§x§B§D§A§E§F§6§le§x§C§9§A§7§F§C§ly, bought by TostyZura, has just expired, the item is definitively deleted.
[20:12:00] > HwanYo remove x1 §x§F§F§7§C§0§0§lSteamsparks Key from buy
[20:12:02] > DefinitelyHani added x1 Enchanted book in auction for 20000.
[20:12:04] > BlueTea_Official buy x1 Enchanted book to DefinitelyHani for $20,000.
[20:12:06] > BlueTea_Official buy x1 Enchanted book to DefinitelyHani for $20,000.
[20:12:08] > BlueTea_Official buy x1 Enchanted book to DefinitelyHani for $20,000.
[20:12:12] > DefinitelyHani added x1 Enchanted book in auction for 20000.
[20:12:26] > DefinitelyHani added x1 Enchanted book in auction for 23000.
[20:12:36] > DefinitelyHani added x1 Enchanted book in auction for 23000.
[20:12:51] > DefinitelyHani added x64 Experience bottle in auction for 60000.
[20:13:01] > DefinitelyHani added x64 Experience bottle in auction for 60000.
[20:13:08] > .Kenku1001 buy x64 Experience bottle to DefinitelyHani for $60,000.
[20:13:12] > .Kenku1001 buy x64 Experience bottle to DefinitelyHani for $60,000.
[20:13:13] > DefinitelyHani added x64 Experience bottle in auction for 60000.
[20:13:23] > DefinitelyHani added x64 Experience bottle in auction for 60000.
[20:13:48] > .Kenku1001 buy x64 Experience bottle to DefinitelyHani for $60,000.
[20:13:51] > .Kenku1001 buy x64 Experience bottle to DefinitelyHani for $60,000.
[20:14:49] > CeeJaiye added x1 §f§l§x§F§A§0§0§0§AD§x§F§A§1§C§1§5a§x§F§B§3§7§2§0r§x§F§B§5§3§2§Bk§x§F§B§6§F§3§6f§x§F§B§8§B§4§1l§x§F§C§A§6§4§Ca§x§F§C§C§2§5§7me§x§F§C§A§6§4§C §x§F§B§8§B§4§1S§x§F§B§6§F§3§6h§x§F§B§5§3§2§Bo§x§F§B§3§7§2§0v§x§F§A§1§C§1§5e§x§F§A§0§0§0§Al in auction for 500000.
[20:15:09] > DefinitelyHani added x1 Enchanted book in auction for 25000.
[20:15:36] > .Allxnzv remove x1 §f§l§x§F§C§D§0§5§CW§x§F§A§A§6§4§Au§x§F§8§7§D§3§7k§x§F§7§5§3§2§5o§x§F§5§2§A§1§2n§x§F§3§0§0§0§0g§x§F§5§2§A§1§2 §x§F§7§5§3§2§5C§x§F§8§7§D§3§7l§x§F§A§A§6§4§Au§x§F§C§D§0§5§Cb from storage
[20:16:30] > DefinitelyHani added x1 Enchanted book in auction for 25000.
[20:19:36] > MrZyrus7228 added x4 Piston in auction for 10.
[20:19:46] > kkyleeeeesa buy x4 Piston to MrZyrus7228 for $10.
[20:22:54] > .carrots_5780 remove x1 §x§E§5§1§B§1§B§lDracula Axe from buy
[20:22:59] > .carrots_5780 remove x64 Spruce log from buy
[20:36:52] > SydneySweetie added x64 Experience bottle in auction for 50000.
[20:37:02] > HPMR_GaMerz buy x64 Experience bottle to SydneySweetie for $50,000.
[20:37:07] > HPMR_GaMerz buy x1 Flight 2 to Zypher_0w0 for $100,000.
[20:37:09] > SydneySweetie added x64 Experience bottle in auction for 50000.
[20:37:15] > HPMR_GaMerz buy x64 Experience bottle to SydneySweetie for $50,000.
[20:37:26] > HPMR_GaMerz buy x1 §x§E§4§3§A§9§6§lW§x§E§7§5§3§A§3§lI§x§E§B§6§B§B§0§lN§x§E§E§8§4§B§D§lG§x§F§2§9§D§C§B§lS §x§F§8§C§E§E§5§lO§x§F§C§E§6§F§2§lF §x§F§C§E§6§F§2§lE§x§F§8§C§E§E§5§lT§x§F§5§B§5§D§8§lE§x§F§2§9§D§C§B§lR§x§E§E§8§4§B§D§lN§x§E§B§6§B§B§0§lI§x§E§7§5§3§A§3§lT§x§E§4§3§A§9§6§lY to CeeJaiye for $6,000,000.
[20:37:27] > SydneySweetie added x64 Experience bottle in auction for 50000.
[20:37:32] > HPMR_GaMerz buy x64 Experience bottle to SydneySweetie for $50,000.
[20:38:14] > HPMR_GaMerz buy x1 §eᴄʀᴇᴇᴘᴇʀ sᴘᴀᴡɴᴇʀ to TostyZura for $300,000.
[20:38:21] > HPMR_GaMerz buy x3 §x§5§C§C§F§F§C§lC§x§5§C§D§1§F§5§lo§x§5§D§D§4§E§E§ls§x§5§D§D§6§E§7§lm§x§5§E§D§9§E§1§le§x§5§E§D§B§D§A§lt§x§5§E§D§D§D§3§li§x§5§F§E§0§C§C§lc §x§5§F§E§0§C§C§lH§x§5§E§D§D§D§3§la§x§5§E§D§B§D§A§lt§x§5§E§D§9§E§1§ls §x§5§D§D§4§E§E§lK§x§5§C§D§1§F§5§le§x§5§C§C§F§F§C§ly to celinesanrio for $30,000.
[20:38:26] > HPMR_GaMerz buy x1 §eʙʟᴀᴢᴇ sᴘᴀᴡɴᴇʀ to HwanYo for $400,000.
[20:38:40] > HPMR_GaMerz buy x1 §fGarden Hat to Ax_ for $50,000.
[20:39:00] > HPMR_GaMerz buy x1 §x§5§C§C§F§F§C§lC§x§5§C§D§1§F§5§lo§x§5§D§D§4§E§E§ls§x§5§D§D§6§E§7§lm§x§5§E§D§9§E§1§le§x§5§E§D§B§D§A§lt§x§5§E§D§D§D§3§li§x§5§F§E§0§C§C§lc §x§5§F§E§0§C§C§lH§x§5§E§D§D§D§3§la§x§5§E§D§B§D§A§lt§x§5§E§D§9§E§1§ls §x§5§D§D§4§E§E§lK§x§5§C§D§1§F§5§le§x§5§C§C§F§F§C§ly to namerikangel for $20,000.
[20:41:40] > BlueTea_Official added x1 Ominous bottle in auction for 100000.
[20:41:49] > HPMR_GaMerz buy x1 Ominous bottle to BlueTea_Official for $100,000.
[20:42:11] > BlueTea_Official buy x1 Enchanted book to DefinitelyHani for $20,000.
[20:42:19] > BlueTea_Official buy x1 Enchanted book to DefinitelyHani for $23,000.
[20:42:21] > BlueTea_Official buy x1 Enchanted book to DefinitelyHani for $23,000.
[20:42:24] > BlueTea_Official buy x1 Enchanted book to DefinitelyHani for $25,000.
[20:43:14] > .Allxnzv added x1 §f§l§x§F§C§D§0§5§CW§x§F§A§A§6§4§Au§x§F§8§7§D§3§7k§x§F§7§5§3§2§5o§x§F§5§2§A§1§2n§x§F§3§0§0§0§0g§x§F§5§2§A§1§2 §x§F§7§5§3§2§5C§x§F§8§7§D§3§7l§x§F§A§A§6§4§Au§x§F§C§D§0§5§Cb in auction for 520000.
[20:43:43] > BlueTea_Official added x1 Enchanted book in auction for 500000.
[20:47:47] > BlueTea_Official added x1 Bolt armor trim smithing template in auction for 50000.
[20:49:20] > BlueTea_Official added x1 Ominous bottle in auction for 100000.
[20:51:42] > HwanYo added x64 Experience bottle in auction for 130000.
[20:51:55] > HwanYo added x64 Experience bottle in auction for 130000.
[20:52:10] > HwanYo added x64 Experience bottle in auction for 130000.
[20:52:13] > x1 §f§l§x§F§A§0§0§0§AD§x§F§A§1§C§1§5a§x§F§B§3§7§2§0r§x§F§B§5§3§2§Bk§x§F§B§6§F§3§6f§x§F§B§8§B§4§1l§x§F§C§A§6§4§Ca§x§F§C§C§2§5§7me§x§F§C§A§6§4§C §x§F§B§8§B§4§1S§x§F§B§6§F§3§6h§x§F§B§5§3§2§Bo§x§F§B§3§7§2§0v§x§F§A§1§C§1§5e§x§F§A§0§0§0§Al, item of Sxth, has just expired, the item is definitively deleted.
[20:52:17] > x1 Elytra, bought by Zee_, has just expired, the item is definitively deleted.
[20:52:17] > x1 §x§F§F§3§E§0§0§lD§x§F§F§3§5§0§0§le§x§F§F§2§C§0§0§lm§x§F§F§2§3§0§0§lo§x§F§F§1§B§0§0§ln §x§F§F§0§9§0§0§lL§x§F§F§0§0§0§0§lo§x§F§F§0§A§0§0§lr§x§F§F§1§5§0§0§ld §x§F§F§2§9§0§0§lA§x§F§F§3§4§0§0§lx§x§F§F§3§E§0§0§le, bought by MrZyrus7228, has just expired, the item is definitively deleted.
[20:52:22] > HwanYo added x64 Experience bottle in auction for 130000.
[20:53:46] > Ax_ remove x1 §esᴘɪᴅᴇʀ sᴘᴀᴡɴᴇʀ form storage
[20:54:44] > Ax_ added x1 §esᴘɪᴅᴇʀ sᴘᴀᴡɴᴇʀ in auction for 450000.
[20:57:19] > .Quackity26957 buy x1 §esʜᴇᴇᴘ sᴘᴀᴡɴᴇʀ to PrinceBGC for $250,000.
[20:57:29] > .Quackity26957 remove x1 §esʜᴇᴇᴘ sᴘᴀᴡɴᴇʀ form buy
[21:01:38] > .Allxnzv added x1 §fMysterious Hat in auction for 25000.
[21:01:50] > HwanYo added x5 §x§F§C§D§0§5§C§lB§x§E§6§D§3§6§B§la§x§C§F§D§5§7§A§ls§x§B§9§D§8§8§9§li§x§A§2§D§A§9§8§lc §x§7§5§D§F§B§6§lC§x§5§F§E§2§C§5§lr§x§7§5§D§F§B§6§la§x§8§C§D§D§A§7§lt§x§A§2§D§A§9§8§le §x§C§F§D§5§7§A§lK§x§E§6§D§3§6§B§le§x§F§C§D§0§5§C§ly in auction for 25000.
[21:01:56] > ELITEAtlas added x1 §x§5§C§C§F§F§C§lC§x§5§C§D§1§F§5§lo§x§5§D§D§4§E§E§ls§x§5§D§D§6§E§7§lm§x§5§E§D§9§E§1§le§x§5§E§D§B§D§A§lt§x§5§E§D§D§D§3§li§x§5§F§E§0§C§C§lc §x§5§F§E§0§C§C§lH§x§5§E§D§D§D§3§la§x§5§E§D§B§D§A§lt§x§5§E§D§9§E§1§ls §x§5§D§D§4§E§E§lK§x§5§C§D§1§F§5§le§x§5§C§C§F§F§C§ly in auction for 50000.
[21:02:00] > giyahnpogi buy x5 §x§F§C§D§0§5§C§lB§x§E§6§D§3§6§B§la§x§C§F§D§5§7§A§ls§x§B§9§D§8§8§9§li§x§A§2§D§A§9§8§lc §x§7§5§D§F§B§6§lC§x§5§F§E§2§C§5§lr§x§7§5§D§F§B§6§la§x§8§C§D§D§A§7§lt§x§A§2§D§A§9§8§le §x§C§F§D§5§7§A§lK§x§E§6§D§3§6§B§le§x§F§C§D§0§5§C§ly to HwanYo for $25,000.
[21:02:00] > .SharkyisHungry added x1 §eᴡɪᴛᴄʜ ꜱᴘᴀᴡɴᴇʀ in auction for 850000.
[21:02:07] > mae buy x1 §eᴡɪᴛᴄʜ ꜱᴘᴀᴡɴᴇʀ to .SharkyisHungry for $850,000.
[21:02:24] > mae remove x1 §eᴡɪᴛᴄʜ ꜱᴘᴀᴡɴᴇʀ from buy
[21:03:09] > DanRaiv added x1 §fAdventure Hat in auction for 45000.
[21:03:22] > TostyZura buy x64 Experience bottle to HwanYo for $130,000.
[21:03:25] > TostyZura buy x64 Experience bottle to HwanYo for $130,000.
[21:03:30] > TostyZura remove x48 Experience bottle from buy
[21:03:31] > TostyZura remove x48 Experience bottle from buy
[21:03:36] > TostyZura buy x64 Experience bottle to HwanYo for $130,000.
[21:03:42] > TostyZura remove x48 Experience bottle from buy
[21:03:44] > HwanYo added x5 §x§F§C§9§0§5§C§lE§x§E§6§9§C§6§B§lp§x§C§F§A§7§7§A§li§x§B§9§B§3§8§9§lc §x§8§C§C§B§A§7§lC§x§7§5§D§6§B§6§lr§x§5§F§E§2§C§5§la§x§7§9§D§4§B§4§lt§x§9§3§C§7§A§2§le §x§C§8§A§B§7§F§lK§x§E§2§9§E§6§E§le§x§F§C§9§0§5§C§ly in auction for 50000.
[21:04:16] > BlueTea_Official buy x1 Enchanted book to DefinitelyHani for $25,000.
[21:05:23] > Shanksssuuuu added x1 §eᴄʜɪᴄᴋᴇɴ sᴘᴀᴡɴᴇʀ in auction for 500000.
[21:05:40] > Ax_ added x1 §fFarmer Hat in auction for 50000.
[21:06:22] > Ax_ added x1 §fBumble Bee Hat in auction for 50000.
[21:08:53] > DanRaiv remove x1 Ominous trial key from storage
[21:09:21] > BlueTea_Official remove x1 Enchanted book form buy
[21:09:21] > BlueTea_Official remove x1 Enchanted book form buy
[21:09:21] > BlueTea_Official remove x1 Enchanted book form buy
[21:09:21] > BlueTea_Official remove x1 Enchanted book form buy
[21:09:27] > Ax_ added x3 Shulker shell in auction for 18000.
[21:09:44] > BlueTea_Official remove x1 Enchanted book form buy
[21:09:44] > BlueTea_Official remove x1 Enchanted book form buy
[21:09:44] > BlueTea_Official remove x1 Enchanted book form buy
[21:09:44] > BlueTea_Official remove x1 Enchanted book form buy
[21:09:52] > .chonk3177 added x1 §f§x§F§B§B§6§1§DC§x§F§0§A§F§1§Ca§x§E§5§A§8§1§Bp§x§D§B§A§0§1§9y§x§D§0§9§9§1§8b§x§C§5§9§2§1§7a§x§B§A§8§B§1§6r§x§A§F§8§4§1§5a§x§A§4§7§D§1§4 §x§9§A§7§5§1§2H§x§8§F§6§E§1§1a§x§8§4§6§7§1§0t in auction for 75000.
[21:10:20] > JullianHuH buy x9 §x§8§8§E§C§3§3§lV§x§8§2§E§B§4§8§lo§x§7§C§E§9§5§D§lt§x§7§6§E§8§7§2§le §x§6§B§E§5§9§B§lC§x§6§5§E§3§B§0§lr§x§5§F§E§2§C§5§la§x§6§6§E§4§A§D§lt§x§6§D§E§5§9§4§le §x§7§A§E§9§6§4§lK§x§8§1§E§A§4§B§le§x§8§8§E§C§3§3§ly to celinesanrio for $400,000.
[21:11:04] > Ax_ added x6 Nether star in auction for 300000.
[21:11:46] > JullianHuH remove x9 §x§8§8§E§C§3§3§lV§x§8§2§E§B§4§8§lo§x§7§C§E§9§5§D§lt§x§7§6§E§8§7§2§le §x§6§B§E§5§9§B§lC§x§6§5§E§3§B§0§lr§x§5§F§E§2§C§5§la§x§6§6§E§4§A§D§lt§x§6§D§E§5§9§4§le §x§7§A§E§9§6§4§lK§x§8§1§E§A§4§B§le§x§8§8§E§C§3§3§ly from buy
[21:14:09] > TostyZura buy x64 Experience bottle to HwanYo for $130,000.
[21:14:48] > JullianHuH added x1 §x§F§F§3§E§0§0§lD§x§F§F§3§5§0§0§le§x§F§F§2§C§0§0§lm§x§F§F§2§3§0§0§lo§x§F§F§1§B§0§0§ln §x§F§F§0§9§0§0§lL§x§F§F§0§0§0§0§lo§x§F§F§0§A§0§0§lr§x§F§F§1§5§0§0§ld §x§F§F§2§9§0§0§lB§x§F§F§3§4§0§0§lo§x§F§F§3§E§0§0§lw in auction for 50000.
[21:14:53] > BlackKnight buy x1 §x§F§F§3§E§0§0§lD§x§F§F§3§5§0§0§le§x§F§F§2§C§0§0§lm§x§F§F§2§3§0§0§lo§x§F§F§1§B§0§0§ln §x§F§F§0§9§0§0§lL§x§F§F§0§0§0§0§lo§x§F§F§0§A§0§0§lr§x§F§F§1§5§0§0§ld §x§F§F§2§9§0§0§lB§x§F§F§3§4§0§0§lo§x§F§F§3§E§0§0§lw to JullianHuH for $50,000.
[21:17:26] > DanRaiv added x1 Flow banner pattern in auction for 100000.
[21:19:16] > TostyZura remove x48 Experience bottle from buy
[21:22:48] > JullianHuH buy x5 §x§F§C§D§0§5§C§lB§x§E§6§D§3§6§B§la§x§C§F§D§5§7§A§ls§x§B§9§D§8§8§9§li§x§A§2§D§A§9§8§lc §x§7§5§D§F§B§6§lC§x§5§F§E§2§C§5§lr§x§7§5§D§F§B§6§la§x§8§C§D§D§A§7§lt§x§A§2§D§A§9§8§le §x§C§F§D§5§7§A§lK§x§E§6§D§3§6§B§le§x§F§C§D§0§5§C§ly to .chonk3177 for $50,000.
[21:22:57] > JullianHuH remove x5 §x§F§C§D§0§5§C§lB§x§E§6§D§3§6§B§la§x§C§F§D§5§7§A§ls§x§B§9§D§8§8§9§li§x§A§2§D§A§9§8§lc §x§7§5§D§F§B§6§lC§x§5§F§E§2§C§5§lr§x§7§5§D§F§B§6§la§x§8§C§D§D§A§7§lt§x§A§2§D§A§9§8§le §x§C§F§D§5§7§A§lK§x§E§6§D§3§6§B§le§x§F§C§D§0§5§C§ly from buy
[21:24:18] > JullianHuH added x1 §x§E§5§1§B§1§B§lDracula Helmet in auction for 80000.
[21:26:16] > BlackKnight buy x1 §x§E§5§1§B§1§B§lDracula Helmet to JullianHuH for $80,000.
[21:26:29] > BlackKnight buy x1 §fBumble Bee Hat to Ax_ for $50,000.
[21:29:18] > SeamedTuna buy x1 Bow to DanRaiv for $100,000.
[21:31:43] > SeamedTuna remove x1 Bow from buy
[21:31:44] > SeamedTuna remove x1 Iron block from buy
[21:33:37] > .Allxnzv added x1 Wither skeleton skull in auction for 15000.
[21:33:48] > DanRaiv remove x1 Flow banner pattern from storage
[21:33:49] > DanRaiv remove x1 §fAdventure Hat from storage
[21:33:54] > DanRaiv added x1 §fAdventure Hat in auction for 20000.
[21:34:06] > DanRaiv added x1 Flow banner pattern in auction for 30000.
[21:34:09] > .Allxnzv remove x1 §fMysterious Hat from storage
[21:34:23] > .Allxnzv added x1 §fMysterious Hat in auction for 20000.
[21:51:27] > MochaFangs added x1 §f§l§8B§x§6§3§6§3§6§3a§x§7§1§7§1§7§1h§x§8§0§8§0§8§0a§x§8§E§8§E§8§Em§x§9§C§9§C§9§Cu§7t§x§9§C§9§C§9§C §x§8§E§8§E§8§EW§x§8§0§8§0§8§0i§x§7§1§7§1§7§1n§x§6§3§6§3§6§3g§8s in auction for 8500000.
[21:52:00] > MochaFangs remove x1 §f§l§8B§x§6§3§6§3§6§3a§x§7§1§7§1§7§1h§x§8§0§8§0§8§0a§x§8§E§8§E§8§Em§x§9§C§9§C§9§Cu§7t§x§9§C§9§C§9§C §x§8§E§8§E§8§EW§x§8§0§8§0§8§0i§x§7§1§7§1§7§1n§x§6§3§6§3§6§3g§8s from storage
[22:00:36] > celinesanrio buy x1 §f§l§x§C§6§D§E§F§1B§x§B§3§D§4§E§Eo§x§A§1§C§A§E§Bo§x§8§E§C§0§E§8s§x§7§C§B§6§E§4t§x§6§9§A§C§E§1e§x§5§7§A§2§D§Er§x§4§4§9§8§D§B §x§5§7§A§2§D§ET§x§6§9§A§C§E§1r§x§7§C§B§6§E§4i§x§8§E§C§0§E§8d§x§A§1§C§A§E§Be§x§B§3§D§4§E§En§x§C§6§D§E§F§1t to CeeJaiye for $1,000,000.
[22:00:39] > celinesanrio remove x1 §f§l§x§C§6§D§E§F§1B§x§B§3§D§4§E§Eo§x§A§1§C§A§E§Bo§x§8§E§C§0§E§8s§x§7§C§B§6§E§4t§x§6§9§A§C§E§1e§x§5§7§A§2§D§Er§x§4§4§9§8§D§B §x§5§7§A§2§D§ET§x§6§9§A§C§E§1r§x§7§C§B§6§E§4i§x§8§E§C§0§E§8d§x§A§1§C§A§E§Be§x§B§3§D§4§E§En§x§C§6§D§E§F§1t form buy
[22:13:58] > DanRaiv added x1 Go to PotsAndMats for pot materials and potions! in auction for 10000000000000000.
[22:14:22] > Jeax buy x3 Shulker shell to Ax_ for $18,000.
[22:15:44] > DanRaiv remove x1 Netherite boots from storage
[22:16:20] > DanRaiv added x1 Netherite boots in auction for 300000.
[22:16:55] > Schminkipoo buy x1 Netherite boots to DanRaiv for $300,000.
[22:17:03] > Schminkipoo remove x1 Netherite boots from buy
[22:17:03] > Schminkipoo remove x1 §eᴘɪɢ sᴘᴀᴡɴᴇʀ from buy
[22:17:04] > Schminkipoo remove x1 §eᴘɪɢ sᴘᴀᴡɴᴇʀ from buy
[22:17:04] > Schminkipoo remove x1 §eᴄᴏᴡ sᴘᴀᴡɴᴇʀ from buy
[22:17:05] > Schminkipoo remove x1 §esᴋᴇʟᴇᴛᴏɴ sᴘᴀᴡɴᴇʀ from buy
[22:24:02] > HwanYo remove x5 §x§F§C§9§0§5§C§lE§x§E§6§9§C§6§B§lp§x§C§F§A§7§7§A§li§x§B§9§B§3§8§9§lc §x§8§C§C§B§A§7§lC§x§7§5§D§6§B§6§lr§x§5§F§E§2§C§5§la§x§7§9§D§4§B§4§lt§x§9§3§C§7§A§2§le §x§C§8§A§B§7§F§lK§x§E§2§9§E§6§E§le§x§F§C§9§0§5§C§ly from storage
[22:24:11] > HwanYo added x5 §x§F§C§9§0§5§C§lE§x§E§6§9§C§6§B§lp§x§C§F§A§7§7§A§li§x§B§9§B§3§8§9§lc §x§8§C§C§B§A§7§lC§x§7§5§D§6§B§6§lr§x§5§F§E§2§C§5§la§x§7§9§D§4§B§4§lt§x§9§3§C§7§A§2§le §x§C§8§A§B§7§F§lK§x§E§2§9§E§6§E§le§x§F§C§9§0§5§C§ly in auction for 30000.
[22:25:57] > HwanYo added x64 Experience bottle in auction for 150000.
[22:26:09] > HwanYo added x64 Experience bottle in auction for 150000.
[22:26:24] > HwanYo added x64 Experience bottle in auction for 150000.
[22:26:42] > HwanYo added x64 Experience bottle in auction for 150000.
[22:27:14] > HwanYo added x64 Experience bottle in auction for 150000.
[22:41:51] > omikiyomi buy x1 §f§l§x§F§A§0§0§0§AD§x§F§A§1§C§1§5a§x§F§B§3§7§2§0r§x§F§B§5§3§2§Bk§x§F§B§6§F§3§6f§x§F§B§8§B§4§1l§x§F§C§A§6§4§Ca§x§F§C§C§2§5§7me§x§F§C§A§6§4§C §x§F§B§8§B§4§1S§x§F§B§6§F§3§6h§x§F§B§5§3§2§Bo§x§F§B§3§7§2§0v§x§F§A§1§C§1§5e§x§F§A§0§0§0§Al to CeeJaiye for $500,000.
[22:41:55] > omikiyomi remove x1 §f§l§x§F§A§0§0§0§AD§x§F§A§1§C§1§5a§x§F§B§3§7§2§0r§x§F§B§5§3§2§Bk§x§F§B§6§F§3§6f§x§F§B§8§B§4§1l§x§F§C§A§6§4§Ca§x§F§C§C§2§5§7me§x§F§C§A§6§4§C §x§F§B§8§B§4§1S§x§F§B§6§F§3§6h§x§F§B§5§3§2§Bo§x§F§B§3§7§2§0v§x§F§A§1§C§1§5e§x§F§A§0§0§0§Al from buy
[22:42:07] > HwanYo added x64 Experience bottle in auction for 150000.
[22:53:53] > x2 Coast armor trim smithing template on sale by HPMR_GaMerz has just expired, it goes in the inventory of expired items.
[22:56:13] > x1 §x§F§F§5§5§0§0§lsᴇʟʟᴡᴀɴᴅ §6- 5.0x on sale by Keenorana has just expired, it goes in the inventory of expired items.
[22:56:16] > baba added x1 Exp bottles restocked at /pwarp NewExpBottles in auction for 100000000000.
[23:03:10] > x6 Coast armor trim smithing template on sale by HPMR_GaMerz has just expired, it goes in the inventory of expired items.
[23:16:56] > HPMR_GaMerz buy x1 §fAdventure Hat to DanRaiv for $20,000.
[23:17:05] > HPMR_GaMerz buy x1 §fMysterious Hat to .Allxnzv for $20,000.
[23:17:10] > HPMR_GaMerz buy x1 §fFarmer Hat to Ax_ for $50,000.
[23:17:20] > HPMR_GaMerz buy x1 §f§x§F§B§B§6§1§DC§x§F§0§A§F§1§Ca§x§E§5§A§8§1§Bp§x§D§B§A§0§1§9y§x§D§0§9§9§1§8b§x§C§5§9§2§1§7a§x§B§A§8§B§1§6r§x§A§F§8§4§1§5a§x§A§4§7§D§1§4 §x§9§A§7§5§1§2H§x§8§F§6§E§1§1a§x§8§4§6§7§1§0t to .chonk3177 for $75,000.
[23:17:52] > HPMR_GaMerz buy x64 Pale oak log to giyahnpogi for $20,000.
[23:27:32] > .Allxnzv added x1 §eʙʟᴀᴢᴇ sᴘᴀᴡɴᴇʀ in auction for 750000.
[23:36:19] > Unforce01 added x1 §f§l§x§8§A§0§0§F§FS§x§9§9§0§0§D§Bh§x§A§8§0§0§B§6i§x§B§7§0§0§9§2n§x§C§6§0§0§6§De§x§D§5§0§0§4§9 §x§E§4§0§0§2§4O§x§F§3§0§0§0§0n§x§E§4§0§0§2§4i§x§D§5§0§0§4§9 §x§C§6§0§0§6§DS§x§B§7§0§0§9§2t§x§A§8§0§0§B§6a§x§9§9§0§0§D§Bf§x§8§A§0§0§F§Ff in auction for 2000000.
[23:36:47] > HPMR_GaMerz buy x1 Bolt armor trim smithing template to BlueTea_Official for $50,000.
[23:38:34] > ELITEAtlas added x1 §f§l§x§8§A§0§0§F§FS§x§9§6§0§0§E§3h§x§A§1§0§0§C§6i§x§A§D§0§0§A§An§x§B§9§0§0§8§Ee§x§C§4§0§0§7§1 §x§D§0§0§0§5§5O§x§D§C§0§0§3§9n§x§E§7§0§0§1§Ci§x§F§3§0§0§0§0 §x§E§7§0§0§1§CB§x§D§C§0§0§3§9i§x§D§0§0§0§5§5g§x§C§4§0§0§7§1 §x§B§9§0§0§8§ES§x§A§D§0§0§A§Aw§x§A§1§0§0§C§6o§x§9§6§0§0§E§3r§x§8§A§0§0§F§Fd in auction for 3000000.
[23:39:56] > Kaze buy x64 Experience bottle to HwanYo for $150,000.
[23:42:01] > cinterMC added x1 §x§F§0§7§A§5§4§lZombie Apocalyptic Wing in auction for 3000000.
[23:42:37] > x1 End Portal Frame, bought by Forcebenzz, has just expired, the item is definitively deleted.
[23:42:38] > Kaze remove x64 Experience bottle from buy
[23:42:50] > .worldlord7830 remove x64 Experience bottle from buy
[23:43:00] > RainyDeeed69_ added x1 §x§5§9§A§1§D§9§lA§x§6§A§A§A§D§Dr§x§7§A§B§4§E§1c§x§8§B§B§D§E§4h§x§9§B§C§7§E§8a§x§A§C§D§0§E§Cn§x§B§D§D§9§F§0g§x§C§D§E§3§F§4e§x§D§E§E§C§F§7l §fF§x§E§E§F§6§F§Bi§x§D§E§E§C§F§7s§x§C§D§E§3§F§4h§x§B§D§D§9§F§0i§x§A§C§D§0§E§Cn§x§9§B§C§7§E§8g §x§7§A§B§4§E§1R§x§6§A§A§A§D§Do§x§5§9§A§1§D§9d in auction for 1000000.
[23:43:39] > RainyDeeed69_ added x1 §x§E§5§1§B§1§B§lDracula Bow in auction for 100000.
[23:43:50] > .Allxnzv added x1 §f§l§x§8§A§0§0§F§FS§x§9§6§0§0§E§1h§x§A§3§0§0§C§3i§x§A§F§0§0§A§5n§x§B§B§0§0§8§7e§x§C§8§0§0§6§9 §x§D§4§0§0§4§BO§x§E§0§0§0§2§Dn§x§E§D§0§0§0§Fi §x§E§0§0§0§2§DL§x§D§4§0§0§4§Be§x§C§8§0§0§6§9g§x§B§B§0§0§8§7g§x§A§F§0§0§A§5i§x§A§3§0§0§C§3n§x§9§6§0§0§E§1g§x§8§A§0§0§F§Fs in auction for 1300000.
[23:43:53] > koshie buy x1 §f§l§x§8§A§0§0§F§FS§x§9§6§0§0§E§1h§x§A§3§0§0§C§3i§x§A§F§0§0§A§5n§x§B§B§0§0§8§7e§x§C§8§0§0§6§9 §x§D§4§0§0§4§BO§x§E§0§0§0§2§Dn§x§E§D§0§0§0§Fi §x§E§0§0§0§2§DL§x§D§4§0§0§4§Be§x§C§8§0§0§6§9g§x§B§B§0§0§8§7g§x§A§F§0§0§A§5i§x§A§3§0§0§C§3n§x§9§6§0§0§E§1g§x§8§A§0§0§F§Fs to .Allxnzv for $1,300,000.
[23:44:31] > RainyDeeed69_ added x1 §f§l§x§8§A§0§0§F§FS§x§9§8§0§0§D§Dh§x§A§6§0§0§B§Bi§x§B§4§0§0§9§9n§x§C§2§0§0§7§7e§x§D§0§0§0§5§5 §x§D§E§0§0§3§3O§x§E§C§0§0§1§1ni§x§D§E§0§0§3§3 §x§D§0§0§0§5§5S§x§C§2§0§0§7§7h§x§B§4§0§0§9§9i§x§A§6§0§0§B§Be§x§9§8§0§0§D§Dl§x§8§A§0§0§F§Fd in auction for 1000000.
[23:44:32] > sigman added x1 §f§l§x§F§C§D§0§5§CW§x§F§B§B§0§4§Eu§x§F§9§9§0§4§0k§x§F§8§7§0§3§2o§x§F§6§5§0§2§3n§x§F§5§3§0§1§5g§x§F§4§1§0§0§7 H§x§F§5§3§0§1§5a§x§F§6§5§0§2§3l§x§F§8§7§0§3§2b§x§F§9§9§0§4§0e§x§F§B§B§0§4§Er§x§F§C§D§0§5§Cd in auction for 250000.
[23:44:46] > anneyong buy x1 §x§5§9§A§1§D§9§lA§x§6§A§A§A§D§Dr§x§7§A§B§4§E§1c§x§8§B§B§D§E§4h§x§9§B§C§7§E§8a§x§A§C§D§0§E§Cn§x§B§D§D§9§F§0g§x§C§D§E§3§F§4e§x§D§E§E§C§F§7l §fF§x§E§E§F§6§F§Bi§x§D§E§E§C§F§7s§x§C§D§E§3§F§4h§x§B§D§D§9§F§0i§x§A§C§D§0§E§Cn§x§9§B§C§7§E§8g §x§7§A§B§4§E§1R§x§6§A§A§A§D§Do§x§5§9§A§1§D§9d to RainyDeeed69_ for $1,000,000.
[23:44:51] > sigman added x1 §x§E§5§1§B§1§B§lDracula Shield in auction for 250000.
[23:44:55] > RainyDeeed69_ added x1 §f§l§x§F§C§D§0§5§CW§x§F§B§B§8§5§1u§x§F§A§9§F§4§6k§x§F§9§8§7§3§Co§x§F§8§6§E§3§1n§x§F§7§5§6§2§6g§x§F§6§3§D§1§B §x§F§5§2§5§1§0F§x§F§4§0§C§0§5is§x§F§5§2§5§1§0h§x§F§6§3§D§1§Bi§x§F§7§5§6§2§6n§x§F§8§6§E§3§1g§x§F§9§8§7§3§C §x§F§A§9§F§4§6R§x§F§B§B§8§5§1o§x§F§C§D§0§5§Cd in auction for 100000.
[23:45:07] > sigman added x1 §f§l§x§8§A§0§0§F§FS§x§9§8§0§0§D§Dh§x§A§6§0§0§B§Bi§x§B§4§0§0§9§9n§x§C§2§0§0§7§7e§x§D§0§0§0§5§5 §x§D§E§0§0§3§3O§x§E§C§0§0§1§1ni§x§D§E§0§0§3§3 §x§D§0§0§0§5§5S§x§C§2§0§0§7§7h§x§B§4§0§0§9§9i§x§A§6§0§0§B§Be§x§9§8§0§0§D§Dl§x§8§A§0§0§F§Fd in auction for 250000.
[23:45:13] > anneyong buy x1 §f§l§x§8§A§0§0§F§FS§x§9§8§0§0§D§Dh§x§A§6§0§0§B§Bi§x§B§4§0§0§9§9n§x§C§2§0§0§7§7e§x§D§0§0§0§5§5 §x§D§E§0§0§3§3O§x§E§C§0§0§1§1ni§x§D§E§0§0§3§3 §x§D§0§0§0§5§5S§x§C§2§0§0§7§7h§x§B§4§0§0§9§9i§x§A§6§0§0§B§Be§x§9§8§0§0§D§Dl§x§8§A§0§0§F§Fd to sigman for $250,000.
[23:45:35] > BlackKnight buy x1 §f§l§x§F§C§D§0§5§CW§x§F§B§B§8§5§1u§x§F§A§9§F§4§6k§x§F§9§8§7§3§Co§x§F§8§6§E§3§1n§x§F§7§5§6§2§6g§x§F§6§3§D§1§B §x§F§5§2§5§1§0F§x§F§4§0§C§0§5is§x§F§5§2§5§1§0h§x§F§6§3§D§1§Bi§x§F§7§5§6§2§6n§x§F§8§6§E§3§1g§x§F§9§8§7§3§C §x§F§A§9§F§4§6R§x§F§B§B§8§5§1o§x§F§C§D§0§5§Cd to RainyDeeed69_ for $100,000.
[23:46:01] > RainyDeeed69_ remove x1 §f§l§x§8§A§0§0§F§FS§x§9§8§0§0§D§Dh§x§A§6§0§0§B§Bi§x§B§4§0§0§9§9n§x§C§2§0§0§7§7e§x§D§0§0§0§5§5 §x§D§E§0§0§3§3O§x§E§C§0§0§1§1ni§x§D§E§0§0§3§3 §x§D§0§0§0§5§5S§x§C§2§0§0§7§7h§x§B§4§0§0§9§9i§x§A§6§0§0§B§Be§x§9§8§0§0§D§Dl§x§8§A§0§0§F§Fd from storage
[23:46:22] > RainyDeeed69_ added x1 §f§l§x§8§A§0§0§F§FS§x§9§8§0§0§D§Dh§x§A§6§0§0§B§Bi§x§B§4§0§0§9§9n§x§C§2§0§0§7§7e§x§D§0§0§0§5§5 §x§D§E§0§0§3§3O§x§E§C§0§0§1§1ni§x§D§E§0§0§3§3 §x§D§0§0§0§5§5S§x§C§2§0§0§7§7h§x§B§4§0§0§9§9i§x§A§6§0§0§B§Be§x§9§8§0§0§D§Dl§x§8§A§0§0§F§Fd in auction for 1000000.
[23:46:38] > .Allxnzv added x1 §f§l§x§F§A§0§0§0§AD§x§F§A§1§A§1§4a§x§F§B§3§4§1§Fr§x§F§B§4§E§2§9k§x§F§B§6§8§3§3f§x§F§B§8§2§3§Dl§x§F§C§9§C§4§8a§x§F§C§B§6§5§2m§x§F§C§D§0§5§Ce§x§F§C§D§0§5§C §x§F§C§B§6§5§2L§x§F§C§9§C§4§8e§x§F§B§8§2§3§Dg§x§F§B§6§8§3§3g§x§F§B§4§E§2§9i§x§F§B§3§4§1§Fn§x§F§A§1§A§1§4g§x§F§A§0§0§0§As in auction for 150000.
[23:46:40] > BlackKnight buy x1 §f§l§x§F§A§0§0§0§AD§x§F§A§1§A§1§4a§x§F§B§3§4§1§Fr§x§F§B§4§E§2§9k§x§F§B§6§8§3§3f§x§F§B§8§2§3§Dl§x§F§C§9§C§4§8a§x§F§C§B§6§5§2m§x§F§C§D§0§5§Ce§x§F§C§D§0§5§C §x§F§C§B§6§5§2L§x§F§C§9§C§4§8e§x§F§B§8§2§3§Dg§x§F§B§6§8§3§3g§x§F§B§4§E§2§9i§x§F§B§3§4§1§Fn§x§F§A§1§A§1§4g§x§F§A§0§0§0§As to .Allxnzv for $150,000.
[23:47:56] > fantoofy buy x1 Netherite upgrade smithing template to Doomday152 for $250,000.
[23:48:16] > fantoofy remove x1 Netherite upgrade smithing template from buy
[23:48:36] > .Kenku1001 added x1 §f§l§x§F§C§D§0§5§CW§x§F§A§A§A§4§Bu§x§F§9§8§4§3§Bk§x§F§7§5§F§2§Ao§x§F§5§3§9§1§9n§x§F§4§1§3§0§8g §x§F§5§3§9§1§9W§x§F§7§5§F§2§Ai§x§F§9§8§4§3§Bn§x§F§A§A§A§4§Bg§x§F§C§D§0§5§Cs in auction for 3500000.
[23:49:55] > .Kenku1001 added x1 §f§l§8B§x§6§6§6§6§6§6a§x§7§7§7§7§7§7h§x§8§8§8§8§8§8a§x§9§9§9§9§9§9m§7u§x§9§9§9§9§9§9t§x§8§8§8§8§8§8 §x§7§7§7§7§7§7K§x§6§6§6§6§6§6e§8y in auction for 2000000.
[23:49:57] > UnavailableTest added x1 §x§5§9§A§1§D§9§lA§x§7§5§B§1§D§Fr§x§9§0§C§0§E§6c§x§A§C§D§0§E§Ch§x§C§8§E§0§F§2a§x§E§3§E§F§F§9n§fg§x§E§3§E§F§F§9e§x§C§8§E§0§F§2l §x§9§0§C§0§E§6B§x§7§5§B§1§D§Fo§x§5§9§A§1§D§9w in auction for 200000.
[23:50:01] > koshie buy x1 §x§5§9§A§1§D§9§lA§x§7§5§B§1§D§Fr§x§9§0§C§0§E§6c§x§A§C§D§0§E§Ch§x§C§8§E§0§F§2a§x§E§3§E§F§F§9n§fg§x§E§3§E§F§F§9e§x§C§8§E§0§F§2l §x§9§0§C§0§E§6B§x§7§5§B§1§D§Fo§x§5§9§A§1§D§9w to UnavailableTest for $200,000.
[23:50:39] > .Allxnzv added x1 §x§5§9§A§1§D§9§lA§x§6§E§A§D§D§Er§x§8§3§B§9§E§3c§x§9§7§C§4§E§7h§x§A§C§D§0§E§Ca§x§C§1§D§C§F§1n§x§D§6§E§8§F§6g§x§E§A§F§3§F§Ae§fl §x§D§0§E§4§F§4H§x§B§8§D§7§E§Fe§x§A§0§C§9§E§9l§x§8§8§B§C§E§4m§x§7§1§A§E§D§Ee§x§5§9§A§1§D§9t in auction for 1700000.
[23:51:15] > .Allxnzv remove x1 §f§l§x§F§C§D§0§5§CW§x§F§A§A§6§4§Au§x§F§8§7§D§3§7k§x§F§7§5§3§2§5o§x§F§5§2§A§1§2n§x§F§3§0§0§0§0g§x§F§5§2§A§1§2 §x§F§7§5§3§2§5C§x§F§8§7§D§3§7l§x§F§A§A§6§4§Au§x§F§C§D§0§5§Cb from storage
[23:51:47] > .Allxnzv added x1 §f§l§x§F§C§D§0§5§CW§x§F§A§A§6§4§Au§x§F§8§7§D§3§7k§x§F§7§5§3§2§5o§x§F§5§2§A§1§2n§x§F§3§0§0§0§0g§x§F§5§2§A§1§2 §x§F§7§5§3§2§5C§x§F§8§7§D§3§7l§x§F§A§A§6§4§Au§x§F§C§D§0§5§Cb in auction for 500000.
[23:54:49] > Kanzie20 added x1 §x§E§5§1§B§1§B§lDracula Blade in auction for 100000.
[23:55:13] > Unforce01 remove x1 §f§l§x§8§A§0§0§F§FS§x§9§9§0§0§D§Bh§x§A§8§0§0§B§6i§x§B§7§0§0§9§2n§x§C§6§0§0§6§De§x§D§5§0§0§4§9 §x§E§4§0§0§2§4O§x§F§3§0§0§0§0n§x§E§4§0§0§2§4i§x§D§5§0§0§4§9 §x§C§6§0§0§6§DS§x§B§7§0§0§9§2t§x§A§8§0§0§B§6a§x§9§9§0§0§D§Bf§x§8§A§0§0§F§Ff from storage
[23:55:27] > koshie added x1 §fParrot Plushie (Red) §6(#57/101) in auction for 50000.
[23:55:36] > Unforce01 added x1 §f§l§x§8§A§0§0§F§FS§x§9§9§0§0§D§Bh§x§A§8§0§0§B§6i§x§B§7§0§0§9§2n§x§C§6§0§0§6§De§x§D§5§0§0§4§9 §x§E§4§0§0§2§4O§x§F§3§0§0§0§0n§x§E§4§0§0§2§4i§x§D§5§0§0§4§9 §x§C§6§0§0§6§DS§x§B§7§0§0§9§2t§x§A§8§0§0§B§6a§x§9§9§0§0§D§Bf§x§8§A§0§0§F§Ff in auction for 1500000.
[23:55:37] > Kanzie20 buy x1 §fParrot Plushie (Red) §6(#57/101) to koshie for $50,000.
[23:56:43] > UnavailableTest buy x1 §f§l§x§8§A§0§0§F§FS§x§9§9§0§0§D§Bh§x§A§8§0§0§B§6i§x§B§7§0§0§9§2n§x§C§6§0§0§6§De§x§D§5§0§0§4§9 §x§E§4§0§0§2§4O§x§F§3§0§0§0§0n§x§E§4§0§0§2§4i§x§D§5§0§0§4§9 §x§C§6§0§0§6§DS§x§B§7§0§0§9§2t§x§A§8§0§0§B§6a§x§9§9§0§0§D§Bf§x§8§A§0§0§F§Ff to Unforce01 for $1,500,000.
[23:56:50] > UnavailableTest remove x1 §f§l§x§8§A§0§0§F§FS§x§9§9§0§0§D§Bh§x§A§8§0§0§B§6i§x§B§7§0§0§9§2n§x§C§6§0§0§6§De§x§D§5§0§0§4§9 §x§E§4§0§0§2§4O§x§F§3§0§0§0§0n§x§E§4§0§0§2§4i§x§D§5§0§0§4§9 §x§C§6§0§0§6§DS§x§B§7§0§0§9§2t§x§A§8§0§0§B§6a§x§9§9§0§0§D§Bf§x§8§A§0§0§F§Ff form buy
[23:57:08] > Kanzie20 added x1 §f§l§x§F§A§0§0§0§AD§x§F§A§1§A§1§4a§x§F§B§3§4§1§Fr§x§F§B§4§E§2§9k§x§F§B§6§8§3§3f§x§F§B§8§2§3§Dl§x§F§C§9§C§4§8a§x§F§C§B§6§5§2m§x§F§C§D§0§5§Ce§x§F§C§B§6§5§2 §x§F§C§9§C§4§8P§x§F§B§8§2§3§Di§x§F§B§6§8§3§3c§x§F§B§4§E§2§9k§x§F§B§3§4§1§Fa§x§F§A§1§A§1§4x§x§F§A§0§0§0§Ae in auction for 150000.
[23:57:27] > anneyong buy x1 §f§l§x§F§A§0§0§0§AD§x§F§A§1§A§1§4a§x§F§B§3§4§1§Fr§x§F§B§4§E§2§9k§x§F§B§6§8§3§3f§x§F§B§8§2§3§Dl§x§F§C§9§C§4§8a§x§F§C§B§6§5§2m§x§F§C§D§0§5§Ce§x§F§C§B§6§5§2 §x§F§C§9§C§4§8P§x§F§B§8§2§3§Di§x§F§B§6§8§3§3c§x§F§B§4§E§2§9k§x§F§B§3§4§1§Fa§x§F§A§1§A§1§4x§x§F§A§0§0§0§Ae to Kanzie20 for $150,000.
[23:57:46] > Kanzie20 added x1 §x§F§0§7§A§5§4§lZombie Apocalyptic Chestplate in auction for 100000.
[23:58:18] > .Kenku1001 remove x1 §f§l§x§F§C§D§0§5§CW§x§F§A§A§A§4§Bu§x§F§9§8§4§3§Bk§x§F§7§5§F§2§Ao§x§F§5§3§9§1§9n§x§F§4§1§3§0§8g §x§F§5§3§9§1§9W§x§F§7§5§F§2§Ai§x§F§9§8§4§3§Bn§x§F§A§A§A§4§Bg§x§F§C§D§0§5§Cs from storage
[23:58:26] > .Kenku1001 added x1 §f§l§x§F§C§D§0§5§CW§x§F§A§A§A§4§Bu§x§F§9§8§4§3§Bk§x§F§7§5§F§2§Ao§x§F§5§3§9§1§9n§x§F§4§1§3§0§8g §x§F§5§3§9§1§9W§x§F§7§5§F§2§Ai§x§F§9§8§4§3§Bn§x§F§A§A§A§4§Bg§x§F§C§D§0§5§Cs in auction for 2000000.
[23:59:04] > .Kenku1001 remove x34 Experience bottle from buy
[23:59:04] > .Kenku1001 remove x34 Experience bottle from buy
[23:59:05] > .Kenku1001 remove x34 Experience bottle from buy
[23:59:05] > .Kenku1001 remove x34 Experience bottle from buy
[00:00:03] > BlueTea_Official added x1 Diamond helmet in auction for 200000.
[00:03:03] > El3ctric_Ey3 buy x1 §x§F§0§7§A§5§4§lZombie Apocalyptic Chestplate to Kanzie20 for $100,000.
[00:03:14] > koshie added x1 §x§F§0§7§A§5§4§lZombie Apocalyptic Shield in auction for 100000.
[00:03:15] > UnavailableTest added x1 §f§l§x§F§C§D§0§5§CW§x§F§A§A§2§4§8u§x§F§8§7§4§3§3k§x§F§6§4§5§1§Fo§x§F§4§1§7§0§Ang§x§F§6§4§5§1§F §x§F§8§7§4§3§3B§x§F§A§A§2§4§8o§x§F§C§D§0§5§Cw in auction for 100000.
[00:03:36] > koshie added x1 §x§F§0§7§A§5§4§lZombie Apocalyptic SMG in auction for 100000.
[00:03:48] > El3ctric_Ey3 remove x1 §x§F§0§7§A§5§4§lZombie Apocalyptic Chestplate from buy
[00:03:50] > UnavailableTest added x1 §f§l§x§F§A§0§0§0§AD§x§F§A§2§A§1§Aa§x§F§B§5§3§2§Br§x§F§B§7§D§3§Bk§x§F§C§A§6§4§Cf§x§F§C§D§0§5§Cl§x§F§C§D§0§5§Ca§x§F§C§A§D§4§Em§x§F§B§8§B§4§1e§x§F§B§6§8§3§3 §x§F§B§4§5§2§5B§x§F§A§2§3§1§8o§x§F§A§0§0§0§Aw in auction for 50000.
[00:03:55] > Unforce01 buy x1 §f§l§x§F§A§0§0§0§AD§x§F§A§2§A§1§Aa§x§F§B§5§3§2§Br§x§F§B§7§D§3§Bk§x§F§C§A§6§4§Cf§x§F§C§D§0§5§Cl§x§F§C§D§0§5§Ca§x§F§C§A§D§4§Em§x§F§B§8§B§4§1e§x§F§B§6§8§3§3 §x§F§B§4§5§2§5B§x§F§A§2§3§1§8o§x§F§A§0§0§0§Aw to UnavailableTest for $50,000.
[00:04:09] > UnavailableTest remove x1 §f§l§x§F§C§D§0§5§CW§x§F§A§A§2§4§8u§x§F§8§7§4§3§3k§x§F§6§4§5§1§Fo§x§F§4§1§7§0§Ang§x§F§6§4§5§1§F §x§F§8§7§4§3§3B§x§F§A§A§2§4§8o§x§F§C§D§0§5§Cw form storage
[00:04:22] > UnavailableTest added x1 §f§l§x§F§C§D§0§5§CW§x§F§A§A§2§4§8u§x§F§8§7§4§3§3k§x§F§6§4§5§1§Fo§x§F§4§1§7§0§Ang§x§F§6§4§5§1§F §x§F§8§7§4§3§3B§x§F§A§A§2§4§8o§x§F§C§D§0§5§Cw in auction for 70000.
[00:04:43] > El3ctric_Ey3 added x1 §x§F§0§7§A§5§4§lZombie Apocalyptic Chestplate in auction for 150000.
[00:04:58] > Unforce01 added x1 §fButterfly Hat in auction for 10000.
[00:04:59] > cinterMC remove x1 §fHusk Plushie §6(#50/101) from storage
[00:05:04] > cinterMC added x1 §eʙʟᴀᴢᴇ sᴘᴀᴡɴᴇʀ in auction for 1100000.
[00:05:28] > UnavailableTest added x1 §f§l§8B§x§6§3§6§3§6§3a§x§7§1§7§1§7§1h§x§8§0§8§0§8§0a§x§8§E§8§E§8§Em§x§9§C§9§C§9§Cu§7t§x§9§C§9§C§9§C §x§8§E§8§E§8§EB§x§8§0§8§0§8§0o§x§7§1§7§1§7§1o§x§6§3§6§3§6§3t§8s in auction for 1000000.
[00:05:48] > sigman remove x1 §x§E§5§1§B§1§B§lDracula Shield from storage
[00:05:49] > sigman remove x1 §f§l§x§F§C§D§0§5§CW§x§F§B§B§0§4§Eu§x§F§9§9§0§4§0k§x§F§8§7§0§3§2o§x§F§6§5§0§2§3n§x§F§5§3§0§1§5g§x§F§4§1§0§0§7 H§x§F§5§3§0§1§5a§x§F§6§5§0§2§3l§x§F§8§7§0§3§2b§x§F§9§9§0§4§0e§x§F§B§B§0§4§Er§x§F§C§D§0§5§Cd from storage
[00:06:00] > UnavailableTest remove x1 §f§l§8B§x§6§3§6§3§6§3a§x§7§1§7§1§7§1h§x§8§0§8§0§8§0a§x§8§E§8§E§8§Em§x§9§C§9§C§9§Cu§7t§x§9§C§9§C§9§C §x§8§E§8§E§8§EB§x§8§0§8§0§8§0o§x§7§1§7§1§7§1o§x§6§3§6§3§6§3t§8s from storage
[00:06:02] > sigman added x1 §x§E§5§1§B§1§B§lDracula Shield in auction for 250000.
[00:06:03] > koshie added x1 §f§l§x§F§C§D§0§5§CW§x§F§B§C§3§5§6u§x§F§B§B§6§5§1k§x§F§A§A§9§4§Bo§x§F§A§9§C§4§5n§x§F§9§8§F§3§Fg§x§F§9§8§2§3§A §x§F§8§7§5§3§4C§x§F§8§6§8§2§Eh§x§F§7§5§B§2§8e§x§F§6§4§E§2§3s§x§F§6§4§1§1§Dt§x§F§5§3§4§1§7p§x§F§5§2§7§1§1l§x§F§4§1§A§0§Ca§x§F§4§0§D§0§6t§x§F§3§0§0§0§0e in auction for 10.
[00:06:06] > Unforce01 buy x1 §f§l§x§F§C§D§0§5§CW§x§F§B§C§3§5§6u§x§F§B§B§6§5§1k§x§F§A§A§9§4§Bo§x§F§A§9§C§4§5n§x§F§9§8§F§3§Fg§x§F§9§8§2§3§A §x§F§8§7§5§3§4C§x§F§8§6§8§2§Eh§x§F§7§5§B§2§8e§x§F§6§4§E§2§3s§x§F§6§4§1§1§Dt§x§F§5§3§4§1§7p§x§F§5§2§7§1§1l§x§F§4§1§A§0§Ca§x§F§4§0§D§0§6t§x§F§3§0§0§0§0e to koshie for $10.
[00:06:16] > UnavailableTest remove x1 §f§l§x§F§C§D§0§5§CW§x§F§A§A§2§4§8u§x§F§8§7§4§3§3k§x§F§6§4§5§1§Fo§x§F§4§1§7§0§Ang§x§F§6§4§5§1§F §x§F§8§7§4§3§3B§x§F§A§A§2§4§8o§x§F§C§D§0§5§Cw from storage
[00:06:16] > koshie added x1 §x§F§F§7§C§0§0§lSteamsparks Battle Axe in auction for 10.
[00:06:19] > ELITEAtlas buy x1 §x§F§F§7§C§0§0§lSteamsparks Battle Axe to koshie for $10.
[00:06:30] > koshie added x1 §x§F§F§7§C§0§0§lSteamsparks Battle Axe in auction for 10.
[00:06:32] > ELITEAtlas buy x1 §x§F§F§7§C§0§0§lSteamsparks Battle Axe to koshie for $10.
[00:06:44] > koshie added x1 §f§l§x§F§C§D§0§5§CW§x§F§B§B§0§4§Eu§x§F§9§9§0§4§0k§x§F§8§7§0§3§2o§x§F§6§5§0§2§3n§x§F§5§3§0§1§5g§x§F§4§1§0§0§7 P§x§F§5§3§0§1§5i§x§F§6§5§0§2§3c§x§F§8§7§0§3§2k§x§F§9§9§0§4§0a§x§F§B§B§0§4§Ex§x§F§C§D§0§5§Ce in auction for 10.
[00:06:48] > .SharkyisHungry buy x1 §f§l§x§F§C§D§0§5§CW§x§F§B§B§0§4§Eu§x§F§9§9§0§4§0k§x§F§8§7§0§3§2o§x§F§6§5§0§2§3n§x§F§5§3§0§1§5g§x§F§4§1§0§0§7 P§x§F§5§3§0§1§5i§x§F§6§5§0§2§3c§x§F§8§7§0§3§2k§x§F§9§9§0§4§0a§x§F§B§B§0§4§Ex§x§F§C§D§0§5§Ce to koshie for $10.
[00:06:59] > koshie added x1 §x§E§5§1§B§1§B§lDracula Sickle in auction for 100.
[00:07:01] > Unforce01 buy x1 §x§E§5§1§B§1§B§lDracula Sickle to koshie for $100.
[00:07:02] > ELITEAtlas buy x1 §x§E§5§1§B§1§B§lDracula Shield to sigman for $250,000.
[00:07:09] > koshie added x1 §x§F§F§7§C§0§0§lSteamsparks Bow in auction for 100.
[00:07:13] > .SharkyisHungry buy x1 §x§F§F§7§C§0§0§lSteamsparks Bow to koshie for $100.
[00:07:25] > koshie added x1 §x§E§5§1§B§1§B§lDracula Sickle in auction for 100.
[00:07:29] > .SharkyisHungry buy x1 §x§E§5§1§B§1§B§lDracula Sickle to koshie for $100.
[00:07:36] > UnavailableTest added x1 §f§l§x§F§C§D§0§5§CW§x§F§A§A§6§4§Au§x§F§8§7§D§3§7k§x§F§7§5§3§2§5o§x§F§5§2§A§1§2n§x§F§3§0§0§0§0g§x§F§5§2§A§1§2 §x§F§7§5§3§2§5C§x§F§8§7§D§3§7l§x§F§A§A§6§4§Au§x§F§C§D§0§5§Cb in auction for 100000.
[00:07:36] > Unforce01 buy x5 §x§F§C§9§0§5§C§lE§x§E§6§9§C§6§B§lp§x§C§F§A§7§7§A§li§x§B§9§B§3§8§9§lc §x§8§C§C§B§A§7§lC§x§7§5§D§6§B§6§lr§x§5§F§E§2§C§5§la§x§7§9§D§4§B§4§lt§x§9§3§C§7§A§2§le §x§C§8§A§B§7§F§lK§x§E§2§9§E§6§E§le§x§F§C§9§0§5§C§ly to HwanYo for $30,000.
[00:07:38] > ELITEAtlas remove x1 §x§E§5§1§B§1§B§lDracula Shield from buy
[00:07:40] > ELITEAtlas remove x1 §x§F§F§7§C§0§0§lSteamsparks Battle Axe from buy
[00:07:41] > ELITEAtlas remove x1 §x§F§F§7§C§0§0§lSteamsparks Battle Axe from buy
[00:07:45] > sigman added x1 §f§l§x§F§C§D§0§5§CW§x§F§B§B§0§4§Eu§x§F§9§9§0§4§0k§x§F§8§7§0§3§2o§x§F§6§5§0§2§3n§x§F§5§3§0§1§5g§x§F§4§1§0§0§7 H§x§F§5§3§0§1§5a§x§F§6§5§0§2§3l§x§F§8§7§0§3§2b§x§F§9§9§0§4§0e§x§F§B§B§0§4§Er§x§F§C§D§0§5§Cd in auction for 250000.
[00:07:50] > ELITEAtlas added x1 §x§E§5§1§B§1§B§lDracula Shield in auction for 1000.
[00:07:52] > BlackKnight buy x1 §x§E§5§1§B§1§B§lDracula Shield to ELITEAtlas for $1,000.
[00:07:58] > koshie added x1 §f§l§x§F§C§D§0§5§CW§x§F§A§A§A§4§Bu§x§F§9§8§4§3§Bk§x§F§7§5§F§2§Ao§x§F§5§3§9§1§9n§x§F§4§1§3§0§8g §x§F§5§3§9§1§9S§x§F§7§5§F§2§Aw§x§F§9§8§4§3§Bo§x§F§A§A§A§4§Br§x§F§C§D§0§5§Cd in auction for 1000.
[00:08:00] > BlackKnight buy x1 §f§l§x§F§C§D§0§5§CW§x§F§A§A§A§4§Bu§x§F§9§8§4§3§Bk§x§F§7§5§F§2§Ao§x§F§5§3§9§1§9n§x§F§4§1§3§0§8g §x§F§5§3§9§1§9S§x§F§7§5§F§2§Aw§x§F§9§8§4§3§Bo§x§F§A§A§A§4§Br§x§F§C§D§0§5§Cd to koshie for $1,000.
[00:08:15] > koshie added x1 §x§F§F§7§C§0§0§lSteamsparks Halberd in auction for 69.
[00:08:17] > BlackKnight buy x1 §x§F§F§7§C§0§0§lSteamsparks Halberd to koshie for $69.
[00:08:36] > WaltZier buy x1 §fButterfly Hat to Unforce01 for $10,000.
[00:14:40] > koshie added x1 §f§l§x§F§C§D§0§5§CW§x§F§A§A§2§4§8u§x§F§8§7§4§3§3k§x§F§6§4§5§1§Fo§x§F§4§1§7§0§Ang§x§F§6§4§5§1§F §x§F§8§7§4§3§3H§x§F§A§A§2§4§8o§x§F§C§D§0§5§Ce in auction for 10.
[00:14:46] > BlackKnight buy x1 §f§l§x§F§C§D§0§5§CW§x§F§A§A§2§4§8u§x§F§8§7§4§3§3k§x§F§6§4§5§1§Fo§x§F§4§1§7§0§Ang§x§F§6§4§5§1§F §x§F§8§7§4§3§3H§x§F§A§A§2§4§8o§x§F§C§D§0§5§Ce to koshie for $10.
[00:14:51] > koshie added x1 §f§l§x§F§C§D§0§5§CW§x§F§B§B§0§4§Eu§x§F§9§9§0§4§0k§x§F§8§7§0§3§2o§x§F§6§5§0§2§3n§x§F§5§3§0§1§5g§x§F§4§1§0§0§7 P§x§F§5§3§0§1§5i§x§F§6§5§0§2§3c§x§F§8§7§0§3§2k§x§F§9§9§0§4§0a§x§F§B§B§0§4§Ex§x§F§C§D§0§5§Ce in auction for 10.
[00:14:53] > BlackKnight buy x1 §f§l§x§F§C§D§0§5§CW§x§F§B§B§0§4§Eu§x§F§9§9§0§4§0k§x§F§8§7§0§3§2o§x§F§6§5§0§2§3n§x§F§5§3§0§1§5g§x§F§4§1§0§0§7 P§x§F§5§3§0§1§5i§x§F§6§5§0§2§3c§x§F§8§7§0§3§2k§x§F§9§9§0§4§0a§x§F§B§B§0§4§Ex§x§F§C§D§0§5§Ce to koshie for $10.
[00:15:03] > koshie added x1 §f§l§x§F§C§D§0§5§CW§x§F§B§A§D§4§Du§x§F§9§8§B§3§Dk§x§F§8§6§8§2§Eo§x§F§6§4§5§1§Fn§x§F§5§2§3§0§Fg§x§F§3§0§0§0§0 §x§F§5§2§3§0§FS§x§F§6§4§5§1§Fh§x§F§8§6§8§2§Ei§x§F§9§8§B§3§De§x§F§B§A§D§4§Dl§x§F§C§D§0§5§Cd in auction for 10.
[00:15:05] > BlackKnight buy x1 §f§l§x§F§C§D§0§5§CW§x§F§B§A§D§4§Du§x§F§9§8§B§3§Dk§x§F§8§6§8§2§Eo§x§F§6§4§5§1§Fn§x§F§5§2§3§0§Fg§x§F§3§0§0§0§0 §x§F§5§2§3§0§FS§x§F§6§4§5§1§Fh§x§F§8§6§8§2§Ei§x§F§9§8§B§3§De§x§F§B§A§D§4§Dl§x§F§C§D§0§5§Cd to koshie for $10.
[00:15:35] > Unforce01 remove x1 §f§l§x§F§C§D§0§5§CW§x§F§B§C§3§5§6u§x§F§B§B§6§5§1k§x§F§A§A§9§4§Bo§x§F§A§9§C§4§5n§x§F§9§8§F§3§Fg§x§F§9§8§2§3§A §x§F§8§7§5§3§4C§x§F§8§6§8§2§Eh§x§F§7§5§B§2§8e§x§F§6§4§E§2§3s§x§F§6§4§1§1§Dt§x§F§5§3§4§1§7p§x§F§5§2§7§1§1l§x§F§4§1§A§0§Ca§x§F§4§0§D§0§6t§x§F§3§0§0§0§0e form buy
[00:15:35] > Unforce01 remove x1 §f§l§x§F§A§0§0§0§AD§x§F§A§2§A§1§Aa§x§F§B§5§3§2§Br§x§F§B§7§D§3§Bk§x§F§C§A§6§4§Cf§x§F§C§D§0§5§Cl§x§F§C§D§0§5§Ca§x§F§C§A§D§4§Em§x§F§B§8§B§4§1e§x§F§B§6§8§3§3 §x§F§B§4§5§2§5B§x§F§A§2§3§1§8o§x§F§A§0§0§0§Aw form buy
[00:15:35] > Unforce01 remove x1 §x§E§5§1§B§1§B§lDracula Sickle form buy
[00:15:35] > Unforce01 remove x5 §x§F§C§9§0§5§C§lE§x§E§6§9§C§6§B§lp§x§C§F§A§7§7§A§li§x§B§9§B§3§8§9§lc §x§8§C§C§B§A§7§lC§x§7§5§D§6§B§6§lr§x§5§F§E§2§C§5§la§x§7§9§D§4§B§4§lt§x§9§3§C§7§A§2§le §x§C§8§A§B§7§F§lK§x§E§2§9§E§6§E§le§x§F§C§9§0§5§C§ly form buy
[00:16:01] > koshie added x1 §x§F§F§3§E§0§0§lD§x§F§F§3§5§0§0§le§x§F§F§2§C§0§0§lm§x§F§F§2§3§0§0§lo§x§F§F§1§B§0§0§ln §x§F§F§0§9§0§0§lL§x§F§F§0§0§0§0§lo§x§F§F§0§A§0§0§lr§x§F§F§1§5§0§0§ld §x§F§F§2§9§0§0§lH§x§F§F§3§4§0§0§lo§x§F§F§3§E§0§0§le in auction for 67.
[00:16:11] > BlackKnight buy x1 §x§F§F§3§E§0§0§lD§x§F§F§3§5§0§0§le§x§F§F§2§C§0§0§lm§x§F§F§2§3§0§0§lo§x§F§F§1§B§0§0§ln §x§F§F§0§9§0§0§lL§x§F§F§0§0§0§0§lo§x§F§F§0§A§0§0§lr§x§F§F§1§5§0§0§ld §x§F§F§2§9§0§0§lH§x§F§F§3§4§0§0§lo§x§F§F§3§E§0§0§le to koshie for $67.
[00:16:28] > sigman remove x1 §f§l§x§F§C§D§0§5§CW§x§F§B§B§0§4§Eu§x§F§9§9§0§4§0k§x§F§8§7§0§3§2o§x§F§6§5§0§2§3n§x§F§5§3§0§1§5g§x§F§4§1§0§0§7 H§x§F§5§3§0§1§5a§x§F§6§5§0§2§3l§x§F§8§7§0§3§2b§x§F§9§9§0§4§0e§x§F§B§B§0§4§Er§x§F§C§D§0§5§Cd from storage
[00:16:38] > sigman added x1 §f§l§x§F§C§D§0§5§CW§x§F§B§B§0§4§Eu§x§F§9§9§0§4§0k§x§F§8§7§0§3§2o§x§F§6§5§0§2§3n§x§F§5§3§0§1§5g§x§F§4§1§0§0§7 H§x§F§5§3§0§1§5a§x§F§6§5§0§2§3l§x§F§8§7§0§3§2b§x§F§9§9§0§4§0e§x§F§B§B§0§4§Er§x§F§C§D§0§5§Cd in auction for 350000.
[00:16:39] > RainyDeeed69_ buy x64 Experience bottle to HwanYo for $150,000.
[00:17:38] > El3ctric_Ey3 added x1 §f§l§x§F§C§D§0§5§CW§x§F§B§B§0§4§Eu§x§F§9§9§0§4§0k§x§F§8§7§0§3§2o§x§F§6§5§0§2§3n§x§F§5§3§0§1§5g§x§F§4§1§0§0§7 H§x§F§5§3§0§1§5a§x§F§6§5§0§2§3l§x§F§8§7§0§3§2b§x§F§9§9§0§4§0e§x§F§B§B§0§4§Er§x§F§C§D§0§5§Cd in auction for 300000.
[00:23:17] > El3ctric_Ey3 added x1 §x§5§9§A§1§D§9§lA§x§7§1§A§E§D§Er§x§8§8§B§C§E§4c§x§A§0§C§9§E§9h§x§B§8§D§7§E§Fa§x§D§0§E§4§F§4n§x§E§7§F§2§F§Ag§fe§x§E§7§F§2§F§Al §x§B§8§D§7§E§FW§x§A§0§C§9§E§9i§x§8§8§B§C§E§4n§x§7§1§A§E§D§Eg§x§5§9§A§1§D§9s in auction for 4000000.
[00:27:04] > El3ctric_Ey3 added x1 §f§l§8B§x§6§6§6§6§6§6a§x§7§7§7§7§7§7h§x§8§8§8§8§8§8a§x§9§9§9§9§9§9m§7u§x§9§9§9§9§9§9t§x§8§8§8§8§8§8 §x§7§7§7§7§7§7K§x§6§6§6§6§6§6e§8y in auction for 2000000.
[00:27:14] > koshie buy x1 §x§5§9§A§1§D§9§lA§x§7§1§A§E§D§Er§x§8§8§B§C§E§4c§x§A§0§C§9§E§9h§x§B§8§D§7§E§Fa§x§D§0§E§4§F§4n§x§E§7§F§2§F§Ag§fe§x§E§7§F§2§F§Al §x§B§8§D§7§E§FW§x§A§0§C§9§E§9i§x§8§8§B§C§E§4n§x§7§1§A§E§D§Eg§x§5§9§A§1§D§9s to El3ctric_Ey3 for $4,000,000.
[00:27:16] > El3ctric_Ey3 added x1 §f§l§x§F§C§D§0§5§CW§x§F§B§A§D§4§Du§x§F§9§8§B§3§Dk§x§F§8§6§8§2§Eo§x§F§6§4§5§1§Fn§x§F§5§2§3§0§Fg§x§F§3§0§0§0§0 §x§F§5§2§3§0§FD§x§F§6§4§5§1§Fa§x§F§8§6§8§2§Eg§x§F§9§8§B§3§Dg§x§F§B§A§D§4§De§x§F§C§D§0§5§Cr in auction for 200000.
[00:27:55] > koshie remove x1 §f§l§x§8§A§0§0§F§FS§x§9§6§0§0§E§1h§x§A§3§0§0§C§3i§x§A§F§0§0§A§5n§x§B§B§0§0§8§7e§x§C§8§0§0§6§9 §x§D§4§0§0§4§BO§x§E§0§0§0§2§Dn§x§E§D§0§0§0§Fi §x§E§0§0§0§2§DL§x§D§4§0§0§4§Be§x§C§8§0§0§6§9g§x§B§B§0§0§8§7g§x§A§F§0§0§A§5i§x§A§3§0§0§C§3n§x§9§6§0§0§E§1g§x§8§A§0§0§F§Fs from buy
[00:27:57] > koshie remove x1 §x§5§9§A§1§D§9§lA§x§7§1§A§E§D§Er§x§8§8§B§C§E§4c§x§A§0§C§9§E§9h§x§B§8§D§7§E§Fa§x§D§0§E§4§F§4n§x§E§7§F§2§F§Ag§fe§x§E§7§F§2§F§Al §x§B§8§D§7§E§FW§x§A§0§C§9§E§9i§x§8§8§B§C§E§4n§x§7§1§A§E§D§Eg§x§5§9§A§1§D§9s from buy
[00:28:12] > RainyDeeed69_ remove x1 §f§l§x§8§A§0§0§F§FS§x§9§8§0§0§D§Dh§x§A§6§0§0§B§Bi§x§B§4§0§0§9§9n§x§C§2§0§0§7§7e§x§D§0§0§0§5§5 §x§D§E§0§0§3§3O§x§E§C§0§0§1§1ni§x§D§E§0§0§3§3 §x§D§0§0§0§5§5S§x§C§2§0§0§7§7h§x§B§4§0§0§9§9i§x§A§6§0§0§B§Be§x§9§8§0§0§D§Dl§x§8§A§0§0§F§Fd from storage
[00:28:13] > RainyDeeed69_ remove x1 §x§E§5§1§B§1§B§lDracula Bow from storage
[00:28:21] > El3ctric_Ey3 added x1 §x§5§9§A§1§D§9§lA§x§6§B§A§B§D§Dr§x§7§E§B§6§E§1c§x§9§0§C§0§E§6h§x§A§3§C§B§E§Aa§x§B§5§D§5§E§En§x§C§8§E§0§F§2g§x§D§A§E§A§F§7e§x§E§D§F§5§F§Bl §x§E§A§F§3§F§AL§x§D§6§E§8§F§6e§x§C§1§D§C§F§1g§x§A§C§D§0§E§Cg§x§9§7§C§4§E§7i§x§8§3§B§9§E§3n§x§6§E§A§D§D§Eg§x§5§9§A§1§D§9s in auction for 1000000.
[00:28:24] > Kyslee buy x1 §x§5§9§A§1§D§9§lA§x§6§B§A§B§D§Dr§x§7§E§B§6§E§1c§x§9§0§C§0§E§6h§x§A§3§C§B§E§Aa§x§B§5§D§5§E§En§x§C§8§E§0§F§2g§x§D§A§E§A§F§7e§x§E§D§F§5§F§Bl §x§E§A§F§3§F§AL§x§D§6§E§8§F§6e§x§C§1§D§C§F§1g§x§A§C§D§0§E§Cg§x§9§7§C§4§E§7i§x§8§3§B§9§E§3n§x§6§E§A§D§D§Eg§x§5§9§A§1§D§9s to El3ctric_Ey3 for $1,000,000.
[00:28:36] > El3ctric_Ey3 added x1 §x§F§0§7§A§5§4§lZombie Apocalyptic Wing in auction for 1000000.
[00:28:43] > koshie buy x1 §x§F§0§7§A§5§4§lZombie Apocalyptic Wing to El3ctric_Ey3 for $1,000,000.
[00:28:51] > RainyDeeed69_ added x1 §x§E§5§1§B§1§B§lDracula Bow in auction for 500000.
[00:29:11] > RainyDeeed69_ added x1 §f§l§x§8§A§0§0§F§FS§x§9§8§0§0§D§Dh§x§A§6§0§0§B§Bi§x§B§4§0§0§9§9n§x§C§2§0§0§7§7e§x§D§0§0§0§5§5 §x§D§E§0§0§3§3O§x§E§C§0§0§1§1ni§x§D§E§0§0§3§3 §x§D§0§0§0§5§5S§x§C§2§0§0§7§7h§x§B§4§0§0§9§9i§x§A§6§0§0§B§Be§x§9§8§0§0§D§Dl§x§8§A§0§0§F§Fd in auction for 250000.
[00:29:15] > Unforce01 buy x1 §f§l§x§8§A§0§0§F§FS§x§9§8§0§0§D§Dh§x§A§6§0§0§B§Bi§x§B§4§0§0§9§9n§x§C§2§0§0§7§7e§x§D§0§0§0§5§5 §x§D§E§0§0§3§3O§x§E§C§0§0§1§1ni§x§D§E§0§0§3§3 §x§D§0§0§0§5§5S§x§C§2§0§0§7§7h§x§B§4§0§0§9§9i§x§A§6§0§0§B§Be§x§9§8§0§0§D§Dl§x§8§A§0§0§F§Fd to RainyDeeed69_ for $250,000.
[00:29:47] > RainyDeeed69_ added x1 §f§l§x§F§A§0§0§0§AD§x§F§A§2§0§1§7a§x§F§B§4§0§2§3r§x§F§B§6§0§3§0k§x§F§B§8§0§3§Cf§x§F§C§A§0§4§9l§x§F§C§C§0§5§6am§x§F§C§A§0§4§9e§x§F§B§8§0§3§C §x§F§B§6§0§3§0M§x§F§B§4§0§2§3a§x§F§A§2§0§1§7c§x§F§A§0§0§0§Ae in auction for 1000000.
[00:30:15] > .SharkyisHungry buy x1 §f§l§x§F§A§0§0§0§AD§x§F§A§2§0§1§7a§x§F§B§4§0§2§3r§x§F§B§6§0§3§0k§x§F§B§8§0§3§Cf§x§F§C§A§0§4§9l§x§F§C§C§0§5§6am§x§F§C§A§0§4§9e§x§F§B§8§0§3§C §x§F§B§6§0§3§0M§x§F§B§4§0§2§3a§x§F§A§2§0§1§7c§x§F§A§0§0§0§Ae to RainyDeeed69_ for $1,000,000.
[00:30:35] > El3ctric_Ey3 added x1 §x§E§5§1§B§1§B§lDracula Spear in auction for 500000.
[00:30:50] > El3ctric_Ey3 added x1 §x§F§F§3§E§0§0§lD§x§F§F§3§5§0§0§le§x§F§F§2§C§0§0§lm§x§F§F§2§3§0§0§lo§x§F§F§1§B§0§0§ln §x§F§F§0§9§0§0§lL§x§F§F§0§0§0§0§lo§x§F§F§0§A§0§0§lr§x§F§F§1§5§0§0§ld §x§F§F§2§9§0§0§lA§x§F§F§3§4§0§0§lx§x§F§F§3§E§0§0§le in auction for 500000.
[00:36:28] > Unforce01 remove x1 §f§l§x§8§A§0§0§F§FS§x§9§8§0§0§D§Dh§x§A§6§0§0§B§Bi§x§B§4§0§0§9§9n§x§C§2§0§0§7§7e§x§D§0§0§0§5§5 §x§D§E§0§0§3§3O§x§E§C§0§0§1§1ni§x§D§E§0§0§3§3 §x§D§0§0§0§5§5S§x§C§2§0§0§7§7h§x§B§4§0§0§9§9i§x§A§6§0§0§B§Be§x§9§8§0§0§D§Dl§x§8§A§0§0§F§Fd form buy
[00:40:37] > RainyDeeed69_ added x1 Enchanted book in auction for 25000.
[00:41:00] > RainyDeeed69_ added x1 Enchanted book in auction for 25000.
[00:41:22] > RainyDeeed69_ added x1 Enchanted book in auction for 25000.
[00:42:45] > SydneySweetie added x1 §esᴋᴇʟᴇᴛᴏɴ sᴘᴀᴡɴᴇʀ in auction for 200000.
[00:43:32] > RainyDeeed69_ remove x1 §x§E§5§1§B§1§B§lDracula Bow from storage
[00:45:29] > Ceranlicious buy x64 Experience bottle to HwanYo for $150,000.
[00:45:52] > Ceranlicious buy x64 Experience bottle to HwanYo for $150,000.
[00:46:26] > x64 Emerald, item of MonsterIsBetter, has just expired, the item is definitively deleted.
[00:46:26] > x1 §f§l§x§F§A§0§0§0§AD§x§F§A§2§A§1§Aa§x§F§B§5§3§2§Br§x§F§B§7§D§3§Bk§x§F§C§A§6§4§Cf§x§F§C§D§0§5§Cl§x§F§C§D§0§5§Ca§x§F§C§A§D§4§Em§x§F§B§8§B§4§1e§x§F§B§6§8§3§3 §x§F§B§4§5§2§5A§x§F§A§2§3§1§8x§x§F§A§0§0§0§Ae, item of imnectarfr, has just expired, the item is definitively deleted.
[00:46:26] > x1 §aCthulhu, item of MonsterIsBetter, has just expired, the item is definitively deleted.
[00:46:37] > Ceranlicious remove x64 Experience bottle from buy
[00:46:38] > Ceranlicious remove x64 Experience bottle from buy
[00:57:32] > x64 Pointed dripstone on sale by Rain_Reinn has just expired, it goes in the inventory of expired items.
[01:01:26] > Ceranlicious buy x64 Experience bottle to HwanYo for $150,000.
[01:01:34] > Ceranlicious buy x64 Experience bottle to HwanYo for $150,000.
[01:02:07] > Ceranlicious remove x64 Experience bottle from buy
[01:02:08] > Ceranlicious remove x64 Experience bottle from buy
[01:25:22] > baba remove x1 Exp bottles restocked at /pwarp NewExpBottles from storage
[01:25:28] > baba added x1 Exp bottles restocked at /pwarp NewExpBottles in auction for 10000000000.
[01:50:11] > .SharkyisHungry remove x1 §f§l§x§F§A§0§0§0§AD§x§F§A§2§0§1§7a§x§F§B§4§0§2§3r§x§F§B§6§0§3§0k§x§F§B§8§0§3§Cf§x§F§C§A§0§4§9l§x§F§C§C§0§5§6am§x§F§C§A§0§4§9e§x§F§B§8§0§3§C §x§F§B§6§0§3§0M§x§F§B§4§0§2§3a§x§F§A§2§0§1§7c§x§F§A§0§0§0§Ae from buy
[01:50:13] > .SharkyisHungry remove x1 §x§E§5§1§B§1§B§lDracula Sickle from buy
[01:50:15] > .SharkyisHungry remove x1 §x§F§F§7§C§0§0§lSteamsparks Bow from buy
[01:50:18] > .SharkyisHungry remove x1 §f§l§x§F§C§D§0§5§CW§x§F§B§B§0§4§Eu§x§F§9§9§0§4§0k§x§F§8§7§0§3§2o§x§F§6§5§0§2§3n§x§F§5§3§0§1§5g§x§F§4§1§0§0§7 P§x§F§5§3§0§1§5i§x§F§6§5§0§2§3c§x§F§8§7§0§3§2k§x§F§9§9§0§4§0a§x§F§B§B§0§4§Ex§x§F§C§D§0§5§Ce from buy
[01:55:57] > grit_zy added x1 Golden apple in auction for 100.
[01:56:02] > grit_zy remove x1 Golden apple from storage
[02:31:48] > SydneySweetie added x64 Experience bottle in auction for 50000.
[02:32:00] > SydneySweetie added x64 Experience bottle in auction for 50000.
[03:06:12] > giyahnpogi remove x1 §f§bWither Plushie §6(#95/101) from expire
[03:08:33] > Asterizu added x1 §x§5§9§A§1§D§9§lA§x§6§B§A§B§D§Dr§x§7§E§B§6§E§1c§x§9§0§C§0§E§6h§x§A§3§C§B§E§Aa§x§B§5§D§5§E§En§x§C§8§E§0§F§2g§x§D§A§E§A§F§7e§x§E§D§F§5§F§Bl §x§E§A§F§3§F§AB§x§D§6§E§8§F§6a§x§C§1§D§C§F§1c§x§A§C§D§0§E§Ck§x§9§7§C§4§E§7p§x§8§3§B§9§E§3a§x§6§E§A§D§D§Ec§x§5§9§A§1§D§9k in auction for 500000.
[03:09:09] > Asterizu added x1 §f§l§x§F§C§D§0§5§CW§x§F§B§A§D§4§Du§x§F§9§8§B§3§Dk§x§F§8§6§8§2§Eo§x§F§6§4§5§1§Fn§x§F§5§2§3§0§Fg§x§F§3§0§0§0§0 §x§F§5§2§3§0§FS§x§F§6§4§5§1§Fh§x§F§8§6§8§2§Eo§x§F§9§8§B§3§Dv§x§F§B§A§D§4§De§x§F§C§D§0§5§Cl in auction for 90000.
[03:09:19] > Asterizu added x1 §x§E§5§1§B§1§B§lDracula Hoe in auction for 50000.
[03:31:41] > kopo555 buy x1 §f§l§8B§x§5§F§5§F§5§Fa§x§6§9§6§9§6§9h§x§7§3§7§3§7§3a§x§7§D§7§D§7§Dm§x§8§7§8§7§8§7u§x§9§1§9§1§9§1t§x§9§B§9§B§9§B §x§A§5§A§5§A§5Ch§x§9§B§9§B§9§Be§x§9§1§9§1§9§1s§x§8§7§8§7§8§7t§x§7§D§7§D§7§Dp§x§7§3§7§3§7§3l§x§6§9§6§9§6§9a§x§5§F§5§F§5§Ft§8e to .SharkyisHungry for $2,500,000.
[03:46:14] > kopo555 remove x1 §f§l§8B§x§5§F§5§F§5§Fa§x§6§9§6§9§6§9h§x§7§3§7§3§7§3a§x§7§D§7§D§7§Dm§x§8§7§8§7§8§7u§x§9§1§9§1§9§1t§x§9§B§9§B§9§B §x§A§5§A§5§A§5Ch§x§9§B§9§B§9§Be§x§9§1§9§1§9§1s§x§8§7§8§7§8§7t§x§7§D§7§D§7§Dp§x§7§3§7§3§7§3l§x§6§9§6§9§6§9a§x§5§F§5§F§5§Ft§8e from buy
[03:46:16] > kopo555 remove x64 Bone block from buy
[03:46:16] > kopo555 remove x64 Bone block from buy
[04:15:39] > kopo555 buy x1 §f§l§8B§x§6§6§6§6§6§6a§x§7§7§7§7§7§7h§x§8§8§8§8§8§8a§x§9§9§9§9§9§9m§7u§x§9§9§9§9§9§9t§x§8§8§8§8§8§8 §x§7§7§7§7§7§7K§x§6§6§6§6§6§6e§8y to .Kenku1001 for $2,000,000.
[04:15:45] > kopo555 remove x1 §f§l§8B§x§6§6§6§6§6§6a§x§7§7§7§7§7§7h§x§8§8§8§8§8§8a§x§9§9§9§9§9§9m§7u§x§9§9§9§9§9§9t§x§8§8§8§8§8§8 §x§7§7§7§7§7§7K§x§6§6§6§6§6§6e§8y from buy
[06:39:17] > mauserdart added x1 Happy 20th Birthday to mauserdart.. in auction for 99999999999999999.
[06:57:23] > FRANZ_JOSEF0 buy x1 §x§F§0§7§A§5§4§lZombie Apocalyptic SMG to koshie for $100,000.
[06:57:28] > FRANZ_JOSEF0 remove x1 §x§F§0§7§A§5§4§lZombie Apocalyptic SMG from buy
[06:58:28] > FRANZ_JOSEF0 added x1 §x§F§0§7§A§5§4§lZombie Apocalyptic SMG in auction for 50000.
[06:59:05] > FRANZ_JOSEF0 remove x1 §x§F§0§7§A§5§4§lZombie Apocalyptic SMG from storage
[06:59:22] > FRANZ_JOSEF0 added x1 §x§F§0§7§A§5§4§lZombie Apocalyptic SMG in auction for 5000.
[07:00:07] > DefinitelyHani buy x1 §x§F§0§7§A§5§4§lZombie Apocalyptic SMG to FRANZ_JOSEF0 for $5,000.
[07:05:27] > FRANZ_JOSEF0 added x1 §fHoglin Plushie §6(#44/101) in auction for 200000.
[07:14:01] > PrinceBGC added x1 §x§F§F§3§E§0§0§lD§x§F§F§3§8§0§0§le§x§F§F§3§2§0§0§lm§x§F§F§2§B§0§0§lo§x§F§F§2§5§0§0§ln §x§F§F§1§9§0§0§lL§x§F§F§1§3§0§0§lo§x§F§F§0§C§0§0§lr§x§F§F§0§6§0§0§ld §x§F§F§0§7§0§0§lC§x§F§F§0§E§0§0§lh§x§F§F§1§5§0§0§le§x§F§F§1§C§0§0§ls§x§F§F§2§2§0§0§lp§x§F§F§2§9§0§0§ll§x§F§F§3§0§0§0§la§x§F§F§3§7§0§0§lt§x§F§F§3§E§0§0§le in auction for 450000.
[07:21:08] > DefinitelyHani added x1 Enchanted book in auction for 5000.
[07:28:51] > PrinceBGC added x1 §eᴄʜɪᴄᴋᴇɴ sᴘᴀᴡɴᴇʀ in auction for 250000.
[07:30:02] > mauserdart added x1 §eᴡɪᴛᴄʜ ꜱᴘᴀᴡɴᴇʀ in auction for 850000.
[07:30:14] > mauserdart remove x1 §eᴡɪᴛᴄʜ ꜱᴘᴀᴡɴᴇʀ from storage
[07:31:56] > PrinceBGC remove x1 §f§l§8B§x§6§6§6§6§6§6a§x§7§7§7§7§7§7h§x§8§8§8§8§8§8a§x§9§9§9§9§9§9m§7u§x§9§9§9§9§9§9t§x§8§8§8§8§8§8 §x§7§7§7§7§7§7H§x§6§6§6§6§6§6a§8t from storage
[07:32:06] > PrinceBGC added x1 §f§l§8B§x§6§6§6§6§6§6a§x§7§7§7§7§7§7h§x§8§8§8§8§8§8a§x§9§9§9§9§9§9m§7u§x§9§9§9§9§9§9t§x§8§8§8§8§8§8 §x§7§7§7§7§7§7H§x§6§6§6§6§6§6a§8t in auction for 3000000.
[07:32:18] > PrinceBGC added x1 §f§l§8B§x§6§2§6§2§6§2a§x§6§F§6§F§6§Fh§x§7§C§7§C§7§Ca§x§8§9§8§9§8§9m§x§9§6§9§6§9§6u§x§A§3§A§3§A§3t §x§9§6§9§6§9§6S§x§8§9§8§9§8§9h§x§7§C§7§C§7§Co§x§6§F§6§F§6§Fv§x§6§2§6§2§6§2e§8l in auction for 3000000.
[07:47:15] > mauserdart added x1 §x§F§F§5§5§0§0§lsᴇʟʟᴡᴀɴᴅ §6- 5.0x in auction for 450000.
[07:47:51] > Takeremu buy x1 §x§F§F§5§5§0§0§lsᴇʟʟᴡᴀɴᴅ §6- 5.0x to mauserdart for $450,000.
[07:47:58] > Takeremu remove x1 §x§F§F§5§5§0§0§lsᴇʟʟᴡᴀɴᴅ §6- 5.0x from buy
[07:50:34] > DanRaiv remove x1 §f§l§8B§x§6§2§6§2§6§2a§x§6§F§6§F§6§Fh§x§7§C§7§C§7§Ca§x§8§9§8§9§8§9m§x§9§6§9§6§9§6u§x§A§3§A§3§A§3t §x§9§6§9§6§9§6S§x§8§9§8§9§8§9h§x§7§C§7§C§7§Co§x§6§F§6§F§6§Fv§x§6§2§6§2§6§2e§8l from storage
[07:50:35] > DanRaiv remove x1 Flow banner pattern from storage
[07:53:00] > DanRaiv added x1 §f§l§8B§x§6§0§6§0§6§0a§x§6§C§6§C§6§Ch§x§7§7§7§7§7§7a§x§8§2§8§2§8§2m§x§8§E§8§E§8§Eu§x§9§9§9§9§9§9t§x§A§4§A§4§A§4 G§x§9§9§9§9§9§9a§x§8§E§8§E§8§Eu§x§8§2§8§2§8§2n§x§7§7§7§7§7§7t§x§6§C§6§C§6§Cl§x§6§0§6§0§6§0e§8t in auction for 2500000.
[08:04:35] > Takeremu added x1 Enchanted book in auction for 2500.
[08:04:47] > Takeremu added x1 Enchanted book in auction for 2500.
[08:05:08] > Takeremu added x1 Enchanted book in auction for 2500.
[08:05:20] > Takeremu added x1 Enchanted book in auction for 2500.
[08:05:32] > Takeremu added x1 Enchanted book in auction for 2500.
[08:07:48] > .SharkyisHungry added x1 §f§l§x§8§A§0§0§F§FS§x§9§C§0§0§D§5h§x§A§D§0§0§A§Ai§x§B§F§0§0§8§0n§x§D§0§0§0§5§5e§x§E§2§0§0§2§B §x§F§3§0§0§0§0O§x§E§2§0§0§2§An§x§D§0§0§0§5§5i§x§B§F§0§0§8§0 §x§A§D§0§0§A§AA§x§9§C§0§0§D§5x§x§8§A§0§0§F§Fe in auction for 2300000.
[08:08:27] > Yalujin buy x1 §esᴋᴇʟᴇᴛᴏɴ sᴘᴀᴡɴᴇʀ to SydneySweetie for $200,000.
[08:09:06] > .SharkyisHungry remove x1 §f§l§x§8§A§0§0§F§FS§x§9§C§0§0§D§5h§x§A§D§0§0§A§Ai§x§B§F§0§0§8§0n§x§D§0§0§0§5§5e§x§E§2§0§0§2§B §x§F§3§0§0§0§0O§x§E§2§0§0§2§An§x§D§0§0§0§5§5i§x§B§F§0§0§8§0 §x§A§D§0§0§A§AA§x§9§C§0§0§D§5x§x§8§A§0§0§F§Fe from storage
[08:09:48] > Takeremu remove x1 §x§5§C§C§F§F§C§lC§x§5§C§D§1§F§5§lo§x§5§D§D§4§E§E§ls§x§5§D§D§6§E§7§lm§x§5§E§D§9§E§1§le§x§5§E§D§B§D§A§lt§x§5§E§D§D§D§3§li§x§5§F§E§0§C§C§lc §x§5§F§E§0§C§C§lH§x§5§E§D§D§D§3§la§x§5§E§D§B§D§A§lt§x§5§E§D§9§E§1§ls §x§5§D§D§4§E§E§lK§x§5§C§D§1§F§5§le§x§5§C§C§F§F§C§ly from storage
[08:09:52] > Takeremu added x20 §x§F§C§D§0§5§C§lB§x§E§6§D§3§6§B§la§x§C§F§D§5§7§A§ls§x§B§9§D§8§8§9§li§x§A§2§D§A§9§8§lc §x§7§5§D§F§B§6§lC§x§5§F§E§2§C§5§lr§x§7§5§D§F§B§6§la§x§8§C§D§D§A§7§lt§x§A§2§D§A§9§8§le §x§C§F§D§5§7§A§lK§x§E§6§D§3§6§B§le§x§F§C§D§0§5§C§ly in auction for 1000000.
[08:10:10] > Takeremu remove x1 Enchanted book from storage
[08:10:53] > Takeremu added x20 §x§F§C§9§0§5§C§lE§x§E§6§9§C§6§B§lp§x§C§F§A§7§7§A§li§x§B§9§B§3§8§9§lc §x§8§C§C§B§A§7§lC§x§7§5§D§6§B§6§lr§x§5§F§E§2§C§5§la§x§7§9§D§4§B§4§lt§x§9§3§C§7§A§2§le §x§C§8§A§B§7§F§lK§x§E§2§9§E§6§E§le§x§F§C§9§0§5§C§ly in auction for 1600000.
[08:13:46] > x1 Saddle, bought by Rain_Reinn, has just expired, the item is definitively deleted.
[08:13:47] > Yalujin remove x1 §esᴋᴇʟᴇᴛᴏɴ sᴘᴀᴡɴᴇʀ from buy
[08:18:50] > MrGh0st1y buy x1 §fHoglin Plushie §6(#44/101) to FRANZ_JOSEF0 for $200,000.
[08:19:16] > MrGh0st1y buy x1 §f§l§x§F§C§D§0§5§CW§x§F§A§A§6§4§Au§x§F§8§7§D§3§7k§x§F§7§5§3§2§5o§x§F§5§2§A§1§2n§x§F§3§0§0§0§0g§x§F§5§2§A§1§2 §x§F§7§5§3§2§5C§x§F§8§7§D§3§7l§x§F§A§A§6§4§Au§x§F§C§D§0§5§Cb to UnavailableTest for $100,000.
[08:21:55] > DanRaiv added x1 §eᴄʀᴇᴇᴘᴇʀ sᴘᴀᴡɴᴇʀ in auction for 600000.
[08:22:31] > Yalujin buy x1 Wither skeleton skull to .Allxnzv for $15,000.
[08:26:20] > MrGh0st1y remove x1 §fHoglin Plushie §6(#44/101) from buy
[08:32:38] > MrGh0st1y buy x1 Enchanted book to Takeremu for $2,500.
[08:32:42] > MrGh0st1y buy x1 Enchanted book to Takeremu for $2,500.
[08:32:44] > MrGh0st1y buy x1 Enchanted book to Takeremu for $2,500.
[08:32:49] > MrGh0st1y remove x1 Enchanted book from buy
[08:32:50] > MrGh0st1y remove x1 Enchanted book from buy
[08:32:50] > MrGh0st1y remove x1 Enchanted book from buy
[08:33:10] > Takeremu added x1 Enchanted book in auction for 2500.
[08:33:20] > Takeremu added x1 Enchanted book in auction for 2500.
[08:33:31] > Takeremu added x1 Enchanted book in auction for 2500.
[08:48:57] > tic_sz remove x1 §f§l§x§8§A§0§0§F§FS§x§9§6§0§0§E§3h§x§A§1§0§0§C§6i§x§A§D§0§0§A§An§x§B§9§0§0§8§Ee§x§C§4§0§0§7§1 §x§D§0§0§0§5§5O§x§D§C§0§0§3§9n§x§E§7§0§0§1§Ci§x§F§3§0§0§0§0 §x§E§7§0§0§1§CB§x§D§C§0§0§3§9i§x§D§0§0§0§5§5g§x§C§4§0§0§7§1 §x§B§9§0§0§8§ES§x§A§D§0§0§A§Aw§x§A§1§0§0§C§6o§x§9§6§0§0§E§3r§x§8§A§0§0§F§Fd from buy
[08:52:24] > HwanYo added x64 Experience bottle in auction for 140000.
[08:52:37] > HwanYo added x64 Experience bottle in auction for 140000.
[08:52:49] > HwanYo added x64 Experience bottle in auction for 140000.
[08:53:01] > HwanYo added x64 Experience bottle in auction for 140000.
[08:53:12] > HwanYo added x64 Experience bottle in auction for 140000.
[08:53:15] > .SharkyisHungry added x1 §f§l§x§8§A§0§0§F§FS§x§9§C§0§0§D§5h§x§A§D§0§0§A§Ai§x§B§F§0§0§8§0n§x§D§0§0§0§5§5e§x§E§2§0§0§2§B §x§F§3§0§0§0§0O§x§E§2§0§0§2§An§x§D§0§0§0§5§5i§x§B§F§0§0§8§0 §x§A§D§0§0§A§AA§x§9§C§0§0§D§5x§x§8§A§0§0§F§Fe in auction for 2500000.
[08:54:31] > HwanYo added x64 Experience bottle in auction for 140000.
[08:55:02] > .SharkyisHungry remove x1 §f§l§x§8§A§0§0§F§FS§x§9§C§0§0§D§5h§x§A§D§0§0§A§Ai§x§B§F§0§0§8§0n§x§D§0§0§0§5§5e§x§E§2§0§0§2§B §x§F§3§0§0§0§0O§x§E§2§0§0§2§An§x§D§0§0§0§5§5i§x§B§F§0§0§8§0 §x§A§D§0§0§A§AA§x§9§C§0§0§D§5x§x§8§A§0§0§F§Fe from storage
[08:55:27] > .SharkyisHungry added x1 §f§l§x§8§A§0§0§F§FS§x§9§C§0§0§D§5h§x§A§D§0§0§A§Ai§x§B§F§0§0§8§0n§x§D§0§0§0§5§5e§x§E§2§0§0§2§B §x§F§3§0§0§0§0O§x§E§2§0§0§2§An§x§D§0§0§0§5§5i§x§B§F§0§0§8§0 §x§A§D§0§0§A§AA§x§9§C§0§0§D§5x§x§8§A§0§0§F§Fe in auction for 3000000.
[08:57:00] > Sombre_505 buy x1 §x§F§F§3§E§0§0§lD§x§F§F§3§7§0§0§le§x§F§F§3§0§0§0§lm§x§F§F§2§9§0§0§lo§x§F§F§2§2§0§0§ln §x§F§F§1§5§0§0§lL§x§F§F§0§E§0§0§lo§x§F§F§0§7§0§0§lr§x§F§F§0§0§0§0§ld §x§F§F§0§E§0§0§lF§x§F§F§1§5§0§0§lr§x§F§F§1§C§0§0§la§x§F§F§2§2§0§0§lg§x§F§F§2§9§0§0§lm§x§F§F§3§0§0§0§le§x§F§F§3§7§0§0§ln§x§F§F§3§E§0§0§lt to kabayooo for $200,000.
[08:59:30] > tic_sz added x1 §x§F§F§3§E§0§0§lD§x§F§F§3§5§0§0§le§x§F§F§2§C§0§0§lm§x§F§F§2§3§0§0§lo§x§F§F§1§B§0§0§ln §x§F§F§0§9§0§0§lL§x§F§F§0§0§0§0§lo§x§F§F§0§A§0§0§lr§x§F§F§1§5§0§0§ld §x§F§F§2§9§0§0§lK§x§F§F§3§4§0§0§le§x§F§F§3§E§0§0§ly in auction for 250000.
[08:59:40] > tic_sz added x1 §x§F§F§3§E§0§0§lD§x§F§F§3§5§0§0§le§x§F§F§2§C§0§0§lm§x§F§F§2§3§0§0§lo§x§F§F§1§B§0§0§ln §x§F§F§0§9§0§0§lL§x§F§F§0§0§0§0§lo§x§F§F§0§A§0§0§lr§x§F§F§1§5§0§0§ld §x§F§F§2§9§0§0§lK§x§F§F§3§4§0§0§le§x§F§F§3§E§0§0§ly in auction for 250000.
[09:03:36] > x47 Breeze rod, bought by celinesanrio, has just expired, the item is definitively deleted.
[09:03:43] > koshie remove x1 §x§F§0§7§A§5§4§lZombie Apocalyptic Wing from buy
[09:03:44] > DefinitelyHani added x1 Enchanted book in auction for 25000.
[09:03:46] > koshie remove x64 Wind charge from buy
[09:04:09] > koshie added x1 §x§F§0§7§A§5§4§lZombie Apocalyptic Wing in auction for 2000000.
[09:04:38] > DefinitelyHani added x1 Enchanted book in auction for 25000.
[09:14:29] > DanRaiv remove x1 §f§l§8B§x§6§0§6§0§6§0a§x§6§C§6§C§6§Ch§x§7§7§7§7§7§7a§x§8§2§8§2§8§2m§x§8§E§8§E§8§Eu§x§9§9§9§9§9§9t§x§A§4§A§4§A§4 G§x§9§9§9§9§9§9a§x§8§E§8§E§8§Eu§x§8§2§8§2§8§2n§x§7§7§7§7§7§7t§x§6§C§6§C§6§Cl§x§6§0§6§0§6§0e§8t from storage
[09:14:37] > DanRaiv added x1 §f§l§8B§x§6§0§6§0§6§0a§x§6§C§6§C§6§Ch§x§7§7§7§7§7§7a§x§8§2§8§2§8§2m§x§8§E§8§E§8§Eu§x§9§9§9§9§9§9t§x§A§4§A§4§A§4 G§x§9§9§9§9§9§9a§x§8§E§8§E§8§Eu§x§8§2§8§2§8§2n§x§7§7§7§7§7§7t§x§6§C§6§C§6§Cl§x§6§0§6§0§6§0e§8t in auction for 2000000.
[09:15:18] > DefinitelyHani added x1 Enchanted book in auction for 25000.
[09:16:35] > tic_sz added x1 §f§l§8B§x§6§2§6§2§6§2a§x§6§F§6§F§6§Fh§x§7§C§7§C§7§Ca§x§8§9§8§9§8§9m§x§9§6§9§6§9§6u§x§A§3§A§3§A§3t §x§9§6§9§6§9§6S§x§8§9§8§9§8§9h§x§7§C§7§C§7§Co§x§6§F§6§F§6§Fv§x§6§2§6§2§6§2e§8l in auction for 1500000.
[09:16:59] > PrinceBGC remove x1 §f§l§8B§x§6§2§6§2§6§2a§x§6§F§6§F§6§Fh§x§7§C§7§C§7§Ca§x§8§9§8§9§8§9m§x§9§6§9§6§9§6u§x§A§3§A§3§A§3t §x§9§6§9§6§9§6S§x§8§9§8§9§8§9h§x§7§C§7§C§7§Co§x§6§F§6§F§6§Fv§x§6§2§6§2§6§2e§8l from storage
[09:17:24] > tic_sz added x1 Elytra in auction for 1500000.
[09:19:31] > PrinceBGC added x1 §f§l§8B§x§6§2§6§2§6§2a§x§6§F§6§F§6§Fh§x§7§C§7§C§7§Ca§x§8§9§8§9§8§9m§x§9§6§9§6§9§6u§x§A§3§A§3§A§3t §x§9§6§9§6§9§6S§x§8§9§8§9§8§9h§x§7§C§7§C§7§Co§x§6§F§6§F§6§Fv§x§6§2§6§2§6§2e§8l in auction for 1500000.
[09:20:58] > HwanYo buy x1 §x§5§9§A§1§D§9§lA§x§6§B§A§B§D§Dr§x§7§E§B§6§E§1c§x§9§0§C§0§E§6h§x§A§3§C§B§E§Aa§x§B§5§D§5§E§En§x§C§8§E§0§F§2g§x§D§A§E§A§F§7e§x§E§D§F§5§F§Bl §x§E§A§F§3§F§AB§x§D§6§E§8§F§6a§x§C§1§D§C§F§1c§x§A§C§D§0§E§Ck§x§9§7§C§4§E§7p§x§8§3§B§9§E§3a§x§6§E§A§D§D§Ec§x§5§9§A§1§D§9k to Asterizu for $500,000.
[09:21:06] > HwanYo remove x1 §x§5§9§A§1§D§9§lA§x§6§B§A§B§D§Dr§x§7§E§B§6§E§1c§x§9§0§C§0§E§6h§x§A§3§C§B§E§Aa§x§B§5§D§5§E§En§x§C§8§E§0§F§2g§x§D§A§E§A§F§7e§x§E§D§F§5§F§Bl §x§E§A§F§3§F§AB§x§D§6§E§8§F§6a§x§C§1§D§C§F§1c§x§A§C§D§0§E§Ck§x§9§7§C§4§E§7p§x§8§3§B§9§E§3a§x§6§E§A§D§D§Ec§x§5§9§A§1§D§9k from buy
[09:24:11] > MrZyrus7228 added x1 Enchanted golden apple in auction for 100000.
[09:24:26] > MrZyrus7228 remove x1 Enchanted golden apple from storage
[09:24:38] > MrZyrus7228 added x1 Enchanted golden apple in auction for 50000.
[09:24:56] > MrZyrus7228 added x2 Enchanted golden apple in auction for 50000.
[09:25:08] > MrZyrus7228 added x1 Enchanted golden apple in auction for 50000.
[09:25:48] > DanRaiv added x64 Golden apple in auction for 500000.
[09:30:48] > DefinitelyHani added x1 Enchanted book in auction for 25000.
[09:30:59] > .Kenku1001 buy x64 Golden apple to DanRaiv for $500,000.
[09:31:29] > .Kenku1001 buy x2 Enchanted golden apple to MrZyrus7228 for $50,000.
[09:31:33] > .Kenku1001 buy x1 Enchanted golden apple to MrZyrus7228 for $50,000.
[09:31:37] > .Kenku1001 buy x1 Enchanted golden apple to MrZyrus7228 for $50,000.
[09:39:53] > mauserdart remove x1 §x§F§F§3§E§0§0§lDemon Lord Wings from storage
[09:47:31] > x1 §x§E§5§1§B§1§B§lDracula Battleaxe on sale by mae has just expired, it goes in the inventory of expired items.
[10:00:18] > x1 §x§F§2§C§6§D§E§lP§x§E§0§C§A§D§B§li§x§C§D§C§D§D§8§ln§x§B§B§D§1§D§5§la§x§A§9§D§4§D§2§lt§x§9§6§D§8§C§E§la §x§7§1§D§F§C§8§lC§x§5§F§E§2§C§5§lr§x§7§4§D§E§C§9§la§x§8§9§D§A§C§C§lt§x§9§E§D§6§D§0§le §x§C§8§C§E§D§7§lK§x§D§D§C§A§D§A§le§x§F§2§C§6§D§E§ly on sale by .Kenmbu has just expired, it goes in the inventory of expired items.
[10:06:00] > x1 §esʜᴇᴇᴘ sᴘᴀᴡɴᴇʀ on sale by cinterMC has just expired, it goes in the inventory of expired items.
[10:07:08] > .SharkyisHungry added x1 §eᴄᴏᴡ sᴘᴀᴡɴᴇʀ in auction for 200000.
[10:07:22] > MrZyrus7228 added x1 §fMagician Hat in auction for 10.
[10:07:26] > DanRaiv buy x1 §fMagician Hat to MrZyrus7228 for $10.
[10:07:29] > DanRaiv remove x1 §fMagician Hat from buy
[10:07:48] > DanRaiv added x1 §x§F§0§7§A§5§4§lZombie Apocalyptic Hammer in auction for 300000.
[10:08:59] > BlackKnight added x1 §f§l§8B§x§5§F§5§F§5§Fa§x§6§9§6§9§6§9h§x§7§3§7§3§7§3a§x§7§D§7§D§7§Dm§x§8§7§8§7§8§7u§x§9§1§9§1§9§1t§x§9§B§9§B§9§B §x§A§5§A§5§A§5Ch§x§9§B§9§B§9§Be§x§9§1§9§1§9§1s§x§8§7§8§7§8§7t§x§7§D§7§D§7§Dp§x§7§3§7§3§7§3l§x§6§9§6§9§6§9a§x§5§F§5§F§5§Ft§8e in auction for 4000000.
[10:13:19] > baba remove x1 Exp bottles restocked at /pwarp NewExpBottles from storage
[10:14:36] > x1 /pwarp warp irony for a cheap iron block!! on sale by mae has just expired, it goes in the inventory of expired items.
[10:14:36] > baba added x1 Restocked at ./pwarp XPexchange in auction for 10000000000.
[10:23:35] > Puffingsponge added x1 §f§l§8B§x§6§6§6§6§6§6a§x§7§7§7§7§7§7h§x§8§8§8§8§8§8a§x§9§9§9§9§9§9m§7u§x§9§9§9§9§9§9t§x§8§8§8§8§8§8 §x§7§7§7§7§7§7K§x§6§6§6§6§6§6e§8y in auction for 10.
[10:23:39] > BlackKnight buy x1 §f§l§8B§x§6§6§6§6§6§6a§x§7§7§7§7§7§7h§x§8§8§8§8§8§8a§x§9§9§9§9§9§9m§7u§x§9§9§9§9§9§9t§x§8§8§8§8§8§8 §x§7§7§7§7§7§7K§x§6§6§6§6§6§6e§8y to Puffingsponge for $10.
[10:24:21] > Keeos added x64 Golden apple in auction for 150000.
[10:24:30] > MochaFangs buy x64 Golden apple to Keeos for $150,000.
[10:24:36] > Keeos added x64 Golden apple in auction for 150000.
[10:24:42] > MochaFangs remove x64 Golden apple from buy
[10:24:47] > .Kenku1001 buy x64 Golden apple to Keeos for $150,000.
[10:24:57] > BlackKnight remove x1 §f§l§8B§x§6§6§6§6§6§6a§x§7§7§7§7§7§7h§x§8§8§8§8§8§8a§x§9§9§9§9§9§9m§7u§x§9§9§9§9§9§9t§x§8§8§8§8§8§8 §x§7§7§7§7§7§7K§x§6§6§6§6§6§6e§8y from buy
[10:25:08] > Keeos added x64 Golden apple in auction for 150000.
[10:25:12] > mauserdart buy x64 Golden apple to Keeos for $150,000.
[10:25:18] > mauserdart remove x64 Golden apple from buy
[10:25:22] > Keeos added x64 Golden apple in auction for 150000.
[10:25:27] > mauserdart buy x64 Golden apple to Keeos for $150,000.
[10:25:36] > mauserdart remove x64 Golden apple from buy
[10:25:48] > Keeos added x64 Golden apple in auction for 150000.
[10:25:54] > .Kenku1001 buy x64 Golden apple to Keeos for $150,000.
[10:26:05] > Keeos added x64 Golden apple in auction for 150000.
[10:26:10] > .Kenku1001 buy x64 Golden apple to Keeos for $150,000.
[10:26:19] > Keeos added x64 Golden apple in auction for 200000.
[10:26:26] > .Kenku1001 buy x64 Golden apple to Keeos for $200,000.
[10:26:35] > Keeos added x64 Golden apple in auction for 200000.
[10:26:43] > .Kenku1001 buy x64 Golden apple to Keeos for $200,000.
[10:27:40] > Keeos added x64 Golden apple in auction for 200000.
[10:27:50] > HPMR_GaMerz buy x64 Golden apple to Keeos for $200,000.
[10:27:53] > Keeos added x64 Golden apple in auction for 200000.
[10:27:57] > HPMR_GaMerz buy x64 Golden apple to Keeos for $200,000.
[10:28:39] > Lanchan68 buy x64 Experience bottle to HwanYo for $140,000.
[10:28:41] > Lanchan68 buy x64 Experience bottle to HwanYo for $140,000.
[10:28:43] > Lanchan68 buy x64 Experience bottle to HwanYo for $140,000.
[10:28:45] > Lanchan68 buy x64 Experience bottle to HwanYo for $140,000.
[10:28:47] > Lanchan68 buy x64 Experience bottle to HwanYo for $140,000.
[10:28:48] > Keeos added x64 Golden apple in auction for 150000.
[10:28:48] > Lanchan68 buy x64 Experience bottle to HwanYo for $140,000.
[10:29:00] > HPMR_GaMerz buy x64 Golden apple to Keeos for $150,000.
[10:29:04] > Keeos added x64 Golden apple in auction for 150000.
[10:29:07] > HPMR_GaMerz buy x64 Golden apple to Keeos for $150,000.
[10:29:52] > HwanYo added x64 Experience bottle in auction for 150000.
[10:29:57] > Keeos added x64 Golden apple in auction for 200000.
[10:30:04] > HwanYo added x64 Experience bottle in auction for 150000.
[10:30:05] > HPMR_GaMerz buy x64 Golden apple to Keeos for $200,000.
[10:30:06] > Lanchan68 buy x64 Experience bottle to HwanYo for $150,000.
[10:30:09] > Lanchan68 buy x64 Experience bottle to HwanYo for $150,000.
[10:30:12] > Keeos added x64 Golden apple in auction for 200000.
[10:30:17] > HwanYo added x64 Experience bottle in auction for 150000.
[10:30:29] > HwanYo added x64 Experience bottle in auction for 150000.
[10:30:37] > Keeos added x64 Golden apple in auction for 250000.
[10:30:42] > HwanYo added x64 Experience bottle in auction for 150000.
[10:30:43] > HPMR_GaMerz buy x64 Golden apple to Keeos for $250,000.
[10:30:43] > Lanchan68 buy x64 Experience bottle to SydneySweetie for $50,000.
[10:30:47] > HPMR_GaMerz buy x64 Golden apple to Keeos for $200,000.
[10:30:55] > Lanchan68 buy x64 Experience bottle to SydneySweetie for $50,000.
[10:30:56] > Keeos added x64 Golden apple in auction for 250000.
[10:31:09] > Keeos added x64 Golden apple in auction for 250000.
[10:31:13] > HPMR_GaMerz buy x64 Golden apple to Keeos for $250,000.
[10:31:13] > Lanchan68 buy x1 §x§F§E§B§E§C§A§lSeason 3 Celebration Cake <3 to .chonk3177 for $20,000.
[10:31:15] > HPMR_GaMerz buy x64 Golden apple to Keeos for $250,000.
[10:31:20] > Keeos added x64 Golden apple in auction for 250000.
[10:31:26] > HPMR_GaMerz buy x64 Golden apple to Keeos for $250,000.
[10:32:03] > Keeos added x64 Golden apple in auction for 250000.
[10:32:41] > Keeos added x64 Golden apple in auction for 250000.
[10:32:53] > Keeos added x64 Golden apple in auction for 250000.
[10:33:05] > Keeos added x64 Golden apple in auction for 250000.
[10:33:23] > Keeos added x64 Golden apple in auction for 250000.
[10:34:29] > HPMR_GaMerz buy x64 Golden apple to Keeos for $250,000.
[10:34:31] > HPMR_GaMerz buy x64 Golden apple to Keeos for $250,000.
[10:34:34] > HPMR_GaMerz buy x64 Golden apple to Keeos for $250,000.
[10:34:36] > HPMR_GaMerz buy x64 Golden apple to Keeos for $250,000.
[10:34:39] > HPMR_GaMerz buy x64 Golden apple to Keeos for $250,000.
[10:34:54] > Keeos added x64 Golden apple in auction for 250000.
[10:35:15] > HPMR_GaMerz buy x64 Golden apple to Keeos for $250,000.
[10:36:00] > Keeos added x64 Golden apple in auction for 250000.
[10:36:12] > Keeos added x64 Golden apple in auction for 250000.
[10:36:24] > llhxnce buy x64 Golden apple to Keeos for $250,000.
[10:36:24] > Keeos added x64 Golden apple in auction for 250000.
[10:36:35] > llhxnce remove x64 Golden apple from buy
[10:36:37] > Keeos added x64 Golden apple in auction for 250000.
[10:36:57] > Keeos added x64 Golden apple in auction for 250000.
[10:37:18] > DanRaiv added x1 Name tag in auction for 100.
[10:37:27] > HPMR_GaMerz buy x1 Name tag to DanRaiv for $100.
[10:37:57] > .SharkyisHungry added x17 Enchanted golden apple in auction for 100000.
[10:38:05] > HPMR_GaMerz buy x17 Enchanted golden apple to .SharkyisHungry for $100,000.
[10:38:13] > HPMR_GaMerz buy x64 Golden apple to Keeos for $250,000.
[10:38:15] > HPMR_GaMerz buy x64 Golden apple to Keeos for $250,000.
[10:38:17] > HPMR_GaMerz buy x64 Golden apple to Keeos for $250,000.
[10:38:19] > HPMR_GaMerz buy x64 Golden apple to Keeos for $250,000.
[10:48:55] > Axshiryu buy x1 Enchanted book to Takeremu for $2,500.
[10:48:57] > Axshiryu buy x1 Enchanted book to Takeremu for $2,500.
[10:49:00] > Axshiryu buy x1 Enchanted book to Takeremu for $2,500.
[10:49:02] > Axshiryu buy x1 Enchanted book to Takeremu for $2,500.
[10:49:12] > Axshiryu buy x1 Enchanted book to DefinitelyHani for $25,000.
[10:49:21] > Axshiryu buy x1 Enchanted book to RainyDeeed69_ for $25,000.
[10:49:25] > Axshiryu buy x1 Enchanted book to RainyDeeed69_ for $25,000.
[10:49:28] > Axshiryu buy x1 Enchanted book to RainyDeeed69_ for $25,000.
[10:50:49] > Axshiryu remove x1 Enchanted book from buy
[10:50:51] > Axshiryu remove x1 Enchanted book form buy
[10:50:51] > Axshiryu remove x1 Enchanted book form buy
[10:50:51] > Axshiryu remove x1 Enchanted book form buy
[10:50:51] > Axshiryu remove x1 Enchanted book form buy
[10:50:51] > Axshiryu remove x1 Enchanted book form buy
[10:50:51] > Axshiryu remove x1 Enchanted book form buy
[10:50:51] > Axshiryu remove x1 Enchanted book form buy
[10:50:51] > Axshiryu remove x1 Enchanted book form buy
[10:55:24] > x2 §x§F§2§C§6§D§E§lP§x§E§0§C§A§D§B§li§x§C§D§C§D§D§8§ln§x§B§B§D§1§D§5§la§x§A§9§D§4§D§2§lt§x§9§6§D§8§C§E§la §x§7§1§D§F§C§8§lC§x§5§F§E§2§C§5§lr§x§7§4§D§E§C§9§la§x§8§9§D§A§C§C§lt§x§9§E§D§6§D§0§le §x§C§8§C§E§D§7§lK§x§D§D§C§A§D§A§le§x§F§2§C§6§D§E§ly on sale by .Dream78720 has just expired, it goes in the inventory of expired items.
[11:00:24] > Rain_Reinn buy x1 Splash potion to Alexfromhere for $10,000.
[11:00:29] > Rain_Reinn remove x1 Splash potion from buy
[11:02:05] > Axshiryu buy x1 Enchanted book to DefinitelyHani for $25,000.
[11:02:17] > Axshiryu remove x1 Enchanted book form buy
[11:06:48] > kabayooo buy x64 Firework rocket to SydneySweetie for $3,500.
[11:10:25] > x1 Ancient debris, bought by celinesanrio, has just expired, the item is definitively deleted.
[11:10:25] > x3 Skeleton skull, bought by celinesanrio, has just expired, the item is definitively deleted.
[11:34:14] > .Quackity26957 added x1 §x§F§0§7§A§5§4§lZombie Apocalyptic Shotgun in auction for 150000.
[11:41:30] > DanRaiv added x1 §eᴡɪᴛᴄʜ ꜱᴘᴀᴡɴᴇʀ in auction for 1000000.
[11:41:35] > HwanYo buy x1 §eᴡɪᴛᴄʜ ꜱᴘᴀᴡɴᴇʀ to DanRaiv for $1,000,000.
[11:41:47] > Takeremu added x2 §eᴡɪᴛᴄʜ ꜱᴘᴀᴡɴᴇʀ in auction for 2000000.
[11:42:14] > HwanYo buy x2 §eᴡɪᴛᴄʜ ꜱᴘᴀᴡɴᴇʀ to Takeremu for $2,000,000.
[11:42:25] > HwanYo remove x1 §eᴡɪᴛᴄʜ ꜱᴘᴀᴡɴᴇʀ from buy
[11:42:26] > HwanYo remove x2 §eᴡɪᴛᴄʜ ꜱᴘᴀᴡɴᴇʀ from buy
[11:44:07] > .SharkyisHungry added x1 Raven's Breastmilk in auction for 100000000.
[11:44:58] > MrZyrus7228 added x11 Cooked beef in auction for 2500000.
[11:45:52] > HwanYo added x1 §x§F§F§7§C§0§0§lSteamsparks Chestplate in auction for 400000.