
[12:09:40] > Dentatsu buy x1 §f§l§8B§x§6§0§6§0§6§0a§x§6§C§6§C§6§Ch§x§7§7§7§7§7§7a§x§8§2§8§2§8§2m§x§8§E§8§E§8§Eu§x§9§9§9§9§9§9t§x§A§4§A§4§A§4 G§x§9§9§9§9§9§9a§x§8§E§8§E§8§Eu§x§8§2§8§2§8§2n§x§7§7§7§7§7§7t§x§6§C§6§C§6§Cl§x§6§0§6§0§6§0e§8t to Uratakiz for $200,000.
[12:10:33] > grit_zy added x1 §x§F§F§5§5§0§0§lsᴇʟʟᴡᴀɴᴅ §6- 5.0x in auction for 550000.
[12:10:45] > grit_zy added x1 §x§F§F§5§5§0§0§lsᴇʟʟᴡᴀɴᴅ §6- 5.0x in auction for 550000.
[12:10:52] > blezzinglighto buy x64 Nether wart to RottenRael for $10,000.
[12:10:58] > grit_zy added x1 §x§F§F§5§5§0§0§lsᴇʟʟᴡᴀɴᴅ §6- 5.0x in auction for 550000.
[12:11:09] > grit_zy added x1 §x§F§F§5§5§0§0§lsᴇʟʟᴡᴀɴᴅ §6- 5.0x in auction for 550000.
[12:11:21] > grit_zy added x1 §x§F§F§5§5§0§0§lsᴇʟʟᴡᴀɴᴅ §6- 5.0x in auction for 550000.
[12:17:47] > .Allxnzv added x1 sᴇʟʟᴡᴀɴᴅ - 5.0x in auction for 500000.
[12:18:11] > blezzinglighto remove x28 Redstone block from buy
[12:18:12] > blezzinglighto remove x64 Nether wart from buy
[12:19:44] > blezzinglighto remove x1 §x§F§F§5§5§0§0§lsᴇʟʟᴡᴀɴᴅ §6- 5.0x from expire
[12:31:58] > .Knull2429 added x2 Name tag in auction for 100000.
[12:32:20] > .Knull2429 remove x2 Name tag from storage
[12:33:27] > .Knull2429 added x1 Name tag in auction for 100000.
[12:33:42] > .Knull2429 added x1 Name tag in auction for 100000.
[12:38:21] > grit_zy added x1 Music disc lava chicken in auction for 676767676767.
[12:38:33] > grit_zy remove x1 Music disc lava chicken from storage
[12:38:35] > grit_zy remove x1 §x§F§F§5§5§0§0§lsᴇʟʟᴡᴀɴᴅ §6- 5.0x from storage
[12:38:35] > grit_zy remove x1 §x§F§F§5§5§0§0§lsᴇʟʟᴡᴀɴᴅ §6- 5.0x from storage
[12:38:35] > grit_zy remove x1 §x§F§F§5§5§0§0§lsᴇʟʟᴡᴀɴᴅ §6- 5.0x from storage
[12:38:36] > grit_zy remove x1 §x§F§F§5§5§0§0§lsᴇʟʟᴡᴀɴᴅ §6- 5.0x from storage
[12:38:36] > grit_zy remove x1 §x§F§F§5§5§0§0§lsᴇʟʟᴡᴀɴᴅ §6- 5.0x from storage
[12:38:36] > grit_zy remove x1 §x§F§F§5§5§0§0§lsᴇʟʟᴡᴀɴᴅ §6- 5.0x from storage
[12:38:37] > grit_zy remove x1 §x§F§F§5§5§0§0§lsᴇʟʟᴡᴀɴᴅ §6- 5.0x from storage
[12:38:47] > grit_zy added x1 §x§F§F§5§5§0§0§lsᴇʟʟᴡᴀɴᴅ §6- 5.0x in auction for 550000.
[12:39:01] > grit_zy added x1 §x§F§F§5§5§0§0§lsᴇʟʟᴡᴀɴᴅ §6- 5.0x in auction for 550000.
[12:39:18] > grit_zy added x1 §x§F§F§5§5§0§0§lsᴇʟʟᴡᴀɴᴅ §6- 5.0x in auction for 550000.
[12:39:30] > grit_zy added x1 §x§F§F§5§5§0§0§lsᴇʟʟᴡᴀɴᴅ §6- 5.0x in auction for 550000.
[12:39:44] > grit_zy added x1 §x§F§F§5§5§0§0§lsᴇʟʟᴡᴀɴᴅ §6- 5.0x in auction for 550000.
[12:40:00] > grit_zy added x1 §x§F§F§5§5§0§0§lsᴇʟʟᴡᴀɴᴅ §6- 5.0x in auction for 550000.
[12:40:10] > grit_zy added x1 §x§F§F§5§5§0§0§lsᴇʟʟᴡᴀɴᴅ §6- 5.0x in auction for 550000.
[12:40:17] > InternetCafeUser remove x1 §x§A§5§8§0§D§D§lᴇᴘɪᴄ ɪᴛᴇᴍ from buy
[12:56:03] > frenchhee buy x10 Breeze rod to .Whatyusaay for $35,000.
[12:56:13] > frenchhee buy x13 Breeze rod to Kaynn for $20,000.
[12:56:22] > frenchhee remove x10 Breeze rod from buy
[12:56:24] > frenchhee remove x13 Breeze rod from buy
[13:07:28] > .Marcusflep4 remove x64 Cherry log from storage
[13:19:59] > anneyong added x1 Pamalo ni mama in auction for 6767.
[13:20:13] > nachfaust buy x1 Pamalo ni mama to anneyong for $6,767.
[13:20:56] > nachfaust remove x1 Pamalo ni mama form buy
[13:23:45] > anneyong added x64 Book in auction for 30000.
[13:29:18] > RottenRael added x1 §x§F§F§5§5§0§0§lsᴇʟʟᴡᴀɴᴅ §6- 5.0x in auction for 500000.
[13:34:01] > .JakeTheMiner457 added x3 Netherite scrap in auction for 150000.
[13:46:15] > nachfaust remove x1 Mace from storage
[13:55:44] > k000k444k buy x64 Sponge to Zypher_0w0 for $51,200.
[13:55:45] > k000k444k buy x64 Sponge to Zypher_0w0 for $51,200.
[13:55:54] > k000k444k remove x64 Sponge from buy
[13:55:55] > k000k444k remove x64 Sponge from buy
[14:00:12] > anneyong remove x64 Coal block from buy
[14:06:06] > Icon_Skully remove x1 §fDiscord Nitro Sword from storage
[14:06:07] > Icon_Skully remove x1 §f§l§x§8§A§0§0§F§FS§x§9§9§0§0§D§Bh§x§A§8§0§0§B§6i§x§B§7§0§0§9§2n§x§C§6§0§0§6§De§x§D§5§0§0§4§9 §x§E§4§0§0§2§4O§x§F§3§0§0§0§0n§x§E§4§0§0§2§4i§x§D§5§0§0§4§9 §x§C§6§0§0§6§DS§x§B§7§0§0§9§2t§x§A§8§0§0§B§6a§x§9§9§0§0§D§Bf§x§8§A§0§0§F§Ff from storage
[14:06:09] > Icon_Skully remove x1 §x§F§F§7§C§0§0§lSteamsparks Blade from storage
[14:07:45] > Icon_Skully added x1 §f§l§x§8§A§0§0§F§FS§x§9§9§0§0§D§Bh§x§A§8§0§0§B§6i§x§B§7§0§0§9§2n§x§C§6§0§0§6§De§x§D§5§0§0§4§9 §x§E§4§0§0§2§4O§x§F§3§0§0§0§0n§x§E§4§0§0§2§4i§x§D§5§0§0§4§9 §x§C§6§0§0§6§DS§x§B§7§0§0§9§2t§x§A§8§0§0§B§6a§x§9§9§0§0§D§Bf§x§8§A§0§0§F§Ff in auction for 1000000.
[14:08:18] > Icon_Skully added x1 §x§F§F§7§C§0§0§lSteamsparks Blade in auction for 200000.
[14:12:55] > ace added x64 Raw iron in auction for 50000.
[14:15:31] > nachfaust added x1 Mace in auction for 750000.
[14:24:06] > Kodakoda added x1 §x§F§F§5§5§0§0§lsᴇʟʟᴡᴀɴᴅ §6- 5.0x in auction for 500000.
[14:24:18] > Kodakoda added x1 §x§F§F§5§5§0§0§lsᴇʟʟᴡᴀɴᴅ §6- 5.0x in auction for 500000.
[14:24:51] > alecczzz added x1 §fGuardian Plushie §6(#43/101) in auction for 200000.
[14:25:55] > nachfaust remove x1 §x§F§F§7§C§0§0§lSteamsparks Bow from storage
[14:25:57] > nachfaust remove x1 §x§E§5§1§B§1§B§lDracula Hoe from storage
[14:26:05] > nachfaust added x1 §x§F§F§5§5§0§0§lsᴇʟʟᴡᴀɴᴅ §6- 5.0x in auction for 500000.
[14:26:17] > nachfaust added x1 §x§F§F§5§5§0§0§lsᴇʟʟᴡᴀɴᴅ §6- 5.0x in auction for 500000.
[14:26:27] > Ryzxc remove x1 §fZombie Villager Plushie §6(#100/101) from storage
[14:26:54] > RecklessWheats added x1 §x§F§F§3§E§0§0§lSellwand Voucher in auction for 1100000.
[14:27:31] > RecklessWheats remove x1 §x§F§F§3§E§0§0§lSellwand Voucher from storage
[14:27:50] > Icon_Skully remove x1 §x§F§F§7§C§0§0§lSteamsparks Blade from storage
[14:27:51] > Icon_Skully remove x1 §f§l§x§8§A§0§0§F§FS§x§9§9§0§0§D§Bh§x§A§8§0§0§B§6i§x§B§7§0§0§9§2n§x§C§6§0§0§6§De§x§D§5§0§0§4§9 §x§E§4§0§0§2§4O§x§F§3§0§0§0§0n§x§E§4§0§0§2§4i§x§D§5§0§0§4§9 §x§C§6§0§0§6§DS§x§B§7§0§0§9§2t§x§A§8§0§0§B§6a§x§9§9§0§0§D§Bf§x§8§A§0§0§F§Ff from storage
[14:27:56] > Ryzxc added x1 §x§F§F§3§E§0§0§lSellwand Voucher in auction for 500000.
[14:28:01] > giyahnpogi buy x1 §x§F§F§3§E§0§0§lSellwand Voucher to Ryzxc for $500,000.
[14:28:09] > giyahnpogi remove x1 §x§F§F§3§E§0§0§lSellwand Voucher from buy
[14:28:12] > Ryzxc added x1 §5Witch Hat in auction for 75000.
[14:30:40] > Ryzxc remove x1 §x§F§F§7§C§0§0§lSteamsparks Staff from storage
[14:30:49] > Ryzxc remove x1 Shulker box from storage
[14:31:07] > Ryzxc added x1 §fCamel Plushie §6(#12/101) in auction for 100000.
[14:31:18] > x1 §x§E§5§1§B§1§B§lDracula Bow, item of Axshiryu, has just expired, the item is definitively deleted.
[14:31:19] > Ryzxc added x1 §f§bRavager Plushie §6(#76/101) in auction for 120000.
[14:31:23] > Cooldoggiexd remove x1 Enchanted book from storage
[14:31:32] > Cooldoggiexd added x1 Enchanted book in auction for 500000.
[14:31:43] > Ryzxc remove x64 Spruce log from storage
[14:31:56] > Ryzxc added x1 §fZombie Villager Plushie §6(#100/101) in auction for 30000.
[14:32:00] > Icon_Skully added x1 §fShogun Bow in auction for 450000.
[14:33:32] > Ryzxc remove x1 Enchanted book from storage
[14:33:48] > Ryzxc added x1 §fGoat Plushie §6(#42/101) in auction for 750000.
[14:37:28] > Icon_Skully added x1 §x§F§F§5§5§0§0§lsᴇʟʟᴡᴀɴᴅ §6- 10.0x in auction for 1100000.
[14:38:29] > ace added x1 Music disc 13 in auction for 30000.
[14:39:05] > Icon_Skully remove x1 §x§F§F§5§5§0§0§lsᴇʟʟᴡᴀɴᴅ §6- 10.0x from storage
[14:42:07] > anneyong added x1 Pamalo in auction for 6767.
[14:42:14] > Cooldoggiexd buy x1 Pamalo to anneyong for $6,767.
[14:42:41] > Cooldoggiexd remove x1 Pamalo from buy
[14:56:42] > MrZyrus7228 buy x1 §x§F§F§5§5§0§0§lsᴇʟʟᴡᴀɴᴅ §6- 5.0x to nachfaust for $500,000.
[14:56:42] > x1 §x§E§5§1§B§1§B§lDracula Halberd, item of Jaiki, has just expired, the item is definitively deleted.
[14:56:42] > x1 §x§F§F§3§E§0§0§lD§x§F§F§3§7§0§0§le§x§F§F§3§0§0§0§lm§x§F§F§2§9§0§0§lo§x§F§F§2§2§0§0§ln §x§F§F§1§5§0§0§lL§x§F§F§0§E§0§0§lo§x§F§F§0§7§0§0§lr§x§F§F§0§0§0§0§ld §x§F§F§0§E§0§0§lC§x§F§F§1§5§0§0§lr§x§F§F§1§C§0§0§lo§x§F§F§2§2§0§0§ls§x§F§F§2§9§0§0§ls§x§F§F§3§0§0§0§lb§x§F§F§3§7§0§0§lo§x§F§F§3§E§0§0§lw, item of Jaiki, has just expired, the item is definitively deleted.
[14:56:44] > MrZyrus7228 buy x1 §x§F§F§5§5§0§0§lsᴇʟʟᴡᴀɴᴅ §6- 5.0x to nachfaust for $500,000.
[14:56:46] > MrZyrus7228 buy x1 §x§F§F§5§5§0§0§lsᴇʟʟᴡᴀɴᴅ §6- 5.0x to Kodakoda for $500,000.
[14:56:49] > MrZyrus7228 buy x1 §x§F§F§5§5§0§0§lsᴇʟʟᴡᴀɴᴅ §6- 5.0x to Kodakoda for $500,000.
[14:56:52] > MrZyrus7228 buy x1 §x§F§F§5§5§0§0§lsᴇʟʟᴡᴀɴᴅ §6- 5.0x to RottenRael for $500,000.
[15:01:08] > MrZyrus7228 remove x1 §x§F§F§5§5§0§0§lsᴇʟʟᴡᴀɴᴅ §6- 5.0x form buy
[15:01:08] > MrZyrus7228 remove x1 §x§F§F§5§5§0§0§lsᴇʟʟᴡᴀɴᴅ §6- 5.0x form buy
[15:01:08] > MrZyrus7228 remove x1 §x§F§F§5§5§0§0§lsᴇʟʟᴡᴀɴᴅ §6- 5.0x form buy
[15:01:08] > MrZyrus7228 remove x1 §x§F§F§5§5§0§0§lsᴇʟʟᴡᴀɴᴅ §6- 5.0x form buy
[15:01:08] > MrZyrus7228 remove x1 §x§F§F§5§5§0§0§lsᴇʟʟᴡᴀɴᴅ §6- 5.0x form buy
[15:04:02] > ace added x1 §fMysterious Hat in auction for 80000.
[15:04:18] > ace remove x64 Raw iron from storage
[15:04:28] > ace added x64 Raw iron in auction for 50000.
[15:24:24] > Zypher_0w0 added x1 Ender chest in auction for 10.
[15:24:34] > Trapers1 buy x1 Ender chest to Zypher_0w0 for $10.
[15:24:40] > Trapers1 remove x1 Ender chest form buy
[15:24:55] > Icon_Skully added x1 §f§l§x§8§A§0§0§F§FS§x§9§C§0§0§D§5h§x§A§D§0§0§A§Ai§x§B§F§0§0§8§0n§x§D§0§0§0§5§5e§x§E§2§0§0§2§B §x§F§3§0§0§0§0O§x§E§2§0§0§2§An§x§D§0§0§0§5§5i§x§B§F§0§0§8§0 §x§A§D§0§0§A§AB§x§9§C§0§0§D§5o§x§8§A§0§0§F§Fw in auction for 750000.
[15:26:53] > Abbadex buy x1 §x§6§0§0§0§F§F§lɢᴏᴅʟʏ ɪᴛᴇᴍ to Zypher_0w0 for $999,999.
[15:27:12] > Takeremu buy x4 Heart of the sea to Zypher_0w0 for $80,000.
[15:27:24] > x2 §x§5§C§C§F§F§C§lC§x§5§C§D§1§F§5§lo§x§5§D§D§4§E§E§ls§x§5§D§D§6§E§7§lm§x§5§E§D§9§E§1§le§x§5§E§D§B§D§A§lt§x§5§E§D§D§D§3§li§x§5§F§E§0§C§C§lc §x§5§F§E§0§C§C§lH§x§5§E§D§D§D§3§la§x§5§E§D§B§D§A§lt§x§5§E§D§9§E§1§ls §x§5§D§D§4§E§E§lK§x§5§C§D§1§F§5§le§x§5§C§C§F§F§C§ly, item of Zee_, has just expired, the item is definitively deleted.
[15:27:27] > Takeremu remove x18 §x§C§9§A§7§F§C§lL§x§B§D§A§E§F§6§le§x§B§1§B§4§F§0§lg§x§A§6§B§B§E§A§le§x§9§A§C§1§E§4§ln§x§8§E§C§8§D§D§ld§x§8§2§C§E§D§7§la§x§7§7§D§5§D§1§lr§x§6§B§D§B§C§B§ly §x§6§B§D§B§C§B§lC§x§7§7§D§5§D§1§lr§x§8§2§C§E§D§7§la§x§8§E§C§8§D§D§lt§x§9§A§C§1§E§4§le §x§B§1§B§4§F§0§lK§x§B§D§A§E§F§6§le§x§C§9§A§7§F§C§ly from expire
[15:27:27] > Takeremu remove x36 §x§F§C§9§0§5§C§lE§x§E§6§9§C§6§B§lp§x§C§F§A§7§7§A§li§x§B§9§B§3§8§9§lc §x§8§C§C§B§A§7§lC§x§7§5§D§6§B§6§lr§x§5§F§E§2§C§5§la§x§7§9§D§4§B§4§lt§x§9§3§C§7§A§2§le §x§C§8§A§B§7§F§lK§x§E§2§9§E§6§E§le§x§F§C§9§0§5§C§ly from expire
[15:27:27] > Takeremu remove x20 Sculk catalyst from expire
[15:27:27] > Takeremu remove x18 §x§F§C§9§0§5§C§lE§x§E§6§9§C§6§B§lp§x§C§F§A§7§7§A§li§x§B§9§B§3§8§9§lc §x§8§C§C§B§A§7§lC§x§7§5§D§6§B§6§lr§x§5§F§E§2§C§5§la§x§7§9§D§4§B§4§lt§x§9§3§C§7§A§2§le §x§C§8§A§B§7§F§lK§x§E§2§9§E§6§E§le§x§F§C§9§0§5§C§ly from expire
[15:27:32] > Abbadex remove x1 §x§F§F§5§5§0§0§lsᴇʟʟᴡᴀɴᴅ §6- 10.0x form buy
[15:27:32] > Abbadex remove x1 §x§F§F§5§5§0§0§lsᴇʟʟᴡᴀɴᴅ §6- 5.0x form buy
[15:27:32] > Abbadex remove x1 §x§6§0§0§0§F§F§lɢᴏᴅʟʏ ɪᴛᴇᴍ form buy
[15:28:13] > Takeremu remove x1 §fMooshroom Plushie §6(#54/101) from buy
[15:28:14] > Takeremu remove x4 Heart of the sea from buy
[15:30:58] > anneyong added x64 Cooked beef in auction for 5000.
[15:31:16] > anneyong remove x63 Cooked beef from storage
[15:31:25] > anneyong added x64 Cooked beef in auction for 1000.
[15:35:02] > Icon_Skully added x10 §x§F§C§9§0§5§C§lE§x§E§6§9§C§6§B§lp§x§C§F§A§7§7§A§li§x§B§9§B§3§8§9§lc §x§8§C§C§B§A§7§lC§x§7§5§D§6§B§6§lr§x§5§F§E§2§C§5§la§x§7§9§D§4§B§4§lt§x§9§3§C§7§A§2§le §x§C§8§A§B§7§F§lK§x§E§2§9§E§6§E§le§x§F§C§9§0§5§C§ly in auction for 75000.
[15:35:07] > Trapers1 buy x10 §x§F§C§9§0§5§C§lE§x§E§6§9§C§6§B§lp§x§C§F§A§7§7§A§li§x§B§9§B§3§8§9§lc §x§8§C§C§B§A§7§lC§x§7§5§D§6§B§6§lr§x§5§F§E§2§C§5§la§x§7§9§D§4§B§4§lt§x§9§3§C§7§A§2§le §x§C§8§A§B§7§F§lK§x§E§2§9§E§6§E§le§x§F§C§9§0§5§C§ly to Icon_Skully for $75,000.
[15:35:14] > Trapers1 remove x10 §x§F§C§9§0§5§C§lE§x§E§6§9§C§6§B§lp§x§C§F§A§7§7§A§li§x§B§9§B§3§8§9§lc §x§8§C§C§B§A§7§lC§x§7§5§D§6§B§6§lr§x§5§F§E§2§C§5§la§x§7§9§D§4§B§4§lt§x§9§3§C§7§A§2§le §x§C§8§A§B§7§F§lK§x§E§2§9§E§6§E§le§x§F§C§9§0§5§C§ly form buy
[15:35:28] > Icon_Skully added x5 §x§F§C§D§0§5§C§lB§x§E§6§D§3§6§B§la§x§C§F§D§5§7§A§ls§x§B§9§D§8§8§9§li§x§A§2§D§A§9§8§lc §x§7§5§D§F§B§6§lC§x§5§F§E§2§C§5§lr§x§7§5§D§F§B§6§la§x§8§C§D§D§A§7§lt§x§A§2§D§A§9§8§le §x§C§F§D§5§7§A§lK§x§E§6§D§3§6§B§le§x§F§C§D§0§5§C§ly in auction for 25000.
[15:37:33] > topaz buy x1 §f§l§x§F§C§D§0§5§CW§x§F§B§A§D§4§Du§x§F§9§8§B§3§Dk§x§F§8§6§8§2§Eo§x§F§6§4§5§1§Fn§x§F§5§2§3§0§Fg§x§F§3§0§0§0§0 §x§F§5§2§3§0§FS§x§F§6§4§5§1§Fh§x§F§8§6§8§2§Eo§x§F§9§8§B§3§Dv§x§F§B§A§D§4§De§x§F§C§D§0§5§Cl to Antonie657 for $750,000.
[15:37:42] > topaz remove x1 §f§l§x§F§C§D§0§5§CW§x§F§B§A§D§4§Du§x§F§9§8§B§3§Dk§x§F§8§6§8§2§Eo§x§F§6§4§5§1§Fn§x§F§5§2§3§0§Fg§x§F§3§0§0§0§0 §x§F§5§2§3§0§FS§x§F§6§4§5§1§Fh§x§F§8§6§8§2§Eo§x§F§9§8§B§3§Dv§x§F§B§A§D§4§De§x§F§C§D§0§5§Cl from buy
[15:38:27] > Takeremu added x8 §x§F§C§9§0§5§C§lE§x§E§6§9§C§6§B§lp§x§C§F§A§7§7§A§li§x§B§9§B§3§8§9§lc §x§8§C§C§B§A§7§lC§x§7§5§D§6§B§6§lr§x§5§F§E§2§C§5§la§x§7§9§D§4§B§4§lt§x§9§3§C§7§A§2§le §x§C§8§A§B§7§F§lK§x§E§2§9§E§6§E§le§x§F§C§9§0§5§C§ly in auction for 320000.
[15:38:38] > Takeremu added x8 §x§F§C§9§0§5§C§lE§x§E§6§9§C§6§B§lp§x§C§F§A§7§7§A§li§x§B§9§B§3§8§9§lc §x§8§C§C§B§A§7§lC§x§7§5§D§6§B§6§lr§x§5§F§E§2§C§5§la§x§7§9§D§4§B§4§lt§x§9§3§C§7§A§2§le §x§C§8§A§B§7§F§lK§x§E§2§9§E§6§E§le§x§F§C§9§0§5§C§ly in auction for 320000.
[15:38:49] > Takeremu added x8 §x§F§C§9§0§5§C§lE§x§E§6§9§C§6§B§lp§x§C§F§A§7§7§A§li§x§B§9§B§3§8§9§lc §x§8§C§C§B§A§7§lC§x§7§5§D§6§B§6§lr§x§5§F§E§2§C§5§la§x§7§9§D§4§B§4§lt§x§9§3§C§7§A§2§le §x§C§8§A§B§7§F§lK§x§E§2§9§E§6§E§le§x§F§C§9§0§5§C§ly in auction for 320000.
[15:38:59] > Takeremu added x8 §x§F§C§9§0§5§C§lE§x§E§6§9§C§6§B§lp§x§C§F§A§7§7§A§li§x§B§9§B§3§8§9§lc §x§8§C§C§B§A§7§lC§x§7§5§D§6§B§6§lr§x§5§F§E§2§C§5§la§x§7§9§D§4§B§4§lt§x§9§3§C§7§A§2§le §x§C§8§A§B§7§F§lK§x§E§2§9§E§6§E§le§x§F§C§9§0§5§C§ly in auction for 320000.
[15:39:11] > Takeremu added x8 §x§F§C§9§0§5§C§lE§x§E§6§9§C§6§B§lp§x§C§F§A§7§7§A§li§x§B§9§B§3§8§9§lc §x§8§C§C§B§A§7§lC§x§7§5§D§6§B§6§lr§x§5§F§E§2§C§5§la§x§7§9§D§4§B§4§lt§x§9§3§C§7§A§2§le §x§C§8§A§B§7§F§lK§x§E§2§9§E§6§E§le§x§F§C§9§0§5§C§ly in auction for 320000.
[15:39:16] > anneyong added x1 Stick ni lolo in auction for 6767.
[15:39:21] > Takeremu added x8 §x§F§C§9§0§5§C§lE§x§E§6§9§C§6§B§lp§x§C§F§A§7§7§A§li§x§B§9§B§3§8§9§lc §x§8§C§C§B§A§7§lC§x§7§5§D§6§B§6§lr§x§5§F§E§2§C§5§la§x§7§9§D§4§B§4§lt§x§9§3§C§7§A§2§le §x§C§8§A§B§7§F§lK§x§E§2§9§E§6§E§le§x§F§C§9§0§5§C§ly in auction for 320000.
[15:39:22] > InternetCafeUser buy x1 Stick ni lolo to anneyong for $6,767.
[15:39:28] > InternetCafeUser remove x1 Stick ni lolo from buy
[15:40:03] > Takeremu remove x8 §x§F§C§9§0§5§C§lE§x§E§6§9§C§6§B§lp§x§C§F§A§7§7§A§li§x§B§9§B§3§8§9§lc §x§8§C§C§B§A§7§lC§x§7§5§D§6§B§6§lr§x§5§F§E§2§C§5§la§x§7§9§D§4§B§4§lt§x§9§3§C§7§A§2§le §x§C§8§A§B§7§F§lK§x§E§2§9§E§6§E§le§x§F§C§9§0§5§C§ly from storage
[15:40:17] > Takeremu added x4 §x§C§9§A§7§F§C§lL§x§B§D§A§E§F§6§le§x§B§1§B§4§F§0§lg§x§A§6§B§B§E§A§le§x§9§A§C§1§E§4§ln§x§8§E§C§8§D§D§ld§x§8§2§C§E§D§7§la§x§7§7§D§5§D§1§lr§x§6§B§D§B§C§B§ly §x§6§B§D§B§C§B§lC§x§7§7§D§5§D§1§lr§x§8§2§C§E§D§7§la§x§8§E§C§8§D§D§lt§x§9§A§C§1§E§4§le §x§B§1§B§4§F§0§lK§x§B§D§A§E§F§6§le§x§C§9§A§7§F§C§ly in auction for 320000.
[15:40:24] > Takeremu remove x8 §x§F§C§9§0§5§C§lE§x§E§6§9§C§6§B§lp§x§C§F§A§7§7§A§li§x§B§9§B§3§8§9§lc §x§8§C§C§B§A§7§lC§x§7§5§D§6§B§6§lr§x§5§F§E§2§C§5§la§x§7§9§D§4§B§4§lt§x§9§3§C§7§A§2§le §x§C§8§A§B§7§F§lK§x§E§2§9§E§6§E§le§x§F§C§9§0§5§C§ly from storage
[15:40:26] > Takeremu remove x8 §x§F§C§9§0§5§C§lE§x§E§6§9§C§6§B§lp§x§C§F§A§7§7§A§li§x§B§9§B§3§8§9§lc §x§8§C§C§B§A§7§lC§x§7§5§D§6§B§6§lr§x§5§F§E§2§C§5§la§x§7§9§D§4§B§4§lt§x§9§3§C§7§A§2§le §x§C§8§A§B§7§F§lK§x§E§2§9§E§6§E§le§x§F§C§9§0§5§C§ly from storage
[15:40:30] > Takeremu added x4 §x§C§9§A§7§F§C§lL§x§B§D§A§E§F§6§le§x§B§1§B§4§F§0§lg§x§A§6§B§B§E§A§le§x§9§A§C§1§E§4§ln§x§8§E§C§8§D§D§ld§x§8§2§C§E§D§7§la§x§7§7§D§5§D§1§lr§x§6§B§D§B§C§B§ly §x§6§B§D§B§C§B§lC§x§7§7§D§5§D§1§lr§x§8§2§C§E§D§7§la§x§8§E§C§8§D§D§lt§x§9§A§C§1§E§4§le §x§B§1§B§4§F§0§lK§x§B§D§A§E§F§6§le§x§C§9§A§7§F§C§ly in auction for 320000.
[15:40:34] > Takeremu remove x8 §x§F§C§9§0§5§C§lE§x§E§6§9§C§6§B§lp§x§C§F§A§7§7§A§li§x§B§9§B§3§8§9§lc §x§8§C§C§B§A§7§lC§x§7§5§D§6§B§6§lr§x§5§F§E§2§C§5§la§x§7§9§D§4§B§4§lt§x§9§3§C§7§A§2§le §x§C§8§A§B§7§F§lK§x§E§2§9§E§6§E§le§x§F§C§9§0§5§C§ly from expire
[15:40:35] > Takeremu remove x8 §x§F§C§9§0§5§C§lE§x§E§6§9§C§6§B§lp§x§C§F§A§7§7§A§li§x§B§9§B§3§8§9§lc §x§8§C§C§B§A§7§lC§x§7§5§D§6§B§6§lr§x§5§F§E§2§C§5§la§x§7§9§D§4§B§4§lt§x§9§3§C§7§A§2§le §x§C§8§A§B§7§F§lK§x§E§2§9§E§6§E§le§x§F§C§9§0§5§C§ly from expire
[15:40:35] > Takeremu remove x8 §x§F§C§9§0§5§C§lE§x§E§6§9§C§6§B§lp§x§C§F§A§7§7§A§li§x§B§9§B§3§8§9§lc §x§8§C§C§B§A§7§lC§x§7§5§D§6§B§6§lr§x§5§F§E§2§C§5§la§x§7§9§D§4§B§4§lt§x§9§3§C§7§A§2§le §x§C§8§A§B§7§F§lK§x§E§2§9§E§6§E§le§x§F§C§9§0§5§C§ly from expire
[15:40:43] > Takeremu added x4 §x§C§9§A§7§F§C§lL§x§B§D§A§E§F§6§le§x§B§1§B§4§F§0§lg§x§A§6§B§B§E§A§le§x§9§A§C§1§E§4§ln§x§8§E§C§8§D§D§ld§x§8§2§C§E§D§7§la§x§7§7§D§5§D§1§lr§x§6§B§D§B§C§B§ly §x§6§B§D§B§C§B§lC§x§7§7§D§5§D§1§lr§x§8§2§C§E§D§7§la§x§8§E§C§8§D§D§lt§x§9§A§C§1§E§4§le §x§B§1§B§4§F§0§lK§x§B§D§A§E§F§6§le§x§C§9§A§7§F§C§ly in auction for 320000.
[15:43:01] > anneyong added x1 §f§l§8B§x§6§2§6§2§6§2a§x§6§F§6§F§6§Fh§x§7§C§7§C§7§Ca§x§8§9§8§9§8§9m§x§9§6§9§6§9§6u§x§A§3§A§3§A§3t §x§9§6§9§6§9§6H§x§8§9§8§9§8§9a§x§7§C§7§C§7§Ct§x§6§F§6§F§6§F §x§6§2§6§2§6§2V§82 in auction for 300000.
[15:43:06] > Takeremu remove x8 §x§F§C§9§0§5§C§lE§x§E§6§9§C§6§B§lp§x§C§F§A§7§7§A§li§x§B§9§B§3§8§9§lc §x§8§C§C§B§A§7§lC§x§7§5§D§6§B§6§lr§x§5§F§E§2§C§5§la§x§7§9§D§4§B§4§lt§x§9§3§C§7§A§2§le §x§C§8§A§B§7§F§lK§x§E§2§9§E§6§E§le§x§F§C§9§0§5§C§ly from storage
[15:43:10] > Takeremu added x1 §x§E§5§1§B§1§B§lDracula Key in auction for 100000.
[15:43:15] > Icon_Skully buy x1 §x§E§5§1§B§1§B§lDracula Key to Takeremu for $100,000.
[15:43:16] > ry9191 buy x1 §f§l§x§8§A§0§0§F§FS§x§9§C§0§0§D§5h§x§A§D§0§0§A§Ai§x§B§F§0§0§8§0n§x§D§0§0§0§5§5e§x§E§2§0§0§2§B §x§F§3§0§0§0§0O§x§E§2§0§0§2§An§x§D§0§0§0§5§5i§x§B§F§0§0§8§0 §x§A§D§0§0§A§AB§x§9§C§0§0§D§5o§x§8§A§0§0§F§Fw to Icon_Skully for $750,000.
[15:43:24] > ry9191 remove x1 §f§l§x§8§A§0§0§F§FS§x§9§C§0§0§D§5h§x§A§D§0§0§A§Ai§x§B§F§0§0§8§0n§x§D§0§0§0§5§5e§x§E§2§0§0§2§B §x§F§3§0§0§0§0O§x§E§2§0§0§2§An§x§D§0§0§0§5§5i§x§B§F§0§0§8§0 §x§A§D§0§0§A§AB§x§9§C§0§0§D§5o§x§8§A§0§0§F§Fw form buy
[15:43:28] > Icon_Skully remove x1 §x§E§5§1§B§1§B§lDracula Key from buy
[15:43:40] > ry9191 added x1 §f§l§x§8§A§0§0§F§FS§x§9§C§0§0§D§5h§x§A§D§0§0§A§Ai§x§B§F§0§0§8§0n§x§D§0§0§0§5§5e§x§E§2§0§0§2§B §x§F§3§0§0§0§0O§x§E§2§0§0§2§An§x§D§0§0§0§5§5i§x§B§F§0§0§8§0 §x§A§D§0§0§A§AB§x§9§C§0§0§D§5o§x§8§A§0§0§F§Fw in auction for 1500000.
[15:43:58] > ry9191 added x1 §f§l§x§8§A§0§0§F§FS§x§9§C§0§0§D§5h§x§A§D§0§0§A§Ai§x§B§F§0§0§8§0n§x§D§0§0§0§5§5e§x§E§2§0§0§2§B §x§F§3§0§0§0§0O§x§E§2§0§0§2§An§x§D§0§0§0§5§5i§x§B§F§0§0§8§0 §x§A§D§0§0§A§AB§x§9§C§0§0§D§5o§x§8§A§0§0§F§Fw in auction for 1500000.
[15:44:32] > Icon_Skully added x1 §x§E§5§1§B§1§B§lDracula Hoe in auction for 5000.
[15:44:42] > topaz buy x1 §x§E§5§1§B§1§B§lDracula Hoe to Icon_Skully for $5,000.
[15:46:41] > Zypher_0w0 remove x1 §x§F§F§5§5§0§0§lsᴇʟʟᴡᴀɴᴅ §6- 5.0x from buy
[15:49:23] > Zypher_0w0 added x1 §x§E§3§A§F§4§F§lʟᴇɢᴇɴᴅᴀʀʏ ɪᴛᴇᴍ in auction for 499999.
[15:50:08] > Zypher_0w0 remove x1 §x§A§5§8§0§D§D§lᴇᴘɪᴄ ɪᴛᴇᴍ from storage
[15:51:08] > Zypher_0w0 added x1 §x§E§3§A§F§4§F§lʟᴇɢᴇɴᴅᴀʀʏ ɪᴛᴇᴍ in auction for 499999.
[15:59:18] > ELITEAtlas remove x1 §x§F§F§7§C§0§0§lSteamsparks Staff from expire
[15:59:26] > ELITEAtlas added x1 §x§F§F§7§C§0§0§lSteamsparks Staff in auction for 200000.
[16:00:20] > Zypher_0w0 added x3 §x§5§C§C§F§F§C§lC§x§5§C§D§1§F§5§lo§x§5§D§D§4§E§E§ls§x§5§D§D§6§E§7§lm§x§5§E§D§9§E§1§le§x§5§E§D§B§D§A§lt§x§5§E§D§D§D§3§li§x§5§F§E§0§C§C§lc §x§5§F§E§0§C§C§lH§x§5§E§D§D§D§3§la§x§5§E§D§B§D§A§lt§x§5§E§D§9§E§1§ls §x§5§D§D§4§E§E§lK§x§5§C§D§1§F§5§le§x§5§C§C§F§F§C§ly in auction for 150000.
[16:00:37] > Zypher_0w0 added x3 §x§5§C§C§F§F§C§lC§x§5§C§D§1§F§5§lo§x§5§D§D§4§E§E§ls§x§5§D§D§6§E§7§lm§x§5§E§D§9§E§1§le§x§5§E§D§B§D§A§lt§x§5§E§D§D§D§3§li§x§5§F§E§0§C§C§lc §x§5§F§E§0§C§C§lH§x§5§E§D§D§D§3§la§x§5§E§D§B§D§A§lt§x§5§E§D§9§E§1§ls §x§5§D§D§4§E§E§lK§x§5§C§D§1§F§5§le§x§5§C§C§F§F§C§ly in auction for 150000.
[16:02:37] > Icon_Skully added x1 §f§l§8B§x§6§3§6§3§6§3a§x§7§1§7§1§7§1h§x§8§0§8§0§8§0a§x§8§E§8§E§8§Em§x§9§C§9§C§9§Cu§7t§x§9§C§9§C§9§C §x§8§E§8§E§8§EB§x§8§0§8§0§8§0o§x§7§1§7§1§7§1o§x§6§3§6§3§6§3t§8s in auction for 1500000.
[16:08:19] > anneyong remove x1 Spruce Log from storage
[16:08:21] > anneyong remove x2 Book from storage
[16:08:22] > anneyong remove x64 Cooked beef from storage
[16:08:24] > anneyong remove x1 §f§l§8B§x§6§2§6§2§6§2a§x§6§F§6§F§6§Fh§x§7§C§7§C§7§Ca§x§8§9§8§9§8§9m§x§9§6§9§6§9§6u§x§A§3§A§3§A§3t §x§9§6§9§6§9§6H§x§8§9§8§9§8§9a§x§7§C§7§C§7§Ct§x§6§F§6§F§6§F §x§6§2§6§2§6§2V§82 from storage
[16:08:31] > anneyong added x64 Experience bottle in auction for 150000.
[16:11:42] > Zypher_0w0 remove x1 /pwarp go TotemTrade (3.5k per Totem is back!) from storage
[16:12:47] > Zypher_0w0 added x1 /pwarp go TotemTrade buying Mushroom Cow Plushies in auction for 999999999999999.
[16:13:19] > Takeremu added x1 §fMooshroom Plushie §6(#54/101) in auction for 60000.
[16:13:24] > Zypher_0w0 buy x1 §fMooshroom Plushie §6(#54/101) to Takeremu for $60,000.
[16:13:31] > MrZyrus7228 buy x1 §f§l§x§8§A§0§0§F§FS§x§9§8§0§0§D§Dh§x§A§6§0§0§B§Bi§x§B§4§0§0§9§9n§x§C§2§0§0§7§7e§x§D§0§0§0§5§5 §x§D§E§0§0§3§3O§x§E§C§0§0§1§1ni§x§D§E§0§0§3§3 §x§D§0§0§0§5§5H§x§C§2§0§0§7§7e§x§B§4§0§0§9§9l§x§A§6§0§0§B§Bm§x§9§8§0§0§D§De§x§8§A§0§0§F§Ft to anneyong for $5,000,000.
[16:13:36] > Zypher_0w0 remove x1 §fMooshroom Plushie §6(#54/101) from buy
[16:13:37] > MrZyrus7228 remove x1 §f§l§x§8§A§0§0§F§FS§x§9§8§0§0§D§Dh§x§A§6§0§0§B§Bi§x§B§4§0§0§9§9n§x§C§2§0§0§7§7e§x§D§0§0§0§5§5 §x§D§E§0§0§3§3O§x§E§C§0§0§1§1ni§x§D§E§0§0§3§3 §x§D§0§0§0§5§5H§x§C§2§0§0§7§7e§x§B§4§0§0§9§9l§x§A§6§0§0§B§Bm§x§9§8§0§0§D§De§x§8§A§0§0§F§Ft from buy
[16:16:00] > topaz remove x1 §x§E§5§1§B§1§B§lDracula Hoe from buy
[16:21:22] > zopell10 added x1 §f§l§x§F§C§D§0§5§CW§x§F§B§C§1§5§5u§x§F§B§B§2§4§Fk§x§F§A§A§3§4§8o§x§F§9§9§5§4§2n§x§F§9§8§6§3§Bg§x§F§8§7§7§3§5 §x§F§8§6§8§2§EL§x§F§7§5§9§2§7e§x§F§6§4§A§2§1g§x§F§6§3§B§1§Ag§x§F§5§2§D§1§4i§x§F§4§1§E§0§Dn§x§F§4§0§F§0§7g§x§F§3§0§0§0§0s in auction for 150000.
[16:21:32] > Trapers1 buy x1 §f§l§x§F§C§D§0§5§CW§x§F§B§C§1§5§5u§x§F§B§B§2§4§Fk§x§F§A§A§3§4§8o§x§F§9§9§5§4§2n§x§F§9§8§6§3§Bg§x§F§8§7§7§3§5 §x§F§8§6§8§2§EL§x§F§7§5§9§2§7e§x§F§6§4§A§2§1g§x§F§6§3§B§1§Ag§x§F§5§2§D§1§4i§x§F§4§1§E§0§Dn§x§F§4§0§F§0§7g§x§F§3§0§0§0§0s to zopell10 for $150,000.
[16:21:39] > Trapers1 remove x1 §f§l§x§F§C§D§0§5§CW§x§F§B§C§1§5§5u§x§F§B§B§2§4§Fk§x§F§A§A§3§4§8o§x§F§9§9§5§4§2n§x§F§9§8§6§3§Bg§x§F§8§7§7§3§5 §x§F§8§6§8§2§EL§x§F§7§5§9§2§7e§x§F§6§4§A§2§1g§x§F§6§3§B§1§Ag§x§F§5§2§D§1§4i§x§F§4§1§E§0§Dn§x§F§4§0§F§0§7g§x§F§3§0§0§0§0s form buy
[16:21:39] > zopell10 added x1 §x§F§F§7§C§0§0§lSteamsparks Leggings in auction for 75000.
[16:22:29] > Trapers1 added x1 §f§l§x§F§C§D§0§5§CW§x§F§B§C§1§5§5u§x§F§B§B§2§4§Fk§x§F§A§A§3§4§8o§x§F§9§9§5§4§2n§x§F§9§8§6§3§Bg§x§F§8§7§7§3§5 §x§F§8§6§8§2§EL§x§F§7§5§9§2§7e§x§F§6§4§A§2§1g§x§F§6§3§B§1§Ag§x§F§5§2§D§1§4i§x§F§4§1§E§0§Dn§x§F§4§0§F§0§7g§x§F§3§0§0§0§0s in auction for 600000.
[16:34:27] > zopell10 added x1 §x§E§5§1§B§1§B§lDracula Shield in auction for 50000.
[16:34:31] > Trapers1 buy x1 §x§E§5§1§B§1§B§lDracula Shield to zopell10 for $50,000.
[16:34:39] > Trapers1 remove x1 §x§E§5§1§B§1§B§lDracula Shield form buy
[16:34:40] > zopell10 added x1 §x§E§5§1§B§1§B§lDracula Sword in auction for 50000.
[16:35:17] > Takeremu added x1 Enchanted book in auction for 300000.
[16:35:19] > zopell10 added x1 §x§F§F§7§C§0§0§lSteamsparks Bow in auction for 50000.
[16:35:32] > MrZyrus7228 buy x1 Enchanted book to Takeremu for $300,000.
[16:35:33] > ace buy x1 §x§F§F§7§C§0§0§lSteamsparks Bow to zopell10 for $50,000.
[16:36:00] > MrZyrus7228 remove x1 Enchanted book from buy
[16:43:24] > ace added x1 Music disc 11 in auction for 99000.
[16:45:05] > Icon_Skully added x1 §x§6§0§0§0§F§F§lɢᴏᴅʟʏ ɪᴛᴇᴍ in auction for 1000000.
[16:46:17] > Icon_Skully remove x1 §x§6§0§0§0§F§F§lɢᴏᴅʟʏ ɪᴛᴇᴍ from storage
[16:47:03] > KnightFlash buy x64 Experience bottle to anneyong for $150,000.
[16:48:00] > Icon_Skully added x1 §fDiscord Nitro Sword in auction for 750000.
[16:48:19] > Fogstrap remove x1 §x§F§F§3§E§0§0§lD§x§F§F§3§6§0§0§le§x§F§F§2§F§0§0§lm§x§F§F§2§7§0§0§lo§x§F§F§1§F§0§0§ln §x§F§F§1§0§0§0§lL§x§F§F§0§8§0§0§lo§x§F§F§0§0§0§0§lr§x§F§F§0§9§0§0§ld §x§F§F§1§B§0§0§lS§x§F§F§2§3§0§0§lt§x§F§F§2§C§0§0§la§x§F§F§3§5§0§0§lf§x§F§F§3§E§0§0§lf from storage
[16:48:39] > Icon_Skully added x1 §f§l§x§F§C§D§0§5§CW§x§F§B§B§0§4§Eu§x§F§9§9§0§4§0k§x§F§8§7§0§3§2o§x§F§6§5§0§2§3n§x§F§5§3§0§1§5g§x§F§4§1§0§0§7 P§x§F§5§3§0§1§5i§x§F§6§5§0§2§3c§x§F§8§7§0§3§2k§x§F§9§9§0§4§0a§x§F§B§B§0§4§Ex§x§F§C§D§0§5§Ce in auction for 350000.
[16:48:51] > ace buy x1 §f§l§x§F§C§D§0§5§CW§x§F§B§B§0§4§Eu§x§F§9§9§0§4§0k§x§F§8§7§0§3§2o§x§F§6§5§0§2§3n§x§F§5§3§0§1§5g§x§F§4§1§0§0§7 P§x§F§5§3§0§1§5i§x§F§6§5§0§2§3c§x§F§8§7§0§3§2k§x§F§9§9§0§4§0a§x§F§B§B§0§4§Ex§x§F§C§D§0§5§Ce to Icon_Skully for $350,000.
[16:48:52] > Icon_Skully added x1 §f§l§x§F§C§D§0§5§CW§x§F§A§A§2§4§8u§x§F§8§7§4§3§3k§x§F§6§4§5§1§Fo§x§F§4§1§7§0§Ang§x§F§6§4§5§1§F §x§F§8§7§4§3§3H§x§F§A§A§2§4§8a§x§F§C§D§0§5§Ct in auction for 100000.
[16:48:52] > Nxwaf buy x4 Silence armor trim smithing template to Johng10910 for $200,000.
[16:48:52] > Fogstrap added x1 §x§F§F§3§E§0§0§lD§x§F§F§3§6§0§0§le§x§F§F§2§F§0§0§lm§x§F§F§2§7§0§0§lo§x§F§F§1§F§0§0§ln §x§F§F§1§0§0§0§lL§x§F§F§0§8§0§0§lo§x§F§F§0§0§0§0§lr§x§F§F§0§9§0§0§ld §x§F§F§1§B§0§0§lS§x§F§F§2§3§0§0§lt§x§F§F§2§C§0§0§la§x§F§F§3§5§0§0§lf§x§F§F§3§E§0§0§lf in auction for 600000.
[16:48:58] > Nxwaf remove x4 Silence armor trim smithing template from buy
[16:49:01] > ace remove x1 §f§l§x§F§C§D§0§5§CW§x§F§B§B§0§4§Eu§x§F§9§9§0§4§0k§x§F§8§7§0§3§2o§x§F§6§5§0§2§3n§x§F§5§3§0§1§5g§x§F§4§1§0§0§7 P§x§F§5§3§0§1§5i§x§F§6§5§0§2§3c§x§F§8§7§0§3§2k§x§F§9§9§0§4§0a§x§F§B§B§0§4§Ex§x§F§C§D§0§5§Ce from buy
[16:49:02] > ace remove x1 §x§F§F§7§C§0§0§lSteamsparks Bow from buy
[16:49:20] > Icon_Skully added x1 §x§F§F§7§C§0§0§lSteamsparks Blade in auction for 150000.
[16:49:29] > KnightFlash buy x1 §x§F§F§7§C§0§0§lSteamsparks Blade to Icon_Skully for $150,000.
[16:49:45] > KnightFlash remove x1 §x§F§F§7§C§0§0§lSteamsparks Blade from buy
[16:49:46] > KnightFlash remove x64 Experience bottle from buy
[16:50:08] > ace buy x1 §x§E§5§1§B§1§B§lDracula Sword to zopell10 for $50,000.
[16:50:20] > ace remove x22 Raw iron from storage
[16:50:25] > ace remove x1 Music disc 13 from storage
[16:50:27] > ace remove x1 §fMysterious Hat from storage
[16:51:07] > ace added x64 Diamond in auction for 499000.
[16:51:58] > Trapers1 added x4 Trial key in auction for 40000.
[16:52:51] > Trapers1 added x1 Music disc precipice in auction for 10000.
[16:53:16] > ace added x1 Music disc 13 in auction for 10000.
[16:54:09] > ace remove x4 Diamond from storage
[16:54:34] > ace added x64 Diamond in auction for 350000.
[16:58:28] > Takeremu added x1 Name tag in auction for 5000.
[17:01:31] > KnightFlash buy x1 Name tag to Takeremu for $5,000.
[17:02:12] > KnightFlash remove x1 Name tag from buy
[17:02:56] > ace remove x1 §2Cauldron Hat from storage
[17:03:08] > ace added x1 §2Cauldron Hat in auction for 90000.
[17:03:43] > lorxie added x1 §f§l§x§8§A§0§0§F§FS§x§9§7§0§0§D§Fh§x§A§4§0§0§B§Fi§x§B§1§0§0§9§Fn§x§B§F§0§0§8§0e§x§C§C§0§0§6§0 §x§D§9§0§0§4§0O§x§E§6§0§0§2§0n§x§F§3§0§0§0§0i§x§E§6§0§0§2§0 §x§D§9§0§0§4§0P§x§C§C§0§0§6§0i§x§B§F§0§0§8§0c§x§B§1§0§0§9§Fk§x§A§4§0§0§B§Fa§x§9§7§0§0§D§Fx§x§8§A§0§0§F§Fe in auction for 3000000.
[17:03:58] > lorxie buy x1 §fDiscord Nitro Sword to Icon_Skully for $750,000.
[17:04:32] > lorxie remove x1 §fDiscord Nitro Sword from buy
[17:06:06] > KnightFlash buy x4 Trial key to Trapers1 for $40,000.
[17:06:12] > KnightFlash remove x4 Trial key from buy
[17:07:38] > ace added x1 §fMysterious Hat in auction for 100000.
[17:07:48] > zopell10 buy x1 Mace to Kodakoda for $400,000.
[17:08:20] > ace remove x64 Diamond from storage
[17:08:33] > ace added x64 Diamond in auction for 240000.
[17:09:40] > zopell10 remove x1 §x§F§F§7§C§0§0§lSteamsparks Leggings form storage
[17:10:06] > zopell10 added x1 §x§F§F§7§C§0§0§lSteamsparks Leggings in auction for 25000.
[17:10:23] > ace buy x1 §x§F§F§7§C§0§0§lSteamsparks Leggings to zopell10 for $25,000.
[17:10:34] > zopell10 remove x1 Mace form buy
[17:10:45] > KnightFlash buy x1 Totem of undying to .AyakoKoru for $25,000.
[17:11:17] > ace remove x1 §x§F§F§7§C§0§0§lSteamsparks Leggings from buy
[17:11:17] > ace remove x1 §x§E§5§1§B§1§B§lDracula Sword from buy
[17:17:48] > HwanYo buy x1 sᴇʟʟᴡᴀɴᴅ - 5.0x to .Allxnzv for $500,000.
[17:17:57] > HwanYo remove x1 sᴇʟʟᴡᴀɴᴅ - 5.0x from buy
[17:19:31] > Trapers1 remove x1 Heavy core form storage
[17:19:31] > Trapers1 remove x1 §f§l§x§F§C§D§0§5§CW§x§F§B§C§1§5§5u§x§F§B§B§2§4§Fk§x§F§A§A§3§4§8o§x§F§9§9§5§4§2n§x§F§9§8§6§3§Bg§x§F§8§7§7§3§5 §x§F§8§6§8§2§EL§x§F§7§5§9§2§7e§x§F§6§4§A§2§1g§x§F§6§3§B§1§Ag§x§F§5§2§D§1§4i§x§F§4§1§E§0§Dn§x§F§4§0§F§0§7g§x§F§3§0§0§0§0s form storage
[17:19:31] > Trapers1 remove x1 Music disc precipice form storage
[17:20:23] > reckahorp remove x1 §f§l§8B§x§5§F§5§F§5§Fa§x§6§9§6§9§6§9h§x§7§3§7§3§7§3a§x§7§D§7§D§7§Dm§x§8§7§8§7§8§7u§x§9§1§9§1§9§1t§x§9§B§9§B§9§B §x§A§5§A§5§A§5Gr§x§9§B§9§B§9§Be§x§9§1§9§1§9§1a§x§8§7§8§7§8§7t§x§7§D§7§D§7§Ds§x§7§3§7§3§7§3w§x§6§9§6§9§6§9o§x§5§F§5§F§5§Fr§8d from storage
[17:20:30] > reckahorp added x1 §f§l§8B§x§5§F§5§F§5§Fa§x§6§9§6§9§6§9h§x§7§3§7§3§7§3a§x§7§D§7§D§7§Dm§x§8§7§8§7§8§7u§x§9§1§9§1§9§1t§x§9§B§9§B§9§B §x§A§5§A§5§A§5Gr§x§9§B§9§B§9§Be§x§9§1§9§1§9§1a§x§8§7§8§7§8§7t§x§7§D§7§D§7§Ds§x§7§3§7§3§7§3w§x§6§9§6§9§6§9o§x§5§F§5§F§5§Fr§8d in auction for 700000.
[17:21:34] > Trapers1 added x1 §f§l§x§F§C§D§0§5§CW§x§F§B§C§1§5§5u§x§F§B§B§2§4§Fk§x§F§A§A§3§4§8o§x§F§9§9§5§4§2n§x§F§9§8§6§3§Bg§x§F§8§7§7§3§5 §x§F§8§6§8§2§EL§x§F§7§5§9§2§7e§x§F§6§4§A§2§1g§x§F§6§3§B§1§Ag§x§F§5§2§D§1§4i§x§F§4§1§E§0§Dn§x§F§4§0§F§0§7g§x§F§3§0§0§0§0s in auction for 500000.
[17:21:50] > Trapers1 added x1 Heavy core in auction for 350000.
[17:22:37] > anneyong remove x1 §f§l§x§8§A§0§0§F§FS§x§9§6§0§0§E§1h§x§A§3§0§0§C§3i§x§A§F§0§0§A§5n§x§B§B§0§0§8§7e§x§C§8§0§0§6§9 §x§D§4§0§0§4§BO§x§E§0§0§0§2§Dn§x§E§D§0§0§0§Fi §x§E§0§0§0§2§DL§x§D§4§0§0§4§Be§x§C§8§0§0§6§9g§x§B§B§0§0§8§7g§x§A§F§0§0§A§5i§x§A§3§0§0§C§3n§x§9§6§0§0§E§1g§x§8§A§0§0§F§Fs from storage
[17:22:44] > anneyong remove x1 §f§l§x§8§A§0§0§F§FS§x§9§6§0§0§E§1h§x§A§3§0§0§C§3i§x§A§F§0§0§A§5n§x§B§B§0§0§8§7e§x§C§8§0§0§6§9 §x§D§4§0§0§4§BO§x§E§0§0§0§2§Dn§x§E§D§0§0§0§Fi §x§E§0§0§0§2§DL§x§D§4§0§0§4§Be§x§C§8§0§0§6§9g§x§B§B§0§0§8§7g§x§A§F§0§0§A§5i§x§A§3§0§0§C§3n§x§9§6§0§0§E§1g§x§8§A§0§0§F§Fs from expire
[17:22:56] > anneyong added x1 §f§l§x§8§A§0§0§F§FS§x§9§6§0§0§E§1h§x§A§3§0§0§C§3i§x§A§F§0§0§A§5n§x§B§B§0§0§8§7e§x§C§8§0§0§6§9 §x§D§4§0§0§4§BO§x§E§0§0§0§2§Dn§x§E§D§0§0§0§Fi §x§E§0§0§0§2§DL§x§D§4§0§0§4§Be§x§C§8§0§0§6§9g§x§B§B§0§0§8§7g§x§A§F§0§0§A§5i§x§A§3§0§0§C§3n§x§9§6§0§0§E§1g§x§8§A§0§0§F§Fs in auction for 4000000.
[17:23:13] > Trapers1 added x1 §x§E§5§1§B§1§B§lDracula Shield in auction for 300000.
[17:48:41] > Callistrix added x5 §x§F§C§9§0§5§C§lE§x§E§6§9§C§6§B§lp§x§C§F§A§7§7§A§li§x§B§9§B§3§8§9§lc §x§8§C§C§B§A§7§lC§x§7§5§D§6§B§6§lr§x§5§F§E§2§C§5§la§x§7§9§D§4§B§4§lt§x§9§3§C§7§A§2§le §x§C§8§A§B§7§F§lK§x§E§2§9§E§6§E§le§x§F§C§9§0§5§C§ly in auction for 300000.
[17:48:56] > Callistrix added x6 §x§F§C§D§0§5§C§lB§x§E§6§D§3§6§B§la§x§C§F§D§5§7§A§ls§x§B§9§D§8§8§9§li§x§A§2§D§A§9§8§lc §x§7§5§D§F§B§6§lC§x§5§F§E§2§C§5§lr§x§7§5§D§F§B§6§la§x§8§C§D§D§A§7§lt§x§A§2§D§A§9§8§le §x§C§F§D§5§7§A§lK§x§E§6§D§3§6§B§le§x§F§C§D§0§5§C§ly in auction for 300000.
[17:49:52] > Trapers1 buy x5 §x§F§C§9§0§5§C§lE§x§E§6§9§C§6§B§lp§x§C§F§A§7§7§A§li§x§B§9§B§3§8§9§lc §x§8§C§C§B§A§7§lC§x§7§5§D§6§B§6§lr§x§5§F§E§2§C§5§la§x§7§9§D§4§B§4§lt§x§9§3§C§7§A§2§le §x§C§8§A§B§7§F§lK§x§E§2§9§E§6§E§le§x§F§C§9§0§5§C§ly to Callistrix for $300,000.
[17:50:02] > Trapers1 remove x5 §x§F§C§9§0§5§C§lE§x§E§6§9§C§6§B§lp§x§C§F§A§7§7§A§li§x§B§9§B§3§8§9§lc §x§8§C§C§B§A§7§lC§x§7§5§D§6§B§6§lr§x§5§F§E§2§C§5§la§x§7§9§D§4§B§4§lt§x§9§3§C§7§A§2§le §x§C§8§A§B§7§F§lK§x§E§2§9§E§6§E§le§x§F§C§9§0§5§C§ly form buy
[17:50:16] > Callistrix added x5 §x§F§C§9§0§5§C§lE§x§E§6§9§C§6§B§lp§x§C§F§A§7§7§A§li§x§B§9§B§3§8§9§lc §x§8§C§C§B§A§7§lC§x§7§5§D§6§B§6§lr§x§5§F§E§2§C§5§la§x§7§9§D§4§B§4§lt§x§9§3§C§7§A§2§le §x§C§8§A§B§7§F§lK§x§E§2§9§E§6§E§le§x§F§C§9§0§5§C§ly in auction for 300000.
[17:51:13] > Trapers1 added x1 §x§F§F§7§C§0§0§lSteamsparks Staff in auction for 400000.
[18:13:21] > .AppriXD added x1 §f§l§8B§x§6§0§6§0§6§0a§x§6§C§6§C§6§Ch§x§7§7§7§7§7§7a§x§8§2§8§2§8§2m§x§8§E§8§E§8§Eu§x§9§9§9§9§9§9t§x§A§4§A§4§A§4 L§x§9§9§9§9§9§9e§x§8§E§8§E§8§Eg§x§8§2§8§2§8§2g§x§7§7§7§7§7§7i§x§6§C§6§C§6§Cn§x§6§0§6§0§6§0g§8s in auction for 4000000.
[18:13:50] > _Sutrix_ remove x1 §fTurtle Plushie §6(#88/101) from storage
[18:13:56] > _Sutrix_ added x1 §fTurtle Plushie §6(#88/101) in auction for 250000.
[18:14:03] > .AppriXD buy x1 Mace to nachfaust for $750,000.
[18:14:19] > .AppriXD buy x1 §fTurtle Plushie §6(#88/101) to _Sutrix_ for $250,000.
[18:14:24] > .AppriXD remove x1 §fTurtle Plushie §6(#88/101) from buy
[18:14:25] > .AppriXD remove x1 Mace from buy
[18:16:08] > .AppriXD buy x1 Music disc 13 to ace for $10,000.
[18:16:15] > .AppriXD remove x1 Music disc 13 from buy
[18:18:46] > x1 Labubu on sale by HPMR_GaMerz has just expired, it goes in the inventory of expired items.
[18:18:56] > _Sutrix_ buy x1 §fZombie Villager Plushie §6(#100/101) to Ryzxc for $30,000.
[18:19:07] > _Sutrix_ remove x1 §fZombie Villager Plushie §6(#100/101) from buy
[18:19:17] > _Sutrix_ added x1 §fZombie Villager Plushie §6(#100/101) in auction for 250000.
[18:21:46] > bqnnyy added x1 §x§F§F§3§E§0§0§lSellwand Voucher in auction for 1000000.
[18:21:55] > alecczzz added x1 §x§F§F§5§5§0§0§lsᴇʟʟᴡᴀɴᴅ §6- 5.0x in auction for 100000.
[18:22:04] > _Sutrix_ added x1 §x§F§F§5§5§0§0§lsᴇʟʟᴡᴀɴᴅ §6- 10.0x in auction for 400000.
[18:22:06] > SenjuKawaragi buy x1 §x§F§F§5§5§0§0§lsᴇʟʟᴡᴀɴᴅ §6- 5.0x to alecczzz for $100,000.
[18:22:08] > PrezXie buy x1 §x§F§F§5§5§0§0§lsᴇʟʟᴡᴀɴᴅ §6- 10.0x to _Sutrix_ for $400,000.
[18:22:12] > Malachkite added x1 §x§F§F§5§5§0§0§lsᴇʟʟᴡᴀɴᴅ §6- 5.0x in auction for 500000.
[18:22:15] > king_ARK buy x1 §x§F§F§5§5§0§0§lsᴇʟʟᴡᴀɴᴅ §6- 5.0x to Malachkite for $500,000.
[18:22:17] > SenjuKawaragi remove x1 §x§F§F§5§5§0§0§lsᴇʟʟᴡᴀɴᴅ §6- 5.0x from buy
[18:22:34] > namerikangel added x1 §fFlower Crown Hat in auction for 50000.
[18:22:34] > PrezXie remove x1 §x§F§F§5§5§0§0§lsᴇʟʟᴡᴀɴᴅ §6- 10.0x from buy
[18:22:36] > Malachkite added x1 §x§F§F§5§5§0§0§lsᴇʟʟᴡᴀɴᴅ §6- 10.0x in auction for 1000000.
[18:22:49] > obaffy buy x1 20x Sell Wand to tic_sz for $100,000.
[18:23:13] > Malachkite remove x1 §x§F§F§5§5§0§0§lsᴇʟʟᴡᴀɴᴅ §6- 10.0x from storage
[18:23:15] > JinSoul15 added x1 §x§F§F§5§5§0§0§lsᴇʟʟᴡᴀɴᴅ §6- 20.0x in auction for 100000000.
[18:23:25] > Malachkite added x1 §x§F§F§5§5§0§0§lsᴇʟʟᴡᴀɴᴅ §6- 10.0x in auction for 700000.
[18:23:32] > king_ARK buy x1 §x§F§F§5§5§0§0§lsᴇʟʟᴡᴀɴᴅ §6- 10.0x to Malachkite for $700,000.
[18:23:34] > RottenRael added x1 §x§F§F§5§5§0§0§lsᴇʟʟᴡᴀɴᴅ §6- 20.0x in auction for 500000.
[18:23:38] > Icon_Skully buy x1 §x§F§F§5§5§0§0§lsᴇʟʟᴡᴀɴᴅ §6- 20.0x to RottenRael for $500,000.
[18:24:05] > JinSoul15 remove x1 §x§F§F§5§5§0§0§lsᴇʟʟᴡᴀɴᴅ §6- 20.0x from storage
[18:24:12] > Icon_Skully remove x1 §x§F§F§5§5§0§0§lsᴇʟʟᴡᴀɴᴅ §6- 20.0x from buy
[18:24:19] > _Sutrix_ added x1 §x§F§F§3§E§0§0§lSellwand Voucher in auction for 1000000.
[18:24:41] > _Sutrix_ remove x1 §x§F§F§3§E§0§0§lSellwand Voucher from storage
[18:24:49] > ace remove x1 Music disc 11 from storage
[18:24:51] > _Sutrix_ added x1 §x§F§F§5§5§0§0§lsᴇʟʟᴡᴀɴᴅ §6- 5.0x in auction for 600000.
[18:24:59] > kysicx added x1 §x§F§F§5§5§0§0§lsᴇʟʟᴡᴀɴᴅ §6- 5.0x in auction for 600000.
[18:25:01] > Icon_Skully added x1 §x§F§F§5§5§0§0§lsᴇʟʟᴡᴀɴᴅ §6- 5.0x in auction for 400000.
[18:25:02] > ace added x1 Music disc 11 in auction for 20000.
[18:25:27] > obaffy remove x1 20x Sell Wand from buy
[18:26:04] > JadeAppleGirl13 remove x64 Experience bottle from buy
[18:26:04] > JadeAppleGirl13 remove x64 Experience bottle from buy
[18:26:15] > _Sutrix_ added x1 §x§F§F§7§C§0§0§lSteamsparks Axe in auction for 150000.
[18:26:55] > Icon_Skully remove x1 §x§F§F§5§5§0§0§lsᴇʟʟᴡᴀɴᴅ §6- 5.0x from storage
[18:27:08] > obaffy added x1 20x Sell Wand in auction for 500000.
[18:28:44] > .AppriXD remove x1 §f§l§8B§x§6§0§6§0§6§0a§x§6§C§6§C§6§Ch§x§7§7§7§7§7§7a§x§8§2§8§2§8§2m§x§8§E§8§E§8§Eu§x§9§9§9§9§9§9t§x§A§4§A§4§A§4 L§x§9§9§9§9§9§9e§x§8§E§8§E§8§Eg§x§8§2§8§2§8§2g§x§7§7§7§7§7§7i§x§6§C§6§C§6§Cn§x§6§0§6§0§6§0g§8s from storage
[18:28:49] > x1 §f§x§4§1§B§C§4§2D§x§4§5§C§3§5§3r§x§4§9§C§9§6§3o§x§4§D§D§0§7§4w§x§5§1§D§7§8§5n§x§5§6§D§E§9§6e§x§5§A§E§4§A§6d§x§5§E§E§B§B§7 §x§6§2§F§2§C§8H§x§6§6§F§8§D§8a§x§6§A§F§F§E§9t, item of FRANZ_JOSEF0, has just expired, the item is definitively deleted.
[18:28:51] > .AppriXD remove x1 §f§l§8B§x§6§0§6§0§6§0a§x§6§C§6§C§6§Ch§x§7§7§7§7§7§7a§x§8§2§8§2§8§2m§x§8§E§8§E§8§Eu§x§9§9§9§9§9§9t§x§A§4§A§4§A§4 L§x§9§9§9§9§9§9e§x§8§E§8§E§8§Eg§x§8§2§8§2§8§2g§x§7§7§7§7§7§7i§x§6§C§6§C§6§Cn§x§6§0§6§0§6§0g§8s from expire
[18:31:26] > nachfaust remove x1 §x§E§5§1§B§1§B§lDracula Fishing from storage
[18:34:46] > Icon_Skully remove x1 §f§l§8B§x§6§3§6§3§6§3a§x§7§1§7§1§7§1h§x§8§0§8§0§8§0a§x§8§E§8§E§8§Em§x§9§C§9§C§9§Cu§7t§x§9§C§9§C§9§C §x§8§E§8§E§8§EB§x§8§0§8§0§8§0o§x§7§1§7§1§7§1o§x§6§3§6§3§6§3t§8s from storage
[18:34:51] > Icon_Skully remove x1 §fShogun Bow from storage
[18:35:28] > Icon_Skully added x1 §fShogun Bow in auction for 250000.
[18:41:42] > Ryzxc added x1 §fMushroom Hat in auction for 99000.
[18:42:10] > _Sutrix_ remove x1 §x§F§F§7§C§0§0§lSteamsparks Axe from storage
[18:44:57] > _Sutrix_ added x1 §x§F§F§7§C§0§0§lSteamsparks Axe in auction for 150000.
[18:48:15] > RottenRael added x28 Nether wart in auction for 5000.
[18:48:43] > Ryzxc buy x64 Lead to Zypher_0w0 for $16,000.
[18:56:17] > HwanYo buy x1 §x§F§F§3§E§0§0§lSellwand Voucher to bqnnyy for $1,000,000.
[18:56:30] > HwanYo remove x1 §x§F§F§3§E§0§0§lSellwand Voucher from buy
[18:57:11] > nachfaust added x1 §x§F§F§7§C§0§0§lSteamsparks Bow in auction for 400000.
[18:57:22] > nachfaust added x1 §x§E§5§1§B§1§B§lDracula Hoe in auction for 400000.
[18:57:35] > nachfaust added x1 §f§l§8B§x§6§6§6§6§6§6a§x§7§7§7§7§7§7h§x§8§8§8§8§8§8a§x§9§9§9§9§9§9m§7u§x§9§9§9§9§9§9t§x§8§8§8§8§8§8 §x§7§7§7§7§7§7H§x§6§6§6§6§6§6a§8t in auction for 600000.
[18:57:46] > nachfaust added x1 §f§l§x§F§C§D§0§5§CW§x§F§A§A§2§4§8u§x§F§8§7§4§3§3k§x§F§6§4§5§1§Fo§x§F§4§1§7§0§Ang§x§F§6§4§5§1§F §x§F§8§7§4§3§3H§x§F§A§A§2§4§8o§x§F§C§D§0§5§Ce in auction for 700000.
[18:58:54] > Johng10910 added x1 §f§l§x§8§A§0§0§F§FS§x§9§6§0§0§E§1h§x§A§3§0§0§C§3i§x§A§F§0§0§A§5n§x§B§B§0§0§8§7e§x§C§8§0§0§6§9 §x§D§4§0§0§4§BO§x§E§0§0§0§2§Dn§x§E§D§0§0§0§Fi §x§E§0§0§0§2§DL§x§D§4§0§0§4§Be§x§C§8§0§0§6§9g§x§B§B§0§0§8§7g§x§A§F§0§0§A§5i§x§A§3§0§0§C§3n§x§9§6§0§0§E§1g§x§8§A§0§0§F§Fs in auction for 2000000.
[18:59:01] > monggol added x1 §f§l§x§8§A§0§0§F§FS§x§9§9§0§0§D§Bh§x§A§8§0§0§B§6i§x§B§7§0§0§9§2n§x§C§6§0§0§6§De§x§D§5§0§0§4§9 §x§E§4§0§0§2§4O§x§F§3§0§0§0§0n§x§E§4§0§0§2§4i§x§D§5§0§0§4§9 §x§C§6§0§0§6§DS§x§B§7§0§0§9§2t§x§A§8§0§0§B§6a§x§9§9§0§0§D§Bf§x§8§A§0§0§F§Ff in auction for 2000000.
[18:59:49] > Uratakiz added x1 §f§l§8B§x§6§6§6§6§6§6a§x§7§7§7§7§7§7h§x§8§8§8§8§8§8a§x§9§9§9§9§9§9m§7u§x§9§9§9§9§9§9t§x§8§8§8§8§8§8 §x§7§7§7§7§7§7K§x§6§6§6§6§6§6e§8y in auction for 3000000.
[19:00:02] > PrezXie added x1 §f§l§x§8§A§0§0§F§FS§x§9§5§0§0§E§4h§x§A§0§0§0§C§9i§x§A§B§0§0§A§En§x§B§6§0§0§9§4e§x§C§1§0§0§7§9 §x§C§C§0§0§5§EO§x§D§7§0§0§4§3n§x§E§2§0§0§2§8i§x§E§D§0§0§0§D B§x§E§2§0§0§2§8a§x§D§7§0§0§4§3t§x§C§C§0§0§5§Et§x§C§1§0§0§7§9l§x§B§6§0§0§9§4e§x§A§B§0§0§A§E §x§A§0§0§0§C§9A§x§9§5§0§0§E§4x§x§8§A§0§0§F§Fe in auction for 4000000.
[19:00:18] > HwanYo added x1 §f§l§x§8§A§0§0§F§FS§x§9§C§0§0§D§5h§x§A§D§0§0§A§Ai§x§B§F§0§0§8§0n§x§D§0§0§0§5§5e§x§E§2§0§0§2§B §x§F§3§0§0§0§0O§x§E§2§0§0§2§An§x§D§0§0§0§5§5i§x§B§F§0§0§8§0 §x§A§D§0§0§A§AB§x§9§C§0§0§D§5o§x§8§A§0§0§F§Fw in auction for 1000000.
[19:00:25] > nachfaust buy x1 §f§l§x§8§A§0§0§F§FS§x§9§C§0§0§D§5h§x§A§D§0§0§A§Ai§x§B§F§0§0§8§0n§x§D§0§0§0§5§5e§x§E§2§0§0§2§B §x§F§3§0§0§0§0O§x§E§2§0§0§2§An§x§D§0§0§0§5§5i§x§B§F§0§0§8§0 §x§A§D§0§0§A§AB§x§9§C§0§0§D§5o§x§8§A§0§0§F§Fw to HwanYo for $1,000,000.
[19:00:32] > HwanYo added x1 §f§l§8B§x§6§6§6§6§6§6a§x§7§7§7§7§7§7h§x§8§8§8§8§8§8a§x§9§9§9§9§9§9m§7u§x§9§9§9§9§9§9t§x§8§8§8§8§8§8 §x§7§7§7§7§7§7A§x§6§6§6§6§6§6x§8e in auction for 500000.
[19:00:47] > Takeremu added x1 §f§l§8B§x§6§6§6§6§6§6a§x§7§7§7§7§7§7h§x§8§8§8§8§8§8a§x§9§9§9§9§9§9m§7u§x§9§9§9§9§9§9t§x§8§8§8§8§8§8 §x§7§7§7§7§7§7K§x§6§6§6§6§6§6e§8y in auction for 700000.
[19:01:09] > nachfaust remove x1 §f§l§x§8§A§0§0§F§FS§x§9§C§0§0§D§5h§x§A§D§0§0§A§Ai§x§B§F§0§0§8§0n§x§D§0§0§0§5§5e§x§E§2§0§0§2§B §x§F§3§0§0§0§0O§x§E§2§0§0§2§An§x§D§0§0§0§5§5i§x§B§F§0§0§8§0 §x§A§D§0§0§A§AB§x§9§C§0§0§D§5o§x§8§A§0§0§F§Fw from buy
[19:01:57] > nachfaust remove x1 §f§l§x§8§A§0§0§F§FS§x§9§6§0§0§E§3h§x§A§1§0§0§C§6i§x§A§D§0§0§A§An§x§B§9§0§0§8§Ee§x§C§4§0§0§7§1 §x§D§0§0§0§5§5O§x§D§C§0§0§3§9n§x§E§7§0§0§1§Ci§x§F§3§0§0§0§0 §x§E§7§0§0§1§CB§x§D§C§0§0§3§9i§x§D§0§0§0§5§5g§x§C§4§0§0§7§1 §x§B§9§0§0§8§ES§x§A§D§0§0§A§Aw§x§A§1§0§0§C§6o§x§9§6§0§0§E§3r§x§8§A§0§0§F§Fd from storage
[19:02:12] > nachfaust added x1 Netherite boots in auction for 700000.
[19:03:28] > ThatMidnight added x1 §f§l§x§8§A§0§0§F§FS§x§9§8§0§0§D§Dh§x§A§6§0§0§B§Bi§x§B§4§0§0§9§9n§x§C§2§0§0§7§7e§x§D§0§0§0§5§5 §x§D§E§0§0§3§3O§x§E§C§0§0§1§1ni§x§D§E§0§0§3§3 §x§D§0§0§0§5§5S§x§C§2§0§0§7§7i§x§B§4§0§0§9§9c§x§A§6§0§0§B§Bk§x§9§8§0§0§D§Dl§x§8§A§0§0§F§Fe in auction for 2000000.
[19:04:41] > ace added x1 §f§l§8B§x§6§1§6§1§6§1a§x§6§D§6§D§6§Dh§x§7§9§7§9§7§9a§x§8§6§8§6§8§6m§x§9§2§9§2§9§2u§x§9§E§9§E§9§Et§7 §x§9§E§9§E§9§EH§x§9§2§9§2§9§2a§x§8§6§8§6§8§6l§x§7§9§7§9§7§9b§x§6§D§6§D§6§De§x§6§1§6§1§6§1r§8d in auction for 700000.
[19:05:03] > blueheadedzwager added x1 §f§l§8B§x§6§6§6§6§6§6a§x§7§7§7§7§7§7h§x§8§8§8§8§8§8a§x§9§9§9§9§9§9m§7u§x§9§9§9§9§9§9t§x§8§8§8§8§8§8 §x§7§7§7§7§7§7H§x§6§6§6§6§6§6o§8e in auction for 500000.
[19:05:48] > ace remove x1 §fMysterious Hat from storage
[19:05:59] > ace added x1 §f§l§x§8§A§0§0§F§FS§x§9§8§0§0§D§Dh§x§A§6§0§0§B§Bi§x§B§4§0§0§9§9n§x§C§2§0§0§7§7e§x§D§0§0§0§5§5 §x§D§E§0§0§3§3O§x§E§C§0§0§1§1ni§x§D§E§0§0§3§3 §x§D§0§0§0§5§5S§x§C§2§0§0§7§7h§x§B§4§0§0§9§9i§x§A§6§0§0§B§Be§x§9§8§0§0§D§Dl§x§8§A§0§0§F§Fd in auction for 800000.
[19:06:10] > kysicx buy x1 §f§l§x§8§A§0§0§F§FS§x§9§8§0§0§D§Dh§x§A§6§0§0§B§Bi§x§B§4§0§0§9§9n§x§C§2§0§0§7§7e§x§D§0§0§0§5§5 §x§D§E§0§0§3§3O§x§E§C§0§0§1§1ni§x§D§E§0§0§3§3 §x§D§0§0§0§5§5S§x§C§2§0§0§7§7h§x§B§4§0§0§9§9i§x§A§6§0§0§B§Be§x§9§8§0§0§D§Dl§x§8§A§0§0§F§Fd to anneyong for $500,000.
[19:06:35] > scarlettti added x1 §f§l§x§8§A§0§0§F§FS§x§9§C§0§0§D§5h§x§A§D§0§0§A§Ai§x§B§F§0§0§8§0n§x§D§0§0§0§5§5e§x§E§2§0§0§2§B §x§F§3§0§0§0§0O§x§E§2§0§0§2§An§x§D§0§0§0§5§5i§x§B§F§0§0§8§0 §x§A§D§0§0§A§AH§x§9§C§0§0§D§5o§x§8§A§0§0§F§Fe in auction for 1000000.
[19:07:17] > 8it5inn remove x1 §x§F§F§3§E§0§0§lDemon Lord Wings from storage
[19:07:49] > Malachkite added x1 §f§l§x§8§A§0§0§F§FS§x§9§5§0§0§E§4h§x§A§0§0§0§C§9i§x§A§B§0§0§A§En§x§B§6§0§0§9§4e§x§C§1§0§0§7§9 §x§C§C§0§0§5§EO§x§D§7§0§0§4§3n§x§E§2§0§0§2§8i§x§E§D§0§0§0§D B§x§E§2§0§0§2§8a§x§D§7§0§0§4§3t§x§C§C§0§0§5§Et§x§C§1§0§0§7§9l§x§B§6§0§0§9§4e§x§A§B§0§0§A§E §x§A§0§0§0§C§9A§x§9§5§0§0§E§4x§x§8§A§0§0§F§Fe in auction for 1000000.
[19:07:56] > .JakeTheMiner457 added x1 §f§l§8B§x§6§0§6§0§6§0a§x§6§C§6§C§6§Ch§x§7§7§7§7§7§7a§x§8§2§8§2§8§2m§x§8§E§8§E§8§Eu§x§9§9§9§9§9§9t§x§A§4§A§4§A§4 L§x§9§9§9§9§9§9e§x§8§E§8§E§8§Eg§x§8§2§8§2§8§2g§x§7§7§7§7§7§7i§x§6§C§6§C§6§Cn§x§6§0§6§0§6§0g§8s in auction for 100000.
[19:08:10] > Icon_Skully buy x1 §f§l§8B§x§6§0§6§0§6§0a§x§6§C§6§C§6§Ch§x§7§7§7§7§7§7a§x§8§2§8§2§8§2m§x§8§E§8§E§8§Eu§x§9§9§9§9§9§9t§x§A§4§A§4§A§4 L§x§9§9§9§9§9§9e§x§8§E§8§E§8§Eg§x§8§2§8§2§8§2g§x§7§7§7§7§7§7i§x§6§C§6§C§6§Cn§x§6§0§6§0§6§0g§8s to .JakeTheMiner457 for $100,000.
[19:08:13] > ThatMidnight remove x1 §f§l§x§8§A§0§0§F§FS§x§9§8§0§0§D§Dh§x§A§6§0§0§B§Bi§x§B§4§0§0§9§9n§x§C§2§0§0§7§7e§x§D§0§0§0§5§5 §x§D§E§0§0§3§3O§x§E§C§0§0§1§1ni§x§D§E§0§0§3§3 §x§D§0§0§0§5§5S§x§C§2§0§0§7§7i§x§B§4§0§0§9§9c§x§A§6§0§0§B§Bk§x§9§8§0§0§D§Dl§x§8§A§0§0§F§Fe from storage
[19:08:14] > .JakeTheMiner457 added x1 §f§l§x§8§A§0§0§F§FS§x§9§6§0§0§E§1h§x§A§3§0§0§C§3i§x§A§F§0§0§A§5n§x§B§B§0§0§8§7e§x§C§8§0§0§6§9 §x§D§4§0§0§4§BO§x§E§0§0§0§2§Dn§x§E§D§0§0§0§Fi §x§E§0§0§0§2§DL§x§D§4§0§0§4§Be§x§C§8§0§0§6§9g§x§B§B§0§0§8§7g§x§A§F§0§0§A§5i§x§A§3§0§0§C§3n§x§9§6§0§0§E§1g§x§8§A§0§0§F§Fs in auction for 50000.
[19:08:17] > nachfaust buy x1 §f§l§x§8§A§0§0§F§FS§x§9§5§0§0§E§4h§x§A§0§0§0§C§9i§x§A§B§0§0§A§En§x§B§6§0§0§9§4e§x§C§1§0§0§7§9 §x§C§C§0§0§5§EO§x§D§7§0§0§4§3n§x§E§2§0§0§2§8i§x§E§D§0§0§0§D B§x§E§2§0§0§2§8a§x§D§7§0§0§4§3t§x§C§C§0§0§5§Et§x§C§1§0§0§7§9l§x§B§6§0§0§9§4e§x§A§B§0§0§A§E §x§A§0§0§0§C§9A§x§9§5§0§0§E§4x§x§8§A§0§0§F§Fe to Malachkite for $1,000,000.
[19:08:18] > x1 §eᴢᴏᴍʙɪᴇ sᴘᴀᴡɴᴇʀ, item of Pewpew, has just expired, the item is definitively deleted.
[19:08:18] > x1 §eᴄʀᴇᴇᴘᴇʀ sᴘᴀᴡɴᴇʀ, item of Pewpew, has just expired, the item is definitively deleted.
[19:08:19] > giyahnpogi buy x1 §f§l§x§8§A§0§0§F§FS§x§9§6§0§0§E§1h§x§A§3§0§0§C§3i§x§A§F§0§0§A§5n§x§B§B§0§0§8§7e§x§C§8§0§0§6§9 §x§D§4§0§0§4§BO§x§E§0§0§0§2§Dn§x§E§D§0§0§0§Fi §x§E§0§0§0§2§DL§x§D§4§0§0§4§Be§x§C§8§0§0§6§9g§x§B§B§0§0§8§7g§x§A§F§0§0§A§5i§x§A§3§0§0§C§3n§x§9§6§0§0§E§1g§x§8§A§0§0§F§Fs to .JakeTheMiner457 for $50,000.
[19:08:19] > ThatMidnight remove x1 §f§l§x§8§A§0§0§F§FS§x§9§8§0§0§D§Dh§x§A§6§0§0§B§Bi§x§B§4§0§0§9§9n§x§C§2§0§0§7§7e§x§D§0§0§0§5§5 §x§D§E§0§0§3§3O§x§E§C§0§0§1§1ni§x§D§E§0§0§3§3 §x§D§0§0§0§5§5S§x§C§2§0§0§7§7i§x§B§4§0§0§9§9c§x§A§6§0§0§B§Bk§x§9§8§0§0§D§Dl§x§8§A§0§0§F§Fe from expire
[19:08:21] > ThatMidnight remove x47 Cooked beef from expire
[19:08:27] > Malachkite added x1 §f§l§8B§x§6§4§6§4§6§4a§x§7§4§7§4§7§4h§x§8§3§8§3§8§3a§x§9§3§9§3§9§3m§x§A§2§A§2§A§2ut§x§9§3§9§3§9§3 §x§8§3§8§3§8§3M§x§7§4§7§4§7§4a§x§6§4§6§4§6§4c§8e in auction for 500000.
[19:08:46] > nachfaust remove x1 §f§l§x§8§A§0§0§F§FS§x§9§5§0§0§E§4h§x§A§0§0§0§C§9i§x§A§B§0§0§A§En§x§B§6§0§0§9§4e§x§C§1§0§0§7§9 §x§C§C§0§0§5§EO§x§D§7§0§0§4§3n§x§E§2§0§0§2§8i§x§E§D§0§0§0§D B§x§E§2§0§0§2§8a§x§D§7§0§0§4§3t§x§C§C§0§0§5§Et§x§C§1§0§0§7§9l§x§B§6§0§0§9§4e§x§A§B§0§0§A§E §x§A§0§0§0§C§9A§x§9§5§0§0§E§4x§x§8§A§0§0§F§Fe form buy
[19:08:59] > .SophieSh2885 added x1 §f§l§x§8§A§0§0§F§FS§x§9§6§0§0§E§1h§x§A§3§0§0§C§3i§x§A§F§0§0§A§5n§x§B§B§0§0§8§7e§x§C§8§0§0§6§9 §x§D§4§0§0§4§BO§x§E§0§0§0§2§Dn§x§E§D§0§0§0§Fi §x§E§0§0§0§2§DL§x§D§4§0§0§4§Be§x§C§8§0§0§6§9g§x§B§B§0§0§8§7g§x§A§F§0§0§A§5i§x§A§3§0§0§C§3n§x§9§6§0§0§E§1g§x§8§A§0§0§F§Fs in auction for 50000.
[19:09:04] > nachfaust buy x1 §f§l§x§8§A§0§0§F§FS§x§9§6§0§0§E§1h§x§A§3§0§0§C§3i§x§A§F§0§0§A§5n§x§B§B§0§0§8§7e§x§C§8§0§0§6§9 §x§D§4§0§0§4§BO§x§E§0§0§0§2§Dn§x§E§D§0§0§0§Fi §x§E§0§0§0§2§DL§x§D§4§0§0§4§Be§x§C§8§0§0§6§9g§x§B§B§0§0§8§7g§x§A§F§0§0§A§5i§x§A§3§0§0§C§3n§x§9§6§0§0§E§1g§x§8§A§0§0§F§Fs to .SophieSh2885 for $50,000.
[19:09:06] > .JakeTheMiner457 added x1 Spire armor trim smithing template in auction for 80000.
[19:09:27] > nachfaust remove x1 §f§l§x§8§A§0§0§F§FS§x§9§6§0§0§E§1h§x§A§3§0§0§C§3i§x§A§F§0§0§A§5n§x§B§B§0§0§8§7e§x§C§8§0§0§6§9 §x§D§4§0§0§4§BO§x§E§0§0§0§2§Dn§x§E§D§0§0§0§Fi §x§E§0§0§0§2§DL§x§D§4§0§0§4§Be§x§C§8§0§0§6§9g§x§B§B§0§0§8§7g§x§A§F§0§0§A§5i§x§A§3§0§0§C§3n§x§9§6§0§0§E§1g§x§8§A§0§0§F§Fs form buy
[19:10:29] > ace remove x64 Diamond from storage
[19:10:44] > ace added x64 Diamond in auction for 180000.
[19:12:16] > topaz added x1 §f§l§x§8§A§0§0§F§FS§x§9§5§0§0§E§4h§x§A§0§0§0§C§9i§x§A§B§0§0§A§En§x§B§6§0§0§9§4e§x§C§1§0§0§7§9 §x§C§C§0§0§5§EO§x§D§7§0§0§4§3n§x§E§2§0§0§2§8i§x§E§D§0§0§0§D B§x§E§2§0§0§2§8a§x§D§7§0§0§4§3t§x§C§C§0§0§5§Et§x§C§1§0§0§7§9l§x§B§6§0§0§9§4e§x§A§B§0§0§A§E §x§A§0§0§0§C§9A§x§9§5§0§0§E§4x§x§8§A§0§0§F§Fe in auction for 1500000.
[19:12:56] > Malachkite buy x1 §f§l§x§8§A§0§0§F§FS§x§9§6§0§0§E§1h§x§A§3§0§0§C§3i§x§A§F§0§0§A§5n§x§B§B§0§0§8§7e§x§C§8§0§0§6§9 §x§D§4§0§0§4§BO§x§E§0§0§0§2§Dn§x§E§D§0§0§0§Fi §x§E§0§0§0§2§DL§x§D§4§0§0§4§Be§x§C§8§0§0§6§9g§x§B§B§0§0§8§7g§x§A§F§0§0§A§5i§x§A§3§0§0§C§3n§x§9§6§0§0§E§1g§x§8§A§0§0§F§Fs to Johng10910 for $2,000,000.
[19:13:07] > Malachkite remove x1 §f§l§x§8§A§0§0§F§FS§x§9§6§0§0§E§1h§x§A§3§0§0§C§3i§x§A§F§0§0§A§5n§x§B§B§0§0§8§7e§x§C§8§0§0§6§9 §x§D§4§0§0§4§BO§x§E§0§0§0§2§Dn§x§E§D§0§0§0§Fi §x§E§0§0§0§2§DL§x§D§4§0§0§4§Be§x§C§8§0§0§6§9g§x§B§B§0§0§8§7g§x§A§F§0§0§A§5i§x§A§3§0§0§C§3n§x§9§6§0§0§E§1g§x§8§A§0§0§F§Fs from buy
[19:14:20] > Malachkite added x1 §f§l§x§8§A§0§0§F§FS§x§9§8§0§0§D§Dh§x§A§6§0§0§B§Bi§x§B§4§0§0§9§9n§x§C§2§0§0§7§7e§x§D§0§0§0§5§5 §x§D§E§0§0§3§3O§x§E§C§0§0§1§1ni§x§D§E§0§0§3§3 §x§D§0§0§0§5§5S§x§C§2§0§0§7§7i§x§B§4§0§0§9§9c§x§A§6§0§0§B§Bk§x§9§8§0§0§D§Dl§x§8§A§0§0§F§Fe in auction for 700000.
[19:14:58] > Malachkite remove x1 §f§l§x§8§A§0§0§F§FS§x§9§8§0§0§D§Dh§x§A§6§0§0§B§Bi§x§B§4§0§0§9§9n§x§C§2§0§0§7§7e§x§D§0§0§0§5§5 §x§D§E§0§0§3§3O§x§E§C§0§0§1§1ni§x§D§E§0§0§3§3 §x§D§0§0§0§5§5S§x§C§2§0§0§7§7i§x§B§4§0§0§9§9c§x§A§6§0§0§B§Bk§x§9§8§0§0§D§Dl§x§8§A§0§0§F§Fe from storage
[19:14:58] > Malachkite remove x1 §f§l§8B§x§6§4§6§4§6§4a§x§7§4§7§4§7§4h§x§8§3§8§3§8§3a§x§9§3§9§3§9§3m§x§A§2§A§2§A§2ut§x§9§3§9§3§9§3 §x§8§3§8§3§8§3M§x§7§4§7§4§7§4a§x§6§4§6§4§6§4c§8e from storage
[19:15:06] > Malachkite added x1 §f§l§8B§x§6§4§6§4§6§4a§x§7§4§7§4§7§4h§x§8§3§8§3§8§3a§x§9§3§9§3§9§3m§x§A§2§A§2§A§2ut§x§9§3§9§3§9§3 §x§8§3§8§3§8§3M§x§7§4§7§4§7§4a§x§6§4§6§4§6§4c§8e in auction for 300000.
[19:15:51] > giyahnpogi remove x1 §f§l§x§8§A§0§0§F§FS§x§9§6§0§0§E§1h§x§A§3§0§0§C§3i§x§A§F§0§0§A§5n§x§B§B§0§0§8§7e§x§C§8§0§0§6§9 §x§D§4§0§0§4§BO§x§E§0§0§0§2§Dn§x§E§D§0§0§0§Fi §x§E§0§0§0§2§DL§x§D§4§0§0§4§Be§x§C§8§0§0§6§9g§x§B§B§0§0§8§7g§x§A§F§0§0§A§5i§x§A§3§0§0§C§3n§x§9§6§0§0§E§1g§x§8§A§0§0§F§Fs from buy
[19:16:02] > giyahnpogi remove x1 §x§F§F§5§5§0§0§lsᴇʟʟᴡᴀɴᴅ §6- 20.0x from buy
[19:16:05] > .JakeTheMiner457 buy x1 Heavy core to Trapers1 for $350,000.
[19:16:40] > giyahnpogi added x2 §x§F§F§3§E§0§0§lD§x§F§F§3§7§0§0§le§x§F§F§3§0§0§0§lm§x§F§F§2§9§0§0§lo§x§F§F§2§2§0§0§ln §x§F§F§1§5§0§0§lL§x§F§F§0§E§0§0§lo§x§F§F§0§7§0§0§lr§x§F§F§0§0§0§0§ld §x§F§F§0§E§0§0§lF§x§F§F§1§5§0§0§lr§x§F§F§1§C§0§0§la§x§F§F§2§2§0§0§lg§x§F§F§2§9§0§0§lm§x§F§F§3§0§0§0§le§x§F§F§3§7§0§0§ln§x§F§F§3§E§0§0§lt in auction for 200000.
[19:19:55] > .JakeTheMiner457 remove x1 Heavy core from buy
[19:21:49] > .JakeTheMiner457 remove x1 Coast armor trim smithing template from storage
[19:22:33] > .JakeTheMiner457 added x1 Mace in auction for 2700000.
[19:22:35] > Icon_Skully remove x1 §f§l§8B§x§6§0§6§0§6§0a§x§6§C§6§C§6§Ch§x§7§7§7§7§7§7a§x§8§2§8§2§8§2m§x§8§E§8§E§8§Eu§x§9§9§9§9§9§9t§x§A§4§A§4§A§4 L§x§9§9§9§9§9§9e§x§8§E§8§E§8§Eg§x§8§2§8§2§8§2g§x§7§7§7§7§7§7i§x§6§C§6§C§6§Cn§x§6§0§6§0§6§0g§8s from buy
[19:23:30] > Malachkite added x1 §f§l§x§8§A§0§0§F§FS§x§9§8§0§0§D§Dh§x§A§6§0§0§B§Bi§x§B§4§0§0§9§9n§x§C§2§0§0§7§7e§x§D§0§0§0§5§5 §x§D§E§0§0§3§3O§x§E§C§0§0§1§1ni§x§D§E§0§0§3§3 §x§D§0§0§0§5§5S§x§C§2§0§0§7§7i§x§B§4§0§0§9§9c§x§A§6§0§0§B§Bk§x§9§8§0§0§D§Dl§x§8§A§0§0§F§Fe in auction for 400000.
[19:23:39] > Icon_Skully buy x1 §f§l§x§8§A§0§0§F§FS§x§9§8§0§0§D§Dh§x§A§6§0§0§B§Bi§x§B§4§0§0§9§9n§x§C§2§0§0§7§7e§x§D§0§0§0§5§5 §x§D§E§0§0§3§3O§x§E§C§0§0§1§1ni§x§D§E§0§0§3§3 §x§D§0§0§0§5§5S§x§C§2§0§0§7§7i§x§B§4§0§0§9§9c§x§A§6§0§0§B§Bk§x§9§8§0§0§D§Dl§x§8§A§0§0§F§Fe to Malachkite for $400,000.
[19:24:50] > Zypher_0w0 buy x1 §x§F§F§5§5§0§0§lsᴇʟʟᴡᴀɴᴅ §6- 5.0x to grit_zy for $550,000.
[19:26:05] > nachfaust buy x1 Enchanted book to tic_sz for $30,000.
[19:26:48] > nachfaust remove x1 Enchanted book from buy
[19:27:34] > Icon_Skully remove x1 §f§l§x§8§A§0§0§F§FS§x§9§8§0§0§D§Dh§x§A§6§0§0§B§Bi§x§B§4§0§0§9§9n§x§C§2§0§0§7§7e§x§D§0§0§0§5§5 §x§D§E§0§0§3§3O§x§E§C§0§0§1§1ni§x§D§E§0§0§3§3 §x§D§0§0§0§5§5S§x§C§2§0§0§7§7i§x§B§4§0§0§9§9c§x§A§6§0§0§B§Bk§x§9§8§0§0§D§Dl§x§8§A§0§0§F§Fe from buy
[19:28:30] > Icon_Skully added x1 §x§E§5§1§B§1§B§lDracula Pickaxe in auction for 200000.
[19:28:33] > nnorv1 remove x1 Golden apple from buy
[19:28:41] > Torrr buy x5 §x§F§C§D§0§5§C§lB§x§E§6§D§3§6§B§la§x§C§F§D§5§7§A§ls§x§B§9§D§8§8§9§li§x§A§2§D§A§9§8§lc §x§7§5§D§F§B§6§lC§x§5§F§E§2§C§5§lr§x§7§5§D§F§B§6§la§x§8§C§D§D§A§7§lt§x§A§2§D§A§9§8§le §x§C§F§D§5§7§A§lK§x§E§6§D§3§6§B§le§x§F§C§D§0§5§C§ly to Icon_Skully for $25,000.
[19:28:46] > Torrr remove x5 §x§F§C§D§0§5§C§lB§x§E§6§D§3§6§B§la§x§C§F§D§5§7§A§ls§x§B§9§D§8§8§9§li§x§A§2§D§A§9§8§lc §x§7§5§D§F§B§6§lC§x§5§F§E§2§C§5§lr§x§7§5§D§F§B§6§la§x§8§C§D§D§A§7§lt§x§A§2§D§A§9§8§le §x§C§F§D§5§7§A§lK§x§E§6§D§3§6§B§le§x§F§C§D§0§5§C§ly form buy
[19:31:34] > Icon_Skully remove x1 §x§E§5§1§B§1§B§lDracula Pickaxe from storage
[19:31:50] > NoClarity added x1 §f§l§8B§x§6§0§6§0§6§0a§x§6§C§6§C§6§Ch§x§7§7§7§7§7§7a§x§8§2§8§2§8§2m§x§8§E§8§E§8§Eu§x§9§9§9§9§9§9t§x§A§4§A§4§A§4 G§x§9§9§9§9§9§9a§x§8§E§8§E§8§Eu§x§8§2§8§2§8§2n§x§7§7§7§7§7§7t§x§6§C§6§C§6§Cl§x§6§0§6§0§6§0e§8t in auction for 89999.
[19:31:59] > grit_zy buy x1 §f§l§8B§x§6§0§6§0§6§0a§x§6§C§6§C§6§Ch§x§7§7§7§7§7§7a§x§8§2§8§2§8§2m§x§8§E§8§E§8§Eu§x§9§9§9§9§9§9t§x§A§4§A§4§A§4 G§x§9§9§9§9§9§9a§x§8§E§8§E§8§Eu§x§8§2§8§2§8§2n§x§7§7§7§7§7§7t§x§6§C§6§C§6§Cl§x§6§0§6§0§6§0e§8t to NoClarity for $89,999.
[19:32:18] > NoClarity added x1 §f§l§8B§x§6§0§6§0§6§0a§x§6§C§6§C§6§Ch§x§7§7§7§7§7§7a§x§8§2§8§2§8§2m§x§8§E§8§E§8§Eu§x§9§9§9§9§9§9t§x§A§4§A§4§A§4 L§x§9§9§9§9§9§9e§x§8§E§8§E§8§Eg§x§8§2§8§2§8§2g§x§7§7§7§7§7§7i§x§6§C§6§C§6§Cn§x§6§0§6§0§6§0g§8s in auction for 89999.
[19:32:27] > RebornKimmy buy x1 §f§l§8B§x§6§0§6§0§6§0a§x§6§C§6§C§6§Ch§x§7§7§7§7§7§7a§x§8§2§8§2§8§2m§x§8§E§8§E§8§Eu§x§9§9§9§9§9§9t§x§A§4§A§4§A§4 L§x§9§9§9§9§9§9e§x§8§E§8§E§8§Eg§x§8§2§8§2§8§2g§x§7§7§7§7§7§7i§x§6§C§6§C§6§Cn§x§6§0§6§0§6§0g§8s to NoClarity for $89,999.
[19:32:43] > NoClarity added x1 §f§l§x§8§A§0§0§F§FS§x§9§C§0§0§D§5h§x§A§D§0§0§A§Ai§x§B§F§0§0§8§0n§x§D§0§0§0§5§5e§x§E§2§0§0§2§B §x§F§3§0§0§0§0O§x§E§2§0§0§2§An§x§D§0§0§0§5§5i§x§B§F§0§0§8§0 §x§A§D§0§0§A§AH§x§9§C§0§0§D§5o§x§8§A§0§0§F§Fe in auction for 65000.
[19:32:48] > Icon_Skully buy x1 §f§l§x§8§A§0§0§F§FS§x§9§C§0§0§D§5h§x§A§D§0§0§A§Ai§x§B§F§0§0§8§0n§x§D§0§0§0§5§5e§x§E§2§0§0§2§B §x§F§3§0§0§0§0O§x§E§2§0§0§2§An§x§D§0§0§0§5§5i§x§B§F§0§0§8§0 §x§A§D§0§0§A§AH§x§9§C§0§0§D§5o§x§8§A§0§0§F§Fe to NoClarity for $65,000.
[19:33:19] > ace remove x1 §f§l§8B§x§6§1§6§1§6§1a§x§6§D§6§D§6§Dh§x§7§9§7§9§7§9a§x§8§6§8§6§8§6m§x§9§2§9§2§9§2u§x§9§E§9§E§9§Et§7 §x§9§E§9§E§9§EH§x§9§2§9§2§9§2a§x§8§6§8§6§8§6l§x§7§9§7§9§7§9b§x§6§D§6§D§6§De§x§6§1§6§1§6§1r§8d from storage
[19:33:23] > Wemmbuo added x1 §f§l§8B§x§6§2§6§2§6§2a§x§6§F§6§F§6§Fh§x§7§C§7§C§7§Ca§x§8§9§8§9§8§9m§x§9§6§9§6§9§6u§x§A§3§A§3§A§3t §x§9§6§9§6§9§6H§x§8§9§8§9§8§9e§x§7§C§7§C§7§Cl§x§6§F§6§F§6§Fm§x§6§2§6§2§6§2e§8t in auction for 50000.
[19:33:26] > RebornKimmy buy x1 §f§l§8B§x§6§2§6§2§6§2a§x§6§F§6§F§6§Fh§x§7§C§7§C§7§Ca§x§8§9§8§9§8§9m§x§9§6§9§6§9§6u§x§A§3§A§3§A§3t §x§9§6§9§6§9§6H§x§8§9§8§9§8§9e§x§7§C§7§C§7§Cl§x§6§F§6§F§6§Fm§x§6§2§6§2§6§2e§8t to Wemmbuo for $50,000.
[19:33:31] > ace added x1 §f§l§8B§x§6§1§6§1§6§1a§x§6§D§6§D§6§Dh§x§7§9§7§9§7§9a§x§8§6§8§6§8§6m§x§9§2§9§2§9§2u§x§9§E§9§E§9§Et§7 §x§9§E§9§E§9§EH§x§9§2§9§2§9§2a§x§8§6§8§6§8§6l§x§7§9§7§9§7§9b§x§6§D§6§D§6§De§x§6§1§6§1§6§1r§8d in auction for 300000.
[19:34:30] > Dentatsu remove x1 §f§l§8B§x§6§0§6§0§6§0a§x§6§C§6§C§6§Ch§x§7§7§7§7§7§7a§x§8§2§8§2§8§2m§x§8§E§8§E§8§Eu§x§9§9§9§9§9§9t§x§A§4§A§4§A§4 G§x§9§9§9§9§9§9a§x§8§E§8§E§8§Eu§x§8§2§8§2§8§2n§x§7§7§7§7§7§7t§x§6§C§6§C§6§Cl§x§6§0§6§0§6§0e§8t from buy
[19:34:31] > Dentatsu remove x1 §f§l§8B§x§6§2§6§2§6§2a§x§6§F§6§F§6§Fh§x§7§C§7§C§7§Ca§x§8§9§8§9§8§9m§x§9§6§9§6§9§6u§x§A§3§A§3§A§3t §x§9§6§9§6§9§6H§x§8§9§8§9§8§9e§x§7§C§7§C§7§Cl§x§6§F§6§F§6§Fm§x§6§2§6§2§6§2e§8t from buy
[19:35:33] > RebornKimmy buy x28 Nether wart to RottenRael for $5,000.
[19:35:34] > ace remove x1 §2Cauldron Hat form storage
[19:35:34] > ace remove x1 Music disc 11 form storage
[19:35:34] > ace remove x1 §f§l§x§8§A§0§0§F§FS§x§9§8§0§0§D§Dh§x§A§6§0§0§B§Bi§x§B§4§0§0§9§9n§x§C§2§0§0§7§7e§x§D§0§0§0§5§5 §x§D§E§0§0§3§3O§x§E§C§0§0§1§1ni§x§D§E§0§0§3§3 §x§D§0§0§0§5§5S§x§C§2§0§0§7§7h§x§B§4§0§0§9§9i§x§A§6§0§0§B§Be§x§9§8§0§0§D§Dl§x§8§A§0§0§F§Fd form storage
[19:35:34] > ace remove x64 Diamond form storage
[19:35:34] > ace remove x1 §f§l§8B§x§6§1§6§1§6§1a§x§6§D§6§D§6§Dh§x§7§9§7§9§7§9a§x§8§6§8§6§8§6m§x§9§2§9§2§9§2u§x§9§E§9§E§9§Et§7 §x§9§E§9§E§9§EH§x§9§2§9§2§9§2a§x§8§6§8§6§8§6l§x§7§9§7§9§7§9b§x§6§D§6§D§6§De§x§6§1§6§1§6§1r§8d form storage
[19:35:48] > ace added x1 §2Cauldron Hat in auction for 90000.
[19:36:05] > ace added x1 Music disc 11 in auction for 30000.
[19:36:21] > Ryzxc remove x1 §fMushroom Hat from storage
[19:36:22] > Ryzxc remove x1 §5Witch Hat from storage
[19:36:22] > ace added x1 §f§l§8B§x§6§1§6§1§6§1a§x§6§D§6§D§6§Dh§x§7§9§7§9§7§9a§x§8§6§8§6§8§6m§x§9§2§9§2§9§2u§x§9§E§9§E§9§Et§7 §x§9§E§9§E§9§EH§x§9§2§9§2§9§2a§x§8§6§8§6§8§6l§x§7§9§7§9§7§9b§x§6§D§6§D§6§De§x§6§1§6§1§6§1r§8d in auction for 300000.
[19:36:32] > Ryzxc added x1 §f§l§x§8§A§0§0§F§FS§x§9§5§0§0§E§4h§x§A§0§0§0§C§9i§x§A§B§0§0§A§En§x§B§6§0§0§9§4e§x§C§1§0§0§7§9 §x§C§C§0§0§5§EO§x§D§7§0§0§4§3n§x§E§2§0§0§2§8i§x§E§D§0§0§0§D C§x§E§2§0§0§2§8h§x§D§7§0§0§4§3e§x§C§C§0§0§5§Es§x§C§1§0§0§7§9t§x§B§6§0§0§9§4p§x§A§B§0§0§A§El§x§A§0§0§0§C§9a§x§9§5§0§0§E§4t§x§8§A§0§0§F§Fe in auction for 120000.
[19:36:35] > RebornKimmy buy x1 §f§l§x§8§A§0§0§F§FS§x§9§5§0§0§E§4h§x§A§0§0§0§C§9i§x§A§B§0§0§A§En§x§B§6§0§0§9§4e§x§C§1§0§0§7§9 §x§C§C§0§0§5§EO§x§D§7§0§0§4§3n§x§E§2§0§0§2§8i§x§E§D§0§0§0§D C§x§E§2§0§0§2§8h§x§D§7§0§0§4§3e§x§C§C§0§0§5§Es§x§C§1§0§0§7§9t§x§B§6§0§0§9§4p§x§A§B§0§0§A§El§x§A§0§0§0§C§9a§x§9§5§0§0§E§4t§x§8§A§0§0§F§Fe to Ryzxc for $120,000.
[19:36:38] > ry9191 added x1 §f§l§8B§x§6§6§6§6§6§6a§x§7§7§7§7§7§7h§x§8§8§8§8§8§8a§x§9§9§9§9§9§9m§7u§x§9§9§9§9§9§9t§x§8§8§8§8§8§8 §x§7§7§7§7§7§7K§x§6§6§6§6§6§6e§8y in auction for 300000.
[19:36:53] > azuyeca buy x1 §f§l§8B§x§6§6§6§6§6§6a§x§7§7§7§7§7§7h§x§8§8§8§8§8§8a§x§9§9§9§9§9§9m§7u§x§9§9§9§9§9§9t§x§8§8§8§8§8§8 §x§7§7§7§7§7§7K§x§6§6§6§6§6§6e§8y to ry9191 for $300,000.
[19:36:58] > .jacindiii buy x1 §fFlower Crown Hat to namerikangel for $50,000.
[19:37:01] > azuyeca remove x1 §f§l§8B§x§6§6§6§6§6§6a§x§7§7§7§7§7§7h§x§8§8§8§8§8§8a§x§9§9§9§9§9§9m§7u§x§9§9§9§9§9§9t§x§8§8§8§8§8§8 §x§7§7§7§7§7§7K§x§6§6§6§6§6§6e§8y from buy
[19:37:02] > ace added x64 Diamond in auction for 185000.
[19:37:46] > ace added x1 §f§l§x§8§A§0§0§F§FS§x§9§8§0§0§D§Dh§x§A§6§0§0§B§Bi§x§B§4§0§0§9§9n§x§C§2§0§0§7§7e§x§D§0§0§0§5§5 §x§D§E§0§0§3§3O§x§E§C§0§0§1§1ni§x§D§E§0§0§3§3 §x§D§0§0§0§5§5S§x§C§2§0§0§7§7h§x§B§4§0§0§9§9i§x§A§6§0§0§B§Be§x§9§8§0§0§D§Dl§x§8§A§0§0§F§Fd in auction for 666000.
[19:38:32] > ry9191 added x1 §f§l§x§8§A§0§0§F§FS§x§9§5§0§0§E§4h§x§A§0§0§0§C§9i§x§A§B§0§0§A§En§x§B§6§0§0§9§4e§x§C§1§0§0§7§9 §x§C§C§0§0§5§EO§x§D§7§0§0§4§3n§x§E§2§0§0§2§8i§x§E§D§0§0§0§D B§x§E§2§0§0§2§8a§x§D§7§0§0§4§3t§x§C§C§0§0§5§Et§x§C§1§0§0§7§9l§x§B§6§0§0§9§4e§x§A§B§0§0§A§E §x§A§0§0§0§C§9A§x§9§5§0§0§E§4x§x§8§A§0§0§F§Fe in auction for 2500000.
[19:38:58] > 8it5inn added x1 §f§l§8B§x§6§2§6§2§6§2a§x§6§F§6§F§6§Fh§x§7§C§7§C§7§Ca§x§8§9§8§9§8§9m§x§9§6§9§6§9§6u§x§A§3§A§3§A§3t §x§9§6§9§6§9§6H§x§8§9§8§9§8§9e§x§7§C§7§C§7§Cl§x§6§F§6§F§6§Fm§x§6§2§6§2§6§2e§8t in auction for 10.
[19:39:01] > RebornKimmy buy x1 §f§l§8B§x§6§2§6§2§6§2a§x§6§F§6§F§6§Fh§x§7§C§7§C§7§Ca§x§8§9§8§9§8§9m§x§9§6§9§6§9§6u§x§A§3§A§3§A§3t §x§9§6§9§6§9§6H§x§8§9§8§9§8§9e§x§7§C§7§C§7§Cl§x§6§F§6§F§6§Fm§x§6§2§6§2§6§2e§8t to 8it5inn for $10.
[19:39:30] > 8it5inn added x1 §x§F§F§7§C§0§0§lSteamsparks Boots in auction for 10.
[19:39:32] > RebornKimmy buy x1 §x§F§F§7§C§0§0§lSteamsparks Boots to 8it5inn for $10.
[19:39:32] > mae buy x1 §f§l§8B§x§6§4§6§4§6§4a§x§7§4§7§4§7§4h§x§8§3§8§3§8§3a§x§9§3§9§3§9§3m§x§A§2§A§2§A§2ut§x§9§3§9§3§9§3 §x§8§3§8§3§8§3M§x§7§4§7§4§7§4a§x§6§4§6§4§6§4c§8e to Malachkite for $300,000.
[19:39:49] > 8it5inn added x1 §x§E§5§1§B§1§B§lDracula Hoe in auction for 10.
[19:39:51] > RebornKimmy buy x1 §x§E§5§1§B§1§B§lDracula Hoe to 8it5inn for $10.
[19:40:29] > kysicx remove x1 §f§l§x§8§A§0§0§F§FS§x§9§8§0§0§D§Dh§x§A§6§0§0§B§Bi§x§B§4§0§0§9§9n§x§C§2§0§0§7§7e§x§D§0§0§0§5§5 §x§D§E§0§0§3§3O§x§E§C§0§0§1§1ni§x§D§E§0§0§3§3 §x§D§0§0§0§5§5S§x§C§2§0§0§7§7h§x§B§4§0§0§9§9i§x§A§6§0§0§B§Be§x§9§8§0§0§D§Dl§x§8§A§0§0§F§Fd from buy
[19:40:34] > Icon_Skully added x1 §x§6§0§0§0§F§F§lɢᴏᴅʟʏ ɪᴛᴇᴍ in auction for 3000000.
[19:40:39] > Abbadex buy x1 §x§6§0§0§0§F§F§lɢᴏᴅʟʏ ɪᴛᴇᴍ to Icon_Skully for $3,000,000.
[19:41:51] > Icon_Skully added x1 §x§6§0§0§0§F§F§lɢᴏᴅʟʏ ɪᴛᴇᴍ in auction for 3500000.
[19:41:56] > Abbadex buy x1 §x§6§0§0§0§F§F§lɢᴏᴅʟʏ ɪᴛᴇᴍ to Icon_Skully for $3,500,000.
[19:42:02] > Abbadex remove x1 §x§6§0§0§0§F§F§lɢᴏᴅʟʏ ɪᴛᴇᴍ form buy
[19:42:02] > Abbadex remove x1 §x§6§0§0§0§F§F§lɢᴏᴅʟʏ ɪᴛᴇᴍ form buy
[19:42:31] > PrezXie remove x1 Heavy core from storage
[19:42:56] > Icon_Skully added x1 §x§6§0§0§0§F§F§lɢᴏᴅʟʏ ɪᴛᴇᴍ in auction for 3500000.
[19:43:30] > M1kasa0 added x1 §x§F§F§5§5§0§0§lsᴇʟʟᴡᴀɴᴅ §6- 5.0x in auction for 1000000.
[19:43:41] > M1kasa0 remove x1 §x§F§F§5§5§0§0§lsᴇʟʟᴡᴀɴᴅ §6- 5.0x from storage
[19:43:43] > NoClarity added x1 §x§E§5§1§B§1§B§lDracula Spear in auction for 84999.
[19:43:46] > RebornKimmy buy x1 §x§E§5§1§B§1§B§lDracula Spear to NoClarity for $84,999.
[19:44:11] > NoClarity added x1 §x§F§F§5§5§0§0§lsᴇʟʟᴡᴀɴᴅ §6- 5.0x in auction for 499999.
[19:44:13] > ace remove x64 Diamond from storage
[19:44:18] > M1kasa0 added x1 §x§F§F§5§5§0§0§lsᴇʟʟᴡᴀɴᴅ §6- 5.0x in auction for 550000.
[19:44:36] > Icon_Skully remove x1 §x§6§0§0§0§F§F§lɢᴏᴅʟʏ ɪᴛᴇᴍ from storage
[19:44:40] > Zypher_0w0 buy x1 §x§F§F§5§5§0§0§lsᴇʟʟᴡᴀɴᴅ §6- 5.0x to NoClarity for $499,999.
[19:44:48] > Icon_Skully added x1 §x§6§0§0§0§F§F§lɢᴏᴅʟʏ ɪᴛᴇᴍ in auction for 3000000.
[19:44:52] > M1kasa0 added x1 §x§F§F§5§5§0§0§lsᴇʟʟᴡᴀɴᴅ §6- 5.0x in auction for 460000.
[19:44:53] > Zypher_0w0 buy x1 §x§F§F§5§5§0§0§lsᴇʟʟᴡᴀɴᴅ §6- 5.0x to M1kasa0 for $550,000.
[19:45:01] > Zypher_0w0 buy x1 §x§F§F§5§5§0§0§lsᴇʟʟᴡᴀɴᴅ §6- 5.0x to grit_zy for $550,000.
[19:45:08] > Zypher_0w0 buy x1 §x§F§F§5§5§0§0§lsᴇʟʟᴡᴀɴᴅ §6- 5.0x to grit_zy for $550,000.
[19:45:24] > ThuyaBalar added x1 §x§F§F§5§5§0§0§lsᴇʟʟᴡᴀɴᴅ §6- 10.0x in auction for 3000000.
[19:45:30] > PrezXie buy x1 §x§F§F§5§5§0§0§lsᴇʟʟᴡᴀɴᴅ §6- 5.0x to M1kasa0 for $460,000.
[19:45:46] > PrezXie remove x1 §x§F§F§5§5§0§0§lsᴇʟʟᴡᴀɴᴅ §6- 5.0x from buy
[19:45:54] > ace remove x64 Diamond from expire
[19:46:12] > Zypher_0w0 buy x1 §x§F§F§5§5§0§0§lsᴇʟʟᴡᴀɴᴅ §6- 5.0x to grit_zy for $550,000.
[19:46:16] > ace added x64 Diamond in auction for 150000.
[19:46:18] > Zypher_0w0 buy x1 §x§F§F§5§5§0§0§lsᴇʟʟᴡᴀɴᴅ §6- 5.0x to grit_zy for $550,000.
[19:46:45] > Zypher_0w0 buy x1 §x§F§F§5§5§0§0§lsᴇʟʟᴡᴀɴᴅ §6- 5.0x to grit_zy for $550,000.
[19:46:55] > Zypher_0w0 buy x1 §x§F§F§5§5§0§0§lsᴇʟʟᴡᴀɴᴅ §6- 5.0x to grit_zy for $550,000.
[19:47:39] > Icon_Skully remove x1 §x§6§0§0§0§F§F§lɢᴏᴅʟʏ ɪᴛᴇᴍ from storage
[19:47:47] > Icon_Skully added x1 §x§6§0§0§0§F§F§lɢᴏᴅʟʏ ɪᴛᴇᴍ in auction for 2000000.
[19:48:18] > Icon_Skully added x1 §x§6§0§0§0§F§F§lɢᴏᴅʟʏ ɪᴛᴇᴍ in auction for 2000000.
[19:49:36] > Wemmbuo added x1 §fFarmer Hat in auction for 10000.
[19:49:39] > RebornKimmy buy x1 §fFarmer Hat to Wemmbuo for $10,000.
[19:50:16] > Icon_Skully remove x1 §f§l§x§8§A§0§0§F§FS§x§9§C§0§0§D§5h§x§A§D§0§0§A§Ai§x§B§F§0§0§8§0n§x§D§0§0§0§5§5e§x§E§2§0§0§2§B §x§F§3§0§0§0§0O§x§E§2§0§0§2§An§x§D§0§0§0§5§5i§x§B§F§0§0§8§0 §x§A§D§0§0§A§AH§x§9§C§0§0§D§5o§x§8§A§0§0§F§Fe from buy
[19:50:55] > scarlettti buy x3 §x§5§C§C§F§F§C§lC§x§5§C§D§1§F§5§lo§x§5§D§D§4§E§E§ls§x§5§D§D§6§E§7§lm§x§5§E§D§9§E§1§le§x§5§E§D§B§D§A§lt§x§5§E§D§D§D§3§li§x§5§F§E§0§C§C§lc §x§5§F§E§0§C§C§lH§x§5§E§D§D§D§3§la§x§5§E§D§B§D§A§lt§x§5§E§D§9§E§1§ls §x§5§D§D§4§E§E§lK§x§5§C§D§1§F§5§le§x§5§C§C§F§F§C§ly to Zypher_0w0 for $150,000.
[19:51:05] > scarlettti remove x1 Cactus flower from buy
[19:51:06] > scarlettti remove x2 §x§F§F§3§E§0§0§lD§x§F§F§3§7§0§0§le§x§F§F§3§0§0§0§lm§x§F§F§2§9§0§0§lo§x§F§F§2§2§0§0§ln §x§F§F§1§5§0§0§lL§x§F§F§0§E§0§0§lo§x§F§F§0§7§0§0§lr§x§F§F§0§0§0§0§ld §x§F§F§0§E§0§0§lF§x§F§F§1§5§0§0§lr§x§F§F§1§C§0§0§la§x§F§F§2§2§0§0§lg§x§F§F§2§9§0§0§lm§x§F§F§3§0§0§0§le§x§F§F§3§7§0§0§ln§x§F§F§3§E§0§0§lt from buy
[19:51:06] > scarlettti remove x2 §x§5§C§C§F§F§C§lC§x§5§C§D§1§F§5§lo§x§5§D§D§4§E§E§ls§x§5§D§D§6§E§7§lm§x§5§E§D§9§E§1§le§x§5§E§D§B§D§A§lt§x§5§E§D§D§D§3§li§x§5§F§E§0§C§C§lc §x§5§F§E§0§C§C§lH§x§5§E§D§D§D§3§la§x§5§E§D§B§D§A§lt§x§5§E§D§9§E§1§ls §x§5§D§D§4§E§E§lK§x§5§C§D§1§F§5§le§x§5§C§C§F§F§C§ly from buy
[19:51:07] > scarlettti remove x3 §x§5§C§C§F§F§C§lC§x§5§C§D§1§F§5§lo§x§5§D§D§4§E§E§ls§x§5§D§D§6§E§7§lm§x§5§E§D§9§E§1§le§x§5§E§D§B§D§A§lt§x§5§E§D§D§D§3§li§x§5§F§E§0§C§C§lc §x§5§F§E§0§C§C§lH§x§5§E§D§D§D§3§la§x§5§E§D§B§D§A§lt§x§5§E§D§9§E§1§ls §x§5§D§D§4§E§E§lK§x§5§C§D§1§F§5§le§x§5§C§C§F§F§C§ly from buy
[19:51:19] > lubko3456 added x1 §f§l§8B§x§6§0§6§0§6§0a§x§6§C§6§C§6§Ch§x§7§7§7§7§7§7a§x§8§2§8§2§8§2m§x§8§E§8§E§8§Eu§x§9§9§9§9§9§9t§x§A§4§A§4§A§4 G§x§9§9§9§9§9§9a§x§8§E§8§E§8§Eu§x§8§2§8§2§8§2n§x§7§7§7§7§7§7t§x§6§C§6§C§6§Cl§x§6§0§6§0§6§0e§8t in auction for 150000.
[19:51:30] > 8it5inn buy x1 §f§l§8B§x§6§0§6§0§6§0a§x§6§C§6§C§6§Ch§x§7§7§7§7§7§7a§x§8§2§8§2§8§2m§x§8§E§8§E§8§Eu§x§9§9§9§9§9§9t§x§A§4§A§4§A§4 G§x§9§9§9§9§9§9a§x§8§E§8§E§8§Eu§x§8§2§8§2§8§2n§x§7§7§7§7§7§7t§x§6§C§6§C§6§Cl§x§6§0§6§0§6§0e§8t to lubko3456 for $150,000.
[19:51:35] > Icon_Skully added x1 §x§F§F§3§E§0§0§lDemon Lord Hoe in auction for 100000.
[19:51:39] > RebornKimmy buy x1 §x§F§F§3§E§0§0§lDemon Lord Hoe to Icon_Skully for $100,000.
[19:51:42] > 8it5inn remove x1 §f§l§8B§x§6§0§6§0§6§0a§x§6§C§6§C§6§Ch§x§7§7§7§7§7§7a§x§8§2§8§2§8§2m§x§8§E§8§E§8§Eu§x§9§9§9§9§9§9t§x§A§4§A§4§A§4 G§x§9§9§9§9§9§9a§x§8§E§8§E§8§Eu§x§8§2§8§2§8§2n§x§7§7§7§7§7§7t§x§6§C§6§C§6§Cl§x§6§0§6§0§6§0e§8t from buy
[19:52:08] > ace remove x1 Music disc 11 from storage
[19:52:30] > ace added x1 Potion in auction for 10000.
[19:52:36] > ace remove x1 Potion from storage
[19:52:56] > ace added x1 Potion in auction for 100.
[19:53:28] > RizzaIck remove x1 §f§l§8B§x§6§4§6§4§6§4a§x§7§4§7§4§7§4h§x§8§3§8§3§8§3a§x§9§3§9§3§9§3m§x§A§2§A§2§A§2ut§x§9§3§9§3§9§3 §x§8§3§8§3§8§3C§x§7§4§7§4§7§4l§x§6§4§6§4§6§4u§8b from storage
[19:53:38] > HandsomeCat buy x1 §x§6§0§0§0§F§F§lɢᴏᴅʟʏ ɪᴛᴇᴍ to Zypher_0w0 for $999,999.
[19:53:40] > ace remove x64 Diamond from storage
[19:53:47] > HandsomeCat remove x1 §x§6§0§0§0§F§F§lɢᴏᴅʟʏ ɪᴛᴇᴍ from buy
[19:53:52] > Wemmbuo added x1 Water bucket in auction for 5000.
[19:53:57] > ace added x64 Diamond in auction for 125000.
[19:54:03] > lubko3456 added x1 §f§l§x§8§A§0§0§F§FS§x§9§7§0§0§D§Fh§x§A§4§0§0§B§Fi§x§B§1§0§0§9§Fn§x§B§F§0§0§8§0e§x§C§C§0§0§6§0 §x§D§9§0§0§4§0O§x§E§6§0§0§2§0n§x§F§3§0§0§0§0i§x§E§6§0§0§2§0 §x§D§9§0§0§4§0P§x§C§C§0§0§6§0i§x§B§F§0§0§8§0c§x§B§1§0§0§9§Fk§x§A§4§0§0§B§Fa§x§9§7§0§0§D§Fx§x§8§A§0§0§F§Fe in auction for 1200000.
[19:54:06] > RebornKimmy buy x1 §f§l§x§8§A§0§0§F§FS§x§9§7§0§0§D§Fh§x§A§4§0§0§B§Fi§x§B§1§0§0§9§Fn§x§B§F§0§0§8§0e§x§C§C§0§0§6§0 §x§D§9§0§0§4§0O§x§E§6§0§0§2§0n§x§F§3§0§0§0§0i§x§E§6§0§0§2§0 §x§D§9§0§0§4§0P§x§C§C§0§0§6§0i§x§B§F§0§0§8§0c§x§B§1§0§0§9§Fk§x§A§4§0§0§B§Fa§x§9§7§0§0§D§Fx§x§8§A§0§0§F§Fe to lubko3456 for $1,200,000.
[19:54:11] > RizzaIck added x1 §f§l§8B§x§6§4§6§4§6§4a§x§7§4§7§4§7§4h§x§8§3§8§3§8§3a§x§9§3§9§3§9§3m§x§A§2§A§2§A§2ut§x§9§3§9§3§9§3 §x§8§3§8§3§8§3C§x§7§4§7§4§7§4l§x§6§4§6§4§6§4u§8b in auction for 700000.
[19:54:22] > RizzaIck added x1 §f§l§8B§x§6§4§6§4§6§4a§x§7§4§7§4§7§4h§x§8§3§8§3§8§3a§x§9§3§9§3§9§3m§x§A§2§A§2§A§2ut§x§9§3§9§3§9§3 §x§8§3§8§3§8§3C§x§7§4§7§4§7§4l§x§6§4§6§4§6§4u§8b in auction for 700000.
[19:54:37] > scarlettti added x1 §fGhost Hat in auction for 60000.
[19:54:39] > Takeremu remove x1 §f§l§8B§x§6§6§6§6§6§6a§x§7§7§7§7§7§7h§x§8§8§8§8§8§8a§x§9§9§9§9§9§9m§7u§x§9§9§9§9§9§9t§x§8§8§8§8§8§8 §x§7§7§7§7§7§7K§x§6§6§6§6§6§6e§8y from storage
[19:54:39] > Takeremu remove x1 §f§l§8B§x§6§6§6§6§6§6a§x§7§7§7§7§7§7h§x§8§8§8§8§8§8a§x§9§9§9§9§9§9m§7u§x§9§9§9§9§9§9t§x§8§8§8§8§8§8 §x§7§7§7§7§7§7K§x§6§6§6§6§6§6e§8y from storage
[19:54:40] > RebornKimmy buy x1 §fGhost Hat to scarlettti for $60,000.
[19:55:08] > .Allxnzv buy x1 Potion to ace for $100.
[19:55:36] > .Allxnzv remove x1 Potion from buy
[19:56:04] > Malachkite added x1 Enchanted book in auction for 50000.
[19:56:04] > mae added x1 Enchanted book in auction for 5000.
[19:56:08] > ravencabansay added x1 §f§l§x§8§A§0§0§F§FS§x§9§5§0§0§E§4h§x§A§0§0§0§C§9i§x§A§B§0§0§A§En§x§B§6§0§0§9§4e§x§C§1§0§0§7§9 §x§C§C§0§0§5§EO§x§D§7§0§0§4§3n§x§E§2§0§0§2§8i§x§E§D§0§0§0§D C§x§E§2§0§0§2§8h§x§D§7§0§0§4§3e§x§C§C§0§0§5§Es§x§C§1§0§0§7§9t§x§B§6§0§0§9§4p§x§A§B§0§0§A§El§x§A§0§0§0§C§9a§x§9§5§0§0§E§4t§x§8§A§0§0§F§Fe in auction for 2800000.
[19:56:29] > NoClarity added x1 §fMagician Hat in auction for 69999.
[19:56:33] > RebornKimmy buy x1 §fMagician Hat to NoClarity for $69,999.
[19:56:42] > _Sutrix_ buy x1 Enchanted book to mae for $5,000.
[19:56:50] > Takeremu added x1 §f§l§x§8§A§0§0§F§FS§x§9§9§0§0§D§Bh§x§A§8§0§0§B§6i§x§B§7§0§0§9§2n§x§C§6§0§0§6§De§x§D§5§0§0§4§9 §x§E§4§0§0§2§4O§x§F§3§0§0§0§0n§x§E§4§0§0§2§4i§x§D§5§0§0§4§9 §x§C§6§0§0§6§DS§x§B§7§0§0§9§2t§x§A§8§0§0§B§6a§x§9§9§0§0§D§Bf§x§8§A§0§0§F§Ff in auction for 1500000.
[19:56:52] > NoClarity remove x6 Deepslate emerald ore form storage
[19:56:52] > _Sutrix_ remove x1 Enchanted book from buy
[19:57:21] > mae added x1 Enchanted book in auction for 5000.
[19:57:27] > nnorv1 remove x3 Golden apple from buy
[19:57:54] > mae added x1 Enchanted book in auction for 5000.
[19:58:04] > .jacindiii buy x1 §fElf Hat to .ShawnPlayz56 for $250,000.
[19:59:34] > Takeremu added x1 §f§l§8B§x§6§2§6§2§6§2a§x§6§F§6§F§6§Fh§x§7§C§7§C§7§Ca§x§8§9§8§9§8§9m§x§9§6§9§6§9§6u§x§A§3§A§3§A§3t §x§9§6§9§6§9§6S§x§8§9§8§9§8§9h§x§7§C§7§C§7§Ci§x§6§F§6§F§6§Fe§x§6§2§6§2§6§2l§8d in auction for 250000.
[19:59:39] > _Sutrix_ added x1 §f§l§8B§x§6§3§6§3§6§3a§x§7§1§7§1§7§1h§x§8§0§8§0§8§0a§x§8§E§8§E§8§Em§x§9§C§9§C§9§Cu§7t§x§9§C§9§C§9§C §x§8§E§8§E§8§ES§x§8§0§8§0§8§0p§x§7§1§7§1§7§1e§x§6§3§6§3§6§3a§8r in auction for 2500000.
[19:59:47] > Takeremu remove x4 §x§C§9§A§7§F§C§lL§x§B§D§A§E§F§6§le§x§B§1§B§4§F§0§lg§x§A§6§B§B§E§A§le§x§9§A§C§1§E§4§ln§x§8§E§C§8§D§D§ld§x§8§2§C§E§D§7§la§x§7§7§D§5§D§1§lr§x§6§B§D§B§C§B§ly §x§6§B§D§B§C§B§lC§x§7§7§D§5§D§1§lr§x§8§2§C§E§D§7§la§x§8§E§C§8§D§D§lt§x§9§A§C§1§E§4§le §x§B§1§B§4§F§0§lK§x§B§D§A§E§F§6§le§x§C§9§A§7§F§C§ly from storage
[19:59:48] > Takeremu remove x4 §x§C§9§A§7§F§C§lL§x§B§D§A§E§F§6§le§x§B§1§B§4§F§0§lg§x§A§6§B§B§E§A§le§x§9§A§C§1§E§4§ln§x§8§E§C§8§D§D§ld§x§8§2§C§E§D§7§la§x§7§7§D§5§D§1§lr§x§6§B§D§B§C§B§ly §x§6§B§D§B§C§B§lC§x§7§7§D§5§D§1§lr§x§8§2§C§E§D§7§la§x§8§E§C§8§D§D§lt§x§9§A§C§1§E§4§le §x§B§1§B§4§F§0§lK§x§B§D§A§E§F§6§le§x§C§9§A§7§F§C§ly from storage
[19:59:49] > Takeremu remove x4 §x§C§9§A§7§F§C§lL§x§B§D§A§E§F§6§le§x§B§1§B§4§F§0§lg§x§A§6§B§B§E§A§le§x§9§A§C§1§E§4§ln§x§8§E§C§8§D§D§ld§x§8§2§C§E§D§7§la§x§7§7§D§5§D§1§lr§x§6§B§D§B§C§B§ly §x§6§B§D§B§C§B§lC§x§7§7§D§5§D§1§lr§x§8§2§C§E§D§7§la§x§8§E§C§8§D§D§lt§x§9§A§C§1§E§4§le §x§B§1§B§4§F§0§lK§x§B§D§A§E§F§6§le§x§C§9§A§7§F§C§ly from storage
[19:59:51] > micailatot added x1 §f§l§x§8§A§0§0§F§FS§x§9§6§0§0§E§3h§x§A§1§0§0§C§6i§x§A§D§0§0§A§An§x§B§9§0§0§8§Ee§x§C§4§0§0§7§1 §x§D§0§0§0§5§5O§x§D§C§0§0§3§9n§x§E§7§0§0§1§Ci§x§F§3§0§0§0§0 §x§E§7§0§0§1§CB§x§D§C§0§0§3§9i§x§D§0§0§0§5§5g§x§C§4§0§0§7§1 §x§B§9§0§0§8§ES§x§A§D§0§0§A§Aw§x§A§1§0§0§C§6o§x§9§6§0§0§E§3r§x§8§A§0§0§F§Fd in auction for 1900000.
[20:00:12] > Takeremu added x12 §x§C§9§A§7§F§C§lL§x§B§D§A§E§F§6§le§x§B§1§B§4§F§0§lg§x§A§6§B§B§E§A§le§x§9§A§C§1§E§4§ln§x§8§E§C§8§D§D§ld§x§8§2§C§E§D§7§la§x§7§7§D§5§D§1§lr§x§6§B§D§B§C§B§ly §x§6§B§D§B§C§B§lC§x§7§7§D§5§D§1§lr§x§8§2§C§E§D§7§la§x§8§E§C§8§D§D§lt§x§9§A§C§1§E§4§le §x§B§1§B§4§F§0§lK§x§B§D§A§E§F§6§le§x§C§9§A§7§F§C§ly in auction for 510000.
[20:00:15] > RebornKimmy buy x12 §x§C§9§A§7§F§C§lL§x§B§D§A§E§F§6§le§x§B§1§B§4§F§0§lg§x§A§6§B§B§E§A§le§x§9§A§C§1§E§4§ln§x§8§E§C§8§D§D§ld§x§8§2§C§E§D§7§la§x§7§7§D§5§D§1§lr§x§6§B§D§B§C§B§ly §x§6§B§D§B§C§B§lC§x§7§7§D§5§D§1§lr§x§8§2§C§E§D§7§la§x§8§E§C§8§D§D§lt§x§9§A§C§1§E§4§le §x§B§1§B§4§F§0§lK§x§B§D§A§E§F§6§le§x§C§9§A§7§F§C§ly to Takeremu for $510,000.
[20:00:27] > Takeremu remove x8 §x§F§C§9§0§5§C§lE§x§E§6§9§C§6§B§lp§x§C§F§A§7§7§A§li§x§B§9§B§3§8§9§lc §x§8§C§C§B§A§7§lC§x§7§5§D§6§B§6§lr§x§5§F§E§2§C§5§la§x§7§9§D§4§B§4§lt§x§9§3§C§7§A§2§le §x§C§8§A§B§7§F§lK§x§E§2§9§E§6§E§le§x§F§C§9§0§5§C§ly from storage
[20:00:27] > Takeremu remove x8 §x§F§C§9§0§5§C§lE§x§E§6§9§C§6§B§lp§x§C§F§A§7§7§A§li§x§B§9§B§3§8§9§lc §x§8§C§C§B§A§7§lC§x§7§5§D§6§B§6§lr§x§5§F§E§2§C§5§la§x§7§9§D§4§B§4§lt§x§9§3§C§7§A§2§le §x§C§8§A§B§7§F§lK§x§E§2§9§E§6§E§le§x§F§C§9§0§5§C§ly from storage
[20:00:28] > Takeremu remove x10 §x§F§C§9§0§5§C§lE§x§E§6§9§C§6§B§lp§x§C§F§A§7§7§A§li§x§B§9§B§3§8§9§lc §x§8§C§C§B§A§7§lC§x§7§5§D§6§B§6§lr§x§5§F§E§2§C§5§la§x§7§9§D§4§B§4§lt§x§9§3§C§7§A§2§le §x§C§8§A§B§7§F§lK§x§E§2§9§E§6§E§le§x§F§C§9§0§5§C§ly from storage
[20:00:32] > nachfaust buy x1 §f§l§x§8§A§0§0§F§FS§x§9§5§0§0§E§4h§x§A§0§0§0§C§9i§x§A§B§0§0§A§En§x§B§6§0§0§9§4e§x§C§1§0§0§7§9 §x§C§C§0§0§5§EO§x§D§7§0§0§4§3n§x§E§2§0§0§2§8i§x§E§D§0§0§0§D C§x§E§2§0§0§2§8h§x§D§7§0§0§4§3e§x§C§C§0§0§5§Es§x§C§1§0§0§7§9t§x§B§6§0§0§9§4p§x§A§B§0§0§A§El§x§A§0§0§0§C§9a§x§9§5§0§0§E§4t§x§8§A§0§0§F§Fe to ravencabansay for $2,800,000.
[20:00:37] > nachfaust remove x1 §f§l§x§8§A§0§0§F§FS§x§9§5§0§0§E§4h§x§A§0§0§0§C§9i§x§A§B§0§0§A§En§x§B§6§0§0§9§4e§x§C§1§0§0§7§9 §x§C§C§0§0§5§EO§x§D§7§0§0§4§3n§x§E§2§0§0§2§8i§x§E§D§0§0§0§D C§x§E§2§0§0§2§8h§x§D§7§0§0§4§3e§x§C§C§0§0§5§Es§x§C§1§0§0§7§9t§x§B§6§0§0§9§4p§x§A§B§0§0§A§El§x§A§0§0§0§C§9a§x§9§5§0§0§E§4t§x§8§A§0§0§F§Fe form buy
[20:01:00] > _Sutrix_ remove x1 §f§l§8B§x§6§3§6§3§6§3a§x§7§1§7§1§7§1h§x§8§0§8§0§8§0a§x§8§E§8§E§8§Em§x§9§C§9§C§9§Cu§7t§x§9§C§9§C§9§C §x§8§E§8§E§8§ES§x§8§0§8§0§8§0p§x§7§1§7§1§7§1e§x§6§3§6§3§6§3a§8r from storage
[20:01:12] > _Sutrix_ added x1 §f§l§8B§x§6§3§6§3§6§3a§x§7§1§7§1§7§1h§x§8§0§8§0§8§0a§x§8§E§8§E§8§Em§x§9§C§9§C§9§Cu§7t§x§9§C§9§C§9§C §x§8§E§8§E§8§ES§x§8§0§8§0§8§0p§x§7§1§7§1§7§1e§x§6§3§6§3§6§3a§8r in auction for 1800000.
[20:01:22] > Takeremu added x26 §x§F§C§9§0§5§C§lE§x§E§6§9§C§6§B§lp§x§C§F§A§7§7§A§li§x§B§9§B§3§8§9§lc §x§8§C§C§B§A§7§lC§x§7§5§D§6§B§6§lr§x§5§F§E§2§C§5§la§x§7§9§D§4§B§4§lt§x§9§3§C§7§A§2§le §x§C§8§A§B§7§F§lK§x§E§2§9§E§6§E§le§x§F§C§9§0§5§C§ly in auction for 1040000.
[20:01:46] > Takeremu added x6 §x§C§9§A§7§F§C§lL§x§B§D§A§E§F§6§le§x§B§1§B§4§F§0§lg§x§A§6§B§B§E§A§le§x§9§A§C§1§E§4§ln§x§8§E§C§8§D§D§ld§x§8§2§C§E§D§7§la§x§7§7§D§5§D§1§lr§x§6§B§D§B§C§B§ly §x§6§B§D§B§C§B§lC§x§7§7§D§5§D§1§lr§x§8§2§C§E§D§7§la§x§8§E§C§8§D§D§lt§x§9§A§C§1§E§4§le §x§B§1§B§4§F§0§lK§x§B§D§A§E§F§6§le§x§C§9§A§7§F§C§ly in auction for 300000.
[20:01:49] > RebornKimmy buy x6 §x§C§9§A§7§F§C§lL§x§B§D§A§E§F§6§le§x§B§1§B§4§F§0§lg§x§A§6§B§B§E§A§le§x§9§A§C§1§E§4§ln§x§8§E§C§8§D§D§ld§x§8§2§C§E§D§7§la§x§7§7§D§5§D§1§lr§x§6§B§D§B§C§B§ly §x§6§B§D§B§C§B§lC§x§7§7§D§5§D§1§lr§x§8§2§C§E§D§7§la§x§8§E§C§8§D§D§lt§x§9§A§C§1§E§4§le §x§B§1§B§4§F§0§lK§x§B§D§A§E§F§6§le§x§C§9§A§7§F§C§ly to Takeremu for $300,000.
[20:01:57] > Takeremu added x10 §x§F§C§D§0§5§C§lB§x§E§6§D§3§6§B§la§x§C§F§D§5§7§A§ls§x§B§9§D§8§8§9§li§x§A§2§D§A§9§8§lc §x§7§5§D§F§B§6§lC§x§5§F§E§2§C§5§lr§x§7§5§D§F§B§6§la§x§8§C§D§D§A§7§lt§x§A§2§D§A§9§8§le §x§C§F§D§5§7§A§lK§x§E§6§D§3§6§B§le§x§F§C§D§0§5§C§ly in auction for 100000.
[20:02:09] > RizzaIck added x1 §f§l§x§8§A§0§0§F§FS§x§9§8§0§0§D§Dh§x§A§6§0§0§B§Bi§x§B§4§0§0§9§9n§x§C§2§0§0§7§7e§x§D§0§0§0§5§5 §x§D§E§0§0§3§3O§x§E§C§0§0§1§1ni§x§D§E§0§0§3§3 §x§D§0§0§0§5§5S§x§C§2§0§0§7§7i§x§B§4§0§0§9§9c§x§A§6§0§0§B§Bk§x§9§8§0§0§D§Dl§x§8§A§0§0§F§Fe in auction for 1500000.
[20:03:00] > Takeremu added x8 §x§F§C§9§0§5§C§lE§x§E§6§9§C§6§B§lp§x§C§F§A§7§7§A§li§x§B§9§B§3§8§9§lc §x§8§C§C§B§A§7§lC§x§7§5§D§6§B§6§lr§x§5§F§E§2§C§5§la§x§7§9§D§4§B§4§lt§x§9§3§C§7§A§2§le §x§C§8§A§B§7§F§lK§x§E§2§9§E§6§E§le§x§F§C§9§0§5§C§ly in auction for 320000.
[20:03:23] > alecczzz remove x1 §fGuardian Plushie §6(#43/101) from storage
[20:03:26] > Ninjaphoenix231 added x1 §x§F§F§5§5§0§0§lsᴇʟʟᴡᴀɴᴅ §6- 5.0x in auction for 500.
[20:03:27] > cart224 added x1 §f§l§x§F§C§D§0§5§CW§x§F§B§B§6§5§1u§x§F§A§9§C§4§5k§x§F§9§8§2§3§Ao§x§F§8§6§8§2§En§x§F§6§4§E§2§3g§x§F§5§3§4§1§7 §x§F§4§1§A§0§CG§x§F§3§0§0§0§0r§x§F§4§1§A§0§Ce§x§F§5§3§4§1§7a§x§F§6§4§E§2§3t§x§F§8§6§8§2§Es§x§F§9§8§2§3§Aw§x§F§A§9§C§4§5o§x§F§B§B§6§5§1r§x§F§C§D§0§5§Cd in auction for 1000000.
[20:03:30] > RebornKimmy buy x1 §x§F§F§5§5§0§0§lsᴇʟʟᴡᴀɴᴅ §6- 5.0x to Ninjaphoenix231 for $500.
[20:03:41] > alecczzz added x1 §fGuardian Plushie §6(#43/101) in auction for 100000.
[20:05:21] > imnectarfr added x1 Witch Spawner in auction for 1000000.
[20:05:26] > RebornKimmy buy x1 Witch Spawner to imnectarfr for $1,000,000.
[20:07:16] > BlINDSTEELS added x1 §c§lPower stick v2 in auction for 67676767676767.
[20:07:34] > RizzaIck added x1 §x§F§F§7§C§0§0§lSteamsparks Hoe in auction for 100000.
[20:07:42] > BlINDSTEELS remove x1 §c§lPower stick v2 from storage
[20:07:47] > mae added x1 §c§lPower stick v2 in auction for 999999999999999.
[20:08:21] > azuyeca buy x1 §f§l§x§8§A§0§0§F§FS§x§9§8§0§0§D§Dh§x§A§6§0§0§B§Bi§x§B§4§0§0§9§9n§x§C§2§0§0§7§7e§x§D§0§0§0§5§5 §x§D§E§0§0§3§3O§x§E§C§0§0§1§1ni§x§D§E§0§0§3§3 §x§D§0§0§0§5§5S§x§C§2§0§0§7§7i§x§B§4§0§0§9§9c§x§A§6§0§0§B§Bk§x§9§8§0§0§D§Dl§x§8§A§0§0§F§Fe to RizzaIck for $1,500,000.
[20:08:29] > azuyeca remove x1 §f§l§x§8§A§0§0§F§FS§x§9§8§0§0§D§Dh§x§A§6§0§0§B§Bi§x§B§4§0§0§9§9n§x§C§2§0§0§7§7e§x§D§0§0§0§5§5 §x§D§E§0§0§3§3O§x§E§C§0§0§1§1ni§x§D§E§0§0§3§3 §x§D§0§0§0§5§5S§x§C§2§0§0§7§7i§x§B§4§0§0§9§9c§x§A§6§0§0§B§Bk§x§9§8§0§0§D§Dl§x§8§A§0§0§F§Fe from buy
[20:08:41] > Ninjaphoenix231 added x5 §x§F§C§9§0§5§C§lE§x§E§6§9§C§6§B§lp§x§C§F§A§7§7§A§li§x§B§9§B§3§8§9§lc §x§8§C§C§B§A§7§lC§x§7§5§D§6§B§6§lr§x§5§F§E§2§C§5§la§x§7§9§D§4§B§4§lt§x§9§3§C§7§A§2§le §x§C§8§A§B§7§F§lK§x§E§2§9§E§6§E§le§x§F§C§9§0§5§C§ly in auction for 6400.
[20:08:46] > Trapers1 buy x5 §x§F§C§9§0§5§C§lE§x§E§6§9§C§6§B§lp§x§C§F§A§7§7§A§li§x§B§9§B§3§8§9§lc §x§8§C§C§B§A§7§lC§x§7§5§D§6§B§6§lr§x§5§F§E§2§C§5§la§x§7§9§D§4§B§4§lt§x§9§3§C§7§A§2§le §x§C§8§A§B§7§F§lK§x§E§2§9§E§6§E§le§x§F§C§9§0§5§C§ly to Ninjaphoenix231 for $6,400.
[20:08:47] > Kodakoda added x1 Beating stick in auction for 6767670.
[20:09:03] > Trapers1 remove x5 §x§F§C§9§0§5§C§lE§x§E§6§9§C§6§B§lp§x§C§F§A§7§7§A§li§x§B§9§B§3§8§9§lc §x§8§C§C§B§A§7§lC§x§7§5§D§6§B§6§lr§x§5§F§E§2§C§5§la§x§7§9§D§4§B§4§lt§x§9§3§C§7§A§2§le §x§C§8§A§B§7§F§lK§x§E§2§9§E§6§E§le§x§F§C§9§0§5§C§ly form buy
[20:10:22] > Fogstrap added x1 §f§l§x§8§A§0§0§F§FS§x§9§5§0§0§E§4h§x§A§0§0§0§C§9i§x§A§B§0§0§A§En§x§B§6§0§0§9§4e§x§C§1§0§0§7§9 §x§C§C§0§0§5§EO§x§D§7§0§0§4§3n§x§E§2§0§0§2§8i§x§E§D§0§0§0§D C§x§E§2§0§0§2§8h§x§D§7§0§0§4§3e§x§C§C§0§0§5§Es§x§C§1§0§0§7§9t§x§B§6§0§0§9§4p§x§A§B§0§0§A§El§x§A§0§0§0§C§9a§x§9§5§0§0§E§4t§x§8§A§0§0§F§Fe in auction for 3500000.
[20:10:50] > x1 §fMushroom Hat on sale by R3L1CZzzz has just expired, it goes in the inventory of expired items.
[20:10:56] > .JoshuaCraft9422 added x1 §x§C§9§A§7§F§C§lL§x§B§D§A§E§F§6§le§x§B§1§B§4§F§0§lg§x§A§6§B§B§E§A§le§x§9§A§C§1§E§4§ln§x§8§E§C§8§D§D§ld§x§8§2§C§E§D§7§la§x§7§7§D§5§D§1§lr§x§6§B§D§B§C§B§ly §x§6§B§D§B§C§B§lC§x§7§7§D§5§D§1§lr§x§8§2§C§E§D§7§la§x§8§E§C§8§D§D§lt§x§9§A§C§1§E§4§le §x§B§1§B§4§F§0§lK§x§B§D§A§E§F§6§le§x§C§9§A§7§F§C§ly in auction for 80000.
[20:11:10] > ace buy x1 §x§C§9§A§7§F§C§lL§x§B§D§A§E§F§6§le§x§B§1§B§4§F§0§lg§x§A§6§B§B§E§A§le§x§9§A§C§1§E§4§ln§x§8§E§C§8§D§D§ld§x§8§2§C§E§D§7§la§x§7§7§D§5§D§1§lr§x§6§B§D§B§C§B§ly §x§6§B§D§B§C§B§lC§x§7§7§D§5§D§1§lr§x§8§2§C§E§D§7§la§x§8§E§C§8§D§D§lt§x§9§A§C§1§E§4§le §x§B§1§B§4§F§0§lK§x§B§D§A§E§F§6§le§x§C§9§A§7§F§C§ly to .JoshuaCraft9422 for $80,000.
[20:11:33] > .JoshuaCraft9422 added x1 §x§E§5§1§B§1§B§lDracula Wings in auction for 300000.
[20:11:38] > nachfaust buy x1 §x§E§5§1§B§1§B§lDracula Wings to .JoshuaCraft9422 for $300,000.
[20:11:51] > Takeremu remove x1 §f§l§x§F§C§D§0§5§CW§x§F§A§A§2§4§8u§x§F§8§7§4§3§3k§x§F§6§4§5§1§Fo§x§F§4§1§7§0§Ang§x§F§6§4§5§1§F §x§F§8§7§4§3§3K§x§F§A§A§2§4§8e§x§F§C§D§0§5§Cy from storage
[20:11:53] > nachfaust remove x1 §x§E§5§1§B§1§B§lDracula Wings from buy
[20:11:58] > Takeremu added x1 §f§l§x§F§C§D§0§5§CW§x§F§A§A§2§4§8u§x§F§8§7§4§3§3k§x§F§6§4§5§1§Fo§x§F§4§1§7§0§Ang§x§F§6§4§5§1§F §x§F§8§7§4§3§3K§x§F§A§A§2§4§8e§x§F§C§D§0§5§Cy in auction for 200000.
[20:12:03] > Trapers1 buy x1 §f§l§x§F§C§D§0§5§CW§x§F§A§A§2§4§8u§x§F§8§7§4§3§3k§x§F§6§4§5§1§Fo§x§F§4§1§7§0§Ang§x§F§6§4§5§1§F §x§F§8§7§4§3§3K§x§F§A§A§2§4§8e§x§F§C§D§0§5§Cy to Takeremu for $200,000.
[20:12:10] > Trapers1 remove x1 §f§l§x§F§C§D§0§5§CW§x§F§A§A§2§4§8u§x§F§8§7§4§3§3k§x§F§6§4§5§1§Fo§x§F§4§1§7§0§Ang§x§F§6§4§5§1§F §x§F§8§7§4§3§3K§x§F§A§A§2§4§8e§x§F§C§D§0§5§Cy form buy
[20:12:10] > mae remove x1 §c§lPower stick v2 from storage
[20:12:24] > x1 §fTrader Llama Plushie §6(#87/101) on sale by Johng10910 has just expired, it goes in the inventory of expired items.
[20:12:24] > .JoshuaCraft9422 added x1 §x§E§5§1§B§1§B§lDracula Shovel in auction for 200000.
[20:13:10] > micailatot remove x1 §f§l§x§8§A§0§0§F§FS§x§9§6§0§0§E§3h§x§A§1§0§0§C§6i§x§A§D§0§0§A§An§x§B§9§0§0§8§Ee§x§C§4§0§0§7§1 §x§D§0§0§0§5§5O§x§D§C§0§0§3§9n§x§E§7§0§0§1§Ci§x§F§3§0§0§0§0 §x§E§7§0§0§1§CB§x§D§C§0§0§3§9i§x§D§0§0§0§5§5g§x§C§4§0§0§7§1 §x§B§9§0§0§8§ES§x§A§D§0§0§A§Aw§x§A§1§0§0§C§6o§x§9§6§0§0§E§3r§x§8§A§0§0§F§Fd from storage
[20:13:44] > Trapers1 added x1 §f§l§x§F§C§D§0§5§CW§x§F§B§A§D§4§Du§x§F§9§8§B§3§Dk§x§F§8§6§8§2§Eo§x§F§6§4§5§1§Fn§x§F§5§2§3§0§Fg§x§F§3§0§0§0§0 §x§F§5§2§3§0§FD§x§F§6§4§5§1§Fa§x§F§8§6§8§2§Eg§x§F§9§8§B§3§Dg§x§F§B§A§D§4§De§x§F§C§D§0§5§Cr in auction for 1000000.
[20:14:34] > mae added x1 §c§lPower stick v2 in auction for 676767676767676.
[20:15:49] > ace added x1 Black Bean Fish [ SNOOP THANG ] in auction for 999.
[20:16:05] > azuyeca buy x1 Black Bean Fish [ SNOOP THANG ] to ace for $999.
[20:16:11] > _Sutrix_ remove x1 §f§l§8B§x§6§3§6§3§6§3a§x§7§1§7§1§7§1h§x§8§0§8§0§8§0a§x§8§E§8§E§8§Em§x§9§C§9§C§9§Cu§7t§x§9§C§9§C§9§C §x§8§E§8§E§8§ES§x§8§0§8§0§8§0p§x§7§1§7§1§7§1e§x§6§3§6§3§6§3a§8r from storage
[20:16:12] > azuyeca remove x1 Black Bean Fish [ SNOOP THANG ] from buy
[20:16:16] > Trapers1 remove x1 §x§F§F§7§C§0§0§lSteamsparks Staff form storage
[20:16:16] > Trapers1 remove x1 §f§l§x§F§C§D§0§5§CW§x§F§B§C§1§5§5u§x§F§B§B§2§4§Fk§x§F§A§A§3§4§8o§x§F§9§9§5§4§2n§x§F§9§8§6§3§Bg§x§F§8§7§7§3§5 §x§F§8§6§8§2§EL§x§F§7§5§9§2§7e§x§F§6§4§A§2§1g§x§F§6§3§B§1§Ag§x§F§5§2§D§1§4i§x§F§4§1§E§0§Dn§x§F§4§0§F§0§7g§x§F§3§0§0§0§0s form storage
[20:16:16] > Trapers1 remove x1 §f§l§x§F§C§D§0§5§CW§x§F§B§A§D§4§Du§x§F§9§8§B§3§Dk§x§F§8§6§8§2§Eo§x§F§6§4§5§1§Fn§x§F§5§2§3§0§Fg§x§F§3§0§0§0§0 §x§F§5§2§3§0§FD§x§F§6§4§5§1§Fa§x§F§8§6§8§2§Eg§x§F§9§8§B§3§Dg§x§F§B§A§D§4§De§x§F§C§D§0§5§Cr form storage
[20:16:16] > Trapers1 remove x1 §x§E§5§1§B§1§B§lDracula Shield form storage
[20:16:23] > _Sutrix_ added x1 §f§l§8B§x§6§3§6§3§6§3a§x§7§1§7§1§7§1h§x§8§0§8§0§8§0a§x§8§E§8§E§8§Em§x§9§C§9§C§9§Cu§7t§x§9§C§9§C§9§C §x§8§E§8§E§8§ES§x§8§0§8§0§8§0p§x§7§1§7§1§7§1e§x§6§3§6§3§6§3a§8r in auction for 1500000.
[20:16:31] > Trapers1 added x1 §f§l§x§F§C§D§0§5§CW§x§F§B§C§1§5§5u§x§F§B§B§2§4§Fk§x§F§A§A§3§4§8o§x§F§9§9§5§4§2n§x§F§9§8§6§3§Bg§x§F§8§7§7§3§5 §x§F§8§6§8§2§EL§x§F§7§5§9§2§7e§x§F§6§4§A§2§1g§x§F§6§3§B§1§Ag§x§F§5§2§D§1§4i§x§F§4§1§E§0§Dn§x§F§4§0§F§0§7g§x§F§3§0§0§0§0s in auction for 500000.
[20:16:31] > ace remove x1 §x§C§9§A§7§F§C§lL§x§B§D§A§E§F§6§le§x§B§1§B§4§F§0§lg§x§A§6§B§B§E§A§le§x§9§A§C§1§E§4§ln§x§8§E§C§8§D§D§ld§x§8§2§C§E§D§7§la§x§7§7§D§5§D§1§lr§x§6§B§D§B§C§B§ly §x§6§B§D§B§C§B§lC§x§7§7§D§5§D§1§lr§x§8§2§C§E§D§7§la§x§8§E§C§8§D§D§lt§x§9§A§C§1§E§4§le §x§B§1§B§4§F§0§lK§x§B§D§A§E§F§6§le§x§C§9§A§7§F§C§ly from buy
[20:16:44] > Trapers1 added x1 §x§E§5§1§B§1§B§lDracula Shield in auction for 200000.
[20:17:46] > Trapers1 added x1 §x§E§5§1§B§1§B§lDracula Shovel in auction for 250000.
[20:17:46] > ace added x1 §x§C§9§A§7§F§C§lL§x§B§D§A§E§F§6§le§x§B§1§B§4§F§0§lg§x§A§6§B§B§E§A§le§x§9§A§C§1§E§4§ln§x§8§E§C§8§D§D§ld§x§8§2§C§E§D§7§la§x§7§7§D§5§D§1§lr§x§6§B§D§B§C§B§ly §x§6§B§D§B§C§B§lC§x§7§7§D§5§D§1§lr§x§8§2§C§E§D§7§la§x§8§E§C§8§D§D§lt§x§9§A§C§1§E§4§le §x§B§1§B§4§F§0§lK§x§B§D§A§E§F§6§le§x§C§9§A§7§F§C§ly in auction for 50000.
[20:18:07] > .JoshuaCraft9422 buy x1 §x§C§9§A§7§F§C§lL§x§B§D§A§E§F§6§le§x§B§1§B§4§F§0§lg§x§A§6§B§B§E§A§le§x§9§A§C§1§E§4§ln§x§8§E§C§8§D§D§ld§x§8§2§C§E§D§7§la§x§7§7§D§5§D§1§lr§x§6§B§D§B§C§B§ly §x§6§B§D§B§C§B§lC§x§7§7§D§5§D§1§lr§x§8§2§C§E§D§7§la§x§8§E§C§8§D§D§lt§x§9§A§C§1§E§4§le §x§B§1§B§4§F§0§lK§x§B§D§A§E§F§6§le§x§C§9§A§7§F§C§ly to ace for $50,000.
[20:18:11] > Trapers1 added x1 §f§l§x§F§C§D§0§5§CW§x§F§B§A§D§4§Du§x§F§9§8§B§3§Dk§x§F§8§6§8§2§Eo§x§F§6§4§5§1§Fn§x§F§5§2§3§0§Fg§x§F§3§0§0§0§0 §x§F§5§2§3§0§FD§x§F§6§4§5§1§Fa§x§F§8§6§8§2§Eg§x§F§9§8§B§3§Dg§x§F§B§A§D§4§De§x§F§C§D§0§5§Cr in auction for 850000.
[20:18:19] > 8it5inn added x1 §x§E§5§1§B§1§B§lDracula Blade in auction for 150000.
[20:18:28] > Trapers1 added x1 §x§F§F§7§C§0§0§lSteamsparks Staff in auction for 200000.
[20:19:07] > ace added x1 §fRabbit Plushie §6(#69/101) in auction for 90000.
[20:19:11] > Fogstrap remove x1 §f§l§x§8§A§0§0§F§FS§x§9§5§0§0§E§4h§x§A§0§0§0§C§9i§x§A§B§0§0§A§En§x§B§6§0§0§9§4e§x§C§1§0§0§7§9 §x§C§C§0§0§5§EO§x§D§7§0§0§4§3n§x§E§2§0§0§2§8i§x§E§D§0§0§0§D C§x§E§2§0§0§2§8h§x§D§7§0§0§4§3e§x§C§C§0§0§5§Es§x§C§1§0§0§7§9t§x§B§6§0§0§9§4p§x§A§B§0§0§A§El§x§A§0§0§0§C§9a§x§9§5§0§0§E§4t§x§8§A§0§0§F§Fe form storage
[20:19:11] > Fogstrap remove x1 §x§F§F§3§E§0§0§lD§x§F§F§3§6§0§0§le§x§F§F§2§F§0§0§lm§x§F§F§2§7§0§0§lo§x§F§F§1§F§0§0§ln §x§F§F§1§0§0§0§lL§x§F§F§0§8§0§0§lo§x§F§F§0§0§0§0§lr§x§F§F§0§9§0§0§ld §x§F§F§1§B§0§0§lS§x§F§F§2§3§0§0§lt§x§F§F§2§C§0§0§la§x§F§F§3§5§0§0§lf§x§F§F§3§E§0§0§lf form storage
[20:19:43] > Fogstrap added x1 §f§l§x§8§A§0§0§F§FS§x§9§5§0§0§E§4h§x§A§0§0§0§C§9i§x§A§B§0§0§A§En§x§B§6§0§0§9§4e§x§C§1§0§0§7§9 §x§C§C§0§0§5§EO§x§D§7§0§0§4§3n§x§E§2§0§0§2§8i§x§E§D§0§0§0§D C§x§E§2§0§0§2§8h§x§D§7§0§0§4§3e§x§C§C§0§0§5§Es§x§C§1§0§0§7§9t§x§B§6§0§0§9§4p§x§A§B§0§0§A§El§x§A§0§0§0§C§9a§x§9§5§0§0§E§4t§x§8§A§0§0§F§Fe in auction for 3000000.
[20:20:14] > ace remove x1 §2Cauldron Hat from storage
[20:20:27] > ace added x1 §2Cauldron Hat in auction for 50000.
[20:20:28] > HwanYo buy x1 §fZombie Villager Plushie §6(#100/101) to _Sutrix_ for $250,000.
[20:21:07] > azuyeca buy x1 §x§F§F§5§5§0§0§lsᴇʟʟᴡᴀɴᴅ §6- 5.0x to _Sutrix_ for $600,000.
[20:21:12] > azuyeca remove x1 §x§F§F§5§5§0§0§lsᴇʟʟᴡᴀɴᴅ §6- 5.0x from buy
[20:21:13] > bombayto buy x1 §f§l§x§F§C§D§0§5§CW§x§F§A§A§2§4§8u§x§F§8§7§4§3§3k§x§F§6§4§5§1§Fo§x§F§4§1§7§0§Ang§x§F§6§4§5§1§F §x§F§8§7§4§3§3H§x§F§A§A§2§4§8a§x§F§C§D§0§5§Ct to Icon_Skully for $100,000.
[20:22:03] > bombayto buy x1 §x§F§F§7§C§0§0§lSteamsparks Hoe to RizzaIck for $100,000.
[20:27:47] > 8it5inn added x1 Shulker box in auction for 4500000.
[20:30:15] > Fogstrap remove x1 §f§l§x§8§A§0§0§F§FS§x§9§5§0§0§E§4h§x§A§0§0§0§C§9i§x§A§B§0§0§A§En§x§B§6§0§0§9§4e§x§C§1§0§0§7§9 §x§C§C§0§0§5§EO§x§D§7§0§0§4§3n§x§E§2§0§0§2§8i§x§E§D§0§0§0§D C§x§E§2§0§0§2§8h§x§D§7§0§0§4§3e§x§C§C§0§0§5§Es§x§C§1§0§0§7§9t§x§B§6§0§0§9§4p§x§A§B§0§0§A§El§x§A§0§0§0§C§9a§x§9§5§0§0§E§4t§x§8§A§0§0§F§Fe form storage
[20:30:29] > Fogstrap added x1 §f§l§x§8§A§0§0§F§FS§x§9§5§0§0§E§4h§x§A§0§0§0§C§9i§x§A§B§0§0§A§En§x§B§6§0§0§9§4e§x§C§1§0§0§7§9 §x§C§C§0§0§5§EO§x§D§7§0§0§4§3n§x§E§2§0§0§2§8i§x§E§D§0§0§0§D C§x§E§2§0§0§2§8h§x§D§7§0§0§4§3e§x§C§C§0§0§5§Es§x§C§1§0§0§7§9t§x§B§6§0§0§9§4p§x§A§B§0§0§A§El§x§A§0§0§0§C§9a§x§9§5§0§0§E§4t§x§8§A§0§0§F§Fe in auction for 2800000.
[20:34:24] > 8it5inn added x1 §f§l§8B§x§6§0§6§0§6§0a§x§6§C§6§C§6§Ch§x§7§7§7§7§7§7a§x§8§2§8§2§8§2m§x§8§E§8§E§8§Eu§x§9§9§9§9§9§9t§x§A§4§A§4§A§4 G§x§9§9§9§9§9§9a§x§8§E§8§E§8§Eu§x§8§2§8§2§8§2n§x§7§7§7§7§7§7t§x§6§C§6§C§6§Cl§x§6§0§6§0§6§0e§8t in auction for 200000.
[20:37:05] > 8it5inn remove x1 §x§E§5§1§B§1§B§lDracula Blade from storage
[20:37:15] > 8it5inn added x1 §x§E§5§1§B§1§B§lDracula Blade in auction for 100000.
[20:37:47] > Takeremu added x1 §e§lCrab Scale in auction for 20000.
[20:37:52] > RebornKimmy buy x1 §e§lCrab Scale to Takeremu for $20,000.
[20:37:58] > Takeremu added x1 §9§lCrab Claw in auction for 20000.
[20:38:04] > RebornKimmy buy x1 §9§lCrab Claw to Takeremu for $20,000.
[20:40:01] > Kodakoda remove x1 Beating stick from storage
[20:43:53] > RebornKimmy remove x1 §f§l§x§8§A§0§0§F§FS§x§9§5§0§0§E§4h§x§A§0§0§0§C§9i§x§A§B§0§0§A§En§x§B§6§0§0§9§4e§x§C§1§0§0§7§9 §x§C§C§0§0§5§EO§x§D§7§0§0§4§3n§x§E§2§0§0§2§8i§x§E§D§0§0§0§D C§x§E§2§0§0§2§8h§x§D§7§0§0§4§3e§x§C§C§0§0§5§Es§x§C§1§0§0§7§9t§x§B§6§0§0§9§4p§x§A§B§0§0§A§El§x§A§0§0§0§C§9a§x§9§5§0§0§E§4t§x§8§A§0§0§F§Fe from buy
[20:44:25] > ReKYee added x8 Silence armor trim smithing template in auction for 100000.
[20:45:04] > Takeremu added x1 §x§F§F§7§C§0§0§lSteamsparks Pickaxe in auction for 150000.
[20:45:15] > Takeremu added x1 §x§E§5§1§B§1§B§lDracula Halberd in auction for 100000.
[20:45:26] > Takeremu added x1 §x§E§5§1§B§1§B§lDracula Battleaxe in auction for 100000.
[20:46:04] > Takeremu added x1 §x§F§F§3§E§0§0§lD§x§F§F§3§5§0§0§le§x§F§F§2§C§0§0§lm§x§F§F§2§3§0§0§lo§x§F§F§1§B§0§0§ln §x§F§F§0§9§0§0§lL§x§F§F§0§0§0§0§lo§x§F§F§0§A§0§0§lr§x§F§F§1§5§0§0§ld §x§F§F§2§9§0§0§lH§x§F§F§3§4§0§0§lo§x§F§F§3§E§0§0§le in auction for 60000.
[20:46:08] > RebornKimmy buy x1 §x§F§F§3§E§0§0§lD§x§F§F§3§5§0§0§le§x§F§F§2§C§0§0§lm§x§F§F§2§3§0§0§lo§x§F§F§1§B§0§0§ln §x§F§F§0§9§0§0§lL§x§F§F§0§0§0§0§lo§x§F§F§0§A§0§0§lr§x§F§F§1§5§0§0§ld §x§F§F§2§9§0§0§lH§x§F§F§3§4§0§0§lo§x§F§F§3§E§0§0§le to Takeremu for $60,000.
[20:46:27] > .AppriXD buy x8 Silence armor trim smithing template to ReKYee for $100,000.
[20:46:37] > .AppriXD remove x8 Silence armor trim smithing template from buy
[20:49:05] > nachfaust remove x1 §x§F§F§3§E§0§0§lD§x§F§F§3§6§0§0§le§x§F§F§2§F§0§0§lm§x§F§F§2§7§0§0§lo§x§F§F§1§F§0§0§ln §x§F§F§1§0§0§0§lL§x§F§F§0§8§0§0§lo§x§F§F§0§0§0§0§lr§x§F§F§0§9§0§0§ld §x§F§F§1§B§0§0§lB§x§F§F§2§3§0§0§lo§x§F§F§2§C§0§0§lo§x§F§F§3§5§0§0§lt§x§F§F§3§E§0§0§ls from storage
[20:49:19] > nachfaust added x1 §x§F§F§3§E§0§0§lD§x§F§F§3§6§0§0§le§x§F§F§2§F§0§0§lm§x§F§F§2§7§0§0§lo§x§F§F§1§F§0§0§ln §x§F§F§1§0§0§0§lL§x§F§F§0§8§0§0§lo§x§F§F§0§0§0§0§lr§x§F§F§0§9§0§0§ld §x§F§F§1§B§0§0§lB§x§F§F§2§3§0§0§lo§x§F§F§2§C§0§0§lo§x§F§F§3§5§0§0§lt§x§F§F§3§E§0§0§ls in auction for 300000.
[20:49:43] > Jhanrex buy x1 §x§F§F§3§E§0§0§lD§x§F§F§3§6§0§0§le§x§F§F§2§F§0§0§lm§x§F§F§2§7§0§0§lo§x§F§F§1§F§0§0§ln §x§F§F§1§0§0§0§lL§x§F§F§0§8§0§0§lo§x§F§F§0§0§0§0§lr§x§F§F§0§9§0§0§ld §x§F§F§1§B§0§0§lB§x§F§F§2§3§0§0§lo§x§F§F§2§C§0§0§lo§x§F§F§3§5§0§0§lt§x§F§F§3§E§0§0§ls to nachfaust for $300,000.
[20:49:50] > Jhanrex remove x1 §x§F§F§3§E§0§0§lD§x§F§F§3§6§0§0§le§x§F§F§2§F§0§0§lm§x§F§F§2§7§0§0§lo§x§F§F§1§F§0§0§ln §x§F§F§1§0§0§0§lL§x§F§F§0§8§0§0§lo§x§F§F§0§0§0§0§lr§x§F§F§0§9§0§0§ld §x§F§F§1§B§0§0§lB§x§F§F§2§3§0§0§lo§x§F§F§2§C§0§0§lo§x§F§F§3§5§0§0§lt§x§F§F§3§E§0§0§ls from buy
[20:52:51] > .AppriXD buy x1 §f§l§x§8§A§0§0§F§FS§x§9§5§0§0§E§4h§x§A§0§0§0§C§9i§x§A§B§0§0§A§En§x§B§6§0§0§9§4e§x§C§1§0§0§7§9 §x§C§C§0§0§5§EO§x§D§7§0§0§4§3n§x§E§2§0§0§2§8i§x§E§D§0§0§0§D C§x§E§2§0§0§2§8h§x§D§7§0§0§4§3e§x§C§C§0§0§5§Es§x§C§1§0§0§7§9t§x§B§6§0§0§9§4p§x§A§B§0§0§A§El§x§A§0§0§0§C§9a§x§9§5§0§0§E§4t§x§8§A§0§0§F§Fe to Fogstrap for $2,800,000.
[20:53:21] > .AppriXD remove x1 §f§l§x§8§A§0§0§F§FS§x§9§5§0§0§E§4h§x§A§0§0§0§C§9i§x§A§B§0§0§A§En§x§B§6§0§0§9§4e§x§C§1§0§0§7§9 §x§C§C§0§0§5§EO§x§D§7§0§0§4§3n§x§E§2§0§0§2§8i§x§E§D§0§0§0§D C§x§E§2§0§0§2§8h§x§D§7§0§0§4§3e§x§C§C§0§0§5§Es§x§C§1§0§0§7§9t§x§B§6§0§0§9§4p§x§A§B§0§0§A§El§x§A§0§0§0§C§9a§x§9§5§0§0§E§4t§x§8§A§0§0§F§Fe from buy
[20:55:52] > .AppriXD buy x1 Spire armor trim smithing template to .JakeTheMiner457 for $80,000.
[20:55:57] > .AppriXD remove x1 Spire armor trim smithing template from buy
[20:56:28] > .AppriXD buy x43 Bone to .Whatyusaay for $5,000.
[20:57:08] > nachfaust added x1 §x§F§F§7§C§0§0§lSteamsparks Leggings in auction for 100000.
[20:58:06] > bombayto buy x1 §x§E§5§1§B§1§B§lDracula Staff to aznaaa for $90,000.
[20:58:16] > bombayto buy x1 §x§F§F§7§C§0§0§lSteamsparks Staff to auvicious for $200,000.
[20:58:17] > bombayto buy x1 §x§F§F§7§C§0§0§lSteamsparks Leggings to Torrr for $200,000.
[20:58:37] > bombayto buy x1 §x§F§F§7§C§0§0§lSteamsparks Axe to EnderDragon0120 for $225,000.
[20:59:07] > bombayto buy x1 §x§F§F§7§C§0§0§lSteamsparks Leggings to nachfaust for $100,000.
[20:59:13] > bombayto buy x1 §x§E§5§1§B§1§B§lDracula Shield to Trapers1 for $200,000.
[20:59:20] > bombayto remove x1 §x§E§5§1§B§1§B§lDracula Shield from buy
[20:59:20] > bombayto remove x1 §x§F§F§7§C§0§0§lSteamsparks Leggings from buy
[20:59:20] > bombayto remove x1 §x§E§5§1§B§1§B§lDracula Staff from buy
[20:59:20] > bombayto remove x1 §x§F§F§7§C§0§0§lSteamsparks Leggings from buy
[20:59:21] > bombayto remove x1 §x§F§F§7§C§0§0§lSteamsparks Axe from buy
[20:59:21] > bombayto remove x1 §x§F§F§7§C§0§0§lSteamsparks Hoe from buy
[20:59:21] > bombayto remove x1 §f§l§x§F§C§D§0§5§CW§x§F§A§A§2§4§8u§x§F§8§7§4§3§3k§x§F§6§4§5§1§Fo§x§F§4§1§7§0§Ang§x§F§6§4§5§1§F §x§F§8§7§4§3§3H§x§F§A§A§2§4§8a§x§F§C§D§0§5§Ct from buy
[20:59:21] > bombayto remove x1 §fRabbit Plushie (Black & White) §6(#71/101) from buy
[20:59:22] > bombayto remove x1 §x§F§F§7§C§0§0§lSteamsparks Staff from buy
[21:01:54] > Jhanrex buy x44 Breeze rod to Kaynn for $200,000.
[21:02:13] > Jhanrex buy x1 §f§l§8B§x§6§6§6§6§6§6a§x§7§7§7§7§7§7h§x§8§8§8§8§8§8a§x§9§9§9§9§9§9m§7u§x§9§9§9§9§9§9t§x§8§8§8§8§8§8 §x§7§7§7§7§7§7A§x§6§6§6§6§6§6x§8e to EnderDragon0120 for $700,000.
[21:02:42] > Jhanrex buy x1 §x§F§F§7§C§0§0§lSteamsparks Axe to _Sutrix_ for $150,000.
[21:04:02] > Seirione remove x1 Demon Items from storage
[21:04:02] > Jhanrex buy x1 §x§E§5§1§B§1§B§lDracula Blade to 8it5inn for $100,000.
[21:04:10] > Jhanrex buy x1 §x§F§F§7§C§0§0§lSteamsparks Pickaxe to Takeremu for $150,000.
[21:04:14] > Jhanrex buy x1 §x§E§5§1§B§1§B§lDracula Halberd to Takeremu for $100,000.
[21:04:16] > Seirione added x1 Demon Items in auction for 18000000.
[21:04:19] > Jhanrex buy x1 §x§E§5§1§B§1§B§lDracula Battleaxe to Takeremu for $100,000.
[21:04:25] > Jhanrex buy x1 §f§l§8B§x§6§0§6§0§6§0a§x§6§C§6§C§6§Ch§x§7§7§7§7§7§7a§x§8§2§8§2§8§2m§x§8§E§8§E§8§Eu§x§9§9§9§9§9§9t§x§A§4§A§4§A§4 G§x§9§9§9§9§9§9a§x§8§E§8§E§8§Eu§x§8§2§8§2§8§2n§x§7§7§7§7§7§7t§x§6§C§6§C§6§Cl§x§6§0§6§0§6§0e§8t to 8it5inn for $200,000.
[21:05:03] > Jhanrex buy x1 §x§F§F§7§C§0§0§lSteamsparks Staff to ELITEAtlas for $200,000.
[21:05:35] > magolek_09 remove x1 Diamond pickaxe from storage
[21:05:36] > magolek_09 remove x1 Diamond pickaxe from storage
[21:05:36] > magolek_09 remove x1 Diamond pickaxe from storage
[21:05:40] > Jhanrex buy x1 §x§E§5§1§B§1§B§lDracula Helmet to Johng10910 for $100,000.
[21:05:45] > Jhanrex buy x1 §x§F§F§7§C§0§0§lSteamsparks Staff to .VisedSauce5790 for $80,000.
[21:05:53] > Jhanrex buy x1 §x§E§5§1§B§1§B§lDracula Halberd to Julene for $135,000.
[21:06:03] > magolek_09 added x1 Diamond pickaxe in auction for 150000.
[21:06:04] > Jhanrex buy x1 §x§E§5§1§B§1§B§lDracula Staff to Kaynn for $100,000.
[21:06:16] > magolek_09 added x1 Diamond pickaxe in auction for 150000.
[21:06:26] > Jhanrex buy x1 §x§F§F§7§C§0§0§lSteamsparks Sword to Torrr for $150,000.
[21:06:28] > magolek_09 added x1 Diamond pickaxe in auction for 150000.
[21:08:40] > azuyeca buy x1 §f§l§x§8§A§0§0§F§FS§x§9§6§0§0§E§1h§x§A§3§0§0§C§3i§x§A§F§0§0§A§5n§x§B§B§0§0§8§7e§x§C§8§0§0§6§9 §x§D§4§0§0§4§BO§x§E§0§0§0§2§Dn§x§E§D§0§0§0§Fi §x§E§0§0§0§2§DL§x§D§4§0§0§4§Be§x§C§8§0§0§6§9g§x§B§B§0§0§8§7g§x§A§F§0§0§A§5i§x§A§3§0§0§C§3n§x§9§6§0§0§E§1g§x§8§A§0§0§F§Fs to anneyong for $4,000,000.
[21:08:47] > azuyeca remove x1 §f§l§x§8§A§0§0§F§FS§x§9§6§0§0§E§1h§x§A§3§0§0§C§3i§x§A§F§0§0§A§5n§x§B§B§0§0§8§7e§x§C§8§0§0§6§9 §x§D§4§0§0§4§BO§x§E§0§0§0§2§Dn§x§E§D§0§0§0§Fi §x§E§0§0§0§2§DL§x§D§4§0§0§4§Be§x§C§8§0§0§6§9g§x§B§B§0§0§8§7g§x§A§F§0§0§A§5i§x§A§3§0§0§C§3n§x§9§6§0§0§E§1g§x§8§A§0§0§F§Fs from buy
[21:09:22] > namerikangel added x1 §x§5§C§C§F§F§C§lC§x§5§C§D§1§F§5§lo§x§5§D§D§4§E§E§ls§x§5§D§D§6§E§7§lm§x§5§E§D§9§E§1§le§x§5§E§D§B§D§A§lt§x§5§E§D§D§D§3§li§x§5§F§E§0§C§C§lc §x§5§F§E§0§C§C§lH§x§5§E§D§D§D§3§la§x§5§E§D§B§D§A§lt§x§5§E§D§9§E§1§ls §x§5§D§D§4§E§E§lK§x§5§C§D§1§F§5§le§x§5§C§C§F§F§C§ly in auction for 50000.
[21:09:30] > kysicx added x1 §x§F§F§5§5§0§0§lsᴇʟʟᴡᴀɴᴅ §6- 5.0x in auction for 550000.
[21:09:34] > Chakuu added x1 §x§F§F§5§5§0§0§lsᴇʟʟᴡᴀɴᴅ §6- 5.0x in auction for 500000.
[21:09:44] > Zypher_0w0 buy x1 §x§F§F§5§5§0§0§lsᴇʟʟᴡᴀɴᴅ §6- 5.0x to Chakuu for $500,000.
[21:09:46] > Dentatsu added x1 §x§F§F§5§5§0§0§lsᴇʟʟᴡᴀɴᴅ §6- 5.0x in auction for 300000.
[21:09:50] > Zypher_0w0 buy x1 §x§F§F§5§5§0§0§lsᴇʟʟᴡᴀɴᴅ §6- 5.0x to Dentatsu for $300,000.
[21:09:55] > Fogstrap added x1 §x§F§F§5§5§0§0§lsᴇʟʟᴡᴀɴᴅ §6- 5.0x in auction for 400000.
[21:09:59] > Dentatsu added x1 §x§F§F§5§5§0§0§lsᴇʟʟᴡᴀɴᴅ §6- 10.0x in auction for 1250000.
[21:10:06] > lorxie buy x1 §x§F§F§5§5§0§0§lsᴇʟʟᴡᴀɴᴅ §6- 10.0x to Dentatsu for $1,250,000.
[21:10:06] > 8it5inn added x1 §x§F§F§5§5§0§0§lsᴇʟʟᴡᴀɴᴅ §6- 5.0x in auction for 500000.
[21:10:18] > Jhanrex remove x1 §x§E§5§1§B§1§B§lDracula Battleaxe from buy
[21:10:18] > Jhanrex remove x1 §x§E§5§1§B§1§B§lDracula Halberd from buy
[21:10:19] > Jhanrex remove x1 §x§E§5§1§B§1§B§lDracula Blade from buy
[21:10:19] > Jhanrex remove x1 §f§l§8B§x§6§6§6§6§6§6a§x§7§7§7§7§7§7h§x§8§8§8§8§8§8a§x§9§9§9§9§9§9m§7u§x§9§9§9§9§9§9t§x§8§8§8§8§8§8 §x§7§7§7§7§7§7A§x§6§6§6§6§6§6x§8e from buy
[21:10:19] > Jhanrex remove x1 §x§F§F§7§C§0§0§lSteamsparks Axe from buy
[21:10:19] > Jhanrex remove x1 §x§F§F§7§C§0§0§lSteamsparks Pickaxe from buy
[21:10:19] > 8it5inn added x1 §f§l§8B§x§6§6§6§6§6§6a§x§7§7§7§7§7§7h§x§8§8§8§8§8§8a§x§9§9§9§9§9§9m§7u§x§9§9§9§9§9§9t§x§8§8§8§8§8§8 §x§7§7§7§7§7§7K§x§6§6§6§6§6§6e§8y in auction for 1000000.
[21:10:20] > Jhanrex remove x44 Breeze rod from buy
[21:10:20] > Jhanrex remove x1 §x§F§F§7§C§0§0§lSteamsparks Staff from buy
[21:10:20] > Jhanrex remove x1 §x§F§F§7§C§0§0§lSteamsparks Sword from buy
[21:10:21] > Jhanrex remove x1 §x§E§5§1§B§1§B§lDracula Halberd from buy
[21:10:21] > Jhanrex remove x1 §f§l§8B§x§6§0§6§0§6§0a§x§6§C§6§C§6§Ch§x§7§7§7§7§7§7a§x§8§2§8§2§8§2m§x§8§E§8§E§8§Eu§x§9§9§9§9§9§9t§x§A§4§A§4§A§4 G§x§9§9§9§9§9§9a§x§8§E§8§E§8§Eu§x§8§2§8§2§8§2n§x§7§7§7§7§7§7t§x§6§C§6§C§6§Cl§x§6§0§6§0§6§0e§8t from buy
[21:10:21] > Jhanrex remove x1 §x§F§F§7§C§0§0§lSteamsparks Staff from buy
[21:10:22] > Jhanrex remove x1 §x§E§5§1§B§1§B§lDracula Helmet from buy
[21:10:23] > Jhanrex remove x1 §x§E§5§1§B§1§B§lDracula Staff from buy
[21:10:34] > Kodakoda buy x1 §f§l§8B§x§6§6§6§6§6§6a§x§7§7§7§7§7§7h§x§8§8§8§8§8§8a§x§9§9§9§9§9§9m§7u§x§9§9§9§9§9§9t§x§8§8§8§8§8§8 §x§7§7§7§7§7§7K§x§6§6§6§6§6§6e§8y to 8it5inn for $1,000,000.
[21:10:40] > azuyeca buy x1 §x§F§F§5§5§0§0§lsᴇʟʟᴡᴀɴᴅ §6- 5.0x to Fogstrap for $400,000.
[21:10:41] > Kodakoda remove x1 §f§l§8B§x§6§6§6§6§6§6a§x§7§7§7§7§7§7h§x§8§8§8§8§8§8a§x§9§9§9§9§9§9m§7u§x§9§9§9§9§9§9t§x§8§8§8§8§8§8 §x§7§7§7§7§7§7K§x§6§6§6§6§6§6e§8y from buy
[21:10:47] > lorxie remove x1 §x§F§F§5§5§0§0§lsᴇʟʟᴡᴀɴᴅ §6- 10.0x from buy
[21:11:35] > Jhanrex buy x1 §x§E§5§1§B§1§B§lDracula Sword to Julene for $175,900.
[21:11:45] > Kodakoda added x1 §f§l§8B§x§6§6§6§6§6§6a§x§7§7§7§7§7§7h§x§8§8§8§8§8§8a§x§9§9§9§9§9§9m§7u§x§9§9§9§9§9§9t§x§8§8§8§8§8§8 §x§7§7§7§7§7§7H§x§6§6§6§6§6§6a§8t in auction for 200000.
[21:11:52] > Jhanrex buy x1 §x§E§5§1§B§1§B§lDracula Bow to EnderDragon0120 for $200,000.
[21:11:54] > Dentatsu buy x1 §f§l§8B§x§6§6§6§6§6§6a§x§7§7§7§7§7§7h§x§8§8§8§8§8§8a§x§9§9§9§9§9§9m§7u§x§9§9§9§9§9§9t§x§8§8§8§8§8§8 §x§7§7§7§7§7§7H§x§6§6§6§6§6§6a§8t to Kodakoda for $200,000.
[21:12:06] > Jhanrex buy x1 §x§E§5§1§B§1§B§lDracula Hoe to auvicious for $100,000.
[21:14:21] > 8it5inn added x1 Pamalo sa bata in auction for 939293129312796124.
[21:15:51] > .jacindiii buy x3 §x§5§C§C§F§F§C§lC§x§5§C§D§1§F§5§lo§x§5§D§D§4§E§E§ls§x§5§D§D§6§E§7§lm§x§5§E§D§9§E§1§le§x§5§E§D§B§D§A§lt§x§5§E§D§D§D§3§li§x§5§F§E§0§C§C§lc §x§5§F§E§0§C§C§lH§x§5§E§D§D§D§3§la§x§5§E§D§B§D§A§lt§x§5§E§D§9§E§1§ls §x§5§D§D§4§E§E§lK§x§5§C§D§1§F§5§le§x§5§C§C§F§F§C§ly to Zypher_0w0 for $150,000.
[21:16:13] > 8it5inn remove x1 §x§F§F§5§5§0§0§lsᴇʟʟᴡᴀɴᴅ §6- 5.0x from storage
[21:16:22] > 8it5inn added x1 §x§F§F§5§5§0§0§lsᴇʟʟᴡᴀɴᴅ §6- 5.0x in auction for 325000.
[21:16:25] > Enyara buy x1 §x§F§F§5§5§0§0§lsᴇʟʟᴡᴀɴᴅ §6- 5.0x to 8it5inn for $325,000.
[21:16:25] > bombayto buy x10 §x§F§C§D§0§5§C§lB§x§E§6§D§3§6§B§la§x§C§F§D§5§7§A§ls§x§B§9§D§8§8§9§li§x§A§2§D§A§9§8§lc §x§7§5§D§F§B§6§lC§x§5§F§E§2§C§5§lr§x§7§5§D§F§B§6§la§x§8§C§D§D§A§7§lt§x§A§2§D§A§9§8§le §x§C§F§D§5§7§A§lK§x§E§6§D§3§6§B§le§x§F§C§D§0§5§C§ly to Takeremu for $100,000.
[21:16:34] > 8it5inn remove x1 Shulker box from storage
[21:16:37] > .jacindiii buy x1 §x§5§C§C§F§F§C§lC§x§5§C§D§1§F§5§lo§x§5§D§D§4§E§E§ls§x§5§D§D§6§E§7§lm§x§5§E§D§9§E§1§le§x§5§E§D§B§D§A§lt§x§5§E§D§D§D§3§li§x§5§F§E§0§C§C§lc §x§5§F§E§0§C§C§lH§x§5§E§D§D§D§3§la§x§5§E§D§B§D§A§lt§x§5§E§D§9§E§1§ls §x§5§D§D§4§E§E§lK§x§5§C§D§1§F§5§le§x§5§C§C§F§F§C§ly to namerikangel for $50,000.
[21:16:39] > dazchlo buy x1 Enchanted book to mae for $5,000.
[21:16:41] > 8it5inn added x1 Shulker box in auction for 3500000.
[21:17:10] > Enyara remove x1 §x§F§F§5§5§0§0§lsᴇʟʟᴡᴀɴᴅ §6- 5.0x from buy
[21:17:19] > Enyara added x1 §x§F§F§5§5§0§0§lsᴇʟʟᴡᴀɴᴅ §6- 5.0x in auction for 400000.
[21:17:23] > Takeremu buy x1 §x§F§F§5§5§0§0§lsᴇʟʟᴡᴀɴᴅ §6- 5.0x to Enyara for $400,000.
[21:17:37] > blezzinglighto added x1 §fMedieval Hat in auction for 30000.
[21:18:25] > ZenNova_ buy x64 Diamond to ace for $125,000.
[21:19:08] > dazchlo remove x1 Enchanted book from buy
[21:19:08] > dazchlo remove x1 Enchanted book from buy
[21:19:33] > Fogstrap added x1 §x§F§F§3§E§0§0§lD§x§F§F§3§6§0§0§le§x§F§F§2§F§0§0§lm§x§F§F§2§7§0§0§lo§x§F§F§1§F§0§0§ln §x§F§F§1§0§0§0§lL§x§F§F§0§8§0§0§lo§x§F§F§0§0§0§0§lr§x§F§F§0§9§0§0§ld §x§F§F§1§B§0§0§lS§x§F§F§2§3§0§0§lt§x§F§F§2§C§0§0§la§x§F§F§3§5§0§0§lf§x§F§F§3§E§0§0§lf in auction for 500000.
[21:20:08] > ZenNova_ buy x64 Packed ice to .Whatyusaay for $10,000.
[21:20:15] > ZenNova_ buy x64 Packed ice to .Whatyusaay for $10,000.
[21:20:43] > ZenNova_ buy x64 Cooked porkchop to Zyphie for $50,000.
[21:20:55] > ZenNova_ buy x64 Cooked porkchop to Zyphie for $50,000.
[21:21:20] > .AppriXD buy x1 §f§l§x§8§A§0§0§F§FS§x§9§6§0§0§E§3h§x§A§1§0§0§C§6i§x§A§D§0§0§A§An§x§B§9§0§0§8§Ee§x§C§4§0§0§7§1 §x§D§0§0§0§5§5O§x§D§C§0§0§3§9n§x§E§7§0§0§1§Ci§x§F§3§0§0§0§0 §x§E§7§0§0§1§CB§x§D§C§0§0§3§9i§x§D§0§0§0§5§5g§x§C§4§0§0§7§1 §x§B§9§0§0§8§ES§x§A§D§0§0§A§Aw§x§A§1§0§0§C§6o§x§9§6§0§0§E§3r§x§8§A§0§0§F§Fd to YchannR for $1,900,000.
[21:21:25] > .AppriXD remove x43 Bone from buy
[21:21:26] > .AppriXD remove x1 §f§l§x§8§A§0§0§F§FS§x§9§6§0§0§E§3h§x§A§1§0§0§C§6i§x§A§D§0§0§A§An§x§B§9§0§0§8§Ee§x§C§4§0§0§7§1 §x§D§0§0§0§5§5O§x§D§C§0§0§3§9n§x§E§7§0§0§1§Ci§x§F§3§0§0§0§0 §x§E§7§0§0§1§CB§x§D§C§0§0§3§9i§x§D§0§0§0§5§5g§x§C§4§0§0§7§1 §x§B§9§0§0§8§ES§x§A§D§0§0§A§Aw§x§A§1§0§0§C§6o§x§9§6§0§0§E§3r§x§8§A§0§0§F§Fd from buy
[21:21:33] > ZenNova_ buy x64 Cooked porkchop to Zyphie for $50,000.
[21:22:07] > ZenNova_ buy x3 Sentry armor trim smithing template to .JakeTheMiner457 for $140,000.
[21:22:27] > ZenNova_ buy x1 §f§bRavager Plushie §6(#76/101) to Ryzxc for $120,000.
[21:22:32] > ZenNova_ remove x64 Diamond from buy
[21:22:32] > ZenNova_ remove x64 Packed ice from buy
[21:22:32] > ZenNova_ remove x64 Packed ice from buy
[21:22:32] > ZenNova_ remove x64 Cooked porkchop from buy
[21:22:33] > ZenNova_ remove x64 Cooked porkchop from buy
[21:22:33] > ZenNova_ remove x64 Cooked porkchop from buy
[21:22:33] > ZenNova_ remove x3 Sentry armor trim smithing template from buy
[21:22:33] > ZenNova_ remove x1 §f§bRavager Plushie §6(#76/101) from buy
[21:35:51] > Panda_Nooba added x5 §x§F§C§D§0§5§C§lB§x§E§6§D§3§6§B§la§x§C§F§D§5§7§A§ls§x§B§9§D§8§8§9§li§x§A§2§D§A§9§8§lc §x§7§5§D§F§B§6§lC§x§5§F§E§2§C§5§lr§x§7§5§D§F§B§6§la§x§8§C§D§D§A§7§lt§x§A§2§D§A§9§8§le §x§C§F§D§5§7§A§lK§x§E§6§D§3§6§B§le§x§F§C§D§0§5§C§ly in auction for 50000.
[21:36:03] > bombayto buy x5 §x§F§C§D§0§5§C§lB§x§E§6§D§3§6§B§la§x§C§F§D§5§7§A§ls§x§B§9§D§8§8§9§li§x§A§2§D§A§9§8§lc §x§7§5§D§F§B§6§lC§x§5§F§E§2§C§5§lr§x§7§5§D§F§B§6§la§x§8§C§D§D§A§7§lt§x§A§2§D§A§9§8§le §x§C§F§D§5§7§A§lK§x§E§6§D§3§6§B§le§x§F§C§D§0§5§C§ly to Panda_Nooba for $50,000.
[21:36:19] > topaz buy x1 §fMedieval Hat to blezzinglighto for $30,000.
[21:36:26] > topaz remove x1 §fMedieval Hat from buy
[21:37:50] > aznaaa added x1 §f§l§x§8§A§0§0§F§FS§x§9§9§0§0§D§Bh§x§A§8§0§0§B§6i§x§B§7§0§0§9§2n§x§C§6§0§0§6§De§x§D§5§0§0§4§9 §x§E§4§0§0§2§4O§x§F§3§0§0§0§0n§x§E§4§0§0§2§4i§x§D§5§0§0§4§9 §x§C§6§0§0§6§DB§x§B§7§0§0§9§2o§x§A§8§0§0§B§6o§x§9§9§0§0§D§Bt§x§8§A§0§0§F§Fs in auction for 5000000.
[21:38:39] > Panda_Nooba added x1 §fParrot Plushie (Green) §6(#61/101) in auction for 5000.
[21:38:45] > .AppriXD buy x1 §fParrot Plushie (Green) §6(#61/101) to Panda_Nooba for $5,000.
[21:38:51] > .AppriXD remove x1 §fParrot Plushie (Green) §6(#61/101) from buy
[21:39:17] > Uratakiz added x1 §f§l§x§8§A§0§0§F§FS§x§9§C§0§0§D§5h§x§A§D§0§0§A§Ai§x§B§F§0§0§8§0n§x§D§0§0§0§5§5e§x§E§2§0§0§2§B §x§F§3§0§0§0§0O§x§E§2§0§0§2§An§x§D§0§0§0§5§5i§x§B§F§0§0§8§0 §x§A§D§0§0§A§AA§x§9§C§0§0§D§5x§x§8§A§0§0§F§Fe in auction for 6000000.
[21:39:42] > Panda_Nooba remove x1 §x§F§F§7§C§0§0§lSteamsparks Leggings from storage
[21:39:51] > Panda_Nooba added x1 §x§F§F§7§C§0§0§lSteamsparks Leggings in auction for 50000.
[21:40:54] > Icon_Skully remove x1 §x§6§0§0§0§F§F§lɢᴏᴅʟʏ ɪᴛᴇᴍ from storage
[21:40:56] > Icon_Skully remove x1 §x§6§0§0§0§F§F§lɢᴏᴅʟʏ ɪᴛᴇᴍ from storage
[21:41:24] > Icon_Skully added x1 §x§6§0§0§0§F§F§lɢᴏᴅʟʏ ɪᴛᴇᴍ in auction for 1500000.
[21:42:10] > azuyeca buy x1 §f§l§x§8§A§0§0§F§FS§x§9§8§0§0§D§Dh§x§A§6§0§0§B§Bi§x§B§4§0§0§9§9n§x§C§2§0§0§7§7e§x§D§0§0§0§5§5 §x§D§E§0§0§3§3O§x§E§C§0§0§1§1ni§x§D§E§0§0§3§3 §x§D§0§0§0§5§5S§x§C§2§0§0§7§7h§x§B§4§0§0§9§9i§x§A§6§0§0§B§Be§x§9§8§0§0§D§Dl§x§8§A§0§0§F§Fd to ace for $666,000.
[21:42:46] > Icon_Skully added x1 §x§6§0§0§0§F§F§lɢᴏᴅʟʏ ɪᴛᴇᴍ in auction for 1500000.
[21:47:39] > Zaiil added x1 §f§l§x§8§A§0§0§F§FS§x§9§C§0§0§D§5h§x§A§D§0§0§A§Ai§x§B§F§0§0§8§0n§x§D§0§0§0§5§5e§x§E§2§0§0§2§B §x§F§3§0§0§0§0O§x§E§2§0§0§2§An§x§D§0§0§0§5§5i§x§B§F§0§0§8§0 §x§A§D§0§0§A§AA§x§9§C§0§0§D§5x§x§8§A§0§0§F§Fe in auction for 10000000.
[21:48:07] > 8it5inn added x1 §x§F§F§3§E§0§0§lDemon Lord Wings in auction for 4000000.
[21:48:28] > Zaiil remove x1 §f§l§x§8§A§0§0§F§FS§x§9§C§0§0§D§5h§x§A§D§0§0§A§Ai§x§B§F§0§0§8§0n§x§D§0§0§0§5§5e§x§E§2§0§0§2§B §x§F§3§0§0§0§0O§x§E§2§0§0§2§An§x§D§0§0§0§5§5i§x§B§F§0§0§8§0 §x§A§D§0§0§A§AA§x§9§C§0§0§D§5x§x§8§A§0§0§F§Fe from storage
[21:49:27] > 8it5inn remove x1 §x§F§F§3§E§0§0§lDemon Lord Wings from storage
[21:49:28] > 8it5inn remove x1 Shulker box from storage
[21:49:40] > 8it5inn added x1 Shulker box in auction for 2500000.
[21:50:20] > Zypher_0w0 buy x1 §x§F§F§5§5§0§0§lsᴇʟʟᴡᴀɴᴅ §6- 5.0x to kysicx for $550,000.
[21:50:37] > Zypher_0w0 buy x1 §x§F§F§5§5§0§0§lsᴇʟʟᴡᴀɴᴅ §6- 5.0x to kysicx for $600,000.
[21:51:14] > Zypher_0w0 remove x1 §x§F§F§5§5§0§0§lsᴇʟʟᴡᴀɴᴅ §6- 5.0x from buy
[21:51:24] > Zypher_0w0 remove x1 §x§F§F§5§5§0§0§lsᴇʟʟᴡᴀɴᴅ §6- 5.0x from buy
[21:51:24] > Zypher_0w0 remove x1 §x§F§F§5§5§0§0§lsᴇʟʟᴡᴀɴᴅ §6- 5.0x from buy
[21:51:25] > Zypher_0w0 remove x1 §x§F§F§5§5§0§0§lsᴇʟʟᴡᴀɴᴅ §6- 5.0x from buy
[21:51:25] > Zypher_0w0 remove x1 §x§F§F§5§5§0§0§lsᴇʟʟᴡᴀɴᴅ §6- 5.0x from buy
[21:51:26] > Zypher_0w0 remove x1 §x§F§F§5§5§0§0§lsᴇʟʟᴡᴀɴᴅ §6- 5.0x from buy
[21:51:27] > Zypher_0w0 remove x1 §x§F§F§5§5§0§0§lsᴇʟʟᴡᴀɴᴅ §6- 5.0x from buy
[21:51:27] > Zypher_0w0 remove x1 §x§F§F§5§5§0§0§lsᴇʟʟᴡᴀɴᴅ §6- 5.0x from buy
[21:54:35] > lorxie remove x1 §f§l§x§8§A§0§0§F§FS§x§9§7§0§0§D§Fh§x§A§4§0§0§B§Fi§x§B§1§0§0§9§Fn§x§B§F§0§0§8§0e§x§C§C§0§0§6§0 §x§D§9§0§0§4§0O§x§E§6§0§0§2§0n§x§F§3§0§0§0§0i§x§E§6§0§0§2§0 §x§D§9§0§0§4§0P§x§C§C§0§0§6§0i§x§B§F§0§0§8§0c§x§B§1§0§0§9§Fk§x§A§4§0§0§B§Fa§x§9§7§0§0§D§Fx§x§8§A§0§0§F§Fe form storage
[21:54:48] > lorxie added x1 §f§l§x§8§A§0§0§F§FS§x§9§7§0§0§D§Fh§x§A§4§0§0§B§Fi§x§B§1§0§0§9§Fn§x§B§F§0§0§8§0e§x§C§C§0§0§6§0 §x§D§9§0§0§4§0O§x§E§6§0§0§2§0n§x§F§3§0§0§0§0i§x§E§6§0§0§2§0 §x§D§9§0§0§4§0P§x§C§C§0§0§6§0i§x§B§F§0§0§8§0c§x§B§1§0§0§9§Fk§x§A§4§0§0§B§Fa§x§9§7§0§0§D§Fx§x§8§A§0§0§F§Fe in auction for 2000000.
[21:55:07] > Takeremu buy x1 §f§l§x§8§A§0§0§F§FS§x§9§7§0§0§D§Fh§x§A§4§0§0§B§Fi§x§B§1§0§0§9§Fn§x§B§F§0§0§8§0e§x§C§C§0§0§6§0 §x§D§9§0§0§4§0O§x§E§6§0§0§2§0n§x§F§3§0§0§0§0i§x§E§6§0§0§2§0 §x§D§9§0§0§4§0P§x§C§C§0§0§6§0i§x§B§F§0§0§8§0c§x§B§1§0§0§9§Fk§x§A§4§0§0§B§Fa§x§9§7§0§0§D§Fx§x§8§A§0§0§F§Fe to lorxie for $2,000,000.
[21:55:15] > Takeremu remove x1 §f§l§x§8§A§0§0§F§FS§x§9§7§0§0§D§Fh§x§A§4§0§0§B§Fi§x§B§1§0§0§9§Fn§x§B§F§0§0§8§0e§x§C§C§0§0§6§0 §x§D§9§0§0§4§0O§x§E§6§0§0§2§0n§x§F§3§0§0§0§0i§x§E§6§0§0§2§0 §x§D§9§0§0§4§0P§x§C§C§0§0§6§0i§x§B§F§0§0§8§0c§x§B§1§0§0§9§Fk§x§A§4§0§0§B§Fa§x§9§7§0§0§D§Fx§x§8§A§0§0§F§Fe from buy
[21:55:17] > Takeremu remove x1 §x§F§F§5§5§0§0§lsᴇʟʟᴡᴀɴᴅ §6- 5.0x from buy
[22:00:50] > azuyeca remove x1 §f§l§x§8§A§0§0§F§FS§x§9§8§0§0§D§Dh§x§A§6§0§0§B§Bi§x§B§4§0§0§9§9n§x§C§2§0§0§7§7e§x§D§0§0§0§5§5 §x§D§E§0§0§3§3O§x§E§C§0§0§1§1ni§x§D§E§0§0§3§3 §x§D§0§0§0§5§5S§x§C§2§0§0§7§7h§x§B§4§0§0§9§9i§x§A§6§0§0§B§Be§x§9§8§0§0§D§Dl§x§8§A§0§0§F§Fd from buy
[22:03:26] > Takeremu added x1 §9§lCrab Claw in auction for 20000.
[22:03:38] > Takeremu added x1 §e§lCrab Scale in auction for 20000.
[22:03:42] > azuyeca buy x1 §9§lCrab Claw to Takeremu for $20,000.
[22:03:46] > giyahnpogi buy x1 §e§lCrab Scale to Takeremu for $20,000.
[22:08:39] > Ryzxc added x1 §f§l§8B§x§6§3§6§3§6§3a§x§7§1§7§1§7§1h§x§8§0§8§0§8§0a§x§8§E§8§E§8§Em§x§9§C§9§C§9§Cu§7t§x§9§C§9§C§9§C §x§8§E§8§E§8§EB§x§8§0§8§0§8§0o§x§7§1§7§1§7§1o§x§6§3§6§3§6§3t§8s in auction for 150000.
[22:10:59] > Ryzxc added x1 §fHoglin Plushie §6(#44/101) in auction for 99000.
[22:11:22] > 8it5inn remove x1 Shulker box from storage
[22:11:36] > 8it5inn added x1 Shulker box in auction for 2000000.
[22:13:01] > Ryzxc added x1 §5Witch Hat in auction for 20000.
[22:13:02] > mae added x1 §x§E§4§3§A§9§6§lW§x§E§7§5§3§A§3§lI§x§E§B§6§B§B§0§lN§x§E§E§8§4§B§D§lG§x§F§2§9§D§C§B§lS §x§F§8§C§E§E§5§lO§x§F§C§E§6§F§2§lF §x§F§C§E§6§F§2§lE§x§F§8§C§E§E§5§lT§x§F§5§B§5§D§8§lE§x§F§2§9§D§C§B§lR§x§E§E§8§4§B§D§lN§x§E§B§6§B§B§0§lI§x§E§7§5§3§A§3§lT§x§E§4§3§A§9§6§lY in auction for 10000000.
[22:14:02] > Panda_Nooba added x1 §fPig Plushie §7(#63/101) in auction for 2000.
[22:14:11] > JinSoul15 buy x1 §fPig Plushie §7(#63/101) to Panda_Nooba for $2,000.
[22:14:22] > Panda_Nooba added x1 §fAxolotl Plushie §6(#3/101) in auction for 6000.
[22:14:27] > JinSoul15 buy x1 §fAxolotl Plushie §6(#3/101) to Panda_Nooba for $6,000.
[22:14:46] > Panda_Nooba added x1 §fWolf Plushie §6(#97/101) in auction for 4500.
[22:14:48] > 8it5inn buy x1 §fWolf Plushie §6(#97/101) to Panda_Nooba for $4,500.
[22:18:01] > 8it5inn remove x1 §fWolf Plushie §6(#97/101) from buy
[22:19:06] > Dentatsu remove x1 §f§l§8B§x§6§6§6§6§6§6a§x§7§7§7§7§7§7h§x§8§8§8§8§8§8a§x§9§9§9§9§9§9m§7u§x§9§9§9§9§9§9t§x§8§8§8§8§8§8 §x§7§7§7§7§7§7H§x§6§6§6§6§6§6a§8t from buy
[22:21:29] > 8it5inn remove x1 Shulker box from storage
[22:22:12] > 8it5inn added x1 Shulker box in auction for 3000000.
[22:22:38] > Kira buy x1 Diamond pickaxe to YooRushy for $100,000.
[22:23:07] > Kira remove x1 Diamond pickaxe from buy
[22:26:19] > Carrr added x1 §x§F§F§5§5§0§0§lsᴇʟʟᴡᴀɴᴅ §6- 10.0x in auction for 1500000.
[22:27:54] > Kodakoda added x1 Beating stick in auction for 670000.
[22:28:00] > king_ARK buy x1 Beating stick to Kodakoda for $670,000.
[22:29:03] > x1 Shugon items on sale by Seirione has just expired, it goes in the inventory of expired items.
[22:36:25] > king_ARK remove x1 Beating stick from buy
[22:36:30] > PrezXie remove x1 §f§l§x§8§A§0§0§F§FS§x§9§5§0§0§E§4h§x§A§0§0§0§C§9i§x§A§B§0§0§A§En§x§B§6§0§0§9§4e§x§C§1§0§0§7§9 §x§C§C§0§0§5§EO§x§D§7§0§0§4§3n§x§E§2§0§0§2§8i§x§E§D§0§0§0§D B§x§E§2§0§0§2§8a§x§D§7§0§0§4§3t§x§C§C§0§0§5§Et§x§C§1§0§0§7§9l§x§B§6§0§0§9§4e§x§A§B§0§0§A§E §x§A§0§0§0§C§9A§x§9§5§0§0§E§4x§x§8§A§0§0§F§Fe from storage
[22:37:55] > lorxie added x1 §f§l§x§8§A§0§0§F§FS§x§9§C§0§0§D§5h§x§A§D§0§0§A§Ai§x§B§F§0§0§8§0n§x§D§0§0§0§5§5e§x§E§2§0§0§2§B §x§F§3§0§0§0§0O§x§E§2§0§0§2§An§x§D§0§0§0§5§5i§x§B§F§0§0§8§0 §x§A§D§0§0§A§AB§x§9§C§0§0§D§5o§x§8§A§0§0§F§Fw in auction for 2500000.
[22:38:22] > lorxie added x1 §f§l§x§8§A§0§0§F§FS§x§9§6§0§0§E§3h§x§A§1§0§0§C§6i§x§A§D§0§0§A§An§x§B§9§0§0§8§Ee§x§C§4§0§0§7§1 §x§D§0§0§0§5§5O§x§D§C§0§0§3§9n§x§E§7§0§0§1§Ci§x§F§3§0§0§0§0 §x§E§7§0§0§1§CB§x§D§C§0§0§3§9i§x§D§0§0§0§5§5g§x§C§4§0§0§7§1 §x§B§9§0§0§8§ES§x§A§D§0§0§A§Aw§x§A§1§0§0§C§6o§x§9§6§0§0§E§3r§x§8§A§0§0§F§Fd in auction for 2000000.
[22:38:40] > .AppriXD buy x1 Shulker box to 8it5inn for $3,000,000.
[22:38:43] > nachfaust remove x1 Netherite boots from storage
[22:38:46] > .AppriXD remove x1 Shulker box from buy
[22:38:49] > lorxie added x1 §f§l§x§8§A§0§0§F§FS§x§9§7§0§0§D§Fh§x§A§4§0§0§B§Fi§x§B§1§0§0§9§Fn§x§B§F§0§0§8§0e§x§C§C§0§0§6§0 §x§D§9§0§0§4§0O§x§E§6§0§0§2§0n§x§F§3§0§0§0§0i§x§E§6§0§0§2§0 §x§D§9§0§0§4§0P§x§C§C§0§0§6§0i§x§B§F§0§0§8§0c§x§B§1§0§0§9§Fk§x§A§4§0§0§B§Fa§x§9§7§0§0§D§Fx§x§8§A§0§0§F§Fe in auction for 2000000.
[22:38:54] > nachfaust added x1 §f§l§x§8§A§0§0§F§FS§x§9§9§0§0§D§Bh§x§A§8§0§0§B§6i§x§B§7§0§0§9§2n§x§C§6§0§0§6§De§x§D§5§0§0§4§9 §x§E§4§0§0§2§4O§x§F§3§0§0§0§0n§x§E§4§0§0§2§4i§x§D§5§0§0§4§9 §x§C§6§0§0§6§DS§x§B§7§0§0§9§2t§x§A§8§0§0§B§6a§x§9§9§0§0§D§Bf§x§8§A§0§0§F§Ff in auction for 1500000.
[22:39:00] > topaz buy x1 §f§l§x§8§A§0§0§F§FS§x§9§7§0§0§D§Fh§x§A§4§0§0§B§Fi§x§B§1§0§0§9§Fn§x§B§F§0§0§8§0e§x§C§C§0§0§6§0 §x§D§9§0§0§4§0O§x§E§6§0§0§2§0n§x§F§3§0§0§0§0i§x§E§6§0§0§2§0 §x§D§9§0§0§4§0P§x§C§C§0§0§6§0i§x§B§F§0§0§8§0c§x§B§1§0§0§9§Fk§x§A§4§0§0§B§Fa§x§9§7§0§0§D§Fx§x§8§A§0§0§F§Fe to lorxie for $2,000,000.
[22:39:14] > nachfaust added x1 Netherite boots in auction for 150000.
[22:39:22] > topaz remove x1 §f§l§x§8§A§0§0§F§FS§x§9§7§0§0§D§Fh§x§A§4§0§0§B§Fi§x§B§1§0§0§9§Fn§x§B§F§0§0§8§0e§x§C§C§0§0§6§0 §x§D§9§0§0§4§0O§x§E§6§0§0§2§0n§x§F§3§0§0§0§0i§x§E§6§0§0§2§0 §x§D§9§0§0§4§0P§x§C§C§0§0§6§0i§x§B§F§0§0§8§0c§x§B§1§0§0§9§Fk§x§A§4§0§0§B§Fa§x§9§7§0§0§D§Fx§x§8§A§0§0§F§Fe from buy
[22:39:30] > .AppriXD buy x1 Netherite boots to nachfaust for $150,000.
[22:39:42] > .AppriXD remove x1 Netherite boots from buy
[22:39:50] > nachfaust added x1 Netherite chestplate in auction for 150000.
[22:40:01] > tic_sz remove x1 §fCharizard Wings from storage
[22:40:11] > tic_sz added x1 §fCharizard Wings in auction for 5000000.
[22:43:30] > ReKYee added x5 §x§F§C§9§0§5§C§lE§x§E§6§9§C§6§B§lp§x§C§F§A§7§7§A§li§x§B§9§B§3§8§9§lc §x§8§C§C§B§A§7§lC§x§7§5§D§6§B§6§lr§x§5§F§E§2§C§5§la§x§7§9§D§4§B§4§lt§x§9§3§C§7§A§2§le §x§C§8§A§B§7§F§lK§x§E§2§9§E§6§E§le§x§F§C§9§0§5§C§ly in auction for 400000.
[22:43:45] > ReKYee added x10 §x§F§C§D§0§5§C§lB§x§E§6§D§3§6§B§la§x§C§F§D§5§7§A§ls§x§B§9§D§8§8§9§li§x§A§2§D§A§9§8§lc §x§7§5§D§F§B§6§lC§x§5§F§E§2§C§5§lr§x§7§5§D§F§B§6§la§x§8§C§D§D§A§7§lt§x§A§2§D§A§9§8§le §x§C§F§D§5§7§A§lK§x§E§6§D§3§6§B§le§x§F§C§D§0§5§C§ly in auction for 500000.
[22:44:17] > aznaaa remove x1 §x§E§5§1§B§1§B§lDracula Bow from storage
[22:44:23] > aznaaa added x1 §x§E§5§1§B§1§B§lDracula Bow in auction for 100000.
[22:44:32] > aznaaa remove x1 §f§l§x§8§A§0§0§F§FS§x§9§9§0§0§D§Bh§x§A§8§0§0§B§6i§x§B§7§0§0§9§2n§x§C§6§0§0§6§De§x§D§5§0§0§4§9 §x§E§4§0§0§2§4O§x§F§3§0§0§0§0n§x§E§4§0§0§2§4i§x§D§5§0§0§4§9 §x§C§6§0§0§6§DB§x§B§7§0§0§9§2o§x§A§8§0§0§B§6o§x§9§9§0§0§D§Bt§x§8§A§0§0§F§Fs from storage
[22:44:38] > aznaaa added x1 §f§l§x§8§A§0§0§F§FS§x§9§9§0§0§D§Bh§x§A§8§0§0§B§6i§x§B§7§0§0§9§2n§x§C§6§0§0§6§De§x§D§5§0§0§4§9 §x§E§4§0§0§2§4O§x§F§3§0§0§0§0n§x§E§4§0§0§2§4i§x§D§5§0§0§4§9 §x§C§6§0§0§6§DB§x§B§7§0§0§9§2o§x§A§8§0§0§B§6o§x§9§9§0§0§D§Bt§x§8§A§0§0§F§Fs in auction for 3000000.
[22:46:11] > Antonie657 buy x1 Enchanted book to mae for $5,000.
[22:47:14] > ReKYee remove x5 §x§F§C§9§0§5§C§lE§x§E§6§9§C§6§B§lp§x§C§F§A§7§7§A§li§x§B§9§B§3§8§9§lc §x§8§C§C§B§A§7§lC§x§7§5§D§6§B§6§lr§x§5§F§E§2§C§5§la§x§7§9§D§4§B§4§lt§x§9§3§C§7§A§2§le §x§C§8§A§B§7§F§lK§x§E§2§9§E§6§E§le§x§F§C§9§0§5§C§ly form storage
[22:47:14] > ReKYee remove x10 §x§F§C§D§0§5§C§lB§x§E§6§D§3§6§B§la§x§C§F§D§5§7§A§ls§x§B§9§D§8§8§9§li§x§A§2§D§A§9§8§lc §x§7§5§D§F§B§6§lC§x§5§F§E§2§C§5§lr§x§7§5§D§F§B§6§la§x§8§C§D§D§A§7§lt§x§A§2§D§A§9§8§le §x§C§F§D§5§7§A§lK§x§E§6§D§3§6§B§le§x§F§C§D§0§5§C§ly form storage
[22:48:08] > aznaaa added x1 §f§l§8B§x§6§3§6§3§6§3a§x§7§1§7§1§7§1h§x§8§0§8§0§8§0a§x§8§E§8§E§8§Em§x§9§C§9§C§9§Cu§7t§x§9§C§9§C§9§C §x§8§E§8§E§8§ES§x§8§0§8§0§8§0w§x§7§1§7§1§7§1o§x§6§3§6§3§6§3r§8d in auction for 60000.
[22:48:12] > Antonie657 remove x1 Enchanted book from buy
[22:48:15] > cart224 buy x1 §f§l§8B§x§6§3§6§3§6§3a§x§7§1§7§1§7§1h§x§8§0§8§0§8§0a§x§8§E§8§E§8§Em§x§9§C§9§C§9§Cu§7t§x§9§C§9§C§9§C §x§8§E§8§E§8§ES§x§8§0§8§0§8§0w§x§7§1§7§1§7§1o§x§6§3§6§3§6§3r§8d to aznaaa for $60,000.
[22:48:18] > aznaaa added x1 §x§F§F§7§C§0§0§lSteamsparks Boots in auction for 10000.
[22:49:52] > Unforce01 added x1 §f§l§x§8§A§0§0§F§FS§x§9§8§0§0§D§Dh§x§A§6§0§0§B§Bi§x§B§4§0§0§9§9n§x§C§2§0§0§7§7e§x§D§0§0§0§5§5 §x§D§E§0§0§3§3O§x§E§C§0§0§1§1ni§x§D§E§0§0§3§3 §x§D§0§0§0§5§5S§x§C§2§0§0§7§7h§x§B§4§0§0§9§9i§x§A§6§0§0§B§Be§x§9§8§0§0§D§Dl§x§8§A§0§0§F§Fd in auction for 600000.
[22:50:42] > Unforce01 added x1 §x§9§8§6§3§E§7§lG§x§9§0§7§5§E§2§lo§x§8§8§8§7§D§D§ld§x§8§0§9§9§D§8§ll§x§7§7§A§C§D§4§ly §x§6§7§D§0§C§A§lC§x§5§F§E§2§C§5§lr§x§6§7§D§0§C§A§la§x§6§F§B§E§C§F§lt§x§7§7§A§C§D§4§le §x§8§8§8§7§D§D§lK§x§9§0§7§5§E§2§le§x§9§8§6§3§E§7§ly in auction for 500000.
[22:51:55] > topaz remove x1 §x§F§F§3§E§0§0§lSellwand Voucher from storage
[22:53:54] > belvi__ buy x1 §x§6§0§0§0§F§F§lɢᴏᴅʟʏ ɪᴛᴇᴍ to Icon_Skully for $1,500,000.
[22:53:59] > belvi__ remove x1 §x§6§0§0§0§F§F§lɢᴏᴅʟʏ ɪᴛᴇᴍ from buy
[22:55:28] > .AppriXD buy x1 §f§l§x§8§A§0§0§F§FS§x§9§9§0§0§D§Bh§x§A§8§0§0§B§6i§x§B§7§0§0§9§2n§x§C§6§0§0§6§De§x§D§5§0§0§4§9 §x§E§4§0§0§2§4O§x§F§3§0§0§0§0n§x§E§4§0§0§2§4i§x§D§5§0§0§4§9 §x§C§6§0§0§6§DB§x§B§7§0§0§9§2o§x§A§8§0§0§B§6o§x§9§9§0§0§D§Bt§x§8§A§0§0§F§Fs to aznaaa for $3,000,000.
[22:55:41] > .AppriXD remove x1 §f§l§x§8§A§0§0§F§FS§x§9§9§0§0§D§Bh§x§A§8§0§0§B§6i§x§B§7§0§0§9§2n§x§C§6§0§0§6§De§x§D§5§0§0§4§9 §x§E§4§0§0§2§4O§x§F§3§0§0§0§0n§x§E§4§0§0§2§4i§x§D§5§0§0§4§9 §x§C§6§0§0§6§DB§x§B§7§0§0§9§2o§x§A§8§0§0§B§6o§x§9§9§0§0§D§Bt§x§8§A§0§0§F§Fs from buy
[22:56:39] > .AppriXD added x1 §x§F§F§5§5§0§0§lsᴇʟʟᴡᴀɴᴅ §6- 5.0x in auction for 400000.
[23:01:36] > NastyPepperoni added x1 Enchanted book in auction for 7000.
[23:02:15] > giyahnpogi added x1 Enchanted book in auction for 100.
[23:02:29] > .AppriXD buy x1 Enchanted book to giyahnpogi for $100.
[23:02:29] > Zypher_0w0 added x1 Enchanted book in auction for 420000.
[23:02:47] > Cooldoggiexd added x1 Enchanted book in auction for 460000.
[23:03:04] > Unforce01 remove x1 §x§9§8§6§3§E§7§lG§x§9§0§7§5§E§2§lo§x§8§8§8§7§D§D§ld§x§8§0§9§9§D§8§ll§x§7§7§A§C§D§4§ly §x§6§7§D§0§C§A§lC§x§5§F§E§2§C§5§lr§x§6§7§D§0§C§A§la§x§6§F§B§E§C§F§lt§x§7§7§A§C§D§4§le §x§8§8§8§7§D§D§lK§x§9§0§7§5§E§2§le§x§9§8§6§3§E§7§ly from storage
[23:03:04] > Unforce01 remove x1 §f§l§x§8§A§0§0§F§FS§x§9§8§0§0§D§Dh§x§A§6§0§0§B§Bi§x§B§4§0§0§9§9n§x§C§2§0§0§7§7e§x§D§0§0§0§5§5 §x§D§E§0§0§3§3O§x§E§C§0§0§1§1ni§x§D§E§0§0§3§3 §x§D§0§0§0§5§5S§x§C§2§0§0§7§7h§x§B§4§0§0§9§9i§x§A§6§0§0§B§Be§x§9§8§0§0§D§Dl§x§8§A§0§0§F§Fd from storage
[23:03:08] > Takeremu added x1 Enchanted book in auction for 800000.
[23:03:58] > Ryzxc remove x1 §5Witch Hat from storage
[23:05:29] > lorxie remove x1 §f§l§x§8§A§0§0§F§FS§x§9§C§0§0§D§5h§x§A§D§0§0§A§Ai§x§B§F§0§0§8§0n§x§D§0§0§0§5§5e§x§E§2§0§0§2§B §x§F§3§0§0§0§0O§x§E§2§0§0§2§An§x§D§0§0§0§5§5i§x§B§F§0§0§8§0 §x§A§D§0§0§A§AB§x§9§C§0§0§D§5o§x§8§A§0§0§F§Fw form storage
[23:05:29] > lorxie remove x1 §f§l§x§8§A§0§0§F§FS§x§9§6§0§0§E§3h§x§A§1§0§0§C§6i§x§A§D§0§0§A§An§x§B§9§0§0§8§Ee§x§C§4§0§0§7§1 §x§D§0§0§0§5§5O§x§D§C§0§0§3§9n§x§E§7§0§0§1§Ci§x§F§3§0§0§0§0 §x§E§7§0§0§1§CB§x§D§C§0§0§3§9i§x§D§0§0§0§5§5g§x§C§4§0§0§7§1 §x§B§9§0§0§8§ES§x§A§D§0§0§A§Aw§x§A§1§0§0§C§6o§x§9§6§0§0§E§3r§x§8§A§0§0§F§Fd form storage
[23:05:42] > lorxie added x1 §f§l§x§8§A§0§0§F§FS§x§9§6§0§0§E§3h§x§A§1§0§0§C§6i§x§A§D§0§0§A§An§x§B§9§0§0§8§Ee§x§C§4§0§0§7§1 §x§D§0§0§0§5§5O§x§D§C§0§0§3§9n§x§E§7§0§0§1§Ci§x§F§3§0§0§0§0 §x§E§7§0§0§1§CB§x§D§C§0§0§3§9i§x§D§0§0§0§5§5g§x§C§4§0§0§7§1 §x§B§9§0§0§8§ES§x§A§D§0§0§A§Aw§x§A§1§0§0§C§6o§x§9§6§0§0§E§3r§x§8§A§0§0§F§Fd in auction for 2000000.
[23:06:05] > lorxie added x1 §f§l§x§8§A§0§0§F§FS§x§9§C§0§0§D§5h§x§A§D§0§0§A§Ai§x§B§F§0§0§8§0n§x§D§0§0§0§5§5e§x§E§2§0§0§2§B §x§F§3§0§0§0§0O§x§E§2§0§0§2§An§x§D§0§0§0§5§5i§x§B§F§0§0§8§0 §x§A§D§0§0§A§AB§x§9§C§0§0§D§5o§x§8§A§0§0§F§Fw in auction for 2000000.
[23:06:35] > lorxie added x1 §f§l§x§8§A§0§0§F§FS§x§9§5§0§0§E§4h§x§A§0§0§0§C§9i§x§A§B§0§0§A§En§x§B§6§0§0§9§4e§x§C§1§0§0§7§9 §x§C§C§0§0§5§EO§x§D§7§0§0§4§3n§x§E§2§0§0§2§8i§x§E§D§0§0§0§D C§x§E§2§0§0§2§8h§x§D§7§0§0§4§3e§x§C§C§0§0§5§Es§x§C§1§0§0§7§9t§x§B§6§0§0§9§4p§x§A§B§0§0§A§El§x§A§0§0§0§C§9a§x§9§5§0§0§E§4t§x§8§A§0§0§F§Fe in auction for 3000000.
[23:08:47] > koshie remove x1 §x§F§F§5§5§0§0§lsᴇʟʟᴡᴀɴᴅ §6- 5.0x from buy
[23:08:47] > koshie remove x1 §x§F§F§5§5§0§0§lsᴇʟʟᴡᴀɴᴅ §6- 5.0x from buy
[23:08:48] > koshie remove x1 §x§F§F§5§5§0§0§lsᴇʟʟᴡᴀɴᴅ §6- 5.0x from buy
[23:08:55] > koshie added x1 §x§F§F§5§5§0§0§lsᴇʟʟᴡᴀɴᴅ §6- 5.0x in auction for 500000.
[23:09:08] > koshie added x1 §x§F§F§5§5§0§0§lsᴇʟʟᴡᴀɴᴅ §6- 5.0x in auction for 500000.
[23:09:24] > koshie added x1 §x§F§F§5§5§0§0§lsᴇʟʟᴡᴀɴᴅ §6- 5.0x in auction for 500000.
[23:09:24] > Takeremu added x1 §3§lDolphin Tail in auction for 80000.
[23:09:40] > king_ARK buy x1 §3§lDolphin Tail to Takeremu for $80,000.
[23:09:48] > king_ARK remove x1 §3§lDolphin Tail from buy
[23:11:37] > NastyPepperoni buy x1 §x§F§F§7§C§0§0§lSteamsparks Boots to aznaaa for $10,000.
[23:12:02] > HwanYo buy x1 §x§F§F§5§5§0§0§lsᴇʟʟᴡᴀɴᴅ §6- 10.0x to Carrr for $1,500,000.
[23:13:36] > Takeremu added x4 §3§lDolphin Tail in auction for 320000.
[23:13:47] > Takeremu added x4 §3§lDolphin Tail in auction for 320000.
[23:14:02] > Takeremu added x1 §3§lDolphin Tail in auction for 80000.
[23:14:09] > NastyPepperoni added x1 Enchanted book in auction for 50000.
[23:14:19] > NastyPepperoni remove x1 Enchanted book from storage
[23:14:26] > Takeremu remove x1 Enchanted book from storage
[23:15:19] > azuyeca buy x1 §f§l§x§8§A§0§0§F§FS§x§9§5§0§0§E§4h§x§A§0§0§0§C§9i§x§A§B§0§0§A§En§x§B§6§0§0§9§4e§x§C§1§0§0§7§9 §x§C§C§0§0§5§EO§x§D§7§0§0§4§3n§x§E§2§0§0§2§8i§x§E§D§0§0§0§D C§x§E§2§0§0§2§8h§x§D§7§0§0§4§3e§x§C§C§0§0§5§Es§x§C§1§0§0§7§9t§x§B§6§0§0§9§4p§x§A§B§0§0§A§El§x§A§0§0§0§C§9a§x§9§5§0§0§E§4t§x§8§A§0§0§F§Fe to lorxie for $3,000,000.
[23:15:24] > azuyeca remove x1 §f§l§x§8§A§0§0§F§FS§x§9§5§0§0§E§4h§x§A§0§0§0§C§9i§x§A§B§0§0§A§En§x§B§6§0§0§9§4e§x§C§1§0§0§7§9 §x§C§C§0§0§5§EO§x§D§7§0§0§4§3n§x§E§2§0§0§2§8i§x§E§D§0§0§0§D C§x§E§2§0§0§2§8h§x§D§7§0§0§4§3e§x§C§C§0§0§5§Es§x§C§1§0§0§7§9t§x§B§6§0§0§9§4p§x§A§B§0§0§A§El§x§A§0§0§0§C§9a§x§9§5§0§0§E§4t§x§8§A§0§0§F§Fe from buy
[23:18:36] > NastyPepperoni added x1 Enchanted book in auction for 50000.
[23:18:42] > Kaynn added x64 Breeze rod in auction for 250000.
[23:19:59] > 8it5inn added x1 Breeze rod in auction for 300000.
[23:20:35] > 8it5inn remove x1 Breeze rod from storage
[23:20:36] > grit_zy buy x1 §x§F§F§3§E§0§0§lSellwand Voucher to Mugiwara22 for $1,600,000.
[23:20:41] > 8it5inn added x1 Breeze rod in auction for 250000.
[23:20:42] > grit_zy buy x1 §x§F§F§3§E§0§0§lSellwand Voucher to Mugiwara22 for $1,700,000.
[23:20:47] > grit_zy buy x1 §x§F§F§3§E§0§0§lSellwand Voucher to Mugiwara22 for $1,700,000.
[23:21:07] > grit_zy remove x1 §x§F§F§3§E§0§0§lSellwand Voucher from buy
[23:21:07] > grit_zy remove x1 §x§F§F§3§E§0§0§lSellwand Voucher from buy
[23:21:08] > grit_zy remove x1 §x§F§F§3§E§0§0§lSellwand Voucher from buy
[23:21:14] > NastyPepperoni remove x1 Enchanted book from storage
[23:21:15] > NastyPepperoni remove x1 Enchanted book from storage
[23:21:28] > NastyPepperoni added x1 Enchanted book in auction for 1200.
[23:21:43] > NastyPepperoni added x1 Enchanted book in auction for 1000.
[23:21:55] > Ryzxc buy x1 Enchanted book to NastyPepperoni for $1,200.
[23:21:59] > Ryzxc buy x1 Enchanted book to NastyPepperoni for $1,000.
[23:22:27] > NastyPepperoni added x1 Enchanted book in auction for 1200.
[23:22:34] > Ryzxc remove x1 Enchanted book from buy
[23:22:34] > Antonie657 buy x1 Enchanted book to NastyPepperoni for $1,200.
[23:22:41] > JhonReaper added x1 §x§F§C§D§0§5§C§lB§x§E§6§D§3§6§B§la§x§C§F§D§5§7§A§ls§x§B§9§D§8§8§9§li§x§A§2§D§A§9§8§lc §x§7§5§D§F§B§6§lC§x§5§F§E§2§C§5§lr§x§7§5§D§F§B§6§la§x§8§C§D§D§A§7§lt§x§A§2§D§A§9§8§le §x§C§F§D§5§7§A§lK§x§E§6§D§3§6§B§le§x§F§C§D§0§5§C§ly in auction for 500000.
[23:22:46] > NastyPepperoni added x1 Enchanted book in auction for 1200.
[23:22:50] > Antonie657 buy x1 Enchanted book to NastyPepperoni for $1,200.
[23:22:54] > Ryzxc remove x1 §fHorse Plushie (White) §6(#49/101) from buy
[23:22:57] > Ryzxc remove x1 §fFrog Plushie (Temperate) §6(#38/101) from buy
[23:29:23] > Takeremu added x1 §fSun Hat in auction for 95000.
[23:30:31] > ZenNova_ buy x64 Breeze rod to Kaynn for $250,000.
[23:30:48] > Kaynn added x64 Breeze rod in auction for 250000.
[23:31:27] > ZenNova_ remove x64 Breeze rod from buy
[23:34:52] > .AppriXD buy x1 §f§l§8B§x§6§2§6§2§6§2a§x§6§F§6§F§6§Fh§x§7§C§7§C§7§Ca§x§8§9§8§9§8§9m§x§9§6§9§6§9§6u§x§A§3§A§3§A§3t §x§9§6§9§6§9§6H§x§8§9§8§9§8§9a§x§7§C§7§C§7§Cm§x§6§F§6§F§6§Fm§x§6§2§6§2§6§2e§8r to Kodakoda for $750,000.
[23:35:17] > .AppriXD buy x1 §f§l§8B§x§6§2§6§2§6§2a§x§6§F§6§F§6§Fh§x§7§C§7§C§7§Ca§x§8§9§8§9§8§9m§x§9§6§9§6§9§6u§x§A§3§A§3§A§3t §x§9§6§9§6§9§6H§x§8§9§8§9§8§9a§x§7§C§7§C§7§Ct§x§6§F§6§F§6§F §x§6§2§6§2§6§2V§82 to Renzy01 for $500,000.
[23:35:25] > .AppriXD remove x1 §f§l§8B§x§6§2§6§2§6§2a§x§6§F§6§F§6§Fh§x§7§C§7§C§7§Ca§x§8§9§8§9§8§9m§x§9§6§9§6§9§6u§x§A§3§A§3§A§3t §x§9§6§9§6§9§6H§x§8§9§8§9§8§9a§x§7§C§7§C§7§Ct§x§6§F§6§F§6§F §x§6§2§6§2§6§2V§82 from buy
[23:35:25] > .AppriXD remove x1 §f§l§8B§x§6§2§6§2§6§2a§x§6§F§6§F§6§Fh§x§7§C§7§C§7§Ca§x§8§9§8§9§8§9m§x§9§6§9§6§9§6u§x§A§3§A§3§A§3t §x§9§6§9§6§9§6H§x§8§9§8§9§8§9a§x§7§C§7§C§7§Cm§x§6§F§6§F§6§Fm§x§6§2§6§2§6§2e§8r from buy
[23:35:26] > .AppriXD remove x1 Enchanted book from buy
[23:43:10] > NastyPepperoni added x1 Enchanted book in auction for 5000.
[23:43:33] > NastyPepperoni remove x1 Enchanted book from storage
[23:43:54] > NastyPepperoni added x1 Enchanted book in auction for 1500.
[23:44:12] > tic_sz remove x1 §fCharizard Wings from storage
[23:44:21] > Antonie657 buy x1 Enchanted book to NastyPepperoni for $1,500.
[23:46:46] > tic_sz added x1 §fCharizard Wings in auction for 5000000.
[23:48:18] > nachfaust remove x1 Netherite chestplate from storage
[23:48:32] > nachfaust added x64 Lily pad in auction for 25000.
[23:48:45] > Icon_Skully buy x64 Lily pad to nachfaust for $25,000.
[23:49:02] > nachfaust added x64 Lily pad in auction for 25000.
[23:49:05] > Icon_Skully remove x2 Lily pad form buy
[23:49:14] > Icon_Skully buy x64 Lily pad to nachfaust for $25,000.
[23:49:37] > nachfaust added x1 Netherite chestplate in auction for 100000.
[23:50:20] > .JakeTheMiner457 remove x1 Mace from storage
[23:51:22] > x1 §x§F§F§3§E§0§0§lD§x§F§F§3§6§0§0§le§x§F§F§2§F§0§0§lm§x§F§F§2§7§0§0§lo§x§F§F§1§F§0§0§ln §x§F§F§1§0§0§0§lL§x§F§F§0§8§0§0§lo§x§F§F§0§0§0§0§lr§x§F§F§0§8§0§0§ld §x§F§F§1§7§0§0§lS§x§F§F§1§F§0§0§li§x§F§F§2§7§0§0§lc§x§F§F§2§F§0§0§lk§x§F§F§3§6§0§0§ll§x§F§F§3§E§0§0§le, item of Seris00, has just expired, the item is definitively deleted.
[23:51:22] > x1 Music disc lava chicken, item of QG_Akiuwu, has just expired, the item is definitively deleted.
[23:51:22] > x1 §f§l§x§F§A§0§0§0§AD§x§F§A§1§A§1§4a§x§F§B§3§4§1§Fr§x§F§B§4§E§2§9k§x§F§B§6§8§3§3f§x§F§B§8§2§3§Dl§x§F§C§9§C§4§8a§x§F§C§B§6§5§2m§x§F§C§D§0§5§Ce§x§F§C§D§0§5§C §x§F§C§B§6§5§2L§x§F§C§9§C§4§8e§x§F§B§8§2§3§Dg§x§F§B§6§8§3§3g§x§F§B§4§E§2§9i§x§F§B§3§4§1§Fn§x§F§A§1§A§1§4g§x§F§A§0§0§0§As, item of Seris00, has just expired, the item is definitively deleted.
[23:51:22] > x1 §esᴘɪᴅᴇʀ sᴘᴀᴡɴᴇʀ, item of BlueTea_Official, has just expired, the item is definitively deleted.
[23:51:22] > x1 §x§F§F§3§E§0§0§lD§x§F§F§3§7§0§0§le§x§F§F§3§0§0§0§lm§x§F§F§2§9§0§0§lo§x§F§F§2§2§0§0§ln §x§F§F§1§5§0§0§lL§x§F§F§0§E§0§0§lo§x§F§F§0§7§0§0§lr§x§F§F§0§0§0§0§ld §x§F§F§0§E§0§0§lC§x§F§F§1§5§0§0§lr§x§F§F§1§C§0§0§lo§x§F§F§2§2§0§0§ls§x§F§F§2§9§0§0§ls§x§F§F§3§0§0§0§lb§x§F§F§3§7§0§0§lo§x§F§F§3§E§0§0§lw, item of JullianHuH, has just expired, the item is definitively deleted.
[23:51:24] > .JakeTheMiner457 remove x1 Mace from expire
[23:51:43] > .JakeTheMiner457 added x1 Mace in auction for 2400000.
[23:54:37] > Unforce01 buy x1 Netherite chestplate to nachfaust for $100,000.
[23:54:40] > Unforce01 buy x1 §f§l§8B§x§6§3§6§3§6§3a§x§7§1§7§1§7§1h§x§8§0§8§0§8§0a§x§8§E§8§E§8§Em§x§9§C§9§C§9§Cu§7t§x§9§C§9§C§9§C §x§8§E§8§E§8§EB§x§8§0§8§0§8§0o§x§7§1§7§1§7§1o§x§6§3§6§3§6§3t§8s to Ryzxc for $150,000.
[23:55:08] > nachfaust added x1 Netherite leggings in auction for 100000.
[23:55:14] > Unforce01 remove x1 Netherite chestplate form buy
[23:55:14] > Unforce01 remove x1 §f§l§8B§x§6§3§6§3§6§3a§x§7§1§7§1§7§1h§x§8§0§8§0§8§0a§x§8§E§8§E§8§Em§x§9§C§9§C§9§Cu§7t§x§9§C§9§C§9§C §x§8§E§8§E§8§EB§x§8§0§8§0§8§0o§x§7§1§7§1§7§1o§x§6§3§6§3§6§3t§8s form buy
[23:55:43] > ThatMidnight buy x1 §fCharizard Wings to tic_sz for $5,000,000.
[23:55:47] > ThatMidnight remove x1 §fCharizard Wings from buy
[23:57:18] > Antonie657 remove x1 Enchanted book from buy
[23:57:18] > Antonie657 remove x1 Enchanted book from buy
[23:57:18] > Antonie657 remove x1 Enchanted book from buy
[00:05:35] > magolek_09 added x5 Netherite ingot in auction for 500000.
[00:06:01] > ThatMidnight buy x5 Netherite ingot to magolek_09 for $500,000.
[00:06:06] > ThatMidnight remove x5 Netherite ingot from buy
[00:13:36] > .Knull2429 remove x1 Name tag from storage
[00:13:48] > .Knull2429 remove x1 Name tag from storage
[00:13:54] > .AppriXD added x1 §x§5§9§A§1§D§9§lA§x§7§5§B§1§D§Fr§x§9§0§C§0§E§6c§x§A§C§D§0§E§Ch§x§C§8§E§0§F§2a§x§E§3§E§F§F§9n§fg§x§E§3§E§F§F§9e§x§C§8§E§0§F§2l §x§9§0§C§0§E§6K§x§7§5§B§1§D§Fe§x§5§9§A§1§D§9y in auction for 4000000.
[00:15:52] > nachfaust remove x1 §f§l§x§8§A§0§0§F§FS§x§9§9§0§0§D§Bh§x§A§8§0§0§B§6i§x§B§7§0§0§9§2n§x§C§6§0§0§6§De§x§D§5§0§0§4§9 §x§E§4§0§0§2§4O§x§F§3§0§0§0§0n§x§E§4§0§0§2§4i§x§D§5§0§0§4§9 §x§C§6§0§0§6§DS§x§B§7§0§0§9§2t§x§A§8§0§0§B§6a§x§9§9§0§0§D§Bf§x§8§A§0§0§F§Ff from storage
[00:15:57] > Fogstrap added x1 §f§l§x§8§A§0§0§F§FS§x§9§8§0§0§D§Dh§x§A§6§0§0§B§Bi§x§B§4§0§0§9§9n§x§C§2§0§0§7§7e§x§D§0§0§0§5§5 §x§D§E§0§0§3§3O§x§E§C§0§0§1§1ni§x§D§E§0§0§3§3 §x§D§0§0§0§5§5S§x§C§2§0§0§7§7i§x§B§4§0§0§9§9c§x§A§6§0§0§B§Bk§x§9§8§0§0§D§Dl§x§8§A§0§0§F§Fe in auction for 3000000.
[00:16:05] > nachfaust added x1 §f§l§x§8§A§0§0§F§FS§x§9§9§0§0§D§Bh§x§A§8§0§0§B§6i§x§B§7§0§0§9§2n§x§C§6§0§0§6§De§x§D§5§0§0§4§9 §x§E§4§0§0§2§4O§x§F§3§0§0§0§0n§x§E§4§0§0§2§4i§x§D§5§0§0§4§9 §x§C§6§0§0§6§DS§x§B§7§0§0§9§2t§x§A§8§0§0§B§6a§x§9§9§0§0§D§Bf§x§8§A§0§0§F§Ff in auction for 1000000.
[00:19:00] > yxsin112 added x1 §x§F§C§9§0§5§C§lE§x§E§6§9§C§6§B§lp§x§C§F§A§7§7§A§li§x§B§9§B§3§8§9§lc §x§8§C§C§B§A§7§lC§x§7§5§D§6§B§6§lr§x§5§F§E§2§C§5§la§x§7§9§D§4§B§4§lt§x§9§3§C§7§A§2§le §x§C§8§A§B§7§F§lK§x§E§2§9§E§6§E§le§x§F§C§9§0§5§C§ly in auction for 1000000000000.
[00:26:50] > .AppriXD remove x1 §x§5§9§A§1§D§9§lA§x§7§5§B§1§D§Fr§x§9§0§C§0§E§6c§x§A§C§D§0§E§Ch§x§C§8§E§0§F§2a§x§E§3§E§F§F§9n§fg§x§E§3§E§F§F§9e§x§C§8§E§0§F§2l §x§9§0§C§0§E§6K§x§7§5§B§1§D§Fe§x§5§9§A§1§D§9y from storage
[00:26:56] > .AppriXD remove x1 §x§5§9§A§1§D§9§lA§x§7§5§B§1§D§Fr§x§9§0§C§0§E§6c§x§A§C§D§0§E§Ch§x§C§8§E§0§F§2a§x§E§3§E§F§F§9n§fg§x§E§3§E§F§F§9e§x§C§8§E§0§F§2l §x§9§0§C§0§E§6K§x§7§5§B§1§D§Fe§x§5§9§A§1§D§9y from expire
[00:28:02] > magolek_09 added x1 §x§E§5§1§B§1§B§lDracula Wings in auction for 2000000.
[00:28:51] > Icon_Skully remove x1 §x§6§0§0§0§F§F§lɢᴏᴅʟʏ ɪᴛᴇᴍ from storage
[00:35:50] > mumbowe777 added x1 §x§5§9§A§1§D§9§lA§x§6§B§A§B§D§Dr§x§7§E§B§6§E§1c§x§9§0§C§0§E§6h§x§A§3§C§B§E§Aa§x§B§5§D§5§E§En§x§C§8§E§0§F§2g§x§D§A§E§A§F§7e§x§E§D§F§5§F§Bl §x§E§A§F§3§F§AC§x§D§6§E§8§F§6r§x§C§1§D§C§F§1o§x§A§C§D§0§E§Cs§x§9§7§C§4§E§7s§x§8§3§B§9§E§3b§x§6§E§A§D§D§Eo§x§5§9§A§1§D§9w in auction for 1000001.
[00:42:25] > Fogstrap added x1 Netherite ingot in auction for 120000.
[00:43:00] > Ryzxc added x64 Packed ice in auction for 1000.
[00:43:13] > Ryzxc added x64 Packed ice in auction for 1000.
[00:43:39] > ThatMidnight buy x1 §x§F§F§3§E§0§0§lDemon Lord Wings to Zypher_0w0 for $4,500,000.
[00:43:46] > ThatMidnight remove x1 §x§F§F§3§E§0§0§lDemon Lord Wings from buy
[00:50:01] > .AppriXD buy x1 Netherite ingot to Fogstrap for $120,000.
[00:55:08] > belvi__ added x1 §x§F§F§5§5§0§0§lsᴇʟʟᴡᴀɴᴅ §6- 5.0x in auction for 500000.
[00:55:09] > Panda_Nooba added x1 §x§F§F§5§5§0§0§lsᴇʟʟᴡᴀɴᴅ §6- 5.0x in auction for 500000.
[00:55:19] > NoClarity added x1 §x§F§F§5§5§0§0§lsᴇʟʟᴡᴀɴᴅ §6- 5.0x in auction for 500000.
[00:55:21] > Panda_Nooba added x1 §x§F§F§5§5§0§0§lsᴇʟʟᴡᴀɴᴅ §6- 5.0x in auction for 500000.
[00:55:36] > 8it5inn added x1 §x§F§F§5§5§0§0§lsᴇʟʟᴡᴀɴᴅ §6- 10.0x in auction for 1300000.
[00:55:46] > NoClarity remove x1 §x§F§F§5§5§0§0§lsᴇʟʟᴡᴀɴᴅ §6- 5.0x form storage
[00:55:53] > 8it5inn added x1 §x§F§F§5§5§0§0§lsᴇʟʟᴡᴀɴᴅ §6- 5.0x in auction for 400000.
[00:55:58] > NoClarity added x1 §x§F§F§5§5§0§0§lsᴇʟʟᴡᴀɴᴅ §6- 5.0x in auction for 499999.
[00:56:18] > Panda_Nooba added x1 §fStrider Plushie §6(#86/101) in auction for 5000.
[00:56:23] > 8it5inn added x1 §f§l§8B§x§6§4§6§4§6§4a§x§7§4§7§4§7§4h§x§8§3§8§3§8§3a§x§9§3§9§3§9§3m§x§A§2§A§2§A§2ut§x§9§3§9§3§9§3 §x§8§3§8§3§8§3C§x§7§4§7§4§7§4l§x§6§4§6§4§6§4u§8b in auction for 500000.
[00:56:29] > Dentatsu buy x1 §fStrider Plushie §6(#86/101) to Panda_Nooba for $5,000.
[00:56:32] > Panda_Nooba added x1 §fCow Plushie §6(#26/101) in auction for 1000.
[00:56:39] > Antonie657 buy x1 §fCow Plushie §6(#26/101) to Panda_Nooba for $1,000.
[00:56:48] > Panda_Nooba remove x1 §x§F§F§5§5§0§0§lsᴇʟʟᴡᴀɴᴅ §6- 5.0x from storage
[00:56:49] > Panda_Nooba remove x1 §x§F§F§5§5§0§0§lsᴇʟʟᴡᴀɴᴅ §6- 5.0x from storage
[00:56:49] > Panda_Nooba remove x1 §x§F§F§7§C§0§0§lSteamsparks Leggings from storage
[00:56:50] > Ryzxc remove x64 Packed ice from storage
[00:56:50] > Fogstrap added x1 §x§F§F§5§5§0§0§lsᴇʟʟᴡᴀɴᴅ §6- 10.0x in auction for 800000.
[00:56:55] > Zypher_0w0 buy x1 §x§F§F§5§5§0§0§lsᴇʟʟᴡᴀɴᴅ §6- 10.0x to Fogstrap for $800,000.
[00:56:59] > Panda_Nooba added x1 §x§F§F§7§C§0§0§lSteamsparks Leggings in auction for 35000.
[00:57:00] > Zypher_0w0 buy x1 §x§F§F§5§5§0§0§lsᴇʟʟᴡᴀɴᴅ §6- 5.0x to NoClarity for $499,999.
[00:57:04] > Zypher_0w0 buy x1 §x§F§F§5§5§0§0§lsᴇʟʟᴡᴀɴᴅ §6- 5.0x to 8it5inn for $400,000.
[00:57:09] > Ryzxc added x1 §x§F§F§3§E§0§0§lSellwand Voucher in auction for 1000000.
[00:57:12] > yxsin112 added x1 §x§F§F§5§5§0§0§lsᴇʟʟᴡᴀɴᴅ §6- 5.0x in auction for 250000.
[00:57:12] > Panda_Nooba added x1 §x§F§F§5§5§0§0§lsᴇʟʟᴡᴀɴᴅ §6- 5.0x in auction for 450000.
[00:57:16] > Takeremu buy x1 §x§F§F§5§5§0§0§lsᴇʟʟᴡᴀɴᴅ §6- 5.0x to yxsin112 for $250,000.
[00:57:18] > Zypher_0w0 buy x1 §x§F§F§5§5§0§0§lsᴇʟʟᴡᴀɴᴅ §6- 5.0x to .AppriXD for $400,000.
[00:57:25] > Panda_Nooba added x1 §x§F§F§5§5§0§0§lsᴇʟʟᴡᴀɴᴅ §6- 5.0x in auction for 450000.
[00:57:26] > Zypher_0w0 buy x1 §x§F§F§5§5§0§0§lsᴇʟʟᴡᴀɴᴅ §6- 5.0x to Panda_Nooba for $450,000.
[00:57:29] > Zypher_0w0 buy x1 §x§F§F§5§5§0§0§lsᴇʟʟᴡᴀɴᴅ §6- 5.0x to Panda_Nooba for $450,000.
[00:58:07] > Dentatsu added x1 §x§F§F§5§5§0§0§lsᴇʟʟᴡᴀɴᴅ §6- 5.0x in auction for 300000.
[00:58:11] > Unforce01 buy x1 §x§F§F§5§5§0§0§lsᴇʟʟᴡᴀɴᴅ §6- 5.0x to Dentatsu for $300,000.
[00:58:24] > Dentatsu added x1 §x§F§F§5§5§0§0§lsᴇʟʟᴡᴀɴᴅ §6- 5.0x in auction for 300000.
[00:58:27] > Antonie657 buy x1 §x§F§F§5§5§0§0§lsᴇʟʟᴡᴀɴᴅ §6- 5.0x to Dentatsu for $300,000.
[00:58:30] > Kokiqi added x1 §x§F§F§5§5§0§0§lsᴇʟʟᴡᴀɴᴅ §6- 5.0x in auction for 450000.
[00:58:32] > azuyeca buy x1 §x§F§F§5§5§0§0§lsᴇʟʟᴡᴀɴᴅ §6- 5.0x to Kokiqi for $450,000.
[00:58:58] > Antonie657 remove x1 §x§F§F§5§5§0§0§lsᴇʟʟᴡᴀɴᴅ §6- 5.0x from buy
[00:58:59] > Antonie657 remove x1 §fCow Plushie §6(#26/101) from buy
[00:59:13] > Kokiqi added x1 §x§F§F§5§5§0§0§lsᴇʟʟᴡᴀɴᴅ §6- 5.0x in auction for 490000.
[00:59:19] > Zypher_0w0 buy x1 §x§F§F§5§5§0§0§lsᴇʟʟᴡᴀɴᴅ §6- 5.0x to Kokiqi for $490,000.
[00:59:23] > .JakeTheMiner457 added x1 Beacon in auction for 170000.
[00:59:25] > Unforce01 remove x1 §x§F§F§5§5§0§0§lsᴇʟʟᴡᴀɴᴅ §6- 5.0x form buy
[00:59:39] > Ryzxc remove x1 §x§F§F§3§E§0§0§lSellwand Voucher from storage
[00:59:45] > Antonie657 added x1 §x§F§F§5§5§0§0§lsᴇʟʟᴡᴀɴᴅ §6- 5.0x in auction for 400000.
[00:59:48] > Panda_Nooba buy x1 §x§F§F§5§5§0§0§lsᴇʟʟᴡᴀɴᴅ §6- 5.0x to Antonie657 for $400,000.
[00:59:54] > Ryzxc added x1 §x§F§F§3§E§0§0§lSellwand Voucher in auction for 500000.
[00:59:56] > Kokiqi added x1 §f§l§x§8§A§0§0§F§FS§x§9§C§0§0§D§5h§x§A§D§0§0§A§Ai§x§B§F§0§0§8§0n§x§D§0§0§0§5§5e§x§E§2§0§0§2§B §x§F§3§0§0§0§0O§x§E§2§0§0§2§An§x§D§0§0§0§5§5i§x§B§F§0§0§8§0 §x§A§D§0§0§A§AH§x§9§C§0§0§D§5o§x§8§A§0§0§F§Fe in auction for 990000.
[00:59:58] > Zypher_0w0 buy x1 §x§F§F§3§E§0§0§lSellwand Voucher to Ryzxc for $500,000.
[01:00:00] > Panda_Nooba remove x1 §x§F§F§5§5§0§0§lsᴇʟʟᴡᴀɴᴅ §6- 5.0x from buy
[01:00:06] > Panda_Nooba added x1 §x§F§F§5§5§0§0§lsᴇʟʟᴡᴀɴᴅ §6- 5.0x in auction for 450000.
[01:00:11] > Zypher_0w0 remove x1 §x§F§F§3§E§0§0§lSellwand Voucher from buy
[01:00:19] > namerikangel buy x1 §x§F§F§5§5§0§0§lsᴇʟʟᴡᴀɴᴅ §6- 5.0x to Panda_Nooba for $450,000.
[01:00:22] > 8it5inn remove x1 Breeze rod from storage
[01:00:35] > namerikangel remove x1 §x§F§F§5§5§0§0§lsᴇʟʟᴡᴀɴᴅ §6- 5.0x from buy
[01:01:04] > Zypher_0w0 buy x1 §x§F§F§5§5§0§0§lsᴇʟʟᴡᴀɴᴅ §6- 5.0x to koshie for $500,000.
[01:01:09] > Zypher_0w0 buy x1 §x§F§F§5§5§0§0§lsᴇʟʟᴡᴀɴᴅ §6- 5.0x to koshie for $500,000.
[01:01:27] > Kokiqi added x1 §x§E§5§1§B§1§B§lDracula Shovel in auction for 150000.
[01:02:08] > Kokiqi added x1 §x§F§F§5§5§0§0§lsᴇʟʟᴡᴀɴᴅ §6- 5.0x in auction for 490000.
[01:02:34] > Zypher_0w0 buy x1 §x§F§F§5§5§0§0§lsᴇʟʟᴡᴀɴᴅ §6- 5.0x to Kokiqi for $490,000.
[01:03:04] > Zypher_0w0 remove x1 §x§F§F§5§5§0§0§lsᴇʟʟᴡᴀɴᴅ §6- 10.0x from buy
[01:03:12] > 8it5inn remove x1 §x§F§F§5§5§0§0§lsᴇʟʟᴡᴀɴᴅ §6- 10.0x from storage
[01:03:21] > 8it5inn added x1 §x§F§F§5§5§0§0§lsᴇʟʟᴡᴀɴᴅ §6- 10.0x in auction for 1250000.
[01:03:39] > Zypher_0w0 buy x1 §x§F§F§5§5§0§0§lsᴇʟʟᴡᴀɴᴅ §6- 10.0x to 8it5inn for $1,250,000.
[01:03:52] > Zypher_0w0 remove x1 §x§F§F§5§5§0§0§lsᴇʟʟᴡᴀɴᴅ §6- 10.0x from buy
[01:04:54] > tic_sz added x1 §fDragonite Hat in auction for 1500000.
[01:05:06] > tic_sz added x1 §fDragonite Tail in auction for 1500000.
[01:06:44] > Fogstrap remove x1 §f§l§x§8§A§0§0§F§FS§x§9§8§0§0§D§Dh§x§A§6§0§0§B§Bi§x§B§4§0§0§9§9n§x§C§2§0§0§7§7e§x§D§0§0§0§5§5 §x§D§E§0§0§3§3O§x§E§C§0§0§1§1ni§x§D§E§0§0§3§3 §x§D§0§0§0§5§5S§x§C§2§0§0§7§7i§x§B§4§0§0§9§9c§x§A§6§0§0§B§Bk§x§9§8§0§0§D§Dl§x§8§A§0§0§F§Fe form storage
[01:06:44] > Fogstrap remove x1 §x§F§F§3§E§0§0§lD§x§F§F§3§6§0§0§le§x§F§F§2§F§0§0§lm§x§F§F§2§7§0§0§lo§x§F§F§1§F§0§0§ln §x§F§F§1§0§0§0§lL§x§F§F§0§8§0§0§lo§x§F§F§0§0§0§0§lr§x§F§F§0§9§0§0§ld §x§F§F§1§B§0§0§lS§x§F§F§2§3§0§0§lt§x§F§F§2§C§0§0§la§x§F§F§3§5§0§0§lf§x§F§F§3§E§0§0§lf form storage
[01:07:01] > Fogstrap added x1 §x§F§F§3§E§0§0§lD§x§F§F§3§6§0§0§le§x§F§F§2§F§0§0§lm§x§F§F§2§7§0§0§lo§x§F§F§1§F§0§0§ln §x§F§F§1§0§0§0§lL§x§F§F§0§8§0§0§lo§x§F§F§0§0§0§0§lr§x§F§F§0§9§0§0§ld §x§F§F§1§B§0§0§lS§x§F§F§2§3§0§0§lt§x§F§F§2§C§0§0§la§x§F§F§3§5§0§0§lf§x§F§F§3§E§0§0§lf in auction for 500000.
[01:09:59] > tic_sz remove x1 §f§l§8B§x§6§2§6§2§6§2a§x§6§F§6§F§6§Fh§x§7§C§7§C§7§Ca§x§8§9§8§9§8§9m§x§9§6§9§6§9§6u§x§A§3§A§3§A§3t §x§9§6§9§6§9§6S§x§8§9§8§9§8§9h§x§7§C§7§C§7§Ci§x§6§F§6§F§6§Fe§x§6§2§6§2§6§2l§8d from storage
[01:12:20] > ry9191 buy x1 §fDragonite Hat to tic_sz for $1,500,000.
[01:12:23] > ry9191 buy x1 §fDragonite Tail to tic_sz for $1,500,000.
[01:12:34] > ry9191 remove x1 §fDragonite Tail form buy
[01:12:34] > ry9191 remove x1 §fDragonite Hat form buy
[01:14:17] > ry9191 remove x1 §f§l§x§8§A§0§0§F§FS§x§9§C§0§0§D§5h§x§A§D§0§0§A§Ai§x§B§F§0§0§8§0n§x§D§0§0§0§5§5e§x§E§2§0§0§2§B §x§F§3§0§0§0§0O§x§E§2§0§0§2§An§x§D§0§0§0§5§5i§x§B§F§0§0§8§0 §x§A§D§0§0§A§AB§x§9§C§0§0§D§5o§x§8§A§0§0§F§Fw form storage
[01:14:17] > ry9191 remove x1 §f§l§x§8§A§0§0§F§FS§x§9§C§0§0§D§5h§x§A§D§0§0§A§Ai§x§B§F§0§0§8§0n§x§D§0§0§0§5§5e§x§E§2§0§0§2§B §x§F§3§0§0§0§0O§x§E§2§0§0§2§An§x§D§0§0§0§5§5i§x§B§F§0§0§8§0 §x§A§D§0§0§A§AB§x§9§C§0§0§D§5o§x§8§A§0§0§F§Fw form storage
[01:14:17] > ry9191 remove x1 §f§l§x§8§A§0§0§F§FS§x§9§5§0§0§E§4h§x§A§0§0§0§C§9i§x§A§B§0§0§A§En§x§B§6§0§0§9§4e§x§C§1§0§0§7§9 §x§C§C§0§0§5§EO§x§D§7§0§0§4§3n§x§E§2§0§0§2§8i§x§E§D§0§0§0§D B§x§E§2§0§0§2§8a§x§D§7§0§0§4§3t§x§C§C§0§0§5§Et§x§C§1§0§0§7§9l§x§B§6§0§0§9§4e§x§A§B§0§0§A§E §x§A§0§0§0§C§9A§x§9§5§0§0§E§4x§x§8§A§0§0§F§Fe form storage
[01:14:31] > ry9191 added x1 §f§l§x§8§A§0§0§F§FS§x§9§C§0§0§D§5h§x§A§D§0§0§A§Ai§x§B§F§0§0§8§0n§x§D§0§0§0§5§5e§x§E§2§0§0§2§B §x§F§3§0§0§0§0O§x§E§2§0§0§2§An§x§D§0§0§0§5§5i§x§B§F§0§0§8§0 §x§A§D§0§0§A§AB§x§9§C§0§0§D§5o§x§8§A§0§0§F§Fw in auction for 1500000.
[01:14:46] > ry9191 added x1 §f§l§x§8§A§0§0§F§FS§x§9§5§0§0§E§4h§x§A§0§0§0§C§9i§x§A§B§0§0§A§En§x§B§6§0§0§9§4e§x§C§1§0§0§7§9 §x§C§C§0§0§5§EO§x§D§7§0§0§4§3n§x§E§2§0§0§2§8i§x§E§D§0§0§0§D B§x§E§2§0§0§2§8a§x§D§7§0§0§4§3t§x§C§C§0§0§5§Et§x§C§1§0§0§7§9l§x§B§6§0§0§9§4e§x§A§B§0§0§A§E §x§A§0§0§0§C§9A§x§9§5§0§0§E§4x§x§8§A§0§0§F§Fe in auction for 1500000.
[01:14:56] > ry9191 added x1 §f§l§x§8§A§0§0§F§FS§x§9§C§0§0§D§5h§x§A§D§0§0§A§Ai§x§B§F§0§0§8§0n§x§D§0§0§0§5§5e§x§E§2§0§0§2§B §x§F§3§0§0§0§0O§x§E§2§0§0§2§An§x§D§0§0§0§5§5i§x§B§F§0§0§8§0 §x§A§D§0§0§A§AB§x§9§C§0§0§D§5o§x§8§A§0§0§F§Fw in auction for 1500000.
[01:21:21] > Antonie657 added x1 §f§l§x§F§C§D§0§5§CW§x§F§B§B§0§4§Eu§x§F§9§9§0§4§0k§x§F§8§7§0§3§2o§x§F§6§5§0§2§3n§x§F§5§3§0§1§5g§x§F§4§1§0§0§7 H§x§F§5§3§0§1§5a§x§F§6§5§0§2§3l§x§F§8§7§0§3§2b§x§F§9§9§0§4§0e§x§F§B§B§0§4§Er§x§F§C§D§0§5§Cd in auction for 900000.
[01:23:26] > Antonie657 added x1 §fCat Plushie (Tuxedo) §6(#22/101) in auction for 90000.
[01:26:43] > tic_sz added x1 §fKingdra Hat in auction for 1500000.
[01:29:56] > tic_sz added x1 §fNaganadel Tail in auction for 1590000.
[01:32:06] > Zypher_0w0 added x1 Enchanted book in auction for 3200.
[01:32:12] > Antonie657 buy x1 Enchanted book to Zypher_0w0 for $3,200.
[01:32:22] > Zypher_0w0 added x1 Enchanted book in auction for 3200.
[01:32:24] > Antonie657 buy x1 Enchanted book to Zypher_0w0 for $3,200.
[01:32:44] > Zypher_0w0 added x1 Enchanted book in auction for 3200.
[01:32:46] > Antonie657 buy x1 Enchanted book to Zypher_0w0 for $3,200.
[01:32:55] > Zypher_0w0 added x1 Enchanted book in auction for 32000.
[01:33:05] > Zypher_0w0 remove x1 Enchanted book from storage
[01:33:21] > Zypher_0w0 added x1 Enchanted book in auction for 3200.
[01:33:26] > Ryzxc buy x1 Enchanted book to Zypher_0w0 for $3,200.
[01:33:39] > Zypher_0w0 added x1 Enchanted book in auction for 3200.
[01:33:42] > azuyeca buy x1 Enchanted book to Zypher_0w0 for $3,200.
[01:36:22] > .JakeTheMiner457 added x1 Beacon in auction for 170000.
[01:59:29] > magolek_09 remove x1 §x§E§5§1§B§1§B§lDracula Wings from storage
[02:00:53] > magolek_09 added x1 §x§E§5§1§B§1§B§lDracula Wings in auction for 1200000.
[02:02:10] > Dentatsu remove x1 §fStrider Plushie §6(#86/101) from buy
[02:08:42] > Panda_Nooba added x1 §f§l§x§F§C§D§0§5§CW§x§F§A§A§2§4§8u§x§F§8§7§4§3§3k§x§F§6§4§5§1§Fo§x§F§4§1§7§0§Ang§x§F§6§4§5§1§F §x§F§8§7§4§3§3H§x§F§A§A§2§4§8o§x§F§C§D§0§5§Ce in auction for 55000.
[02:08:51] > Antonie657 buy x1 §f§l§x§F§C§D§0§5§CW§x§F§A§A§2§4§8u§x§F§8§7§4§3§3k§x§F§6§4§5§1§Fo§x§F§4§1§7§0§Ang§x§F§6§4§5§1§F §x§F§8§7§4§3§3H§x§F§A§A§2§4§8o§x§F§C§D§0§5§Ce to Panda_Nooba for $55,000.
[02:28:25] > magolek_09 remove x1 Diamond pickaxe from storage
[02:40:29] > auvicious added x1 §x§F§F§5§5§0§0§lsᴇʟʟᴡᴀɴᴅ §6- 5.0x in auction for 550000.
[02:40:34] > auvicious remove x1 §x§F§F§5§5§0§0§lsᴇʟʟᴡᴀɴᴅ §6- 5.0x from storage
[02:40:48] > auvicious added x1 §x§F§F§5§5§0§0§lsᴇʟʟᴡᴀɴᴅ §6- 5.0x in auction for 550000.
[02:48:20] > auvicious buy x5 §x§F§C§D§0§5§C§lB§x§E§6§D§3§6§B§la§x§C§F§D§5§7§A§ls§x§B§9§D§8§8§9§li§x§A§2§D§A§9§8§lc §x§7§5§D§F§B§6§lC§x§5§F§E§2§C§5§lr§x§7§5§D§F§B§6§la§x§8§C§D§D§A§7§lt§x§A§2§D§A§9§8§le §x§C§F§D§5§7§A§lK§x§E§6§D§3§6§B§le§x§F§C§D§0§5§C§ly to Callistrix for $300,000.
[02:48:25] > auvicious buy x5 §x§F§C§9§0§5§C§lE§x§E§6§9§C§6§B§lp§x§C§F§A§7§7§A§li§x§B§9§B§3§8§9§lc §x§8§C§C§B§A§7§lC§x§7§5§D§6§B§6§lr§x§5§F§E§2§C§5§la§x§7§9§D§4§B§4§lt§x§9§3§C§7§A§2§le §x§C§8§A§B§7§F§lK§x§E§2§9§E§6§E§le§x§F§C§9§0§5§C§ly to Callistrix for $300,000.
[02:48:29] > x1 Shulker box, bought by Unforce01, has just expired, the item is definitively deleted.
[02:48:30] > auvicious remove x5 §x§F§C§D§0§5§C§lB§x§E§6§D§3§6§B§la§x§C§F§D§5§7§A§ls§x§B§9§D§8§8§9§li§x§A§2§D§A§9§8§lc §x§7§5§D§F§B§6§lC§x§5§F§E§2§C§5§lr§x§7§5§D§F§B§6§la§x§8§C§D§D§A§7§lt§x§A§2§D§A§9§8§le §x§C§F§D§5§7§A§lK§x§E§6§D§3§6§B§le§x§F§C§D§0§5§C§ly form buy
[02:48:30] > auvicious remove x5 §x§F§C§9§0§5§C§lE§x§E§6§9§C§6§B§lp§x§C§F§A§7§7§A§li§x§B§9§B§3§8§9§lc §x§8§C§C§B§A§7§lC§x§7§5§D§6§B§6§lr§x§5§F§E§2§C§5§la§x§7§9§D§4§B§4§lt§x§9§3§C§7§A§2§le §x§C§8§A§B§7§F§lK§x§E§2§9§E§6§E§le§x§F§C§9§0§5§C§ly form buy
[02:49:42] > auvicious added x1 §x§E§5§1§B§1§B§lDracula Hoe in auction for 200000.
[02:51:14] > Panda_Nooba remove x1 §x§F§F§7§C§0§0§lSteamsparks Leggings from storage
[03:00:46] > Panda_Nooba buy x1 Totem of undying to .AyakoKoru for $25,000.
[03:00:53] > Panda_Nooba remove x1 Totem of undying from buy
[03:03:35] > Panda_Nooba buy x1 §x§F§F§7§C§0§0§lSteamsparks Boots to Johng10910 for $100,000.
[03:06:08] > 8it5inn remove x1 §f§l§8B§x§6§4§6§4§6§4a§x§7§4§7§4§7§4h§x§8§3§8§3§8§3a§x§9§3§9§3§9§3m§x§A§2§A§2§A§2ut§x§9§3§9§3§9§3 §x§8§3§8§3§8§3C§x§7§4§7§4§7§4l§x§6§4§6§4§6§4u§8b from storage
[03:06:20] > Panda_Nooba remove x1 §x§F§F§7§C§0§0§lSteamsparks Boots from buy
[03:06:23] > 8it5inn added x1 §f§l§8B§x§6§4§6§4§6§4a§x§7§4§7§4§7§4h§x§8§3§8§3§8§3a§x§9§3§9§3§9§3m§x§A§2§A§2§A§2ut§x§9§3§9§3§9§3 §x§8§3§8§3§8§3C§x§7§4§7§4§7§4l§x§6§4§6§4§6§4u§8b in auction for 300000.
[03:06:33] > Antonie657 buy x1 §f§l§8B§x§6§4§6§4§6§4a§x§7§4§7§4§7§4h§x§8§3§8§3§8§3a§x§9§3§9§3§9§3m§x§A§2§A§2§A§2ut§x§9§3§9§3§9§3 §x§8§3§8§3§8§3C§x§7§4§7§4§7§4l§x§6§4§6§4§6§4u§8b to 8it5inn for $300,000.
[03:07:16] > Antonie657 remove x1 §f§l§8B§x§6§4§6§4§6§4a§x§7§4§7§4§7§4h§x§8§3§8§3§8§3a§x§9§3§9§3§9§3m§x§A§2§A§2§A§2ut§x§9§3§9§3§9§3 §x§8§3§8§3§8§3C§x§7§4§7§4§7§4l§x§6§4§6§4§6§4u§8b from buy
[03:07:19] > Antonie657 remove x1 §f§l§x§F§C§D§0§5§CW§x§F§A§A§2§4§8u§x§F§8§7§4§3§3k§x§F§6§4§5§1§Fo§x§F§4§1§7§0§Ang§x§F§6§4§5§1§F §x§F§8§7§4§3§3H§x§F§A§A§2§4§8o§x§F§C§D§0§5§Ce from buy
[03:07:19] > Antonie657 remove x1 Enchanted book from buy
[03:07:20] > Antonie657 remove x1 Enchanted book from buy
[03:07:20] > Antonie657 remove x1 Enchanted book from buy
[03:10:23] > Julene added x1 §x§F§F§3§E§0§0§lD§x§F§F§3§8§0§0§le§x§F§F§3§2§0§0§lm§x§F§F§2§B§0§0§lo§x§F§F§2§5§0§0§ln §x§F§F§1§9§0§0§lL§x§F§F§1§3§0§0§lo§x§F§F§0§C§0§0§lr§x§F§F§0§6§0§0§ld §x§F§F§0§6§0§0§lB§x§F§F§0§C§0§0§la§x§F§F§1§3§0§0§lt§x§F§F§1§9§0§0§lt§x§F§F§1§F§0§0§ll§x§F§F§2§5§0§0§le §x§F§F§3§2§0§0§lA§x§F§F§3§8§0§0§lx§x§F§F§3§E§0§0§le in auction for 550000.
[03:12:47] > Antonie657 added x1 §f§l§8B§x§6§4§6§4§6§4a§x§7§4§7§4§7§4h§x§8§3§8§3§8§3a§x§9§3§9§3§9§3m§x§A§2§A§2§A§2ut§x§9§3§9§3§9§3 §x§8§3§8§3§8§3C§x§7§4§7§4§7§4l§x§6§4§6§4§6§4u§8b in auction for 800000.
[03:14:36] > Antonie657 added x1 §f§l§x§F§C§D§0§5§CW§x§F§A§A§2§4§8u§x§F§8§7§4§3§3k§x§F§6§4§5§1§Fo§x§F§4§1§7§0§Ang§x§F§6§4§5§1§F §x§F§8§7§4§3§3H§x§F§A§A§2§4§8o§x§F§C§D§0§5§Ce in auction for 400000.
[03:19:03] > Xavier881 added x1 LF AXOLOTL BUCKETS, WILL PAY 70k each in auction for 70000.
[03:21:50] > nachfaust remove x1 Netherite leggings from storage
[03:22:01] > nachfaust added x1 §f§l§x§F§C§D§0§5§CW§x§F§A§A§A§4§Bu§x§F§9§8§4§3§Bk§x§F§7§5§F§2§Ao§x§F§5§3§9§1§9n§x§F§4§1§3§0§8g §x§F§5§3§9§1§9W§x§F§7§5§F§2§Ai§x§F§9§8§4§3§Bn§x§F§A§A§A§4§Bg§x§F§C§D§0§5§Cs in auction for 1000000.
[03:22:11] > Xavier881 buy x1 §f§l§x§F§C§D§0§5§CW§x§F§A§A§A§4§Bu§x§F§9§8§4§3§Bk§x§F§7§5§F§2§Ao§x§F§5§3§9§1§9n§x§F§4§1§3§0§8g §x§F§5§3§9§1§9W§x§F§7§5§F§2§Ai§x§F§9§8§4§3§Bn§x§F§A§A§A§4§Bg§x§F§C§D§0§5§Cs to nachfaust for $1,000,000.
[03:22:17] > Xavier881 remove x1 §f§l§x§F§C§D§0§5§CW§x§F§A§A§A§4§Bu§x§F§9§8§4§3§Bk§x§F§7§5§F§2§Ao§x§F§5§3§9§1§9n§x§F§4§1§3§0§8g §x§F§5§3§9§1§9W§x§F§7§5§F§2§Ai§x§F§9§8§4§3§Bn§x§F§A§A§A§4§Bg§x§F§C§D§0§5§Cs from buy
[03:22:53] > nachfaust added x1 §f§l§x§8§A§0§0§F§FS§x§9§6§0§0§E§3h§x§A§1§0§0§C§6i§x§A§D§0§0§A§An§x§B§9§0§0§8§Ee§x§C§4§0§0§7§1 §x§D§0§0§0§5§5O§x§D§C§0§0§3§9n§x§E§7§0§0§1§Ci§x§F§3§0§0§0§0 §x§E§7§0§0§1§CB§x§D§C§0§0§3§9i§x§D§0§0§0§5§5g§x§C§4§0§0§7§1 §x§B§9§0§0§8§ES§x§A§D§0§0§A§Aw§x§A§1§0§0§C§6o§x§9§6§0§0§E§3r§x§8§A§0§0§F§Fd in auction for 1000000.
[03:29:05] > Panda_Nooba added x1 Pink harness in auction for 5000.
[03:29:34] > Antonie657 buy x1 §f§l§x§8§A§0§0§F§FS§x§9§6§0§0§E§3h§x§A§1§0§0§C§6i§x§A§D§0§0§A§An§x§B§9§0§0§8§Ee§x§C§4§0§0§7§1 §x§D§0§0§0§5§5O§x§D§C§0§0§3§9n§x§E§7§0§0§1§Ci§x§F§3§0§0§0§0 §x§E§7§0§0§1§CB§x§D§C§0§0§3§9i§x§D§0§0§0§5§5g§x§C§4§0§0§7§1 §x§B§9§0§0§8§ES§x§A§D§0§0§A§Aw§x§A§1§0§0§C§6o§x§9§6§0§0§E§3r§x§8§A§0§0§F§Fd to nachfaust for $1,000,000.
[03:29:46] > Antonie657 remove x1 §f§l§x§F§C§D§0§5§CW§x§F§A§A§2§4§8u§x§F§8§7§4§3§3k§x§F§6§4§5§1§Fo§x§F§4§1§7§0§Ang§x§F§6§4§5§1§F §x§F§8§7§4§3§3H§x§F§A§A§2§4§8o§x§F§C§D§0§5§Ce from storage
[03:29:54] > Antonie657 remove x1 §f§l§x§8§A§0§0§F§FS§x§9§6§0§0§E§3h§x§A§1§0§0§C§6i§x§A§D§0§0§A§An§x§B§9§0§0§8§Ee§x§C§4§0§0§7§1 §x§D§0§0§0§5§5O§x§D§C§0§0§3§9n§x§E§7§0§0§1§Ci§x§F§3§0§0§0§0 §x§E§7§0§0§1§CB§x§D§C§0§0§3§9i§x§D§0§0§0§5§5g§x§C§4§0§0§7§1 §x§B§9§0§0§8§ES§x§A§D§0§0§A§Aw§x§A§1§0§0§C§6o§x§9§6§0§0§E§3r§x§8§A§0§0§F§Fd from buy
[03:30:16] > magolek_09 remove x1 §x§E§5§1§B§1§B§lDracula Wings from storage
[03:30:37] > nachfaust added x1 §x§5§9§A§1§D§9§lA§x§7§5§B§1§D§Fr§x§9§0§C§0§E§6c§x§A§C§D§0§E§Ch§x§C§8§E§0§F§2a§x§E§3§E§F§F§9n§fg§x§E§3§E§F§F§9e§x§C§8§E§0§F§2l §x§9§0§C§0§E§6B§x§7§5§B§1§D§Fo§x§5§9§A§1§D§9w in auction for 1500000.
[03:30:47] > Antonie657 remove x1 §f§l§x§F§C§D§0§5§CW§x§F§A§A§2§4§8u§x§F§8§7§4§3§3k§x§F§6§4§5§1§Fo§x§F§4§1§7§0§Ang§x§F§6§4§5§1§F §x§F§8§7§4§3§3H§x§F§A§A§2§4§8o§x§F§C§D§0§5§Ce from expire
[03:30:58] > Antonie657 added x1 §f§l§x§F§C§D§0§5§CW§x§F§A§A§2§4§8u§x§F§8§7§4§3§3k§x§F§6§4§5§1§Fo§x§F§4§1§7§0§Ang§x§F§6§4§5§1§F §x§F§8§7§4§3§3H§x§F§A§A§2§4§8o§x§F§C§D§0§5§Ce in auction for 300000.
[03:31:54] > Panda_Nooba remove x1 Pink harness from storage
[03:32:29] > Antonie657 added x1 §x§E§5§1§B§1§B§lDracula Staff in auction for 300000.
[03:32:50] > Antonie657 remove x1 §f§l§8B§x§6§4§6§4§6§4a§x§7§4§7§4§7§4h§x§8§3§8§3§8§3a§x§9§3§9§3§9§3m§x§A§2§A§2§A§2ut§x§9§3§9§3§9§3 §x§8§3§8§3§8§3C§x§7§4§7§4§7§4l§x§6§4§6§4§6§4u§8b from storage
[03:32:57] > Antonie657 remove x1 §f§l§8B§x§6§4§6§4§6§4a§x§7§4§7§4§7§4h§x§8§3§8§3§8§3a§x§9§3§9§3§9§3m§x§A§2§A§2§A§2ut§x§9§3§9§3§9§3 §x§8§3§8§3§8§3C§x§7§4§7§4§7§4l§x§6§4§6§4§6§4u§8b from expire
[03:33:16] > Antonie657 added x1 §f§l§8B§x§6§4§6§4§6§4a§x§7§4§7§4§7§4h§x§8§3§8§3§8§3a§x§9§3§9§3§9§3m§x§A§2§A§2§A§2ut§x§9§3§9§3§9§3 §x§8§3§8§3§8§3C§x§7§4§7§4§7§4l§x§6§4§6§4§6§4u§8b in auction for 700000.
[03:36:30] > Antonie657 remove x1 §f§l§8B§x§6§4§6§4§6§4a§x§7§4§7§4§7§4h§x§8§3§8§3§8§3a§x§9§3§9§3§9§3m§x§A§2§A§2§A§2ut§x§9§3§9§3§9§3 §x§8§3§8§3§8§3C§x§7§4§7§4§7§4l§x§6§4§6§4§6§4u§8b from storage
[03:36:37] > Antonie657 remove x1 §f§l§8B§x§6§4§6§4§6§4a§x§7§4§7§4§7§4h§x§8§3§8§3§8§3a§x§9§3§9§3§9§3m§x§A§2§A§2§A§2ut§x§9§3§9§3§9§3 §x§8§3§8§3§8§3C§x§7§4§7§4§7§4l§x§6§4§6§4§6§4u§8b from expire
[03:36:51] > Antonie657 added x1 §f§l§8B§x§6§4§6§4§6§4a§x§7§4§7§4§7§4h§x§8§3§8§3§8§3a§x§9§3§9§3§9§3m§x§A§2§A§2§A§2ut§x§9§3§9§3§9§3 §x§8§3§8§3§8§3C§x§7§4§7§4§7§4l§x§6§4§6§4§6§4u§8b in auction for 650000.
[03:37:06] > Antonie657 remove x1 §x§E§5§1§B§1§B§lDracula Staff from storage
[03:37:14] > Antonie657 remove x1 §x§E§5§1§B§1§B§lDracula Staff from expire
[03:37:26] > Antonie657 added x1 §x§E§5§1§B§1§B§lDracula Staff in auction for 250000.
[03:52:20] > Antonie657 remove x1 §f§l§x§F§C§D§0§5§CW§x§F§A§A§2§4§8u§x§F§8§7§4§3§3k§x§F§6§4§5§1§Fo§x§F§4§1§7§0§Ang§x§F§6§4§5§1§F §x§F§8§7§4§3§3H§x§F§A§A§2§4§8o§x§F§C§D§0§5§Ce from storage
[03:52:28] > Antonie657 remove x1 §f§l§x§F§C§D§0§5§CW§x§F§A§A§2§4§8u§x§F§8§7§4§3§3k§x§F§6§4§5§1§Fo§x§F§4§1§7§0§Ang§x§F§6§4§5§1§F §x§F§8§7§4§3§3H§x§F§A§A§2§4§8o§x§F§C§D§0§5§Ce from expire
[03:52:38] > Antonie657 added x1 §f§l§x§F§C§D§0§5§CW§x§F§A§A§2§4§8u§x§F§8§7§4§3§3k§x§F§6§4§5§1§Fo§x§F§4§1§7§0§Ang§x§F§6§4§5§1§F §x§F§8§7§4§3§3H§x§F§A§A§2§4§8o§x§F§C§D§0§5§Ce in auction for 250000.
[03:58:21] > Antonie657 remove x1 §fCat Plushie (Tuxedo) §6(#22/101) from storage
[04:01:06] > Xavier881 remove x2 Ominous trial key from expire
[04:01:06] > Xavier881 remove x1 Music disc lava chicken from expire
[04:01:14] > Xavier881 added x2 Ominous trial key in auction for 300000.
[04:26:13] > magolek_09 added x1 §x§E§5§1§B§1§B§lDracula Wings in auction for 600000.
[04:27:14] > magolek_09 remove x1 §x§E§5§1§B§1§B§lDracula Wings from storage
[04:27:14] > Ch4r_380 buy x1 Enchanted book to Malachkite for $50,000.
[04:27:19] > Ch4r_380 remove x1 Enchanted book from buy
[04:27:23] > magolek_09 added x1 §x§E§5§1§B§1§B§lDracula Wings in auction for 550000.
[04:27:27] > Icon_Skully buy x1 §x§E§5§1§B§1§B§lDracula Wings to magolek_09 for $550,000.
[04:32:15] > auvicious added x5 Ominous trial key in auction for 800000.
[04:41:05] > Antonie657 remove x1 §x§E§5§1§B§1§B§lDracula Staff from storage
[04:41:14] > Antonie657 remove x1 §x§E§5§1§B§1§B§lDracula Staff from expire
[04:41:28] > Antonie657 added x1 §x§E§5§1§B§1§B§lDracula Staff in auction for 200000.
[04:41:47] > magolek_09 added x4 Netherite ingot in auction for 500000.
[04:41:59] > magolek_09 added x4 Netherite ingot in auction for 500000.
[04:50:41] > auvicious remove x5 Ominous trial key from storage
[05:05:13] > auvicious added x4 Ominous trial key in auction for 750000.
[05:16:14] > auvicious added x1 Trial key in auction for 10000.
[05:26:34] > khenjieMC remove x1 §f§l§x§F§A§0§0§0§AD§x§F§A§1§E§1§6a§x§F§B§3§B§2§1r§x§F§B§5§9§2§Dk§x§F§B§7§7§3§9f§x§F§B§9§5§4§5l§x§F§C§B§2§5§0a§x§F§C§D§0§5§Cm§x§F§C§B§2§5§0e§x§F§B§9§5§4§5 §x§F§B§7§7§3§9S§x§F§B§5§9§2§Dp§x§F§B§3§B§2§1e§x§F§A§1§E§1§6a§x§F§A§0§0§0§Ar from storage
[05:26:49] > khenjieMC added x1 §f§l§x§F§A§0§0§0§AD§x§F§A§1§E§1§6a§x§F§B§3§B§2§1r§x§F§B§5§9§2§Dk§x§F§B§7§7§3§9f§x§F§B§9§5§4§5l§x§F§C§B§2§5§0a§x§F§C§D§0§5§Cm§x§F§C§B§2§5§0e§x§F§B§9§5§4§5 §x§F§B§7§7§3§9S§x§F§B§5§9§2§Dp§x§F§B§3§B§2§1e§x§F§A§1§E§1§6a§x§F§A§0§0§0§Ar in auction for 800000.
[05:27:06] > khenjieMC remove x1 §f§l§x§F§A§0§0§0§AD§x§F§A§1§E§1§6a§x§F§B§3§B§2§1r§x§F§B§5§9§2§Dk§x§F§B§7§7§3§9f§x§F§B§9§5§4§5l§x§F§C§B§2§5§0a§x§F§C§D§0§5§Cm§x§F§C§B§2§5§0e§x§F§B§9§5§4§5 §x§F§B§7§7§3§9S§x§F§B§5§9§2§Dp§x§F§B§3§B§2§1e§x§F§A§1§E§1§6a§x§F§A§0§0§0§Ar from storage
[05:27:36] > khenjieMC added x1 §f§l§x§F§A§0§0§0§AD§x§F§A§1§E§1§6a§x§F§B§3§B§2§1r§x§F§B§5§9§2§Dk§x§F§B§7§7§3§9f§x§F§B§9§5§4§5l§x§F§C§B§2§5§0a§x§F§C§D§0§5§Cm§x§F§C§B§2§5§0e§x§F§B§9§5§4§5 §x§F§B§7§7§3§9S§x§F§B§5§9§2§Dp§x§F§B§3§B§2§1e§x§F§A§1§E§1§6a§x§F§A§0§0§0§Ar in auction for 740000.
[05:28:06] > khenjieMC remove x1 §f§l§x§F§A§0§0§0§AD§x§F§A§1§E§1§6a§x§F§B§3§B§2§1r§x§F§B§5§9§2§Dk§x§F§B§7§7§3§9f§x§F§B§9§5§4§5l§x§F§C§B§2§5§0a§x§F§C§D§0§5§Cm§x§F§C§B§2§5§0e§x§F§B§9§5§4§5 §x§F§B§7§7§3§9S§x§F§B§5§9§2§Dp§x§F§B§3§B§2§1e§x§F§A§1§E§1§6a§x§F§A§0§0§0§Ar from storage
[05:28:24] > khenjieMC added x1 §f§l§x§F§A§0§0§0§AD§x§F§A§1§E§1§6a§x§F§B§3§B§2§1r§x§F§B§5§9§2§Dk§x§F§B§7§7§3§9f§x§F§B§9§5§4§5l§x§F§C§B§2§5§0a§x§F§C§D§0§5§Cm§x§F§C§B§2§5§0e§x§F§B§9§5§4§5 §x§F§B§7§7§3§9S§x§F§B§5§9§2§Dp§x§F§B§3§B§2§1e§x§F§A§1§E§1§6a§x§F§A§0§0§0§Ar in auction for 729000.
[05:28:39] > Icon_Skully buy x1 §f§l§x§F§A§0§0§0§AD§x§F§A§1§E§1§6a§x§F§B§3§B§2§1r§x§F§B§5§9§2§Dk§x§F§B§7§7§3§9f§x§F§B§9§5§4§5l§x§F§C§B§2§5§0a§x§F§C§D§0§5§Cm§x§F§C§B§2§5§0e§x§F§B§9§5§4§5 §x§F§B§7§7§3§9S§x§F§B§5§9§2§Dp§x§F§B§3§B§2§1e§x§F§A§1§E§1§6a§x§F§A§0§0§0§Ar to khenjieMC for $729,000.
[05:53:30] > sdxd_12 added x1 Yellow Shulker Box full of mending in auction for 10000000.
[06:14:57] > Renzy01 added x1 §x§F§F§7§C§0§0§lSteamsparks Pickaxe in auction for 250000.
[06:46:47] > anneyong added x64 Experience bottle in auction for 150000.
[06:48:27] > tic_sz added x1 Shulker box in auction for 20000000.
[06:50:50] > anneyong added x1 Dracula in auction for 999999.
[07:29:04] > Takeremu added x12 §x§F§C§9§0§5§C§lE§x§E§6§9§C§6§B§lp§x§C§F§A§7§7§A§li§x§B§9§B§3§8§9§lc §x§8§C§C§B§A§7§lC§x§7§5§D§6§B§6§lr§x§5§F§E§2§C§5§la§x§7§9§D§4§B§4§lt§x§9§3§C§7§A§2§le §x§C§8§A§B§7§F§lK§x§E§2§9§E§6§E§le§x§F§C§9§0§5§C§ly in auction for 408000.
[07:29:37] > Takeremu remove x1 §fSun Hat from storage
[07:29:39] > Takeremu remove x4 §3§lDolphin Tail from storage
[07:29:40] > Takeremu remove x4 §3§lDolphin Tail from storage
[07:29:41] > Takeremu remove x1 §3§lDolphin Tail from storage
[07:29:44] > Takeremu remove x1 §f§l§x§8§A§0§0§F§FS§x§9§9§0§0§D§Bh§x§A§8§0§0§B§6i§x§B§7§0§0§9§2n§x§C§6§0§0§6§De§x§D§5§0§0§4§9 §x§E§4§0§0§2§4O§x§F§3§0§0§0§0n§x§E§4§0§0§2§4i§x§D§5§0§0§4§9 §x§C§6§0§0§6§DS§x§B§7§0§0§9§2t§x§A§8§0§0§B§6a§x§9§9§0§0§D§Bf§x§8§A§0§0§F§Ff from storage
[07:29:54] > Takeremu added x1 §f§l§x§8§A§0§0§F§FS§x§9§9§0§0§D§Bh§x§A§8§0§0§B§6i§x§B§7§0§0§9§2n§x§C§6§0§0§6§De§x§D§5§0§0§4§9 §x§E§4§0§0§2§4O§x§F§3§0§0§0§0n§x§E§4§0§0§2§4i§x§D§5§0§0§4§9 §x§C§6§0§0§6§DS§x§B§7§0§0§9§2t§x§A§8§0§0§B§6a§x§9§9§0§0§D§Bf§x§8§A§0§0§F§Ff in auction for 1000000.
[07:57:26] > _Sutrix_ remove x1 §f§l§8B§x§6§3§6§3§6§3a§x§7§1§7§1§7§1h§x§8§0§8§0§8§0a§x§8§E§8§E§8§Em§x§9§C§9§C§9§Cu§7t§x§9§C§9§C§9§C §x§8§E§8§E§8§ES§x§8§0§8§0§8§0p§x§7§1§7§1§7§1e§x§6§3§6§3§6§3a§8r form storage
[07:57:41] > _Sutrix_ added x1 §f§l§8B§x§6§3§6§3§6§3a§x§7§1§7§1§7§1h§x§8§0§8§0§8§0a§x§8§E§8§E§8§Em§x§9§C§9§C§9§Cu§7t§x§9§C§9§C§9§C §x§8§E§8§E§8§ES§x§8§0§8§0§8§0p§x§7§1§7§1§7§1e§x§6§3§6§3§6§3a§8r in auction for 1500000.
[09:09:28] > auvicious buy x1 §fRabbit Plushie §6(#69/101) to ace for $90,000.
[09:09:31] > auvicious remove x1 §fRabbit Plushie §6(#69/101) form buy
[09:32:13] > Keeos added x64 Golden apple in auction for 150000.
[09:32:32] > Keeos added x64 Golden apple in auction for 150000.
[09:33:34] > Keeos added x64 Golden apple in auction for 150000.
[09:35:29] > Keeos added x64 Golden apple in auction for 150000.
[09:38:10] > Keeos added x64 Golden apple in auction for 150000.
[09:39:16] > JadeAppleGirl13 buy x1 §f§l§x§8§A§0§0§F§FS§x§9§C§0§0§D§5h§x§A§D§0§0§A§Ai§x§B§F§0§0§8§0n§x§D§0§0§0§5§5e§x§E§2§0§0§2§B §x§F§3§0§0§0§0O§x§E§2§0§0§2§An§x§D§0§0§0§5§5i§x§B§F§0§0§8§0 §x§A§D§0§0§A§AH§x§9§C§0§0§D§5o§x§8§A§0§0§F§Fe to Kokiqi for $990,000.
[09:39:26] > JadeAppleGirl13 remove x1 §f§l§x§8§A§0§0§F§FS§x§9§C§0§0§D§5h§x§A§D§0§0§A§Ai§x§B§F§0§0§8§0n§x§D§0§0§0§5§5e§x§E§2§0§0§2§B §x§F§3§0§0§0§0O§x§E§2§0§0§2§An§x§D§0§0§0§5§5i§x§B§F§0§0§8§0 §x§A§D§0§0§A§AH§x§9§C§0§0§D§5o§x§8§A§0§0§F§Fe from buy
[10:23:10] > .JakeTheMiner457 remove x1 Beacon from storage
[10:23:18] > .JakeTheMiner457 remove x1 Beacon from storage
[10:23:33] > .JakeTheMiner457 remove x1 Beacon from expire
[10:23:35] > .JakeTheMiner457 remove x1 Beacon from expire
[10:24:01] > .JakeTheMiner457 added x1 Beacon in auction for 160000.
[10:24:16] > .JakeTheMiner457 added x1 Beacon in auction for 160000.
[10:41:53] > _BAAM remove x64 Experience bottle form buy
[10:42:55] > .JakeTheMiner457 remove x1 Mace from storage
[10:43:06] > .JakeTheMiner457 remove x1 Mace from expire
[10:51:06] > belvi__ added x1 §f§l§8B§x§6§4§6§4§6§4a§x§7§4§7§4§7§4h§x§8§3§8§3§8§3a§x§9§3§9§3§9§3m§x§A§2§A§2§A§2ut§x§9§3§9§3§9§3 §x§8§3§8§3§8§3M§x§7§4§7§4§7§4a§x§6§4§6§4§6§4c§8e in auction for 1000000.
[10:55:36] > belvi__ added x1 §f§l§x§8§A§0§0§F§FS§x§9§8§0§0§D§Dh§x§A§6§0§0§B§Bi§x§B§4§0§0§9§9n§x§C§2§0§0§7§7e§x§D§0§0§0§5§5 §x§D§E§0§0§3§3O§x§E§C§0§0§1§1ni§x§D§E§0§0§3§3 §x§D§0§0§0§5§5S§x§C§2§0§0§7§7i§x§B§4§0§0§9§9c§x§A§6§0§0§B§Bk§x§9§8§0§0§D§Dl§x§8§A§0§0§F§Fe in auction for 1000000.
[10:55:44] > grit_zy buy x1 §f§l§8B§x§6§4§6§4§6§4a§x§7§4§7§4§7§4h§x§8§3§8§3§8§3a§x§9§3§9§3§9§3m§x§A§2§A§2§A§2ut§x§9§3§9§3§9§3 §x§8§3§8§3§8§3M§x§7§4§7§4§7§4a§x§6§4§6§4§6§4c§8e to belvi__ for $1,000,000.
[10:55:48] > Cooldoggiexd buy x64 Golden apple to Keeos for $150,000.
[10:55:50] > Cooldoggiexd buy x64 Golden apple to Keeos for $150,000.
[10:55:54] > Cooldoggiexd buy x64 Golden apple to Keeos for $150,000.
[10:55:59] > Cooldoggiexd remove x64 Golden apple from buy
[10:56:00] > Cooldoggiexd remove x64 Golden apple from buy
[10:56:00] > Cooldoggiexd remove x64 Golden apple from buy
[10:56:16] > grit_zy remove x1 §f§l§8B§x§6§4§6§4§6§4a§x§7§4§7§4§7§4h§x§8§3§8§3§8§3a§x§9§3§9§3§9§3m§x§A§2§A§2§A§2ut§x§9§3§9§3§9§3 §x§8§3§8§3§8§3M§x§7§4§7§4§7§4a§x§6§4§6§4§6§4c§8e from buy
[10:56:17] > grit_zy remove x1 §f§l§8B§x§6§0§6§0§6§0a§x§6§C§6§C§6§Ch§x§7§7§7§7§7§7a§x§8§2§8§2§8§2m§x§8§E§8§E§8§Eu§x§9§9§9§9§9§9t§x§A§4§A§4§A§4 G§x§9§9§9§9§9§9a§x§8§E§8§E§8§Eu§x§8§2§8§2§8§2n§x§7§7§7§7§7§7t§x§6§C§6§C§6§Cl§x§6§0§6§0§6§0e§8t from buy
[10:56:17] > grit_zy remove x1 §fZombie Villager Plushie §6(#100/101) from buy
[10:56:18] > .JakeTheMiner457 added x1 Mace in auction for 2300000.
[10:57:10] > belvi__ added x1 §f§l§8B§x§6§3§6§3§6§3a§x§7§1§7§1§7§1h§x§8§0§8§0§8§0a§x§8§E§8§E§8§Em§x§9§C§9§C§9§Cu§7t§x§9§C§9§C§9§C §x§8§E§8§E§8§ES§x§8§0§8§0§8§0t§x§7§1§7§1§7§1a§x§6§3§6§3§6§3f§8f in auction for 500000.
[10:58:12] > belvi__ remove x1 §x§F§F§5§5§0§0§lsᴇʟʟᴡᴀɴᴅ §6- 5.0x from storage
[10:58:18] > belvi__ remove x1 §f§l§x§8§A§0§0§F§FS§x§9§8§0§0§D§Dh§x§A§6§0§0§B§Bi§x§B§4§0§0§9§9n§x§C§2§0§0§7§7e§x§D§0§0§0§5§5 §x§D§E§0§0§3§3O§x§E§C§0§0§1§1ni§x§D§E§0§0§3§3 §x§D§0§0§0§5§5S§x§C§2§0§0§7§7i§x§B§4§0§0§9§9c§x§A§6§0§0§B§Bk§x§9§8§0§0§D§Dl§x§8§A§0§0§F§Fe form storage
[10:58:18] > belvi__ remove x1 §f§l§8B§x§6§3§6§3§6§3a§x§7§1§7§1§7§1h§x§8§0§8§0§8§0a§x§8§E§8§E§8§Em§x§9§C§9§C§9§Cu§7t§x§9§C§9§C§9§C §x§8§E§8§E§8§ES§x§8§0§8§0§8§0t§x§7§1§7§1§7§1a§x§6§3§6§3§6§3f§8f form storage
[10:58:33] > belvi__ added x1 §f§l§x§8§A§0§0§F§FS§x§9§8§0§0§D§Dh§x§A§6§0§0§B§Bi§x§B§4§0§0§9§9n§x§C§2§0§0§7§7e§x§D§0§0§0§5§5 §x§D§E§0§0§3§3O§x§E§C§0§0§1§1ni§x§D§E§0§0§3§3 §x§D§0§0§0§5§5S§x§C§2§0§0§7§7i§x§B§4§0§0§9§9c§x§A§6§0§0§B§Bk§x§9§8§0§0§D§Dl§x§8§A§0§0§F§Fe in auction for 1000000.
[10:58:52] > belvi__ added x1 §f§l§8B§x§6§3§6§3§6§3a§x§7§1§7§1§7§1h§x§8§0§8§0§8§0a§x§8§E§8§E§8§Em§x§9§C§9§C§9§Cu§7t§x§9§C§9§C§9§C §x§8§E§8§E§8§ES§x§8§0§8§0§8§0t§x§7§1§7§1§7§1a§x§6§3§6§3§6§3f§8f in auction for 600000.
[10:59:09] > belvi__ added x1 §f§l§x§F§C§D§0§5§CW§x§F§A§A§A§4§Bu§x§F§9§8§4§3§Bk§x§F§7§5§F§2§Ao§x§F§5§3§9§1§9n§x§F§4§1§3§0§8g §x§F§5§3§9§1§9S§x§F§7§5§F§2§Ap§x§F§9§8§4§3§Be§x§F§A§A§A§4§Ba§x§F§C§D§0§5§Cr in auction for 100000.
[10:59:45] > Callistrix buy x1 §f§l§x§F§C§D§0§5§CW§x§F§A§A§A§4§Bu§x§F§9§8§4§3§Bk§x§F§7§5§F§2§Ao§x§F§5§3§9§1§9n§x§F§4§1§3§0§8g §x§F§5§3§9§1§9S§x§F§7§5§F§2§Ap§x§F§9§8§4§3§Be§x§F§A§A§A§4§Ba§x§F§C§D§0§5§Cr to belvi__ for $100,000.
[10:59:56] > Callistrix remove x1 §f§l§x§F§C§D§0§5§CW§x§F§A§A§A§4§Bu§x§F§9§8§4§3§Bk§x§F§7§5§F§2§Ao§x§F§5§3§9§1§9n§x§F§4§1§3§0§8g §x§F§5§3§9§1§9S§x§F§7§5§F§2§Ap§x§F§9§8§4§3§Be§x§F§A§A§A§4§Ba§x§F§C§D§0§5§Cr from buy
[11:00:22] > belvi__ added x1 §x§F§F§7§C§0§0§lSteamsparks Shield in auction for 100000.
[11:02:49] > belvi__ added x1 §f§l§x§F§C§D§0§5§CW§x§F§B§B§2§4§Fu§x§F§9§9§5§4§2k§x§F§8§7§7§3§5o§x§F§7§5§9§2§7n§x§F§6§3§B§1§Ag§x§F§4§1§E§0§D §x§F§3§0§0§0§0C§x§F§4§1§E§0§Dr§x§F§6§3§B§1§Ao§x§F§7§5§9§2§7s§x§F§8§7§7§3§5s§x§F§9§9§5§4§2b§x§F§B§B§2§4§Fo§x§F§C§D§0§5§Cw in auction for 500000.
[11:03:09] > belvi__ added x1 §x§F§F§7§C§0§0§lSteamsparks Halberd in auction for 500000.
[11:03:26] > kiyomiuu1 added x1 §x§E§5§1§B§1§B§lDracula Halberd in auction for 100000.
[11:20:59] > Cooldoggiexd added x4 Enchanted golden apple in auction for 200000.
[11:21:39] > Cooldoggiexd remove x1 Enchanted book from storage
[11:21:39] > Cooldoggiexd remove x1 Enchanted book from storage
[11:21:45] > Cooldoggiexd added x1 Enchanted book in auction for 450000.
[11:21:58] > Cooldoggiexd added x1 Enchanted book in auction for 460000.
[11:27:11] > YchannR remove x10 Breeze rod form buy
[11:32:01] > Takeremu added x1 §f§l§8B§x§6§6§6§6§6§6a§x§7§7§7§7§7§7h§x§8§8§8§8§8§8a§x§9§9§9§9§9§9m§7u§x§9§9§9§9§9§9t§x§8§8§8§8§8§8 §x§7§7§7§7§7§7K§x§6§6§6§6§6§6e§8y in auction for 800000.
[11:32:20] > auvicious remove x1 Trial key from storage
[11:32:29] > auvicious added x1 §x§F§F§5§5§0§0§lsᴇʟʟᴡᴀɴᴅ §6- 5.0x in auction for 550000.
[11:32:31] > Cooldoggiexd added x2 §x§5§C§C§F§F§C§lC§x§5§C§D§1§F§5§lo§x§5§D§D§4§E§E§ls§x§5§D§D§6§E§7§lm§x§5§E§D§9§E§1§le§x§5§E§D§B§D§A§lt§x§5§E§D§D§D§3§li§x§5§F§E§0§C§C§lc §x§5§F§E§0§C§C§lH§x§5§E§D§D§D§3§la§x§5§E§D§B§D§A§lt§x§5§E§D§9§E§1§ls §x§5§D§D§4§E§E§lK§x§5§C§D§1§F§5§le§x§5§C§C§F§F§C§ly in auction for 40000.
[11:32:49] > anneyong buy x2 §x§5§C§C§F§F§C§lC§x§5§C§D§1§F§5§lo§x§5§D§D§4§E§E§ls§x§5§D§D§6§E§7§lm§x§5§E§D§9§E§1§le§x§5§E§D§B§D§A§lt§x§5§E§D§D§D§3§li§x§5§F§E§0§C§C§lc §x§5§F§E§0§C§C§lH§x§5§E§D§D§D§3§la§x§5§E§D§B§D§A§lt§x§5§E§D§9§E§1§ls §x§5§D§D§4§E§E§lK§x§5§C§D§1§F§5§le§x§5§C§C§F§F§C§ly to Cooldoggiexd for $40,000.
[11:33:00] > Johng10910 added x1 §f§x§D§0§D§0§D§0J§x§C§9§C§9§C§9e§x§C§2§C§2§C§2t§x§B§B§B§B§B§B §x§B§3§B§3§B§3P§x§A§C§A§C§A§Ci§x§A§5§A§5§A§5l§x§9§E§9§E§9§Eo§x§9§7§9§7§9§7t§x§9§0§9§0§9§0 §x§8§9§8§9§8§9H§x§8§2§8§2§8§2e§x§7§A§7§A§7§Al§x§7§3§7§3§7§3m§x§6§C§6§C§6§Ce§x§6§5§6§5§6§5t in auction for 50000.
[11:33:00] > Bleh added x1 §x§F§F§5§5§0§0§lsᴇʟʟᴡᴀɴᴅ §6- 5.0x in auction for 500000.
[11:33:31] > Cooldoggiexd added x2 Shulker shell in auction for 10000.
[11:33:33] > Johng10910 added x1 §2Cauldron Hat in auction for 5000.
[11:33:43] > Johng10910 remove x1 §2Cauldron Hat from storage
[11:33:51] > Johng10910 added x1 §2Cauldron Hat in auction for 50000.
[11:33:54] > Fogstrap added x1 §x§F§F§5§5§0§0§lsᴇʟʟᴡᴀɴᴅ §6- 5.0x in auction for 400000.
[11:35:45] > VortexZayne added x6 Netherite ingot in auction for 650000.
[11:36:02] > VortexZayne remove x7 Silence armor trim smithing template from buy
[11:36:02] > VortexZayne remove x1 Netherite ingot from buy
[11:36:09] > Fogstrap added x4 Netherite ingot in auction for 400000.
[11:36:36] > VortexZayne remove x6 Netherite ingot from storage
[11:43:57] > VortexZayne added x1 §f§l§x§8§A§0§0§F§FS§x§9§9§0§0§D§Bh§x§A§8§0§0§B§6i§x§B§7§0§0§9§2n§x§C§6§0§0§6§De§x§D§5§0§0§4§9 §x§E§4§0§0§2§4O§x§F§3§0§0§0§0n§x§E§4§0§0§2§4i§x§D§5§0§0§4§9 §x§C§6§0§0§6§DS§x§B§7§0§0§9§2p§x§A§8§0§0§B§6e§x§9§9§0§0§D§Ba§x§8§A§0§0§F§Fr in auction for 700000.
[11:45:34] > VortexZayne added x1 §f§l§x§F§A§0§0§0§AD§x§F§A§1§C§1§5a§x§F§B§3§7§2§0r§x§F§B§5§3§2§Bk§x§F§B§6§F§3§6f§x§F§B§8§B§4§1l§x§F§C§A§6§4§Ca§x§F§C§C§2§5§7me§x§F§C§A§6§4§C §x§F§B§8§B§4§1S§x§F§B§6§F§3§6h§x§F§B§5§3§2§Bi§x§F§B§3§7§2§0e§x§F§A§1§C§1§5l§x§F§A§0§0§0§Ad in auction for 150000.
[11:49:49] > ravencabansay remove x4 Netherite ingot form storage
[11:50:03] > ravencabansay added x4 Netherite ingot in auction for 400000.
[11:55:07] > Kodakoda added x1 Beating stick in auction for 1000000.