
[12:17:07] > nebula12321 buy x64 Experience bottle to HwanYo for $90,000.
[12:17:10] > nebula12321 buy x64 Experience bottle to HwanYo for $90,000.
[12:17:23] > nebula12321 remove x64 Experience bottle from buy
[12:17:23] > nebula12321 remove x64 Experience bottle from buy
[12:24:30] > makaylee added x64 Flint in auction for 10.
[12:28:18] > EnderDragon0120 added x1 §x§F§F§7§C§0§0§lSteamsparks Axe in auction for 235000.
[12:28:29] > EnderDragon0120 added x1 §x§F§F§7§C§0§0§lSteamsparks Sword in auction for 245000.
[12:37:06] > Mugiwara22 buy x1 Netherite block to anneyong for $400,000.
[12:37:17] > Mugiwara22 remove x1 Netherite block from buy
[12:37:27] > kysicx added x1 §x§F§F§5§5§0§0§lsᴇʟʟᴡᴀɴᴅ §6- 5.0x in auction for 450000.
[12:37:52] > kysicx added x1 §x§F§F§5§5§0§0§lsᴇʟʟᴡᴀɴᴅ §6- 5.0x in auction for 450000.
[12:38:04] > NastyPepperoni buy x1 §fMedieval Hat to .Allxnzv for $20,000.
[12:38:23] > NastyPepperoni remove x1 §fMedieval Hat from buy
[12:46:41] > Blinkrzz added x1 Netherite pickaxe in auction for 500000.
[12:48:13] > Ryzxc buy x1 §f§l§8B§x§6§2§6§2§6§2a§x§6§F§6§F§6§Fh§x§7§C§7§C§7§Ca§x§8§9§8§9§8§9m§x§9§6§9§6§9§6u§x§A§3§A§3§A§3t §x§9§6§9§6§9§6S§x§8§9§8§9§8§9h§x§7§C§7§C§7§Ci§x§6§F§6§F§6§Fe§x§6§2§6§2§6§2l§8d to NoClarity for $400,000.
[12:48:20] > Ryzxc buy x1 §x§F§F§5§5§0§0§lsᴇʟʟᴡᴀɴᴅ §6- 5.0x to kysicx for $450,000.
[12:48:32] > Ryzxc remove x1 §f§l§8B§x§6§2§6§2§6§2a§x§6§F§6§F§6§Fh§x§7§C§7§C§7§Ca§x§8§9§8§9§8§9m§x§9§6§9§6§9§6u§x§A§3§A§3§A§3t §x§9§6§9§6§9§6S§x§8§9§8§9§8§9h§x§7§C§7§C§7§Ci§x§6§F§6§F§6§Fe§x§6§2§6§2§6§2l§8d from buy
[12:48:33] > Ryzxc remove x1 §x§F§F§5§5§0§0§lsᴇʟʟᴡᴀɴᴅ §6- 5.0x from buy
[12:51:57] > NoClarity remove x1 §x§F§F§5§5§0§0§lsᴇʟʟᴡᴀɴᴅ §6- 5.0x from storage
[12:52:13] > NoClarity added x1 §x§F§F§5§5§0§0§lsᴇʟʟᴡᴀɴᴅ §6- 5.0x in auction for 444444.
[12:54:44] > Ryzxc added x1 §x§F§F§5§5§0§0§lsᴇʟʟᴡᴀɴᴅ §6- 5.0x in auction for 400000.
[13:15:23] > NastyPepperoni added x1 Enchanted book in auction for 2000.
[13:18:40] > NastyPepperoni remove x1 Enchanted book from storage
[13:18:47] > NastyPepperoni added x1 Enchanted book in auction for 1500.
[13:31:48] > Trapers1 added x1 §fMagma Cube Plushie §6(#53/101) in auction for 100000.
[13:32:02] > Trapers1 remove x1 §fMagma Cube Plushie §6(#53/101) form storage
[13:32:02] > Trapers1 remove x1 §f§l§x§F§C§D§0§5§CW§x§F§B§A§D§4§Du§x§F§9§8§B§3§Dk§x§F§8§6§8§2§Eo§x§F§6§4§5§1§Fn§x§F§5§2§3§0§Fg§x§F§3§0§0§0§0 §x§F§5§2§3§0§FD§x§F§6§4§5§1§Fa§x§F§8§6§8§2§Eg§x§F§9§8§B§3§Dg§x§F§B§A§D§4§De§x§F§C§D§0§5§Cr form storage
[13:34:36] > xcapan buy x31 §x§F§C§D§0§5§C§lB§x§E§6§D§3§6§B§la§x§C§F§D§5§7§A§ls§x§B§9§D§8§8§9§li§x§A§2§D§A§9§8§lc §x§7§5§D§F§B§6§lC§x§5§F§E§2§C§5§lr§x§7§5§D§F§B§6§la§x§8§C§D§D§A§7§lt§x§A§2§D§A§9§8§le §x§C§F§D§5§7§A§lK§x§E§6§D§3§6§B§le§x§F§C§D§0§5§C§ly to HwanYo for $250,000.
[13:34:45] > xcapan remove x31 §x§F§C§D§0§5§C§lB§x§E§6§D§3§6§B§la§x§C§F§D§5§7§A§ls§x§B§9§D§8§8§9§li§x§A§2§D§A§9§8§lc §x§7§5§D§F§B§6§lC§x§5§F§E§2§C§5§lr§x§7§5§D§F§B§6§la§x§8§C§D§D§A§7§lt§x§A§2§D§A§9§8§le §x§C§F§D§5§7§A§lK§x§E§6§D§3§6§B§le§x§F§C§D§0§5§C§ly from buy
[13:34:48] > belvi__ added x1 §x§F§F§5§5§0§0§lsᴇʟʟᴡᴀɴᴅ §6- 5.0x in auction for 500000.
[13:34:59] > nachfaust remove x1 Enchanted book from storage
[13:35:05] > qu4sar added x1 §x§F§F§5§5§0§0§lsᴇʟʟᴡᴀɴᴅ §6- 5.0x in auction for 500000.
[13:35:08] > nachfaust added x1 §x§F§F§5§5§0§0§lsᴇʟʟᴡᴀɴᴅ §6- 20.0x in auction for 2000000.
[13:35:12] > HwanYo buy x1 §x§F§F§5§5§0§0§lsᴇʟʟᴡᴀɴᴅ §6- 20.0x to nachfaust for $2,000,000.
[13:35:15] > Trapers1 added x1 §x§F§F§5§5§0§0§lsᴇʟʟᴡᴀɴᴅ §6- 5.0x in auction for 380000.
[13:35:17] > qu4sar added x1 §x§F§F§5§5§0§0§lsᴇʟʟᴡᴀɴᴅ §6- 10.0x in auction for 1000000.
[13:35:17] > belvi__ added x1 §x§F§F§5§5§0§0§lsᴇʟʟᴡᴀɴᴅ §6- 5.0x in auction for 400000.
[13:35:22] > HwanYo buy x1 §x§F§F§5§5§0§0§lsᴇʟʟᴡᴀɴᴅ §6- 10.0x to qu4sar for $1,000,000.
[13:35:35] > EnderDragon0120 added x1 §x§F§F§3§E§0§0§lSellwand Voucher in auction for 1250000.
[13:35:37] > HwanYo buy x1 §x§F§F§5§5§0§0§lsᴇʟʟᴡᴀɴᴅ §6- 5.0x to Trapers1 for $380,000.
[13:35:40] > HwanYo buy x1 §x§F§F§3§E§0§0§lSellwand Voucher to EnderDragon0120 for $1,250,000.
[13:35:52] > HwanYo remove x1 §x§F§F§3§E§0§0§lSellwand Voucher from buy
[13:36:37] > YIXILYX buy x1 Enchanted book to NastyPepperoni for $1,500.
[13:36:47] > YIXILYX buy x64 Flint to makaylee for $10.
[13:37:29] > HwanYo added x1 §x§3§4§9§8§D§Bᴡᴀʀᴅᴇɴ ꜱᴘᴀᴡɴᴇʀ in auction for 300000.
[13:37:44] > auvicious buy x1 §x§3§4§9§8§D§Bᴡᴀʀᴅᴇɴ ꜱᴘᴀᴡɴᴇʀ to HwanYo for $300,000.
[13:38:12] > auvicious remove x1 §x§3§4§9§8§D§Bᴡᴀʀᴅᴇɴ ꜱᴘᴀᴡɴᴇʀ form buy
[13:38:12] > auvicious remove x1 §f§l§8B§x§6§4§6§4§6§4a§x§7§4§7§4§7§4h§x§8§3§8§3§8§3a§x§9§3§9§3§9§3m§x§A§2§A§2§A§2ut§x§9§3§9§3§9§3 §x§8§3§8§3§8§3C§x§7§4§7§4§7§4l§x§6§4§6§4§6§4u§8b form buy
[13:38:12] > auvicious remove x1 §f§l§8B§x§6§4§6§4§6§4a§x§7§4§7§4§7§4h§x§8§3§8§3§8§3a§x§9§3§9§3§9§3m§x§A§2§A§2§A§2ut§x§9§3§9§3§9§3 §x§8§3§8§3§8§3C§x§7§4§7§4§7§4l§x§6§4§6§4§6§4u§8b form buy
[13:38:16] > Trapers1 added x1 §fMagma Cube Plushie §6(#53/101) in auction for 10000.
[13:38:23] > HwanYo buy x1 §fMagma Cube Plushie §6(#53/101) to Trapers1 for $10,000.
[13:38:32] > HwanYo remove x1 §fMagma Cube Plushie §6(#53/101) from buy
[13:39:01] > Trapers1 added x1 §fParrot Plushie (Green) §6(#61/101) in auction for 10000.
[13:39:05] > HwanYo buy x1 §fParrot Plushie (Green) §6(#61/101) to Trapers1 for $10,000.
[13:39:23] > HwanYo remove x1 §fParrot Plushie (Green) §6(#61/101) from buy
[13:40:20] > YIXILYX remove x1 Enchanted book form buy
[13:40:20] > YIXILYX remove x64 Flint form buy
[13:42:21] > nachfaust added x1 Panundot ng pwet in auction for 1000000.
[13:44:19] > Trapers1 added x1 §fFlower Hat in auction for 10.
[13:44:28] > MrZyrus7228 buy x1 §x§F§F§5§5§0§0§lsᴇʟʟᴡᴀɴᴅ §6- 5.0x to belvi__ for $400,000.
[13:44:31] > MrZyrus7228 buy x1 §x§F§F§5§5§0§0§lsᴇʟʟᴡᴀɴᴅ §6- 5.0x to belvi__ for $500,000.
[13:44:35] > MrZyrus7228 buy x1 §x§F§F§5§5§0§0§lsᴇʟʟᴡᴀɴᴅ §6- 5.0x to qu4sar for $500,000.
[13:44:42] > auvicious added x2 Enchanted golden apple in auction for 50000.
[13:47:11] > sizb buy x1 §fFlower Hat to Trapers1 for $10.
[13:51:17] > auvicious remove x2 Enchanted golden apple from storage
[13:51:24] > auvicious added x1 plushiieeess ʚ♡ɞ in auction for 2000000.
[13:51:49] > MrZyrus7228 buy x1 §x§F§F§5§5§0§0§lsᴇʟʟᴡᴀɴᴅ §6- 5.0x to Ryzxc for $400,000.
[13:55:23] > auvicious remove x1 plushiieeess ʚ♡ɞ from storage
[13:56:27] > auvicious added x1 §f§bWither Plushie §6(#95/101) in auction for 700000.
[13:56:33] > HwanYo buy x1 §f§bWither Plushie §6(#95/101) to auvicious for $700,000.
[13:56:39] > HwanYo remove x1 §f§bWither Plushie §6(#95/101) from buy
[13:57:15] > auvicious added x1 plushiieeess ʚ♡ɞ in auction for 2000000.
[13:58:22] > MrZyrus7228 remove x1 §x§F§F§5§5§0§0§lsᴇʟʟᴡᴀɴᴅ §6- 5.0x from buy
[13:58:22] > MrZyrus7228 remove x1 §x§F§F§5§5§0§0§lsᴇʟʟᴡᴀɴᴅ §6- 5.0x from buy
[13:58:23] > MrZyrus7228 remove x1 §x§F§F§5§5§0§0§lsᴇʟʟᴡᴀɴᴅ §6- 5.0x from buy
[13:58:23] > MrZyrus7228 remove x1 §x§F§F§5§5§0§0§lsᴇʟʟᴡᴀɴᴅ §6- 5.0x from buy
[13:58:32] > MrZyrus7228 buy x1 §x§F§F§5§5§0§0§lsᴇʟʟᴡᴀɴᴅ §6- 5.0x to NoClarity for $444,444.
[13:58:36] > MrZyrus7228 buy x1 §x§F§F§5§5§0§0§lsᴇʟʟᴡᴀɴᴅ §6- 5.0x to kysicx for $450,000.
[13:58:40] > MrZyrus7228 remove x1 §x§F§F§5§5§0§0§lsᴇʟʟᴡᴀɴᴅ §6- 5.0x from buy
[13:58:40] > MrZyrus7228 remove x1 §x§F§F§5§5§0§0§lsᴇʟʟᴡᴀɴᴅ §6- 5.0x from buy
[14:13:32] > HwanYo remove x1 §x§F§F§5§5§0§0§lsᴇʟʟᴡᴀɴᴅ §6- 20.0x from buy
[14:19:35] > kysicx added x1 §x§F§F§5§5§0§0§lsᴇʟʟᴡᴀɴᴅ §6- 20.0x in auction for 2200000.
[14:19:40] > Fogstrap buy x1 §x§F§F§5§5§0§0§lsᴇʟʟᴡᴀɴᴅ §6- 20.0x to kysicx for $2,200,000.
[14:20:06] > Fogstrap remove x1 §x§F§F§5§5§0§0§lsᴇʟʟᴡᴀɴᴅ §6- 5.0x form buy
[14:20:06] > Fogstrap remove x1 §x§5§C§C§F§F§C§lC§x§5§C§D§1§F§5§lo§x§5§D§D§4§E§E§ls§x§5§D§D§6§E§7§lm§x§5§E§D§9§E§1§le§x§5§E§D§B§D§A§lt§x§5§E§D§D§D§3§li§x§5§F§E§0§C§C§lc §x§5§F§E§0§C§C§lH§x§5§E§D§D§D§3§la§x§5§E§D§B§D§A§lt§x§5§E§D§9§E§1§ls §x§5§D§D§4§E§E§lK§x§5§C§D§1§F§5§le§x§5§C§C§F§F§C§ly form buy
[14:20:06] > Fogstrap remove x1 §x§F§F§5§5§0§0§lsᴇʟʟᴡᴀɴᴅ §6- 20.0x form buy
[14:20:18] > Zypher_0w0 buy x1 §x§F§F§5§5§0§0§lsᴇʟʟᴡᴀɴᴅ §6- 5.0x to mauserdart for $480,000.
[14:20:43] > Zypher_0w0 buy x1 §x§F§F§5§5§0§0§lsᴇʟʟᴡᴀɴᴅ §6- 5.0x to Bleh for $500,000.
[14:20:53] > Zypher_0w0 buy x1 §x§F§F§5§5§0§0§lsᴇʟʟᴡᴀɴᴅ §6- 5.0x to .Moshie1981 for $500,000.
[14:21:08] > Zypher_0w0 buy x1 §x§F§F§5§5§0§0§lsᴇʟʟᴡᴀɴᴅ §6- 5.0x to RizzaIck for $500,000.
[14:21:22] > Zypher_0w0 buy x1 §x§F§F§5§5§0§0§lsᴇʟʟᴡᴀɴᴅ §6- 5.0x to RizzaIck for $500,000.
[14:21:58] > Zypher_0w0 buy x1 §x§F§F§5§5§0§0§lsᴇʟʟᴡᴀɴᴅ §6- 5.0x to RizzaIck for $500,000.
[14:22:10] > Zypher_0w0 buy x1 §x§F§F§5§5§0§0§lsᴇʟʟᴡᴀɴᴅ §6- 5.0x to .M4SHED2311 for $500,000.
[14:34:35] > Fogstrap remove x2 Netherite ingot from storage
[14:34:44] > Fogstrap added x2 Netherite ingot in auction for 230000.
[14:36:00] > Blinkrzz added x1 §x§F§F§3§E§0§0§lSellwand Voucher in auction for 1700000.
[14:36:21] > Blinkrzz added x1 §f§l§8B§x§6§0§6§0§6§0a§x§6§C§6§C§6§Ch§x§7§7§7§7§7§7a§x§8§2§8§2§8§2m§x§8§E§8§E§8§Eu§x§9§9§9§9§9§9t§x§A§4§A§4§A§4 G§x§9§9§9§9§9§9a§x§8§E§8§E§8§Eu§x§8§2§8§2§8§2n§x§7§7§7§7§7§7t§x§6§C§6§C§6§Cl§x§6§0§6§0§6§0e§8t in auction for 500000.
[14:36:36] > Blinkrzz added x1 §5§lMythical Lure in auction for 300000.
[14:36:43] > Fogstrap buy x1 §5§lMythical Lure to Blinkrzz for $300,000.
[14:36:54] > Blinkrzz added x1 §x§F§F§7§C§0§0§lSteamsparks Shield in auction for 300000.
[14:38:21] > JinSoul15 remove x1 Enchanted book from buy
[14:38:21] > JinSoul15 remove x1 Enchanted book from buy
[14:38:22] > JinSoul15 remove x1 §fBee Plushie §6(#9/101) from buy
[14:42:24] > kysicx added x1 §x§F§F§5§5§0§0§lsᴇʟʟᴡᴀɴᴅ §6- 5.0x in auction for 500000.
[14:42:52] > bedrock_enjoy3r added x1 §x§F§F§5§5§0§0§lsᴇʟʟᴡᴀɴᴅ §6- 20.0x in auction for 4500000.
[14:44:01] > Zypher_0w0 added x1 IronMan in auction for 100000.
[14:44:11] > nebula12321 buy x1 IronMan to Zypher_0w0 for $100,000.
[14:44:29] > nebula12321 remove x1 IronMan from buy
[14:44:51] > ELITEAtlas added x1 §x§F§F§5§5§0§0§lsᴇʟʟᴡᴀɴᴅ §6- 10.0x in auction for 1000000.
[14:45:30] > blezzinglighto buy x1 §x§F§F§5§5§0§0§lsᴇʟʟᴡᴀɴᴅ §6- 10.0x to ELITEAtlas for $1,000,000.
[14:45:38] > Zypher_0w0 added x1 IronMan in auction for 100000.
[14:45:40] > blezzinglighto remove x1 §x§F§F§5§5§0§0§lsᴇʟʟᴡᴀɴᴅ §6- 10.0x from buy
[14:45:45] > Trapers1 buy x1 IronMan to Zypher_0w0 for $100,000.
[14:45:55] > Trapers1 remove x1 IronMan form buy
[14:45:56] > Zypher_0w0 added x1 IronMan in auction for 100000.
[14:45:59] > Blinkrzz added x64 Sugar cane in auction for 10000.
[14:46:09] > Trapers1 buy x1 IronMan to Zypher_0w0 for $100,000.
[14:46:10] > ELITEAtlas buy x1 §x§F§F§3§E§0§0§lSellwand Voucher to Blinkrzz for $1,700,000.
[14:46:16] > ELITEAtlas remove x1 §x§F§F§3§E§0§0§lSellwand Voucher from buy
[14:46:21] > Trapers1 remove x1 IronMan form buy
[14:46:30] > ELITEAtlas added x1 §x§F§F§5§5§0§0§lsᴇʟʟᴡᴀɴᴅ §6- 5.0x in auction for 500000.
[14:48:20] > Trapers1 added x1 IronMan in auction for 250000.
[14:48:38] > Trapers1 added x1 IronMan in auction for 250000.
[14:48:53] > Blinkrzz remove x1 Netherite pickaxe from storage
[14:49:08] > Blinkrzz added x1 Netherite pickaxe in auction for 300000.
[14:51:53] > zopell10 added x1 Diamond axe in auction for 2000.
[14:51:55] > Zypher_0w0 added x1 Small XP in auction for 50000.
[14:52:06] > nebula12321 buy x1 Small XP to Zypher_0w0 for $50,000.
[14:52:13] > nebula12321 remove x1 Small XP from buy
[14:53:04] > Zypher_0w0 added x1 Small XP in auction for 50000.
[14:54:43] > Kodakoda remove x1 §f§l§8B§x§5§E§5§E§5§Ea§x§6§8§6§8§6§8h§x§7§1§7§1§7§1a§x§7§B§7§B§7§Bm§x§8§4§8§4§8§4u§x§8§E§8§E§8§Et§x§9§7§9§7§9§7 §x§A§1§A§1§A§1F§7i§x§A§1§A§1§A§1s§x§9§7§9§7§9§7h§x§8§E§8§E§8§Ei§x§8§4§8§4§8§4n§x§7§B§7§B§7§Bg§x§7§1§7§1§7§1 §x§6§8§6§8§6§8R§x§5§E§5§E§5§Eo§8d from storage
[14:55:32] > Kodakoda added x1 §f§l§8B§x§5§E§5§E§5§Ea§x§6§8§6§8§6§8h§x§7§1§7§1§7§1a§x§7§B§7§B§7§Bm§x§8§4§8§4§8§4u§x§8§E§8§E§8§Et§x§9§7§9§7§9§7 §x§A§1§A§1§A§1F§7i§x§A§1§A§1§A§1s§x§9§7§9§7§9§7h§x§8§E§8§E§8§Ei§x§8§4§8§4§8§4n§x§7§B§7§B§7§Bg§x§7§1§7§1§7§1 §x§6§8§6§8§6§8R§x§5§E§5§E§5§Eo§8d in auction for 350000.
[14:58:27] > auvicious remove x1 plushiieeess ʚ♡ɞ from storage
[15:00:30] > auvicious added x1 §x§3§4§9§8§D§Bᴡᴀʀᴅᴇɴ ꜱᴘᴀᴡɴᴇʀ in auction for 1000000.
[15:00:55] > Kodakoda remove x1 §f§l§8B§x§5§E§5§E§5§Ea§x§6§8§6§8§6§8h§x§7§1§7§1§7§1a§x§7§B§7§B§7§Bm§x§8§4§8§4§8§4u§x§8§E§8§E§8§Et§x§9§7§9§7§9§7 §x§A§1§A§1§A§1F§7i§x§A§1§A§1§A§1s§x§9§7§9§7§9§7h§x§8§E§8§E§8§Ei§x§8§4§8§4§8§4n§x§7§B§7§B§7§Bg§x§7§1§7§1§7§1 §x§6§8§6§8§6§8R§x§5§E§5§E§5§Eo§8d from storage
[15:05:37] > x1 §x§F§F§3§E§0§0§lD§x§F§F§3§7§0§0§le§x§F§F§3§0§0§0§lm§x§F§F§2§9§0§0§lo§x§F§F§2§2§0§0§ln §x§F§F§1§5§0§0§lL§x§F§F§0§E§0§0§lo§x§F§F§0§7§0§0§lr§x§F§F§0§0§0§0§ld §x§F§F§0§E§0§0§lF§x§F§F§1§5§0§0§lr§x§F§F§1§C§0§0§la§x§F§F§2§2§0§0§lg§x§F§F§2§9§0§0§lm§x§F§F§3§0§0§0§le§x§F§F§3§7§0§0§ln§x§F§F§3§E§0§0§lt, item of wemb, has just expired, the item is definitively deleted.
[15:05:37] > x5 Nether star, item of Kodakoda, has just expired, the item is definitively deleted.
[15:05:40] > Zypher_0w0 remove x1 Enchanted book from expire
[15:05:48] > Zypher_0w0 added x1 Enchanted book in auction for 450000.
[15:06:24] > Fogstrap remove x1 §5§lMythical Lure from buy
[15:06:39] > Wemmbuo buy x1 §x§3§4§9§8§D§Bᴢᴏᴍʙɪᴇ ꜱᴘᴀᴡɴᴇʀ to khenjieMC for $1,700,000.
[15:07:22] > Wemmbuo remove x1 §x§3§4§9§8§D§Bᴢᴏᴍʙɪᴇ ꜱᴘᴀᴡɴᴇʀ from buy
[15:09:01] > blezzinglighto added x1 §x§F§F§5§5§0§0§lsᴇʟʟᴡᴀɴᴅ §6- 10.0x in auction for 1250000.
[15:10:35] > Broodie added x1 Diamond shovel in auction for 600000.
[15:11:43] > Wemmbuo buy x1 Diamond shovel to Broodie for $600,000.
[15:11:54] > Wemmbuo remove x1 Diamond shovel from buy
[15:13:25] > Broodie buy x1 §x§3§4§9§8§D§Bᴡᴀʀᴅᴇɴ ꜱᴘᴀᴡɴᴇʀ to auvicious for $1,000,000.
[15:14:00] > Broodie remove x1 §x§3§4§9§8§D§Bᴡᴀʀᴅᴇɴ ꜱᴘᴀᴡɴᴇʀ from buy
[15:19:54] > ry9191 buy x1 §x§F§F§5§5§0§0§lsᴇʟʟᴡᴀɴᴅ §6- 10.0x to blezzinglighto for $1,250,000.
[15:20:10] > ry9191 remove x1 §x§F§F§5§5§0§0§lsᴇʟʟᴡᴀɴᴅ §6- 10.0x form buy
[15:20:10] > ry9191 remove x1 §x§F§F§5§5§0§0§lsᴇʟʟᴡᴀɴᴅ §6- 5.0x form buy
[15:22:16] > Trapers1 added x10 Netherite upgrade smithing template in auction for 1000000.
[15:22:19] > chxrryxblossom remove x8 §bEntropy Crystal §8(§310,000§8) from storage
[15:22:24] > chxrryxblossom remove x8 §bEntropy Crystal §8(§310,000§8) from storage
[15:22:47] > Trapers1 remove x1 IronMan form storage
[15:22:47] > Trapers1 remove x1 IronMan form storage
[15:22:47] > Trapers1 remove x10 Netherite upgrade smithing template form storage
[15:23:06] > Trapers1 added x10 Netherite upgrade smithing template in auction for 900000.
[15:24:06] > EnderDragon0120 buy x2 §f§l§8B§x§6§0§6§0§6§0a§x§6§C§6§C§6§Ch§x§7§7§7§7§7§7a§x§8§2§8§2§8§2m§x§8§E§8§E§8§Eu§x§9§9§9§9§9§9t§x§A§4§A§4§A§4 G§x§9§9§9§9§9§9a§x§8§E§8§E§8§Eu§x§8§2§8§2§8§2n§x§7§7§7§7§7§7t§x§6§C§6§C§6§Cl§x§6§0§6§0§6§0e§8t to nachfaust for $200,000.
[15:24:12] > EnderDragon0120 remove x2 §f§l§8B§x§6§0§6§0§6§0a§x§6§C§6§C§6§Ch§x§7§7§7§7§7§7a§x§8§2§8§2§8§2m§x§8§E§8§E§8§Eu§x§9§9§9§9§9§9t§x§A§4§A§4§A§4 G§x§9§9§9§9§9§9a§x§8§E§8§E§8§Eu§x§8§2§8§2§8§2n§x§7§7§7§7§7§7t§x§6§C§6§C§6§Cl§x§6§0§6§0§6§0e§8t from buy
[15:25:44] > Fogstrap added x1 §x§3§4§9§8§D§Bᴡᴀʀᴅᴇɴ ꜱᴘᴀᴡɴᴇʀ in auction for 1200000.
[15:25:51] > EnderDragon0120 added x1 §f§l§8B§x§6§2§6§2§6§2a§x§6§F§6§F§6§Fh§x§7§C§7§C§7§Ca§x§8§9§8§9§8§9m§x§9§6§9§6§9§6u§x§A§3§A§3§A§3t §x§9§6§9§6§9§6H§x§8§9§8§9§8§9a§x§7§C§7§C§7§Ct§x§6§F§6§F§6§F §x§6§2§6§2§6§2V§82 in auction for 200000.
[15:26:08] > EnderDragon0120 added x1 §f§l§8B§x§6§0§6§0§6§0a§x§6§C§6§C§6§Ch§x§7§7§7§7§7§7a§x§8§2§8§2§8§2m§x§8§E§8§E§8§Eu§x§9§9§9§9§9§9t§x§A§4§A§4§A§4 G§x§9§9§9§9§9§9a§x§8§E§8§E§8§Eu§x§8§2§8§2§8§2n§x§7§7§7§7§7§7t§x§6§C§6§C§6§Cl§x§6§0§6§0§6§0e§8t in auction for 150000.
[15:28:22] > EnderDragon0120 added x1 §f§l§x§8§A§0§0§F§FS§x§9§8§0§0§D§Dh§x§A§6§0§0§B§Bi§x§B§4§0§0§9§9n§x§C§2§0§0§7§7e§x§D§0§0§0§5§5 §x§D§E§0§0§3§3O§x§E§C§0§0§1§1ni§x§D§E§0§0§3§3 §x§D§0§0§0§5§5S§x§C§2§0§0§7§7h§x§B§4§0§0§9§9i§x§A§6§0§0§B§Be§x§9§8§0§0§D§Dl§x§8§A§0§0§F§Fd in auction for 2000000.
[15:28:52] > EnderDragon0120 remove x1 §x§E§5§1§B§1§B§lDracula Spear from storage
[15:28:53] > EnderDragon0120 remove x1 §x§E§5§1§B§1§B§lDracula Battleaxe from storage
[15:29:01] > EnderDragon0120 added x1 §x§F§F§7§C§0§0§lSteamsparks Fishing Rod in auction for 50000.
[15:30:39] > EnderDragon0120 added x1 §f§l§8B§x§6§3§6§3§6§3a§x§7§1§7§1§7§1h§x§8§0§8§0§8§0a§x§8§E§8§E§8§Em§x§9§C§9§C§9§Cu§7t§x§9§C§9§C§9§C §x§8§E§8§E§8§ES§x§8§0§8§0§8§0t§x§7§1§7§1§7§1a§x§6§3§6§3§6§3f§8f in auction for 575000.
[15:32:02] > EnderDragon0120 remove x1 §x§F§F§7§C§0§0§lSteamsparks Sword from storage
[15:32:07] > EnderDragon0120 added x1 §f§l§8B§x§6§6§6§6§6§6a§x§7§7§7§7§7§7h§x§8§8§8§8§8§8a§x§9§9§9§9§9§9m§7u§x§9§9§9§9§9§9t§x§8§8§8§8§8§8 §x§7§7§7§7§7§7B§x§6§6§6§6§6§6o§8w in auction for 650000.
[15:34:50] > EnderDragon0120 remove x1 §x§F§F§7§C§0§0§lSteamsparks Axe from storage
[15:35:01] > EnderDragon0120 added x1 Red Shulker Box in auction for 2750000.
[15:47:41] > Kaynn added x8 Diamond in auction for 10000.
[15:48:32] > Kaynn remove x8 Diamond from storage
[15:48:57] > ace buy x1 §x§E§5§1§B§1§B§lDracula Helmet to NoClarity for $69,999.
[15:57:32] > ace added x1 Dried ghast in auction for 50000.
[15:57:44] > 8it5inn buy x1 Dried ghast to ace for $50,000.
[15:58:08] > ace added x1 Dried ghast in auction for 51000.
[15:58:16] > 8it5inn buy x1 Dried ghast to ace for $51,000.
[16:01:37] > ace added x5 Dried ghast in auction for 201000.
[16:02:58] > ace remove x5 Dried ghast from storage
[16:03:09] > mauserdart added x10 §bEntropy Crystal §8(§310,000§8) in auction for 950000.
[16:03:11] > ace added x5 Dried ghast in auction for 150000.
[16:03:24] > mauserdart added x10 §bEntropy Crystal §8(§310,000§8) in auction for 950000.
[16:11:22] > nachfaust added x1 Enchanted book in auction for 50000.
[16:13:53] > 8it5inn buy x5 Dried ghast to ace for $150,000.
[16:14:02] > Julene added x1 Lodestone in auction for 10000.
[16:14:22] > Julene added x1 Lodestone in auction for 10000.
[16:18:54] > auvicious added x1 plushiieeess ʚ♡ɞ in auction for 1800000.
[16:19:18] > JadeAppleGirl13 buy x64 Experience bottle to HwanYo for $90,000.
[16:19:22] > JadeAppleGirl13 buy x64 Experience bottle to HwanYo for $90,000.
[16:19:46] > JadeAppleGirl13 remove x64 Experience bottle from buy
[16:19:47] > JadeAppleGirl13 remove x64 Experience bottle from buy
[16:21:33] > Kaynn added x1 §x§F§F§5§5§0§0§lsᴇʟʟᴡᴀɴᴅ §6- 5.0x in auction for 300000.
[16:21:39] > Zypher_0w0 buy x1 §x§F§F§5§5§0§0§lsᴇʟʟᴡᴀɴᴅ §6- 5.0x to Kaynn for $300,000.
[16:24:57] > KyLuxxy added x1 §f§l§8B§x§6§6§6§6§6§6a§x§7§7§7§7§7§7h§x§8§8§8§8§8§8a§x§9§9§9§9§9§9m§7u§x§9§9§9§9§9§9t§x§8§8§8§8§8§8 §x§7§7§7§7§7§7B§x§6§6§6§6§6§6o§8w in auction for 500000.
[16:29:14] > Julene added x1 §fCave Spider Plushie §6(#24/101) in auction for 15000.
[16:29:20] > 8it5inn buy x1 §fCave Spider Plushie §6(#24/101) to Julene for $15,000.
[16:31:39] > 8it5inn remove x1 §fCat Plushie (Tabby) §6(#21/101) from buy
[16:31:40] > 8it5inn remove x1 §fCave Spider Plushie §6(#24/101) from buy
[16:31:43] > 8it5inn remove x5 Dried ghast from buy
[16:31:43] > 8it5inn remove x1 Dried ghast from buy
[16:31:43] > 8it5inn remove x1 Dried ghast from buy
[16:53:41] > Johng10910 remove x1 Music disc creator from buy
[16:54:02] > Johng10910 added x1 Music disc creator in auction for 20000.
[16:54:11] > UnavailableTest buy x1 Beacon to Antonie657 for $100,000.
[16:54:15] > kysicx buy x1 Music disc creator to Johng10910 for $20,000.
[16:54:21] > kysicx remove x1 Music disc creator from buy
[16:54:22] > kysicx remove x1 Netherite block from buy
[16:54:22] > UnavailableTest remove x1 Beacon form buy
[16:54:33] > Zee_ added x1 §3§lDolphin Tail in auction for 200000.
[16:54:56] > nnorv1 buy x64 Experience bottle to HwanYo for $90,000.
[17:02:55] > Wemmbuo remove x1 Netherite axe form storage
[17:06:43] > zopell10 added x1 §x§F§F§7§C§0§0§lSteamsparks Shield in auction for 25000.
[17:06:47] > Fogstrap buy x1 §x§F§F§7§C§0§0§lSteamsparks Shield to zopell10 for $25,000.
[17:07:14] > ace remove x1 §x§E§5§1§B§1§B§lDracula Helmet from buy
[17:17:36] > Fogstrap added x1 Elytra in auction for 5000000.
[17:18:46] > Fogstrap remove x1 §x§F§F§7§C§0§0§lSteamsparks Shield from buy
[17:37:31] > Johng10910 added x1 Shulker box in auction for 300000.
[17:37:43] > HPMR_GaMerz buy x1 Lodestone to Julene for $10,000.
[17:37:45] > HPMR_GaMerz buy x1 Lodestone to Julene for $10,000.
[17:38:00] > HPMR_GaMerz buy x1 Small XP to Zypher_0w0 for $50,000.
[17:38:20] > Johng10910 added x1 Shulker box in auction for 300000.
[17:39:54] > Johng10910 remove x1 Shulker box form storage
[17:39:54] > Johng10910 remove x1 Shulker box form storage
[17:40:01] > Johng10910 added x1 Shulker box in auction for 200000.
[17:40:17] > Johng10910 added x1 Shulker box in auction for 200000.
[17:47:14] > chxrryxblossom added x13 §bEntropy Crystal §8(§310,000§8) in auction for 1500000.
[17:47:24] > chxrryxblossom added x13 §bEntropy Crystal §8(§310,000§8) in auction for 1500000.
[17:47:36] > chxrryxblossom added x13 §bEntropy Crystal §8(§310,000§8) in auction for 1500000.
[17:55:53] > nnorv1 remove x64 Experience bottle from buy
[18:00:36] > Johng10910 added x1 Shulker box in auction for 150000.
[18:00:47] > Johng10910 added x1 Shulker box in auction for 150000.
[18:01:00] > Johng10910 added x1 Shulker box in auction for 150000.
[18:03:21] > 8it5inn added x1 §x§F§F§5§5§0§0§lsᴇʟʟᴡᴀɴᴅ §6- 5.0x in auction for 425000.
[18:03:39] > 8it5inn added x1 §x§F§F§5§5§0§0§lsᴇʟʟᴡᴀɴᴅ §6- 5.0x in auction for 425000.
[18:03:50] > k000k444k buy x1 Shulker box to HwanYo for $250,000.
[18:04:11] > Gabyy added x1 §x§F§F§3§E§0§0§lSellwand Voucher in auction for 1000000.
[18:04:29] > Blinkrzz buy x1 §x§F§F§3§E§0§0§lSellwand Voucher to Gabyy for $1,000,000.
[18:04:31] > k000k444k remove x1 Shulker box from buy
[18:04:52] > Kodakoda added x1 §x§F§F§5§5§0§0§lsᴇʟʟᴡᴀɴᴅ §6- 20.0x in auction for 2200000.
[18:04:59] > giyahnpogi buy x1 §x§F§F§5§5§0§0§lsᴇʟʟᴡᴀɴᴅ §6- 20.0x to Kodakoda for $2,200,000.
[18:05:09] > Gabyy added x1 §x§F§F§3§E§0§0§lSellwand Voucher in auction for 1000000.
[18:06:49] > EnderDragon0120 remove x1 Red Shulker Box from storage
[18:06:50] > EnderDragon0120 remove x1 §x§F§F§7§C§0§0§lSteamsparks Fishing Rod from storage
[18:06:55] > nachfaust remove x1 Panundot ng pwet from storage
[18:07:00] > EnderDragon0120 added x1 §x§F§F§3§E§0§0§lSellwand Voucher in auction for 1850000.
[18:07:21] > 8it5inn remove x1 §x§F§F§5§5§0§0§lsᴇʟʟᴡᴀɴᴅ §6- 5.0x from storage
[18:07:21] > 8it5inn remove x1 §x§F§F§5§5§0§0§lsᴇʟʟᴡᴀɴᴅ §6- 5.0x from storage
[18:07:24] > EnderDragon0120 added x1 §x§F§F§5§5§0§0§lsᴇʟʟᴡᴀɴᴅ §6- 5.0x in auction for 850000.
[18:07:30] > 8it5inn added x1 §x§F§F§5§5§0§0§lsᴇʟʟᴡᴀɴᴅ §6- 5.0x in auction for 385000.
[18:07:46] > 8it5inn added x1 §x§F§F§5§5§0§0§lsᴇʟʟᴡᴀɴᴅ §6- 5.0x in auction for 267000.
[18:07:54] > giyahnpogi buy x1 §x§F§F§5§5§0§0§lsᴇʟʟᴡᴀɴᴅ §6- 5.0x to 8it5inn for $267,000.
[18:08:05] > 8it5inn remove x1 §x§F§F§5§5§0§0§lsᴇʟʟᴡᴀɴᴅ §6- 5.0x from storage
[18:08:13] > 8it5inn added x1 §x§F§F§5§5§0§0§lsᴇʟʟᴡᴀɴᴅ §6- 5.0x in auction for 367000.
[18:08:26] > InternetCafeUser buy x1 §x§F§F§5§5§0§0§lsᴇʟʟᴡᴀɴᴅ §6- 5.0x to 8it5inn for $367,000.
[18:10:22] > k000k444k added x1 §x§F§F§7§C§0§0§lSteamsparks Key in auction for 100000.
[18:10:25] > COSA_Shoyo buy x56 Firework rocket to .VisedSauce5790 for $15,000.
[18:10:29] > COSA_Shoyo remove x56 Firework rocket from buy
[18:10:35] > k000k444k added x3 §x§E§5§1§B§1§B§lDracula Key in auction for 300000.
[18:10:55] > poggibonxi added x1 §x§F§F§5§5§0§0§lsᴇʟʟᴡᴀɴᴅ §6- 5.0x in auction for 500000.
[18:11:00] > NoClarity added x1 §f§l§x§F§C§D§0§5§CW§x§F§A§A§A§4§Bu§x§F§9§8§4§3§Bk§x§F§7§5§F§2§Ao§x§F§5§3§9§1§9n§x§F§4§1§3§0§8g §x§F§5§3§9§1§9S§x§F§7§5§F§2§Ap§x§F§9§8§4§3§Be§x§F§A§A§A§4§Ba§x§F§C§D§0§5§Cr in auction for 599999.
[18:11:05] > k000k444k added x1 §x§F§F§5§5§0§0§lsᴇʟʟᴡᴀɴᴅ §6- 5.0x in auction for 500000.
[18:11:27] > k000k444k remove x1 §x§F§F§5§5§0§0§lsᴇʟʟᴡᴀɴᴅ §6- 5.0x from storage
[18:11:33] > k000k444k added x1 §x§F§F§5§5§0§0§lsᴇʟʟᴡᴀɴᴅ §6- 5.0x in auction for 450000.
[18:12:13] > k000k444k remove x1 §x§F§F§5§5§0§0§lsᴇʟʟᴡᴀɴᴅ §6- 5.0x from storage
[18:13:09] > T_YK added x1 §x§F§F§3§E§0§0§lSellwand Voucher in auction for 1000000.
[18:13:49] > Broodie buy x1 §x§F§F§7§C§0§0§lSteamsparks Key to k000k444k for $100,000.
[18:13:56] > Broodie remove x1 §x§F§F§7§C§0§0§lSteamsparks Key from buy
[18:15:18] > Wemmbuo added x1 Netherite axe in auction for 120000.
[18:16:40] > ravencabansay buy x3 §x§E§5§1§B§1§B§lDracula Key to k000k444k for $300,000.
[18:16:47] > ravencabansay remove x3 §x§E§5§1§B§1§B§lDracula Key from buy
[18:18:04] > x1 Nether star, item of cheflight, has just expired, the item is definitively deleted.
[18:18:04] > x1 §x§E§5§1§B§1§B§lDracula Bow, item of imnectarfr, has just expired, the item is definitively deleted.
[18:18:04] > x1 §f§l§x§F§C§D§0§5§CW§x§F§B§C§1§5§5u§x§F§B§B§2§4§Fk§x§F§A§A§3§4§8o§x§F§9§9§5§4§2n§x§F§9§8§6§3§Bg§x§F§8§7§7§3§5 §x§F§8§6§8§2§EL§x§F§7§5§9§2§7e§x§F§6§4§A§2§1g§x§F§6§3§B§1§Ag§x§F§5§2§D§1§4i§x§F§4§1§E§0§Dn§x§F§4§0§F§0§7g§x§F§3§0§0§0§0s, item of imnectarfr, has just expired, the item is definitively deleted.
[18:23:27] > InternetCafeUser added x1 §fAxolotl Plushie (Blue) §6(4/101) in auction for 70000.
[18:23:37] > Kodakoda buy x1 §fAxolotl Plushie (Blue) §6(4/101) to InternetCafeUser for $70,000.
[18:23:52] > Kodakoda remove x1 §fAxolotl Plushie (Blue) §6(4/101) from buy
[18:28:01] > FuwaLeaf added x1 §x§F§F§7§C§0§0§lSteamsparks Halberd in auction for 300000.
[18:30:09] > giyahnpogi remove x1 §x§F§F§5§5§0§0§lsᴇʟʟᴡᴀɴᴅ §6- 20.0x from buy
[18:31:42] > FuwaLeaf buy x64 Sugar cane to Blinkrzz for $10,000.
[18:31:48] > FuwaLeaf remove x64 Sugar cane from buy
[18:32:28] > Johng10910 added x6 Ominous bottle in auction for 300000.
[18:38:13] > chxrryxblossom remove x13 §bEntropy Crystal §8(§310,000§8) from storage
[18:38:14] > chxrryxblossom remove x13 §bEntropy Crystal §8(§310,000§8) from storage
[18:38:14] > chxrryxblossom remove x13 §bEntropy Crystal §8(§310,000§8) from storage
[18:38:31] > Julene added x1 §fCave Spider Plushie §6(#24/101) in auction for 20000.
[18:38:34] > chxrryxblossom added x10 §bEntropy Crystal §8(§310,000§8) in auction for 900000.
[18:38:46] > chxrryxblossom added x10 §bEntropy Crystal §8(§310,000§8) in auction for 900000.
[18:38:55] > Julene added x1 §fTrader Llama Plushie §6(#87/101) in auction for 17000.
[18:38:58] > chxrryxblossom added x10 §bEntropy Crystal §8(§310,000§8) in auction for 900000.
[18:39:03] > giyahnpogi buy x10 §bEntropy Crystal §8(§310,000§8) to chxrryxblossom for $900,000.
[18:39:09] > chxrryxblossom added x10 §bEntropy Crystal §8(§310,000§8) in auction for 900000.
[18:39:10] > giyahnpogi remove x10 §bEntropy Crystal §8(§310,000§8) from buy
[18:39:35] > FuwaLeaf buy x64 Bamboo to olol123 for $10,000.
[18:39:36] > Julene added x1 Diamond helmet in auction for 13000.
[18:39:53] > Julene added x1 §fHorse Plushie (Chestnut) §6(#47/101) in auction for 15000.
[18:39:57] > Nathantheslayer buy x1 §fHorse Plushie (Chestnut) §6(#47/101) to Julene for $15,000.
[18:40:01] > kysicx buy x1 §fTrader Llama Plushie §6(#87/101) to Julene for $17,000.
[18:40:03] > Julene added x1 §fChicken Plushie §6(#25/101) in auction for 15000.
[18:40:03] > kysicx buy x1 §fCave Spider Plushie §6(#24/101) to Julene for $20,000.
[18:40:06] > 8it5inn buy x1 §fChicken Plushie §6(#25/101) to Julene for $15,000.
[18:40:24] > T_YK buy x1 Netherite pickaxe to Blinkrzz for $300,000.
[18:40:29] > T_YK remove x1 §x§F§F§3§E§0§0§lSellwand Voucher form storage
[18:40:53] > Julene added x1 §fParrot Plushie (Gray) §6(#60/101) in auction for 13000.
[18:41:01] > T_YK added x1 §x§F§F§3§E§0§0§lSellwand Voucher in auction for 1000000.
[18:41:08] > FuwaLeaf buy x1 §fParrot Plushie (Gray) §6(#60/101) to Julene for $13,000.
[18:41:15] > poggibonxi remove x1 §x§F§F§5§5§0§0§lsᴇʟʟᴡᴀɴᴅ §6- 5.0x form storage
[18:41:33] > Julene added x1 §fCat Plushie (Tuxedo) §6(#22/101) in auction for 16000.
[18:41:41] > poggibonxi added x1 §x§F§F§5§5§0§0§lsᴇʟʟᴡᴀɴᴅ §6- 5.0x in auction for 267000.
[18:41:45] > 8it5inn buy x1 §fCat Plushie (Tuxedo) §6(#22/101) to Julene for $16,000.
[18:41:48] > Trapers1 buy x1 §x§F§F§5§5§0§0§lsᴇʟʟᴡᴀɴᴅ §6- 5.0x to poggibonxi for $267,000.
[18:42:01] > .verykeewlguy buy x1 Enchanted book to nachfaust for $50,000.
[18:42:04] > Trapers1 remove x1 §x§F§F§5§5§0§0§lsᴇʟʟᴡᴀɴᴅ §6- 5.0x form buy
[18:42:06] > FuwaLeaf remove x1 §fParrot Plushie (Gray) §6(#60/101) from buy
[18:42:06] > 8it5inn remove x1 §fCat Plushie (Tuxedo) §6(#22/101) from buy
[18:42:06] > FuwaLeaf remove x64 Bamboo from buy
[18:42:07] > 8it5inn remove x1 §fChicken Plushie §6(#25/101) from buy
[18:42:12] > Trapers1 added x1 §x§F§F§5§5§0§0§lsᴇʟʟᴡᴀɴᴅ §6- 5.0x in auction for 380000.
[18:42:12] > T_YK remove x1 Netherite pickaxe from buy
[18:42:16] > dearestyumeko added x1 Sniffer egg in auction for 70000.
[18:42:20] > YchannR buy x1 §x§F§F§5§5§0§0§lsᴇʟʟᴡᴀɴᴅ §6- 5.0x to Trapers1 for $380,000.
[18:42:35] > YchannR remove x1 §f§l§8B§x§6§6§6§6§6§6a§x§7§7§7§7§7§7h§x§8§8§8§8§8§8a§x§9§9§9§9§9§9m§7u§x§9§9§9§9§9§9t§x§8§8§8§8§8§8 §x§7§7§7§7§7§7K§x§6§6§6§6§6§6e§8y form storage
[18:42:41] > Julene added x2 §6§lTuna in auction for 100.
[18:42:50] > Renzy01 buy x2 §6§lTuna to Julene for $100.
[18:42:56] > FuwaLeaf buy x1 Sniffer egg to dearestyumeko for $70,000.
[18:42:58] > Julene added x1 §f§lWhite Fish in auction for 50.
[18:43:00] > FuwaLeaf remove x1 Sniffer egg from buy
[18:43:03] > k000k444k buy x1 §f§lWhite Fish to Julene for $50.
[18:43:05] > Renzy01 remove x2 §6§lTuna from buy
[18:43:14] > k000k444k remove x1 §f§lWhite Fish from buy
[18:43:29] > Julene added x1 §fRabbit Plushie (Gold) §6(#72/101) in auction for 15000.
[18:43:35] > k000k444k buy x1 §fRabbit Plushie (Gold) §6(#72/101) to Julene for $15,000.
[18:43:38] > k000k444k remove x1 §fRabbit Plushie (Gold) §6(#72/101) from buy
[18:43:45] > Julene added x1 §fRabbit Plushie (Black) §6(#70/101) in auction for 15000.
[18:43:49] > FuwaLeaf buy x1 §fRabbit Plushie (Black) §6(#70/101) to Julene for $15,000.
[18:44:49] > .verykeewlguy buy x1 Diamond helmet to Julene for $13,000.
[18:45:08] > NewDude10 buy x64 Experience bottle to HwanYo for $90,000.
[18:45:14] > NewDude10 remove x64 Experience bottle from buy
[18:46:24] > Julene added x1 §fRabbit Plushie (White) §6(#75/101) in auction for 20000.
[18:46:30] > 8it5inn buy x1 §fRabbit Plushie (White) §6(#75/101) to Julene for $20,000.
[18:46:36] > 8it5inn remove x1 §fRabbit Plushie (White) §6(#75/101) from buy
[18:50:19] > ShadowOfFear buy x1 Coast armor trim smithing template to monggol for $100,000.
[18:50:21] > ShadowOfFear buy x1 Coast armor trim smithing template to monggol for $100,000.
[18:50:24] > ShadowOfFear buy x1 Coast armor trim smithing template to monggol for $100,000.
[18:51:33] > Kaynn added x4 Ominous trial key in auction for 400000.
[18:53:18] > dearestyumeko added x2 Pitcher pod in auction for 900.
[18:53:22] > Enyara buy x2 Pitcher pod to dearestyumeko for $900.
[18:56:04] > dearestyumeko added x1 Sniffer egg in auction for 70000.
[18:56:29] > FuwaLeaf added x1 §f§l§x§8§A§0§0§F§FS§x§9§9§0§0§D§Bh§x§A§8§0§0§B§6i§x§B§7§0§0§9§2n§x§C§6§0§0§6§De§x§D§5§0§0§4§9 §x§E§4§0§0§2§4O§x§F§3§0§0§0§0n§x§E§4§0§0§2§4i§x§D§5§0§0§4§9 §x§C§6§0§0§6§DS§x§B§7§0§0§9§2p§x§A§8§0§0§B§6e§x§9§9§0§0§D§Ba§x§8§A§0§0§F§Fr in auction for 1500000.
[19:02:53] > Cynishere added x1 §f§l§8B§x§6§3§6§3§6§3a§x§7§1§7§1§7§1h§x§8§0§8§0§8§0a§x§8§E§8§E§8§Em§x§9§C§9§C§9§Cu§7t§x§9§C§9§C§9§C §x§8§E§8§E§8§EB§x§8§0§8§0§8§0o§x§7§1§7§1§7§1o§x§6§3§6§3§6§3t§8s in auction for 400000.
[19:06:34] > YchannR remove x1 §x§F§F§5§5§0§0§lsᴇʟʟᴡᴀɴᴅ §6- 5.0x form buy
[19:07:07] > Zypher_0w0 added x1 Enchanted book in auction for 2200.
[19:07:15] > FuwaLeaf buy x1 Enchanted book to Zypher_0w0 for $2,200.
[19:10:23] > Kaynn remove x4 Ominous trial key from storage
[19:10:26] > Fogstrap remove x1 Elytra from storage
[19:10:36] > Fogstrap added x1 Elytra in auction for 4000000.
[19:15:59] > Hunter_Sung remove x1 Fully Enchanted Wukong Armor Set from storage
[19:17:44] > Takeremu added x2 §3§lDolphin Tail in auction for 160000.
[19:22:31] > king_ARK added x1 §bEntropy Crystal §8(§310,000§8) in auction for 1000000.
[19:22:46] > king_ARK remove x1 §bEntropy Crystal §8(§310,000§8) from storage
[19:25:04] > x1 §f§l§x§F§C§D§0§5§CW§x§F§A§A§A§4§Bu§x§F§9§8§4§3§Bk§x§F§7§5§F§2§Ao§x§F§5§3§9§1§9n§x§F§4§1§3§0§8g §x§F§5§3§9§1§9S§x§F§7§5§F§2§Aw§x§F§9§8§4§3§Bo§x§F§A§A§A§4§Br§x§F§C§D§0§5§Cd, item of sigman, has just expired, the item is definitively deleted.
[19:25:04] > x1 §x§F§F§7§C§0§0§lSteamsparks Blade, item of sigman, has just expired, the item is definitively deleted.
[19:25:05] > king_ARK remove x1 §bEntropy Crystal §8(§310,000§8) from expire
[19:25:21] > king_ARK added x10 §bEntropy Crystal §8(§310,000§8) in auction for 800000.
[19:30:37] > Hunter_Sung added x1 Fully Enchanted Wukong Armor Set in auction for 3000000.
[19:37:27] > Fogstrap remove x2 Netherite ingot from storage
[19:37:33] > Fogstrap added x2 Netherite ingot in auction for 200000.
[19:45:19] > x1 §fNaganadel Tail on sale by tic_sz has just expired, it goes in the inventory of expired items.
[19:45:19] > Nyxie added x1 Netherite ingot in auction for 90000.
[19:46:03] > Nyxie added x1 §x§F§F§3§E§0§0§lDemon Lord Wings in auction for 4000000.
[19:47:18] > Nyxie remove x1 §x§F§F§3§E§0§0§lDemon Lord Wings from storage
[19:47:24] > Nyxie remove x1 §x§F§F§3§E§0§0§lDemon Lord Wings from expire
[20:00:47] > x4 Deepslate redstone ore on sale by Julene has just expired, it goes in the inventory of expired items.
[20:01:39] > Gabyy remove x1 §x§F§F§3§E§0§0§lSellwand Voucher from storage
[20:01:52] > Gabyy added x1 §x§F§F§3§E§0§0§lSellwand Voucher in auction for 1000000.
[20:12:00] > Blinkrzz added x7 Emerald block in auction for 500000.
[20:12:37] > FuwaLeaf buy x1 Diamond axe to zopell10 for $2,000.
[20:15:17] > Blinkrzz added x4 Enchanted golden apple in auction for 400000.
[20:19:36] > x1 White shulker box on sale by Zen0969 has just expired, it goes in the inventory of expired items.
[20:19:36] > x1 White shulker box on sale by Zen0969 has just expired, it goes in the inventory of expired items.
[20:19:36] > x1 White shulker box on sale by Zen0969 has just expired, it goes in the inventory of expired items.
[20:19:36] > x1 White shulker box on sale by Zen0969 has just expired, it goes in the inventory of expired items.
[20:19:36] > x1 White shulker box on sale by Zen0969 has just expired, it goes in the inventory of expired items.
[20:19:36] > x1 White shulker box on sale by Zen0969 has just expired, it goes in the inventory of expired items.
[20:19:48] > nnorv1 buy x64 Experience bottle to HwanYo for $90,000.
[20:20:31] > nnorv1 remove x64 Experience bottle from buy
[20:39:42] > FuwaLeaf added x1 §aClaim Wand in auction for 100000.
[20:42:58] > Gabyy remove x1 §x§F§F§3§E§0§0§lSellwand Voucher from storage
[20:43:13] > Zypher_0w0 remove x1 §x§F§F§5§5§0§0§lsᴇʟʟᴡᴀɴᴅ §6- 5.0x from buy
[20:43:14] > Zypher_0w0 remove x1 §x§F§F§5§5§0§0§lsᴇʟʟᴡᴀɴᴅ §6- 5.0x from buy
[20:43:14] > Zypher_0w0 remove x1 §x§F§F§5§5§0§0§lsᴇʟʟᴡᴀɴᴅ §6- 5.0x from buy
[20:43:15] > Zypher_0w0 remove x1 §x§F§F§5§5§0§0§lsᴇʟʟᴡᴀɴᴅ §6- 5.0x from buy
[20:43:16] > Zypher_0w0 remove x1 §x§F§F§5§5§0§0§lsᴇʟʟᴡᴀɴᴅ §6- 5.0x form buy
[20:43:16] > Zypher_0w0 remove x1 §x§F§F§5§5§0§0§lsᴇʟʟᴡᴀɴᴅ §6- 5.0x form buy
[20:43:16] > Zypher_0w0 remove x1 §x§F§F§5§5§0§0§lsᴇʟʟᴡᴀɴᴅ §6- 5.0x form buy
[20:43:16] > Zypher_0w0 remove x1 §x§F§F§5§5§0§0§lsᴇʟʟᴡᴀɴᴅ §6- 5.0x form buy
[20:43:16] > Zypher_0w0 remove x1 §x§F§F§5§5§0§0§lsᴇʟʟᴡᴀɴᴅ §6- 5.0x form buy
[20:43:16] > Zypher_0w0 remove x1 §x§F§F§5§5§0§0§lsᴇʟʟᴡᴀɴᴅ §6- 5.0x form buy
[20:43:16] > Zypher_0w0 remove x1 §x§F§F§5§5§0§0§lsᴇʟʟᴡᴀɴᴅ §6- 5.0x form buy
[20:43:16] > Zypher_0w0 remove x1 §x§F§F§5§5§0§0§lsᴇʟʟᴡᴀɴᴅ §6- 5.0x form buy
[20:43:16] > Zypher_0w0 remove x1 §x§F§F§5§5§0§0§lsᴇʟʟᴡᴀɴᴅ §6- 5.0x form buy
[20:43:16] > Zypher_0w0 remove x1 §x§F§F§5§5§0§0§lsᴇʟʟᴡᴀɴᴅ §6- 5.0x form buy
[20:43:16] > Zypher_0w0 remove x1 §x§F§F§5§5§0§0§lsᴇʟʟᴡᴀɴᴅ §6- 5.0x form buy
[20:43:16] > Zypher_0w0 remove x1 §x§F§F§5§5§0§0§lsᴇʟʟᴡᴀɴᴅ §6- 5.0x form buy
[20:43:16] > Zypher_0w0 remove x1 §x§F§F§5§5§0§0§lsᴇʟʟᴡᴀɴᴅ §6- 5.0x form buy
[20:43:16] > Zypher_0w0 remove x1 §x§F§F§5§5§0§0§lsᴇʟʟᴡᴀɴᴅ §6- 5.0x form buy
[20:43:16] > Zypher_0w0 remove x1 §x§F§F§5§5§0§0§lsᴇʟʟᴡᴀɴᴅ §6- 5.0x form buy
[20:43:16] > Zypher_0w0 remove x1 §x§F§F§5§5§0§0§lsᴇʟʟᴡᴀɴᴅ §6- 5.0x form buy
[20:43:16] > Zypher_0w0 remove x1 §x§F§F§5§5§0§0§lsᴇʟʟᴡᴀɴᴅ §6- 5.0x form buy
[20:43:16] > Zypher_0w0 remove x1 §x§F§F§5§5§0§0§lsᴇʟʟᴡᴀɴᴅ §6- 5.0x form buy
[20:43:16] > Zypher_0w0 remove x1 §x§F§F§5§5§0§0§lsᴇʟʟᴡᴀɴᴅ §6- 5.0x form buy
[20:43:16] > Zypher_0w0 remove x1 §x§F§F§5§5§0§0§lsᴇʟʟᴡᴀɴᴅ §6- 5.0x form buy
[20:43:16] > Zypher_0w0 remove x1 §x§F§F§5§5§0§0§lsᴇʟʟᴡᴀɴᴅ §6- 5.0x form buy
[20:43:16] > Zypher_0w0 remove x1 §x§F§F§5§5§0§0§lsᴇʟʟᴡᴀɴᴅ §6- 5.0x form buy
[20:43:16] > Zypher_0w0 remove x1 §x§F§F§5§5§0§0§lsᴇʟʟᴡᴀɴᴅ §6- 5.0x form buy
[20:43:16] > Zypher_0w0 remove x1 §x§F§F§5§5§0§0§lsᴇʟʟᴡᴀɴᴅ §6- 5.0x form buy
[20:43:16] > Zypher_0w0 remove x1 §x§F§F§5§5§0§0§lsᴇʟʟᴡᴀɴᴅ §6- 5.0x form buy
[20:43:16] > Zypher_0w0 remove x1 §x§F§F§5§5§0§0§lsᴇʟʟᴡᴀɴᴅ §6- 5.0x form buy
[20:43:16] > Zypher_0w0 remove x1 §x§F§F§5§5§0§0§lsᴇʟʟᴡᴀɴᴅ §6- 5.0x form buy
[20:43:16] > Zypher_0w0 remove x1 §x§F§F§5§5§0§0§lsᴇʟʟᴡᴀɴᴅ §6- 5.0x form buy
[20:43:16] > Zypher_0w0 remove x1 §x§F§F§5§5§0§0§lsᴇʟʟᴡᴀɴᴅ §6- 5.0x form buy
[20:43:16] > Zypher_0w0 remove x1 §x§F§F§5§5§0§0§lsᴇʟʟᴡᴀɴᴅ §6- 5.0x form buy
[20:43:16] > Zypher_0w0 remove x1 §x§F§F§5§5§0§0§lsᴇʟʟᴡᴀɴᴅ §6- 5.0x form buy
[20:43:16] > Zypher_0w0 remove x1 §x§F§F§5§5§0§0§lsᴇʟʟᴡᴀɴᴅ §6- 5.0x form buy
[20:43:22] > Gabyy added x1 §x§F§F§3§E§0§0§lSellwand Voucher in auction for 850000.
[20:43:36] > Blinkrzz buy x1 §x§F§F§3§E§0§0§lSellwand Voucher to Gabyy for $850,000.
[20:43:45] > Zypher_0w0 remove x1 §x§F§F§5§5§0§0§lsᴇʟʟᴡᴀɴᴅ §6- 5.0x form buy
[20:43:45] > Zypher_0w0 remove x1 §x§F§F§5§5§0§0§lsᴇʟʟᴡᴀɴᴅ §6- 5.0x form buy
[20:43:45] > Zypher_0w0 remove x1 §x§F§F§5§5§0§0§lsᴇʟʟᴡᴀɴᴅ §6- 5.0x form buy
[20:43:45] > Zypher_0w0 remove x1 §x§F§F§5§5§0§0§lsᴇʟʟᴡᴀɴᴅ §6- 5.0x form buy
[20:43:45] > Zypher_0w0 remove x1 §x§F§F§5§5§0§0§lsᴇʟʟᴡᴀɴᴅ §6- 5.0x form buy
[20:43:45] > Zypher_0w0 remove x1 §x§F§F§5§5§0§0§lsᴇʟʟᴡᴀɴᴅ §6- 5.0x form buy
[20:46:48] > ReKYee buy x1 Netherite ingot to Nyxie for $90,000.
[20:48:35] > ReKYee remove x1 Netherite ingot from buy
[20:49:49] > ravencabansay added x1 Silence armor trim smithing template in auction for 150000.
[20:50:44] > ravencabansay added x4 Netherite ingot in auction for 400000.
[20:51:10] > Blinkrzz remove x1 §x§F§F§3§E§0§0§lSellwand Voucher from buy
[20:51:11] > Blinkrzz remove x1 §x§F§F§3§E§0§0§lSellwand Voucher from buy
[20:51:35] > ravencabansay added x1 §f§l§8B§x§6§0§6§0§6§0a§x§6§C§6§C§6§Ch§x§7§7§7§7§7§7a§x§8§2§8§2§8§2m§x§8§E§8§E§8§Eu§x§9§9§9§9§9§9t§x§A§4§A§4§A§4 L§x§9§9§9§9§9§9e§x§8§E§8§E§8§Eg§x§8§2§8§2§8§2g§x§7§7§7§7§7§7i§x§6§C§6§C§6§Cn§x§6§0§6§0§6§0g§8s in auction for 250000.
[20:51:47] > Blinkrzz buy x1 §x§F§F§3§E§0§0§lSellwand Voucher to T_YK for $1,000,000.
[20:51:55] > Blinkrzz remove x1 §x§F§F§3§E§0§0§lSellwand Voucher from buy
[20:53:08] > nachfaust buy x1 Silence armor trim smithing template to ravencabansay for $150,000.
[20:54:08] > ravencabansay added x1 §x§F§F§3§E§0§0§lD§x§F§F§3§6§0§0§le§x§F§F§2§F§0§0§lm§x§F§F§2§7§0§0§lo§x§F§F§1§F§0§0§ln §x§F§F§1§0§0§0§lL§x§F§F§0§8§0§0§lo§x§F§F§0§0§0§0§lr§x§F§F§0§9§0§0§ld §x§F§F§1§B§0§0§lS§x§F§F§2§3§0§0§lt§x§F§F§2§C§0§0§la§x§F§F§3§5§0§0§lf§x§F§F§3§E§0§0§lf in auction for 1000000.
[20:59:18] > Blinkrzz added x1 §x§F§F§3§E§0§0§lSellwand Voucher in auction for 1800000.
[21:00:24] > tic_sz buy x1 §f§l§8B§x§6§0§6§0§6§0a§x§6§C§6§C§6§Ch§x§7§7§7§7§7§7a§x§8§2§8§2§8§2m§x§8§E§8§E§8§Eu§x§9§9§9§9§9§9t§x§A§4§A§4§A§4 L§x§9§9§9§9§9§9e§x§8§E§8§E§8§Eg§x§8§2§8§2§8§2g§x§7§7§7§7§7§7i§x§6§C§6§C§6§Cn§x§6§0§6§0§6§0g§8s to ravencabansay for $250,000.
[21:00:57] > EXEZUNO buy x1 §x§F§F§7§C§0§0§lSteamsparks Shield to mumbowe777 for $200,000.
[21:02:55] > ravencabansay remove x4 Netherite ingot from storage
[21:04:49] > monggol buy x10 §bEntropy Crystal §8(§310,000§8) to king_ARK for $800,000.
[21:04:54] > monggol remove x10 §bEntropy Crystal §8(§310,000§8) from buy
[21:05:48] > Johng10910 added x1 Netherite ingot in auction for 100000.
[21:06:05] > monggol buy x10 §bEntropy Crystal §8(§310,000§8) to chxrryxblossom for $900,000.
[21:06:10] > monggol remove x10 §bEntropy Crystal §8(§310,000§8) from buy
[21:06:30] > ravencabansay added x1 Shulker box in auction for 250000.
[21:07:32] > monggol buy x10 §bEntropy Crystal §8(§310,000§8) to chxrryxblossom for $900,000.
[21:07:38] > monggol remove x10 §bEntropy Crystal §8(§310,000§8) from buy
[21:07:54] > k000k444k added x1 §aClaim Checker in auction for 10.
[21:08:04] > k000k444k added x1 §aClaim Wand in auction for 10.
[21:08:26] > sigman buy x1 §aClaim Checker to k000k444k for $10.
[21:08:38] > sigman remove x1 §aClaim Checker from buy
[21:08:43] > FuwaLeaf added x1 §f§l§8B§x§6§2§6§2§6§2a§x§6§F§6§F§6§Fh§x§7§C§7§C§7§Ca§x§8§9§8§9§8§9m§x§9§6§9§6§9§6u§x§A§3§A§3§A§3t §x§9§6§9§6§9§6S§x§8§9§8§9§8§9h§x§7§C§7§C§7§Ci§x§6§F§6§F§6§Fe§x§6§2§6§2§6§2l§8d in auction for 100000.
[21:08:58] > FuwaLeaf remove x1 §f§l§8B§x§6§2§6§2§6§2a§x§6§F§6§F§6§Fh§x§7§C§7§C§7§Ca§x§8§9§8§9§8§9m§x§9§6§9§6§9§6u§x§A§3§A§3§A§3t §x§9§6§9§6§9§6S§x§8§9§8§9§8§9h§x§7§C§7§C§7§Ci§x§6§F§6§F§6§Fe§x§6§2§6§2§6§2l§8d from storage
[21:09:03] > FuwaLeaf remove x1 §f§l§8B§x§6§2§6§2§6§2a§x§6§F§6§F§6§Fh§x§7§C§7§C§7§Ca§x§8§9§8§9§8§9m§x§9§6§9§6§9§6u§x§A§3§A§3§A§3t §x§9§6§9§6§9§6S§x§8§9§8§9§8§9h§x§7§C§7§C§7§Ci§x§6§F§6§F§6§Fe§x§6§2§6§2§6§2l§8d from expire
[21:09:11] > FuwaLeaf added x1 §f§l§8B§x§6§2§6§2§6§2a§x§6§F§6§F§6§Fh§x§7§C§7§C§7§Ca§x§8§9§8§9§8§9m§x§9§6§9§6§9§6u§x§A§3§A§3§A§3t §x§9§6§9§6§9§6S§x§8§9§8§9§8§9h§x§7§C§7§C§7§Ci§x§6§F§6§F§6§Fe§x§6§2§6§2§6§2l§8d in auction for 150000.
[21:09:32] > ravencabansay added x1 §f§l§x§F§C§D§0§5§CW§x§F§B§A§D§4§Du§x§F§9§8§B§3§Dk§x§F§8§6§8§2§Eo§x§F§6§4§5§1§Fn§x§F§5§2§3§0§Fg§x§F§3§0§0§0§0 §x§F§5§2§3§0§FS§x§F§6§4§5§1§Fh§x§F§8§6§8§2§Ei§x§F§9§8§B§3§De§x§F§B§A§D§4§Dl§x§F§C§D§0§5§Cd in auction for 900000.
[21:10:34] > monggol buy x10 §bEntropy Crystal §8(§310,000§8) to chxrryxblossom for $900,000.
[21:10:41] > monggol remove x10 §bEntropy Crystal §8(§310,000§8) from buy
[21:12:11] > nachfaust added x1 §x§5§9§A§1§D§9§lA§x§7§5§B§1§D§Fr§x§9§0§C§0§E§6c§x§A§C§D§0§E§Ch§x§C§8§E§0§F§2a§x§E§3§E§F§F§9n§fg§x§E§3§E§F§F§9e§x§C§8§E§0§F§2l §x§9§0§C§0§E§6H§x§7§5§B§1§D§Fa§x§5§9§A§1§D§9t in auction for 500000.
[21:15:18] > x1 §f§l§8B§x§6§1§6§1§6§1a§x§6§D§6§D§6§Dh§x§7§9§7§9§7§9a§x§8§6§8§6§8§6m§x§9§2§9§2§9§2u§x§9§E§9§E§9§Et§7 §x§9§E§9§E§9§EH§x§9§2§9§2§9§2a§x§8§6§8§6§8§6l§x§7§9§7§9§7§9b§x§6§D§6§D§6§De§x§6§1§6§1§6§1r§8d on sale by prollysmor has just expired, it goes in the inventory of expired items.
[21:15:49] > FuwaLeaf added x1 §x§3§4§9§8§D§Bᴡɪᴛᴄʜ ꜱᴘᴀᴡɴᴇʀ in auction for 2000000.
[21:15:52] > koshie buy x1 §x§3§4§9§8§D§Bᴡɪᴛᴄʜ ꜱᴘᴀᴡɴᴇʀ to FuwaLeaf for $2,000,000.
[21:16:51] > H2SO4 buy x1 §x§F§F§5§5§0§0§lsᴇʟʟᴡᴀɴᴅ §6- 5.0x to ELITEAtlas for $500,000.
[21:18:46] > EXEZUNO buy x1 §aClaim Wand to k000k444k for $10.
[21:18:46] > x1 §f§l§x§8§A§0§0§F§FS§x§9§5§0§0§E§4h§x§A§0§0§0§C§9i§x§A§B§0§0§A§En§x§B§6§0§0§9§4e§x§C§1§0§0§7§9 §x§C§C§0§0§5§EO§x§D§7§0§0§4§3n§x§E§2§0§0§2§8i§x§E§D§0§0§0§D B§x§E§2§0§0§2§8a§x§D§7§0§0§4§3t§x§C§C§0§0§5§Et§x§C§1§0§0§7§9l§x§B§6§0§0§9§4e§x§A§B§0§0§A§E §x§A§0§0§0§C§9A§x§9§5§0§0§E§4x§x§8§A§0§0§F§Fe on sale by koshie has just expired, it goes in the inventory of expired items.
[21:19:04] > x1 §f§l§x§8§A§0§0§F§FS§x§9§C§0§0§D§5h§x§A§D§0§0§A§Ai§x§B§F§0§0§8§0n§x§D§0§0§0§5§5e§x§E§2§0§0§2§B §x§F§3§0§0§0§0O§x§E§2§0§0§2§An§x§D§0§0§0§5§5i§x§B§F§0§0§8§0 §x§A§D§0§0§A§AB§x§9§C§0§0§D§5o§x§8§A§0§0§F§Fw on sale by koshie has just expired, it goes in the inventory of expired items.
[21:19:20] > koshie remove x1 §x§3§4§9§8§D§Bᴡɪᴛᴄʜ ꜱᴘᴀᴡɴᴇʀ from buy
[21:19:20] > koshie remove x1 §x§F§F§5§5§0§0§lsᴇʟʟᴡᴀɴᴅ §6- 10.0x from buy
[21:19:21] > koshie remove x1 §x§F§F§5§5§0§0§lsᴇʟʟᴡᴀɴᴅ §6- 10.0x from buy
[21:19:22] > x1 §f§l§8B§x§6§4§6§4§6§4a§x§7§4§7§4§7§4h§x§8§3§8§3§8§3a§x§9§3§9§3§9§3m§x§A§2§A§2§A§2ut§x§9§3§9§3§9§3 §x§8§3§8§3§8§3M§x§7§4§7§4§7§4a§x§6§4§6§4§6§4c§8e on sale by koshie has just expired, it goes in the inventory of expired items.
[21:23:13] > Nathantheslayer added x1 §x§F§F§5§5§0§0§lsᴇʟʟᴡᴀɴᴅ §6- 5.0x in auction for 400000.
[21:23:16] > Zypher_0w0 buy x1 §x§F§F§5§5§0§0§lsᴇʟʟᴡᴀɴᴅ §6- 5.0x to Nathantheslayer for $400,000.
[21:23:36] > 8it5inn added x1 §x§F§F§5§5§0§0§lsᴇʟʟᴡᴀɴᴅ §6- 5.0x in auction for 367000.
[21:23:39] > qu4sar added x1 §x§F§F§5§5§0§0§lsᴇʟʟᴡᴀɴᴅ §6- 5.0x in auction for 500000.
[21:23:39] > Zypher_0w0 buy x1 §x§F§F§5§5§0§0§lsᴇʟʟᴡᴀɴᴅ §6- 5.0x to 8it5inn for $367,000.
[21:23:43] > Zypher_0w0 buy x1 §x§F§F§5§5§0§0§lsᴇʟʟᴡᴀɴᴅ §6- 5.0x to qu4sar for $500,000.
[21:23:50] > FuwaLeaf added x1 §x§F§F§3§E§0§0§lSellwand Voucher in auction for 1500000.
[21:23:57] > tic_sz buy x1 §x§5§9§A§1§D§9§lA§x§7§5§B§1§D§Fr§x§9§0§C§0§E§6c§x§A§C§D§0§E§Ch§x§C§8§E§0§F§2a§x§E§3§E§F§F§9n§fg§x§E§3§E§F§F§9e§x§C§8§E§0§F§2l §x§9§0§C§0§E§6H§x§7§5§B§1§D§Fa§x§5§9§A§1§D§9t to nachfaust for $500,000.
[21:23:59] > Wemmbuo added x1 §x§F§F§3§E§0§0§lSellwand Voucher in auction for 1300000.
[21:24:17] > Blinkrzz remove x7 Emerald block from storage
[21:24:23] > Wemmbuo remove x1 §x§F§F§3§E§0§0§lSellwand Voucher from storage
[21:24:49] > 8it5inn added x1 §x§F§F§5§5§0§0§lsᴇʟʟᴡᴀɴᴅ §6- 5.0x in auction for 367000.
[21:24:57] > sigman added x1 §fWitch Hat in auction for 100000.
[21:25:06] > Blinkrzz added x1 §x§F§F§3§E§0§0§lSellwand Voucher in auction for 1500000.
[21:25:10] > FuwaLeaf buy x1 §x§F§F§5§5§0§0§lsᴇʟʟᴡᴀɴᴅ §6- 5.0x to 8it5inn for $367,000.
[21:25:10] > Julene added x1 §x§F§F§3§E§0§0§lSellwand Voucher in auction for 650000.
[21:25:14] > tic_sz buy x1 §x§F§F§3§E§0§0§lSellwand Voucher to Julene for $650,000.
[21:25:16] > FuwaLeaf remove x1 §x§F§F§3§E§0§0§lSellwand Voucher from storage
[21:25:20] > Wemmbuo added x1 §x§F§F§5§5§0§0§lsᴇʟʟᴡᴀɴᴅ §6- 10.0x in auction for 1500000.
[21:25:22] > tic_sz remove x1 §x§F§F§3§E§0§0§lSellwand Voucher from buy
[21:25:22] > tic_sz remove x1 §x§5§9§A§1§D§9§lA§x§7§5§B§1§D§Fr§x§9§0§C§0§E§6c§x§A§C§D§0§E§Ch§x§C§8§E§0§F§2a§x§E§3§E§F§F§9n§fg§x§E§3§E§F§F§9e§x§C§8§E§0§F§2l §x§9§0§C§0§E§6H§x§7§5§B§1§D§Fa§x§5§9§A§1§D§9t from buy
[21:25:23] > tic_sz remove x1 §f§l§8B§x§6§0§6§0§6§0a§x§6§C§6§C§6§Ch§x§7§7§7§7§7§7a§x§8§2§8§2§8§2m§x§8§E§8§E§8§Eu§x§9§9§9§9§9§9t§x§A§4§A§4§A§4 L§x§9§9§9§9§9§9e§x§8§E§8§E§8§Eg§x§8§2§8§2§8§2g§x§7§7§7§7§7§7i§x§6§C§6§C§6§Cn§x§6§0§6§0§6§0g§8s from buy
[21:25:23] > tic_sz remove x1 §fShogun Axe from buy
[21:25:26] > FuwaLeaf remove x1 §x§F§F§3§E§0§0§lSellwand Voucher from expire
[21:25:32] > FuwaLeaf remove x1 §x§F§F§5§5§0§0§lsᴇʟʟᴡᴀɴᴅ §6- 5.0x from buy
[21:25:45] > Wemmbuo remove x1 §x§F§F§5§5§0§0§lsᴇʟʟᴡᴀɴᴅ §6- 10.0x from storage
[21:25:48] > FuwaLeaf added x1 §x§F§F§5§5§0§0§lsᴇʟʟᴡᴀɴᴅ §6- 5.0x in auction for 450000.
[21:26:00] > Wemmbuo added x1 §x§F§F§5§5§0§0§lsᴇʟʟᴡᴀɴᴅ §6- 10.0x in auction for 1200000.
[21:26:04] > difconfused buy x1 §x§F§F§5§5§0§0§lsᴇʟʟᴡᴀɴᴅ §6- 10.0x to Wemmbuo for $1,200,000.
[21:26:10] > tic_sz buy x1 §x§F§F§5§5§0§0§lsᴇʟʟᴡᴀɴᴅ §6- 5.0x to FuwaLeaf for $450,000.
[21:26:15] > difconfused remove x1 §x§F§F§5§5§0§0§lsᴇʟʟᴡᴀɴᴅ §6- 10.0x from buy
[21:26:16] > difconfused remove x1 §x§F§F§5§5§0§0§lsᴇʟʟᴡᴀɴᴅ §6- 10.0x from buy
[21:26:23] > FuwaLeaf added x1 §x§F§F§3§E§0§0§lSellwand Voucher in auction for 1500000.
[21:26:23] > tic_sz remove x1 §x§F§F§5§5§0§0§lsᴇʟʟᴡᴀɴᴅ §6- 5.0x from buy
[21:27:16] > .Zero_Yatsu added x1 §x§F§F§3§E§0§0§lSellwand Voucher in auction for 1500000.
[21:27:23] > .jacindiii buy x1 plushiieeess ʚ♡ɞ to auvicious for $1,800,000.
[21:27:35] > FuwaLeaf remove x1 §x§F§F§3§E§0§0§lSellwand Voucher from storage
[21:27:40] > FuwaLeaf remove x1 §x§F§F§3§E§0§0§lSellwand Voucher from expire
[21:27:48] > FuwaLeaf added x1 §x§F§F§3§E§0§0§lSellwand Voucher in auction for 1400000.
[21:30:16] > Julene added x1 §fGuardian Plushie §6(#43/101) in auction for 125000.
[21:30:34] > 8it5inn buy x1 §fGuardian Plushie §6(#43/101) to Julene for $125,000.
[21:30:40] > 8it5inn remove x1 §fGuardian Plushie §6(#43/101) from buy
[21:31:19] > Julene added x38 Amethyst shard in auction for 150000.
[21:31:46] > Julene added x1 Splash potion in auction for 50000.
[21:32:05] > Julene added x1 Splash potion in auction for 50000.
[21:32:18] > .Allxnzv remove x1 §fGhost Hat from storage
[21:32:23] > FuwaLeaf remove x1 §x§F§F§3§E§0§0§lSellwand Voucher from storage
[21:32:28] > FuwaLeaf remove x1 §x§F§F§3§E§0§0§lSellwand Voucher from expire
[21:32:35] > FuwaLeaf added x1 §x§F§F§3§E§0§0§lSellwand Voucher in auction for 1300000.
[21:32:38] > .Allxnzv added x1 §fGhost Hat in auction for 15000.
[21:32:56] > Julene added x1 Enchanted book in auction for 15000.
[21:33:11] > Julene added x1 Enchanted book in auction for 20000.
[21:33:24] > Julene added x1 Enchanted book in auction for 25000.
[21:37:42] > Trapers1 added x1 §fDolphin Plushie §6(#28/101) in auction for 20000.
[21:37:42] > x1 §f§l§x§8§A§0§0§F§FS§x§9§C§0§0§D§5h§x§A§D§0§0§A§Ai§x§B§F§0§0§8§0n§x§D§0§0§0§5§5e§x§E§2§0§0§2§B §x§F§3§0§0§0§0O§x§E§2§0§0§2§An§x§D§0§0§0§5§5i§x§B§F§0§0§8§0 §x§A§D§0§0§A§AH§x§9§C§0§0§D§5o§x§8§A§0§0§F§Fe on sale by koshie has just expired, it goes in the inventory of expired items.
[21:37:51] > kysicx buy x1 §fDolphin Plushie §6(#28/101) to Trapers1 for $20,000.
[21:37:59] > Trapers1 added x1 §fChicken Plushie §6(#25/101) in auction for 10000.
[21:38:06] > kysicx buy x1 §fChicken Plushie §6(#25/101) to Trapers1 for $10,000.
[21:38:12] > Trapers1 added x1 §fAxolotl Plushie §6(#3/101) in auction for 10000.
[21:38:15] > 8it5inn buy x1 §fAxolotl Plushie §6(#3/101) to Trapers1 for $10,000.
[21:38:24] > Trapers1 added x1 §fSlime Plushie §6(#81/101) in auction for 10000.
[21:38:29] > FuwaLeaf remove x1 §x§F§F§3§E§0§0§lSellwand Voucher from storage
[21:38:30] > kysicx buy x1 §fSlime Plushie §6(#81/101) to Trapers1 for $10,000.
[21:38:32] > x1 Nether star, item of bqnnyy, has just expired, the item is definitively deleted.
[21:38:34] > FuwaLeaf remove x1 §x§F§F§3§E§0§0§lSellwand Voucher from expire
[21:38:42] > FuwaLeaf added x1 §x§F§F§3§E§0§0§lSellwand Voucher in auction for 1500000.
[21:39:01] > kysicx remove x1 §fTrader Llama Plushie §6(#87/101) from buy
[21:39:02] > kysicx remove x1 §fCave Spider Plushie §6(#24/101) from buy
[21:39:02] > kysicx remove x1 §fDolphin Plushie §6(#28/101) from buy
[21:39:02] > kysicx remove x1 §fChicken Plushie §6(#25/101) from buy
[21:39:02] > kysicx remove x1 §fSlime Plushie §6(#81/101) from buy
[21:39:08] > giyahnpogi buy x1 Sniffer egg to dearestyumeko for $70,000.
[21:39:15] > giyahnpogi remove x1 Sniffer egg from buy
[21:42:15] > nachfaust added x1 §x§E§5§1§B§1§B§lDracula Shield in auction for 600000.
[21:42:22] > xcapan buy x64 Nether wart to RottenRael for $10,000.
[21:42:39] > xcapan remove x64 Nether wart from buy
[21:46:56] > Fogstrap added x1 §x§F§F§5§5§0§0§lsᴇʟʟᴡᴀɴᴅ §6- 5.0x in auction for 400000.
[21:47:07] > Fogstrap added x1 §x§F§F§5§5§0§0§lsᴇʟʟᴡᴀɴᴅ §6- 5.0x in auction for 400000.
[21:47:19] > Fogstrap added x1 §x§F§F§5§5§0§0§lsᴇʟʟᴡᴀɴᴅ §6- 5.0x in auction for 400000.
[21:47:39] > Fogstrap added x1 §x§F§F§5§5§0§0§lsᴇʟʟᴡᴀɴᴅ §6- 5.0x in auction for 400000.
[21:47:58] > Fogstrap added x1 §x§F§F§5§5§0§0§lsᴇʟʟᴡᴀɴᴅ §6- 5.0x in auction for 400000.
[21:48:39] > Fogstrap added x1 §x§F§F§5§5§0§0§lsᴇʟʟᴡᴀɴᴅ §6- 10.0x in auction for 1300000.
[21:48:44] > Fogstrap remove x1 §x§F§F§5§5§0§0§lsᴇʟʟᴡᴀɴᴅ §6- 5.0x from storage
[21:48:44] > Fogstrap remove x1 §x§F§F§5§5§0§0§lsᴇʟʟᴡᴀɴᴅ §6- 5.0x from storage
[21:48:46] > difconfused buy x1 §x§F§F§5§5§0§0§lsᴇʟʟᴡᴀɴᴅ §6- 10.0x to Fogstrap for $1,300,000.
[21:48:48] > Fogstrap remove x1 §x§F§F§5§5§0§0§lsᴇʟʟᴡᴀɴᴅ §6- 5.0x from storage
[21:48:48] > Fogstrap remove x1 §x§F§F§5§5§0§0§lsᴇʟʟᴡᴀɴᴅ §6- 5.0x from storage
[21:48:49] > Fogstrap remove x1 §x§F§F§5§5§0§0§lsᴇʟʟᴡᴀɴᴅ §6- 5.0x from storage
[21:49:06] > giyahnpogi added x1 §x§F§F§3§E§0§0§lD§x§F§F§3§7§0§0§le§x§F§F§3§0§0§0§lm§x§F§F§2§9§0§0§lo§x§F§F§2§2§0§0§ln §x§F§F§1§5§0§0§lL§x§F§F§0§E§0§0§lo§x§F§F§0§7§0§0§lr§x§F§F§0§0§0§0§ld §x§F§F§0§E§0§0§lL§x§F§F§1§5§0§0§le§x§F§F§1§C§0§0§lg§x§F§F§2§2§0§0§lg§x§F§F§2§9§0§0§li§x§F§F§3§0§0§0§ln§x§F§F§3§7§0§0§lg§x§F§F§3§E§0§0§ls in auction for 2000000.
[21:49:09] > Fogstrap added x1 §x§F§F§5§5§0§0§lsᴇʟʟᴡᴀɴᴅ §6- 5.0x in auction for 500000.
[21:49:29] > Fogstrap added x1 §x§F§F§5§5§0§0§lsᴇʟʟᴡᴀɴᴅ §6- 5.0x in auction for 500000.
[21:49:59] > Fogstrap added x1 §x§F§F§5§5§0§0§lsᴇʟʟᴡᴀɴᴅ §6- 5.0x in auction for 500000.
[21:50:18] > Fogstrap added x1 §x§F§F§5§5§0§0§lsᴇʟʟᴡᴀɴᴅ §6- 5.0x in auction for 500000.
[21:50:54] > Hunter_Sung added x1 §x§5§9§A§1§D§9§lA§x§7§1§A§E§D§Er§x§8§8§B§C§E§4c§x§A§0§C§9§E§9h§x§B§8§D§7§E§Fa§x§D§0§E§4§F§4n§x§E§7§F§2§F§Ag§fe§x§E§7§F§2§F§Al §x§B§8§D§7§E§FB§x§A§0§C§9§E§9o§x§8§8§B§C§E§4o§x§7§1§A§E§D§Et§x§5§9§A§1§D§9s in auction for 1200000.
[21:51:09] > Hunter_Sung added x1 §x§5§9§A§1§D§9§lA§x§6§B§A§B§D§Dr§x§7§E§B§6§E§1c§x§9§0§C§0§E§6h§x§A§3§C§B§E§Aa§x§B§5§D§5§E§En§x§C§8§E§0§F§2g§x§D§A§E§A§F§7e§x§E§D§F§5§F§Bl §x§E§A§F§3§F§AL§x§D§6§E§8§F§6e§x§C§1§D§C§F§1g§x§A§C§D§0§E§Cg§x§9§7§C§4§E§7i§x§8§3§B§9§E§3n§x§6§E§A§D§D§Eg§x§5§9§A§1§D§9s in auction for 1000000.
[21:51:19] > Fogstrap added x1 §x§F§F§5§5§0§0§lsᴇʟʟᴡᴀɴᴅ §6- 5.0x in auction for 500000.
[21:51:37] > FuwaLeaf buy x1 §x§5§9§A§1§D§9§lA§x§7§1§A§E§D§Er§x§8§8§B§C§E§4c§x§A§0§C§9§E§9h§x§B§8§D§7§E§Fa§x§D§0§E§4§F§4n§x§E§7§F§2§F§Ag§fe§x§E§7§F§2§F§Al §x§B§8§D§7§E§FB§x§A§0§C§9§E§9o§x§8§8§B§C§E§4o§x§7§1§A§E§D§Et§x§5§9§A§1§D§9s to Hunter_Sung for $1,200,000.
[21:51:56] > FuwaLeaf buy x1 §x§5§9§A§1§D§9§lA§x§6§B§A§B§D§Dr§x§7§E§B§6§E§1c§x§9§0§C§0§E§6h§x§A§3§C§B§E§Aa§x§B§5§D§5§E§En§x§C§8§E§0§F§2g§x§D§A§E§A§F§7e§x§E§D§F§5§F§Bl §x§E§A§F§3§F§AL§x§D§6§E§8§F§6e§x§C§1§D§C§F§1g§x§A§C§D§0§E§Cg§x§9§7§C§4§E§7i§x§8§3§B§9§E§3n§x§6§E§A§D§D§Eg§x§5§9§A§1§D§9s to Hunter_Sung for $1,000,000.
[21:52:05] > FuwaLeaf remove x1 §x§5§9§A§1§D§9§lA§x§6§B§A§B§D§Dr§x§7§E§B§6§E§1c§x§9§0§C§0§E§6h§x§A§3§C§B§E§Aa§x§B§5§D§5§E§En§x§C§8§E§0§F§2g§x§D§A§E§A§F§7e§x§E§D§F§5§F§Bl §x§E§A§F§3§F§AL§x§D§6§E§8§F§6e§x§C§1§D§C§F§1g§x§A§C§D§0§E§Cg§x§9§7§C§4§E§7i§x§8§3§B§9§E§3n§x§6§E§A§D§D§Eg§x§5§9§A§1§D§9s from buy
[21:52:05] > FuwaLeaf remove x1 §x§5§9§A§1§D§9§lA§x§7§1§A§E§D§Er§x§8§8§B§C§E§4c§x§A§0§C§9§E§9h§x§B§8§D§7§E§Fa§x§D§0§E§4§F§4n§x§E§7§F§2§F§Ag§fe§x§E§7§F§2§F§Al §x§B§8§D§7§E§FB§x§A§0§C§9§E§9o§x§8§8§B§C§E§4o§x§7§1§A§E§D§Et§x§5§9§A§1§D§9s from buy
[21:53:02] > Hunter_Sung added x1 §f§l§x§8§A§0§0§F§FS§x§9§9§0§0§D§Bh§x§A§8§0§0§B§6i§x§B§7§0§0§9§2n§x§C§6§0§0§6§De§x§D§5§0§0§4§9 §x§E§4§0§0§2§4O§x§F§3§0§0§0§0n§x§E§4§0§0§2§4i§x§D§5§0§0§4§9 §x§C§6§0§0§6§DB§x§B§7§0§0§9§2o§x§A§8§0§0§B§6o§x§9§9§0§0§D§Bt§x§8§A§0§0§F§Fs in auction for 3000000.
[21:54:31] > Hunter_Sung added x8 §e§lCrab Scale in auction for 700000.
[21:54:56] > Hunter_Sung remove x1 §f§l§x§F§C§D§0§5§CW§x§F§B§B§2§4§Fu§x§F§9§9§5§4§2k§x§F§8§7§7§3§5o§x§F§7§5§9§2§7n§x§F§6§3§B§1§Ag§x§F§4§1§E§0§D §x§F§3§0§0§0§0C§x§F§4§1§E§0§Dr§x§F§6§3§B§1§Ao§x§F§7§5§9§2§7s§x§F§8§7§7§3§5s§x§F§9§9§5§4§2b§x§F§B§B§2§4§Fo§x§F§C§D§0§5§Cw from storage
[21:55:16] > Hunter_Sung added x8 §9§lCrab Claw in auction for 700000.
[21:55:26] > giyahnpogi buy x8 §e§lCrab Scale to Hunter_Sung for $700,000.
[21:55:28] > giyahnpogi buy x8 §9§lCrab Claw to Hunter_Sung for $700,000.
[22:00:22] > giyahnpogi remove x1 §x§F§F§5§5§0§0§lsᴇʟʟᴡᴀɴᴅ §6- 5.0x from buy
[22:00:29] > tic_sz added x3 §x§E§5§1§B§1§B§lDracula Key in auction for 300000.
[22:00:42] > FuwaLeaf remove x1 §x§F§F§3§E§0§0§lSellwand Voucher from storage
[22:00:46] > FuwaLeaf remove x1 §x§F§F§3§E§0§0§lSellwand Voucher from expire
[22:00:52] > FuwaLeaf added x1 §x§F§F§3§E§0§0§lSellwand Voucher in auction for 1500000.
[22:03:36] > Zee_ added x1 Strenght Pots in auction for 60000.
[22:03:46] > Zee_ added x1 Fire res Pots in auction for 60000.
[22:03:59] > Zee_ added x1 Speed Pots in auction for 60000.
[22:07:16] > Trapers1 remove x10 Netherite upgrade smithing template form storage
[22:09:31] > Trapers1 added x31 Netherite upgrade smithing template in auction for 2790000.
[22:10:30] > Trapers1 remove x31 Netherite upgrade smithing template form storage
[22:11:13] > T_YK buy x1 Beacon to Antonie657 for $100,000.
[22:11:22] > T_YK remove x1 Beacon from buy
[22:17:34] > Cynishere added x1 §x§F§2§C§6§D§E§lP§x§E§0§C§A§D§B§li§x§C§D§C§D§D§8§ln§x§B§B§D§1§D§5§la§x§A§9§D§4§D§2§lt§x§9§6§D§8§C§E§la §x§7§1§D§F§C§8§lC§x§5§F§E§2§C§5§lr§x§7§4§D§E§C§9§la§x§8§9§D§A§C§C§lt§x§9§E§D§6§D§0§le §x§C§8§C§E§D§7§lK§x§D§D§C§A§D§A§le§x§F§2§C§6§D§E§ly in auction for 200000.
[22:20:55] > Takeremu added x1 Beacon in auction for 100000.
[22:32:27] > Julene added x1 Enchanted golden apple in auction for 25000.
[22:32:43] > Julene added x1 Enchanted golden apple in auction for 25000.
[22:32:57] > FuwaLeaf remove x1 §x§F§F§3§E§0§0§lSellwand Voucher from storage
[22:33:03] > FuwaLeaf remove x1 §x§F§F§3§E§0§0§lSellwand Voucher from expire
[22:33:22] > FuwaLeaf added x1 §x§F§F§5§5§0§0§lsᴇʟʟᴡᴀɴᴅ §6- 10.0x in auction for 900000.
[22:33:25] > Xavier881 added x1 §f§l§x§8§A§0§0§F§FS§x§9§C§0§0§D§5h§x§A§D§0§0§A§Ai§x§B§F§0§0§8§0n§x§D§0§0§0§5§5e§x§E§2§0§0§2§B §x§F§3§0§0§0§0O§x§E§2§0§0§2§An§x§D§0§0§0§5§5i§x§B§F§0§0§8§0 §x§A§D§0§0§A§AA§x§9§C§0§0§D§5x§x§8§A§0§0§F§Fe in auction for 3000000.
[22:33:29] > giyahnpogi buy x1 §x§F§F§5§5§0§0§lsᴇʟʟᴡᴀɴᴅ §6- 10.0x to FuwaLeaf for $900,000.
[22:37:05] > anneyong added x1 §x§3§4§9§8§D§Bꜱʜᴇᴇᴘ ꜱᴘᴀᴡɴᴇʀ in auction for 10.
[22:37:10] > Takeremu buy x1 §x§3§4§9§8§D§Bꜱʜᴇᴇᴘ ꜱᴘᴀᴡɴᴇʀ to anneyong for $10.
[22:37:17] > x1 §f§l§8B§x§6§6§6§6§6§6a§x§7§7§7§7§7§7h§x§8§8§8§8§8§8a§x§9§9§9§9§9§9m§7u§x§9§9§9§9§9§9t§x§8§8§8§8§8§8 §x§7§7§7§7§7§7B§x§6§6§6§6§6§6o§8w, bought by ry9191, has just expired, the item is definitively deleted.
[22:37:21] > ThatMidnight buy x1 §f§l§x§8§A§0§0§F§FS§x§9§8§0§0§D§Dh§x§A§6§0§0§B§Bi§x§B§4§0§0§9§9n§x§C§2§0§0§7§7e§x§D§0§0§0§5§5 §x§D§E§0§0§3§3O§x§E§C§0§0§1§1ni§x§D§E§0§0§3§3 §x§D§0§0§0§5§5S§x§C§2§0§0§7§7h§x§B§4§0§0§9§9i§x§A§6§0§0§B§Be§x§9§8§0§0§D§Dl§x§8§A§0§0§F§Fd to EnderDragon0120 for $2,000,000.
[22:37:24] > anneyong added x1 §x§3§4§9§8§D§Bᴢᴏᴍʙɪᴇ ꜱᴘᴀᴡɴᴇʀ in auction for 10.
[22:37:25] > ThatMidnight remove x1 §f§l§x§8§A§0§0§F§FS§x§9§8§0§0§D§Dh§x§A§6§0§0§B§Bi§x§B§4§0§0§9§9n§x§C§2§0§0§7§7e§x§D§0§0§0§5§5 §x§D§E§0§0§3§3O§x§E§C§0§0§1§1ni§x§D§E§0§0§3§3 §x§D§0§0§0§5§5S§x§C§2§0§0§7§7h§x§B§4§0§0§9§9i§x§A§6§0§0§B§Be§x§9§8§0§0§D§Dl§x§8§A§0§0§F§Fd from buy
[22:37:28] > Takeremu buy x1 §x§3§4§9§8§D§Bᴢᴏᴍʙɪᴇ ꜱᴘᴀᴡɴᴇʀ to anneyong for $10.
[22:37:40] > anneyong added x1 §x§3§4§9§8§D§Bꜱʜᴇᴇᴘ ꜱᴘᴀᴡɴᴇʀ in auction for 10.
[22:37:42] > Fogstrap buy x1 §x§3§4§9§8§D§Bꜱʜᴇᴇᴘ ꜱᴘᴀᴡɴᴇʀ to anneyong for $10.
[22:37:50] > ThatMidnight buy x1 Splash potion to Julene for $50,000.
[22:37:51] > anneyong added x1 §x§3§4§9§8§D§Bꜱʜᴇᴇᴘ ꜱᴘᴀᴡɴᴇʀ in auction for 10.
[22:37:52] > ThatMidnight buy x1 Splash potion to Julene for $50,000.
[22:37:53] > 8it5inn buy x1 §x§3§4§9§8§D§Bꜱʜᴇᴇᴘ ꜱᴘᴀᴡɴᴇʀ to anneyong for $10.
[22:38:02] > anneyong added x1 §x§3§4§9§8§D§Bꜱʜᴇᴇᴘ ꜱᴘᴀᴡɴᴇʀ in auction for 10.
[22:38:03] > ThatMidnight buy x1 Strenght Pots to Zee_ for $60,000.
[22:38:04] > 8it5inn buy x1 §x§3§4§9§8§D§Bꜱʜᴇᴇᴘ ꜱᴘᴀᴡɴᴇʀ to anneyong for $10.
[22:38:05] > ThatMidnight buy x1 Fire res Pots to Zee_ for $60,000.
[22:38:12] > anneyong added x1 §x§3§4§9§8§D§Bꜱᴋᴇʟᴇᴛᴏɴ ꜱᴘᴀᴡɴᴇʀ in auction for 10.
[22:38:13] > FuwaLeaf buy x1 §x§3§4§9§8§D§Bꜱᴋᴇʟᴇᴛᴏɴ ꜱᴘᴀᴡɴᴇʀ to anneyong for $10.
[22:38:14] > ThatMidnight remove x1 Strenght Pots from buy
[22:38:14] > ThatMidnight remove x1 Fire res Pots from buy
[22:38:15] > ThatMidnight remove x1 Splash potion from buy
[22:38:15] > ThatMidnight remove x1 Splash potion from buy
[22:38:24] > anneyong added x1 §x§3§4§9§8§D§Bꜱᴋᴇʟᴇᴛᴏɴ ꜱᴘᴀᴡɴᴇʀ in auction for 10.
[22:38:26] > 8it5inn buy x1 §x§3§4§9§8§D§Bꜱᴋᴇʟᴇᴛᴏɴ ꜱᴘᴀᴡɴᴇʀ to anneyong for $10.
[22:38:39] > anneyong added x1 §x§3§4§9§8§D§Bꜱᴋᴇʟᴇᴛᴏɴ ꜱᴘᴀᴡɴᴇʀ in auction for 10.
[22:38:41] > FuwaLeaf buy x1 §x§3§4§9§8§D§Bꜱᴋᴇʟᴇᴛᴏɴ ꜱᴘᴀᴡɴᴇʀ to anneyong for $10.
[22:38:54] > anneyong added x1 §x§3§4§9§8§D§Bꜱᴋᴇʟᴇᴛᴏɴ ꜱᴘᴀᴡɴᴇʀ in auction for 10.
[22:38:56] > FuwaLeaf buy x1 §x§3§4§9§8§D§Bꜱᴋᴇʟᴇᴛᴏɴ ꜱᴘᴀᴡɴᴇʀ to anneyong for $10.
[22:39:05] > anneyong added x1 §x§3§4§9§8§D§Bꜱᴋᴇʟᴇᴛᴏɴ ꜱᴘᴀᴡɴᴇʀ in auction for 10.
[22:39:06] > 8it5inn buy x1 §x§3§4§9§8§D§Bꜱᴋᴇʟᴇᴛᴏɴ ꜱᴘᴀᴡɴᴇʀ to anneyong for $10.
[22:39:16] > anneyong added x1 §x§3§4§9§8§D§Bꜱᴋᴇʟᴇᴛᴏɴ ꜱᴘᴀᴡɴᴇʀ in auction for 10.
[22:39:18] > FuwaLeaf buy x1 §x§3§4§9§8§D§Bꜱᴋᴇʟᴇᴛᴏɴ ꜱᴘᴀᴡɴᴇʀ to anneyong for $10.
[22:39:29] > anneyong added x1 §x§3§4§9§8§D§Bꜱᴋᴇʟᴇᴛᴏɴ ꜱᴘᴀᴡɴᴇʀ in auction for 10.
[22:39:31] > 8it5inn buy x1 §x§3§4§9§8§D§Bꜱᴋᴇʟᴇᴛᴏɴ ꜱᴘᴀᴡɴᴇʀ to anneyong for $10.
[22:39:49] > anneyong added x7 Netherite block in auction for 10.
[22:39:52] > FuwaLeaf buy x7 Netherite block to anneyong for $10.
[22:40:53] > anneyong added x7 §x§5§C§C§F§F§C§lC§x§5§C§D§1§F§5§lo§x§5§D§D§4§E§E§ls§x§5§D§D§6§E§7§lm§x§5§E§D§9§E§1§le§x§5§E§D§B§D§A§lt§x§5§E§D§D§D§3§li§x§5§F§E§0§C§C§lc §x§5§F§E§0§C§C§lH§x§5§E§D§D§D§3§la§x§5§E§D§B§D§A§lt§x§5§E§D§9§E§1§ls §x§5§D§D§4§E§E§lK§x§5§C§D§1§F§5§le§x§5§C§C§F§F§C§ly in auction for 10.
[22:40:56] > FuwaLeaf buy x7 §x§5§C§C§F§F§C§lC§x§5§C§D§1§F§5§lo§x§5§D§D§4§E§E§ls§x§5§D§D§6§E§7§lm§x§5§E§D§9§E§1§le§x§5§E§D§B§D§A§lt§x§5§E§D§D§D§3§li§x§5§F§E§0§C§C§lc §x§5§F§E§0§C§C§lH§x§5§E§D§D§D§3§la§x§5§E§D§B§D§A§lt§x§5§E§D§9§E§1§ls §x§5§D§D§4§E§E§lK§x§5§C§D§1§F§5§le§x§5§C§C§F§F§C§ly to anneyong for $10.
[22:41:54] > anneyong added x37 §x§F§C§9§0§5§C§lE§x§E§6§9§C§6§B§lp§x§C§F§A§7§7§A§li§x§B§9§B§3§8§9§lc §x§8§C§C§B§A§7§lC§x§7§5§D§6§B§6§lr§x§5§F§E§2§C§5§la§x§7§9§D§4§B§4§lt§x§9§3§C§7§A§2§le §x§C§8§A§B§7§F§lK§x§E§2§9§E§6§E§le§x§F§C§9§0§5§C§ly in auction for 10.
[22:42:01] > 8it5inn buy x37 §x§F§C§9§0§5§C§lE§x§E§6§9§C§6§B§lp§x§C§F§A§7§7§A§li§x§B§9§B§3§8§9§lc §x§8§C§C§B§A§7§lC§x§7§5§D§6§B§6§lr§x§5§F§E§2§C§5§la§x§7§9§D§4§B§4§lt§x§9§3§C§7§A§2§le §x§C§8§A§B§7§F§lK§x§E§2§9§E§6§E§le§x§F§C§9§0§5§C§ly to anneyong for $10.
[22:42:08] > anneyong added x23 §x§C§9§A§7§F§C§lL§x§B§D§A§E§F§6§le§x§B§1§B§4§F§0§lg§x§A§6§B§B§E§A§le§x§9§A§C§1§E§4§ln§x§8§E§C§8§D§D§ld§x§8§2§C§E§D§7§la§x§7§7§D§5§D§1§lr§x§6§B§D§B§C§B§ly §x§6§B§D§B§C§B§lC§x§7§7§D§5§D§1§lr§x§8§2§C§E§D§7§la§x§8§E§C§8§D§D§lt§x§9§A§C§1§E§4§le §x§B§1§B§4§F§0§lK§x§B§D§A§E§F§6§le§x§C§9§A§7§F§C§ly in auction for 10.
[22:42:09] > 8it5inn buy x23 §x§C§9§A§7§F§C§lL§x§B§D§A§E§F§6§le§x§B§1§B§4§F§0§lg§x§A§6§B§B§E§A§le§x§9§A§C§1§E§4§ln§x§8§E§C§8§D§D§ld§x§8§2§C§E§D§7§la§x§7§7§D§5§D§1§lr§x§6§B§D§B§C§B§ly §x§6§B§D§B§C§B§lC§x§7§7§D§5§D§1§lr§x§8§2§C§E§D§7§la§x§8§E§C§8§D§D§lt§x§9§A§C§1§E§4§le §x§B§1§B§4§F§0§lK§x§B§D§A§E§F§6§le§x§C§9§A§7§F§C§ly to anneyong for $10.
[22:42:26] > anneyong added x1 §x§F§F§7§C§0§0§lSteamsparks Key in auction for 10.
[22:42:28] > FuwaLeaf buy x1 §x§F§F§7§C§0§0§lSteamsparks Key to anneyong for $10.
[22:42:39] > anneyong added x1 §x§E§5§1§B§1§B§lDracula Key in auction for 10.
[22:42:40] > namerikangel buy x1 §x§E§5§1§B§1§B§lDracula Key to anneyong for $10.
[22:43:18] > anneyong added x2 §x§E§5§1§B§1§B§lDracula Key in auction for 10.
[22:43:21] > FuwaLeaf buy x2 §x§E§5§1§B§1§B§lDracula Key to anneyong for $10.
[22:43:25] > Nxwaf buy x3 §x§E§5§1§B§1§B§lDracula Key to tic_sz for $300,000.
[22:43:30] > anneyong added x1 §x§F§2§C§6§D§E§lP§x§E§0§C§A§D§B§li§x§C§D§C§D§D§8§ln§x§B§B§D§1§D§5§la§x§A§9§D§4§D§2§lt§x§9§6§D§8§C§E§la §x§7§1§D§F§C§8§lC§x§5§F§E§2§C§5§lr§x§7§4§D§E§C§9§la§x§8§9§D§A§C§C§lt§x§9§E§D§6§D§0§le §x§C§8§C§E§D§7§lK§x§D§D§C§A§D§A§le§x§F§2§C§6§D§E§ly in auction for 10.
[22:43:33] > FuwaLeaf buy x1 §x§F§2§C§6§D§E§lP§x§E§0§C§A§D§B§li§x§C§D§C§D§D§8§ln§x§B§B§D§1§D§5§la§x§A§9§D§4§D§2§lt§x§9§6§D§8§C§E§la §x§7§1§D§F§C§8§lC§x§5§F§E§2§C§5§lr§x§7§4§D§E§C§9§la§x§8§9§D§A§C§C§lt§x§9§E§D§6§D§0§le §x§C§8§C§E§D§7§lK§x§D§D§C§A§D§A§le§x§F§2§C§6§D§E§ly to anneyong for $10.
[22:43:40] > anneyong added x1 §x§F§F§7§C§0§0§lSteamsparks Key in auction for 10.
[22:43:43] > FuwaLeaf buy x1 §x§F§F§7§C§0§0§lSteamsparks Key to anneyong for $10.
[22:43:47] > Wumpan buy x1 §x§F§F§7§C§0§0§lSteamsparks Key to blezzinglighto for $300,000.
[22:43:50] > Nxwaf remove x3 §x§E§5§1§B§1§B§lDracula Key from buy
[22:43:51] > anneyong remove x1 §f§l§8B§x§6§4§6§4§6§4a§x§7§4§7§4§7§4h§x§8§3§8§3§8§3a§x§9§3§9§3§9§3m§x§A§2§A§2§A§2ut§x§9§3§9§3§9§3 §x§8§3§8§3§8§3M§x§7§4§7§4§7§4a§x§6§4§6§4§6§4c§8e from storage
[22:43:51] > T_YK added x1 Holy Grass Block in auction for 1000000.
[22:43:52] > anneyong remove x1 Lagoon Sword from storage
[22:43:52] > anneyong remove x1 §f§l§x§8§A§0§0§F§FS§x§9§9§0§0§D§Bh§x§A§8§0§0§B§6i§x§B§7§0§0§9§2n§x§C§6§0§0§6§De§x§D§5§0§0§4§9 §x§E§4§0§0§2§4O§x§F§3§0§0§0§0n§x§E§4§0§0§2§4i§x§D§5§0§0§4§9 §x§C§6§0§0§6§DS§x§B§7§0§0§9§2t§x§A§8§0§0§B§6a§x§9§9§0§0§D§Bf§x§8§A§0§0§F§Ff from storage
[22:43:54] > anneyong remove x1 Selling e-books etc. type /pwarp go Shopify from storage
[22:44:04] > Wumpan remove x1 §x§F§F§7§C§0§0§lSteamsparks Key from buy
[22:44:16] > Fogstrap added x1 §x§C§9§A§7§F§C§lL§x§B§D§A§E§F§6§le§x§B§1§B§4§F§0§lg§x§A§6§B§B§E§A§le§x§9§A§C§1§E§4§ln§x§8§E§C§8§D§D§ld§x§8§2§C§E§D§7§la§x§7§7§D§5§D§1§lr§x§6§B§D§B§C§B§ly §x§6§B§D§B§C§B§lC§x§7§7§D§5§D§1§lr§x§8§2§C§E§D§7§la§x§8§E§C§8§D§D§lt§x§9§A§C§1§E§4§le §x§B§1§B§4§F§0§lK§x§B§D§A§E§F§6§le§x§C§9§A§7§F§C§ly in auction for 1000000.
[22:44:18] > 8it5inn buy x1 §f§l§x§8§A§0§0§F§FS§x§9§5§0§0§E§4h§x§A§0§0§0§C§9i§x§A§B§0§0§A§En§x§B§6§0§0§9§4e§x§C§1§0§0§7§9 §x§C§C§0§0§5§EO§x§D§7§0§0§4§3n§x§E§2§0§0§2§8i§x§E§D§0§0§0§D C§x§E§2§0§0§2§8h§x§D§7§0§0§4§3e§x§C§C§0§0§5§Es§x§C§1§0§0§7§9t§x§B§6§0§0§9§4p§x§A§B§0§0§A§El§x§A§0§0§0§C§9a§x§9§5§0§0§E§4t§x§8§A§0§0§F§Fe to giyahnpogi for $6,000,000.
[22:44:23] > 8it5inn buy x1 §x§F§F§5§5§0§0§lsᴇʟʟᴡᴀɴᴅ §6- 20.0x to bedrock_enjoy3r for $4,500,000.
[22:44:29] > Fogstrap remove x1 §x§C§9§A§7§F§C§lL§x§B§D§A§E§F§6§le§x§B§1§B§4§F§0§lg§x§A§6§B§B§E§A§le§x§9§A§C§1§E§4§ln§x§8§E§C§8§D§D§ld§x§8§2§C§E§D§7§la§x§7§7§D§5§D§1§lr§x§6§B§D§B§C§B§ly §x§6§B§D§B§C§B§lC§x§7§7§D§5§D§1§lr§x§8§2§C§E§D§7§la§x§8§E§C§8§D§D§lt§x§9§A§C§1§E§4§le §x§B§1§B§4§F§0§lK§x§B§D§A§E§F§6§le§x§C§9§A§7§F§C§ly from storage
[22:44:32] > Fogstrap added x1 §x§C§9§A§7§F§C§lL§x§B§D§A§E§F§6§le§x§B§1§B§4§F§0§lg§x§A§6§B§B§E§A§le§x§9§A§C§1§E§4§ln§x§8§E§C§8§D§D§ld§x§8§2§C§E§D§7§la§x§7§7§D§5§D§1§lr§x§6§B§D§B§C§B§ly §x§6§B§D§B§C§B§lC§x§7§7§D§5§D§1§lr§x§8§2§C§E§D§7§la§x§8§E§C§8§D§D§lt§x§9§A§C§1§E§4§le §x§B§1§B§4§F§0§lK§x§B§D§A§E§F§6§le§x§C§9§A§7§F§C§ly in auction for 1000000.
[22:44:33] > anneyong added x1 §f§l§x§8§A§0§0§F§FS§x§9§9§0§0§D§Bh§x§A§8§0§0§B§6i§x§B§7§0§0§9§2n§x§C§6§0§0§6§De§x§D§5§0§0§4§9 §x§E§4§0§0§2§4O§x§F§3§0§0§0§0n§x§E§4§0§0§2§4i§x§D§5§0§0§4§9 §x§C§6§0§0§6§DS§x§B§7§0§0§9§2t§x§A§8§0§0§B§6a§x§9§9§0§0§D§Bf§x§8§A§0§0§F§Ff in auction for 10.
[22:44:35] > namerikangel buy x1 §f§l§x§8§A§0§0§F§FS§x§9§9§0§0§D§Bh§x§A§8§0§0§B§6i§x§B§7§0§0§9§2n§x§C§6§0§0§6§De§x§D§5§0§0§4§9 §x§E§4§0§0§2§4O§x§F§3§0§0§0§0n§x§E§4§0§0§2§4i§x§D§5§0§0§4§9 §x§C§6§0§0§6§DS§x§B§7§0§0§9§2t§x§A§8§0§0§B§6a§x§9§9§0§0§D§Bf§x§8§A§0§0§F§Ff to anneyong for $10.
[22:44:41] > Fogstrap remove x1 §x§C§9§A§7§F§C§lL§x§B§D§A§E§F§6§le§x§B§1§B§4§F§0§lg§x§A§6§B§B§E§A§le§x§9§A§C§1§E§4§ln§x§8§E§C§8§D§D§ld§x§8§2§C§E§D§7§la§x§7§7§D§5§D§1§lr§x§6§B§D§B§C§B§ly §x§6§B§D§B§C§B§lC§x§7§7§D§5§D§1§lr§x§8§2§C§E§D§7§la§x§8§E§C§8§D§D§lt§x§9§A§C§1§E§4§le §x§B§1§B§4§F§0§lK§x§B§D§A§E§F§6§le§x§C§9§A§7§F§C§ly from storage
[22:44:45] > Cynishere added x1 §x§5§9§A§1§D§9§lA§x§6§A§A§A§D§Dr§x§7§A§B§4§E§1c§x§8§B§B§D§E§4h§x§9§B§C§7§E§8a§x§A§C§D§0§E§Cn§x§B§D§D§9§F§0g§x§C§D§E§3§F§4e§x§D§E§E§C§F§7l §fC§x§E§D§F§5§F§Bh§x§D§A§E§A§F§7e§x§C§8§E§0§F§2s§x§B§5§D§5§E§Et§x§A§3§C§B§E§Ap§x§9§0§C§0§E§6l§x§7§E§B§6§E§1a§x§6§B§A§B§D§Dt§x§5§9§A§1§D§9e in auction for 600000.
[22:44:49] > namerikangel remove x1 §x§E§5§1§B§1§B§lDracula Key from buy
[22:44:50] > namerikangel remove x1 §f§l§x§8§A§0§0§F§FS§x§9§9§0§0§D§Bh§x§A§8§0§0§B§6i§x§B§7§0§0§9§2n§x§C§6§0§0§6§De§x§D§5§0§0§4§9 §x§E§4§0§0§2§4O§x§F§3§0§0§0§0n§x§E§4§0§0§2§4i§x§D§5§0§0§4§9 §x§C§6§0§0§6§DS§x§B§7§0§0§9§2t§x§A§8§0§0§B§6a§x§9§9§0§0§D§Bf§x§8§A§0§0§F§Ff from buy
[22:44:51] > namerikangel remove x1 §f§l§8B§x§6§0§6§0§6§0a§x§6§C§6§C§6§Ch§x§7§7§7§7§7§7a§x§8§2§8§2§8§2m§x§8§E§8§E§8§Eu§x§9§9§9§9§9§9t§x§A§4§A§4§A§4 L§x§9§9§9§9§9§9e§x§8§E§8§E§8§Eg§x§8§2§8§2§8§2g§x§7§7§7§7§7§7i§x§6§C§6§C§6§Cn§x§6§0§6§0§6§0g§8s from buy
[22:44:52] > namerikangel remove x1 §fPufferfish Plushie §6(#68/101) from buy
[22:45:01] > Cynishere remove x1 §x§F§2§C§6§D§E§lP§x§E§0§C§A§D§B§li§x§C§D§C§D§D§8§ln§x§B§B§D§1§D§5§la§x§A§9§D§4§D§2§lt§x§9§6§D§8§C§E§la §x§7§1§D§F§C§8§lC§x§5§F§E§2§C§5§lr§x§7§4§D§E§C§9§la§x§8§9§D§A§C§C§lt§x§9§E§D§6§D§0§le §x§C§8§C§E§D§7§lK§x§D§D§C§A§D§A§le§x§F§2§C§6§D§E§ly from storage
[22:45:07] > Cynishere remove x1 §x§F§2§C§6§D§E§lP§x§E§0§C§A§D§B§li§x§C§D§C§D§D§8§ln§x§B§B§D§1§D§5§la§x§A§9§D§4§D§2§lt§x§9§6§D§8§C§E§la §x§7§1§D§F§C§8§lC§x§5§F§E§2§C§5§lr§x§7§4§D§E§C§9§la§x§8§9§D§A§C§C§lt§x§9§E§D§6§D§0§le §x§C§8§C§E§D§7§lK§x§D§D§C§A§D§A§le§x§F§2§C§6§D§E§ly from expire
[22:45:16] > anneyong added x1 §f§l§8B§x§6§4§6§4§6§4a§x§7§4§7§4§7§4h§x§8§3§8§3§8§3a§x§9§3§9§3§9§3m§x§A§2§A§2§A§2ut§x§9§3§9§3§9§3 §x§8§3§8§3§8§3M§x§7§4§7§4§7§4a§x§6§4§6§4§6§4c§8e in auction for 10.
[22:45:19] > FuwaLeaf buy x1 §f§l§8B§x§6§4§6§4§6§4a§x§7§4§7§4§7§4h§x§8§3§8§3§8§3a§x§9§3§9§3§9§3m§x§A§2§A§2§A§2ut§x§9§3§9§3§9§3 §x§8§3§8§3§8§3M§x§7§4§7§4§7§4a§x§6§4§6§4§6§4c§8e to anneyong for $10.
[22:45:42] > 8it5inn remove x1 §x§F§F§5§5§0§0§lsᴇʟʟᴡᴀɴᴅ §6- 20.0x from buy
[22:45:43] > 8it5inn remove x1 §f§l§x§8§A§0§0§F§FS§x§9§5§0§0§E§4h§x§A§0§0§0§C§9i§x§A§B§0§0§A§En§x§B§6§0§0§9§4e§x§C§1§0§0§7§9 §x§C§C§0§0§5§EO§x§D§7§0§0§4§3n§x§E§2§0§0§2§8i§x§E§D§0§0§0§D C§x§E§2§0§0§2§8h§x§D§7§0§0§4§3e§x§C§C§0§0§5§Es§x§C§1§0§0§7§9t§x§B§6§0§0§9§4p§x§A§B§0§0§A§El§x§A§0§0§0§C§9a§x§9§5§0§0§E§4t§x§8§A§0§0§F§Fe from buy
[22:45:50] > anneyong added x5 Netherite block in auction for 10.
[22:45:53] > FuwaLeaf buy x5 Netherite block to anneyong for $10.
[22:46:19] > anneyong added x1 §x§3§4§9§8§D§Bɪʀᴏɴ ɢᴏʟᴇᴍ ꜱᴘᴀᴡɴᴇʀ in auction for 10.
[22:46:22] > FuwaLeaf buy x1 §x§3§4§9§8§D§Bɪʀᴏɴ ɢᴏʟᴇᴍ ꜱᴘᴀᴡɴᴇʀ to anneyong for $10.
[22:47:09] > Cynishere remove x1 §x§5§9§A§1§D§9§lA§x§6§A§A§A§D§Dr§x§7§A§B§4§E§1c§x§8§B§B§D§E§4h§x§9§B§C§7§E§8a§x§A§C§D§0§E§Cn§x§B§D§D§9§F§0g§x§C§D§E§3§F§4e§x§D§E§E§C§F§7l §fC§x§E§D§F§5§F§Bh§x§D§A§E§A§F§7e§x§C§8§E§0§F§2s§x§B§5§D§5§E§Et§x§A§3§C§B§E§Ap§x§9§0§C§0§E§6l§x§7§E§B§6§E§1a§x§6§B§A§B§D§Dt§x§5§9§A§1§D§9e from storage
[22:47:14] > Cynishere remove x1 §x§5§9§A§1§D§9§lA§x§6§A§A§A§D§Dr§x§7§A§B§4§E§1c§x§8§B§B§D§E§4h§x§9§B§C§7§E§8a§x§A§C§D§0§E§Cn§x§B§D§D§9§F§0g§x§C§D§E§3§F§4e§x§D§E§E§C§F§7l §fC§x§E§D§F§5§F§Bh§x§D§A§E§A§F§7e§x§C§8§E§0§F§2s§x§B§5§D§5§E§Et§x§A§3§C§B§E§Ap§x§9§0§C§0§E§6l§x§7§E§B§6§E§1a§x§6§B§A§B§D§Dt§x§5§9§A§1§D§9e from expire
[22:47:24] > Cynishere added x1 §x§5§9§A§1§D§9§lA§x§6§A§A§A§D§Dr§x§7§A§B§4§E§1c§x§8§B§B§D§E§4h§x§9§B§C§7§E§8a§x§A§C§D§0§E§Cn§x§B§D§D§9§F§0g§x§C§D§E§3§F§4e§x§D§E§E§C§F§7l §fC§x§E§D§F§5§F§Bh§x§D§A§E§A§F§7e§x§C§8§E§0§F§2s§x§B§5§D§5§E§Et§x§A§3§C§B§E§Ap§x§9§0§C§0§E§6l§x§7§E§B§6§E§1a§x§6§B§A§B§D§Dt§x§5§9§A§1§D§9e in auction for 300000.
[22:47:29] > FuwaLeaf buy x1 §x§5§9§A§1§D§9§lA§x§6§A§A§A§D§Dr§x§7§A§B§4§E§1c§x§8§B§B§D§E§4h§x§9§B§C§7§E§8a§x§A§C§D§0§E§Cn§x§B§D§D§9§F§0g§x§C§D§E§3§F§4e§x§D§E§E§C§F§7l §fC§x§E§D§F§5§F§Bh§x§D§A§E§A§F§7e§x§C§8§E§0§F§2s§x§B§5§D§5§E§Et§x§A§3§C§B§E§Ap§x§9§0§C§0§E§6l§x§7§E§B§6§E§1a§x§6§B§A§B§D§Dt§x§5§9§A§1§D§9e to Cynishere for $300,000.
[22:47:39] > Cynishere added x1 §fShogun Flag Backpack in auction for 150000.
[22:48:17] > x1 §x§F§F§7§C§0§0§lSteamsparks Axe on sale by Freyaan has just expired, it goes in the inventory of expired items.
[22:48:19] > FuwaLeaf added x1 Grass block in auction for 10.
[22:48:30] > FuwaLeaf remove x1 §x§5§9§A§1§D§9§lA§x§6§A§A§A§D§Dr§x§7§A§B§4§E§1c§x§8§B§B§D§E§4h§x§9§B§C§7§E§8a§x§A§C§D§0§E§Cn§x§B§D§D§9§F§0g§x§C§D§E§3§F§4e§x§D§E§E§C§F§7l §fC§x§E§D§F§5§F§Bh§x§D§A§E§A§F§7e§x§C§8§E§0§F§2s§x§B§5§D§5§E§Et§x§A§3§C§B§E§Ap§x§9§0§C§0§E§6l§x§7§E§B§6§E§1a§x§6§B§A§B§D§Dt§x§5§9§A§1§D§9e from buy
[22:48:30] > FuwaLeaf remove x1 §x§3§4§9§8§D§Bɪʀᴏɴ ɢᴏʟᴇᴍ ꜱᴘᴀᴡɴᴇʀ from buy
[22:48:30] > FuwaLeaf remove x7 Netherite block from buy
[22:48:31] > FuwaLeaf remove x7 §x§5§C§C§F§F§C§lC§x§5§C§D§1§F§5§lo§x§5§D§D§4§E§E§ls§x§5§D§D§6§E§7§lm§x§5§E§D§9§E§1§le§x§5§E§D§B§D§A§lt§x§5§E§D§D§D§3§li§x§5§F§E§0§C§C§lc §x§5§F§E§0§C§C§lH§x§5§E§D§D§D§3§la§x§5§E§D§B§D§A§lt§x§5§E§D§9§E§1§ls §x§5§D§D§4§E§E§lK§x§5§C§D§1§F§5§le§x§5§C§C§F§F§C§ly from buy
[22:48:31] > FuwaLeaf remove x2 §x§E§5§1§B§1§B§lDracula Key from buy
[22:48:31] > FuwaLeaf remove x1 §x§F§2§C§6§D§E§lP§x§E§0§C§A§D§B§li§x§C§D§C§D§D§8§ln§x§B§B§D§1§D§5§la§x§A§9§D§4§D§2§lt§x§9§6§D§8§C§E§la §x§7§1§D§F§C§8§lC§x§5§F§E§2§C§5§lr§x§7§4§D§E§C§9§la§x§8§9§D§A§C§C§lt§x§9§E§D§6§D§0§le §x§C§8§C§E§D§7§lK§x§D§D§C§A§D§A§le§x§F§2§C§6§D§E§ly from buy
[22:48:31] > FuwaLeaf remove x1 §f§l§8B§x§6§4§6§4§6§4a§x§7§4§7§4§7§4h§x§8§3§8§3§8§3a§x§9§3§9§3§9§3m§x§A§2§A§2§A§2ut§x§9§3§9§3§9§3 §x§8§3§8§3§8§3M§x§7§4§7§4§7§4a§x§6§4§6§4§6§4c§8e from buy
[22:48:32] > FuwaLeaf remove x5 Netherite block from buy
[22:48:32] > FuwaLeaf remove x1 §x§F§F§7§C§0§0§lSteamsparks Key from buy
[22:48:32] > FuwaLeaf remove x1 §x§F§F§7§C§0§0§lSteamsparks Key from buy
[22:48:32] > .Zero_Yatsu buy x1 Grass block to FuwaLeaf for $10.
[22:48:32] > FuwaLeaf remove x1 Enchanted book from buy
[22:48:33] > FuwaLeaf remove x1 Diamond axe from buy
[22:48:33] > FuwaLeaf remove x1 §x§3§4§9§8§D§Bꜱᴋᴇʟᴇᴛᴏɴ ꜱᴘᴀᴡɴᴇʀ from buy
[22:48:33] > FuwaLeaf remove x1 §x§3§4§9§8§D§Bꜱᴋᴇʟᴇᴛᴏɴ ꜱᴘᴀᴡɴᴇʀ from buy
[22:48:33] > FuwaLeaf remove x1 §fRabbit Plushie (Black) §6(#70/101) from buy
[22:48:33] > FuwaLeaf remove x1 §x§3§4§9§8§D§Bꜱᴋᴇʟᴇᴛᴏɴ ꜱᴘᴀᴡɴᴇʀ from buy
[22:48:33] > FuwaLeaf remove x1 §x§3§4§9§8§D§Bꜱᴋᴇʟᴇᴛᴏɴ ꜱᴘᴀᴡɴᴇʀ from buy
[22:48:43] > Fogstrap added x1 §f§l§x§8§A§0§0§F§FS§x§9§7§0§0§D§Fh§x§A§4§0§0§B§Fi§x§B§1§0§0§9§Fn§x§B§F§0§0§8§0e§x§C§C§0§0§6§0 §x§D§9§0§0§4§0O§x§E§6§0§0§2§0n§x§F§3§0§0§0§0i§x§E§6§0§0§2§0 §x§D§9§0§0§4§0P§x§C§C§0§0§6§0i§x§B§F§0§0§8§0c§x§B§1§0§0§9§Fk§x§A§4§0§0§B§Fa§x§9§7§0§0§D§Fx§x§8§A§0§0§F§Fe in auction for 10000000.
[22:49:28] > k000k444k added x1 Pinata Crate Key in auction for 10.
[22:49:31] > FuwaLeaf buy x1 Pinata Crate Key to k000k444k for $10.
[22:49:46] > k000k444k added x1 Pinata Crate Key in auction for 10.
[22:49:47] > FuwaLeaf buy x1 Pinata Crate Key to k000k444k for $10.
[22:50:29] > Fogstrap remove x1 §f§l§x§8§A§0§0§F§FS§x§9§7§0§0§D§Fh§x§A§4§0§0§B§Fi§x§B§1§0§0§9§Fn§x§B§F§0§0§8§0e§x§C§C§0§0§6§0 §x§D§9§0§0§4§0O§x§E§6§0§0§2§0n§x§F§3§0§0§0§0i§x§E§6§0§0§2§0 §x§D§9§0§0§4§0P§x§C§C§0§0§6§0i§x§B§F§0§0§8§0c§x§B§1§0§0§9§Fk§x§A§4§0§0§B§Fa§x§9§7§0§0§D§Fx§x§8§A§0§0§F§Fe from storage
[22:50:40] > .Zero_Yatsu added x1 Enchanted golden apple in auction for 25000.
[22:50:41] > anneyong added x1 §x§F§F§5§5§0§0§lsᴇʟʟᴡᴀɴᴅ §6- 5.0x in auction for 10.
[22:50:43] > sigman buy x1 §x§F§F§5§5§0§0§lsᴇʟʟᴡᴀɴᴅ §6- 5.0x to anneyong for $10.
[22:50:53] > anneyong added x1 §x§F§F§5§5§0§0§lsᴇʟʟᴡᴀɴᴅ §6- 5.0x in auction for 10.
[22:50:55] > 8it5inn buy x1 §x§F§F§5§5§0§0§lsᴇʟʟᴡᴀɴᴅ §6- 5.0x to anneyong for $10.
[22:51:12] > anneyong added x1 §x§F§F§5§5§0§0§lsᴇʟʟᴡᴀɴᴅ §6- 5.0x in auction for 10.
[22:51:14] > 8it5inn buy x1 §x§F§F§5§5§0§0§lsᴇʟʟᴡᴀɴᴅ §6- 5.0x to anneyong for $10.
[22:52:37] > Julene added x1 §f§l§x§F§C§D§0§5§CW§x§F§B§B§6§5§1u§x§F§A§9§C§4§5k§x§F§9§8§2§3§Ao§x§F§8§6§8§2§En§x§F§6§4§E§2§3g§x§F§5§3§4§1§7 §x§F§4§1§A§0§CG§x§F§3§0§0§0§0r§x§F§4§1§A§0§Ce§x§F§5§3§4§1§7a§x§F§6§4§E§2§3t§x§F§8§6§8§2§Es§x§F§9§8§2§3§Aw§x§F§A§9§C§4§5o§x§F§B§B§6§5§1r§x§F§C§D§0§5§Cd in auction for 375000.
[22:52:48] > T_YK added x1 Dirt in auction for 1000000.
[22:53:08] > 8it5inn added x1 Cooked porkchop in auction for 10.
[22:53:20] > Fogstrap buy x1 Cooked porkchop to 8it5inn for $10.
[22:53:40] > 8it5inn remove x1 §x§F§F§5§5§0§0§lsᴇʟʟᴡᴀɴᴅ §6- 5.0x from buy
[22:53:41] > 8it5inn remove x1 §x§F§F§5§5§0§0§lsᴇʟʟᴡᴀɴᴅ §6- 5.0x from buy
[22:53:48] > 8it5inn remove x23 §x§C§9§A§7§F§C§lL§x§B§D§A§E§F§6§le§x§B§1§B§4§F§0§lg§x§A§6§B§B§E§A§le§x§9§A§C§1§E§4§ln§x§8§E§C§8§D§D§ld§x§8§2§C§E§D§7§la§x§7§7§D§5§D§1§lr§x§6§B§D§B§C§B§ly §x§6§B§D§B§C§B§lC§x§7§7§D§5§D§1§lr§x§8§2§C§E§D§7§la§x§8§E§C§8§D§D§lt§x§9§A§C§1§E§4§le §x§B§1§B§4§F§0§lK§x§B§D§A§E§F§6§le§x§C§9§A§7§F§C§ly from buy
[22:53:49] > 8it5inn remove x37 §x§F§C§9§0§5§C§lE§x§E§6§9§C§6§B§lp§x§C§F§A§7§7§A§li§x§B§9§B§3§8§9§lc §x§8§C§C§B§A§7§lC§x§7§5§D§6§B§6§lr§x§5§F§E§2§C§5§la§x§7§9§D§4§B§4§lt§x§9§3§C§7§A§2§le §x§C§8§A§B§7§F§lK§x§E§2§9§E§6§E§le§x§F§C§9§0§5§C§ly from buy
[22:54:29] > anneyong added x1 Pakpak ng ipis in auction for 10.
[22:54:30] > belvi__ buy x1 Pakpak ng ipis to anneyong for $10.
[22:54:37] > belvi__ remove x1 Pakpak ng ipis from buy
[22:55:22] > Xavier881 remove x1 §9§lCrab Claw from buy
[22:55:49] > 8it5inn added x1 Cooked porkchop in auction for 10.
[22:56:39] > 8it5inn remove x1 Cooked porkchop from storage
[22:56:46] > Fogstrap remove x1 §x§3§4§9§8§D§Bꜱʜᴇᴇᴘ ꜱᴘᴀᴡɴᴇʀ from buy
[22:57:03] > FuwaLeaf remove x1 Pinata Crate Key from buy
[22:57:03] > FuwaLeaf remove x1 Pinata Crate Key from buy
[22:57:17] > FuwaLeaf added x1 Pinata Crate Key in auction for 10.
[22:57:19] > monggol buy x1 Pinata Crate Key to FuwaLeaf for $10.
[22:57:43] > anneyong added x12 Dried ghast in auction for 10.
[22:57:45] > ReKYee buy x12 Dried ghast to anneyong for $10.
[22:58:05] > ReKYee remove x12 Dried ghast from buy
[22:58:27] > Cynishere added x1 §x§F§F§5§5§0§0§lsᴇʟʟᴡᴀɴᴅ §6- 5.0x in auction for 400000.
[22:58:38] > anneyong added x1 §x§6§0§0§0§F§F§lɢᴏᴅʟʏ ɪᴛᴇᴍ in auction for 10.
[22:58:38] > sigman remove x1 §x§F§F§5§5§0§0§lsᴇʟʟᴡᴀɴᴅ §6- 5.0x from buy
[22:58:40] > 8it5inn buy x1 §x§6§0§0§0§F§F§lɢᴏᴅʟʏ ɪᴛᴇᴍ to anneyong for $10.
[22:59:05] > FuwaLeaf added x1 Pinata Crate Key in auction for 10.
[22:59:07] > anneyong added x1 §x§F§F§5§5§0§0§lsᴇʟʟᴡᴀɴᴅ §6- 10.0x in auction for 10.
[22:59:07] > ReKYee buy x1 Pinata Crate Key to FuwaLeaf for $10.
[22:59:10] > 8it5inn buy x1 §x§F§F§5§5§0§0§lsᴇʟʟᴡᴀɴᴅ §6- 10.0x to anneyong for $10.
[22:59:18] > monggol buy x1 §x§F§F§5§5§0§0§lsᴇʟʟᴡᴀɴᴅ §6- 5.0x to Cynishere for $400,000.
[22:59:40] > FuwaLeaf added x1 Pinata Crate Key in auction for 10.
[22:59:49] > frenchhee buy x1 Pinata Crate Key to FuwaLeaf for $10.
[22:59:52] > yxsin112 buy x1 §f§l§8B§x§6§2§6§2§6§2a§x§6§F§6§F§6§Fh§x§7§C§7§C§7§Ca§x§8§9§8§9§8§9m§x§9§6§9§6§9§6u§x§A§3§A§3§A§3t §x§9§6§9§6§9§6S§x§8§9§8§9§8§9h§x§7§C§7§C§7§Ci§x§6§F§6§F§6§Fe§x§6§2§6§2§6§2l§8d to FuwaLeaf for $150,000.
[22:59:53] > monggol remove x1 Pinata Crate Key from buy
[22:59:54] > monggol remove x1 §x§F§F§5§5§0§0§lsᴇʟʟᴡᴀɴᴅ §6- 5.0x from buy
[23:00:06] > yxsin112 remove x1 §f§l§8B§x§6§2§6§2§6§2a§x§6§F§6§F§6§Fh§x§7§C§7§C§7§Ca§x§8§9§8§9§8§9m§x§9§6§9§6§9§6u§x§A§3§A§3§A§3t §x§9§6§9§6§9§6S§x§8§9§8§9§8§9h§x§7§C§7§C§7§Ci§x§6§F§6§F§6§Fe§x§6§2§6§2§6§2l§8d from buy
[23:00:11] > Cynishere added x1 Orange shulker box in auction for 10.
[23:00:25] > FuwaLeaf buy x1 Orange shulker box to Cynishere for $10.
[23:00:34] > monggol added x1 Dirt in auction for 123123123123123.
[23:00:38] > anneyong added x64 Diamond in auction for 10.
[23:00:42] > ReKYee buy x64 Diamond to anneyong for $10.
[23:00:53] > Julene buy x1 §fGhost Hat to .Allxnzv for $15,000.
[23:00:56] > FuwaLeaf added x1 Pinata Crate Key in auction for 10.
[23:00:57] > T_YK added x1 Pinata Crate Key in auction for 10000.
[23:00:58] > namerikangel buy x1 Pinata Crate Key to FuwaLeaf for $10.
[23:00:58] > Julene remove x1 §fGhost Hat from buy
[23:01:00] > monggol buy x1 Pinata Crate Key to T_YK for $10,000.
[23:01:07] > FuwaLeaf added x1 Pinata Crate Key in auction for 10.
[23:01:09] > belvi__ buy x1 Pinata Crate Key to FuwaLeaf for $10.
[23:01:12] > Luruca buy x1 §fShogun Flag Backpack to Cynishere for $150,000.
[23:01:20] > FuwaLeaf added x1 Pinata Crate Key in auction for 10.
[23:01:22] > ReKYee buy x1 Pinata Crate Key to FuwaLeaf for $10.
[23:01:25] > T_YK added x1 Pinata Crate Key in auction for 10.
[23:01:27] > monggol buy x1 Pinata Crate Key to T_YK for $10.
[23:01:30] > FuwaLeaf added x1 Pinata Crate Key in auction for 10.
[23:01:31] > Julene added x1 §fGhost Hat in auction for 25000.
[23:01:32] > ReKYee buy x1 Pinata Crate Key to FuwaLeaf for $10.
[23:01:34] > monggol buy x1 §fGhost Hat to Julene for $25,000.
[23:01:45] > FuwaLeaf added x1 Pinata Crate Key in auction for 10.
[23:01:47] > ReKYee buy x1 Pinata Crate Key to FuwaLeaf for $10.
[23:02:01] > FuwaLeaf added x1 Pinata Crate Key in auction for 10.
[23:02:02] > monggol buy x1 Pinata Crate Key to FuwaLeaf for $10.
[23:02:07] > ReKYee remove x1 Pinata Crate Key from buy
[23:02:07] > namerikangel remove x1 Pinata Crate Key from buy
[23:02:07] > ReKYee remove x64 Diamond from buy
[23:02:07] > ReKYee remove x1 Pinata Crate Key from buy
[23:02:07] > ReKYee remove x1 Pinata Crate Key from buy
[23:02:08] > ReKYee remove x1 Pinata Crate Key from buy
[23:02:11] > T_YK added x1 Pinata Crate Key in auction for 10.
[23:02:13] > ReKYee buy x1 Pinata Crate Key to T_YK for $10.
[23:02:14] > FuwaLeaf added x1 Pinata Crate Key in auction for 10.
[23:02:17] > sigman buy x1 Pinata Crate Key to FuwaLeaf for $10.
[23:02:25] > frenchhee remove x1 Pinata Crate Key from buy
[23:02:26] > monggol remove x1 §fGhost Hat form buy
[23:02:26] > monggol remove x1 Pinata Crate Key form buy
[23:02:26] > monggol remove x1 Pinata Crate Key form buy
[23:02:26] > monggol remove x1 Pinata Crate Key form buy
[23:02:26] > FuwaLeaf added x1 Pinata Crate Key in auction for 1000000.
[23:02:30] > Johng10910 buy x1 Pinata Crate Key to FuwaLeaf for $1,000,000.
[23:03:02] > aninin buy x16 Iron block to .JakeTheMiner457 for $15,000.
[23:03:19] > aninin remove x16 Iron block from buy
[23:03:25] > Johng10910 remove x1 Pinata Crate Key from buy
[23:03:42] > sigman remove x1 Pinata Crate Key from buy
[23:03:59] > 8it5inn added x1 §x§F§F§5§5§0§0§lsᴇʟʟᴡᴀɴᴅ §6- 20.0x in auction for 3250670.
[23:04:13] > namerikangel remove x64 Spruce sapling from storage
[23:04:23] > sigman added x2 Pinata Crate Key in auction for 10.
[23:04:24] > ReKYee buy x2 Pinata Crate Key to sigman for $10.
[23:04:32] > imnectarfr added x1 Pinata Crate Key in auction for 1000000000.
[23:04:38] > T_YK added x1 Pinata Crate Key in auction for 10.
[23:04:40] > ReKYee buy x1 Pinata Crate Key to T_YK for $10.
[23:04:52] > T_YK added x1 Pinata Crate Key in auction for 10.
[23:04:54] > ReKYee buy x1 Pinata Crate Key to T_YK for $10.
[23:04:55] > FuwaLeaf remove x1 Orange shulker box from buy
[23:05:10] > T_YK added x1 Pinata Crate Key in auction for 10.
[23:05:12] > ReKYee buy x1 Pinata Crate Key to T_YK for $10.
[23:05:30] > T_YK added x1 Pinata Crate Key in auction for 10.
[23:05:33] > Trapers1 buy x1 Pinata Crate Key to T_YK for $10.
[23:05:38] > ReKYee remove x2 Pinata Crate Key from buy
[23:05:39] > ReKYee remove x1 Pinata Crate Key from buy
[23:05:39] > ReKYee remove x1 Pinata Crate Key from buy
[23:05:39] > ReKYee remove x1 Pinata Crate Key from buy
[23:05:39] > ReKYee remove x1 Pinata Crate Key from buy
[23:05:56] > Trapers1 remove x1 Pinata Crate Key form buy
[23:06:07] > anneyong added x1 Pamalo ni mama in auction for 10.
[23:06:09] > ReKYee buy x1 Pamalo ni mama to anneyong for $10.
[23:06:33] > T_YK added x1 "Real" Pinata Crate Key in auction for 10.
[23:06:35] > ReKYee buy x1 "Real" Pinata Crate Key to T_YK for $10.
[23:06:45] > ReKYee remove x1 Pamalo ni mama from buy
[23:07:18] > anneyong added x12 Eye armor trim smithing template in auction for 10.
[23:07:22] > FuwaLeaf buy x12 Eye armor trim smithing template to anneyong for $10.
[23:07:37] > T_YK added x1 Spawner Crate Key in auction for 10.
[23:07:41] > ReKYee buy x1 Spawner Crate Key to T_YK for $10.
[23:07:45] > anneyong added x1 Eye armor trim smithing template in auction for 10.
[23:07:48] > FuwaLeaf buy x1 Eye armor trim smithing template to anneyong for $10.
[23:07:56] > anneyong added x1 Eye armor trim smithing template in auction for 10.
[23:07:58] > T_YK added x1 Spawner Crate Key in auction for 10000.
[23:07:59] > FuwaLeaf buy x1 Eye armor trim smithing template to anneyong for $10.
[23:08:03] > 8it5inn added x1 §f§l§x§F§C§D§0§5§CW§x§F§A§A§2§4§8u§x§F§8§7§4§3§3k§x§F§6§4§5§1§Fo§x§F§4§1§7§0§Ang§x§F§6§4§5§1§F §x§F§8§7§4§3§3K§x§F§A§A§2§4§8e§x§F§C§D§0§5§Cy in auction for 10.
[23:08:06] > ReKYee buy x1 Spawner Crate Key to T_YK for $10,000.
[23:08:06] > FuwaLeaf buy x1 §f§l§x§F§C§D§0§5§CW§x§F§A§A§2§4§8u§x§F§8§7§4§3§3k§x§F§6§4§5§1§Fo§x§F§4§1§7§0§Ang§x§F§6§4§5§1§F §x§F§8§7§4§3§3K§x§F§A§A§2§4§8e§x§F§C§D§0§5§Cy to 8it5inn for $10.
[23:08:08] > anneyong added x1 Eye armor trim smithing template in auction for 10.
[23:08:11] > FuwaLeaf buy x1 Eye armor trim smithing template to anneyong for $10.
[23:08:13] > T_YK added x1 Spawner Crate Key in auction for 100000.
[23:08:17] > 8it5inn added x1 §f§l§x§F§C§D§0§5§CW§x§F§B§A§D§4§Du§x§F§9§8§B§3§Dk§x§F§8§6§8§2§Eo§x§F§6§4§5§1§Fn§x§F§5§2§3§0§Fg§x§F§3§0§0§0§0 §x§F§5§2§3§0§FD§x§F§6§4§5§1§Fa§x§F§8§6§8§2§Eg§x§F§9§8§B§3§Dg§x§F§B§A§D§4§De§x§F§C§D§0§5§Cr in auction for 10.
[23:08:18] > anneyong added x1 Eye armor trim smithing template in auction for 10.
[23:08:19] > FuwaLeaf buy x1 §f§l§x§F§C§D§0§5§CW§x§F§B§A§D§4§Du§x§F§9§8§B§3§Dk§x§F§8§6§8§2§Eo§x§F§6§4§5§1§Fn§x§F§5§2§3§0§Fg§x§F§3§0§0§0§0 §x§F§5§2§3§0§FD§x§F§6§4§5§1§Fa§x§F§8§6§8§2§Eg§x§F§9§8§B§3§Dg§x§F§B§A§D§4§De§x§F§C§D§0§5§Cr to 8it5inn for $10.
[23:08:22] > imnectarfr buy x1 Eye armor trim smithing template to anneyong for $10.
[23:08:27] > T_YK added x1 Spawner Crate Key in auction for 1000000.
[23:08:33] > 8it5inn added x1 §x§F§F§5§5§0§0§lsᴇʟʟᴡᴀɴᴅ §6- 5.0x in auction for 367000.
[23:08:35] > monggol buy x1 §x§F§F§5§5§0§0§lsᴇʟʟᴡᴀɴᴅ §6- 5.0x to 8it5inn for $367,000.
[23:08:45] > Xavier881 added x1 §x§F§C§D§0§5§C§lB§x§E§6§D§3§6§B§la§x§C§F§D§5§7§A§ls§x§B§9§D§8§8§9§li§x§A§2§D§A§9§8§lc §x§7§5§D§F§B§6§lC§x§5§F§E§2§C§5§lr§x§7§5§D§F§B§6§la§x§8§C§D§D§A§7§lt§x§A§2§D§A§9§8§le §x§C§F§D§5§7§A§lK§x§E§6§D§3§6§B§le§x§F§C§D§0§5§C§ly in auction for 200000.
[23:08:46] > imnectarfr remove x1 Eye armor trim smithing template from buy
[23:08:50] > 8it5inn added x1 §x§F§F§5§5§0§0§lsᴇʟʟᴡᴀɴᴅ §6- 5.0x in auction for 400000.
[23:08:51] > ReKYee remove x1 Spawner Crate Key from buy
[23:08:52] > ReKYee remove x1 Spawner Crate Key from buy
[23:08:53] > T_YK added x1 Spawner Crate Key in auction for 10.
[23:08:57] > sigman buy x1 Spawner Crate Key to T_YK for $10.
[23:09:04] > 8it5inn remove x1 §x§F§F§5§5§0§0§lsᴇʟʟᴡᴀɴᴅ §6- 5.0x from storage
[23:09:04] > anneyong added x1 §f§l§8B§x§6§2§6§2§6§2a§x§6§F§6§F§6§Fh§x§7§C§7§C§7§Ca§x§8§9§8§9§8§9m§x§9§6§9§6§9§6u§x§A§3§A§3§A§3t §x§9§6§9§6§9§6P§x§8§9§8§9§8§9i§x§7§C§7§C§7§Cc§x§6§F§6§F§6§Fa§x§6§2§6§2§6§2x§8e in auction for 10.
[23:09:06] > monggol remove x1 §x§F§F§5§5§0§0§lsᴇʟʟᴡᴀɴᴅ §6- 5.0x from buy
[23:09:07] > FuwaLeaf buy x1 §f§l§8B§x§6§2§6§2§6§2a§x§6§F§6§F§6§Fh§x§7§C§7§C§7§Ca§x§8§9§8§9§8§9m§x§9§6§9§6§9§6u§x§A§3§A§3§A§3t §x§9§6§9§6§9§6P§x§8§9§8§9§8§9i§x§7§C§7§C§7§Cc§x§6§F§6§F§6§Fa§x§6§2§6§2§6§2x§8e to anneyong for $10.
[23:09:08] > T_YK added x1 Spawner Crate Key in auction for 10000.
[23:09:11] > sigman buy x1 Spawner Crate Key to T_YK for $10,000.
[23:09:12] > Trapers1 buy x1 §x§F§C§D§0§5§C§lB§x§E§6§D§3§6§B§la§x§C§F§D§5§7§A§ls§x§B§9§D§8§8§9§li§x§A§2§D§A§9§8§lc §x§7§5§D§F§B§6§lC§x§5§F§E§2§C§5§lr§x§7§5§D§F§B§6§la§x§8§C§D§D§A§7§lt§x§A§2§D§A§9§8§le §x§C§F§D§5§7§A§lK§x§E§6§D§3§6§B§le§x§F§C§D§0§5§C§ly to Xavier881 for $200,000.
[23:09:22] > T_YK added x1 Spawner Crate Key in auction for 10.
[23:09:25] > sigman buy x1 Spawner Crate Key to T_YK for $10.
[23:09:26] > Trapers1 remove x1 §x§F§C§D§0§5§C§lB§x§E§6§D§3§6§B§la§x§C§F§D§5§7§A§ls§x§B§9§D§8§8§9§li§x§A§2§D§A§9§8§lc §x§7§5§D§F§B§6§lC§x§5§F§E§2§C§5§lr§x§7§5§D§F§B§6§la§x§8§C§D§D§A§7§lt§x§A§2§D§A§9§8§le §x§C§F§D§5§7§A§lK§x§E§6§D§3§6§B§le§x§F§C§D§0§5§C§ly form buy
[23:09:32] > sigman remove x1 Spawner Crate Key from buy
[23:09:32] > sigman remove x1 Spawner Crate Key from buy
[23:09:33] > sigman remove x1 Spawner Crate Key from buy
[23:10:07] > 8it5inn added x1 §x§F§F§5§5§0§0§lsᴇʟʟᴡᴀɴᴅ §6- 5.0x in auction for 369000.
[23:10:12] > FuwaLeaf buy x1 §x§F§F§5§5§0§0§lsᴇʟʟᴡᴀɴᴅ §6- 5.0x to 8it5inn for $369,000.
[23:10:23] > anneyong added x1 §x§E§5§1§B§1§B§lDracula Key in auction for 10.
[23:10:24] > sigman added x1 §x§F§F§5§5§0§0§lsᴇʟʟᴡᴀɴᴅ §6- 5.0x in auction for 500000.
[23:10:27] > Trapers1 buy x1 §x§E§5§1§B§1§B§lDracula Key to anneyong for $10.
[23:10:36] > anneyong added x1 §x§E§5§1§B§1§B§lDracula Key in auction for 10.
[23:10:40] > FuwaLeaf buy x1 §x§E§5§1§B§1§B§lDracula Key to anneyong for $10.
[23:10:45] > Wumpan buy x1 Spawner Crate Key to T_YK for $100,000.
[23:11:02] > Wumpan remove x1 Spawner Crate Key from buy
[23:11:06] > sigman added x10 Pinata Crate Key in auction for 100.
[23:11:09] > T_YK added x1 Black Beard's Golden Tooth in auction for 100000069.
[23:11:09] > FuwaLeaf buy x10 Pinata Crate Key to sigman for $100.
[23:11:21] > FuwaLeaf remove x10 Pinata Crate Key from buy
[23:11:31] > FuwaLeaf added x3 Pinata Crate Key in auction for 10.
[23:11:35] > Trapers1 buy x3 Pinata Crate Key to FuwaLeaf for $10.
[23:11:41] > FuwaLeaf added x3 Pinata Crate Key in auction for 10.
[23:11:45] > Wumpan buy x3 Pinata Crate Key to FuwaLeaf for $10.
[23:11:52] > Wumpan remove x3 Pinata Crate Key from buy
[23:11:53] > FuwaLeaf added x3 Pinata Crate Key in auction for 10.
[23:12:10] > FuwaLeaf remove x3 Pinata Crate Key from storage
[23:12:21] > Trapers1 remove x1 §x§E§5§1§B§1§B§lDracula Key form buy
[23:12:21] > Trapers1 remove x3 Pinata Crate Key form buy
[23:12:57] > Trapers1 added x1 §x§E§5§1§B§1§B§lDracula Shovel in auction for 10.
[23:13:01] > BestofCavite buy x1 §x§E§5§1§B§1§B§lDracula Shovel to Trapers1 for $10.
[23:13:10] > 8it5inn remove x1 §x§3§4§9§8§D§Bꜱʜᴇᴇᴘ ꜱᴘᴀᴡɴᴇʀ from buy
[23:14:05] > T_YK added x1 OlympicTorch 1952 in auction for 600000.
[23:14:21] > BestofCavite remove x1 §x§E§5§1§B§1§B§lDracula Shovel from buy
[23:14:23] > 8it5inn remove x1 §x§6§0§0§0§F§F§lɢᴏᴅʟʏ ɪᴛᴇᴍ from buy
[23:15:21] > FuwaLeaf remove x1 §x§E§5§1§B§1§B§lDracula Key from buy
[23:15:21] > FuwaLeaf remove x12 Eye armor trim smithing template from buy
[23:15:22] > FuwaLeaf remove x1 Eye armor trim smithing template from buy
[23:15:22] > FuwaLeaf remove x1 §f§l§x§F§C§D§0§5§CW§x§F§A§A§2§4§8u§x§F§8§7§4§3§3k§x§F§6§4§5§1§Fo§x§F§4§1§7§0§Ang§x§F§6§4§5§1§F §x§F§8§7§4§3§3K§x§F§A§A§2§4§8e§x§F§C§D§0§5§Cy from buy
[23:15:22] > FuwaLeaf remove x1 §f§l§x§F§C§D§0§5§CW§x§F§B§A§D§4§Du§x§F§9§8§B§3§Dk§x§F§8§6§8§2§Eo§x§F§6§4§5§1§Fn§x§F§5§2§3§0§Fg§x§F§3§0§0§0§0 §x§F§5§2§3§0§FD§x§F§6§4§5§1§Fa§x§F§8§6§8§2§Eg§x§F§9§8§B§3§Dg§x§F§B§A§D§4§De§x§F§C§D§0§5§Cr from buy
[23:15:22] > FuwaLeaf remove x1 §x§F§F§5§5§0§0§lsᴇʟʟᴡᴀɴᴅ §6- 5.0x from buy
[23:15:23] > FuwaLeaf remove x1 §f§l§8B§x§6§2§6§2§6§2a§x§6§F§6§F§6§Fh§x§7§C§7§C§7§Ca§x§8§9§8§9§8§9m§x§9§6§9§6§9§6u§x§A§3§A§3§A§3t §x§9§6§9§6§9§6P§x§8§9§8§9§8§9i§x§7§C§7§C§7§Cc§x§6§F§6§F§6§Fa§x§6§2§6§2§6§2x§8e from buy
[23:15:23] > FuwaLeaf remove x1 Eye armor trim smithing template from buy
[23:15:23] > FuwaLeaf remove x1 Eye armor trim smithing template from buy
[23:15:38] > FuwaLeaf added x1 §x§F§F§5§5§0§0§lsᴇʟʟᴡᴀɴᴅ §6- 5.0x in auction for 450000.
[23:18:31] > Palietass buy x1 Enchanted book to Julene for $20,000.
[23:18:40] > Palietass remove x1 Enchanted book from buy
[23:19:37] > Nyxie added x1 §x§9§8§6§3§E§7§l§oN§x§9§3§6§2§E§6§l§oe§x§8§E§6§1§E§6§l§ob§x§8§8§6§0§E§5§l§ou§x§8§3§5§F§E§4§l§ol§x§7§E§5§E§E§3§l§oa §x§7§3§5§C§E§2§l§oC§x§6§E§5§C§E§1§l§oh§x§6§9§5§B§E§0§l§oe§x§6§4§5§A§E§0§l§os§x§5§E§5§9§D§F§l§ot§x§5§9§5§8§D§E§l§op§x§5§4§5§7§D§D§l§ol§x§4§F§5§6§D§D§l§oa§x§4§9§5§5§D§C§l§ot§x§4§4§5§4§D§B§l§oe in auction for 600000.
[23:19:48] > anneyong added x1 §f§l§x§F§C§D§0§5§CW§x§F§B§B§D§5§4u§x§F§A§A§A§4§Bk§x§F§A§9§7§4§3o§x§F§9§8§4§3§Bn§x§F§8§7§1§3§2g§x§F§7§5§F§2§A §x§F§6§4§C§2§1B§x§F§5§3§9§1§9o§x§F§5§2§6§1§1o§x§F§4§1§3§0§8t§x§F§3§0§0§0§0s in auction for 10.
[23:19:52] > Trapers1 buy x1 §f§l§x§F§C§D§0§5§CW§x§F§B§B§D§5§4u§x§F§A§A§A§4§Bk§x§F§A§9§7§4§3o§x§F§9§8§4§3§Bn§x§F§8§7§1§3§2g§x§F§7§5§F§2§A §x§F§6§4§C§2§1B§x§F§5§3§9§1§9o§x§F§5§2§6§1§1o§x§F§4§1§3§0§8t§x§F§3§0§0§0§0s to anneyong for $10.
[23:19:56] > T_YK remove x1 Spawner Crate Key from storage
[23:20:00] > T_YK remove x1 Black Beard's Golden Tooth from storage
[23:20:11] > Trapers1 remove x1 §f§l§x§F§C§D§0§5§CW§x§F§B§B§D§5§4u§x§F§A§A§A§4§Bk§x§F§A§9§7§4§3o§x§F§9§8§4§3§Bn§x§F§8§7§1§3§2g§x§F§7§5§F§2§A §x§F§6§4§C§2§1B§x§F§5§3§9§1§9o§x§F§5§2§6§1§1o§x§F§4§1§3§0§8t§x§F§3§0§0§0§0s form buy
[23:20:18] > T_YK added x1 Water Where Jesus Walked in auction for 4000000.
[23:20:18] > Nyxie remove x1 §x§9§8§6§3§E§7§l§oN§x§9§3§6§2§E§6§l§oe§x§8§E§6§1§E§6§l§ob§x§8§8§6§0§E§5§l§ou§x§8§3§5§F§E§4§l§ol§x§7§E§5§E§E§3§l§oa §x§7§3§5§C§E§2§l§oC§x§6§E§5§C§E§1§l§oh§x§6§9§5§B§E§0§l§oe§x§6§4§5§A§E§0§l§os§x§5§E§5§9§D§F§l§ot§x§5§9§5§8§D§E§l§op§x§5§4§5§7§D§D§l§ol§x§4§F§5§6§D§D§l§oa§x§4§9§5§5§D§C§l§ot§x§4§4§5§4§D§B§l§oe from storage
[23:20:26] > Nyxie remove x1 §x§9§8§6§3§E§7§l§oN§x§9§3§6§2§E§6§l§oe§x§8§E§6§1§E§6§l§ob§x§8§8§6§0§E§5§l§ou§x§8§3§5§F§E§4§l§ol§x§7§E§5§E§E§3§l§oa §x§7§3§5§C§E§2§l§oC§x§6§E§5§C§E§1§l§oh§x§6§9§5§B§E§0§l§oe§x§6§4§5§A§E§0§l§os§x§5§E§5§9§D§F§l§ot§x§5§9§5§8§D§E§l§op§x§5§4§5§7§D§D§l§ol§x§4§F§5§6§D§D§l§oa§x§4§9§5§5§D§C§l§ot§x§4§4§5§4§D§B§l§oe from expire
[23:20:32] > Nyxie added x1 §x§9§8§6§3§E§7§l§oN§x§9§3§6§2§E§6§l§oe§x§8§E§6§1§E§6§l§ob§x§8§8§6§0§E§5§l§ou§x§8§3§5§F§E§4§l§ol§x§7§E§5§E§E§3§l§oa §x§7§3§5§C§E§2§l§oC§x§6§E§5§C§E§1§l§oh§x§6§9§5§B§E§0§l§oe§x§6§4§5§A§E§0§l§os§x§5§E§5§9§D§F§l§ot§x§5§9§5§8§D§E§l§op§x§5§4§5§7§D§D§l§ol§x§4§F§5§6§D§D§l§oa§x§4§9§5§5§D§C§l§ot§x§4§4§5§4§D§B§l§oe in auction for 300000.
[23:21:03] > BestofCavite added x1 §x§8§8§E§C§3§3§lV§x§8§2§E§B§4§8§lo§x§7§C§E§9§5§D§lt§x§7§6§E§8§7§2§le §x§6§B§E§5§9§B§lC§x§6§5§E§3§B§0§lr§x§5§F§E§2§C§5§la§x§6§6§E§4§A§D§lt§x§6§D§E§5§9§4§le §x§7§A§E§9§6§4§lK§x§8§1§E§A§4§B§le§x§8§8§E§C§3§3§ly in auction for 100000.
[23:21:08] > monggol buy x1 §x§8§8§E§C§3§3§lV§x§8§2§E§B§4§8§lo§x§7§C§E§9§5§D§lt§x§7§6§E§8§7§2§le §x§6§B§E§5§9§B§lC§x§6§5§E§3§B§0§lr§x§5§F§E§2§C§5§la§x§6§6§E§4§A§D§lt§x§6§D§E§5§9§4§le §x§7§A§E§9§6§4§lK§x§8§1§E§A§4§B§le§x§8§8§E§C§3§3§ly to BestofCavite for $100,000.
[23:21:15] > monggol remove x1 §x§8§8§E§C§3§3§lV§x§8§2§E§B§4§8§lo§x§7§C§E§9§5§D§lt§x§7§6§E§8§7§2§le §x§6§B§E§5§9§B§lC§x§6§5§E§3§B§0§lr§x§5§F§E§2§C§5§la§x§6§6§E§4§A§D§lt§x§6§D§E§5§9§4§le §x§7§A§E§9§6§4§lK§x§8§1§E§A§4§B§le§x§8§8§E§C§3§3§ly from buy
[23:21:48] > Nyxie added x8 Netherite upgrade smithing template in auction for 400000.
[23:22:28] > anneyong added x1 §x§5§9§A§1§D§9§lA§x§7§5§B§1§D§Fr§x§9§0§C§0§E§6c§x§A§C§D§0§E§Ch§x§C§8§E§0§F§2a§x§E§3§E§F§F§9n§fg§x§E§3§E§F§F§9e§x§C§8§E§0§F§2l §x§9§0§C§0§E§6H§x§7§5§B§1§D§Fo§x§5§9§A§1§D§9e in auction for 10.
[23:22:31] > Trapers1 buy x1 §x§5§9§A§1§D§9§lA§x§7§5§B§1§D§Fr§x§9§0§C§0§E§6c§x§A§C§D§0§E§Ch§x§C§8§E§0§F§2a§x§E§3§E§F§F§9n§fg§x§E§3§E§F§F§9e§x§C§8§E§0§F§2l §x§9§0§C§0§E§6H§x§7§5§B§1§D§Fo§x§5§9§A§1§D§9e to anneyong for $10.
[23:23:10] > NastyPepperoni added x1 Enchanted book in auction for 2000.
[23:23:13] > ReKYee buy x1 Enchanted book to NastyPepperoni for $2,000.
[23:23:27] > NastyPepperoni added x1 Enchanted book in auction for 10000.
[23:23:46] > NastyPepperoni added x1 Enchanted book in auction for 2000.
[23:23:55] > hakim_ae buy x1 Enchanted book to NastyPepperoni for $2,000.
[23:24:03] > Applegod9 buy x1 Enchanted book to NastyPepperoni for $10,000.
[23:24:17] > NastyPepperoni added x1 Enchanted book in auction for 10000.
[23:24:42] > Applegod9 remove x1 Enchanted book from buy
[23:24:46] > Trapers1 remove x1 §x§5§9§A§1§D§9§lA§x§7§5§B§1§D§Fr§x§9§0§C§0§E§6c§x§A§C§D§0§E§Ch§x§C§8§E§0§F§2a§x§E§3§E§F§F§9n§fg§x§E§3§E§F§F§9e§x§C§8§E§0§F§2l §x§9§0§C§0§E§6H§x§7§5§B§1§D§Fo§x§5§9§A§1§D§9e form buy
[23:24:48] > 8it5inn added x1 §f§l§x§8§A§0§0§F§FS§x§9§5§0§0§E§4h§x§A§0§0§0§C§9i§x§A§B§0§0§A§En§x§B§6§0§0§9§4e§x§C§1§0§0§7§9 §x§C§C§0§0§5§EO§x§D§7§0§0§4§3n§x§E§2§0§0§2§8i§x§E§D§0§0§0§D C§x§E§2§0§0§2§8h§x§D§7§0§0§4§3e§x§C§C§0§0§5§Es§x§C§1§0§0§7§9t§x§B§6§0§0§9§4p§x§A§B§0§0§A§El§x§A§0§0§0§C§9a§x§9§5§0§0§E§4t§x§8§A§0§0§F§Fe in auction for 6700000.
[23:25:35] > NastyPepperoni remove x1 Enchanted book from storage
[23:25:43] > NastyPepperoni added x1 Enchanted book in auction for 3000.
[23:25:43] > T_YK added x1 Gutenberg Holy Bible in auction for 25000000.
[23:27:37] > 8it5inn remove x1 §x§F§F§5§5§0§0§lsᴇʟʟᴡᴀɴᴅ §6- 10.0x from buy
[23:27:45] > 8it5inn added x1 §x§F§F§5§5§0§0§lsᴇʟʟᴡᴀɴᴅ §6- 10.0x in auction for 1370000.
[23:28:19] > FuwaLeaf added x1 Eye of the tiger in auction for 100000.
[23:29:20] > T_YK remove x1 Water Where Jesus Walked from storage
[23:29:25] > T_YK remove x1 Gutenberg Holy Bible from storage
[23:29:49] > T_YK added x1 Shine Oni Axe in auction for 800000.
[23:30:51] > T_YK added x1 Gutenberg Holy Bible (Protection From God) in auction for 1000000.
[23:31:29] > T_YK remove x1 Dirt from storage
[23:31:30] > T_YK remove x1 Holy Grass Block from storage
[23:31:41] > T_YK added x1 Water Where Jesus Walked in auction for 2000000.
[23:32:17] > 8it5inn remove x1 §x§F§F§5§5§0§0§lsᴇʟʟᴡᴀɴᴅ §6- 20.0x from storage
[23:32:42] > 8it5inn added x1 §x§F§F§5§5§0§0§lsᴇʟʟᴡᴀɴᴅ §6- 20.0x in auction for 2676969.
[23:32:48] > anneyong added x64 Iron block in auction for 10.
[23:32:52] > Trapers1 buy x64 Iron block to anneyong for $10.
[23:32:53] > Zaiil buy x1 §x§F§F§5§5§0§0§lsᴇʟʟᴡᴀɴᴅ §6- 20.0x to 8it5inn for $2,676,969.
[23:33:13] > Zaiil remove x1 §x§F§F§5§5§0§0§lsᴇʟʟᴡᴀɴᴅ §6- 20.0x from buy
[23:33:14] > FuwaLeaf remove x1 §aClaim Wand from storage
[23:33:15] > FuwaLeaf remove x1 §x§F§F§5§5§0§0§lsᴇʟʟᴡᴀɴᴅ §6- 5.0x from storage
[23:33:29] > FuwaLeaf added x1 Jordan River Where Jesus was Baptized in auction for 1000000.
[23:34:17] > FuwaLeaf remove x1 Jordan River Where Jesus was Baptized from storage
[23:34:25] > FuwaLeaf added x1 §x§F§F§5§5§0§0§lsᴇʟʟᴡᴀɴᴅ §6- 5.0x in auction for 400000.
[23:35:55] > T_YK remove x1 Gutenberg Holy Bible (Protection From God) from storage
[23:36:46] > T_YK added x1 Gutenberg Bible (Signed Copy) in auction for 1500000.
[23:37:13] > FuwaLeaf remove x1 Eye of the tiger from storage
[23:37:38] > FuwaLeaf added x1 §f§l§8B§x§6§4§6§4§6§4a§x§7§4§7§4§7§4h§x§8§3§8§3§8§3a§x§9§3§9§3§9§3m§x§A§2§A§2§A§2ut§x§9§3§9§3§9§3 §x§8§3§8§3§8§3M§x§7§4§7§4§7§4a§x§6§4§6§4§6§4c§8e in auction for 2500000.
[23:37:44] > Julene added x1 §f§l§x§F§C§D§0§5§CW§x§F§B§B§0§4§Eu§x§F§9§9§0§4§0k§x§F§8§7§0§3§2o§x§F§6§5§0§2§3n§x§F§5§3§0§1§5g§x§F§4§1§0§0§7 H§x§F§5§3§0§1§5a§x§F§6§5§0§2§3l§x§F§8§7§0§3§2b§x§F§9§9§0§4§0e§x§F§B§B§0§4§Er§x§F§C§D§0§5§Cd in auction for 3500000.
[23:38:46] > 8it5inn added x1 §x§E§5§1§B§1§B§lDracula Battleaxe in auction for 50000.
[23:39:23] > Julene buy x1 §x§E§5§1§B§1§B§lDracula Battleaxe to 8it5inn for $50,000.
[23:39:50] > 8it5inn added x1 §x§F§F§7§C§0§0§lSteamsparks Sword in auction for 67000.
[23:39:57] > Fogstrap remove x1 §x§F§F§5§5§0§0§lsᴇʟʟᴡᴀɴᴅ §6- 5.0x from storage
[23:40:00] > T_YK added x1 Stand Arrow in auction for 100000.
[23:40:11] > Fogstrap added x1 §x§F§F§5§5§0§0§lsᴇʟʟᴡᴀɴᴅ §6- 5.0x in auction for 450000.
[23:40:29] > namerikangel buy x1 §x§F§F§7§C§0§0§lSteamsparks Sword to 8it5inn for $67,000.
[23:40:42] > Julene remove x1 §x§E§5§1§B§1§B§lDracula Battleaxe from buy
[23:41:36] > Zaiil added x1 §x§F§F§5§5§0§0§lsᴇʟʟᴡᴀɴᴅ §6- 5.0x in auction for 500000.
[23:41:48] > FuwaLeaf remove x1 §x§F§F§5§5§0§0§lsᴇʟʟᴡᴀɴᴅ §6- 5.0x from storage
[23:41:55] > FuwaLeaf remove x1 §x§F§F§5§5§0§0§lsᴇʟʟᴡᴀɴᴅ §6- 5.0x from expire
[23:41:57] > Julene added x1 §x§E§5§1§B§1§B§lDracula Battleaxe in auction for 100000.
[23:41:59] > FuwaLeaf remove x1 Eye of the tiger from expire
[23:42:00] > FuwaLeaf remove x1 Jordan River Where Jesus was Baptized from expire
[23:42:00] > FuwaLeaf remove x3 Pinata Crate Key from expire
[23:42:11] > FuwaLeaf added x1 §x§F§F§5§5§0§0§lsᴇʟʟᴡᴀɴᴅ §6- 5.0x in auction for 400000.
[23:43:24] > Fogstrap remove x1 Elytra from storage
[23:43:36] > Fogstrap added x1 Elytra in auction for 3500000.
[23:45:12] > FuwaLeaf remove x1 §x§F§F§7§C§0§0§lSteamsparks Halberd from storage
[23:45:15] > FuwaLeaf remove x1 §x§F§F§5§5§0§0§lsᴇʟʟᴡᴀɴᴅ §6- 5.0x from storage
[23:45:19] > FuwaLeaf remove x1 §f§l§8B§x§6§4§6§4§6§4a§x§7§4§7§4§7§4h§x§8§3§8§3§8§3a§x§9§3§9§3§9§3m§x§A§2§A§2§A§2ut§x§9§3§9§3§9§3 §x§8§3§8§3§8§3M§x§7§4§7§4§7§4a§x§6§4§6§4§6§4c§8e from storage
[23:45:19] > FuwaLeaf remove x1 §f§l§x§8§A§0§0§F§FS§x§9§9§0§0§D§Bh§x§A§8§0§0§B§6i§x§B§7§0§0§9§2n§x§C§6§0§0§6§De§x§D§5§0§0§4§9 §x§E§4§0§0§2§4O§x§F§3§0§0§0§0n§x§E§4§0§0§2§4i§x§D§5§0§0§4§9 §x§C§6§0§0§6§DS§x§B§7§0§0§9§2p§x§A§8§0§0§B§6e§x§9§9§0§0§D§Ba§x§8§A§0§0§F§Fr from storage
[23:46:56] > FuwaLeaf added x1 §x§F§F§5§5§0§0§lsᴇʟʟᴡᴀɴᴅ §6- 5.0x in auction for 400000.
[23:47:13] > FuwaLeaf added x1 §x§F§F§7§C§0§0§lSteamsparks Halberd in auction for 150000.
[23:47:36] > namerikangel remove x1 §x§F§F§7§C§0§0§lSteamsparks Sword from buy
[23:47:42] > FuwaLeaf added x1 §f§l§8B§x§6§4§6§4§6§4a§x§7§4§7§4§7§4h§x§8§3§8§3§8§3a§x§9§3§9§3§9§3m§x§A§2§A§2§A§2ut§x§9§3§9§3§9§3 §x§8§3§8§3§8§3M§x§7§4§7§4§7§4a§x§6§4§6§4§6§4c§8e in auction for 1500000.
[23:57:58] > Palietass buy x1 Elytra to Fogstrap for $3,500,000.
[23:58:05] > Palietass remove x1 Elytra from buy
[23:58:33] > jeff added x1 §fPanda Hat in auction for 10000.
[23:58:46] > jeff added x1 §f§x§6§B§2§C§C§6G§x§7§0§3§2§C§Ca§x§7§5§3§8§D§2l§x§7§A§3§E§D§8a§x§7§F§4§4§D§Ex§x§8§4§4§9§E§5y§x§8§9§4§F§E§B §x§8§E§5§5§F§1H§x§9§3§5§B§F§7a§x§9§8§6§1§F§Dt in auction for 10000.
[23:58:54] > Fogstrap buy x1 §f§x§6§B§2§C§C§6G§x§7§0§3§2§C§Ca§x§7§5§3§8§D§2l§x§7§A§3§E§D§8a§x§7§F§4§4§D§Ex§x§8§4§4§9§E§5y§x§8§9§4§F§E§B §x§8§E§5§5§F§1H§x§9§3§5§B§F§7a§x§9§8§6§1§F§Dt to jeff for $10,000.
[23:59:24] > Julene buy x1 §fPanda Hat to jeff for $10,000.
[23:59:34] > Julene remove x1 §fPanda Hat from buy
[00:01:26] > Julene remove x38 Amethyst shard from storage
[00:01:36] > Julene remove x1 §f§l§x§F§C§D§0§5§CW§x§F§B§B§6§5§1u§x§F§A§9§C§4§5k§x§F§9§8§2§3§Ao§x§F§8§6§8§2§En§x§F§6§4§E§2§3g§x§F§5§3§4§1§7 §x§F§4§1§A§0§CG§x§F§3§0§0§0§0r§x§F§4§1§A§0§Ce§x§F§5§3§4§1§7a§x§F§6§4§E§2§3t§x§F§8§6§8§2§Es§x§F§9§8§2§3§Aw§x§F§A§9§C§4§5o§x§F§B§B§6§5§1r§x§F§C§D§0§5§Cd from storage
[00:01:38] > Julene remove x1 §f§l§x§F§C§D§0§5§CW§x§F§B§B§0§4§Eu§x§F§9§9§0§4§0k§x§F§8§7§0§3§2o§x§F§6§5§0§2§3n§x§F§5§3§0§1§5g§x§F§4§1§0§0§7 H§x§F§5§3§0§1§5a§x§F§6§5§0§2§3l§x§F§8§7§0§3§2b§x§F§9§9§0§4§0e§x§F§B§B§0§4§Er§x§F§C§D§0§5§Cd from storage
[00:01:43] > Julene remove x1 §x§E§5§1§B§1§B§lDracula Battleaxe from storage
[00:01:53] > Julene added x1 §f§l§x§F§C§D§0§5§CW§x§F§B§A§D§4§Du§x§F§9§8§B§3§Dk§x§F§8§6§8§2§Eo§x§F§6§4§5§1§Fn§x§F§5§2§3§0§Fg§x§F§3§0§0§0§0 §x§F§5§2§3§0§FH§x§F§6§4§5§1§Fe§x§F§8§6§8§2§El§x§F§9§8§B§3§Dm§x§F§B§A§D§4§De§x§F§C§D§0§5§Ct in auction for 500000.
[00:17:57] > x1 §x§F§F§3§E§0§0§lD§x§F§F§3§6§0§0§le§x§F§F§2§F§0§0§lm§x§F§F§2§7§0§0§lo§x§F§F§1§F§0§0§ln §x§F§F§1§0§0§0§lL§x§F§F§0§8§0§0§lo§x§F§F§0§0§0§0§lr§x§F§F§0§8§0§0§ld §x§F§F§1§7§0§0§lH§x§F§F§1§F§0§0§le§x§F§F§2§7§0§0§ll§x§F§F§2§F§0§0§lm§x§F§F§3§6§0§0§le§x§F§F§3§E§0§0§lt on sale by _BAAM has just expired, it goes in the inventory of expired items.
[00:19:49] > Panda_Nooba remove x1 §f§l§8B§x§6§2§6§2§6§2a§x§6§F§6§F§6§Fh§x§7§C§7§C§7§Ca§x§8§9§8§9§8§9m§x§9§6§9§6§9§6u§x§A§3§A§3§A§3t §x§9§6§9§6§9§6S§x§8§9§8§9§8§9h§x§7§C§7§C§7§Ci§x§6§F§6§F§6§Fe§x§6§2§6§2§6§2l§8d from storage
[00:19:58] > Panda_Nooba added x1 §f§l§8B§x§6§2§6§2§6§2a§x§6§F§6§F§6§Fh§x§7§C§7§C§7§Ca§x§8§9§8§9§8§9m§x§9§6§9§6§9§6u§x§A§3§A§3§A§3t §x§9§6§9§6§9§6S§x§8§9§8§9§8§9h§x§7§C§7§C§7§Ci§x§6§F§6§F§6§Fe§x§6§2§6§2§6§2l§8d in auction for 150000.
[00:22:26] > belvi__ buy x1 Mace to nachfaust for $1,500,000.
[00:22:40] > x1 §f§l§x§8§A§0§0§F§FS§x§9§C§0§0§D§5h§x§A§D§0§0§A§Ai§x§B§F§0§0§8§0n§x§D§0§0§0§5§5e§x§E§2§0§0§2§B §x§F§3§0§0§0§0O§x§E§2§0§0§2§An§x§D§0§0§0§5§5i§x§B§F§0§0§8§0 §x§A§D§0§0§A§AH§x§9§C§0§0§D§5o§x§8§A§0§0§F§Fe, bought by EnderDragon0120, has just expired, the item is definitively deleted.
[00:22:41] > belvi__ remove x1 Mace from buy
[00:22:41] > belvi__ remove x1 Pinata Crate Key from buy
[00:24:56] > Panda_Nooba added x10 §x§F§C§9§0§5§C§lE§x§E§6§9§C§6§B§lp§x§C§F§A§7§7§A§li§x§B§9§B§3§8§9§lc §x§8§C§C§B§A§7§lC§x§7§5§D§6§B§6§lr§x§5§F§E§2§C§5§la§x§7§9§D§4§B§4§lt§x§9§3§C§7§A§2§le §x§C§8§A§B§7§F§lK§x§E§2§9§E§6§E§le§x§F§C§9§0§5§C§ly in auction for 30000.
[00:25:01] > Fogstrap buy x10 §x§F§C§9§0§5§C§lE§x§E§6§9§C§6§B§lp§x§C§F§A§7§7§A§li§x§B§9§B§3§8§9§lc §x§8§C§C§B§A§7§lC§x§7§5§D§6§B§6§lr§x§5§F§E§2§C§5§la§x§7§9§D§4§B§4§lt§x§9§3§C§7§A§2§le §x§C§8§A§B§7§F§lK§x§E§2§9§E§6§E§le§x§F§C§9§0§5§C§ly to Panda_Nooba for $30,000.
[00:25:18] > aznaaa added x1 Elytra in auction for 3000000.
[00:26:04] > Panda_Nooba added x1 §fEnderman Plushie §6(#33/101) in auction for 20000.
[00:26:12] > 8it5inn buy x1 §fEnderman Plushie §6(#33/101) to Panda_Nooba for $20,000.
[00:26:15] > Panda_Nooba added x1 §fHusk Plushie §6(#50/101) in auction for 3000.
[00:26:20] > Takeremu remove x1 §fCat Plushie (White) §6(#23/101) from buy
[00:26:21] > Takeremu remove x1 §fRabbit Plushie (Toast) §6(#74/101) from buy
[00:26:21] > Takeremu remove x1 §x§3§4§9§8§D§Bꜱʜᴇᴇᴘ ꜱᴘᴀᴡɴᴇʀ from buy
[00:26:21] > Takeremu remove x1 §x§3§4§9§8§D§Bᴢᴏᴍʙɪᴇ ꜱᴘᴀᴡɴᴇʀ from buy
[00:26:21] > Trapers1 buy x1 §fHusk Plushie §6(#50/101) to Panda_Nooba for $3,000.
[00:26:42] > Trapers1 remove x64 Iron block form buy
[00:26:42] > Trapers1 remove x1 §fHusk Plushie §6(#50/101) form buy
[00:26:53] > Trapers1 added x1 §fHusk Plushie §6(#50/101) in auction for 10000.
[00:27:01] > 8it5inn buy x1 §fHusk Plushie §6(#50/101) to Trapers1 for $10,000.
[00:27:44] > Trapers1 added x1 §fSniffer Plushie §6(#82/101) in auction for 25000.
[00:27:52] > Takeremu buy x1 §fSniffer Plushie §6(#82/101) to Trapers1 for $25,000.
[00:28:07] > 8it5inn remove x1 §fEnderman Plushie §6(#33/101) from buy
[00:28:08] > 8it5inn remove x1 §fHusk Plushie §6(#50/101) from buy
[00:28:12] > Julene remove x1 §f§l§x§F§C§D§0§5§CW§x§F§B§A§D§4§Du§x§F§9§8§B§3§Dk§x§F§8§6§8§2§Eo§x§F§6§4§5§1§Fn§x§F§5§2§3§0§Fg§x§F§3§0§0§0§0 §x§F§5§2§3§0§FH§x§F§6§4§5§1§Fe§x§F§8§6§8§2§El§x§F§9§8§B§3§Dm§x§F§B§A§D§4§De§x§F§C§D§0§5§Ct from storage
[00:28:30] > Julene added x1 §f§l§x§F§C§D§0§5§CW§x§F§B§A§D§4§Du§x§F§9§8§B§3§Dk§x§F§8§6§8§2§Eo§x§F§6§4§5§1§Fn§x§F§5§2§3§0§Fg§x§F§3§0§0§0§0 §x§F§5§2§3§0§FH§x§F§6§4§5§1§Fe§x§F§8§6§8§2§El§x§F§9§8§B§3§Dm§x§F§B§A§D§4§De§x§F§C§D§0§5§Ct in auction for 1000000.
[00:31:52] > Trapers1 added x1 §fCat Plushie (White) §6(#23/101) in auction for 10000.
[00:31:57] > Takeremu buy x1 §fCat Plushie (White) §6(#23/101) to Trapers1 for $10,000.
[00:32:45] > aznaaa added x1 §f§l§x§F§C§D§0§5§CW§x§F§A§A§6§4§Au§x§F§8§7§D§3§7k§x§F§7§5§3§2§5o§x§F§5§2§A§1§2n§x§F§3§0§0§0§0g§x§F§5§2§A§1§2 §x§F§7§5§3§2§5C§x§F§8§7§D§3§7l§x§F§A§A§6§4§Au§x§F§C§D§0§5§Cb in auction for 500000.
[00:32:58] > aznaaa added x1 §x§F§F§7§C§0§0§lSteamsparks Leggings in auction for 400000.
[00:34:14] > Trapers1 added x31 Netherite upgrade smithing template in auction for 3000000.
[00:34:14] > Julene added x6 §x§C§9§A§7§F§C§lL§x§B§D§A§E§F§6§le§x§B§1§B§4§F§0§lg§x§A§6§B§B§E§A§le§x§9§A§C§1§E§4§ln§x§8§E§C§8§D§D§ld§x§8§2§C§E§D§7§la§x§7§7§D§5§D§1§lr§x§6§B§D§B§C§B§ly §x§6§B§D§B§C§B§lC§x§7§7§D§5§D§1§lr§x§8§2§C§E§D§7§la§x§8§E§C§8§D§D§lt§x§9§A§C§1§E§4§le §x§B§1§B§4§F§0§lK§x§B§D§A§E§F§6§le§x§C§9§A§7§F§C§ly in auction for 500000.
[00:35:24] > 8it5inn remove x1 §x§F§F§5§5§0§0§lsᴇʟʟᴡᴀɴᴅ §6- 10.0x from storage
[00:35:39] > 8it5inn added x1 §x§F§F§5§5§0§0§lsᴇʟʟᴡᴀɴᴅ §6- 10.0x in auction for 1267000.
[00:35:53] > 8it5inn remove x1 §x§F§F§5§5§0§0§lsᴇʟʟᴡᴀɴᴅ §6- 10.0x from storage
[00:47:12] > 8it5inn added x1 §x§F§F§5§5§0§0§lsᴇʟʟᴡᴀɴᴅ §6- 10.0x in auction for 1267696.
[00:51:12] > aznaaa added x4 Iron ingot in auction for 10.
[00:53:25] > aznaaa remove x4 Iron ingot from storage
[00:53:40] > aznaaa remove x4 Iron ingot from expire
[00:53:41] > aznaaa remove x1 §x§E§5§1§B§1§B§lDracula Bow from expire
[00:53:41] > aznaaa remove x1 §x§E§5§1§B§1§B§lDracula Pickaxe from expire
[00:53:42] > aznaaa remove x1 §x§F§F§7§C§0§0§lSteamsparks Bow from expire
[00:54:03] > aznaaa added x1 §x§E§5§1§B§1§B§lDracula Bow in auction for 50000.
[00:54:16] > aznaaa added x1 §x§E§5§1§B§1§B§lDracula Pickaxe in auction for 50000.
[00:54:30] > aznaaa added x1 §x§F§F§7§C§0§0§lSteamsparks Bow in auction for 50000.
[00:58:43] > Julene added x1 Shield in auction for 50000.
[00:58:47] > 8it5inn remove x1 §x§F§F§5§5§0§0§lsᴇʟʟᴡᴀɴᴅ §6- 10.0x from storage
[00:58:58] > 8it5inn added x1 §x§F§F§5§5§0§0§lsᴇʟʟᴡᴀɴᴅ §6- 10.0x in auction for 1269676.
[00:59:15] > 8it5inn remove x1 §x§F§F§5§5§0§0§lsᴇʟʟᴡᴀɴᴅ §6- 10.0x from storage
[00:59:29] > Antonie657 added x1 Beacon in auction for 95000.
[00:59:41] > Antonie657 added x1 Beacon in auction for 95000.
[00:59:52] > Antonie657 added x1 Beacon in auction for 95000.
[01:00:12] > Zypher_0w0 buy x1 §x§F§F§5§5§0§0§lsᴇʟʟᴡᴀɴᴅ §6- 5.0x to FuwaLeaf for $400,000.
[01:00:15] > Zypher_0w0 buy x1 §x§F§F§5§5§0§0§lsᴇʟʟᴡᴀɴᴅ §6- 5.0x to Fogstrap for $450,000.
[01:00:23] > 8it5inn added x1 §x§F§F§5§5§0§0§lsᴇʟʟᴡᴀɴᴅ §6- 10.0x in auction for 1195670.
[01:00:44] > Zypher_0w0 buy x1 Beacon to Antonie657 for $95,000.
[01:00:46] > Zypher_0w0 buy x1 Beacon to Antonie657 for $95,000.
[01:00:47] > Zypher_0w0 buy x1 Beacon to Antonie657 for $95,000.
[01:00:53] > Zypher_0w0 remove x1 Beacon from buy
[01:00:53] > Zypher_0w0 remove x1 Beacon from buy
[01:00:55] > Zypher_0w0 remove x1 Beacon from buy
[01:00:59] > Zypher_0w0 added x3 Beacon in auction for 10.
[01:01:02] > 8it5inn remove x1 §x§F§F§5§5§0§0§lsᴇʟʟᴡᴀɴᴅ §6- 10.0x from storage
[01:01:08] > Palietass buy x3 Beacon to Zypher_0w0 for $10.
[01:01:29] > Antonie657 remove x1 §f§l§8B§x§6§4§6§4§6§4a§x§7§4§7§4§7§4h§x§8§3§8§3§8§3a§x§9§3§9§3§9§3m§x§A§2§A§2§A§2ut§x§9§3§9§3§9§3 §x§8§3§8§3§8§3C§x§7§4§7§4§7§4l§x§6§4§6§4§6§4u§8b from storage
[01:01:37] > Antonie657 remove x1 §f§l§8B§x§6§4§6§4§6§4a§x§7§4§7§4§7§4h§x§8§3§8§3§8§3a§x§9§3§9§3§9§3m§x§A§2§A§2§A§2ut§x§9§3§9§3§9§3 §x§8§3§8§3§8§3C§x§7§4§7§4§7§4l§x§6§4§6§4§6§4u§8b from expire
[01:01:46] > 8it5inn added x1 §x§F§F§5§5§0§0§lsᴇʟʟᴡᴀɴᴅ §6- 10.0x in auction for 1260670.
[01:01:48] > Antonie657 added x1 §f§l§8B§x§6§4§6§4§6§4a§x§7§4§7§4§7§4h§x§8§3§8§3§8§3a§x§9§3§9§3§9§3m§x§A§2§A§2§A§2ut§x§9§3§9§3§9§3 §x§8§3§8§3§8§3C§x§7§4§7§4§7§4l§x§6§4§6§4§6§4u§8b in auction for 550000.
[01:02:12] > Antonie657 added x1 Beacon in auction for 99000.
[01:02:24] > Antonie657 added x1 Beacon in auction for 99000.
[01:08:10] > Antonie657 buy x2 §fBumble Bee Hat to jeff for $50,000.
[01:08:14] > Antonie657 remove x2 §fBumble Bee Hat from buy
[01:08:29] > auvicious added x1 §fPanda Hat in auction for 50000.
[01:08:34] > Zypher_0w0 buy x1 §fPanda Hat to auvicious for $50,000.
[01:08:38] > Zypher_0w0 remove x1 §fPanda Hat from buy
[01:13:24] > Panda_Nooba added x1 §x§F§F§5§5§0§0§lsᴇʟʟᴡᴀɴᴅ §6- 5.0x in auction for 350000.
[01:13:36] > Panda_Nooba added x1 §f§l§8B§x§6§6§6§6§6§6a§x§7§7§7§7§7§7h§x§8§8§8§8§8§8a§x§9§9§9§9§9§9m§7u§x§9§9§9§9§9§9t§x§8§8§8§8§8§8 §x§7§7§7§7§7§7K§x§6§6§6§6§6§6e§8y in auction for 900000.
[01:14:07] > NoClarity added x1 §x§F§F§3§E§0§0§lSellwand Voucher in auction for 800000.
[01:14:14] > Julene added x1 §x§F§F§3§E§0§0§lSellwand Voucher in auction for 500000.
[01:14:18] > Trapers1 buy x1 §x§F§F§3§E§0§0§lSellwand Voucher to Julene for $500,000.
[01:14:25] > Panda_Nooba added x1 §x§5§C§C§F§F§C§lC§x§5§C§D§1§F§5§lo§x§5§D§D§4§E§E§ls§x§5§D§D§6§E§7§lm§x§5§E§D§9§E§1§le§x§5§E§D§B§D§A§lt§x§5§E§D§D§D§3§li§x§5§F§E§0§C§C§lc §x§5§F§E§0§C§C§lH§x§5§E§D§D§D§3§la§x§5§E§D§B§D§A§lt§x§5§E§D§9§E§1§ls §x§5§D§D§4§E§E§lK§x§5§C§D§1§F§5§le§x§5§C§C§F§F§C§ly in auction for 40000.
[01:14:27] > Trapers1 remove x1 §x§F§F§3§E§0§0§lSellwand Voucher form buy
[01:14:30] > Julene added x1 §x§F§F§3§E§0§0§lSellwand Voucher in auction for 500000.
[01:14:46] > Trapers1 added x1 §x§F§F§5§5§0§0§lsᴇʟʟᴡᴀɴᴅ §6- 5.0x in auction for 380000.
[01:14:52] > auvicious buy x1 §x§F§F§3§E§0§0§lSellwand Voucher to Julene for $500,000.
[01:14:56] > auvicious remove x1 §x§F§F§3§E§0§0§lSellwand Voucher form buy
[01:15:11] > auvicious added x1 §x§F§F§5§5§0§0§lsᴇʟʟᴡᴀɴᴅ §6- 5.0x in auction for 500000.
[01:15:22] > Antonie657 added x1 §x§F§F§5§5§0§0§lsᴇʟʟᴡᴀɴᴅ §6- 5.0x in auction for 500000.
[01:15:28] > nachfaust remove x1 §f§l§8B§x§6§2§6§2§6§2a§x§6§F§6§F§6§Fh§x§7§C§7§C§7§Ca§x§8§9§8§9§8§9m§x§9§6§9§6§9§6u§x§A§3§A§3§A§3t §x§9§6§9§6§9§6S§x§8§9§8§9§8§9h§x§7§C§7§C§7§Co§x§6§F§6§F§6§Fv§x§6§2§6§2§6§2e§8l from storage
[01:15:28] > Julene added x1 §f§l§x§F§C§D§0§5§CW§x§F§B§B§0§4§Eu§x§F§9§9§0§4§0k§x§F§8§7§0§3§2o§x§F§6§5§0§2§3n§x§F§5§3§0§1§5g§x§F§4§1§0§0§7 H§x§F§5§3§0§1§5a§x§F§6§5§0§2§3l§x§F§8§7§0§3§2b§x§F§9§9§0§4§0e§x§F§B§B§0§4§Er§x§F§C§D§0§5§Cd in auction for 1000000.
[01:15:32] > Trapers1 remove x31 Netherite upgrade smithing template form storage
[01:15:32] > Trapers1 remove x1 §x§F§F§5§5§0§0§lsᴇʟʟᴡᴀɴᴅ §6- 5.0x form storage
[01:15:33] > Antonie657 added x1 §x§F§F§5§5§0§0§lsᴇʟʟᴡᴀɴᴅ §6- 5.0x in auction for 500000.
[01:15:39] > Trapers1 added x1 §x§F§F§5§5§0§0§lsᴇʟʟᴡᴀɴᴅ §6- 5.0x in auction for 380000.
[01:15:47] > nachfaust added x1 §f§l§8B§x§6§2§6§2§6§2a§x§6§F§6§F§6§Fh§x§7§C§7§C§7§Ca§x§8§9§8§9§8§9m§x§9§6§9§6§9§6u§x§A§3§A§3§A§3t §x§9§6§9§6§9§6S§x§8§9§8§9§8§9h§x§7§C§7§C§7§Co§x§6§F§6§F§6§Fv§x§6§2§6§2§6§2e§8l in auction for 400000.
[01:16:03] > auvicious buy x1 §x§F§F§5§5§0§0§lsᴇʟʟᴡᴀɴᴅ §6- 5.0x to Panda_Nooba for $350,000.
[01:16:04] > Panda_Nooba added x1 §fZombie Villager Plushie §6(#100/101) in auction for 5000.
[01:16:05] > Trapers1 added x1 §x§5§9§A§1§D§9§lA§x§7§5§B§1§D§Fr§x§9§0§C§0§E§6c§x§A§C§D§0§E§Ch§x§C§8§E§0§F§2a§x§E§3§E§F§F§9n§fg§x§E§3§E§F§F§9e§x§C§8§E§0§F§2l §x§9§0§C§0§E§6H§x§7§5§B§1§D§Fo§x§5§9§A§1§D§9e in auction for 500000.
[01:16:07] > auvicious remove x1 §x§F§F§5§5§0§0§lsᴇʟʟᴡᴀɴᴅ §6- 5.0x form buy
[01:16:10] > Antonie657 buy x1 §fZombie Villager Plushie §6(#100/101) to Panda_Nooba for $5,000.
[01:16:13] > auvicious remove x1 §f§l§8B§x§6§4§6§4§6§4a§x§7§4§7§4§7§4h§x§8§3§8§3§8§3a§x§9§3§9§3§9§3m§x§A§2§A§2§A§2ut§x§9§3§9§3§9§3 §x§8§3§8§3§8§3C§x§7§4§7§4§7§4l§x§6§4§6§4§6§4u§8b from storage
[01:16:19] > nachfaust added x5 §x§F§C§9§0§5§C§lE§x§E§6§9§C§6§B§lp§x§C§F§A§7§7§A§li§x§B§9§B§3§8§9§lc §x§8§C§C§B§A§7§lC§x§7§5§D§6§B§6§lr§x§5§F§E§2§C§5§la§x§7§9§D§4§B§4§lt§x§9§3§C§7§A§2§le §x§C§8§A§B§7§F§lK§x§E§2§9§E§6§E§le§x§F§C§9§0§5§C§ly in auction for 200000.
[01:16:19] > Panda_Nooba added x1 §fRabbit Plushie (Gold) §6(#72/101) in auction for 5000.
[01:16:22] > auvicious added x1 §x§F§F§5§5§0§0§lsᴇʟʟᴡᴀɴᴅ §6- 5.0x in auction for 500000.
[01:16:24] > Takeremu buy x1 §fRabbit Plushie (Gold) §6(#72/101) to Panda_Nooba for $5,000.
[01:16:26] > xcapan buy x5 §x§F§C§9§0§5§C§lE§x§E§6§9§C§6§B§lp§x§C§F§A§7§7§A§li§x§B§9§B§3§8§9§lc §x§8§C§C§B§A§7§lC§x§7§5§D§6§B§6§lr§x§5§F§E§2§C§5§la§x§7§9§D§4§B§4§lt§x§9§3§C§7§A§2§le §x§C§8§A§B§7§F§lK§x§E§2§9§E§6§E§le§x§F§C§9§0§5§C§ly to nachfaust for $200,000.
[01:16:27] > NoClarity buy x1 Enchanted golden apple to Julene for $25,000.
[01:16:29] > Panda_Nooba added x1 §fSlime Plushie §6(#81/101) in auction for 5000.
[01:16:32] > NoClarity remove x1 Enchanted golden apple form buy
[01:16:32] > Trapers1 remove x1 §x§5§9§A§1§D§9§lA§x§7§5§B§1§D§Fr§x§9§0§C§0§E§6c§x§A§C§D§0§E§Ch§x§C§8§E§0§F§2a§x§E§3§E§F§F§9n§fg§x§E§3§E§F§F§9e§x§C§8§E§0§F§2l §x§9§0§C§0§E§6H§x§7§5§B§1§D§Fo§x§5§9§A§1§D§9e form storage
[01:16:32] > Trapers1 remove x1 §x§F§F§5§5§0§0§lsᴇʟʟᴡᴀɴᴅ §6- 5.0x form storage
[01:16:32] > nachfaust added x15 §x§F§C§D§0§5§C§lB§x§E§6§D§3§6§B§la§x§C§F§D§5§7§A§ls§x§B§9§D§8§8§9§li§x§A§2§D§A§9§8§lc §x§7§5§D§F§B§6§lC§x§5§F§E§2§C§5§lr§x§7§5§D§F§B§6§la§x§8§C§D§D§A§7§lt§x§A§2§D§A§9§8§le §x§C§F§D§5§7§A§lK§x§E§6§D§3§6§B§le§x§F§C§D§0§5§C§ly in auction for 150000.
[01:16:34] > Antonie657 buy x1 §fSlime Plushie §6(#81/101) to Panda_Nooba for $5,000.
[01:16:39] > Panda_Nooba added x1 §fAllay Plushie §6(#1/101) in auction for 5000.
[01:16:39] > xcapan buy x15 §x§F§C§D§0§5§C§lB§x§E§6§D§3§6§B§la§x§C§F§D§5§7§A§ls§x§B§9§D§8§8§9§li§x§A§2§D§A§9§8§lc §x§7§5§D§F§B§6§lC§x§5§F§E§2§C§5§lr§x§7§5§D§F§B§6§la§x§8§C§D§D§A§7§lt§x§A§2§D§A§9§8§le §x§C§F§D§5§7§A§lK§x§E§6§D§3§6§B§le§x§F§C§D§0§5§C§ly to nachfaust for $150,000.
[01:16:41] > Trapers1 added x1 §x§F§F§5§5§0§0§lsᴇʟʟᴡᴀɴᴅ §6- 5.0x in auction for 400000.
[01:16:42] > Antonie657 buy x1 §fAllay Plushie §6(#1/101) to Panda_Nooba for $5,000.
[01:16:45] > xcapan remove x15 §x§F§C§D§0§5§C§lB§x§E§6§D§3§6§B§la§x§C§F§D§5§7§A§ls§x§B§9§D§8§8§9§li§x§A§2§D§A§9§8§lc §x§7§5§D§F§B§6§lC§x§5§F§E§2§C§5§lr§x§7§5§D§F§B§6§la§x§8§C§D§D§A§7§lt§x§A§2§D§A§9§8§le §x§C§F§D§5§7§A§lK§x§E§6§D§3§6§B§le§x§F§C§D§0§5§C§ly from buy
[01:16:45] > xcapan remove x5 §x§F§C§9§0§5§C§lE§x§E§6§9§C§6§B§lp§x§C§F§A§7§7§A§li§x§B§9§B§3§8§9§lc §x§8§C§C§B§A§7§lC§x§7§5§D§6§B§6§lr§x§5§F§E§2§C§5§la§x§7§9§D§4§B§4§lt§x§9§3§C§7§A§2§le §x§C§8§A§B§7§F§lK§x§E§2§9§E§6§E§le§x§F§C§9§0§5§C§ly from buy
[01:16:56] > Panda_Nooba remove x1 §x§5§C§C§F§F§C§lC§x§5§C§D§1§F§5§lo§x§5§D§D§4§E§E§ls§x§5§D§D§6§E§7§lm§x§5§E§D§9§E§1§le§x§5§E§D§B§D§A§lt§x§5§E§D§D§D§3§li§x§5§F§E§0§C§C§lc §x§5§F§E§0§C§C§lH§x§5§E§D§D§D§3§la§x§5§E§D§B§D§A§lt§x§5§E§D§9§E§1§ls §x§5§D§D§4§E§E§lK§x§5§C§D§1§F§5§le§x§5§C§C§F§F§C§ly from storage
[01:16:57] > Julene added x1 §f§l§x§F§C§D§0§5§CW§x§F§B§B§D§5§4u§x§F§A§A§A§4§Bk§x§F§A§9§7§4§3o§x§F§9§8§4§3§Bn§x§F§8§7§1§3§2g§x§F§7§5§F§2§A §x§F§6§4§C§2§1B§x§F§5§3§9§1§9o§x§F§5§2§6§1§1o§x§F§4§1§3§0§8t§x§F§3§0§0§0§0s in auction for 1100000.
[01:16:57] > Panda_Nooba remove x1 §f§l§8B§x§6§6§6§6§6§6a§x§7§7§7§7§7§7h§x§8§8§8§8§8§8a§x§9§9§9§9§9§9m§7u§x§9§9§9§9§9§9t§x§8§8§8§8§8§8 §x§7§7§7§7§7§7K§x§6§6§6§6§6§6e§8y from storage
[01:17:09] > Panda_Nooba added x1 §f§l§8B§x§6§6§6§6§6§6a§x§7§7§7§7§7§7h§x§8§8§8§8§8§8a§x§9§9§9§9§9§9m§7u§x§9§9§9§9§9§9t§x§8§8§8§8§8§8 §x§7§7§7§7§7§7K§x§6§6§6§6§6§6e§8y in auction for 500000.
[01:17:20] > Julene remove x1 Enchanted golden apple from storage
[01:17:20] > Panda_Nooba added x1 §x§5§C§C§F§F§C§lC§x§5§C§D§1§F§5§lo§x§5§D§D§4§E§E§ls§x§5§D§D§6§E§7§lm§x§5§E§D§9§E§1§le§x§5§E§D§B§D§A§lt§x§5§E§D§D§D§3§li§x§5§F§E§0§C§C§lc §x§5§F§E§0§C§C§lH§x§5§E§D§D§D§3§la§x§5§E§D§B§D§A§lt§x§5§E§D§9§E§1§ls §x§5§D§D§4§E§E§lK§x§5§C§D§1§F§5§le§x§5§C§C§F§F§C§ly in auction for 15000.
[01:17:28] > Julene remove x1 Shield from storage
[01:17:37] > nachfaust added x64 Gold block in auction for 50000.
[01:17:39] > Julene added x1 §f§l§x§F§C§D§0§5§CW§x§F§B§C§3§5§6u§x§F§B§B§6§5§1k§x§F§A§A§9§4§Bo§x§F§A§9§C§4§5n§x§F§9§8§F§3§Fg§x§F§9§8§2§3§A §x§F§8§7§5§3§4C§x§F§8§6§8§2§Eh§x§F§7§5§B§2§8e§x§F§6§4§E§2§3s§x§F§6§4§1§1§Dt§x§F§5§3§4§1§7p§x§F§5§2§7§1§1l§x§F§4§1§A§0§Ca§x§F§4§0§D§0§6t§x§F§3§0§0§0§0e in auction for 1300000.
[01:17:44] > Antonie657 buy x64 Gold block to nachfaust for $50,000.
[01:17:51] > Antonie657 buy x1 §x§5§C§C§F§F§C§lC§x§5§C§D§1§F§5§lo§x§5§D§D§4§E§E§ls§x§5§D§D§6§E§7§lm§x§5§E§D§9§E§1§le§x§5§E§D§B§D§A§lt§x§5§E§D§D§D§3§li§x§5§F§E§0§C§C§lc §x§5§F§E§0§C§C§lH§x§5§E§D§D§D§3§la§x§5§E§D§B§D§A§lt§x§5§E§D§9§E§1§ls §x§5§D§D§4§E§E§lK§x§5§C§D§1§F§5§le§x§5§C§C§F§F§C§ly to Panda_Nooba for $15,000.
[01:17:52] > Julene added x1 §f§l§x§F§C§D§0§5§CW§x§F§B§C§1§5§5u§x§F§B§B§2§4§Fk§x§F§A§A§3§4§8o§x§F§9§9§5§4§2n§x§F§9§8§6§3§Bg§x§F§8§7§7§3§5 §x§F§8§6§8§2§EL§x§F§7§5§9§2§7e§x§F§6§4§A§2§1g§x§F§6§3§B§1§Ag§x§F§5§2§D§1§4i§x§F§4§1§E§0§Dn§x§F§4§0§F§0§7g§x§F§3§0§0§0§0s in auction for 1200000.
[01:18:00] > Antonie657 remove x1 §x§5§C§C§F§F§C§lC§x§5§C§D§1§F§5§lo§x§5§D§D§4§E§E§ls§x§5§D§D§6§E§7§lm§x§5§E§D§9§E§1§le§x§5§E§D§B§D§A§lt§x§5§E§D§D§D§3§li§x§5§F§E§0§C§C§lc §x§5§F§E§0§C§C§lH§x§5§E§D§D§D§3§la§x§5§E§D§B§D§A§lt§x§5§E§D§9§E§1§ls §x§5§D§D§4§E§E§lK§x§5§C§D§1§F§5§le§x§5§C§C§F§F§C§ly from buy
[01:18:00] > Antonie657 remove x64 Gold block from buy
[01:18:01] > Antonie657 remove x1 §fAllay Plushie §6(#1/101) from buy
[01:18:01] > Antonie657 remove x1 §fSlime Plushie §6(#81/101) from buy
[01:18:01] > Antonie657 remove x1 §fZombie Villager Plushie §6(#100/101) from buy
[01:18:25] > nachfaust added x1 Guster banner pattern in auction for 20000.
[01:18:43] > nachfaust added x1 Enchanted book in auction for 25000.
[01:20:00] > Zypher_0w0 added x1 §x§E§4§3§A§9§6§lW§x§E§7§5§3§A§3§lI§x§E§B§6§B§B§0§lN§x§E§E§8§4§B§D§lG§x§F§2§9§D§C§B§lS §x§F§8§C§E§E§5§lO§x§F§C§E§6§F§2§lF §x§F§C§E§6§F§2§lE§x§F§8§C§E§E§5§lT§x§F§5§B§5§D§8§lE§x§F§2§9§D§C§B§lR§x§E§E§8§4§B§D§lN§x§E§B§6§B§B§0§lI§x§E§7§5§3§A§3§lT§x§E§4§3§A§9§6§lY in auction for 10000000.
[01:21:28] > nachfaust remove x1 Guster banner pattern from storage
[01:21:36] > nachfaust added x1 shulker of wind charge in auction for 2000000.
[01:21:42] > NoClarity remove x1 §x§F§F§3§E§0§0§lSellwand Voucher from storage
[01:21:49] > NoClarity added x1 §x§F§F§3§E§0§0§lSellwand Voucher in auction for 750000.
[01:24:42] > tic_sz added x1 Leather boots in auction for 10.
[01:25:41] > nachfaust remove x1 Enchanted book from storage
[01:25:43] > nachfaust remove x1 §fAdventure Hat from storage
[01:25:52] > nachfaust added x64 Firework rocket in auction for 50000.
[01:26:08] > nachfaust added x64 Firework rocket in auction for 50000.
[01:28:29] > Panda_Nooba remove x1 §f§l§8B§x§6§2§6§2§6§2a§x§6§F§6§F§6§Fh§x§7§C§7§C§7§Ca§x§8§9§8§9§8§9m§x§9§6§9§6§9§6u§x§A§3§A§3§A§3t §x§9§6§9§6§9§6S§x§8§9§8§9§8§9h§x§7§C§7§C§7§Ci§x§6§F§6§F§6§Fe§x§6§2§6§2§6§2l§8d from storage
[01:28:30] > Panda_Nooba remove x1 §f§l§8B§x§6§6§6§6§6§6a§x§7§7§7§7§7§7h§x§8§8§8§8§8§8a§x§9§9§9§9§9§9m§7u§x§9§9§9§9§9§9t§x§8§8§8§8§8§8 §x§7§7§7§7§7§7K§x§6§6§6§6§6§6e§8y from storage
[01:34:50] > ZenNova_ buy x1 Dune armor trim smithing template to .JakeTheMiner457 for $60,000.
[01:35:01] > ZenNova_ remove x1 Dune armor trim smithing template from buy
[01:35:06] > Panda_Nooba buy x1 §x§E§5§1§B§1§B§lDracula Bow to aznaaa for $50,000.
[01:35:37] > Panda_Nooba buy x1 Enchanted book to NastyPepperoni for $3,000.
[01:37:55] > Zypher_0w0 added x64 Firework rocket in auction for 2240.
[01:38:03] > tic_sz buy x64 Firework rocket to Zypher_0w0 for $2,240.
[01:38:11] > tic_sz remove x64 Firework rocket from buy
[01:38:21] > tic_sz added x64 Firework rocket in auction for 5000.
[01:38:54] > Panda_Nooba remove x1 §x§E§5§1§B§1§B§lDracula Bow from buy
[01:38:55] > Panda_Nooba remove x1 Enchanted book from buy
[01:40:11] > tic_sz remove x64 Firework rocket from storage
[01:46:42] > Zypher_0w0 added x64 Firework rocket in auction for 1088.
[01:46:55] > Zypher_0w0 added x64 Firework rocket in auction for 1088.
[01:47:13] > Zypher_0w0 added x64 Firework rocket in auction for 1088.
[01:50:11] > NoClarity buy x1 Leather boots to tic_sz for $10.
[01:50:16] > NoClarity remove x1 Leather boots form buy
[02:02:30] > Takeremu added x9 Name tag in auction for 90000.
[02:16:26] > Zypher_0w0 buy x1 Beacon to Antonie657 for $99,000.
[02:16:31] > x1 §x§F§F§5§5§0§0§lsᴇʟʟᴡᴀɴᴅ §6- 5.0x, bought by dat_boi, has just expired, the item is definitively deleted.
[02:16:31] > x1 §x§F§F§5§5§0§0§lsᴇʟʟᴡᴀɴᴅ §6- 5.0x, bought by dat_boi, has just expired, the item is definitively deleted.
[02:16:32] > Zypher_0w0 remove x1 Beacon from buy
[02:16:36] > Zypher_0w0 added x1 Beacon in auction for 10.
[02:16:41] > Takeremu buy x1 Beacon to Zypher_0w0 for $10.
[02:17:05] > Panda_Nooba buy x64 Firework rocket to Zypher_0w0 for $1,088.
[02:17:07] > Panda_Nooba buy x64 Firework rocket to Zypher_0w0 for $1,088.
[02:17:10] > Panda_Nooba buy x64 Firework rocket to Zypher_0w0 for $1,088.
[02:17:21] > Panda_Nooba remove x64 Firework rocket from buy
[02:17:21] > Panda_Nooba remove x64 Firework rocket from buy
[02:17:22] > Panda_Nooba remove x64 Firework rocket from buy
[02:18:37] > Zypher_0w0 added x1 Saddle in auction for 10.
[02:18:42] > Panda_Nooba buy x1 Saddle to Zypher_0w0 for $10.
[02:18:48] > Panda_Nooba remove x1 Saddle from buy
[02:18:50] > Zypher_0w0 added x1 Saddle in auction for 10.
[02:18:54] > tic_sz buy x1 Saddle to Zypher_0w0 for $10.
[02:19:05] > Zypher_0w0 added x1 Saddle in auction for 10.
[02:19:08] > Panda_Nooba buy x1 Saddle to Zypher_0w0 for $10.
[02:19:15] > Panda_Nooba remove x1 Saddle from buy
[02:19:16] > Zypher_0w0 added x1 Saddle in auction for 10.
[02:19:20] > Panda_Nooba buy x1 Saddle to Zypher_0w0 for $10.
[02:19:40] > Panda_Nooba remove x1 Saddle from buy
[02:20:50] > Antonie657 added x1 Beacon in auction for 99000.
[02:20:57] > Zypher_0w0 added x1 10 per saddle, 15 per shulker shell in auction for 300.
[02:24:50] > Zypher_0w0 added x1 Enchanted book in auction for 1500.
[02:24:55] > Panda_Nooba buy x1 Enchanted book to Zypher_0w0 for $1,500.
[02:25:03] > Panda_Nooba remove x1 Enchanted book from buy
[02:25:13] > Antonie657 buy x1 10 per saddle, 15 per shulker shell to Zypher_0w0 for $300.
[02:25:29] > Antonie657 remove x1 10 per saddle, 15 per shulker shell from buy
[02:25:47] > .AppriXD buy x1 Elytra to aznaaa for $3,000,000.
[02:25:53] > .AppriXD remove x1 Elytra from buy
[02:26:48] > Zypher_0w0 remove x1 Enchanted book from storage
[02:26:54] > Zypher_0w0 added x1 Enchanted book in auction for 350000.
[02:34:47] > Zypher_0w0 added x64 Wither skeleton skull in auction for 320000.
[02:35:28] > Antonie657 remove x1 §f§l§8B§x§6§4§6§4§6§4a§x§7§4§7§4§7§4h§x§8§3§8§3§8§3a§x§9§3§9§3§9§3m§x§A§2§A§2§A§2ut§x§9§3§9§3§9§3 §x§8§3§8§3§8§3C§x§7§4§7§4§7§4l§x§6§4§6§4§6§4u§8b from storage
[02:35:35] > Antonie657 remove x1 §f§l§8B§x§6§4§6§4§6§4a§x§7§4§7§4§7§4h§x§8§3§8§3§8§3a§x§9§3§9§3§9§3m§x§A§2§A§2§A§2ut§x§9§3§9§3§9§3 §x§8§3§8§3§8§3C§x§7§4§7§4§7§4l§x§6§4§6§4§6§4u§8b from expire
[02:35:50] > Antonie657 added x1 §f§l§8B§x§6§4§6§4§6§4a§x§7§4§7§4§7§4h§x§8§3§8§3§8§3a§x§9§3§9§3§9§3m§x§A§2§A§2§A§2ut§x§9§3§9§3§9§3 §x§8§3§8§3§8§3C§x§7§4§7§4§7§4l§x§6§4§6§4§6§4u§8b in auction for 409000.
[02:56:14] > M1kasa0 added x1 §x§F§F§5§5§0§0§lsᴇʟʟᴡᴀɴᴅ §6- 5.0x in auction for 650000.
[02:59:04] > Antonie657 remove x1 §x§F§F§5§5§0§0§lsᴇʟʟᴡᴀɴᴅ §6- 5.0x from storage
[02:59:08] > Antonie657 remove x1 §x§F§F§5§5§0§0§lsᴇʟʟᴡᴀɴᴅ §6- 5.0x from storage
[02:59:12] > Antonie657 remove x1 §x§F§F§5§5§0§0§lsᴇʟʟᴡᴀɴᴅ §6- 5.0x from expire
[02:59:13] > Antonie657 remove x1 §x§F§F§5§5§0§0§lsᴇʟʟᴡᴀɴᴅ §6- 5.0x from expire
[02:59:24] > Antonie657 added x1 §x§F§F§5§5§0§0§lsᴇʟʟᴡᴀɴᴅ §6- 5.0x in auction for 350000.
[02:59:42] > Antonie657 added x1 §x§F§F§5§5§0§0§lsᴇʟʟᴡᴀɴᴅ §6- 5.0x in auction for 350000.
[03:04:18] > Ryzxc added x64 Cobblestone in auction for 500.
[03:04:33] > Ryzxc added x64 Cobblestone in auction for 500.
[03:07:03] > Ryzxc added x64 Cobblestone in auction for 100.
[03:07:13] > aroraru added x1 Cake in auction for 363636.
[03:10:20] > Ryzxc added x64 Cobblestone in auction for 100.
[03:12:23] > makaylee added x1 Chest in auction for 99999999999999.
[03:12:30] > makaylee remove x1 Chest from storage
[03:13:31] > magolek_09 remove x1 Netherite block from storage
[03:13:31] > magolek_09 remove x1 Netherite block from storage
[03:13:31] > magolek_09 remove x1 Netherite block from storage
[03:13:32] > magolek_09 remove x1 Netherite block from storage
[03:13:33] > Antonie657 remove x1 §x§F§F§5§5§0§0§lsᴇʟʟᴡᴀɴᴅ §6- 5.0x from storage
[03:13:37] > St4r_ added x1 Diamond chestplate in auction for 16000.
[03:13:38] > Antonie657 remove x1 §x§F§F§5§5§0§0§lsᴇʟʟᴡᴀɴᴅ §6- 5.0x from storage
[03:13:43] > Antonie657 remove x1 §x§F§F§5§5§0§0§lsᴇʟʟᴡᴀɴᴅ §6- 5.0x from expire
[03:13:46] > Antonie657 remove x1 §x§F§F§5§5§0§0§lsᴇʟʟᴡᴀɴᴅ §6- 5.0x from expire
[03:14:01] > Antonie657 added x1 §e§lCrab Scale in auction for 5000.
[03:14:07] > magolek_09 added x4 Netherite block in auction for 2000000.
[03:15:06] > Takeremu buy x1 §e§lCrab Scale to Antonie657 for $5,000.
[03:15:19] > Antonie657 added x1 §9§lCrab Claw in auction for 5000.
[03:15:23] > Takeremu buy x1 §9§lCrab Claw to Antonie657 for $5,000.
[03:15:43] > magolek_09 buy x1 Speed Pots to Zee_ for $60,000.
[03:16:26] > tic_sz added x1 §f§bEnder Dragon Plushie §6(#32/101) in auction for 10000000.
[03:17:44] > Antonie657 added x1 §x§F§F§5§5§0§0§lsᴇʟʟᴡᴀɴᴅ §6- 5.0x in auction for 400000.
[03:18:10] > Antonie657 added x1 §x§F§F§5§5§0§0§lsᴇʟʟᴡᴀɴᴅ §6- 5.0x in auction for 375000.
[03:33:00] > x1 Hats on sale by anneyong has just expired, it goes in the inventory of expired items.
[03:50:06] > tic_sz added x1 Flow armor trim smithing template in auction for 10.
[03:50:13] > Gohan_oNTt buy x1 Flow armor trim smithing template to tic_sz for $10.
[03:51:57] > tic_sz added x3 Netherite upgrade smithing template in auction for 100000.
[03:56:59] > Takeremu remove x1 §fSniffer Plushie §6(#82/101) from buy
[03:57:00] > Takeremu remove x1 §fCat Plushie (White) §6(#23/101) from buy
[03:57:00] > Takeremu remove x1 §fRabbit Plushie (Gold) §6(#72/101) from buy
[03:57:00] > Takeremu remove x1 Beacon from buy
[03:57:00] > Takeremu remove x1 §e§lCrab Scale from buy
[03:57:00] > Takeremu remove x1 §9§lCrab Claw from buy
[04:10:47] > poggibonxi buy x1 Netherite axe to Wemmbuo for $120,000.
[04:12:02] > poggibonxi remove x1 Netherite axe from buy
[04:18:34] > poggibonxi added x1 Enchanted golden apple in auction for 100000.
[05:05:50] > Kokiqi remove x64 Cooked mutton from storage
[05:05:59] > Kokiqi remove x1 §f§l§x§8§A§0§0§F§FS§x§9§9§0§0§D§Bh§x§A§8§0§0§B§6i§x§B§7§0§0§9§2n§x§C§6§0§0§6§De§x§D§5§0§0§4§9 §x§E§4§0§0§2§4O§x§F§3§0§0§0§0n§x§E§4§0§0§2§4i§x§D§5§0§0§4§9 §x§C§6§0§0§6§DS§x§B§7§0§0§9§2p§x§A§8§0§0§B§6e§x§9§9§0§0§D§Ba§x§8§A§0§0§F§Fr from storage
[05:25:30] > mumbowe777 added x1 §x§5§9§A§1§D§9§lA§x§7§5§B§1§D§Fr§x§9§0§C§0§E§6c§x§A§C§D§0§E§Ch§x§C§8§E§0§F§2a§x§E§3§E§F§F§9n§fg§x§E§3§E§F§F§9e§x§C§8§E§0§F§2l §x§9§0§C§0§E§6B§x§7§5§B§1§D§Fo§x§5§9§A§1§D§9w in auction for 1200000.
[05:30:15] > dearestyumeko added x1 Pitcher pod in auction for 200.
[05:31:37] > dearestyumeko added x1 Sniffer egg in auction for 70000.
[05:31:52] > NoClarity buy x1 Sniffer egg to dearestyumeko for $70,000.
[05:51:32] > dearestyumeko added x1 Axolotl bucket in auction for 25000.
[05:52:33] > dearestyumeko added x1 Sniffer egg in auction for 70000.
[06:27:39] > NoClarity added x12 Diamond in auction for 10.
[06:28:02] > NoClarity remove x1 §x§F§F§3§E§0§0§lSellwand Voucher from storage
[06:28:03] > NoClarity remove x1 §f§l§x§F§C§D§0§5§CW§x§F§A§A§A§4§Bu§x§F§9§8§4§3§Bk§x§F§7§5§F§2§Ao§x§F§5§3§9§1§9n§x§F§4§1§3§0§8g §x§F§5§3§9§1§9S§x§F§7§5§F§2§Ap§x§F§9§8§4§3§Be§x§F§A§A§A§4§Ba§x§F§C§D§0§5§Cr from storage
[06:29:26] > .Merigen211987 buy x12 Diamond to NoClarity for $10.
[06:47:26] > ReKYee buy x1 Netherite ingot to Johng10910 for $100,000.
[06:47:32] > ReKYee remove x1 Enchanted book from buy
[06:47:33] > ReKYee remove x1 Netherite ingot from buy
[06:51:55] > qu4sar buy x1 Beacon to Antonie657 for $99,000.
[06:54:48] > qu4sar remove x1 Beacon from buy
[06:58:59] > Mugiwara22 buy x1 Pitcher pod to dearestyumeko for $200.
[06:59:08] > Mugiwara22 remove x1 Pitcher pod from buy
[07:02:37] > dearestyumeko remove x1 Sniffer egg from storage
[07:05:28] > dearestyumeko added x1 Pitcher pod in auction for 200.
[07:07:41] > Mugiwara22 buy x1 Pitcher pod to dearestyumeko for $200.
[07:07:55] > Mugiwara22 remove x1 Pitcher pod from buy
[07:09:51] > dearestyumeko added x1 Pitcher pod in auction for 200.
[07:10:06] > dearestyumeko added x1 Pitcher pod in auction for 200.
[07:36:03] > dearestyumeko buy x2 Netherite ingot to Fogstrap for $200,000.
[07:36:14] > dearestyumeko remove x2 Netherite ingot from buy
[07:42:14] > dearestyumeko buy x4 Netherite block to magolek_09 for $2,000,000.
[07:42:42] > dearestyumeko remove x4 Netherite block from buy
[07:53:54] > FuwaLeaf buy x1 Pitcher pod to dearestyumeko for $200.
[07:53:58] > FuwaLeaf buy x1 Axolotl bucket to dearestyumeko for $25,000.
[07:55:12] > FuwaLeaf buy x1 §x§F§F§5§5§0§0§lsᴇʟʟᴡᴀɴᴅ §6- 5.0x to Antonie657 for $375,000.
[07:55:28] > FuwaLeaf remove x1 §x§F§F§5§5§0§0§lsᴇʟʟᴡᴀɴᴅ §6- 5.0x from buy
[07:55:59] > FuwaLeaf added x1 §x§F§F§5§5§0§0§lsᴇʟʟᴡᴀɴᴅ §6- 5.0x in auction for 400000.
[07:59:00] > FuwaLeaf remove x1 §f§l§8B§x§6§4§6§4§6§4a§x§7§4§7§4§7§4h§x§8§3§8§3§8§3a§x§9§3§9§3§9§3m§x§A§2§A§2§A§2ut§x§9§3§9§3§9§3 §x§8§3§8§3§8§3M§x§7§4§7§4§7§4a§x§6§4§6§4§6§4c§8e from storage
[07:59:20] > FuwaLeaf added x1 §f§l§8B§x§6§4§6§4§6§4a§x§7§4§7§4§7§4h§x§8§3§8§3§8§3a§x§9§3§9§3§9§3m§x§A§2§A§2§A§2ut§x§9§3§9§3§9§3 §x§8§3§8§3§8§3M§x§7§4§7§4§7§4a§x§6§4§6§4§6§4c§8e in auction for 1500000.
[08:59:32] > Mugiwara22 buy x1 Pitcher pod to dearestyumeko for $200.
[08:59:39] > Mugiwara22 remove x1 Pitcher pod from buy
[09:31:23] > HwanYo added x64 Experience bottle in auction for 90000.
[09:31:33] > HwanYo added x64 Experience bottle in auction for 90000.
[09:34:09] > HwanYo buy x1 §x§F§F§5§5§0§0§lsᴇʟʟᴡᴀɴᴅ §6- 10.0x to 8it5inn for $1,260,670.
[09:54:47] > RottenRael added x4 Silence armor trim smithing template in auction for 300000.
[10:01:43] > x1 §f§l§8B§x§5§E§5§E§5§Ea§x§6§8§6§8§6§8h§x§7§1§7§1§7§1a§x§7§B§7§B§7§Bm§x§8§4§8§4§8§4u§x§8§E§8§E§8§Et§x§9§7§9§7§9§7 §x§A§1§A§1§A§1F§7i§x§A§1§A§1§A§1s§x§9§7§9§7§9§7h§x§8§E§8§E§8§Ei§x§8§4§8§4§8§4n§x§7§B§7§B§7§Bg§x§7§1§7§1§7§1 §x§6§8§6§8§6§8R§x§5§E§5§E§5§Eo§8d on sale by monggol has just expired, it goes in the inventory of expired items.
[10:01:43] > x1 §f§l§8B§x§6§2§6§2§6§2a§x§6§F§6§F§6§Fh§x§7§C§7§C§7§Ca§x§8§9§8§9§8§9m§x§9§6§9§6§9§6u§x§A§3§A§3§A§3t §x§9§6§9§6§9§6S§x§8§9§8§9§8§9h§x§7§C§7§C§7§Co§x§6§F§6§F§6§Fv§x§6§2§6§2§6§2e§8l on sale by topaz has just expired, it goes in the inventory of expired items.
[10:01:43] > x1 §f§l§8B§x§6§3§6§3§6§3a§x§7§1§7§1§7§1h§x§8§0§8§0§8§0a§x§8§E§8§E§8§Em§x§9§C§9§C§9§Cu§7t§x§9§C§9§C§9§C §x§8§E§8§E§8§ES§x§8§0§8§0§8§0t§x§7§1§7§1§7§1a§x§6§3§6§3§6§3f§8f on sale by Malachkite has just expired, it goes in the inventory of expired items.
[10:01:43] > x1 §x§F§F§7§C§0§0§lSteamsparks Halberd on sale by Uratakiz has just expired, it goes in the inventory of expired items.
[10:05:21] > scarlettti added x1 §x§F§F§3§E§0§0§lSellwand Voucher in auction for 1500000.
[10:07:01] > scarlettti remove x1 §x§F§F§3§E§0§0§lSellwand Voucher from storage
[10:07:07] > bedrock_enjoy3r added x1 §x§F§F§5§5§0§0§lsᴇʟʟᴡᴀɴᴅ §6- 20.0x in auction for 4500000.
[10:07:15] > scarlettti added x1 §x§F§F§3§E§0§0§lSellwand Voucher in auction for 900000.
[10:07:22] > HwanYo buy x1 §x§F§F§3§E§0§0§lSellwand Voucher to scarlettti for $900,000.
[10:09:50] > HwanYo remove x1 §x§F§F§3§E§0§0§lSellwand Voucher from buy
[10:11:11] > nebula12321 added x1 §x§F§F§3§E§0§0§lSellwand Voucher in auction for 900000.
[10:11:13] > HwanYo buy x1 §x§F§F§3§E§0§0§lSellwand Voucher to nebula12321 for $900,000.
[10:11:20] > HwanYo remove x1 §x§F§F§3§E§0§0§lSellwand Voucher from buy
[10:15:28] > NoClarity added x1 §x§F§F§3§E§0§0§lSellwand Voucher in auction for 800000.
[10:15:32] > HwanYo buy x1 §x§F§F§3§E§0§0§lSellwand Voucher to NoClarity for $800,000.
[10:16:07] > NoClarity added x1 §f§l§x§F§C§D§0§5§CW§x§F§A§A§A§4§Bu§x§F§9§8§4§3§Bk§x§F§7§5§F§2§Ao§x§F§5§3§9§1§9n§x§F§4§1§3§0§8g §x§F§5§3§9§1§9S§x§F§7§5§F§2§Ap§x§F§9§8§4§3§Be§x§F§A§A§A§4§Ba§x§F§C§D§0§5§Cr in auction for 400000.
[10:18:33] > Celeste01 buy x1 §x§F§F§5§5§0§0§lsᴇʟʟᴡᴀɴᴅ §6- 5.0x to Antonie657 for $400,000.
[10:19:04] > Celeste01 remove x1 §x§F§F§5§5§0§0§lsᴇʟʟᴡᴀɴᴅ §6- 5.0x form buy
[10:19:15] > .Zero_Yatsu remove x1 §x§F§F§3§E§0§0§lSellwand Voucher from storage
[10:22:34] > HwanYo remove x1 §x§F§F§3§E§0§0§lSellwand Voucher from buy
[10:24:57] > Mugiwara22 added x1 §x§F§F§3§E§0§0§lSellwand Voucher in auction for 1600000.
[10:52:57] > RalphIsHere_ added x1 §x§F§F§3§E§0§0§lSellwand Voucher in auction for 1000000.
[10:57:21] > Luruca remove x1 §fShogun Flag Backpack from buy
[11:08:24] > RalphIsHere_ remove x1 §x§F§F§3§E§0§0§lSellwand Voucher from storage
[11:11:52] > ThatMidnight buy x1 §x§3§4§9§8§D§Bᴡᴀʀᴅᴇɴ ꜱᴘᴀᴡɴᴇʀ to Fogstrap for $1,200,000.
[11:11:58] > ThatMidnight remove x1 §x§3§4§9§8§D§Bᴡᴀʀᴅᴇɴ ꜱᴘᴀᴡɴᴇʀ from buy
[11:12:05] > nachfaust buy x4 Silence armor trim smithing template to RottenRael for $300,000.
[11:16:21] > nachfaust remove x4 Silence armor trim smithing template form buy
[11:16:21] > nachfaust remove x1 Silence armor trim smithing template form buy
[11:18:22] > nachfaust remove x64 Firework rocket from storage
[11:18:31] > nachfaust added x4 Silence armor trim smithing template in auction for 350000.
[11:23:52] > RottenRael added x1 Sniffer egg in auction for 800000.
[11:38:04] > ravencabansay remove x1 Shulker box from storage
[11:38:59] > x64 Cooked beef, bought by Rain_Reinn, has just expired, the item is definitively deleted.
[11:38:59] > x64 Cooked beef, bought by Rain_Reinn, has just expired, the item is definitively deleted.
[11:38:59] > x64 Cooked beef, bought by Rain_Reinn, has just expired, the item is definitively deleted.
[11:39:03] > HwanYo remove x1 §x§F§F§5§5§0§0§lsᴇʟʟᴡᴀɴᴅ §6- 10.0x from buy
[11:44:10] > ry9191 added x1 §x§F§F§5§5§0§0§lsᴇʟʟᴡᴀɴᴅ §6- 5.0x in auction for 300000.
[11:44:18] > Fogstrap buy x1 §x§F§F§5§5§0§0§lsᴇʟʟᴡᴀɴᴅ §6- 5.0x to ry9191 for $300,000.
[11:44:33] > ry9191 added x1 §x§F§F§5§5§0§0§lsᴇʟʟᴡᴀɴᴅ §6- 5.0x in auction for 330000.
[11:44:37] > Fogstrap buy x1 §x§F§F§5§5§0§0§lsᴇʟʟᴡᴀɴᴅ §6- 5.0x to ry9191 for $330,000.
[11:46:59] > ry9191 added x1 §x§F§F§5§5§0§0§lsᴇʟʟᴡᴀɴᴅ §6- 5.0x in auction for 350000.
[11:48:07] > ry9191 remove x1 §x§F§F§5§5§0§0§lsᴇʟʟᴡᴀɴᴅ §6- 5.0x form storage
[11:48:20] > ry9191 added x1 §x§F§F§5§5§0§0§lsᴇʟʟᴡᴀɴᴅ §6- 5.0x in auction for 300000.
[11:48:25] > Fogstrap buy x1 §x§F§F§5§5§0§0§lsᴇʟʟᴡᴀɴᴅ §6- 5.0x to ry9191 for $300,000.