
[03:40:41] > x1 Beacon on sale by Rahdoon has just expired, it goes in the inventory of expired items.
[03:40:41] > x2 Beacon on sale by melgrsy has just expired, it goes in the inventory of expired items.
[05:32:08] > x1 §x§6§0§0§0§F§F§lɢᴏᴅʟʏ ɪᴛᴇᴍ on sale by Rahdoon has just expired, it goes in the inventory of expired items.
[05:33:45] > Pedroo80 added x1 Shulker box in auction for 10000000.
[05:33:55] > Pedroo80 remove x1 Shulker box from storage
[05:34:21] > Pedroo80 added x7 String in auction for 100.
[05:34:29] > Pedroo80 remove x7 String from storage
[06:20:43] > Kwienn remove x1 §eᴡɪᴛʜᴇʀ ꜱᴋᴇʟᴇᴛᴏɴ ꜱᴘᴀᴡɴᴇʀ from storage
[08:18:29] > Kininho_ added x1 Golden boots in auction for 10000.
[08:18:34] > Raylii buy x1 Golden boots to Kininho_ for $10 000.
[08:26:55] > Padjibarr added x1 §x§5§9§A§1§D§9§lA§x§7§5§B§1§D§Fr§x§9§0§C§0§E§6c§x§A§C§D§0§E§Ch§x§C§8§E§0§F§2a§x§E§3§E§F§F§9n§fg§x§E§3§E§F§F§9e§x§C§8§E§0§F§2l §x§9§0§C§0§E§6H§x§7§5§B§1§D§Fo§x§5§9§A§1§D§9e in auction for 600000.
[09:43:43] > namerikangel added x1 §x§D§3§C§9§E§2§lʙᴀꜱɪᴄ ɪᴛᴇᴍ in auction for 10.
[10:14:33] > celinesanrio added x1 §x§F§F§3§E§0§0§lD§x§F§F§3§7§0§0§le§x§F§F§3§0§0§0§lm§x§F§F§2§9§0§0§lo§x§F§F§2§2§0§0§ln §x§F§F§1§5§0§0§lL§x§F§F§0§E§0§0§lo§x§F§F§0§7§0§0§lr§x§F§F§0§0§0§0§ld §x§F§F§0§E§0§0§lC§x§F§F§1§5§0§0§lr§x§F§F§1§C§0§0§lo§x§F§F§2§2§0§0§ls§x§F§F§2§9§0§0§ls§x§F§F§3§0§0§0§lb§x§F§F§3§7§0§0§lo§x§F§F§3§E§0§0§lw in auction for 50000.
[10:14:40] > celinesanrio added x1 §x§F§F§3§E§0§0§lD§x§F§F§3§7§0§0§le§x§F§F§3§0§0§0§lm§x§F§F§2§9§0§0§lo§x§F§F§2§2§0§0§ln §x§F§F§1§5§0§0§lL§x§F§F§0§E§0§0§lo§x§F§F§0§7§0§0§lr§x§F§F§0§0§0§0§ld §x§F§F§0§E§0§0§lC§x§F§F§1§5§0§0§lr§x§F§F§1§C§0§0§lo§x§F§F§2§2§0§0§ls§x§F§F§2§9§0§0§ls§x§F§F§3§0§0§0§lb§x§F§F§3§7§0§0§lo§x§F§F§3§E§0§0§lw in auction for 50000.
[10:14:53] > Kininho_ buy x1 §x§F§F§3§E§0§0§lD§x§F§F§3§7§0§0§le§x§F§F§3§0§0§0§lm§x§F§F§2§9§0§0§lo§x§F§F§2§2§0§0§ln §x§F§F§1§5§0§0§lL§x§F§F§0§E§0§0§lo§x§F§F§0§7§0§0§lr§x§F§F§0§0§0§0§ld §x§F§F§0§E§0§0§lC§x§F§F§1§5§0§0§lr§x§F§F§1§C§0§0§lo§x§F§F§2§2§0§0§ls§x§F§F§2§9§0§0§ls§x§F§F§3§0§0§0§lb§x§F§F§3§7§0§0§lo§x§F§F§3§E§0§0§lw to celinesanrio for $50 000.
[10:15:05] > Kininho_ buy x1 §x§F§F§3§E§0§0§lD§x§F§F§3§7§0§0§le§x§F§F§3§0§0§0§lm§x§F§F§2§9§0§0§lo§x§F§F§2§2§0§0§ln §x§F§F§1§5§0§0§lL§x§F§F§0§E§0§0§lo§x§F§F§0§7§0§0§lr§x§F§F§0§0§0§0§ld §x§F§F§0§E§0§0§lC§x§F§F§1§5§0§0§lr§x§F§F§1§C§0§0§lo§x§F§F§2§2§0§0§ls§x§F§F§2§9§0§0§ls§x§F§F§3§0§0§0§lb§x§F§F§3§7§0§0§lo§x§F§F§3§E§0§0§lw to celinesanrio for $50 000.
[10:15:20] > Kininho_ buy x1 §x§D§3§C§9§E§2§lʙᴀꜱɪᴄ ɪᴛᴇᴍ to namerikangel for $10.
[10:15:45] > celinesanrio added x1 §x§F§F§3§E§0§0§lD§x§F§F§3§7§0§0§le§x§F§F§3§0§0§0§lm§x§F§F§2§9§0§0§lo§x§F§F§2§2§0§0§ln §x§F§F§1§5§0§0§lL§x§F§F§0§E§0§0§lo§x§F§F§0§7§0§0§lr§x§F§F§0§0§0§0§ld §x§F§F§0§E§0§0§lC§x§F§F§1§5§0§0§lr§x§F§F§1§C§0§0§lo§x§F§F§2§2§0§0§ls§x§F§F§2§9§0§0§ls§x§F§F§3§0§0§0§lb§x§F§F§3§7§0§0§lo§x§F§F§3§E§0§0§lw in auction for 50000.
[10:15:59] > celinesanrio added x1 §fShogun Shield in auction for 10000.
[10:17:54] > celinesanrio remove x1 §x§F§F§5§5§0§0§lsᴇʟʟᴡᴀɴᴅ §6- 20.0 from storage
[10:17:54] > celinesanrio remove x1 §x§F§F§5§5§0§0§lsᴇʟʟᴡᴀɴᴅ §6- 5.0 from storage
[10:17:55] > celinesanrio remove x1 §x§F§F§5§5§0§0§lsᴇʟʟᴡᴀɴᴅ §6- 5.0 from storage
[10:17:59] > celinesanrio added x50 Emerald in auction for 34700.
[10:18:15] > Lchristian buy x50 Emerald to celinesanrio for $34 700.
[10:18:57] > celinesanrio added x64 Golden apple in auction for 64000.
[10:19:09] > celinesanrio added x1 §x§F§F§3§E§0§0§lD§x§F§F§3§6§0§0§le§x§F§F§2§F§0§0§lm§x§F§F§2§7§0§0§lo§x§F§F§1§F§0§0§ln §x§F§F§1§0§0§0§lL§x§F§F§0§8§0§0§lo§x§F§F§0§0§0§0§lr§x§F§F§0§8§0§0§ld §x§F§F§1§7§0§0§lH§x§F§F§1§F§0§0§le§x§F§F§2§7§0§0§ll§x§F§F§2§F§0§0§lm§x§F§F§3§6§0§0§le§x§F§F§3§E§0§0§lt in auction for 250000.
[10:19:25] > celinesanrio added x1 §x§F§F§3§E§0§0§lD§x§F§F§3§6§0§0§le§x§F§F§2§F§0§0§lm§x§F§F§2§7§0§0§lo§x§F§F§1§F§0§0§ln §x§F§F§1§0§0§0§lL§x§F§F§0§8§0§0§lo§x§F§F§0§0§0§0§lr§x§F§F§0§8§0§0§ld §x§F§F§1§7§0§0§lH§x§F§F§1§F§0§0§le§x§F§F§2§7§0§0§ll§x§F§F§2§F§0§0§lm§x§F§F§3§6§0§0§le§x§F§F§3§E§0§0§lt in auction for 250000.
[10:20:20] > celinesanrio remove x64 Golden apple from storage
[10:20:22] > celinesanrio added x1 Shulker box in auction for 10000000.
[10:25:01] > Kininho_ added x1 §x§5§9§A§1§D§9§lA§x§7§1§A§E§D§Er§x§8§8§B§C§E§4c§x§A§0§C§9§E§9h§x§B§8§D§7§E§Fa§x§D§0§E§4§F§4n§x§E§7§F§2§F§Ag§fe§x§E§7§F§2§F§Al §x§B§8§D§7§E§FW§x§A§0§C§9§E§9i§x§8§8§B§C§E§4n§x§7§1§A§E§D§Eg§x§5§9§A§1§D§9s in auction for 4000000.
[10:30:03] > Kwienn remove x1 §eᴘɪɢ sᴘᴀᴡɴᴇʀ from storage
[10:30:03] > Kwienn remove x1 §eᴢᴏᴍʙɪᴇ sᴘᴀᴡɴᴇʀ from storage
[10:30:03] > Kwienn remove x1 §esᴘɪᴅᴇʀ sᴘᴀᴡɴᴇʀ from storage
[10:30:15] > Kwienn added x1 §eᴘɪɢ sᴘᴀᴡɴᴇʀ in auction for 100000.
[10:31:01] > Kwienn added x1 §esᴘɪᴅᴇʀ sᴘᴀᴡɴᴇʀ in auction for 400000.
[10:31:46] > Kwienn remove x1 §esᴘɪᴅᴇʀ sᴘᴀᴡɴᴇʀ from storage
[10:31:59] > Kwienn added x1 §esᴘɪᴅᴇʀ sᴘᴀᴡɴᴇʀ in auction for 250000.
[10:32:04] > celinesanrio buy x1 §esᴘɪᴅᴇʀ sᴘᴀᴡɴᴇʀ to Kwienn for $250 000.
[10:33:16] > Kwienn added x1 §eᴢᴏᴍʙɪᴇ sᴘᴀᴡɴᴇʀ in auction for 1000000.
[10:33:39] > CeeJaiye remove x2 §eᴡɪᴛʜᴇʀ ꜱᴋᴇʟᴇᴛᴏɴ ꜱᴘᴀᴡɴᴇʀ from storage
[10:33:40] > CeeJaiye remove x1 §eᴡᴀʀᴅᴇɴ ꜱᴘᴀᴡɴᴇʀ from storage
[10:33:40] > CeeJaiye remove x1 §eʙʟᴀᴢᴇ sᴘᴀᴡɴᴇʀ from storage
[10:34:06] > CeeJaiye added x2 §eᴡɪᴛʜᴇʀ ꜱᴋᴇʟᴇᴛᴏɴ ꜱᴘᴀᴡɴᴇʀ in auction for 2500000.
[10:36:29] > Kwienn remove x1 §eᴢᴏᴍʙɪᴇ sᴘᴀᴡɴᴇʀ from storage
[10:37:56] > CeeJaiye remove x2 §eᴡɪᴛʜᴇʀ ꜱᴋᴇʟᴇᴛᴏɴ ꜱᴘᴀᴡɴᴇʀ from storage
[10:41:17] > celinesanrio remove x1 Shulker box from storage
[10:41:25] > celinesanrio added x64 Emerald in auction for 64000.
[10:41:33] > Lchristian buy x64 Emerald to celinesanrio for $64 000.
[10:41:36] > celinesanrio added x64 Emerald in auction for 64000.
[10:41:58] > celinesanrio remove x64 Emerald from storage
[10:42:03] > celinesanrio added x64 Emerald in auction for 28500.
[10:59:47] > Padjibarr added x64 Diamond in auction for 10000.
[10:59:53] > Kininho_ buy x64 Diamond to Padjibarr for $10 000.
[11:00:29] > Padjibarr added x64 Diamond in auction for 10000.
[11:00:33] > Kininho_ buy x64 Diamond to Padjibarr for $10 000.
[11:00:40] > Padjibarr added x64 Diamond in auction for 10000.
[11:00:45] > Kininho_ buy x64 Diamond to Padjibarr for $10 000.
[11:31:38] > x1 §esᴘɪᴅᴇʀ sᴘᴀᴡɴᴇʀ on sale by melgrsy has just expired, it goes in the inventory of expired items.
[12:00:28] > khazio added x64 Sculk catalyst in auction for 10000.
[12:00:37] > khazio added x62 Sculk catalyst in auction for 10000.
[12:00:43] > khazio added x64 Sculk catalyst in auction for 10000.
[13:00:34] > Zypher_0w0 added x1 §x§F§F§5§5§0§0§lsᴇʟʟᴡᴀɴᴅ §7(100) in auction for 800000.
[13:01:03] > Zypher_0w0 remove x1 §x§F§F§5§5§0§0§lsᴇʟʟᴡᴀɴᴅ §7(100) from storage
[13:01:16] > Zypher_0w0 added x1 §x§F§F§5§5§0§0§lsᴇʟʟᴡᴀɴᴅ §7(100) in auction for 1000000.
[13:01:31] > Zypher_0w0 remove x1 §x§F§F§5§5§0§0§lsᴇʟʟᴡᴀɴᴅ §7(100) from storage
[13:17:24] > steve buy x1 §x§E§4§3§A§9§6§lW§x§E§7§5§3§A§3§lI§x§E§B§6§B§B§0§lN§x§E§E§8§4§B§D§lG§x§F§2§9§D§C§B§lS §x§F§8§C§E§E§5§lO§x§F§C§E§6§F§2§lF §x§F§C§E§6§F§2§lE§x§F§8§C§E§E§5§lT§x§F§5§B§5§D§8§lE§x§F§2§9§D§C§B§lR§x§E§E§8§4§B§D§lN§x§E§B§6§B§B§0§lI§x§E§7§5§3§A§3§lT§x§E§4§3§A§9§6§lY to Zypher_0w0 for $250 000.
[13:45:51] > x1 Ate Trisha Picture :0 on sale by CarlSui has just expired, it goes in the inventory of expired items.
[14:23:16] > x1 Nether star on sale by Rahdoon has just expired, it goes in the inventory of expired items.
[14:47:28] > ItsPolaris buy x1 §x§5§9§A§1§D§9§lA§x§7§1§A§E§D§Er§x§8§8§B§C§E§4c§x§A§0§C§9§E§9h§x§B§8§D§7§E§Fa§x§D§0§E§4§F§4n§x§E§7§F§2§F§Ag§fe§x§E§7§F§2§F§Al §x§B§8§D§7§E§FW§x§A§0§C§9§E§9i§x§8§8§B§C§E§4n§x§7§1§A§E§D§Eg§x§5§9§A§1§D§9s to Kininho_ for $4 000 000.
[14:56:08] > x1 Netherite upgrade smithing template on sale by Kelly505 has just expired, it goes in the inventory of expired items.
[14:56:41] > x1 Written book on sale by Kelly505 has just expired, it goes in the inventory of expired items.
[14:56:51] > khazio buy x1 §x§E§4§3§A§9§6§lW§x§E§7§5§3§A§3§lI§x§E§B§6§B§B§0§lN§x§E§E§8§4§B§D§lG§x§F§2§9§D§C§B§lS §x§F§8§C§E§E§5§lO§x§F§C§E§6§F§2§lF §x§F§C§E§6§F§2§lE§x§F§8§C§E§E§5§lT§x§F§5§B§5§D§8§lE§x§F§2§9§D§C§B§lR§x§E§E§8§4§B§D§lN§x§E§B§6§B§B§0§lI§x§E§7§5§3§A§3§lT§x§E§4§3§A§9§6§lY to Zypher_0w0 for $200 000.
[14:57:55] > x1 Netherite upgrade smithing template on sale by Kelly505 has just expired, it goes in the inventory of expired items.
[15:20:35] > Lchristian buy x1 §x§E§4§3§A§9§6§lW§x§E§7§5§3§A§3§lI§x§E§B§6§B§B§0§lN§x§E§E§8§4§B§D§lG§x§F§2§9§D§C§B§lS §x§F§8§C§E§E§5§lO§x§F§C§E§6§F§2§lF §x§F§C§E§6§F§2§lE§x§F§8§C§E§E§5§lT§x§F§5§B§5§D§8§lE§x§F§2§9§D§C§B§lR§x§E§E§8§4§B§D§lN§x§E§B§6§B§B§0§lI§x§E§7§5§3§A§3§lT§x§E§4§3§A§9§6§lY to CeeJaiye for $250 000.
[15:23:05] > grit_zy added x1 Saddle in auction for 10000.
[15:23:21] > grit_zy added x1 Saddle in auction for 10000.
[15:23:32] > grit_zy added x1 Saddle in auction for 10000.
[15:23:37] > grit_zy added x1 Saddle in auction for 10000.
[15:23:45] > grit_zy added x1 Saddle in auction for 10000.
[15:32:33] > CeeJaiye added x1 §x§E§4§3§A§9§6§lW§x§E§7§5§3§A§3§lI§x§E§B§6§B§B§0§lN§x§E§E§8§4§B§D§lG§x§F§2§9§D§C§B§lS §x§F§8§C§E§E§5§lO§x§F§C§E§6§F§2§lF §x§F§C§E§6§F§2§lE§x§F§8§C§E§E§5§lT§x§F§5§B§5§D§8§lE§x§F§2§9§D§C§B§lR§x§E§E§8§4§B§D§lN§x§E§B§6§B§B§0§lI§x§E§7§5§3§A§3§lT§x§E§4§3§A§9§6§lY in auction for 250000.
[15:32:40] > CeeJaiye added x1 §x§E§4§3§A§9§6§lW§x§E§7§5§3§A§3§lI§x§E§B§6§B§B§0§lN§x§E§E§8§4§B§D§lG§x§F§2§9§D§C§B§lS §x§F§8§C§E§E§5§lO§x§F§C§E§6§F§2§lF §x§F§C§E§6§F§2§lE§x§F§8§C§E§E§5§lT§x§F§5§B§5§D§8§lE§x§F§2§9§D§C§B§lR§x§E§E§8§4§B§D§lN§x§E§B§6§B§B§0§lI§x§E§7§5§3§A§3§lT§x§E§4§3§A§9§6§lY in auction for 250000.
[16:10:17] > CeeJaiye added x1 §x§E§4§3§A§9§6§lW§x§E§7§5§3§A§3§lI§x§E§B§6§B§B§0§lN§x§E§E§8§4§B§D§lG§x§F§2§9§D§C§B§lS §x§F§8§C§E§E§5§lO§x§F§C§E§6§F§2§lF §x§F§C§E§6§F§2§lE§x§F§8§C§E§E§5§lT§x§F§5§B§5§D§8§lE§x§F§2§9§D§C§B§lR§x§E§E§8§4§B§D§lN§x§E§B§6§B§B§0§lI§x§E§7§5§3§A§3§lT§x§E§4§3§A§9§6§lY in auction for 250000.
[16:10:23] > CeeJaiye added x1 §x§E§4§3§A§9§6§lW§x§E§7§5§3§A§3§lI§x§E§B§6§B§B§0§lN§x§E§E§8§4§B§D§lG§x§F§2§9§D§C§B§lS §x§F§8§C§E§E§5§lO§x§F§C§E§6§F§2§lF §x§F§C§E§6§F§2§lE§x§F§8§C§E§E§5§lT§x§F§5§B§5§D§8§lE§x§F§2§9§D§C§B§lR§x§E§E§8§4§B§D§lN§x§E§B§6§B§B§0§lI§x§E§7§5§3§A§3§lT§x§E§4§3§A§9§6§lY in auction for 250000.
[16:10:28] > grit_zy remove x1 Saddle from storage
[16:10:30] > CeeJaiye added x1 §x§E§4§3§A§9§6§lW§x§E§7§5§3§A§3§lI§x§E§B§6§B§B§0§lN§x§E§E§8§4§B§D§lG§x§F§2§9§D§C§B§lS §x§F§8§C§E§E§5§lO§x§F§C§E§6§F§2§lF §x§F§C§E§6§F§2§lE§x§F§8§C§E§E§5§lT§x§F§5§B§5§D§8§lE§x§F§2§9§D§C§B§lR§x§E§E§8§4§B§D§lN§x§E§B§6§B§B§0§lI§x§E§7§5§3§A§3§lT§x§E§4§3§A§9§6§lY in auction for 250000.
[16:10:31] > grit_zy remove x1 Saddle from storage
[16:10:33] > grit_zy remove x1 Saddle from storage
[16:46:54] > grit_zy remove x1 Saddle from storage
[16:46:57] > grit_zy remove x1 Saddle from storage
[16:49:24] > .Acon1te4773 added x1 §x§F§F§3§E§0§0§lD§x§F§F§3§6§0§0§le§x§F§F§2§F§0§0§lm§x§F§F§2§7§0§0§lo§x§F§F§1§F§0§0§ln §x§F§F§1§0§0§0§lL§x§F§F§0§8§0§0§lo§x§F§F§0§0§0§0§lr§x§F§F§0§9§0§0§ld §x§F§F§1§B§0§0§lS§x§F§F§2§3§0§0§lw§x§F§F§2§C§0§0§lo§x§F§F§3§5§0§0§lr§x§F§F§3§E§0§0§ld in auction for 500000.
[16:49:59] > .Acon1te4773 remove x1 §x§F§F§3§E§0§0§lD§x§F§F§3§6§0§0§le§x§F§F§2§F§0§0§lm§x§F§F§2§7§0§0§lo§x§F§F§1§F§0§0§ln §x§F§F§1§0§0§0§lL§x§F§F§0§8§0§0§lo§x§F§F§0§0§0§0§lr§x§F§F§0§9§0§0§ld §x§F§F§1§B§0§0§lS§x§F§F§2§3§0§0§lw§x§F§F§2§C§0§0§lo§x§F§F§3§5§0§0§lr§x§F§F§3§E§0§0§ld from storage
[16:56:16] > RENZO added x1 §x§F§F§5§5§0§0§lsᴇʟʟᴡᴀɴᴅ §6- 20.0 in auction for 75000.
[16:56:22] > Kyslee buy x1 §x§F§F§5§5§0§0§lsᴇʟʟᴡᴀɴᴅ §6- 20.0 to RENZO for $75 000.
[19:00:44] > celinesanrio remove x64 Emerald from storage
[19:00:49] > celinesanrio added x1 §fShogun Crossbow in auction for 10000.
[19:24:27] > Kyslee added x5 Ominous bottle in auction for 25000.
[19:24:35] > Lchristian buy x5 Ominous bottle to Kyslee for $25 000.
[20:03:10] > Zypher_0w0 added x2 Ominous bottle in auction for 40000.
[20:08:04] > khazio buy x2 Ominous bottle to Zypher_0w0 for $40 000.
[20:18:54] > celinesanrio remove x1 §fShogun Crossbow from storage
[20:18:56] > celinesanrio added x1 §x§6§0§0§0§F§F§lɢᴏᴅʟʏ ɪᴛᴇᴍ in auction for 25000.
[20:19:05] > Icon_Skully buy x1 §x§6§0§0§0§F§F§lɢᴏᴅʟʏ ɪᴛᴇᴍ to celinesanrio for $25 000.
[20:19:08] > celinesanrio added x1 §fShogun Crossbow in auction for 10000.
[20:32:59] > Kwienn added x1 §eᴘɪɢ sᴘᴀᴡɴᴇʀ in auction for 50000.
[20:33:10] > HPMR_GaMerz buy x1 §eᴘɪɢ sᴘᴀᴡɴᴇʀ to Kwienn for $50 000.
[20:33:22] > Kininho_ buy x1 §fShogun Crossbow to celinesanrio for $10 000.
[20:34:09] > CeeJaiye remove x1 §x§E§4§3§A§9§6§lW§x§E§7§5§3§A§3§lI§x§E§B§6§B§B§0§lN§x§E§E§8§4§B§D§lG§x§F§2§9§D§C§B§lS §x§F§8§C§E§E§5§lO§x§F§C§E§6§F§2§lF §x§F§C§E§6§F§2§lE§x§F§8§C§E§E§5§lT§x§F§5§B§5§D§8§lE§x§F§2§9§D§C§B§lR§x§E§E§8§4§B§D§lN§x§E§B§6§B§B§0§lI§x§E§7§5§3§A§3§lT§x§E§4§3§A§9§6§lY form storage
[20:34:09] > CeeJaiye remove x1 §x§E§4§3§A§9§6§lW§x§E§7§5§3§A§3§lI§x§E§B§6§B§B§0§lN§x§E§E§8§4§B§D§lG§x§F§2§9§D§C§B§lS §x§F§8§C§E§E§5§lO§x§F§C§E§6§F§2§lF §x§F§C§E§6§F§2§lE§x§F§8§C§E§E§5§lT§x§F§5§B§5§D§8§lE§x§F§2§9§D§C§B§lR§x§E§E§8§4§B§D§lN§x§E§B§6§B§B§0§lI§x§E§7§5§3§A§3§lT§x§E§4§3§A§9§6§lY form storage
[20:34:09] > CeeJaiye remove x1 §x§E§4§3§A§9§6§lW§x§E§7§5§3§A§3§lI§x§E§B§6§B§B§0§lN§x§E§E§8§4§B§D§lG§x§F§2§9§D§C§B§lS §x§F§8§C§E§E§5§lO§x§F§C§E§6§F§2§lF §x§F§C§E§6§F§2§lE§x§F§8§C§E§E§5§lT§x§F§5§B§5§D§8§lE§x§F§2§9§D§C§B§lR§x§E§E§8§4§B§D§lN§x§E§B§6§B§B§0§lI§x§E§7§5§3§A§3§lT§x§E§4§3§A§9§6§lY form storage
[20:34:09] > CeeJaiye remove x1 §x§E§4§3§A§9§6§lW§x§E§7§5§3§A§3§lI§x§E§B§6§B§B§0§lN§x§E§E§8§4§B§D§lG§x§F§2§9§D§C§B§lS §x§F§8§C§E§E§5§lO§x§F§C§E§6§F§2§lF §x§F§C§E§6§F§2§lE§x§F§8§C§E§E§5§lT§x§F§5§B§5§D§8§lE§x§F§2§9§D§C§B§lR§x§E§E§8§4§B§D§lN§x§E§B§6§B§B§0§lI§x§E§7§5§3§A§3§lT§x§E§4§3§A§9§6§lY form storage
[20:34:09] > CeeJaiye remove x1 §x§E§4§3§A§9§6§lW§x§E§7§5§3§A§3§lI§x§E§B§6§B§B§0§lN§x§E§E§8§4§B§D§lG§x§F§2§9§D§C§B§lS §x§F§8§C§E§E§5§lO§x§F§C§E§6§F§2§lF §x§F§C§E§6§F§2§lE§x§F§8§C§E§E§5§lT§x§F§5§B§5§D§8§lE§x§F§2§9§D§C§B§lR§x§E§E§8§4§B§D§lN§x§E§B§6§B§B§0§lI§x§E§7§5§3§A§3§lT§x§E§4§3§A§9§6§lY form storage
[20:34:42] > Kwienn added x1 §esᴋᴇʟᴇᴛᴏɴ sᴘᴀᴡɴᴇʀ in auction for 300000.
[20:35:07] > CeeJaiye added x1 §x§E§4§3§A§9§6§lW§x§E§7§5§3§A§3§lI§x§E§B§6§B§B§0§lN§x§E§E§8§4§B§D§lG§x§F§2§9§D§C§B§lS §x§F§8§C§E§E§5§lO§x§F§C§E§6§F§2§lF §x§F§C§E§6§F§2§lE§x§F§8§C§E§E§5§lT§x§F§5§B§5§D§8§lE§x§F§2§9§D§C§B§lR§x§E§E§8§4§B§D§lN§x§E§B§6§B§B§0§lI§x§E§7§5§3§A§3§lT§x§E§4§3§A§9§6§lY in auction for 200000.
[20:35:17] > CeeJaiye added x1 §x§E§4§3§A§9§6§lW§x§E§7§5§3§A§3§lI§x§E§B§6§B§B§0§lN§x§E§E§8§4§B§D§lG§x§F§2§9§D§C§B§lS §x§F§8§C§E§E§5§lO§x§F§C§E§6§F§2§lF §x§F§C§E§6§F§2§lE§x§F§8§C§E§E§5§lT§x§F§5§B§5§D§8§lE§x§F§2§9§D§C§B§lR§x§E§E§8§4§B§D§lN§x§E§B§6§B§B§0§lI§x§E§7§5§3§A§3§lT§x§E§4§3§A§9§6§lY in auction for 200000.
[20:35:23] > celinesanrio remove x1 §fShogun Shield form storage
[20:35:23] > celinesanrio remove x1 §x§F§F§3§E§0§0§lD§x§F§F§3§6§0§0§le§x§F§F§2§F§0§0§lm§x§F§F§2§7§0§0§lo§x§F§F§1§F§0§0§ln §x§F§F§1§0§0§0§lL§x§F§F§0§8§0§0§lo§x§F§F§0§0§0§0§lr§x§F§F§0§8§0§0§ld §x§F§F§1§7§0§0§lH§x§F§F§1§F§0§0§le§x§F§F§2§7§0§0§ll§x§F§F§2§F§0§0§lm§x§F§F§3§6§0§0§le§x§F§F§3§E§0§0§lt form storage
[20:35:23] > celinesanrio remove x1 §x§F§F§3§E§0§0§lD§x§F§F§3§7§0§0§le§x§F§F§3§0§0§0§lm§x§F§F§2§9§0§0§lo§x§F§F§2§2§0§0§ln §x§F§F§1§5§0§0§lL§x§F§F§0§E§0§0§lo§x§F§F§0§7§0§0§lr§x§F§F§0§0§0§0§ld §x§F§F§0§E§0§0§lC§x§F§F§1§5§0§0§lr§x§F§F§1§C§0§0§lo§x§F§F§2§2§0§0§ls§x§F§F§2§9§0§0§ls§x§F§F§3§0§0§0§lb§x§F§F§3§7§0§0§lo§x§F§F§3§E§0§0§lw form storage
[20:35:23] > celinesanrio remove x1 §x§F§F§3§E§0§0§lD§x§F§F§3§6§0§0§le§x§F§F§2§F§0§0§lm§x§F§F§2§7§0§0§lo§x§F§F§1§F§0§0§ln §x§F§F§1§0§0§0§lL§x§F§F§0§8§0§0§lo§x§F§F§0§0§0§0§lr§x§F§F§0§8§0§0§ld §x§F§F§1§7§0§0§lH§x§F§F§1§F§0§0§le§x§F§F§2§7§0§0§ll§x§F§F§2§F§0§0§lm§x§F§F§3§6§0§0§le§x§F§F§3§E§0§0§lt form storage
[20:35:29] > celinesanrio added x1 §x§F§F§3§E§0§0§lD§x§F§F§3§6§0§0§le§x§F§F§2§F§0§0§lm§x§F§F§2§7§0§0§lo§x§F§F§1§F§0§0§ln §x§F§F§1§0§0§0§lL§x§F§F§0§8§0§0§lo§x§F§F§0§0§0§0§lr§x§F§F§0§8§0§0§ld §x§F§F§1§7§0§0§lH§x§F§F§1§F§0§0§le§x§F§F§2§7§0§0§ll§x§F§F§2§F§0§0§lm§x§F§F§3§6§0§0§le§x§F§F§3§E§0§0§lt in auction for 250000.
[20:35:37] > CeeJaiye added x1 §x§E§4§3§A§9§6§lW§x§E§7§5§3§A§3§lI§x§E§B§6§B§B§0§lN§x§E§E§8§4§B§D§lG§x§F§2§9§D§C§B§lS §x§F§8§C§E§E§5§lO§x§F§C§E§6§F§2§lF §x§F§C§E§6§F§2§lE§x§F§8§C§E§E§5§lT§x§F§5§B§5§D§8§lE§x§F§2§9§D§C§B§lR§x§E§E§8§4§B§D§lN§x§E§B§6§B§B§0§lI§x§E§7§5§3§A§3§lT§x§E§4§3§A§9§6§lY in auction for 200000.
[20:35:38] > celinesanrio added x1 §x§F§F§3§E§0§0§lD§x§F§F§3§6§0§0§le§x§F§F§2§F§0§0§lm§x§F§F§2§7§0§0§lo§x§F§F§1§F§0§0§ln §x§F§F§1§0§0§0§lL§x§F§F§0§8§0§0§lo§x§F§F§0§0§0§0§lr§x§F§F§0§8§0§0§ld §x§F§F§1§7§0§0§lH§x§F§F§1§F§0§0§le§x§F§F§2§7§0§0§ll§x§F§F§2§F§0§0§lm§x§F§F§3§6§0§0§le§x§F§F§3§E§0§0§lt in auction for 250000.
[20:35:43] > CeeJaiye added x1 §x§E§4§3§A§9§6§lW§x§E§7§5§3§A§3§lI§x§E§B§6§B§B§0§lN§x§E§E§8§4§B§D§lG§x§F§2§9§D§C§B§lS §x§F§8§C§E§E§5§lO§x§F§C§E§6§F§2§lF §x§F§C§E§6§F§2§lE§x§F§8§C§E§E§5§lT§x§F§5§B§5§D§8§lE§x§F§2§9§D§C§B§lR§x§E§E§8§4§B§D§lN§x§E§B§6§B§B§0§lI§x§E§7§5§3§A§3§lT§x§E§4§3§A§9§6§lY in auction for 200000.
[20:35:44] > celinesanrio added x1 §x§F§F§3§E§0§0§lD§x§F§F§3§7§0§0§le§x§F§F§3§0§0§0§lm§x§F§F§2§9§0§0§lo§x§F§F§2§2§0§0§ln §x§F§F§1§5§0§0§lL§x§F§F§0§E§0§0§lo§x§F§F§0§7§0§0§lr§x§F§F§0§0§0§0§ld §x§F§F§0§E§0§0§lC§x§F§F§1§5§0§0§lr§x§F§F§1§C§0§0§lo§x§F§F§2§2§0§0§ls§x§F§F§2§9§0§0§ls§x§F§F§3§0§0§0§lb§x§F§F§3§7§0§0§lo§x§F§F§3§E§0§0§lw in auction for 50000.
[20:35:50] > CeeJaiye added x1 §x§E§4§3§A§9§6§lW§x§E§7§5§3§A§3§lI§x§E§B§6§B§B§0§lN§x§E§E§8§4§B§D§lG§x§F§2§9§D§C§B§lS §x§F§8§C§E§E§5§lO§x§F§C§E§6§F§2§lF §x§F§C§E§6§F§2§lE§x§F§8§C§E§E§5§lT§x§F§5§B§5§D§8§lE§x§F§2§9§D§C§B§lR§x§E§E§8§4§B§D§lN§x§E§B§6§B§B§0§lI§x§E§7§5§3§A§3§lT§x§E§4§3§A§9§6§lY in auction for 200000.
[20:35:52] > celinesanrio added x1 §fShogun Shield in auction for 10000.
[20:53:23] > Kininho_ buy x1 §fShogun Shield to celinesanrio for $10 000.
[23:08:14] > x1 §x§E§3§A§F§4§F§lʟᴇɢᴇɴᴅᴀʀʏ ɪᴛᴇᴍ on sale by Desdo has just expired, it goes in the inventory of expired items.
[23:08:14] > x1 Nether star on sale by Desdo has just expired, it goes in the inventory of expired items.
[23:08:14] > x1 §x§6§0§0§0§F§F§lɢᴏᴅʟʏ ɪᴛᴇᴍ on sale by Desdo has just expired, it goes in the inventory of expired items.
[23:08:14] > x1 §fShogun Crossbow on sale by .Acon1te4773 has just expired, it goes in the inventory of expired items.
[00:03:35] > celinesanrio added x1 Shulker box in auction for 32000000.
[00:13:10] > x1 §x§F§F§0§0§0§0§lS§x§F§F§1§3§0§0§lh§x§F§F§2§6§0§0§lo§x§F§F§3§9§0§0§lg§x§F§F§4§D§0§0§lu§x§F§F§6§0§0§0§ln §x§F§F§8§6§0§0§lF§x§F§F§7§3§0§0§lr§x§F§F§6§0§0§0§la§x§F§F§4§D§0§0§lg§x§F§F§3§9§0§0§lm§x§F§F§2§6§0§0§le§x§F§F§1§3§0§0§ln§x§F§F§0§0§0§0§lt on sale by .Acon1te4773 has just expired, it goes in the inventory of expired items.
[00:13:14] > celinesanrio added x1 Netherite ingot in auction for 726.
[00:13:38] > softlattee buy x1 Netherite ingot to celinesanrio for $726.
[00:15:34] > __Perun added x1 Beacon in auction for 100000.
[00:16:22] > __Perun added x1 §x§6§0§0§0§F§F§lɢᴏᴅʟʏ ɪᴛᴇᴍ in auction for 150000.
[00:16:45] > __Perun added x1 §x§F§F§0§0§0§0§lS§x§F§F§1§3§0§0§lh§x§F§F§2§6§0§0§lo§x§F§F§3§9§0§0§lg§x§F§F§4§D§0§0§lu§x§F§F§6§0§0§0§ln §x§F§F§8§6§0§0§lF§x§F§F§7§3§0§0§lr§x§F§F§6§0§0§0§la§x§F§F§4§D§0§0§lg§x§F§F§3§9§0§0§lm§x§F§F§2§6§0§0§le§x§F§F§1§3§0§0§ln§x§F§F§0§0§0§0§lt in auction for 100000.
[00:21:34] > celinesanrio remove x1 Shulker box from storage
[02:30:31] > WADDLE_DB buy x1 §eʙʟᴀᴢᴇ sᴘᴀᴡɴᴇʀ to HPMR_GaMerz for $500 000.
[02:30:58] > WADDLE_DB buy x64 Sculk catalyst to khazio for $10 000.
[02:31:06] > WADDLE_DB buy x64 Sculk catalyst to khazio for $10 000.
[02:31:09] > WADDLE_DB buy x62 Sculk catalyst to khazio for $10 000.
[02:31:39] > WADDLE_DB buy x1 §x§6§0§0§0§F§F§lɢᴏᴅʟʏ ɪᴛᴇᴍ to .Acon1te4773 for $100 000.
[04:51:20] > Lchristian added x1 Filled map in auction for 100000.
[11:50:27] > x3 Beacon on sale by theradumgamer404 has just expired, it goes in the inventory of expired items.
[12:35:00] > ItsPolaris buy x1 §eᴘɪɢ sᴘᴀᴡɴᴇʀ to Kwienn for $100 000.
[13:25:12] > CeeJaiye remove x1 §x§E§4§3§A§9§6§lW§x§E§7§5§3§A§3§lI§x§E§B§6§B§B§0§lN§x§E§E§8§4§B§D§lG§x§F§2§9§D§C§B§lS §x§F§8§C§E§E§5§lO§x§F§C§E§6§F§2§lF §x§F§C§E§6§F§2§lE§x§F§8§C§E§E§5§lT§x§F§5§B§5§D§8§lE§x§F§2§9§D§C§B§lR§x§E§E§8§4§B§D§lN§x§E§B§6§B§B§0§lI§x§E§7§5§3§A§3§lT§x§E§4§3§A§9§6§lY from storage
[13:25:39] > CeeJaiye added x6 §x§F§F§0§0§0§0§lS§x§F§F§1§3§0§0§lh§x§F§F§2§6§0§0§lo§x§F§F§3§9§0§0§lg§x§F§F§4§D§0§0§lu§x§F§F§6§0§0§0§ln §x§F§F§8§6§0§0§lF§x§F§F§7§3§0§0§lr§x§F§F§6§0§0§0§la§x§F§F§4§D§0§0§lg§x§F§F§3§9§0§0§lm§x§F§F§2§6§0§0§le§x§F§F§1§3§0§0§ln§x§F§F§0§0§0§0§lt in auction for 100000.
[14:35:44] > CeeJaiye remove x6 §x§F§F§0§0§0§0§lS§x§F§F§1§3§0§0§lh§x§F§F§2§6§0§0§lo§x§F§F§3§9§0§0§lg§x§F§F§4§D§0§0§lu§x§F§F§6§0§0§0§ln §x§F§F§8§6§0§0§lF§x§F§F§7§3§0§0§lr§x§F§F§6§0§0§0§la§x§F§F§4§D§0§0§lg§x§F§F§3§9§0§0§lm§x§F§F§2§6§0§0§le§x§F§F§1§3§0§0§ln§x§F§F§0§0§0§0§lt from storage
[14:35:54] > CeeJaiye added x1 §x§6§0§0§0§F§F§lɢᴏᴅʟʏ ɪᴛᴇᴍ in auction for 500000.
[14:36:05] > Raylii buy x1 §x§6§0§0§0§F§F§lɢᴏᴅʟʏ ɪᴛᴇᴍ to CeeJaiye for $500 000.
[16:30:29] > Padjibarr buy x1 §x§F§F§3§E§0§0§lD§x§F§F§3§6§0§0§le§x§F§F§2§F§0§0§lm§x§F§F§2§7§0§0§lo§x§F§F§1§F§0§0§ln §x§F§F§1§0§0§0§lL§x§F§F§0§8§0§0§lo§x§F§F§0§0§0§0§lr§x§F§F§0§8§0§0§ld §x§F§F§1§7§0§0§lH§x§F§F§1§F§0§0§le§x§F§F§2§7§0§0§ll§x§F§F§2§F§0§0§lm§x§F§F§3§6§0§0§le§x§F§F§3§E§0§0§lt to celinesanrio for $250 000.
[16:43:43] > x1 §x§E§3§A§F§4§F§lʟᴇɢᴇɴᴅᴀʀʏ ɪᴛᴇᴍ, item of Phantom_Reaper, has just expired, the item is definitively deleted.
[16:43:43] > x1 §x§E§4§3§A§9§6§lW§x§E§7§5§3§A§3§lI§x§E§B§6§B§B§0§lN§x§E§E§8§4§B§D§lG§x§F§2§9§D§C§B§lS §x§F§8§C§E§E§5§lO§x§F§C§E§6§F§2§lF §x§F§C§E§6§F§2§lE§x§F§8§C§E§E§5§lT§x§F§5§B§5§D§8§lE§x§F§2§9§D§C§B§lR§x§E§E§8§4§B§D§lN§x§E§B§6§B§B§0§lI§x§E§7§5§3§A§3§lT§x§E§4§3§A§9§6§lY, item of bloxcrafter2yt, has just expired, the item is definitively deleted.
[16:49:23] > Icon_Skully added x1 Silence armor trim smithing template in auction for 100000.
[16:50:05] > grit_zy buy x1 Silence armor trim smithing template to Icon_Skully for $100 000.
[16:50:13] > HPMR_GaMerz added x1 §eᴘɪɢ sᴘᴀᴡɴᴇʀ in auction for 500000.
[16:50:48] > HPMR_GaMerz added x1 §x§F§F§5§5§0§0§lsᴇʟʟᴡᴀɴᴅ §6- 20.0 in auction for 1000000.
[16:51:01] > grit_zy buy x1 §x§F§F§5§5§0§0§lsᴇʟʟᴡᴀɴᴅ §6- 20.0 to HPMR_GaMerz for $1 000 000.
[16:52:41] > grit_zy added x1 Silence armor trim smithing template in auction for 100000.
[16:52:56] > CeeJaiye buy x1 Silence armor trim smithing template to grit_zy for $100 000.
[16:54:08] > CeeJaiye added x1 §x§E§4§3§A§9§6§lW§x§E§7§5§3§A§3§lI§x§E§B§6§B§B§0§lN§x§E§E§8§4§B§D§lG§x§F§2§9§D§C§B§lS §x§F§8§C§E§E§5§lO§x§F§C§E§6§F§2§lF §x§F§C§E§6§F§2§lE§x§F§8§C§E§E§5§lT§x§F§5§B§5§D§8§lE§x§F§2§9§D§C§B§lR§x§E§E§8§4§B§D§lN§x§E§B§6§B§B§0§lI§x§E§7§5§3§A§3§lT§x§E§4§3§A§9§6§lY in auction for 200000.
[16:56:40] > HPMR_GaMerz added x1 §x§F§F§3§E§0§0§lD§x§F§F§3§5§0§0§le§x§F§F§2§C§0§0§lm§x§F§F§2§3§0§0§lo§x§F§F§1§B§0§0§ln §x§F§F§0§9§0§0§lL§x§F§F§0§0§0§0§lo§x§F§F§0§A§0§0§lr§x§F§F§1§5§0§0§ld §x§F§F§2§9§0§0§lK§x§F§F§3§4§0§0§le§x§F§F§3§E§0§0§ly in auction for 50000.
[16:57:00] > CeeJaiye buy x1 §x§F§F§3§E§0§0§lD§x§F§F§3§5§0§0§le§x§F§F§2§C§0§0§lm§x§F§F§2§3§0§0§lo§x§F§F§1§B§0§0§ln §x§F§F§0§9§0§0§lL§x§F§F§0§0§0§0§lo§x§F§F§0§A§0§0§lr§x§F§F§1§5§0§0§ld §x§F§F§2§9§0§0§lK§x§F§F§3§4§0§0§le§x§F§F§3§E§0§0§ly to HPMR_GaMerz for $50 000.
[16:57:27] > HPMR_GaMerz added x1 §x§F§F§3§E§0§0§lD§x§F§F§3§5§0§0§le§x§F§F§2§C§0§0§lm§x§F§F§2§3§0§0§lo§x§F§F§1§B§0§0§ln §x§F§F§0§9§0§0§lL§x§F§F§0§0§0§0§lo§x§F§F§0§A§0§0§lr§x§F§F§1§5§0§0§ld §x§F§F§2§9§0§0§lK§x§F§F§3§4§0§0§le§x§F§F§3§E§0§0§ly in auction for 100000.
[16:57:34] > Raylii buy x1 §x§F§F§3§E§0§0§lD§x§F§F§3§5§0§0§le§x§F§F§2§C§0§0§lm§x§F§F§2§3§0§0§lo§x§F§F§1§B§0§0§ln §x§F§F§0§9§0§0§lL§x§F§F§0§0§0§0§lo§x§F§F§0§A§0§0§lr§x§F§F§1§5§0§0§ld §x§F§F§2§9§0§0§lK§x§F§F§3§4§0§0§le§x§F§F§3§E§0§0§ly to HPMR_GaMerz for $100 000.
[16:57:58] > HPMR_GaMerz added x1 §eᴡɪᴛᴄʜ ꜱᴘᴀᴡɴᴇʀ in auction for 500000.
[17:00:13] > HPMR_GaMerz added x1 §x§F§F§0§0§0§0§lS§x§F§F§1§3§0§0§lh§x§F§F§2§6§0§0§lo§x§F§F§3§9§0§0§lg§x§F§F§4§D§0§0§lu§x§F§F§6§0§0§0§ln §x§F§F§8§6§0§0§lF§x§F§F§7§3§0§0§lr§x§F§F§6§0§0§0§la§x§F§F§4§D§0§0§lg§x§F§F§3§9§0§0§lm§x§F§F§2§6§0§0§le§x§F§F§1§3§0§0§ln§x§F§F§0§0§0§0§lt in auction for 200000.
[17:05:18] > CeeJaiye remove x1 §x§E§4§3§A§9§6§lW§x§E§7§5§3§A§3§lI§x§E§B§6§B§B§0§lN§x§E§E§8§4§B§D§lG§x§F§2§9§D§C§B§lS §x§F§8§C§E§E§5§lO§x§F§C§E§6§F§2§lF §x§F§C§E§6§F§2§lE§x§F§8§C§E§E§5§lT§x§F§5§B§5§D§8§lE§x§F§2§9§D§C§B§lR§x§E§E§8§4§B§D§lN§x§E§B§6§B§B§0§lI§x§E§7§5§3§A§3§lT§x§E§4§3§A§9§6§lY from storage
[17:05:27] > CeeJaiye added x1 §eᴢᴏᴍʙɪᴇ sᴘᴀᴡɴᴇʀ in auction for 1000000.
[17:06:14] > HPMR_GaMerz remove x6 Enchanted golden apple from storage
[17:06:17] > HPMR_GaMerz added x1 §eᴡᴀʀᴅᴇɴ ꜱᴘᴀᴡɴᴇʀ in auction for 5000000.
[18:15:53] > Raylii added x1 §x§F§F§3§E§0§0§lD§x§F§F§3§8§0§0§le§x§F§F§3§2§0§0§lm§x§F§F§2§B§0§0§lo§x§F§F§2§5§0§0§ln §x§F§F§1§9§0§0§lL§x§F§F§1§3§0§0§lo§x§F§F§0§C§0§0§lr§x§F§F§0§6§0§0§ld §x§F§F§0§6§0§0§lB§x§F§F§0§C§0§0§la§x§F§F§1§3§0§0§lt§x§F§F§1§9§0§0§lt§x§F§F§1§F§0§0§ll§x§F§F§2§5§0§0§le §x§F§F§3§2§0§0§lA§x§F§F§3§8§0§0§lx§x§F§F§3§E§0§0§le in auction for 200000.
[18:17:38] > ELITEAtlas added x1 §fShogun Hammer in auction for 200000.
[18:18:02] > ELITEAtlas added x1 §x§F§F§0§0§0§0§lS§x§F§F§1§3§0§0§lh§x§F§F§2§6§0§0§lo§x§F§F§3§9§0§0§lg§x§F§F§4§D§0§0§lu§x§F§F§6§0§0§0§ln §x§F§F§8§6§0§0§lF§x§F§F§7§3§0§0§lr§x§F§F§6§0§0§0§la§x§F§F§4§D§0§0§lg§x§F§F§3§9§0§0§lm§x§F§F§2§6§0§0§le§x§F§F§1§3§0§0§ln§x§F§F§0§0§0§0§lt in auction for 250000.
[18:19:13] > ELITEAtlas added x1 §fShogun Flag Backpack in auction for 150000.
[18:31:48] > Kininho_ buy x1 §x§F§F§0§0§0§0§lS§x§F§F§1§3§0§0§lh§x§F§F§2§6§0§0§lo§x§F§F§3§9§0§0§lg§x§F§F§4§D§0§0§lu§x§F§F§6§0§0§0§ln §x§F§F§8§6§0§0§lF§x§F§F§7§3§0§0§lr§x§F§F§6§0§0§0§la§x§F§F§4§D§0§0§lg§x§F§F§3§9§0§0§lm§x§F§F§2§6§0§0§le§x§F§F§1§3§0§0§ln§x§F§F§0§0§0§0§lt to __Perun for $100 000.
[18:51:08] > celinesanrio remove x1 §x§F§F§3§E§0§0§lD§x§F§F§3§6§0§0§le§x§F§F§2§F§0§0§lm§x§F§F§2§7§0§0§lo§x§F§F§1§F§0§0§ln §x§F§F§1§0§0§0§lL§x§F§F§0§8§0§0§lo§x§F§F§0§0§0§0§lr§x§F§F§0§8§0§0§ld §x§F§F§1§7§0§0§lH§x§F§F§1§F§0§0§le§x§F§F§2§7§0§0§ll§x§F§F§2§F§0§0§lm§x§F§F§3§6§0§0§le§x§F§F§3§E§0§0§lt from storage
[18:51:09] > celinesanrio remove x1 §x§F§F§3§E§0§0§lD§x§F§F§3§7§0§0§le§x§F§F§3§0§0§0§lm§x§F§F§2§9§0§0§lo§x§F§F§2§2§0§0§ln §x§F§F§1§5§0§0§lL§x§F§F§0§E§0§0§lo§x§F§F§0§7§0§0§lr§x§F§F§0§0§0§0§ld §x§F§F§0§E§0§0§lC§x§F§F§1§5§0§0§lr§x§F§F§1§C§0§0§lo§x§F§F§2§2§0§0§ls§x§F§F§2§9§0§0§ls§x§F§F§3§0§0§0§lb§x§F§F§3§7§0§0§lo§x§F§F§3§E§0§0§lw from storage
[18:51:18] > celinesanrio added x1 §x§F§F§3§E§0§0§lD§x§F§F§3§6§0§0§le§x§F§F§2§F§0§0§lm§x§F§F§2§7§0§0§lo§x§F§F§1§F§0§0§ln §x§F§F§1§0§0§0§lL§x§F§F§0§8§0§0§lo§x§F§F§0§0§0§0§lr§x§F§F§0§8§0§0§ld §x§F§F§1§7§0§0§lH§x§F§F§1§F§0§0§le§x§F§F§2§7§0§0§ll§x§F§F§2§F§0§0§lm§x§F§F§3§6§0§0§le§x§F§F§3§E§0§0§lt in auction for 250000.
[18:51:24] > celinesanrio added x1 §x§F§F§3§E§0§0§lD§x§F§F§3§7§0§0§le§x§F§F§3§0§0§0§lm§x§F§F§2§9§0§0§lo§x§F§F§2§2§0§0§ln §x§F§F§1§5§0§0§lL§x§F§F§0§E§0§0§lo§x§F§F§0§7§0§0§lr§x§F§F§0§0§0§0§ld §x§F§F§0§E§0§0§lC§x§F§F§1§5§0§0§lr§x§F§F§1§C§0§0§lo§x§F§F§2§2§0§0§ls§x§F§F§2§9§0§0§ls§x§F§F§3§0§0§0§lb§x§F§F§3§7§0§0§lo§x§F§F§3§E§0§0§lw in auction for 50000.
[19:11:42] > celinesanrio added x1 §x§5§9§A§1§D§9§lA§x§6§E§A§D§D§Er§x§8§3§B§9§E§3c§x§9§7§C§4§E§7h§x§A§C§D§0§E§Ca§x§C§1§D§C§F§1n§x§D§6§E§8§F§6g§x§E§A§F§3§F§Ae§fl §x§D§0§E§4§F§4H§x§B§8§D§7§E§Fe§x§A§0§C§9§E§9l§x§8§8§B§C§E§4m§x§7§1§A§E§D§Ee§x§5§9§A§1§D§9t in auction for 1500000.
[19:11:48] > celinesanrio added x1 §x§5§9§A§1§D§9§lA§x§7§5§B§1§D§Fr§x§9§0§C§0§E§6c§x§A§C§D§0§E§Ch§x§C§8§E§0§F§2a§x§E§3§E§F§F§9n§fg§x§E§3§E§F§F§9e§x§C§8§E§0§F§2l §x§9§0§C§0§E§6B§x§7§5§B§1§D§Fo§x§5§9§A§1§D§9w in auction for 1000000.
[19:22:03] > celinesanrio added x1 Heavy core in auction for 88700.
[19:22:21] > ELITEAtlas buy x1 Heavy core to celinesanrio for $88 700.
[19:24:06] > ELITEAtlas remove x1 §fShogun Hammer form storage
[19:24:58] > ELITEAtlas remove x1 §fShogun Flag Backpack form storage
[19:24:58] > ELITEAtlas remove x1 §x§F§F§0§0§0§0§lS§x§F§F§1§3§0§0§lh§x§F§F§2§6§0§0§lo§x§F§F§3§9§0§0§lg§x§F§F§4§D§0§0§lu§x§F§F§6§0§0§0§ln §x§F§F§8§6§0§0§lF§x§F§F§7§3§0§0§lr§x§F§F§6§0§0§0§la§x§F§F§4§D§0§0§lg§x§F§F§3§9§0§0§lm§x§F§F§2§6§0§0§le§x§F§F§1§3§0§0§ln§x§F§F§0§0§0§0§lt form storage
[19:32:17] > CeeJaiye remove x1 §eᴢᴏᴍʙɪᴇ sᴘᴀᴡɴᴇʀ from storage
[19:32:17] > CeeJaiye remove x1 §x§E§4§3§A§9§6§lW§x§E§7§5§3§A§3§lI§x§E§B§6§B§B§0§lN§x§E§E§8§4§B§D§lG§x§F§2§9§D§C§B§lS §x§F§8§C§E§E§5§lO§x§F§C§E§6§F§2§lF §x§F§C§E§6§F§2§lE§x§F§8§C§E§E§5§lT§x§F§5§B§5§D§8§lE§x§F§2§9§D§C§B§lR§x§E§E§8§4§B§D§lN§x§E§B§6§B§B§0§lI§x§E§7§5§3§A§3§lT§x§E§4§3§A§9§6§lY from storage
[19:32:17] > CeeJaiye remove x1 §x§E§4§3§A§9§6§lW§x§E§7§5§3§A§3§lI§x§E§B§6§B§B§0§lN§x§E§E§8§4§B§D§lG§x§F§2§9§D§C§B§lS §x§F§8§C§E§E§5§lO§x§F§C§E§6§F§2§lF §x§F§C§E§6§F§2§lE§x§F§8§C§E§E§5§lT§x§F§5§B§5§D§8§lE§x§F§2§9§D§C§B§lR§x§E§E§8§4§B§D§lN§x§E§B§6§B§B§0§lI§x§E§7§5§3§A§3§lT§x§E§4§3§A§9§6§lY from storage
[19:32:17] > CeeJaiye remove x1 §x§E§4§3§A§9§6§lW§x§E§7§5§3§A§3§lI§x§E§B§6§B§B§0§lN§x§E§E§8§4§B§D§lG§x§F§2§9§D§C§B§lS §x§F§8§C§E§E§5§lO§x§F§C§E§6§F§2§lF §x§F§C§E§6§F§2§lE§x§F§8§C§E§E§5§lT§x§F§5§B§5§D§8§lE§x§F§2§9§D§C§B§lR§x§E§E§8§4§B§D§lN§x§E§B§6§B§B§0§lI§x§E§7§5§3§A§3§lT§x§E§4§3§A§9§6§lY from storage
[19:32:18] > CeeJaiye remove x1 §x§E§4§3§A§9§6§lW§x§E§7§5§3§A§3§lI§x§E§B§6§B§B§0§lN§x§E§E§8§4§B§D§lG§x§F§2§9§D§C§B§lS §x§F§8§C§E§E§5§lO§x§F§C§E§6§F§2§lF §x§F§C§E§6§F§2§lE§x§F§8§C§E§E§5§lT§x§F§5§B§5§D§8§lE§x§F§2§9§D§C§B§lR§x§E§E§8§4§B§D§lN§x§E§B§6§B§B§0§lI§x§E§7§5§3§A§3§lT§x§E§4§3§A§9§6§lY from storage
[19:35:02] > CeeJaiye added x1 §x§5§9§A§1§D§9§lA§x§7§1§A§E§D§Er§x§8§8§B§C§E§4c§x§A§0§C§9§E§9h§x§B§8§D§7§E§Fa§x§D§0§E§4§F§4n§x§E§7§F§2§F§Ag§fe§x§E§7§F§2§F§Al §x§B§8§D§7§E§FS§x§A§0§C§9§E§9w§x§8§8§B§C§E§4o§x§7§1§A§E§D§Er§x§5§9§A§1§D§9d in auction for 300000.
[19:35:27] > CeeJaiye added x1 §x§F§F§3§E§0§0§lD§x§F§F§3§7§0§0§le§x§F§F§3§0§0§0§lm§x§F§F§2§9§0§0§lo§x§F§F§2§2§0§0§ln §x§F§F§1§5§0§0§lL§x§F§F§0§E§0§0§lo§x§F§F§0§7§0§0§lr§x§F§F§0§0§0§0§ld §x§F§F§0§E§0§0§lC§x§F§F§1§5§0§0§lr§x§F§F§1§C§0§0§lo§x§F§F§2§2§0§0§ls§x§F§F§2§9§0§0§ls§x§F§F§3§0§0§0§lb§x§F§F§3§7§0§0§lo§x§F§F§3§E§0§0§lw in auction for 50000.
[19:35:46] > CeeJaiye added x1 §x§F§F§3§E§0§0§lD§x§F§F§3§7§0§0§le§x§F§F§3§0§0§0§lm§x§F§F§2§9§0§0§lo§x§F§F§2§2§0§0§ln §x§F§F§1§5§0§0§lL§x§F§F§0§E§0§0§lo§x§F§F§0§7§0§0§lr§x§F§F§0§0§0§0§ld §x§F§F§1§0§0§0§lP§x§F§F§1§7§0§0§li§x§F§F§1§F§0§0§lc§x§F§F§2§7§0§0§lk§x§F§F§2§F§0§0§la§x§F§F§3§6§0§0§lx§x§F§F§3§E§0§0§le in auction for 50000.
[19:35:55] > CeeJaiye added x1 §x§F§F§3§E§0§0§lD§x§F§F§3§6§0§0§le§x§F§F§2§F§0§0§lm§x§F§F§2§7§0§0§lo§x§F§F§1§F§0§0§ln §x§F§F§1§0§0§0§lL§x§F§F§0§8§0§0§lo§x§F§F§0§0§0§0§lr§x§F§F§0§9§0§0§ld §x§F§F§1§B§0§0§lS§x§F§F§2§3§0§0§lp§x§F§F§2§C§0§0§le§x§F§F§3§5§0§0§la§x§F§F§3§E§0§0§lr in auction for 100000.
[19:35:59] > Lchristian buy x1 §x§F§F§3§E§0§0§lD§x§F§F§3§7§0§0§le§x§F§F§3§0§0§0§lm§x§F§F§2§9§0§0§lo§x§F§F§2§2§0§0§ln §x§F§F§1§5§0§0§lL§x§F§F§0§E§0§0§lo§x§F§F§0§7§0§0§lr§x§F§F§0§0§0§0§ld §x§F§F§1§0§0§0§lP§x§F§F§1§7§0§0§li§x§F§F§1§F§0§0§lc§x§F§F§2§7§0§0§lk§x§F§F§2§F§0§0§la§x§F§F§3§6§0§0§lx§x§F§F§3§E§0§0§le to CeeJaiye for $50 000.
[19:36:06] > CeeJaiye added x1 §x§F§F§3§E§0§0§lD§x§F§F§3§6§0§0§le§x§F§F§2§F§0§0§lm§x§F§F§2§7§0§0§lo§x§F§F§1§F§0§0§ln §x§F§F§1§0§0§0§lL§x§F§F§0§8§0§0§lo§x§F§F§0§0§0§0§lr§x§F§F§0§8§0§0§ld §x§F§F§1§7§0§0§lD§x§F§F§1§F§0§0§la§x§F§F§2§7§0§0§lg§x§F§F§2§F§0§0§lg§x§F§F§3§6§0§0§le§x§F§F§3§E§0§0§lr in auction for 100000.
[19:36:21] > Lchristian buy x1 §x§F§F§3§E§0§0§lD§x§F§F§3§7§0§0§le§x§F§F§3§0§0§0§lm§x§F§F§2§9§0§0§lo§x§F§F§2§2§0§0§ln §x§F§F§1§5§0§0§lL§x§F§F§0§E§0§0§lo§x§F§F§0§7§0§0§lr§x§F§F§0§0§0§0§ld §x§F§F§0§E§0§0§lC§x§F§F§1§5§0§0§lr§x§F§F§1§C§0§0§lo§x§F§F§2§2§0§0§ls§x§F§F§2§9§0§0§ls§x§F§F§3§0§0§0§lb§x§F§F§3§7§0§0§lo§x§F§F§3§E§0§0§lw to celinesanrio for $50 000.
[19:36:26] > CeeJaiye added x1 §x§5§9§A§1§D§9§lA§x§6§B§A§B§D§Dr§x§7§E§B§6§E§1c§x§9§0§C§0§E§6h§x§A§3§C§B§E§Aa§x§B§5§D§5§E§En§x§C§8§E§0§F§2g§x§D§A§E§A§F§7e§x§E§D§F§5§F§Bl §x§E§A§F§3§F§AC§x§D§6§E§8§F§6r§x§C§1§D§C§F§1o§x§A§C§D§0§E§Cs§x§9§7§C§4§E§7s§x§8§3§B§9§E§3b§x§6§E§A§D§D§Eo§x§5§9§A§1§D§9w in auction for 100000.
[19:39:59] > CeeJaiye remove x1 §x§5§9§A§1§D§9§lA§x§6§B§A§B§D§Dr§x§7§E§B§6§E§1c§x§9§0§C§0§E§6h§x§A§3§C§B§E§Aa§x§B§5§D§5§E§En§x§C§8§E§0§F§2g§x§D§A§E§A§F§7e§x§E§D§F§5§F§Bl §x§E§A§F§3§F§AC§x§D§6§E§8§F§6r§x§C§1§D§C§F§1o§x§A§C§D§0§E§Cs§x§9§7§C§4§E§7s§x§8§3§B§9§E§3b§x§6§E§A§D§D§Eo§x§5§9§A§1§D§9w from storage
[19:39:59] > CeeJaiye remove x1 §x§F§F§3§E§0§0§lD§x§F§F§3§6§0§0§le§x§F§F§2§F§0§0§lm§x§F§F§2§7§0§0§lo§x§F§F§1§F§0§0§ln §x§F§F§1§0§0§0§lL§x§F§F§0§8§0§0§lo§x§F§F§0§0§0§0§lr§x§F§F§0§8§0§0§ld §x§F§F§1§7§0§0§lD§x§F§F§1§F§0§0§la§x§F§F§2§7§0§0§lg§x§F§F§2§F§0§0§lg§x§F§F§3§6§0§0§le§x§F§F§3§E§0§0§lr from storage
[19:40:00] > CeeJaiye remove x1 §x§F§F§3§E§0§0§lD§x§F§F§3§7§0§0§le§x§F§F§3§0§0§0§lm§x§F§F§2§9§0§0§lo§x§F§F§2§2§0§0§ln §x§F§F§1§5§0§0§lL§x§F§F§0§E§0§0§lo§x§F§F§0§7§0§0§lr§x§F§F§0§0§0§0§ld §x§F§F§0§E§0§0§lC§x§F§F§1§5§0§0§lr§x§F§F§1§C§0§0§lo§x§F§F§2§2§0§0§ls§x§F§F§2§9§0§0§ls§x§F§F§3§0§0§0§lb§x§F§F§3§7§0§0§lo§x§F§F§3§E§0§0§lw from storage
[19:40:30] > CeeJaiye added x1 §x§F§F§3§E§0§0§lD§x§F§F§3§6§0§0§le§x§F§F§2§F§0§0§lm§x§F§F§2§7§0§0§lo§x§F§F§1§F§0§0§ln §x§F§F§1§0§0§0§lL§x§F§F§0§8§0§0§lo§x§F§F§0§0§0§0§lr§x§F§F§0§9§0§0§ld §x§F§F§1§B§0§0§lB§x§F§F§2§3§0§0§lo§x§F§F§2§C§0§0§lo§x§F§F§3§5§0§0§lt§x§F§F§3§E§0§0§ls in auction for 100000.
[19:40:40] > Lchristian buy x1 §x§F§F§3§E§0§0§lD§x§F§F§3§6§0§0§le§x§F§F§2§F§0§0§lm§x§F§F§2§7§0§0§lo§x§F§F§1§F§0§0§ln §x§F§F§1§0§0§0§lL§x§F§F§0§8§0§0§lo§x§F§F§0§0§0§0§lr§x§F§F§0§9§0§0§ld §x§F§F§1§B§0§0§lB§x§F§F§2§3§0§0§lo§x§F§F§2§C§0§0§lo§x§F§F§3§5§0§0§lt§x§F§F§3§E§0§0§ls to CeeJaiye for $100 000.
[19:41:44] > CeeJaiye added x1 §x§5§9§A§1§D§9§lA§x§6§B§A§B§D§Dr§x§7§E§B§6§E§1c§x§9§0§C§0§E§6h§x§A§3§C§B§E§Aa§x§B§5§D§5§E§En§x§C§8§E§0§F§2g§x§D§A§E§A§F§7e§x§E§D§F§5§F§Bl §x§E§A§F§3§F§AC§x§D§6§E§8§F§6r§x§C§1§D§C§F§1o§x§A§C§D§0§E§Cs§x§9§7§C§4§E§7s§x§8§3§B§9§E§3b§x§6§E§A§D§D§Eo§x§5§9§A§1§D§9w in auction for 50000.
[19:41:55] > Kininho_ buy x1 §x§F§F§3§E§0§0§lD§x§F§F§3§6§0§0§le§x§F§F§2§F§0§0§lm§x§F§F§2§7§0§0§lo§x§F§F§1§F§0§0§ln §x§F§F§1§0§0§0§lL§x§F§F§0§8§0§0§lo§x§F§F§0§0§0§0§lr§x§F§F§0§9§0§0§ld §x§F§F§1§B§0§0§lS§x§F§F§2§3§0§0§lp§x§F§F§2§C§0§0§le§x§F§F§3§5§0§0§la§x§F§F§3§E§0§0§lr to CeeJaiye for $100 000.
[19:42:17] > celinesanrio buy x1 §x§5§9§A§1§D§9§lA§x§6§B§A§B§D§Dr§x§7§E§B§6§E§1c§x§9§0§C§0§E§6h§x§A§3§C§B§E§Aa§x§B§5§D§5§E§En§x§C§8§E§0§F§2g§x§D§A§E§A§F§7e§x§E§D§F§5§F§Bl §x§E§A§F§3§F§AC§x§D§6§E§8§F§6r§x§C§1§D§C§F§1o§x§A§C§D§0§E§Cs§x§9§7§C§4§E§7s§x§8§3§B§9§E§3b§x§6§E§A§D§D§Eo§x§5§9§A§1§D§9w to CeeJaiye for $50 000.
[19:42:59] > CeeJaiye added x1 §x§5§9§A§1§D§9§lA§x§6§A§A§A§D§Dr§x§7§A§B§4§E§1c§x§8§B§B§D§E§4h§x§9§B§C§7§E§8a§x§A§C§D§0§E§Cn§x§B§D§D§9§F§0g§x§C§D§E§3§F§4e§x§D§E§E§C§F§7l §fC§x§E§D§F§5§F§Bh§x§D§A§E§A§F§7e§x§C§8§E§0§F§2s§x§B§5§D§5§E§Et§x§A§3§C§B§E§Ap§x§9§0§C§0§E§6l§x§7§E§B§6§E§1a§x§6§B§A§B§D§Dt§x§5§9§A§1§D§9e in auction for 200000.
[19:43:35] > CeeJaiye added x1 §x§E§4§3§A§9§6§lW§x§E§7§5§3§A§3§lI§x§E§B§6§B§B§0§lN§x§E§E§8§4§B§D§lG§x§F§2§9§D§C§B§lS §x§F§8§C§E§E§5§lO§x§F§C§E§6§F§2§lF §x§F§C§E§6§F§2§lE§x§F§8§C§E§E§5§lT§x§F§5§B§5§D§8§lE§x§F§2§9§D§C§B§lR§x§E§E§8§4§B§D§lN§x§E§B§6§B§B§0§lI§x§E§7§5§3§A§3§lT§x§E§4§3§A§9§6§lY in auction for 250000.
[19:43:40] > CeeJaiye added x1 §x§E§4§3§A§9§6§lW§x§E§7§5§3§A§3§lI§x§E§B§6§B§B§0§lN§x§E§E§8§4§B§D§lG§x§F§2§9§D§C§B§lS §x§F§8§C§E§E§5§lO§x§F§C§E§6§F§2§lF §x§F§C§E§6§F§2§lE§x§F§8§C§E§E§5§lT§x§F§5§B§5§D§8§lE§x§F§2§9§D§C§B§lR§x§E§E§8§4§B§D§lN§x§E§B§6§B§B§0§lI§x§E§7§5§3§A§3§lT§x§E§4§3§A§9§6§lY in auction for 250000.
[19:43:46] > CeeJaiye added x1 §x§E§4§3§A§9§6§lW§x§E§7§5§3§A§3§lI§x§E§B§6§B§B§0§lN§x§E§E§8§4§B§D§lG§x§F§2§9§D§C§B§lS §x§F§8§C§E§E§5§lO§x§F§C§E§6§F§2§lF §x§F§C§E§6§F§2§lE§x§F§8§C§E§E§5§lT§x§F§5§B§5§D§8§lE§x§F§2§9§D§C§B§lR§x§E§E§8§4§B§D§lN§x§E§B§6§B§B§0§lI§x§E§7§5§3§A§3§lT§x§E§4§3§A§9§6§lY in auction for 250000.
[19:52:36] > Vexarer buy x1 §x§E§4§3§A§9§6§lW§x§E§7§5§3§A§3§lI§x§E§B§6§B§B§0§lN§x§E§E§8§4§B§D§lG§x§F§2§9§D§C§B§lS §x§F§8§C§E§E§5§lO§x§F§C§E§6§F§2§lF §x§F§C§E§6§F§2§lE§x§F§8§C§E§E§5§lT§x§F§5§B§5§D§8§lE§x§F§2§9§D§C§B§lR§x§E§E§8§4§B§D§lN§x§E§B§6§B§B§0§lI§x§E§7§5§3§A§3§lT§x§E§4§3§A§9§6§lY to CeeJaiye for $250 000.
[20:07:32] > x1 §fShogun Hoe, item of _Mitsuriichan, has just expired, the item is definitively deleted.
[20:07:32] > x1 §fShogun Boots, item of _Mitsuriichan, has just expired, the item is definitively deleted.
[20:07:32] > x1 §x§6§0§0§0§F§F§lɢᴏᴅʟʏ ɪᴛᴇᴍ, item of Seirione, has just expired, the item is definitively deleted.
[20:07:32] > x1 §fShogun Helmet, item of _Mitsuriichan, has just expired, the item is definitively deleted.
[20:07:59] > ELITEAtlas remove x1 Heavy core from buy
[20:17:48] > celinesanrio added x3 §9§lCrab Claw in auction for 45000.
[20:17:55] > celinesanrio added x3 §e§lCrab Scale in auction for 45000.
[20:18:15] > C_Bucket buy x3 §e§lCrab Scale to celinesanrio for $45 000.
[20:18:41] > C_Bucket buy x1 §eᴡɪᴛᴄʜ ꜱᴘᴀᴡɴᴇʀ to HPMR_GaMerz for $500 000.
[20:18:50] > C_Bucket buy x1 §x§E§4§3§A§9§6§lW§x§E§7§5§3§A§3§lI§x§E§B§6§B§B§0§lN§x§E§E§8§4§B§D§lG§x§F§2§9§D§C§B§lS §x§F§8§C§E§E§5§lO§x§F§C§E§6§F§2§lF §x§F§C§E§6§F§2§lE§x§F§8§C§E§E§5§lT§x§F§5§B§5§D§8§lE§x§F§2§9§D§C§B§lR§x§E§E§8§4§B§D§lN§x§E§B§6§B§B§0§lI§x§E§7§5§3§A§3§lT§x§E§4§3§A§9§6§lY to CeeJaiye for $250 000.
[20:18:56] > C_Bucket buy x1 §x§E§4§3§A§9§6§lW§x§E§7§5§3§A§3§lI§x§E§B§6§B§B§0§lN§x§E§E§8§4§B§D§lG§x§F§2§9§D§C§B§lS §x§F§8§C§E§E§5§lO§x§F§C§E§6§F§2§lF §x§F§C§E§6§F§2§lE§x§F§8§C§E§E§5§lT§x§F§5§B§5§D§8§lE§x§F§2§9§D§C§B§lR§x§E§E§8§4§B§D§lN§x§E§B§6§B§B§0§lI§x§E§7§5§3§A§3§lT§x§E§4§3§A§9§6§lY to CeeJaiye for $250 000.
[20:20:22] > C_Bucket buy x1 §x§5§9§A§1§D§9§lA§x§6§A§A§A§D§Dr§x§7§A§B§4§E§1c§x§8§B§B§D§E§4h§x§9§B§C§7§E§8a§x§A§C§D§0§E§Cn§x§B§D§D§9§F§0g§x§C§D§E§3§F§4e§x§D§E§E§C§F§7l §fC§x§E§D§F§5§F§Bh§x§D§A§E§A§F§7e§x§C§8§E§0§F§2s§x§B§5§D§5§E§Et§x§A§3§C§B§E§Ap§x§9§0§C§0§E§6l§x§7§E§B§6§E§1a§x§6§B§A§B§D§Dt§x§5§9§A§1§D§9e to CeeJaiye for $200 000.
[21:50:00] > CeeJaiye added x1 §x§E§4§3§A§9§6§lW§x§E§7§5§3§A§3§lI§x§E§B§6§B§B§0§lN§x§E§E§8§4§B§D§lG§x§F§2§9§D§C§B§lS §x§F§8§C§E§E§5§lO§x§F§C§E§6§F§2§lF §x§F§C§E§6§F§2§lE§x§F§8§C§E§E§5§lT§x§F§5§B§5§D§8§lE§x§F§2§9§D§C§B§lR§x§E§E§8§4§B§D§lN§x§E§B§6§B§B§0§lI§x§E§7§5§3§A§3§lT§x§E§4§3§A§9§6§lY in auction for 250000.
[21:50:10] > CeeJaiye added x1 §x§E§4§3§A§9§6§lW§x§E§7§5§3§A§3§lI§x§E§B§6§B§B§0§lN§x§E§E§8§4§B§D§lG§x§F§2§9§D§C§B§lS §x§F§8§C§E§E§5§lO§x§F§C§E§6§F§2§lF §x§F§C§E§6§F§2§lE§x§F§8§C§E§E§5§lT§x§F§5§B§5§D§8§lE§x§F§2§9§D§C§B§lR§x§E§E§8§4§B§D§lN§x§E§B§6§B§B§0§lI§x§E§7§5§3§A§3§lT§x§E§4§3§A§9§6§lY in auction for 250000.
[21:50:19] > KDA2024 added x1 Filled map in auction for 1000.
[21:50:50] > CeeJaiye remove x1 §x§5§9§A§1§D§9§lA§x§7§1§A§E§D§Er§x§8§8§B§C§E§4c§x§A§0§C§9§E§9h§x§B§8§D§7§E§Fa§x§D§0§E§4§F§4n§x§E§7§F§2§F§Ag§fe§x§E§7§F§2§F§Al §x§B§8§D§7§E§FS§x§A§0§C§9§E§9w§x§8§8§B§C§E§4o§x§7§1§A§E§D§Er§x§5§9§A§1§D§9d from storage
[21:51:02] > CeeJaiye added x1 §x§5§9§A§1§D§9§lA§x§7§1§A§E§D§Er§x§8§8§B§C§E§4c§x§A§0§C§9§E§9h§x§B§8§D§7§E§Fa§x§D§0§E§4§F§4n§x§E§7§F§2§F§Ag§fe§x§E§7§F§2§F§Al §x§B§8§D§7§E§FS§x§A§0§C§9§E§9w§x§8§8§B§C§E§4o§x§7§1§A§E§D§Er§x§5§9§A§1§D§9d in auction for 150000.
[21:54:59] > celinesanrio added x1 §x§6§0§0§0§F§F§lɢᴏᴅʟʏ ɪᴛᴇᴍ in auction for 6000000.
[21:58:40] > KDA2024 remove x1 Filled map form storage
[21:58:53] > KDA2024 added x1 Filled map in auction for 500.
[22:23:39] > Zypher_0w0 added x1 §x§3§1§3§7§F§F§lS§x§3§7§4§C§F§8§lp§x§3§D§6§2§F§1§la§x§4§2§7§7§E§9§lw§x§4§8§8§D§E§2§ln§x§4§E§A§2§D§B§le§x§5§4§B§7§D§4§lr §x§5§F§E§2§C§5§lC§x§5§9§C§D§C§C§lr§x§5§4§B§7§D§4§la§x§4§E§A§2§D§B§lt§x§4§8§8§D§E§2§le §x§3§D§6§2§F§1§lK§x§3§7§4§C§F§8§le§x§3§1§3§7§F§F§ly in auction for 500000.
[22:37:36] > celinesanrio remove x1 §x§6§0§0§0§F§F§lɢᴏᴅʟʏ ɪᴛᴇᴍ from storage
[22:37:40] > celinesanrio added x35 Coal in auction for 1000.
[22:49:10] > celinesanrio remove x35 Coal from storage
[22:49:17] > celinesanrio added x1 §x§5§9§A§1§D§9§lA§x§6§A§A§A§D§Dr§x§7§A§B§4§E§1c§x§8§B§B§D§E§4h§x§9§B§C§7§E§8a§x§A§C§D§0§E§Cn§x§B§D§D§9§F§0g§x§C§D§E§3§F§4e§x§D§E§E§C§F§7l §fF§x§E§E§F§6§F§Bi§x§D§E§E§C§F§7s§x§C§D§E§3§F§4h§x§B§D§D§9§F§0i§x§A§C§D§0§E§Cn§x§9§B§C§7§E§8g §x§7§A§B§4§E§1R§x§6§A§A§A§D§Do§x§5§9§A§1§D§9d in auction for 50000.
[22:51:04] > celinesanrio remove x3 §9§lCrab Claw from storage
[22:51:12] > celinesanrio added x3 §9§lCrab Claw in auction for 3000.
[22:51:51] > celinesanrio remove x3 §9§lCrab Claw from storage
[22:51:56] > celinesanrio added x1 §x§F§F§3§E§0§0§lD§x§F§F§3§7§0§0§le§x§F§F§3§0§0§0§lm§x§F§F§2§9§0§0§lo§x§F§F§2§2§0§0§ln §x§F§F§1§5§0§0§lL§x§F§F§0§E§0§0§lo§x§F§F§0§7§0§0§lr§x§F§F§0§0§0§0§ld §x§F§F§0§E§0§0§lF§x§F§F§1§5§0§0§lr§x§F§F§1§C§0§0§la§x§F§F§2§2§0§0§lg§x§F§F§2§9§0§0§lm§x§F§F§3§0§0§0§le§x§F§F§3§7§0§0§ln§x§F§F§3§E§0§0§lt in auction for 700000.
[22:58:24] > Zypher_0w0 added x23 §x§F§F§0§0§0§0§lS§x§F§F§1§3§0§0§lh§x§F§F§2§6§0§0§lo§x§F§F§3§9§0§0§lg§x§F§F§4§D§0§0§lu§x§F§F§6§0§0§0§ln §x§F§F§8§6§0§0§lF§x§F§F§7§3§0§0§lr§x§F§F§6§0§0§0§la§x§F§F§4§D§0§0§lg§x§F§F§3§9§0§0§lm§x§F§F§2§6§0§0§le§x§F§F§1§3§0§0§ln§x§F§F§0§0§0§0§lt in auction for 1150000.
[23:07:31] > celinesanrio remove x1 §x§5§9§A§1§D§9§lA§x§7§5§B§1§D§Fr§x§9§0§C§0§E§6c§x§A§C§D§0§E§Ch§x§C§8§E§0§F§2a§x§E§3§E§F§F§9n§fg§x§E§3§E§F§F§9e§x§C§8§E§0§F§2l §x§9§0§C§0§E§6B§x§7§5§B§1§D§Fo§x§5§9§A§1§D§9w form storage
[23:07:31] > celinesanrio remove x1 §x§5§9§A§1§D§9§lA§x§6§E§A§D§D§Er§x§8§3§B§9§E§3c§x§9§7§C§4§E§7h§x§A§C§D§0§E§Ca§x§C§1§D§C§F§1n§x§D§6§E§8§F§6g§x§E§A§F§3§F§Ae§fl §x§D§0§E§4§F§4H§x§B§8§D§7§E§Fe§x§A§0§C§9§E§9l§x§8§8§B§C§E§4m§x§7§1§A§E§D§Ee§x§5§9§A§1§D§9t form storage
[23:07:31] > celinesanrio remove x1 §x§F§F§3§E§0§0§lD§x§F§F§3§7§0§0§le§x§F§F§3§0§0§0§lm§x§F§F§2§9§0§0§lo§x§F§F§2§2§0§0§ln §x§F§F§1§5§0§0§lL§x§F§F§0§E§0§0§lo§x§F§F§0§7§0§0§lr§x§F§F§0§0§0§0§ld §x§F§F§0§E§0§0§lF§x§F§F§1§5§0§0§lr§x§F§F§1§C§0§0§la§x§F§F§2§2§0§0§lg§x§F§F§2§9§0§0§lm§x§F§F§3§0§0§0§le§x§F§F§3§7§0§0§ln§x§F§F§3§E§0§0§lt form storage
[23:07:31] > celinesanrio remove x1 §x§F§F§3§E§0§0§lD§x§F§F§3§6§0§0§le§x§F§F§2§F§0§0§lm§x§F§F§2§7§0§0§lo§x§F§F§1§F§0§0§ln §x§F§F§1§0§0§0§lL§x§F§F§0§8§0§0§lo§x§F§F§0§0§0§0§lr§x§F§F§0§8§0§0§ld §x§F§F§1§7§0§0§lH§x§F§F§1§F§0§0§le§x§F§F§2§7§0§0§ll§x§F§F§2§F§0§0§lm§x§F§F§3§6§0§0§le§x§F§F§3§E§0§0§lt form storage
[23:07:31] > celinesanrio remove x1 §x§5§9§A§1§D§9§lA§x§6§A§A§A§D§Dr§x§7§A§B§4§E§1c§x§8§B§B§D§E§4h§x§9§B§C§7§E§8a§x§A§C§D§0§E§Cn§x§B§D§D§9§F§0g§x§C§D§E§3§F§4e§x§D§E§E§C§F§7l §fF§x§E§E§F§6§F§Bi§x§D§E§E§C§F§7s§x§C§D§E§3§F§4h§x§B§D§D§9§F§0i§x§A§C§D§0§E§Cn§x§9§B§C§7§E§8g §x§7§A§B§4§E§1R§x§6§A§A§A§D§Do§x§5§9§A§1§D§9d form storage
[23:07:46] > celinesanrio added x64 Shulker shell in auction for 16000.
[23:07:53] > celinesanrio added x64 Shulker shell in auction for 16000.
[23:07:59] > celinesanrio added x64 Shulker shell in auction for 16000.
[23:08:05] > celinesanrio added x64 Shulker shell in auction for 16000.
[23:08:08] > Lchristian buy x64 Shulker shell to celinesanrio for $16 000.
[23:08:11] > celinesanrio added x64 Shulker shell in auction for 16000.
[23:08:19] > celinesanrio added x64 Shulker shell in auction for 16000.
[23:08:33] > ItsPolaris buy x64 Shulker shell to celinesanrio for $16 000.
[23:08:37] > celinesanrio added x64 Shulker shell in auction for 16000.
[23:08:38] > ItsPolaris buy x64 Shulker shell to celinesanrio for $16 000.
[23:08:42] > ItsPolaris buy x64 Shulker shell to celinesanrio for $16 000.
[23:08:46] > ItsPolaris buy x64 Shulker shell to celinesanrio for $16 000.
[23:08:48] > ItsPolaris buy x64 Shulker shell to celinesanrio for $16 000.
[23:08:51] > ItsPolaris buy x64 Shulker shell to celinesanrio for $16 000.
[23:09:06] > celinesanrio added x1 §x§5§9§A§1§D§9§lA§x§6§E§A§D§D§Er§x§8§3§B§9§E§3c§x§9§7§C§4§E§7h§x§A§C§D§0§E§Ca§x§C§1§D§C§F§1n§x§D§6§E§8§F§6g§x§E§A§F§3§F§Ae§fl §x§D§0§E§4§F§4H§x§B§8§D§7§E§Fe§x§A§0§C§9§E§9l§x§8§8§B§C§E§4m§x§7§1§A§E§D§Ee§x§5§9§A§1§D§9t in auction for 500000.
[23:09:12] > celinesanrio added x1 §x§F§F§3§E§0§0§lD§x§F§F§3§6§0§0§le§x§F§F§2§F§0§0§lm§x§F§F§2§7§0§0§lo§x§F§F§1§F§0§0§ln §x§F§F§1§0§0§0§lL§x§F§F§0§8§0§0§lo§x§F§F§0§0§0§0§lr§x§F§F§0§8§0§0§ld §x§F§F§1§7§0§0§lH§x§F§F§1§F§0§0§le§x§F§F§2§7§0§0§ll§x§F§F§2§F§0§0§lm§x§F§F§3§6§0§0§le§x§F§F§3§E§0§0§lt in auction for 250000.
[23:09:19] > celinesanrio added x1 §x§F§F§3§E§0§0§lD§x§F§F§3§7§0§0§le§x§F§F§3§0§0§0§lm§x§F§F§2§9§0§0§lo§x§F§F§2§2§0§0§ln §x§F§F§1§5§0§0§lL§x§F§F§0§E§0§0§lo§x§F§F§0§7§0§0§lr§x§F§F§0§0§0§0§ld §x§F§F§0§E§0§0§lF§x§F§F§1§5§0§0§lr§x§F§F§1§C§0§0§la§x§F§F§2§2§0§0§lg§x§F§F§2§9§0§0§lm§x§F§F§3§0§0§0§le§x§F§F§3§7§0§0§ln§x§F§F§3§E§0§0§lt in auction for 500000.
[23:09:25] > celinesanrio added x1 §x§5§9§A§1§D§9§lA§x§6§A§A§A§D§Dr§x§7§A§B§4§E§1c§x§8§B§B§D§E§4h§x§9§B§C§7§E§8a§x§A§C§D§0§E§Cn§x§B§D§D§9§F§0g§x§C§D§E§3§F§4e§x§D§E§E§C§F§7l §fF§x§E§E§F§6§F§Bi§x§D§E§E§C§F§7s§x§C§D§E§3§F§4h§x§B§D§D§9§F§0i§x§A§C§D§0§E§Cn§x§9§B§C§7§E§8g §x§7§A§B§4§E§1R§x§6§A§A§A§D§Do§x§5§9§A§1§D§9d in auction for 100000.
[23:09:31] > celinesanrio added x1 §x§5§9§A§1§D§9§lA§x§7§5§B§1§D§Fr§x§9§0§C§0§E§6c§x§A§C§D§0§E§Ch§x§C§8§E§0§F§2a§x§E§3§E§F§F§9n§fg§x§E§3§E§F§F§9e§x§C§8§E§0§F§2l §x§9§0§C§0§E§6B§x§7§5§B§1§D§Fo§x§5§9§A§1§D§9w in auction for 250000.
[23:17:10] > missingarchive added x1 Grass block in auction for 1000000000.
[23:17:18] > missingarchive added x1 Grass block in auction for 1000000000.
[23:17:24] > missingarchive added x1 Grass block in auction for 1000000000.
[23:17:30] > missingarchive added x1 Grass block in auction for 1000000000.
[23:17:37] > missingarchive added x1 Grass block in auction for 1000000000.
[23:17:58] > missingarchive remove x1 Grass block from storage
[23:17:59] > missingarchive remove x1 Grass block from storage
[23:17:59] > missingarchive remove x1 Grass block from storage
[23:18:00] > missingarchive remove x1 Grass block from storage
[23:18:01] > missingarchive remove x1 Grass block from storage
[23:36:13] > Zypher_0w0 added x1 /pwarp Totem Trade for 2k discount :) in auction for 5000.
[23:36:34] > Zypher_0w0 added x1 /pwarp Totem Trade for 2k discount :) in auction for 5000.
[00:03:05] > .Acon1te4773 added x1 §x§F§F§0§0§0§0§lS§x§F§F§1§3§0§0§lh§x§F§F§2§6§0§0§lo§x§F§F§3§9§0§0§lg§x§F§F§4§D§0§0§lu§x§F§F§6§0§0§0§ln §x§F§F§8§6§0§0§lF§x§F§F§7§3§0§0§lr§x§F§F§6§0§0§0§la§x§F§F§4§D§0§0§lg§x§F§F§3§9§0§0§lm§x§F§F§2§6§0§0§le§x§F§F§1§3§0§0§ln§x§F§F§0§0§0§0§lt in auction for 100000.
[00:21:33] > Kyslee added x1 §x§5§9§A§1§D§9§lA§x§6§E§A§D§D§Er§x§8§3§B§9§E§3c§x§9§7§C§4§E§7h§x§A§C§D§0§E§Ca§x§C§1§D§C§F§1n§x§D§6§E§8§F§6g§x§E§A§F§3§F§Ae§fl §x§D§0§E§4§F§4H§x§B§8§D§7§E§Fe§x§A§0§C§9§E§9l§x§8§8§B§C§E§4m§x§7§1§A§E§D§Ee§x§5§9§A§1§D§9t in auction for 500000.
[00:56:16] > Syd_ added x1 Enchanted book in auction for 1900.
[00:56:23] > HPMR_GaMerz buy x1 Enchanted book to Syd_ for $1 900.
[01:05:49] > x1 §esᴘɪᴅᴇʀ sᴘᴀᴡɴᴇʀ on sale by leafsmh has just expired, it goes in the inventory of expired items.
[01:05:53] > Icon_Skully buy x1 §x§5§9§A§1§D§9§lA§x§6§E§A§D§D§Er§x§8§3§B§9§E§3c§x§9§7§C§4§E§7h§x§A§C§D§0§E§Ca§x§C§1§D§C§F§1n§x§D§6§E§8§F§6g§x§E§A§F§3§F§Ae§fl §x§D§0§E§4§F§4H§x§B§8§D§7§E§Fe§x§A§0§C§9§E§9l§x§8§8§B§C§E§4m§x§7§1§A§E§D§Ee§x§5§9§A§1§D§9t to Kyslee for $500 000.
[01:06:04] > Icon_Skully buy x1 §x§5§9§A§1§D§9§lA§x§7§5§B§1§D§Fr§x§9§0§C§0§E§6c§x§A§C§D§0§E§Ch§x§C§8§E§0§F§2a§x§E§3§E§F§F§9n§fg§x§E§3§E§F§F§9e§x§C§8§E§0§F§2l §x§9§0§C§0§E§6B§x§7§5§B§1§D§Fo§x§5§9§A§1§D§9w to celinesanrio for $250 000.
[01:06:09] > Icon_Skully buy x1 §x§5§9§A§1§D§9§lA§x§6§A§A§A§D§Dr§x§7§A§B§4§E§1c§x§8§B§B§D§E§4h§x§9§B§C§7§E§8a§x§A§C§D§0§E§Cn§x§B§D§D§9§F§0g§x§C§D§E§3§F§4e§x§D§E§E§C§F§7l §fF§x§E§E§F§6§F§Bi§x§D§E§E§C§F§7s§x§C§D§E§3§F§4h§x§B§D§D§9§F§0i§x§A§C§D§0§E§Cn§x§9§B§C§7§E§8g §x§7§A§B§4§E§1R§x§6§A§A§A§D§Do§x§5§9§A§1§D§9d to celinesanrio for $100 000.
[01:23:03] > Icon_Skully buy x1 §x§5§9§A§1§D§9§lA§x§7§1§A§E§D§Er§x§8§8§B§C§E§4c§x§A§0§C§9§E§9h§x§B§8§D§7§E§Fa§x§D§0§E§4§F§4n§x§E§7§F§2§F§Ag§fe§x§E§7§F§2§F§Al §x§B§8§D§7§E§FS§x§A§0§C§9§E§9w§x§8§8§B§C§E§4o§x§7§1§A§E§D§Er§x§5§9§A§1§D§9d to CeeJaiye for $150 000.
[01:28:36] > Kyslee added x1 Mace in auction for 1500000.
[01:29:10] > Kyslee added x1 §fFestival Hat in auction for 150000.
[04:31:28] > Kininho_ buy x23 §x§F§F§0§0§0§0§lS§x§F§F§1§3§0§0§lh§x§F§F§2§6§0§0§lo§x§F§F§3§9§0§0§lg§x§F§F§4§D§0§0§lu§x§F§F§6§0§0§0§ln §x§F§F§8§6§0§0§lF§x§F§F§7§3§0§0§lr§x§F§F§6§0§0§0§la§x§F§F§4§D§0§0§lg§x§F§F§3§9§0§0§lm§x§F§F§2§6§0§0§le§x§F§F§1§3§0§0§ln§x§F§F§0§0§0§0§lt to Zypher_0w0 for $1 150 000.
[04:31:59] > Kininho_ buy x1 §x§F§F§0§0§0§0§lS§x§F§F§1§3§0§0§lh§x§F§F§2§6§0§0§lo§x§F§F§3§9§0§0§lg§x§F§F§4§D§0§0§lu§x§F§F§6§0§0§0§ln §x§F§F§8§6§0§0§lF§x§F§F§7§3§0§0§lr§x§F§F§6§0§0§0§la§x§F§F§4§D§0§0§lg§x§F§F§3§9§0§0§lm§x§F§F§2§6§0§0§le§x§F§F§1§3§0§0§ln§x§F§F§0§0§0§0§lt to .Acon1te4773 for $100 000.
[08:11:35] > celinesanrio added x23 Shulker shell in auction for 11500.
[08:50:08] > C_Bucket buy x1 §x§5§9§A§1§D§9§lA§x§6§E§A§D§D§Er§x§8§3§B§9§E§3c§x§9§7§C§4§E§7h§x§A§C§D§0§E§Ca§x§C§1§D§C§F§1n§x§D§6§E§8§F§6g§x§E§A§F§3§F§Ae§fl §x§D§0§E§4§F§4H§x§B§8§D§7§E§Fe§x§A§0§C§9§E§9l§x§8§8§B§C§E§4m§x§7§1§A§E§D§Ee§x§5§9§A§1§D§9t to celinesanrio for $500 000.
[14:10:13] > x1 Nether star on sale by Desdo has just expired, it goes in the inventory of expired items.
[14:15:54] > Kininho_ buy x23 Shulker shell to celinesanrio for $11 500.
[14:42:36] > .Acon1te4773 added x1 §x§5§C§C§F§F§C§lC§x§5§C§D§1§F§5§lo§x§5§D§D§4§E§E§ls§x§5§D§D§6§E§7§lm§x§5§E§D§9§E§1§le§x§5§E§D§B§D§A§lt§x§5§E§D§D§D§3§li§x§5§F§E§0§C§C§lc §x§5§F§E§0§C§C§lH§x§5§E§D§D§D§3§la§x§5§E§D§B§D§A§lt§x§5§E§D§9§E§1§ls §x§5§D§D§4§E§E§lK§x§5§C§D§1§F§5§le§x§5§C§C§F§F§C§ly in auction for 250000.
[14:43:32] > celinesanrio remove x1 §x§F§F§3§E§0§0§lD§x§F§F§3§7§0§0§le§x§F§F§3§0§0§0§lm§x§F§F§2§9§0§0§lo§x§F§F§2§2§0§0§ln §x§F§F§1§5§0§0§lL§x§F§F§0§E§0§0§lo§x§F§F§0§7§0§0§lr§x§F§F§0§0§0§0§ld §x§F§F§0§E§0§0§lF§x§F§F§1§5§0§0§lr§x§F§F§1§C§0§0§la§x§F§F§2§2§0§0§lg§x§F§F§2§9§0§0§lm§x§F§F§3§0§0§0§le§x§F§F§3§7§0§0§ln§x§F§F§3§E§0§0§lt from storage
[14:43:33] > celinesanrio remove x1 §x§F§F§3§E§0§0§lD§x§F§F§3§6§0§0§le§x§F§F§2§F§0§0§lm§x§F§F§2§7§0§0§lo§x§F§F§1§F§0§0§ln §x§F§F§1§0§0§0§lL§x§F§F§0§8§0§0§lo§x§F§F§0§0§0§0§lr§x§F§F§0§8§0§0§ld §x§F§F§1§7§0§0§lH§x§F§F§1§F§0§0§le§x§F§F§2§7§0§0§ll§x§F§F§2§F§0§0§lm§x§F§F§3§6§0§0§le§x§F§F§3§E§0§0§lt from storage
[14:44:34] > celinesanrio added x1 §fMagician Hat in auction for 15000.
[14:44:44] > celinesanrio added x1 §x§F§F§3§E§0§0§lD§x§F§F§3§6§0§0§le§x§F§F§2§F§0§0§lm§x§F§F§2§7§0§0§lo§x§F§F§1§F§0§0§ln §x§F§F§1§0§0§0§lL§x§F§F§0§8§0§0§lo§x§F§F§0§0§0§0§lr§x§F§F§0§8§0§0§ld §x§F§F§1§7§0§0§lH§x§F§F§1§F§0§0§le§x§F§F§2§7§0§0§ll§x§F§F§2§F§0§0§lm§x§F§F§3§6§0§0§le§x§F§F§3§E§0§0§lt in auction for 200000.
[14:44:50] > celinesanrio added x1 §x§F§F§3§E§0§0§lD§x§F§F§3§6§0§0§le§x§F§F§2§F§0§0§lm§x§F§F§2§7§0§0§lo§x§F§F§1§F§0§0§ln §x§F§F§1§0§0§0§lL§x§F§F§0§8§0§0§lo§x§F§F§0§0§0§0§lr§x§F§F§0§9§0§0§ld §x§F§F§1§B§0§0§lB§x§F§F§2§3§0§0§lo§x§F§F§2§C§0§0§lo§x§F§F§3§5§0§0§lt§x§F§F§3§E§0§0§ls in auction for 200000.
[14:45:04] > celinesanrio added x1 §x§F§F§0§0§0§0§lS§x§F§F§1§3§0§0§lh§x§F§F§2§6§0§0§lo§x§F§F§3§9§0§0§lg§x§F§F§4§D§0§0§lu§x§F§F§6§0§0§0§ln §x§F§F§8§6§0§0§lF§x§F§F§7§3§0§0§lr§x§F§F§6§0§0§0§la§x§F§F§4§D§0§0§lg§x§F§F§3§9§0§0§lm§x§F§F§2§6§0§0§le§x§F§F§1§3§0§0§ln§x§F§F§0§0§0§0§lt in auction for 50000.
[14:45:10] > celinesanrio added x1 §x§F§F§0§0§0§0§lS§x§F§F§1§3§0§0§lh§x§F§F§2§6§0§0§lo§x§F§F§3§9§0§0§lg§x§F§F§4§D§0§0§lu§x§F§F§6§0§0§0§ln §x§F§F§8§6§0§0§lF§x§F§F§7§3§0§0§lr§x§F§F§6§0§0§0§la§x§F§F§4§D§0§0§lg§x§F§F§3§9§0§0§lm§x§F§F§2§6§0§0§le§x§F§F§1§3§0§0§ln§x§F§F§0§0§0§0§lt in auction for 50000.
[14:45:17] > mauserdart buy x1 §x§F§F§0§0§0§0§lS§x§F§F§1§3§0§0§lh§x§F§F§2§6§0§0§lo§x§F§F§3§9§0§0§lg§x§F§F§4§D§0§0§lu§x§F§F§6§0§0§0§ln §x§F§F§8§6§0§0§lF§x§F§F§7§3§0§0§lr§x§F§F§6§0§0§0§la§x§F§F§4§D§0§0§lg§x§F§F§3§9§0§0§lm§x§F§F§2§6§0§0§le§x§F§F§1§3§0§0§ln§x§F§F§0§0§0§0§lt to celinesanrio for $50 000.
[14:45:20] > celinesanrio added x1 §x§F§F§0§0§0§0§lS§x§F§F§1§3§0§0§lh§x§F§F§2§6§0§0§lo§x§F§F§3§9§0§0§lg§x§F§F§4§D§0§0§lu§x§F§F§6§0§0§0§ln §x§F§F§8§6§0§0§lF§x§F§F§7§3§0§0§lr§x§F§F§6§0§0§0§la§x§F§F§4§D§0§0§lg§x§F§F§3§9§0§0§lm§x§F§F§2§6§0§0§le§x§F§F§1§3§0§0§ln§x§F§F§0§0§0§0§lt in auction for 50000.
[14:45:23] > mauserdart buy x1 §x§F§F§0§0§0§0§lS§x§F§F§1§3§0§0§lh§x§F§F§2§6§0§0§lo§x§F§F§3§9§0§0§lg§x§F§F§4§D§0§0§lu§x§F§F§6§0§0§0§ln §x§F§F§8§6§0§0§lF§x§F§F§7§3§0§0§lr§x§F§F§6§0§0§0§la§x§F§F§4§D§0§0§lg§x§F§F§3§9§0§0§lm§x§F§F§2§6§0§0§le§x§F§F§1§3§0§0§ln§x§F§F§0§0§0§0§lt to celinesanrio for $50 000.
[14:45:27] > mauserdart buy x1 §x§F§F§0§0§0§0§lS§x§F§F§1§3§0§0§lh§x§F§F§2§6§0§0§lo§x§F§F§3§9§0§0§lg§x§F§F§4§D§0§0§lu§x§F§F§6§0§0§0§ln §x§F§F§8§6§0§0§lF§x§F§F§7§3§0§0§lr§x§F§F§6§0§0§0§la§x§F§F§4§D§0§0§lg§x§F§F§3§9§0§0§lm§x§F§F§2§6§0§0§le§x§F§F§1§3§0§0§ln§x§F§F§0§0§0§0§lt to celinesanrio for $50 000.
[14:46:01] > celinesanrio added x10 Shulker shell in auction for 5000.
[14:53:25] > celinesanrio remove x1 §x§F§F§3§E§0§0§lD§x§F§F§3§6§0§0§le§x§F§F§2§F§0§0§lm§x§F§F§2§7§0§0§lo§x§F§F§1§F§0§0§ln §x§F§F§1§0§0§0§lL§x§F§F§0§8§0§0§lo§x§F§F§0§0§0§0§lr§x§F§F§0§8§0§0§ld §x§F§F§1§7§0§0§lH§x§F§F§1§F§0§0§le§x§F§F§2§7§0§0§ll§x§F§F§2§F§0§0§lm§x§F§F§3§6§0§0§le§x§F§F§3§E§0§0§lt from storage
[14:53:25] > celinesanrio remove x1 §x§F§F§3§E§0§0§lD§x§F§F§3§6§0§0§le§x§F§F§2§F§0§0§lm§x§F§F§2§7§0§0§lo§x§F§F§1§F§0§0§ln §x§F§F§1§0§0§0§lL§x§F§F§0§8§0§0§lo§x§F§F§0§0§0§0§lr§x§F§F§0§9§0§0§ld §x§F§F§1§B§0§0§lB§x§F§F§2§3§0§0§lo§x§F§F§2§C§0§0§lo§x§F§F§3§5§0§0§lt§x§F§F§3§E§0§0§ls from storage
[14:53:29] > celinesanrio added x1 §x§F§F§3§E§0§0§lD§x§F§F§3§6§0§0§le§x§F§F§2§F§0§0§lm§x§F§F§2§7§0§0§lo§x§F§F§1§F§0§0§ln §x§F§F§1§0§0§0§lL§x§F§F§0§8§0§0§lo§x§F§F§0§0§0§0§lr§x§F§F§0§8§0§0§ld §x§F§F§1§7§0§0§lH§x§F§F§1§F§0§0§le§x§F§F§2§7§0§0§ll§x§F§F§2§F§0§0§lm§x§F§F§3§6§0§0§le§x§F§F§3§E§0§0§lt in auction for 250000.
[14:53:37] > celinesanrio added x1 §x§F§F§3§E§0§0§lD§x§F§F§3§6§0§0§le§x§F§F§2§F§0§0§lm§x§F§F§2§7§0§0§lo§x§F§F§1§F§0§0§ln §x§F§F§1§0§0§0§lL§x§F§F§0§8§0§0§lo§x§F§F§0§0§0§0§lr§x§F§F§0§9§0§0§ld §x§F§F§1§B§0§0§lB§x§F§F§2§3§0§0§lo§x§F§F§2§C§0§0§lo§x§F§F§3§5§0§0§lt§x§F§F§3§E§0§0§ls in auction for 240000.
[14:56:11] > .Acon1te4773 remove x1 §x§5§C§C§F§F§C§lC§x§5§C§D§1§F§5§lo§x§5§D§D§4§E§E§ls§x§5§D§D§6§E§7§lm§x§5§E§D§9§E§1§le§x§5§E§D§B§D§A§lt§x§5§E§D§D§D§3§li§x§5§F§E§0§C§C§lc §x§5§F§E§0§C§C§lH§x§5§E§D§D§D§3§la§x§5§E§D§B§D§A§lt§x§5§E§D§9§E§1§ls §x§5§D§D§4§E§E§lK§x§5§C§D§1§F§5§le§x§5§C§C§F§F§C§ly from storage
[14:56:47] > .Acon1te4773 added x1 §x§5§C§C§F§F§C§lC§x§5§C§D§1§F§5§lo§x§5§D§D§4§E§E§ls§x§5§D§D§6§E§7§lm§x§5§E§D§9§E§1§le§x§5§E§D§B§D§A§lt§x§5§E§D§D§D§3§li§x§5§F§E§0§C§C§lc §x§5§F§E§0§C§C§lH§x§5§E§D§D§D§3§la§x§5§E§D§B§D§A§lt§x§5§E§D§9§E§1§ls §x§5§D§D§4§E§E§lK§x§5§C§D§1§F§5§le§x§5§C§C§F§F§C§ly in auction for 175000.
[14:59:00] > stevenred buy x1 /pwarp Totem Trade for 2k discount :) to Zypher_0w0 for $5 000.
[15:00:53] > stevenred added x1 Egg in auction for 69.
[15:00:58] > celinesanrio buy x1 Egg to stevenred for $69.
[15:03:06] > .Acon1te4773 added x1 §esʜᴇᴇᴘ sᴘᴀᴡɴᴇʀ in auction for 100000.
[15:03:32] > stevenred added x1 Oxeye daisy in auction for 1000000.
[15:04:40] > .Acon1te4773 added x1 §x§6§0§0§0§F§F§lɢᴏᴅʟʏ ɪᴛᴇᴍ in auction for 100000.
[15:04:52] > .Acon1te4773 added x1 §x§6§0§0§0§F§F§lɢᴏᴅʟʏ ɪᴛᴇᴍ in auction for 100000.
[15:05:14] > Zypher_0w0 remove x1 §x§3§1§3§7§F§F§lS§x§3§7§4§C§F§8§lp§x§3§D§6§2§F§1§la§x§4§2§7§7§E§9§lw§x§4§8§8§D§E§2§ln§x§4§E§A§2§D§B§le§x§5§4§B§7§D§4§lr §x§5§F§E§2§C§5§lC§x§5§9§C§D§C§C§lr§x§5§4§B§7§D§4§la§x§4§E§A§2§D§B§lt§x§4§8§8§D§E§2§le §x§3§D§6§2§F§1§lK§x§3§7§4§C§F§8§le§x§3§1§3§7§F§F§ly from storage
[15:05:32] > Pixelicious buy x1 §fMagician Hat to celinesanrio for $15 000.
[15:05:59] > .Acon1te4773 added x1 §x§6§0§0§0§F§F§lɢᴏᴅʟʏ ɪᴛᴇᴍ in auction for 100000.
[15:06:11] > Zypher_0w0 added x1 §x§3§1§3§7§F§F§lS§x§3§7§4§C§F§8§lp§x§3§D§6§2§F§1§la§x§4§2§7§7§E§9§lw§x§4§8§8§D§E§2§ln§x§4§E§A§2§D§B§le§x§5§4§B§7§D§4§lr §x§5§F§E§2§C§5§lC§x§5§9§C§D§C§C§lr§x§5§4§B§7§D§4§la§x§4§E§A§2§D§B§lt§x§4§8§8§D§E§2§le §x§3§D§6§2§F§1§lK§x§3§7§4§C§F§8§le§x§3§1§3§7§F§F§ly in auction for 200000.
[15:06:34] > stevenred added x1 Poppy in auction for 800000.
[15:06:45] > stevenred added x1 Azure bluet in auction for 250000.
[15:07:17] > stevenred added x1 Dandelion in auction for 1500000.
[15:25:47] > mauserdart added x1 §fShogun scythe in auction for 250000.
[15:25:57] > mauserdart added x1 §fShogun Bow in auction for 150000.
[15:26:57] > celinesanrio added x1 Cactus in auction for 52900.
[15:27:20] > mauserdart added x1 §x§F§C§D§0§5§C§lB§x§E§6§D§3§6§B§la§x§C§F§D§5§7§A§ls§x§B§9§D§8§8§9§li§x§A§2§D§A§9§8§lc §x§7§5§D§F§B§6§lC§x§5§F§E§2§C§5§lr§x§7§5§D§F§B§6§la§x§8§C§D§D§A§7§lt§x§A§2§D§A§9§8§le §x§C§F§D§5§7§A§lK§x§E§6§D§3§6§B§le§x§F§C§D§0§5§C§ly in auction for 10.
[15:29:56] > celinesanrio buy x1 §x§F§C§D§0§5§C§lB§x§E§6§D§3§6§B§la§x§C§F§D§5§7§A§ls§x§B§9§D§8§8§9§li§x§A§2§D§A§9§8§lc §x§7§5§D§F§B§6§lC§x§5§F§E§2§C§5§lr§x§7§5§D§F§B§6§la§x§8§C§D§D§A§7§lt§x§A§2§D§A§9§8§le §x§C§F§D§5§7§A§lK§x§E§6§D§3§6§B§le§x§F§C§D§0§5§C§ly to mauserdart for $10.
[15:30:01] > celinesanrio remove x1 Cactus from storage
[15:34:10] > Zypher_0w0 added x1 /pwarp TotemTrade to save up to 189k (real) in auction for 270000.
[15:50:54] > celinesanrio remove x10 Shulker shell from storage
[15:50:54] > celinesanrio remove x1 §x§F§F§3§E§0§0§lD§x§F§F§3§6§0§0§le§x§F§F§2§F§0§0§lm§x§F§F§2§7§0§0§lo§x§F§F§1§F§0§0§ln §x§F§F§1§0§0§0§lL§x§F§F§0§8§0§0§lo§x§F§F§0§0§0§0§lr§x§F§F§0§8§0§0§ld §x§F§F§1§7§0§0§lH§x§F§F§1§F§0§0§le§x§F§F§2§7§0§0§ll§x§F§F§2§F§0§0§lm§x§F§F§3§6§0§0§le§x§F§F§3§E§0§0§lt from storage
[15:50:54] > celinesanrio remove x1 §x§F§F§3§E§0§0§lD§x§F§F§3§6§0§0§le§x§F§F§2§F§0§0§lm§x§F§F§2§7§0§0§lo§x§F§F§1§F§0§0§ln §x§F§F§1§0§0§0§lL§x§F§F§0§8§0§0§lo§x§F§F§0§0§0§0§lr§x§F§F§0§9§0§0§ld §x§F§F§1§B§0§0§lB§x§F§F§2§3§0§0§lo§x§F§F§2§C§0§0§lo§x§F§F§3§5§0§0§lt§x§F§F§3§E§0§0§ls from storage
[15:51:00] > celinesanrio added x1 §x§F§F§3§E§0§0§lD§x§F§F§3§6§0§0§le§x§F§F§2§F§0§0§lm§x§F§F§2§7§0§0§lo§x§F§F§1§F§0§0§ln §x§F§F§1§0§0§0§lL§x§F§F§0§8§0§0§lo§x§F§F§0§0§0§0§lr§x§F§F§0§8§0§0§ld §x§F§F§1§7§0§0§lH§x§F§F§1§F§0§0§le§x§F§F§2§7§0§0§ll§x§F§F§2§F§0§0§lm§x§F§F§3§6§0§0§le§x§F§F§3§E§0§0§lt in auction for 200000.
[15:51:05] > celinesanrio added x1 §x§F§F§3§E§0§0§lD§x§F§F§3§6§0§0§le§x§F§F§2§F§0§0§lm§x§F§F§2§7§0§0§lo§x§F§F§1§F§0§0§ln §x§F§F§1§0§0§0§lL§x§F§F§0§8§0§0§lo§x§F§F§0§0§0§0§lr§x§F§F§0§9§0§0§ld §x§F§F§1§B§0§0§lB§x§F§F§2§3§0§0§lo§x§F§F§2§C§0§0§lo§x§F§F§3§5§0§0§lt§x§F§F§3§E§0§0§ls in auction for 200000.
[15:51:12] > celinesanrio added x10 Shulker shell in auction for 5000.
[15:59:11] > mauserdart added x1 §x§F§C§D§0§5§C§lB§x§E§6§D§3§6§B§la§x§C§F§D§5§7§A§ls§x§B§9§D§8§8§9§li§x§A§2§D§A§9§8§lc §x§7§5§D§F§B§6§lC§x§5§F§E§2§C§5§lr§x§7§5§D§F§B§6§la§x§8§C§D§D§A§7§lt§x§A§2§D§A§9§8§le §x§C§F§D§5§7§A§lK§x§E§6§D§3§6§B§le§x§F§C§D§0§5§C§ly in auction for 10.
[16:16:40] > stevenred buy x1 /pwarp Totem Trade for 2k discount :) to Zypher_0w0 for $5 000.
[16:17:11] > CeeJaiye added x1 §x§5§9§A§1§D§9§lA§x§6§A§A§A§D§Dr§x§7§A§B§4§E§1c§x§8§B§B§D§E§4h§x§9§B§C§7§E§8a§x§A§C§D§0§E§Cn§x§B§D§D§9§F§0g§x§C§D§E§3§F§4e§x§D§E§E§C§F§7l §fC§x§E§D§F§5§F§Bh§x§D§A§E§A§F§7e§x§C§8§E§0§F§2s§x§B§5§D§5§E§Et§x§A§3§C§B§E§Ap§x§9§0§C§0§E§6l§x§7§E§B§6§E§1a§x§6§B§A§B§D§Dt§x§5§9§A§1§D§9e in auction for 300000.
[16:18:47] > CeeJaiye added x1 §eᴢᴏᴍʙɪᴇ sᴘᴀᴡɴᴇʀ in auction for 1000000.
[16:52:52] > ItsPolaris buy x1 §x§3§1§3§7§F§F§lS§x§3§7§4§C§F§8§lp§x§3§D§6§2§F§1§la§x§4§2§7§7§E§9§lw§x§4§8§8§D§E§2§ln§x§4§E§A§2§D§B§le§x§5§4§B§7§D§4§lr §x§5§F§E§2§C§5§lC§x§5§9§C§D§C§C§lr§x§5§4§B§7§D§4§la§x§4§E§A§2§D§B§lt§x§4§8§8§D§E§2§le §x§3§D§6§2§F§1§lK§x§3§7§4§C§F§8§le§x§3§1§3§7§F§F§ly to Zypher_0w0 for $200 000.
[16:53:42] > ItsPolaris buy x1 §x§F§F§3§E§0§0§lD§x§F§F§3§6§0§0§le§x§F§F§2§F§0§0§lm§x§F§F§2§7§0§0§lo§x§F§F§1§F§0§0§ln §x§F§F§1§0§0§0§lL§x§F§F§0§8§0§0§lo§x§F§F§0§0§0§0§lr§x§F§F§0§9§0§0§ld §x§F§F§1§B§0§0§lB§x§F§F§2§3§0§0§lo§x§F§F§2§C§0§0§lo§x§F§F§3§5§0§0§lt§x§F§F§3§E§0§0§ls to celinesanrio for $200 000.
[17:13:43] > x1 §f§x§F§F§E§D§0§0H§x§F§A§E§8§0§8a§x§F§5§E§2§1§1r§x§F§0§D§D§1§9d§x§E§C§D§8§2§1 §x§E§7§D§3§2§9H§x§E§2§C§D§3§2a§x§D§D§C§8§3§At on sale by Zypher_0w0 has just expired, it goes in the inventory of expired items.
[17:17:04] > Kininho_ buy x1 §x§F§F§0§0§0§0§lS§x§F§F§1§3§0§0§lh§x§F§F§2§6§0§0§lo§x§F§F§3§9§0§0§lg§x§F§F§4§D§0§0§lu§x§F§F§6§0§0§0§ln §x§F§F§8§6§0§0§lF§x§F§F§7§3§0§0§lr§x§F§F§6§0§0§0§la§x§F§F§4§D§0§0§lg§x§F§F§3§9§0§0§lm§x§F§F§2§6§0§0§le§x§F§F§1§3§0§0§ln§x§F§F§0§0§0§0§lt to HPMR_GaMerz for $200 000.
[17:50:20] > Kwienn added x1 §x§F§F§3§E§0§0§lD§x§F§F§3§6§0§0§le§x§F§F§2§F§0§0§lm§x§F§F§2§7§0§0§lo§x§F§F§1§F§0§0§ln §x§F§F§1§0§0§0§lL§x§F§F§0§8§0§0§lo§x§F§F§0§0§0§0§lr§x§F§F§0§9§0§0§ld §x§F§F§1§B§0§0§lS§x§F§F§2§3§0§0§lw§x§F§F§2§C§0§0§lo§x§F§F§3§5§0§0§lr§x§F§F§3§E§0§0§ld in auction for 300000.
[17:50:54] > Kyslee remove x1 §fFestival Hat form storage
[17:50:54] > Kyslee remove x1 Mace form storage
[17:53:59] > Kyslee added x1 §fFestival Hat in auction for 250000.
[18:28:26] > Kyslee added x1 Mace in auction for 1500000.
[18:35:02] > Kyslee added x1 §fShogun Trident in auction for 120000.
[18:37:58] > CeeJaiye remove x1 §x§E§4§3§A§9§6§lW§x§E§7§5§3§A§3§lI§x§E§B§6§B§B§0§lN§x§E§E§8§4§B§D§lG§x§F§2§9§D§C§B§lS §x§F§8§C§E§E§5§lO§x§F§C§E§6§F§2§lF §x§F§C§E§6§F§2§lE§x§F§8§C§E§E§5§lT§x§F§5§B§5§D§8§lE§x§F§2§9§D§C§B§lR§x§E§E§8§4§B§D§lN§x§E§B§6§B§B§0§lI§x§E§7§5§3§A§3§lT§x§E§4§3§A§9§6§lY from storage
[18:37:59] > CeeJaiye remove x1 §x§E§4§3§A§9§6§lW§x§E§7§5§3§A§3§lI§x§E§B§6§B§B§0§lN§x§E§E§8§4§B§D§lG§x§F§2§9§D§C§B§lS §x§F§8§C§E§E§5§lO§x§F§C§E§6§F§2§lF §x§F§C§E§6§F§2§lE§x§F§8§C§E§E§5§lT§x§F§5§B§5§D§8§lE§x§F§2§9§D§C§B§lR§x§E§E§8§4§B§D§lN§x§E§B§6§B§B§0§lI§x§E§7§5§3§A§3§lT§x§E§4§3§A§9§6§lY from storage
[18:38:01] > CeeJaiye remove x1 §x§5§9§A§1§D§9§lA§x§6§A§A§A§D§Dr§x§7§A§B§4§E§1c§x§8§B§B§D§E§4h§x§9§B§C§7§E§8a§x§A§C§D§0§E§Cn§x§B§D§D§9§F§0g§x§C§D§E§3§F§4e§x§D§E§E§C§F§7l §fC§x§E§D§F§5§F§Bh§x§D§A§E§A§F§7e§x§C§8§E§0§F§2s§x§B§5§D§5§E§Et§x§A§3§C§B§E§Ap§x§9§0§C§0§E§6l§x§7§E§B§6§E§1a§x§6§B§A§B§D§Dt§x§5§9§A§1§D§9e from storage
[18:38:09] > CeeJaiye added x1 §x§E§4§3§A§9§6§lW§x§E§7§5§3§A§3§lI§x§E§B§6§B§B§0§lN§x§E§E§8§4§B§D§lG§x§F§2§9§D§C§B§lS §x§F§8§C§E§E§5§lO§x§F§C§E§6§F§2§lF §x§F§C§E§6§F§2§lE§x§F§8§C§E§E§5§lT§x§F§5§B§5§D§8§lE§x§F§2§9§D§C§B§lR§x§E§E§8§4§B§D§lN§x§E§B§6§B§B§0§lI§x§E§7§5§3§A§3§lT§x§E§4§3§A§9§6§lY in auction for 250000.
[18:38:16] > CeeJaiye added x1 §x§E§4§3§A§9§6§lW§x§E§7§5§3§A§3§lI§x§E§B§6§B§B§0§lN§x§E§E§8§4§B§D§lG§x§F§2§9§D§C§B§lS §x§F§8§C§E§E§5§lO§x§F§C§E§6§F§2§lF §x§F§C§E§6§F§2§lE§x§F§8§C§E§E§5§lT§x§F§5§B§5§D§8§lE§x§F§2§9§D§C§B§lR§x§E§E§8§4§B§D§lN§x§E§B§6§B§B§0§lI§x§E§7§5§3§A§3§lT§x§E§4§3§A§9§6§lY in auction for 250000.
[18:38:35] > CeeJaiye added x1 §x§5§9§A§1§D§9§lA§x§6§A§A§A§D§Dr§x§7§A§B§4§E§1c§x§8§B§B§D§E§4h§x§9§B§C§7§E§8a§x§A§C§D§0§E§Cn§x§B§D§D§9§F§0g§x§C§D§E§3§F§4e§x§D§E§E§C§F§7l §fC§x§E§D§F§5§F§Bh§x§D§A§E§A§F§7e§x§C§8§E§0§F§2s§x§B§5§D§5§E§Et§x§A§3§C§B§E§Ap§x§9§0§C§0§E§6l§x§7§E§B§6§E§1a§x§6§B§A§B§D§Dt§x§5§9§A§1§D§9e in auction for 200000.
[19:58:18] > x1 §x§6§0§0§0§F§F§lɢᴏᴅʟʏ ɪᴛᴇᴍ on sale by pulser13 has just expired, it goes in the inventory of expired items.
[19:58:18] > grit_zy added x1 Silence armor trim smithing template in auction for 100000.
[19:58:34] > grit_zy added x1 Flow armor trim smithing template in auction for 50000.
[19:58:54] > softlattee buy x1 §x§F§C§D§0§5§C§lB§x§E§6§D§3§6§B§la§x§C§F§D§5§7§A§ls§x§B§9§D§8§8§9§li§x§A§2§D§A§9§8§lc §x§7§5§D§F§B§6§lC§x§5§F§E§2§C§5§lr§x§7§5§D§F§B§6§la§x§8§C§D§D§A§7§lt§x§A§2§D§A§9§8§le §x§C§F§D§5§7§A§lK§x§E§6§D§3§6§B§le§x§F§C§D§0§5§C§ly to mauserdart for $10.
[20:10:56] > Zypher_0w0 added x4 Coast armor trim smithing template in auction for 200000.
[20:11:14] > Zypher_0w0 added x1 Coast armor trim smithing template in auction for 50000.
[20:11:32] > Zypher_0w0 remove x4 Coast armor trim smithing template from storage
[20:11:41] > Zypher_0w0 added x4 Coast armor trim smithing template in auction for 180000.
[20:11:50] > Raylii buy x1 Coast armor trim smithing template to Zypher_0w0 for $50 000.
[20:15:12] > Zypher_0w0 added x4 Ward armor trim smithing template in auction for 180000.
[20:15:32] > Zypher_0w0 added x1 Ward armor trim smithing template in auction for 50000.
[20:15:42] > Zypher_0w0 remove x1 §x§F§F§3§E§0§0§lD§x§F§F§3§7§0§0§le§x§F§F§3§0§0§0§lm§x§F§F§2§9§0§0§lo§x§F§F§2§2§0§0§ln §x§F§F§1§5§0§0§lL§x§F§F§0§E§0§0§lo§x§F§F§0§7§0§0§lr§x§F§F§0§0§0§0§ld §x§F§F§0§E§0§0§lC§x§F§F§1§5§0§0§lr§x§F§F§1§C§0§0§lo§x§F§F§2§2§0§0§ls§x§F§F§2§9§0§0§ls§x§F§F§3§0§0§0§lb§x§F§F§3§7§0§0§lo§x§F§F§3§E§0§0§lw from expire
[20:15:43] > Zypher_0w0 remove x1 §f§x§F§F§E§D§0§0H§x§F§A§E§8§0§8a§x§F§5§E§2§1§1r§x§F§0§D§D§1§9d§x§E§C§D§8§2§1 §x§E§7§D§3§2§9H§x§E§2§C§D§3§2a§x§D§D§C§8§3§At from expire
[20:16:33] > Raylii buy x1 Ward armor trim smithing template to Zypher_0w0 for $50 000.
[20:21:56] > Raylii added x1 §x§E§4§3§A§9§6§lW§x§E§7§5§3§A§3§lI§x§E§B§6§B§B§0§lN§x§E§E§8§4§B§D§lG§x§F§2§9§D§C§B§lS §x§F§8§C§E§E§5§lO§x§F§C§E§6§F§2§lF §x§F§C§E§6§F§2§lE§x§F§8§C§E§E§5§lT§x§F§5§B§5§D§8§lE§x§F§2§9§D§C§B§lR§x§E§E§8§4§B§D§lN§x§E§B§6§B§B§0§lI§x§E§7§5§3§A§3§lT§x§E§4§3§A§9§6§lY in auction for 100.
[20:21:59] > softlattee buy x1 §x§E§4§3§A§9§6§lW§x§E§7§5§3§A§3§lI§x§E§B§6§B§B§0§lN§x§E§E§8§4§B§D§lG§x§F§2§9§D§C§B§lS §x§F§8§C§E§E§5§lO§x§F§C§E§6§F§2§lF §x§F§C§E§6§F§2§lE§x§F§8§C§E§E§5§lT§x§F§5§B§5§D§8§lE§x§F§2§9§D§C§B§lR§x§E§E§8§4§B§D§lN§x§E§B§6§B§B§0§lI§x§E§7§5§3§A§3§lT§x§E§4§3§A§9§6§lY to Raylii for $100.
[20:53:51] > Padjibarr added x1 §x§F§F§3§E§0§0§lD§x§F§F§3§6§0§0§le§x§F§F§2§F§0§0§lm§x§F§F§2§7§0§0§lo§x§F§F§1§F§0§0§ln §x§F§F§1§0§0§0§lL§x§F§F§0§8§0§0§lo§x§F§F§0§0§0§0§lr§x§F§F§0§8§0§0§ld §x§F§F§1§7§0§0§lH§x§F§F§1§F§0§0§le§x§F§F§2§7§0§0§ll§x§F§F§2§F§0§0§lm§x§F§F§3§6§0§0§le§x§F§F§3§E§0§0§lt in auction for 20000.
[20:53:56] > Padjibarr remove x1 §x§F§F§3§E§0§0§lD§x§F§F§3§6§0§0§le§x§F§F§2§F§0§0§lm§x§F§F§2§7§0§0§lo§x§F§F§1§F§0§0§ln §x§F§F§1§0§0§0§lL§x§F§F§0§8§0§0§lo§x§F§F§0§0§0§0§lr§x§F§F§0§8§0§0§ld §x§F§F§1§7§0§0§lH§x§F§F§1§F§0§0§le§x§F§F§2§7§0§0§ll§x§F§F§2§F§0§0§lm§x§F§F§3§6§0§0§le§x§F§F§3§E§0§0§lt from storage
[20:54:15] > Padjibarr remove x1 §x§F§F§3§E§0§0§lD§x§F§F§3§6§0§0§le§x§F§F§2§F§0§0§lm§x§F§F§2§7§0§0§lo§x§F§F§1§F§0§0§ln §x§F§F§1§0§0§0§lL§x§F§F§0§8§0§0§lo§x§F§F§0§0§0§0§lr§x§F§F§0§8§0§0§ld §x§F§F§1§7§0§0§lH§x§F§F§1§F§0§0§le§x§F§F§2§7§0§0§ll§x§F§F§2§F§0§0§lm§x§F§F§3§6§0§0§le§x§F§F§3§E§0§0§lt from expire
[20:54:27] > Padjibarr added x1 §x§F§F§3§E§0§0§lD§x§F§F§3§6§0§0§le§x§F§F§2§F§0§0§lm§x§F§F§2§7§0§0§lo§x§F§F§1§F§0§0§ln §x§F§F§1§0§0§0§lL§x§F§F§0§8§0§0§lo§x§F§F§0§0§0§0§lr§x§F§F§0§8§0§0§ld §x§F§F§1§7§0§0§lH§x§F§F§1§F§0§0§le§x§F§F§2§7§0§0§ll§x§F§F§2§F§0§0§lm§x§F§F§3§6§0§0§le§x§F§F§3§E§0§0§lt in auction for 200000.
[21:00:44] > celinesanrio remove x1 §x§F§F§3§E§0§0§lD§x§F§F§3§6§0§0§le§x§F§F§2§F§0§0§lm§x§F§F§2§7§0§0§lo§x§F§F§1§F§0§0§ln §x§F§F§1§0§0§0§lL§x§F§F§0§8§0§0§lo§x§F§F§0§0§0§0§lr§x§F§F§0§8§0§0§ld §x§F§F§1§7§0§0§lH§x§F§F§1§F§0§0§le§x§F§F§2§7§0§0§ll§x§F§F§2§F§0§0§lm§x§F§F§3§6§0§0§le§x§F§F§3§E§0§0§lt from storage
[21:00:47] > celinesanrio remove x10 Shulker shell from storage
[21:00:52] > celinesanrio added x10 Shulker shell in auction for 2500.
[21:00:58] > celinesanrio added x1 §x§F§F§3§E§0§0§lD§x§F§F§3§6§0§0§le§x§F§F§2§F§0§0§lm§x§F§F§2§7§0§0§lo§x§F§F§1§F§0§0§ln §x§F§F§1§0§0§0§lL§x§F§F§0§8§0§0§lo§x§F§F§0§0§0§0§lr§x§F§F§0§8§0§0§ld §x§F§F§1§7§0§0§lH§x§F§F§1§F§0§0§le§x§F§F§2§7§0§0§ll§x§F§F§2§F§0§0§lm§x§F§F§3§6§0§0§le§x§F§F§3§E§0§0§lt in auction for 175000.
[21:18:59] > x1 §x§5§C§C§F§F§C§lC§x§5§C§D§1§F§5§lo§x§5§D§D§4§E§E§ls§x§5§D§D§6§E§7§lm§x§5§E§D§9§E§1§le§x§5§E§D§B§D§A§lt§x§5§E§D§D§D§3§li§x§5§F§E§0§C§C§lc §x§5§F§E§0§C§C§lH§x§5§E§D§D§D§3§la§x§5§E§D§B§D§A§lt§x§5§E§D§9§E§1§ls §x§5§D§D§4§E§E§lK§x§5§C§D§1§F§5§le§x§5§C§C§F§F§C§ly on sale by Snelle_Chelle has just expired, it goes in the inventory of expired items.
[21:18:59] > x1 §x§F§F§0§0§0§0§lS§x§F§F§1§3§0§0§lh§x§F§F§2§6§0§0§lo§x§F§F§3§9§0§0§lg§x§F§F§4§D§0§0§lu§x§F§F§6§0§0§0§ln §x§F§F§8§6§0§0§lF§x§F§F§7§3§0§0§lr§x§F§F§6§0§0§0§la§x§F§F§4§D§0§0§lg§x§F§F§3§9§0§0§lm§x§F§F§2§6§0§0§le§x§F§F§1§3§0§0§ln§x§F§F§0§0§0§0§lt on sale by Snelle_Chelle has just expired, it goes in the inventory of expired items.
[21:41:27] > Padjibarr remove x1 §x§F§F§3§E§0§0§lD§x§F§F§3§6§0§0§le§x§F§F§2§F§0§0§lm§x§F§F§2§7§0§0§lo§x§F§F§1§F§0§0§ln §x§F§F§1§0§0§0§lL§x§F§F§0§8§0§0§lo§x§F§F§0§0§0§0§lr§x§F§F§0§8§0§0§ld §x§F§F§1§7§0§0§lH§x§F§F§1§F§0§0§le§x§F§F§2§7§0§0§ll§x§F§F§2§F§0§0§lm§x§F§F§3§6§0§0§le§x§F§F§3§E§0§0§lt from storage
[21:41:39] > Padjibarr remove x1 §x§F§F§3§E§0§0§lD§x§F§F§3§6§0§0§le§x§F§F§2§F§0§0§lm§x§F§F§2§7§0§0§lo§x§F§F§1§F§0§0§ln §x§F§F§1§0§0§0§lL§x§F§F§0§8§0§0§lo§x§F§F§0§0§0§0§lr§x§F§F§0§8§0§0§ld §x§F§F§1§7§0§0§lH§x§F§F§1§F§0§0§le§x§F§F§2§7§0§0§ll§x§F§F§2§F§0§0§lm§x§F§F§3§6§0§0§le§x§F§F§3§E§0§0§lt from expire
[21:54:24] > x1 §eʙʟᴀᴢᴇ sᴘᴀᴡɴᴇʀ on sale by Cynishere has just expired, it goes in the inventory of expired items.
[22:05:42] > Icon_Skully buy x1 §x§5§9§A§1§D§9§lA§x§6§A§A§A§D§Dr§x§7§A§B§4§E§1c§x§8§B§B§D§E§4h§x§9§B§C§7§E§8a§x§A§C§D§0§E§Cn§x§B§D§D§9§F§0g§x§C§D§E§3§F§4e§x§D§E§E§C§F§7l §fC§x§E§D§F§5§F§Bh§x§D§A§E§A§F§7e§x§C§8§E§0§F§2s§x§B§5§D§5§E§Et§x§A§3§C§B§E§Ap§x§9§0§C§0§E§6l§x§7§E§B§6§E§1a§x§6§B§A§B§D§Dt§x§5§9§A§1§D§9e to CeeJaiye for $200 000.
[22:22:21] > x4 §eᴡᴀʀᴅᴇɴ ꜱᴘᴀᴡɴᴇʀ on sale by Cynishere has just expired, it goes in the inventory of expired items.
[22:22:21] > x2 §esᴋᴇʟᴇᴛᴏɴ sᴘᴀᴡɴᴇʀ on sale by Cynishere has just expired, it goes in the inventory of expired items.
[22:45:20] > celinesanrio remove x10 Shulker shell from storage
[22:45:24] > celinesanrio added x14 Shulker shell in auction for 5000.
[23:16:45] > Lchristian buy x1 §x§F§F§3§E§0§0§lD§x§F§F§3§6§0§0§le§x§F§F§2§F§0§0§lm§x§F§F§2§7§0§0§lo§x§F§F§1§F§0§0§ln §x§F§F§1§0§0§0§lL§x§F§F§0§8§0§0§lo§x§F§F§0§0§0§0§lr§x§F§F§0§9§0§0§ld §x§F§F§1§B§0§0§lS§x§F§F§2§3§0§0§lw§x§F§F§2§C§0§0§lo§x§F§F§3§5§0§0§lr§x§F§F§3§E§0§0§ld to Kwienn for $300 000.
[23:58:21] > x1 §x§E§3§A§F§4§F§lʟᴇɢᴇɴᴅᴀʀʏ ɪᴛᴇᴍ on sale by HPMR_GaMerz has just expired, it goes in the inventory of expired items.
[23:58:48] > Zypher_0w0 remove x1 /pwarp TotemTrade to save up to 189k (real) from storage
[23:59:11] > Zypher_0w0 added x1 /pwarp TotemTrade to save up to 189k (real) in auction for 270000.
[00:13:13] > celinesanrio added x64 Diamond in auction for 50000.
[00:37:29] > stevenred added x1 Poppy in auction for 1000000.
[00:50:49] > celinesanrio added x1 §x§6§0§0§0§F§F§lɢᴏᴅʟʏ ɪᴛᴇᴍ in auction for 50000.
[00:50:55] > celinesanrio added x1 §x§6§0§0§0§F§F§lɢᴏᴅʟʏ ɪᴛᴇᴍ in auction for 50000.
[00:54:14] > imnectarfr buy x1 §x§6§0§0§0§F§F§lɢᴏᴅʟʏ ɪᴛᴇᴍ to celinesanrio for $50 000.
[00:58:52] > HPMR_GaMerz buy x64 Diamond to celinesanrio for $50 000.
[00:59:28] > celinesanrio added x1 §x§E§4§3§A§9§6§lW§x§E§7§5§3§A§3§lI§x§E§B§6§B§B§0§lN§x§E§E§8§4§B§D§lG§x§F§2§9§D§C§B§lS §x§F§8§C§E§E§5§lO§x§F§C§E§6§F§2§lF §x§F§C§E§6§F§2§lE§x§F§8§C§E§E§5§lT§x§F§5§B§5§D§8§lE§x§F§2§9§D§C§B§lR§x§E§E§8§4§B§D§lN§x§E§B§6§B§B§0§lI§x§E§7§5§3§A§3§lT§x§E§4§3§A§9§6§lY in auction for 100000.
[00:59:31] > HPMR_GaMerz buy x1 §x§E§4§3§A§9§6§lW§x§E§7§5§3§A§3§lI§x§E§B§6§B§B§0§lN§x§E§E§8§4§B§D§lG§x§F§2§9§D§C§B§lS §x§F§8§C§E§E§5§lO§x§F§C§E§6§F§2§lF §x§F§C§E§6§F§2§lE§x§F§8§C§E§E§5§lT§x§F§5§B§5§D§8§lE§x§F§2§9§D§C§B§lR§x§E§E§8§4§B§D§lN§x§E§B§6§B§B§0§lI§x§E§7§5§3§A§3§lT§x§E§4§3§A§9§6§lY to celinesanrio for $100 000.
[01:00:09] > celinesanrio added x1 §x§E§4§3§A§9§6§lW§x§E§7§5§3§A§3§lI§x§E§B§6§B§B§0§lN§x§E§E§8§4§B§D§lG§x§F§2§9§D§C§B§lS §x§F§8§C§E§E§5§lO§x§F§C§E§6§F§2§lF §x§F§C§E§6§F§2§lE§x§F§8§C§E§E§5§lT§x§F§5§B§5§D§8§lE§x§F§2§9§D§C§B§lR§x§E§E§8§4§B§D§lN§x§E§B§6§B§B§0§lI§x§E§7§5§3§A§3§lT§x§E§4§3§A§9§6§lY in auction for 100000.
[01:00:13] > HPMR_GaMerz buy x1 §x§E§4§3§A§9§6§lW§x§E§7§5§3§A§3§lI§x§E§B§6§B§B§0§lN§x§E§E§8§4§B§D§lG§x§F§2§9§D§C§B§lS §x§F§8§C§E§E§5§lO§x§F§C§E§6§F§2§lF §x§F§C§E§6§F§2§lE§x§F§8§C§E§E§5§lT§x§F§5§B§5§D§8§lE§x§F§2§9§D§C§B§lR§x§E§E§8§4§B§D§lN§x§E§B§6§B§B§0§lI§x§E§7§5§3§A§3§lT§x§E§4§3§A§9§6§lY to celinesanrio for $100 000.
[01:00:39] > celinesanrio added x1 §x§E§4§3§A§9§6§lW§x§E§7§5§3§A§3§lI§x§E§B§6§B§B§0§lN§x§E§E§8§4§B§D§lG§x§F§2§9§D§C§B§lS §x§F§8§C§E§E§5§lO§x§F§C§E§6§F§2§lF §x§F§C§E§6§F§2§lE§x§F§8§C§E§E§5§lT§x§F§5§B§5§D§8§lE§x§F§2§9§D§C§B§lR§x§E§E§8§4§B§D§lN§x§E§B§6§B§B§0§lI§x§E§7§5§3§A§3§lT§x§E§4§3§A§9§6§lY in auction for 100000.
[01:00:49] > celinesanrio added x1 §x§E§4§3§A§9§6§lW§x§E§7§5§3§A§3§lI§x§E§B§6§B§B§0§lN§x§E§E§8§4§B§D§lG§x§F§2§9§D§C§B§lS §x§F§8§C§E§E§5§lO§x§F§C§E§6§F§2§lF §x§F§C§E§6§F§2§lE§x§F§8§C§E§E§5§lT§x§F§5§B§5§D§8§lE§x§F§2§9§D§C§B§lR§x§E§E§8§4§B§D§lN§x§E§B§6§B§B§0§lI§x§E§7§5§3§A§3§lT§x§E§4§3§A§9§6§lY in auction for 100000.
[01:00:52] > stevenred buy x1 /pwarp TotemTrade to save up to 189k (real) to Zypher_0w0 for $270 000.
[01:00:54] > HPMR_GaMerz buy x1 §x§E§4§3§A§9§6§lW§x§E§7§5§3§A§3§lI§x§E§B§6§B§B§0§lN§x§E§E§8§4§B§D§lG§x§F§2§9§D§C§B§lS §x§F§8§C§E§E§5§lO§x§F§C§E§6§F§2§lF §x§F§C§E§6§F§2§lE§x§F§8§C§E§E§5§lT§x§F§5§B§5§D§8§lE§x§F§2§9§D§C§B§lR§x§E§E§8§4§B§D§lN§x§E§B§6§B§B§0§lI§x§E§7§5§3§A§3§lT§x§E§4§3§A§9§6§lY to celinesanrio for $100 000.
[01:00:54] > celinesanrio added x1 §x§E§4§3§A§9§6§lW§x§E§7§5§3§A§3§lI§x§E§B§6§B§B§0§lN§x§E§E§8§4§B§D§lG§x§F§2§9§D§C§B§lS §x§F§8§C§E§E§5§lO§x§F§C§E§6§F§2§lF §x§F§C§E§6§F§2§lE§x§F§8§C§E§E§5§lT§x§F§5§B§5§D§8§lE§x§F§2§9§D§C§B§lR§x§E§E§8§4§B§D§lN§x§E§B§6§B§B§0§lI§x§E§7§5§3§A§3§lT§x§E§4§3§A§9§6§lY in auction for 100000.
[01:00:59] > HPMR_GaMerz buy x1 §x§E§4§3§A§9§6§lW§x§E§7§5§3§A§3§lI§x§E§B§6§B§B§0§lN§x§E§E§8§4§B§D§lG§x§F§2§9§D§C§B§lS §x§F§8§C§E§E§5§lO§x§F§C§E§6§F§2§lF §x§F§C§E§6§F§2§lE§x§F§8§C§E§E§5§lT§x§F§5§B§5§D§8§lE§x§F§2§9§D§C§B§lR§x§E§E§8§4§B§D§lN§x§E§B§6§B§B§0§lI§x§E§7§5§3§A§3§lT§x§E§4§3§A§9§6§lY to celinesanrio for $100 000.
[01:01:00] > celinesanrio added x1 §x§E§4§3§A§9§6§lW§x§E§7§5§3§A§3§lI§x§E§B§6§B§B§0§lN§x§E§E§8§4§B§D§lG§x§F§2§9§D§C§B§lS §x§F§8§C§E§E§5§lO§x§F§C§E§6§F§2§lF §x§F§C§E§6§F§2§lE§x§F§8§C§E§E§5§lT§x§F§5§B§5§D§8§lE§x§F§2§9§D§C§B§lR§x§E§E§8§4§B§D§lN§x§E§B§6§B§B§0§lI§x§E§7§5§3§A§3§lT§x§E§4§3§A§9§6§lY in auction for 100000.
[01:01:05] > HPMR_GaMerz buy x1 §x§E§4§3§A§9§6§lW§x§E§7§5§3§A§3§lI§x§E§B§6§B§B§0§lN§x§E§E§8§4§B§D§lG§x§F§2§9§D§C§B§lS §x§F§8§C§E§E§5§lO§x§F§C§E§6§F§2§lF §x§F§C§E§6§F§2§lE§x§F§8§C§E§E§5§lT§x§F§5§B§5§D§8§lE§x§F§2§9§D§C§B§lR§x§E§E§8§4§B§D§lN§x§E§B§6§B§B§0§lI§x§E§7§5§3§A§3§lT§x§E§4§3§A§9§6§lY to celinesanrio for $100 000.
[01:01:07] > celinesanrio added x1 §x§E§4§3§A§9§6§lW§x§E§7§5§3§A§3§lI§x§E§B§6§B§B§0§lN§x§E§E§8§4§B§D§lG§x§F§2§9§D§C§B§lS §x§F§8§C§E§E§5§lO§x§F§C§E§6§F§2§lF §x§F§C§E§6§F§2§lE§x§F§8§C§E§E§5§lT§x§F§5§B§5§D§8§lE§x§F§2§9§D§C§B§lR§x§E§E§8§4§B§D§lN§x§E§B§6§B§B§0§lI§x§E§7§5§3§A§3§lT§x§E§4§3§A§9§6§lY in auction for 100000.
[01:01:10] > imnectarfr buy x1 §x§E§4§3§A§9§6§lW§x§E§7§5§3§A§3§lI§x§E§B§6§B§B§0§lN§x§E§E§8§4§B§D§lG§x§F§2§9§D§C§B§lS §x§F§8§C§E§E§5§lO§x§F§C§E§6§F§2§lF §x§F§C§E§6§F§2§lE§x§F§8§C§E§E§5§lT§x§F§5§B§5§D§8§lE§x§F§2§9§D§C§B§lR§x§E§E§8§4§B§D§lN§x§E§B§6§B§B§0§lI§x§E§7§5§3§A§3§lT§x§E§4§3§A§9§6§lY to celinesanrio for $100 000.
[01:01:15] > celinesanrio added x1 §x§E§4§3§A§9§6§lW§x§E§7§5§3§A§3§lI§x§E§B§6§B§B§0§lN§x§E§E§8§4§B§D§lG§x§F§2§9§D§C§B§lS §x§F§8§C§E§E§5§lO§x§F§C§E§6§F§2§lF §x§F§C§E§6§F§2§lE§x§F§8§C§E§E§5§lT§x§F§5§B§5§D§8§lE§x§F§2§9§D§C§B§lR§x§E§E§8§4§B§D§lN§x§E§B§6§B§B§0§lI§x§E§7§5§3§A§3§lT§x§E§4§3§A§9§6§lY in auction for 100000.
[01:01:52] > HPMR_GaMerz remove x1 §x§E§4§3§A§9§6§lW§x§E§7§5§3§A§3§lI§x§E§B§6§B§B§0§lN§x§E§E§8§4§B§D§lG§x§F§2§9§D§C§B§lS §x§F§8§C§E§E§5§lO§x§F§C§E§6§F§2§lF §x§F§C§E§6§F§2§lE§x§F§8§C§E§E§5§lT§x§F§5§B§5§D§8§lE§x§F§2§9§D§C§B§lR§x§E§E§8§4§B§D§lN§x§E§B§6§B§B§0§lI§x§E§7§5§3§A§3§lT§x§E§4§3§A§9§6§lY form buy
[01:01:52] > HPMR_GaMerz remove x1 §x§E§4§3§A§9§6§lW§x§E§7§5§3§A§3§lI§x§E§B§6§B§B§0§lN§x§E§E§8§4§B§D§lG§x§F§2§9§D§C§B§lS §x§F§8§C§E§E§5§lO§x§F§C§E§6§F§2§lF §x§F§C§E§6§F§2§lE§x§F§8§C§E§E§5§lT§x§F§5§B§5§D§8§lE§x§F§2§9§D§C§B§lR§x§E§E§8§4§B§D§lN§x§E§B§6§B§B§0§lI§x§E§7§5§3§A§3§lT§x§E§4§3§A§9§6§lY form buy
[01:02:01] > HPMR_GaMerz remove x1 §x§E§4§3§A§9§6§lW§x§E§7§5§3§A§3§lI§x§E§B§6§B§B§0§lN§x§E§E§8§4§B§D§lG§x§F§2§9§D§C§B§lS §x§F§8§C§E§E§5§lO§x§F§C§E§6§F§2§lF §x§F§C§E§6§F§2§lE§x§F§8§C§E§E§5§lT§x§F§5§B§5§D§8§lE§x§F§2§9§D§C§B§lR§x§E§E§8§4§B§D§lN§x§E§B§6§B§B§0§lI§x§E§7§5§3§A§3§lT§x§E§4§3§A§9§6§lY from buy
[01:02:36] > HPMR_GaMerz added x64 Firework rocket in auction for 30000.
[01:03:09] > HPMR_GaMerz remove x64 Firework rocket from storage
[01:03:20] > HPMR_GaMerz remove x34 Firework rocket from expire
[01:03:21] > HPMR_GaMerz remove x1 §x§E§3§A§F§4§F§lʟᴇɢᴇɴᴅᴀʀʏ ɪᴛᴇᴍ from expire
[01:06:01] > HPMR_GaMerz added x1 §x§E§4§3§A§9§6§lW§x§E§7§5§3§A§3§lI§x§E§B§6§B§B§0§lN§x§E§E§8§4§B§D§lG§x§F§2§9§D§C§B§lS §x§F§8§C§E§E§5§lO§x§F§C§E§6§F§2§lF §x§F§C§E§6§F§2§lE§x§F§8§C§E§E§5§lT§x§F§5§B§5§D§8§lE§x§F§2§9§D§C§B§lR§x§E§E§8§4§B§D§lN§x§E§B§6§B§B§0§lI§x§E§7§5§3§A§3§lT§x§E§4§3§A§9§6§lY in auction for 225000.
[01:12:48] > x1 §x§6§0§0§0§F§F§lɢᴏᴅʟʏ ɪᴛᴇᴍ on sale by Snelle_Chelle has just expired, it goes in the inventory of expired items.
[01:36:54] > Zypher_0w0 added x1 §x§5§C§C§F§F§C§lC§x§5§C§D§1§F§5§lo§x§5§D§D§4§E§E§ls§x§5§D§D§6§E§7§lm§x§5§E§D§9§E§1§le§x§5§E§D§B§D§A§lt§x§5§E§D§D§D§3§li§x§5§F§E§0§C§C§lc §x§5§F§E§0§C§C§lH§x§5§E§D§D§D§3§la§x§5§E§D§B§D§A§lt§x§5§E§D§9§E§1§ls §x§5§D§D§4§E§E§lK§x§5§C§D§1§F§5§le§x§5§C§C§F§F§C§ly in auction for 200000.
[01:37:02] > Zypher_0w0 added x1 §x§3§1§3§7§F§F§lS§x§3§7§4§C§F§8§lp§x§3§D§6§2§F§1§la§x§4§2§7§7§E§9§lw§x§4§8§8§D§E§2§ln§x§4§E§A§2§D§B§le§x§5§4§B§7§D§4§lr §x§5§F§E§2§C§5§lC§x§5§9§C§D§C§C§lr§x§5§4§B§7§D§4§la§x§4§E§A§2§D§B§lt§x§4§8§8§D§E§2§le §x§3§D§6§2§F§1§lK§x§3§7§4§C§F§8§le§x§3§1§3§7§F§F§ly in auction for 200000.
[01:37:16] > Zypher_0w0 added x1 §x§3§1§3§7§F§F§lS§x§3§7§4§C§F§8§lp§x§3§D§6§2§F§1§la§x§4§2§7§7§E§9§lw§x§4§8§8§D§E§2§ln§x§4§E§A§2§D§B§le§x§5§4§B§7§D§4§lr §x§5§F§E§2§C§5§lC§x§5§9§C§D§C§C§lr§x§5§4§B§7§D§4§la§x§4§E§A§2§D§B§lt§x§4§8§8§D§E§2§le §x§3§D§6§2§F§1§lK§x§3§7§4§C§F§8§le§x§3§1§3§7§F§F§ly in auction for 200000.
[01:43:11] > Zecim added x1 §fFeathers Hat in auction for 1000000.
[01:47:29] > CeeJaiye remove x1 §x§E§4§3§A§9§6§lW§x§E§7§5§3§A§3§lI§x§E§B§6§B§B§0§lN§x§E§E§8§4§B§D§lG§x§F§2§9§D§C§B§lS §x§F§8§C§E§E§5§lO§x§F§C§E§6§F§2§lF §x§F§C§E§6§F§2§lE§x§F§8§C§E§E§5§lT§x§F§5§B§5§D§8§lE§x§F§2§9§D§C§B§lR§x§E§E§8§4§B§D§lN§x§E§B§6§B§B§0§lI§x§E§7§5§3§A§3§lT§x§E§4§3§A§9§6§lY from storage
[01:47:29] > CeeJaiye remove x1 §x§E§4§3§A§9§6§lW§x§E§7§5§3§A§3§lI§x§E§B§6§B§B§0§lN§x§E§E§8§4§B§D§lG§x§F§2§9§D§C§B§lS §x§F§8§C§E§E§5§lO§x§F§C§E§6§F§2§lF §x§F§C§E§6§F§2§lE§x§F§8§C§E§E§5§lT§x§F§5§B§5§D§8§lE§x§F§2§9§D§C§B§lR§x§E§E§8§4§B§D§lN§x§E§B§6§B§B§0§lI§x§E§7§5§3§A§3§lT§x§E§4§3§A§9§6§lY from storage
[01:47:30] > CeeJaiye remove x1 §eᴢᴏᴍʙɪᴇ sᴘᴀᴡɴᴇʀ from storage
[01:47:41] > CeeJaiye added x1 §x§E§4§3§A§9§6§lW§x§E§7§5§3§A§3§lI§x§E§B§6§B§B§0§lN§x§E§E§8§4§B§D§lG§x§F§2§9§D§C§B§lS §x§F§8§C§E§E§5§lO§x§F§C§E§6§F§2§lF §x§F§C§E§6§F§2§lE§x§F§8§C§E§E§5§lT§x§F§5§B§5§D§8§lE§x§F§2§9§D§C§B§lR§x§E§E§8§4§B§D§lN§x§E§B§6§B§B§0§lI§x§E§7§5§3§A§3§lT§x§E§4§3§A§9§6§lY in auction for 200000.
[01:47:48] > CeeJaiye added x1 §x§E§4§3§A§9§6§lW§x§E§7§5§3§A§3§lI§x§E§B§6§B§B§0§lN§x§E§E§8§4§B§D§lG§x§F§2§9§D§C§B§lS §x§F§8§C§E§E§5§lO§x§F§C§E§6§F§2§lF §x§F§C§E§6§F§2§lE§x§F§8§C§E§E§5§lT§x§F§5§B§5§D§8§lE§x§F§2§9§D§C§B§lR§x§E§E§8§4§B§D§lN§x§E§B§6§B§B§0§lI§x§E§7§5§3§A§3§lT§x§E§4§3§A§9§6§lY in auction for 200000.
[01:48:00] > CeeJaiye added x1 §eᴢᴏᴍʙɪᴇ sᴘᴀᴡɴᴇʀ in auction for 800000.
[01:55:03] > Kwienn added x1 §eᴡᴀʀᴅᴇɴ ꜱᴘᴀᴡɴᴇʀ in auction for 500000.
[02:11:04] > Zecim added x1 §eʙʟᴀᴢᴇ sᴘᴀᴡɴᴇʀ in auction for 350000.
[02:21:33] > Zecim added x1 Flow armor trim smithing template in auction for 49000.
[02:21:43] > Zecim added x1 Heavy core in auction for 2500000.
[03:14:05] > Desdo buy x1 §x§6§0§0§0§F§F§lɢᴏᴅʟʏ ɪᴛᴇᴍ to .Acon1te4773 for $100 000.
[03:16:09] > Desdo buy x1 §x§6§0§0§0§F§F§lɢᴏᴅʟʏ ɪᴛᴇᴍ to celinesanrio for $50 000.
[04:06:03] > celinesanrio added x1 §f§x§F§8§B§B§F§FC§x§F§5§B§B§F§Fh§x§F§2§B§A§F§Fe§x§F§0§B§A§F§Fr§x§E§D§B§9§F§Fr§x§E§A§B§9§F§Fy§x§E§7§B§9§F§F §x§E§5§B§8§F§FB§x§E§2§B§8§F§Fl§x§D§F§B§7§F§Fo§x§D§C§B§7§F§Fs§x§D§A§B§6§F§Fs§x§D§7§B§6§F§Fo§x§D§4§B§6§F§Fm§x§D§1§B§5§F§F §x§C§F§B§5§F§FH§x§C§C§B§4§F§Fa§x§C§9§B§4§F§Ft in auction for 50000.
[04:06:13] > celinesanrio remove x1 §x§E§4§3§A§9§6§lW§x§E§7§5§3§A§3§lI§x§E§B§6§B§B§0§lN§x§E§E§8§4§B§D§lG§x§F§2§9§D§C§B§lS §x§F§8§C§E§E§5§lO§x§F§C§E§6§F§2§lF §x§F§C§E§6§F§2§lE§x§F§8§C§E§E§5§lT§x§F§5§B§5§D§8§lE§x§F§2§9§D§C§B§lR§x§E§E§8§4§B§D§lN§x§E§B§6§B§B§0§lI§x§E§7§5§3§A§3§lT§x§E§4§3§A§9§6§lY from storage
[04:06:13] > celinesanrio remove x1 §x§E§4§3§A§9§6§lW§x§E§7§5§3§A§3§lI§x§E§B§6§B§B§0§lN§x§E§E§8§4§B§D§lG§x§F§2§9§D§C§B§lS §x§F§8§C§E§E§5§lO§x§F§C§E§6§F§2§lF §x§F§C§E§6§F§2§lE§x§F§8§C§E§E§5§lT§x§F§5§B§5§D§8§lE§x§F§2§9§D§C§B§lR§x§E§E§8§4§B§D§lN§x§E§B§6§B§B§0§lI§x§E§7§5§3§A§3§lT§x§E§4§3§A§9§6§lY from storage
[04:06:16] > celinesanrio added x1 §x§F§F§0§0§0§0§lS§x§F§F§1§3§0§0§lh§x§F§F§2§6§0§0§lo§x§F§F§3§9§0§0§lg§x§F§F§4§D§0§0§lu§x§F§F§6§0§0§0§ln §x§F§F§8§6§0§0§lF§x§F§F§7§3§0§0§lr§x§F§F§6§0§0§0§la§x§F§F§4§D§0§0§lg§x§F§F§3§9§0§0§lm§x§F§F§2§6§0§0§le§x§F§F§1§3§0§0§ln§x§F§F§0§0§0§0§lt in auction for 50000.
[04:06:22] > celinesanrio added x1 §x§E§4§3§A§9§6§lW§x§E§7§5§3§A§3§lI§x§E§B§6§B§B§0§lN§x§E§E§8§4§B§D§lG§x§F§2§9§D§C§B§lS §x§F§8§C§E§E§5§lO§x§F§C§E§6§F§2§lF §x§F§C§E§6§F§2§lE§x§F§8§C§E§E§5§lT§x§F§5§B§5§D§8§lE§x§F§2§9§D§C§B§lR§x§E§E§8§4§B§D§lN§x§E§B§6§B§B§0§lI§x§E§7§5§3§A§3§lT§x§E§4§3§A§9§6§lY in auction for 100000.
[06:54:20] > Kwienn buy x1 §f§x§F§8§B§B§F§FC§x§F§5§B§B§F§Fh§x§F§2§B§A§F§Fe§x§F§0§B§A§F§Fr§x§E§D§B§9§F§Fr§x§E§A§B§9§F§Fy§x§E§7§B§9§F§F §x§E§5§B§8§F§FB§x§E§2§B§8§F§Fl§x§D§F§B§7§F§Fo§x§D§C§B§7§F§Fs§x§D§A§B§6§F§Fs§x§D§7§B§6§F§Fo§x§D§4§B§6§F§Fm§x§D§1§B§5§F§F §x§C§F§B§5§F§FH§x§C§C§B§4§F§Fa§x§C§9§B§4§F§Ft to celinesanrio for $50 000.
[10:51:33] > x1 §x§5§9§A§1§D§9§lA§x§7§5§B§1§D§Fr§x§9§0§C§0§E§6c§x§A§C§D§0§E§Ch§x§C§8§E§0§F§2a§x§E§3§E§F§F§9n§fg§x§E§3§E§F§F§9e§x§C§8§E§0§F§2l §x§9§0§C§0§E§6H§x§7§5§B§1§D§Fo§x§5§9§A§1§D§9e on sale by Padjibarr has just expired, it goes in the inventory of expired items.
[12:08:17] > Zypher_0w0 remove x4 Coast armor trim smithing template from storage
[12:08:18] > Zypher_0w0 remove x4 Ward armor trim smithing template from storage
[12:08:58] > Zypher_0w0 remove x1 §x§5§C§C§F§F§C§lC§x§5§C§D§1§F§5§lo§x§5§D§D§4§E§E§ls§x§5§D§D§6§E§7§lm§x§5§E§D§9§E§1§le§x§5§E§D§B§D§A§lt§x§5§E§D§D§D§3§li§x§5§F§E§0§C§C§lc §x§5§F§E§0§C§C§lH§x§5§E§D§D§D§3§la§x§5§E§D§B§D§A§lt§x§5§E§D§9§E§1§ls §x§5§D§D§4§E§E§lK§x§5§C§D§1§F§5§le§x§5§C§C§F§F§C§ly from storage
[12:08:59] > Zypher_0w0 remove x1 §x§3§1§3§7§F§F§lS§x§3§7§4§C§F§8§lp§x§3§D§6§2§F§1§la§x§4§2§7§7§E§9§lw§x§4§8§8§D§E§2§ln§x§4§E§A§2§D§B§le§x§5§4§B§7§D§4§lr §x§5§F§E§2§C§5§lC§x§5§9§C§D§C§C§lr§x§5§4§B§7§D§4§la§x§4§E§A§2§D§B§lt§x§4§8§8§D§E§2§le §x§3§D§6§2§F§1§lK§x§3§7§4§C§F§8§le§x§3§1§3§7§F§F§ly from storage
[12:09:00] > Zypher_0w0 remove x1 §x§3§1§3§7§F§F§lS§x§3§7§4§C§F§8§lp§x§3§D§6§2§F§1§la§x§4§2§7§7§E§9§lw§x§4§8§8§D§E§2§ln§x§4§E§A§2§D§B§le§x§5§4§B§7§D§4§lr §x§5§F§E§2§C§5§lC§x§5§9§C§D§C§C§lr§x§5§4§B§7§D§4§la§x§4§E§A§2§D§B§lt§x§4§8§8§D§E§2§le §x§3§D§6§2§F§1§lK§x§3§7§4§C§F§8§le§x§3§1§3§7§F§F§ly from storage
[12:09:36] > Zypher_0w0 added x1 §fMysterious Hat in auction for 800000.
[12:10:39] > CeeJaiye added x1 §eᴄʀᴇᴇᴘᴇʀ sᴘᴀᴡɴᴇʀ in auction for 500000.
[12:55:12] > Zypher_0w0 added x1 Netherite upgrade smithing template in auction for 1000.
[12:55:29] > Sanchay buy x1 Netherite upgrade smithing template to Zypher_0w0 for $1 000.
[12:55:50] > namerikangel buy x14 Shulker shell to celinesanrio for $5 000.
[12:56:29] > mauserdart added x1 Netherite upgrade smithing template in auction for 5000.
[13:19:54] > mauserdart remove x1 Netherite upgrade smithing template from storage
[13:19:55] > mauserdart remove x1 §fShogun Bow from storage
[13:19:56] > mauserdart remove x1 §fShogun scythe from storage
[14:07:10] > grit_zy added x64 Firework rocket in auction for 10.
[14:07:26] > imnectarfr buy x61 Firework rocket to grit_zy for $10.
[14:57:25] > leafsmh added x64 Firework rocket in auction for 10.
[14:57:29] > mauserdart buy x64 Firework rocket to leafsmh for $10.
[15:58:18] > HPMR_GaMerz buy x1 §x§F§F§0§0§0§0§lS§x§F§F§1§3§0§0§lh§x§F§F§2§6§0§0§lo§x§F§F§3§9§0§0§lg§x§F§F§4§D§0§0§lu§x§F§F§6§0§0§0§ln §x§F§F§8§6§0§0§lF§x§F§F§7§3§0§0§lr§x§F§F§6§0§0§0§la§x§F§F§4§D§0§0§lg§x§F§F§3§9§0§0§lm§x§F§F§2§6§0§0§le§x§F§F§1§3§0§0§ln§x§F§F§0§0§0§0§lt to celinesanrio for $50 000.
[16:00:32] > imnectarfr added x45 Iron block in auction for 15000.
[16:00:35] > HPMR_GaMerz buy x45 Iron block to imnectarfr for $15 000.
[18:18:23] > mauserdart added x64 Cherry leaves in auction for 10000.
[18:20:28] > mauserdart remove x64 Cherry leaves from storage
[18:55:35] > mauserdart added x2 Lead in auction for 10.
[18:55:39] > Cynishere buy x2 Lead to mauserdart for $10.
[19:00:08] > Cynishere buy x1 §x§5§C§C§F§F§C§lC§x§5§C§D§1§F§5§lo§x§5§D§D§4§E§E§ls§x§5§D§D§6§E§7§lm§x§5§E§D§9§E§1§le§x§5§E§D§B§D§A§lt§x§5§E§D§D§D§3§li§x§5§F§E§0§C§C§lc §x§5§F§E§0§C§C§lH§x§5§E§D§D§D§3§la§x§5§E§D§B§D§A§lt§x§5§E§D§9§E§1§ls §x§5§D§D§4§E§E§lK§x§5§C§D§1§F§5§le§x§5§C§C§F§F§C§ly to .Acon1te4773 for $175 000.
[19:00:56] > Cynishere added x1 §esᴘɪᴅᴇʀ sᴘᴀᴡɴᴇʀ in auction for 1500000.
[19:15:55] > Padjibarr added x1 §fShogun Trident in auction for 200000.
[20:08:46] > Zypher_0w0 added x1 §x§3§1§3§7§F§F§lS§x§3§7§4§C§F§8§lp§x§3§D§6§2§F§1§la§x§4§2§7§7§E§9§lw§x§4§8§8§D§E§2§ln§x§4§E§A§2§D§B§le§x§5§4§B§7§D§4§lr §x§5§F§E§2§C§5§lC§x§5§9§C§D§C§C§lr§x§5§4§B§7§D§4§la§x§4§E§A§2§D§B§lt§x§4§8§8§D§E§2§le §x§3§D§6§2§F§1§lK§x§3§7§4§C§F§8§le§x§3§1§3§7§F§F§ly in auction for 250000.
[20:09:03] > Zypher_0w0 added x1 §x§5§9§A§1§D§9§lA§x§7§5§B§1§D§F§lr§x§9§0§C§0§E§6§lc§x§A§C§D§0§E§C§lh§x§C§8§E§0§F§2§la§x§E§3§E§F§F§9§ln§f§lg§x§E§3§E§F§F§9§le§x§C§8§E§0§F§2§ll §x§9§0§C§0§E§6§lK§x§7§5§B§1§D§F§le§x§5§9§A§1§D§9§ly in auction for 1000000.
[20:09:20] > Raylii buy x1 §x§3§1§3§7§F§F§lS§x§3§7§4§C§F§8§lp§x§3§D§6§2§F§1§la§x§4§2§7§7§E§9§lw§x§4§8§8§D§E§2§ln§x§4§E§A§2§D§B§le§x§5§4§B§7§D§4§lr §x§5§F§E§2§C§5§lC§x§5§9§C§D§C§C§lr§x§5§4§B§7§D§4§la§x§4§E§A§2§D§B§lt§x§4§8§8§D§E§2§le §x§3§D§6§2§F§1§lK§x§3§7§4§C§F§8§le§x§3§1§3§7§F§F§ly to Zypher_0w0 for $250 000.
[20:10:36] > InternetCafeUser buy x1 §x§6§0§0§0§F§F§lɢᴏᴅʟʏ ɪᴛᴇᴍ to .Acon1te4773 for $100 000.
[20:11:19] > Zypher_0w0 added x10 §x§F§F§0§0§0§0§lS§x§F§F§1§3§0§0§lh§x§F§F§2§6§0§0§lo§x§F§F§3§9§0§0§lg§x§F§F§4§D§0§0§lu§x§F§F§6§0§0§0§ln §x§F§F§8§6§0§0§lF§x§F§F§7§3§0§0§lr§x§F§F§6§0§0§0§la§x§F§F§4§D§0§0§lg§x§F§F§3§9§0§0§lm§x§F§F§2§6§0§0§le§x§F§F§1§3§0§0§ln§x§F§F§0§0§0§0§lt in auction for 500000.
[20:13:26] > celinesanrio added x1 §x§F§F§3§E§0§0§lDemon Lord Wings in auction for 8000000.
[20:14:13] > x1 §esᴘɪᴅᴇʀ sᴘᴀᴡɴᴇʀ, item of WADDLE_DB, has just expired, the item is definitively deleted.
[20:14:13] > x1 §x§E§4§3§A§9§6§lW§x§E§7§5§3§A§3§lI§x§E§B§6§B§B§0§lN§x§E§E§8§4§B§D§lG§x§F§2§9§D§C§B§lS §x§F§8§C§E§E§5§lO§x§F§C§E§6§F§2§lF §x§F§C§E§6§F§2§lE§x§F§8§C§E§E§5§lT§x§F§5§B§5§D§8§lE§x§F§2§9§D§C§B§lR§x§E§E§8§4§B§D§lN§x§E§B§6§B§B§0§lI§x§E§7§5§3§A§3§lT§x§E§4§3§A§9§6§lY, item of _Mitsuriichan, has just expired, the item is definitively deleted.
[20:16:08] > celinesanrio added x1 §fFestival Hat in auction for 25000.
[20:16:50] > celinesanrio added x1 §fPlanets Hat in auction for 50000.
[20:17:15] > celinesanrio remove x1 §x§F§F§3§E§0§0§lDemon Lord Wings from storage
[20:17:18] > celinesanrio added x1 §x§6§0§0§0§F§F§lɢᴏᴅʟʏ ɪᴛᴇᴍ in auction for 50000.
[20:17:24] > imnectarfr buy x1 §x§6§0§0§0§F§F§lɢᴏᴅʟʏ ɪᴛᴇᴍ to celinesanrio for $50 000.
[20:30:10] > celinesanrio added x1 §x§F§F§3§E§0§0§lD§x§F§F§3§7§0§0§le§x§F§F§3§0§0§0§lm§x§F§F§2§9§0§0§lo§x§F§F§2§2§0§0§ln §x§F§F§1§5§0§0§lL§x§F§F§0§E§0§0§lo§x§F§F§0§7§0§0§lr§x§F§F§0§0§0§0§ld §x§F§F§0§E§0§0§lF§x§F§F§1§5§0§0§lr§x§F§F§1§C§0§0§la§x§F§F§2§2§0§0§lg§x§F§F§2§9§0§0§lm§x§F§F§3§0§0§0§le§x§F§F§3§7§0§0§ln§x§F§F§3§E§0§0§lt in auction for 500000.
[20:30:29] > celinesanrio remove x1 §x§F§F§3§E§0§0§lD§x§F§F§3§7§0§0§le§x§F§F§3§0§0§0§lm§x§F§F§2§9§0§0§lo§x§F§F§2§2§0§0§ln §x§F§F§1§5§0§0§lL§x§F§F§0§E§0§0§lo§x§F§F§0§7§0§0§lr§x§F§F§0§0§0§0§ld §x§F§F§0§E§0§0§lF§x§F§F§1§5§0§0§lr§x§F§F§1§C§0§0§la§x§F§F§2§2§0§0§lg§x§F§F§2§9§0§0§lm§x§F§F§3§0§0§0§le§x§F§F§3§7§0§0§ln§x§F§F§3§E§0§0§lt from storage
[20:30:35] > celinesanrio added x1 §x§F§F§3§E§0§0§lD§x§F§F§3§7§0§0§le§x§F§F§3§0§0§0§lm§x§F§F§2§9§0§0§lo§x§F§F§2§2§0§0§ln §x§F§F§1§5§0§0§lL§x§F§F§0§E§0§0§lo§x§F§F§0§7§0§0§lr§x§F§F§0§0§0§0§ld §x§F§F§0§E§0§0§lF§x§F§F§1§5§0§0§lr§x§F§F§1§C§0§0§la§x§F§F§2§2§0§0§lg§x§F§F§2§9§0§0§lm§x§F§F§3§0§0§0§le§x§F§F§3§7§0§0§ln§x§F§F§3§E§0§0§lt in auction for 200000.
[20:35:59] > x1 §esᴋᴇʟᴇᴛᴏɴ sᴘᴀᴡɴᴇʀ on sale by Kwienn has just expired, it goes in the inventory of expired items.
[20:41:14] > celinesanrio remove x1 §x§F§F§3§E§0§0§lD§x§F§F§3§7§0§0§le§x§F§F§3§0§0§0§lm§x§F§F§2§9§0§0§lo§x§F§F§2§2§0§0§ln §x§F§F§1§5§0§0§lL§x§F§F§0§E§0§0§lo§x§F§F§0§7§0§0§lr§x§F§F§0§0§0§0§ld §x§F§F§0§E§0§0§lF§x§F§F§1§5§0§0§lr§x§F§F§1§C§0§0§la§x§F§F§2§2§0§0§lg§x§F§F§2§9§0§0§lm§x§F§F§3§0§0§0§le§x§F§F§3§7§0§0§ln§x§F§F§3§E§0§0§lt from storage
[20:41:20] > celinesanrio added x1 §x§F§F§3§E§0§0§lD§x§F§F§3§7§0§0§le§x§F§F§3§0§0§0§lm§x§F§F§2§9§0§0§lo§x§F§F§2§2§0§0§ln §x§F§F§1§5§0§0§lL§x§F§F§0§E§0§0§lo§x§F§F§0§7§0§0§lr§x§F§F§0§0§0§0§ld §x§F§F§0§E§0§0§lF§x§F§F§1§5§0§0§lr§x§F§F§1§C§0§0§la§x§F§F§2§2§0§0§lg§x§F§F§2§9§0§0§lm§x§F§F§3§0§0§0§le§x§F§F§3§7§0§0§ln§x§F§F§3§E§0§0§lt in auction for 100000.
[20:41:46] > celinesanrio remove x1 §x§F§F§3§E§0§0§lD§x§F§F§3§6§0§0§le§x§F§F§2§F§0§0§lm§x§F§F§2§7§0§0§lo§x§F§F§1§F§0§0§ln §x§F§F§1§0§0§0§lL§x§F§F§0§8§0§0§lo§x§F§F§0§0§0§0§lr§x§F§F§0§8§0§0§ld §x§F§F§1§7§0§0§lH§x§F§F§1§F§0§0§le§x§F§F§2§7§0§0§ll§x§F§F§2§F§0§0§lm§x§F§F§3§6§0§0§le§x§F§F§3§E§0§0§lt from storage
[20:41:51] > celinesanrio added x1 §x§F§F§3§E§0§0§lD§x§F§F§3§6§0§0§le§x§F§F§2§F§0§0§lm§x§F§F§2§7§0§0§lo§x§F§F§1§F§0§0§ln §x§F§F§1§0§0§0§lL§x§F§F§0§8§0§0§lo§x§F§F§0§0§0§0§lr§x§F§F§0§8§0§0§ld §x§F§F§1§7§0§0§lH§x§F§F§1§F§0§0§le§x§F§F§2§7§0§0§ll§x§F§F§2§F§0§0§lm§x§F§F§3§6§0§0§le§x§F§F§3§E§0§0§lt in auction for 150000.
[20:41:56] > celinesanrio remove x1 §x§E§4§3§A§9§6§lW§x§E§7§5§3§A§3§lI§x§E§B§6§B§B§0§lN§x§E§E§8§4§B§D§lG§x§F§2§9§D§C§B§lS §x§F§8§C§E§E§5§lO§x§F§C§E§6§F§2§lF §x§F§C§E§6§F§2§lE§x§F§8§C§E§E§5§lT§x§F§5§B§5§D§8§lE§x§F§2§9§D§C§B§lR§x§E§E§8§4§B§D§lN§x§E§B§6§B§B§0§lI§x§E§7§5§3§A§3§lT§x§E§4§3§A§9§6§lY from storage
[20:42:01] > celinesanrio added x1 §x§E§4§3§A§9§6§lW§x§E§7§5§3§A§3§lI§x§E§B§6§B§B§0§lN§x§E§E§8§4§B§D§lG§x§F§2§9§D§C§B§lS §x§F§8§C§E§E§5§lO§x§F§C§E§6§F§2§lF §x§F§C§E§6§F§2§lE§x§F§8§C§E§E§5§lT§x§F§5§B§5§D§8§lE§x§F§2§9§D§C§B§lR§x§E§E§8§4§B§D§lN§x§E§B§6§B§B§0§lI§x§E§7§5§3§A§3§lT§x§E§4§3§A§9§6§lY in auction for 100000.
[20:48:32] > Kwienn remove x1 §eᴡᴀʀᴅᴇɴ ꜱᴘᴀᴡɴᴇʀ from storage
[20:48:41] > Kwienn added x1 §eᴄʀᴇᴇᴘᴇʀ sᴘᴀᴡɴᴇʀ in auction for 450000.
[20:48:58] > CeeJaiye remove x1 §x§E§4§3§A§9§6§lW§x§E§7§5§3§A§3§lI§x§E§B§6§B§B§0§lN§x§E§E§8§4§B§D§lG§x§F§2§9§D§C§B§lS §x§F§8§C§E§E§5§lO§x§F§C§E§6§F§2§lF §x§F§C§E§6§F§2§lE§x§F§8§C§E§E§5§lT§x§F§5§B§5§D§8§lE§x§F§2§9§D§C§B§lR§x§E§E§8§4§B§D§lN§x§E§B§6§B§B§0§lI§x§E§7§5§3§A§3§lT§x§E§4§3§A§9§6§lY form storage
[20:48:58] > CeeJaiye remove x1 §eᴢᴏᴍʙɪᴇ sᴘᴀᴡɴᴇʀ form storage
[20:48:58] > CeeJaiye remove x1 §eᴄʀᴇᴇᴘᴇʀ sᴘᴀᴡɴᴇʀ form storage
[20:48:58] > CeeJaiye remove x1 §x§E§4§3§A§9§6§lW§x§E§7§5§3§A§3§lI§x§E§B§6§B§B§0§lN§x§E§E§8§4§B§D§lG§x§F§2§9§D§C§B§lS §x§F§8§C§E§E§5§lO§x§F§C§E§6§F§2§lF §x§F§C§E§6§F§2§lE§x§F§8§C§E§E§5§lT§x§F§5§B§5§D§8§lE§x§F§2§9§D§C§B§lR§x§E§E§8§4§B§D§lN§x§E§B§6§B§B§0§lI§x§E§7§5§3§A§3§lT§x§E§4§3§A§9§6§lY form storage
[20:49:08] > CeeJaiye added x1 §x§E§4§3§A§9§6§lW§x§E§7§5§3§A§3§lI§x§E§B§6§B§B§0§lN§x§E§E§8§4§B§D§lG§x§F§2§9§D§C§B§lS §x§F§8§C§E§E§5§lO§x§F§C§E§6§F§2§lF §x§F§C§E§6§F§2§lE§x§F§8§C§E§E§5§lT§x§F§5§B§5§D§8§lE§x§F§2§9§D§C§B§lR§x§E§E§8§4§B§D§lN§x§E§B§6§B§B§0§lI§x§E§7§5§3§A§3§lT§x§E§4§3§A§9§6§lY in auction for 150000.
[20:49:13] > CeeJaiye added x1 §x§E§4§3§A§9§6§lW§x§E§7§5§3§A§3§lI§x§E§B§6§B§B§0§lN§x§E§E§8§4§B§D§lG§x§F§2§9§D§C§B§lS §x§F§8§C§E§E§5§lO§x§F§C§E§6§F§2§lF §x§F§C§E§6§F§2§lE§x§F§8§C§E§E§5§lT§x§F§5§B§5§D§8§lE§x§F§2§9§D§C§B§lR§x§E§E§8§4§B§D§lN§x§E§B§6§B§B§0§lI§x§E§7§5§3§A§3§lT§x§E§4§3§A§9§6§lY in auction for 150000.
[20:49:24] > Kwienn added x1 §eʙʟᴀᴢᴇ sᴘᴀᴡɴᴇʀ in auction for 200000.
[20:49:29] > CeeJaiye added x1 §eᴄʀᴇᴇᴘᴇʀ sᴘᴀᴡɴᴇʀ in auction for 300000.
[20:49:40] > CeeJaiye added x1 §eᴢᴏᴍʙɪᴇ sᴘᴀᴡɴᴇʀ in auction for 500000.
[20:50:19] > Kwienn buy x1 §x§F§F§3§E§0§0§lD§x§F§F§3§7§0§0§le§x§F§F§3§0§0§0§lm§x§F§F§2§9§0§0§lo§x§F§F§2§2§0§0§ln §x§F§F§1§5§0§0§lL§x§F§F§0§E§0§0§lo§x§F§F§0§7§0§0§lr§x§F§F§0§0§0§0§ld §x§F§F§0§E§0§0§lF§x§F§F§1§5§0§0§lr§x§F§F§1§C§0§0§la§x§F§F§2§2§0§0§lg§x§F§F§2§9§0§0§lm§x§F§F§3§0§0§0§le§x§F§F§3§7§0§0§ln§x§F§F§3§E§0§0§lt to celinesanrio for $100 000.
[20:50:52] > Kwienn added x12 §x§F§F§0§0§0§0§lS§x§F§F§1§3§0§0§lh§x§F§F§2§6§0§0§lo§x§F§F§3§9§0§0§lg§x§F§F§4§D§0§0§lu§x§F§F§6§0§0§0§ln §x§F§F§8§6§0§0§lF§x§F§F§7§3§0§0§lr§x§F§F§6§0§0§0§la§x§F§F§4§D§0§0§lg§x§F§F§3§9§0§0§lm§x§F§F§2§6§0§0§le§x§F§F§1§3§0§0§ln§x§F§F§0§0§0§0§lt in auction for 500000.
[20:54:24] > CeeJaiye added x1 §x§F§F§3§E§0§0§lD§x§F§F§3§7§0§0§le§x§F§F§3§0§0§0§lm§x§F§F§2§9§0§0§lo§x§F§F§2§2§0§0§ln §x§F§F§1§5§0§0§lL§x§F§F§0§E§0§0§lo§x§F§F§0§7§0§0§lr§x§F§F§0§0§0§0§ld §x§F§F§0§E§0§0§lL§x§F§F§1§5§0§0§le§x§F§F§1§C§0§0§lg§x§F§F§2§2§0§0§lg§x§F§F§2§9§0§0§li§x§F§F§3§0§0§0§ln§x§F§F§3§7§0§0§lg§x§F§F§3§E§0§0§ls in auction for 100000.
[21:11:43] > grit_zy remove x1 Flow armor trim smithing template from storage
[21:11:44] > grit_zy remove x1 Silence armor trim smithing template from storage
[21:51:31] > ISHOH buy x1 §x§E§4§3§A§9§6§lW§x§E§7§5§3§A§3§lI§x§E§B§6§B§B§0§lN§x§E§E§8§4§B§D§lG§x§F§2§9§D§C§B§lS §x§F§8§C§E§E§5§lO§x§F§C§E§6§F§2§lF §x§F§C§E§6§F§2§lE§x§F§8§C§E§E§5§lT§x§F§5§B§5§D§8§lE§x§F§2§9§D§C§B§lR§x§E§E§8§4§B§D§lN§x§E§B§6§B§B§0§lI§x§E§7§5§3§A§3§lT§x§E§4§3§A§9§6§lY to celinesanrio for $100 000.
[22:21:23] > Zypher_0w0 added x64 Shulker shell in auction for 150000.
[22:21:30] > namerikangel buy x64 Shulker shell to Zypher_0w0 for $150 000.
[23:53:10] > Zypher_0w0 added x1 Conduit in auction for 400000.
[23:55:01] > Zypher_0w0 added x3 Wither Head (DECORATION ONLY) in auction for 100000.
[23:57:19] > Zypher_0w0 remove x3 Wither Head (DECORATION ONLY) from storage
[00:27:41] > x1 Beacon on sale by __Perun has just expired, it goes in the inventory of expired items.
[00:27:41] > x1 §x§6§0§0§0§F§F§lɢᴏᴅʟʏ ɪᴛᴇᴍ on sale by __Perun has just expired, it goes in the inventory of expired items.
[00:27:45] > Zypher_0w0 remove x1 §x§5§9§A§1§D§9§lA§x§7§5§B§1§D§F§lr§x§9§0§C§0§E§6§lc§x§A§C§D§0§E§C§lh§x§C§8§E§0§F§2§la§x§E§3§E§F§F§9§ln§f§lg§x§E§3§E§F§F§9§le§x§C§8§E§0§F§2§ll §x§9§0§C§0§E§6§lK§x§7§5§B§1§D§F§le§x§5§9§A§1§D§9§ly from storage
[02:18:42] > .Acon1te4773 added x1 §x§5§C§C§F§F§C§lC§x§5§C§D§1§F§5§lo§x§5§D§D§4§E§E§ls§x§5§D§D§6§E§7§lm§x§5§E§D§9§E§1§le§x§5§E§D§B§D§A§lt§x§5§E§D§D§D§3§li§x§5§F§E§0§C§C§lc §x§5§F§E§0§C§C§lH§x§5§E§D§D§D§3§la§x§5§E§D§B§D§A§lt§x§5§E§D§9§E§1§ls §x§5§D§D§4§E§E§lK§x§5§C§D§1§F§5§le§x§5§C§C§F§F§C§ly in auction for 250000.
[02:19:05] > .Acon1te4773 added x1 §x§5§C§C§F§F§C§lC§x§5§C§D§1§F§5§lo§x§5§D§D§4§E§E§ls§x§5§D§D§6§E§7§lm§x§5§E§D§9§E§1§le§x§5§E§D§B§D§A§lt§x§5§E§D§D§D§3§li§x§5§F§E§0§C§C§lc §x§5§F§E§0§C§C§lH§x§5§E§D§D§D§3§la§x§5§E§D§B§D§A§lt§x§5§E§D§9§E§1§ls §x§5§D§D§4§E§E§lK§x§5§C§D§1§F§5§le§x§5§C§C§F§F§C§ly in auction for 175.
[05:34:45] > x1 Filled map on sale by Lchristian has just expired, it goes in the inventory of expired items.
[05:34:55] > cinnamoroll added x1 §x§8§8§E§C§3§3§lV§x§8§2§E§B§4§8§lo§x§7§C§E§9§5§D§lt§x§7§6§E§8§7§2§le §x§6§B§E§5§9§B§lC§x§6§5§E§3§B§0§lr§x§5§F§E§2§C§5§la§x§6§6§E§4§A§D§lt§x§6§D§E§5§9§4§le §x§7§A§E§9§6§4§lK§x§8§1§E§A§4§B§le§x§8§8§E§C§3§3§ly in auction for 10.
[05:34:58] > celinesanrio buy x1 §x§8§8§E§C§3§3§lV§x§8§2§E§B§4§8§lo§x§7§C§E§9§5§D§lt§x§7§6§E§8§7§2§le §x§6§B§E§5§9§B§lC§x§6§5§E§3§B§0§lr§x§5§F§E§2§C§5§la§x§6§6§E§4§A§D§lt§x§6§D§E§5§9§4§le §x§7§A§E§9§6§4§lK§x§8§1§E§A§4§B§le§x§8§8§E§C§3§3§ly to cinnamoroll for $10.
[05:35:04] > celinesanrio buy x1 §x§5§C§C§F§F§C§lC§x§5§C§D§1§F§5§lo§x§5§D§D§4§E§E§ls§x§5§D§D§6§E§7§lm§x§5§E§D§9§E§1§le§x§5§E§D§B§D§A§lt§x§5§E§D§D§D§3§li§x§5§F§E§0§C§C§lc §x§5§F§E§0§C§C§lH§x§5§E§D§D§D§3§la§x§5§E§D§B§D§A§lt§x§5§E§D§9§E§1§ls §x§5§D§D§4§E§E§lK§x§5§C§D§1§F§5§le§x§5§C§C§F§F§C§ly to .Acon1te4773 for $175.
[05:35:12] > mymelody added x1 §x§8§8§E§C§3§3§lV§x§8§2§E§B§4§8§lo§x§7§C§E§9§5§D§lt§x§7§6§E§8§7§2§le §x§6§B§E§5§9§B§lC§x§6§5§E§3§B§0§lr§x§5§F§E§2§C§5§la§x§6§6§E§4§A§D§lt§x§6§D§E§5§9§4§le §x§7§A§E§9§6§4§lK§x§8§1§E§A§4§B§le§x§8§8§E§C§3§3§ly in auction for 10.
[05:35:20] > celinesanrio buy x1 §x§8§8§E§C§3§3§lV§x§8§2§E§B§4§8§lo§x§7§C§E§9§5§D§lt§x§7§6§E§8§7§2§le §x§6§B§E§5§9§B§lC§x§6§5§E§3§B§0§lr§x§5§F§E§2§C§5§la§x§6§6§E§4§A§D§lt§x§6§D§E§5§9§4§le §x§7§A§E§9§6§4§lK§x§8§1§E§A§4§B§le§x§8§8§E§C§3§3§ly to mymelody for $10.
[05:36:49] > mymelody added x1 §x§8§8§E§C§3§3§lV§x§8§2§E§B§4§8§lo§x§7§C§E§9§5§D§lt§x§7§6§E§8§7§2§le §x§6§B§E§5§9§B§lC§x§6§5§E§3§B§0§lr§x§5§F§E§2§C§5§la§x§6§6§E§4§A§D§lt§x§6§D§E§5§9§4§le §x§7§A§E§9§6§4§lK§x§8§1§E§A§4§B§le§x§8§8§E§C§3§3§ly in auction for 10.
[05:36:52] > celinesanrio buy x1 §x§8§8§E§C§3§3§lV§x§8§2§E§B§4§8§lo§x§7§C§E§9§5§D§lt§x§7§6§E§8§7§2§le §x§6§B§E§5§9§B§lC§x§6§5§E§3§B§0§lr§x§5§F§E§2§C§5§la§x§6§6§E§4§A§D§lt§x§6§D§E§5§9§4§le §x§7§A§E§9§6§4§lK§x§8§1§E§A§4§B§le§x§8§8§E§C§3§3§ly to mymelody for $10.
[05:46:26] > celinesanrio remove x1 §x§F§F§3§E§0§0§lD§x§F§F§3§6§0§0§le§x§F§F§2§F§0§0§lm§x§F§F§2§7§0§0§lo§x§F§F§1§F§0§0§ln §x§F§F§1§0§0§0§lL§x§F§F§0§8§0§0§lo§x§F§F§0§0§0§0§lr§x§F§F§0§8§0§0§ld §x§F§F§1§7§0§0§lH§x§F§F§1§F§0§0§le§x§F§F§2§7§0§0§ll§x§F§F§2§F§0§0§lm§x§F§F§3§6§0§0§le§x§F§F§3§E§0§0§lt from storage
[05:46:27] > celinesanrio remove x1 §fPlanets Hat from storage
[05:46:27] > celinesanrio remove x1 §fFestival Hat from storage
[05:46:39] > celinesanrio added x1 §x§F§F§3§E§0§0§lD§x§F§F§3§6§0§0§le§x§F§F§2§F§0§0§lm§x§F§F§2§7§0§0§lo§x§F§F§1§F§0§0§ln §x§F§F§1§0§0§0§lL§x§F§F§0§8§0§0§lo§x§F§F§0§0§0§0§lr§x§F§F§0§8§0§0§ld §x§F§F§1§7§0§0§lH§x§F§F§1§F§0§0§le§x§F§F§2§7§0§0§ll§x§F§F§2§F§0§0§lm§x§F§F§3§6§0§0§le§x§F§F§3§E§0§0§lt in auction for 150000.
[05:46:46] > celinesanrio added x1 §fFestival Hat in auction for 10000.
[05:46:51] > celinesanrio added x1 §fPlanets Hat in auction for 50000.
[05:47:06] > celinesanrio added x1 §fPanda Hat in auction for 100000.
[05:47:09] > celinesanrio remove x1 §fFestival Hat from storage
[05:47:13] > celinesanrio added x1 §fFestival Hat in auction for 25000.
[05:50:36] > celinesanrio added x1 §x§F§F§3§E§0§0§lD§x§F§F§3§5§0§0§le§x§F§F§2§C§0§0§lm§x§F§F§2§3§0§0§lo§x§F§F§1§B§0§0§ln §x§F§F§0§9§0§0§lL§x§F§F§0§0§0§0§lo§x§F§F§0§A§0§0§lr§x§F§F§1§5§0§0§ld §x§F§F§2§9§0§0§lK§x§F§F§3§4§0§0§le§x§F§F§3§E§0§0§ly in auction for 700000.
[05:51:13] > celinesanrio remove x1 §x§F§F§3§E§0§0§lD§x§F§F§3§5§0§0§le§x§F§F§2§C§0§0§lm§x§F§F§2§3§0§0§lo§x§F§F§1§B§0§0§ln §x§F§F§0§9§0§0§lL§x§F§F§0§0§0§0§lo§x§F§F§0§A§0§0§lr§x§F§F§1§5§0§0§ld §x§F§F§2§9§0§0§lK§x§F§F§3§4§0§0§le§x§F§F§3§E§0§0§ly from storage
[05:53:52] > celinesanrio remove x1 §x§F§F§3§E§0§0§lD§x§F§F§3§6§0§0§le§x§F§F§2§F§0§0§lm§x§F§F§2§7§0§0§lo§x§F§F§1§F§0§0§ln §x§F§F§1§0§0§0§lL§x§F§F§0§8§0§0§lo§x§F§F§0§0§0§0§lr§x§F§F§0§8§0§0§ld §x§F§F§1§7§0§0§lH§x§F§F§1§F§0§0§le§x§F§F§2§7§0§0§ll§x§F§F§2§F§0§0§lm§x§F§F§3§6§0§0§le§x§F§F§3§E§0§0§lt from storage
[05:53:57] > celinesanrio buy x1 §x§F§F§3§E§0§0§lD§x§F§F§3§7§0§0§le§x§F§F§3§0§0§0§lm§x§F§F§2§9§0§0§lo§x§F§F§2§2§0§0§ln §x§F§F§1§5§0§0§lL§x§F§F§0§E§0§0§lo§x§F§F§0§7§0§0§lr§x§F§F§0§0§0§0§ld §x§F§F§0§E§0§0§lL§x§F§F§1§5§0§0§le§x§F§F§1§C§0§0§lg§x§F§F§2§2§0§0§lg§x§F§F§2§9§0§0§li§x§F§F§3§0§0§0§ln§x§F§F§3§7§0§0§lg§x§F§F§3§E§0§0§ls to CeeJaiye for $100 000.
[06:44:33] > celinesanrio added x1 §x§E§4§3§A§9§6§lW§x§E§7§5§3§A§3§lI§x§E§B§6§B§B§0§lN§x§E§E§8§4§B§D§lG§x§F§2§9§D§C§B§lS §x§F§8§C§E§E§5§lO§x§F§C§E§6§F§2§lF §x§F§C§E§6§F§2§lE§x§F§8§C§E§E§5§lT§x§F§5§B§5§D§8§lE§x§F§2§9§D§C§B§lR§x§E§E§8§4§B§D§lN§x§E§B§6§B§B§0§lI§x§E§7§5§3§A§3§lT§x§E§4§3§A§9§6§lY in auction for 100000.
[06:44:39] > celinesanrio added x1 §x§E§4§3§A§9§6§lW§x§E§7§5§3§A§3§lI§x§E§B§6§B§B§0§lN§x§E§E§8§4§B§D§lG§x§F§2§9§D§C§B§lS §x§F§8§C§E§E§5§lO§x§F§C§E§6§F§2§lF §x§F§C§E§6§F§2§lE§x§F§8§C§E§E§5§lT§x§F§5§B§5§D§8§lE§x§F§2§9§D§C§B§lR§x§E§E§8§4§B§D§lN§x§E§B§6§B§B§0§lI§x§E§7§5§3§A§3§lT§x§E§4§3§A§9§6§lY in auction for 100000.
[06:58:56] > celinesanrio remove x1 §x§E§4§3§A§9§6§lW§x§E§7§5§3§A§3§lI§x§E§B§6§B§B§0§lN§x§E§E§8§4§B§D§lG§x§F§2§9§D§C§B§lS §x§F§8§C§E§E§5§lO§x§F§C§E§6§F§2§lF §x§F§C§E§6§F§2§lE§x§F§8§C§E§E§5§lT§x§F§5§B§5§D§8§lE§x§F§2§9§D§C§B§lR§x§E§E§8§4§B§D§lN§x§E§B§6§B§B§0§lI§x§E§7§5§3§A§3§lT§x§E§4§3§A§9§6§lY from storage
[06:59:44] > celinesanrio added x1 Labubu in auction for 33500000.
[07:19:18] > celinesanrio remove x1 §fFestival Hat from storage
[07:19:18] > celinesanrio remove x1 §fPanda Hat from storage
[07:19:18] > celinesanrio remove x1 §fPlanets Hat from storage
[07:19:26] > celinesanrio added x1 Labubu in auction for 11000000.
[07:19:31] > celinesanrio added x1 Labubu in auction for 11000000.
[07:19:38] > celinesanrio added x1 Labubu in auction for 11000000.
[07:32:02] > celinesanrio remove x1 Labubu from storage
[07:32:10] > celinesanrio added x1 Labubu in auction for 4300000.
[07:36:35] > celinesanrio remove x1 Labubu from storage
[07:36:35] > celinesanrio remove x1 Labubu from storage
[07:36:36] > celinesanrio remove x1 Labubu from storage
[07:36:36] > celinesanrio remove x1 Labubu from storage
[07:36:40] > celinesanrio added x1 §x§E§4§3§A§9§6§lW§x§E§7§5§3§A§3§lI§x§E§B§6§B§B§0§lN§x§E§E§8§4§B§D§lG§x§F§2§9§D§C§B§lS §x§F§8§C§E§E§5§lO§x§F§C§E§6§F§2§lF §x§F§C§E§6§F§2§lE§x§F§8§C§E§E§5§lT§x§F§5§B§5§D§8§lE§x§F§2§9§D§C§B§lR§x§E§E§8§4§B§D§lN§x§E§B§6§B§B§0§lI§x§E§7§5§3§A§3§lT§x§E§4§3§A§9§6§lY in auction for 100000.
[07:37:30] > celinesanrio added x1 Labubu in auction for 30000000.
[07:38:43] > celinesanrio added x1 §fFestival Hat in auction for 10000.
[07:38:50] > celinesanrio remove x1 §x§E§4§3§A§9§6§lW§x§E§7§5§3§A§3§lI§x§E§B§6§B§B§0§lN§x§E§E§8§4§B§D§lG§x§F§2§9§D§C§B§lS §x§F§8§C§E§E§5§lO§x§F§C§E§6§F§2§lF §x§F§C§E§6§F§2§lE§x§F§8§C§E§E§5§lT§x§F§5§B§5§D§8§lE§x§F§2§9§D§C§B§lR§x§E§E§8§4§B§D§lN§x§E§B§6§B§B§0§lI§x§E§7§5§3§A§3§lT§x§E§4§3§A§9§6§lY from storage
[07:38:52] > Peanutroaster buy x1 §fFestival Hat to celinesanrio for $10 000.
[07:38:57] > celinesanrio added x1 §fPanda Hat in auction for 100000.
[07:39:03] > celinesanrio added x1 §fPlanets Hat in auction for 100000.
[07:39:09] > celinesanrio added x1 §x§E§4§3§A§9§6§lW§x§E§7§5§3§A§3§lI§x§E§B§6§B§B§0§lN§x§E§E§8§4§B§D§lG§x§F§2§9§D§C§B§lS §x§F§8§C§E§E§5§lO§x§F§C§E§6§F§2§lF §x§F§C§E§6§F§2§lE§x§F§8§C§E§E§5§lT§x§F§5§B§5§D§8§lE§x§F§2§9§D§C§B§lR§x§E§E§8§4§B§D§lN§x§E§B§6§B§B§0§lI§x§E§7§5§3§A§3§lT§x§E§4§3§A§9§6§lY in auction for 100000.
[08:37:56] > celinesanrio remove x1 §x§E§4§3§A§9§6§lW§x§E§7§5§3§A§3§lI§x§E§B§6§B§B§0§lN§x§E§E§8§4§B§D§lG§x§F§2§9§D§C§B§lS §x§F§8§C§E§E§5§lO§x§F§C§E§6§F§2§lF §x§F§C§E§6§F§2§lE§x§F§8§C§E§E§5§lT§x§F§5§B§5§D§8§lE§x§F§2§9§D§C§B§lR§x§E§E§8§4§B§D§lN§x§E§B§6§B§B§0§lI§x§E§7§5§3§A§3§lT§x§E§4§3§A§9§6§lY from storage
[08:37:57] > celinesanrio remove x1 §x§E§4§3§A§9§6§lW§x§E§7§5§3§A§3§lI§x§E§B§6§B§B§0§lN§x§E§E§8§4§B§D§lG§x§F§2§9§D§C§B§lS §x§F§8§C§E§E§5§lO§x§F§C§E§6§F§2§lF §x§F§C§E§6§F§2§lE§x§F§8§C§E§E§5§lT§x§F§5§B§5§D§8§lE§x§F§2§9§D§C§B§lR§x§E§E§8§4§B§D§lN§x§E§B§6§B§B§0§lI§x§E§7§5§3§A§3§lT§x§E§4§3§A§9§6§lY from storage
[08:37:57] > celinesanrio remove x1 Labubu from storage
[08:38:04] > celinesanrio added x1 §fFarmer Hat in auction for 10000.
[08:38:10] > celinesanrio added x1 §fMiner Hat in auction for 15000.
[08:38:19] > celinesanrio added x1 §fMysterious Hat in auction for 15000.
[08:38:34] > celinesanrio remove x1 §fPlanets Hat form storage
[08:38:34] > celinesanrio remove x1 §fMiner Hat form storage
[08:38:34] > celinesanrio remove x1 §fFarmer Hat form storage
[08:38:34] > celinesanrio remove x1 §fPanda Hat form storage
[08:38:34] > celinesanrio remove x1 §fMysterious Hat form storage
[08:38:42] > x1 Netherite pickaxe, item of melgrsy, has just expired, the item is definitively deleted.
[08:39:49] > celinesanrio added x1 Hats in auction for 100000.
[08:40:09] > celinesanrio added x1 §x§E§4§3§A§9§6§lW§x§E§7§5§3§A§3§lI§x§E§B§6§B§B§0§lN§x§E§E§8§4§B§D§lG§x§F§2§9§D§C§B§lS §x§F§8§C§E§E§5§lO§x§F§C§E§6§F§2§lF §x§F§C§E§6§F§2§lE§x§F§8§C§E§E§5§lT§x§F§5§B§5§D§8§lE§x§F§2§9§D§C§B§lR§x§E§E§8§4§B§D§lN§x§E§B§6§B§B§0§lI§x§E§7§5§3§A§3§lT§x§E§4§3§A§9§6§lY in auction for 100000.
[08:40:15] > celinesanrio added x1 §x§E§4§3§A§9§6§lW§x§E§7§5§3§A§3§lI§x§E§B§6§B§B§0§lN§x§E§E§8§4§B§D§lG§x§F§2§9§D§C§B§lS §x§F§8§C§E§E§5§lO§x§F§C§E§6§F§2§lF §x§F§C§E§6§F§2§lE§x§F§8§C§E§E§5§lT§x§F§5§B§5§D§8§lE§x§F§2§9§D§C§B§lR§x§E§E§8§4§B§D§lN§x§E§B§6§B§B§0§lI§x§E§7§5§3§A§3§lT§x§E§4§3§A§9§6§lY in auction for 100000.
[08:41:25] > namerikangel buy x1 Hats to celinesanrio for $100 000.
[08:53:36] > celinesanrio added x1 Lead in auction for 10000.
[08:53:43] > celinesanrio added x25 Oak fence in auction for 10000.
[08:53:48] > celinesanrio added x11 Poppy in auction for 10000.
[08:53:54] > celinesanrio added x28 Iron ingot in auction for 10000.
[08:53:58] > celinesanrio remove x1 Lead from storage
[08:53:58] > celinesanrio remove x25 Oak fence from storage
[08:53:59] > celinesanrio remove x11 Poppy from storage
[08:53:59] > celinesanrio remove x28 Iron ingot from storage
[08:55:43] > celinesanrio added x1 Labubu in auction for 1000000.
[09:02:38] > celinesanrio added x1 §fHorns in auction for 250000.
[09:33:22] > namerikangel added x6 Diamond in auction for 100.
[09:33:26] > celinesanrio buy x6 Diamond to namerikangel for $100.
[13:03:38] > CeeJaiye added x1 §fShogun Helmet in auction for 100000.
[13:04:32] > CeeJaiye remove x1 §x§E§4§3§A§9§6§lW§x§E§7§5§3§A§3§lI§x§E§B§6§B§B§0§lN§x§E§E§8§4§B§D§lG§x§F§2§9§D§C§B§lS §x§F§8§C§E§E§5§lO§x§F§C§E§6§F§2§lF §x§F§C§E§6§F§2§lE§x§F§8§C§E§E§5§lT§x§F§5§B§5§D§8§lE§x§F§2§9§D§C§B§lR§x§E§E§8§4§B§D§lN§x§E§B§6§B§B§0§lI§x§E§7§5§3§A§3§lT§x§E§4§3§A§9§6§lY from storage
[13:04:36] > CeeJaiye added x1 §esᴘɪᴅᴇʀ sᴘᴀᴡɴᴇʀ in auction for 300000.
[13:16:27] > Zypher_0w0 added x1 /pwarp TotemTrade and save 189k on totems (real) in auction for 270000.
[16:00:53] > Desdo buy x1 Filled map to KDA2024 for $500.
[16:51:46] > x1 §eᴘɪɢ sᴘᴀᴡɴᴇʀ on sale by HPMR_GaMerz has just expired, it goes in the inventory of expired items.
[17:09:44] > HPMR_GaMerz added x1 §x§E§4§3§A§9§6§lW§x§E§7§5§3§A§3§lI§x§E§B§6§B§B§0§lN§x§E§E§8§4§B§D§lG§x§F§2§9§D§C§B§lS §x§F§8§C§E§E§5§lO§x§F§C§E§6§F§2§lF §x§F§C§E§6§F§2§lE§x§F§8§C§E§E§5§lT§x§F§5§B§5§D§8§lE§x§F§2§9§D§C§B§lR§x§E§E§8§4§B§D§lN§x§E§B§6§B§B§0§lI§x§E§7§5§3§A§3§lT§x§E§4§3§A§9§6§lY in auction for 225000.
[17:09:44] > x1 §eᴡᴀʀᴅᴇɴ ꜱᴘᴀᴡɴᴇʀ on sale by HPMR_GaMerz has just expired, it goes in the inventory of expired items.
[17:10:01] > Kyslee added x1 §x§E§4§3§A§9§6§lW§x§E§7§5§3§A§3§lI§x§E§B§6§B§B§0§lN§x§E§E§8§4§B§D§lG§x§F§2§9§D§C§B§lS §x§F§8§C§E§E§5§lO§x§F§C§E§6§F§2§lF §x§F§C§E§6§F§2§lE§x§F§8§C§E§E§5§lT§x§F§5§B§5§D§8§lE§x§F§2§9§D§C§B§lR§x§E§E§8§4§B§D§lN§x§E§B§6§B§B§0§lI§x§E§7§5§3§A§3§lT§x§E§4§3§A§9§6§lY in auction for 200000.
[17:10:34] > CeeJaiye remove x1 §x§E§4§3§A§9§6§lW§x§E§7§5§3§A§3§lI§x§E§B§6§B§B§0§lN§x§E§E§8§4§B§D§lG§x§F§2§9§D§C§B§lS §x§F§8§C§E§E§5§lO§x§F§C§E§6§F§2§lF §x§F§C§E§6§F§2§lE§x§F§8§C§E§E§5§lT§x§F§5§B§5§D§8§lE§x§F§2§9§D§C§B§lR§x§E§E§8§4§B§D§lN§x§E§B§6§B§B§0§lI§x§E§7§5§3§A§3§lT§x§E§4§3§A§9§6§lY from storage
[17:10:46] > CeeJaiye added x1 §x§E§4§3§A§9§6§lW§x§E§7§5§3§A§3§lI§x§E§B§6§B§B§0§lN§x§E§E§8§4§B§D§lG§x§F§2§9§D§C§B§lS §x§F§8§C§E§E§5§lO§x§F§C§E§6§F§2§lF §x§F§C§E§6§F§2§lE§x§F§8§C§E§E§5§lT§x§F§5§B§5§D§8§lE§x§F§2§9§D§C§B§lR§x§E§E§8§4§B§D§lN§x§E§B§6§B§B§0§lI§x§E§7§5§3§A§3§lT§x§E§4§3§A§9§6§lY in auction for 190000.
[17:11:02] > Kyslee remove x1 §x§E§4§3§A§9§6§lW§x§E§7§5§3§A§3§lI§x§E§B§6§B§B§0§lN§x§E§E§8§4§B§D§lG§x§F§2§9§D§C§B§lS §x§F§8§C§E§E§5§lO§x§F§C§E§6§F§2§lF §x§F§C§E§6§F§2§lE§x§F§8§C§E§E§5§lT§x§F§5§B§5§D§8§lE§x§F§2§9§D§C§B§lR§x§E§E§8§4§B§D§lN§x§E§B§6§B§B§0§lI§x§E§7§5§3§A§3§lT§x§E§4§3§A§9§6§lY from storage
[17:11:08] > Kyslee added x1 §x§E§4§3§A§9§6§lW§x§E§7§5§3§A§3§lI§x§E§B§6§B§B§0§lN§x§E§E§8§4§B§D§lG§x§F§2§9§D§C§B§lS §x§F§8§C§E§E§5§lO§x§F§C§E§6§F§2§lF §x§F§C§E§6§F§2§lE§x§F§8§C§E§E§5§lT§x§F§5§B§5§D§8§lE§x§F§2§9§D§C§B§lR§x§E§E§8§4§B§D§lN§x§E§B§6§B§B§0§lI§x§E§7§5§3§A§3§lT§x§E§4§3§A§9§6§lY in auction for 180000.
[17:11:12] > HPMR_GaMerz added x1 §x§E§4§3§A§9§6§lW§x§E§7§5§3§A§3§lI§x§E§B§6§B§B§0§lN§x§E§E§8§4§B§D§lG§x§F§2§9§D§C§B§lS §x§F§8§C§E§E§5§lO§x§F§C§E§6§F§2§lF §x§F§C§E§6§F§2§lE§x§F§8§C§E§E§5§lT§x§F§5§B§5§D§8§lE§x§F§2§9§D§C§B§lR§x§E§E§8§4§B§D§lN§x§E§B§6§B§B§0§lI§x§E§7§5§3§A§3§lT§x§E§4§3§A§9§6§lY in auction for 120000.
[17:11:15] > CeeJaiye remove x1 §x§E§4§3§A§9§6§lW§x§E§7§5§3§A§3§lI§x§E§B§6§B§B§0§lN§x§E§E§8§4§B§D§lG§x§F§2§9§D§C§B§lS §x§F§8§C§E§E§5§lO§x§F§C§E§6§F§2§lF §x§F§C§E§6§F§2§lE§x§F§8§C§E§E§5§lT§x§F§5§B§5§D§8§lE§x§F§2§9§D§C§B§lR§x§E§E§8§4§B§D§lN§x§E§B§6§B§B§0§lI§x§E§7§5§3§A§3§lT§x§E§4§3§A§9§6§lY from storage
[17:11:22] > Kyslee remove x1 §x§E§4§3§A§9§6§lW§x§E§7§5§3§A§3§lI§x§E§B§6§B§B§0§lN§x§E§E§8§4§B§D§lG§x§F§2§9§D§C§B§lS §x§F§8§C§E§E§5§lO§x§F§C§E§6§F§2§lF §x§F§C§E§6§F§2§lE§x§F§8§C§E§E§5§lT§x§F§5§B§5§D§8§lE§x§F§2§9§D§C§B§lR§x§E§E§8§4§B§D§lN§x§E§B§6§B§B§0§lI§x§E§7§5§3§A§3§lT§x§E§4§3§A§9§6§lY from storage
[17:11:32] > CeeJaiye added x1 §x§E§4§3§A§9§6§lW§x§E§7§5§3§A§3§lI§x§E§B§6§B§B§0§lN§x§E§E§8§4§B§D§lG§x§F§2§9§D§C§B§lS §x§F§8§C§E§E§5§lO§x§F§C§E§6§F§2§lF §x§F§C§E§6§F§2§lE§x§F§8§C§E§E§5§lT§x§F§5§B§5§D§8§lE§x§F§2§9§D§C§B§lR§x§E§E§8§4§B§D§lN§x§E§B§6§B§B§0§lI§x§E§7§5§3§A§3§lT§x§E§4§3§A§9§6§lY in auction for 10.
[17:11:36] > Kyslee buy x1 §x§E§4§3§A§9§6§lW§x§E§7§5§3§A§3§lI§x§E§B§6§B§B§0§lN§x§E§E§8§4§B§D§lG§x§F§2§9§D§C§B§lS §x§F§8§C§E§E§5§lO§x§F§C§E§6§F§2§lF §x§F§C§E§6§F§2§lE§x§F§8§C§E§E§5§lT§x§F§5§B§5§D§8§lE§x§F§2§9§D§C§B§lR§x§E§E§8§4§B§D§lN§x§E§B§6§B§B§0§lI§x§E§7§5§3§A§3§lT§x§E§4§3§A§9§6§lY to CeeJaiye for $10.
[18:31:35] > x1 §x§F§F§3§E§0§0§lD§x§F§F§3§8§0§0§le§x§F§F§3§2§0§0§lm§x§F§F§2§B§0§0§lo§x§F§F§2§5§0§0§ln §x§F§F§1§9§0§0§lL§x§F§F§1§3§0§0§lo§x§F§F§0§C§0§0§lr§x§F§F§0§6§0§0§ld §x§F§F§0§6§0§0§lB§x§F§F§0§C§0§0§la§x§F§F§1§3§0§0§lt§x§F§F§1§9§0§0§lt§x§F§F§1§F§0§0§ll§x§F§F§2§5§0§0§le §x§F§F§3§2§0§0§lA§x§F§F§3§8§0§0§lx§x§F§F§3§E§0§0§le on sale by Raylii has just expired, it goes in the inventory of expired items.
[18:38:41] > Ryz added x1 Wither skeleton skull in auction for 6741.
[18:38:48] > grit_zy buy x1 Wither skeleton skull to Ryz for $6 741.
[19:13:45] > Kyslee added x10 Wither skeleton skull in auction for 50000.
[20:28:52] > CeeJaiye added x1 §eᴢᴏᴍʙɪᴇ sᴘᴀᴡɴᴇʀ in auction for 500000.
[20:52:23] > nagiiish buy x1 §x§E§4§3§A§9§6§lW§x§E§7§5§3§A§3§lI§x§E§B§6§B§B§0§lN§x§E§E§8§4§B§D§lG§x§F§2§9§D§C§B§lS §x§F§8§C§E§E§5§lO§x§F§C§E§6§F§2§lF §x§F§C§E§6§F§2§lE§x§F§8§C§E§E§5§lT§x§F§5§B§5§D§8§lE§x§F§2§9§D§C§B§lR§x§E§E§8§4§B§D§lN§x§E§B§6§B§B§0§lI§x§E§7§5§3§A§3§lT§x§E§4§3§A§9§6§lY to HPMR_GaMerz for $120 000.
[23:45:00] > celinesanrio remove x1 Labubu from storage
[23:45:10] > celinesanrio added x1 Labubu in auction for 100000.
[23:46:03] > celinesanrio added x1 Matcha in auction for 100000.
[23:47:37] > Kyslee added x64 Iron block in auction for 1900.
[23:47:41] > Kyslee remove x64 Iron block from storage
[23:47:45] > x3 Wither skeleton skull, item of Pedroo80, has just expired, the item is definitively deleted.
[23:47:45] > x1 §x§E§3§A§F§4§F§lʟᴇɢᴇɴᴅᴀʀʏ ɪᴛᴇᴍ, item of Seirione, has just expired, the item is definitively deleted.
[23:47:45] > x1 sigma sigma boy, item of Pedroo80, has just expired, the item is definitively deleted.
[23:47:47] > Kyslee remove x64 Iron block from expire
[23:47:48] > Kyslee remove x1 Enchanted book from expire
[23:47:48] > Kyslee remove x1 Enchanted book from expire
[00:23:24] > missingarchive added x1 Grass block in auction for 10000000000.
[00:23:31] > missingarchive added x1 Grass block in auction for 10000000000.
[00:23:40] > missingarchive added x1 Grass block in auction for 10000000000.
[00:23:53] > missingarchive added x1 Grass block in auction for 10000000000.
[00:24:01] > missingarchive added x1 Grass block in auction for 10000000000.
[00:28:09] > missingarchive added x1 Grass block in auction for 1000000.
[00:28:17] > missingarchive added x1 Grass block in auction for 1000000.
[00:28:23] > missingarchive added x1 Grass block in auction for 1000000.
[00:28:30] > missingarchive added x1 Grass block in auction for 1000000.
[00:30:38] > bloxcrafter2yt buy x1 §esʜᴇᴇᴘ sᴘᴀᴡɴᴇʀ to .Acon1te4773 for $100 000.
[00:31:51] > missingarchive remove x1 Grass block from storage
[00:31:52] > missingarchive remove x1 Grass block from storage
[00:31:53] > missingarchive remove x1 Grass block from storage
[00:31:54] > missingarchive remove x1 Grass block from storage
[00:31:55] > missingarchive remove x1 Grass block from storage
[00:31:56] > missingarchive remove x1 Grass block from storage
[00:31:57] > missingarchive remove x1 Grass block from storage
[00:31:58] > missingarchive remove x1 Grass block from storage
[00:31:59] > missingarchive remove x1 Grass block from storage
[00:32:37] > bloxcrafter2yt buy x1 §eᴄʀᴇᴇᴘᴇʀ sᴘᴀᴡɴᴇʀ to Kwienn for $450 000.
[02:08:18] > bloxcrafter2yt added x8 Dried ghast in auction for 90000.
[05:13:49] > .Acon1te4773 added x1 §x§F§F§0§0§0§0§lS§x§F§F§1§3§0§0§lh§x§F§F§2§6§0§0§lo§x§F§F§3§9§0§0§lg§x§F§F§4§D§0§0§lu§x§F§F§6§0§0§0§ln §x§F§F§8§6§0§0§lF§x§F§F§7§3§0§0§lr§x§F§F§6§0§0§0§la§x§F§F§4§D§0§0§lg§x§F§F§3§9§0§0§lm§x§F§F§2§6§0§0§le§x§F§F§1§3§0§0§ln§x§F§F§0§0§0§0§lt in auction for 100000.
[05:14:02] > .Acon1te4773 added x1 §x§F§F§0§0§0§0§lS§x§F§F§1§3§0§0§lh§x§F§F§2§6§0§0§lo§x§F§F§3§9§0§0§lg§x§F§F§4§D§0§0§lu§x§F§F§6§0§0§0§ln §x§F§F§8§6§0§0§lF§x§F§F§7§3§0§0§lr§x§F§F§6§0§0§0§la§x§F§F§4§D§0§0§lg§x§F§F§3§9§0§0§lm§x§F§F§2§6§0§0§le§x§F§F§1§3§0§0§ln§x§F§F§0§0§0§0§lt in auction for 100000.
[05:14:17] > .Acon1te4773 added x1 §x§F§F§0§0§0§0§lS§x§F§F§1§3§0§0§lh§x§F§F§2§6§0§0§lo§x§F§F§3§9§0§0§lg§x§F§F§4§D§0§0§lu§x§F§F§6§0§0§0§ln §x§F§F§8§6§0§0§lF§x§F§F§7§3§0§0§lr§x§F§F§6§0§0§0§la§x§F§F§4§D§0§0§lg§x§F§F§3§9§0§0§lm§x§F§F§2§6§0§0§le§x§F§F§1§3§0§0§ln§x§F§F§0§0§0§0§lt in auction for 100000.
[05:14:37] > .Acon1te4773 added x1 §x§3§1§3§7§F§F§lS§x§3§7§4§C§F§8§lp§x§3§D§6§2§F§1§la§x§4§2§7§7§E§9§lw§x§4§8§8§D§E§2§ln§x§4§E§A§2§D§B§le§x§5§4§B§7§D§4§lr §x§5§F§E§2§C§5§lC§x§5§9§C§D§C§C§lr§x§5§4§B§7§D§4§la§x§4§E§A§2§D§B§lt§x§4§8§8§D§E§2§le §x§3§D§6§2§F§1§lK§x§3§7§4§C§F§8§le§x§3§1§3§7§F§F§ly in auction for 100000.
[09:18:25] > celinesanrio added x4 §x§F§F§0§0§0§0§lS§x§F§F§1§3§0§0§lh§x§F§F§2§6§0§0§lo§x§F§F§3§9§0§0§lg§x§F§F§4§D§0§0§lu§x§F§F§6§0§0§0§ln §x§F§F§8§6§0§0§lF§x§F§F§7§3§0§0§lr§x§F§F§6§0§0§0§la§x§F§F§4§D§0§0§lg§x§F§F§3§9§0§0§lm§x§F§F§2§6§0§0§le§x§F§F§1§3§0§0§ln§x§F§F§0§0§0§0§lt in auction for 200000.
[09:21:01] > celinesanrio added x1 §x§F§F§3§E§0§0§lD§x§F§F§3§7§0§0§le§x§F§F§3§0§0§0§lm§x§F§F§2§9§0§0§lo§x§F§F§2§2§0§0§ln §x§F§F§1§5§0§0§lL§x§F§F§0§E§0§0§lo§x§F§F§0§7§0§0§lr§x§F§F§0§0§0§0§ld §x§F§F§0§E§0§0§lF§x§F§F§1§5§0§0§lr§x§F§F§1§C§0§0§la§x§F§F§2§2§0§0§lg§x§F§F§2§9§0§0§lm§x§F§F§3§0§0§0§le§x§F§F§3§7§0§0§ln§x§F§F§3§E§0§0§lt in auction for 500000.
[10:46:51] > Padjibarr added x1 Axolotl bucket in auction for 1000.
[13:58:51] > CeeJaiye remove x1 §eᴄʀᴇᴇᴘᴇʀ sᴘᴀᴡɴᴇʀ from storage
[13:59:02] > CeeJaiye added x1 §x§F§F§3§E§0§0§lD§x§F§F§3§6§0§0§le§x§F§F§2§F§0§0§lm§x§F§F§2§7§0§0§lo§x§F§F§1§F§0§0§ln §x§F§F§1§0§0§0§lL§x§F§F§0§8§0§0§lo§x§F§F§0§0§0§0§lr§x§F§F§0§9§0§0§ld §x§F§F§1§B§0§0§lS§x§F§F§2§3§0§0§lp§x§F§F§2§C§0§0§le§x§F§F§3§5§0§0§la§x§F§F§3§E§0§0§lr in auction for 250000.
[14:54:27] > Kyslee added x64 Bone block in auction for 50000.
[15:12:03] > x1 Dandelion on sale by stevenred has just expired, it goes in the inventory of expired items.
[15:12:03] > x1 Poppy on sale by stevenred has just expired, it goes in the inventory of expired items.
[15:12:03] > x1 Azure bluet on sale by stevenred has just expired, it goes in the inventory of expired items.
[15:12:03] > x1 §x§6§0§0§0§F§F§lɢᴏᴅʟʏ ɪᴛᴇᴍ on sale by .Acon1te4773 has just expired, it goes in the inventory of expired items.
[15:12:03] > x1 Oxeye daisy on sale by stevenred has just expired, it goes in the inventory of expired items.
[15:12:23] > Padjibarr added x1 Axolotl bucket in auction for 1000.
[15:14:27] > Padjibarr added x5 Cherry sapling in auction for 1000.
[15:14:41] > Padjibarr added x64 Pink petals in auction for 500.