
[12:04:52] > MrZyrus7228 added x46 Iron block in auction for 10000.
[12:10:05] > celinesanrio added x1 §x§5§C§C§F§F§C§lC§x§5§C§D§1§F§5§lo§x§5§D§D§4§E§E§ls§x§5§D§D§6§E§7§lm§x§5§E§D§9§E§1§le§x§5§E§D§B§D§A§lt§x§5§E§D§D§D§3§li§x§5§F§E§0§C§C§lc §x§5§F§E§0§C§C§lH§x§5§E§D§D§D§3§la§x§5§E§D§B§D§A§lt§x§5§E§D§9§E§1§ls §x§5§D§D§4§E§E§lK§x§5§C§D§1§F§5§le§x§5§C§C§F§F§C§ly in auction for 100000.
[12:10:10] > celinesanrio remove x1 §x§5§C§C§F§F§C§lC§x§5§C§D§1§F§5§lo§x§5§D§D§4§E§E§ls§x§5§D§D§6§E§7§lm§x§5§E§D§9§E§1§le§x§5§E§D§B§D§A§lt§x§5§E§D§D§D§3§li§x§5§F§E§0§C§C§lc §x§5§F§E§0§C§C§lH§x§5§E§D§D§D§3§la§x§5§E§D§B§D§A§lt§x§5§E§D§9§E§1§ls §x§5§D§D§4§E§E§lK§x§5§C§D§1§F§5§le§x§5§C§C§F§F§C§ly from storage
[12:10:10] > celinesanrio remove x1 §x§5§C§C§F§F§C§lC§x§5§C§D§1§F§5§lo§x§5§D§D§4§E§E§ls§x§5§D§D§6§E§7§lm§x§5§E§D§9§E§1§le§x§5§E§D§B§D§A§lt§x§5§E§D§D§D§3§li§x§5§F§E§0§C§C§lc §x§5§F§E§0§C§C§lH§x§5§E§D§D§D§3§la§x§5§E§D§B§D§A§lt§x§5§E§D§9§E§1§ls §x§5§D§D§4§E§E§lK§x§5§C§D§1§F§5§le§x§5§C§C§F§F§C§ly from storage
[12:10:16] > celinesanrio added x2 §x§5§C§C§F§F§C§lC§x§5§C§D§1§F§5§lo§x§5§D§D§4§E§E§ls§x§5§D§D§6§E§7§lm§x§5§E§D§9§E§1§le§x§5§E§D§B§D§A§lt§x§5§E§D§D§D§3§li§x§5§F§E§0§C§C§lc §x§5§F§E§0§C§C§lH§x§5§E§D§D§D§3§la§x§5§E§D§B§D§A§lt§x§5§E§D§9§E§1§ls §x§5§D§D§4§E§E§lK§x§5§C§D§1§F§5§le§x§5§C§C§F§F§C§ly in auction for 200000.
[12:10:27] > celinesanrio added x1 §x§5§C§C§F§F§C§lC§x§5§C§D§1§F§5§lo§x§5§D§D§4§E§E§ls§x§5§D§D§6§E§7§lm§x§5§E§D§9§E§1§le§x§5§E§D§B§D§A§lt§x§5§E§D§D§D§3§li§x§5§F§E§0§C§C§lc §x§5§F§E§0§C§C§lH§x§5§E§D§D§D§3§la§x§5§E§D§B§D§A§lt§x§5§E§D§9§E§1§ls §x§5§D§D§4§E§E§lK§x§5§C§D§1§F§5§le§x§5§C§C§F§F§C§ly in auction for 100000.
[12:10:38] > celinesanrio added x1 §x§F§F§3§E§0§0§lD§x§F§F§3§7§0§0§le§x§F§F§3§0§0§0§lm§x§F§F§2§9§0§0§lo§x§F§F§2§2§0§0§ln §x§F§F§1§5§0§0§lL§x§F§F§0§E§0§0§lo§x§F§F§0§7§0§0§lr§x§F§F§0§0§0§0§ld §x§F§F§0§E§0§0§lF§x§F§F§1§5§0§0§lr§x§F§F§1§C§0§0§la§x§F§F§2§2§0§0§lg§x§F§F§2§9§0§0§lm§x§F§F§3§0§0§0§le§x§F§F§3§7§0§0§ln§x§F§F§3§E§0§0§lt in auction for 100000.
[12:10:56] > celinesanrio remove x1 §x§5§C§C§F§F§C§lC§x§5§C§D§1§F§5§lo§x§5§D§D§4§E§E§ls§x§5§D§D§6§E§7§lm§x§5§E§D§9§E§1§le§x§5§E§D§B§D§A§lt§x§5§E§D§D§D§3§li§x§5§F§E§0§C§C§lc §x§5§F§E§0§C§C§lH§x§5§E§D§D§D§3§la§x§5§E§D§B§D§A§lt§x§5§E§D§9§E§1§ls §x§5§D§D§4§E§E§lK§x§5§C§D§1§F§5§le§x§5§C§C§F§F§C§ly from storage
[12:10:57] > celinesanrio remove x2 §x§5§C§C§F§F§C§lC§x§5§C§D§1§F§5§lo§x§5§D§D§4§E§E§ls§x§5§D§D§6§E§7§lm§x§5§E§D§9§E§1§le§x§5§E§D§B§D§A§lt§x§5§E§D§D§D§3§li§x§5§F§E§0§C§C§lc §x§5§F§E§0§C§C§lH§x§5§E§D§D§D§3§la§x§5§E§D§B§D§A§lt§x§5§E§D§9§E§1§ls §x§5§D§D§4§E§E§lK§x§5§C§D§1§F§5§le§x§5§C§C§F§F§C§ly from storage
[12:11:01] > celinesanrio added x4 §x§5§C§C§F§F§C§lC§x§5§C§D§1§F§5§lo§x§5§D§D§4§E§E§ls§x§5§D§D§6§E§7§lm§x§5§E§D§9§E§1§le§x§5§E§D§B§D§A§lt§x§5§E§D§D§D§3§li§x§5§F§E§0§C§C§lc §x§5§F§E§0§C§C§lH§x§5§E§D§D§D§3§la§x§5§E§D§B§D§A§lt§x§5§E§D§9§E§1§ls §x§5§D§D§4§E§E§lK§x§5§C§D§1§F§5§le§x§5§C§C§F§F§C§ly in auction for 400000.
[12:11:27] > anneyong added x1 §x§F§F§3§E§0§0§lD§x§F§F§3§7§0§0§le§x§F§F§3§0§0§0§lm§x§F§F§2§9§0§0§lo§x§F§F§2§2§0§0§ln §x§F§F§1§5§0§0§lL§x§F§F§0§E§0§0§lo§x§F§F§0§7§0§0§lr§x§F§F§0§0§0§0§ld §x§F§F§0§E§0§0§lF§x§F§F§1§5§0§0§lr§x§F§F§1§C§0§0§la§x§F§F§2§2§0§0§lg§x§F§F§2§9§0§0§lm§x§F§F§3§0§0§0§le§x§F§F§3§7§0§0§ln§x§F§F§3§E§0§0§lt in auction for 30000.
[12:11:38] > tic_sz buy x1 §x§F§F§3§E§0§0§lD§x§F§F§3§7§0§0§le§x§F§F§3§0§0§0§lm§x§F§F§2§9§0§0§lo§x§F§F§2§2§0§0§ln §x§F§F§1§5§0§0§lL§x§F§F§0§E§0§0§lo§x§F§F§0§7§0§0§lr§x§F§F§0§0§0§0§ld §x§F§F§0§E§0§0§lF§x§F§F§1§5§0§0§lr§x§F§F§1§C§0§0§la§x§F§F§2§2§0§0§lg§x§F§F§2§9§0§0§lm§x§F§F§3§0§0§0§le§x§F§F§3§7§0§0§ln§x§F§F§3§E§0§0§lt to anneyong for $30,000.
[12:11:59] > tic_sz remove x1 §x§F§F§3§E§0§0§lD§x§F§F§3§7§0§0§le§x§F§F§3§0§0§0§lm§x§F§F§2§9§0§0§lo§x§F§F§2§2§0§0§ln §x§F§F§1§5§0§0§lL§x§F§F§0§E§0§0§lo§x§F§F§0§7§0§0§lr§x§F§F§0§0§0§0§ld §x§F§F§0§E§0§0§lF§x§F§F§1§5§0§0§lr§x§F§F§1§C§0§0§la§x§F§F§2§2§0§0§lg§x§F§F§2§9§0§0§lm§x§F§F§3§0§0§0§le§x§F§F§3§7§0§0§ln§x§F§F§3§E§0§0§lt from buy
[12:12:12] > KEITHTHEPRO added x1 §x§F§F§3§E§0§0§lD§x§F§F§3§5§0§0§le§x§F§F§2§C§0§0§lm§x§F§F§2§3§0§0§lo§x§F§F§1§B§0§0§ln §x§F§F§0§9§0§0§lL§x§F§F§0§0§0§0§lo§x§F§F§0§A§0§0§lr§x§F§F§1§5§0§0§ld §x§F§F§2§9§0§0§lH§x§F§F§3§4§0§0§lo§x§F§F§3§E§0§0§le in auction for 100000.
[12:12:37] > BlackKnight buy x1 Enchanted book to k000k444k for $70,000.
[12:12:46] > BlackKnight remove x1 Enchanted book form buy
[12:14:18] > celinesanrio added x1 §x§F§F§3§E§0§0§lD§x§F§F§3§7§0§0§le§x§F§F§3§0§0§0§lm§x§F§F§2§9§0§0§lo§x§F§F§2§2§0§0§ln §x§F§F§1§5§0§0§lL§x§F§F§0§E§0§0§lo§x§F§F§0§7§0§0§lr§x§F§F§0§0§0§0§ld §x§F§F§0§E§0§0§lF§x§F§F§1§5§0§0§lr§x§F§F§1§C§0§0§la§x§F§F§2§2§0§0§lg§x§F§F§2§9§0§0§lm§x§F§F§3§0§0§0§le§x§F§F§3§7§0§0§ln§x§F§F§3§E§0§0§lt in auction for 100000.
[12:14:22] > celinesanrio remove x1 §x§F§F§3§E§0§0§lD§x§F§F§3§7§0§0§le§x§F§F§3§0§0§0§lm§x§F§F§2§9§0§0§lo§x§F§F§2§2§0§0§ln §x§F§F§1§5§0§0§lL§x§F§F§0§E§0§0§lo§x§F§F§0§7§0§0§lr§x§F§F§0§0§0§0§ld §x§F§F§0§E§0§0§lF§x§F§F§1§5§0§0§lr§x§F§F§1§C§0§0§la§x§F§F§2§2§0§0§lg§x§F§F§2§9§0§0§lm§x§F§F§3§0§0§0§le§x§F§F§3§7§0§0§ln§x§F§F§3§E§0§0§lt from storage
[12:14:23] > celinesanrio remove x1 §x§F§F§3§E§0§0§lD§x§F§F§3§7§0§0§le§x§F§F§3§0§0§0§lm§x§F§F§2§9§0§0§lo§x§F§F§2§2§0§0§ln §x§F§F§1§5§0§0§lL§x§F§F§0§E§0§0§lo§x§F§F§0§7§0§0§lr§x§F§F§0§0§0§0§ld §x§F§F§0§E§0§0§lF§x§F§F§1§5§0§0§lr§x§F§F§1§C§0§0§la§x§F§F§2§2§0§0§lg§x§F§F§2§9§0§0§lm§x§F§F§3§0§0§0§le§x§F§F§3§7§0§0§ln§x§F§F§3§E§0§0§lt from storage
[12:14:48] > celinesanrio added x3 §x§F§F§3§E§0§0§lD§x§F§F§3§7§0§0§le§x§F§F§3§0§0§0§lm§x§F§F§2§9§0§0§lo§x§F§F§2§2§0§0§ln §x§F§F§1§5§0§0§lL§x§F§F§0§E§0§0§lo§x§F§F§0§7§0§0§lr§x§F§F§0§0§0§0§ld §x§F§F§0§E§0§0§lF§x§F§F§1§5§0§0§lr§x§F§F§1§C§0§0§la§x§F§F§2§2§0§0§lg§x§F§F§2§9§0§0§lm§x§F§F§3§0§0§0§le§x§F§F§3§7§0§0§ln§x§F§F§3§E§0§0§lt in auction for 300000.
[12:14:54] > king_ARK buy x1 Ominous bottle to ZelYang for $20,000.
[12:15:04] > KEITHTHEPRO added x1 §esᴘɪᴅᴇʀ sᴘᴀᴡɴᴇʀ in auction for 100000.
[12:15:10] > Artdeh buy x1 §esᴘɪᴅᴇʀ sᴘᴀᴡɴᴇʀ to KEITHTHEPRO for $100,000.
[12:15:26] > king_ARK buy x1 §x§E§5§1§B§1§B§lDracula Sword to MrGh0st1y for $20,000.
[12:19:15] > PrezXie buy x1 §f§l§x§8§A§0§0§F§FS§x§9§5§0§0§E§4h§x§A§0§0§0§C§9i§x§A§B§0§0§A§En§x§B§6§0§0§9§4e§x§C§1§0§0§7§9 §x§C§C§0§0§5§EO§x§D§7§0§0§4§3n§x§E§2§0§0§2§8i§x§E§D§0§0§0§D C§x§E§2§0§0§2§8h§x§D§7§0§0§4§3e§x§C§C§0§0§5§Es§x§C§1§0§0§7§9t§x§B§6§0§0§9§4p§x§A§B§0§0§A§El§x§A§0§0§0§C§9a§x§9§5§0§0§E§4t§x§8§A§0§0§F§Fe to celinesanrio for $3,000,000.
[12:19:20] > PrezXie remove x1 PWARP BLAZEXPFARM from storage
[12:19:26] > PrezXie remove x1 §f§l§x§8§A§0§0§F§FS§x§9§5§0§0§E§4h§x§A§0§0§0§C§9i§x§A§B§0§0§A§En§x§B§6§0§0§9§4e§x§C§1§0§0§7§9 §x§C§C§0§0§5§EO§x§D§7§0§0§4§3n§x§E§2§0§0§2§8i§x§E§D§0§0§0§D C§x§E§2§0§0§2§8h§x§D§7§0§0§4§3e§x§C§C§0§0§5§Es§x§C§1§0§0§7§9t§x§B§6§0§0§9§4p§x§A§B§0§0§A§El§x§A§0§0§0§C§9a§x§9§5§0§0§E§4t§x§8§A§0§0§F§Fe from buy
[12:27:42] > CoreyNabuko added x5 §x§F§F§3§E§0§0§lD§x§F§F§3§7§0§0§le§x§F§F§3§0§0§0§lm§x§F§F§2§9§0§0§lo§x§F§F§2§2§0§0§ln §x§F§F§1§5§0§0§lL§x§F§F§0§E§0§0§lo§x§F§F§0§7§0§0§lr§x§F§F§0§0§0§0§ld §x§F§F§0§E§0§0§lF§x§F§F§1§5§0§0§lr§x§F§F§1§C§0§0§la§x§F§F§2§2§0§0§lg§x§F§F§2§9§0§0§lm§x§F§F§3§0§0§0§le§x§F§F§3§7§0§0§ln§x§F§F§3§E§0§0§lt in auction for 100000.
[12:36:27] > Sngel25 added x1 Elytra in auction for 1000000.
[12:40:11] > Sngel25 buy x5 §x§F§F§3§E§0§0§lD§x§F§F§3§7§0§0§le§x§F§F§3§0§0§0§lm§x§F§F§2§9§0§0§lo§x§F§F§2§2§0§0§ln §x§F§F§1§5§0§0§lL§x§F§F§0§E§0§0§lo§x§F§F§0§7§0§0§lr§x§F§F§0§0§0§0§ld §x§F§F§0§E§0§0§lF§x§F§F§1§5§0§0§lr§x§F§F§1§C§0§0§la§x§F§F§2§2§0§0§lg§x§F§F§2§9§0§0§lm§x§F§F§3§0§0§0§le§x§F§F§3§7§0§0§ln§x§F§F§3§E§0§0§lt to CoreyNabuko for $100,000.
[12:50:54] > Artdeh added x1 §fFlower Hat in auction for 200000.
[12:51:07] > InternetCafeUser buy x1 §x§F§F§3§E§0§0§lD§x§F§F§3§6§0§0§le§x§F§F§2§F§0§0§lm§x§F§F§2§7§0§0§lo§x§F§F§1§F§0§0§ln §x§F§F§1§0§0§0§lL§x§F§F§0§8§0§0§lo§x§F§F§0§0§0§0§lr§x§F§F§0§8§0§0§ld §x§F§F§1§7§0§0§lH§x§F§F§1§F§0§0§le§x§F§F§2§7§0§0§ll§x§F§F§2§F§0§0§lm§x§F§F§3§6§0§0§le§x§F§F§3§E§0§0§lt to nicoso12 for $350,000.
[12:51:53] > mae remove x1 §x§F§F§5§5§0§0§lsᴇʟʟᴡᴀɴᴅ §6- 5.0x from buy
[12:52:38] > lorxie buy x4 §x§5§C§C§F§F§C§lC§x§5§C§D§1§F§5§lo§x§5§D§D§4§E§E§ls§x§5§D§D§6§E§7§lm§x§5§E§D§9§E§1§le§x§5§E§D§B§D§A§lt§x§5§E§D§D§D§3§li§x§5§F§E§0§C§C§lc §x§5§F§E§0§C§C§lH§x§5§E§D§D§D§3§la§x§5§E§D§B§D§A§lt§x§5§E§D§9§E§1§ls §x§5§D§D§4§E§E§lK§x§5§C§D§1§F§5§le§x§5§C§C§F§F§C§ly to celinesanrio for $400,000.
[12:53:05] > lorxie remove x4 §x§5§C§C§F§F§C§lC§x§5§C§D§1§F§5§lo§x§5§D§D§4§E§E§ls§x§5§D§D§6§E§7§lm§x§5§E§D§9§E§1§le§x§5§E§D§B§D§A§lt§x§5§E§D§D§D§3§li§x§5§F§E§0§C§C§lc §x§5§F§E§0§C§C§lH§x§5§E§D§D§D§3§la§x§5§E§D§B§D§A§lt§x§5§E§D§9§E§1§ls §x§5§D§D§4§E§E§lK§x§5§C§D§1§F§5§le§x§5§C§C§F§F§C§ly from buy
[13:00:17] > Pewpew buy x10 Dried ghast to celinesanrio for $100,000.
[13:00:18] > Sngel25 remove x1 Elytra from storage
[13:00:34] > Pewpew remove x10 Dried ghast from buy
[13:00:38] > Sngel25 added x1 Elytra in auction for 800000.
[13:00:55] > grit_zy remove x1 Elytra from storage
[13:00:55] > grit_zy remove x1 Elytra from storage
[13:00:56] > grit_zy remove x1 Elytra from storage
[13:10:27] > Sngel25 remove x1 Elytra from storage
[13:13:58] > Artdeh added x1 Visit /pwarp IronShop for Iron Blocks in auction for 1000000000.
[13:20:17] > Lanchan68 buy x1 Shulker box to celinesanrio for $1,000,000.
[13:22:33] > mae remove x1 §f§l§x§F§C§D§0§5§CW§x§F§A§A§2§4§8u§x§F§8§7§4§3§3k§x§F§6§4§5§1§Fo§x§F§4§1§7§0§Ang§x§F§6§4§5§1§F §x§F§8§7§4§3§3A§x§F§A§A§2§4§8x§x§F§C§D§0§5§Ce form buy
[13:22:33] > mae remove x1 GP form buy
[13:22:33] > mae remove x1 Elytra form buy
[13:22:33] > mae remove x1 §x§5§C§C§F§F§C§lC§x§5§C§D§1§F§5§lo§x§5§D§D§4§E§E§ls§x§5§D§D§6§E§7§lm§x§5§E§D§9§E§1§le§x§5§E§D§B§D§A§lt§x§5§E§D§D§D§3§li§x§5§F§E§0§C§C§lc §x§5§F§E§0§C§C§lH§x§5§E§D§D§D§3§la§x§5§E§D§B§D§A§lt§x§5§E§D§9§E§1§ls §x§5§D§D§4§E§E§lK§x§5§C§D§1§F§5§le§x§5§C§C§F§F§C§ly form buy
[13:22:33] > mae remove x1 §f§x§F§B§B§6§1§DC§x§F§0§A§F§1§Ca§x§E§5§A§8§1§Bp§x§D§B§A§0§1§9y§x§D§0§9§9§1§8b§x§C§5§9§2§1§7a§x§B§A§8§B§1§6r§x§A§F§8§4§1§5a§x§A§4§7§D§1§4 §x§9§A§7§5§1§2H§x§8§F§6§E§1§1a§x§8§4§6§7§1§0t form buy
[13:22:33] > mae remove x64 Glowstone form buy
[13:22:33] > mae remove x64 Glowstone form buy
[13:22:33] > mae remove x1 §f§l§x§F§A§0§0§0§AD§x§F§A§2§A§1§Aa§x§F§B§5§3§2§Br§x§F§B§7§D§3§Bk§x§F§C§A§6§4§Cf§x§F§C§D§0§5§Cl§x§F§C§D§0§5§Ca§x§F§C§A§D§4§Em§x§F§B§8§B§4§1e§x§F§B§6§8§3§3 §x§F§B§4§5§2§5A§x§F§A§2§3§1§8x§x§F§A§0§0§0§Ae form buy
[13:30:45] > Pewpew buy x46 Iron block to MrZyrus7228 for $10,000.
[13:35:38] > Jaiki buy x2 §e§lCrab Scale to celinesanrio for $20,000.
[13:35:39] > Jaiki buy x1 §9§lCrab Claw to celinesanrio for $10,000.
[13:47:58] > TostyZura added x1 §x§F§F§5§5§0§0§lsᴇʟʟᴡᴀɴᴅ §6- 10.0x in auction for 900000.
[13:48:06] > Zypher_0w0 added x1 Alaska Fortified in auction for 50000.
[13:48:35] > king_ARK buy x1 §x§F§F§5§5§0§0§lsᴇʟʟᴡᴀɴᴅ §6- 10.0x to TostyZura for $900,000.
[13:48:57] > TostyZura added x1 §x§F§F§5§5§0§0§lsᴇʟʟᴡᴀɴᴅ §6- 10.0x in auction for 850000.
[13:49:03] > mae buy x1 §x§F§F§5§5§0§0§lsᴇʟʟᴡᴀɴᴅ §6- 10.0x to TostyZura for $850,000.
[13:49:12] > TostyZura added x1 §x§F§F§5§5§0§0§lsᴇʟʟᴡᴀɴᴅ §6- 10.0x in auction for 850000.
[13:49:20] > PrezXie buy x1 §x§F§F§5§5§0§0§lsᴇʟʟᴡᴀɴᴅ §6- 10.0x to TostyZura for $850,000.
[13:49:33] > mae remove x1 §x§F§F§5§5§0§0§lsᴇʟʟᴡᴀɴᴅ §6- 10.0x from buy
[13:49:44] > PrezXie remove x1 §x§F§F§5§5§0§0§lsᴇʟʟᴡᴀɴᴅ §6- 10.0x from buy
[13:49:59] > Zypher_0w0 remove x1 /pwarp go rayotShop Now Open! from storage
[13:50:08] > TostyZura added x1 §x§5§9§A§1§D§9§lA§x§6§B§A§B§D§Dr§x§7§E§B§6§E§1c§x§9§0§C§0§E§6h§x§A§3§C§B§E§Aa§x§B§5§D§5§E§En§x§C§8§E§0§F§2g§x§D§A§E§A§F§7e§x§E§D§F§5§F§Bl §x§E§A§F§3§F§AL§x§D§6§E§8§F§6e§x§C§1§D§C§F§1g§x§A§C§D§0§E§Cg§x§9§7§C§4§E§7i§x§8§3§B§9§E§3n§x§6§E§A§D§D§Eg§x§5§9§A§1§D§9s in auction for 150000.
[13:50:16] > mae buy x1 §x§5§9§A§1§D§9§lA§x§6§B§A§B§D§Dr§x§7§E§B§6§E§1c§x§9§0§C§0§E§6h§x§A§3§C§B§E§Aa§x§B§5§D§5§E§En§x§C§8§E§0§F§2g§x§D§A§E§A§F§7e§x§E§D§F§5§F§Bl §x§E§A§F§3§F§AL§x§D§6§E§8§F§6e§x§C§1§D§C§F§1g§x§A§C§D§0§E§Cg§x§9§7§C§4§E§7i§x§8§3§B§9§E§3n§x§6§E§A§D§D§Eg§x§5§9§A§1§D§9s to TostyZura for $150,000.
[13:50:37] > TostyZura added x5 §x§F§C§9§0§5§C§lE§x§E§6§9§C§6§B§lp§x§C§F§A§7§7§A§li§x§B§9§B§3§8§9§lc §x§8§C§C§B§A§7§lC§x§7§5§D§6§B§6§lr§x§5§F§E§2§C§5§la§x§7§9§D§4§B§4§lt§x§9§3§C§7§A§2§le §x§C§8§A§B§7§F§lK§x§E§2§9§E§6§E§le§x§F§C§9§0§5§C§ly in auction for 10000.
[13:50:49] > TostyZura added x5 §x§F§C§D§0§5§C§lB§x§E§6§D§3§6§B§la§x§C§F§D§5§7§A§ls§x§B§9§D§8§8§9§li§x§A§2§D§A§9§8§lc §x§7§5§D§F§B§6§lC§x§5§F§E§2§C§5§lr§x§7§5§D§F§B§6§la§x§8§C§D§D§A§7§lt§x§A§2§D§A§9§8§le §x§C§F§D§5§7§A§lK§x§E§6§D§3§6§B§le§x§F§C§D§0§5§C§ly in auction for 5000.
[13:51:04] > TostyZura added x1 §x§C§9§A§7§F§C§lL§x§B§D§A§E§F§6§le§x§B§1§B§4§F§0§lg§x§A§6§B§B§E§A§le§x§9§A§C§1§E§4§ln§x§8§E§C§8§D§D§ld§x§8§2§C§E§D§7§la§x§7§7§D§5§D§1§lr§x§6§B§D§B§C§B§ly §x§6§B§D§B§C§B§lC§x§7§7§D§5§D§1§lr§x§8§2§C§E§D§7§la§x§8§E§C§8§D§D§lt§x§9§A§C§1§E§4§le §x§B§1§B§4§F§0§lK§x§B§D§A§E§F§6§le§x§C§9§A§7§F§C§ly in auction for 100.
[13:51:10] > grit_zy buy x1 §x§C§9§A§7§F§C§lL§x§B§D§A§E§F§6§le§x§B§1§B§4§F§0§lg§x§A§6§B§B§E§A§le§x§9§A§C§1§E§4§ln§x§8§E§C§8§D§D§ld§x§8§2§C§E§D§7§la§x§7§7§D§5§D§1§lr§x§6§B§D§B§C§B§ly §x§6§B§D§B§C§B§lC§x§7§7§D§5§D§1§lr§x§8§2§C§E§D§7§la§x§8§E§C§8§D§D§lt§x§9§A§C§1§E§4§le §x§B§1§B§4§F§0§lK§x§B§D§A§E§F§6§le§x§C§9§A§7§F§C§ly to TostyZura for $100.
[13:51:15] > tic_sz buy x5 §x§F§C§D§0§5§C§lB§x§E§6§D§3§6§B§la§x§C§F§D§5§7§A§ls§x§B§9§D§8§8§9§li§x§A§2§D§A§9§8§lc §x§7§5§D§F§B§6§lC§x§5§F§E§2§C§5§lr§x§7§5§D§F§B§6§la§x§8§C§D§D§A§7§lt§x§A§2§D§A§9§8§le §x§C§F§D§5§7§A§lK§x§E§6§D§3§6§B§le§x§F§C§D§0§5§C§ly to TostyZura for $5,000.
[13:51:21] > tic_sz buy x5 §x§F§C§9§0§5§C§lE§x§E§6§9§C§6§B§lp§x§C§F§A§7§7§A§li§x§B§9§B§3§8§9§lc §x§8§C§C§B§A§7§lC§x§7§5§D§6§B§6§lr§x§5§F§E§2§C§5§la§x§7§9§D§4§B§4§lt§x§9§3§C§7§A§2§le §x§C§8§A§B§7§F§lK§x§E§2§9§E§6§E§le§x§F§C§9§0§5§C§ly to TostyZura for $10,000.
[13:52:06] > tic_sz remove x5 §x§F§C§9§0§5§C§lE§x§E§6§9§C§6§B§lp§x§C§F§A§7§7§A§li§x§B§9§B§3§8§9§lc §x§8§C§C§B§A§7§lC§x§7§5§D§6§B§6§lr§x§5§F§E§2§C§5§la§x§7§9§D§4§B§4§lt§x§9§3§C§7§A§2§le §x§C§8§A§B§7§F§lK§x§E§2§9§E§6§E§le§x§F§C§9§0§5§C§ly from buy
[13:52:06] > tic_sz remove x5 §x§F§C§D§0§5§C§lB§x§E§6§D§3§6§B§la§x§C§F§D§5§7§A§ls§x§B§9§D§8§8§9§li§x§A§2§D§A§9§8§lc §x§7§5§D§F§B§6§lC§x§5§F§E§2§C§5§lr§x§7§5§D§F§B§6§la§x§8§C§D§D§A§7§lt§x§A§2§D§A§9§8§le §x§C§F§D§5§7§A§lK§x§E§6§D§3§6§B§le§x§F§C§D§0§5§C§ly from buy
[13:52:31] > Zypher_0w0 added x1 /pwarp go IronShop get your iron blocks here in auction for 100000000.
[14:19:22] > Jaiki added x1 §esʜᴇᴇᴘ sᴘᴀᴡɴᴇʀ in auction for 100000.
[14:19:36] > PsalmTheHero_ added x1 §esᴘɪᴅᴇʀ sᴘᴀᴡɴᴇʀ in auction for 150000.
[14:19:40] > Artdeh buy x1 §esᴘɪᴅᴇʀ sᴘᴀᴡɴᴇʀ to PsalmTheHero_ for $150,000.
[14:20:14] > Artdeh remove x1 §esᴘɪᴅᴇʀ sᴘᴀᴡɴᴇʀ from buy
[14:20:14] > Artdeh remove x1 §esᴘɪᴅᴇʀ sᴘᴀᴡɴᴇʀ from buy
[14:24:42] > mae added x20 §x§C§9§A§7§F§C§lL§x§B§D§A§E§F§6§le§x§B§1§B§4§F§0§lg§x§A§6§B§B§E§A§le§x§9§A§C§1§E§4§ln§x§8§E§C§8§D§D§ld§x§8§2§C§E§D§7§la§x§7§7§D§5§D§1§lr§x§6§B§D§B§C§B§ly §x§6§B§D§B§C§B§lC§x§7§7§D§5§D§1§lr§x§8§2§C§E§D§7§la§x§8§E§C§8§D§D§lt§x§9§A§C§1§E§4§le §x§B§1§B§4§F§0§lK§x§B§D§A§E§F§6§le§x§C§9§A§7§F§C§ly in auction for 500000.
[14:24:46] > k000k444k buy x5 §x§F§C§9§0§5§C§lE§x§E§6§9§C§6§B§lp§x§C§F§A§7§7§A§li§x§B§9§B§3§8§9§lc §x§8§C§C§B§A§7§lC§x§7§5§D§6§B§6§lr§x§5§F§E§2§C§5§la§x§7§9§D§4§B§4§lt§x§9§3§C§7§A§2§le §x§C§8§A§B§7§F§lK§x§E§2§9§E§6§E§le§x§F§C§9§0§5§C§ly to Jaiki for $100,000.
[14:24:50] > octopus_01 remove x1 §x§F§F§3§E§0§0§lD§x§F§F§3§5§0§0§le§x§F§F§2§C§0§0§lm§x§F§F§2§3§0§0§lo§x§F§F§1§B§0§0§ln §x§F§F§0§9§0§0§lL§x§F§F§0§0§0§0§lo§x§F§F§0§A§0§0§lr§x§F§F§1§5§0§0§ld §x§F§F§2§9§0§0§lB§x§F§F§3§4§0§0§lo§x§F§F§3§E§0§0§lw from buy
[14:24:54] > k000k444k remove x5 §x§F§C§9§0§5§C§lE§x§E§6§9§C§6§B§lp§x§C§F§A§7§7§A§li§x§B§9§B§3§8§9§lc §x§8§C§C§B§A§7§lC§x§7§5§D§6§B§6§lr§x§5§F§E§2§C§5§la§x§7§9§D§4§B§4§lt§x§9§3§C§7§A§2§le §x§C§8§A§B§7§F§lK§x§E§2§9§E§6§E§le§x§F§C§9§0§5§C§ly from buy
[14:29:38] > Zee_ added x1 Elytra in auction for 5000000.
[14:30:54] > mae added x1 Elytra in auction for 5000000.
[14:32:08] > subscrownic remove x1 §x§F§F§3§E§0§0§lD§x§F§F§3§7§0§0§le§x§F§F§3§0§0§0§lm§x§F§F§2§9§0§0§lo§x§F§F§2§2§0§0§ln §x§F§F§1§5§0§0§lL§x§F§F§0§E§0§0§lo§x§F§F§0§7§0§0§lr§x§F§F§0§0§0§0§ld §x§F§F§0§E§0§0§lL§x§F§F§1§5§0§0§le§x§F§F§1§C§0§0§lg§x§F§F§2§2§0§0§lg§x§F§F§2§9§0§0§li§x§F§F§3§0§0§0§ln§x§F§F§3§7§0§0§lg§x§F§F§3§E§0§0§ls from buy
[14:36:29] > mae remove x1 §x§5§9§A§1§D§9§lA§x§6§B§A§B§D§Dr§x§7§E§B§6§E§1c§x§9§0§C§0§E§6h§x§A§3§C§B§E§Aa§x§B§5§D§5§E§En§x§C§8§E§0§F§2g§x§D§A§E§A§F§7e§x§E§D§F§5§F§Bl §x§E§A§F§3§F§AL§x§D§6§E§8§F§6e§x§C§1§D§C§F§1g§x§A§C§D§0§E§Cg§x§9§7§C§4§E§7i§x§8§3§B§9§E§3n§x§6§E§A§D§D§Eg§x§5§9§A§1§D§9s from buy
[14:43:09] > subscrownic remove x1 §x§F§0§7§A§5§4§lZombie Apocalyptic Boots from storage
[14:45:09] > Sngel25 added x1 §x§F§F§5§5§0§0§lsᴇʟʟᴡᴀɴᴅ §6- 10.0x in auction for 800000.
[14:45:14] > mae buy x1 §x§F§F§5§5§0§0§lsᴇʟʟᴡᴀɴᴅ §6- 10.0x to Sngel25 for $800,000.
[14:45:31] > Sngel25 added x1 §x§F§F§5§5§0§0§lsᴇʟʟᴡᴀɴᴅ §6- 5.0x in auction for 400000.
[14:45:38] > mae buy x1 §x§F§F§5§5§0§0§lsᴇʟʟᴡᴀɴᴅ §6- 5.0x to Sngel25 for $400,000.
[14:46:40] > mae remove x1 §x§F§F§5§5§0§0§lsᴇʟʟᴡᴀɴᴅ §6- 5.0x form buy
[14:46:40] > mae remove x1 §x§F§F§5§5§0§0§lsᴇʟʟᴡᴀɴᴅ §6- 10.0x form buy
[14:47:17] > subscrownic added x1 §x§F§F§5§5§0§0§lsᴇʟʟᴡᴀɴᴅ §6- 10.0x in auction for 500000.
[14:47:21] > mae buy x1 §x§F§F§5§5§0§0§lsᴇʟʟᴡᴀɴᴅ §6- 10.0x to subscrownic for $500,000.
[14:47:35] > subscrownic added x1 §x§F§F§5§5§0§0§lsᴇʟʟᴡᴀɴᴅ §6- 5.0x in auction for 100000.
[14:47:38] > Sezemi buy x1 §x§F§F§5§5§0§0§lsᴇʟʟᴡᴀɴᴅ §6- 5.0x to subscrownic for $100,000.
[14:48:02] > Sezemi remove x1 §x§C§9§A§7§F§C§lL§x§B§D§A§E§F§6§le§x§B§1§B§4§F§0§lg§x§A§6§B§B§E§A§le§x§9§A§C§1§E§4§ln§x§8§E§C§8§D§D§ld§x§8§2§C§E§D§7§la§x§7§7§D§5§D§1§lr§x§6§B§D§B§C§B§ly §x§6§B§D§B§C§B§lC§x§7§7§D§5§D§1§lr§x§8§2§C§E§D§7§la§x§8§E§C§8§D§D§lt§x§9§A§C§1§E§4§le §x§B§1§B§4§F§0§lK§x§B§D§A§E§F§6§le§x§C§9§A§7§F§C§ly from buy
[14:48:04] > Sezemi remove x1 §x§F§C§D§0§5§C§lB§x§E§6§D§3§6§B§la§x§C§F§D§5§7§A§ls§x§B§9§D§8§8§9§li§x§A§2§D§A§9§8§lc §x§7§5§D§F§B§6§lC§x§5§F§E§2§C§5§lr§x§7§5§D§F§B§6§la§x§8§C§D§D§A§7§lt§x§A§2§D§A§9§8§le §x§C§F§D§5§7§A§lK§x§E§6§D§3§6§B§le§x§F§C§D§0§5§C§ly from buy
[14:48:07] > Sezemi remove x1 §eɪʀᴏɴ ɢᴏʟᴇᴍ sᴘᴀᴡɴᴇʀ from buy
[14:48:46] > mae remove x20 §x§C§9§A§7§F§C§lL§x§B§D§A§E§F§6§le§x§B§1§B§4§F§0§lg§x§A§6§B§B§E§A§le§x§9§A§C§1§E§4§ln§x§8§E§C§8§D§D§ld§x§8§2§C§E§D§7§la§x§7§7§D§5§D§1§lr§x§6§B§D§B§C§B§ly §x§6§B§D§B§C§B§lC§x§7§7§D§5§D§1§lr§x§8§2§C§E§D§7§la§x§8§E§C§8§D§D§lt§x§9§A§C§1§E§4§le §x§B§1§B§4§F§0§lK§x§B§D§A§E§F§6§le§x§C§9§A§7§F§C§ly from storage
[14:51:08] > subscrownic buy x2 §x§C§9§A§7§F§C§lL§x§B§D§A§E§F§6§le§x§B§1§B§4§F§0§lg§x§A§6§B§B§E§A§le§x§9§A§C§1§E§4§ln§x§8§E§C§8§D§D§ld§x§8§2§C§E§D§7§la§x§7§7§D§5§D§1§lr§x§6§B§D§B§C§B§ly §x§6§B§D§B§C§B§lC§x§7§7§D§5§D§1§lr§x§8§2§C§E§D§7§la§x§8§E§C§8§D§D§lt§x§9§A§C§1§E§4§le §x§B§1§B§4§F§0§lK§x§B§D§A§E§F§6§le§x§C§9§A§7§F§C§ly to Runz for $100,000.
[14:51:15] > subscrownic remove x2 §x§C§9§A§7§F§C§lL§x§B§D§A§E§F§6§le§x§B§1§B§4§F§0§lg§x§A§6§B§B§E§A§le§x§9§A§C§1§E§4§ln§x§8§E§C§8§D§D§ld§x§8§2§C§E§D§7§la§x§7§7§D§5§D§1§lr§x§6§B§D§B§C§B§ly §x§6§B§D§B§C§B§lC§x§7§7§D§5§D§1§lr§x§8§2§C§E§D§7§la§x§8§E§C§8§D§D§lt§x§9§A§C§1§E§4§le §x§B§1§B§4§F§0§lK§x§B§D§A§E§F§6§le§x§C§9§A§7§F§C§ly from buy
[14:53:16] > giyahnpogi added x1 AceHardware is officially open na. ConvenienceOnly in auction for 9999999.
[14:54:47] > giyahnpogi added x1 p/warp AceHardware for redstoners there in auction for 9999999.
[14:55:27] > Fuwazi added x1 §x§F§F§5§5§0§0§lsᴇʟʟᴡᴀɴᴅ §6- 5.0x in auction for 500000.
[14:56:00] > Fuwazi remove x1 §x§F§F§5§5§0§0§lsᴇʟʟᴡᴀɴᴅ §6- 5.0x from storage
[14:56:12] > Fuwazi added x1 §x§F§F§5§5§0§0§lsᴇʟʟᴡᴀɴᴅ §6- 5.0x in auction for 450000.
[14:56:16] > mae buy x1 §x§F§F§5§5§0§0§lsᴇʟʟᴡᴀɴᴅ §6- 5.0x to Fuwazi for $450,000.
[14:56:56] > Fuwazi added x1 §x§F§F§3§E§0§0§lD§x§F§F§3§5§0§0§le§x§F§F§2§C§0§0§lm§x§F§F§2§3§0§0§lo§x§F§F§1§B§0§0§ln §x§F§F§0§9§0§0§lL§x§F§F§0§0§0§0§lo§x§F§F§0§A§0§0§lr§x§F§F§1§5§0§0§ld §x§F§F§2§9§0§0§lK§x§F§F§3§4§0§0§le§x§F§F§3§E§0§0§ly in auction for 200000.
[14:57:13] > king_ARK buy x1 §x§F§F§3§E§0§0§lD§x§F§F§3§5§0§0§le§x§F§F§2§C§0§0§lm§x§F§F§2§3§0§0§lo§x§F§F§1§B§0§0§ln §x§F§F§0§9§0§0§lL§x§F§F§0§0§0§0§lo§x§F§F§0§A§0§0§lr§x§F§F§1§5§0§0§ld §x§F§F§2§9§0§0§lK§x§F§F§3§4§0§0§le§x§F§F§3§E§0§0§ly to Fuwazi for $200,000.
[14:57:38] > Fuwazi added x1 §x§F§F§3§E§0§0§lD§x§F§F§3§5§0§0§le§x§F§F§2§C§0§0§lm§x§F§F§2§3§0§0§lo§x§F§F§1§B§0§0§ln §x§F§F§0§9§0§0§lL§x§F§F§0§0§0§0§lo§x§F§F§0§A§0§0§lr§x§F§F§1§5§0§0§ld §x§F§F§2§9§0§0§lK§x§F§F§3§4§0§0§le§x§F§F§3§E§0§0§ly in auction for 200000.
[14:57:55] > Fuwazi added x1 §x§F§F§3§E§0§0§lD§x§F§F§3§5§0§0§le§x§F§F§2§C§0§0§lm§x§F§F§2§3§0§0§lo§x§F§F§1§B§0§0§ln §x§F§F§0§9§0§0§lL§x§F§F§0§0§0§0§lo§x§F§F§0§A§0§0§lr§x§F§F§1§5§0§0§ld §x§F§F§2§9§0§0§lK§x§F§F§3§4§0§0§le§x§F§F§3§E§0§0§ly in auction for 200000.
[14:58:02] > Sezemi remove x1 §x§F§F§5§5§0§0§lsᴇʟʟᴡᴀɴᴅ §6- 5.0x from buy
[14:58:02] > Sezemi remove x1 §x§F§F§5§5§0§0§lsᴇʟʟᴡᴀɴᴅ §6- 5.0x from buy
[15:00:32] > x1 §x§F§0§7§A§5§4§lZombie Apocalyptic Boots, item of softlattee, has just expired, the item is definitively deleted.
[15:00:32] > x1 §x§F§0§7§A§5§4§lZombie Apocalyptic Boots, item of ImSneqkyy, has just expired, the item is definitively deleted.
[15:00:32] > x1 §x§F§0§7§A§5§4§lZombie Apocalyptic SMG, item of ImSneqkyy, has just expired, the item is definitively deleted.
[15:00:34] > HEYkay27 remove x1 §f§l§x§F§C§D§0§5§CW§x§F§A§A§2§4§8u§x§F§8§7§4§3§3k§x§F§6§4§5§1§Fo§x§F§4§1§7§0§Ang§x§F§6§4§5§1§F §x§F§8§7§4§3§3H§x§F§A§A§2§4§8o§x§F§C§D§0§5§Ce from expire
[15:00:36] > HEYkay27 remove x1 §f§l§x§F§C§D§0§5§CW§x§F§A§A§2§4§8u§x§F§8§7§4§3§3k§x§F§6§4§5§1§Fo§x§F§4§1§7§0§Ang§x§F§6§4§5§1§F §x§F§8§7§4§3§3A§x§F§A§A§2§4§8x§x§F§C§D§0§5§Ce from expire
[15:01:25] > TostyZura added x1 Elytra in auction for 1500000.
[15:01:29] > mae remove x1 §x§F§F§5§5§0§0§lsᴇʟʟᴡᴀɴᴅ §6- 5.0x form buy
[15:01:29] > mae remove x1 §x§F§F§5§5§0§0§lsᴇʟʟᴡᴀɴᴅ §6- 10.0x form buy
[15:02:30] > subscrownic buy x1 §x§F§F§3§E§0§0§lD§x§F§F§3§6§0§0§le§x§F§F§2§F§0§0§lm§x§F§F§2§7§0§0§lo§x§F§F§1§F§0§0§ln §x§F§F§1§0§0§0§lL§x§F§F§0§8§0§0§lo§x§F§F§0§0§0§0§lr§x§F§F§0§8§0§0§ld §x§F§F§1§7§0§0§lS§x§F§F§1§F§0§0§lh§x§F§F§2§7§0§0§li§x§F§F§2§F§0§0§le§x§F§F§3§6§0§0§ll§x§F§F§3§E§0§0§ld to Kyslee for $130,000.
[15:03:41] > subscrownic buy x1 §x§F§0§7§A§5§4§lZombie Apocalyptic Key to Zypher_0w0 for $200,000.
[15:03:46] > subscrownic remove x1 §x§F§F§3§E§0§0§lD§x§F§F§3§6§0§0§le§x§F§F§2§F§0§0§lm§x§F§F§2§7§0§0§lo§x§F§F§1§F§0§0§ln §x§F§F§1§0§0§0§lL§x§F§F§0§8§0§0§lo§x§F§F§0§0§0§0§lr§x§F§F§0§8§0§0§ld §x§F§F§1§7§0§0§lS§x§F§F§1§F§0§0§lh§x§F§F§2§7§0§0§li§x§F§F§2§F§0§0§le§x§F§F§3§6§0§0§ll§x§F§F§3§E§0§0§ld from buy
[15:03:47] > subscrownic remove x1 §x§F§0§7§A§5§4§lZombie Apocalyptic Key from buy
[15:04:35] > HEYkay27 remove x1 §f§l§x§F§C§D§0§5§CW§x§F§A§A§2§4§8u§x§F§8§7§4§3§3k§x§F§6§4§5§1§Fo§x§F§4§1§7§0§Ang§x§F§6§4§5§1§F §x§F§8§7§4§3§3H§x§F§A§A§2§4§8a§x§F§C§D§0§5§Ct from expire
[15:04:38] > HEYkay27 remove x1 §x§F§F§3§E§0§0§lD§x§F§F§3§5§0§0§le§x§F§F§2§C§0§0§lm§x§F§F§2§3§0§0§lo§x§F§F§1§B§0§0§ln §x§F§F§0§9§0§0§lL§x§F§F§0§0§0§0§lo§x§F§F§0§A§0§0§lr§x§F§F§1§5§0§0§ld §x§F§F§2§9§0§0§lB§x§F§F§3§4§0§0§lo§x§F§F§3§E§0§0§lw from expire
[15:04:40] > HEYkay27 remove x1 §x§F§0§7§A§5§4§lZombie Apocalyptic Dagger from expire
[15:05:11] > HEYkay27 remove x1 §x§5§9§A§1§D§9§lA§x§7§5§B§1§D§Fr§x§9§0§C§0§E§6c§x§A§C§D§0§E§Ch§x§C§8§E§0§F§2a§x§E§3§E§F§F§9n§fg§x§E§3§E§F§F§9e§x§C§8§E§0§F§2l §x§9§0§C§0§E§6B§x§7§5§B§1§D§Fo§x§5§9§A§1§D§9w from expire
[15:05:37] > subscrownic added x1 §x§F§0§7§A§5§4§lZombie Apocalyptic Halberd in auction for 125001.
[15:06:47] > mae remove x1 Elytra from storage
[15:08:29] > Zee_ remove x1 Firework rocket from storage
[15:08:42] > mae remove x1 Elytra from expire
[15:10:10] > SoulessBaron buy x10 Iron block to RukaLemon for $10,000.
[15:12:00] > _mae remove x1 §f§l§x§F§C§D§0§5§CW§x§F§B§C§1§5§5u§x§F§B§B§2§4§Fk§x§F§A§A§3§4§8o§x§F§9§9§5§4§2n§x§F§9§8§6§3§Bg§x§F§8§7§7§3§5 §x§F§8§6§8§2§EL§x§F§7§5§9§2§7e§x§F§6§4§A§2§1g§x§F§6§3§B§1§Ag§x§F§5§2§D§1§4i§x§F§4§1§E§0§Dn§x§F§4§0§F§0§7g§x§F§3§0§0§0§0s form expire
[15:12:00] > _mae remove x1 §x§F§F§3§E§0§0§lD§x§F§F§3§6§0§0§le§x§F§F§2§F§0§0§lm§x§F§F§2§7§0§0§lo§x§F§F§1§F§0§0§ln §x§F§F§1§0§0§0§lL§x§F§F§0§8§0§0§lo§x§F§F§0§0§0§0§lr§x§F§F§0§9§0§0§ld §x§F§F§1§B§0§0§lS§x§F§F§2§3§0§0§lp§x§F§F§2§C§0§0§le§x§F§F§3§5§0§0§la§x§F§F§3§E§0§0§lr form expire
[15:12:00] > _mae remove x1 §x§F§F§7§C§0§0§lSteamsparks Helmet form expire
[15:12:00] > _mae remove x1 §x§F§0§7§A§5§4§lZombie Apocalyptic SMG form expire
[15:13:54] > mae added x1 Elytra in auction for 1000000.
[15:14:15] > mae remove x1 Elytra form storage
[15:15:00] > mae added x1 Elytra in auction for 2000000.
[15:21:55] > x1 §fFarmer Hat on sale by Zypher_0w0 has just expired, it goes in the inventory of expired items.
[15:22:28] > king_ARK remove x1 §x§F§F§5§5§0§0§lsᴇʟʟᴡᴀɴᴅ §6- 5.0x from buy
[15:22:29] > king_ARK remove x1 §x§F§F§5§5§0§0§lsᴇʟʟᴡᴀɴᴅ §6- 5.0x from buy
[15:22:30] > king_ARK remove x1 §x§F§F§5§5§0§0§lsᴇʟʟᴡᴀɴᴅ §6- 10.0x from buy
[15:22:36] > SoulessBaron added x1 §x§F§F§5§5§0§0§lsᴇʟʟᴡᴀɴᴅ §6- 10.0x in auction for 1000000.
[15:22:51] > king_ARK remove x1 Ominous bottle from buy
[15:22:52] > king_ARK remove x1 §x§F§F§3§E§0§0§lD§x§F§F§3§5§0§0§le§x§F§F§2§C§0§0§lm§x§F§F§2§3§0§0§lo§x§F§F§1§B§0§0§ln §x§F§F§0§9§0§0§lL§x§F§F§0§0§0§0§lo§x§F§F§0§A§0§0§lr§x§F§F§1§5§0§0§ld §x§F§F§2§9§0§0§lK§x§F§F§3§4§0§0§le§x§F§F§3§E§0§0§ly from buy
[15:22:53] > king_ARK remove x1 §x§E§5§1§B§1§B§lDracula Sword from buy
[15:23:12] > SoulessBaron added x1 §x§F§F§5§5§0§0§lsᴇʟʟᴡᴀɴᴅ §6- 5.0x in auction for 425000.
[15:23:39] > Abbadex buy x1 §x§F§F§5§5§0§0§lsᴇʟʟᴡᴀɴᴅ §6- 5.0x to SoulessBaron for $425,000.
[15:26:50] > Sngel25 added x1 §eᴄᴏᴡ sᴘᴀᴡɴᴇʀ in auction for 60000.
[15:27:04] > Sngel25 added x1 §fMedieval Hat in auction for 100.
[15:27:26] > Zypher_0w0 added x1 §fMushroom Hat in auction for 80000.
[15:27:35] > Artdeh buy x1 §eᴄᴏᴡ sᴘᴀᴡɴᴇʀ to Sngel25 for $60,000.
[15:27:54] > Sngel25 added x1 §x§F§F§5§5§0§0§lsᴇʟʟᴡᴀɴᴅ §6- 5.0x in auction for 400000.
[15:28:02] > Fuwazi buy x1 §x§F§F§5§5§0§0§lsᴇʟʟᴡᴀɴᴅ §6- 5.0x to Sngel25 for $400,000.
[15:28:06] > TostyZura buy x1 §fMushroom Hat to Zypher_0w0 for $80,000.
[15:28:09] > Fuwazi remove x1 §x§F§F§5§5§0§0§lsᴇʟʟᴡᴀɴᴅ §6- 5.0x from buy
[15:28:17] > TostyZura remove x1 §fMushroom Hat from buy
[15:28:18] > Fuwazi added x1 §x§F§F§5§5§0§0§lsᴇʟʟᴡᴀɴᴅ §6- 5.0x in auction for 450000.
[15:28:23] > mae buy x1 §x§F§F§5§5§0§0§lsᴇʟʟᴡᴀɴᴅ §6- 5.0x to Fuwazi for $450,000.
[15:28:44] > TostyZura remove x1 Elytra from storage
[15:28:49] > TostyZura added x1 Elytra in auction for 1500000.
[15:28:53] > Zypher_0w0 remove x1 §x§E§5§1§B§1§B§lDracula Key from storage
[15:29:12] > Sngel25 added x1 Elytra in auction for 900000.
[15:29:19] > Zypher_0w0 added x1 §x§F§F§7§C§0§0§lSteamsparks Key in auction for 250000.
[15:29:20] > mae added x1 §x§5§9§A§1§D§9§lA§x§7§5§B§1§D§Fr§x§9§0§C§0§E§6c§x§A§C§D§0§E§Ch§x§C§8§E§0§F§2a§x§E§3§E§F§F§9n§fg§x§E§3§E§F§F§9e§x§C§8§E§0§F§2l §x§9§0§C§0§E§6H§x§7§5§B§1§D§Fo§x§5§9§A§1§D§9e in auction for 2000000.
[15:30:35] > TostyZura added x1 §x§F§F§7§C§0§0§lSteamsparks Fishing Rod in auction for 100000.
[15:30:46] > mae added x2 Nether star in auction for 100000.
[15:30:53] > king_ARK buy x1 §x§F§F§7§C§0§0§lSteamsparks Fishing Rod to TostyZura for $100,000.
[15:33:32] > SoulessBaron remove x1 §x§F§F§5§5§0§0§lsᴇʟʟᴡᴀɴᴅ §6- 10.0x form storage
[15:33:42] > Abbadex added x1 §x§F§F§3§E§0§0§lD§x§F§F§3§7§0§0§le§x§F§F§3§0§0§0§lm§x§F§F§2§9§0§0§lo§x§F§F§2§2§0§0§ln §x§F§F§1§5§0§0§lL§x§F§F§0§E§0§0§lo§x§F§F§0§7§0§0§lr§x§F§F§0§0§0§0§ld §x§F§F§0§E§0§0§lF§x§F§F§1§5§0§0§lr§x§F§F§1§C§0§0§la§x§F§F§2§2§0§0§lg§x§F§F§2§9§0§0§lm§x§F§F§3§0§0§0§le§x§F§F§3§7§0§0§ln§x§F§F§3§E§0§0§lt in auction for 150000.
[15:33:44] > SoulessBaron added x1 §x§F§F§5§5§0§0§lsᴇʟʟᴡᴀɴᴅ §6- 10.0x in auction for 810000.
[15:33:55] > king_ARK buy x1 §x§F§F§5§5§0§0§lsᴇʟʟᴡᴀɴᴅ §6- 10.0x to SoulessBaron for $810,000.
[15:34:24] > king_ARK remove x1 §x§F§F§5§5§0§0§lsᴇʟʟᴡᴀɴᴅ §6- 10.0x from buy
[15:34:24] > king_ARK remove x1 §x§F§F§7§C§0§0§lSteamsparks Fishing Rod from buy
[15:36:49] > Abbadex added x1 §x§F§F§3§E§0§0§lD§x§F§F§3§7§0§0§le§x§F§F§3§0§0§0§lm§x§F§F§2§9§0§0§lo§x§F§F§2§2§0§0§ln §x§F§F§1§5§0§0§lL§x§F§F§0§E§0§0§lo§x§F§F§0§7§0§0§lr§x§F§F§0§0§0§0§ld §x§F§F§0§E§0§0§lF§x§F§F§1§5§0§0§lr§x§F§F§1§C§0§0§la§x§F§F§2§2§0§0§lg§x§F§F§2§9§0§0§lm§x§F§F§3§0§0§0§le§x§F§F§3§7§0§0§ln§x§F§F§3§E§0§0§lt in auction for 150000.
[15:38:26] > Sngel25 added x1 §fCow Plushie §6(#26/101) in auction for 500000.
[15:38:35] > octopus_01 buy x1 §x§F§F§3§E§0§0§lD§x§F§F§3§7§0§0§le§x§F§F§3§0§0§0§lm§x§F§F§2§9§0§0§lo§x§F§F§2§2§0§0§ln §x§F§F§1§5§0§0§lL§x§F§F§0§E§0§0§lo§x§F§F§0§7§0§0§lr§x§F§F§0§0§0§0§ld §x§F§F§0§E§0§0§lF§x§F§F§1§5§0§0§lr§x§F§F§1§C§0§0§la§x§F§F§2§2§0§0§lg§x§F§F§2§9§0§0§lm§x§F§F§3§0§0§0§le§x§F§F§3§7§0§0§ln§x§F§F§3§E§0§0§lt to Abbadex for $150,000.
[15:38:39] > octopus_01 remove x1 §x§F§F§3§E§0§0§lD§x§F§F§3§7§0§0§le§x§F§F§3§0§0§0§lm§x§F§F§2§9§0§0§lo§x§F§F§2§2§0§0§ln §x§F§F§1§5§0§0§lL§x§F§F§0§E§0§0§lo§x§F§F§0§7§0§0§lr§x§F§F§0§0§0§0§ld §x§F§F§0§E§0§0§lF§x§F§F§1§5§0§0§lr§x§F§F§1§C§0§0§la§x§F§F§2§2§0§0§lg§x§F§F§2§9§0§0§lm§x§F§F§3§0§0§0§le§x§F§F§3§7§0§0§ln§x§F§F§3§E§0§0§lt from buy
[15:39:20] > Abbadex added x1 §x§F§F§3§E§0§0§lD§x§F§F§3§7§0§0§le§x§F§F§3§0§0§0§lm§x§F§F§2§9§0§0§lo§x§F§F§2§2§0§0§ln §x§F§F§1§5§0§0§lL§x§F§F§0§E§0§0§lo§x§F§F§0§7§0§0§lr§x§F§F§0§0§0§0§ld §x§F§F§0§E§0§0§lF§x§F§F§1§5§0§0§lr§x§F§F§1§C§0§0§la§x§F§F§2§2§0§0§lg§x§F§F§2§9§0§0§lm§x§F§F§3§0§0§0§le§x§F§F§3§7§0§0§ln§x§F§F§3§E§0§0§lt in auction for 150000.
[15:40:35] > Zee_ added x1 §x§F§F§3§E§0§0§lD§x§F§F§3§7§0§0§le§x§F§F§3§0§0§0§lm§x§F§F§2§9§0§0§lo§x§F§F§2§2§0§0§ln §x§F§F§1§5§0§0§lL§x§F§F§0§E§0§0§lo§x§F§F§0§7§0§0§lr§x§F§F§0§0§0§0§ld §x§F§F§0§E§0§0§lF§x§F§F§1§5§0§0§lr§x§F§F§1§C§0§0§la§x§F§F§2§2§0§0§lg§x§F§F§2§9§0§0§lm§x§F§F§3§0§0§0§le§x§F§F§3§7§0§0§ln§x§F§F§3§E§0§0§lt in auction for 150000.
[15:40:45] > Zee_ added x1 §x§F§F§3§E§0§0§lD§x§F§F§3§7§0§0§le§x§F§F§3§0§0§0§lm§x§F§F§2§9§0§0§lo§x§F§F§2§2§0§0§ln §x§F§F§1§5§0§0§lL§x§F§F§0§E§0§0§lo§x§F§F§0§7§0§0§lr§x§F§F§0§0§0§0§ld §x§F§F§0§E§0§0§lF§x§F§F§1§5§0§0§lr§x§F§F§1§C§0§0§la§x§F§F§2§2§0§0§lg§x§F§F§2§9§0§0§lm§x§F§F§3§0§0§0§le§x§F§F§3§7§0§0§ln§x§F§F§3§E§0§0§lt in auction for 150000.
[15:40:54] > Abbadex added x1 §x§F§F§3§E§0§0§lD§x§F§F§3§7§0§0§le§x§F§F§3§0§0§0§lm§x§F§F§2§9§0§0§lo§x§F§F§2§2§0§0§ln §x§F§F§1§5§0§0§lL§x§F§F§0§E§0§0§lo§x§F§F§0§7§0§0§lr§x§F§F§0§0§0§0§ld §x§F§F§0§E§0§0§lF§x§F§F§1§5§0§0§lr§x§F§F§1§C§0§0§la§x§F§F§2§2§0§0§lg§x§F§F§2§9§0§0§lm§x§F§F§3§0§0§0§le§x§F§F§3§7§0§0§ln§x§F§F§3§E§0§0§lt in auction for 100000.
[15:41:43] > Zee_ remove x1 §x§F§F§3§E§0§0§lD§x§F§F§3§7§0§0§le§x§F§F§3§0§0§0§lm§x§F§F§2§9§0§0§lo§x§F§F§2§2§0§0§ln §x§F§F§1§5§0§0§lL§x§F§F§0§E§0§0§lo§x§F§F§0§7§0§0§lr§x§F§F§0§0§0§0§ld §x§F§F§0§E§0§0§lF§x§F§F§1§5§0§0§lr§x§F§F§1§C§0§0§la§x§F§F§2§2§0§0§lg§x§F§F§2§9§0§0§lm§x§F§F§3§0§0§0§le§x§F§F§3§7§0§0§ln§x§F§F§3§E§0§0§lt from storage
[15:41:44] > Zee_ remove x1 §x§F§F§3§E§0§0§lD§x§F§F§3§7§0§0§le§x§F§F§3§0§0§0§lm§x§F§F§2§9§0§0§lo§x§F§F§2§2§0§0§ln §x§F§F§1§5§0§0§lL§x§F§F§0§E§0§0§lo§x§F§F§0§7§0§0§lr§x§F§F§0§0§0§0§ld §x§F§F§0§E§0§0§lF§x§F§F§1§5§0§0§lr§x§F§F§1§C§0§0§la§x§F§F§2§2§0§0§lg§x§F§F§2§9§0§0§lm§x§F§F§3§0§0§0§le§x§F§F§3§7§0§0§ln§x§F§F§3§E§0§0§lt from storage
[15:41:51] > SoulessBaron buy x3 §x§F§F§3§E§0§0§lD§x§F§F§3§7§0§0§le§x§F§F§3§0§0§0§lm§x§F§F§2§9§0§0§lo§x§F§F§2§2§0§0§ln §x§F§F§1§5§0§0§lL§x§F§F§0§E§0§0§lo§x§F§F§0§7§0§0§lr§x§F§F§0§0§0§0§ld §x§F§F§0§E§0§0§lF§x§F§F§1§5§0§0§lr§x§F§F§1§C§0§0§la§x§F§F§2§2§0§0§lg§x§F§F§2§9§0§0§lm§x§F§F§3§0§0§0§le§x§F§F§3§7§0§0§ln§x§F§F§3§E§0§0§lt to celinesanrio for $300,000.
[15:42:01] > Zee_ added x1 §x§F§F§3§E§0§0§lD§x§F§F§3§7§0§0§le§x§F§F§3§0§0§0§lm§x§F§F§2§9§0§0§lo§x§F§F§2§2§0§0§ln §x§F§F§1§5§0§0§lL§x§F§F§0§E§0§0§lo§x§F§F§0§7§0§0§lr§x§F§F§0§0§0§0§ld §x§F§F§0§E§0§0§lF§x§F§F§1§5§0§0§lr§x§F§F§1§C§0§0§la§x§F§F§2§2§0§0§lg§x§F§F§2§9§0§0§lm§x§F§F§3§0§0§0§le§x§F§F§3§7§0§0§ln§x§F§F§3§E§0§0§lt in auction for 100000.
[15:42:11] > Zee_ added x1 §x§F§F§3§E§0§0§lD§x§F§F§3§7§0§0§le§x§F§F§3§0§0§0§lm§x§F§F§2§9§0§0§lo§x§F§F§2§2§0§0§ln §x§F§F§1§5§0§0§lL§x§F§F§0§E§0§0§lo§x§F§F§0§7§0§0§lr§x§F§F§0§0§0§0§ld §x§F§F§0§E§0§0§lF§x§F§F§1§5§0§0§lr§x§F§F§1§C§0§0§la§x§F§F§2§2§0§0§lg§x§F§F§2§9§0§0§lm§x§F§F§3§0§0§0§le§x§F§F§3§7§0§0§ln§x§F§F§3§E§0§0§lt in auction for 100000.
[15:49:10] > SoulessBaron buy x1 §f§l§x§F§C§D§0§5§CW§x§F§B§B§0§4§Eu§x§F§9§9§0§4§0k§x§F§8§7§0§3§2o§x§F§6§5§0§2§3n§x§F§5§3§0§1§5g§x§F§4§1§0§0§7 P§x§F§5§3§0§1§5i§x§F§6§5§0§2§3c§x§F§8§7§0§3§2k§x§F§9§9§0§4§0a§x§F§B§B§0§4§Ex§x§F§C§D§0§5§Ce to Zypher_0w0 for $450,000.
[15:49:23] > SoulessBaron buy x1 §x§F§F§3§E§0§0§lD§x§F§F§3§7§0§0§le§x§F§F§3§0§0§0§lm§x§F§F§2§9§0§0§lo§x§F§F§2§2§0§0§ln §x§F§F§1§5§0§0§lL§x§F§F§0§E§0§0§lo§x§F§F§0§7§0§0§lr§x§F§F§0§0§0§0§ld §x§F§F§0§E§0§0§lF§x§F§F§1§5§0§0§lr§x§F§F§1§C§0§0§la§x§F§F§2§2§0§0§lg§x§F§F§2§9§0§0§lm§x§F§F§3§0§0§0§le§x§F§F§3§7§0§0§ln§x§F§F§3§E§0§0§lt to Abbadex for $100,000.
[15:49:30] > SoulessBaron remove x1 §x§F§F§3§E§0§0§lD§x§F§F§3§7§0§0§le§x§F§F§3§0§0§0§lm§x§F§F§2§9§0§0§lo§x§F§F§2§2§0§0§ln §x§F§F§1§5§0§0§lL§x§F§F§0§E§0§0§lo§x§F§F§0§7§0§0§lr§x§F§F§0§0§0§0§ld §x§F§F§0§E§0§0§lF§x§F§F§1§5§0§0§lr§x§F§F§1§C§0§0§la§x§F§F§2§2§0§0§lg§x§F§F§2§9§0§0§lm§x§F§F§3§0§0§0§le§x§F§F§3§7§0§0§ln§x§F§F§3§E§0§0§lt from buy
[15:49:30] > SoulessBaron remove x1 §f§l§x§F§C§D§0§5§CW§x§F§B§B§0§4§Eu§x§F§9§9§0§4§0k§x§F§8§7§0§3§2o§x§F§6§5§0§2§3n§x§F§5§3§0§1§5g§x§F§4§1§0§0§7 P§x§F§5§3§0§1§5i§x§F§6§5§0§2§3c§x§F§8§7§0§3§2k§x§F§9§9§0§4§0a§x§F§B§B§0§4§Ex§x§F§C§D§0§5§Ce from buy
[15:49:30] > SoulessBaron remove x3 §x§F§F§3§E§0§0§lD§x§F§F§3§7§0§0§le§x§F§F§3§0§0§0§lm§x§F§F§2§9§0§0§lo§x§F§F§2§2§0§0§ln §x§F§F§1§5§0§0§lL§x§F§F§0§E§0§0§lo§x§F§F§0§7§0§0§lr§x§F§F§0§0§0§0§ld §x§F§F§0§E§0§0§lF§x§F§F§1§5§0§0§lr§x§F§F§1§C§0§0§la§x§F§F§2§2§0§0§lg§x§F§F§2§9§0§0§lm§x§F§F§3§0§0§0§le§x§F§F§3§7§0§0§ln§x§F§F§3§E§0§0§lt from buy
[15:58:37] > x1 §f§l§x§F§C§D§0§5§CW§x§F§B§A§D§4§Du§x§F§9§8§B§3§Dk§x§F§8§6§8§2§Eo§x§F§6§4§5§1§Fn§x§F§5§2§3§0§Fg§x§F§3§0§0§0§0 §x§F§5§2§3§0§FS§x§F§6§4§5§1§Fh§x§F§8§6§8§2§Eo§x§F§9§8§B§3§Dv§x§F§B§A§D§4§De§x§F§C§D§0§5§Cl on sale by llhxnce has just expired, it goes in the inventory of expired items.
[16:07:19] > x1 §x§F§F§3§E§0§0§lD§x§F§F§3§7§0§0§le§x§F§F§3§0§0§0§lm§x§F§F§2§9§0§0§lo§x§F§F§2§2§0§0§ln §x§F§F§1§5§0§0§lL§x§F§F§0§E§0§0§lo§x§F§F§0§7§0§0§lr§x§F§F§0§0§0§0§ld §x§F§F§0§E§0§0§lC§x§F§F§1§5§0§0§lr§x§F§F§1§C§0§0§lo§x§F§F§2§2§0§0§ls§x§F§F§2§9§0§0§ls§x§F§F§3§0§0§0§lb§x§F§F§3§7§0§0§lo§x§F§F§3§E§0§0§lw on sale by llhxnce has just expired, it goes in the inventory of expired items.
[16:10:05] > TostyZura buy x1 §fMedieval Hat to Sngel25 for $100.
[16:11:22] > PrezXie added x1 §x§F§F§3§E§0§0§lDemon Lord Wings in auction for 1300000.
[16:11:27] > SKR_Ejay buy x1 §x§F§F§3§E§0§0§lDemon Lord Wings to PrezXie for $1,300,000.
[16:11:33] > Zypher_0w0 added x64 Golden apple in auction for 12800.
[16:11:38] > PrezXie buy x64 Golden apple to Zypher_0w0 for $12,800.
[16:11:44] > PrezXie remove x64 Golden apple from buy
[16:12:02] > SKR_Ejay remove x1 §x§F§F§3§E§0§0§lDemon Lord Wings from buy
[16:14:02] > Zypher_0w0 remove x1 /pwarp go IronShop get your iron blocks here from storage
[16:14:08] > Zypher_0w0 added x1 /pwarp go IronShop get your iron blocks here in auction for 100000000000.
[16:16:02] > Zypher_0w0 added x1 §x§6§0§0§0§F§F§lɢᴏᴅʟʏ ɪᴛᴇᴍ in auction for 350000.
[16:16:10] > Fuwazi buy x1 §x§6§0§0§0§F§F§lɢᴏᴅʟʏ ɪᴛᴇᴍ to Zypher_0w0 for $350,000.
[16:16:16] > Zypher_0w0 added x1 §x§6§0§0§0§F§F§lɢᴏᴅʟʏ ɪᴛᴇᴍ in auction for 350000.
[16:16:58] > Fuwazi buy x1 §x§6§0§0§0§F§F§lɢᴏᴅʟʏ ɪᴛᴇᴍ to Zypher_0w0 for $350,000.
[16:17:02] > Fuwazi remove x1 §x§6§0§0§0§F§F§lɢᴏᴅʟʏ ɪᴛᴇᴍ from buy
[16:17:02] > Fuwazi remove x1 §x§6§0§0§0§F§F§lɢᴏᴅʟʏ ɪᴛᴇᴍ from buy
[16:17:15] > Zypher_0w0 added x1 §x§6§0§0§0§F§F§lɢᴏᴅʟʏ ɪᴛᴇᴍ in auction for 250000.
[16:17:43] > Zypher_0w0 added x1 §x§6§0§0§0§F§F§lɢᴏᴅʟʏ ɪᴛᴇᴍ in auction for 350000.
[16:17:49] > Zypher_0w0 remove x1 §x§6§0§0§0§F§F§lɢᴏᴅʟʏ ɪᴛᴇᴍ from storage
[16:17:56] > Fuwazi buy x1 §x§6§0§0§0§F§F§lɢᴏᴅʟʏ ɪᴛᴇᴍ to Zypher_0w0 for $350,000.
[16:18:10] > anneyong added x1 §x§F§F§3§E§0§0§lD§x§F§F§3§7§0§0§le§x§F§F§3§0§0§0§lm§x§F§F§2§9§0§0§lo§x§F§F§2§2§0§0§ln §x§F§F§1§5§0§0§lL§x§F§F§0§E§0§0§lo§x§F§F§0§7§0§0§lr§x§F§F§0§0§0§0§ld §x§F§F§0§E§0§0§lF§x§F§F§1§5§0§0§lr§x§F§F§1§C§0§0§la§x§F§F§2§2§0§0§lg§x§F§F§2§9§0§0§lm§x§F§F§3§0§0§0§le§x§F§F§3§7§0§0§ln§x§F§F§3§E§0§0§lt in auction for 30000.
[16:18:15] > Zypher_0w0 added x1 §x§6§0§0§0§F§F§lɢᴏᴅʟʏ ɪᴛᴇᴍ in auction for 350000.
[16:18:19] > Quibz buy x1 §x§6§0§0§0§F§F§lɢᴏᴅʟʏ ɪᴛᴇᴍ to Zypher_0w0 for $350,000.
[16:18:20] > tic_sz buy x1 §x§F§F§3§E§0§0§lD§x§F§F§3§7§0§0§le§x§F§F§3§0§0§0§lm§x§F§F§2§9§0§0§lo§x§F§F§2§2§0§0§ln §x§F§F§1§5§0§0§lL§x§F§F§0§E§0§0§lo§x§F§F§0§7§0§0§lr§x§F§F§0§0§0§0§ld §x§F§F§0§E§0§0§lF§x§F§F§1§5§0§0§lr§x§F§F§1§C§0§0§la§x§F§F§2§2§0§0§lg§x§F§F§2§9§0§0§lm§x§F§F§3§0§0§0§le§x§F§F§3§7§0§0§ln§x§F§F§3§E§0§0§lt to anneyong for $30,000.
[16:18:24] > Fuwazi remove x1 §x§6§0§0§0§F§F§lɢᴏᴅʟʏ ɪᴛᴇᴍ from buy
[16:18:28] > Quibz remove x1 §x§6§0§0§0§F§F§lɢᴏᴅʟʏ ɪᴛᴇᴍ from buy
[16:18:32] > Fuwazi added x1 §x§6§0§0§0§F§F§lɢᴏᴅʟʏ ɪᴛᴇᴍ in auction for 450000.
[16:18:48] > .Kenku1001 added x1 §x§F§F§3§E§0§0§lSellwand Voucher in auction for 350000.
[16:18:59] > anneyong buy x1 §x§F§F§3§E§0§0§lSellwand Voucher to .Kenku1001 for $350,000.
[16:19:08] > anneyong remove x1 §x§F§F§3§E§0§0§lSellwand Voucher from buy
[16:19:20] > celinesanrio added x1 §x§9§8§6§3§E§7§lG§x§9§0§7§5§E§2§lo§x§8§8§8§7§D§D§ld§x§8§0§9§9§D§8§ll§x§7§7§A§C§D§4§ly §x§6§7§D§0§C§A§lC§x§5§F§E§2§C§5§lr§x§6§7§D§0§C§A§la§x§6§F§B§E§C§F§lt§x§7§7§A§C§D§4§le §x§8§8§8§7§D§D§lK§x§9§0§7§5§E§2§le§x§9§8§6§3§E§7§ly in auction for 300000.
[16:19:25] > PrezXie buy x1 §x§9§8§6§3§E§7§lG§x§9§0§7§5§E§2§lo§x§8§8§8§7§D§D§ld§x§8§0§9§9§D§8§ll§x§7§7§A§C§D§4§ly §x§6§7§D§0§C§A§lC§x§5§F§E§2§C§5§lr§x§6§7§D§0§C§A§la§x§6§F§B§E§C§F§lt§x§7§7§A§C§D§4§le §x§8§8§8§7§D§D§lK§x§9§0§7§5§E§2§le§x§9§8§6§3§E§7§ly to celinesanrio for $300,000.
[16:19:31] > PrezXie remove x1 §x§9§8§6§3§E§7§lG§x§9§0§7§5§E§2§lo§x§8§8§8§7§D§D§ld§x§8§0§9§9§D§8§ll§x§7§7§A§C§D§4§ly §x§6§7§D§0§C§A§lC§x§5§F§E§2§C§5§lr§x§6§7§D§0§C§A§la§x§6§F§B§E§C§F§lt§x§7§7§A§C§D§4§le §x§8§8§8§7§D§D§lK§x§9§0§7§5§E§2§le§x§9§8§6§3§E§7§ly from buy
[16:19:35] > .Kenku1001 added x1 Shulker box in auction for 3000000.
[16:19:35] > Zypher_0w0 remove x1 Alaska Fortified from storage
[16:19:56] > Fuwazi remove x1 §x§6§0§0§0§F§F§lɢᴏᴅʟʏ ɪᴛᴇᴍ from storage
[16:20:23] > .Kenku1001 remove x1 Shulker box from storage
[16:20:30] > celinesanrio added x1 §x§6§0§0§0§F§F§lɢᴏᴅʟʏ ɪᴛᴇᴍ in auction for 300000.
[16:20:33] > Zypher_0w0 added x1 Diving Kit in auction for 50000.
[16:20:37] > Fuwazi buy x1 §x§6§0§0§0§F§F§lɢᴏᴅʟʏ ɪᴛᴇᴍ to celinesanrio for $300,000.
[16:20:42] > celinesanrio added x1 §x§6§0§0§0§F§F§lɢᴏᴅʟʏ ɪᴛᴇᴍ in auction for 300000.
[16:20:50] > Fuwazi buy x1 §x§6§0§0§0§F§F§lɢᴏᴅʟʏ ɪᴛᴇᴍ to celinesanrio for $300,000.
[16:20:52] > .Kenku1001 added x1 Elytra in auction for 750000.
[16:20:56] > celinesanrio added x1 §x§6§0§0§0§F§F§lɢᴏᴅʟʏ ɪᴛᴇᴍ in auction for 300000.
[16:20:56] > RukaLemon buy x1 Diving Kit to Zypher_0w0 for $50,000.
[16:20:59] > mae remove x1 §x§5§9§A§1§D§9§lA§x§7§5§B§1§D§Fr§x§9§0§C§0§E§6c§x§A§C§D§0§E§Ch§x§C§8§E§0§F§2a§x§E§3§E§F§F§9n§fg§x§E§3§E§F§F§9e§x§C§8§E§0§F§2l §x§9§0§C§0§E§6H§x§7§5§B§1§D§Fo§x§5§9§A§1§D§9e from storage
[16:21:00] > Puffingsponge added x1 Command block in auction for 10.
[16:21:02] > Puffingsponge remove x1 Command block from storage
[16:21:05] > Fuwazi remove x1 §x§6§0§0§0§F§F§lɢᴏᴅʟʏ ɪᴛᴇᴍ from buy
[16:21:05] > Fuwazi remove x1 §x§6§0§0§0§F§F§lɢᴏᴅʟʏ ɪᴛᴇᴍ from buy
[16:21:05] > mae remove x1 §x§5§9§A§1§D§9§lA§x§7§5§B§1§D§Fr§x§9§0§C§0§E§6c§x§A§C§D§0§E§Ch§x§C§8§E§0§F§2a§x§E§3§E§F§F§9n§fg§x§E§3§E§F§F§9e§x§C§8§E§0§F§2l §x§9§0§C§0§E§6H§x§7§5§B§1§D§Fo§x§5§9§A§1§D§9e from expire
[16:21:14] > celinesanrio added x1 §x§6§0§0§0§F§F§lɢᴏᴅʟʏ ɪᴛᴇᴍ in auction for 300000.
[16:21:17] > .Kenku1001 added x1 Elytra in auction for 750000.
[16:21:17] > RukaLemon remove x1 Diving Kit from buy
[16:21:27] > .Kenku1001 added x1 Elytra in auction for 650000.
[16:21:43] > .Kenku1001 added x1 Elytra in auction for 750000.
[16:22:05] > .Kenku1001 buy x1 §x§6§0§0§0§F§F§lɢᴏᴅʟʏ ɪᴛᴇᴍ to celinesanrio for $300,000.
[16:22:10] > .Kenku1001 buy x1 §x§6§0§0§0§F§F§lɢᴏᴅʟʏ ɪᴛᴇᴍ to celinesanrio for $300,000.
[16:22:15] > celinesanrio added x1 §x§6§0§0§0§F§F§lɢᴏᴅʟʏ ɪᴛᴇᴍ in auction for 300000.
[16:22:26] > .Kenku1001 remove x1 §x§6§0§0§0§F§F§lɢᴏᴅʟʏ ɪᴛᴇᴍ from buy
[16:22:26] > .Kenku1001 remove x1 §x§6§0§0§0§F§F§lɢᴏᴅʟʏ ɪᴛᴇᴍ from buy
[16:22:28] > celinesanrio added x1 §x§6§0§0§0§F§F§lɢᴏᴅʟʏ ɪᴛᴇᴍ in auction for 300000.
[16:22:39] > celinesanrio added x1 §x§6§0§0§0§F§F§lɢᴏᴅʟʏ ɪᴛᴇᴍ in auction for 300000.
[16:22:57] > celinesanrio added x1 §x§6§0§0§0§F§F§lɢᴏᴅʟʏ ɪᴛᴇᴍ in auction for 300000.
[16:23:06] > minecraft added x1 §esᴘɪᴅᴇʀ sᴘᴀᴡɴᴇʀ in auction for 120000.
[16:23:08] > celinesanrio added x1 §x§6§0§0§0§F§F§lɢᴏᴅʟʏ ɪᴛᴇᴍ in auction for 300000.
[16:23:10] > celinesanrio buy x1 §esᴘɪᴅᴇʀ sᴘᴀᴡɴᴇʀ to minecraft for $120,000.
[16:23:13] > celinesanrio remove x1 §esᴘɪᴅᴇʀ sᴘᴀᴡɴᴇʀ form buy
[16:23:20] > celinesanrio added x1 §x§6§0§0§0§F§F§lɢᴏᴅʟʏ ɪᴛᴇᴍ in auction for 300000.
[16:23:31] > celinesanrio added x1 §x§6§0§0§0§F§F§lɢᴏᴅʟʏ ɪᴛᴇᴍ in auction for 300000.
[16:23:43] > celinesanrio added x1 §x§6§0§0§0§F§F§lɢᴏᴅʟʏ ɪᴛᴇᴍ in auction for 300000.
[16:24:05] > .Kenku1001 remove x1 Elytra from storage
[16:24:35] > tic_sz buy x1 §x§F§F§3§E§0§0§lD§x§F§F§3§7§0§0§le§x§F§F§3§0§0§0§lm§x§F§F§2§9§0§0§lo§x§F§F§2§2§0§0§ln §x§F§F§1§5§0§0§lL§x§F§F§0§E§0§0§lo§x§F§F§0§7§0§0§lr§x§F§F§0§0§0§0§ld §x§F§F§0§E§0§0§lF§x§F§F§1§5§0§0§lr§x§F§F§1§C§0§0§la§x§F§F§2§2§0§0§lg§x§F§F§2§9§0§0§lm§x§F§F§3§0§0§0§le§x§F§F§3§7§0§0§ln§x§F§F§3§E§0§0§lt to Zee_ for $100,000.
[16:24:40] > tic_sz remove x1 §x§F§F§3§E§0§0§lD§x§F§F§3§7§0§0§le§x§F§F§3§0§0§0§lm§x§F§F§2§9§0§0§lo§x§F§F§2§2§0§0§ln §x§F§F§1§5§0§0§lL§x§F§F§0§E§0§0§lo§x§F§F§0§7§0§0§lr§x§F§F§0§0§0§0§ld §x§F§F§0§E§0§0§lF§x§F§F§1§5§0§0§lr§x§F§F§1§C§0§0§la§x§F§F§2§2§0§0§lg§x§F§F§2§9§0§0§lm§x§F§F§3§0§0§0§le§x§F§F§3§7§0§0§ln§x§F§F§3§E§0§0§lt from buy
[16:24:41] > tic_sz remove x1 §x§F§F§3§E§0§0§lD§x§F§F§3§7§0§0§le§x§F§F§3§0§0§0§lm§x§F§F§2§9§0§0§lo§x§F§F§2§2§0§0§ln §x§F§F§1§5§0§0§lL§x§F§F§0§E§0§0§lo§x§F§F§0§7§0§0§lr§x§F§F§0§0§0§0§ld §x§F§F§0§E§0§0§lF§x§F§F§1§5§0§0§lr§x§F§F§1§C§0§0§la§x§F§F§2§2§0§0§lg§x§F§F§2§9§0§0§lm§x§F§F§3§0§0§0§le§x§F§F§3§7§0§0§ln§x§F§F§3§E§0§0§lt from buy
[16:25:47] > tic_sz buy x1 §x§F§F§3§E§0§0§lD§x§F§F§3§5§0§0§le§x§F§F§2§C§0§0§lm§x§F§F§2§3§0§0§lo§x§F§F§1§B§0§0§ln §x§F§F§0§9§0§0§lL§x§F§F§0§0§0§0§lo§x§F§F§0§A§0§0§lr§x§F§F§1§5§0§0§ld §x§F§F§2§9§0§0§lK§x§F§F§3§4§0§0§le§x§F§F§3§E§0§0§ly to Fuwazi for $200,000.
[16:25:53] > tic_sz remove x1 §x§F§F§3§E§0§0§lD§x§F§F§3§5§0§0§le§x§F§F§2§C§0§0§lm§x§F§F§2§3§0§0§lo§x§F§F§1§B§0§0§ln §x§F§F§0§9§0§0§lL§x§F§F§0§0§0§0§lo§x§F§F§0§A§0§0§lr§x§F§F§1§5§0§0§ld §x§F§F§2§9§0§0§lK§x§F§F§3§4§0§0§le§x§F§F§3§E§0§0§ly from buy
[16:26:41] > minecraft added x1 §2Cauldron Hat in auction for 30000.
[16:26:42] > tic_sz buy x1 §x§F§F§7§C§0§0§lSteamsparks Key to Zypher_0w0 for $250,000.
[16:26:48] > Zenolite_ buy x1 §2Cauldron Hat to minecraft for $30,000.
[16:26:49] > tic_sz remove x1 §x§F§F§7§C§0§0§lSteamsparks Key from buy
[16:27:03] > minecraft added x1 §fRaining Cloud Hat in auction for 50000.
[16:27:13] > celinesanrio remove x43 Cooked porkchop from storage
[16:27:19] > celinesanrio added x1 Silence armor trim smithing template in auction for 500000.
[16:27:27] > tic_sz buy x1 §x§F§F§3§E§0§0§lD§x§F§F§3§5§0§0§le§x§F§F§2§C§0§0§lm§x§F§F§2§3§0§0§lo§x§F§F§1§B§0§0§ln §x§F§F§0§9§0§0§lL§x§F§F§0§0§0§0§lo§x§F§F§0§A§0§0§lr§x§F§F§1§5§0§0§ld §x§F§F§2§9§0§0§lK§x§F§F§3§4§0§0§le§x§F§F§3§E§0§0§ly to Fuwazi for $200,000.
[16:27:33] > tic_sz remove x1 §x§F§F§3§E§0§0§lD§x§F§F§3§5§0§0§le§x§F§F§2§C§0§0§lm§x§F§F§2§3§0§0§lo§x§F§F§1§B§0§0§ln §x§F§F§0§9§0§0§lL§x§F§F§0§0§0§0§lo§x§F§F§0§A§0§0§lr§x§F§F§1§5§0§0§ld §x§F§F§2§9§0§0§lK§x§F§F§3§4§0§0§le§x§F§F§3§E§0§0§ly from buy
[16:27:47] > mae buy x1 §fCow Plushie §6(#26/101) to Sngel25 for $500,000.
[16:30:17] > celinesanrio remove x1 Enchanted book from storage
[16:30:21] > celinesanrio added x1 Enchanted book in auction for 200000.
[16:32:48] > namerikangel added x64 Bricks in auction for 2000.
[16:32:59] > namerikangel added x64 Bricks in auction for 2000.
[16:33:11] > namerikangel added x64 Bricks in auction for 2000.
[16:33:48] > Seris00 buy x64 Bricks to namerikangel for $2,000.
[16:33:50] > Seris00 buy x64 Bricks to namerikangel for $2,000.
[16:33:59] > Seris00 buy x64 Bricks to namerikangel for $2,000.
[16:34:04] > Seris00 remove x64 Bricks form buy
[16:34:04] > Seris00 remove x64 Bricks form buy
[16:34:04] > Seris00 remove x64 Bricks form buy
[16:34:55] > namerikangel added x64 Bricks in auction for 2000.
[16:35:08] > namerikangel added x64 Bricks in auction for 2000.
[16:35:25] > CoreyNabuko added x25 §x§C§9§A§7§F§C§lL§x§B§D§A§E§F§6§le§x§B§1§B§4§F§0§lg§x§A§6§B§B§E§A§le§x§9§A§C§1§E§4§ln§x§8§E§C§8§D§D§ld§x§8§2§C§E§D§7§la§x§7§7§D§5§D§1§lr§x§6§B§D§B§C§B§ly §x§6§B§D§B§C§B§lC§x§7§7§D§5§D§1§lr§x§8§2§C§E§D§7§la§x§8§E§C§8§D§D§lt§x§9§A§C§1§E§4§le §x§B§1§B§4§F§0§lK§x§B§D§A§E§F§6§le§x§C§9§A§7§F§C§ly in auction for 450000.
[16:35:33] > Zypher_0w0 added x1 §x§5§C§C§F§F§C§lC§x§5§C§D§1§F§5§lo§x§5§D§D§4§E§E§ls§x§5§D§D§6§E§7§lm§x§5§E§D§9§E§1§le§x§5§E§D§B§D§A§lt§x§5§E§D§D§D§3§li§x§5§F§E§0§C§C§lc §x§5§F§E§0§C§C§lH§x§5§E§D§D§D§3§la§x§5§E§D§B§D§A§lt§x§5§E§D§9§E§1§ls §x§5§D§D§4§E§E§lK§x§5§C§D§1§F§5§le§x§5§C§C§F§F§C§ly in auction for 80000.
[16:36:12] > Sngel25 remove x1 Elytra form storage
[16:36:12] > Sngel25 remove x1 §x§F§F§3§E§0§0§lD§x§F§F§3§6§0§0§le§x§F§F§2§F§0§0§lm§x§F§F§2§7§0§0§lo§x§F§F§1§F§0§0§ln §x§F§F§1§0§0§0§lL§x§F§F§0§8§0§0§lo§x§F§F§0§0§0§0§lr§x§F§F§0§9§0§0§ld §x§F§F§1§B§0§0§lS§x§F§F§2§3§0§0§lp§x§F§F§2§C§0§0§le§x§F§F§3§5§0§0§la§x§F§F§3§E§0§0§lr form storage
[16:36:17] > namerikangel added x15 Bricks in auction for 465.
[16:36:26] > Sngel25 added x1 Elytra in auction for 800000.
[16:36:45] > Sngel25 added x1 §x§F§F§3§E§0§0§lD§x§F§F§3§6§0§0§le§x§F§F§2§F§0§0§lm§x§F§F§2§7§0§0§lo§x§F§F§1§F§0§0§ln §x§F§F§1§0§0§0§lL§x§F§F§0§8§0§0§lo§x§F§F§0§0§0§0§lr§x§F§F§0§9§0§0§ld §x§F§F§1§B§0§0§lS§x§F§F§2§3§0§0§lp§x§F§F§2§C§0§0§le§x§F§F§3§5§0§0§la§x§F§F§3§E§0§0§lr in auction for 50000.
[16:37:36] > tic_sz buy x1 §x§F§F§3§E§0§0§lD§x§F§F§3§6§0§0§le§x§F§F§2§F§0§0§lm§x§F§F§2§7§0§0§lo§x§F§F§1§F§0§0§ln §x§F§F§1§0§0§0§lL§x§F§F§0§8§0§0§lo§x§F§F§0§0§0§0§lr§x§F§F§0§9§0§0§ld §x§F§F§1§B§0§0§lS§x§F§F§2§3§0§0§lp§x§F§F§2§C§0§0§le§x§F§F§3§5§0§0§la§x§F§F§3§E§0§0§lr to Sngel25 for $50,000.
[16:40:48] > tic_sz remove x1 §f§l§x§F§C§D§0§5§CW§x§F§B§A§D§4§Du§x§F§9§8§B§3§Dk§x§F§8§6§8§2§Eo§x§F§6§4§5§1§Fn§x§F§5§2§3§0§Fg§x§F§3§0§0§0§0 §x§F§5§2§3§0§FS§x§F§6§4§5§1§Fh§x§F§8§6§8§2§Eo§x§F§9§8§B§3§Dv§x§F§B§A§D§4§De§x§F§C§D§0§5§Cl from storage
[16:41:11] > tic_sz added x1 §f§l§x§F§C§D§0§5§CW§x§F§B§A§D§4§Du§x§F§9§8§B§3§Dk§x§F§8§6§8§2§Eo§x§F§6§4§5§1§Fn§x§F§5§2§3§0§Fg§x§F§3§0§0§0§0 §x§F§5§2§3§0§FS§x§F§6§4§5§1§Fh§x§F§8§6§8§2§Eo§x§F§9§8§B§3§Dv§x§F§B§A§D§4§De§x§F§C§D§0§5§Cl in auction for 100000.
[16:43:00] > kji added x1 §x§F§F§3§E§0§0§lD§x§F§F§3§6§0§0§le§x§F§F§2§F§0§0§lm§x§F§F§2§7§0§0§lo§x§F§F§1§F§0§0§ln §x§F§F§1§0§0§0§lL§x§F§F§0§8§0§0§lo§x§F§F§0§0§0§0§lr§x§F§F§0§9§0§0§ld §x§F§F§1§B§0§0§lB§x§F§F§2§3§0§0§lo§x§F§F§2§C§0§0§lo§x§F§F§3§5§0§0§lt§x§F§F§3§E§0§0§ls in auction for 250000.
[16:44:15] > Raylii buy x1 §fRaining Cloud Hat to minecraft for $50,000.
[16:44:27] > Raylii buy x1 §x§F§F§3§E§0§0§lSellwand Voucher to lorxie for $1,000,000.
[16:44:31] > Raylii buy x1 §x§F§F§3§E§0§0§lSellwand Voucher to lorxie for $1,000,000.
[16:45:32] > minecraft buy x1 §x§F§F§3§E§0§0§lD§x§F§F§3§7§0§0§le§x§F§F§3§0§0§0§lm§x§F§F§2§9§0§0§lo§x§F§F§2§2§0§0§ln §x§F§F§1§5§0§0§lL§x§F§F§0§E§0§0§lo§x§F§F§0§7§0§0§lr§x§F§F§0§0§0§0§ld §x§F§F§0§E§0§0§lF§x§F§F§1§5§0§0§lr§x§F§F§1§C§0§0§la§x§F§F§2§2§0§0§lg§x§F§F§2§9§0§0§lm§x§F§F§3§0§0§0§le§x§F§F§3§7§0§0§ln§x§F§F§3§E§0§0§lt to Zee_ for $100,000.
[16:45:59] > minecraft remove x1 §x§F§F§3§E§0§0§lD§x§F§F§3§7§0§0§le§x§F§F§3§0§0§0§lm§x§F§F§2§9§0§0§lo§x§F§F§2§2§0§0§ln §x§F§F§1§5§0§0§lL§x§F§F§0§E§0§0§lo§x§F§F§0§7§0§0§lr§x§F§F§0§0§0§0§ld §x§F§F§0§E§0§0§lF§x§F§F§1§5§0§0§lr§x§F§F§1§C§0§0§la§x§F§F§2§2§0§0§lg§x§F§F§2§9§0§0§lm§x§F§F§3§0§0§0§le§x§F§F§3§7§0§0§ln§x§F§F§3§E§0§0§lt from buy
[16:47:33] > Raylii remove x1 §x§F§F§3§E§0§0§lSellwand Voucher from buy
[16:47:34] > Raylii remove x1 §x§F§F§3§E§0§0§lSellwand Voucher from buy
[16:47:35] > Raylii remove x1 §x§F§F§5§5§0§0§lsᴇʟʟᴡᴀɴᴅ §6- 10.0x from buy
[16:47:36] > Raylii remove x1 §x§F§F§5§5§0§0§lsᴇʟʟᴡᴀɴᴅ §6- 10.0x from buy
[16:47:36] > Raylii remove x1 §x§F§F§5§5§0§0§lsᴇʟʟᴡᴀɴᴅ §6- 10.0x from buy
[16:47:37] > Raylii remove x1 §x§F§F§5§5§0§0§lsᴇʟʟᴡᴀɴᴅ §6- 10.0x from buy
[16:57:11] > Sngel25 buy x1 Silence armor trim smithing template to celinesanrio for $500,000.
[16:58:00] > Sngel25 remove x1 Silence armor trim smithing template from buy
[17:13:17] > Zypher_0w0 added x1 Enchanted book in auction for 350000.
[17:13:33] > KnownasTravis buy x1 Enchanted book to Zypher_0w0 for $350,000.
[17:13:34] > kysicx added x1 §x§E§5§1§B§1§B§lDracula Hoe in auction for 300000.
[17:13:47] > kysicx added x1 §x§F§F§7§C§0§0§lSteamsparks Halberd in auction for 230000.
[17:13:55] > KnownasTravis remove x1 Enchanted book from buy
[17:14:00] > HPMR_GaMerz buy x64 Bricks to namerikangel for $2,000.
[17:14:01] > HPMR_GaMerz buy x64 Bricks to namerikangel for $2,000.
[17:17:58] > Fr4gzzz added x1 §x§F§F§5§5§0§0§lsᴇʟʟᴡᴀɴᴅ §6- 10.0x in auction for 500000.
[17:18:03] > mae buy x1 §x§F§F§5§5§0§0§lsᴇʟʟᴡᴀɴᴅ §6- 10.0x to Fr4gzzz for $500,000.
[17:18:19] > TostyZura added x1 Enchanted book in auction for 50000.
[17:18:24] > HPMR_GaMerz buy x1 Enchanted book to TostyZura for $50,000.
[17:19:20] > celinesanrio added x1 §fSun Visor Hat in auction for 10000.
[17:19:25] > HPMR_GaMerz buy x1 §fSun Visor Hat to celinesanrio for $10,000.
[17:23:24] > TostyZura added x1 §eᴄʀᴇᴇᴘᴇʀ sᴘᴀᴡɴᴇʀ in auction for 140000.
[17:23:29] > HPMR_GaMerz buy x1 §eᴄʀᴇᴇᴘᴇʀ sᴘᴀᴡɴᴇʀ to TostyZura for $140,000.
[17:23:30] > Sngel25 remove x5 §x§F§F§3§E§0§0§lD§x§F§F§3§7§0§0§le§x§F§F§3§0§0§0§lm§x§F§F§2§9§0§0§lo§x§F§F§2§2§0§0§ln §x§F§F§1§5§0§0§lL§x§F§F§0§E§0§0§lo§x§F§F§0§7§0§0§lr§x§F§F§0§0§0§0§ld §x§F§F§0§E§0§0§lF§x§F§F§1§5§0§0§lr§x§F§F§1§C§0§0§la§x§F§F§2§2§0§0§lg§x§F§F§2§9§0§0§lm§x§F§F§3§0§0§0§le§x§F§F§3§7§0§0§ln§x§F§F§3§E§0§0§lt from buy
[17:23:37] > TostyZura added x1 §eɪʀᴏɴ ɢᴏʟᴇᴍ sᴘᴀᴡɴᴇʀ in auction for 200000.
[17:23:40] > celinesanrio buy x1 §eɪʀᴏɴ ɢᴏʟᴇᴍ sᴘᴀᴡɴᴇʀ to TostyZura for $200,000.
[17:25:25] > Fr4gzzz added x1 §x§F§F§5§5§0§0§lsᴇʟʟᴡᴀɴᴅ §6- 5.0x in auction for 400000.
[17:25:28] > kysicx added x1 §fElf Hat in auction for 100000.
[17:25:29] > HPMR_GaMerz buy x1 §x§F§F§5§5§0§0§lsᴇʟʟᴡᴀɴᴅ §6- 5.0x to Fr4gzzz for $400,000.
[17:25:29] > HwanYo added x1 §f§l§x§F§C§D§0§5§CW§x§F§A§A§A§4§Bu§x§F§9§8§4§3§Bk§x§F§7§5§F§2§Ao§x§F§5§3§9§1§9n§x§F§4§1§3§0§8g §x§F§5§3§9§1§9S§x§F§7§5§F§2§At§x§F§9§8§4§3§Bi§x§F§A§A§A§4§Bc§x§F§C§D§0§5§Ck in auction for 50000.
[17:25:39] > HwanYo remove x1 §x§E§5§1§B§1§B§lDracula Spear from storage
[17:25:46] > celinesanrio added x2 §x§F§F§3§E§0§0§lD§x§F§F§3§7§0§0§le§x§F§F§3§0§0§0§lm§x§F§F§2§9§0§0§lo§x§F§F§2§2§0§0§ln §x§F§F§1§5§0§0§lL§x§F§F§0§E§0§0§lo§x§F§F§0§7§0§0§lr§x§F§F§0§0§0§0§ld §x§F§F§0§E§0§0§lF§x§F§F§1§5§0§0§lr§x§F§F§1§C§0§0§la§x§F§F§2§2§0§0§lg§x§F§F§2§9§0§0§lm§x§F§F§3§0§0§0§le§x§F§F§3§7§0§0§ln§x§F§F§3§E§0§0§lt in auction for 200000.
[17:25:50] > HwanYo added x1 §x§E§5§1§B§1§B§lDracula Spear in auction for 20000.
[17:26:05] > celinesanrio remove x1 §x§6§0§0§0§F§F§lɢᴏᴅʟʏ ɪᴛᴇᴍ from storage
[17:26:07] > celinesanrio added x2 §x§5§C§C§F§F§C§lC§x§5§C§D§1§F§5§lo§x§5§D§D§4§E§E§ls§x§5§D§D§6§E§7§lm§x§5§E§D§9§E§1§le§x§5§E§D§B§D§A§lt§x§5§E§D§D§D§3§li§x§5§F§E§0§C§C§lc §x§5§F§E§0§C§C§lH§x§5§E§D§D§D§3§la§x§5§E§D§B§D§A§lt§x§5§E§D§9§E§1§ls §x§5§D§D§4§E§E§lK§x§5§C§D§1§F§5§le§x§5§C§C§F§F§C§ly in auction for 200000.
[17:26:12] > KYAMl buy x2 §x§C§9§A§7§F§C§lL§x§B§D§A§E§F§6§le§x§B§1§B§4§F§0§lg§x§A§6§B§B§E§A§le§x§9§A§C§1§E§4§ln§x§8§E§C§8§D§D§ld§x§8§2§C§E§D§7§la§x§7§7§D§5§D§1§lr§x§6§B§D§B§C§B§ly §x§6§B§D§B§C§B§lC§x§7§7§D§5§D§1§lr§x§8§2§C§E§D§7§la§x§8§E§C§8§D§D§lt§x§9§A§C§1§E§4§le §x§B§1§B§4§F§0§lK§x§B§D§A§E§F§6§le§x§C§9§A§7§F§C§ly to Runz for $100,000.
[17:26:14] > celinesanrio remove x1 Enchanted book from storage
[17:26:15] > Pewpew added x1 §eᴄʜɪᴄᴋᴇɴ sᴘᴀᴡɴᴇʀ in auction for 100000.
[17:26:20] > celinesanrio added x1 §x§6§0§0§0§F§F§lɢᴏᴅʟʏ ɪᴛᴇᴍ in auction for 300000.
[17:26:27] > Raylii buy x1 §eᴄʜɪᴄᴋᴇɴ sᴘᴀᴡɴᴇʀ to Pewpew for $100,000.
[17:26:29] > KYAMl remove x2 §x§C§9§A§7§F§C§lL§x§B§D§A§E§F§6§le§x§B§1§B§4§F§0§lg§x§A§6§B§B§E§A§le§x§9§A§C§1§E§4§ln§x§8§E§C§8§D§D§ld§x§8§2§C§E§D§7§la§x§7§7§D§5§D§1§lr§x§6§B§D§B§C§B§ly §x§6§B§D§B§C§B§lC§x§7§7§D§5§D§1§lr§x§8§2§C§E§D§7§la§x§8§E§C§8§D§D§lt§x§9§A§C§1§E§4§le §x§B§1§B§4§F§0§lK§x§B§D§A§E§F§6§le§x§C§9§A§7§F§C§ly from buy
[17:26:31] > HwanYo added x1 §x§F§F§3§E§0§0§lD§x§F§F§3§7§0§0§le§x§F§F§3§0§0§0§lm§x§F§F§2§9§0§0§lo§x§F§F§2§2§0§0§ln §x§F§F§1§5§0§0§lL§x§F§F§0§E§0§0§lo§x§F§F§0§7§0§0§lr§x§F§F§0§0§0§0§ld §x§F§F§0§E§0§0§lF§x§F§F§1§5§0§0§lr§x§F§F§1§C§0§0§la§x§F§F§2§2§0§0§lg§x§F§F§2§9§0§0§lm§x§F§F§3§0§0§0§le§x§F§F§3§7§0§0§ln§x§F§F§3§E§0§0§lt in auction for 100000.
[17:26:34] > sesh_ buy x1 §f§l§x§F§C§D§0§5§CW§x§F§A§A§A§4§Bu§x§F§9§8§4§3§Bk§x§F§7§5§F§2§Ao§x§F§5§3§9§1§9n§x§F§4§1§3§0§8g §x§F§5§3§9§1§9S§x§F§7§5§F§2§At§x§F§9§8§4§3§Bi§x§F§A§A§A§4§Bc§x§F§C§D§0§5§Ck to HwanYo for $50,000.
[17:26:43] > tic_sz buy x1 §x§F§F§3§E§0§0§lD§x§F§F§3§7§0§0§le§x§F§F§3§0§0§0§lm§x§F§F§2§9§0§0§lo§x§F§F§2§2§0§0§ln §x§F§F§1§5§0§0§lL§x§F§F§0§E§0§0§lo§x§F§F§0§7§0§0§lr§x§F§F§0§0§0§0§ld §x§F§F§0§E§0§0§lF§x§F§F§1§5§0§0§lr§x§F§F§1§C§0§0§la§x§F§F§2§2§0§0§lg§x§F§F§2§9§0§0§lm§x§F§F§3§0§0§0§le§x§F§F§3§7§0§0§ln§x§F§F§3§E§0§0§lt to HwanYo for $100,000.
[17:26:49] > sesh_ buy x1 §x§E§5§1§B§1§B§lDracula Spear to HwanYo for $20,000.
[17:26:50] > tic_sz remove x1 §x§F§F§3§E§0§0§lD§x§F§F§3§7§0§0§le§x§F§F§3§0§0§0§lm§x§F§F§2§9§0§0§lo§x§F§F§2§2§0§0§ln §x§F§F§1§5§0§0§lL§x§F§F§0§E§0§0§lo§x§F§F§0§7§0§0§lr§x§F§F§0§0§0§0§ld §x§F§F§0§E§0§0§lF§x§F§F§1§5§0§0§lr§x§F§F§1§C§0§0§la§x§F§F§2§2§0§0§lg§x§F§F§2§9§0§0§lm§x§F§F§3§0§0§0§le§x§F§F§3§7§0§0§ln§x§F§F§3§E§0§0§lt from buy
[17:26:56] > sesh_ remove x1 §x§E§5§1§B§1§B§lDracula Spear from buy
[17:26:57] > sesh_ remove x1 §f§l§x§F§C§D§0§5§CW§x§F§A§A§A§4§Bu§x§F§9§8§4§3§Bk§x§F§7§5§F§2§Ao§x§F§5§3§9§1§9n§x§F§4§1§3§0§8g §x§F§5§3§9§1§9S§x§F§7§5§F§2§At§x§F§9§8§4§3§Bi§x§F§A§A§A§4§Bc§x§F§C§D§0§5§Ck from buy
[17:27:04] > HPMR_GaMerz remove x1 §x§F§F§3§E§0§0§lD§x§F§F§3§7§0§0§le§x§F§F§3§0§0§0§lm§x§F§F§2§9§0§0§lo§x§F§F§2§2§0§0§ln §x§F§F§1§5§0§0§lL§x§F§F§0§E§0§0§lo§x§F§F§0§7§0§0§lr§x§F§F§0§0§0§0§ld §x§F§F§0§E§0§0§lF§x§F§F§1§5§0§0§lr§x§F§F§1§C§0§0§la§x§F§F§2§2§0§0§lg§x§F§F§2§9§0§0§lm§x§F§F§3§0§0§0§le§x§F§F§3§7§0§0§ln§x§F§F§3§E§0§0§lt from buy
[17:27:05] > HPMR_GaMerz remove x1 §x§F§F§3§E§0§0§lD§x§F§F§3§7§0§0§le§x§F§F§3§0§0§0§lm§x§F§F§2§9§0§0§lo§x§F§F§2§2§0§0§ln §x§F§F§1§5§0§0§lL§x§F§F§0§E§0§0§lo§x§F§F§0§7§0§0§lr§x§F§F§0§0§0§0§ld §x§F§F§0§E§0§0§lF§x§F§F§1§5§0§0§lr§x§F§F§1§C§0§0§la§x§F§F§2§2§0§0§lg§x§F§F§2§9§0§0§lm§x§F§F§3§0§0§0§le§x§F§F§3§7§0§0§ln§x§F§F§3§E§0§0§lt from buy
[17:27:06] > HPMR_GaMerz remove x2 §x§F§F§3§E§0§0§lD§x§F§F§3§7§0§0§le§x§F§F§3§0§0§0§lm§x§F§F§2§9§0§0§lo§x§F§F§2§2§0§0§ln §x§F§F§1§5§0§0§lL§x§F§F§0§E§0§0§lo§x§F§F§0§7§0§0§lr§x§F§F§0§0§0§0§ld §x§F§F§0§E§0§0§lF§x§F§F§1§5§0§0§lr§x§F§F§1§C§0§0§la§x§F§F§2§2§0§0§lg§x§F§F§2§9§0§0§lm§x§F§F§3§0§0§0§le§x§F§F§3§7§0§0§ln§x§F§F§3§E§0§0§lt from buy
[17:27:15] > HPMR_GaMerz added x1 §x§F§F§3§E§0§0§lD§x§F§F§3§7§0§0§le§x§F§F§3§0§0§0§lm§x§F§F§2§9§0§0§lo§x§F§F§2§2§0§0§ln §x§F§F§1§5§0§0§lL§x§F§F§0§E§0§0§lo§x§F§F§0§7§0§0§lr§x§F§F§0§0§0§0§ld §x§F§F§0§E§0§0§lF§x§F§F§1§5§0§0§lr§x§F§F§1§C§0§0§la§x§F§F§2§2§0§0§lg§x§F§F§2§9§0§0§lm§x§F§F§3§0§0§0§le§x§F§F§3§7§0§0§ln§x§F§F§3§E§0§0§lt in auction for 150000.
[17:27:30] > HPMR_GaMerz added x1 §x§F§F§3§E§0§0§lD§x§F§F§3§7§0§0§le§x§F§F§3§0§0§0§lm§x§F§F§2§9§0§0§lo§x§F§F§2§2§0§0§ln §x§F§F§1§5§0§0§lL§x§F§F§0§E§0§0§lo§x§F§F§0§7§0§0§lr§x§F§F§0§0§0§0§ld §x§F§F§0§E§0§0§lF§x§F§F§1§5§0§0§lr§x§F§F§1§C§0§0§la§x§F§F§2§2§0§0§lg§x§F§F§2§9§0§0§lm§x§F§F§3§0§0§0§le§x§F§F§3§7§0§0§ln§x§F§F§3§E§0§0§lt in auction for 150000.
[17:27:41] > HPMR_GaMerz added x1 §x§F§F§3§E§0§0§lD§x§F§F§3§7§0§0§le§x§F§F§3§0§0§0§lm§x§F§F§2§9§0§0§lo§x§F§F§2§2§0§0§ln §x§F§F§1§5§0§0§lL§x§F§F§0§E§0§0§lo§x§F§F§0§7§0§0§lr§x§F§F§0§0§0§0§ld §x§F§F§0§E§0§0§lF§x§F§F§1§5§0§0§lr§x§F§F§1§C§0§0§la§x§F§F§2§2§0§0§lg§x§F§F§2§9§0§0§lm§x§F§F§3§0§0§0§le§x§F§F§3§7§0§0§ln§x§F§F§3§E§0§0§lt in auction for 150000.
[17:27:52] > HPMR_GaMerz added x1 §x§F§F§3§E§0§0§lD§x§F§F§3§7§0§0§le§x§F§F§3§0§0§0§lm§x§F§F§2§9§0§0§lo§x§F§F§2§2§0§0§ln §x§F§F§1§5§0§0§lL§x§F§F§0§E§0§0§lo§x§F§F§0§7§0§0§lr§x§F§F§0§0§0§0§ld §x§F§F§0§E§0§0§lF§x§F§F§1§5§0§0§lr§x§F§F§1§C§0§0§la§x§F§F§2§2§0§0§lg§x§F§F§2§9§0§0§lm§x§F§F§3§0§0§0§le§x§F§F§3§7§0§0§ln§x§F§F§3§E§0§0§lt in auction for 150000.
[17:28:01] > HPMR_GaMerz remove x64 Iron block from buy
[17:28:02] > HPMR_GaMerz remove x64 Iron block from buy
[17:28:02] > HPMR_GaMerz remove x64 Iron block from buy
[17:28:03] > HPMR_GaMerz remove x64 Iron block from buy
[17:28:04] > HPMR_GaMerz remove x64 Iron block from buy
[17:28:04] > HPMR_GaMerz remove x64 Iron block from buy
[17:28:05] > HPMR_GaMerz remove x64 Iron block from buy
[17:28:13] > HPMR_GaMerz remove x1 §eᴄʀᴇᴇᴘᴇʀ sᴘᴀᴡɴᴇʀ from buy
[17:28:14] > HPMR_GaMerz remove x1 §x§F§F§5§5§0§0§lsᴇʟʟᴡᴀɴᴅ §6- 5.0x from buy
[17:28:23] > Runz added x17 §x§C§9§A§7§F§C§lL§x§B§D§A§E§F§6§le§x§B§1§B§4§F§0§lg§x§A§6§B§B§E§A§le§x§9§A§C§1§E§4§ln§x§8§E§C§8§D§D§ld§x§8§2§C§E§D§7§la§x§7§7§D§5§D§1§lr§x§6§B§D§B§C§B§ly §x§6§B§D§B§C§B§lC§x§7§7§D§5§D§1§lr§x§8§2§C§E§D§7§la§x§8§E§C§8§D§D§lt§x§9§A§C§1§E§4§le §x§B§1§B§4§F§0§lK§x§B§D§A§E§F§6§le§x§C§9§A§7§F§C§ly in auction for 600000.
[17:32:58] > Zee_ added x1 §x§F§F§3§E§0§0§lD§x§F§F§3§7§0§0§le§x§F§F§3§0§0§0§lm§x§F§F§2§9§0§0§lo§x§F§F§2§2§0§0§ln §x§F§F§1§5§0§0§lL§x§F§F§0§E§0§0§lo§x§F§F§0§7§0§0§lr§x§F§F§0§0§0§0§ld §x§F§F§0§E§0§0§lF§x§F§F§1§5§0§0§lr§x§F§F§1§C§0§0§la§x§F§F§2§2§0§0§lg§x§F§F§2§9§0§0§lm§x§F§F§3§0§0§0§le§x§F§F§3§7§0§0§ln§x§F§F§3§E§0§0§lt in auction for 100000.
[17:33:05] > RedKnight buy x2 §x§F§F§3§E§0§0§lD§x§F§F§3§7§0§0§le§x§F§F§3§0§0§0§lm§x§F§F§2§9§0§0§lo§x§F§F§2§2§0§0§ln §x§F§F§1§5§0§0§lL§x§F§F§0§E§0§0§lo§x§F§F§0§7§0§0§lr§x§F§F§0§0§0§0§ld §x§F§F§0§E§0§0§lF§x§F§F§1§5§0§0§lr§x§F§F§1§C§0§0§la§x§F§F§2§2§0§0§lg§x§F§F§2§9§0§0§lm§x§F§F§3§0§0§0§le§x§F§F§3§7§0§0§ln§x§F§F§3§E§0§0§lt to celinesanrio for $200,000.
[17:33:20] > RedKnight buy x1 §x§F§F§3§E§0§0§lD§x§F§F§3§7§0§0§le§x§F§F§3§0§0§0§lm§x§F§F§2§9§0§0§lo§x§F§F§2§2§0§0§ln §x§F§F§1§5§0§0§lL§x§F§F§0§E§0§0§lo§x§F§F§0§7§0§0§lr§x§F§F§0§0§0§0§ld §x§F§F§0§E§0§0§lF§x§F§F§1§5§0§0§lr§x§F§F§1§C§0§0§la§x§F§F§2§2§0§0§lg§x§F§F§2§9§0§0§lm§x§F§F§3§0§0§0§le§x§F§F§3§7§0§0§ln§x§F§F§3§E§0§0§lt to Zee_ for $100,000.
[17:33:30] > RedKnight buy x1 §x§F§F§3§E§0§0§lD§x§F§F§3§7§0§0§le§x§F§F§3§0§0§0§lm§x§F§F§2§9§0§0§lo§x§F§F§2§2§0§0§ln §x§F§F§1§5§0§0§lL§x§F§F§0§E§0§0§lo§x§F§F§0§7§0§0§lr§x§F§F§0§0§0§0§ld §x§F§F§0§E§0§0§lF§x§F§F§1§5§0§0§lr§x§F§F§1§C§0§0§la§x§F§F§2§2§0§0§lg§x§F§F§2§9§0§0§lm§x§F§F§3§0§0§0§le§x§F§F§3§7§0§0§ln§x§F§F§3§E§0§0§lt to HPMR_GaMerz for $150,000.
[17:33:41] > RedKnight remove x1 §x§F§F§3§E§0§0§lD§x§F§F§3§7§0§0§le§x§F§F§3§0§0§0§lm§x§F§F§2§9§0§0§lo§x§F§F§2§2§0§0§ln §x§F§F§1§5§0§0§lL§x§F§F§0§E§0§0§lo§x§F§F§0§7§0§0§lr§x§F§F§0§0§0§0§ld §x§F§F§0§E§0§0§lF§x§F§F§1§5§0§0§lr§x§F§F§1§C§0§0§la§x§F§F§2§2§0§0§lg§x§F§F§2§9§0§0§lm§x§F§F§3§0§0§0§le§x§F§F§3§7§0§0§ln§x§F§F§3§E§0§0§lt from buy
[17:34:04] > RedKnight remove x2 §x§F§F§3§E§0§0§lD§x§F§F§3§7§0§0§le§x§F§F§3§0§0§0§lm§x§F§F§2§9§0§0§lo§x§F§F§2§2§0§0§ln §x§F§F§1§5§0§0§lL§x§F§F§0§E§0§0§lo§x§F§F§0§7§0§0§lr§x§F§F§0§0§0§0§ld §x§F§F§0§E§0§0§lF§x§F§F§1§5§0§0§lr§x§F§F§1§C§0§0§la§x§F§F§2§2§0§0§lg§x§F§F§2§9§0§0§lm§x§F§F§3§0§0§0§le§x§F§F§3§7§0§0§ln§x§F§F§3§E§0§0§lt from buy
[17:34:34] > RedKnight remove x1 §x§F§F§3§E§0§0§lD§x§F§F§3§7§0§0§le§x§F§F§3§0§0§0§lm§x§F§F§2§9§0§0§lo§x§F§F§2§2§0§0§ln §x§F§F§1§5§0§0§lL§x§F§F§0§E§0§0§lo§x§F§F§0§7§0§0§lr§x§F§F§0§0§0§0§ld §x§F§F§0§E§0§0§lF§x§F§F§1§5§0§0§lr§x§F§F§1§C§0§0§la§x§F§F§2§2§0§0§lg§x§F§F§2§9§0§0§lm§x§F§F§3§0§0§0§le§x§F§F§3§7§0§0§ln§x§F§F§3§E§0§0§lt from buy
[17:36:40] > Seris00 buy x1 §x§5§9§A§1§D§9§lA§x§6§E§A§D§D§Er§x§8§3§B§9§E§3c§x§9§7§C§4§E§7h§x§A§C§D§0§E§Ca§x§C§1§D§C§F§1n§x§D§6§E§8§F§6g§x§E§A§F§3§F§Ae§fl §x§D§0§E§4§F§4S§x§B§8§D§7§E§Fh§x§A§0§C§9§E§9i§x§8§8§B§C§E§4e§x§7§1§A§E§D§El§x§5§9§A§1§D§9d to tyrunknown for $400,000.
[17:36:44] > Seris00 remove x1 §x§5§9§A§1§D§9§lA§x§6§E§A§D§D§Er§x§8§3§B§9§E§3c§x§9§7§C§4§E§7h§x§A§C§D§0§E§Ca§x§C§1§D§C§F§1n§x§D§6§E§8§F§6g§x§E§A§F§3§F§Ae§fl §x§D§0§E§4§F§4S§x§B§8§D§7§E§Fh§x§A§0§C§9§E§9i§x§8§8§B§C§E§4e§x§7§1§A§E§D§El§x§5§9§A§1§D§9d from buy
[17:36:59] > HPMR_GaMerz added x1 Enchanted book in auction for 500000.
[17:37:53] > SoulessBaron buy x1 Enchanted book to HPMR_GaMerz for $500,000.
[17:37:58] > SoulessBaron remove x1 Enchanted book from buy
[17:38:28] > HPMR_GaMerz added x1 §x§F§F§5§5§0§0§lsᴇʟʟᴡᴀɴᴅ §6- 5.0x in auction for 400000.
[17:38:42] > king_ARK buy x1 §x§F§F§5§5§0§0§lsᴇʟʟᴡᴀɴᴅ §6- 5.0x to HPMR_GaMerz for $400,000.
[17:51:14] > st3ph426 remove x64 Dirt from buy
[18:00:43] > HPMR_GaMerz remove x1 Enchanted book from buy
[18:02:14] > VintageHunter buy x1 §x§6§0§0§0§F§F§lɢᴏᴅʟʏ ɪᴛᴇᴍ to celinesanrio for $300,000.
[18:02:43] > CoreyNabuko remove x25 §x§C§9§A§7§F§C§lL§x§B§D§A§E§F§6§le§x§B§1§B§4§F§0§lg§x§A§6§B§B§E§A§le§x§9§A§C§1§E§4§ln§x§8§E§C§8§D§D§ld§x§8§2§C§E§D§7§la§x§7§7§D§5§D§1§lr§x§6§B§D§B§C§B§ly §x§6§B§D§B§C§B§lC§x§7§7§D§5§D§1§lr§x§8§2§C§E§D§7§la§x§8§E§C§8§D§D§lt§x§9§A§C§1§E§4§le §x§B§1§B§4§F§0§lK§x§B§D§A§E§F§6§le§x§C§9§A§7§F§C§ly from storage
[18:03:01] > Sngel25 buy x1 §x§6§0§0§0§F§F§lɢᴏᴅʟʏ ɪᴛᴇᴍ to celinesanrio for $300,000.
[18:03:47] > VintageHunter remove x1 §x§6§0§0§0§F§F§lɢᴏᴅʟʏ ɪᴛᴇᴍ from buy
[18:03:48] > VintageHunter remove x1 §fFarmer Hat from buy
[18:03:50] > VintageHunter remove x32 Iron block from buy
[18:10:24] > koshie remove x1 Elytra from storage
[18:10:31] > koshie added x1 Elytra in auction for 1500000.
[18:11:50] > Sngel25 added x2 Shulker shell in auction for 10000.
[18:20:15] > koshie added x6 §x§F§F§3§E§0§0§lD§x§F§F§3§7§0§0§le§x§F§F§3§0§0§0§lm§x§F§F§2§9§0§0§lo§x§F§F§2§2§0§0§ln §x§F§F§1§5§0§0§lL§x§F§F§0§E§0§0§lo§x§F§F§0§7§0§0§lr§x§F§F§0§0§0§0§ld §x§F§F§0§E§0§0§lF§x§F§F§1§5§0§0§lr§x§F§F§1§C§0§0§la§x§F§F§2§2§0§0§lg§x§F§F§2§9§0§0§lm§x§F§F§3§0§0§0§le§x§F§F§3§7§0§0§ln§x§F§F§3§E§0§0§lt in auction for 500000.
[18:25:51] > Forcebenzz added x1 §x§F§F§5§5§0§0§lsᴇʟʟᴡᴀɴᴅ §6- 5.0x in auction for 450000.
[18:25:59] > king_ARK buy x1 §x§F§F§5§5§0§0§lsᴇʟʟᴡᴀɴᴅ §6- 5.0x to Forcebenzz for $450,000.
[18:26:15] > Forcebenzz added x1 §x§F§F§5§5§0§0§lsᴇʟʟᴡᴀɴᴅ §6- 5.0x in auction for 500000.
[18:27:01] > Forcebenzz added x1 §x§F§F§3§E§0§0§lD§x§F§F§3§6§0§0§le§x§F§F§2§F§0§0§lm§x§F§F§2§7§0§0§lo§x§F§F§1§F§0§0§ln §x§F§F§1§0§0§0§lL§x§F§F§0§8§0§0§lo§x§F§F§0§0§0§0§lr§x§F§F§0§8§0§0§ld §x§F§F§1§7§0§0§lD§x§F§F§1§F§0§0§la§x§F§F§2§7§0§0§lg§x§F§F§2§F§0§0§lg§x§F§F§3§6§0§0§le§x§F§F§3§E§0§0§lr in auction for 250000.
[18:27:03] > x1 §x§F§F§3§E§0§0§lD§x§F§F§3§6§0§0§le§x§F§F§2§F§0§0§lm§x§F§F§2§7§0§0§lo§x§F§F§1§F§0§0§ln §x§F§F§1§0§0§0§lL§x§F§F§0§8§0§0§lo§x§F§F§0§0§0§0§lr§x§F§F§0§8§0§0§ld §x§F§F§1§7§0§0§lS§x§F§F§1§F§0§0§lh§x§F§F§2§7§0§0§lo§x§F§F§2§F§0§0§lv§x§F§F§3§6§0§0§le§x§F§F§3§E§0§0§ll, item of Kwienn, has just expired, the item is definitively deleted.
[18:27:29] > SoulessBaron buy x2 Shulker shell to Sngel25 for $10,000.
[18:27:32] > .SharkyisHungry added x1 §f§l§x§F§C§D§0§5§CW§x§F§A§A§6§4§Au§x§F§8§7§D§3§7k§x§F§7§5§3§2§5o§x§F§5§2§A§1§2n§x§F§3§0§0§0§0g§x§F§5§2§A§1§2 §x§F§7§5§3§2§5C§x§F§8§7§D§3§7l§x§F§A§A§6§4§Au§x§F§C§D§0§5§Cb in auction for 410000.
[18:34:09] > SilhouetteDawn buy x1 §esʜᴇᴇᴘ sᴘᴀᴡɴᴇʀ to Jaiki for $100,000.
[18:40:01] > SilhouetteDawn remove x1 §esʜᴇᴇᴘ sᴘᴀᴡɴᴇʀ from buy
[18:40:03] > Sngel25 buy x1 §x§6§0§0§0§F§F§lɢᴏᴅʟʏ ɪᴛᴇᴍ to celinesanrio for $300,000.
[18:40:09] > Sngel25 remove x1 §x§6§0§0§0§F§F§lɢᴏᴅʟʏ ɪᴛᴇᴍ from buy
[18:40:10] > Sngel25 remove x1 §x§6§0§0§0§F§F§lɢᴏᴅʟʏ ɪᴛᴇᴍ from buy
[18:45:39] > Forcebenzz remove x1 §x§F§F§5§5§0§0§lsᴇʟʟᴡᴀɴᴅ §6- 5.0x from storage
[18:45:55] > Forcebenzz added x1 §x§F§F§5§5§0§0§lsᴇʟʟᴡᴀɴᴅ §6- 5.0x in auction for 450000.
[18:49:09] > .SharkyisHungry remove x1 §f§l§x§F§C§D§0§5§CW§x§F§A§A§6§4§Au§x§F§8§7§D§3§7k§x§F§7§5§3§2§5o§x§F§5§2§A§1§2n§x§F§3§0§0§0§0g§x§F§5§2§A§1§2 §x§F§7§5§3§2§5C§x§F§8§7§D§3§7l§x§F§A§A§6§4§Au§x§F§C§D§0§5§Cb from storage
[18:54:37] > Zypher_0w0 added x1 Clock in auction for 500.
[18:54:46] > mae buy x1 Clock to Zypher_0w0 for $500.
[18:56:01] > Keeos buy x1 §eᴄʜɪᴄᴋᴇɴ sᴘᴀᴡɴᴇʀ to Kwienn for $100,000.
[18:56:05] > Keeos remove x1 §eᴄʜɪᴄᴋᴇɴ sᴘᴀᴡɴᴇʀ from buy
[18:56:39] > Keeos added x1 §esᴘɪᴅᴇʀ sᴘᴀᴡɴᴇʀ in auction for 300000.
[18:57:00] > Keeos added x1 §esᴘɪᴅᴇʀ sᴘᴀᴡɴᴇʀ in auction for 300000.
[18:57:08] > octopus_01 buy x1 §x§6§0§0§0§F§F§lɢᴏᴅʟʏ ɪᴛᴇᴍ to celinesanrio for $300,000.
[18:57:24] > Keeos added x1 §esᴘɪᴅᴇʀ sᴘᴀᴡɴᴇʀ in auction for 400000.
[18:57:38] > octopus_01 remove x1 §x§6§0§0§0§F§F§lɢᴏᴅʟʏ ɪᴛᴇᴍ from buy
[18:58:17] > Keeos added x1 §eᴄʀᴇᴇᴘᴇʀ sᴘᴀᴡɴᴇʀ in auction for 500000.
[18:58:24] > Sngel25 buy x1 §eᴄʀᴇᴇᴘᴇʀ sᴘᴀᴡɴᴇʀ to Keeos for $500,000.
[19:14:07] > .SharkyisHungry added x1 §f§l§x§F§C§D§0§5§CW§x§F§A§A§6§4§Au§x§F§8§7§D§3§7k§x§F§7§5§3§2§5o§x§F§5§2§A§1§2n§x§F§3§0§0§0§0g§x§F§5§2§A§1§2 §x§F§7§5§3§2§5C§x§F§8§7§D§3§7l§x§F§A§A§6§4§Au§x§F§C§D§0§5§Cb in auction for 350000.
[19:38:18] > ELITEAtlas remove x1 §x§F§F§5§5§0§0§lsᴇʟʟᴡᴀɴᴅ §6- 5.0x from storage
[19:38:52] > Rain_Reinn buy x1 §x§F§F§5§5§0§0§lsᴇʟʟᴡᴀɴᴅ §6- 5.0x to Forcebenzz for $450,000.
[19:39:04] > Rain_Reinn remove x1 §x§F§F§5§5§0§0§lsᴇʟʟᴡᴀɴᴅ §6- 5.0x form buy
[19:39:04] > Rain_Reinn remove x1 §x§F§F§5§5§0§0§lsᴇʟʟᴡᴀɴᴅ §6- 5.0x form buy
[19:39:04] > Rain_Reinn remove x1 §x§F§F§5§5§0§0§lsᴇʟʟᴡᴀɴᴅ §6- 5.0x form buy
[19:39:04] > Rain_Reinn remove x1 §x§F§F§5§5§0§0§lsᴇʟʟᴡᴀɴᴅ §6- 5.0x form buy
[19:39:04] > Rain_Reinn remove x1 §x§F§F§5§5§0§0§lsᴇʟʟᴡᴀɴᴅ §6- 5.0x form buy
[19:43:18] > Unforce01 added x1 §eᴡɪᴛʜᴇʀ ꜱᴋᴇʟᴇᴛᴏɴ ꜱᴘᴀᴡɴᴇʀ in auction for 350000.
[19:43:24] > nagiiish buy x1 §eᴡɪᴛʜᴇʀ ꜱᴋᴇʟᴇᴛᴏɴ ꜱᴘᴀᴡɴᴇʀ to Unforce01 for $350,000.
[19:43:31] > nagiiish remove x1 §eᴡɪᴛʜᴇʀ ꜱᴋᴇʟᴇᴛᴏɴ ꜱᴘᴀᴡɴᴇʀ from buy
[19:44:44] > Seris00 added x64 Iron block in auction for 22400.
[19:44:55] > Seris00 added x64 Iron block in auction for 22400.
[19:45:10] > Seris00 added x64 Iron block in auction for 22400.
[19:45:23] > Seris00 added x64 Iron block in auction for 22400.
[19:45:42] > Seris00 added x32 Iron block in auction for 11200.
[19:45:57] > Seris00 added x32 Iron block in auction for 11200.
[19:46:20] > sesh_ buy x64 Iron block to Seris00 for $22,400.
[19:46:35] > sesh_ remove x64 Iron block from buy
[19:48:15] > Seris00 added x32 Redstone block in auction for 48000.
[19:48:27] > TostyZura remove x1 Elytra from storage
[19:49:05] > TostyZura added x1 §x§C§9§A§7§F§C§lL§x§B§D§A§E§F§6§le§x§B§1§B§4§F§0§lg§x§A§6§B§B§E§A§le§x§9§A§C§1§E§4§ln§x§8§E§C§8§D§D§ld§x§8§2§C§E§D§7§la§x§7§7§D§5§D§1§lr§x§6§B§D§B§C§B§ly §x§6§B§D§B§C§B§lC§x§7§7§D§5§D§1§lr§x§8§2§C§E§D§7§la§x§8§E§C§8§D§D§lt§x§9§A§C§1§E§4§le §x§B§1§B§4§F§0§lK§x§B§D§A§E§F§6§le§x§C§9§A§7§F§C§ly in auction for 100.
[19:49:11] > nagiiish buy x1 §x§C§9§A§7§F§C§lL§x§B§D§A§E§F§6§le§x§B§1§B§4§F§0§lg§x§A§6§B§B§E§A§le§x§9§A§C§1§E§4§ln§x§8§E§C§8§D§D§ld§x§8§2§C§E§D§7§la§x§7§7§D§5§D§1§lr§x§6§B§D§B§C§B§ly §x§6§B§D§B§C§B§lC§x§7§7§D§5§D§1§lr§x§8§2§C§E§D§7§la§x§8§E§C§8§D§D§lt§x§9§A§C§1§E§4§le §x§B§1§B§4§F§0§lK§x§B§D§A§E§F§6§le§x§C§9§A§7§F§C§ly to TostyZura for $100.
[19:49:24] > nagiiish remove x1 §x§C§9§A§7§F§C§lL§x§B§D§A§E§F§6§le§x§B§1§B§4§F§0§lg§x§A§6§B§B§E§A§le§x§9§A§C§1§E§4§ln§x§8§E§C§8§D§D§ld§x§8§2§C§E§D§7§la§x§7§7§D§5§D§1§lr§x§6§B§D§B§C§B§ly §x§6§B§D§B§C§B§lC§x§7§7§D§5§D§1§lr§x§8§2§C§E§D§7§la§x§8§E§C§8§D§D§lt§x§9§A§C§1§E§4§le §x§B§1§B§4§F§0§lK§x§B§D§A§E§F§6§le§x§C§9§A§7§F§C§ly from buy
[19:49:36] > Raylii remove x1 §fRaining Cloud Hat from buy
[19:49:41] > TostyZura added x1 §x§C§9§A§7§F§C§lL§x§B§D§A§E§F§6§le§x§B§1§B§4§F§0§lg§x§A§6§B§B§E§A§le§x§9§A§C§1§E§4§ln§x§8§E§C§8§D§D§ld§x§8§2§C§E§D§7§la§x§7§7§D§5§D§1§lr§x§6§B§D§B§C§B§ly §x§6§B§D§B§C§B§lC§x§7§7§D§5§D§1§lr§x§8§2§C§E§D§7§la§x§8§E§C§8§D§D§lt§x§9§A§C§1§E§4§le §x§B§1§B§4§F§0§lK§x§B§D§A§E§F§6§le§x§C§9§A§7§F§C§ly in auction for 100.
[19:49:48] > Forcebenzz buy x1 §x§C§9§A§7§F§C§lL§x§B§D§A§E§F§6§le§x§B§1§B§4§F§0§lg§x§A§6§B§B§E§A§le§x§9§A§C§1§E§4§ln§x§8§E§C§8§D§D§ld§x§8§2§C§E§D§7§la§x§7§7§D§5§D§1§lr§x§6§B§D§B§C§B§ly §x§6§B§D§B§C§B§lC§x§7§7§D§5§D§1§lr§x§8§2§C§E§D§7§la§x§8§E§C§8§D§D§lt§x§9§A§C§1§E§4§le §x§B§1§B§4§F§0§lK§x§B§D§A§E§F§6§le§x§C§9§A§7§F§C§ly to TostyZura for $100.
[19:49:56] > TostyZura added x1 §x§C§9§A§7§F§C§lL§x§B§D§A§E§F§6§le§x§B§1§B§4§F§0§lg§x§A§6§B§B§E§A§le§x§9§A§C§1§E§4§ln§x§8§E§C§8§D§D§ld§x§8§2§C§E§D§7§la§x§7§7§D§5§D§1§lr§x§6§B§D§B§C§B§ly §x§6§B§D§B§C§B§lC§x§7§7§D§5§D§1§lr§x§8§2§C§E§D§7§la§x§8§E§C§8§D§D§lt§x§9§A§C§1§E§4§le §x§B§1§B§4§F§0§lK§x§B§D§A§E§F§6§le§x§C§9§A§7§F§C§ly in auction for 100.
[19:50:00] > Runz buy x1 §x§C§9§A§7§F§C§lL§x§B§D§A§E§F§6§le§x§B§1§B§4§F§0§lg§x§A§6§B§B§E§A§le§x§9§A§C§1§E§4§ln§x§8§E§C§8§D§D§ld§x§8§2§C§E§D§7§la§x§7§7§D§5§D§1§lr§x§6§B§D§B§C§B§ly §x§6§B§D§B§C§B§lC§x§7§7§D§5§D§1§lr§x§8§2§C§E§D§7§la§x§8§E§C§8§D§D§lt§x§9§A§C§1§E§4§le §x§B§1§B§4§F§0§lK§x§B§D§A§E§F§6§le§x§C§9§A§7§F§C§ly to TostyZura for $100.
[19:50:42] > TostyZura added x2 §x§C§9§A§7§F§C§lL§x§B§D§A§E§F§6§le§x§B§1§B§4§F§0§lg§x§A§6§B§B§E§A§le§x§9§A§C§1§E§4§ln§x§8§E§C§8§D§D§ld§x§8§2§C§E§D§7§la§x§7§7§D§5§D§1§lr§x§6§B§D§B§C§B§ly §x§6§B§D§B§C§B§lC§x§7§7§D§5§D§1§lr§x§8§2§C§E§D§7§la§x§8§E§C§8§D§D§lt§x§9§A§C§1§E§4§le §x§B§1§B§4§F§0§lK§x§B§D§A§E§F§6§le§x§C§9§A§7§F§C§ly in auction for 200.
[19:50:46] > Unforce01 buy x2 §x§C§9§A§7§F§C§lL§x§B§D§A§E§F§6§le§x§B§1§B§4§F§0§lg§x§A§6§B§B§E§A§le§x§9§A§C§1§E§4§ln§x§8§E§C§8§D§D§ld§x§8§2§C§E§D§7§la§x§7§7§D§5§D§1§lr§x§6§B§D§B§C§B§ly §x§6§B§D§B§C§B§lC§x§7§7§D§5§D§1§lr§x§8§2§C§E§D§7§la§x§8§E§C§8§D§D§lt§x§9§A§C§1§E§4§le §x§B§1§B§4§F§0§lK§x§B§D§A§E§F§6§le§x§C§9§A§7§F§C§ly to TostyZura for $200.
[19:51:07] > TostyZura added x1 §x§C§9§A§7§F§C§lL§x§B§D§A§E§F§6§le§x§B§1§B§4§F§0§lg§x§A§6§B§B§E§A§le§x§9§A§C§1§E§4§ln§x§8§E§C§8§D§D§ld§x§8§2§C§E§D§7§la§x§7§7§D§5§D§1§lr§x§6§B§D§B§C§B§ly §x§6§B§D§B§C§B§lC§x§7§7§D§5§D§1§lr§x§8§2§C§E§D§7§la§x§8§E§C§8§D§D§lt§x§9§A§C§1§E§4§le §x§B§1§B§4§F§0§lK§x§B§D§A§E§F§6§le§x§C§9§A§7§F§C§ly in auction for 100.
[19:51:11] > Unforce01 buy x1 §x§C§9§A§7§F§C§lL§x§B§D§A§E§F§6§le§x§B§1§B§4§F§0§lg§x§A§6§B§B§E§A§le§x§9§A§C§1§E§4§ln§x§8§E§C§8§D§D§ld§x§8§2§C§E§D§7§la§x§7§7§D§5§D§1§lr§x§6§B§D§B§C§B§ly §x§6§B§D§B§C§B§lC§x§7§7§D§5§D§1§lr§x§8§2§C§E§D§7§la§x§8§E§C§8§D§D§lt§x§9§A§C§1§E§4§le §x§B§1§B§4§F§0§lK§x§B§D§A§E§F§6§le§x§C§9§A§7§F§C§ly to TostyZura for $100.
[19:51:20] > TostyZura added x2 §x§C§9§A§7§F§C§lL§x§B§D§A§E§F§6§le§x§B§1§B§4§F§0§lg§x§A§6§B§B§E§A§le§x§9§A§C§1§E§4§ln§x§8§E§C§8§D§D§ld§x§8§2§C§E§D§7§la§x§7§7§D§5§D§1§lr§x§6§B§D§B§C§B§ly §x§6§B§D§B§C§B§lC§x§7§7§D§5§D§1§lr§x§8§2§C§E§D§7§la§x§8§E§C§8§D§D§lt§x§9§A§C§1§E§4§le §x§B§1§B§4§F§0§lK§x§B§D§A§E§F§6§le§x§C§9§A§7§F§C§ly in auction for 200.
[19:51:22] > Artdeh buy x2 §x§C§9§A§7§F§C§lL§x§B§D§A§E§F§6§le§x§B§1§B§4§F§0§lg§x§A§6§B§B§E§A§le§x§9§A§C§1§E§4§ln§x§8§E§C§8§D§D§ld§x§8§2§C§E§D§7§la§x§7§7§D§5§D§1§lr§x§6§B§D§B§C§B§ly §x§6§B§D§B§C§B§lC§x§7§7§D§5§D§1§lr§x§8§2§C§E§D§7§la§x§8§E§C§8§D§D§lt§x§9§A§C§1§E§4§le §x§B§1§B§4§F§0§lK§x§B§D§A§E§F§6§le§x§C§9§A§7§F§C§ly to TostyZura for $200.
[19:51:52] > Unforce01 remove x2 §x§C§9§A§7§F§C§lL§x§B§D§A§E§F§6§le§x§B§1§B§4§F§0§lg§x§A§6§B§B§E§A§le§x§9§A§C§1§E§4§ln§x§8§E§C§8§D§D§ld§x§8§2§C§E§D§7§la§x§7§7§D§5§D§1§lr§x§6§B§D§B§C§B§ly §x§6§B§D§B§C§B§lC§x§7§7§D§5§D§1§lr§x§8§2§C§E§D§7§la§x§8§E§C§8§D§D§lt§x§9§A§C§1§E§4§le §x§B§1§B§4§F§0§lK§x§B§D§A§E§F§6§le§x§C§9§A§7§F§C§ly form buy
[19:51:52] > Unforce01 remove x2 §x§C§9§A§7§F§C§lL§x§B§D§A§E§F§6§le§x§B§1§B§4§F§0§lg§x§A§6§B§B§E§A§le§x§9§A§C§1§E§4§ln§x§8§E§C§8§D§D§ld§x§8§2§C§E§D§7§la§x§7§7§D§5§D§1§lr§x§6§B§D§B§C§B§ly §x§6§B§D§B§C§B§lC§x§7§7§D§5§D§1§lr§x§8§2§C§E§D§7§la§x§8§E§C§8§D§D§lt§x§9§A§C§1§E§4§le §x§B§1§B§4§F§0§lK§x§B§D§A§E§F§6§le§x§C§9§A§7§F§C§ly form buy
[19:51:52] > Unforce01 remove x1 §x§C§9§A§7§F§C§lL§x§B§D§A§E§F§6§le§x§B§1§B§4§F§0§lg§x§A§6§B§B§E§A§le§x§9§A§C§1§E§4§ln§x§8§E§C§8§D§D§ld§x§8§2§C§E§D§7§la§x§7§7§D§5§D§1§lr§x§6§B§D§B§C§B§ly §x§6§B§D§B§C§B§lC§x§7§7§D§5§D§1§lr§x§8§2§C§E§D§7§la§x§8§E§C§8§D§D§lt§x§9§A§C§1§E§4§le §x§B§1§B§4§F§0§lK§x§B§D§A§E§F§6§le§x§C§9§A§7§F§C§ly form buy
[19:51:52] > Zaanii_ buy x6 §x§F§F§3§E§0§0§lD§x§F§F§3§7§0§0§le§x§F§F§3§0§0§0§lm§x§F§F§2§9§0§0§lo§x§F§F§2§2§0§0§ln §x§F§F§1§5§0§0§lL§x§F§F§0§E§0§0§lo§x§F§F§0§7§0§0§lr§x§F§F§0§0§0§0§ld §x§F§F§0§E§0§0§lF§x§F§F§1§5§0§0§lr§x§F§F§1§C§0§0§la§x§F§F§2§2§0§0§lg§x§F§F§2§9§0§0§lm§x§F§F§3§0§0§0§le§x§F§F§3§7§0§0§ln§x§F§F§3§E§0§0§lt to koshie for $500,000.
[19:52:04] > Zaanii_ remove x6 §x§F§F§3§E§0§0§lD§x§F§F§3§7§0§0§le§x§F§F§3§0§0§0§lm§x§F§F§2§9§0§0§lo§x§F§F§2§2§0§0§ln §x§F§F§1§5§0§0§lL§x§F§F§0§E§0§0§lo§x§F§F§0§7§0§0§lr§x§F§F§0§0§0§0§ld §x§F§F§0§E§0§0§lF§x§F§F§1§5§0§0§lr§x§F§F§1§C§0§0§la§x§F§F§2§2§0§0§lg§x§F§F§2§9§0§0§lm§x§F§F§3§0§0§0§le§x§F§F§3§7§0§0§ln§x§F§F§3§E§0§0§lt from buy
[19:52:41] > TostyZura added x1 Dragon head in auction for 1000.
[19:52:46] > Artdeh buy x1 Dragon head to TostyZura for $1,000.
[19:53:06] > TostyZura added x1 Nether star in auction for 1000.
[19:53:11] > giyahnpogi buy x1 Nether star to TostyZura for $1,000.
[19:53:38] > TostyZura added x2 §9§lSquid Tentacle in auction for 100.
[19:53:44] > Seris00 buy x2 §9§lSquid Tentacle to TostyZura for $100.
[19:53:53] > Seris00 remove x2 §9§lSquid Tentacle form buy
[19:56:14] > Unforce01 added x1 §x§F§F§5§5§0§0§lsᴇʟʟᴡᴀɴᴅ §6- 5.0x in auction for 500000.
[19:57:40] > giyahnpogi added x1 /pwarps warp AceHardware (Piston & Observer) in auction for 100000.
[20:01:35] > Unforce01 added x1 §fGarden Hat in auction for 10000.
[20:02:08] > sesh_ buy x1 §fGarden Hat to Unforce01 for $10,000.
[20:02:14] > sesh_ remove x1 §fGarden Hat from buy
[20:05:20] > Forcebenzz added x1 §f§l§x§F§C§D§0§5§CW§x§F§B§B§0§4§Eu§x§F§9§9§0§4§0k§x§F§8§7§0§3§2o§x§F§6§5§0§2§3n§x§F§5§3§0§1§5g§x§F§4§1§0§0§7 H§x§F§5§3§0§1§5a§x§F§6§5§0§2§3l§x§F§8§7§0§3§2b§x§F§9§9§0§4§0e§x§F§B§B§0§4§Er§x§F§C§D§0§5§Cd in auction for 250000.
[20:07:03] > minecraft buy x1 §f§l§x§F§C§D§0§5§CW§x§F§B§B§8§5§1u§x§F§A§9§F§4§6k§x§F§9§8§7§3§Co§x§F§8§6§E§3§1n§x§F§7§5§6§2§6g§x§F§6§3§D§1§B §x§F§5§2§5§1§0F§x§F§4§0§C§0§5is§x§F§5§2§5§1§0h§x§F§6§3§D§1§Bi§x§F§7§5§6§2§6n§x§F§8§6§E§3§1g§x§F§9§8§7§3§C §x§F§A§9§F§4§6R§x§F§B§B§8§5§1o§x§F§C§D§0§5§Cd to Pewpew for $200,000.
[20:07:09] > minecraft remove x1 §f§l§x§F§C§D§0§5§CW§x§F§B§B§8§5§1u§x§F§A§9§F§4§6k§x§F§9§8§7§3§Co§x§F§8§6§E§3§1n§x§F§7§5§6§2§6g§x§F§6§3§D§1§B §x§F§5§2§5§1§0F§x§F§4§0§C§0§5is§x§F§5§2§5§1§0h§x§F§6§3§D§1§Bi§x§F§7§5§6§2§6n§x§F§8§6§E§3§1g§x§F§9§8§7§3§C §x§F§A§9§F§4§6R§x§F§B§B§8§5§1o§x§F§C§D§0§5§Cd from buy
[20:09:47] > Rain_Reinn added x2 §x§F§F§3§E§0§0§lD§x§F§F§3§7§0§0§le§x§F§F§3§0§0§0§lm§x§F§F§2§9§0§0§lo§x§F§F§2§2§0§0§ln §x§F§F§1§5§0§0§lL§x§F§F§0§E§0§0§lo§x§F§F§0§7§0§0§lr§x§F§F§0§0§0§0§ld §x§F§F§0§E§0§0§lF§x§F§F§1§5§0§0§lr§x§F§F§1§C§0§0§la§x§F§F§2§2§0§0§lg§x§F§F§2§9§0§0§lm§x§F§F§3§0§0§0§le§x§F§F§3§7§0§0§ln§x§F§F§3§E§0§0§lt in auction for 80000.
[20:09:54] > Unforce01 buy x2 §x§F§F§3§E§0§0§lD§x§F§F§3§7§0§0§le§x§F§F§3§0§0§0§lm§x§F§F§2§9§0§0§lo§x§F§F§2§2§0§0§ln §x§F§F§1§5§0§0§lL§x§F§F§0§E§0§0§lo§x§F§F§0§7§0§0§lr§x§F§F§0§0§0§0§ld §x§F§F§0§E§0§0§lF§x§F§F§1§5§0§0§lr§x§F§F§1§C§0§0§la§x§F§F§2§2§0§0§lg§x§F§F§2§9§0§0§lm§x§F§F§3§0§0§0§le§x§F§F§3§7§0§0§ln§x§F§F§3§E§0§0§lt to Rain_Reinn for $80,000.
[20:10:40] > Unforce01 added x1 §eMummy Hat in auction for 10000.
[20:10:45] > Unforce01 remove x2 §x§F§F§3§E§0§0§lD§x§F§F§3§7§0§0§le§x§F§F§3§0§0§0§lm§x§F§F§2§9§0§0§lo§x§F§F§2§2§0§0§ln §x§F§F§1§5§0§0§lL§x§F§F§0§E§0§0§lo§x§F§F§0§7§0§0§lr§x§F§F§0§0§0§0§ld §x§F§F§0§E§0§0§lF§x§F§F§1§5§0§0§lr§x§F§F§1§C§0§0§la§x§F§F§2§2§0§0§lg§x§F§F§2§9§0§0§lm§x§F§F§3§0§0§0§le§x§F§F§3§7§0§0§ln§x§F§F§3§E§0§0§lt form buy
[20:10:57] > sesh_ buy x1 §eMummy Hat to Unforce01 for $10,000.
[20:11:05] > sesh_ remove x1 §eMummy Hat from buy
[20:13:32] > TostyZura added x1 §x§F§F§3§E§0§0§lD§x§F§F§3§7§0§0§le§x§F§F§3§0§0§0§lm§x§F§F§2§9§0§0§lo§x§F§F§2§2§0§0§ln §x§F§F§1§5§0§0§lL§x§F§F§0§E§0§0§lo§x§F§F§0§7§0§0§lr§x§F§F§0§0§0§0§ld §x§F§F§0§E§0§0§lF§x§F§F§1§5§0§0§lr§x§F§F§1§C§0§0§la§x§F§F§2§2§0§0§lg§x§F§F§2§9§0§0§lm§x§F§F§3§0§0§0§le§x§F§F§3§7§0§0§ln§x§F§F§3§E§0§0§lt in auction for 1000.
[20:13:39] > sesh_ buy x1 §x§F§F§3§E§0§0§lD§x§F§F§3§7§0§0§le§x§F§F§3§0§0§0§lm§x§F§F§2§9§0§0§lo§x§F§F§2§2§0§0§ln §x§F§F§1§5§0§0§lL§x§F§F§0§E§0§0§lo§x§F§F§0§7§0§0§lr§x§F§F§0§0§0§0§ld §x§F§F§0§E§0§0§lF§x§F§F§1§5§0§0§lr§x§F§F§1§C§0§0§la§x§F§F§2§2§0§0§lg§x§F§F§2§9§0§0§lm§x§F§F§3§0§0§0§le§x§F§F§3§7§0§0§ln§x§F§F§3§E§0§0§lt to TostyZura for $1,000.
[20:13:45] > TostyZura added x1 §x§C§9§A§7§F§C§lL§x§B§D§A§E§F§6§le§x§B§1§B§4§F§0§lg§x§A§6§B§B§E§A§le§x§9§A§C§1§E§4§ln§x§8§E§C§8§D§D§ld§x§8§2§C§E§D§7§la§x§7§7§D§5§D§1§lr§x§6§B§D§B§C§B§ly §x§6§B§D§B§C§B§lC§x§7§7§D§5§D§1§lr§x§8§2§C§E§D§7§la§x§8§E§C§8§D§D§lt§x§9§A§C§1§E§4§le §x§B§1§B§4§F§0§lK§x§B§D§A§E§F§6§le§x§C§9§A§7§F§C§ly in auction for 10.
[20:13:49] > MrZyrus7228 buy x1 §x§C§9§A§7§F§C§lL§x§B§D§A§E§F§6§le§x§B§1§B§4§F§0§lg§x§A§6§B§B§E§A§le§x§9§A§C§1§E§4§ln§x§8§E§C§8§D§D§ld§x§8§2§C§E§D§7§la§x§7§7§D§5§D§1§lr§x§6§B§D§B§C§B§ly §x§6§B§D§B§C§B§lC§x§7§7§D§5§D§1§lr§x§8§2§C§E§D§7§la§x§8§E§C§8§D§D§lt§x§9§A§C§1§E§4§le §x§B§1§B§4§F§0§lK§x§B§D§A§E§F§6§le§x§C§9§A§7§F§C§ly to TostyZura for $10.
[20:15:28] > sesh_ remove x1 §x§F§F§3§E§0§0§lD§x§F§F§3§7§0§0§le§x§F§F§3§0§0§0§lm§x§F§F§2§9§0§0§lo§x§F§F§2§2§0§0§ln §x§F§F§1§5§0§0§lL§x§F§F§0§E§0§0§lo§x§F§F§0§7§0§0§lr§x§F§F§0§0§0§0§ld §x§F§F§0§E§0§0§lF§x§F§F§1§5§0§0§lr§x§F§F§1§C§0§0§la§x§F§F§2§2§0§0§lg§x§F§F§2§9§0§0§lm§x§F§F§3§0§0§0§le§x§F§F§3§7§0§0§ln§x§F§F§3§E§0§0§lt from buy
[20:17:00] > Keenorana added x1 §x§F§F§5§5§0§0§lsᴇʟʟᴡᴀɴᴅ §6- 5.0x in auction for 500000.
[20:21:16] > TostyZura added x1 Elytra in auction for 10000.
[20:21:20] > Zee_ buy x1 Elytra to TostyZura for $10,000.
[20:21:31] > Zee_ remove x1 Elytra from buy
[20:21:31] > x1 §f§l§x§F§A§0§0§0§AD§x§F§A§1§C§1§5a§x§F§B§3§7§2§0r§x§F§B§5§3§2§Bk§x§F§B§6§F§3§6f§x§F§B§8§B§4§1l§x§F§C§A§6§4§Ca§x§F§C§C§2§5§7me§x§F§C§A§6§4§C §x§F§B§8§B§4§1S§x§F§B§6§F§3§6h§x§F§B§5§3§2§Bo§x§F§B§3§7§2§0v§x§F§A§1§C§1§5e§x§F§A§0§0§0§Al on sale by Sxth has just expired, it goes in the inventory of expired items.
[20:22:03] > Zee_ added x1 Elytra in auction for 1000000.
[20:22:51] > Zee_ remove x1 Elytra from storage
[20:22:55] > Zee_ added x1 Elytra in auction for 1000000.
[20:23:09] > TostyZura added x1 Mace in auction for 50000.
[20:23:10] > mae remove x1 Elytra from storage
[20:23:12] > mae remove x2 Nether star from storage
[20:23:13] > Zee_ buy x1 Mace to TostyZura for $50,000.
[20:23:19] > Zee_ remove x1 Mace from buy
[20:23:28] > mae added x1 Elytra in auction for 500000.
[20:24:20] > TostyZura added x1 Cherifer in auction for 100.
[20:25:19] > TostyZura added x1 Elytra in auction for 50000.
[20:25:22] > Forcebenzz buy x1 Elytra to TostyZura for $50,000.
[20:25:39] > Forcebenzz remove x1 Elytra from buy
[20:25:42] > Keenorana added x1 STING in auction for 10.
[20:25:57] > .BoredSwing20 buy x1 STING to Keenorana for $10.
[20:26:08] > TostyZura added x1 Elytra in auction for 50000.
[20:26:11] > mae buy x1 Elytra to TostyZura for $50,000.
[20:26:15] > .BoredSwing20 remove x1 STING from buy
[20:28:18] > BunnyOmatic buy x1 Elytra to mae for $500,000.
[20:29:16] > BunnyOmatic remove x1 Elytra from buy
[20:29:55] > Lanchan68 remove x20 Sponge from buy
[20:31:21] > MrZyrus7228 buy x1 Elytra to Zee_ for $1,000,000.
[20:31:28] > MrZyrus7228 remove x1 §x§C§9§A§7§F§C§lL§x§B§D§A§E§F§6§le§x§B§1§B§4§F§0§lg§x§A§6§B§B§E§A§le§x§9§A§C§1§E§4§ln§x§8§E§C§8§D§D§ld§x§8§2§C§E§D§7§la§x§7§7§D§5§D§1§lr§x§6§B§D§B§C§B§ly §x§6§B§D§B§C§B§lC§x§7§7§D§5§D§1§lr§x§8§2§C§E§D§7§la§x§8§E§C§8§D§D§lt§x§9§A§C§1§E§4§le §x§B§1§B§4§F§0§lK§x§B§D§A§E§F§6§le§x§C§9§A§7§F§C§ly from buy
[20:31:28] > MrZyrus7228 remove x1 §x§9§8§6§3§E§7§lG§x§9§0§7§5§E§2§lo§x§8§8§8§7§D§D§ld§x§8§0§9§9§D§8§ll§x§7§7§A§C§D§4§ly §x§6§7§D§0§C§A§lC§x§5§F§E§2§C§5§lr§x§6§7§D§0§C§A§la§x§6§F§B§E§C§F§lt§x§7§7§A§C§D§4§le §x§8§8§8§7§D§D§lK§x§9§0§7§5§E§2§le§x§9§8§6§3§E§7§ly from buy
[20:31:29] > MrZyrus7228 remove x1 Elytra from buy
[20:31:39] > TostyZura added x1 §eᴡɪᴛʜᴇʀ ꜱᴋᴇʟᴇᴛᴏɴ ꜱᴘᴀᴡɴᴇʀ in auction for 150000.
[20:31:44] > Forcebenzz buy x1 §eᴡɪᴛʜᴇʀ ꜱᴋᴇʟᴇᴛᴏɴ ꜱᴘᴀᴡɴᴇʀ to TostyZura for $150,000.
[20:32:00] > Zee_ added x1 Elytra in auction for 10.
[20:32:21] > Keenorana buy x1 Elytra to Zee_ for $10.
[20:33:01] > Forcebenzz added x1 Bedrock in auction for 10.
[20:33:16] > Zee_ added x1 Elytra in auction for 10000.
[20:33:18] > TostyZura added x1 Pocari Sweat in auction for 100.
[20:33:29] > Zee_ added x1 Elytra in auction for 10000.
[20:33:39] > Zee_ added x1 Elytra in auction for 10000.
[20:33:43] > .BoredSwing20 buy x1 Pocari Sweat to TostyZura for $100.
[20:34:17] > Zee_ added x1 Mace in auction for 800000.
[20:34:20] > .BoredSwing20 remove x1 Pocari Sweat from buy
[20:34:58] > TostyZura added x1 §x§6§0§0§0§F§F§lɢᴏᴅʟʏ ɪᴛᴇᴍ in auction for 10000.
[20:35:04] > Keenorana buy x1 §x§6§0§0§0§F§F§lɢᴏᴅʟʏ ɪᴛᴇᴍ to TostyZura for $10,000.
[20:35:21] > Keenorana remove x1 §x§6§0§0§0§F§F§lɢᴏᴅʟʏ ɪᴛᴇᴍ from buy
[20:35:27] > TostyZura added x2 Dried ghast in auction for 20.
[20:35:32] > MrZyrus7228 buy x2 Dried ghast to TostyZura for $20.
[20:35:45] > Forcebenzz added x1 End Portal Frame in auction for 10.
[20:36:30] > .BoredSwing20 buy x1 Cherifer to TostyZura for $100.
[20:37:17] > TostyZura added x15 §x§F§C§9§0§5§C§lE§x§E§6§9§C§6§B§lp§x§C§F§A§7§7§A§li§x§B§9§B§3§8§9§lc §x§8§C§C§B§A§7§lC§x§7§5§D§6§B§6§lr§x§5§F§E§2§C§5§la§x§7§9§D§4§B§4§lt§x§9§3§C§7§A§2§le §x§C§8§A§B§7§F§lK§x§E§2§9§E§6§E§le§x§F§C§9§0§5§C§ly in auction for 20000.
[20:37:22] > Forcebenzz buy x15 §x§F§C§9§0§5§C§lE§x§E§6§9§C§6§B§lp§x§C§F§A§7§7§A§li§x§B§9§B§3§8§9§lc §x§8§C§C§B§A§7§lC§x§7§5§D§6§B§6§lr§x§5§F§E§2§C§5§la§x§7§9§D§4§B§4§lt§x§9§3§C§7§A§2§le §x§C§8§A§B§7§F§lK§x§E§2§9§E§6§E§le§x§F§C§9§0§5§C§ly to TostyZura for $20,000.
[20:37:39] > .Kenku1001 buy x17 §x§C§9§A§7§F§C§lL§x§B§D§A§E§F§6§le§x§B§1§B§4§F§0§lg§x§A§6§B§B§E§A§le§x§9§A§C§1§E§4§ln§x§8§E§C§8§D§D§ld§x§8§2§C§E§D§7§la§x§7§7§D§5§D§1§lr§x§6§B§D§B§C§B§ly §x§6§B§D§B§C§B§lC§x§7§7§D§5§D§1§lr§x§8§2§C§E§D§7§la§x§8§E§C§8§D§D§lt§x§9§A§C§1§E§4§le §x§B§1§B§4§F§0§lK§x§B§D§A§E§F§6§le§x§C§9§A§7§F§C§ly to Runz for $600,000.
[20:37:49] > .Kenku1001 remove x1 Elytra form storage
[20:37:49] > .Kenku1001 remove x1 Elytra form storage
[20:37:49] > .Kenku1001 remove x1 Elytra form storage
[20:37:59] > TostyZura added x1 §x§F§0§7§A§5§4§lZombie Apocalyptic Bow in auction for 20000.
[20:38:09] > king_ARK buy x1 §x§F§0§7§A§5§4§lZombie Apocalyptic Bow to TostyZura for $20,000.
[20:38:35] > MrZyrus7228 added x1 §x§F§F§3§E§0§0§lD§x§F§F§3§7§0§0§le§x§F§F§3§0§0§0§lm§x§F§F§2§9§0§0§lo§x§F§F§2§2§0§0§ln §x§F§F§1§5§0§0§lL§x§F§F§0§E§0§0§lo§x§F§F§0§7§0§0§lr§x§F§F§0§0§0§0§ld §x§F§F§0§E§0§0§lF§x§F§F§1§5§0§0§lr§x§F§F§1§C§0§0§la§x§F§F§2§2§0§0§lg§x§F§F§2§9§0§0§lm§x§F§F§3§0§0§0§le§x§F§F§3§7§0§0§ln§x§F§F§3§E§0§0§lt in auction for 100000.
[20:38:46] > minecraft buy x1 §x§F§F§3§E§0§0§lD§x§F§F§3§7§0§0§le§x§F§F§3§0§0§0§lm§x§F§F§2§9§0§0§lo§x§F§F§2§2§0§0§ln §x§F§F§1§5§0§0§lL§x§F§F§0§E§0§0§lo§x§F§F§0§7§0§0§lr§x§F§F§0§0§0§0§ld §x§F§F§0§E§0§0§lF§x§F§F§1§5§0§0§lr§x§F§F§1§C§0§0§la§x§F§F§2§2§0§0§lg§x§F§F§2§9§0§0§lm§x§F§F§3§0§0§0§le§x§F§F§3§7§0§0§ln§x§F§F§3§E§0§0§lt to MrZyrus7228 for $100,000.
[20:38:49] > TostyZura added x1 Dragon head in auction for 10000.
[20:38:54] > .BoredSwing20 buy x1 Dragon head to TostyZura for $10,000.
[20:38:57] > minecraft remove x1 §x§F§F§3§E§0§0§lD§x§F§F§3§7§0§0§le§x§F§F§3§0§0§0§lm§x§F§F§2§9§0§0§lo§x§F§F§2§2§0§0§ln §x§F§F§1§5§0§0§lL§x§F§F§0§E§0§0§lo§x§F§F§0§7§0§0§lr§x§F§F§0§0§0§0§ld §x§F§F§0§E§0§0§lF§x§F§F§1§5§0§0§lr§x§F§F§1§C§0§0§la§x§F§F§2§2§0§0§lg§x§F§F§2§9§0§0§lm§x§F§F§3§0§0§0§le§x§F§F§3§7§0§0§ln§x§F§F§3§E§0§0§lt from buy
[20:39:18] > .BoredSwing20 remove x1 Dragon head from buy
[20:39:21] > .BoredSwing20 remove x1 Cherifer from buy
[20:39:26] > Zee_ buy x32 Redstone block to Seris00 for $48,000.
[20:39:35] > Zee_ remove x32 Redstone block from buy
[20:40:03] > Forcebenzz remove x15 §x§F§C§9§0§5§C§lE§x§E§6§9§C§6§B§lp§x§C§F§A§7§7§A§li§x§B§9§B§3§8§9§lc §x§8§C§C§B§A§7§lC§x§7§5§D§6§B§6§lr§x§5§F§E§2§C§5§la§x§7§9§D§4§B§4§lt§x§9§3§C§7§A§2§le §x§C§8§A§B§7§F§lK§x§E§2§9§E§6§E§le§x§F§C§9§0§5§C§ly from buy
[20:40:16] > TostyZura added x1 Enchanted golden apple in auction for 100.
[20:40:19] > Keenorana added x1 §x§F§F§7§C§0§0§lSteamsparks Hoe in auction for 100000.
[20:40:20] > MrZyrus7228 buy x1 Enchanted golden apple to TostyZura for $100.
[20:40:25] > MrZyrus7228 remove x1 Enchanted golden apple from buy
[20:40:25] > MrZyrus7228 remove x2 Dried ghast from buy
[20:41:46] > MrZyrus7228 added x64 Iron block in auction for 15000.
[20:42:58] > namerikangel added x1 Heavy core in auction for 675000.
[20:43:00] > MrZyrus7228 added x1 §x§F§F§3§E§0§0§lD§x§F§F§3§5§0§0§le§x§F§F§2§C§0§0§lm§x§F§F§2§3§0§0§lo§x§F§F§1§B§0§0§ln §x§F§F§0§9§0§0§lL§x§F§F§0§0§0§0§lo§x§F§F§0§A§0§0§lr§x§F§F§1§5§0§0§ld §x§F§F§2§9§0§0§lA§x§F§F§3§4§0§0§lx§x§F§F§3§E§0§0§le in auction for 25000.
[20:43:07] > JullianHuH buy x1 §x§F§F§3§E§0§0§lD§x§F§F§3§5§0§0§le§x§F§F§2§C§0§0§lm§x§F§F§2§3§0§0§lo§x§F§F§1§B§0§0§ln §x§F§F§0§9§0§0§lL§x§F§F§0§0§0§0§lo§x§F§F§0§A§0§0§lr§x§F§F§1§5§0§0§ld §x§F§F§2§9§0§0§lA§x§F§F§3§4§0§0§lx§x§F§F§3§E§0§0§le to MrZyrus7228 for $25,000.
[20:43:30] > .Kenku1001 buy x64 Iron block to MrZyrus7228 for $15,000.
[20:43:38] > .Kenku1001 buy x64 Iron block to Seris00 for $22,400.
[20:43:42] > .Kenku1001 buy x64 Iron block to Seris00 for $22,400.
[20:43:46] > .Kenku1001 buy x64 Iron block to Seris00 for $22,400.
[20:43:51] > .Kenku1001 buy x32 Iron block to Seris00 for $11,200.
[20:43:55] > .Kenku1001 buy x32 Iron block to Seris00 for $11,200.
[20:44:52] > giyahnpogi remove x1 §f§l§x§F§C§D§0§5§CW§x§F§A§A§6§4§Au§x§F§8§7§D§3§7k§x§F§7§5§3§2§5o§x§F§5§2§A§1§2n§x§F§3§0§0§0§0g§x§F§5§2§A§1§2 §x§F§7§5§3§2§5C§x§F§8§7§D§3§7l§x§F§A§A§6§4§Au§x§F§C§D§0§5§Cb from buy
[20:45:22] > TostyZura added x42 Melon in auction for 20.
[20:45:26] > MrZyrus7228 buy x42 Melon to TostyZura for $20.
[20:45:35] > MrZyrus7228 remove x42 Melon from buy
[20:46:16] > mae added x1 Elytra in auction for 10.
[20:46:18] > TostyZura buy x1 Elytra to mae for $10.
[20:46:26] > .Kenku1001 remove x17 §x§C§9§A§7§F§C§lL§x§B§D§A§E§F§6§le§x§B§1§B§4§F§0§lg§x§A§6§B§B§E§A§le§x§9§A§C§1§E§4§ln§x§8§E§C§8§D§D§ld§x§8§2§C§E§D§7§la§x§7§7§D§5§D§1§lr§x§6§B§D§B§C§B§ly §x§6§B§D§B§C§B§lC§x§7§7§D§5§D§1§lr§x§8§2§C§E§D§7§la§x§8§E§C§8§D§D§lt§x§9§A§C§1§E§4§le §x§B§1§B§4§F§0§lK§x§B§D§A§E§F§6§le§x§C§9§A§7§F§C§ly from buy
[20:46:27] > .Kenku1001 remove x64 Iron block from buy
[20:46:27] > Forcebenzz remove x1 §eᴡɪᴛʜᴇʀ ꜱᴋᴇʟᴇᴛᴏɴ ꜱᴘᴀᴡɴᴇʀ from buy
[20:46:27] > .Kenku1001 remove x64 Iron block from buy
[20:46:27] > .Kenku1001 remove x64 Iron block from buy
[20:46:27] > .Kenku1001 remove x64 Iron block from buy
[20:46:28] > .Kenku1001 remove x32 Iron block from buy
[20:46:28] > .Kenku1001 remove x32 Iron block from buy
[20:46:36] > TostyZura remove x1 Elytra from buy
[20:47:44] > TostyZura added x1 §fMedieval Hat in auction for 100.
[20:47:50] > grit_zy buy x1 §fMedieval Hat to TostyZura for $100.
[20:47:54] > grit_zy remove x1 §fMedieval Hat from buy
[20:47:55] > grit_zy remove x64 Iron block from buy
[20:47:55] > grit_zy remove x1 §x§C§9§A§7§F§C§lL§x§B§D§A§E§F§6§le§x§B§1§B§4§F§0§lg§x§A§6§B§B§E§A§le§x§9§A§C§1§E§4§ln§x§8§E§C§8§D§D§ld§x§8§2§C§E§D§7§la§x§7§7§D§5§D§1§lr§x§6§B§D§B§C§B§ly §x§6§B§D§B§C§B§lC§x§7§7§D§5§D§1§lr§x§8§2§C§E§D§7§la§x§8§E§C§8§D§D§lt§x§9§A§C§1§E§4§le §x§B§1§B§4§F§0§lK§x§B§D§A§E§F§6§le§x§C§9§A§7§F§C§ly from buy
[20:47:55] > grit_zy remove x64 Iron block from buy
[20:47:56] > grit_zy remove x64 Iron block from buy
[20:47:56] > grit_zy remove x64 Iron block from buy
[20:48:13] > Forcebenzz added x1 §x§F§F§3§E§0§0§lD§x§F§F§3§6§0§0§le§x§F§F§2§F§0§0§lm§x§F§F§2§7§0§0§lo§x§F§F§1§F§0§0§ln §x§F§F§1§0§0§0§lL§x§F§F§0§8§0§0§lo§x§F§F§0§0§0§0§lr§x§F§F§0§8§0§0§ld §x§F§F§1§7§0§0§lS§x§F§F§1§F§0§0§lh§x§F§F§2§7§0§0§lo§x§F§F§2§F§0§0§lv§x§F§F§3§6§0§0§le§x§F§F§3§E§0§0§ll in auction for 100000.
[20:48:29] > mae added x7 §x§F§F§3§E§0§0§lD§x§F§F§3§7§0§0§le§x§F§F§3§0§0§0§lm§x§F§F§2§9§0§0§lo§x§F§F§2§2§0§0§ln §x§F§F§1§5§0§0§lL§x§F§F§0§E§0§0§lo§x§F§F§0§7§0§0§lr§x§F§F§0§0§0§0§ld §x§F§F§0§E§0§0§lF§x§F§F§1§5§0§0§lr§x§F§F§1§C§0§0§la§x§F§F§2§2§0§0§lg§x§F§F§2§9§0§0§lm§x§F§F§3§0§0§0§le§x§F§F§3§7§0§0§ln§x§F§F§3§E§0§0§lt in auction for 550000.
[20:50:05] > mae remove x7 §x§F§F§3§E§0§0§lD§x§F§F§3§7§0§0§le§x§F§F§3§0§0§0§lm§x§F§F§2§9§0§0§lo§x§F§F§2§2§0§0§ln §x§F§F§1§5§0§0§lL§x§F§F§0§E§0§0§lo§x§F§F§0§7§0§0§lr§x§F§F§0§0§0§0§ld §x§F§F§0§E§0§0§lF§x§F§F§1§5§0§0§lr§x§F§F§1§C§0§0§la§x§F§F§2§2§0§0§lg§x§F§F§2§9§0§0§lm§x§F§F§3§0§0§0§le§x§F§F§3§7§0§0§ln§x§F§F§3§E§0§0§lt from storage
[20:50:05] > Rain_Reinn added x4 §x§F§F§3§E§0§0§lD§x§F§F§3§7§0§0§le§x§F§F§3§0§0§0§lm§x§F§F§2§9§0§0§lo§x§F§F§2§2§0§0§ln §x§F§F§1§5§0§0§lL§x§F§F§0§E§0§0§lo§x§F§F§0§7§0§0§lr§x§F§F§0§0§0§0§ld §x§F§F§0§E§0§0§lF§x§F§F§1§5§0§0§lr§x§F§F§1§C§0§0§la§x§F§F§2§2§0§0§lg§x§F§F§2§9§0§0§lm§x§F§F§3§0§0§0§le§x§F§F§3§7§0§0§ln§x§F§F§3§E§0§0§lt in auction for 400000.
[20:50:17] > minecraft buy x4 §x§F§F§3§E§0§0§lD§x§F§F§3§7§0§0§le§x§F§F§3§0§0§0§lm§x§F§F§2§9§0§0§lo§x§F§F§2§2§0§0§ln §x§F§F§1§5§0§0§lL§x§F§F§0§E§0§0§lo§x§F§F§0§7§0§0§lr§x§F§F§0§0§0§0§ld §x§F§F§0§E§0§0§lF§x§F§F§1§5§0§0§lr§x§F§F§1§C§0§0§la§x§F§F§2§2§0§0§lg§x§F§F§2§9§0§0§lm§x§F§F§3§0§0§0§le§x§F§F§3§7§0§0§ln§x§F§F§3§E§0§0§lt to Rain_Reinn for $400,000.
[20:50:25] > mae remove x7 §x§F§F§3§E§0§0§lD§x§F§F§3§7§0§0§le§x§F§F§3§0§0§0§lm§x§F§F§2§9§0§0§lo§x§F§F§2§2§0§0§ln §x§F§F§1§5§0§0§lL§x§F§F§0§E§0§0§lo§x§F§F§0§7§0§0§lr§x§F§F§0§0§0§0§ld §x§F§F§0§E§0§0§lF§x§F§F§1§5§0§0§lr§x§F§F§1§C§0§0§la§x§F§F§2§2§0§0§lg§x§F§F§2§9§0§0§lm§x§F§F§3§0§0§0§le§x§F§F§3§7§0§0§ln§x§F§F§3§E§0§0§lt from expire
[20:50:28] > Keenorana remove x1 §x§F§F§5§5§0§0§lsᴇʟʟᴡᴀɴᴅ §6- 5.0x from storage
[20:50:45] > Keenorana added x1 §x§F§F§5§5§0§0§lsᴇʟʟᴡᴀɴᴅ §6- 5.0x in auction for 400000.
[20:50:53] > Runz buy x1 §x§F§F§5§5§0§0§lsᴇʟʟᴡᴀɴᴅ §6- 5.0x to Keenorana for $400,000.
[20:52:06] > minecraft remove x4 §x§F§F§3§E§0§0§lD§x§F§F§3§7§0§0§le§x§F§F§3§0§0§0§lm§x§F§F§2§9§0§0§lo§x§F§F§2§2§0§0§ln §x§F§F§1§5§0§0§lL§x§F§F§0§E§0§0§lo§x§F§F§0§7§0§0§lr§x§F§F§0§0§0§0§ld §x§F§F§0§E§0§0§lF§x§F§F§1§5§0§0§lr§x§F§F§1§C§0§0§la§x§F§F§2§2§0§0§lg§x§F§F§2§9§0§0§lm§x§F§F§3§0§0§0§le§x§F§F§3§7§0§0§ln§x§F§F§3§E§0§0§lt from buy
[20:52:15] > Runz remove x1 §x§F§F§5§5§0§0§lsᴇʟʟᴡᴀɴᴅ §6- 5.0x from buy
[21:00:44] > .Kenku1001 added x5 §x§C§9§A§7§F§C§lL§x§B§D§A§E§F§6§le§x§B§1§B§4§F§0§lg§x§A§6§B§B§E§A§le§x§9§A§C§1§E§4§ln§x§8§E§C§8§D§D§ld§x§8§2§C§E§D§7§la§x§7§7§D§5§D§1§lr§x§6§B§D§B§C§B§ly §x§6§B§D§B§C§B§lC§x§7§7§D§5§D§1§lr§x§8§2§C§E§D§7§la§x§8§E§C§8§D§D§lt§x§9§A§C§1§E§4§le §x§B§1§B§4§F§0§lK§x§B§D§A§E§F§6§le§x§C§9§A§7§F§C§ly in auction for 200000.
[21:04:02] > Unforce01 remove x1 §x§F§F§5§5§0§0§lsᴇʟʟᴡᴀɴᴅ §6- 5.0x from storage
[21:04:13] > Unforce01 remove x1 §2Franck from storage
[21:04:36] > Unforce01 added x1 §x§F§F§5§5§0§0§lsᴇʟʟᴡᴀɴᴅ §6- 5.0x in auction for 400000.
[21:04:42] > Runz buy x1 §x§F§F§5§5§0§0§lsᴇʟʟᴡᴀɴᴅ §6- 5.0x to Unforce01 for $400,000.
[21:04:50] > Unforce01 added x1 §2Franck in auction for 10000.
[21:05:13] > Runz remove x1 §x§F§F§5§5§0§0§lsᴇʟʟᴡᴀɴᴅ §6- 5.0x from buy
[21:09:45] > TostyZura added x1 ⓊⓉⓄⓉ in auction for 10.
[21:13:10] > .BoredSwing20 added x1 §f§l§x§F§C§D§0§5§CW§x§F§B§A§D§4§Du§x§F§9§8§B§3§Dk§x§F§8§6§8§2§Eo§x§F§6§4§5§1§Fn§x§F§5§2§3§0§Fg§x§F§3§0§0§0§0 §x§F§5§2§3§0§FD§x§F§6§4§5§1§Fa§x§F§8§6§8§2§Eg§x§F§9§8§B§3§Dg§x§F§B§A§D§4§De§x§F§C§D§0§5§Cr in auction for 50000.
[21:17:25] > Fr4gzzz remove x1 §x§E§5§1§B§1§B§lDracula Bow from storage
[21:18:58] > Fr4gzzz added x1 §x§E§5§1§B§1§B§lDracula Bow in auction for 200000.
[21:19:37] > king_ARK added x32 Breeze rod in auction for 100000.
[21:19:41] > Raylii buy x32 Breeze rod to king_ARK for $100,000.
[21:20:56] > Raylii remove x32 Breeze rod from buy
[21:40:21] > kopo555 added x1 §x§F§F§5§5§0§0§lsᴇʟʟᴡᴀɴᴅ §6- 10.0x in auction for 800000.
[21:40:30] > Artdeh buy x1 §x§F§F§5§5§0§0§lsᴇʟʟᴡᴀɴᴅ §6- 10.0x to kopo555 for $800,000.
[21:40:37] > kopo555 added x1 §x§F§F§5§5§0§0§lsᴇʟʟᴡᴀɴᴅ §6- 10.0x in auction for 800000.
[21:40:38] > Artdeh remove x1 §eᴄᴏᴡ sᴘᴀᴡɴᴇʀ from buy
[21:40:38] > Artdeh remove x2 §x§C§9§A§7§F§C§lL§x§B§D§A§E§F§6§le§x§B§1§B§4§F§0§lg§x§A§6§B§B§E§A§le§x§9§A§C§1§E§4§ln§x§8§E§C§8§D§D§ld§x§8§2§C§E§D§7§la§x§7§7§D§5§D§1§lr§x§6§B§D§B§C§B§ly §x§6§B§D§B§C§B§lC§x§7§7§D§5§D§1§lr§x§8§2§C§E§D§7§la§x§8§E§C§8§D§D§lt§x§9§A§C§1§E§4§le §x§B§1§B§4§F§0§lK§x§B§D§A§E§F§6§le§x§C§9§A§7§F§C§ly from buy
[21:40:39] > Artdeh remove x1 Dragon head from buy
[21:40:39] > Artdeh remove x1 §x§F§F§5§5§0§0§lsᴇʟʟᴡᴀɴᴅ §6- 10.0x from buy
[21:40:41] > KnownasTravis buy x1 §x§F§F§5§5§0§0§lsᴇʟʟᴡᴀɴᴅ §6- 10.0x to kopo555 for $800,000.
[21:40:56] > kopo555 added x1 §x§F§F§5§5§0§0§lsᴇʟʟᴡᴀɴᴅ §6- 5.0x in auction for 400000.
[21:41:01] > KnownasTravis buy x1 §x§F§F§5§5§0§0§lsᴇʟʟᴡᴀɴᴅ §6- 5.0x to kopo555 for $400,000.
[21:43:06] > x1 §f§l§x§F§A§0§0§0§AD§x§F§A§2§A§1§Aa§x§F§B§5§3§2§Br§x§F§B§7§D§3§Bk§x§F§C§A§6§4§Cf§x§F§C§D§0§5§Cl§x§F§C§D§0§5§Ca§x§F§C§A§D§4§Em§x§F§B§8§B§4§1e§x§F§B§6§8§3§3 §x§F§B§4§5§2§5A§x§F§A§2§3§1§8x§x§F§A§0§0§0§Ae on sale by imnectarfr has just expired, it goes in the inventory of expired items.
[21:43:38] > mae added x4 §x§F§F§3§E§0§0§lD§x§F§F§3§7§0§0§le§x§F§F§3§0§0§0§lm§x§F§F§2§9§0§0§lo§x§F§F§2§2§0§0§ln §x§F§F§1§5§0§0§lL§x§F§F§0§E§0§0§lo§x§F§F§0§7§0§0§lr§x§F§F§0§0§0§0§ld §x§F§F§0§E§0§0§lF§x§F§F§1§5§0§0§lr§x§F§F§1§C§0§0§la§x§F§F§2§2§0§0§lg§x§F§F§2§9§0§0§lm§x§F§F§3§0§0§0§le§x§F§F§3§7§0§0§ln§x§F§F§3§E§0§0§lt in auction for 150000.
[21:44:24] > st3ph426 added x1 §f§l§x§F§C§D§0§5§CW§x§F§B§A§D§4§Du§x§F§9§8§B§3§Dk§x§F§8§6§8§2§Eo§x§F§6§4§5§1§Fn§x§F§5§2§3§0§Fg§x§F§3§0§0§0§0 §x§F§5§2§3§0§FH§x§F§6§4§5§1§Fe§x§F§8§6§8§2§El§x§F§9§8§B§3§Dm§x§F§B§A§D§4§De§x§F§C§D§0§5§Ct in auction for 100000.
[21:44:34] > SoulessBaron buy x1 §f§l§x§F§C§D§0§5§CW§x§F§B§A§D§4§Du§x§F§9§8§B§3§Dk§x§F§8§6§8§2§Eo§x§F§6§4§5§1§Fn§x§F§5§2§3§0§Fg§x§F§3§0§0§0§0 §x§F§5§2§3§0§FH§x§F§6§4§5§1§Fe§x§F§8§6§8§2§El§x§F§9§8§B§3§Dm§x§F§B§A§D§4§De§x§F§C§D§0§5§Ct to st3ph426 for $100,000.
[21:46:45] > Seris00 added x1 §x§F§F§3§E§0§0§lD§x§F§F§3§7§0§0§le§x§F§F§3§0§0§0§lm§x§F§F§2§9§0§0§lo§x§F§F§2§2§0§0§ln §x§F§F§1§5§0§0§lL§x§F§F§0§E§0§0§lo§x§F§F§0§7§0§0§lr§x§F§F§0§0§0§0§ld §x§F§F§0§E§0§0§lL§x§F§F§1§5§0§0§le§x§F§F§1§C§0§0§lg§x§F§F§2§2§0§0§lg§x§F§F§2§9§0§0§li§x§F§F§3§0§0§0§ln§x§F§F§3§7§0§0§lg§x§F§F§3§E§0§0§ls in auction for 200000.
[21:46:56] > JullianHuH buy x4 §x§F§F§3§E§0§0§lD§x§F§F§3§7§0§0§le§x§F§F§3§0§0§0§lm§x§F§F§2§9§0§0§lo§x§F§F§2§2§0§0§ln §x§F§F§1§5§0§0§lL§x§F§F§0§E§0§0§lo§x§F§F§0§7§0§0§lr§x§F§F§0§0§0§0§ld §x§F§F§0§E§0§0§lF§x§F§F§1§5§0§0§lr§x§F§F§1§C§0§0§la§x§F§F§2§2§0§0§lg§x§F§F§2§9§0§0§lm§x§F§F§3§0§0§0§le§x§F§F§3§7§0§0§ln§x§F§F§3§E§0§0§lt to mae for $150,000.
[21:46:59] > Seris00 added x1 §x§F§F§3§E§0§0§lD§x§F§F§3§6§0§0§le§x§F§F§2§F§0§0§lm§x§F§F§2§7§0§0§lo§x§F§F§1§F§0§0§ln §x§F§F§1§0§0§0§lL§x§F§F§0§8§0§0§lo§x§F§F§0§0§0§0§lr§x§F§F§0§8§0§0§ld §x§F§F§1§7§0§0§lH§x§F§F§1§F§0§0§le§x§F§F§2§7§0§0§ll§x§F§F§2§F§0§0§lm§x§F§F§3§6§0§0§le§x§F§F§3§E§0§0§lt in auction for 150000.
[21:47:17] > Seris00 added x1 §x§F§F§3§E§0§0§lD§x§F§F§3§7§0§0§le§x§F§F§3§0§0§0§lm§x§F§F§2§9§0§0§lo§x§F§F§2§2§0§0§ln §x§F§F§1§5§0§0§lL§x§F§F§0§E§0§0§lo§x§F§F§0§7§0§0§lr§x§F§F§0§0§0§0§ld §x§F§F§0§E§0§0§lL§x§F§F§1§5§0§0§le§x§F§F§1§C§0§0§lg§x§F§F§2§2§0§0§lg§x§F§F§2§9§0§0§li§x§F§F§3§0§0§0§ln§x§F§F§3§7§0§0§lg§x§F§F§3§E§0§0§ls in auction for 150000.
[21:52:13] > kopo555 added x1 §x§F§F§5§5§0§0§lsᴇʟʟᴡᴀɴᴅ §6- 5.0x in auction for 400000.
[21:52:18] > Abbadex buy x1 §x§F§F§5§5§0§0§lsᴇʟʟᴡᴀɴᴅ §6- 5.0x to kopo555 for $400,000.
[21:52:30] > kopo555 added x1 §x§F§F§5§5§0§0§lsᴇʟʟᴡᴀɴᴅ §6- 5.0x in auction for 400000.
[21:52:33] > Teshii added x1 §x§F§C§9§0§5§C§lE§x§E§6§9§C§6§B§lp§x§C§F§A§7§7§A§li§x§B§9§B§3§8§9§lc §x§8§C§C§B§A§7§lC§x§7§5§D§6§B§6§lr§x§5§F§E§2§C§5§la§x§7§9§D§4§B§4§lt§x§9§3§C§7§A§2§le §x§C§8§A§B§7§F§lK§x§E§2§9§E§6§E§le§x§F§C§9§0§5§C§ly in auction for 10.
[21:52:34] > king_ARK buy x1 §x§F§F§5§5§0§0§lsᴇʟʟᴡᴀɴᴅ §6- 5.0x to kopo555 for $400,000.
[21:52:40] > Seris00 added x32 Redstone block in auction for 48000.
[21:52:53] > king_ARK remove x1 §x§F§F§5§5§0§0§lsᴇʟʟᴡᴀɴᴅ §6- 5.0x from buy
[21:52:54] > king_ARK remove x1 §x§F§F§5§5§0§0§lsᴇʟʟᴡᴀɴᴅ §6- 5.0x from buy
[21:52:54] > king_ARK remove x1 §x§F§F§5§5§0§0§lsᴇʟʟᴡᴀɴᴅ §6- 5.0x from buy
[21:52:55] > king_ARK remove x1 §x§F§0§7§A§5§4§lZombie Apocalyptic Bow from buy
[21:52:55] > Seris00 added x32 Redstone block in auction for 48000.
[21:54:02] > Seris00 buy x1 §x§F§C§9§0§5§C§lE§x§E§6§9§C§6§B§lp§x§C§F§A§7§7§A§li§x§B§9§B§3§8§9§lc §x§8§C§C§B§A§7§lC§x§7§5§D§6§B§6§lr§x§5§F§E§2§C§5§la§x§7§9§D§4§B§4§lt§x§9§3§C§7§A§2§le §x§C§8§A§B§7§F§lK§x§E§2§9§E§6§E§le§x§F§C§9§0§5§C§ly to Teshii for $10.
[22:05:53] > JullianHuH remove x4 §x§F§F§3§E§0§0§lD§x§F§F§3§7§0§0§le§x§F§F§3§0§0§0§lm§x§F§F§2§9§0§0§lo§x§F§F§2§2§0§0§ln §x§F§F§1§5§0§0§lL§x§F§F§0§E§0§0§lo§x§F§F§0§7§0§0§lr§x§F§F§0§0§0§0§ld §x§F§F§0§E§0§0§lF§x§F§F§1§5§0§0§lr§x§F§F§1§C§0§0§la§x§F§F§2§2§0§0§lg§x§F§F§2§9§0§0§lm§x§F§F§3§0§0§0§le§x§F§F§3§7§0§0§ln§x§F§F§3§E§0§0§lt from buy
[22:09:16] > kopo555 buy x32 Redstone block to Seris00 for $48,000.
[22:09:17] > kopo555 buy x32 Redstone block to Seris00 for $48,000.
[22:15:44] > Abbadex remove x1 §x§F§F§5§5§0§0§lsᴇʟʟᴡᴀɴᴅ §6- 5.0x from buy
[22:15:44] > Abbadex remove x1 §x§F§F§5§5§0§0§lsᴇʟʟᴡᴀɴᴅ §6- 5.0x from buy
[22:26:36] > .Kenku1001 buy x1 §x§F§F§3§E§0§0§lD§x§F§F§3§5§0§0§le§x§F§F§2§C§0§0§lm§x§F§F§2§3§0§0§lo§x§F§F§1§B§0§0§ln §x§F§F§0§9§0§0§lL§x§F§F§0§0§0§0§lo§x§F§F§0§A§0§0§lr§x§F§F§1§5§0§0§ld §x§F§F§2§9§0§0§lH§x§F§F§3§4§0§0§lo§x§F§F§3§E§0§0§le to KEITHTHEPRO for $100,000.
[22:32:52] > SoulessBaron remove x1 §f§l§x§F§C§D§0§5§CW§x§F§B§A§D§4§Du§x§F§9§8§B§3§Dk§x§F§8§6§8§2§Eo§x§F§6§4§5§1§Fn§x§F§5§2§3§0§Fg§x§F§3§0§0§0§0 §x§F§5§2§3§0§FH§x§F§6§4§5§1§Fe§x§F§8§6§8§2§El§x§F§9§8§B§3§Dm§x§F§B§A§D§4§De§x§F§C§D§0§5§Ct from buy
[22:34:03] > .Kenku1001 remove x1 §x§F§F§3§E§0§0§lD§x§F§F§3§5§0§0§le§x§F§F§2§C§0§0§lm§x§F§F§2§3§0§0§lo§x§F§F§1§B§0§0§ln §x§F§F§0§9§0§0§lL§x§F§F§0§0§0§0§lo§x§F§F§0§A§0§0§lr§x§F§F§1§5§0§0§ld §x§F§F§2§9§0§0§lH§x§F§F§3§4§0§0§lo§x§F§F§3§E§0§0§le from buy
[22:35:39] > x1 §fShogun Staff, item of Fenycra2010, has just expired, the item is definitively deleted.
[22:35:39] > x1 §x§5§9§A§1§D§9§lA§x§7§5§B§1§D§Fr§x§9§0§C§0§E§6c§x§A§C§D§0§E§Ch§x§C§8§E§0§F§2a§x§E§3§E§F§F§9n§fg§x§E§3§E§F§F§9e§x§C§8§E§0§F§2l §x§9§0§C§0§E§6H§x§7§5§B§1§D§Fo§x§5§9§A§1§D§9e, item of azi, has just expired, the item is definitively deleted.
[22:35:39] > x1 §x§5§9§A§1§D§9§lA§x§7§5§B§1§D§Fr§x§9§0§C§0§E§6c§x§A§C§D§0§E§Ch§x§C§8§E§0§F§2a§x§E§3§E§F§F§9n§fg§x§E§3§E§F§F§9e§x§C§8§E§0§F§2l §x§9§0§C§0§E§6H§x§7§5§B§1§D§Fo§x§5§9§A§1§D§9e, item of azi, has just expired, the item is definitively deleted.
[22:49:57] > Seris00 added x32 Redstone block in auction for 48000.
[22:50:08] > Seris00 added x32 Redstone block in auction for 48000.
[22:54:14] > Seris00 added x32 Redstone block in auction for 48000.
[22:54:28] > Seris00 added x32 Redstone block in auction for 48000.
[22:59:19] > KnownasTravis remove x1 §x§F§F§5§5§0§0§lsᴇʟʟᴡᴀɴᴅ §6- 5.0x from buy
[22:59:20] > KnownasTravis remove x1 §x§F§F§5§5§0§0§lsᴇʟʟᴡᴀɴᴅ §6- 10.0x from buy
[23:00:04] > x64 Emerald on sale by MonsterIsBetter has just expired, it goes in the inventory of expired items.
[23:00:23] > st3ph426 buy x1 §f§l§x§F§C§D§0§5§CW§x§F§A§A§6§4§Au§x§F§8§7§D§3§7k§x§F§7§5§3§2§5o§x§F§5§2§A§1§2n§x§F§3§0§0§0§0g§x§F§5§2§A§1§2 §x§F§7§5§3§2§5C§x§F§8§7§D§3§7l§x§F§A§A§6§4§Au§x§F§C§D§0§5§Cb to .SharkyisHungry for $350,000.
[23:00:35] > st3ph426 remove x1 §f§l§x§F§C§D§0§5§CW§x§F§A§A§6§4§Au§x§F§8§7§D§3§7k§x§F§7§5§3§2§5o§x§F§5§2§A§1§2n§x§F§3§0§0§0§0g§x§F§5§2§A§1§2 §x§F§7§5§3§2§5C§x§F§8§7§D§3§7l§x§F§A§A§6§4§Au§x§F§C§D§0§5§Cb from buy
[23:11:44] > KEITHTHEPRO buy x1 §x§F§0§7§A§5§4§lZombie Apocalyptic Halberd to subscrownic for $125,001.
[23:12:06] > KEITHTHEPRO remove x1 §x§F§0§7§A§5§4§lZombie Apocalyptic Halberd from buy
[23:13:39] > x1 §aCthulhu on sale by MonsterIsBetter has just expired, it goes in the inventory of expired items.
[23:24:51] > SoulessBaron buy x32 Redstone block to Seris00 for $48,000.
[23:25:04] > SoulessBaron buy x1 End Portal Frame to Forcebenzz for $10.
[23:25:41] > Unforce01 buy x5 §x§C§9§A§7§F§C§lL§x§B§D§A§E§F§6§le§x§B§1§B§4§F§0§lg§x§A§6§B§B§E§A§le§x§9§A§C§1§E§4§ln§x§8§E§C§8§D§D§ld§x§8§2§C§E§D§7§la§x§7§7§D§5§D§1§lr§x§6§B§D§B§C§B§ly §x§6§B§D§B§C§B§lC§x§7§7§D§5§D§1§lr§x§8§2§C§E§D§7§la§x§8§E§C§8§D§D§lt§x§9§A§C§1§E§4§le §x§B§1§B§4§F§0§lK§x§B§D§A§E§F§6§le§x§C§9§A§7§F§C§ly to .Kenku1001 for $200,000.
[23:25:54] > SoulessBaron buy x1 §f§l§x§F§C§D§0§5§CW§x§F§B§A§D§4§Du§x§F§9§8§B§3§Dk§x§F§8§6§8§2§Eo§x§F§6§4§5§1§Fn§x§F§5§2§3§0§Fg§x§F§3§0§0§0§0 §x§F§5§2§3§0§FD§x§F§6§4§5§1§Fa§x§F§8§6§8§2§Eg§x§F§9§8§B§3§Dg§x§F§B§A§D§4§De§x§F§C§D§0§5§Cr to .BoredSwing20 for $50,000.
[23:26:20] > Unforce01 buy x1 §x§F§F§3§E§0§0§lD§x§F§F§3§7§0§0§le§x§F§F§3§0§0§0§lm§x§F§F§2§9§0§0§lo§x§F§F§2§2§0§0§ln §x§F§F§1§5§0§0§lL§x§F§F§0§E§0§0§lo§x§F§F§0§7§0§0§lr§x§F§F§0§0§0§0§ld §x§F§F§0§E§0§0§lF§x§F§F§1§5§0§0§lr§x§F§F§1§C§0§0§la§x§F§F§2§2§0§0§lg§x§F§F§2§9§0§0§lm§x§F§F§3§0§0§0§le§x§F§F§3§7§0§0§ln§x§F§F§3§E§0§0§lt to Abbadex for $150,000.
[23:26:26] > Unforce01 remove x5 §x§C§9§A§7§F§C§lL§x§B§D§A§E§F§6§le§x§B§1§B§4§F§0§lg§x§A§6§B§B§E§A§le§x§9§A§C§1§E§4§ln§x§8§E§C§8§D§D§ld§x§8§2§C§E§D§7§la§x§7§7§D§5§D§1§lr§x§6§B§D§B§C§B§ly §x§6§B§D§B§C§B§lC§x§7§7§D§5§D§1§lr§x§8§2§C§E§D§7§la§x§8§E§C§8§D§D§lt§x§9§A§C§1§E§4§le §x§B§1§B§4§F§0§lK§x§B§D§A§E§F§6§le§x§C§9§A§7§F§C§ly form buy
[23:26:26] > Unforce01 remove x1 §x§F§F§3§E§0§0§lD§x§F§F§3§7§0§0§le§x§F§F§3§0§0§0§lm§x§F§F§2§9§0§0§lo§x§F§F§2§2§0§0§ln §x§F§F§1§5§0§0§lL§x§F§F§0§E§0§0§lo§x§F§F§0§7§0§0§lr§x§F§F§0§0§0§0§ld §x§F§F§0§E§0§0§lF§x§F§F§1§5§0§0§lr§x§F§F§1§C§0§0§la§x§F§F§2§2§0§0§lg§x§F§F§2§9§0§0§lm§x§F§F§3§0§0§0§le§x§F§F§3§7§0§0§ln§x§F§F§3§E§0§0§lt form buy
[23:26:41] > Unforce01 buy x2 §x§C§9§A§7§F§C§lL§x§B§D§A§E§F§6§le§x§B§1§B§4§F§0§lg§x§A§6§B§B§E§A§le§x§9§A§C§1§E§4§ln§x§8§E§C§8§D§D§ld§x§8§2§C§E§D§7§la§x§7§7§D§5§D§1§lr§x§6§B§D§B§C§B§ly §x§6§B§D§B§C§B§lC§x§7§7§D§5§D§1§lr§x§8§2§C§E§D§7§la§x§8§E§C§8§D§D§lt§x§9§A§C§1§E§4§le §x§B§1§B§4§F§0§lK§x§B§D§A§E§F§6§le§x§C§9§A§7§F§C§ly to Runz for $100,000.
[23:26:43] > Unforce01 buy x2 §x§C§9§A§7§F§C§lL§x§B§D§A§E§F§6§le§x§B§1§B§4§F§0§lg§x§A§6§B§B§E§A§le§x§9§A§C§1§E§4§ln§x§8§E§C§8§D§D§ld§x§8§2§C§E§D§7§la§x§7§7§D§5§D§1§lr§x§6§B§D§B§C§B§ly §x§6§B§D§B§C§B§lC§x§7§7§D§5§D§1§lr§x§8§2§C§E§D§7§la§x§8§E§C§8§D§D§lt§x§9§A§C§1§E§4§le §x§B§1§B§4§F§0§lK§x§B§D§A§E§F§6§le§x§C§9§A§7§F§C§ly to Runz for $100,000.
[23:26:46] > Unforce01 buy x2 §x§C§9§A§7§F§C§lL§x§B§D§A§E§F§6§le§x§B§1§B§4§F§0§lg§x§A§6§B§B§E§A§le§x§9§A§C§1§E§4§ln§x§8§E§C§8§D§D§ld§x§8§2§C§E§D§7§la§x§7§7§D§5§D§1§lr§x§6§B§D§B§C§B§ly §x§6§B§D§B§C§B§lC§x§7§7§D§5§D§1§lr§x§8§2§C§E§D§7§la§x§8§E§C§8§D§D§lt§x§9§A§C§1§E§4§le §x§B§1§B§4§F§0§lK§x§B§D§A§E§F§6§le§x§C§9§A§7§F§C§ly to Runz for $100,000.
[23:26:49] > Puffingsponge added x1 §x§C§9§A§7§F§C§lL§x§B§D§A§E§F§6§le§x§B§1§B§4§F§0§lg§x§A§6§B§B§E§A§le§x§9§A§C§1§E§4§ln§x§8§E§C§8§D§D§ld§x§8§2§C§E§D§7§la§x§7§7§D§5§D§1§lr§x§6§B§D§B§C§B§ly §x§6§B§D§B§C§B§lC§x§7§7§D§5§D§1§lr§x§8§2§C§E§D§7§la§x§8§E§C§8§D§D§lt§x§9§A§C§1§E§4§le §x§B§1§B§4§F§0§lK§x§B§D§A§E§F§6§le§x§C§9§A§7§F§C§ly in auction for 10.
[23:26:56] > Unforce01 buy x1 §x§C§9§A§7§F§C§lL§x§B§D§A§E§F§6§le§x§B§1§B§4§F§0§lg§x§A§6§B§B§E§A§le§x§9§A§C§1§E§4§ln§x§8§E§C§8§D§D§ld§x§8§2§C§E§D§7§la§x§7§7§D§5§D§1§lr§x§6§B§D§B§C§B§ly §x§6§B§D§B§C§B§lC§x§7§7§D§5§D§1§lr§x§8§2§C§E§D§7§la§x§8§E§C§8§D§D§lt§x§9§A§C§1§E§4§le §x§B§1§B§4§F§0§lK§x§B§D§A§E§F§6§le§x§C§9§A§7§F§C§ly to Puffingsponge for $10.
[23:27:02] > Unforce01 remove x1 §x§C§9§A§7§F§C§lL§x§B§D§A§E§F§6§le§x§B§1§B§4§F§0§lg§x§A§6§B§B§E§A§le§x§9§A§C§1§E§4§ln§x§8§E§C§8§D§D§ld§x§8§2§C§E§D§7§la§x§7§7§D§5§D§1§lr§x§6§B§D§B§C§B§ly §x§6§B§D§B§C§B§lC§x§7§7§D§5§D§1§lr§x§8§2§C§E§D§7§la§x§8§E§C§8§D§D§lt§x§9§A§C§1§E§4§le §x§B§1§B§4§F§0§lK§x§B§D§A§E§F§6§le§x§C§9§A§7§F§C§ly form buy
[23:27:02] > Unforce01 remove x2 §x§C§9§A§7§F§C§lL§x§B§D§A§E§F§6§le§x§B§1§B§4§F§0§lg§x§A§6§B§B§E§A§le§x§9§A§C§1§E§4§ln§x§8§E§C§8§D§D§ld§x§8§2§C§E§D§7§la§x§7§7§D§5§D§1§lr§x§6§B§D§B§C§B§ly §x§6§B§D§B§C§B§lC§x§7§7§D§5§D§1§lr§x§8§2§C§E§D§7§la§x§8§E§C§8§D§D§lt§x§9§A§C§1§E§4§le §x§B§1§B§4§F§0§lK§x§B§D§A§E§F§6§le§x§C§9§A§7§F§C§ly form buy
[23:27:02] > Unforce01 remove x2 §x§C§9§A§7§F§C§lL§x§B§D§A§E§F§6§le§x§B§1§B§4§F§0§lg§x§A§6§B§B§E§A§le§x§9§A§C§1§E§4§ln§x§8§E§C§8§D§D§ld§x§8§2§C§E§D§7§la§x§7§7§D§5§D§1§lr§x§6§B§D§B§C§B§ly §x§6§B§D§B§C§B§lC§x§7§7§D§5§D§1§lr§x§8§2§C§E§D§7§la§x§8§E§C§8§D§D§lt§x§9§A§C§1§E§4§le §x§B§1§B§4§F§0§lK§x§B§D§A§E§F§6§le§x§C§9§A§7§F§C§ly form buy
[23:27:02] > Unforce01 remove x2 §x§C§9§A§7§F§C§lL§x§B§D§A§E§F§6§le§x§B§1§B§4§F§0§lg§x§A§6§B§B§E§A§le§x§9§A§C§1§E§4§ln§x§8§E§C§8§D§D§ld§x§8§2§C§E§D§7§la§x§7§7§D§5§D§1§lr§x§6§B§D§B§C§B§ly §x§6§B§D§B§C§B§lC§x§7§7§D§5§D§1§lr§x§8§2§C§E§D§7§la§x§8§E§C§8§D§D§lt§x§9§A§C§1§E§4§le §x§B§1§B§4§F§0§lK§x§B§D§A§E§F§6§le§x§C§9§A§7§F§C§ly form buy
[23:43:01] > ZenNova_ buy x32 Redstone block to Seris00 for $48,000.
[23:43:03] > ZenNova_ buy x32 Redstone block to Seris00 for $48,000.
[23:43:05] > ZenNova_ buy x32 Redstone block to Seris00 for $48,000.
[23:45:15] > ZenNova_ remove x32 Redstone block from buy
[23:45:15] > ZenNova_ remove x32 Redstone block from buy
[23:45:16] > ZenNova_ remove x32 Redstone block from buy
[23:57:55] > ZAFF added x1 §f§l§x§F§C§D§0§5§CW§x§F§A§A§A§4§Bu§x§F§9§8§4§3§Bk§x§F§7§5§F§2§Ao§x§F§5§3§9§1§9n§x§F§4§1§3§0§8g §x§F§5§3§9§1§9S§x§F§7§5§F§2§Aw§x§F§9§8§4§3§Bo§x§F§A§A§A§4§Br§x§F§C§D§0§5§Cd in auction for 5000.
[23:58:08] > ZAFF added x1 §f§l§x§F§C§D§0§5§CW§x§F§A§A§A§4§Bu§x§F§9§8§4§3§Bk§x§F§7§5§F§2§Ao§x§F§5§3§9§1§9n§x§F§4§1§3§0§8g §x§F§5§3§9§1§9S§x§F§7§5§F§2§Ap§x§F§9§8§4§3§Be§x§F§A§A§A§4§Ba§x§F§C§D§0§5§Cr in auction for 50000.
[23:58:09] > KEITHTHEPRO buy x1 §f§l§x§F§C§D§0§5§CW§x§F§A§A§A§4§Bu§x§F§9§8§4§3§Bk§x§F§7§5§F§2§Ao§x§F§5§3§9§1§9n§x§F§4§1§3§0§8g §x§F§5§3§9§1§9S§x§F§7§5§F§2§Aw§x§F§9§8§4§3§Bo§x§F§A§A§A§4§Br§x§F§C§D§0§5§Cd to ZAFF for $5,000.
[23:58:51] > Ax_ buy x1 §f§l§x§F§C§D§0§5§CW§x§F§A§A§A§4§Bu§x§F§9§8§4§3§Bk§x§F§7§5§F§2§Ao§x§F§5§3§9§1§9n§x§F§4§1§3§0§8g §x§F§5§3§9§1§9S§x§F§7§5§F§2§Ap§x§F§9§8§4§3§Be§x§F§A§A§A§4§Ba§x§F§C§D§0§5§Cr to ZAFF for $50,000.
[23:59:00] > KEITHTHEPRO remove x1 §f§l§x§F§C§D§0§5§CW§x§F§A§A§A§4§Bu§x§F§9§8§4§3§Bk§x§F§7§5§F§2§Ao§x§F§5§3§9§1§9n§x§F§4§1§3§0§8g §x§F§5§3§9§1§9S§x§F§7§5§F§2§Aw§x§F§9§8§4§3§Bo§x§F§A§A§A§4§Br§x§F§C§D§0§5§Cd from buy
[23:59:41] > KEITHTHEPRO added x1 §f§l§x§F§C§D§0§5§CW§x§F§A§A§A§4§Bu§x§F§9§8§4§3§Bk§x§F§7§5§F§2§Ao§x§F§5§3§9§1§9n§x§F§4§1§3§0§8g §x§F§5§3§9§1§9W§x§F§7§5§F§2§Ai§x§F§9§8§4§3§Bn§x§F§A§A§A§4§Bg§x§F§C§D§0§5§Cs in auction for 3000000.
[00:01:55] > Forcebenzz remove x1 §x§F§0§7§A§5§4§lZombie Apocalyptic Pickaxe from buy
[00:02:01] > Forcebenzz remove x1 §x§C§9§A§7§F§C§lL§x§B§D§A§E§F§6§le§x§B§1§B§4§F§0§lg§x§A§6§B§B§E§A§le§x§9§A§C§1§E§4§ln§x§8§E§C§8§D§D§ld§x§8§2§C§E§D§7§la§x§7§7§D§5§D§1§lr§x§6§B§D§B§C§B§ly §x§6§B§D§B§C§B§lC§x§7§7§D§5§D§1§lr§x§8§2§C§E§D§7§la§x§8§E§C§8§D§D§lt§x§9§A§C§1§E§4§le §x§B§1§B§4§F§0§lK§x§B§D§A§E§F§6§le§x§C§9§A§7§F§C§ly from buy
[00:08:11] > Ax_ remove x1 §f§l§x§F§C§D§0§5§CW§x§F§A§A§A§4§Bu§x§F§9§8§4§3§Bk§x§F§7§5§F§2§Ao§x§F§5§3§9§1§9n§x§F§4§1§3§0§8g §x§F§5§3§9§1§9S§x§F§7§5§F§2§Ap§x§F§9§8§4§3§Be§x§F§A§A§A§4§Ba§x§F§C§D§0§5§Cr from buy
[00:22:12] > ZenNova_ buy x8 Phantom membrane to Seris00 for $12,000.
[00:22:36] > ZenNova_ remove x8 Phantom membrane from buy
[00:29:04] > Truk_Harbos buy x1 §2Franck to Unforce01 for $10,000.
[00:30:57] > Truk_Harbos remove x1 §2Franck from buy
[00:40:43] > Truk_Harbos added x64 Stone in auction for 100.
[00:43:24] > BlINDSTEELS buy x1 §x§6§0§0§0§F§F§lɢᴏᴅʟʏ ɪᴛᴇᴍ to celinesanrio for $300,000.
[00:43:28] > BlINDSTEELS remove x1 §x§6§0§0§0§F§F§lɢᴏᴅʟʏ ɪᴛᴇᴍ from buy
[00:44:12] > Truk_Harbos added x64 Stone in auction for 100.
[00:45:32] > Zypher_0w0 added x1 §x§5§C§C§F§F§C§lC§x§5§C§D§1§F§5§lo§x§5§D§D§4§E§E§ls§x§5§D§D§6§E§7§lm§x§5§E§D§9§E§1§le§x§5§E§D§B§D§A§lt§x§5§E§D§D§D§3§li§x§5§F§E§0§C§C§lc §x§5§F§E§0§C§C§lH§x§5§E§D§D§D§3§la§x§5§E§D§B§D§A§lt§x§5§E§D§9§E§1§ls §x§5§D§D§4§E§E§lK§x§5§C§D§1§F§5§le§x§5§C§C§F§F§C§ly in auction for 80000.
[00:45:48] > Zypher_0w0 added x1 §x§5§C§C§F§F§C§lC§x§5§C§D§1§F§5§lo§x§5§D§D§4§E§E§ls§x§5§D§D§6§E§7§lm§x§5§E§D§9§E§1§le§x§5§E§D§B§D§A§lt§x§5§E§D§D§D§3§li§x§5§F§E§0§C§C§lc §x§5§F§E§0§C§C§lH§x§5§E§D§D§D§3§la§x§5§E§D§B§D§A§lt§x§5§E§D§9§E§1§ls §x§5§D§D§4§E§E§lK§x§5§C§D§1§F§5§le§x§5§C§C§F§F§C§ly in auction for 80000.
[00:46:16] > Zypher_0w0 added x1 §x§5§C§C§F§F§C§lC§x§5§C§D§1§F§5§lo§x§5§D§D§4§E§E§ls§x§5§D§D§6§E§7§lm§x§5§E§D§9§E§1§le§x§5§E§D§B§D§A§lt§x§5§E§D§D§D§3§li§x§5§F§E§0§C§C§lc §x§5§F§E§0§C§C§lH§x§5§E§D§D§D§3§la§x§5§E§D§B§D§A§lt§x§5§E§D§9§E§1§ls §x§5§D§D§4§E§E§lK§x§5§C§D§1§F§5§le§x§5§C§C§F§F§C§ly in auction for 80000.
[01:00:29] > HPMR_GaMerz added x1 §x§F§F§3§E§0§0§lD§x§F§F§3§7§0§0§le§x§F§F§3§0§0§0§lm§x§F§F§2§9§0§0§lo§x§F§F§2§2§0§0§ln §x§F§F§1§5§0§0§lL§x§F§F§0§E§0§0§lo§x§F§F§0§7§0§0§lr§x§F§F§0§0§0§0§ld §x§F§F§0§E§0§0§lF§x§F§F§1§5§0§0§lr§x§F§F§1§C§0§0§la§x§F§F§2§2§0§0§lg§x§F§F§2§9§0§0§lm§x§F§F§3§0§0§0§le§x§F§F§3§7§0§0§ln§x§F§F§3§E§0§0§lt in auction for 150000.
[01:00:50] > HPMR_GaMerz added x1 §x§F§F§3§E§0§0§lD§x§F§F§3§7§0§0§le§x§F§F§3§0§0§0§lm§x§F§F§2§9§0§0§lo§x§F§F§2§2§0§0§ln §x§F§F§1§5§0§0§lL§x§F§F§0§E§0§0§lo§x§F§F§0§7§0§0§lr§x§F§F§0§0§0§0§ld §x§F§F§0§E§0§0§lF§x§F§F§1§5§0§0§lr§x§F§F§1§C§0§0§la§x§F§F§2§2§0§0§lg§x§F§F§2§9§0§0§lm§x§F§F§3§0§0§0§le§x§F§F§3§7§0§0§ln§x§F§F§3§E§0§0§lt in auction for 150000.
[01:02:37] > BlackKnight added x1 Enchanted book in auction for 100000.
[01:02:54] > HPMR_GaMerz added x4 §x§F§F§3§E§0§0§lD§x§F§F§3§7§0§0§le§x§F§F§3§0§0§0§lm§x§F§F§2§9§0§0§lo§x§F§F§2§2§0§0§ln §x§F§F§1§5§0§0§lL§x§F§F§0§E§0§0§lo§x§F§F§0§7§0§0§lr§x§F§F§0§0§0§0§ld §x§F§F§0§E§0§0§lF§x§F§F§1§5§0§0§lr§x§F§F§1§C§0§0§la§x§F§F§2§2§0§0§lg§x§F§F§2§9§0§0§lm§x§F§F§3§0§0§0§le§x§F§F§3§7§0§0§ln§x§F§F§3§E§0§0§lt in auction for 400000.
[01:04:53] > HPMR_GaMerz added x1 §x§5§9§A§1§D§9§lA§x§8§3§B§9§E§3r§x§A§C§D§0§E§Cc§x§D§6§E§8§F§6h§fa§x§D§6§E§8§F§6n§x§A§C§D§0§E§Cg§x§8§3§B§9§E§3e§x§5§9§A§1§D§9l Axe in auction for 500000.
[01:11:37] > HPMR_GaMerz remove x1 Emerald ore from storage
[01:11:41] > HPMR_GaMerz added x1 §fFrog Plushie §6(#37/101) in auction for 100000.
[01:16:42] > Artdeh buy x1 §fFrog Plushie §6(#37/101) to HPMR_GaMerz for $100,000.
[01:16:48] > Artdeh remove x1 §fFrog Plushie §6(#37/101) from buy
[01:19:14] > octopus_01 buy x1 §fFlower Hat to Artdeh for $200,000.
[01:19:23] > octopus_01 remove x1 §fFlower Hat from buy
[01:21:42] > octopus_01 added x1 §f§l§x§F§C§D§0§5§CW§x§F§B§B§6§5§1u§x§F§A§9§C§4§5k§x§F§9§8§2§3§Ao§x§F§8§6§8§2§En§x§F§6§4§E§2§3g§x§F§5§3§4§1§7 §x§F§4§1§A§0§CG§x§F§3§0§0§0§0r§x§F§4§1§A§0§Ce§x§F§5§3§4§1§7a§x§F§6§4§E§2§3t§x§F§8§6§8§2§Es§x§F§9§8§2§3§Aw§x§F§A§9§C§4§5o§x§F§B§B§6§5§1r§x§F§C§D§0§5§Cd in auction for 50000.
[01:21:55] > octopus_01 added x1 §f§l§x§F§C§D§0§5§CW§x§F§B§B§0§4§Eu§x§F§9§9§0§4§0k§x§F§8§7§0§3§2o§x§F§6§5§0§2§3n§x§F§5§3§0§1§5g§x§F§4§1§0§0§7 H§x§F§5§3§0§1§5a§x§F§6§5§0§2§3l§x§F§8§7§0§3§2b§x§F§9§9§0§4§0e§x§F§B§B§0§4§Er§x§F§C§D§0§5§Cd in auction for 50000.
[01:21:56] > Artdeh buy x1 §aCthulhu to Cristianndi for $80,000.
[01:22:01] > Artdeh remove x1 §aCthulhu from buy
[01:22:36] > HPMR_GaMerz remove x1 §aCthulhu from buy
[01:22:37] > HPMR_GaMerz remove x1 §2Cauldron Hat from buy
[01:22:38] > HPMR_GaMerz remove x1 §fSun Hat from buy
[01:22:38] > HPMR_GaMerz remove x1 §2Cauldron Hat from buy
[01:22:39] > HPMR_GaMerz remove x1 §2Cauldron Hat from buy
[01:22:40] > HPMR_GaMerz remove x1 §7Cemetery Hat from buy
[01:22:41] > HPMR_GaMerz remove x1 §eMummy Hat from buy
[01:22:41] > HPMR_GaMerz remove x1 §aCthulhu from buy
[01:22:43] > HPMR_GaMerz remove x1 §fSun Visor Hat from buy
[01:32:48] > Puffingsponge added x1 §x§F§C§D§0§5§C§lB§x§E§6§D§3§6§B§la§x§C§F§D§5§7§A§ls§x§B§9§D§8§8§9§li§x§A§2§D§A§9§8§lc §x§7§5§D§F§B§6§lC§x§5§F§E§2§C§5§lr§x§7§5§D§F§B§6§la§x§8§C§D§D§A§7§lt§x§A§2§D§A§9§8§le §x§C§F§D§5§7§A§lK§x§E§6§D§3§6§B§le§x§F§C§D§0§5§C§ly in auction for 10.
[01:32:53] > HPMR_GaMerz buy x1 §x§F§C§D§0§5§C§lB§x§E§6§D§3§6§B§la§x§C§F§D§5§7§A§ls§x§B§9§D§8§8§9§li§x§A§2§D§A§9§8§lc §x§7§5§D§F§B§6§lC§x§5§F§E§2§C§5§lr§x§7§5§D§F§B§6§la§x§8§C§D§D§A§7§lt§x§A§2§D§A§9§8§le §x§C§F§D§5§7§A§lK§x§E§6§D§3§6§B§le§x§F§C§D§0§5§C§ly to Puffingsponge for $10.
[01:33:32] > RedKnight buy x4 §x§F§F§3§E§0§0§lD§x§F§F§3§7§0§0§le§x§F§F§3§0§0§0§lm§x§F§F§2§9§0§0§lo§x§F§F§2§2§0§0§ln §x§F§F§1§5§0§0§lL§x§F§F§0§E§0§0§lo§x§F§F§0§7§0§0§lr§x§F§F§0§0§0§0§ld §x§F§F§0§E§0§0§lF§x§F§F§1§5§0§0§lr§x§F§F§1§C§0§0§la§x§F§F§2§2§0§0§lg§x§F§F§2§9§0§0§lm§x§F§F§3§0§0§0§le§x§F§F§3§7§0§0§ln§x§F§F§3§E§0§0§lt to HPMR_GaMerz for $400,000.
[01:34:30] > RedKnight remove x4 §x§F§F§3§E§0§0§lD§x§F§F§3§7§0§0§le§x§F§F§3§0§0§0§lm§x§F§F§2§9§0§0§lo§x§F§F§2§2§0§0§ln §x§F§F§1§5§0§0§lL§x§F§F§0§E§0§0§lo§x§F§F§0§7§0§0§lr§x§F§F§0§0§0§0§ld §x§F§F§0§E§0§0§lF§x§F§F§1§5§0§0§lr§x§F§F§1§C§0§0§la§x§F§F§2§2§0§0§lg§x§F§F§2§9§0§0§lm§x§F§F§3§0§0§0§le§x§F§F§3§7§0§0§ln§x§F§F§3§E§0§0§lt from buy
[01:39:04] > Lanchan68 remove x20 Sponge from buy
[02:00:25] > BlINDSTEELS added x1 §fFlower Hat in auction for 67.
[02:00:29] > HPMR_GaMerz buy x1 §fFlower Hat to BlINDSTEELS for $67.
[02:00:50] > Forcebenzz added x2 §x§5§C§C§F§F§C§lC§x§5§C§D§1§F§5§lo§x§5§D§D§4§E§E§ls§x§5§D§D§6§E§7§lm§x§5§E§D§9§E§1§le§x§5§E§D§B§D§A§lt§x§5§E§D§D§D§3§li§x§5§F§E§0§C§C§lc §x§5§F§E§0§C§C§lH§x§5§E§D§D§D§3§la§x§5§E§D§B§D§A§lt§x§5§E§D§9§E§1§ls §x§5§D§D§4§E§E§lK§x§5§C§D§1§F§5§le§x§5§C§C§F§F§C§ly in auction for 50000.
[02:00:54] > HPMR_GaMerz buy x2 §x§5§C§C§F§F§C§lC§x§5§C§D§1§F§5§lo§x§5§D§D§4§E§E§ls§x§5§D§D§6§E§7§lm§x§5§E§D§9§E§1§le§x§5§E§D§B§D§A§lt§x§5§E§D§D§D§3§li§x§5§F§E§0§C§C§lc §x§5§F§E§0§C§C§lH§x§5§E§D§D§D§3§la§x§5§E§D§B§D§A§lt§x§5§E§D§9§E§1§ls §x§5§D§D§4§E§E§lK§x§5§C§D§1§F§5§le§x§5§C§C§F§F§C§ly to Forcebenzz for $50,000.
[02:07:33] > Cristianndi added x1 §x§F§F§5§5§0§0§lsᴇʟʟᴡᴀɴᴅ §6- 5.0x in auction for 400000.
[02:07:40] > octopus_01 buy x1 §x§F§F§5§5§0§0§lsᴇʟʟᴡᴀɴᴅ §6- 5.0x to Cristianndi for $400,000.
[02:07:50] > Cristianndi added x1 §x§F§F§5§5§0§0§lsᴇʟʟᴡᴀɴᴅ §6- 5.0x in auction for 400000.
[02:07:54] > king_ARK buy x1 §x§F§F§5§5§0§0§lsᴇʟʟᴡᴀɴᴅ §6- 5.0x to Cristianndi for $400,000.
[02:08:03] > Cristianndi added x1 §x§F§F§5§5§0§0§lsᴇʟʟᴡᴀɴᴅ §6- 5.0x in auction for 400000.
[02:08:07] > king_ARK buy x1 §x§F§F§5§5§0§0§lsᴇʟʟᴡᴀɴᴅ §6- 5.0x to Cristianndi for $400,000.
[02:08:18] > Cristianndi added x1 §x§F§F§5§5§0§0§lsᴇʟʟᴡᴀɴᴅ §6- 10.0x in auction for 1000000.
[02:09:00] > Cristianndi buy x1 Elytra to Sngel25 for $800,000.
[02:09:05] > Cristianndi remove x1 Elytra from buy
[02:12:49] > Puffingsponge added x2 §x§C§9§A§7§F§C§lL§x§B§D§A§E§F§6§le§x§B§1§B§4§F§0§lg§x§A§6§B§B§E§A§le§x§9§A§C§1§E§4§ln§x§8§E§C§8§D§D§ld§x§8§2§C§E§D§7§la§x§7§7§D§5§D§1§lr§x§6§B§D§B§C§B§ly §x§6§B§D§B§C§B§lC§x§7§7§D§5§D§1§lr§x§8§2§C§E§D§7§la§x§8§E§C§8§D§D§lt§x§9§A§C§1§E§4§le §x§B§1§B§4§F§0§lK§x§B§D§A§E§F§6§le§x§C§9§A§7§F§C§ly in auction for 10.
[02:12:52] > Artdeh buy x2 §x§C§9§A§7§F§C§lL§x§B§D§A§E§F§6§le§x§B§1§B§4§F§0§lg§x§A§6§B§B§E§A§le§x§9§A§C§1§E§4§ln§x§8§E§C§8§D§D§ld§x§8§2§C§E§D§7§la§x§7§7§D§5§D§1§lr§x§6§B§D§B§C§B§ly §x§6§B§D§B§C§B§lC§x§7§7§D§5§D§1§lr§x§8§2§C§E§D§7§la§x§8§E§C§8§D§D§lt§x§9§A§C§1§E§4§le §x§B§1§B§4§F§0§lK§x§B§D§A§E§F§6§le§x§C§9§A§7§F§C§ly to Puffingsponge for $10.
[02:51:37] > octopus_01 buy x1 §x§5§C§C§F§F§C§lC§x§5§C§D§1§F§5§lo§x§5§D§D§4§E§E§ls§x§5§D§D§6§E§7§lm§x§5§E§D§9§E§1§le§x§5§E§D§B§D§A§lt§x§5§E§D§D§D§3§li§x§5§F§E§0§C§C§lc §x§5§F§E§0§C§C§lH§x§5§E§D§D§D§3§la§x§5§E§D§B§D§A§lt§x§5§E§D§9§E§1§ls §x§5§D§D§4§E§E§lK§x§5§C§D§1§F§5§le§x§5§C§C§F§F§C§ly to Zypher_0w0 for $80,000.
[02:51:44] > octopus_01 remove x1 §x§5§C§C§F§F§C§lC§x§5§C§D§1§F§5§lo§x§5§D§D§4§E§E§ls§x§5§D§D§6§E§7§lm§x§5§E§D§9§E§1§le§x§5§E§D§B§D§A§lt§x§5§E§D§D§D§3§li§x§5§F§E§0§C§C§lc §x§5§F§E§0§C§C§lH§x§5§E§D§D§D§3§la§x§5§E§D§B§D§A§lt§x§5§E§D§9§E§1§ls §x§5§D§D§4§E§E§lK§x§5§C§D§1§F§5§le§x§5§C§C§F§F§C§ly from buy
[02:51:44] > octopus_01 remove x1 §x§F§F§5§5§0§0§lsᴇʟʟᴡᴀɴᴅ §6- 5.0x from buy
[02:52:54] > octopus_01 buy x1 §x§5§C§C§F§F§C§lC§x§5§C§D§1§F§5§lo§x§5§D§D§4§E§E§ls§x§5§D§D§6§E§7§lm§x§5§E§D§9§E§1§le§x§5§E§D§B§D§A§lt§x§5§E§D§D§D§3§li§x§5§F§E§0§C§C§lc §x§5§F§E§0§C§C§lH§x§5§E§D§D§D§3§la§x§5§E§D§B§D§A§lt§x§5§E§D§9§E§1§ls §x§5§D§D§4§E§E§lK§x§5§C§D§1§F§5§le§x§5§C§C§F§F§C§ly to Zypher_0w0 for $80,000.
[02:53:01] > BlINDSTEELS added x2 §x§F§C§D§0§5§C§lB§x§E§6§D§3§6§B§la§x§C§F§D§5§7§A§ls§x§B§9§D§8§8§9§li§x§A§2§D§A§9§8§lc §x§7§5§D§F§B§6§lC§x§5§F§E§2§C§5§lr§x§7§5§D§F§B§6§la§x§8§C§D§D§A§7§lt§x§A§2§D§A§9§8§le §x§C§F§D§5§7§A§lK§x§E§6§D§3§6§B§le§x§F§C§D§0§5§C§ly in auction for 67.
[02:53:01] > octopus_01 remove x1 §x§5§C§C§F§F§C§lC§x§5§C§D§1§F§5§lo§x§5§D§D§4§E§E§ls§x§5§D§D§6§E§7§lm§x§5§E§D§9§E§1§le§x§5§E§D§B§D§A§lt§x§5§E§D§D§D§3§li§x§5§F§E§0§C§C§lc §x§5§F§E§0§C§C§lH§x§5§E§D§D§D§3§la§x§5§E§D§B§D§A§lt§x§5§E§D§9§E§1§ls §x§5§D§D§4§E§E§lK§x§5§C§D§1§F§5§le§x§5§C§C§F§F§C§ly from buy
[02:53:14] > shelby buy x2 §x§F§C§D§0§5§C§lB§x§E§6§D§3§6§B§la§x§C§F§D§5§7§A§ls§x§B§9§D§8§8§9§li§x§A§2§D§A§9§8§lc §x§7§5§D§F§B§6§lC§x§5§F§E§2§C§5§lr§x§7§5§D§F§B§6§la§x§8§C§D§D§A§7§lt§x§A§2§D§A§9§8§le §x§C§F§D§5§7§A§lK§x§E§6§D§3§6§B§le§x§F§C§D§0§5§C§ly to BlINDSTEELS for $67.
[02:53:35] > octopus_01 added x1 §fBumble Bee Hat in auction for 50000.
[05:01:12] > kopo555 buy x1 §x§5§9§A§1§D§9§lA§x§8§3§B§9§E§3r§x§A§C§D§0§E§Cc§x§D§6§E§8§F§6h§fa§x§D§6§E§8§F§6n§x§A§C§D§0§E§Cg§x§8§3§B§9§E§3e§x§5§9§A§1§D§9l Axe to HPMR_GaMerz for $500,000.
[05:05:33] > kopo555 remove x1 §x§5§9§A§1§D§9§lA§x§8§3§B§9§E§3r§x§A§C§D§0§E§Cc§x§D§6§E§8§F§6h§fa§x§D§6§E§8§F§6n§x§A§C§D§0§E§Cg§x§8§3§B§9§E§3e§x§5§9§A§1§D§9l Axe from buy
[05:05:36] > kopo555 remove x1 White shulker box from buy
[05:09:27] > BlackKnight added x1 §f§l§x§F§C§D§0§5§CW§x§F§A§A§A§4§Bu§x§F§9§8§4§3§Bk§x§F§7§5§F§2§Ao§x§F§5§3§9§1§9n§x§F§4§1§3§0§8g §x§F§5§3§9§1§9S§x§F§7§5§F§2§At§x§F§9§8§4§3§Bi§x§F§A§A§A§4§Bc§x§F§C§D§0§5§Ck in auction for 100000.
[05:09:45] > kopo555 buy x1 §f§l§x§F§C§D§0§5§CW§x§F§A§A§A§4§Bu§x§F§9§8§4§3§Bk§x§F§7§5§F§2§Ao§x§F§5§3§9§1§9n§x§F§4§1§3§0§8g §x§F§5§3§9§1§9S§x§F§7§5§F§2§At§x§F§9§8§4§3§Bi§x§F§A§A§A§4§Bc§x§F§C§D§0§5§Ck to BlackKnight for $100,000.
[05:11:10] > BlackKnight remove x1 Enchanted book from storage
[05:11:19] > BlackKnight added x1 Enchanted book in auction for 50000.
[05:21:51] > celinesanrio remove x2 §x§5§C§C§F§F§C§lC§x§5§C§D§1§F§5§lo§x§5§D§D§4§E§E§ls§x§5§D§D§6§E§7§lm§x§5§E§D§9§E§1§le§x§5§E§D§B§D§A§lt§x§5§E§D§D§D§3§li§x§5§F§E§0§C§C§lc §x§5§F§E§0§C§C§lH§x§5§E§D§D§D§3§la§x§5§E§D§B§D§A§lt§x§5§E§D§9§E§1§ls §x§5§D§D§4§E§E§lK§x§5§C§D§1§F§5§le§x§5§C§C§F§F§C§ly form storage
[05:21:51] > celinesanrio remove x1 §x§6§0§0§0§F§F§lɢᴏᴅʟʏ ɪᴛᴇᴍ form storage
[05:21:51] > celinesanrio remove x1 §x§6§0§0§0§F§F§lɢᴏᴅʟʏ ɪᴛᴇᴍ form storage
[05:21:51] > celinesanrio remove x1 §x§6§0§0§0§F§F§lɢᴏᴅʟʏ ɪᴛᴇᴍ form storage
[05:21:55] > celinesanrio added x2 §x§5§C§C§F§F§C§lC§x§5§C§D§1§F§5§lo§x§5§D§D§4§E§E§ls§x§5§D§D§6§E§7§lm§x§5§E§D§9§E§1§le§x§5§E§D§B§D§A§lt§x§5§E§D§D§D§3§li§x§5§F§E§0§C§C§lc §x§5§F§E§0§C§C§lH§x§5§E§D§D§D§3§la§x§5§E§D§B§D§A§lt§x§5§E§D§9§E§1§ls §x§5§D§D§4§E§E§lK§x§5§C§D§1§F§5§le§x§5§C§C§F§F§C§ly in auction for 200000.
[05:22:06] > celinesanrio added x1 §x§6§0§0§0§F§F§lɢᴏᴅʟʏ ɪᴛᴇᴍ in auction for 200000.
[05:22:17] > celinesanrio added x1 §x§6§0§0§0§F§F§lɢᴏᴅʟʏ ɪᴛᴇᴍ in auction for 200000.
[05:22:30] > celinesanrio added x1 §x§6§0§0§0§F§F§lɢᴏᴅʟʏ ɪᴛᴇᴍ in auction for 200000.
[05:32:07] > celinesanrio added x1 §f§l§x§F§C§D§0§5§CW§x§F§A§A§2§4§8u§x§F§8§7§4§3§3k§x§F§6§4§5§1§Fo§x§F§4§1§7§0§Ang§x§F§6§4§5§1§F §x§F§8§7§4§3§3H§x§F§A§A§2§4§8a§x§F§C§D§0§5§Ct in auction for 100000.
[05:32:18] > celinesanrio added x1 §f§l§x§F§C§D§0§5§CW§x§F§A§A§2§4§8u§x§F§8§7§4§3§3k§x§F§6§4§5§1§Fo§x§F§4§1§7§0§Ang§x§F§6§4§5§1§F §x§F§8§7§4§3§3H§x§F§A§A§2§4§8a§x§F§C§D§0§5§Ct in auction for 100000.
[05:37:29] > celinesanrio added x1 §f§l§x§F§C§D§0§5§CW§x§F§A§A§A§4§Bu§x§F§9§8§4§3§Bk§x§F§7§5§F§2§Ao§x§F§5§3§9§1§9n§x§F§4§1§3§0§8g §x§F§5§3§9§1§9S§x§F§7§5§F§2§Aw§x§F§9§8§4§3§Bo§x§F§A§A§A§4§Br§x§F§C§D§0§5§Cd in auction for 100000.
[05:37:41] > celinesanrio added x1 §f§l§x§F§C§D§0§5§CW§x§F§A§A§A§4§Bu§x§F§9§8§4§3§Bk§x§F§7§5§F§2§Ao§x§F§5§3§9§1§9n§x§F§4§1§3§0§8g §x§F§5§3§9§1§9S§x§F§7§5§F§2§At§x§F§9§8§4§3§Bi§x§F§A§A§A§4§Bc§x§F§C§D§0§5§Ck in auction for 250000.
[05:37:51] > celinesanrio added x1 §f§l§x§F§C§D§0§5§CW§x§F§A§A§2§4§8u§x§F§8§7§4§3§3k§x§F§6§4§5§1§Fo§x§F§4§1§7§0§Ang§x§F§6§4§5§1§F §x§F§8§7§4§3§3H§x§F§A§A§2§4§8a§x§F§C§D§0§5§Ct in auction for 100000.
[05:45:45] > kopo555 remove x1 §f§l§x§F§C§D§0§5§CW§x§F§A§A§A§4§Bu§x§F§9§8§4§3§Bk§x§F§7§5§F§2§Ao§x§F§5§3§9§1§9n§x§F§4§1§3§0§8g §x§F§5§3§9§1§9S§x§F§7§5§F§2§At§x§F§9§8§4§3§Bi§x§F§A§A§A§4§Bc§x§F§C§D§0§5§Ck from buy
[06:08:43] > nicoso12 remove x1 buying both angelic and darkflame stuff, msg me :3 from storage
[06:08:50] > nicoso12 added x1 buying both angelic and darkflame stuff, msg me :3 in auction for 10000000.
[06:09:25] > nicoso12 added x1 §x§E§5§1§B§1§B§lDracula Helmet in auction for 350000.
[07:03:07] > kopo555 buy x1 §x§5§C§C§F§F§C§lC§x§5§C§D§1§F§5§lo§x§5§D§D§4§E§E§ls§x§5§D§D§6§E§7§lm§x§5§E§D§9§E§1§le§x§5§E§D§B§D§A§lt§x§5§E§D§D§D§3§li§x§5§F§E§0§C§C§lc §x§5§F§E§0§C§C§lH§x§5§E§D§D§D§3§la§x§5§E§D§B§D§A§lt§x§5§E§D§9§E§1§ls §x§5§D§D§4§E§E§lK§x§5§C§D§1§F§5§le§x§5§C§C§F§F§C§ly to Zypher_0w0 for $80,000.
[07:03:11] > kopo555 remove x1 §x§5§C§C§F§F§C§lC§x§5§C§D§1§F§5§lo§x§5§D§D§4§E§E§ls§x§5§D§D§6§E§7§lm§x§5§E§D§9§E§1§le§x§5§E§D§B§D§A§lt§x§5§E§D§D§D§3§li§x§5§F§E§0§C§C§lc §x§5§F§E§0§C§C§lH§x§5§E§D§D§D§3§la§x§5§E§D§B§D§A§lt§x§5§E§D§9§E§1§ls §x§5§D§D§4§E§E§lK§x§5§C§D§1§F§5§le§x§5§C§C§F§F§C§ly from buy
[07:32:28] > Pewpew added x1 Music disc lava chicken in auction for 50000.
[07:51:20] > Pharolen2 added x1 §x§F§F§5§5§0§0§lsᴇʟʟᴡᴀɴᴅ §6- 5.0x in auction for 200000.
[07:51:25] > celinesanrio buy x1 §x§F§F§5§5§0§0§lsᴇʟʟᴡᴀɴᴅ §6- 5.0x to Pharolen2 for $200,000.
[07:51:33] > Pharolen2 added x1 §x§F§F§5§5§0§0§lsᴇʟʟᴡᴀɴᴅ §6- 5.0x in auction for 300000.
[07:55:46] > .Seikuji8811 buy x1 Saddle to Rain_Reinn for $1,000.
[08:04:24] > .BoredSwing20 added x1 §x§C§9§A§7§F§C§lL§x§B§D§A§E§F§6§le§x§B§1§B§4§F§0§lg§x§A§6§B§B§E§A§le§x§9§A§C§1§E§4§ln§x§8§E§C§8§D§D§ld§x§8§2§C§E§D§7§la§x§7§7§D§5§D§1§lr§x§6§B§D§B§C§B§ly §x§6§B§D§B§C§B§lC§x§7§7§D§5§D§1§lr§x§8§2§C§E§D§7§la§x§8§E§C§8§D§D§lt§x§9§A§C§1§E§4§le §x§B§1§B§4§F§0§lK§x§B§D§A§E§F§6§le§x§C§9§A§7§F§C§ly in auction for 50000.
[08:05:16] > minecraft buy x1 §x§C§9§A§7§F§C§lL§x§B§D§A§E§F§6§le§x§B§1§B§4§F§0§lg§x§A§6§B§B§E§A§le§x§9§A§C§1§E§4§ln§x§8§E§C§8§D§D§ld§x§8§2§C§E§D§7§la§x§7§7§D§5§D§1§lr§x§6§B§D§B§C§B§ly §x§6§B§D§B§C§B§lC§x§7§7§D§5§D§1§lr§x§8§2§C§E§D§7§la§x§8§E§C§8§D§D§lt§x§9§A§C§1§E§4§le §x§B§1§B§4§F§0§lK§x§B§D§A§E§F§6§le§x§C§9§A§7§F§C§ly to .BoredSwing20 for $50,000.
[08:05:25] > minecraft remove x1 §x§C§9§A§7§F§C§lL§x§B§D§A§E§F§6§le§x§B§1§B§4§F§0§lg§x§A§6§B§B§E§A§le§x§9§A§C§1§E§4§ln§x§8§E§C§8§D§D§ld§x§8§2§C§E§D§7§la§x§7§7§D§5§D§1§lr§x§6§B§D§B§C§B§ly §x§6§B§D§B§C§B§lC§x§7§7§D§5§D§1§lr§x§8§2§C§E§D§7§la§x§8§E§C§8§D§D§lt§x§9§A§C§1§E§4§le §x§B§1§B§4§F§0§lK§x§B§D§A§E§F§6§le§x§C§9§A§7§F§C§ly from buy
[08:07:37] > Forcebenzz buy x1 §x§F§F§5§5§0§0§lsᴇʟʟᴡᴀɴᴅ §6- 5.0x to Pharolen2 for $300,000.
[08:07:43] > Forcebenzz remove x1 §x§F§F§5§5§0§0§lsᴇʟʟᴡᴀɴᴅ §6- 5.0x from buy
[08:08:01] > Forcebenzz added x1 §x§F§F§5§5§0§0§lsᴇʟʟᴡᴀɴᴅ §6- 5.0x in auction for 400000.
[08:08:05] > celinesanrio buy x1 §x§F§F§5§5§0§0§lsᴇʟʟᴡᴀɴᴅ §6- 5.0x to Forcebenzz for $400,000.
[08:11:16] > Artdeh buy x1 Enchanted book to BlackKnight for $50,000.
[08:11:46] > Artdeh remove x2 §x§C§9§A§7§F§C§lL§x§B§D§A§E§F§6§le§x§B§1§B§4§F§0§lg§x§A§6§B§B§E§A§le§x§9§A§C§1§E§4§ln§x§8§E§C§8§D§D§ld§x§8§2§C§E§D§7§la§x§7§7§D§5§D§1§lr§x§6§B§D§B§C§B§ly §x§6§B§D§B§C§B§lC§x§7§7§D§5§D§1§lr§x§8§2§C§E§D§7§la§x§8§E§C§8§D§D§lt§x§9§A§C§1§E§4§le §x§B§1§B§4§F§0§lK§x§B§D§A§E§F§6§le§x§C§9§A§7§F§C§ly from buy
[08:11:47] > Artdeh remove x1 Enchanted book from buy
[08:14:43] > celinesanrio added x1 Enchanted book in auction for 20000.
[08:15:23] > celinesanrio remove x1 Enchanted book from storage
[08:15:54] > celinesanrio added x1 Enchanted book in auction for 5000.
[08:16:23] > .BoredSwing20 buy x1 Enchanted book to celinesanrio for $5,000.
[08:31:14] > .BoredSwing20 remove x1 Enchanted book from buy
[08:35:29] > ZenNova_ buy x1 Music disc lava chicken to Pewpew for $50,000.
[08:37:26] > celinesanrio added x4 Iron ingot in auction for 400.
[08:37:39] > .BoredSwing20 buy x4 Iron ingot to celinesanrio for $400.
[08:38:21] > .BoredSwing20 remove x4 Iron ingot from buy
[08:40:31] > FriendlyT0ast added x3 Iron ingot in auction for 40.
[08:41:43] > .BoredSwing20 buy x3 Iron ingot to FriendlyT0ast for $40.
[08:41:53] > .BoredSwing20 remove x3 Iron ingot from buy
[08:50:53] > celinesanrio added x1 Heavy core in auction for 500000.
[08:51:02] > celinesanrio remove x1 §x§6§0§0§0§F§F§lɢᴏᴅʟʏ ɪᴛᴇᴍ from storage
[08:51:03] > celinesanrio remove x1 §x§6§0§0§0§F§F§lɢᴏᴅʟʏ ɪᴛᴇᴍ from storage
[08:51:03] > celinesanrio remove x1 §x§6§0§0§0§F§F§lɢᴏᴅʟʏ ɪᴛᴇᴍ from storage
[08:51:03] > celinesanrio remove x2 §x§5§C§C§F§F§C§lC§x§5§C§D§1§F§5§lo§x§5§D§D§4§E§E§ls§x§5§D§D§6§E§7§lm§x§5§E§D§9§E§1§le§x§5§E§D§B§D§A§lt§x§5§E§D§D§D§3§li§x§5§F§E§0§C§C§lc §x§5§F§E§0§C§C§lH§x§5§E§D§D§D§3§la§x§5§E§D§B§D§A§lt§x§5§E§D§9§E§1§ls §x§5§D§D§4§E§E§lK§x§5§C§D§1§F§5§le§x§5§C§C§F§F§C§ly from storage
[08:51:08] > celinesanrio added x1 §x§6§0§0§0§F§F§lɢᴏᴅʟʏ ɪᴛᴇᴍ in auction for 300000.
[08:51:19] > celinesanrio added x2 §x§5§C§C§F§F§C§lC§x§5§C§D§1§F§5§lo§x§5§D§D§4§E§E§ls§x§5§D§D§6§E§7§lm§x§5§E§D§9§E§1§le§x§5§E§D§B§D§A§lt§x§5§E§D§D§D§3§li§x§5§F§E§0§C§C§lc §x§5§F§E§0§C§C§lH§x§5§E§D§D§D§3§la§x§5§E§D§B§D§A§lt§x§5§E§D§9§E§1§ls §x§5§D§D§4§E§E§lK§x§5§C§D§1§F§5§le§x§5§C§C§F§F§C§ly in auction for 150000.
[08:51:30] > celinesanrio added x1 §x§6§0§0§0§F§F§lɢᴏᴅʟʏ ɪᴛᴇᴍ in auction for 300000.
[08:51:41] > celinesanrio added x1 §x§6§0§0§0§F§F§lɢᴏᴅʟʏ ɪᴛᴇᴍ in auction for 300000.
[08:54:02] > celinesanrio remove x2 §x§5§C§C§F§F§C§lC§x§5§C§D§1§F§5§lo§x§5§D§D§4§E§E§ls§x§5§D§D§6§E§7§lm§x§5§E§D§9§E§1§le§x§5§E§D§B§D§A§lt§x§5§E§D§D§D§3§li§x§5§F§E§0§C§C§lc §x§5§F§E§0§C§C§lH§x§5§E§D§D§D§3§la§x§5§E§D§B§D§A§lt§x§5§E§D§9§E§1§ls §x§5§D§D§4§E§E§lK§x§5§C§D§1§F§5§le§x§5§C§C§F§F§C§ly from storage
[08:54:04] > celinesanrio added x47 Breeze rod in auction for 47000.
[08:54:22] > FriendlyT0ast buy x47 Breeze rod to celinesanrio for $47,000.
[08:54:40] > celinesanrio added x49 Wind charge in auction for 14500.
[08:54:48] > Pewpew buy x49 Wind charge to celinesanrio for $14,500.
[08:55:16] > celinesanrio added x1 Silence armor trim smithing template in auction for 500000.
[08:56:03] > celinesanrio remove x1 §x§6§0§0§0§F§F§lɢᴏᴅʟʏ ɪᴛᴇᴍ from storage
[08:56:03] > celinesanrio remove x1 §x§6§0§0§0§F§F§lɢᴏᴅʟʏ ɪᴛᴇᴍ from storage
[08:56:04] > celinesanrio remove x1 §x§6§0§0§0§F§F§lɢᴏᴅʟʏ ɪᴛᴇᴍ from storage
[08:56:07] > Pewpew remove x49 Wind charge from buy
[08:56:09] > celinesanrio added x2 §x§5§C§C§F§F§C§lC§x§5§C§D§1§F§5§lo§x§5§D§D§4§E§E§ls§x§5§D§D§6§E§7§lm§x§5§E§D§9§E§1§le§x§5§E§D§B§D§A§lt§x§5§E§D§D§D§3§li§x§5§F§E§0§C§C§lc §x§5§F§E§0§C§C§lH§x§5§E§D§D§D§3§la§x§5§E§D§B§D§A§lt§x§5§E§D§9§E§1§ls §x§5§D§D§4§E§E§lK§x§5§C§D§1§F§5§le§x§5§C§C§F§F§C§ly in auction for 200000.
[08:56:27] > celinesanrio added x1 Silence armor trim smithing template in auction for 500000.
[08:56:37] > celinesanrio added x1 Silence armor trim smithing template in auction for 500000.
[08:57:03] > celinesanrio remove x1 Heavy core from storage
[08:57:06] > celinesanrio added x1 Silence armor trim smithing template in auction for 500000.
[08:59:39] > celinesanrio remove x1 Silence armor trim smithing template from storage
[08:59:45] > celinesanrio added x5 Netherite upgrade smithing template in auction for 15000.
[09:03:36] > celinesanrio remove x5 Netherite upgrade smithing template from storage
[09:03:38] > celinesanrio added x3 §x§9§8§6§3§E§7§lG§x§9§0§7§5§E§2§lo§x§8§8§8§7§D§D§ld§x§8§0§9§9§D§8§ll§x§7§7§A§C§D§4§ly §x§6§7§D§0§C§A§lC§x§5§F§E§2§C§5§lr§x§6§7§D§0§C§A§la§x§6§F§B§E§C§F§lt§x§7§7§A§C§D§4§le §x§8§8§8§7§D§D§lK§x§9§0§7§5§E§2§le§x§9§8§6§3§E§7§ly in auction for 750000.
[09:03:43] > giyahnpogi buy x3 §x§9§8§6§3§E§7§lG§x§9§0§7§5§E§2§lo§x§8§8§8§7§D§D§ld§x§8§0§9§9§D§8§ll§x§7§7§A§C§D§4§ly §x§6§7§D§0§C§A§lC§x§5§F§E§2§C§5§lr§x§6§7§D§0§C§A§la§x§6§F§B§E§C§F§lt§x§7§7§A§C§D§4§le §x§8§8§8§7§D§D§lK§x§9§0§7§5§E§2§le§x§9§8§6§3§E§7§ly to celinesanrio for $750,000.
[09:03:46] > .BoredSwing20 added x1 §x§C§9§A§7§F§C§lL§x§B§D§A§E§F§6§le§x§B§1§B§4§F§0§lg§x§A§6§B§B§E§A§le§x§9§A§C§1§E§4§ln§x§8§E§C§8§D§D§ld§x§8§2§C§E§D§7§la§x§7§7§D§5§D§1§lr§x§6§B§D§B§C§B§ly §x§6§B§D§B§C§B§lC§x§7§7§D§5§D§1§lr§x§8§2§C§E§D§7§la§x§8§E§C§8§D§D§lt§x§9§A§C§1§E§4§le §x§B§1§B§4§F§0§lK§x§B§D§A§E§F§6§le§x§C§9§A§7§F§C§ly in auction for 30000.
[09:03:50] > giyahnpogi remove x3 §x§9§8§6§3§E§7§lG§x§9§0§7§5§E§2§lo§x§8§8§8§7§D§D§ld§x§8§0§9§9§D§8§ll§x§7§7§A§C§D§4§ly §x§6§7§D§0§C§A§lC§x§5§F§E§2§C§5§lr§x§6§7§D§0§C§A§la§x§6§F§B§E§C§F§lt§x§7§7§A§C§D§4§le §x§8§8§8§7§D§D§lK§x§9§0§7§5§E§2§le§x§9§8§6§3§E§7§ly from buy
[09:03:56] > celinesanrio added x1 Silence armor trim smithing template in auction for 500000.
[09:07:36] > celinesanrio remove x2 §x§5§C§C§F§F§C§lC§x§5§C§D§1§F§5§lo§x§5§D§D§4§E§E§ls§x§5§D§D§6§E§7§lm§x§5§E§D§9§E§1§le§x§5§E§D§B§D§A§lt§x§5§E§D§D§D§3§li§x§5§F§E§0§C§C§lc §x§5§F§E§0§C§C§lH§x§5§E§D§D§D§3§la§x§5§E§D§B§D§A§lt§x§5§E§D§9§E§1§ls §x§5§D§D§4§E§E§lK§x§5§C§D§1§F§5§le§x§5§C§C§F§F§C§ly from storage
[09:07:42] > celinesanrio added x1 Shine Oni Kit in auction for 1000000000.
[09:08:13] > celinesanrio remove x1 Shine Oni Kit from storage
[09:08:50] > HPMR_GaMerz buy x1 §esᴘɪᴅᴇʀ sᴘᴀᴡɴᴇʀ to Keeos for $400,000.
[09:08:56] > HPMR_GaMerz buy x1 §esᴘɪᴅᴇʀ sᴘᴀᴡɴᴇʀ to Keeos for $300,000.
[09:09:00] > HPMR_GaMerz buy x1 §esᴘɪᴅᴇʀ sᴘᴀᴡɴᴇʀ to Keeos for $300,000.
[09:09:37] > celinesanrio added x2 §x§5§C§C§F§F§C§lC§x§5§C§D§1§F§5§lo§x§5§D§D§4§E§E§ls§x§5§D§D§6§E§7§lm§x§5§E§D§9§E§1§le§x§5§E§D§B§D§A§lt§x§5§E§D§D§D§3§li§x§5§F§E§0§C§C§lc §x§5§F§E§0§C§C§lH§x§5§E§D§D§D§3§la§x§5§E§D§B§D§A§lt§x§5§E§D§9§E§1§ls §x§5§D§D§4§E§E§lK§x§5§C§D§1§F§5§le§x§5§C§C§F§F§C§ly in auction for 100000.
[09:09:50] > celinesanrio remove x2 §x§5§C§C§F§F§C§lC§x§5§C§D§1§F§5§lo§x§5§D§D§4§E§E§ls§x§5§D§D§6§E§7§lm§x§5§E§D§9§E§1§le§x§5§E§D§B§D§A§lt§x§5§E§D§D§D§3§li§x§5§F§E§0§C§C§lc §x§5§F§E§0§C§C§lH§x§5§E§D§D§D§3§la§x§5§E§D§B§D§A§lt§x§5§E§D§9§E§1§ls §x§5§D§D§4§E§E§lK§x§5§C§D§1§F§5§le§x§5§C§C§F§F§C§ly from storage
[09:09:55] > celinesanrio added x2 §x§5§C§C§F§F§C§lC§x§5§C§D§1§F§5§lo§x§5§D§D§4§E§E§ls§x§5§D§D§6§E§7§lm§x§5§E§D§9§E§1§le§x§5§E§D§B§D§A§lt§x§5§E§D§D§D§3§li§x§5§F§E§0§C§C§lc §x§5§F§E§0§C§C§lH§x§5§E§D§D§D§3§la§x§5§E§D§B§D§A§lt§x§5§E§D§9§E§1§ls §x§5§D§D§4§E§E§lK§x§5§C§D§1§F§5§le§x§5§C§C§F§F§C§ly in auction for 130000.
[09:09:58] > celinesanrio buy x1 §x§C§9§A§7§F§C§lL§x§B§D§A§E§F§6§le§x§B§1§B§4§F§0§lg§x§A§6§B§B§E§A§le§x§9§A§C§1§E§4§ln§x§8§E§C§8§D§D§ld§x§8§2§C§E§D§7§la§x§7§7§D§5§D§1§lr§x§6§B§D§B§C§B§ly §x§6§B§D§B§C§B§lC§x§7§7§D§5§D§1§lr§x§8§2§C§E§D§7§la§x§8§E§C§8§D§D§lt§x§9§A§C§1§E§4§le §x§B§1§B§4§F§0§lK§x§B§D§A§E§F§6§le§x§C§9§A§7§F§C§ly to .BoredSwing20 for $30,000.
[09:10:01] > celinesanrio remove x1 §eɪʀᴏɴ ɢᴏʟᴇᴍ sᴘᴀᴡɴᴇʀ form buy
[09:10:01] > celinesanrio remove x1 §x§F§F§5§5§0§0§lsᴇʟʟᴡᴀɴᴅ §6- 5.0x form buy
[09:10:01] > celinesanrio remove x1 §x§F§F§5§5§0§0§lsᴇʟʟᴡᴀɴᴅ §6- 5.0x form buy
[09:10:01] > celinesanrio remove x1 §x§C§9§A§7§F§C§lL§x§B§D§A§E§F§6§le§x§B§1§B§4§F§0§lg§x§A§6§B§B§E§A§le§x§9§A§C§1§E§4§ln§x§8§E§C§8§D§D§ld§x§8§2§C§E§D§7§la§x§7§7§D§5§D§1§lr§x§6§B§D§B§C§B§ly §x§6§B§D§B§C§B§lC§x§7§7§D§5§D§1§lr§x§8§2§C§E§D§7§la§x§8§E§C§8§D§D§lt§x§9§A§C§1§E§4§le §x§B§1§B§4§F§0§lK§x§B§D§A§E§F§6§le§x§C§9§A§7§F§C§ly form buy
[09:10:30] > celinesanrio remove x1 Silence armor trim smithing template from storage
[09:10:30] > celinesanrio remove x1 Silence armor trim smithing template from storage
[09:10:31] > celinesanrio remove x1 Silence armor trim smithing template from storage
[09:10:31] > celinesanrio remove x1 Silence armor trim smithing template from storage
[09:10:33] > celinesanrio remove x1 §f§l§x§F§C§D§0§5§CW§x§F§A§A§A§4§Bu§x§F§9§8§4§3§Bk§x§F§7§5§F§2§Ao§x§F§5§3§9§1§9n§x§F§4§1§3§0§8g §x§F§5§3§9§1§9S§x§F§7§5§F§2§Aw§x§F§9§8§4§3§Bo§x§F§A§A§A§4§Br§x§F§C§D§0§5§Cd form storage
[09:10:33] > celinesanrio remove x1 §f§l§x§F§C§D§0§5§CW§x§F§A§A§2§4§8u§x§F§8§7§4§3§3k§x§F§6§4§5§1§Fo§x§F§4§1§7§0§Ang§x§F§6§4§5§1§F §x§F§8§7§4§3§3H§x§F§A§A§2§4§8a§x§F§C§D§0§5§Ct form storage
[09:10:33] > celinesanrio remove x1 §f§l§x§F§C§D§0§5§CW§x§F§A§A§2§4§8u§x§F§8§7§4§3§3k§x§F§6§4§5§1§Fo§x§F§4§1§7§0§Ang§x§F§6§4§5§1§F §x§F§8§7§4§3§3H§x§F§A§A§2§4§8a§x§F§C§D§0§5§Ct form storage
[09:10:33] > celinesanrio remove x1 §f§l§x§F§C§D§0§5§CW§x§F§A§A§2§4§8u§x§F§8§7§4§3§3k§x§F§6§4§5§1§Fo§x§F§4§1§7§0§Ang§x§F§6§4§5§1§F §x§F§8§7§4§3§3H§x§F§A§A§2§4§8a§x§F§C§D§0§5§Ct form storage
[09:10:33] > celinesanrio remove x1 §f§l§x§F§C§D§0§5§CW§x§F§A§A§A§4§Bu§x§F§9§8§4§3§Bk§x§F§7§5§F§2§Ao§x§F§5§3§9§1§9n§x§F§4§1§3§0§8g §x§F§5§3§9§1§9S§x§F§7§5§F§2§At§x§F§9§8§4§3§Bi§x§F§A§A§A§4§Bc§x§F§C§D§0§5§Ck form storage
[09:10:33] > celinesanrio remove x2 §x§5§C§C§F§F§C§lC§x§5§C§D§1§F§5§lo§x§5§D§D§4§E§E§ls§x§5§D§D§6§E§7§lm§x§5§E§D§9§E§1§le§x§5§E§D§B§D§A§lt§x§5§E§D§D§D§3§li§x§5§F§E§0§C§C§lc §x§5§F§E§0§C§C§lH§x§5§E§D§D§D§3§la§x§5§E§D§B§D§A§lt§x§5§E§D§9§E§1§ls §x§5§D§D§4§E§E§lK§x§5§C§D§1§F§5§le§x§5§C§C§F§F§C§ly form storage
[09:10:52] > celinesanrio added x1 Light blue shulker box in auction for 500000.
[09:11:07] > celinesanrio remove x1 Light blue shulker box from storage
[09:11:56] > celinesanrio added x1 Light blue shulker box in auction for 500000.
[09:12:21] > celinesanrio added x1 §eᴡɪᴛᴄʜ ꜱᴘᴀᴡɴᴇʀ in auction for 500000.
[09:12:25] > celinesanrio remove x1 §eᴡɪᴛᴄʜ ꜱᴘᴀᴡɴᴇʀ from storage
[09:12:31] > celinesanrio added x1 §eᴡɪᴛᴄʜ ꜱᴘᴀᴡɴᴇʀ in auction for 1000000.
[09:12:40] > celinesanrio remove x1 Light blue shulker box from storage
[09:13:09] > celinesanrio added x1 Silence armor trim smithing template in auction for 500000.
[09:13:34] > celinesanrio added x2 §x§5§C§C§F§F§C§lC§x§5§C§D§1§F§5§lo§x§5§D§D§4§E§E§ls§x§5§D§D§6§E§7§lm§x§5§E§D§9§E§1§le§x§5§E§D§B§D§A§lt§x§5§E§D§D§D§3§li§x§5§F§E§0§C§C§lc §x§5§F§E§0§C§C§lH§x§5§E§D§D§D§3§la§x§5§E§D§B§D§A§lt§x§5§E§D§9§E§1§ls §x§5§D§D§4§E§E§lK§x§5§C§D§1§F§5§le§x§5§C§C§F§F§C§ly in auction for 150000.
[09:14:04] > celinesanrio added x1 §x§F§F§5§5§0§0§lsᴇʟʟᴡᴀɴᴅ §6- 5.0x in auction for 400000.
[09:14:12] > Sezemi buy x1 §x§F§F§5§5§0§0§lsᴇʟʟᴡᴀɴᴅ §6- 5.0x to celinesanrio for $400,000.
[09:14:14] > celinesanrio added x1 §x§F§F§5§5§0§0§lsᴇʟʟᴡᴀɴᴅ §6- 5.0x in auction for 400000.
[09:14:19] > Sezemi buy x1 §x§F§F§5§5§0§0§lsᴇʟʟᴡᴀɴᴅ §6- 5.0x to celinesanrio for $400,000.
[09:15:54] > celinesanrio added x1 §f§l§x§F§C§D§0§5§CW§x§F§B§B§D§5§4u§x§F§A§A§A§4§Bk§x§F§A§9§7§4§3o§x§F§9§8§4§3§Bn§x§F§8§7§1§3§2g§x§F§7§5§F§2§A §x§F§6§4§C§2§1B§x§F§5§3§9§1§9o§x§F§5§2§6§1§1o§x§F§4§1§3§0§8t§x§F§3§0§0§0§0s in auction for 200000.
[09:16:05] > celinesanrio added x1 Light blue shulker box in auction for 300000.
[09:16:08] > celinesanrio remove x1 §f§l§x§F§C§D§0§5§CW§x§F§B§B§D§5§4u§x§F§A§A§A§4§Bk§x§F§A§9§7§4§3o§x§F§9§8§4§3§Bn§x§F§8§7§1§3§2g§x§F§7§5§F§2§A §x§F§6§4§C§2§1B§x§F§5§3§9§1§9o§x§F§5§2§6§1§1o§x§F§4§1§3§0§8t§x§F§3§0§0§0§0s from storage
[09:17:02] > celinesanrio remove x1 §eᴡɪᴛᴄʜ ꜱᴘᴀᴡɴᴇʀ from storage
[09:17:02] > celinesanrio remove x1 Silence armor trim smithing template from storage
[09:17:02] > celinesanrio remove x2 §x§5§C§C§F§F§C§lC§x§5§C§D§1§F§5§lo§x§5§D§D§4§E§E§ls§x§5§D§D§6§E§7§lm§x§5§E§D§9§E§1§le§x§5§E§D§B§D§A§lt§x§5§E§D§D§D§3§li§x§5§F§E§0§C§C§lc §x§5§F§E§0§C§C§lH§x§5§E§D§D§D§3§la§x§5§E§D§B§D§A§lt§x§5§E§D§9§E§1§ls §x§5§D§D§4§E§E§lK§x§5§C§D§1§F§5§le§x§5§C§C§F§F§C§ly from storage
[09:17:03] > celinesanrio remove x1 Light blue shulker box from storage
[09:17:13] > celinesanrio added x1 Silence armor trim smithing template in auction for 200000.
[09:17:32] > celinesanrio added x1 Netherite ingot in auction for 20000.
[09:17:39] > minecraft buy x1 Netherite ingot to celinesanrio for $20,000.
[09:17:45] > celinesanrio added x1 Ancient debris in auction for 5000.
[09:18:42] > celinesanrio remove x1 Silence armor trim smithing template from storage
[09:18:43] > celinesanrio remove x1 Ancient debris from storage
[09:18:47] > celinesanrio added x1 Ancient debris in auction for 4000.
[09:19:19] > FriendlyT0ast buy x1 §x§A§5§8§0§D§D§lᴇᴘɪᴄ ɪᴛᴇᴍ to Fr4gzzz for $50,000.
[09:19:26] > FriendlyT0ast remove x1 §x§A§5§8§0§D§D§lᴇᴘɪᴄ ɪᴛᴇᴍ from buy
[09:20:02] > ZenNova_ remove x1 Music disc lava chicken from buy
[09:21:05] > celinesanrio added x1 Red shulker box in auction for 30000.
[09:21:45] > giyahnpogi buy x1 Red shulker box to celinesanrio for $30,000.
[09:22:01] > celinesanrio added x3 Skeleton skull in auction for 30000.
[09:22:59] > celinesanrio added x1 §x§9§8§6§3§E§7§lG§x§9§0§7§5§E§2§lo§x§8§8§8§7§D§D§ld§x§8§0§9§9§D§8§ll§x§7§7§A§C§D§4§ly §x§6§7§D§0§C§A§lC§x§5§F§E§2§C§5§lr§x§6§7§D§0§C§A§la§x§6§F§B§E§C§F§lt§x§7§7§A§C§D§4§le §x§8§8§8§7§D§D§lK§x§9§0§7§5§E§2§le§x§9§8§6§3§E§7§ly in auction for 250000.
[09:23:03] > giyahnpogi buy x1 §x§9§8§6§3§E§7§lG§x§9§0§7§5§E§2§lo§x§8§8§8§7§D§D§ld§x§8§0§9§9§D§8§ll§x§7§7§A§C§D§4§ly §x§6§7§D§0§C§A§lC§x§5§F§E§2§C§5§lr§x§6§7§D§0§C§A§la§x§6§F§B§E§C§F§lt§x§7§7§A§C§D§4§le §x§8§8§8§7§D§D§lK§x§9§0§7§5§E§2§le§x§9§8§6§3§E§7§ly to celinesanrio for $250,000.
[09:24:30] > celinesanrio added x4 Cooked beef in auction for 10.
[09:24:31] > minecraft remove x1 Netherite ingot from buy
[09:24:49] > st3ph426 buy x4 Cooked beef to celinesanrio for $10.
[09:24:59] > st3ph426 remove x4 Cooked beef from buy
[09:25:59] > .BoredSwing20 added x1 §x§9§8§6§3§E§7§lG§x§9§0§7§5§E§2§lo§x§8§8§8§7§D§D§ld§x§8§0§9§9§D§8§ll§x§7§7§A§C§D§4§ly §x§6§7§D§0§C§A§lC§x§5§F§E§2§C§5§lr§x§6§7§D§0§C§A§la§x§6§F§B§E§C§F§lt§x§7§7§A§C§D§4§le §x§8§8§8§7§D§D§lK§x§9§0§7§5§E§2§le§x§9§8§6§3§E§7§ly in auction for 250000.
[09:26:01] > Sezemi buy x1 §x§9§8§6§3§E§7§lG§x§9§0§7§5§E§2§lo§x§8§8§8§7§D§D§ld§x§8§0§9§9§D§8§ll§x§7§7§A§C§D§4§ly §x§6§7§D§0§C§A§lC§x§5§F§E§2§C§5§lr§x§6§7§D§0§C§A§la§x§6§F§B§E§C§F§lt§x§7§7§A§C§D§4§le §x§8§8§8§7§D§D§lK§x§9§0§7§5§E§2§le§x§9§8§6§3§E§7§ly to .BoredSwing20 for $250,000.
[09:26:36] > giyahnpogi remove x1 §x§9§8§6§3§E§7§lG§x§9§0§7§5§E§2§lo§x§8§8§8§7§D§D§ld§x§8§0§9§9§D§8§ll§x§7§7§A§C§D§4§ly §x§6§7§D§0§C§A§lC§x§5§F§E§2§C§5§lr§x§6§7§D§0§C§A§la§x§6§F§B§E§C§F§lt§x§7§7§A§C§D§4§le §x§8§8§8§7§D§D§lK§x§9§0§7§5§E§2§le§x§9§8§6§3§E§7§ly from buy
[09:26:38] > giyahnpogi remove x1 Red shulker box from buy
[09:32:49] > celinesanrio added x1 §x§F§F§5§5§0§0§lsᴇʟʟᴡᴀɴᴅ §6- 10.0x in auction for 900000.
[09:33:02] > Artdeh buy x1 §x§F§F§5§5§0§0§lsᴇʟʟᴡᴀɴᴅ §6- 10.0x to celinesanrio for $900,000.
[09:42:48] > Puffingsponge added x1 §x§F§C§9§0§5§C§lE§x§E§6§9§C§6§B§lp§x§C§F§A§7§7§A§li§x§B§9§B§3§8§9§lc §x§8§C§C§B§A§7§lC§x§7§5§D§6§B§6§lr§x§5§F§E§2§C§5§la§x§7§9§D§4§B§4§lt§x§9§3§C§7§A§2§le §x§C§8§A§B§7§F§lK§x§E§2§9§E§6§E§le§x§F§C§9§0§5§C§ly in auction for 10.
[09:42:54] > TostyZura buy x1 §x§F§C§9§0§5§C§lE§x§E§6§9§C§6§B§lp§x§C§F§A§7§7§A§li§x§B§9§B§3§8§9§lc §x§8§C§C§B§A§7§lC§x§7§5§D§6§B§6§lr§x§5§F§E§2§C§5§la§x§7§9§D§4§B§4§lt§x§9§3§C§7§A§2§le §x§C§8§A§B§7§F§lK§x§E§2§9§E§6§E§le§x§F§C§9§0§5§C§ly to Puffingsponge for $10.
[09:51:23] > TostyZura added x64 Wind charge in auction for 10000.
[09:51:40] > Artdeh remove x1 §x§F§F§5§5§0§0§lsᴇʟʟᴡᴀɴᴅ §6- 10.0x from buy
[09:52:03] > TostyZura remove x60 Wind charge from storage
[09:54:30] > TostyZura added x64 Wind charge in auction for 1000000.
[09:54:38] > TostyZura remove x54 Wind charge from storage
[09:55:18] > anneyong added x31 Wind charge in auction for 1000000000.
[09:57:02] > anneyong remove x31 Wind charge from storage
[09:57:32] > anneyong added x31 Wind charge in auction for 67.
[09:57:41] > minecraft buy x31 Wind charge to anneyong for $67.
[09:57:47] > minecraft remove x31 Wind charge from buy
[10:00:02] > celinesanrio added x64 Breeze rod in auction for 128000.
[10:01:40] > celinesanrio added x12 Wind charge in auction for 6000.
[10:02:43] > Puffingsponge added x1 §x§9§8§6§3§E§7§lG§x§9§0§7§5§E§2§lo§x§8§8§8§7§D§D§ld§x§8§0§9§9§D§8§ll§x§7§7§A§C§D§4§ly §x§6§7§D§0§C§A§lC§x§5§F§E§2§C§5§lr§x§6§7§D§0§C§A§la§x§6§F§B§E§C§F§lt§x§7§7§A§C§D§4§le §x§8§8§8§7§D§D§lK§x§9§0§7§5§E§2§le§x§9§8§6§3§E§7§ly in auction for 10.
[10:02:45] > anneyong buy x1 §x§9§8§6§3§E§7§lG§x§9§0§7§5§E§2§lo§x§8§8§8§7§D§D§ld§x§8§0§9§9§D§8§ll§x§7§7§A§C§D§4§ly §x§6§7§D§0§C§A§lC§x§5§F§E§2§C§5§lr§x§6§7§D§0§C§A§la§x§6§F§B§E§C§F§lt§x§7§7§A§C§D§4§le §x§8§8§8§7§D§D§lK§x§9§0§7§5§E§2§le§x§9§8§6§3§E§7§ly to Puffingsponge for $10.
[10:03:00] > minecraft buy x12 Wind charge to celinesanrio for $6,000.
[10:03:05] > Pewpew buy x64 Breeze rod to celinesanrio for $128,000.
[10:19:17] > st3ph426 added x1 §f§l§x§F§C§D§0§5§CW§x§F§A§A§6§4§Au§x§F§8§7§D§3§7k§x§F§7§5§3§2§5o§x§F§5§2§A§1§2n§x§F§3§0§0§0§0g§x§F§5§2§A§1§2 §x§F§7§5§3§2§5C§x§F§8§7§D§3§7l§x§F§A§A§6§4§Au§x§F§C§D§0§5§Cb in auction for 500000.
[10:19:42] > st3ph426 remove x1 §f§l§x§F§C§D§0§5§CW§x§F§A§A§6§4§Au§x§F§8§7§D§3§7k§x§F§7§5§3§2§5o§x§F§5§2§A§1§2n§x§F§3§0§0§0§0g§x§F§5§2§A§1§2 §x§F§7§5§3§2§5C§x§F§8§7§D§3§7l§x§F§A§A§6§4§Au§x§F§C§D§0§5§Cb form storage
[10:20:19] > st3ph426 added x1 §f§l§x§F§C§D§0§5§CW§x§F§A§A§6§4§Au§x§F§8§7§D§3§7k§x§F§7§5§3§2§5o§x§F§5§2§A§1§2n§x§F§3§0§0§0§0g§x§F§5§2§A§1§2 §x§F§7§5§3§2§5C§x§F§8§7§D§3§7l§x§F§A§A§6§4§Au§x§F§C§D§0§5§Cb in auction for 450000.
[10:32:28] > st3ph426 remove x1 §f§l§x§F§C§D§0§5§CW§x§F§A§A§6§4§Au§x§F§8§7§D§3§7k§x§F§7§5§3§2§5o§x§F§5§2§A§1§2n§x§F§3§0§0§0§0g§x§F§5§2§A§1§2 §x§F§7§5§3§2§5C§x§F§8§7§D§3§7l§x§F§A§A§6§4§Au§x§F§C§D§0§5§Cb from storage
[10:33:32] > Pewpew remove x64 Breeze rod from buy
[10:35:36] > HEYkay27 added x1 §x§F§F§3§E§0§0§lD§x§F§F§3§7§0§0§le§x§F§F§3§0§0§0§lm§x§F§F§2§9§0§0§lo§x§F§F§2§2§0§0§ln §x§F§F§1§5§0§0§lL§x§F§F§0§E§0§0§lo§x§F§F§0§7§0§0§lr§x§F§F§0§0§0§0§ld §x§F§F§0§E§0§0§lL§x§F§F§1§5§0§0§le§x§F§F§1§C§0§0§lg§x§F§F§2§2§0§0§lg§x§F§F§2§9§0§0§li§x§F§F§3§0§0§0§ln§x§F§F§3§7§0§0§lg§x§F§F§3§E§0§0§ls in auction for 250000.
[10:37:49] > TostyZura added x64 Wind charge in auction for 10000.
[10:37:56] > minecraft buy x64 Wind charge to TostyZura for $10,000.
[10:38:03] > minecraft remove x64 Wind charge from buy
[10:38:03] > minecraft remove x12 Wind charge from buy
[10:38:18] > HEYkay27 added x1 §x§F§F§3§E§0§0§lSellwand Voucher in auction for 1000000.
[10:38:32] > Truk_Harbos remove x6 Stone form storage
[10:38:32] > Truk_Harbos remove x6 Stone form storage
[10:38:48] > HEYkay27 added x1 §x§F§F§3§E§0§0§lSellwand Voucher in auction for 1000000.
[10:42:16] > TostyZura added x1 §x§F§F§5§5§0§0§lsᴇʟʟᴡᴀɴᴅ §6- 5.0x in auction for 350000.
[10:42:23] > Sezemi buy x1 §x§F§F§5§5§0§0§lsᴇʟʟᴡᴀɴᴅ §6- 5.0x to TostyZura for $350,000.
[10:42:28] > TostyZura added x1 §x§F§F§5§5§0§0§lsᴇʟʟᴡᴀɴᴅ §6- 10.0x in auction for 800000.
[10:42:35] > nagiiish buy x1 §x§F§F§5§5§0§0§lsᴇʟʟᴡᴀɴᴅ §6- 10.0x to TostyZura for $800,000.
[10:43:00] > nagiiish remove x1 §x§F§F§5§5§0§0§lsᴇʟʟᴡᴀɴᴅ §6- 10.0x from buy
[10:52:41] > Pharolen2 added x1 §x§F§F§5§5§0§0§lsᴇʟʟᴡᴀɴᴅ §6- 10.0x in auction for 600000.
[10:52:50] > MrGh0st1y remove x1 Deepslate emerald ore from storage
[10:52:51] > MrGh0st1y remove x1 DEOSHOP IS BUYING WITCH SPAWNER FOR 400k from storage
[10:52:52] > Rain_Reinn buy x1 §x§F§F§5§5§0§0§lsᴇʟʟᴡᴀɴᴅ §6- 10.0x to Pharolen2 for $600,000.
[10:52:58] > MrGh0st1y added x1 Deepslate emerald ore in auction for 999999999.
[10:53:03] > Rain_Reinn remove x1 §x§F§F§5§5§0§0§lsᴇʟʟᴡᴀɴᴅ §6- 10.0x form buy
[10:53:11] > MrGh0st1y added x1 DEOSHOP IS BUYING WITCH SPAWNER FOR 400k in auction for 999999999.
[10:53:29] > minecraft added x1 §x§F§F§5§5§0§0§lsᴇʟʟᴡᴀɴᴅ §6- 5.0x in auction for 350000.
[10:54:06] > anneyong buy x1 §x§F§F§5§5§0§0§lsᴇʟʟᴡᴀɴᴅ §6- 5.0x to minecraft for $350,000.
[10:58:15] > st3ph426 added x1 §f§l§x§F§C§D§0§5§CW§x§F§A§A§6§4§Au§x§F§8§7§D§3§7k§x§F§7§5§3§2§5o§x§F§5§2§A§1§2n§x§F§3§0§0§0§0g§x§F§5§2§A§1§2 §x§F§7§5§3§2§5C§x§F§8§7§D§3§7l§x§F§A§A§6§4§Au§x§F§C§D§0§5§Cb in auction for 300000.
[11:04:57] > st3ph426 remove x1 §f§l§x§F§C§D§0§5§CW§x§F§A§A§6§4§Au§x§F§8§7§D§3§7k§x§F§7§5§3§2§5o§x§F§5§2§A§1§2n§x§F§3§0§0§0§0g§x§F§5§2§A§1§2 §x§F§7§5§3§2§5C§x§F§8§7§D§3§7l§x§F§A§A§6§4§Au§x§F§C§D§0§5§Cb from storage
[11:05:07] > st3ph426 added x1 §f§l§x§F§C§D§0§5§CW§x§F§A§A§6§4§Au§x§F§8§7§D§3§7k§x§F§7§5§3§2§5o§x§F§5§2§A§1§2n§x§F§3§0§0§0§0g§x§F§5§2§A§1§2 §x§F§7§5§3§2§5C§x§F§8§7§D§3§7l§x§F§A§A§6§4§Au§x§F§C§D§0§5§Cb in auction for 300000.
[11:05:46] > st3ph426 added x1 §x§F§F§3§E§0§0§lD§x§F§F§3§6§0§0§le§x§F§F§2§F§0§0§lm§x§F§F§2§7§0§0§lo§x§F§F§1§F§0§0§ln §x§F§F§1§0§0§0§lL§x§F§F§0§8§0§0§lo§x§F§F§0§0§0§0§lr§x§F§F§0§8§0§0§ld §x§F§F§1§7§0§0§lS§x§F§F§1§F§0§0§lh§x§F§F§2§7§0§0§li§x§F§F§2§F§0§0§le§x§F§F§3§6§0§0§ll§x§F§F§3§E§0§0§ld in auction for 200000.
[11:06:07] > MrGh0st1y buy x1 Ancient debris to celinesanrio for $4,000.
[11:06:12] > MrGh0st1y buy x3 Skeleton skull to celinesanrio for $30,000.
[11:07:03] > st3ph426 remove x1 §f§l§x§F§C§D§0§5§CW§x§F§A§A§6§4§Au§x§F§8§7§D§3§7k§x§F§7§5§3§2§5o§x§F§5§2§A§1§2n§x§F§3§0§0§0§0g§x§F§5§2§A§1§2 §x§F§7§5§3§2§5C§x§F§8§7§D§3§7l§x§F§A§A§6§4§Au§x§F§C§D§0§5§Cb from storage
[11:07:14] > st3ph426 added x1 §f§l§x§F§C§D§0§5§CW§x§F§A§A§6§4§Au§x§F§8§7§D§3§7k§x§F§7§5§3§2§5o§x§F§5§2§A§1§2n§x§F§3§0§0§0§0g§x§F§5§2§A§1§2 §x§F§7§5§3§2§5C§x§F§8§7§D§3§7l§x§F§A§A§6§4§Au§x§F§C§D§0§5§Cb in auction for 250000.
[11:08:06] > Pharolen2 added x2 §esᴘɪᴅᴇʀ sᴘᴀᴡɴᴇʀ in auction for 300000.
[11:14:07] > Sezemi remove x1 §x§9§8§6§3§E§7§lG§x§9§0§7§5§E§2§lo§x§8§8§8§7§D§D§ld§x§8§0§9§9§D§8§ll§x§7§7§A§C§D§4§ly §x§6§7§D§0§C§A§lC§x§5§F§E§2§C§5§lr§x§6§7§D§0§C§A§la§x§6§F§B§E§C§F§lt§x§7§7§A§C§D§4§le §x§8§8§8§7§D§D§lK§x§9§0§7§5§E§2§le§x§9§8§6§3§E§7§ly from buy
[11:14:25] > st3ph426 remove x1 §x§F§F§3§E§0§0§lD§x§F§F§3§6§0§0§le§x§F§F§2§F§0§0§lm§x§F§F§2§7§0§0§lo§x§F§F§1§F§0§0§ln §x§F§F§1§0§0§0§lL§x§F§F§0§8§0§0§lo§x§F§F§0§0§0§0§lr§x§F§F§0§8§0§0§ld §x§F§F§1§7§0§0§lS§x§F§F§1§F§0§0§lh§x§F§F§2§7§0§0§li§x§F§F§2§F§0§0§le§x§F§F§3§6§0§0§ll§x§F§F§3§E§0§0§ld from storage
[11:23:13] > .SharkyisHungry buy x2 §esᴘɪᴅᴇʀ sᴘᴀᴡɴᴇʀ to Pharolen2 for $300,000.
[11:23:46] > .SharkyisHungry remove x2 §esᴘɪᴅᴇʀ sᴘᴀᴡɴᴇʀ from buy
[11:28:12] > Pewpew added x4 §x§F§F§3§E§0§0§lD§x§F§F§3§7§0§0§le§x§F§F§3§0§0§0§lm§x§F§F§2§9§0§0§lo§x§F§F§2§2§0§0§ln §x§F§F§1§5§0§0§lL§x§F§F§0§E§0§0§lo§x§F§F§0§7§0§0§lr§x§F§F§0§0§0§0§ld §x§F§F§0§E§0§0§lF§x§F§F§1§5§0§0§lr§x§F§F§1§C§0§0§la§x§F§F§2§2§0§0§lg§x§F§F§2§9§0§0§lm§x§F§F§3§0§0§0§le§x§F§F§3§7§0§0§ln§x§F§F§3§E§0§0§lt in auction for 1000000.
[11:29:26] > Runz added x1 §f§l§x§F§C§D§0§5§CW§x§F§A§A§2§4§8u§x§F§8§7§4§3§3k§x§F§6§4§5§1§Fo§x§F§4§1§7§0§Ang§x§F§6§4§5§1§F §x§F§8§7§4§3§3H§x§F§A§A§2§4§8a§x§F§C§D§0§5§Ct in auction for 150000.
[11:29:37] > Runz added x1 §f§l§x§F§C§D§0§5§CW§x§F§B§B§6§5§1u§x§F§A§9§C§4§5k§x§F§9§8§2§3§Ao§x§F§8§6§8§2§En§x§F§6§4§E§2§3g§x§F§5§3§4§1§7 §x§F§4§1§A§0§CG§x§F§3§0§0§0§0r§x§F§4§1§A§0§Ce§x§F§5§3§4§1§7a§x§F§6§4§E§2§3t§x§F§8§6§8§2§Es§x§F§9§8§2§3§Aw§x§F§A§9§C§4§5o§x§F§B§B§6§5§1r§x§F§C§D§0§5§Cd in auction for 200000.
[11:30:41] > Zypher_0w0 added x64 Glowstone in auction for 640.
[11:33:42] > st3ph426 added x1 §f§l§x§F§C§D§0§5§CW§x§F§B§B§6§5§1u§x§F§A§9§C§4§5k§x§F§9§8§2§3§Ao§x§F§8§6§8§2§En§x§F§6§4§E§2§3g§x§F§5§3§4§1§7 §x§F§4§1§A§0§CG§x§F§3§0§0§0§0r§x§F§4§1§A§0§Ce§x§F§5§3§4§1§7a§x§F§6§4§E§2§3t§x§F§8§6§8§2§Es§x§F§9§8§2§3§Aw§x§F§A§9§C§4§5o§x§F§B§B§6§5§1r§x§F§C§D§0§5§Cd in auction for 200000.
[11:33:59] > st3ph426 remove x1 §f§l§x§F§C§D§0§5§CW§x§F§B§B§6§5§1u§x§F§A§9§C§4§5k§x§F§9§8§2§3§Ao§x§F§8§6§8§2§En§x§F§6§4§E§2§3g§x§F§5§3§4§1§7 §x§F§4§1§A§0§CG§x§F§3§0§0§0§0r§x§F§4§1§A§0§Ce§x§F§5§3§4§1§7a§x§F§6§4§E§2§3t§x§F§8§6§8§2§Es§x§F§9§8§2§3§Aw§x§F§A§9§C§4§5o§x§F§B§B§6§5§1r§x§F§C§D§0§5§Cd from storage
[11:34:00] > st3ph426 remove x1 §f§l§x§F§C§D§0§5§CW§x§F§A§A§6§4§Au§x§F§8§7§D§3§7k§x§F§7§5§3§2§5o§x§F§5§2§A§1§2n§x§F§3§0§0§0§0g§x§F§5§2§A§1§2 §x§F§7§5§3§2§5C§x§F§8§7§D§3§7l§x§F§A§A§6§4§Au§x§F§C§D§0§5§Cb from storage
[11:34:10] > st3ph426 added x1 §f§l§x§F§C§D§0§5§CW§x§F§B§B§6§5§1u§x§F§A§9§C§4§5k§x§F§9§8§2§3§Ao§x§F§8§6§8§2§En§x§F§6§4§E§2§3g§x§F§5§3§4§1§7 §x§F§4§1§A§0§CG§x§F§3§0§0§0§0r§x§F§4§1§A§0§Ce§x§F§5§3§4§1§7a§x§F§6§4§E§2§3t§x§F§8§6§8§2§Es§x§F§9§8§2§3§Aw§x§F§A§9§C§4§5o§x§F§B§B§6§5§1r§x§F§C§D§0§5§Cd in auction for 1000000.
[11:34:20] > st3ph426 remove x1 §f§l§x§F§C§D§0§5§CW§x§F§B§B§6§5§1u§x§F§A§9§C§4§5k§x§F§9§8§2§3§Ao§x§F§8§6§8§2§En§x§F§6§4§E§2§3g§x§F§5§3§4§1§7 §x§F§4§1§A§0§CG§x§F§3§0§0§0§0r§x§F§4§1§A§0§Ce§x§F§5§3§4§1§7a§x§F§6§4§E§2§3t§x§F§8§6§8§2§Es§x§F§9§8§2§3§Aw§x§F§A§9§C§4§5o§x§F§B§B§6§5§1r§x§F§C§D§0§5§Cd from storage
[11:34:30] > st3ph426 added x1 §f§l§x§F§C§D§0§5§CW§x§F§B§B§6§5§1u§x§F§A§9§C§4§5k§x§F§9§8§2§3§Ao§x§F§8§6§8§2§En§x§F§6§4§E§2§3g§x§F§5§3§4§1§7 §x§F§4§1§A§0§CG§x§F§3§0§0§0§0r§x§F§4§1§A§0§Ce§x§F§5§3§4§1§7a§x§F§6§4§E§2§3t§x§F§8§6§8§2§Es§x§F§9§8§2§3§Aw§x§F§A§9§C§4§5o§x§F§B§B§6§5§1r§x§F§C§D§0§5§Cd in auction for 100000.
[11:34:47] > st3ph426 added x1 §f§l§x§F§C§D§0§5§CW§x§F§A§A§6§4§Au§x§F§8§7§D§3§7k§x§F§7§5§3§2§5o§x§F§5§2§A§1§2n§x§F§3§0§0§0§0g§x§F§5§2§A§1§2 §x§F§7§5§3§2§5C§x§F§8§7§D§3§7l§x§F§A§A§6§4§Au§x§F§C§D§0§5§Cb in auction for 200000.
[11:42:01] > x1 §x§9§8§6§3§E§7§lG§x§9§0§7§5§E§2§lo§x§8§8§8§7§D§D§ld§x§8§0§9§9§D§8§ll§x§7§7§A§C§D§4§ly §x§6§7§D§0§C§A§lC§x§5§F§E§2§C§5§lr§x§6§7§D§0§C§A§la§x§6§F§B§E§C§F§lt§x§7§7§A§C§D§4§le §x§8§8§8§7§D§D§lK§x§9§0§7§5§E§2§le§x§9§8§6§3§E§7§ly on sale by RedolentPotato has just expired, it goes in the inventory of expired items.
[11:42:01] > Runz added x1 §f§l§x§F§A§0§0§0§AD§x§F§A§1§E§1§6a§x§F§B§3§B§2§1r§x§F§B§5§9§2§Dk§x§F§B§7§7§3§9f§x§F§B§9§5§4§5l§x§F§C§B§2§5§0a§x§F§C§D§0§5§Cm§x§F§C§B§2§5§0e§x§F§B§9§5§4§5 §x§F§B§7§7§3§9S§x§F§B§5§9§2§Dt§x§F§B§3§B§2§1a§x§F§A§1§E§1§6f§x§F§A§0§0§0§Af in auction for 2000000.
[11:42:43] > Pewpew added x1 §x§F§F§5§5§0§0§lsᴇʟʟᴡᴀɴᴅ §6- 5.0x in auction for 600000.
[11:44:33] > Pewpew added x10 §x§F§C§9§0§5§C§lE§x§E§6§9§C§6§B§lp§x§C§F§A§7§7§A§li§x§B§9§B§3§8§9§lc §x§8§C§C§B§A§7§lC§x§7§5§D§6§B§6§lr§x§5§F§E§2§C§5§la§x§7§9§D§4§B§4§lt§x§9§3§C§7§A§2§le §x§C§8§A§B§7§F§lK§x§E§2§9§E§6§E§le§x§F§C§9§0§5§C§ly in auction for 200000.
[11:44:35] > Runz added x1 §f§l§x§F§A§0§0§0§AD§x§F§A§1§5§1§2a§x§F§A§2§A§1§Ar§x§F§B§3§E§2§3k§x§F§B§5§3§2§Bf§x§F§B§6§8§3§3l§x§F§B§7§D§3§Ba§x§F§B§9§2§4§3m§x§F§C§A§6§4§Ce§x§F§C§B§B§5§4 §x§F§C§D§0§5§CF§x§F§C§B§B§5§4i§x§F§C§A§6§4§Cs§x§F§B§9§2§4§3h§x§F§B§7§D§3§Bi§x§F§B§6§8§3§3n§x§F§B§5§3§2§Bg§x§F§B§3§E§2§3 §x§F§A§2§A§1§AR§x§F§A§1§5§1§2o§x§F§A§0§0§0§Ad in auction for 1000000.
[11:45:01] > Pewpew added x5 §x§F§C§D§0§5§C§lB§x§E§6§D§3§6§B§la§x§C§F§D§5§7§A§ls§x§B§9§D§8§8§9§li§x§A§2§D§A§9§8§lc §x§7§5§D§F§B§6§lC§x§5§F§E§2§C§5§lr§x§7§5§D§F§B§6§la§x§8§C§D§D§A§7§lt§x§A§2§D§A§9§8§le §x§C§F§D§5§7§A§lK§x§E§6§D§3§6§B§le§x§F§C§D§0§5§C§ly in auction for 100000.
[11:45:21] > Pewpew remove x10 §x§F§C§D§0§5§C§lB§x§E§6§D§3§6§B§la§x§C§F§D§5§7§A§ls§x§B§9§D§8§8§9§li§x§A§2§D§A§9§8§lc §x§7§5§D§F§B§6§lC§x§5§F§E§2§C§5§lr§x§7§5§D§F§B§6§la§x§8§C§D§D§A§7§lt§x§A§2§D§A§9§8§le §x§C§F§D§5§7§A§lK§x§E§6§D§3§6§B§le§x§F§C§D§0§5§C§ly from storage
[11:45:22] > Pewpew remove x5 §x§F§C§D§0§5§C§lB§x§E§6§D§3§6§B§la§x§C§F§D§5§7§A§ls§x§B§9§D§8§8§9§li§x§A§2§D§A§9§8§lc §x§7§5§D§F§B§6§lC§x§5§F§E§2§C§5§lr§x§7§5§D§F§B§6§la§x§8§C§D§D§A§7§lt§x§A§2§D§A§9§8§le §x§C§F§D§5§7§A§lK§x§E§6§D§3§6§B§le§x§F§C§D§0§5§C§ly from storage
[11:46:24] > Pewpew added x1 §x§E§5§1§B§1§B§lDracula Leggings in auction for 100000.
[11:52:30] > Runz added x4 §x§F§F§3§E§0§0§lD§x§F§F§3§7§0§0§le§x§F§F§3§0§0§0§lm§x§F§F§2§9§0§0§lo§x§F§F§2§2§0§0§ln §x§F§F§1§5§0§0§lL§x§F§F§0§E§0§0§lo§x§F§F§0§7§0§0§lr§x§F§F§0§0§0§0§ld §x§F§F§0§E§0§0§lF§x§F§F§1§5§0§0§lr§x§F§F§1§C§0§0§la§x§F§F§2§2§0§0§lg§x§F§F§2§9§0§0§lm§x§F§F§3§0§0§0§le§x§F§F§3§7§0§0§ln§x§F§F§3§E§0§0§lt in auction for 400000.
[11:55:53] > Sezemi remove x1 §x§F§F§5§5§0§0§lsᴇʟʟᴡᴀɴᴅ §6- 5.0x from buy
[11:56:03] > Sezemi remove x1 §x§F§F§5§5§0§0§lsᴇʟʟᴡᴀɴᴅ §6- 5.0x from buy
[11:56:04] > Sezemi remove x1 §x§F§F§5§5§0§0§lsᴇʟʟᴡᴀɴᴅ §6- 5.0x from buy