
[12:02:43] > SenjuKawaragi remove x1 §x§F§F§5§5§0§0§lsᴇʟʟᴡᴀɴᴅ §6- 10.0x from buy
[12:19:42] > belvi__ buy x11 Ancient debris to EXEZUNO for $100,000.
[12:19:46] > belvi__ remove x11 Ancient debris from buy
[12:22:54] > belvi__ added x1 §x§F§F§5§5§0§0§lsᴇʟʟᴡᴀɴᴅ §6- 5.0x in auction for 300000.
[12:33:47] > johnowenz1 buy x2 Trial key to Ab0 for $20,000.
[12:33:57] > johnowenz1 remove x2 Trial key from buy
[12:40:23] > x1 §x§F§F§3§E§0§0§lD§x§F§F§3§5§0§0§le§x§F§F§2§C§0§0§lm§x§F§F§2§3§0§0§lo§x§F§F§1§B§0§0§ln §x§F§F§0§9§0§0§lL§x§F§F§0§0§0§0§lo§x§F§F§0§A§0§0§lr§x§F§F§1§5§0§0§ld §x§F§F§2§9§0§0§lB§x§F§F§3§4§0§0§lo§x§F§F§3§E§0§0§lw on sale by nebula12321 has just expired, it goes in the inventory of expired items.
[12:40:23] > x1 §f§l§x§8§A§0§0§F§FS§x§9§9§0§0§D§Bh§x§A§8§0§0§B§6i§x§B§7§0§0§9§2n§x§C§6§0§0§6§De§x§D§5§0§0§4§9 §x§E§4§0§0§2§4O§x§F§3§0§0§0§0n§x§E§4§0§0§2§4i§x§D§5§0§0§4§9 §x§C§6§0§0§6§DS§x§B§7§0§0§9§2p§x§A§8§0§0§B§6e§x§9§9§0§0§D§Ba§x§8§A§0§0§F§Fr on sale by nebula12321 has just expired, it goes in the inventory of expired items.
[12:42:04] > EXEZUNO buy x1 Enchanted book to meevgang777 for $150,000.
[12:43:19] > johnowenz1 added x2 Ominous trial key in auction for 100000.
[12:43:41] > NoClarity added x1 §x§E§5§1§B§1§B§lDracula Battleaxe in auction for 80000.
[12:44:03] > M1CH45L buy x1 §x§E§5§1§B§1§B§lDracula Battleaxe to NoClarity for $80,000.
[12:44:37] > M1CH45L remove x1 §x§E§5§1§B§1§B§lDracula Battleaxe from buy
[13:23:41] > Blinkrzz added x64 Melon slice in auction for 100.
[13:23:57] > Trapers1 buy x1 §x§F§F§5§5§0§0§lsᴇʟʟᴡᴀɴᴅ §6- 5.0x to belvi__ for $300,000.
[13:24:04] > Trapers1 remove x1 §x§F§F§5§5§0§0§lsᴇʟʟᴡᴀɴᴅ §6- 5.0x form buy
[13:24:15] > Trapers1 added x1 §x§F§F§5§5§0§0§lsᴇʟʟᴡᴀɴᴅ §6- 5.0x in auction for 420000.
[13:32:25] > Blinkrzz remove x1 IDEK from storage
[13:41:54] > x1 §x§F§F§3§E§0§0§lD§x§F§F§3§6§0§0§le§x§F§F§2§F§0§0§lm§x§F§F§2§7§0§0§lo§x§F§F§1§F§0§0§ln §x§F§F§1§0§0§0§lL§x§F§F§0§8§0§0§lo§x§F§F§0§0§0§0§lr§x§F§F§0§8§0§0§ld §x§F§F§1§7§0§0§lH§x§F§F§1§F§0§0§le§x§F§F§2§7§0§0§ll§x§F§F§2§F§0§0§lm§x§F§F§3§6§0§0§le§x§F§F§3§E§0§0§lt on sale by nachfaust has just expired, it goes in the inventory of expired items.
[13:43:19] > alecczzz added x1 §7Cemetery Hat in auction for 70000.
[14:02:32] > Icon_Skully remove x1 §x§5§9§A§1§D§9§lA§x§7§1§A§E§D§Er§x§8§8§B§C§E§4c§x§A§0§C§9§E§9h§x§B§8§D§7§E§Fa§x§D§0§E§4§F§4n§x§E§7§F§2§F§Ag§fe§x§E§7§F§2§F§Al §x§B§8§D§7§E§FS§x§A§0§C§9§E§9t§x§8§8§B§C§E§4a§x§7§1§A§E§D§Ef§x§5§9§A§1§D§9f from buy
[14:02:33] > Icon_Skully remove x1 §x§F§F§5§5§0§0§lsᴇʟʟᴡᴀɴᴅ §6- 5.0x from buy
[14:02:34] > Icon_Skully remove x1 §x§F§F§5§5§0§0§lsᴇʟʟᴡᴀɴᴅ §6- 5.0x from buy
[14:13:39] > 3xdmge remove x1 §x§F§F§3§E§0§0§lSellwand Voucher from storage
[14:13:44] > x1 §f§l§8B§x§6§2§6§2§6§2a§x§6§F§6§F§6§Fh§x§7§C§7§C§7§Ca§x§8§9§8§9§8§9m§x§9§6§9§6§9§6u§x§A§3§A§3§A§3t §x§9§6§9§6§9§6H§x§8§9§8§9§8§9a§x§7§C§7§C§7§Ct§x§6§F§6§F§6§F §x§6§2§6§2§6§2V§82, item of elowyn, has just expired, the item is definitively deleted.
[14:13:45] > 3xdmge remove x1 §x§F§F§3§E§0§0§lSellwand Voucher from expire
[14:14:19] > 3xdmge added x1 §x§F§F§5§5§0§0§lsᴇʟʟᴡᴀɴᴅ §6- 20.0x in auction for 390000.
[14:14:24] > Keenorana buy x1 §x§F§F§5§5§0§0§lsᴇʟʟᴡᴀɴᴅ §6- 20.0x to 3xdmge for $390,000.
[14:14:40] > Icon_Skully buy x64 Sweet berries to aroraru for $6,400.
[14:14:50] > Icon_Skully remove x64 Sweet berries from buy
[14:16:14] > Keenorana remove x1 §x§F§F§5§5§0§0§lsᴇʟʟᴡᴀɴᴅ §6- 20.0x from buy
[14:18:50] > x1 §x§E§5§1§B§1§B§lDracula Wings on sale by Renzy01 has just expired, it goes in the inventory of expired items.
[14:21:00] > acethepunks added x1 Enchanted golden apple in auction for 10000.
[14:21:07] > NoClarity buy x1 Enchanted golden apple to acethepunks for $10,000.
[14:21:12] > NoClarity remove x1 Enchanted golden apple from buy
[14:34:50] > belvi__ added x1 §x§5§F§E§2§C§5Forest Fishing rod in auction for 50000.
[14:34:56] > Icon_Skully buy x1 §x§5§F§E§2§C§5Forest Fishing rod to belvi__ for $50,000.
[14:56:52] > x1 Mace on sale by auvicious has just expired, it goes in the inventory of expired items.
[15:08:25] > Anc_Kyoto remove x1 §f§l§x§F§A§0§0§0§AD§x§F§A§1§E§1§6a§x§F§B§3§B§2§1r§x§F§B§5§9§2§Dk§x§F§B§7§7§3§9f§x§F§B§9§5§4§5l§x§F§C§B§2§5§0a§x§F§C§D§0§5§Cm§x§F§C§B§2§5§0e§x§F§B§9§5§4§5 §x§F§B§7§7§3§9S§x§F§B§5§9§2§Dw§x§F§B§3§B§2§1o§x§F§A§1§E§1§6r§x§F§A§0§0§0§Ad from storage
[15:08:32] > Anc_Kyoto added x1 §f§l§x§F§A§0§0§0§AD§x§F§A§1§E§1§6a§x§F§B§3§B§2§1r§x§F§B§5§9§2§Dk§x§F§B§7§7§3§9f§x§F§B§9§5§4§5l§x§F§C§B§2§5§0a§x§F§C§D§0§5§Cm§x§F§C§B§2§5§0e§x§F§B§9§5§4§5 §x§F§B§7§7§3§9S§x§F§B§5§9§2§Dw§x§F§B§3§B§2§1o§x§F§A§1§E§1§6r§x§F§A§0§0§0§Ad in auction for 1500000.
[15:18:22] > Wemmbuo added x1 Heavy core in auction for 1100000.
[15:18:41] > Wemmbuo added x2 Breeze rod in auction for 10.
[15:19:02] > Wemmbuo remove x1 Heavy core from storage
[15:19:11] > Wemmbuo added x1 Heavy core in auction for 800000.
[15:23:18] > EXEZUNO remove x1 Enchanted book from buy
[15:27:00] > Wemmbuo remove x1 Heavy core from storage
[15:27:10] > Wemmbuo added x1 Heavy core in auction for 700000.
[15:27:27] > JinSoul15 buy x2 Breeze rod to Wemmbuo for $10.
[15:44:28] > Wemmbuo remove x1 Heavy core from storage
[15:44:50] > Wemmbuo added x1 Heavy core in auction for 820000.
[15:49:04] > Fogstrap added x64 Golden apple in auction for 5000000.
[15:49:13] > Fogstrap remove x64 Golden apple from storage
[15:49:16] > Fogstrap added x64 Golden apple in auction for 500000.
[15:58:14] > Wemmbuo added x1 Enchanted golden apple in auction for 5000.
[16:00:07] > Aiiendr15 buy x1 §x§E§5§1§B§1§B§lDracula Sickle to EnderDragon0120 for $125,000.
[16:14:40] > x1 §x§F§F§7§C§0§0§lSteamsparks Shield, bought by P4LDOK, has just expired, the item is definitively deleted.
[16:33:43] > Hunter_Sung remove x1 §f§l§8B§x§6§0§6§0§6§0a§x§6§C§6§C§6§Ch§x§7§7§7§7§7§7a§x§8§2§8§2§8§2m§x§8§E§8§E§8§Eu§x§9§9§9§9§9§9t§x§A§4§A§4§A§4 G§x§9§9§9§9§9§9a§x§8§E§8§E§8§Eu§x§8§2§8§2§8§2n§x§7§7§7§7§7§7t§x§6§C§6§C§6§Cl§x§6§0§6§0§6§0e§8t form expire
[16:33:43] > Hunter_Sung remove x1 §f§l§x§8§A§0§0§F§FS§x§9§9§0§0§D§Bh§x§A§8§0§0§B§6i§x§B§7§0§0§9§2n§x§C§6§0§0§6§De§x§D§5§0§0§4§9 §x§E§4§0§0§2§4O§x§F§3§0§0§0§0n§x§E§4§0§0§2§4i§x§D§5§0§0§4§9 §x§C§6§0§0§6§DS§x§B§7§0§0§9§2t§x§A§8§0§0§B§6a§x§9§9§0§0§D§Bf§x§8§A§0§0§F§Ff form expire
[16:33:43] > Hunter_Sung remove x1 §x§F§F§7§C§0§0§lSteamsparks Wings form expire
[16:33:43] > Hunter_Sung remove x1 §f§l§8B§x§5§F§5§F§5§Fa§x§6§9§6§9§6§9h§x§7§3§7§3§7§3a§x§7§D§7§D§7§Dm§x§8§7§8§7§8§7u§x§9§1§9§1§9§1t§x§9§B§9§B§9§B §x§A§5§A§5§A§5Gr§x§9§B§9§B§9§Be§x§9§1§9§1§9§1a§x§8§7§8§7§8§7t§x§7§D§7§D§7§Ds§x§7§3§7§3§7§3w§x§6§9§6§9§6§9o§x§5§F§5§F§5§Fr§8d form expire
[16:33:43] > Hunter_Sung remove x1 Netherite boots form expire
[16:33:43] > Hunter_Sung remove x1 §x§F§F§3§E§0§0§lD§x§F§F§3§5§0§0§le§x§F§F§2§C§0§0§lm§x§F§F§2§3§0§0§lo§x§F§F§1§B§0§0§ln §x§F§F§0§9§0§0§lL§x§F§F§0§0§0§0§lo§x§F§F§0§A§0§0§lr§x§F§F§1§5§0§0§ld §x§F§F§2§9§0§0§lB§x§F§F§3§4§0§0§lo§x§F§F§3§E§0§0§lw form expire
[16:33:43] > Hunter_Sung remove x1 §x§F§F§3§E§0§0§lDemon Lord Sickle form expire
[16:45:37] > nebula12321 remove x1 §x§F§F§3§E§0§0§lD§x§F§F§3§5§0§0§le§x§F§F§2§C§0§0§lm§x§F§F§2§3§0§0§lo§x§F§F§1§B§0§0§ln §x§F§F§0§9§0§0§lL§x§F§F§0§0§0§0§lo§x§F§F§0§A§0§0§lr§x§F§F§1§5§0§0§ld §x§F§F§2§9§0§0§lB§x§F§F§3§4§0§0§lo§x§F§F§3§E§0§0§lw from expire
[16:45:37] > nebula12321 remove x1 §f§l§x§8§A§0§0§F§FS§x§9§9§0§0§D§Bh§x§A§8§0§0§B§6i§x§B§7§0§0§9§2n§x§C§6§0§0§6§De§x§D§5§0§0§4§9 §x§E§4§0§0§2§4O§x§F§3§0§0§0§0n§x§E§4§0§0§2§4i§x§D§5§0§0§4§9 §x§C§6§0§0§6§DS§x§B§7§0§0§9§2p§x§A§8§0§0§B§6e§x§9§9§0§0§D§Ba§x§8§A§0§0§F§Fr from expire
[16:45:38] > nebula12321 remove x1 Music disc lava chicken from expire
[16:45:39] > nebula12321 remove x1 §x§E§5§1§B§1§B§lDracula Bow from expire
[16:46:00] > nebula12321 added x1 §f§l§x§8§A§0§0§F§FS§x§9§9§0§0§D§Bh§x§A§8§0§0§B§6i§x§B§7§0§0§9§2n§x§C§6§0§0§6§De§x§D§5§0§0§4§9 §x§E§4§0§0§2§4O§x§F§3§0§0§0§0n§x§E§4§0§0§2§4i§x§D§5§0§0§4§9 §x§C§6§0§0§6§DS§x§B§7§0§0§9§2p§x§A§8§0§0§B§6e§x§9§9§0§0§D§Ba§x§8§A§0§0§F§Fr in auction for 1900000.
[16:46:15] > azuyeca remove x1 §f§l§x§8§A§0§0§F§FS§x§9§9§0§0§D§Bh§x§A§8§0§0§B§6i§x§B§7§0§0§9§2n§x§C§6§0§0§6§De§x§D§5§0§0§4§9 §x§E§4§0§0§2§4O§x§F§3§0§0§0§0n§x§E§4§0§0§2§4i§x§D§5§0§0§4§9 §x§C§6§0§0§6§DS§x§B§7§0§0§9§2p§x§A§8§0§0§B§6e§x§9§9§0§0§D§Ba§x§8§A§0§0§F§Fr from buy
[16:46:19] > nebula12321 added x1 §x§F§F§3§E§0§0§lD§x§F§F§3§5§0§0§le§x§F§F§2§C§0§0§lm§x§F§F§2§3§0§0§lo§x§F§F§1§B§0§0§ln §x§F§F§0§9§0§0§lL§x§F§F§0§0§0§0§lo§x§F§F§0§A§0§0§lr§x§F§F§1§5§0§0§ld §x§F§F§2§9§0§0§lB§x§F§F§3§4§0§0§lo§x§F§F§3§E§0§0§lw in auction for 950000.
[16:46:38] > nebula12321 added x1 §x§E§5§1§B§1§B§lDracula Bow in auction for 450000.
[16:49:33] > Trapers1 remove x1 §x§F§F§5§5§0§0§lsᴇʟʟᴡᴀɴᴅ §6- 5.0x form storage
[16:49:33] > Trapers1 remove x1 §x§F§F§7§C§0§0§lSteamsparks Shovel form storage
[16:49:43] > Trapers1 added x1 §x§F§F§5§5§0§0§lsᴇʟʟᴡᴀɴᴅ §6- 5.0x in auction for 380000.
[16:49:50] > JinSoul15 buy x1 §x§F§F§5§5§0§0§lsᴇʟʟᴡᴀɴᴅ §6- 5.0x to Trapers1 for $380,000.
[17:09:28] > x1 §f§l§8B§x§5§F§5§F§5§Fa§x§6§9§6§9§6§9h§x§7§3§7§3§7§3a§x§7§D§7§D§7§Dm§x§8§7§8§7§8§7u§x§9§1§9§1§9§1t§x§9§B§9§B§9§B §x§A§5§A§5§A§5Gr§x§9§B§9§B§9§Be§x§9§1§9§1§9§1a§x§8§7§8§7§8§7t§x§7§D§7§D§7§Ds§x§7§3§7§3§7§3w§x§6§9§6§9§6§9o§x§5§F§5§F§5§Fr§8d on sale by reckahorp has just expired, it goes in the inventory of expired items.
[17:10:37] > Trapers1 added x1 §f§l§8B§x§6§4§6§4§6§4a§x§7§4§7§4§7§4h§x§8§3§8§3§8§3a§x§9§3§9§3§9§3m§x§A§2§A§2§A§2ut§x§9§3§9§3§9§3 §x§8§3§8§3§8§3M§x§7§4§7§4§7§4a§x§6§4§6§4§6§4c§8e in auction for 1000000.
[17:11:12] > Trapers1 buy x1 §x§F§F§7§C§0§0§lSteamsparks Hammer to Antonie657 for $225,000.
[17:11:15] > x1 §fWitch Hat, bought by Johng10910, has just expired, the item is definitively deleted.
[17:11:15] > x1 Diamond pickaxe, bought by belvi__, has just expired, the item is definitively deleted.
[17:11:16] > Trapers1 remove x1 §x§F§F§7§C§0§0§lSteamsparks Hammer form buy
[17:15:06] > YIXILYX buy x64 Melon slice to Blinkrzz for $100.
[17:18:19] > HwanYo added x1 Red shulker box in auction for 750000.
[17:23:26] > Fogstrap added x1 §x§F§F§5§5§0§0§lsᴇʟʟᴡᴀɴᴅ §6- 5.0x in auction for 500000.
[17:23:31] > Fogstrap remove x64 Golden apple from storage
[17:24:22] > azuyeca added x64 End crystal in auction for 50000.
[17:24:26] > Fogstrap buy x64 End crystal to azuyeca for $50,000.
[17:30:29] > x1 §x§E§5§1§B§1§B§lDracula Hoe on sale by scarlettti has just expired, it goes in the inventory of expired items.
[17:30:29] > HwanYo added x64 Experience bottle in auction for 90000.
[17:30:33] > azuyeca buy x64 Experience bottle to HwanYo for $90,000.
[17:30:49] > HwanYo added x64 Experience bottle in auction for 90000.
[17:31:04] > HwanYo added x64 Experience bottle in auction for 90000.
[17:33:28] > NoClarity added x1 §x§F§F§3§E§0§0§lSellwand Voucher in auction for 700000.
[17:33:44] > HwanYo buy x1 §x§F§F§3§E§0§0§lSellwand Voucher to NoClarity for $700,000.
[17:34:02] > NoClarity added x1 §f§l§8B§x§6§6§6§6§6§6a§x§7§7§7§7§7§7h§x§8§8§8§8§8§8a§x§9§9§9§9§9§9m§7u§x§9§9§9§9§9§9t§x§8§8§8§8§8§8 §x§7§7§7§7§7§7A§x§6§6§6§6§6§6x§8e in auction for 400000.
[17:34:15] > ravencabansay remove x1 §f§l§x§F§C§D§0§5§CW§x§F§B§A§D§4§Du§x§F§9§8§B§3§Dk§x§F§8§6§8§2§Eo§x§F§6§4§5§1§Fn§x§F§5§2§3§0§Fg§x§F§3§0§0§0§0 §x§F§5§2§3§0§FS§x§F§6§4§5§1§Fh§x§F§8§6§8§2§Ei§x§F§9§8§B§3§De§x§F§B§A§D§4§Dl§x§F§C§D§0§5§Cd from storage
[17:34:29] > ravencabansay added x1 §f§l§x§F§C§D§0§5§CW§x§F§B§A§D§4§Du§x§F§9§8§B§3§Dk§x§F§8§6§8§2§Eo§x§F§6§4§5§1§Fn§x§F§5§2§3§0§Fg§x§F§3§0§0§0§0 §x§F§5§2§3§0§FS§x§F§6§4§5§1§Fh§x§F§8§6§8§2§Ei§x§F§9§8§B§3§De§x§F§B§A§D§4§Dl§x§F§C§D§0§5§Cd in auction for 500000.
[17:34:43] > JinSoul15 added x1 §x§F§F§5§5§0§0§lsᴇʟʟᴡᴀɴᴅ §6- 5.0x in auction for 400000.
[17:34:47] > Wemmbuo added x1 §x§F§F§5§5§0§0§lsᴇʟʟᴡᴀɴᴅ §6- 5.0x in auction for 300000.
[17:34:55] > ravencabansay buy x1 §x§F§F§5§5§0§0§lsᴇʟʟᴡᴀɴᴅ §6- 5.0x to Wemmbuo for $300,000.
[17:35:00] > 3xdmge buy x64 Experience bottle to HwanYo for $90,000.
[17:35:06] > Wemmbuo added x1 §x§F§F§3§E§0§0§lSellwand Voucher in auction for 1005000.
[17:35:15] > Trapers1 remove x1 §f§l§8B§x§6§4§6§4§6§4a§x§7§4§7§4§7§4h§x§8§3§8§3§8§3a§x§9§3§9§3§9§3m§x§A§2§A§2§A§2ut§x§9§3§9§3§9§3 §x§8§3§8§3§8§3M§x§7§4§7§4§7§4a§x§6§4§6§4§6§4c§8e form storage
[17:35:17] > Wemmbuo added x1 §x§F§F§3§E§0§0§lSellwand Voucher in auction for 1005000.
[17:35:18] > 3xdmge buy x64 Experience bottle to HwanYo for $90,000.
[17:35:21] > HwanYo buy x1 §x§F§F§3§E§0§0§lSellwand Voucher to Wemmbuo for $1,005,000.
[17:35:25] > Trapers1 added x1 §f§l§8B§x§6§4§6§4§6§4a§x§7§4§7§4§7§4h§x§8§3§8§3§8§3a§x§9§3§9§3§9§3m§x§A§2§A§2§A§2ut§x§9§3§9§3§9§3 §x§8§3§8§3§8§3M§x§7§4§7§4§7§4a§x§6§4§6§4§6§4c§8e in auction for 700000.
[17:35:31] > HwanYo remove x1 Red shulker box from storage
[17:35:41] > 3xdmge remove x64 Experience bottle from buy
[17:35:42] > 3xdmge remove x64 Experience bottle from buy
[17:35:46] > HwanYo added x64 Experience bottle in auction for 90000.
[17:35:52] > Trapers1 remove x1 §f§l§8B§x§6§4§6§4§6§4a§x§7§4§7§4§7§4h§x§8§3§8§3§8§3a§x§9§3§9§3§9§3m§x§A§2§A§2§A§2ut§x§9§3§9§3§9§3 §x§8§3§8§3§8§3M§x§7§4§7§4§7§4a§x§6§4§6§4§6§4c§8e form storage
[17:35:55] > imnectarfr buy x64 Experience bottle to HwanYo for $90,000.
[17:35:56] > HwanYo remove x1 §x§F§F§3§E§0§0§lSellwand Voucher from buy
[17:35:56] > HwanYo remove x1 §x§F§F§3§E§0§0§lSellwand Voucher from buy
[17:35:59] > Trapers1 added x1 §f§l§8B§x§6§4§6§4§6§4a§x§7§4§7§4§7§4h§x§8§3§8§3§8§3a§x§9§3§9§3§9§3m§x§A§2§A§2§A§2ut§x§9§3§9§3§9§3 §x§8§3§8§3§8§3M§x§7§4§7§4§7§4a§x§6§4§6§4§6§4c§8e in auction for 500000.
[17:36:06] > imnectarfr remove x64 Experience bottle from buy
[17:36:20] > imnectarfr added x1 Eric's Milk in auction for 10.
[17:36:21] > Wemmbuo remove x1 §x§F§F§3§E§0§0§lSellwand Voucher from storage
[17:36:25] > Inaqki buy x1 Enchanted book to nachfaust for $25,000.
[17:36:25] > Anc_Kyoto buy x1 Eric's Milk to imnectarfr for $10.
[17:36:32] > imnectarfr added x1 Anc's Milk in auction for 10.
[17:36:38] > Anc_Kyoto buy x1 Anc's Milk to imnectarfr for $10.
[17:36:54] > HwanYo added x64 Experience bottle in auction for 90000.
[17:36:59] > ThatMidnight buy x64 Experience bottle to HwanYo for $90,000.
[17:37:07] > WystineW added x1 §fPiglin Plushie §6(#64/101) in auction for 1000000.
[17:37:21] > HwanYo added x64 Experience bottle in auction for 90000.
[17:37:24] > Inaqki buy x1 Enchanted golden apple to Wemmbuo for $5,000.
[17:37:26] > ThatMidnight buy x64 Experience bottle to HwanYo for $90,000.
[17:37:38] > HwanYo added x36 Experience bottle in auction for 60000.
[17:37:57] > 3xdmge buy x36 Experience bottle to HwanYo for $60,000.
[17:38:02] > 3xdmge remove x36 Experience bottle from buy
[17:38:05] > Inaqki remove x1 Enchanted golden apple from buy
[17:38:05] > Inaqki remove x1 Enchanted book from buy
[17:38:11] > JinSoul15 remove x1 §x§F§F§5§5§0§0§lsᴇʟʟᴡᴀɴᴅ §6- 5.0x from storage
[17:38:22] > JinSoul15 added x1 §x§F§F§5§5§0§0§lsᴇʟʟᴡᴀɴᴅ §6- 5.0x in auction for 350000.
[17:38:29] > ravencabansay remove x1 §x§F§F§5§5§0§0§lsᴇʟʟᴡᴀɴᴅ §6- 5.0x from buy
[17:38:35] > ravencabansay added x1 §x§F§F§5§5§0§0§lsᴇʟʟᴡᴀɴᴅ §6- 5.0x in auction for 400000.
[17:38:50] > Fogstrap added x1 §x§F§F§5§5§0§0§lsᴇʟʟᴡᴀɴᴅ §6- 10.0x in auction for 1300000.
[17:38:54] > HwanYo buy x1 §x§F§F§5§5§0§0§lsᴇʟʟᴡᴀɴᴅ §6- 10.0x to Fogstrap for $1,300,000.
[17:39:08] > WystineW added x1 §x§F§F§5§5§0§0§lsᴇʟʟᴡᴀɴᴅ §6- 5.0x in auction for 400000.
[17:39:41] > dearestyumeko added x1 Sniffer egg in auction for 150000.
[17:39:51] > dearestyumeko added x1 Sniffer egg in auction for 150000.
[17:40:12] > imnectarfr added x1 Shulker full of Agnes Tachyon's Milk in auction for 1000000.
[17:40:34] > imnectarfr remove x1 Shulker full of Agnes Tachyon's Milk from storage
[17:40:49] > imnectarfr added x1 Shulker full of Agnes Tachyon's Milk in auction for 10.
[17:40:53] > Trapers1 buy x1 Shulker full of Agnes Tachyon's Milk to imnectarfr for $10.
[17:41:14] > Trapers1 remove x1 Shulker full of Agnes Tachyon's Milk form buy
[17:46:06] > cheeseburgerx buy x10 Ancient debris to Antonie657 for $100,000.
[17:46:16] > cheeseburgerx remove x10 Ancient debris from buy
[17:48:22] > imnectarfr added x1 Shulker full of Marin's Milk in auction for 100000.
[17:48:36] > azuyeca buy x1 Shulker full of Marin's Milk to imnectarfr for $100,000.
[17:48:42] > Ab0 added x1 Get your dick checked in auction for 100000.
[17:49:07] > azuyeca remove x1 Shulker full of Marin's Milk from buy
[17:49:26] > imnectarfr added x1 Dildo For Anc in auction for 10.
[17:49:30] > Anc_Kyoto buy x1 Dildo For Anc to imnectarfr for $10.
[17:49:35] > Anc_Kyoto remove x1 Eric's Milk from buy
[17:49:36] > Anc_Kyoto remove x1 Anc's Milk from buy
[17:49:36] > Anc_Kyoto remove x1 Dildo For Anc from buy
[17:50:15] > ThatMidnight buy x1 Get your dick checked to Ab0 for $100,000.
[17:50:21] > ThatMidnight remove x1 Get your dick checked from buy
[17:50:21] > ThatMidnight remove x64 Experience bottle from buy
[17:50:22] > ThatMidnight remove x64 Experience bottle from buy
[17:50:28] > imnectarfr added x1 Dildo For Eric in auction for 10.
[17:50:35] > ThatMidnight buy x1 Dildo For Eric to imnectarfr for $10.
[17:50:41] > ThatMidnight remove x1 Dildo For Eric from buy
[17:50:59] > azuyeca added x1 Shulker full of Gawr Gura's Milk in auction for 100000.
[17:51:06] > imnectarfr added x1 Hope your pillow is hot as the sun tonight in auction for 10.
[17:51:10] > Anc_Kyoto buy x1 Shulker full of Gawr Gura's Milk to azuyeca for $100,000.
[17:51:11] > azuyeca buy x1 Hope your pillow is hot as the sun tonight to imnectarfr for $10.
[17:51:20] > Anc_Kyoto remove x1 Shulker full of Gawr Gura's Milk from buy
[17:51:36] > ThatMidnight added x1 Dildo For Azuyeca in auction for 100.
[17:51:41] > Ab0 added x1 20 Inch Bad Dragon Dildo in auction for 150000.
[17:52:12] > imnectarfr added x1 Child Beater in auction for 1500000.
[17:52:28] > azuyeca remove x1 Hope your pillow is hot as the sun tonight from buy
[17:52:42] > Julene added x1 §fRabbit Plushie (Black & White) §6(#71/101) in auction for 50000.
[17:52:58] > azuyeca added x1 Blahaj in auction for 10000.
[17:53:17] > Ab0 added x1 Abo's Rod in auction for 500000.
[17:53:32] > 3xdmge added x2 §e§lCrab Scale in auction for 110000.
[17:53:38] > dearestyumeko added x1 Dried ghast in auction for 80000.
[17:53:48] > 3xdmge added x2 §9§lCrab Claw in auction for 110000.
[17:54:03] > imnectarfr added x1 Use this so i cant see you ever again in auction for 10.
[17:54:11] > k000k444k buy x1 Use this so i cant see you ever again to imnectarfr for $10.
[17:54:16] > k000k444k remove x1 Use this so i cant see you ever again from buy
[17:54:22] > Wemmbuo remove x1 Heavy core from storage
[17:54:49] > Ryzxc added x1 Flow armor trim smithing template in auction for 70000.
[17:55:08] > Ryzxc added x1 Flow armor trim smithing template in auction for 70000.
[17:55:09] > auvicious added x1 §f§l§8B§x§6§4§6§4§6§4a§x§7§4§7§4§7§4h§x§8§3§8§3§8§3a§x§9§3§9§3§9§3m§x§A§2§A§2§A§2ut§x§9§3§9§3§9§3 §x§8§3§8§3§8§3C§x§7§4§7§4§7§4l§x§6§4§6§4§6§4u§8b in auction for 600000.
[17:55:16] > Wemmbuo added x1 Mace in auction for 1050000.
[17:55:26] > Ryzxc added x1 Flow armor trim smithing template in auction for 70000.
[17:55:33] > imnectarfr added x64 Anc's Meat in auction for 10.
[17:55:38] > Nxwaf buy x64 Anc's Meat to imnectarfr for $10.
[17:55:40] > auvicious remove x1 §f§l§8B§x§6§4§6§4§6§4a§x§7§4§7§4§7§4h§x§8§3§8§3§8§3a§x§9§3§9§3§9§3m§x§A§2§A§2§A§2ut§x§9§3§9§3§9§3 §x§8§3§8§3§8§3C§x§7§4§7§4§7§4l§x§6§4§6§4§6§4u§8b from storage
[17:55:44] > Julene added x1 §fCamel Plushie §6(#12/101) in auction for 35000.
[17:55:49] > imnectarfr remove x1 Child Beater from storage
[17:55:50] > auvicious added x1 §f§l§8B§x§6§4§6§4§6§4a§x§7§4§7§4§7§4h§x§8§3§8§3§8§3a§x§9§3§9§3§9§3m§x§A§2§A§2§A§2ut§x§9§3§9§3§9§3 §x§8§3§8§3§8§3C§x§7§4§7§4§7§4l§x§6§4§6§4§6§4u§8b in auction for 800000.
[17:55:57] > Nxwaf remove x64 Anc's Meat from buy
[17:56:00] > azuyeca buy x1 §f§l§8B§x§6§4§6§4§6§4a§x§7§4§7§4§7§4h§x§8§3§8§3§8§3a§x§9§3§9§3§9§3m§x§A§2§A§2§A§2ut§x§9§3§9§3§9§3 §x§8§3§8§3§8§3C§x§7§4§7§4§7§4l§x§6§4§6§4§6§4u§8b to auvicious for $800,000.
[17:56:04] > azuyeca remove x1 §f§l§8B§x§6§4§6§4§6§4a§x§7§4§7§4§7§4h§x§8§3§8§3§8§3a§x§9§3§9§3§9§3m§x§A§2§A§2§A§2ut§x§9§3§9§3§9§3 §x§8§3§8§3§8§3C§x§7§4§7§4§7§4l§x§6§4§6§4§6§4u§8b from buy
[17:56:05] > auvicious added x1 §f§l§8B§x§6§4§6§4§6§4a§x§7§4§7§4§7§4h§x§8§3§8§3§8§3a§x§9§3§9§3§9§3m§x§A§2§A§2§A§2ut§x§9§3§9§3§9§3 §x§8§3§8§3§8§3C§x§7§4§7§4§7§4l§x§6§4§6§4§6§4u§8b in auction for 800000.
[17:56:31] > auvicious added x1 §f§l§8B§x§6§4§6§4§6§4a§x§7§4§7§4§7§4h§x§8§3§8§3§8§3a§x§9§3§9§3§9§3m§x§A§2§A§2§A§2ut§x§9§3§9§3§9§3 §x§8§3§8§3§8§3C§x§7§4§7§4§7§4l§x§6§4§6§4§6§4u§8b in auction for 800000.
[17:56:52] > azuyeca added x1 Giga size dildo in auction for 100000.
[17:56:54] > ThatMidnight added x7 Basement Key Where the kids are hidden in auction for 10000.
[17:57:02] > nebula12321 buy x7 Basement Key Where the kids are hidden to ThatMidnight for $10,000.
[17:57:13] > Ab0 buy x1 Dildo For Azuyeca to ThatMidnight for $100.
[17:57:48] > nebula12321 remove x7 Basement Key Where the kids are hidden from buy
[18:00:49] > ThatMidnight added x62 Anc's Bones in auction for 10000.
[18:00:53] > Nxwaf buy x62 Anc's Bones to ThatMidnight for $10,000.
[18:01:04] > Nxwaf remove x62 Anc's Bones from buy
[18:01:26] > azuyeca added x8 Mini dildo in auction for 100000.
[18:02:07] > JinSoul15 remove x1 §x§F§F§5§5§0§0§lsᴇʟʟᴡᴀɴᴅ §6- 5.0x from storage
[18:02:13] > _BAAM buy x1 Sniffer egg to dearestyumeko for $150,000.
[18:02:15] > _BAAM buy x1 Sniffer egg to dearestyumeko for $150,000.
[18:02:21] > _BAAM remove x1 Sniffer egg form buy
[18:02:21] > _BAAM remove x1 Sniffer egg form buy
[18:02:25] > Ab0 buy x1 Flow armor trim smithing template to Ryzxc for $70,000.
[18:03:42] > JinSoul15 remove x1 §x§F§F§5§5§0§0§lsᴇʟʟᴡᴀɴᴅ §6- 5.0x from buy
[18:03:43] > JinSoul15 remove x1 §x§F§F§5§5§0§0§lsᴇʟʟᴡᴀɴᴅ §6- 5.0x from buy
[18:04:30] > JinSoul15 added x4 Netherite ingot in auction for 350000.
[18:06:42] > ThatMidnight added x1 Princezam's yk in auction for 100.
[18:06:53] > Nxwaf buy x1 Princezam's yk to ThatMidnight for $100.
[18:10:25] > JinSoul15 added x40 §x§8§8§E§C§3§3§lV§x§8§2§E§B§4§8§lo§x§7§C§E§9§5§D§lt§x§7§6§E§8§7§2§le §x§6§B§E§5§9§B§lC§x§6§5§E§3§B§0§lr§x§5§F§E§2§C§5§la§x§6§6§E§4§A§D§lt§x§6§D§E§5§9§4§le §x§7§A§E§9§6§4§lK§x§8§1§E§A§4§B§le§x§8§8§E§C§3§3§ly in auction for 100000000.
[18:10:59] > JinSoul15 remove x40 §x§8§8§E§C§3§3§lV§x§8§2§E§B§4§8§lo§x§7§C§E§9§5§D§lt§x§7§6§E§8§7§2§le §x§6§B§E§5§9§B§lC§x§6§5§E§3§B§0§lr§x§5§F§E§2§C§5§la§x§6§6§E§4§A§D§lt§x§6§D§E§5§9§4§le §x§7§A§E§9§6§4§lK§x§8§1§E§A§4§B§le§x§8§8§E§C§3§3§ly from storage
[18:12:22] > Trapers1 added x1 Shulker box in auction for 500000.
[18:12:42] > ThatMidnight buy x1 Shulker box to Trapers1 for $500,000.
[18:12:57] > ThatMidnight remove x1 Shulker box from buy
[18:13:38] > Trapers1 added x1 Shulker box in auction for 650000.
[18:13:57] > Fogstrap remove x1 §x§F§F§5§5§0§0§lsᴇʟʟᴡᴀɴᴅ §6- 5.0x from storage
[18:13:59] > Fogstrap remove x1 §x§F§F§5§5§0§0§lsᴇʟʟᴡᴀɴᴅ §6- 5.0x from storage
[18:14:00] > Fogstrap remove x1 §x§F§F§5§5§0§0§lsᴇʟʟᴡᴀɴᴅ §6- 5.0x from storage
[18:14:24] > Fogstrap added x1 §x§F§F§5§5§0§0§lsᴇʟʟᴡᴀɴᴅ §6- 5.0x in auction for 400000.
[18:14:27] > Trapers1 remove x1 Shulker box form storage
[18:14:27] > Trapers1 remove x1 §f§l§8B§x§6§4§6§4§6§4a§x§7§4§7§4§7§4h§x§8§3§8§3§8§3a§x§9§3§9§3§9§3m§x§A§2§A§2§A§2ut§x§9§3§9§3§9§3 §x§8§3§8§3§8§3M§x§7§4§7§4§7§4a§x§6§4§6§4§6§4c§8e form storage
[18:14:28] > auvicious remove x1 §x§F§F§5§5§0§0§lsᴇʟʟᴡᴀɴᴅ §6- 5.0x from storage
[18:14:29] > auvicious remove x1 §x§F§F§5§5§0§0§lsᴇʟʟᴡᴀɴᴅ §6- 5.0x from storage
[18:14:34] > Fogstrap added x1 §x§F§F§5§5§0§0§lsᴇʟʟᴡᴀɴᴅ §6- 5.0x in auction for 400000.
[18:14:34] > Trapers1 added x1 Shulker box in auction for 500000.
[18:14:39] > HwanYo added x64 Experience bottle in auction for 100000.
[18:14:50] > HwanYo added x64 Experience bottle in auction for 100000.
[18:15:06] > azuyeca remove x64 Experience bottle from buy
[18:15:06] > azuyeca remove x64 Sugar cane from buy
[18:15:06] > azuyeca remove x64 Firework rocket from buy
[18:15:07] > azuyeca remove x32 Name tag from buy
[18:15:07] > azuyeca remove x32 Name tag from buy
[18:15:08] > azuyeca remove x1 Enchanted book from buy
[18:15:08] > azuyeca remove x7 Golden apple from buy
[18:15:08] > azuyeca remove x1 Trident from buy
[18:15:09] > azuyeca remove x7 Golden apple from buy
[18:15:09] > azuyeca remove x1 Enchanted golden apple from buy
[18:15:10] > azuyeca remove x12 Enchanted golden apple from buy
[18:15:10] > azuyeca remove x1 Enchanted golden apple from buy
[18:15:11] > auvicious added x1 §x§F§F§5§5§0§0§lsᴇʟʟᴡᴀɴᴅ §6- 5.0x in auction for 390000.
[18:15:44] > Trapers1 added x1 Shulker box in auction for 500000.
[18:15:50] > azuyeca buy x1 Shulker box to Trapers1 for $500,000.
[18:16:04] > Trapers1 added x1 §f§l§8B§x§6§4§6§4§6§4a§x§7§4§7§4§7§4h§x§8§3§8§3§8§3a§x§9§3§9§3§9§3m§x§A§2§A§2§A§2ut§x§9§3§9§3§9§3 §x§8§3§8§3§8§3M§x§7§4§7§4§7§4a§x§6§4§6§4§6§4c§8e in auction for 1000000.
[18:16:44] > Ab0 remove x1 Flow armor trim smithing template from buy
[18:16:46] > Ab0 remove x1 Dildo For Azuyeca form buy
[18:16:46] > Hunter_Sung added x1 §f§l§8B§x§6§0§6§0§6§0a§x§6§C§6§C§6§Ch§x§7§7§7§7§7§7a§x§8§2§8§2§8§2m§x§8§E§8§E§8§Eu§x§9§9§9§9§9§9t§x§A§4§A§4§A§4 G§x§9§9§9§9§9§9a§x§8§E§8§E§8§Eu§x§8§2§8§2§8§2n§x§7§7§7§7§7§7t§x§6§C§6§C§6§Cl§x§6§0§6§0§6§0e§8t in auction for 500000.
[18:16:54] > auvicious added x1 §x§F§F§5§5§0§0§lsᴇʟʟᴡᴀɴᴅ §6- 5.0x in auction for 390000.
[18:17:01] > Hunter_Sung added x1 §f§l§x§8§A§0§0§F§FS§x§9§9§0§0§D§Bh§x§A§8§0§0§B§6i§x§B§7§0§0§9§2n§x§C§6§0§0§6§De§x§D§5§0§0§4§9 §x§E§4§0§0§2§4O§x§F§3§0§0§0§0n§x§E§4§0§0§2§4i§x§D§5§0§0§4§9 §x§C§6§0§0§6§DS§x§B§7§0§0§9§2t§x§A§8§0§0§B§6a§x§9§9§0§0§D§Bf§x§8§A§0§0§F§Ff in auction for 1000000.
[18:17:05] > auvicious added x1 §x§F§F§5§5§0§0§lsᴇʟʟᴡᴀɴᴅ §6- 5.0x in auction for 390000.
[18:17:11] > Hunter_Sung added x1 §f§l§8B§x§5§F§5§F§5§Fa§x§6§9§6§9§6§9h§x§7§3§7§3§7§3a§x§7§D§7§D§7§Dm§x§8§7§8§7§8§7u§x§9§1§9§1§9§1t§x§9§B§9§B§9§B §x§A§5§A§5§A§5Gr§x§9§B§9§B§9§Be§x§9§1§9§1§9§1a§x§8§7§8§7§8§7t§x§7§D§7§D§7§Ds§x§7§3§7§3§7§3w§x§6§9§6§9§6§9o§x§5§F§5§F§5§Fr§8d in auction for 750000.
[18:17:26] > Trapers1 remove x1 Shulker box form storage
[18:17:26] > Trapers1 remove x1 §f§l§8B§x§6§4§6§4§6§4a§x§7§4§7§4§7§4h§x§8§3§8§3§8§3a§x§9§3§9§3§9§3m§x§A§2§A§2§A§2ut§x§9§3§9§3§9§3 §x§8§3§8§3§8§3M§x§7§4§7§4§7§4a§x§6§4§6§4§6§4c§8e form storage
[18:17:32] > Hunter_Sung added x1 §x§F§F§3§E§0§0§lDemon Lord Sickle in auction for 500000.
[18:17:33] > Trapers1 added x1 Shulker box in auction for 500000.
[18:17:48] > 3xdmge added x1 §x§F§F§3§E§0§0§lSellwand Voucher in auction for 490000.
[18:17:49] > Hunter_Sung added x1 §x§F§F§3§E§0§0§lD§x§F§F§3§5§0§0§le§x§F§F§2§C§0§0§lm§x§F§F§2§3§0§0§lo§x§F§F§1§B§0§0§ln §x§F§F§0§9§0§0§lL§x§F§F§0§0§0§0§lo§x§F§F§0§A§0§0§lr§x§F§F§1§5§0§0§ld §x§F§F§2§9§0§0§lB§x§F§F§3§4§0§0§lo§x§F§F§3§E§0§0§lw in auction for 500000.
[18:17:52] > Fogstrap buy x1 §x§F§F§3§E§0§0§lSellwand Voucher to 3xdmge for $490,000.
[18:18:17] > Hunter_Sung added x1 §x§F§F§7§C§0§0§lSteamsparks Wings in auction for 2000000.
[18:18:18] > Fogstrap remove x1 §x§F§F§3§E§0§0§lSellwand Voucher from buy
[18:18:56] > Takeremu added x64 Experience bottle in auction for 80000.
[18:19:04] > ThatMidnight buy x64 Experience bottle to Takeremu for $80,000.
[18:19:08] > Takeremu added x64 Experience bottle in auction for 80000.
[18:19:12] > ThatMidnight remove x64 Experience bottle from buy
[18:19:18] > Trapers1 remove x1 Shulker box form storage
[18:19:24] > Trapers1 added x1 Shulker box in auction for 500000.
[18:19:39] > dearestyumeko buy x1 Flow armor trim smithing template to Ryzxc for $70,000.
[18:19:53] > dearestyumeko remove x1 Flow armor trim smithing template from buy
[18:21:18] > Fogstrap added x4 Netherite ingot in auction for 420000.
[18:21:22] > Takeremu added x64 Experience bottle in auction for 80000.
[18:24:03] > Zypher_0w0 buy x1 §x§F§F§5§5§0§0§lsᴇʟʟᴡᴀɴᴅ §6- 5.0x to auvicious for $390,000.
[18:24:14] > Zypher_0w0 buy x1 §x§F§F§5§5§0§0§lsᴇʟʟᴡᴀɴᴅ §6- 5.0x to auvicious for $390,000.
[18:24:18] > Zypher_0w0 buy x1 §x§F§F§5§5§0§0§lsᴇʟʟᴡᴀɴᴅ §6- 5.0x to auvicious for $390,000.
[18:24:51] > Zypher_0w0 buy x1 §x§F§F§5§5§0§0§lsᴇʟʟᴡᴀɴᴅ §6- 5.0x to Fogstrap for $400,000.
[18:24:53] > Zypher_0w0 buy x1 §x§F§F§5§5§0§0§lsᴇʟʟᴡᴀɴᴅ §6- 5.0x to Fogstrap for $400,000.
[18:24:57] > Zypher_0w0 buy x1 §x§F§F§5§5§0§0§lsᴇʟʟᴡᴀɴᴅ §6- 5.0x to WystineW for $400,000.
[18:25:22] > Zypher_0w0 buy x1 §x§F§F§5§5§0§0§lsᴇʟʟᴡᴀɴᴅ §6- 5.0x to ravencabansay for $400,000.
[18:25:43] > Fogstrap added x1 §x§F§F§5§5§0§0§lsᴇʟʟᴡᴀɴᴅ §6- 5.0x in auction for 500000.
[18:25:54] > Trapers1 remove x1 Shulker box form storage
[18:25:58] > Fogstrap added x1 §x§F§F§5§5§0§0§lsᴇʟʟᴡᴀɴᴅ §6- 5.0x in auction for 500000.
[18:26:10] > Zypher_0w0 buy x1 §x§F§F§5§5§0§0§lsᴇʟʟᴡᴀɴᴅ §6- 5.0x to frenchhee for $460,000.
[18:28:57] > Zypher_0w0 remove x1 §x§F§F§5§5§0§0§lsᴇʟʟᴡᴀɴᴅ §6- 5.0x form buy
[18:28:57] > Zypher_0w0 remove x1 §x§F§F§5§5§0§0§lsᴇʟʟᴡᴀɴᴅ §6- 5.0x form buy
[18:28:57] > Zypher_0w0 remove x1 §x§F§F§5§5§0§0§lsᴇʟʟᴡᴀɴᴅ §6- 5.0x form buy
[18:28:57] > Zypher_0w0 remove x1 §x§F§F§5§5§0§0§lsᴇʟʟᴡᴀɴᴅ §6- 5.0x form buy
[18:28:57] > Zypher_0w0 remove x1 §x§F§F§5§5§0§0§lsᴇʟʟᴡᴀɴᴅ §6- 5.0x form buy
[18:28:57] > Zypher_0w0 remove x1 §x§F§F§5§5§0§0§lsᴇʟʟᴡᴀɴᴅ §6- 5.0x form buy
[18:28:57] > Zypher_0w0 remove x1 §x§F§F§5§5§0§0§lsᴇʟʟᴡᴀɴᴅ §6- 5.0x form buy
[18:28:57] > Zypher_0w0 remove x1 §x§F§F§5§5§0§0§lsᴇʟʟᴡᴀɴᴅ §6- 5.0x form buy
[18:29:21] > 3xdmge buy x64 Experience bottle to Takeremu for $80,000.
[18:29:28] > 3xdmge remove x64 Experience bottle from buy
[18:31:18] > Fogstrap added x1 §x§F§F§5§5§0§0§lsᴇʟʟᴡᴀɴᴅ §6- 5.0x in auction for 500000.
[18:31:25] > xcapan added x1 §f§l§x§8§A§0§0§F§FS§x§9§C§0§0§D§5h§x§A§D§0§0§A§Ai§x§B§F§0§0§8§0n§x§D§0§0§0§5§5e§x§E§2§0§0§2§B §x§F§3§0§0§0§0O§x§E§2§0§0§2§An§x§D§0§0§0§5§5i§x§B§F§0§0§8§0 §x§A§D§0§0§A§AH§x§9§C§0§0§D§5o§x§8§A§0§0§F§Fe in auction for 300000.
[18:31:26] > Zypher_0w0 buy x1 §x§F§F§5§5§0§0§lsᴇʟʟᴡᴀɴᴅ §6- 5.0x to Fogstrap for $500,000.
[18:31:29] > Zypher_0w0 buy x1 §x§F§F§5§5§0§0§lsᴇʟʟᴡᴀɴᴅ §6- 5.0x to Fogstrap for $500,000.
[18:31:55] > Trapers1 added x1 §fPhantom Plushie §6(#62/101) in auction for 10000.
[18:31:57] > xcapan added x5 §x§F§C§9§0§5§C§lE§x§E§6§9§C§6§B§lp§x§C§F§A§7§7§A§li§x§B§9§B§3§8§9§lc §x§8§C§C§B§A§7§lC§x§7§5§D§6§B§6§lr§x§5§F§E§2§C§5§la§x§7§9§D§4§B§4§lt§x§9§3§C§7§A§2§le §x§C§8§A§B§7§F§lK§x§E§2§9§E§6§E§le§x§F§C§9§0§5§C§ly in auction for 200000.
[18:32:02] > kysicx buy x1 §fPhantom Plushie §6(#62/101) to Trapers1 for $10,000.
[18:32:06] > kysicx buy x1 §fRabbit Plushie (Black & White) §6(#71/101) to Julene for $50,000.
[18:32:10] > Trapers1 added x1 §fZombie Plushie §6(#99/101) in auction for 10000.
[18:32:13] > kysicx buy x1 §fCamel Plushie §6(#12/101) to Julene for $35,000.
[18:32:14] > Takeremu buy x1 §fZombie Plushie §6(#99/101) to Trapers1 for $10,000.
[18:32:22] > xcapan added x1 Music disc tears in auction for 10000.
[18:32:22] > Trapers1 added x1 §fCat Plushie (Siamese) §6(#20/101) in auction for 10000.
[18:32:26] > Takeremu buy x1 §fCat Plushie (Siamese) §6(#20/101) to Trapers1 for $10,000.
[18:32:30] > kysicx buy x1 Music disc tears to xcapan for $10,000.
[18:32:38] > HwanYo added x64 Experience bottle in auction for 100000.
[18:33:04] > Takeremu added x64 Experience bottle in auction for 80000.
[18:33:28] > 3xdmge remove x5 §x§F§C§9§0§5§C§lE§x§E§6§9§C§6§B§lp§x§C§F§A§7§7§A§li§x§B§9§B§3§8§9§lc §x§8§C§C§B§A§7§lC§x§7§5§D§6§B§6§lr§x§5§F§E§2§C§5§la§x§7§9§D§4§B§4§lt§x§9§3§C§7§A§2§le §x§C§8§A§B§7§F§lK§x§E§2§9§E§6§E§le§x§F§C§9§0§5§C§ly form storage
[18:33:28] > 3xdmge remove x2 §e§lCrab Scale form storage
[18:33:28] > 3xdmge remove x2 §9§lCrab Claw form storage
[18:33:30] > HwanYo remove x64 Redstone block from storage
[18:33:31] > HwanYo remove x64 Redstone block from storage
[18:33:31] > HwanYo remove x64 Redstone block from storage
[18:33:32] > HwanYo remove x64 Redstone block from storage
[18:33:32] > HwanYo remove x64 Redstone block from storage
[18:33:32] > HwanYo remove x64 Redstone block from storage
[18:33:38] > HwanYo added x64 Experience bottle in auction for 100000.
[18:33:48] > 3xdmge added x5 §x§F§C§9§0§5§C§lE§x§E§6§9§C§6§B§lp§x§C§F§A§7§7§A§li§x§B§9§B§3§8§9§lc §x§8§C§C§B§A§7§lC§x§7§5§D§6§B§6§lr§x§5§F§E§2§C§5§la§x§7§9§D§4§B§4§lt§x§9§3§C§7§A§2§le §x§C§8§A§B§7§F§lK§x§E§2§9§E§6§E§le§x§F§C§9§0§5§C§ly in auction for 100000.
[18:33:51] > HwanYo added x64 Experience bottle in auction for 100000.
[18:34:12] > HwanYo added x64 Experience bottle in auction for 100000.
[18:34:16] > Fogstrap added x4 Netherite ingot in auction for 400000.
[18:34:43] > Takeremu added x64 Experience bottle in auction for 80000.
[18:34:46] > Wemmbuo buy x64 Experience bottle to HwanYo for $100,000.
[18:34:54] > Wemmbuo buy x64 Experience bottle to Takeremu for $80,000.
[18:35:02] > Wemmbuo buy x64 Experience bottle to Takeremu for $80,000.
[18:35:05] > Wemmbuo buy x64 Experience bottle to Takeremu for $80,000.
[18:35:30] > Wemmbuo remove x64 Experience bottle from buy
[18:35:30] > Wemmbuo remove x64 Experience bottle from buy
[18:35:31] > Wemmbuo remove x64 Experience bottle from buy
[18:35:31] > Wemmbuo remove x64 Experience bottle from buy
[18:37:06] > Takeremu added x64 Experience bottle in auction for 80000.
[18:37:17] > k000k444k buy x64 Experience bottle to Takeremu for $80,000.
[18:39:16] > Takeremu added x64 Experience bottle in auction for 80000.
[18:41:54] > Takeremu added x64 Experience bottle in auction for 80000.
[18:45:23] > Takeremu added x64 Experience bottle in auction for 80000.
[18:45:23] > x1 §x§F§F§7§C§0§0§lSteamsparks Boots on sale by alecczzz has just expired, it goes in the inventory of expired items.
[18:45:42] > azuyeca buy x64 Experience bottle to Takeremu for $80,000.
[18:47:08] > Wemmbuo buy x64 Experience bottle to Takeremu for $80,000.
[18:47:10] > Wemmbuo buy x64 Experience bottle to Takeremu for $80,000.
[18:47:16] > Julene added x1 Phantom membrane in auction for 100000.
[18:48:51] > azuyeca remove x1 Giga size dildo from storage
[18:48:56] > azuyeca remove x1 Blahaj from storage
[18:49:05] > azuyeca remove x8 Mini dildo from storage
[18:54:29] > x1 §x§F§F§7§C§0§0§lSteamsparks Hoe on sale by Edabis has just expired, it goes in the inventory of expired items.
[18:55:09] > x1 Diamond helmet, item of Gaisano, has just expired, the item is definitively deleted.
[18:55:09] > x1 Diamond boots, item of Gaisano, has just expired, the item is definitively deleted.
[18:55:09] > x1 Diamond pickaxe, item of belvi__, has just expired, the item is definitively deleted.
[18:55:09] > x1 Diamond chestplate, item of Gaisano, has just expired, the item is definitively deleted.
[18:55:09] > x1 Diamond leggings, item of Gaisano, has just expired, the item is definitively deleted.
[18:55:44] > Takeremu added x64 Experience bottle in auction for 80000.
[18:55:55] > imnectarfr buy x64 Experience bottle to Takeremu for $80,000.
[19:04:19] > Takeremu added x64 Experience bottle in auction for 80000.
[19:04:27] > SenjuKawaragi added x1 §x§F§F§7§C§0§0§lSteamsparks Key in auction for 250000.
[19:04:30] > Takeremu added x64 Experience bottle in auction for 80000.
[19:04:33] > 3xdmge buy x64 Experience bottle to Takeremu for $80,000.
[19:04:37] > SenjuKawaragi added x1 §x§E§5§1§B§1§B§lDracula Key in auction for 350000.
[19:04:39] > 3xdmge remove x64 Experience bottle from buy
[19:04:47] > SenjuKawaragi added x1 §x§5§9§A§1§D§9§lA§x§7§5§B§1§D§Fr§x§9§0§C§0§E§6c§x§A§C§D§0§E§Ch§x§C§8§E§0§F§2a§x§E§3§E§F§F§9n§fg§x§E§3§E§F§F§9e§x§C§8§E§0§F§2l §x§9§0§C§0§E§6K§x§7§5§B§1§D§Fe§x§5§9§A§1§D§9y in auction for 300000.
[19:04:53] > Fogstrap buy x1 §x§5§9§A§1§D§9§lA§x§7§5§B§1§D§Fr§x§9§0§C§0§E§6c§x§A§C§D§0§E§Ch§x§C§8§E§0§F§2a§x§E§3§E§F§F§9n§fg§x§E§3§E§F§F§9e§x§C§8§E§0§F§2l §x§9§0§C§0§E§6K§x§7§5§B§1§D§Fe§x§5§9§A§1§D§9y to SenjuKawaragi for $300,000.
[19:04:53] > Renzy01 added x1 §x§F§F§7§C§0§0§lSteamsparks Battle Axe in auction for 249999.
[19:05:07] > Renzy01 added x1 §x§F§F§7§C§0§0§lSteamsparks Bow in auction for 199999.
[19:05:25] > Renzy01 remove x1 §x§E§5§1§B§1§B§lDracula Wings from expire
[19:05:25] > Renzy01 remove x1 §f§l§x§8§A§0§0§F§FS§x§9§9§0§0§D§Bh§x§A§8§0§0§B§6i§x§B§7§0§0§9§2n§x§C§6§0§0§6§De§x§D§5§0§0§4§9 §x§E§4§0§0§2§4O§x§F§3§0§0§0§0n§x§E§4§0§0§2§4i§x§D§5§0§0§4§9 §x§C§6§0§0§6§DS§x§B§7§0§0§9§2t§x§A§8§0§0§B§6a§x§9§9§0§0§D§Bf§x§8§A§0§0§F§Ff from expire
[19:05:26] > Renzy01 remove x1 §f§l§x§8§A§0§0§F§FS§x§9§C§0§0§D§5h§x§A§D§0§0§A§Ai§x§B§F§0§0§8§0n§x§D§0§0§0§5§5e§x§E§2§0§0§2§B §x§F§3§0§0§0§0O§x§E§2§0§0§2§An§x§D§0§0§0§5§5i§x§B§F§0§0§8§0 §x§A§D§0§0§A§AH§x§9§C§0§0§D§5o§x§8§A§0§0§F§Fe from expire
[19:05:26] > Renzy01 remove x1 §f§l§8B§x§6§3§6§3§6§3a§x§7§1§7§1§7§1h§x§8§0§8§0§8§0a§x§8§E§8§E§8§Em§x§9§C§9§C§9§Cu§7t§x§9§C§9§C§9§C §x§8§E§8§E§8§ES§x§8§0§8§0§8§0t§x§7§1§7§1§7§1a§x§6§3§6§3§6§3f§8f from expire
[19:05:27] > Renzy01 remove x1 §f§l§8B§x§6§2§6§2§6§2a§x§6§F§6§F§6§Fh§x§7§C§7§C§7§Ca§x§8§9§8§9§8§9m§x§9§6§9§6§9§6u§x§A§3§A§3§A§3t §x§9§6§9§6§9§6D§x§8§9§8§9§8§9a§x§7§C§7§C§7§Cg§x§6§F§6§F§6§Fg§x§6§2§6§2§6§2e§8r from expire
[19:05:27] > Renzy01 remove x1 §f§l§8B§x§6§6§6§6§6§6a§x§7§7§7§7§7§7h§x§8§8§8§8§8§8a§x§9§9§9§9§9§9m§7u§x§9§9§9§9§9§9t§x§8§8§8§8§8§8 §x§7§7§7§7§7§7H§x§6§6§6§6§6§6a§8t from expire
[19:05:27] > Renzy01 remove x1 Silence armor trim smithing template from expire
[19:05:27] > Renzy01 remove x1 Netherite upgrade smithing template from expire
[19:05:28] > Renzy01 remove x1 Netherite upgrade smithing template from expire
[19:05:28] > Renzy01 remove x1 §f§l§8B§x§6§6§6§6§6§6a§x§7§7§7§7§7§7h§x§8§8§8§8§8§8a§x§9§9§9§9§9§9m§7u§x§9§9§9§9§9§9t§x§8§8§8§8§8§8 §x§7§7§7§7§7§7B§x§6§6§6§6§6§6o§8w from expire
[19:05:29] > Renzy01 remove x1 §f§l§8B§x§6§6§6§6§6§6a§x§7§7§7§7§7§7h§x§8§8§8§8§8§8a§x§9§9§9§9§9§9m§7u§x§9§9§9§9§9§9t§x§8§8§8§8§8§8 §x§7§7§7§7§7§7H§x§6§6§6§6§6§6o§8e from expire
[19:05:44] > Renzy01 added x1 §x§E§5§1§B§1§B§lDracula Wings in auction for 2500000.
[19:05:56] > Renzy01 added x1 §f§l§x§8§A§0§0§F§FS§x§9§9§0§0§D§Bh§x§A§8§0§0§B§6i§x§B§7§0§0§9§2n§x§C§6§0§0§6§De§x§D§5§0§0§4§9 §x§E§4§0§0§2§4O§x§F§3§0§0§0§0n§x§E§4§0§0§2§4i§x§D§5§0§0§4§9 §x§C§6§0§0§6§DS§x§B§7§0§0§9§2t§x§A§8§0§0§B§6a§x§9§9§0§0§D§Bf§x§8§A§0§0§F§Ff in auction for 1200000.
[19:06:03] > SenjuKawaragi added x1 §x§E§5§1§B§1§B§lDracula Wings in auction for 1250000.
[19:06:41] > ravencabansay remove x1 §f§l§x§F§C§D§0§5§CW§x§F§B§A§D§4§Du§x§F§9§8§B§3§Dk§x§F§8§6§8§2§Eo§x§F§6§4§5§1§Fn§x§F§5§2§3§0§Fg§x§F§3§0§0§0§0 §x§F§5§2§3§0§FS§x§F§6§4§5§1§Fh§x§F§8§6§8§2§Ei§x§F§9§8§B§3§De§x§F§B§A§D§4§Dl§x§F§C§D§0§5§Cd from storage
[19:07:17] > Fogstrap added x4 Netherite ingot in auction for 400000.
[19:07:21] > Trapers1 buy x64 Experience bottle to Takeremu for $80,000.
[19:07:25] > Trapers1 remove x64 Experience bottle form buy
[19:07:36] > Fogstrap added x4 Netherite ingot in auction for 400000.
[19:08:56] > ravencabansay added x8 Diamond block in auction for 100000.
[19:09:39] > Takeremu added x64 Experience bottle in auction for 80000.
[19:09:44] > Trapers1 buy x64 Experience bottle to Takeremu for $80,000.
[19:09:52] > Trapers1 remove x64 Experience bottle form buy
[19:11:32] > Wemmbuo remove x1 Mace from storage
[19:11:45] > Wemmbuo added x1 Mace in auction for 750000.
[19:14:17] > Takeremu added x64 Experience bottle in auction for 80000.
[19:14:22] > k000k444k buy x64 Experience bottle to Takeremu for $80,000.
[19:14:27] > k000k444k remove x64 Experience bottle from buy
[19:14:27] > Takeremu added x64 Experience bottle in auction for 80000.
[19:14:27] > k000k444k remove x64 Experience bottle from buy
[19:14:31] > k000k444k buy x64 Experience bottle to Takeremu for $80,000.
[19:14:34] > k000k444k remove x64 Experience bottle from buy
[19:14:37] > Takeremu added x64 Experience bottle in auction for 80000.
[19:14:48] > Takeremu added x64 Experience bottle in auction for 80000.
[19:15:15] > koshie remove x1 §x§F§F§5§5§0§0§lsᴇʟʟᴡᴀɴᴅ §6- 5.0x from storage
[19:15:16] > koshie remove x1 §x§F§F§5§5§0§0§lsᴇʟʟᴡᴀɴᴅ §6- 5.0x from storage
[19:15:24] > auvicious added x1 §x§F§F§5§5§0§0§lsᴇʟʟᴡᴀɴᴅ §6- 5.0x in auction for 390000.
[19:15:29] > Fogstrap buy x1 §x§F§F§5§5§0§0§lsᴇʟʟᴡᴀɴᴅ §6- 5.0x to auvicious for $390,000.
[19:15:38] > Fogstrap remove x1 §x§F§F§5§5§0§0§lsᴇʟʟᴡᴀɴᴅ §6- 5.0x from buy
[19:16:01] > Fogstrap added x1 §x§F§F§5§5§0§0§lsᴇʟʟᴡᴀɴᴅ §6- 5.0x in auction for 500000.
[19:16:08] > auvicious added x1 §x§F§F§7§C§0§0§lSteamsparks Pickaxe in auction for 300000.
[19:16:20] > auvicious added x1 §x§E§5§1§B§1§B§lDracula Staff in auction for 300000.
[19:16:43] > auvicious added x1 §x§F§F§7§C§0§0§lSteamsparks Shield in auction for 300000.
[19:16:48] > alecczzz added x1 §x§E§5§1§B§1§B§lDracula Spear in auction for 300000.
[19:16:54] > auvicious added x1 §x§F§F§7§C§0§0§lSteamsparks Staff in auction for 300000.
[19:17:05] > auvicious added x1 §x§F§F§7§C§0§0§lSteamsparks Pickaxe in auction for 300000.
[19:18:32] > SAYAAANGGGG added x1 Dildo For Azuyeca in auction for 100000.
[19:21:08] > Wemmbuo buy x1 §x§F§F§7§C§0§0§lSteamsparks Shield to auvicious for $300,000.
[19:21:10] > Wemmbuo buy x1 §x§F§F§7§C§0§0§lSteamsparks Pickaxe to auvicious for $300,000.
[19:21:19] > Wemmbuo buy x64 Experience bottle to Takeremu for $80,000.
[19:21:27] > Wemmbuo buy x64 Experience bottle to Takeremu for $80,000.
[19:22:14] > auvicious added x1 §x§E§5§1§B§1§B§lDracula Chestplate in auction for 400000.
[19:22:28] > auvicious added x1 §x§E§5§1§B§1§B§lDracula Helmet in auction for 400000.
[19:22:48] > Wemmbuo remove x1 §x§F§F§7§C§0§0§lSteamsparks Pickaxe from buy
[19:22:49] > Wemmbuo remove x1 §x§F§F§7§C§0§0§lSteamsparks Shield from buy
[19:23:14] > Zypher_0w0 added x1 /msg Mooshroom Enchant Services in auction for 10000000000000.
[19:23:31] > Fogstrap remove x1 §x§F§F§5§5§0§0§lsᴇʟʟᴡᴀɴᴅ §6- 5.0x from storage
[19:23:31] > Fogstrap remove x1 §x§F§F§5§5§0§0§lsᴇʟʟᴡᴀɴᴅ §6- 5.0x from storage
[19:24:53] > Takeremu added x64 Experience bottle in auction for 80000.
[19:25:06] > Takeremu added x64 Experience bottle in auction for 80000.
[19:26:45] > .C0HEMM added x1 §x§F§F§7§C§0§0§lSteamsparks Leggings in auction for 500000.
[19:27:05] > Takeremu added x64 Experience bottle in auction for 80000.
[19:28:54] > COSA_Shoyo buy x1 §f§l§8B§x§5§F§5§F§5§Fa§x§6§9§6§9§6§9h§x§7§3§7§3§7§3a§x§7§D§7§D§7§Dm§x§8§7§8§7§8§7u§x§9§1§9§1§9§1t§x§9§B§9§B§9§B §x§A§5§A§5§A§5Gr§x§9§B§9§B§9§Be§x§9§1§9§1§9§1a§x§8§7§8§7§8§7t§x§7§D§7§D§7§Ds§x§7§3§7§3§7§3w§x§6§9§6§9§6§9o§x§5§F§5§F§5§Fr§8d to Hunter_Sung for $750,000.
[19:28:57] > COSA_Shoyo remove x1 §f§l§8B§x§5§F§5§F§5§Fa§x§6§9§6§9§6§9h§x§7§3§7§3§7§3a§x§7§D§7§D§7§Dm§x§8§7§8§7§8§7u§x§9§1§9§1§9§1t§x§9§B§9§B§9§B §x§A§5§A§5§A§5Gr§x§9§B§9§B§9§Be§x§9§1§9§1§9§1a§x§8§7§8§7§8§7t§x§7§D§7§D§7§Ds§x§7§3§7§3§7§3w§x§6§9§6§9§6§9o§x§5§F§5§F§5§Fr§8d from buy
[19:29:19] > SAYAAANGGGG remove x1 Dildo For Azuyeca from storage
[19:31:07] > EXEZUNO added x10 Netherite ingot in auction for 800000.
[19:33:11] > EXEZUNO buy x1 §x§F§F§7§C§0§0§lSteamsparks Leggings to aznaaa for $100,000.
[19:33:23] > EXEZUNO remove x1 §x§F§F§7§C§0§0§lSteamsparks Leggings from buy
[19:33:29] > blueheadedzwager buy x1 Dried ghast to dearestyumeko for $80,000.
[19:33:45] > blueheadedzwager remove x1 Dried ghast from buy
[19:37:44] > Wemmbuo remove x1 Mace from storage
[19:42:37] > 3xdmge buy x64 Experience bottle to Takeremu for $80,000.
[19:42:45] > 3xdmge remove x64 Experience bottle from buy
[19:42:55] > kysicx remove x1 §fPhantom Plushie §6(#62/101) from buy
[19:42:55] > kysicx remove x1 §fRabbit Plushie (Black & White) §6(#71/101) from buy
[19:42:55] > kysicx remove x1 §fCamel Plushie §6(#12/101) from buy
[19:42:55] > kysicx remove x1 Music disc tears from buy
[19:44:48] > EXEZUNO buy x1 §f§l§x§F§C§D§0§5§CW§x§F§A§A§A§4§Bu§x§F§9§8§4§3§Bk§x§F§7§5§F§2§Ao§x§F§5§3§9§1§9n§x§F§4§1§3§0§8g §x§F§5§3§9§1§9S§x§F§7§5§F§2§Aw§x§F§9§8§4§3§Bo§x§F§A§A§A§4§Br§x§F§C§D§0§5§Cd to ReKYee for $460,000.
[19:45:32] > EXEZUNO remove x1 §f§l§x§F§C§D§0§5§CW§x§F§A§A§A§4§Bu§x§F§9§8§4§3§Bk§x§F§7§5§F§2§Ao§x§F§5§3§9§1§9n§x§F§4§1§3§0§8g §x§F§5§3§9§1§9S§x§F§7§5§F§2§Aw§x§F§9§8§4§3§Bo§x§F§A§A§A§4§Br§x§F§C§D§0§5§Cd from buy
[19:48:52] > Wemmbuo remove x64 Experience bottle from buy
[19:48:52] > Wemmbuo remove x64 Experience bottle from buy
[19:52:29] > Ab0 added x1 Netherite upgrade smithing template in auction for 70000.
[19:52:44] > frenchhee buy x64 Experience bottle to Takeremu for $80,000.
[19:52:46] > frenchhee buy x64 Experience bottle to Takeremu for $80,000.
[19:52:50] > frenchhee remove x64 Experience bottle from buy
[19:52:51] > frenchhee remove x64 Experience bottle from buy
[19:54:01] > ravencabansay remove x8 Diamond block from storage
[19:54:28] > Takeremu added x64 Experience bottle in auction for 80000.
[19:54:46] > Takeremu added x64 Experience bottle in auction for 80000.
[19:55:57] > auvicious remove x1 §x§E§5§1§B§1§B§lDracula Chestplate from storage
[19:56:04] > auvicious added x1 All Armor Trims(18/18) [Discounted Price] in auction for 2000000.
[19:57:40] > ravencabansay added x1 §f§l§8B§x§6§2§6§2§6§2a§x§6§F§6§F§6§Fh§x§7§C§7§C§7§Ca§x§8§9§8§9§8§9m§x§9§6§9§6§9§6u§x§A§3§A§3§A§3t §x§9§6§9§6§9§6D§x§8§9§8§9§8§9a§x§7§C§7§C§7§Cg§x§6§F§6§F§6§Fg§x§6§2§6§2§6§2e§8r in auction for 300000.
[19:58:33] > frenchhee buy x64 Experience bottle to Takeremu for $80,000.
[19:58:35] > frenchhee buy x64 Experience bottle to Takeremu for $80,000.
[19:58:43] > frenchhee remove x64 Experience bottle from buy
[19:58:43] > frenchhee remove x64 Experience bottle from buy
[20:00:03] > x1 §x§E§5§1§B§1§B§lDracula Sickle on sale by Renzy01 has just expired, it goes in the inventory of expired items.
[20:00:03] > namerikangel added x64 Emerald block in auction for 300000.
[20:00:24] > Takeremu added x64 Experience bottle in auction for 80000.
[20:00:36] > Takeremu added x64 Experience bottle in auction for 80000.
[20:00:47] > Gabyy buy x64 Experience bottle to Takeremu for $80,000.
[20:00:51] > Takeremu added x64 Experience bottle in auction for 80000.
[20:00:59] > Gabyy remove x64 Experience bottle from buy
[20:01:26] > Gabyy buy x64 Experience bottle to Takeremu for $80,000.
[20:01:32] > Gabyy remove x64 Experience bottle from buy
[20:02:00] > frenchhee buy x64 Experience bottle to Takeremu for $80,000.
[20:02:09] > frenchhee remove x64 Experience bottle from buy
[20:02:38] > auvicious buy x5 §x§F§C§9§0§5§C§lE§x§E§6§9§C§6§B§lp§x§C§F§A§7§7§A§li§x§B§9§B§3§8§9§lc §x§8§C§C§B§A§7§lC§x§7§5§D§6§B§6§lr§x§5§F§E§2§C§5§la§x§7§9§D§4§B§4§lt§x§9§3§C§7§A§2§le §x§C§8§A§B§7§F§lK§x§E§2§9§E§6§E§le§x§F§C§9§0§5§C§ly to 3xdmge for $100,000.
[20:02:42] > auvicious remove x5 §x§F§C§9§0§5§C§lE§x§E§6§9§C§6§B§lp§x§C§F§A§7§7§A§li§x§B§9§B§3§8§9§lc §x§8§C§C§B§A§7§lC§x§7§5§D§6§B§6§lr§x§5§F§E§2§C§5§la§x§7§9§D§4§B§4§lt§x§9§3§C§7§A§2§le §x§C§8§A§B§7§F§lK§x§E§2§9§E§6§E§le§x§F§C§9§0§5§C§ly form buy
[20:08:21] > Kodakoda remove x1 §x§F§F§5§5§0§0§lsᴇʟʟᴡᴀɴᴅ §6- 10.0x from storage
[20:08:32] > Kodakoda added x1 §x§F§F§5§5§0§0§lsᴇʟʟᴡᴀɴᴅ §6- 10.0x in auction for 1000000.
[20:08:47] > Fogstrap buy x1 §x§F§F§5§5§0§0§lsᴇʟʟᴡᴀɴᴅ §6- 10.0x to Kodakoda for $1,000,000.
[20:08:47] > ravencabansay remove x1 §f§l§8B§x§6§2§6§2§6§2a§x§6§F§6§F§6§Fh§x§7§C§7§C§7§Ca§x§8§9§8§9§8§9m§x§9§6§9§6§9§6u§x§A§3§A§3§A§3t §x§9§6§9§6§9§6D§x§8§9§8§9§8§9a§x§7§C§7§C§7§Cg§x§6§F§6§F§6§Fg§x§6§2§6§2§6§2e§8r from storage
[20:09:01] > Fogstrap remove x1 §x§F§F§5§5§0§0§lsᴇʟʟᴡᴀɴᴅ §6- 10.0x from buy
[20:09:10] > ravencabansay added x1 §f§l§8B§x§6§2§6§2§6§2a§x§6§F§6§F§6§Fh§x§7§C§7§C§7§Ca§x§8§9§8§9§8§9m§x§9§6§9§6§9§6u§x§A§3§A§3§A§3t §x§9§6§9§6§9§6D§x§8§9§8§9§8§9a§x§7§C§7§C§7§Cg§x§6§F§6§F§6§Fg§x§6§2§6§2§6§2e§8r in auction for 100000.
[20:09:13] > Fogstrap added x1 §x§F§F§5§5§0§0§lsᴇʟʟᴡᴀɴᴅ §6- 10.0x in auction for 1500000.
[20:10:17] > Fogstrap remove x1 §x§5§9§A§1§D§9§lA§x§7§5§B§1§D§Fr§x§9§0§C§0§E§6c§x§A§C§D§0§E§Ch§x§C§8§E§0§F§2a§x§E§3§E§F§F§9n§fg§x§E§3§E§F§F§9e§x§C§8§E§0§F§2l §x§9§0§C§0§E§6K§x§7§5§B§1§D§Fe§x§5§9§A§1§D§9y from buy
[20:10:33] > Fogstrap added x1 §x§5§9§A§1§D§9§lA§x§7§5§B§1§D§Fr§x§9§0§C§0§E§6c§x§A§C§D§0§E§Ch§x§C§8§E§0§F§2a§x§E§3§E§F§F§9n§fg§x§E§3§E§F§F§9e§x§C§8§E§0§F§2l §x§9§0§C§0§E§6K§x§7§5§B§1§D§Fe§x§5§9§A§1§D§9y in auction for 1000000.
[20:10:38] > ThatMidnight buy x1 §x§5§9§A§1§D§9§lA§x§7§5§B§1§D§Fr§x§9§0§C§0§E§6c§x§A§C§D§0§E§Ch§x§C§8§E§0§F§2a§x§E§3§E§F§F§9n§fg§x§E§3§E§F§F§9e§x§C§8§E§0§F§2l §x§9§0§C§0§E§6K§x§7§5§B§1§D§Fe§x§5§9§A§1§D§9y to Fogstrap for $1,000,000.
[20:10:41] > Johng10910 added x1 Nether star in auction for 100000.
[20:10:43] > ThatMidnight remove x1 §x§5§9§A§1§D§9§lA§x§7§5§B§1§D§Fr§x§9§0§C§0§E§6c§x§A§C§D§0§E§Ch§x§C§8§E§0§F§2a§x§E§3§E§F§F§9n§fg§x§E§3§E§F§F§9e§x§C§8§E§0§F§2l §x§9§0§C§0§E§6K§x§7§5§B§1§D§Fe§x§5§9§A§1§D§9y from buy
[20:29:13] > SenjuKawaragi remove x1 §x§E§5§1§B§1§B§lDracula Wings from storage
[20:29:14] > SenjuKawaragi remove x1 §x§E§5§1§B§1§B§lDracula Key from storage
[20:29:14] > SenjuKawaragi remove x1 §x§F§F§7§C§0§0§lSteamsparks Key from storage
[20:29:33] > SenjuKawaragi added x1 §x§E§5§1§B§1§B§lDracula Wings in auction for 1000000.
[20:29:45] > SenjuKawaragi added x1 §x§E§5§1§B§1§B§lDracula Key in auction for 200000.
[20:29:52] > Typeshe added x1 §x§F§F§3§E§0§0§lSellwand Voucher in auction for 1250000.
[20:30:07] > SenjuKawaragi added x1 §x§F§F§7§C§0§0§lSteamsparks Key in auction for 200000.
[20:30:41] > RebornKimmy buy x1 §f§l§x§8§A§0§0§F§FS§x§9§C§0§0§D§5h§x§A§D§0§0§A§Ai§x§B§F§0§0§8§0n§x§D§0§0§0§5§5e§x§E§2§0§0§2§B §x§F§3§0§0§0§0O§x§E§2§0§0§2§An§x§D§0§0§0§5§5i§x§B§F§0§0§8§0 §x§A§D§0§0§A§AH§x§9§C§0§0§D§5o§x§8§A§0§0§F§Fe to xcapan for $300,000.
[20:30:48] > RebornKimmy remove x1 §f§l§x§8§A§0§0§F§FS§x§9§C§0§0§D§5h§x§A§D§0§0§A§Ai§x§B§F§0§0§8§0n§x§D§0§0§0§5§5e§x§E§2§0§0§2§B §x§F§3§0§0§0§0O§x§E§2§0§0§2§An§x§D§0§0§0§5§5i§x§B§F§0§0§8§0 §x§A§D§0§0§A§AH§x§9§C§0§0§D§5o§x§8§A§0§0§F§Fe from buy
[20:30:55] > RebornKimmy remove x64 Nether wart from buy
[20:30:55] > RebornKimmy remove x64 Nether wart from buy
[20:31:01] > RebornKimmy remove x28 Nether wart from buy
[20:36:58] > Trapers1 added x1 §f§l§8B§x§6§4§6§4§6§4a§x§7§4§7§4§7§4h§x§8§3§8§3§8§3a§x§9§3§9§3§9§3m§x§A§2§A§2§A§2ut§x§9§3§9§3§9§3 §x§8§3§8§3§8§3M§x§7§4§7§4§7§4a§x§6§4§6§4§6§4c§8e in auction for 500000.
[20:38:11] > xcapan buy x1 §f§l§x§8§A§0§0§F§FS§x§9§9§0§0§D§Bh§x§A§8§0§0§B§6i§x§B§7§0§0§9§2n§x§C§6§0§0§6§De§x§D§5§0§0§4§9 §x§E§4§0§0§2§4O§x§F§3§0§0§0§0n§x§E§4§0§0§2§4i§x§D§5§0§0§4§9 §x§C§6§0§0§6§DS§x§B§7§0§0§9§2t§x§A§8§0§0§B§6a§x§9§9§0§0§D§Bf§x§8§A§0§0§F§Ff to Hunter_Sung for $1,000,000.
[20:38:21] > xcapan remove x1 §f§l§x§8§A§0§0§F§FS§x§9§9§0§0§D§Bh§x§A§8§0§0§B§6i§x§B§7§0§0§9§2n§x§C§6§0§0§6§De§x§D§5§0§0§4§9 §x§E§4§0§0§2§4O§x§F§3§0§0§0§0n§x§E§4§0§0§2§4i§x§D§5§0§0§4§9 §x§C§6§0§0§6§DS§x§B§7§0§0§9§2t§x§A§8§0§0§B§6a§x§9§9§0§0§D§Bf§x§8§A§0§0§F§Ff from buy
[20:40:02] > Takeremu added x64 Experience bottle in auction for 80000.
[20:40:07] > xcapan buy x64 Experience bottle to Takeremu for $80,000.
[20:40:14] > Takeremu added x64 Experience bottle in auction for 80000.
[20:40:20] > 3xdmge buy x64 Experience bottle to Takeremu for $80,000.
[20:40:22] > xcapan buy x64 Experience bottle to HwanYo for $100,000.
[20:40:25] > xcapan buy x64 Experience bottle to HwanYo for $100,000.
[20:40:27] > xcapan buy x64 Experience bottle to HwanYo for $100,000.
[20:40:29] > xcapan buy x64 Experience bottle to HwanYo for $100,000.
[20:40:33] > xcapan buy x64 Experience bottle to HwanYo for $100,000.
[20:40:33] > 3xdmge remove x64 Experience bottle from buy
[20:40:41] > ThatMidnight buy x1 Enchanted book to nachfaust for $500,000.
[20:40:46] > xcapan remove x64 Experience bottle from buy
[20:40:46] > xcapan remove x64 Experience bottle from buy
[20:40:47] > xcapan remove x64 Experience bottle from buy
[20:40:47] > xcapan remove x64 Experience bottle from buy
[20:40:47] > xcapan remove x64 Experience bottle from buy
[20:40:47] > xcapan remove x64 Experience bottle from buy
[20:45:59] > Gabyy added x1 §x§F§F§3§E§0§0§lSellwand Voucher in auction for 1100000.
[20:46:10] > Trapers1 added x1 §x§F§F§5§5§0§0§lsᴇʟʟᴡᴀɴᴅ §6- 10.0x in auction for 1450000.
[20:46:16] > tic_sz buy x1 §x§F§F§5§5§0§0§lsᴇʟʟᴡᴀɴᴅ §6- 10.0x to Trapers1 for $1,450,000.
[20:46:24] > Johng10910 added x1 §fRabbit Plushie (Toast) §6(#74/101) in auction for 50000.
[20:46:28] > 3xdmge added x1 §x§F§F§3§E§0§0§lSellwand Voucher in auction for 900000.
[20:46:38] > Trapers1 added x1 §fVillager Plushie §6(#90/101) in auction for 10000.
[20:47:00] > Zypher_0w0 buy x1 §x§F§F§5§5§0§0§lsᴇʟʟᴡᴀɴᴅ §6- 5.0x to mauserdart for $480,000.
[20:47:05] > Zypher_0w0 remove x1 §x§F§F§5§5§0§0§lsᴇʟʟᴡᴀɴᴅ §6- 5.0x form buy
[20:47:05] > Zypher_0w0 remove x1 §x§F§F§5§5§0§0§lsᴇʟʟᴡᴀɴᴅ §6- 5.0x form buy
[20:47:05] > Zypher_0w0 remove x1 §x§F§F§5§5§0§0§lsᴇʟʟᴡᴀɴᴅ §6- 5.0x form buy
[20:47:06] > Trapers1 added x1 §fHorse Plushie §6(#45/101) in auction for 10000.
[20:47:28] > Trapers1 buy x1 §x§F§F§3§E§0§0§lSellwand Voucher to 3xdmge for $900,000.
[20:47:30] > alecczzz added x1 §x§F§F§5§5§0§0§lsᴇʟʟᴡᴀɴᴅ §6- 5.0x in auction for 500000.
[20:47:33] > .Allxnzv buy x1 §fHorse Plushie §6(#45/101) to Trapers1 for $10,000.
[20:47:35] > InternetCafeUser buy x64 Emerald block to namerikangel for $300,000.
[20:47:36] > 3xdmge added x1 §x§F§F§3§E§0§0§lSellwand Voucher in auction for 900000.
[20:47:36] > Trapers1 remove x1 §x§F§F§3§E§0§0§lSellwand Voucher form buy
[20:47:43] > .Allxnzv remove x1 Pitcher pod from buy
[20:47:44] > Trapers1 added x1 §x§F§F§3§E§0§0§lSellwand Voucher in auction for 1000000.
[20:47:44] > .Allxnzv remove x1 §fHorse Plushie §6(#45/101) from buy
[20:47:49] > alecczzz remove x1 §x§F§F§5§5§0§0§lsᴇʟʟᴡᴀɴᴅ §6- 5.0x from storage
[20:47:55] > alecczzz added x1 §x§F§F§5§5§0§0§lsᴇʟʟᴡᴀɴᴅ §6- 5.0x in auction for 300000.
[20:47:57] > Johng10910 buy x1 §x§F§F§3§E§0§0§lSellwand Voucher to 3xdmge for $900,000.
[20:48:05] > Fogstrap buy x1 §x§F§F§5§5§0§0§lsᴇʟʟᴡᴀɴᴅ §6- 5.0x to alecczzz for $300,000.
[20:48:09] > ravencabansay added x1 §f§x§6§B§2§C§C§6G§x§7§0§3§2§C§Ca§x§7§5§3§8§D§2l§x§7§A§3§E§D§8a§x§7§F§4§4§D§Ex§x§8§4§4§9§E§5y§x§8§9§4§F§E§B §x§8§E§5§5§F§1H§x§9§3§5§B§F§7a§x§9§8§6§1§F§Dt in auction for 10000.
[20:48:11] > Trapers1 remove x1 §x§F§F§3§E§0§0§lSellwand Voucher form storage
[20:48:11] > Trapers1 remove x1 §fVillager Plushie §6(#90/101) form storage
[20:48:11] > Trapers1 remove x1 §f§l§8B§x§6§4§6§4§6§4a§x§7§4§7§4§7§4h§x§8§3§8§3§8§3a§x§9§3§9§3§9§3m§x§A§2§A§2§A§2ut§x§9§3§9§3§9§3 §x§8§3§8§3§8§3M§x§7§4§7§4§7§4a§x§6§4§6§4§6§4c§8e form storage
[20:48:17] > Johng10910 remove x1 §x§F§F§3§E§0§0§lSellwand Voucher from buy
[20:48:18] > Trapers1 added x1 §f§l§8B§x§6§4§6§4§6§4a§x§7§4§7§4§7§4h§x§8§3§8§3§8§3a§x§9§3§9§3§9§3m§x§A§2§A§2§A§2ut§x§9§3§9§3§9§3 §x§8§3§8§3§8§3M§x§7§4§7§4§7§4a§x§6§4§6§4§6§4c§8e in auction for 500000.
[20:48:19] > ravencabansay remove x1 §f§x§6§B§2§C§C§6G§x§7§0§3§2§C§Ca§x§7§5§3§8§D§2l§x§7§A§3§E§D§8a§x§7§F§4§4§D§Ex§x§8§4§4§9§E§5y§x§8§9§4§F§E§B §x§8§E§5§5§F§1H§x§9§3§5§B§F§7a§x§9§8§6§1§F§Dt from storage
[20:48:31] > Trapers1 added x1 §x§F§F§5§5§0§0§lsᴇʟʟᴡᴀɴᴅ §6- 10.0x in auction for 1400000.
[20:48:45] > Trapers1 added x1 §fVillager Plushie §6(#90/101) in auction for 10000.
[20:48:50] > kysicx buy x1 §fVillager Plushie §6(#90/101) to Trapers1 for $10,000.
[20:49:01] > Trapers1 remove x1 §x§F§F§5§5§0§0§lsᴇʟʟᴡᴀɴᴅ §6- 10.0x form storage
[20:49:01] > Trapers1 remove x1 §f§l§8B§x§6§4§6§4§6§4a§x§7§4§7§4§7§4h§x§8§3§8§3§8§3a§x§9§3§9§3§9§3m§x§A§2§A§2§A§2ut§x§9§3§9§3§9§3 §x§8§3§8§3§8§3M§x§7§4§7§4§7§4a§x§6§4§6§4§6§4c§8e form storage
[20:49:08] > Trapers1 added x1 §x§F§F§5§5§0§0§lsᴇʟʟᴡᴀɴᴅ §6- 10.0x in auction for 1350000.
[20:50:16] > Blinkrzz added x1 IDEK in auction for 2600000.
[20:50:20] > 3xdmge added x1 §f§l§8B§x§6§6§6§6§6§6a§x§7§7§7§7§7§7h§x§8§8§8§8§8§8a§x§9§9§9§9§9§9m§7u§x§9§9§9§9§9§9t§x§8§8§8§8§8§8 §x§7§7§7§7§7§7K§x§6§6§6§6§6§6e§8y in auction for 600000.
[20:50:30] > Trapers1 added x1 §x§F§F§5§5§0§0§lsᴇʟʟᴡᴀɴᴅ §6- 5.0x in auction for 380000.
[20:50:34] > Cooldoggiexd buy x1 §x§F§F§5§5§0§0§lsᴇʟʟᴡᴀɴᴅ §6- 5.0x to Trapers1 for $380,000.
[20:50:42] > Cooldoggiexd remove x1 §x§F§F§5§5§0§0§lsᴇʟʟᴡᴀɴᴅ §6- 5.0x from buy
[20:50:49] > Trapers1 remove x1 §x§F§F§5§5§0§0§lsᴇʟʟᴡᴀɴᴅ §6- 10.0x form storage
[20:50:59] > Trapers1 added x1 §x§F§F§5§5§0§0§lsᴇʟʟᴡᴀɴᴅ §6- 10.0x in auction for 1330000.
[20:51:10] > InternetCafeUser remove x64 Emerald block from buy
[20:51:11] > InternetCafeUser remove x1 §x§F§F§5§5§0§0§lsᴇʟʟᴡᴀɴᴅ §6- 5.0x from buy
[20:51:12] > InternetCafeUser remove x1 Ominous trial key from buy
[20:51:33] > Trapers1 remove x1 §x§F§F§5§5§0§0§lsᴇʟʟᴡᴀɴᴅ §6- 10.0x form storage
[20:51:40] > Trapers1 added x1 §x§F§F§5§5§0§0§lsᴇʟʟᴡᴀɴᴅ §6- 10.0x in auction for 1300000.
[20:51:43] > koshie buy x1 §x§F§F§5§5§0§0§lsᴇʟʟᴡᴀɴᴅ §6- 10.0x to Trapers1 for $1,300,000.
[20:52:57] > EXEZUNO added x1 §x§F§F§3§E§0§0§lSellwand Voucher in auction for 540000.
[20:52:59] > tic_sz buy x1 §x§F§F§3§E§0§0§lSellwand Voucher to EXEZUNO for $540,000.
[20:53:03] > tic_sz remove x1 §x§F§F§3§E§0§0§lSellwand Voucher from buy
[20:54:42] > lorxie added x1 §f§l§x§8§A§0§0§F§FS§x§9§8§0§0§D§Dh§x§A§6§0§0§B§Bi§x§B§4§0§0§9§9n§x§C§2§0§0§7§7e§x§D§0§0§0§5§5 §x§D§E§0§0§3§3O§x§E§C§0§0§1§1ni§x§D§E§0§0§3§3 §x§D§0§0§0§5§5S§x§C§2§0§0§7§7h§x§B§4§0§0§9§9i§x§A§6§0§0§B§Be§x§9§8§0§0§D§Dl§x§8§A§0§0§F§Fd in auction for 1000000000000.
[20:54:50] > lorxie remove x1 §f§l§x§8§A§0§0§F§FS§x§9§8§0§0§D§Dh§x§A§6§0§0§B§Bi§x§B§4§0§0§9§9n§x§C§2§0§0§7§7e§x§D§0§0§0§5§5 §x§D§E§0§0§3§3O§x§E§C§0§0§1§1ni§x§D§E§0§0§3§3 §x§D§0§0§0§5§5S§x§C§2§0§0§7§7h§x§B§4§0§0§9§9i§x§A§6§0§0§B§Be§x§9§8§0§0§D§Dl§x§8§A§0§0§F§Fd from storage
[20:55:29] > Trapers1 added x1 §f§l§8B§x§6§4§6§4§6§4a§x§7§4§7§4§7§4h§x§8§3§8§3§8§3a§x§9§3§9§3§9§3m§x§A§2§A§2§A§2ut§x§9§3§9§3§9§3 §x§8§3§8§3§8§3M§x§7§4§7§4§7§4a§x§6§4§6§4§6§4c§8e in auction for 500000.
[20:55:40] > namerikangel added x64 Emerald block in auction for 300000.
[20:55:54] > namerikangel added x64 Emerald block in auction for 300000.
[20:56:05] > namerikangel added x64 Emerald block in auction for 300000.
[20:56:15] > 3xdmge buy x64 Emerald block to namerikangel for $300,000.
[20:56:23] > 3xdmge remove x64 Emerald block from buy
[20:56:25] > Wemmbuo buy x64 Emerald block to namerikangel for $300,000.
[20:56:28] > Wemmbuo buy x64 Emerald block to namerikangel for $300,000.
[20:56:51] > Wemmbuo remove x64 Emerald block from buy
[20:56:52] > Wemmbuo remove x64 Emerald block from buy
[20:56:52] > Wemmbuo remove x64 Experience bottle from buy
[20:56:54] > Wemmbuo remove x64 Experience bottle from buy
[20:57:14] > namerikangel added x64 Emerald block in auction for 300000.
[20:57:28] > namerikangel added x64 Emerald block in auction for 300000.
[20:57:35] > 3xdmge remove x1 §f§l§8B§x§6§6§6§6§6§6a§x§7§7§7§7§7§7h§x§8§8§8§8§8§8a§x§9§9§9§9§9§9m§7u§x§9§9§9§9§9§9t§x§8§8§8§8§8§8 §x§7§7§7§7§7§7K§x§6§6§6§6§6§6e§8y from storage
[20:57:39] > namerikangel added x64 Emerald block in auction for 300000.
[20:57:39] > x1 §f§l§x§F§C§D§0§5§CW§x§F§A§A§A§4§Bu§x§F§9§8§4§3§Bk§x§F§7§5§F§2§Ao§x§F§5§3§9§1§9n§x§F§4§1§3§0§8g §x§F§5§3§9§1§9S§x§F§7§5§F§2§Ap§x§F§9§8§4§3§Be§x§F§A§A§A§4§Ba§x§F§C§D§0§5§Cr, item of .AyakoKoru, has just expired, the item is definitively deleted.
[20:57:41] > 3xdmge remove x1 §f§l§8B§x§6§6§6§6§6§6a§x§7§7§7§7§7§7h§x§8§8§8§8§8§8a§x§9§9§9§9§9§9m§7u§x§9§9§9§9§9§9t§x§8§8§8§8§8§8 §x§7§7§7§7§7§7K§x§6§6§6§6§6§6e§8y from expire
[20:57:56] > 3xdmge added x1 §f§l§8B§x§6§6§6§6§6§6a§x§7§7§7§7§7§7h§x§8§8§8§8§8§8a§x§9§9§9§9§9§9m§7u§x§9§9§9§9§9§9t§x§8§8§8§8§8§8 §x§7§7§7§7§7§7K§x§6§6§6§6§6§6e§8y in auction for 150000.
[20:58:01] > Trapers1 buy x1 §f§l§8B§x§6§6§6§6§6§6a§x§7§7§7§7§7§7h§x§8§8§8§8§8§8a§x§9§9§9§9§9§9m§7u§x§9§9§9§9§9§9t§x§8§8§8§8§8§8 §x§7§7§7§7§7§7K§x§6§6§6§6§6§6e§8y to 3xdmge for $150,000.
[20:58:06] > Trapers1 remove x1 §f§l§8B§x§6§6§6§6§6§6a§x§7§7§7§7§7§7h§x§8§8§8§8§8§8a§x§9§9§9§9§9§9m§7u§x§9§9§9§9§9§9t§x§8§8§8§8§8§8 §x§7§7§7§7§7§7K§x§6§6§6§6§6§6e§8y form buy
[20:58:32] > Trapers1 added x1 §f§l§8B§x§6§6§6§6§6§6a§x§7§7§7§7§7§7h§x§8§8§8§8§8§8a§x§9§9§9§9§9§9m§7u§x§9§9§9§9§9§9t§x§8§8§8§8§8§8 §x§7§7§7§7§7§7K§x§6§6§6§6§6§6e§8y in auction for 500000.
[20:59:13] > Takeremu remove x1 §fCat Plushie (Siamese) §6(#20/101) from buy
[20:59:13] > Takeremu remove x1 §fZombie Plushie §6(#99/101) from buy
[20:59:22] > Trapers1 remove x1 §f§l§8B§x§6§4§6§4§6§4a§x§7§4§7§4§7§4h§x§8§3§8§3§8§3a§x§9§3§9§3§9§3m§x§A§2§A§2§A§2ut§x§9§3§9§3§9§3 §x§8§3§8§3§8§3M§x§7§4§7§4§7§4a§x§6§4§6§4§6§4c§8e form storage
[20:59:22] > Trapers1 remove x1 §f§l§8B§x§6§6§6§6§6§6a§x§7§7§7§7§7§7h§x§8§8§8§8§8§8a§x§9§9§9§9§9§9m§7u§x§9§9§9§9§9§9t§x§8§8§8§8§8§8 §x§7§7§7§7§7§7K§x§6§6§6§6§6§6e§8y form storage
[20:59:29] > Trapers1 added x1 §f§l§8B§x§6§4§6§4§6§4a§x§7§4§7§4§7§4h§x§8§3§8§3§8§3a§x§9§3§9§3§9§3m§x§A§2§A§2§A§2ut§x§9§3§9§3§9§3 §x§8§3§8§3§8§3M§x§7§4§7§4§7§4a§x§6§4§6§4§6§4c§8e in auction for 400000.
[20:59:43] > koshie remove x1 §f§l§x§8§A§0§0§F§FS§x§9§9§0§0§D§Bh§x§A§8§0§0§B§6i§x§B§7§0§0§9§2n§x§C§6§0§0§6§De§x§D§5§0§0§4§9 §x§E§4§0§0§2§4O§x§F§3§0§0§0§0n§x§E§4§0§0§2§4i§x§D§5§0§0§4§9 §x§C§6§0§0§6§DS§x§B§7§0§0§9§2t§x§A§8§0§0§B§6a§x§9§9§0§0§D§Bf§x§8§A§0§0§F§Ff from expire
[20:59:43] > koshie remove x1 §f§l§8B§x§6§2§6§2§6§2a§x§6§F§6§F§6§Fh§x§7§C§7§C§7§Ca§x§8§9§8§9§8§9m§x§9§6§9§6§9§6u§x§A§3§A§3§A§3t §x§9§6§9§6§9§6H§x§8§9§8§9§8§9a§x§7§C§7§C§7§Cm§x§6§F§6§F§6§Fm§x§6§2§6§2§6§2e§8r from expire
[20:59:43] > koshie remove x1 §f§l§x§8§A§0§0§F§FS§x§9§C§0§0§D§5h§x§A§D§0§0§A§Ai§x§B§F§0§0§8§0n§x§D§0§0§0§5§5e§x§E§2§0§0§2§B §x§F§3§0§0§0§0O§x§E§2§0§0§2§An§x§D§0§0§0§5§5i§x§B§F§0§0§8§0 §x§A§D§0§0§A§AH§x§9§C§0§0§D§5o§x§8§A§0§0§F§Fe from expire
[20:59:44] > koshie remove x1 §f§l§8B§x§6§4§6§4§6§4a§x§7§4§7§4§7§4h§x§8§3§8§3§8§3a§x§9§3§9§3§9§3m§x§A§2§A§2§A§2ut§x§9§3§9§3§9§3 §x§8§3§8§3§8§3M§x§7§4§7§4§7§4a§x§6§4§6§4§6§4c§8e from expire
[20:59:44] > koshie remove x1 §f§l§x§8§A§0§0§F§FS§x§9§C§0§0§D§5h§x§A§D§0§0§A§Ai§x§B§F§0§0§8§0n§x§D§0§0§0§5§5e§x§E§2§0§0§2§B §x§F§3§0§0§0§0O§x§E§2§0§0§2§An§x§D§0§0§0§5§5i§x§B§F§0§0§8§0 §x§A§D§0§0§A§AB§x§9§C§0§0§D§5o§x§8§A§0§0§F§Fw from expire
[20:59:44] > koshie remove x1 §f§l§x§8§A§0§0§F§FS§x§9§5§0§0§E§4h§x§A§0§0§0§C§9i§x§A§B§0§0§A§En§x§B§6§0§0§9§4e§x§C§1§0§0§7§9 §x§C§C§0§0§5§EO§x§D§7§0§0§4§3n§x§E§2§0§0§2§8i§x§E§D§0§0§0§D B§x§E§2§0§0§2§8a§x§D§7§0§0§4§3t§x§C§C§0§0§5§Et§x§C§1§0§0§7§9l§x§B§6§0§0§9§4e§x§A§B§0§0§A§E §x§A§0§0§0§C§9A§x§9§5§0§0§E§4x§x§8§A§0§0§F§Fe from expire
[20:59:44] > 3xdmge added x1 §x§E§5§1§B§1§B§lDracula Wings in auction for 250000.
[20:59:45] > koshie remove x1 §f§l§x§8§A§0§0§F§FS§x§9§8§0§0§D§Dh§x§A§6§0§0§B§Bi§x§B§4§0§0§9§9n§x§C§2§0§0§7§7e§x§D§0§0§0§5§5 §x§D§E§0§0§3§3O§x§E§C§0§0§1§1ni§x§D§E§0§0§3§3 §x§D§0§0§0§5§5S§x§C§2§0§0§7§7h§x§B§4§0§0§9§9i§x§A§6§0§0§B§Be§x§9§8§0§0§D§Dl§x§8§A§0§0§F§Fd from expire
[20:59:50] > ravencabansay buy x1 §x§E§5§1§B§1§B§lDracula Wings to 3xdmge for $250,000.
[20:59:57] > ravencabansay remove x1 §x§E§5§1§B§1§B§lDracula Wings from buy
[21:00:01] > 3xdmge added x1 §x§E§5§1§B§1§B§lDracula Bow in auction for 250000.
[21:00:10] > Trapers1 added x1 §f§l§8B§x§5§F§5§F§5§Fa§x§6§9§6§9§6§9h§x§7§3§7§3§7§3a§x§7§D§7§D§7§Dm§x§8§7§8§7§8§7u§x§9§1§9§1§9§1t§x§9§B§9§B§9§B §x§A§5§A§5§A§5Ch§x§9§B§9§B§9§Be§x§9§1§9§1§9§1s§x§8§7§8§7§8§7t§x§7§D§7§D§7§Dp§x§7§3§7§3§7§3l§x§6§9§6§9§6§9a§x§5§F§5§F§5§Ft§8e in auction for 1000000.
[21:00:29] > Trapers1 remove x1 §f§l§8B§x§6§4§6§4§6§4a§x§7§4§7§4§7§4h§x§8§3§8§3§8§3a§x§9§3§9§3§9§3m§x§A§2§A§2§A§2ut§x§9§3§9§3§9§3 §x§8§3§8§3§8§3M§x§7§4§7§4§7§4a§x§6§4§6§4§6§4c§8e form storage
[21:00:29] > Trapers1 remove x1 §f§l§8B§x§5§F§5§F§5§Fa§x§6§9§6§9§6§9h§x§7§3§7§3§7§3a§x§7§D§7§D§7§Dm§x§8§7§8§7§8§7u§x§9§1§9§1§9§1t§x§9§B§9§B§9§B §x§A§5§A§5§A§5Ch§x§9§B§9§B§9§Be§x§9§1§9§1§9§1s§x§8§7§8§7§8§7t§x§7§D§7§D§7§Dp§x§7§3§7§3§7§3l§x§6§9§6§9§6§9a§x§5§F§5§F§5§Ft§8e form storage
[21:00:29] > WystineW buy x1 Flow armor trim smithing template to Ryzxc for $70,000.
[21:00:33] > Fogstrap added x1 Enchanted book in auction for 1000000.
[21:00:34] > .UNODOS1245 added x1 Dried ghast in auction for 100000.
[21:00:39] > 3xdmge added x1 Totem of undying in auction for 500000.
[21:00:41] > Trapers1 added x1 §f§l§8B§x§5§F§5§F§5§Fa§x§6§9§6§9§6§9h§x§7§3§7§3§7§3a§x§7§D§7§D§7§Dm§x§8§7§8§7§8§7u§x§9§1§9§1§9§1t§x§9§B§9§B§9§B §x§A§5§A§5§A§5Ch§x§9§B§9§B§9§Be§x§9§1§9§1§9§1s§x§8§7§8§7§8§7t§x§7§D§7§D§7§Dp§x§7§3§7§3§7§3l§x§6§9§6§9§6§9a§x§5§F§5§F§5§Ft§8e in auction for 650000.
[21:00:42] > WystineW remove x1 §fPiglin Plushie §6(#64/101) form storage
[21:01:12] > Trapers1 remove x1 §f§l§8B§x§5§F§5§F§5§Fa§x§6§9§6§9§6§9h§x§7§3§7§3§7§3a§x§7§D§7§D§7§Dm§x§8§7§8§7§8§7u§x§9§1§9§1§9§1t§x§9§B§9§B§9§B §x§A§5§A§5§A§5Ch§x§9§B§9§B§9§Be§x§9§1§9§1§9§1s§x§8§7§8§7§8§7t§x§7§D§7§D§7§Dp§x§7§3§7§3§7§3l§x§6§9§6§9§6§9a§x§5§F§5§F§5§Ft§8e form storage
[21:01:20] > ravencabansay added x1 §x§E§5§1§B§1§B§lDracula Wings in auction for 1000000.
[21:01:39] > Trapers1 added x1 §f§l§8B§x§5§F§5§F§5§Fa§x§6§9§6§9§6§9h§x§7§3§7§3§7§3a§x§7§D§7§D§7§Dm§x§8§7§8§7§8§7u§x§9§1§9§1§9§1t§x§9§B§9§B§9§B §x§A§5§A§5§A§5Ch§x§9§B§9§B§9§Be§x§9§1§9§1§9§1s§x§8§7§8§7§8§7t§x§7§D§7§D§7§Dp§x§7§3§7§3§7§3l§x§6§9§6§9§6§9a§x§5§F§5§F§5§Ft§8e in auction for 500000.
[21:02:01] > 3xdmge remove x1 Totem of undying from storage
[21:02:04] > Trapers1 remove x1 §f§l§8B§x§5§F§5§F§5§Fa§x§6§9§6§9§6§9h§x§7§3§7§3§7§3a§x§7§D§7§D§7§Dm§x§8§7§8§7§8§7u§x§9§1§9§1§9§1t§x§9§B§9§B§9§B §x§A§5§A§5§A§5Ch§x§9§B§9§B§9§Be§x§9§1§9§1§9§1s§x§8§7§8§7§8§7t§x§7§D§7§D§7§Dp§x§7§3§7§3§7§3l§x§6§9§6§9§6§9a§x§5§F§5§F§5§Ft§8e form storage
[21:02:09] > Trapers1 added x1 §f§l§8B§x§5§F§5§F§5§Fa§x§6§9§6§9§6§9h§x§7§3§7§3§7§3a§x§7§D§7§D§7§Dm§x§8§7§8§7§8§7u§x§9§1§9§1§9§1t§x§9§B§9§B§9§B §x§A§5§A§5§A§5Ch§x§9§B§9§B§9§Be§x§9§1§9§1§9§1s§x§8§7§8§7§8§7t§x§7§D§7§D§7§Dp§x§7§3§7§3§7§3l§x§6§9§6§9§6§9a§x§5§F§5§F§5§Ft§8e in auction for 400000.
[21:02:44] > Trapers1 remove x1 §f§l§8B§x§5§F§5§F§5§Fa§x§6§9§6§9§6§9h§x§7§3§7§3§7§3a§x§7§D§7§D§7§Dm§x§8§7§8§7§8§7u§x§9§1§9§1§9§1t§x§9§B§9§B§9§B §x§A§5§A§5§A§5Ch§x§9§B§9§B§9§Be§x§9§1§9§1§9§1s§x§8§7§8§7§8§7t§x§7§D§7§D§7§Dp§x§7§3§7§3§7§3l§x§6§9§6§9§6§9a§x§5§F§5§F§5§Ft§8e form storage
[21:02:54] > Trapers1 added x1 §f§l§8B§x§5§F§5§F§5§Fa§x§6§9§6§9§6§9h§x§7§3§7§3§7§3a§x§7§D§7§D§7§Dm§x§8§7§8§7§8§7u§x§9§1§9§1§9§1t§x§9§B§9§B§9§B §x§A§5§A§5§A§5Ch§x§9§B§9§B§9§Be§x§9§1§9§1§9§1s§x§8§7§8§7§8§7t§x§7§D§7§D§7§Dp§x§7§3§7§3§7§3l§x§6§9§6§9§6§9a§x§5§F§5§F§5§Ft§8e in auction for 350000.
[21:03:32] > Trapers1 remove x1 §f§l§8B§x§5§F§5§F§5§Fa§x§6§9§6§9§6§9h§x§7§3§7§3§7§3a§x§7§D§7§D§7§Dm§x§8§7§8§7§8§7u§x§9§1§9§1§9§1t§x§9§B§9§B§9§B §x§A§5§A§5§A§5Ch§x§9§B§9§B§9§Be§x§9§1§9§1§9§1s§x§8§7§8§7§8§7t§x§7§D§7§D§7§Dp§x§7§3§7§3§7§3l§x§6§9§6§9§6§9a§x§5§F§5§F§5§Ft§8e form storage
[21:03:43] > Trapers1 added x1 §f§l§8B§x§5§F§5§F§5§Fa§x§6§9§6§9§6§9h§x§7§3§7§3§7§3a§x§7§D§7§D§7§Dm§x§8§7§8§7§8§7u§x§9§1§9§1§9§1t§x§9§B§9§B§9§B §x§A§5§A§5§A§5Ch§x§9§B§9§B§9§Be§x§9§1§9§1§9§1s§x§8§7§8§7§8§7t§x§7§D§7§D§7§Dp§x§7§3§7§3§7§3l§x§6§9§6§9§6§9a§x§5§F§5§F§5§Ft§8e in auction for 250000.
[21:03:49] > tic_sz buy x1 §f§l§8B§x§5§F§5§F§5§Fa§x§6§9§6§9§6§9h§x§7§3§7§3§7§3a§x§7§D§7§D§7§Dm§x§8§7§8§7§8§7u§x§9§1§9§1§9§1t§x§9§B§9§B§9§B §x§A§5§A§5§A§5Ch§x§9§B§9§B§9§Be§x§9§1§9§1§9§1s§x§8§7§8§7§8§7t§x§7§D§7§D§7§Dp§x§7§3§7§3§7§3l§x§6§9§6§9§6§9a§x§5§F§5§F§5§Ft§8e to Trapers1 for $250,000.
[21:03:55] > Fogstrap added x1 §x§F§F§5§5§0§0§lsᴇʟʟᴡᴀɴᴅ §6- 20.0x in auction for 4000000.
[21:04:00] > frenchhee buy x1 §f§l§8B§x§5§F§5§F§5§Fa§x§6§9§6§9§6§9h§x§7§3§7§3§7§3a§x§7§D§7§D§7§Dm§x§8§7§8§7§8§7u§x§9§1§9§1§9§1t§x§9§B§9§B§9§B §x§A§5§A§5§A§5Ch§x§9§B§9§B§9§Be§x§9§1§9§1§9§1s§x§8§7§8§7§8§7t§x§7§D§7§D§7§Dp§x§7§3§7§3§7§3l§x§6§9§6§9§6§9a§x§5§F§5§F§5§Ft§8e to NoClarity for $200,000.
[21:04:12] > frenchhee remove x1 §f§l§8B§x§5§F§5§F§5§Fa§x§6§9§6§9§6§9h§x§7§3§7§3§7§3a§x§7§D§7§D§7§Dm§x§8§7§8§7§8§7u§x§9§1§9§1§9§1t§x§9§B§9§B§9§B §x§A§5§A§5§A§5Ch§x§9§B§9§B§9§Be§x§9§1§9§1§9§1s§x§8§7§8§7§8§7t§x§7§D§7§D§7§Dp§x§7§3§7§3§7§3l§x§6§9§6§9§6§9a§x§5§F§5§F§5§Ft§8e from buy
[21:04:35] > Trapers1 added x1 §x§F§F§7§C§0§0§lSteamsparks Helmet in auction for 150000.
[21:05:56] > Trapers1 added x10 §x§F§C§D§0§5§C§lB§x§E§6§D§3§6§B§la§x§C§F§D§5§7§A§ls§x§B§9§D§8§8§9§li§x§A§2§D§A§9§8§lc §x§7§5§D§F§B§6§lC§x§5§F§E§2§C§5§lr§x§7§5§D§F§B§6§la§x§8§C§D§D§A§7§lt§x§A§2§D§A§9§8§le §x§C§F§D§5§7§A§lK§x§E§6§D§3§6§B§le§x§F§C§D§0§5§C§ly in auction for 150000.
[21:06:09] > Trapers1 added x1 §x§F§F§7§C§0§0§lSteamsparks Staff in auction for 50000.
[21:06:24] > Trapers1 added x1 §x§F§F§7§C§0§0§lSteamsparks Shovel in auction for 75000.
[21:07:08] > Trapers1 remove x1 §x§F§F§7§C§0§0§lSteamsparks Helmet form storage
[21:07:08] > Trapers1 remove x1 §x§F§F§7§C§0§0§lSteamsparks Staff form storage
[21:07:08] > Trapers1 remove x1 §x§F§F§7§C§0§0§lSteamsparks Shovel form storage
[21:07:08] > Trapers1 remove x10 §x§F§C§D§0§5§C§lB§x§E§6§D§3§6§B§la§x§C§F§D§5§7§A§ls§x§B§9§D§8§8§9§li§x§A§2§D§A§9§8§lc §x§7§5§D§F§B§6§lC§x§5§F§E§2§C§5§lr§x§7§5§D§F§B§6§la§x§8§C§D§D§A§7§lt§x§A§2§D§A§9§8§le §x§C§F§D§5§7§A§lK§x§E§6§D§3§6§B§le§x§F§C§D§0§5§C§ly form storage
[21:07:14] > Trapers1 added x10 §x§F§C§D§0§5§C§lB§x§E§6§D§3§6§B§la§x§C§F§D§5§7§A§ls§x§B§9§D§8§8§9§li§x§A§2§D§A§9§8§lc §x§7§5§D§F§B§6§lC§x§5§F§E§2§C§5§lr§x§7§5§D§F§B§6§la§x§8§C§D§D§A§7§lt§x§A§2§D§A§9§8§le §x§C§F§D§5§7§A§lK§x§E§6§D§3§6§B§le§x§F§C§D§0§5§C§ly in auction for 20000.
[21:07:21] > Fogstrap buy x10 §x§F§C§D§0§5§C§lB§x§E§6§D§3§6§B§la§x§C§F§D§5§7§A§ls§x§B§9§D§8§8§9§li§x§A§2§D§A§9§8§lc §x§7§5§D§F§B§6§lC§x§5§F§E§2§C§5§lr§x§7§5§D§F§B§6§la§x§8§C§D§D§A§7§lt§x§A§2§D§A§9§8§le §x§C§F§D§5§7§A§lK§x§E§6§D§3§6§B§le§x§F§C§D§0§5§C§ly to Trapers1 for $20,000.
[21:07:29] > Trapers1 added x1 §x§F§F§7§C§0§0§lSteamsparks Staff in auction for 30000.
[21:07:39] > Fogstrap remove x1 §x§F§F§5§5§0§0§lsᴇʟʟᴡᴀɴᴅ §6- 5.0x from buy
[21:07:39] > Fogstrap remove x10 §x§F§C§D§0§5§C§lB§x§E§6§D§3§6§B§la§x§C§F§D§5§7§A§ls§x§B§9§D§8§8§9§li§x§A§2§D§A§9§8§lc §x§7§5§D§F§B§6§lC§x§5§F§E§2§C§5§lr§x§7§5§D§F§B§6§la§x§8§C§D§D§A§7§lt§x§A§2§D§A§9§8§le §x§C§F§D§5§7§A§lK§x§E§6§D§3§6§B§le§x§F§C§D§0§5§C§ly from buy
[21:07:44] > Trapers1 added x1 §x§F§F§7§C§0§0§lSteamsparks Shovel in auction for 30000.
[21:07:49] > tic_sz remove x1 §x§F§F§5§5§0§0§lsᴇʟʟᴡᴀɴᴅ §6- 10.0x from buy
[21:07:50] > tic_sz remove x1 §f§l§8B§x§5§F§5§F§5§Fa§x§6§9§6§9§6§9h§x§7§3§7§3§7§3a§x§7§D§7§D§7§Dm§x§8§7§8§7§8§7u§x§9§1§9§1§9§1t§x§9§B§9§B§9§B §x§A§5§A§5§A§5Ch§x§9§B§9§B§9§Be§x§9§1§9§1§9§1s§x§8§7§8§7§8§7t§x§7§D§7§D§7§Dp§x§7§3§7§3§7§3l§x§6§9§6§9§6§9a§x§5§F§5§F§5§Ft§8e from buy
[21:07:51] > tic_sz remove x1 Saddle from buy
[21:08:19] > Trapers1 added x1 Netherite upgrade smithing template in auction for 90000.
[21:08:30] > Trapers1 added x1 Netherite upgrade smithing template in auction for 90000.
[21:08:44] > Trapers1 added x1 Netherite upgrade smithing template in auction for 90000.
[21:09:08] > Trapers1 remove x1 §x§F§F§7§C§0§0§lSteamsparks Shovel form storage
[21:09:08] > Trapers1 remove x1 §x§F§F§7§C§0§0§lSteamsparks Staff form storage
[21:09:08] > Trapers1 remove x1 Netherite upgrade smithing template form storage
[21:09:08] > Trapers1 remove x1 Netherite upgrade smithing template form storage
[21:09:08] > Trapers1 remove x1 Netherite upgrade smithing template form storage
[21:09:15] > Trapers1 added x1 §x§F§F§7§C§0§0§lSteamsparks Staff in auction for 10000.
[21:09:21] > Wemmbuo buy x1 §x§F§F§7§C§0§0§lSteamsparks Staff to Trapers1 for $10,000.
[21:09:27] > Trapers1 added x1 §x§F§F§7§C§0§0§lSteamsparks Shovel in auction for 10000.
[21:09:29] > Wemmbuo buy x1 §x§F§F§7§C§0§0§lSteamsparks Shovel to Trapers1 for $10,000.
[21:09:42] > Trapers1 added x1 Netherite upgrade smithing template in auction for 60000.
[21:09:54] > Trapers1 added x1 Netherite upgrade smithing template in auction for 60000.
[21:09:59] > 3xdmge buy x64 Emerald block to namerikangel for $300,000.
[21:10:03] > 3xdmge remove x64 Emerald block from buy
[21:10:08] > Trapers1 added x1 Netherite upgrade smithing template in auction for 60000.
[21:10:21] > Trapers1 added x1 §x§F§F§7§C§0§0§lSteamsparks Helmet in auction for 20000.
[21:10:27] > RebornKimmy buy x1 §x§F§F§7§C§0§0§lSteamsparks Helmet to Trapers1 for $20,000.
[21:10:47] > Trapers1 added x1 §f§l§8B§x§6§2§6§2§6§2a§x§6§F§6§F§6§Fh§x§7§C§7§C§7§Ca§x§8§9§8§9§8§9m§x§9§6§9§6§9§6u§x§A§3§A§3§A§3t §x§9§6§9§6§9§6H§x§8§9§8§9§8§9a§x§7§C§7§C§7§Ct§x§6§F§6§F§6§F §x§6§2§6§2§6§2V§82 in auction for 500000.
[21:11:05] > Trapers1 remove x1 Netherite upgrade smithing template form storage
[21:11:05] > Trapers1 remove x1 Netherite upgrade smithing template form storage
[21:11:05] > Trapers1 remove x1 Netherite upgrade smithing template form storage
[21:11:05] > Trapers1 remove x1 §f§l§8B§x§6§2§6§2§6§2a§x§6§F§6§F§6§Fh§x§7§C§7§C§7§Ca§x§8§9§8§9§8§9m§x§9§6§9§6§9§6u§x§A§3§A§3§A§3t §x§9§6§9§6§9§6H§x§8§9§8§9§8§9a§x§7§C§7§C§7§Ct§x§6§F§6§F§6§F §x§6§2§6§2§6§2V§82 form storage
[21:11:16] > Trapers1 added x1 §f§l§8B§x§6§2§6§2§6§2a§x§6§F§6§F§6§Fh§x§7§C§7§C§7§Ca§x§8§9§8§9§8§9m§x§9§6§9§6§9§6u§x§A§3§A§3§A§3t §x§9§6§9§6§9§6H§x§8§9§8§9§8§9a§x§7§C§7§C§7§Ct§x§6§F§6§F§6§F §x§6§2§6§2§6§2V§82 in auction for 200000.
[21:11:55] > Trapers1 remove x1 §f§l§8B§x§6§2§6§2§6§2a§x§6§F§6§F§6§Fh§x§7§C§7§C§7§Ca§x§8§9§8§9§8§9m§x§9§6§9§6§9§6u§x§A§3§A§3§A§3t §x§9§6§9§6§9§6H§x§8§9§8§9§8§9a§x§7§C§7§C§7§Ct§x§6§F§6§F§6§F §x§6§2§6§2§6§2V§82 form storage
[21:12:01] > Trapers1 added x1 §f§l§8B§x§6§2§6§2§6§2a§x§6§F§6§F§6§Fh§x§7§C§7§C§7§Ca§x§8§9§8§9§8§9m§x§9§6§9§6§9§6u§x§A§3§A§3§A§3t §x§9§6§9§6§9§6H§x§8§9§8§9§8§9a§x§7§C§7§C§7§Ct§x§6§F§6§F§6§F §x§6§2§6§2§6§2V§82 in auction for 100000.
[21:12:37] > Trapers1 remove x1 §f§l§8B§x§6§2§6§2§6§2a§x§6§F§6§F§6§Fh§x§7§C§7§C§7§Ca§x§8§9§8§9§8§9m§x§9§6§9§6§9§6u§x§A§3§A§3§A§3t §x§9§6§9§6§9§6H§x§8§9§8§9§8§9a§x§7§C§7§C§7§Ct§x§6§F§6§F§6§F §x§6§2§6§2§6§2V§82 form storage
[21:12:44] > Trapers1 added x1 §f§l§8B§x§6§2§6§2§6§2a§x§6§F§6§F§6§Fh§x§7§C§7§C§7§Ca§x§8§9§8§9§8§9m§x§9§6§9§6§9§6u§x§A§3§A§3§A§3t §x§9§6§9§6§9§6H§x§8§9§8§9§8§9a§x§7§C§7§C§7§Ct§x§6§F§6§F§6§F §x§6§2§6§2§6§2V§82 in auction for 50000.
[21:13:03] > Trapers1 remove x1 §f§l§8B§x§6§2§6§2§6§2a§x§6§F§6§F§6§Fh§x§7§C§7§C§7§Ca§x§8§9§8§9§8§9m§x§9§6§9§6§9§6u§x§A§3§A§3§A§3t §x§9§6§9§6§9§6H§x§8§9§8§9§8§9a§x§7§C§7§C§7§Ct§x§6§F§6§F§6§F §x§6§2§6§2§6§2V§82 form storage
[21:13:28] > Trapers1 added x3 Netherite upgrade smithing template in auction for 200000.
[21:14:27] > mumbowe777 remove x1 §x§5§9§A§1§D§9§lA§x§7§5§B§1§D§Fr§x§9§0§C§0§E§6c§x§A§C§D§0§E§Ch§x§C§8§E§0§F§2a§x§E§3§E§F§F§9n§fg§x§E§3§E§F§F§9e§x§C§8§E§0§F§2l §x§9§0§C§0§E§6B§x§7§5§B§1§D§Fo§x§5§9§A§1§D§9w from storage
[21:17:40] > x1 §x§E§5§1§B§1§B§lDracula Key, item of SussySuzy, has just expired, the item is definitively deleted.
[21:17:40] > x1 §f§l§8B§x§6§6§6§6§6§6a§x§7§7§7§7§7§7h§x§8§8§8§8§8§8a§x§9§9§9§9§9§9m§7u§x§9§9§9§9§9§9t§x§8§8§8§8§8§8 §x§7§7§7§7§7§7A§x§6§6§6§6§6§6x§8e, item of SussySuzy, has just expired, the item is definitively deleted.
[21:17:43] > mumbowe777 remove x1 §x§5§9§A§1§D§9§lA§x§7§5§B§1§D§Fr§x§9§0§C§0§E§6c§x§A§C§D§0§E§Ch§x§C§8§E§0§F§2a§x§E§3§E§F§F§9n§fg§x§E§3§E§F§F§9e§x§C§8§E§0§F§2l §x§9§0§C§0§E§6B§x§7§5§B§1§D§Fo§x§5§9§A§1§D§9w from expire
[21:18:18] > mumbowe777 added x1 §x§5§9§A§1§D§9§lA§x§7§5§B§1§D§Fr§x§9§0§C§0§E§6c§x§A§C§D§0§E§Ch§x§C§8§E§0§F§2a§x§E§3§E§F§F§9n§fg§x§E§3§E§F§F§9e§x§C§8§E§0§F§2l §x§9§0§C§0§E§6B§x§7§5§B§1§D§Fo§x§5§9§A§1§D§9w in auction for 700000.
[21:18:38] > Johng10910 added x1 5x Sellwand (Trust) in auction for 100000.
[21:19:42] > Trapers1 added x1 §x§E§5§1§B§1§B§lDracula Bow in auction for 20000.
[21:20:27] > kysicx added x1 §x§F§F§3§E§0§0§lSellwand Voucher in auction for 1500000.
[21:20:43] > Wemmbuo added x64 Emerald block in auction for 400000.
[21:20:59] > Wemmbuo added x64 Emerald block in auction for 400000.
[21:21:39] > Fogstrap remove x64 End crystal from buy
[21:22:04] > TokaiTeio added x1 Enchanted book in auction for 100000.
[21:28:00] > Johng10910 remove x1 5x Sellwand (Trust) from storage
[21:28:01] > Johng10910 remove x1 §9§lCrab Claw from storage
[21:28:03] > Johng10910 remove x1 §e§lCrab Scale from storage
[21:28:15] > Johng10910 added x1 Enchanted book in auction for 150000.
[21:30:10] > Horheee buy x5 §x§F§C§9§0§5§C§lE§x§E§6§9§C§6§B§lp§x§C§F§A§7§7§A§li§x§B§9§B§3§8§9§lc §x§8§C§C§B§A§7§lC§x§7§5§D§6§B§6§lr§x§5§F§E§2§C§5§la§x§7§9§D§4§B§4§lt§x§9§3§C§7§A§2§le §x§C§8§A§B§7§F§lK§x§E§2§9§E§6§E§le§x§F§C§9§0§5§C§ly to xcapan for $200,000.
[21:34:21] > ReKYee remove x1 §x§9§8§6§3§E§7§l§oN§x§9§2§6§2§E§6§l§oe§x§8§C§6§1§E§5§l§ob§x§8§6§6§0§E§4§l§ou§x§8§0§5§F§E§4§l§ol§x§7§A§5§E§E§3§l§oa §x§6§E§5§C§E§1§l§oL§x§6§8§5§A§E§0§l§oe§x§6§2§5§9§D§F§l§og§x§5§C§5§8§D§E§l§og§x§5§6§5§7§D§E§l§oi§x§5§0§5§6§D§D§l§on§x§4§A§5§5§D§C§l§og§x§4§4§5§4§D§B§l§os form storage
[21:34:21] > ReKYee remove x1 §x§E§5§1§B§1§B§lDracula Halberd form storage
[21:35:56] > ReKYee added x1 §x§E§5§1§B§1§B§lDracula Halberd in auction for 240000.
[21:36:19] > ReKYee added x1 §x§9§8§6§3§E§7§l§oN§x§9§2§6§2§E§6§l§oe§x§8§C§6§1§E§5§l§ob§x§8§6§6§0§E§4§l§ou§x§8§0§5§F§E§4§l§ol§x§7§A§5§E§E§3§l§oa §x§6§E§5§C§E§1§l§oL§x§6§8§5§A§E§0§l§oe§x§6§2§5§9§D§F§l§og§x§5§C§5§8§D§E§l§og§x§5§6§5§7§D§E§l§oi§x§5§0§5§6§D§D§l§on§x§4§A§5§5§D§C§l§og§x§4§4§5§4§D§B§l§os in auction for 150000.
[21:41:47] > Fogstrap remove x1 §x§F§F§5§5§0§0§lsᴇʟʟᴡᴀɴᴅ §6- 20.0x from storage
[21:42:02] > Fogstrap added x1 §x§F§F§5§5§0§0§lsᴇʟʟᴡᴀɴᴅ §6- 20.0x in auction for 4000000.
[21:42:48] > 3xdmge remove x1 §x§E§5§1§B§1§B§lDracula Bow from storage
[21:42:53] > x1 §aCthulhu, item of Acon1te_0w0, has just expired, the item is definitively deleted.
[21:42:53] > x1 §7Cemetery Hat, item of Acon1te_0w0, has just expired, the item is definitively deleted.
[21:42:53] > x1 §eMummy Hat, item of Acon1te_0w0, has just expired, the item is definitively deleted.
[21:43:04] > 3xdmge added x1 §x§E§5§1§B§1§B§lDracula Bow in auction for 250000.
[21:47:36] > Fogstrap remove x1 §x§F§F§5§5§0§0§lsᴇʟʟᴡᴀɴᴅ §6- 10.0x from storage
[21:49:59] > Fogstrap added x1 §x§F§F§5§5§0§0§lsᴇʟʟᴡᴀɴᴅ §6- 10.0x in auction for 1600000.
[21:51:59] > Fogstrap remove x1 §x§F§F§5§5§0§0§lsᴇʟʟᴡᴀɴᴅ §6- 20.0x from storage
[21:52:08] > Fogstrap added x1 §x§F§F§5§5§0§0§lsᴇʟʟᴡᴀɴᴅ §6- 20.0x in auction for 3500000.
[22:06:20] > johnowenz1 remove x2 Ominous trial key from storage
[22:06:36] > johnowenz1 added x1 Ominous trial key in auction for 40000.
[22:11:59] > frenchhee buy x1 §x§F§F§5§5§0§0§lsᴇʟʟᴡᴀɴᴅ §6- 5.0x to kysicx for $500,000.
[22:12:06] > frenchhee remove x1 §x§F§F§5§5§0§0§lsᴇʟʟᴡᴀɴᴅ §6- 5.0x from buy
[22:16:12] > Fogstrap remove x1 §x§F§F§5§5§0§0§lsᴇʟʟᴡᴀɴᴅ §6- 10.0x from storage
[22:16:14] > Fogstrap remove x1 §x§F§F§5§5§0§0§lsᴇʟʟᴡᴀɴᴅ §6- 20.0x from storage
[22:16:24] > Fogstrap added x1 §x§F§F§5§5§0§0§lsᴇʟʟᴡᴀɴᴅ §6- 20.0x in auction for 3000000.
[22:16:35] > azuyeca remove x64 Experience bottle from buy
[22:16:41] > Fogstrap added x1 §x§F§F§5§5§0§0§lsᴇʟʟᴡᴀɴᴅ §6- 10.0x in auction for 1500000.
[22:21:30] > Zypher_0w0 added x16 Honey block in auction for 640.
[22:22:28] > Zypher_0w0 added x16 Slime block in auction for 1920.
[22:31:03] > x1 §x§5§9§A§1§D§9§lA§x§6§E§A§D§D§Er§x§8§3§B§9§E§3c§x§9§7§C§4§E§7h§x§A§C§D§0§E§Ca§x§C§1§D§C§F§1n§x§D§6§E§8§F§6g§x§E§A§F§3§F§Ae§fl §x§D§0§E§4§F§4S§x§B§8§D§7§E§Fh§x§A§0§C§9§E§9i§x§8§8§B§C§E§4e§x§7§1§A§E§D§El§x§5§9§A§1§D§9d on sale by Subaru has just expired, it goes in the inventory of expired items.
[22:34:24] > Gabyy buy x1 Dried ghast to .UNODOS1245 for $100,000.
[22:34:43] > Gabyy remove x1 Dried ghast from buy
[22:35:54] > CGcamo buy x1 Netherite upgrade smithing template to Ab0 for $70,000.
[22:36:51] > CGcamo buy x3 Netherite upgrade smithing template to Trapers1 for $200,000.
[22:37:59] > CGcamo buy x4 Netherite ingot to Fogstrap for $400,000.
[22:38:32] > CGcamo buy x4 Eye armor trim smithing template to RottenRael for $300,000.
[22:44:42] > Fogstrap remove x1 §x§F§F§5§5§0§0§lsᴇʟʟᴡᴀɴᴅ §6- 10.0x from storage
[22:44:43] > Fogstrap remove x1 §x§F§F§5§5§0§0§lsᴇʟʟᴡᴀɴᴅ §6- 20.0x from storage
[22:44:52] > Fogstrap added x1 §x§F§F§5§5§0§0§lsᴇʟʟᴡᴀɴᴅ §6- 10.0x in auction for 1300000.
[22:45:03] > Fogstrap added x1 §x§F§F§5§5§0§0§lsᴇʟʟᴡᴀɴᴅ §6- 20.0x in auction for 2800000.
[22:45:12] > tic_sz buy x1 §x§F§F§5§5§0§0§lsᴇʟʟᴡᴀɴᴅ §6- 20.0x to Fogstrap for $2,800,000.
[22:45:54] > Wumpan buy x1 §x§E§5§1§B§1§B§lDracula Key to SenjuKawaragi for $200,000.
[22:45:58] > Wumpan remove x1 §x§E§5§1§B§1§B§lDracula Key from buy
[22:49:22] > tic_sz remove x1 §x§F§F§5§5§0§0§lsᴇʟʟᴡᴀɴᴅ §6- 20.0x from buy
[22:51:27] > tic_sz added x1 Shulker box in auction for 100000.
[22:52:34] > SenjuKawaragi remove x1 §x§F§F§7§C§0§0§lSteamsparks Key from storage
[22:52:50] > SenjuKawaragi remove x1 §x§E§5§1§B§1§B§lDracula Wings from storage
[22:53:08] > x1 §fMagician Hat, item of Acon1te_0w0, has just expired, the item is definitively deleted.
[22:53:09] > SenjuKawaragi remove x1 §x§F§F§7§C§0§0§lSteamsparks Key from expire
[22:53:25] > SenjuKawaragi added x1 §x§F§F§7§C§0§0§lSteamsparks Key in auction for 180000.
[22:53:49] > SenjuKawaragi added x1 §x§E§5§1§B§1§B§lDracula Wings in auction for 800000.
[23:01:57] > Fogstrap remove x1 Enchanted book from storage
[23:02:03] > Fogstrap added x1 Enchanted book in auction for 500000.
[23:11:58] > Takeremu added x64 Iron block in auction for 15000.
[23:12:08] > Takeremu added x64 Iron block in auction for 15000.
[23:13:00] > JinSoul15 buy x64 Iron block to Takeremu for $15,000.
[23:13:02] > JinSoul15 buy x64 Iron block to Takeremu for $15,000.
[23:16:03] > ace added x64 Diamond in auction for 110000.
[23:16:48] > ace remove x64 Diamond from storage
[23:16:48] > ace remove x64 Diamond from storage
[23:17:18] > ace added x64 Diamond in auction for 109000.
[23:32:35] > Takeremu added x1 Enchanted book in auction for 2500.
[23:32:46] > Takeremu added x1 Enchanted book in auction for 2500.
[23:32:57] > Takeremu added x1 Enchanted book in auction for 10000.
[23:33:51] > Fogstrap added x64 Experience bottle in auction for 100000.
[23:33:59] > aznaaa remove x1 §f§l§x§F§C§D§0§5§CW§x§F§A§A§6§4§Au§x§F§8§7§D§3§7k§x§F§7§5§3§2§5o§x§F§5§2§A§1§2n§x§F§3§0§0§0§0g§x§F§5§2§A§1§2 §x§F§7§5§3§2§5C§x§F§8§7§D§3§7l§x§F§A§A§6§4§Au§x§F§C§D§0§5§Cb from storage
[23:34:00] > .Allxnzv buy x64 Experience bottle to Fogstrap for $100,000.
[23:34:05] > aznaaa added x1 §f§l§x§F§C§D§0§5§CW§x§F§A§A§6§4§Au§x§F§8§7§D§3§7k§x§F§7§5§3§2§5o§x§F§5§2§A§1§2n§x§F§3§0§0§0§0g§x§F§5§2§A§1§2 §x§F§7§5§3§2§5C§x§F§8§7§D§3§7l§x§F§A§A§6§4§Au§x§F§C§D§0§5§Cb in auction for 100000.
[23:34:07] > Fogstrap added x64 Experience bottle in auction for 200000.
[23:34:08] > .Allxnzv remove x64 Experience bottle from buy
[23:34:10] > aznaaa remove x1 §x§5§9§A§1§D§9§lA§x§7§1§A§E§D§Er§x§8§8§B§C§E§4c§x§A§0§C§9§E§9h§x§B§8§D§7§E§Fa§x§D§0§E§4§F§4n§x§E§7§F§2§F§Ag§fe§x§E§7§F§2§F§Al §x§B§8§D§7§E§FS§x§A§0§C§9§E§9t§x§8§8§B§C§E§4a§x§7§1§A§E§D§Ef§x§5§9§A§1§D§9f from storage
[23:34:16] > aznaaa added x1 §x§5§9§A§1§D§9§lA§x§7§1§A§E§D§Er§x§8§8§B§C§E§4c§x§A§0§C§9§E§9h§x§B§8§D§7§E§Fa§x§D§0§E§4§F§4n§x§E§7§F§2§F§Ag§fe§x§E§7§F§2§F§Al §x§B§8§D§7§E§FS§x§A§0§C§9§E§9t§x§8§8§B§C§E§4a§x§7§1§A§E§D§Ef§x§5§9§A§1§D§9f in auction for 100000.
[23:34:22] > xcapan buy x1 §f§l§x§F§C§D§0§5§CW§x§F§A§A§6§4§Au§x§F§8§7§D§3§7k§x§F§7§5§3§2§5o§x§F§5§2§A§1§2n§x§F§3§0§0§0§0g§x§F§5§2§A§1§2 §x§F§7§5§3§2§5C§x§F§8§7§D§3§7l§x§F§A§A§6§4§Au§x§F§C§D§0§5§Cb to aznaaa for $100,000.
[23:34:29] > xcapan remove x1 §f§l§x§F§C§D§0§5§CW§x§F§A§A§6§4§Au§x§F§8§7§D§3§7k§x§F§7§5§3§2§5o§x§F§5§2§A§1§2n§x§F§3§0§0§0§0g§x§F§5§2§A§1§2 §x§F§7§5§3§2§5C§x§F§8§7§D§3§7l§x§F§A§A§6§4§Au§x§F§C§D§0§5§Cb from buy
[23:34:34] > HPMR_GaMerz buy x1 Shulker box to tic_sz for $100,000.
[23:34:43] > .Kharrrrrr9859 added x1 §e§lCrab Scale in auction for 50000.
[23:34:44] > aznaaa added x1 §x§F§F§7§C§0§0§lSteamsparks Sword in auction for 50000.
[23:34:58] > Fogstrap remove x64 Experience bottle from storage
[23:34:58] > HPMR_GaMerz buy x1 §fRabbit Plushie (Toast) §6(#74/101) to Johng10910 for $50,000.
[23:34:59] > .Kharrrrrr9859 added x1 §9§lCrab Claw in auction for 50000.
[23:35:01] > ace buy x1 §x§F§F§7§C§0§0§lSteamsparks Sword to aznaaa for $50,000.
[23:35:02] > HPMR_GaMerz remove x1 Small XP from buy
[23:35:02] > Fogstrap added x64 Experience bottle in auction for 100000.
[23:35:02] > HPMR_GaMerz remove x1 Lodestone from buy
[23:35:03] > HPMR_GaMerz remove x1 Lodestone from buy
[23:35:03] > HPMR_GaMerz remove x1 Shulker box from buy
[23:35:03] > HPMR_GaMerz remove x1 §fRabbit Plushie (Toast) §6(#74/101) from buy
[23:35:06] > azuyeca buy x64 Experience bottle to Fogstrap for $100,000.
[23:35:14] > Julene buy x1 §x§E§5§1§B§1§B§lDracula Wings to SenjuKawaragi for $800,000.
[23:35:22] > Julene remove x1 §x§E§5§1§B§1§B§lDracula Wings from buy
[23:35:37] > EXEZUNO buy x1 §x§5§9§A§1§D§9§lA§x§7§1§A§E§D§Er§x§8§8§B§C§E§4c§x§A§0§C§9§E§9h§x§B§8§D§7§E§Fa§x§D§0§E§4§F§4n§x§E§7§F§2§F§Ag§fe§x§E§7§F§2§F§Al §x§B§8§D§7§E§FS§x§A§0§C§9§E§9t§x§8§8§B§C§E§4a§x§7§1§A§E§D§Ef§x§5§9§A§1§D§9f to aznaaa for $100,000.
[23:35:40] > .Allxnzv added x1 §f§l§x§F§C§D§0§5§CW§x§F§B§B§6§5§1u§x§F§A§9§C§4§5k§x§F§9§8§2§3§Ao§x§F§8§6§8§2§En§x§F§6§4§E§2§3g§x§F§5§3§4§1§7 §x§F§4§1§A§0§CG§x§F§3§0§0§0§0r§x§F§4§1§A§0§Ce§x§F§5§3§4§1§7a§x§F§6§4§E§2§3t§x§F§8§6§8§2§Es§x§F§9§8§2§3§Aw§x§F§A§9§C§4§5o§x§F§B§B§6§5§1r§x§F§C§D§0§5§Cd in auction for 200000.
[23:35:54] > Cynishere added x1 §x§F§F§3§E§0§0§lSellwand Voucher in auction for 1000000.
[23:36:04] > EXEZUNO remove x1 §x§5§9§A§1§D§9§lA§x§7§1§A§E§D§Er§x§8§8§B§C§E§4c§x§A§0§C§9§E§9h§x§B§8§D§7§E§Fa§x§D§0§E§4§F§4n§x§E§7§F§2§F§Ag§fe§x§E§7§F§2§F§Al §x§B§8§D§7§E§FS§x§A§0§C§9§E§9t§x§8§8§B§C§E§4a§x§7§1§A§E§D§Ef§x§5§9§A§1§D§9f from buy
[23:36:11] > Cynishere remove x1 §x§F§F§3§E§0§0§lSellwand Voucher from storage
[23:36:15] > Cynishere remove x1 §x§F§F§3§E§0§0§lSellwand Voucher from expire
[23:41:01] > Julene added x1 §fPanda Hat in auction for 100000.
[23:43:35] > x1 §x§F§F§3§E§0§0§lD§x§F§F§3§6§0§0§le§x§F§F§2§F§0§0§lm§x§F§F§2§7§0§0§lo§x§F§F§1§F§0§0§ln §x§F§F§1§0§0§0§lL§x§F§F§0§8§0§0§lo§x§F§F§0§0§0§0§lr§x§F§F§0§8§0§0§ld §x§F§F§1§7§0§0§lH§x§F§F§1§F§0§0§le§x§F§F§2§7§0§0§ll§x§F§F§2§F§0§0§lm§x§F§F§3§6§0§0§le§x§F§F§3§E§0§0§lt on sale by giyahnpogi has just expired, it goes in the inventory of expired items.
[23:43:35] > x1 §x§5§9§A§1§D§9§lA§x§6§E§A§D§D§Er§x§8§3§B§9§E§3c§x§9§7§C§4§E§7h§x§A§C§D§0§E§Ca§x§C§1§D§C§F§1n§x§D§6§E§8§F§6g§x§E§A§F§3§F§Ae§fl §x§D§0§E§4§F§4S§x§B§8§D§7§E§Fh§x§A§0§C§9§E§9i§x§8§8§B§C§E§4e§x§7§1§A§E§D§El§x§5§9§A§1§D§9d on sale by nachfaust has just expired, it goes in the inventory of expired items.
[23:43:35] > .Kharrrrrr9859 added x1 Enchanted book in auction for 10000.
[23:45:04] > x1 §x§F§F§3§E§0§0§lD§x§F§F§3§6§0§0§le§x§F§F§2§F§0§0§lm§x§F§F§2§7§0§0§lo§x§F§F§1§F§0§0§ln §x§F§F§1§0§0§0§lL§x§F§F§0§8§0§0§lo§x§F§F§0§0§0§0§lr§x§F§F§0§9§0§0§ld §x§F§F§1§B§0§0§lB§x§F§F§2§3§0§0§lo§x§F§F§2§C§0§0§lo§x§F§F§3§5§0§0§lt§x§F§F§3§E§0§0§ls on sale by giyahnpogi has just expired, it goes in the inventory of expired items.
[23:50:53] > Broodie buy x1 §f§l§x§F§C§D§0§5§CW§x§F§B§B§6§5§1u§x§F§A§9§C§4§5k§x§F§9§8§2§3§Ao§x§F§8§6§8§2§En§x§F§6§4§E§2§3g§x§F§5§3§4§1§7 §x§F§4§1§A§0§CG§x§F§3§0§0§0§0r§x§F§4§1§A§0§Ce§x§F§5§3§4§1§7a§x§F§6§4§E§2§3t§x§F§8§6§8§2§Es§x§F§9§8§2§3§Aw§x§F§A§9§C§4§5o§x§F§B§B§6§5§1r§x§F§C§D§0§5§Cd to .Allxnzv for $200,000.
[23:51:48] > Broodie remove x1 §f§l§x§F§C§D§0§5§CW§x§F§B§B§6§5§1u§x§F§A§9§C§4§5k§x§F§9§8§2§3§Ao§x§F§8§6§8§2§En§x§F§6§4§E§2§3g§x§F§5§3§4§1§7 §x§F§4§1§A§0§CG§x§F§3§0§0§0§0r§x§F§4§1§A§0§Ce§x§F§5§3§4§1§7a§x§F§6§4§E§2§3t§x§F§8§6§8§2§Es§x§F§9§8§2§3§Aw§x§F§A§9§C§4§5o§x§F§B§B§6§5§1r§x§F§C§D§0§5§Cd from buy
[00:03:19] > JinSoul15 remove x4 Netherite ingot from storage
[00:03:29] > JinSoul15 added x4 Netherite ingot in auction for 350000.
[00:17:52] > MannuOP buy x1 §x§E§5§1§B§1§B§lDracula Bow to Trapers1 for $20,000.
[00:25:43] > azuyeca buy x64 Wither skeleton skull to Zypher_0w0 for $320,000.
[00:25:49] > azuyeca remove x64 Wither skeleton skull from buy
[00:47:53] > Julene remove x1 §fPanda Hat from storage
[00:48:05] > Julene added x1 §fPanda Hat in auction for 25000.
[00:48:09] > Icon_Skully buy x1 §fPanda Hat to Julene for $25,000.
[00:57:01] > JinSoul15 remove x4 Netherite ingot from storage
[01:01:24] > TokaiTeio added x1 Enchanted book in auction for 10000.
[01:02:49] > Takeremu added x64 Experience bottle in auction for 80000.
[01:03:02] > Takeremu added x64 Experience bottle in auction for 80000.
[01:03:02] > k000k444k buy x64 Experience bottle to Takeremu for $80,000.
[01:03:12] > Takeremu added x64 Experience bottle in auction for 80000.
[01:03:14] > ThatMidnight buy x64 Experience bottle to Takeremu for $80,000.
[01:03:16] > ThatMidnight buy x64 Experience bottle to Takeremu for $80,000.
[01:03:27] > ThatMidnight remove x1 Enchanted book from buy
[01:03:28] > ThatMidnight remove x64 Experience bottle from buy
[01:03:29] > ThatMidnight remove x64 Experience bottle from buy
[01:05:18] > Takeremu added x64 Experience bottle in auction for 80000.
[01:05:22] > azuyeca buy x64 Experience bottle to Takeremu for $80,000.
[01:05:28] > Takeremu added x64 Experience bottle in auction for 80000.
[01:08:45] > Antonie657 added x1 §f§l§8B§x§6§6§6§6§6§6a§x§7§7§7§7§7§7h§x§8§8§8§8§8§8a§x§9§9§9§9§9§9m§7u§x§9§9§9§9§9§9t§x§8§8§8§8§8§8 §x§7§7§7§7§7§7K§x§6§6§6§6§6§6e§8y in auction for 500000.
[01:09:03] > Antonie657 added x1 §f§l§x§F§C§D§0§5§CW§x§F§B§B§0§4§Eu§x§F§9§9§0§4§0k§x§F§8§7§0§3§2o§x§F§6§5§0§2§3n§x§F§5§3§0§1§5g§x§F§4§1§0§0§7 P§x§F§5§3§0§1§5i§x§F§6§5§0§2§3c§x§F§8§7§0§3§2k§x§F§9§9§0§4§0a§x§F§B§B§0§4§Ex§x§F§C§D§0§5§Ce in auction for 300000.
[01:09:18] > ThatMidnight buy x64 Experience bottle to Takeremu for $80,000.
[01:09:55] > EXEZUNO buy x1 §f§l§x§8§A§0§0§F§FS§x§9§9§0§0§D§Bh§x§A§8§0§0§B§6i§x§B§7§0§0§9§2n§x§C§6§0§0§6§De§x§D§5§0§0§4§9 §x§E§4§0§0§2§4O§x§F§3§0§0§0§0n§x§E§4§0§0§2§4i§x§D§5§0§0§4§9 §x§C§6§0§0§6§DS§x§B§7§0§0§9§2t§x§A§8§0§0§B§6a§x§9§9§0§0§D§Bf§x§8§A§0§0§F§Ff to HwanYo for $1,000,000.
[01:10:34] > EXEZUNO remove x1 §f§l§x§8§A§0§0§F§FS§x§9§9§0§0§D§Bh§x§A§8§0§0§B§6i§x§B§7§0§0§9§2n§x§C§6§0§0§6§De§x§D§5§0§0§4§9 §x§E§4§0§0§2§4O§x§F§3§0§0§0§0n§x§E§4§0§0§2§4i§x§D§5§0§0§4§9 §x§C§6§0§0§6§DS§x§B§7§0§0§9§2t§x§A§8§0§0§B§6a§x§9§9§0§0§D§Bf§x§8§A§0§0§F§Ff from buy
[01:11:02] > Takeremu added x64 Experience bottle in auction for 80000.
[01:11:08] > ThatMidnight buy x64 Experience bottle to Takeremu for $80,000.
[01:11:13] > Takeremu added x4 §3§lDolphin Tail in auction for 320000.
[01:11:19] > Fogstrap buy x4 §3§lDolphin Tail to Takeremu for $320,000.
[01:11:35] > Takeremu added x4 §3§lDolphin Tail in auction for 320000.
[01:11:46] > Takeremu added x4 §3§lDolphin Tail in auction for 320000.
[01:12:08] > Takeremu added x64 Experience bottle in auction for 80000.
[01:12:14] > Antonie657 remove x1 Netherite upgrade smithing template from storage
[01:12:18] > x1 §f§l§8B§x§6§3§6§3§6§3a§x§7§1§7§1§7§1h§x§8§0§8§0§8§0a§x§8§E§8§E§8§Em§x§9§C§9§C§9§Cu§7t§x§9§C§9§C§9§C §x§8§E§8§E§8§ES§x§8§0§8§0§8§0w§x§7§1§7§1§7§1o§x§6§3§6§3§6§3r§8d, item of .Didoy12345, has just expired, the item is definitively deleted.
[01:12:18] > x1 §x§E§5§1§B§1§B§lDracula Boots, item of .Didoy12345, has just expired, the item is definitively deleted.
[01:12:18] > x1 §x§F§F§7§C§0§0§lSteamsparks Staff, item of .Didoy12345, has just expired, the item is definitively deleted.
[01:12:20] > Antonie657 remove x1 Netherite upgrade smithing template from expire
[01:12:29] > Antonie657 added x1 Netherite upgrade smithing template in auction for 75000.
[01:13:57] > Takeremu added x64 Experience bottle in auction for 80000.
[01:14:02] > ThatMidnight buy x64 Experience bottle to Takeremu for $80,000.
[01:14:05] > ThatMidnight buy x64 Experience bottle to Takeremu for $80,000.
[01:14:12] > ThatMidnight remove x64 Experience bottle form buy
[01:14:12] > ThatMidnight remove x64 Experience bottle form buy
[01:14:12] > ThatMidnight remove x64 Experience bottle form buy
[01:14:12] > ThatMidnight remove x64 Experience bottle form buy
[01:23:55] > Icon_Skully added x2 §9§lSquid Tentacle in auction for 75000.
[01:24:00] > k000k444k buy x2 §9§lSquid Tentacle to Icon_Skully for $75,000.
[01:25:29] > Antonie657 remove x1 §f§l§8B§x§6§6§6§6§6§6a§x§7§7§7§7§7§7h§x§8§8§8§8§8§8a§x§9§9§9§9§9§9m§7u§x§9§9§9§9§9§9t§x§8§8§8§8§8§8 §x§7§7§7§7§7§7K§x§6§6§6§6§6§6e§8y from storage
[01:25:34] > Antonie657 remove x1 §f§l§8B§x§6§6§6§6§6§6a§x§7§7§7§7§7§7h§x§8§8§8§8§8§8a§x§9§9§9§9§9§9m§7u§x§9§9§9§9§9§9t§x§8§8§8§8§8§8 §x§7§7§7§7§7§7K§x§6§6§6§6§6§6e§8y from expire
[01:33:37] > Palietass buy x1 §x§9§8§6§3§E§7§l§oN§x§9§3§6§2§E§6§l§oe§x§8§E§6§1§E§6§l§ob§x§8§8§6§0§E§5§l§ou§x§8§3§5§F§E§4§l§ol§x§7§E§5§E§E§3§l§oa §x§7§3§5§C§E§2§l§oC§x§6§E§5§C§E§1§l§oh§x§6§9§5§B§E§0§l§oe§x§6§4§5§A§E§0§l§os§x§5§E§5§9§D§F§l§ot§x§5§9§5§8§D§E§l§op§x§5§4§5§7§D§D§l§ol§x§4§F§5§6§D§D§l§oa§x§4§9§5§5§D§C§l§ot§x§4§4§5§4§D§B§l§oe to Nyxie for $300,000.
[01:40:20] > k000k444k remove x64 Experience bottle from buy
[01:40:20] > k000k444k remove x2 §9§lSquid Tentacle from buy
[01:41:17] > JinSoul15 remove x64 Iron block from buy
[01:41:17] > JinSoul15 remove x64 Iron block from buy
[01:43:24] > Fogstrap buy x4 §3§lDolphin Tail to Takeremu for $320,000.
[01:47:38] > Fogstrap remove x4 §3§lDolphin Tail from buy
[01:49:56] > Takeremu added x1 3 in 1 in auction for 15000.
[01:49:56] > x64 Pink wool on sale by meevgang777 has just expired, it goes in the inventory of expired items.
[01:50:06] > k000k444k buy x1 3 in 1 to Takeremu for $15,000.
[01:50:20] > k000k444k remove x1 3 in 1 from buy
[01:51:14] > Takeremu added x1 4 in 1 in auction for 15000.
[01:51:26] > Takeremu added x1 4 in 1 in auction for 20000.
[01:51:52] > Takeremu added x1 2 in 1 in auction for 10000.
[02:02:25] > NoClarity added x1 §x§F§F§3§E§0§0§lSellwand Voucher in auction for 700000.
[02:03:01] > NoClarity remove x1 §x§F§F§3§E§0§0§lSellwand Voucher from storage
[02:03:57] > Antonie657 added x1 §x§F§F§5§5§0§0§lsᴇʟʟᴡᴀɴᴅ §6- 5.0x in auction for 450000.
[02:05:50] > k000k444k added x1 §x§F§F§5§5§0§0§lsᴇʟʟᴡᴀɴᴅ §6- 5.0x in auction for 400000.
[02:06:00] > k000k444k added x1 §x§F§F§5§5§0§0§lsᴇʟʟᴡᴀɴᴅ §6- 5.0x in auction for 400000.
[02:06:11] > k000k444k added x1 §x§F§F§5§5§0§0§lsᴇʟʟᴡᴀɴᴅ §6- 5.0x in auction for 400000.
[02:06:23] > k000k444k added x1 §x§F§F§5§5§0§0§lsᴇʟʟᴡᴀɴᴅ §6- 5.0x in auction for 400000.
[02:06:34] > k000k444k added x1 §x§F§F§5§5§0§0§lsᴇʟʟᴡᴀɴᴅ §6- 5.0x in auction for 400000.
[02:06:47] > Cynishere added x1 §x§F§F§5§5§0§0§lsᴇʟʟᴡᴀɴᴅ §6- 10.0x in auction for 1000000.
[02:06:52] > Fogstrap buy x1 §x§F§F§5§5§0§0§lsᴇʟʟᴡᴀɴᴅ §6- 10.0x to Cynishere for $1,000,000.
[02:06:55] > k000k444k remove x1 §x§F§F§5§5§0§0§lsᴇʟʟᴡᴀɴᴅ §6- 5.0x from storage
[02:06:56] > k000k444k remove x1 §x§F§F§5§5§0§0§lsᴇʟʟᴡᴀɴᴅ §6- 5.0x from storage
[02:06:56] > k000k444k remove x1 §x§F§F§5§5§0§0§lsᴇʟʟᴡᴀɴᴅ §6- 5.0x from storage
[02:06:57] > k000k444k remove x1 §x§F§F§5§5§0§0§lsᴇʟʟᴡᴀɴᴅ §6- 5.0x from storage
[02:06:57] > k000k444k remove x1 §x§F§F§5§5§0§0§lsᴇʟʟᴡᴀɴᴅ §6- 5.0x from storage
[02:07:37] > Fogstrap added x1 §x§F§F§5§5§0§0§lsᴇʟʟᴡᴀɴᴅ §6- 20.0x in auction for 3000000.
[02:07:56] > Fogstrap remove x1 §x§F§F§5§5§0§0§lsᴇʟʟᴡᴀɴᴅ §6- 10.0x from buy
[02:08:04] > Fogstrap added x1 §x§F§F§5§5§0§0§lsᴇʟʟᴡᴀɴᴅ §6- 10.0x in auction for 1300000.
[02:09:21] > JinSoul15 added x1 §x§F§F§5§5§0§0§lsᴇʟʟᴡᴀɴᴅ §6- 10.0x in auction for 1300000.
[02:09:36] > Fogstrap remove x1 §x§F§F§5§5§0§0§lsᴇʟʟᴡᴀɴᴅ §6- 20.0x from storage
[02:09:37] > Fogstrap remove x1 §x§F§F§5§5§0§0§lsᴇʟʟᴡᴀɴᴅ §6- 10.0x from storage
[02:09:38] > Fogstrap remove x1 §x§F§F§5§5§0§0§lsᴇʟʟᴡᴀɴᴅ §6- 10.0x from storage
[02:10:04] > EXEZUNO added x1 §x§F§0§7§A§5§4§lZombie Apocalyptic Key in auction for 20000.
[02:10:12] > Antonie657 buy x1 §x§F§0§7§A§5§4§lZombie Apocalyptic Key to EXEZUNO for $20,000.
[02:10:25] > Antonie657 buy x1 4 in 1 to Takeremu for $15,000.
[02:10:31] > Antonie657 buy x1 4 in 1 to Takeremu for $20,000.
[02:10:34] > Antonie657 buy x1 2 in 1 to Takeremu for $10,000.
[02:11:52] > Fogstrap added x1 §x§F§F§5§5§0§0§lsᴇʟʟᴡᴀɴᴅ §6- 20.0x in auction for 3000000.
[02:12:05] > Fogstrap added x1 §x§F§F§5§5§0§0§lsᴇʟʟᴡᴀɴᴅ §6- 10.0x in auction for 1400000.
[02:12:16] > Fogstrap added x1 §x§F§F§5§5§0§0§lsᴇʟʟᴡᴀɴᴅ §6- 10.0x in auction for 1400000.
[02:14:27] > x1 §2Franck on sale by MasterElrel has just expired, it goes in the inventory of expired items.
[02:14:27] > Antonie657 added x10 §x§F§C§9§0§5§C§lE§x§E§6§9§C§6§B§lp§x§C§F§A§7§7§A§li§x§B§9§B§3§8§9§lc §x§8§C§C§B§A§7§lC§x§7§5§D§6§B§6§lr§x§5§F§E§2§C§5§la§x§7§9§D§4§B§4§lt§x§9§3§C§7§A§2§le §x§C§8§A§B§7§F§lK§x§E§2§9§E§6§E§le§x§F§C§9§0§5§C§ly in auction for 10000.
[02:17:38] > azuyeca remove x1 Shulker box from buy
[02:17:41] > Takeremu added x1 Nether star in auction for 100000.
[02:17:52] > Takeremu added x1 Nether star in auction for 100000.
[02:18:14] > JinSoul15 buy x10 §x§F§C§9§0§5§C§lE§x§E§6§9§C§6§B§lp§x§C§F§A§7§7§A§li§x§B§9§B§3§8§9§lc §x§8§C§C§B§A§7§lC§x§7§5§D§6§B§6§lr§x§5§F§E§2§C§5§la§x§7§9§D§4§B§4§lt§x§9§3§C§7§A§2§le §x§C§8§A§B§7§F§lK§x§E§2§9§E§6§E§le§x§F§C§9§0§5§C§ly to Antonie657 for $10,000.
[02:18:19] > JinSoul15 remove x10 §x§F§C§9§0§5§C§lE§x§E§6§9§C§6§B§lp§x§C§F§A§7§7§A§li§x§B§9§B§3§8§9§lc §x§8§C§C§B§A§7§lC§x§7§5§D§6§B§6§lr§x§5§F§E§2§C§5§la§x§7§9§D§4§B§4§lt§x§9§3§C§7§A§2§le §x§C§8§A§B§7§F§lK§x§E§2§9§E§6§E§le§x§F§C§9§0§5§C§ly from buy
[02:33:03] > Fogstrap added x1 §x§F§F§5§5§0§0§lsᴇʟʟᴡᴀɴᴅ §6- 5.0x in auction for 400000.
[02:33:16] > Fogstrap added x1 §x§F§F§5§5§0§0§lsᴇʟʟᴡᴀɴᴅ §6- 5.0x in auction for 400000.
[02:33:27] > Fogstrap added x1 §x§F§F§5§5§0§0§lsᴇʟʟᴡᴀɴᴅ §6- 5.0x in auction for 400000.
[02:33:51] > Fogstrap remove x4 Netherite ingot from storage
[02:33:51] > Fogstrap remove x4 Netherite ingot from storage
[02:33:52] > Fogstrap remove x4 Netherite ingot from storage
[02:33:55] > Panda_Nooba buy x1 §x§F§F§3§E§0§0§lDemon Lord Sickle to Hunter_Sung for $500,000.
[02:33:57] > Fogstrap added x1 §x§F§F§5§5§0§0§lsᴇʟʟᴡᴀɴᴅ §6- 5.0x in auction for 400000.
[02:34:06] > Panda_Nooba remove x1 §x§F§F§3§E§0§0§lDemon Lord Sickle from buy
[02:34:09] > Fogstrap added x1 §x§F§F§5§5§0§0§lsᴇʟʟᴡᴀɴᴅ §6- 5.0x in auction for 400000.
[02:34:25] > Fogstrap added x4 Netherite ingot in auction for 390000.
[02:50:50] > x1 §c§lPlatinum Lure on sale by belvi__ has just expired, it goes in the inventory of expired items.
[02:53:07] > JinSoul15 remove x1 §x§F§F§5§5§0§0§lsᴇʟʟᴡᴀɴᴅ §6- 10.0x from storage
[02:56:37] > ThatMidnight buy x1 §f§l§x§8§A§0§0§F§FS§x§9§C§0§0§D§5h§x§A§D§0§0§A§Ai§x§B§F§0§0§8§0n§x§D§0§0§0§5§5e§x§E§2§0§0§2§B §x§F§3§0§0§0§0O§x§E§2§0§0§2§An§x§D§0§0§0§5§5i§x§B§F§0§0§8§0 §x§A§D§0§0§A§AA§x§9§C§0§0§D§5x§x§8§A§0§0§F§Fe to Xavier881 for $3,000,000.
[02:56:41] > ThatMidnight remove x1 §f§l§x§8§A§0§0§F§FS§x§9§C§0§0§D§5h§x§A§D§0§0§A§Ai§x§B§F§0§0§8§0n§x§D§0§0§0§5§5e§x§E§2§0§0§2§B §x§F§3§0§0§0§0O§x§E§2§0§0§2§An§x§D§0§0§0§5§5i§x§B§F§0§0§8§0 §x§A§D§0§0§A§AA§x§9§C§0§0§D§5x§x§8§A§0§0§F§Fe from buy
[03:03:09] > azuyeca remove x64 Experience bottle from buy
[03:04:32] > Antonie657 remove x1 §x§F§F§5§5§0§0§lsᴇʟʟᴡᴀɴᴅ §6- 5.0x from storage
[03:04:36] > x1 §f§l§8B§x§6§6§6§6§6§6a§x§7§7§7§7§7§7h§x§8§8§8§8§8§8a§x§9§9§9§9§9§9m§7u§x§9§9§9§9§9§9t§x§8§8§8§8§8§8 §x§7§7§7§7§7§7A§x§6§6§6§6§6§6x§8e, item of BG1017, has just expired, the item is definitively deleted.
[03:04:37] > Antonie657 remove x1 §x§F§F§5§5§0§0§lsᴇʟʟᴡᴀɴᴅ §6- 5.0x from expire
[03:04:55] > Antonie657 added x1 §x§F§F§5§5§0§0§lsᴇʟʟᴡᴀɴᴅ §6- 5.0x in auction for 400001.
[03:08:31] > azuyeca remove x64 Experience bottle from buy
[03:16:16] > ThatMidnight buy x1 §x§9§8§6§3§E§7§l§oN§x§9§2§6§2§E§6§l§oe§x§8§C§6§1§E§5§l§ob§x§8§6§6§0§E§4§l§ou§x§8§0§5§F§E§4§l§ol§x§7§A§5§E§E§3§l§oa §x§6§E§5§C§E§1§l§oL§x§6§8§5§A§E§0§l§oe§x§6§2§5§9§D§F§l§og§x§5§C§5§8§D§E§l§og§x§5§6§5§7§D§E§l§oi§x§5§0§5§6§D§D§l§on§x§4§A§5§5§D§C§l§og§x§4§4§5§4§D§B§l§os to ReKYee for $150,000.
[03:16:20] > ThatMidnight remove x1 §x§9§8§6§3§E§7§l§oN§x§9§2§6§2§E§6§l§oe§x§8§C§6§1§E§5§l§ob§x§8§6§6§0§E§4§l§ou§x§8§0§5§F§E§4§l§ol§x§7§A§5§E§E§3§l§oa §x§6§E§5§C§E§1§l§oL§x§6§8§5§A§E§0§l§oe§x§6§2§5§9§D§F§l§og§x§5§C§5§8§D§E§l§og§x§5§6§5§7§D§E§l§oi§x§5§0§5§6§D§D§l§on§x§4§A§5§5§D§C§l§og§x§4§4§5§4§D§B§l§os from buy
[03:16:38] > ThatMidnight buy x1 §f§l§x§8§A§0§0§F§FS§x§9§5§0§0§E§4h§x§A§0§0§0§C§9i§x§A§B§0§0§A§En§x§B§6§0§0§9§4e§x§C§1§0§0§7§9 §x§C§C§0§0§5§EO§x§D§7§0§0§4§3n§x§E§2§0§0§2§8i§x§E§D§0§0§0§D C§x§E§2§0§0§2§8h§x§D§7§0§0§4§3e§x§C§C§0§0§5§Es§x§C§1§0§0§7§9t§x§B§6§0§0§9§4p§x§A§B§0§0§A§El§x§A§0§0§0§C§9a§x§9§5§0§0§E§4t§x§8§A§0§0§F§Fe to 8it5inn for $6,000,067.
[03:16:48] > ThatMidnight buy x1 §f§l§x§8§A§0§0§F§FS§x§9§9§0§0§D§Bh§x§A§8§0§0§B§6i§x§B§7§0§0§9§2n§x§C§6§0§0§6§De§x§D§5§0§0§4§9 §x§E§4§0§0§2§4O§x§F§3§0§0§0§0n§x§E§4§0§0§2§4i§x§D§5§0§0§4§9 §x§C§6§0§0§6§DB§x§B§7§0§0§9§2o§x§A§8§0§0§B§6o§x§9§9§0§0§D§Bt§x§8§A§0§0§F§Fs to Hunter_Sung for $3,000,000.
[03:17:04] > ThatMidnight buy x1 §x§F§F§3§E§0§0§lD§x§F§F§3§7§0§0§le§x§F§F§3§0§0§0§lm§x§F§F§2§9§0§0§lo§x§F§F§2§2§0§0§ln §x§F§F§1§5§0§0§lL§x§F§F§0§E§0§0§lo§x§F§F§0§7§0§0§lr§x§F§F§0§0§0§0§ld §x§F§F§0§E§0§0§lL§x§F§F§1§5§0§0§le§x§F§F§1§C§0§0§lg§x§F§F§2§2§0§0§lg§x§F§F§2§9§0§0§li§x§F§F§3§0§0§0§ln§x§F§F§3§7§0§0§lg§x§F§F§3§E§0§0§ls to giyahnpogi for $2,000,000.
[03:17:21] > ThatMidnight buy x1 §x§E§5§1§B§1§B§lDracula Helmet to auvicious for $400,000.
[03:17:25] > ThatMidnight buy x1 §f§l§8B§x§6§3§6§3§6§3a§x§7§1§7§1§7§1h§x§8§0§8§0§8§0a§x§8§E§8§E§8§Em§x§9§C§9§C§9§Cu§7t§x§9§C§9§C§9§C §x§8§E§8§E§8§EB§x§8§0§8§0§8§0o§x§7§1§7§1§7§1o§x§6§3§6§3§6§3t§8s to Cynishere for $400,000.
[03:17:29] > ThatMidnight remove x1 §f§l§8B§x§6§3§6§3§6§3a§x§7§1§7§1§7§1h§x§8§0§8§0§8§0a§x§8§E§8§E§8§Em§x§9§C§9§C§9§Cu§7t§x§9§C§9§C§9§C §x§8§E§8§E§8§EB§x§8§0§8§0§8§0o§x§7§1§7§1§7§1o§x§6§3§6§3§6§3t§8s from buy
[03:17:30] > ThatMidnight remove x1 §x§E§5§1§B§1§B§lDracula Helmet from buy
[03:32:12] > ThatMidnight remove x1 §f§l§x§8§A§0§0§F§FS§x§9§9§0§0§D§Bh§x§A§8§0§0§B§6i§x§B§7§0§0§9§2n§x§C§6§0§0§6§De§x§D§5§0§0§4§9 §x§E§4§0§0§2§4O§x§F§3§0§0§0§0n§x§E§4§0§0§2§4i§x§D§5§0§0§4§9 §x§C§6§0§0§6§DB§x§B§7§0§0§9§2o§x§A§8§0§0§B§6o§x§9§9§0§0§D§Bt§x§8§A§0§0§F§Fs from buy
[03:32:13] > ThatMidnight remove x1 §f§l§x§8§A§0§0§F§FS§x§9§5§0§0§E§4h§x§A§0§0§0§C§9i§x§A§B§0§0§A§En§x§B§6§0§0§9§4e§x§C§1§0§0§7§9 §x§C§C§0§0§5§EO§x§D§7§0§0§4§3n§x§E§2§0§0§2§8i§x§E§D§0§0§0§D C§x§E§2§0§0§2§8h§x§D§7§0§0§4§3e§x§C§C§0§0§5§Es§x§C§1§0§0§7§9t§x§B§6§0§0§9§4p§x§A§B§0§0§A§El§x§A§0§0§0§C§9a§x§9§5§0§0§E§4t§x§8§A§0§0§F§Fe from buy
[03:45:45] > nachfaust remove x1 §x§5§F§E§2§C§5Dread Knight Fishing rod from storage
[03:45:58] > nachfaust added x1 §x§5§F§E§2§C§5Dread Knight Fishing rod in auction for 1000000.
[03:46:17] > nachfaust added x1 Enchanted book in auction for 50000.
[03:47:05] > nachfaust added x1 Enchanted book in auction for 100000.
[03:47:28] > nachfaust added x1 Enchanted book in auction for 100000.
[03:47:40] > nachfaust added x1 Enchanted book in auction for 200000.
[03:57:26] > x1 §f§l§8B§x§6§2§6§2§6§2a§x§6§F§6§F§6§Fh§x§7§C§7§C§7§Ca§x§8§9§8§9§8§9m§x§9§6§9§6§9§6u§x§A§3§A§3§A§3t §x§9§6§9§6§9§6S§x§8§9§8§9§8§9h§x§7§C§7§C§7§Ci§x§6§F§6§F§6§Fe§x§6§2§6§2§6§2l§8d on sale by Keeos has just expired, it goes in the inventory of expired items.
[03:57:26] > x1 §x§5§9§A§1§D§9§lA§x§6§E§A§D§D§Er§x§8§3§B§9§E§3c§x§9§7§C§4§E§7h§x§A§C§D§0§E§Ca§x§C§1§D§C§F§1n§x§D§6§E§8§F§6g§x§E§A§F§3§F§Ae§fl §x§D§0§E§4§F§4D§x§B§8§D§7§E§Fa§x§A§0§C§9§E§9g§x§8§8§B§C§E§4g§x§7§1§A§E§D§Ee§x§5§9§A§1§D§9r on sale by Keeos has just expired, it goes in the inventory of expired items.
[04:21:34] > AnyaChi buy x1 §7Cemetery Hat to alecczzz for $70,000.
[04:22:41] > AnyaChi buy x1 §fMagician Hat to alecczzz for $20,000.
[04:24:37] > AnyaChi remove x1 §fMagician Hat from buy
[04:24:37] > AnyaChi remove x1 §7Cemetery Hat from buy
[04:29:49] > Ab0 remove x1 20 Inch Bad Dragon Dildo form storage
[04:29:49] > Ab0 remove x1 Abo's Rod form storage
[04:52:33] > Antonie657 added x1 Enchanted book in auction for 350000.
[04:54:31] > Antonie657 remove x1 Enchanted book from storage
[04:54:50] > Antonie657 added x1 Enchanted book in auction for 275000.
[04:54:53] > Icon_Skully buy x1 Enchanted book to Antonie657 for $275,000.
[05:01:09] > Antonie657 remove x1 §f§l§x§F§C§D§0§5§CW§x§F§B§B§0§4§Eu§x§F§9§9§0§4§0k§x§F§8§7§0§3§2o§x§F§6§5§0§2§3n§x§F§5§3§0§1§5g§x§F§4§1§0§0§7 P§x§F§5§3§0§1§5i§x§F§6§5§0§2§3c§x§F§8§7§0§3§2k§x§F§9§9§0§4§0a§x§F§B§B§0§4§Ex§x§F§C§D§0§5§Ce from storage
[05:01:22] > Antonie657 added x1 §f§l§x§F§C§D§0§5§CW§x§F§B§B§0§4§Eu§x§F§9§9§0§4§0k§x§F§8§7§0§3§2o§x§F§6§5§0§2§3n§x§F§5§3§0§1§5g§x§F§4§1§0§0§7 P§x§F§5§3§0§1§5i§x§F§6§5§0§2§3c§x§F§8§7§0§3§2k§x§F§9§9§0§4§0a§x§F§B§B§0§4§Ex§x§F§C§D§0§5§Ce in auction for 250000.
[05:08:22] > Icon_Skully remove x1 §fPanda Hat from buy
[05:12:29] > Antonie657 remove x1 §x§F§F§5§5§0§0§lsᴇʟʟᴡᴀɴᴅ §6- 5.0x from storage
[05:12:51] > Antonie657 added x1 §x§F§F§5§5§0§0§lsᴇʟʟᴡᴀɴᴅ §6- 5.0x in auction for 400000.
[05:13:10] > Antonie657 remove x1 §x§F§F§5§5§0§0§lsᴇʟʟᴡᴀɴᴅ §6- 5.0x from storage
[05:13:23] > frenchhee buy x1 §x§F§F§5§5§0§0§lsᴇʟʟᴡᴀɴᴅ §6- 5.0x to Fogstrap for $400,000.
[05:13:32] > frenchhee buy x1 §x§F§F§5§5§0§0§lsᴇʟʟᴡᴀɴᴅ §6- 5.0x to Fogstrap for $400,000.
[05:13:39] > frenchhee remove x1 §x§F§F§5§5§0§0§lsᴇʟʟᴡᴀɴᴅ §6- 5.0x from buy
[05:13:40] > frenchhee remove x1 §x§F§F§5§5§0§0§lsᴇʟʟᴡᴀɴᴅ §6- 5.0x from buy
[05:19:29] > x10 §x§F§C§9§0§5§C§lE§x§E§6§9§C§6§B§lp§x§C§F§A§7§7§A§li§x§B§9§B§3§8§9§lc §x§8§C§C§B§A§7§lC§x§7§5§D§6§B§6§lr§x§5§F§E§2§C§5§la§x§7§9§D§4§B§4§lt§x§9§3§C§7§A§2§le §x§C§8§A§B§7§F§lK§x§E§2§9§E§6§E§le§x§F§C§9§0§5§C§ly on sale by zDamixx has just expired, it goes in the inventory of expired items.
[06:03:38] > x1 §x§F§F§7§C§0§0§lSteamsparks Boots on sale by mumbowe777 has just expired, it goes in the inventory of expired items.
[06:04:58] > Wumpan buy x1 §x§F§F§7§C§0§0§lSteamsparks Key to SenjuKawaragi for $180,000.
[06:05:08] > Wumpan remove x1 §x§F§F§7§C§0§0§lSteamsparks Key from buy
[06:13:11] > SenjuKawaragi added x1 §f§l§8B§x§6§0§6§0§6§0a§x§6§C§6§C§6§Ch§x§7§7§7§7§7§7a§x§8§2§8§2§8§2m§x§8§E§8§E§8§Eu§x§9§9§9§9§9§9t§x§A§4§A§4§A§4 L§x§9§9§9§9§9§9e§x§8§E§8§E§8§Eg§x§8§2§8§2§8§2g§x§7§7§7§7§7§7i§x§6§C§6§C§6§Cn§x§6§0§6§0§6§0g§8s in auction for 200000.
[06:18:54] > Xavier881 buy x1 §f§l§8B§x§6§0§6§0§6§0a§x§6§C§6§C§6§Ch§x§7§7§7§7§7§7a§x§8§2§8§2§8§2m§x§8§E§8§E§8§Eu§x§9§9§9§9§9§9t§x§A§4§A§4§A§4 L§x§9§9§9§9§9§9e§x§8§E§8§E§8§Eg§x§8§2§8§2§8§2g§x§7§7§7§7§7§7i§x§6§C§6§C§6§Cn§x§6§0§6§0§6§0g§8s to SenjuKawaragi for $200,000.
[06:51:55] > RottenRael added x1 5458 71 -18411 KAIJUWARDS COMPASS in auction for 1000.
[06:52:57] > SenjuKawaragi buy x1 Enchanted book to Takeremu for $2,500.
[06:54:42] > KaijuWard buy x1 5458 71 -18411 KAIJUWARDS COMPASS to RottenRael for $1,000.
[06:56:25] > KaijuWard remove x1 5458 71 -18411 KAIJUWARDS COMPASS from buy
[06:59:10] > SenjuKawaragi remove x1 Enchanted book from buy
[07:17:10] > SenjuKawaragi buy x1 Enchanted book to TokaiTeio for $10,000.
[07:17:17] > SenjuKawaragi remove x1 Enchanted book from buy
[07:35:26] > CGcamo remove x4 Eye armor trim smithing template from buy
[07:35:27] > CGcamo remove x4 Netherite ingot from buy
[07:35:28] > CGcamo remove x3 Netherite upgrade smithing template from buy
[07:35:28] > CGcamo remove x1 Netherite upgrade smithing template from buy
[09:01:37] > InternetCafeUser added x1 §x§F§F§5§5§0§0§lsᴇʟʟᴡᴀɴᴅ §6- 5.0x in auction for 250000.
[09:02:02] > frenchhee buy x1 §x§F§F§5§5§0§0§lsᴇʟʟᴡᴀɴᴅ §6- 5.0x to InternetCafeUser for $250,000.
[09:02:12] > frenchhee remove x1 §x§F§F§5§5§0§0§lsᴇʟʟᴡᴀɴᴅ §6- 5.0x from buy
[09:30:49] > johnowenz1 added x3 Ominous trial key in auction for 100000.
[09:31:02] > WystineW buy x3 Ominous trial key to johnowenz1 for $100,000.
[09:37:28] > johnowenz1 remove x1 Ominous trial key form storage
[09:37:42] > johnowenz1 added x1 Ominous trial key in auction for 10000.
[09:42:53] > x1 Netherite upgrade smithing template, bought by Takeremu, has just expired, the item is definitively deleted.
[09:42:55] > Aiiendr15 remove x1 §x§E§5§1§B§1§B§lDracula Sickle from buy
[10:09:50] > x1 Diamond, item of leogamer11K, has just expired, the item is definitively deleted.
[10:09:54] > YooRushy remove x25 Deepslate diamond ore from expire
[10:09:56] > YooRushy remove x25 Deepslate diamond ore from expire
[10:10:59] > YooRushy added x25 Deepslate diamond ore in auction for 500000.
[10:11:14] > YooRushy added x25 Deepslate diamond ore in auction for 500000.
[10:31:40] > x1 /pwarps warp AceHardware on sale by Zee_ has just expired, it goes in the inventory of expired items.
[10:40:37] > johnowenz1 added x2 Ominous trial key in auction for 100000.
[10:51:57] > ReKYee added x1 §f§l§8B§x§6§2§6§2§6§2a§x§6§F§6§F§6§Fh§x§7§C§7§C§7§Ca§x§8§9§8§9§8§9m§x§9§6§9§6§9§6u§x§A§3§A§3§A§3t §x§9§6§9§6§9§6D§x§8§9§8§9§8§9a§x§7§C§7§C§7§Cg§x§6§F§6§F§6§Fg§x§6§2§6§2§6§2e§8r in auction for 350000.
[10:52:17] > ReKYee added x2 §x§F§0§7§A§5§4§lZombie Apocalyptic Key in auction for 800000.
[11:32:31] > Inaqki buy x1 Nether star to Takeremu for $100,000.
[11:32:36] > Inaqki remove x1 Nether star from buy
[11:37:42] > imnectarfr buy x2 Ominous trial key to johnowenz1 for $100,000.
[11:37:57] > imnectarfr remove x2 Ominous trial key from buy
[11:37:57] > imnectarfr remove x64 Experience bottle from buy