
[12:02:57] > x1 §f§l§x§F§C§D§0§5§CW§x§F§A§A§2§4§8u§x§F§8§7§4§3§3k§x§F§6§4§5§1§Fo§x§F§4§1§7§0§Ang§x§F§6§4§5§1§F §x§F§8§7§4§3§3K§x§F§A§A§2§4§8e§x§F§C§D§0§5§Cy on sale by Abbadex has just expired, it goes in the inventory of expired items.
[12:02:57] > x1 §f§l§x§F§C§D§0§5§CW§x§F§A§A§2§4§8u§x§F§8§7§4§3§3k§x§F§6§4§5§1§Fo§x§F§4§1§7§0§Ang§x§F§6§4§5§1§F §x§F§8§7§4§3§3K§x§F§A§A§2§4§8e§x§F§C§D§0§5§Cy on sale by Abbadex has just expired, it goes in the inventory of expired items.
[12:02:57] > x1 §x§F§F§7§C§0§0§lSteamsparks Key on sale by Abbadex has just expired, it goes in the inventory of expired items.
[12:02:57] > x1 §x§E§5§1§B§1§B§lDracula Bow on sale by jeff has just expired, it goes in the inventory of expired items.
[12:02:57] > x1 §x§F§0§7§A§5§4§lZombie Apocalyptic Shovel on sale by jeff has just expired, it goes in the inventory of expired items.
[12:02:57] > x1 §x§F§F§7§C§0§0§lSteamsparks Key on sale by Abbadex has just expired, it goes in the inventory of expired items.
[12:02:57] > x3 §x§F§F§3§E§0§0§lD§x§F§F§3§7§0§0§le§x§F§F§3§0§0§0§lm§x§F§F§2§9§0§0§lo§x§F§F§2§2§0§0§ln §x§F§F§1§5§0§0§lL§x§F§F§0§E§0§0§lo§x§F§F§0§7§0§0§lr§x§F§F§0§0§0§0§ld §x§F§F§0§E§0§0§lF§x§F§F§1§5§0§0§lr§x§F§F§1§C§0§0§la§x§F§F§2§2§0§0§lg§x§F§F§2§9§0§0§lm§x§F§F§3§0§0§0§le§x§F§F§3§7§0§0§ln§x§F§F§3§E§0§0§lt on sale by SHELLA has just expired, it goes in the inventory of expired items.
[12:02:57] > x2 Nether star on sale by pijusas has just expired, it goes in the inventory of expired items.
[12:02:57] > x64 Cool dirt on sale by InternetCafeUser has just expired, it goes in the inventory of expired items.
[12:02:57] > x16 Ender pearl on sale by Johng10910 has just expired, it goes in the inventory of expired items.
[12:02:57] > x1 §f§l§8B§x§6§3§6§3§6§3a§x§7§1§7§1§7§1h§x§8§0§8§0§8§0a§x§8§E§8§E§8§Em§x§9§C§9§C§9§Cu§7t§x§9§C§9§C§9§C §x§8§E§8§E§8§ES§x§8§0§8§0§8§0t§x§7§1§7§1§7§1a§x§6§3§6§3§6§3f§8f on sale by Keenorana has just expired, it goes in the inventory of expired items.
[12:02:57] > x1 §f§l§8B§x§6§6§6§6§6§6a§x§7§7§7§7§7§7h§x§8§8§8§8§8§8a§x§9§9§9§9§9§9m§7u§x§9§9§9§9§9§9t§x§8§8§8§8§8§8 §x§7§7§7§7§7§7B§x§6§6§6§6§6§6o§8w on sale by Keenorana has just expired, it goes in the inventory of expired items.
[12:02:57] > x1 SELL YOUR EMERALDS FOR 50 EACH AT /PWARP GO NBS on sale by Rain_Reinn has just expired, it goes in the inventory of expired items.
[12:02:57] > x1 BOOKS AT /PWARP GO NBS on sale by Rain_Reinn has just expired, it goes in the inventory of expired items.
[12:02:57] > x64 FIREWORKS AT /PWARP GO RAIN on sale by Rain_Reinn has just expired, it goes in the inventory of expired items.
[12:02:57] > x1 §f§l§8B§x§6§1§6§1§6§1a§x§6§D§6§D§6§Dh§x§7§9§7§9§7§9a§x§8§6§8§6§8§6m§x§9§2§9§2§9§2u§x§9§E§9§E§9§Et§7 §x§9§E§9§E§9§EH§x§9§2§9§2§9§2a§x§8§6§8§6§8§6l§x§7§9§7§9§7§9b§x§6§D§6§D§6§De§x§6§1§6§1§6§1r§8d on sale by Keenorana has just expired, it goes in the inventory of expired items.
[12:02:57] > x1 §fCat Plushie (Tabby) §6(#21/101) on sale by giyahnpogi has just expired, it goes in the inventory of expired items.
[12:02:57] > x1 §f§l§8B§x§6§2§6§2§6§2a§x§6§F§6§F§6§Fh§x§7§C§7§C§7§Ca§x§8§9§8§9§8§9m§x§9§6§9§6§9§6u§x§A§3§A§3§A§3t §x§9§6§9§6§9§6D§x§8§9§8§9§8§9a§x§7§C§7§C§7§Cg§x§6§F§6§F§6§Fg§x§6§2§6§2§6§2e§8r on sale by Keenorana has just expired, it goes in the inventory of expired items.
[12:02:57] > x1 Elytra on sale by celinesanrio has just expired, it goes in the inventory of expired items.
[12:02:57] > x1 Elytra on sale by celinesanrio has just expired, it goes in the inventory of expired items.
[12:02:57] > x1 Elytra on sale by celinesanrio has just expired, it goes in the inventory of expired items.
[12:02:57] > x1 Elytra on sale by celinesanrio has just expired, it goes in the inventory of expired items.
[12:02:57] > x1 Elytra on sale by celinesanrio has just expired, it goes in the inventory of expired items.
[12:02:57] > x1 Elytra on sale by celinesanrio has just expired, it goes in the inventory of expired items.
[12:02:57] > x1 Elytra on sale by celinesanrio has just expired, it goes in the inventory of expired items.
[12:02:57] > x1 Elytra on sale by celinesanrio has just expired, it goes in the inventory of expired items.
[12:02:57] > x1 Elytra on sale by celinesanrio has just expired, it goes in the inventory of expired items.
[12:02:57] > x1 §f§l§x§F§A§0§0§0§AD§x§F§A§2§A§1§Aa§x§F§B§5§3§2§Br§x§F§B§7§D§3§Bk§x§F§C§A§6§4§Cf§x§F§C§D§0§5§Cl§x§F§C§D§0§5§Ca§x§F§C§A§D§4§Em§x§F§B§8§B§4§1e§x§F§B§6§8§3§3 §x§F§B§4§5§2§5B§x§F§A§2§3§1§8o§x§F§A§0§0§0§Aw on sale by BlackKnight has just expired, it goes in the inventory of expired items.
[12:02:57] > x1 §f§l§8B§x§6§0§6§0§6§0a§x§6§C§6§C§6§Ch§x§7§7§7§7§7§7a§x§8§2§8§2§8§2m§x§8§E§8§E§8§Eu§x§9§9§9§9§9§9t§x§A§4§A§4§A§4 G§x§9§9§9§9§9§9a§x§8§E§8§E§8§Eu§x§8§2§8§2§8§2n§x§7§7§7§7§7§7t§x§6§C§6§C§6§Cl§x§6§0§6§0§6§0e§8t on sale by BlackKnight has just expired, it goes in the inventory of expired items.
[12:02:57] > x1 §f§l§8B§x§6§4§6§4§6§4a§x§7§4§7§4§7§4h§x§8§3§8§3§8§3a§x§9§3§9§3§9§3m§x§A§2§A§2§A§2ut§x§9§3§9§3§9§3 §x§8§3§8§3§8§3M§x§7§4§7§4§7§4a§x§6§4§6§4§6§4c§8e on sale by BlackKnight has just expired, it goes in the inventory of expired items.
[12:02:57] > x1 §f§l§8B§x§5§F§5§F§5§Fa§x§6§9§6§9§6§9h§x§7§3§7§3§7§3a§x§7§D§7§D§7§Dm§x§8§7§8§7§8§7u§x§9§1§9§1§9§1t§x§9§B§9§B§9§B §x§A§5§A§5§A§5Ch§x§9§B§9§B§9§Be§x§9§1§9§1§9§1s§x§8§7§8§7§8§7t§x§7§D§7§D§7§Dp§x§7§3§7§3§7§3l§x§6§9§6§9§6§9a§x§5§F§5§F§5§Ft§8e on sale by BlackKnight has just expired, it goes in the inventory of expired items.
[12:02:57] > x1 §f§l§8B§x§6§6§6§6§6§6a§x§7§7§7§7§7§7h§x§8§8§8§8§8§8a§x§9§9§9§9§9§9m§7u§x§9§9§9§9§9§9t§x§8§8§8§8§8§8 §x§7§7§7§7§7§7H§x§6§6§6§6§6§6o§8e on sale by BlackKnight has just expired, it goes in the inventory of expired items.
[12:02:57] > x1 §f§l§8B§x§6§3§6§3§6§3a§x§7§1§7§1§7§1h§x§8§0§8§0§8§0a§x§8§E§8§E§8§Em§x§9§C§9§C§9§Cu§7t§x§9§C§9§C§9§C §x§8§E§8§E§8§ES§x§8§0§8§0§8§0w§x§7§1§7§1§7§1o§x§6§3§6§3§6§3r§8d on sale by BlackKnight has just expired, it goes in the inventory of expired items.
[12:02:57] > x1 §f§l§8B§x§6§1§6§1§6§1a§x§6§D§6§D§6§Dh§x§7§9§7§9§7§9a§x§8§6§8§6§8§6m§x§9§2§9§2§9§2u§x§9§E§9§E§9§Et§7 §x§9§E§9§E§9§EH§x§9§2§9§2§9§2a§x§8§6§8§6§8§6l§x§7§9§7§9§7§9b§x§6§D§6§D§6§De§x§6§1§6§1§6§1r§8d on sale by BlackKnight has just expired, it goes in the inventory of expired items.
[12:02:57] > x1 §f§l§8B§x§6§4§6§4§6§4a§x§7§4§7§4§7§4h§x§8§3§8§3§8§3a§x§9§3§9§3§9§3m§x§A§2§A§2§A§2ut§x§9§3§9§3§9§3 §x§8§3§8§3§8§3C§x§7§4§7§4§7§4l§x§6§4§6§4§6§4u§8b on sale by BlackKnight has just expired, it goes in the inventory of expired items.
[12:02:57] > x1 §f§l§8B§x§6§2§6§2§6§2a§x§6§F§6§F§6§Fh§x§7§C§7§C§7§Ca§x§8§9§8§9§8§9m§x§9§6§9§6§9§6u§x§A§3§A§3§A§3t §x§9§6§9§6§9§6S§x§8§9§8§9§8§9h§x§7§C§7§C§7§Ci§x§6§F§6§F§6§Fe§x§6§2§6§2§6§2l§8d on sale by ry9191 has just expired, it goes in the inventory of expired items.
[12:02:57] > x2 §f§l§x§F§C§D§0§5§CW§x§F§A§A§2§4§8u§x§F§8§7§4§3§3k§x§F§6§4§5§1§Fo§x§F§4§1§7§0§Ang§x§F§6§4§5§1§F §x§F§8§7§4§3§3K§x§F§A§A§2§4§8e§x§F§C§D§0§5§Cy on sale by Abbadex has just expired, it goes in the inventory of expired items.
[12:08:49] > x6 §x§F§F§3§E§0§0§lD§x§F§F§3§7§0§0§le§x§F§F§3§0§0§0§lm§x§F§F§2§9§0§0§lo§x§F§F§2§2§0§0§ln §x§F§F§1§5§0§0§lL§x§F§F§0§E§0§0§lo§x§F§F§0§7§0§0§lr§x§F§F§0§0§0§0§ld §x§F§F§0§E§0§0§lF§x§F§F§1§5§0§0§lr§x§F§F§1§C§0§0§la§x§F§F§2§2§0§0§lg§x§F§F§2§9§0§0§lm§x§F§F§3§0§0§0§le§x§F§F§3§7§0§0§ln§x§F§F§3§E§0§0§lt on sale by HPMR_GaMerz has just expired, it goes in the inventory of expired items.
[12:13:05] > RizzaIck added x1 §x§3§4§9§8§D§Bᴢᴏᴍʙɪᴇ ꜱᴘᴀᴡɴᴇʀ in auction for 200000.
[12:13:08] > x1 CHEAP TOTEM ON TOTEM PWARP, item of tic_sz, has just expired, the item is definitively deleted.
[12:13:08] > x1 PWARP GO TOTEM, item of tic_sz, has just expired, the item is definitively deleted.
[12:13:08] > x1 GO PWARP TOTEM FOR CHEAP TOTEMS, item of tic_sz, has just expired, the item is definitively deleted.
[12:13:08] > x1 §f§l§x§F§C§D§0§5§CW§x§F§A§A§A§4§Bu§x§F§9§8§4§3§Bk§x§F§7§5§F§2§Ao§x§F§5§3§9§1§9n§x§F§4§1§3§0§8g §x§F§5§3§9§1§9S§x§F§7§5§F§2§Ap§x§F§9§8§4§3§Be§x§F§A§A§A§4§Ba§x§F§C§D§0§5§Cr, item of Tutukiw, has just expired, the item is definitively deleted.
[12:13:08] > x1 §fMedieval Hat, item of .Demon_asta1590, has just expired, the item is definitively deleted.
[12:13:08] > x1 §x§E§5§1§B§1§B§lDracula Shield, item of llhxnce, has just expired, the item is definitively deleted.
[12:13:08] > x1 §2Franck, item of llhxnce, has just expired, the item is definitively deleted.
[12:13:08] > x1 §f§l§x§F§C§D§0§5§CW§x§F§A§A§A§4§Bu§x§F§9§8§4§3§Bk§x§F§7§5§F§2§Ao§x§F§5§3§9§1§9n§x§F§4§1§3§0§8g §x§F§5§3§9§1§9S§x§F§7§5§F§2§At§x§F§9§8§4§3§Ba§x§F§A§A§A§4§Bf§x§F§C§D§0§5§Cf, item of MochaFangs, has just expired, the item is definitively deleted.
[12:13:08] > x1 /pwarp go CheapPots!, item of InternetCafeUser, has just expired, the item is definitively deleted.
[12:13:08] > x1 §x§F§F§3§E§0§0§lD§x§F§F§3§6§0§0§le§x§F§F§2§F§0§0§lm§x§F§F§2§7§0§0§lo§x§F§F§1§F§0§0§ln §x§F§F§1§0§0§0§lL§x§F§F§0§8§0§0§lo§x§F§F§0§0§0§0§lr§x§F§F§0§8§0§0§ld §x§F§F§1§7§0§0§lD§x§F§F§1§F§0§0§la§x§F§F§2§7§0§0§lg§x§F§F§2§F§0§0§lg§x§F§F§3§6§0§0§le§x§F§F§3§E§0§0§lr, item of Sanchay, has just expired, the item is definitively deleted.
[12:13:08] > x1 §x§F§F§3§E§0§0§lD§x§F§F§3§7§0§0§le§x§F§F§3§0§0§0§lm§x§F§F§2§9§0§0§lo§x§F§F§2§2§0§0§ln §x§F§F§1§5§0§0§lL§x§F§F§0§E§0§0§lo§x§F§F§0§7§0§0§lr§x§F§F§0§0§0§0§ld §x§F§F§0§E§0§0§lC§x§F§F§1§5§0§0§lr§x§F§F§1§C§0§0§lo§x§F§F§2§2§0§0§ls§x§F§F§2§9§0§0§ls§x§F§F§3§0§0§0§lb§x§F§F§3§7§0§0§lo§x§F§F§3§E§0§0§lw, item of .Demon_asta1590, has just expired, the item is definitively deleted.
[12:13:08] > x1 §x§F§F§3§E§0§0§lD§x§F§F§3§6§0§0§le§x§F§F§2§F§0§0§lm§x§F§F§2§7§0§0§lo§x§F§F§1§F§0§0§ln §x§F§F§1§0§0§0§lL§x§F§F§0§8§0§0§lo§x§F§F§0§0§0§0§lr§x§F§F§0§8§0§0§ld §x§F§F§1§7§0§0§lH§x§F§F§1§F§0§0§le§x§F§F§2§7§0§0§ll§x§F§F§2§F§0§0§lm§x§F§F§3§6§0§0§le§x§F§F§3§E§0§0§lt, item of octopus_01, has just expired, the item is definitively deleted.
[12:13:08] > x1 §f§l§x§F§A§0§0§0§AD§x§F§A§1§A§1§4a§x§F§B§3§4§1§Fr§x§F§B§4§E§2§9k§x§F§B§6§8§3§3f§x§F§B§8§2§3§Dl§x§F§C§9§C§4§8a§x§F§C§B§6§5§2m§x§F§C§D§0§5§Ce§x§F§C§D§0§5§C §x§F§C§B§6§5§2L§x§F§C§9§C§4§8e§x§F§B§8§2§3§Dg§x§F§B§6§8§3§3g§x§F§B§4§E§2§9i§x§F§B§3§4§1§Fn§x§F§A§1§A§1§4g§x§F§A§0§0§0§As, item of octopus_01, has just expired, the item is definitively deleted.
[12:13:08] > x1 §f§l§x§F§A§0§0§0§AD§x§F§A§1§E§1§6a§x§F§B§3§B§2§1r§x§F§B§5§9§2§Dk§x§F§B§7§7§3§9f§x§F§B§9§5§4§5l§x§F§C§B§2§5§0a§x§F§C§D§0§5§Cm§x§F§C§B§2§5§0e§x§F§B§9§5§4§5 §x§F§B§7§7§3§9S§x§F§B§5§9§2§Dw§x§F§B§3§B§2§1o§x§F§A§1§E§1§6r§x§F§A§0§0§0§Ad, item of sukiyoriee, has just expired, the item is definitively deleted.
[12:13:08] > x1 §f§l§x§F§C§D§0§5§CW§x§F§B§B§2§4§Fu§x§F§9§9§5§4§2k§x§F§8§7§7§3§5o§x§F§7§5§9§2§7n§x§F§6§3§B§1§Ag§x§F§4§1§E§0§D §x§F§3§0§0§0§0C§x§F§4§1§E§0§Dr§x§F§6§3§B§1§Ao§x§F§7§5§9§2§7s§x§F§8§7§7§3§5s§x§F§9§9§5§4§2b§x§F§B§B§2§4§Fo§x§F§C§D§0§5§Cw, item of octopus_01, has just expired, the item is definitively deleted.
[12:13:08] > x1 §fMagician Hat, item of .Demon_asta1590, has just expired, the item is definitively deleted.
[12:13:08] > x1 §f§l§x§F§C§D§0§5§CW§x§F§A§A§A§4§Bu§x§F§9§8§4§3§Bk§x§F§7§5§F§2§Ao§x§F§5§3§9§1§9n§x§F§4§1§3§0§8g §x§F§5§3§9§1§9S§x§F§7§5§F§2§At§x§F§9§8§4§3§Ba§x§F§A§A§A§4§Bf§x§F§C§D§0§5§Cf, item of llhxnce, has just expired, the item is definitively deleted.
[12:14:56] > tic_sz added x1 §x§5§F§E§2§C§5Mystic Fishing rod in auction for 10000000.
[12:15:42] > bedrock_enjoy3r buy x48 Pale oak sapling to Takeremu for $1,000.
[12:17:45] > HwanYo remove x1 §eᴄʀᴇᴇᴘᴇʀ sᴘᴀᴡɴᴇʀ from storage
[12:17:46] > HwanYo remove x1 §eᴡɪᴛʜᴇʀ ꜱᴋᴇʟᴇᴛᴏɴ ꜱᴘᴀᴡɴᴇʀ from storage
[12:17:46] > HwanYo remove x1 §eᴡᴀʀᴅᴇɴ ꜱᴘᴀᴡɴᴇʀ from storage
[12:20:46] > giyahnpogi added x1 §x§F§F§7§C§0§0§lSteamsparks Axe in auction for 10.
[12:22:29] > Zen0969 added x1 §x§F§F§5§5§0§0§lsᴇʟʟᴡᴀɴᴅ §6- 10.0x in auction for 1200000.
[12:23:05] > HwanYo buy x1 §x§F§F§5§5§0§0§lsᴇʟʟᴡᴀɴᴅ §6- 10.0x to Zen0969 for $1,200,000.
[12:26:06] > Rain_Reinn remove x1 SELL YOUR EMERALDS FOR 50 EACH AT /PWARP GO NBS form expire
[12:26:06] > Rain_Reinn remove x64 FIREWORKS AT /PWARP GO RAIN form expire
[12:26:06] > Rain_Reinn remove x1 BOOKS AT /PWARP GO NBS form expire
[12:26:50] > x1 Splash potion, bought by .Kenmbu, has just expired, the item is definitively deleted.
[12:26:50] > x64 Arrow, bought by Wemboooo, has just expired, the item is definitively deleted.
[12:26:50] > x10 §x§F§C§D§0§5§C§lB§x§E§6§D§3§6§B§la§x§C§F§D§5§7§A§ls§x§B§9§D§8§8§9§li§x§A§2§D§A§9§8§lc §x§7§5§D§F§B§6§lC§x§5§F§E§2§C§5§lr§x§7§5§D§F§B§6§la§x§8§C§D§D§A§7§lt§x§A§2§D§A§9§8§le §x§C§F§D§5§7§A§lK§x§E§6§D§3§6§B§le§x§F§C§D§0§5§C§ly, bought by Tutukiw, has just expired, the item is definitively deleted.
[12:26:50] > x64 Golden carrot, bought by sean_kirby, has just expired, the item is definitively deleted.
[12:26:50] > x1 §eᴢᴏᴍʙɪᴇ sᴘᴀᴡɴᴇʀ, bought by Acon1te_0w0, has just expired, the item is definitively deleted.
[12:26:50] > x64 Glowstone, bought by Zypher_0w0, has just expired, the item is definitively deleted.
[12:26:50] > x64 Glowstone, bought by Zypher_0w0, has just expired, the item is definitively deleted.
[12:26:50] > x64 Glowstone, bought by Zypher_0w0, has just expired, the item is definitively deleted.
[12:26:50] > x64 Glowstone, bought by Zypher_0w0, has just expired, the item is definitively deleted.
[12:26:50] > x64 Glowstone, bought by Zypher_0w0, has just expired, the item is definitively deleted.
[12:26:50] > x64 Glowstone, bought by Zypher_0w0, has just expired, the item is definitively deleted.
[12:26:50] > x64 Glowstone, bought by Zypher_0w0, has just expired, the item is definitively deleted.
[12:26:50] > x64 Glowstone, bought by Zypher_0w0, has just expired, the item is definitively deleted.
[12:26:50] > x1 §eᴡᴀʀᴅᴇɴ ꜱᴘᴀᴡɴᴇʀ, bought by mauserdart, has just expired, the item is definitively deleted.
[12:26:50] > x1 Enchanted book, bought by baba, has just expired, the item is definitively deleted.
[12:26:50] > x1 Enchanted book, bought by sean_kirby, has just expired, the item is definitively deleted.
[12:26:50] > x1 §eᴡᴀʀᴅᴇɴ ꜱᴘᴀᴡɴᴇʀ, bought by mauserdart, has just expired, the item is definitively deleted.
[12:26:50] > x64 Glowstone, bought by Zypher_0w0, has just expired, the item is definitively deleted.
[12:26:50] > x1 Enchanted book, bought by sean_kirby, has just expired, the item is definitively deleted.
[12:26:50] > x1 §x§F§F§3§E§0§0§lD§x§F§F§3§7§0§0§le§x§F§F§3§0§0§0§lm§x§F§F§2§9§0§0§lo§x§F§F§2§2§0§0§ln §x§F§F§1§5§0§0§lL§x§F§F§0§E§0§0§lo§x§F§F§0§7§0§0§lr§x§F§F§0§0§0§0§ld §x§F§F§1§0§0§0§lP§x§F§F§1§7§0§0§li§x§F§F§1§F§0§0§lc§x§F§F§2§7§0§0§lk§x§F§F§2§F§0§0§la§x§F§F§3§6§0§0§lx§x§F§F§3§E§0§0§le, bought by mae, has just expired, the item is definitively deleted.
[12:33:16] > x1 wind charge diamond and gold for 850 at diamond on sale by kabayooo has just expired, it goes in the inventory of expired items.
[12:35:28] > octopus_01 buy x3 Sculk shrieker to sean_kirby for $1,000.
[12:36:03] > lorxie added x1 §x§F§F§5§5§0§0§lsᴇʟʟᴡᴀɴᴅ §6- 5.0x in auction for 650000.
[12:36:09] > koshie buy x1 §x§F§F§5§5§0§0§lsᴇʟʟᴡᴀɴᴅ §6- 5.0x to lorxie for $650,000.
[12:36:14] > x1 Enchanting table, bought by tic_sz, has just expired, the item is definitively deleted.
[12:36:16] > koshie remove x1 §x§F§F§5§5§0§0§lsᴇʟʟᴡᴀɴᴅ §6- 5.0x from buy
[12:36:17] > koshie remove x1 §x§F§F§5§5§0§0§lsᴇʟʟᴡᴀɴᴅ §6- 5.0x from buy
[12:36:18] > koshie remove x1 §f§l§x§F§C§D§0§5§CW§x§F§A§A§2§4§8u§x§F§8§7§4§3§3k§x§F§6§4§5§1§Fo§x§F§4§1§7§0§Ang§x§F§6§4§5§1§F §x§F§8§7§4§3§3K§x§F§A§A§2§4§8e§x§F§C§D§0§5§Cy from buy
[12:36:19] > koshie remove x1 §x§F§F§7§C§0§0§lSteamsparks Wings from buy
[12:36:19] > koshie remove x2 §x§F§0§7§A§5§4§lZombie Apocalyptic Key from buy
[12:36:20] > koshie remove x1 Totem of undying from buy
[12:36:25] > HwanYo added x1 §fShogun Axe in auction for 400000.
[12:37:25] > frenchhee added x2 §x§3§4§9§8§D§Bᴄʀᴇᴇᴘᴇʀ ꜱᴘᴀᴡɴᴇʀ in auction for 850000.
[12:38:42] > HwanYo added x2 §x§5§C§C§F§F§C§lC§x§5§C§D§1§F§5§lo§x§5§D§D§4§E§E§ls§x§5§D§D§6§E§7§lm§x§5§E§D§9§E§1§le§x§5§E§D§B§D§A§lt§x§5§E§D§D§D§3§li§x§5§F§E§0§C§C§lc §x§5§F§E§0§C§C§lH§x§5§E§D§D§D§3§la§x§5§E§D§B§D§A§lt§x§5§E§D§9§E§1§ls §x§5§D§D§4§E§E§lK§x§5§C§D§1§F§5§le§x§5§C§C§F§F§C§ly in auction for 100000.
[12:39:10] > kabayooo added x1 §x§F§F§5§5§0§0§lsᴇʟʟᴡᴀɴᴅ §6- 5.0x in auction for 1000000.
[12:40:38] > InternetCafeUser added x1 §x§F§F§5§5§0§0§lsᴇʟʟᴡᴀɴᴅ §6- 5.0x in auction for 350000.
[12:41:49] > Keeos added x1 §x§F§F§5§5§0§0§lsᴇʟʟᴡᴀɴᴅ §6- 10.0x in auction for 1200000.
[12:41:57] > HwanYo buy x1 §x§F§F§5§5§0§0§lsᴇʟʟᴡᴀɴᴅ §6- 5.0x to InternetCafeUser for $350,000.
[12:42:01] > HwanYo buy x1 §x§F§F§5§5§0§0§lsᴇʟʟᴡᴀɴᴅ §6- 10.0x to Keeos for $1,200,000.
[12:42:47] > kysicx added x1 §x§F§F§5§5§0§0§lsᴇʟʟᴡᴀɴᴅ §6- 20.0x in auction for 2000000.
[12:43:05] > kabayooo remove x1 §x§F§F§5§5§0§0§lsᴇʟʟᴡᴀɴᴅ §6- 5.0x from storage
[12:43:10] > lorxie added x1 §x§F§F§3§E§0§0§lSellwand Voucher in auction for 1500000.
[12:43:17] > kabayooo added x1 §x§F§F§5§5§0§0§lsᴇʟʟᴡᴀɴᴅ §6- 5.0x in auction for 800000.
[12:43:25] > GoldEngine11 added x1 §x§F§F§5§5§0§0§lsᴇʟʟᴡᴀɴᴅ §6- 10.0x in auction for 1200000.
[12:43:26] > kysicx added x1 §x§F§F§5§5§0§0§lsᴇʟʟᴡᴀɴᴅ §6- 5.0x in auction for 700000.
[12:43:59] > claypotter added x1 §x§F§F§5§5§0§0§lsᴇʟʟᴡᴀɴᴅ §6- 5.0x in auction for 700000.
[12:44:06] > EnderDragon0120 added x1 §x§F§F§5§5§0§0§lsᴇʟʟᴡᴀɴᴅ §6- 5.0x in auction for 800000.
[12:44:12] > claypotter added x1 §x§F§F§5§5§0§0§lsᴇʟʟᴡᴀɴᴅ §6- 5.0x in auction for 700000.
[12:44:31] > claypotter added x1 §x§F§F§5§5§0§0§lsᴇʟʟᴡᴀɴᴅ §6- 5.0x in auction for 700000.
[12:45:30] > HwanYo buy x1 §x§F§F§5§5§0§0§lsᴇʟʟᴡᴀɴᴅ §6- 5.0x to claypotter for $700,000.
[12:45:42] > HwanYo buy x1 §x§F§F§5§5§0§0§lsᴇʟʟᴡᴀɴᴅ §6- 5.0x to claypotter for $700,000.
[12:51:00] > x1 §f§l§8B§x§5§E§5§E§5§Ea§x§6§8§6§8§6§8h§x§7§1§7§1§7§1a§x§7§B§7§B§7§Bm§x§8§4§8§4§8§4u§x§8§E§8§E§8§Et§x§9§7§9§7§9§7 §x§A§1§A§1§A§1F§7i§x§A§1§A§1§A§1s§x§9§7§9§7§9§7h§x§8§E§8§E§8§Ei§x§8§4§8§4§8§4n§x§7§B§7§B§7§Bg§x§7§1§7§1§7§1 §x§6§8§6§8§6§8R§x§5§E§5§E§5§Eo§8d on sale by giyahnpogi has just expired, it goes in the inventory of expired items.
[12:51:15] > octopus_01 buy x1 §x§F§F§3§E§0§0§lSellwand Voucher to lorxie for $1,500,000.
[12:51:26] > bedrock_enjoy3r buy x1 §x§F§F§5§5§0§0§lsᴇʟʟᴡᴀɴᴅ §6- 20.0x to kysicx for $2,000,000.
[12:51:53] > bedrock_enjoy3r remove x1 §x§F§F§5§5§0§0§lsᴇʟʟᴡᴀɴᴅ §6- 20.0x from buy
[12:52:15] > octopus_01 buy x1 §x§F§F§5§5§0§0§lsᴇʟʟᴡᴀɴᴅ §6- 5.0x to claypotter for $700,000.
[12:52:18] > octopus_01 buy x1 §x§F§F§5§5§0§0§lsᴇʟʟᴡᴀɴᴅ §6- 5.0x to kysicx for $700,000.
[12:53:59] > octopus_01 remove x1 Silence armor trim smithing template from buy
[12:53:59] > octopus_01 remove x3 Sculk shrieker from buy
[12:54:00] > octopus_01 remove x1 §x§F§F§3§E§0§0§lSellwand Voucher from buy
[12:54:00] > octopus_01 remove x1 §x§F§F§5§5§0§0§lsᴇʟʟᴡᴀɴᴅ §6- 5.0x from buy
[12:54:00] > octopus_01 remove x1 §x§F§F§5§5§0§0§lsᴇʟʟᴡᴀɴᴅ §6- 5.0x from buy
[12:56:55] > octopus_01 added x1 §fPanda Hat in auction for 1000.
[12:57:18] > octopus_01 buy x1 §x§F§F§5§5§0§0§lsᴇʟʟᴡᴀɴᴅ §6- 10.0x to GoldEngine11 for $1,200,000.
[12:57:22] > octopus_01 buy x1 §x§F§F§5§5§0§0§lsᴇʟʟᴡᴀɴᴅ §6- 5.0x to kabayooo for $800,000.
[12:57:25] > octopus_01 buy x1 §x§F§F§5§5§0§0§lsᴇʟʟᴡᴀɴᴅ §6- 5.0x to EnderDragon0120 for $800,000.
[12:58:32] > tic_sz remove x1 §x§5§F§E§2§C§5Mystic Fishing rod from storage
[12:58:46] > tic_sz remove x1 §x§5§F§E§2§C§5Mystic Fishing rod from expire
[13:04:33] > octopus_01 added x1 §x§5§9§A§1§D§9§lA§x§6§E§A§D§D§Er§x§8§3§B§9§E§3c§x§9§7§C§4§E§7h§x§A§C§D§0§E§Ca§x§C§1§D§C§F§1n§x§D§6§E§8§F§6g§x§E§A§F§3§F§Ae§fl §x§D§6§E§8§F§6P§x§C§1§D§C§F§1i§x§A§C§D§0§E§Cc§x§9§7§C§4§E§7k§x§8§3§B§9§E§3a§x§6§E§A§D§D§Ex§x§5§9§A§1§D§9e in auction for 500000.
[13:05:24] > kabayooo buy x1 §fPanda Hat to octopus_01 for $1,000.
[13:07:16] > HwanYo remove x64 Emerald block from storage
[13:07:16] > HwanYo remove x1 §fShogun Axe from storage
[13:07:17] > HwanYo remove x2 §x§5§C§C§F§F§C§lC§x§5§C§D§1§F§5§lo§x§5§D§D§4§E§E§ls§x§5§D§D§6§E§7§lm§x§5§E§D§9§E§1§le§x§5§E§D§B§D§A§lt§x§5§E§D§D§D§3§li§x§5§F§E§0§C§C§lc §x§5§F§E§0§C§C§lH§x§5§E§D§D§D§3§la§x§5§E§D§B§D§A§lt§x§5§E§D§9§E§1§ls §x§5§D§D§4§E§E§lK§x§5§C§D§1§F§5§le§x§5§C§C§F§F§C§ly from storage
[13:07:31] > HwanYo added x64 Emerald block in auction for 300000.
[13:08:51] > .JoshuaCraft9422 added x1 §x§F§F§5§5§0§0§lsᴇʟʟᴡᴀɴᴅ §6- 5.0x in auction for 600000.
[13:10:07] > .And7179 buy x1 §x§F§F§3§E§0§0§lD§x§F§F§3§7§0§0§le§x§F§F§3§0§0§0§lm§x§F§F§2§9§0§0§lo§x§F§F§2§2§0§0§ln §x§F§F§1§5§0§0§lL§x§F§F§0§E§0§0§lo§x§F§F§0§7§0§0§lr§x§F§F§0§0§0§0§ld §x§F§F§0§E§0§0§lF§x§F§F§1§5§0§0§lr§x§F§F§1§C§0§0§la§x§F§F§2§2§0§0§lg§x§F§F§2§9§0§0§lm§x§F§F§3§0§0§0§le§x§F§F§3§7§0§0§ln§x§F§F§3§E§0§0§lt to cheflight for $250,000.
[13:11:42] > Seirione remove x1 §fDetective Hat from storage
[13:11:43] > Seirione remove x1 §fShogun Flag Backpack from storage
[13:11:43] > Seirione remove x1 §fShogun Hammer from storage
[13:11:43] > Seirione remove x1 §fShogun Tanto from storage
[13:11:44] > Seirione remove x1 §fShogun Spear from storage
[13:11:44] > Seirione remove x1 §fShogun Fishing Rod from storage
[13:11:45] > Seirione remove x1 §x§E§4§3§A§9§6§lW§x§E§7§5§3§A§3§lI§x§E§B§6§B§B§0§lN§x§E§E§8§4§B§D§lG§x§F§2§9§D§C§B§lS §x§F§8§C§E§E§5§lO§x§F§C§E§6§F§2§lF §x§F§C§E§6§F§2§lE§x§F§8§C§E§E§5§lT§x§F§5§B§5§D§8§lE§x§F§2§9§D§C§B§lR§x§E§E§8§4§B§D§lN§x§E§B§6§B§B§0§lI§x§E§7§5§3§A§3§lT§x§E§4§3§A§9§6§lY from storage
[13:11:53] > Seirione added x1 §x§E§4§3§A§9§6§lW§x§E§7§5§3§A§3§lI§x§E§B§6§B§B§0§lN§x§E§E§8§4§B§D§lG§x§F§2§9§D§C§B§lS §x§F§8§C§E§E§5§lO§x§F§C§E§6§F§2§lF §x§F§C§E§6§F§2§lE§x§F§8§C§E§E§5§lT§x§F§5§B§5§D§8§lE§x§F§2§9§D§C§B§lR§x§E§E§8§4§B§D§lN§x§E§B§6§B§B§0§lI§x§E§7§5§3§A§3§lT§x§E§4§3§A§9§6§lY in auction for 8000000.
[13:13:12] > x1 §x§F§F§3§E§0§0§lD§x§F§F§3§7§0§0§le§x§F§F§3§0§0§0§lm§x§F§F§2§9§0§0§lo§x§F§F§2§2§0§0§ln §x§F§F§1§5§0§0§lL§x§F§F§0§E§0§0§lo§x§F§F§0§7§0§0§lr§x§F§F§0§0§0§0§ld §x§F§F§0§E§0§0§lF§x§F§F§1§5§0§0§lr§x§F§F§1§C§0§0§la§x§F§F§2§2§0§0§lg§x§F§F§2§9§0§0§lm§x§F§F§3§0§0§0§le§x§F§F§3§7§0§0§ln§x§F§F§3§E§0§0§lt on sale by giyahnpogi has just expired, it goes in the inventory of expired items.
[13:13:17] > Dentatsu buy x1 §x§F§F§7§C§0§0§lSteamsparks Axe to giyahnpogi for $10.
[13:13:24] > x1 §x§F§F§3§E§0§0§lD§x§F§F§3§7§0§0§le§x§F§F§3§0§0§0§lm§x§F§F§2§9§0§0§lo§x§F§F§2§2§0§0§ln §x§F§F§1§5§0§0§lL§x§F§F§0§E§0§0§lo§x§F§F§0§7§0§0§lr§x§F§F§0§0§0§0§ld §x§F§F§0§E§0§0§lF§x§F§F§1§5§0§0§lr§x§F§F§1§C§0§0§la§x§F§F§2§2§0§0§lg§x§F§F§2§9§0§0§lm§x§F§F§3§0§0§0§le§x§F§F§3§7§0§0§ln§x§F§F§3§E§0§0§lt on sale by giyahnpogi has just expired, it goes in the inventory of expired items.
[13:13:25] > Dentatsu remove x1 §x§F§F§7§C§0§0§lSteamsparks Axe from buy
[13:15:13] > .JoshuaCraft9422 added x1 §x§F§F§7§C§0§0§lSteamsparks Halberd in auction for 400000.
[13:15:54] > elowyn buy x1 §f§l§x§F§C§D§0§5§CW§x§F§A§A§2§4§8u§x§F§8§7§4§3§3k§x§F§6§4§5§1§Fo§x§F§4§1§7§0§Ang§x§F§6§4§5§1§F §x§F§8§7§4§3§3H§x§F§A§A§2§4§8o§x§F§C§D§0§5§Ce to El3ctric_Ey3 for $80,000.
[13:20:01] > kabayooo added x3 §eɪʀᴏɴ ɢᴏʟᴇᴍ sᴘᴀᴡɴᴇʀ in auction for 700000.
[13:32:08] > elowyn remove x1 §f§l§x§F§C§D§0§5§CW§x§F§A§A§2§4§8u§x§F§8§7§4§3§3k§x§F§6§4§5§1§Fo§x§F§4§1§7§0§Ang§x§F§6§4§5§1§F §x§F§8§7§4§3§3H§x§F§A§A§2§4§8o§x§F§C§D§0§5§Ce from buy
[13:34:17] > Lithium_O added x1 §x§F§F§5§5§0§0§lsᴇʟʟᴡᴀɴᴅ §6- 20.0x in auction for 2500000.
[13:34:24] > HwanYo buy x1 §x§F§F§5§5§0§0§lsᴇʟʟᴡᴀɴᴅ §6- 20.0x to Lithium_O for $2,500,000.
[13:36:39] > HwanYo remove x1 §x§F§F§5§5§0§0§lsᴇʟʟᴡᴀɴᴅ §6- 20.0x from buy
[13:36:41] > HwanYo remove x1 §x§F§F§5§5§0§0§lsᴇʟʟᴡᴀɴᴅ §6- 5.0x from buy
[13:36:41] > HwanYo remove x1 §x§F§F§5§5§0§0§lsᴇʟʟᴡᴀɴᴅ §6- 5.0x from buy
[13:36:42] > HwanYo remove x1 §x§F§F§5§5§0§0§lsᴇʟʟᴡᴀɴᴅ §6- 10.0x from buy
[13:36:42] > HwanYo remove x1 §x§F§F§5§5§0§0§lsᴇʟʟᴡᴀɴᴅ §6- 5.0x from buy
[13:36:43] > HwanYo remove x1 §x§F§F§5§5§0§0§lsᴇʟʟᴡᴀɴᴅ §6- 10.0x from buy
[13:36:43] > HwanYo remove x1 §x§F§F§5§5§0§0§lsᴇʟʟᴡᴀɴᴅ §6- 10.0x from buy
[13:36:44] > HwanYo remove x1 §x§F§F§5§5§0§0§lsᴇʟʟᴡᴀɴᴅ §6- 10.0x from buy
[13:37:25] > elowyn added x1 §x§F§F§3§E§0§0§lSellwand Voucher in auction for 2000000.
[13:37:45] > kysicx added x1 §x§F§F§5§5§0§0§lsᴇʟʟᴡᴀɴᴅ §6- 5.0x in auction for 700000.
[13:37:50] > GoldEngine11 added x1 §x§F§F§5§5§0§0§lsᴇʟʟᴡᴀɴᴅ §6- 5.0x in auction for 700000.
[13:38:02] > tic_sz added x1 §f§l§x§8§A§0§0§F§FS§x§9§8§0§0§D§Dh§x§A§6§0§0§B§Bi§x§B§4§0§0§9§9n§x§C§2§0§0§7§7e§x§D§0§0§0§5§5 §x§D§E§0§0§3§3O§x§E§C§0§0§1§1ni§x§D§E§0§0§3§3 §x§D§0§0§0§5§5S§x§C§2§0§0§7§7h§x§B§4§0§0§9§9o§x§A§6§0§0§B§Bv§x§9§8§0§0§D§De§x§8§A§0§0§F§Fl in auction for 4000000.
[13:39:25] > elowyn remove x1 §x§F§F§3§E§0§0§lSellwand Voucher from storage
[13:39:58] > elowyn remove x1 §f§l§8B§x§6§2§6§2§6§2a§x§6§F§6§F§6§Fh§x§7§C§7§C§7§Ca§x§8§9§8§9§8§9m§x§9§6§9§6§9§6u§x§A§3§A§3§A§3t §x§9§6§9§6§9§6H§x§8§9§8§9§8§9a§x§7§C§7§C§7§Ct§x§6§F§6§F§6§F §x§6§2§6§2§6§2V§82 from expire
[13:40:53] > kabayooo remove x1 §esᴘɪᴅᴇʀ sᴘᴀᴡɴᴇʀ from storage
[13:41:05] > kabayooo added x1 §x§F§F§5§5§0§0§lsᴇʟʟᴡᴀɴᴅ §6- 10.0x in auction for 14000000.
[13:41:11] > kabayooo remove x1 §x§F§F§5§5§0§0§lsᴇʟʟᴡᴀɴᴅ §6- 10.0x from storage
[13:41:27] > kabayooo added x1 §x§F§F§5§5§0§0§lsᴇʟʟᴡᴀɴᴅ §6- 10.0x in auction for 1400000.
[13:41:48] > elowyn added x1 §x§F§F§3§E§0§0§lSellwand Voucher in auction for 350000.
[13:41:51] > Keenorana buy x1 §x§F§F§3§E§0§0§lSellwand Voucher to elowyn for $350,000.
[13:42:18] > Keenorana remove x1 §x§F§F§3§E§0§0§lSellwand Voucher from buy
[13:42:25] > elowyn added x1 §f§l§8B§x§6§2§6§2§6§2a§x§6§F§6§F§6§Fh§x§7§C§7§C§7§Ca§x§8§9§8§9§8§9m§x§9§6§9§6§9§6u§x§A§3§A§3§A§3t §x§9§6§9§6§9§6H§x§8§9§8§9§8§9a§x§7§C§7§C§7§Ct§x§6§F§6§F§6§F §x§6§2§6§2§6§2V§82 in auction for 1000000.
[13:42:58] > claypotter added x1 §x§F§F§5§5§0§0§lsᴇʟʟᴡᴀɴᴅ §6- 5.0x in auction for 700000.
[13:43:13] > claypotter added x1 §x§F§F§5§5§0§0§lsᴇʟʟᴡᴀɴᴅ §6- 5.0x in auction for 700000.
[13:43:28] > claypotter added x1 §x§F§F§5§5§0§0§lsᴇʟʟᴡᴀɴᴅ §6- 5.0x in auction for 700000.
[13:43:51] > claypotter added x1 §x§F§F§5§5§0§0§lsᴇʟʟᴡᴀɴᴅ §6- 5.0x in auction for 700000.
[13:48:51] > kabayooo remove x1 §x§F§F§5§5§0§0§lsᴇʟʟᴡᴀɴᴅ §6- 10.0x from storage
[13:49:10] > EnderDragon0120 added x1 §x§F§F§5§5§0§0§lsᴇʟʟᴡᴀɴᴅ §6- 5.0x in auction for 800000.
[13:49:19] > celinesanrio remove x1 Elytra form expire
[13:49:19] > celinesanrio remove x1 Elytra form expire
[13:49:19] > celinesanrio remove x1 Elytra form expire
[13:49:19] > celinesanrio remove x1 Elytra form expire
[13:49:19] > celinesanrio remove x1 Elytra form expire
[13:49:19] > celinesanrio remove x1 Elytra form expire
[13:49:19] > celinesanrio remove x1 Elytra form expire
[13:49:19] > celinesanrio remove x1 Elytra form expire
[13:49:19] > celinesanrio remove x1 Elytra form expire
[13:49:27] > kabayooo added x1 §x§F§F§5§5§0§0§lsᴇʟʟᴡᴀɴᴅ §6- 10.0x in auction for 1300000.
[13:49:34] > celinesanrio added x1 Elytra in auction for 1750000.
[13:50:06] > celinesanrio added x1 Elytra in auction for 1750000.
[13:50:46] > Jioou added x1 §x§F§F§5§5§0§0§lsᴇʟʟᴡᴀɴᴅ §6- 10.0x in auction for 1000000.
[13:50:53] > P4LDOK remove x1 §f§l§x§8§A§0§0§F§FS§x§9§8§0§0§D§Dh§x§A§6§0§0§B§Bi§x§B§4§0§0§9§9n§x§C§2§0§0§7§7e§x§D§0§0§0§5§5 §x§D§E§0§0§3§3O§x§E§C§0§0§1§1ni§x§D§E§0§0§3§3 §x§D§0§0§0§5§5S§x§C§2§0§0§7§7h§x§B§4§0§0§9§9i§x§A§6§0§0§B§Be§x§9§8§0§0§D§Dl§x§8§A§0§0§F§Fd from expire
[13:51:19] > P4LDOK added x1 §f§l§x§8§A§0§0§F§FS§x§9§8§0§0§D§Dh§x§A§6§0§0§B§Bi§x§B§4§0§0§9§9n§x§C§2§0§0§7§7e§x§D§0§0§0§5§5 §x§D§E§0§0§3§3O§x§E§C§0§0§1§1ni§x§D§E§0§0§3§3 §x§D§0§0§0§5§5S§x§C§2§0§0§7§7h§x§B§4§0§0§9§9i§x§A§6§0§0§B§Be§x§9§8§0§0§D§Dl§x§8§A§0§0§F§Fd in auction for 2000000.
[13:53:00] > celinesanrio added x1 Elytra in auction for 1750000.
[13:54:01] > celinesanrio added x1 Elytra in auction for 1750000.
[13:57:32] > giyahnpogi buy x3 §eɪʀᴏɴ ɢᴏʟᴇᴍ sᴘᴀᴡɴᴇʀ to kabayooo for $700,000.
[13:57:37] > giyahnpogi remove x3 §eɪʀᴏɴ ɢᴏʟᴇᴍ sᴘᴀᴡɴᴇʀ from buy
[14:03:48] > celinesanrio added x64 Coal block in auction for 16000.
[14:04:38] > celinesanrio added x1 Elytra in auction for 1750000.
[14:04:57] > celinesanrio added x1 Elytra in auction for 1750000.
[14:05:45] > celinesanrio added x1 Elytra in auction for 1750000.
[14:06:52] > Keenorana added x1 §x§F§F§5§5§0§0§lsᴇʟʟᴡᴀɴᴅ §6- 10.0x in auction for 1000000.
[14:06:52] > HwanYo buy x1 §x§3§4§9§8§D§Bᴢᴏᴍʙɪᴇ ꜱᴘᴀᴡɴᴇʀ to RizzaIck for $200,000.
[14:06:58] > HwanYo remove x1 §x§3§4§9§8§D§Bᴢᴏᴍʙɪᴇ ꜱᴘᴀᴡɴᴇʀ from buy
[14:07:34] > Keenorana added x1 §x§F§F§5§5§0§0§lsᴇʟʟᴡᴀɴᴅ §6- 5.0x in auction for 500000.
[14:07:38] > Jioou remove x1 §x§F§F§5§5§0§0§lsᴇʟʟᴡᴀɴᴅ §6- 10.0x from storage
[14:14:17] > EnderDragon0120 remove x1 §x§F§F§5§5§0§0§lsᴇʟʟᴡᴀɴᴅ §6- 5.0x form storage
[14:17:32] > celinesanrio added x1 Elytra in auction for 1750000.
[14:17:49] > celinesanrio remove x64 Coal block from storage
[14:18:00] > celinesanrio added x4 Netherite ingot in auction for 80000.
[14:18:17] > celinesanrio added x1 Coal block in auction for 40.
[14:22:03] > celinesanrio remove x1 Coal block from storage
[14:22:36] > celinesanrio added x26 Enchanted golden apple in auction for 1950000.
[14:25:09] > HwanYo added x1 §x§5§9§A§1§D§9§lA§x§7§1§A§E§D§Er§x§8§8§B§C§E§4c§x§A§0§C§9§E§9h§x§B§8§D§7§E§Fa§x§D§0§E§4§F§4n§x§E§7§F§2§F§Ag§fe§x§E§7§F§2§F§Al §x§B§8§D§7§E§FB§x§A§0§C§9§E§9o§x§8§8§B§C§E§4o§x§7§1§A§E§D§Et§x§5§9§A§1§D§9s in auction for 350000.
[14:45:35] > HwanYo buy x1 §x§F§F§5§5§0§0§lsᴇʟʟᴡᴀɴᴅ §6- 10.0x to Keenorana for $1,000,000.
[14:47:50] > InternetCafeUser remove x64 Experience bottle from buy
[14:47:50] > InternetCafeUser remove x64 Experience bottle from buy
[14:47:50] > InternetCafeUser remove x64 Experience bottle from buy
[14:47:51] > InternetCafeUser remove x64 Experience bottle from buy
[14:47:51] > InternetCafeUser remove x64 Experience bottle from buy
[14:47:52] > InternetCafeUser remove x1 §eᴡɪᴛᴄʜ ꜱᴘᴀᴡɴᴇʀ from buy
[14:48:15] > InternetCafeUser added x1 §eᴡɪᴛᴄʜ ꜱᴘᴀᴡɴᴇʀ in auction for 850000.
[14:48:15] > frenchhee buy x1 Ender chest to Julene for $50,000.
[14:48:32] > HwanYo buy x1 §eᴡɪᴛᴄʜ ꜱᴘᴀᴡɴᴇʀ to InternetCafeUser for $850,000.
[14:49:36] > HwanYo remove x1 §eᴡɪᴛᴄʜ ꜱᴘᴀᴡɴᴇʀ from buy
[14:49:36] > frenchhee added x2 §x§3§4§9§8§D§Bᴡɪᴛᴄʜ ꜱᴘᴀᴡɴᴇʀ in auction for 850000.
[14:49:52] > frenchhee remove x2 §x§3§4§9§8§D§Bᴄʀᴇᴇᴘᴇʀ ꜱᴘᴀᴡɴᴇʀ from storage
[14:50:12] > HwanYo buy x2 §x§3§4§9§8§D§Bᴡɪᴛᴄʜ ꜱᴘᴀᴡɴᴇʀ to frenchhee for $850,000.
[14:50:25] > HwanYo remove x2 §x§3§4§9§8§D§Bᴡɪᴛᴄʜ ꜱᴘᴀᴡɴᴇʀ from buy
[14:51:09] > ry9191 added x1 §f§l§x§8§A§0§0§F§FS§x§9§6§0§0§E§3h§x§A§1§0§0§C§6i§x§A§D§0§0§A§An§x§B§9§0§0§8§Ee§x§C§4§0§0§7§1 §x§D§0§0§0§5§5O§x§D§C§0§0§3§9n§x§E§7§0§0§1§Ci§x§F§3§0§0§0§0 §x§E§7§0§0§1§CB§x§D§C§0§0§3§9i§x§D§0§0§0§5§5g§x§C§4§0§0§7§1 §x§B§9§0§0§8§ES§x§A§D§0§0§A§Aw§x§A§1§0§0§C§6o§x§9§6§0§0§E§3r§x§8§A§0§0§F§Fd in auction for 1000000.
[14:54:42] > aznaaa buy x1 §f§l§x§8§A§0§0§F§FS§x§9§6§0§0§E§3h§x§A§1§0§0§C§6i§x§A§D§0§0§A§An§x§B§9§0§0§8§Ee§x§C§4§0§0§7§1 §x§D§0§0§0§5§5O§x§D§C§0§0§3§9n§x§E§7§0§0§1§Ci§x§F§3§0§0§0§0 §x§E§7§0§0§1§CB§x§D§C§0§0§3§9i§x§D§0§0§0§5§5g§x§C§4§0§0§7§1 §x§B§9§0§0§8§ES§x§A§D§0§0§A§Aw§x§A§1§0§0§C§6o§x§9§6§0§0§E§3r§x§8§A§0§0§F§Fd to ry9191 for $1,000,000.
[14:55:09] > aznaaa remove x1 §f§l§x§8§A§0§0§F§FS§x§9§6§0§0§E§3h§x§A§1§0§0§C§6i§x§A§D§0§0§A§An§x§B§9§0§0§8§Ee§x§C§4§0§0§7§1 §x§D§0§0§0§5§5O§x§D§C§0§0§3§9n§x§E§7§0§0§1§Ci§x§F§3§0§0§0§0 §x§E§7§0§0§1§CB§x§D§C§0§0§3§9i§x§D§0§0§0§5§5g§x§C§4§0§0§7§1 §x§B§9§0§0§8§ES§x§A§D§0§0§A§Aw§x§A§1§0§0§C§6o§x§9§6§0§0§E§3r§x§8§A§0§0§F§Fd from buy
[14:55:27] > kabayooo added x1 §x§F§F§5§5§0§0§lsᴇʟʟᴡᴀɴᴅ §6- 5.0x in auction for 600000.
[14:57:25] > CoinDegree52415 added x1 §x§F§F§5§5§0§0§lsᴇʟʟᴡᴀɴᴅ §6- 5.0x in auction for 700000.
[14:57:26] > GoldEngine11 added x1 §x§F§F§5§5§0§0§lsᴇʟʟᴡᴀɴᴅ §6- 5.0x in auction for 500000.
[14:57:43] > CoinDegree52415 added x1 Shulker shell in auction for 200.
[14:57:44] > GoldEngine11 remove x1 §x§F§F§5§5§0§0§lsᴇʟʟᴡᴀɴᴅ §6- 5.0x from storage
[14:57:45] > GoldEngine11 remove x1 §x§F§F§5§5§0§0§lsᴇʟʟᴡᴀɴᴅ §6- 5.0x from storage
[14:57:55] > GoldEngine11 added x1 §x§F§F§5§5§0§0§lsᴇʟʟᴡᴀɴᴅ §6- 5.0x in auction for 500000.
[14:58:08] > GoldEngine11 added x1 §x§F§F§5§5§0§0§lsᴇʟʟᴡᴀɴᴅ §6- 5.0x in auction for 500000.
[14:59:31] > HwanYo buy x1 §x§F§F§5§5§0§0§lsᴇʟʟᴡᴀɴᴅ §6- 5.0x to GoldEngine11 for $500,000.
[14:59:32] > HwanYo buy x1 §x§F§F§5§5§0§0§lsᴇʟʟᴡᴀɴᴅ §6- 5.0x to GoldEngine11 for $500,000.
[15:02:34] > HwanYo remove x1 §x§F§F§5§5§0§0§lsᴇʟʟᴡᴀɴᴅ §6- 5.0x from buy
[15:02:35] > HwanYo remove x1 §x§F§F§5§5§0§0§lsᴇʟʟᴡᴀɴᴅ §6- 5.0x from buy
[15:02:35] > HwanYo remove x1 §x§F§F§5§5§0§0§lsᴇʟʟᴡᴀɴᴅ §6- 10.0x from buy
[15:05:07] > aznaaa added x1 §x§F§F§7§C§0§0§lSteamsparks Bow in auction for 250000.
[15:07:04] > GoldEngine11 added x1 §f§l§x§F§A§0§0§0§AD§x§F§A§1§C§1§5a§x§F§B§3§7§2§0r§x§F§B§5§3§2§Bk§x§F§B§6§F§3§6f§x§F§B§8§B§4§1l§x§F§C§A§6§4§Ca§x§F§C§C§2§5§7me§x§F§C§A§6§4§C §x§F§B§8§B§4§1S§x§F§B§6§F§3§6i§x§F§B§5§3§2§Bc§x§F§B§3§7§2§0k§x§F§A§1§C§1§5l§x§F§A§0§0§0§Ae in auction for 1000000.
[15:07:25] > HwanYo added x32 Wither skeleton skull in auction for 200000.
[15:07:59] > HwanYo remove x64 Emerald block from storage
[15:08:04] > HwanYo added x64 Emerald block in auction for 300000.
[15:08:14] > HwanYo remove x1 §x§5§9§A§1§D§9§lA§x§7§1§A§E§D§Er§x§8§8§B§C§E§4c§x§A§0§C§9§E§9h§x§B§8§D§7§E§Fa§x§D§0§E§4§F§4n§x§E§7§F§2§F§Ag§fe§x§E§7§F§2§F§Al §x§B§8§D§7§E§FB§x§A§0§C§9§E§9o§x§8§8§B§C§E§4o§x§7§1§A§E§D§Et§x§5§9§A§1§D§9s from storage
[15:08:21] > HwanYo added x1 §x§5§9§A§1§D§9§lA§x§7§1§A§E§D§Er§x§8§8§B§C§E§4c§x§A§0§C§9§E§9h§x§B§8§D§7§E§Fa§x§D§0§E§4§F§4n§x§E§7§F§2§F§Ag§fe§x§E§7§F§2§F§Al §x§B§8§D§7§E§FB§x§A§0§C§9§E§9o§x§8§8§B§C§E§4o§x§7§1§A§E§D§Et§x§5§9§A§1§D§9s in auction for 250000.
[15:08:39] > aznaaa added x3 §x§F§F§3§E§0§0§lD§x§F§F§3§7§0§0§le§x§F§F§3§0§0§0§lm§x§F§F§2§9§0§0§lo§x§F§F§2§2§0§0§ln §x§F§F§1§5§0§0§lL§x§F§F§0§E§0§0§lo§x§F§F§0§7§0§0§lr§x§F§F§0§0§0§0§ld §x§F§F§0§E§0§0§lF§x§F§F§1§5§0§0§lr§x§F§F§1§C§0§0§la§x§F§F§2§2§0§0§lg§x§F§F§2§9§0§0§lm§x§F§F§3§0§0§0§le§x§F§F§3§7§0§0§ln§x§F§F§3§E§0§0§lt in auction for 200000.
[15:11:01] > dennnnn buy x1 Elytra to celinesanrio for $1,750,000.
[15:14:43] > GoldEngine11 buy x1 §x§5§9§A§1§D§9§lA§x§6§E§A§D§D§Er§x§8§3§B§9§E§3c§x§9§7§C§4§E§7h§x§A§C§D§0§E§Ca§x§C§1§D§C§F§1n§x§D§6§E§8§F§6g§x§E§A§F§3§F§Ae§fl §x§D§6§E§8§F§6P§x§C§1§D§C§F§1i§x§A§C§D§0§E§Cc§x§9§7§C§4§E§7k§x§8§3§B§9§E§3a§x§6§E§A§D§D§Ex§x§5§9§A§1§D§9e to octopus_01 for $500,000.
[15:15:06] > GoldEngine11 remove x10 §x§F§C§D§0§5§C§lB§x§E§6§D§3§6§B§la§x§C§F§D§5§7§A§ls§x§B§9§D§8§8§9§li§x§A§2§D§A§9§8§lc §x§7§5§D§F§B§6§lC§x§5§F§E§2§C§5§lr§x§7§5§D§F§B§6§la§x§8§C§D§D§A§7§lt§x§A§2§D§A§9§8§le §x§C§F§D§5§7§A§lK§x§E§6§D§3§6§B§le§x§F§C§D§0§5§C§ly from buy
[15:15:07] > GoldEngine11 remove x1 §x§5§9§A§1§D§9§lA§x§6§E§A§D§D§Er§x§8§3§B§9§E§3c§x§9§7§C§4§E§7h§x§A§C§D§0§E§Ca§x§C§1§D§C§F§1n§x§D§6§E§8§F§6g§x§E§A§F§3§F§Ae§fl §x§D§6§E§8§F§6P§x§C§1§D§C§F§1i§x§A§C§D§0§E§Cc§x§9§7§C§4§E§7k§x§8§3§B§9§E§3a§x§6§E§A§D§D§Ex§x§5§9§A§1§D§9e from buy
[15:15:10] > GoldEngine11 remove x1 Ender chest form buy
[15:19:45] > EnderDragon0120 added x1 §eʙʟᴀᴢᴇ sᴘᴀᴡɴᴇʀ in auction for 800000.
[15:20:11] > CoinDegree52415 remove x1 §x§F§F§5§5§0§0§lsᴇʟʟᴡᴀɴᴅ §6- 5.0x form storage
[15:20:43] > CoinDegree52415 added x1 §x§F§F§7§C§0§0§lSteamsparks Helmet in auction for 300000.
[15:23:16] > InternetCafeUser added x2 Zombie Spawner in auction for 600000.
[15:27:02] > InternetCafeUser added x1 §x§3§4§9§8§D§Bᴡɪᴛᴄʜ ꜱᴘᴀᴡɴᴇʀ in auction for 850000.
[15:28:11] > Dentatsu added x1 §x§F§F§5§5§0§0§lsᴇʟʟᴡᴀɴᴅ §6- 5.0x in auction for 650000.
[15:28:22] > Akiesha buy x1 §x§F§F§7§C§0§0§lSteamsparks Blade to Julene for $210,000.
[15:28:23] > Dentatsu added x1 §x§F§F§5§5§0§0§lsᴇʟʟᴡᴀɴᴅ §6- 5.0x in auction for 650000.
[15:28:47] > InternetCafeUser remove x1 §x§3§4§9§8§D§Bᴡɪᴛᴄʜ ꜱᴘᴀᴡɴᴇʀ from storage
[15:28:56] > Akiesha remove x1 §x§F§F§7§C§0§0§lSteamsparks Blade from buy
[15:32:29] > .Allxnzv added x1 §x§F§F§5§5§0§0§lsᴇʟʟᴡᴀɴᴅ §6- 5.0x in auction for 550000.
[15:32:55] > GoldEngine11 buy x1 §f§l§x§8§A§0§0§F§FS§x§9§6§0§0§E§3h§x§A§1§0§0§C§6i§x§A§D§0§0§A§An§x§B§9§0§0§8§Ee§x§C§4§0§0§7§1 §x§D§0§0§0§5§5O§x§D§C§0§0§3§9n§x§E§7§0§0§1§Ci§x§F§3§0§0§0§0 §x§E§7§0§0§1§CB§x§D§C§0§0§3§9i§x§D§0§0§0§5§5g§x§C§4§0§0§7§1 §x§B§9§0§0§8§ES§x§A§D§0§0§A§Aw§x§A§1§0§0§C§6o§x§9§6§0§0§E§3r§x§8§A§0§0§F§Fd to kabayooo for $1,400,000.
[15:33:26] > 8it5inn added x1 §x§F§F§5§5§0§0§lsᴇʟʟᴡᴀɴᴅ §6- 10.0x in auction for 1350000.
[15:33:46] > GoldEngine11 remove x1 §f§l§8B§x§6§2§6§2§6§2a§x§6§F§6§F§6§Fh§x§7§C§7§C§7§Ca§x§8§9§8§9§8§9m§x§9§6§9§6§9§6u§x§A§3§A§3§A§3t §x§9§6§9§6§9§6H§x§8§9§8§9§8§9e§x§7§C§7§C§7§Cl§x§6§F§6§F§6§Fm§x§6§2§6§2§6§2e§8t form storage
[15:33:46] > GoldEngine11 remove x1 §f§l§x§F§A§0§0§0§AD§x§F§A§1§C§1§5a§x§F§B§3§7§2§0r§x§F§B§5§3§2§Bk§x§F§B§6§F§3§6f§x§F§B§8§B§4§1l§x§F§C§A§6§4§Ca§x§F§C§C§2§5§7me§x§F§C§A§6§4§C §x§F§B§8§B§4§1S§x§F§B§6§F§3§6i§x§F§B§5§3§2§Bc§x§F§B§3§7§2§0k§x§F§A§1§C§1§5l§x§F§A§0§0§0§Ae form storage
[15:33:46] > GoldEngine11 remove x1 §f§l§x§F§A§0§0§0§AD§x§F§A§1§C§1§5a§x§F§B§3§7§2§0r§x§F§B§5§3§2§Bk§x§F§B§6§F§3§6f§x§F§B§8§B§4§1l§x§F§C§A§6§4§Ca§x§F§C§C§2§5§7me§x§F§C§A§6§4§C §x§F§B§8§B§4§1S§x§F§B§6§F§3§6h§x§F§B§5§3§2§Bi§x§F§B§3§7§2§0e§x§F§A§1§C§1§5l§x§F§A§0§0§0§Ad form storage
[15:34:17] > GoldEngine11 added x1 §f§l§x§F§A§0§0§0§AD§x§F§A§1§C§1§5a§x§F§B§3§7§2§0r§x§F§B§5§3§2§Bk§x§F§B§6§F§3§6f§x§F§B§8§B§4§1l§x§F§C§A§6§4§Ca§x§F§C§C§2§5§7me§x§F§C§A§6§4§C §x§F§B§8§B§4§1S§x§F§B§6§F§3§6i§x§F§B§5§3§2§Bc§x§F§B§3§7§2§0k§x§F§A§1§C§1§5l§x§F§A§0§0§0§Ae in auction for 1000000.
[15:34:37] > GoldEngine11 added x1 §f§l§x§F§A§0§0§0§AD§x§F§A§1§C§1§5a§x§F§B§3§7§2§0r§x§F§B§5§3§2§Bk§x§F§B§6§F§3§6f§x§F§B§8§B§4§1l§x§F§C§A§6§4§Ca§x§F§C§C§2§5§7me§x§F§C§A§6§4§C §x§F§B§8§B§4§1S§x§F§B§6§F§3§6h§x§F§B§5§3§2§Bi§x§F§B§3§7§2§0e§x§F§A§1§C§1§5l§x§F§A§0§0§0§Ad in auction for 250000.
[15:37:57] > GoldEngine11 added x1 §f§l§8B§x§6§2§6§2§6§2a§x§6§F§6§F§6§Fh§x§7§C§7§C§7§Ca§x§8§9§8§9§8§9m§x§9§6§9§6§9§6u§x§A§3§A§3§A§3t §x§9§6§9§6§9§6D§x§8§9§8§9§8§9a§x§7§C§7§C§7§Cg§x§6§F§6§F§6§Fg§x§6§2§6§2§6§2e§8r in auction for 500000.
[15:38:52] > GoldEngine11 added x1 §x§F§F§3§E§0§0§lDemon Lord Bow in auction for 200000.
[15:42:08] > kabayooo added x1 Enchanted book in auction for 10000.
[15:42:27] > GoldEngine11 added x1 §x§E§5§1§B§1§B§lDracula Sword in auction for 90000.
[15:45:36] > GoldEngine11 remove x1 §f§l§x§8§A§0§0§F§FS§x§9§6§0§0§E§3h§x§A§1§0§0§C§6i§x§A§D§0§0§A§An§x§B§9§0§0§8§Ee§x§C§4§0§0§7§1 §x§D§0§0§0§5§5O§x§D§C§0§0§3§9n§x§E§7§0§0§1§Ci§x§F§3§0§0§0§0 §x§E§7§0§0§1§CB§x§D§C§0§0§3§9i§x§D§0§0§0§5§5g§x§C§4§0§0§7§1 §x§B§9§0§0§8§ES§x§A§D§0§0§A§Aw§x§A§1§0§0§C§6o§x§9§6§0§0§E§3r§x§8§A§0§0§F§Fd form buy
[15:47:50] > 8it5inn added x1 §x§F§F§7§C§0§0§lSteamsparks Boots in auction for 450000.
[15:49:34] > 8it5inn remove x1 §x§F§F§7§C§0§0§lSteamsparks Boots from storage
[15:49:59] > 8it5inn remove x1 §x§F§F§5§5§0§0§lsᴇʟʟᴡᴀɴᴅ §6- 10.0x form storage
[15:50:18] > Unforce01 remove x1 §eʙʟᴀᴢᴇ sᴘᴀᴡɴᴇʀ from storage
[15:50:48] > 8it5inn added x1 §x§E§5§1§B§1§B§lDracula Boots in auction for 350000.
[15:51:10] > 8it5inn added x1 §x§F§F§5§5§0§0§lsᴇʟʟᴡᴀɴᴅ §6- 10.0x in auction for 1325000.
[15:51:17] > Zen0969 added x1 §fTurtle Plushie §6(#88/101) in auction for 10000.
[15:51:29] > Zen0969 added x1 §fGlow Squid Plushie §6(#41/101) in auction for 10000.
[15:51:29] > 8it5inn added x1 §f§l§8B§x§6§2§6§2§6§2a§x§6§F§6§F§6§Fh§x§7§C§7§C§7§Ca§x§8§9§8§9§8§9m§x§9§6§9§6§9§6u§x§A§3§A§3§A§3t §x§9§6§9§6§9§6H§x§8§9§8§9§8§9a§x§7§C§7§C§7§Ct§x§6§F§6§F§6§F §x§6§2§6§2§6§2V§82 in auction for 800000.
[15:51:50] > 8it5inn added x1 §f§l§8B§x§6§3§6§3§6§3a§x§7§1§7§1§7§1h§x§8§0§8§0§8§0a§x§8§E§8§E§8§Em§x§9§C§9§C§9§Cu§7t§x§9§C§9§C§9§C §x§8§E§8§E§8§EB§x§8§0§8§0§8§0o§x§7§1§7§1§7§1o§x§6§3§6§3§6§3t§8s in auction for 500000.
[15:52:19] > Dentatsu buy x64 Experience bottle to SydneySweetie for $50,000.
[15:52:24] > Dentatsu remove x64 Experience bottle from buy
[15:53:05] > GoldEngine11 remove x1 §x§E§5§1§B§1§B§lDracula Sword from storage
[15:53:06] > GoldEngine11 remove x1 §x§F§F§3§E§0§0§lDemon Lord Bow from storage
[15:53:16] > GoldEngine11 added x1 §f§l§x§F§C§D§0§5§CW§x§F§B§A§D§4§Du§x§F§9§8§B§3§Dk§x§F§8§6§8§2§Eo§x§F§6§4§5§1§Fn§x§F§5§2§3§0§Fg§x§F§3§0§0§0§0 §x§F§5§2§3§0§FH§x§F§6§4§5§1§Fa§x§F§8§6§8§2§Em§x§F§9§8§B§3§Dm§x§F§B§A§D§4§De§x§F§C§D§0§5§Cr in auction for 600000.
[15:54:25] > Dentatsu buy x1 Enchanted book to kabayooo for $10,000.
[15:54:33] > Dentatsu remove x1 Enchanted book from buy
[15:54:58] > .Allxnzv buy x4 Netherite ingot to celinesanrio for $80,000.
[15:55:29] > GoldEngine11 added x1 §f§l§8B§x§6§2§6§2§6§2a§x§6§F§6§F§6§Fh§x§7§C§7§C§7§Ca§x§8§9§8§9§8§9m§x§9§6§9§6§9§6u§x§A§3§A§3§A§3t §x§9§6§9§6§9§6H§x§8§9§8§9§8§9e§x§7§C§7§C§7§Cl§x§6§F§6§F§6§Fm§x§6§2§6§2§6§2e§8t in auction for 600000.
[15:56:03] > .Allxnzv remove x4 Netherite ingot from buy
[15:57:49] > cart224 remove x1 §f§l§8B§x§6§3§6§3§6§3a§x§7§1§7§1§7§1h§x§8§0§8§0§8§0a§x§8§E§8§E§8§Em§x§9§C§9§C§9§Cu§7t§x§9§C§9§C§9§C §x§8§E§8§E§8§ES§x§8§0§8§0§8§0t§x§7§1§7§1§7§1a§x§6§3§6§3§6§3f§8f from storage
[15:57:50] > cart224 remove x1 Nether star from storage
[15:57:50] > cart224 remove x1 Nether star from storage
[15:57:51] > cart224 remove x1 Nether star from storage
[16:00:54] > Malachkite added x1 §x§F§F§5§5§0§0§lsᴇʟʟᴡᴀɴᴅ §6- 20.0x in auction for 900000.
[16:02:22] > Malachkite remove x1 §x§F§F§5§5§0§0§lsᴇʟʟᴡᴀɴᴅ §6- 20.0x from storage
[16:02:34] > Malachkite remove x1 §x§F§F§5§5§0§0§lsᴇʟʟᴡᴀɴᴅ §6- 20.0x from expire
[16:02:37] > Malachkite remove x1 §f§l§8B§x§6§2§6§2§6§2a§x§6§F§6§F§6§Fh§x§7§C§7§C§7§Ca§x§8§9§8§9§8§9m§x§9§6§9§6§9§6u§x§A§3§A§3§A§3t §x§9§6§9§6§9§6S§x§8§9§8§9§8§9h§x§7§C§7§C§7§Ci§x§6§F§6§F§6§Fe§x§6§2§6§2§6§2l§8d from expire
[16:03:45] > HwanYo buy x1 §x§F§F§5§5§0§0§lsᴇʟʟᴡᴀɴᴅ §6- 5.0x to Keenorana for $500,000.
[16:04:26] > HwanYo buy x1 §x§F§F§5§5§0§0§lsᴇʟʟᴡᴀɴᴅ §6- 10.0x to 8it5inn for $1,325,000.
[16:05:47] > Dentatsu buy x1 §fTurtle Plushie §6(#88/101) to Zen0969 for $10,000.
[16:05:49] > Dentatsu buy x1 §fGlow Squid Plushie §6(#41/101) to Zen0969 for $10,000.
[16:06:45] > Dentatsu remove x1 §fGlow Squid Plushie §6(#41/101) from buy
[16:06:46] > Dentatsu remove x1 §fTurtle Plushie §6(#88/101) from buy
[16:11:48] > GoldEngine11 remove x1 §f§l§x§F§A§0§0§0§AD§x§F§A§1§C§1§5a§x§F§B§3§7§2§0r§x§F§B§5§3§2§Bk§x§F§B§6§F§3§6f§x§F§B§8§B§4§1l§x§F§C§A§6§4§Ca§x§F§C§C§2§5§7me§x§F§C§A§6§4§C §x§F§B§8§B§4§1S§x§F§B§6§F§3§6i§x§F§B§5§3§2§Bc§x§F§B§3§7§2§0k§x§F§A§1§C§1§5l§x§F§A§0§0§0§Ae from storage
[16:12:05] > GoldEngine11 remove x1 §f§l§x§F§A§0§0§0§AD§x§F§A§1§C§1§5a§x§F§B§3§7§2§0r§x§F§B§5§3§2§Bk§x§F§B§6§F§3§6f§x§F§B§8§B§4§1l§x§F§C§A§6§4§Ca§x§F§C§C§2§5§7me§x§F§C§A§6§4§C §x§F§B§8§B§4§1S§x§F§B§6§F§3§6h§x§F§B§5§3§2§Bi§x§F§B§3§7§2§0e§x§F§A§1§C§1§5l§x§F§A§0§0§0§Ad from storage
[16:12:23] > GoldEngine11 added x1 §f§l§x§F§A§0§0§0§AD§x§F§A§1§C§1§5a§x§F§B§3§7§2§0r§x§F§B§5§3§2§Bk§x§F§B§6§F§3§6f§x§F§B§8§B§4§1l§x§F§C§A§6§4§Ca§x§F§C§C§2§5§7me§x§F§C§A§6§4§C §x§F§B§8§B§4§1S§x§F§B§6§F§3§6h§x§F§B§5§3§2§Bi§x§F§B§3§7§2§0e§x§F§A§1§C§1§5l§x§F§A§0§0§0§Ad in auction for 250000.
[16:12:36] > 8it5inn buy x1 §f§l§x§F§A§0§0§0§AD§x§F§A§1§C§1§5a§x§F§B§3§7§2§0r§x§F§B§5§3§2§Bk§x§F§B§6§F§3§6f§x§F§B§8§B§4§1l§x§F§C§A§6§4§Ca§x§F§C§C§2§5§7me§x§F§C§A§6§4§C §x§F§B§8§B§4§1S§x§F§B§6§F§3§6h§x§F§B§5§3§2§Bi§x§F§B§3§7§2§0e§x§F§A§1§C§1§5l§x§F§A§0§0§0§Ad to GoldEngine11 for $250,000.
[16:13:40] > HwanYo remove x1 §x§F§F§5§5§0§0§lsᴇʟʟᴡᴀɴᴅ §6- 10.0x from buy
[16:13:41] > HwanYo remove x1 §x§F§F§5§5§0§0§lsᴇʟʟᴡᴀɴᴅ §6- 5.0x from buy
[16:14:39] > 8it5inn added x1 §f§l§x§8§A§0§0§F§FS§x§9§8§0§0§D§Dh§x§A§6§0§0§B§Bi§x§B§4§0§0§9§9n§x§C§2§0§0§7§7e§x§D§0§0§0§5§5 §x§D§E§0§0§3§3O§x§E§C§0§0§1§1ni§x§D§E§0§0§3§3 §x§D§0§0§0§5§5H§x§C§2§0§0§7§7e§x§B§4§0§0§9§9l§x§A§6§0§0§B§Bm§x§9§8§0§0§D§De§x§8§A§0§0§F§Ft in auction for 3250000.
[16:15:11] > giyahnpogi buy x1 §f§l§x§8§A§0§0§F§FS§x§9§8§0§0§D§Dh§x§A§6§0§0§B§Bi§x§B§4§0§0§9§9n§x§C§2§0§0§7§7e§x§D§0§0§0§5§5 §x§D§E§0§0§3§3O§x§E§C§0§0§1§1ni§x§D§E§0§0§3§3 §x§D§0§0§0§5§5H§x§C§2§0§0§7§7e§x§B§4§0§0§9§9l§x§A§6§0§0§B§Bm§x§9§8§0§0§D§De§x§8§A§0§0§F§Ft to 8it5inn for $3,250,000.
[16:16:06] > 8it5inn remove x1 §f§l§x§F§A§0§0§0§AD§x§F§A§1§C§1§5a§x§F§B§3§7§2§0r§x§F§B§5§3§2§Bk§x§F§B§6§F§3§6f§x§F§B§8§B§4§1l§x§F§C§A§6§4§Ca§x§F§C§C§2§5§7me§x§F§C§A§6§4§C §x§F§B§8§B§4§1S§x§F§B§6§F§3§6h§x§F§B§5§3§2§Bi§x§F§B§3§7§2§0e§x§F§A§1§C§1§5l§x§F§A§0§0§0§Ad from buy
[16:16:17] > giyahnpogi remove x1 §f§l§x§8§A§0§0§F§FS§x§9§8§0§0§D§Dh§x§A§6§0§0§B§Bi§x§B§4§0§0§9§9n§x§C§2§0§0§7§7e§x§D§0§0§0§5§5 §x§D§E§0§0§3§3O§x§E§C§0§0§1§1ni§x§D§E§0§0§3§3 §x§D§0§0§0§5§5H§x§C§2§0§0§7§7e§x§B§4§0§0§9§9l§x§A§6§0§0§B§Bm§x§9§8§0§0§D§De§x§8§A§0§0§F§Ft from buy
[16:27:42] > Keenorana added x1 §x§F§F§5§5§0§0§lsᴇʟʟᴡᴀɴᴅ §6- 10.0x in auction for 1000000.
[16:27:53] > Keenorana added x1 §x§F§F§5§5§0§0§lsᴇʟʟᴡᴀɴᴅ §6- 5.0x in auction for 400000.
[16:29:10] > GoldEngine11 added x1 §x§F§F§5§5§0§0§lsᴇʟʟᴡᴀɴᴅ §6- 5.0x in auction for 700000.
[16:29:18] > 8it5inn added x1 §x§F§F§5§5§0§0§lsᴇʟʟᴡᴀɴᴅ §6- 5.0x in auction for 650000.
[16:29:22] > claypotter added x1 §x§F§F§5§5§0§0§lsᴇʟʟᴡᴀɴᴅ §6- 10.0x in auction for 1200000.
[16:34:30] > Hunter_Sung added x1 §f§l§8B§x§6§0§6§0§6§0a§x§6§C§6§C§6§Ch§x§7§7§7§7§7§7a§x§8§2§8§2§8§2m§x§8§E§8§E§8§Eu§x§9§9§9§9§9§9t§x§A§4§A§4§A§4 G§x§9§9§9§9§9§9a§x§8§E§8§E§8§Eu§x§8§2§8§2§8§2n§x§7§7§7§7§7§7t§x§6§C§6§C§6§Cl§x§6§0§6§0§6§0e§8t in auction for 750000.
[16:35:12] > GoldEngine11 added x1 §x§E§5§1§B§1§B§lDracula Sword in auction for 100000.
[16:35:26] > 8it5inn added x1 §x§F§F§7§C§0§0§lSteamsparks Pickaxe in auction for 500000.
[16:37:49] > _BAAM buy x8 §x§5§C§C§F§F§C§lC§x§5§C§D§1§F§5§lo§x§5§D§D§4§E§E§ls§x§5§D§D§6§E§7§lm§x§5§E§D§9§E§1§le§x§5§E§D§B§D§A§lt§x§5§E§D§D§D§3§li§x§5§F§E§0§C§C§lc §x§5§F§E§0§C§C§lH§x§5§E§D§D§D§3§la§x§5§E§D§B§D§A§lt§x§5§E§D§9§E§1§ls §x§5§D§D§4§E§E§lK§x§5§C§D§1§F§5§le§x§5§C§C§F§F§C§ly to Zypher_0w0 for $300,000.
[16:37:52] > 8it5inn remove x1 §x§F§F§7§C§0§0§lSteamsparks Boots from expire
[16:45:27] > Kodakoda added x5 Nether star in auction for 500000.
[16:47:39] > lorxie added x1 §x§F§F§5§5§0§0§lsᴇʟʟᴡᴀɴᴅ §6- 10.0x in auction for 50000.
[16:49:48] > x1 §x§F§F§7§C§0§0§lSteamsparks Staff on sale by ELITEAtlas has just expired, it goes in the inventory of expired items.
[16:50:06] > .Quackity26957 buy x1 §x§F§F§5§5§0§0§lsᴇʟʟᴡᴀɴᴅ §6- 10.0x to lorxie for $50,000.
[16:50:19] > .Quackity26957 remove x1 §x§F§F§5§5§0§0§lsᴇʟʟᴡᴀɴᴅ §6- 10.0x form buy
[16:51:15] > HwanYo buy x1 §x§F§F§5§5§0§0§lsᴇʟʟᴡᴀɴᴅ §6- 10.0x to Keenorana for $1,000,000.
[16:51:25] > HwanYo buy x1 §x§F§F§5§5§0§0§lsᴇʟʟᴡᴀɴᴅ §6- 10.0x to claypotter for $1,200,000.
[16:55:52] > _BAAM remove x8 §x§5§C§C§F§F§C§lC§x§5§C§D§1§F§5§lo§x§5§D§D§4§E§E§ls§x§5§D§D§6§E§7§lm§x§5§E§D§9§E§1§le§x§5§E§D§B§D§A§lt§x§5§E§D§D§D§3§li§x§5§F§E§0§C§C§lc §x§5§F§E§0§C§C§lH§x§5§E§D§D§D§3§la§x§5§E§D§B§D§A§lt§x§5§E§D§9§E§1§ls §x§5§D§D§4§E§E§lK§x§5§C§D§1§F§5§le§x§5§C§C§F§F§C§ly from buy
[17:12:47] > kysicx buy x64 Spruce log to .Ultron56567 for $2,000.
[17:13:01] > kysicx buy x32 Wither skeleton skull to HwanYo for $200,000.
[17:13:26] > Zen0969 buy x1 §f§l§8B§x§6§2§6§2§6§2a§x§6§F§6§F§6§Fh§x§7§C§7§C§7§Ca§x§8§9§8§9§8§9m§x§9§6§9§6§9§6u§x§A§3§A§3§A§3t §x§9§6§9§6§9§6H§x§8§9§8§9§8§9e§x§7§C§7§C§7§Cl§x§6§F§6§F§6§Fm§x§6§2§6§2§6§2e§8t to GoldEngine11 for $600,000.
[17:13:31] > x1 §x§F§C§9§0§5§C§lE§x§E§6§9§C§6§B§lp§x§C§F§A§7§7§A§li§x§B§9§B§3§8§9§lc §x§8§C§C§B§A§7§lC§x§7§5§D§6§B§6§lr§x§5§F§E§2§C§5§la§x§7§9§D§4§B§4§lt§x§9§3§C§7§A§2§le §x§C§8§A§B§7§F§lK§x§E§2§9§E§6§E§le§x§F§C§9§0§5§C§ly, bought by celinesanrio, has just expired, the item is definitively deleted.
[17:13:32] > Zen0969 remove x1 §f§l§8B§x§6§2§6§2§6§2a§x§6§F§6§F§6§Fh§x§7§C§7§C§7§Ca§x§8§9§8§9§8§9m§x§9§6§9§6§9§6u§x§A§3§A§3§A§3t §x§9§6§9§6§9§6H§x§8§9§8§9§8§9e§x§7§C§7§C§7§Cl§x§6§F§6§F§6§Fm§x§6§2§6§2§6§2e§8t from buy
[17:13:42] > P4LDOK added x1 §x§3§4§9§8§D§Bꜱʜᴇᴇᴘ ꜱᴘᴀᴡɴᴇʀ in auction for 50000.
[17:13:59] > P4LDOK added x1 §x§3§4§9§8§D§Bᴘɪɢ ꜱᴘᴀᴡɴᴇʀ in auction for 50000.
[17:14:28] > HPMR_GaMerz buy x1 §x§3§4§9§8§D§Bꜱʜᴇᴇᴘ ꜱᴘᴀᴡɴᴇʀ to P4LDOK for $50,000.
[17:14:30] > HPMR_GaMerz buy x1 §x§3§4§9§8§D§Bᴘɪɢ ꜱᴘᴀᴡɴᴇʀ to P4LDOK for $50,000.
[17:14:45] > HPMR_GaMerz buy x64 Emerald block to HwanYo for $300,000.
[17:14:48] > HPMR_GaMerz buy x1 Shulker shell to CoinDegree52415 for $200.
[17:15:08] > kysicx remove x1 §x§F§F§5§5§0§0§lsᴇʟʟᴡᴀɴᴅ §6- 5.0x from storage
[17:15:29] > kysicx added x1 §x§F§F§5§5§0§0§lsᴇʟʟᴡᴀɴᴅ §6- 5.0x in auction for 600000.
[17:15:36] > HPMR_GaMerz remove x64 Emerald block from buy
[17:16:09] > kysicx remove x32 Wither skeleton skull from buy
[17:16:10] > kysicx remove x64 Spruce log from buy
[17:17:04] > HwanYo added x64 Emerald block in auction for 300000.
[17:17:58] > P4LDOK remove x1 §f§l§x§8§A§0§0§F§FS§x§9§8§0§0§D§Dh§x§A§6§0§0§B§Bi§x§B§4§0§0§9§9n§x§C§2§0§0§7§7e§x§D§0§0§0§5§5 §x§D§E§0§0§3§3O§x§E§C§0§0§1§1ni§x§D§E§0§0§3§3 §x§D§0§0§0§5§5S§x§C§2§0§0§7§7h§x§B§4§0§0§9§9i§x§A§6§0§0§B§Be§x§9§8§0§0§D§Dl§x§8§A§0§0§F§Fd from storage
[17:18:24] > P4LDOK added x1 §f§l§x§8§A§0§0§F§FS§x§9§8§0§0§D§Dh§x§A§6§0§0§B§Bi§x§B§4§0§0§9§9n§x§C§2§0§0§7§7e§x§D§0§0§0§5§5 §x§D§E§0§0§3§3O§x§E§C§0§0§1§1ni§x§D§E§0§0§3§3 §x§D§0§0§0§5§5S§x§C§2§0§0§7§7h§x§B§4§0§0§9§9i§x§A§6§0§0§B§Be§x§9§8§0§0§D§Dl§x§8§A§0§0§F§Fd in auction for 1100000.
[17:20:28] > HwanYo added x64 Emerald block in auction for 300000.
[17:21:54] > aznaaa added x1 §f§l§x§F§A§0§0§0§AD§x§F§A§1§E§1§6a§x§F§B§3§B§2§1r§x§F§B§5§9§2§Dk§x§F§B§7§7§3§9f§x§F§B§9§5§4§5l§x§F§C§B§2§5§0a§x§F§C§D§0§5§Cm§x§F§C§B§2§5§0e§x§F§B§9§5§4§5 §x§F§B§7§7§3§9S§x§F§B§5§9§2§Dp§x§F§B§3§B§2§1e§x§F§A§1§E§1§6a§x§F§A§0§0§0§Ar in auction for 1000000.
[17:22:50] > GoldEngine11 buy x1 §f§l§8B§x§6§6§6§6§6§6a§x§7§7§7§7§7§7h§x§8§8§8§8§8§8a§x§9§9§9§9§9§9m§7u§x§9§9§9§9§9§9t§x§8§8§8§8§8§8 §x§7§7§7§7§7§7A§x§6§6§6§6§6§6x§8e to imnectarfr for $1,000,000.
[17:22:58] > GoldEngine11 remove x1 §f§l§8B§x§6§6§6§6§6§6a§x§7§7§7§7§7§7h§x§8§8§8§8§8§8a§x§9§9§9§9§9§9m§7u§x§9§9§9§9§9§9t§x§8§8§8§8§8§8 §x§7§7§7§7§7§7A§x§6§6§6§6§6§6x§8e from buy
[17:24:23] > Gaisano added x1 Diamond boots in auction for 500000.
[17:24:44] > Gaisano added x1 Diamond helmet in auction for 500000.
[17:25:00] > Gaisano added x1 Diamond chestplate in auction for 500000.
[17:25:13] > Gaisano added x1 Diamond leggings in auction for 500000.
[17:54:24] > SussySuzy buy x2 §esʜᴇᴇᴘ sᴘᴀᴡɴᴇʀ to PrinceBGC for $500,000.
[18:00:12] > UnavailableTest buy x1 §x§F§F§5§5§0§0§lsᴇʟʟᴡᴀɴᴅ §6- 5.0x to Keenorana for $400,000.
[18:00:17] > UnavailableTest remove x1 §x§F§F§5§5§0§0§lsᴇʟʟᴡᴀɴᴅ §6- 5.0x form buy
[18:05:08] > SussySuzy remove x2 §esʜᴇᴇᴘ sᴘᴀᴡɴᴇʀ from buy
[18:25:29] > nebula12321 remove x1 §esᴋᴇʟᴇᴛᴏɴ sᴘᴀᴡɴᴇʀ from storage
[18:29:51] > cart224 added x1 §f§l§x§F§C§D§0§5§CW§x§F§B§A§D§4§Du§x§F§9§8§B§3§Dk§x§F§8§6§8§2§Eo§x§F§6§4§5§1§Fn§x§F§5§2§3§0§Fg§x§F§3§0§0§0§0 §x§F§5§2§3§0§FD§x§F§6§4§5§1§Fa§x§F§8§6§8§2§Eg§x§F§9§8§B§3§Dg§x§F§B§A§D§4§De§x§F§C§D§0§5§Cr in auction for 400000.
[18:30:25] > nebula12321 added x1 §esᴋᴇʟᴇᴛᴏɴ sᴘᴀᴡɴᴇʀ in auction for 950000.
[18:31:24] > cart224 added x1 §f§l§8B§x§6§1§6§1§6§1a§x§6§D§6§D§6§Dh§x§7§9§7§9§7§9a§x§8§6§8§6§8§6m§x§9§2§9§2§9§2u§x§9§E§9§E§9§Et§7 §x§9§E§9§E§9§EH§x§9§2§9§2§9§2a§x§8§6§8§6§8§6l§x§7§9§7§9§7§9b§x§6§D§6§D§6§De§x§6§1§6§1§6§1r§8d in auction for 900000.
[18:31:41] > cart224 added x1 §f§l§8B§x§6§3§6§3§6§3a§x§7§1§7§1§7§1h§x§8§0§8§0§8§0a§x§8§E§8§E§8§Em§x§9§C§9§C§9§Cu§7t§x§9§C§9§C§9§C §x§8§E§8§E§8§ES§x§8§0§8§0§8§0t§x§7§1§7§1§7§1a§x§6§3§6§3§6§3f§8f in auction for 950000.
[18:34:44] > x1 §x§F§F§7§C§0§0§lSteamsparks Shovel on sale by monggol has just expired, it goes in the inventory of expired items.
[18:34:44] > x1 §x§E§5§1§B§1§B§lDracula Blade on sale by monggol has just expired, it goes in the inventory of expired items.
[18:34:56] > HwanYo buy x1 §x§F§F§5§5§0§0§lsᴇʟʟᴡᴀɴᴅ §6- 10.0x to kabayooo for $1,300,000.
[18:35:10] > HwanYo remove x1 §x§F§F§5§5§0§0§lsᴇʟʟᴡᴀɴᴅ §6- 10.0x from buy
[18:35:10] > HwanYo remove x1 §x§F§F§5§5§0§0§lsᴇʟʟᴡᴀɴᴅ §6- 10.0x from buy
[18:35:10] > HwanYo remove x1 §x§F§F§5§5§0§0§lsᴇʟʟᴡᴀɴᴅ §6- 10.0x from buy
[18:41:34] > Lanchan68 buy x1 §x§5§9§A§1§D§9§lA§x§7§1§A§E§D§Er§x§8§8§B§C§E§4c§x§A§0§C§9§E§9h§x§B§8§D§7§E§Fa§x§D§0§E§4§F§4n§x§E§7§F§2§F§Ag§fe§x§E§7§F§2§F§Al §x§B§8§D§7§E§FB§x§A§0§C§9§E§9o§x§8§8§B§C§E§4o§x§7§1§A§E§D§Et§x§5§9§A§1§D§9s to HwanYo for $250,000.
[18:47:03] > nebula12321 buy x1 Mace to Ch4r_380 for $400,000.
[18:47:07] > nebula12321 remove x1 Mace from buy
[18:49:01] > SussySuzy remove x3 Nether star from storage
[18:49:11] > SussySuzy added x3 Nether star in auction for 300000.
[18:52:33] > kabayooo added x1 §x§E§E§0§0§0§0§lᴜɴʟɪᴍɪᴛᴇᴅ sᴇʟʟᴡᴀɴᴅ in auction for 400000.
[18:59:22] > Seirione added x1 §x§5§C§C§F§F§C§lC§x§5§C§D§1§F§5§lo§x§5§D§D§4§E§E§ls§x§5§D§D§6§E§7§lm§x§5§E§D§9§E§1§le§x§5§E§D§B§D§A§lt§x§5§E§D§D§D§3§li§x§5§F§E§0§C§C§lc §x§5§F§E§0§C§C§lH§x§5§E§D§D§D§3§la§x§5§E§D§B§D§A§lt§x§5§E§D§9§E§1§ls §x§5§D§D§4§E§E§lK§x§5§C§D§1§F§5§le§x§5§C§C§F§F§C§ly in auction for 1000000.
[19:00:00] > GoldEngine11 added x1 §x§F§F§5§5§0§0§lsᴇʟʟᴡᴀɴᴅ §6- 5.0x in auction for 700000.
[19:00:16] > namerikangel added x1 §x§F§F§5§5§0§0§lsᴇʟʟᴡᴀɴᴅ §6- 5.0x in auction for 450000.
[19:01:58] > Szee added x1 §x§F§F§5§5§0§0§lsᴇʟʟᴡᴀɴᴅ §6- 5.0x in auction for 500000.
[19:05:59] > x1 Music disc lava chicken on sale by ELITEWARRIOR has just expired, it goes in the inventory of expired items.
[19:05:59] > MrZyrus7228 added x1 §x§E§5§1§B§1§B§lDracula Helmet in auction for 10000.
[19:09:26] > nebula12321 remove x1 Music disc precipice from storage
[19:11:00] > GoldEngine11 remove x1 §x§E§5§1§B§1§B§lDracula Sword from storage
[19:11:16] > GoldEngine11 added x1 §x§F§F§7§C§0§0§lSteamsparks Hoe in auction for 300000.
[19:12:17] > nebula12321 added x1 §x§3§4§9§8§D§Bᴘɪʟʟᴀɢᴇʀ ꜱᴘᴀᴡɴᴇʀ in auction for 1200000.
[19:13:43] > MrZyrus7228 buy x1 §x§3§4§9§8§D§Bᴘɪʟʟᴀɢᴇʀ ꜱᴘᴀᴡɴᴇʀ to nebula12321 for $1,200,000.
[19:13:44] > SussySuzy added x1 §x§F§F§7§C§0§0§lSteamsparks Key in auction for 300000.
[19:13:45] > monggol added x1 §f§l§x§F§C§D§0§5§CW§x§F§B§B§D§5§4u§x§F§A§A§A§4§Bk§x§F§A§9§7§4§3o§x§F§9§8§4§3§Bn§x§F§8§7§1§3§2g§x§F§7§5§F§2§A §x§F§6§4§C§2§1B§x§F§5§3§9§1§9o§x§F§5§2§6§1§1o§x§F§4§1§3§0§8t§x§F§3§0§0§0§0s in auction for 250000.
[19:13:51] > ry9191 added x1 §f§l§8B§x§6§6§6§6§6§6a§x§7§7§7§7§7§7h§x§8§8§8§8§8§8a§x§9§9§9§9§9§9m§7u§x§9§9§9§9§9§9t§x§8§8§8§8§8§8 §x§7§7§7§7§7§7A§x§6§6§6§6§6§6x§8e in auction for 300000.
[19:14:01] > MrZyrus7228 remove x1 §x§3§4§9§8§D§Bᴘɪʟʟᴀɢᴇʀ ꜱᴘᴀᴡɴᴇʀ from buy
[19:14:06] > GoldEngine11 remove x1 §x§F§F§5§5§0§0§lsᴇʟʟᴡᴀɴᴅ §6- 5.0x from storage
[19:14:07] > GoldEngine11 remove x1 §x§F§F§5§5§0§0§lsᴇʟʟᴡᴀɴᴅ §6- 5.0x from storage
[19:14:23] > GoldEngine11 added x1 §f§l§x§8§A§0§0§F§FS§x§9§C§0§0§D§5h§x§A§D§0§0§A§Ai§x§B§F§0§0§8§0n§x§D§0§0§0§5§5e§x§E§2§0§0§2§B §x§F§3§0§0§0§0O§x§E§2§0§0§2§An§x§D§0§0§0§5§5i§x§B§F§0§0§8§0 §x§A§D§0§0§A§AH§x§9§C§0§0§D§5o§x§8§A§0§0§F§Fe in auction for 1900000.
[19:14:29] > ry9191 added x1 §f§l§x§8§A§0§0§F§FS§x§9§9§0§0§D§Bh§x§A§8§0§0§B§6i§x§B§7§0§0§9§2n§x§C§6§0§0§6§De§x§D§5§0§0§4§9 §x§E§4§0§0§2§4O§x§F§3§0§0§0§0n§x§E§4§0§0§2§4i§x§D§5§0§0§4§9 §x§C§6§0§0§6§DS§x§B§7§0§0§9§2t§x§A§8§0§0§B§6a§x§9§9§0§0§D§Bf§x§8§A§0§0§F§Ff in auction for 2000000.
[19:14:36] > GoldEngine11 added x1 §x§F§F§5§5§0§0§lsᴇʟʟᴡᴀɴᴅ §6- 5.0x in auction for 550000.
[19:15:25] > SussySuzy remove x1 §x§F§F§7§C§0§0§lSteamsparks Key from storage
[19:16:36] > MrZyrus7228 buy x1 §x§F§F§5§5§0§0§lsᴇʟʟᴡᴀɴᴅ §6- 5.0x to namerikangel for $450,000.
[19:16:38] > Julene added x1 §x§3§4§9§8§D§Bᴡᴀʀᴅᴇɴ ꜱᴘᴀᴡɴᴇʀ in auction for 900000.
[19:16:42] > MrZyrus7228 remove x1 §x§F§F§5§5§0§0§lsᴇʟʟᴡᴀɴᴅ §6- 5.0x from buy
[19:17:26] > .UNODOS1245 added x1 §f§l§x§8§A§0§0§F§FS§x§9§C§0§0§D§5h§x§A§D§0§0§A§Ai§x§B§F§0§0§8§0n§x§D§0§0§0§5§5e§x§E§2§0§0§2§B §x§F§3§0§0§0§0O§x§E§2§0§0§2§An§x§D§0§0§0§5§5i§x§B§F§0§0§8§0 §x§A§D§0§0§A§AH§x§9§C§0§0§D§5o§x§8§A§0§0§F§Fe in auction for 600000.
[19:17:49] > Unforce01 buy x1 §f§l§x§8§A§0§0§F§FS§x§9§C§0§0§D§5h§x§A§D§0§0§A§Ai§x§B§F§0§0§8§0n§x§D§0§0§0§5§5e§x§E§2§0§0§2§B §x§F§3§0§0§0§0O§x§E§2§0§0§2§An§x§D§0§0§0§5§5i§x§B§F§0§0§8§0 §x§A§D§0§0§A§AH§x§9§C§0§0§D§5o§x§8§A§0§0§F§Fe to .UNODOS1245 for $600,000.
[19:17:58] > Unforce01 remove x1 §f§l§x§8§A§0§0§F§FS§x§9§C§0§0§D§5h§x§A§D§0§0§A§Ai§x§B§F§0§0§8§0n§x§D§0§0§0§5§5e§x§E§2§0§0§2§B §x§F§3§0§0§0§0O§x§E§2§0§0§2§An§x§D§0§0§0§5§5i§x§B§F§0§0§8§0 §x§A§D§0§0§A§AH§x§9§C§0§0§D§5o§x§8§A§0§0§F§Fe form buy
[19:18:38] > monggol added x1 §f§l§x§8§A§0§0§F§FS§x§9§9§0§0§D§Bh§x§A§8§0§0§B§6i§x§B§7§0§0§9§2n§x§C§6§0§0§6§De§x§D§5§0§0§4§9 §x§E§4§0§0§2§4O§x§F§3§0§0§0§0n§x§E§4§0§0§2§4i§x§D§5§0§0§4§9 §x§C§6§0§0§6§DS§x§B§7§0§0§9§2t§x§A§8§0§0§B§6a§x§9§9§0§0§D§Bf§x§8§A§0§0§F§Ff in auction for 1500000.
[19:20:05] > x2 §x§5§C§C§F§F§C§lC§x§5§C§D§1§F§5§lo§x§5§D§D§4§E§E§ls§x§5§D§D§6§E§7§lm§x§5§E§D§9§E§1§le§x§5§E§D§B§D§A§lt§x§5§E§D§D§D§3§li§x§5§F§E§0§C§C§lc §x§5§F§E§0§C§C§lH§x§5§E§D§D§D§3§la§x§5§E§D§B§D§A§lt§x§5§E§D§9§E§1§ls §x§5§D§D§4§E§E§lK§x§5§C§D§1§F§5§le§x§5§C§C§F§F§C§ly, item of Lan3dy, has just expired, the item is definitively deleted.
[19:20:31] > BlackKnight remove x1 §f§l§8B§x§6§4§6§4§6§4a§x§7§4§7§4§7§4h§x§8§3§8§3§8§3a§x§9§3§9§3§9§3m§x§A§2§A§2§A§2ut§x§9§3§9§3§9§3 §x§8§3§8§3§8§3M§x§7§4§7§4§7§4a§x§6§4§6§4§6§4c§8e form expire
[19:20:31] > BlackKnight remove x1 §f§l§8B§x§6§6§6§6§6§6a§x§7§7§7§7§7§7h§x§8§8§8§8§8§8a§x§9§9§9§9§9§9m§7u§x§9§9§9§9§9§9t§x§8§8§8§8§8§8 §x§7§7§7§7§7§7H§x§6§6§6§6§6§6o§8e form expire
[19:20:31] > BlackKnight remove x1 §f§l§x§F§A§0§0§0§AD§x§F§A§2§A§1§Aa§x§F§B§5§3§2§Br§x§F§B§7§D§3§Bk§x§F§C§A§6§4§Cf§x§F§C§D§0§5§Cl§x§F§C§D§0§5§Ca§x§F§C§A§D§4§Em§x§F§B§8§B§4§1e§x§F§B§6§8§3§3 §x§F§B§4§5§2§5B§x§F§A§2§3§1§8o§x§F§A§0§0§0§Aw form expire
[19:20:31] > BlackKnight remove x1 §f§l§8B§x§6§1§6§1§6§1a§x§6§D§6§D§6§Dh§x§7§9§7§9§7§9a§x§8§6§8§6§8§6m§x§9§2§9§2§9§2u§x§9§E§9§E§9§Et§7 §x§9§E§9§E§9§EH§x§9§2§9§2§9§2a§x§8§6§8§6§8§6l§x§7§9§7§9§7§9b§x§6§D§6§D§6§De§x§6§1§6§1§6§1r§8d form expire
[19:20:31] > BlackKnight remove x1 §f§l§8B§x§6§3§6§3§6§3a§x§7§1§7§1§7§1h§x§8§0§8§0§8§0a§x§8§E§8§E§8§Em§x§9§C§9§C§9§Cu§7t§x§9§C§9§C§9§C §x§8§E§8§E§8§ES§x§8§0§8§0§8§0w§x§7§1§7§1§7§1o§x§6§3§6§3§6§3r§8d form expire
[19:20:31] > BlackKnight remove x1 §f§l§8B§x§5§F§5§F§5§Fa§x§6§9§6§9§6§9h§x§7§3§7§3§7§3a§x§7§D§7§D§7§Dm§x§8§7§8§7§8§7u§x§9§1§9§1§9§1t§x§9§B§9§B§9§B §x§A§5§A§5§A§5Ch§x§9§B§9§B§9§Be§x§9§1§9§1§9§1s§x§8§7§8§7§8§7t§x§7§D§7§D§7§Dp§x§7§3§7§3§7§3l§x§6§9§6§9§6§9a§x§5§F§5§F§5§Ft§8e form expire
[19:20:31] > BlackKnight remove x1 §f§l§8B§x§6§0§6§0§6§0a§x§6§C§6§C§6§Ch§x§7§7§7§7§7§7a§x§8§2§8§2§8§2m§x§8§E§8§E§8§Eu§x§9§9§9§9§9§9t§x§A§4§A§4§A§4 G§x§9§9§9§9§9§9a§x§8§E§8§E§8§Eu§x§8§2§8§2§8§2n§x§7§7§7§7§7§7t§x§6§C§6§C§6§Cl§x§6§0§6§0§6§0e§8t form expire
[19:20:31] > BlackKnight remove x1 §f§l§8B§x§6§4§6§4§6§4a§x§7§4§7§4§7§4h§x§8§3§8§3§8§3a§x§9§3§9§3§9§3m§x§A§2§A§2§A§2ut§x§9§3§9§3§9§3 §x§8§3§8§3§8§3C§x§7§4§7§4§7§4l§x§6§4§6§4§6§4u§8b form expire
[19:22:16] > SussySuzy added x1 §x§F§F§7§C§0§0§lSteamsparks Key in auction for 350000.
[19:22:45] > SussySuzy added x1 §x§E§5§1§B§1§B§lDracula Key in auction for 450000.
[19:23:24] > Julene added x1 §f§l§8B§x§6§3§6§3§6§3a§x§7§1§7§1§7§1h§x§8§0§8§0§8§0a§x§8§E§8§E§8§Em§x§9§C§9§C§9§Cu§7t§x§9§C§9§C§9§C §x§8§E§8§E§8§ES§x§8§0§8§0§8§0t§x§7§1§7§1§7§1a§x§6§3§6§3§6§3f§8f in auction for 550000.
[19:24:01] > MrZyrus7228 buy x1 §f§l§8B§x§6§6§6§6§6§6a§x§7§7§7§7§7§7h§x§8§8§8§8§8§8a§x§9§9§9§9§9§9m§7u§x§9§9§9§9§9§9t§x§8§8§8§8§8§8 §x§7§7§7§7§7§7K§x§6§6§6§6§6§6e§8y to El3ctric_Ey3 for $1,200,000.
[19:24:07] > MrZyrus7228 remove x1 §f§l§8B§x§6§6§6§6§6§6a§x§7§7§7§7§7§7h§x§8§8§8§8§8§8a§x§9§9§9§9§9§9m§7u§x§9§9§9§9§9§9t§x§8§8§8§8§8§8 §x§7§7§7§7§7§7K§x§6§6§6§6§6§6e§8y from buy
[19:25:02] > Abbadex added x1 §f§l§x§8§A§0§0§F§FS§x§9§C§0§0§D§5h§x§A§D§0§0§A§Ai§x§B§F§0§0§8§0n§x§D§0§0§0§5§5e§x§E§2§0§0§2§B §x§F§3§0§0§0§0O§x§E§2§0§0§2§An§x§D§0§0§0§5§5i§x§B§F§0§0§8§0 §x§A§D§0§0§A§AK§x§9§C§0§0§D§5e§x§8§A§0§0§F§Fy in auction for 2500000.
[19:25:18] > Kodakoda added x1 §x§E§5§1§B§1§B§lDracula Sickle in auction for 100000.
[19:25:20] > Abbadex added x1 §f§l§x§8§A§0§0§F§FS§x§9§C§0§0§D§5h§x§A§D§0§0§A§Ai§x§B§F§0§0§8§0n§x§D§0§0§0§5§5e§x§E§2§0§0§2§B §x§F§3§0§0§0§0O§x§E§2§0§0§2§An§x§D§0§0§0§5§5i§x§B§F§0§0§8§0 §x§A§D§0§0§A§AK§x§9§C§0§0§D§5e§x§8§A§0§0§F§Fy in auction for 2500000.
[19:25:37] > Abbadex added x1 §f§l§x§8§A§0§0§F§FS§x§9§C§0§0§D§5h§x§A§D§0§0§A§Ai§x§B§F§0§0§8§0n§x§D§0§0§0§5§5e§x§E§2§0§0§2§B §x§F§3§0§0§0§0O§x§E§2§0§0§2§An§x§D§0§0§0§5§5i§x§B§F§0§0§8§0 §x§A§D§0§0§A§AK§x§9§C§0§0§D§5e§x§8§A§0§0§F§Fy in auction for 3000000.
[19:25:39] > BlackKnight added x1 §f§l§8B§x§5§F§5§F§5§Fa§x§6§9§6§9§6§9h§x§7§3§7§3§7§3a§x§7§D§7§D§7§Dm§x§8§7§8§7§8§7u§x§9§1§9§1§9§1t§x§9§B§9§B§9§B §x§A§5§A§5§A§5Ch§x§9§B§9§B§9§Be§x§9§1§9§1§9§1s§x§8§7§8§7§8§7t§x§7§D§7§D§7§Dp§x§7§3§7§3§7§3l§x§6§9§6§9§6§9a§x§5§F§5§F§5§Ft§8e in auction for 1500000.
[19:25:56] > BlackKnight added x1 §f§l§8B§x§6§0§6§0§6§0a§x§6§C§6§C§6§Ch§x§7§7§7§7§7§7a§x§8§2§8§2§8§2m§x§8§E§8§E§8§Eu§x§9§9§9§9§9§9t§x§A§4§A§4§A§4 G§x§9§9§9§9§9§9a§x§8§E§8§E§8§Eu§x§8§2§8§2§8§2n§x§7§7§7§7§7§7t§x§6§C§6§C§6§Cl§x§6§0§6§0§6§0e§8t in auction for 750000.
[19:26:15] > BlackKnight added x1 §f§l§8B§x§6§3§6§3§6§3a§x§7§1§7§1§7§1h§x§8§0§8§0§8§0a§x§8§E§8§E§8§Em§x§9§C§9§C§9§Cu§7t§x§9§C§9§C§9§C §x§8§E§8§E§8§ES§x§8§0§8§0§8§0w§x§7§1§7§1§7§1o§x§6§3§6§3§6§3r§8d in auction for 900000.
[19:26:26] > BlackKnight added x1 §f§l§8B§x§6§1§6§1§6§1a§x§6§D§6§D§6§Dh§x§7§9§7§9§7§9a§x§8§6§8§6§8§6m§x§9§2§9§2§9§2u§x§9§E§9§E§9§Et§7 §x§9§E§9§E§9§EH§x§9§2§9§2§9§2a§x§8§6§8§6§8§6l§x§7§9§7§9§7§9b§x§6§D§6§D§6§De§x§6§1§6§1§6§1r§8d in auction for 900000.
[19:26:38] > BlackKnight added x1 §f§l§x§F§A§0§0§0§AD§x§F§A§2§A§1§Aa§x§F§B§5§3§2§Br§x§F§B§7§D§3§Bk§x§F§C§A§6§4§Cf§x§F§C§D§0§5§Cl§x§F§C§D§0§5§Ca§x§F§C§A§D§4§Em§x§F§B§8§B§4§1e§x§F§B§6§8§3§3 §x§F§B§4§5§2§5B§x§F§A§2§3§1§8o§x§F§A§0§0§0§Aw in auction for 250000.
[19:27:00] > BlackKnight added x1 §f§l§8B§x§6§4§6§4§6§4a§x§7§4§7§4§7§4h§x§8§3§8§3§8§3a§x§9§3§9§3§9§3m§x§A§2§A§2§A§2ut§x§9§3§9§3§9§3 §x§8§3§8§3§8§3C§x§7§4§7§4§7§4l§x§6§4§6§4§6§4u§8b in auction for 1000000.
[19:27:11] > BlackKnight added x1 §f§l§8B§x§6§6§6§6§6§6a§x§7§7§7§7§7§7h§x§8§8§8§8§8§8a§x§9§9§9§9§9§9m§7u§x§9§9§9§9§9§9t§x§8§8§8§8§8§8 §x§7§7§7§7§7§7H§x§6§6§6§6§6§6o§8e in auction for 500000.
[19:27:31] > BlackKnight added x1 §f§l§8B§x§6§4§6§4§6§4a§x§7§4§7§4§7§4h§x§8§3§8§3§8§3a§x§9§3§9§3§9§3m§x§A§2§A§2§A§2ut§x§9§3§9§3§9§3 §x§8§3§8§3§8§3M§x§7§4§7§4§7§4a§x§6§4§6§4§6§4c§8e in auction for 2000000.
[19:28:01] > claypotter buy x1 Name tag to BlueTea_Official for $50,000.
[19:28:08] > Xavier881 added x1 §f§l§x§F§C§D§0§5§CW§x§F§A§A§A§4§Bu§x§F§9§8§4§3§Bk§x§F§7§5§F§2§Ao§x§F§5§3§9§1§9n§x§F§4§1§3§0§8g §x§F§5§3§9§1§9S§x§F§7§5§F§2§At§x§F§9§8§4§3§Bi§x§F§A§A§A§4§Bc§x§F§C§D§0§5§Ck in auction for 2000000.
[19:28:17] > claypotter remove x2 Big Juicy Melons from buy
[19:28:18] > claypotter remove x1 Name tag from buy
[19:28:43] > BlackKnight added x1 §f§l§8B§x§6§1§6§1§6§1a§x§6§D§6§D§6§Dh§x§7§9§7§9§7§9a§x§8§6§8§6§8§6m§x§9§2§9§2§9§2u§x§9§E§9§E§9§Et§7 §x§9§E§9§E§9§EH§x§9§2§9§2§9§2a§x§8§6§8§6§8§6l§x§7§9§7§9§7§9b§x§6§D§6§D§6§De§x§6§1§6§1§6§1r§8d in auction for 750000.
[19:29:22] > cart224 remove x1 §f§l§8B§x§6§1§6§1§6§1a§x§6§D§6§D§6§Dh§x§7§9§7§9§7§9a§x§8§6§8§6§8§6m§x§9§2§9§2§9§2u§x§9§E§9§E§9§Et§7 §x§9§E§9§E§9§EH§x§9§2§9§2§9§2a§x§8§6§8§6§8§6l§x§7§9§7§9§7§9b§x§6§D§6§D§6§De§x§6§1§6§1§6§1r§8d from storage
[19:29:24] > Kodakoda added x1 §x§F§F§7§C§0§0§lSteamsparks Halberd in auction for 350000.
[19:29:32] > cart224 remove x1 §f§l§8B§x§6§1§6§1§6§1a§x§6§D§6§D§6§Dh§x§7§9§7§9§7§9a§x§8§6§8§6§8§6m§x§9§2§9§2§9§2u§x§9§E§9§E§9§Et§7 §x§9§E§9§E§9§EH§x§9§2§9§2§9§2a§x§8§6§8§6§8§6l§x§7§9§7§9§7§9b§x§6§D§6§D§6§De§x§6§1§6§1§6§1r§8d from expire
[19:30:02] > Julene added x1 §f§l§x§8§A§0§0§F§FS§x§9§6§0§0§E§1h§x§A§3§0§0§C§3i§x§A§F§0§0§A§5n§x§B§B§0§0§8§7e§x§C§8§0§0§6§9 §x§D§4§0§0§4§BO§x§E§0§0§0§2§Dn§x§E§D§0§0§0§Fi §x§E§0§0§0§2§DL§x§D§4§0§0§4§Be§x§C§8§0§0§6§9g§x§B§B§0§0§8§7g§x§A§F§0§0§A§5i§x§A§3§0§0§C§3n§x§9§6§0§0§E§1g§x§8§A§0§0§F§Fs in auction for 240000.
[19:30:18] > Unforce01 buy x1 §f§l§x§8§A§0§0§F§FS§x§9§6§0§0§E§1h§x§A§3§0§0§C§3i§x§A§F§0§0§A§5n§x§B§B§0§0§8§7e§x§C§8§0§0§6§9 §x§D§4§0§0§4§BO§x§E§0§0§0§2§Dn§x§E§D§0§0§0§Fi §x§E§0§0§0§2§DL§x§D§4§0§0§4§Be§x§C§8§0§0§6§9g§x§B§B§0§0§8§7g§x§A§F§0§0§A§5i§x§A§3§0§0§C§3n§x§9§6§0§0§E§1g§x§8§A§0§0§F§Fs to Julene for $240,000.
[19:30:33] > Julene remove x1 §x§3§4§9§8§D§Bᴡᴀʀᴅᴇɴ ꜱᴘᴀᴡɴᴇʀ from storage
[19:30:35] > Julene remove x1 §f§l§8B§x§6§3§6§3§6§3a§x§7§1§7§1§7§1h§x§8§0§8§0§8§0a§x§8§E§8§E§8§Em§x§9§C§9§C§9§Cu§7t§x§9§C§9§C§9§C §x§8§E§8§E§8§ES§x§8§0§8§0§8§0t§x§7§1§7§1§7§1a§x§6§3§6§3§6§3f§8f from storage
[19:30:36] > Julene remove x1 §x§E§5§1§B§1§B§lDracula Spear from storage
[19:30:49] > Julene added x1 §x§3§4§9§8§D§Bᴡᴀʀᴅᴇɴ ꜱᴘᴀᴡɴᴇʀ in auction for 500000.
[19:30:54] > Unforce01 remove x1 §f§l§x§8§A§0§0§F§FS§x§9§6§0§0§E§1h§x§A§3§0§0§C§3i§x§A§F§0§0§A§5n§x§B§B§0§0§8§7e§x§C§8§0§0§6§9 §x§D§4§0§0§4§BO§x§E§0§0§0§2§Dn§x§E§D§0§0§0§Fi §x§E§0§0§0§2§DL§x§D§4§0§0§4§Be§x§C§8§0§0§6§9g§x§B§B§0§0§8§7g§x§A§F§0§0§A§5i§x§A§3§0§0§C§3n§x§9§6§0§0§E§1g§x§8§A§0§0§F§Fs form buy
[19:31:01] > Julene added x1 §f§l§8B§x§6§3§6§3§6§3a§x§7§1§7§1§7§1h§x§8§0§8§0§8§0a§x§8§E§8§E§8§Em§x§9§C§9§C§9§Cu§7t§x§9§C§9§C§9§C §x§8§E§8§E§8§ES§x§8§0§8§0§8§0t§x§7§1§7§1§7§1a§x§6§3§6§3§6§3f§8f in auction for 250000.
[19:31:37] > Julene added x1 §f§l§x§F§C§D§0§5§CW§x§F§B§A§D§4§Du§x§F§9§8§B§3§Dk§x§F§8§6§8§2§Eo§x§F§6§4§5§1§Fn§x§F§5§2§3§0§Fg§x§F§3§0§0§0§0 §x§F§5§2§3§0§FS§x§F§6§4§5§1§Fh§x§F§8§6§8§2§Eo§x§F§9§8§B§3§Dv§x§F§B§A§D§4§De§x§F§C§D§0§5§Cl in auction for 110000.
[19:32:03] > Julene added x1 §x§E§5§1§B§1§B§lDracula Spear in auction for 130000.
[19:32:14] > Julene added x1 §x§F§F§7§C§0§0§lSteamsparks Battle Axe in auction for 150000.
[19:35:54] > bedrock_enjoy3r buy x1 §f§l§8B§x§6§3§6§3§6§3a§x§7§1§7§1§7§1h§x§8§0§8§0§8§0a§x§8§E§8§E§8§Em§x§9§C§9§C§9§Cu§7t§x§9§C§9§C§9§C §x§8§E§8§E§8§EB§x§8§0§8§0§8§0o§x§7§1§7§1§7§1o§x§6§3§6§3§6§3t§8s to 8it5inn for $500,000.
[19:41:38] > bedrock_enjoy3r remove x1 §f§l§8B§x§6§3§6§3§6§3a§x§7§1§7§1§7§1h§x§8§0§8§0§8§0a§x§8§E§8§E§8§Em§x§9§C§9§C§9§Cu§7t§x§9§C§9§C§9§C §x§8§E§8§E§8§EB§x§8§0§8§0§8§0o§x§7§1§7§1§7§1o§x§6§3§6§3§6§3t§8s from buy
[19:52:59] > SussySuzy buy x1 §x§E§5§1§B§1§B§lDracula Helmet to MrZyrus7228 for $10,000.
[19:53:08] > SussySuzy remove x1 §x§E§5§1§B§1§B§lDracula Helmet from buy
[19:56:29] > x1 Shulker box on sale by llhxnce has just expired, it goes in the inventory of expired items.
[19:56:31] > HwanYo buy x1 §x§F§F§5§5§0§0§lsᴇʟʟᴡᴀɴᴅ §6- 5.0x to Szee for $500,000.
[19:56:36] > HwanYo buy x1 §x§F§F§5§5§0§0§lsᴇʟʟᴡᴀɴᴅ §6- 5.0x to GoldEngine11 for $550,000.
[19:57:14] > .JoshuaCraft9422 buy x1 §x§F§F§7§C§0§0§lSteamsparks Battle Axe to Julene for $150,000.
[19:57:32] > .JoshuaCraft9422 remove x1 §x§F§F§7§C§0§0§lSteamsparks Battle Axe from buy
[19:59:23] > nebula12321 buy x1 §f§l§8B§x§6§0§6§0§6§0a§x§6§C§6§C§6§Ch§x§7§7§7§7§7§7a§x§8§2§8§2§8§2m§x§8§E§8§E§8§Eu§x§9§9§9§9§9§9t§x§A§4§A§4§A§4 G§x§9§9§9§9§9§9a§x§8§E§8§E§8§Eu§x§8§2§8§2§8§2n§x§7§7§7§7§7§7t§x§6§C§6§C§6§Cl§x§6§0§6§0§6§0e§8t to PrinceBGC for $300,000.
[19:59:29] > Zen0969 buy x1 §f§l§x§8§A§0§0§F§FS§x§9§C§0§0§D§5h§x§A§D§0§0§A§Ai§x§B§F§0§0§8§0n§x§D§0§0§0§5§5e§x§E§2§0§0§2§B §x§F§3§0§0§0§0O§x§E§2§0§0§2§An§x§D§0§0§0§5§5i§x§B§F§0§0§8§0 §x§A§D§0§0§A§AK§x§9§C§0§0§D§5e§x§8§A§0§0§F§Fy to Abbadex for $2,500,000.
[19:59:31] > Zen0969 buy x1 §f§l§x§8§A§0§0§F§FS§x§9§C§0§0§D§5h§x§A§D§0§0§A§Ai§x§B§F§0§0§8§0n§x§D§0§0§0§5§5e§x§E§2§0§0§2§B §x§F§3§0§0§0§0O§x§E§2§0§0§2§An§x§D§0§0§0§5§5i§x§B§F§0§0§8§0 §x§A§D§0§0§A§AK§x§9§C§0§0§D§5e§x§8§A§0§0§F§Fy to Abbadex for $3,000,000.
[19:59:33] > nebula12321 remove x1 §f§l§8B§x§6§0§6§0§6§0a§x§6§C§6§C§6§Ch§x§7§7§7§7§7§7a§x§8§2§8§2§8§2m§x§8§E§8§E§8§Eu§x§9§9§9§9§9§9t§x§A§4§A§4§A§4 G§x§9§9§9§9§9§9a§x§8§E§8§E§8§Eu§x§8§2§8§2§8§2n§x§7§7§7§7§7§7t§x§6§C§6§C§6§Cl§x§6§0§6§0§6§0e§8t from buy
[19:59:35] > Zen0969 buy x1 §f§l§x§8§A§0§0§F§FS§x§9§C§0§0§D§5h§x§A§D§0§0§A§Ai§x§B§F§0§0§8§0n§x§D§0§0§0§5§5e§x§E§2§0§0§2§B §x§F§3§0§0§0§0O§x§E§2§0§0§2§An§x§D§0§0§0§5§5i§x§B§F§0§0§8§0 §x§A§D§0§0§A§AK§x§9§C§0§0§D§5e§x§8§A§0§0§F§Fy to Abbadex for $2,500,000.
[20:00:01] > Zen0969 remove x1 §f§l§x§8§A§0§0§F§FS§x§9§C§0§0§D§5h§x§A§D§0§0§A§Ai§x§B§F§0§0§8§0n§x§D§0§0§0§5§5e§x§E§2§0§0§2§B §x§F§3§0§0§0§0O§x§E§2§0§0§2§An§x§D§0§0§0§5§5i§x§B§F§0§0§8§0 §x§A§D§0§0§A§AK§x§9§C§0§0§D§5e§x§8§A§0§0§F§Fy from buy
[20:00:01] > Zen0969 remove x1 §f§l§x§8§A§0§0§F§FS§x§9§C§0§0§D§5h§x§A§D§0§0§A§Ai§x§B§F§0§0§8§0n§x§D§0§0§0§5§5e§x§E§2§0§0§2§B §x§F§3§0§0§0§0O§x§E§2§0§0§2§An§x§D§0§0§0§5§5i§x§B§F§0§0§8§0 §x§A§D§0§0§A§AK§x§9§C§0§0§D§5e§x§8§A§0§0§F§Fy from buy
[20:00:01] > Zen0969 remove x1 §f§l§x§8§A§0§0§F§FS§x§9§C§0§0§D§5h§x§A§D§0§0§A§Ai§x§B§F§0§0§8§0n§x§D§0§0§0§5§5e§x§E§2§0§0§2§B §x§F§3§0§0§0§0O§x§E§2§0§0§2§An§x§D§0§0§0§5§5i§x§B§F§0§0§8§0 §x§A§D§0§0§A§AK§x§9§C§0§0§D§5e§x§8§A§0§0§F§Fy from buy
[20:00:59] > nebula12321 buy x1 §x§F§F§3§E§0§0§lD§x§F§F§3§5§0§0§le§x§F§F§2§C§0§0§lm§x§F§F§2§3§0§0§lo§x§F§F§1§B§0§0§ln §x§F§F§0§9§0§0§lL§x§F§F§0§0§0§0§lo§x§F§F§0§A§0§0§lr§x§F§F§1§5§0§0§ld §x§F§F§2§9§0§0§lB§x§F§F§3§4§0§0§lo§x§F§F§3§E§0§0§lw to monggol for $200,000.
[20:02:22] > GoldEngine11 added x1 §x§F§F§5§5§0§0§lsᴇʟʟᴡᴀɴᴅ §6- 5.0x in auction for 500000.
[20:02:22] > SussySuzy added x1 Diamond leggings in auction for 100000.
[20:03:00] > SussySuzy added x1 §f§l§8B§x§6§6§6§6§6§6a§x§7§7§7§7§7§7h§x§8§8§8§8§8§8a§x§9§9§9§9§9§9m§7u§x§9§9§9§9§9§9t§x§8§8§8§8§8§8 §x§7§7§7§7§7§7A§x§6§6§6§6§6§6x§8e in auction for 2000000.
[20:10:20] > claypotter buy x1 §x§E§E§0§0§0§0§lᴜɴʟɪᴍɪᴛᴇᴅ sᴇʟʟᴡᴀɴᴅ to kabayooo for $400,000.
[20:10:49] > dat_boi added x1 §f§l§8B§x§6§0§6§0§6§0a§x§6§C§6§C§6§Ch§x§7§7§7§7§7§7a§x§8§2§8§2§8§2m§x§8§E§8§E§8§Eu§x§9§9§9§9§9§9t§x§A§4§A§4§A§4 G§x§9§9§9§9§9§9a§x§8§E§8§E§8§Eu§x§8§2§8§2§8§2n§x§7§7§7§7§7§7t§x§6§C§6§C§6§Cl§x§6§0§6§0§6§0e§8t in auction for 80000.
[20:11:12] > dat_boi added x1 §f§l§x§F§C§D§0§5§CW§x§F§B§A§D§4§Du§x§F§9§8§B§3§Dk§x§F§8§6§8§2§Eo§x§F§6§4§5§1§Fn§x§F§5§2§3§0§Fg§x§F§3§0§0§0§0 §x§F§5§2§3§0§FH§x§F§6§4§5§1§Fe§x§F§8§6§8§2§El§x§F§9§8§B§3§Dm§x§F§B§A§D§4§De§x§F§C§D§0§5§Ct in auction for 90000.
[20:11:16] > Unforce01 buy x1 §f§l§8B§x§6§0§6§0§6§0a§x§6§C§6§C§6§Ch§x§7§7§7§7§7§7a§x§8§2§8§2§8§2m§x§8§E§8§E§8§Eu§x§9§9§9§9§9§9t§x§A§4§A§4§A§4 G§x§9§9§9§9§9§9a§x§8§E§8§E§8§Eu§x§8§2§8§2§8§2n§x§7§7§7§7§7§7t§x§6§C§6§C§6§Cl§x§6§0§6§0§6§0e§8t to dat_boi for $80,000.
[20:11:30] > Unforce01 remove x1 §f§l§8B§x§6§0§6§0§6§0a§x§6§C§6§C§6§Ch§x§7§7§7§7§7§7a§x§8§2§8§2§8§2m§x§8§E§8§E§8§Eu§x§9§9§9§9§9§9t§x§A§4§A§4§A§4 G§x§9§9§9§9§9§9a§x§8§E§8§E§8§Eu§x§8§2§8§2§8§2n§x§7§7§7§7§7§7t§x§6§C§6§C§6§Cl§x§6§0§6§0§6§0e§8t form buy
[20:11:43] > BlackKnight added x1 §x§5§9§A§1§D§9§lA§x§6§E§A§D§D§Er§x§8§3§B§9§E§3c§x§9§7§C§4§E§7h§x§A§C§D§0§E§Ca§x§C§1§D§C§F§1n§x§D§6§E§8§F§6g§x§E§A§F§3§F§Ae§fl §x§D§0§E§4§F§4S§x§B§8§D§7§E§Fh§x§A§0§C§9§E§9i§x§8§8§B§C§E§4e§x§7§1§A§E§D§El§x§5§9§A§1§D§9d in auction for 2000000.
[20:11:55] > Dentatsu buy x1 §f§l§x§F§C§D§0§5§CW§x§F§B§A§D§4§Du§x§F§9§8§B§3§Dk§x§F§8§6§8§2§Eo§x§F§6§4§5§1§Fn§x§F§5§2§3§0§Fg§x§F§3§0§0§0§0 §x§F§5§2§3§0§FH§x§F§6§4§5§1§Fe§x§F§8§6§8§2§El§x§F§9§8§B§3§Dm§x§F§B§A§D§4§De§x§F§C§D§0§5§Ct to dat_boi for $90,000.
[20:15:20] > dat_boi added x1 Enchanted book in auction for 108.
[20:15:30] > dat_boi added x1 Enchanted book in auction for 208.
[20:15:41] > dat_boi added x1 Enchanted book in auction for 208.
[20:16:04] > dat_boi added x1 Enchanted book in auction for 208.
[20:16:15] > dat_boi added x1 Enchanted book in auction for 208.
[20:17:21] > monggol buy x1 Enchanted book to dat_boi for $108.
[20:17:22] > monggol buy x1 Enchanted book to dat_boi for $208.
[20:17:25] > monggol buy x1 Enchanted book to dat_boi for $208.
[20:17:27] > monggol buy x1 Enchanted book to dat_boi for $208.
[20:17:30] > monggol buy x1 Enchanted book to dat_boi for $208.
[20:17:33] > dat_boi added x1 Enchanted book in auction for 208.
[20:17:43] > monggol remove x1 Enchanted book form buy
[20:17:43] > monggol remove x1 Enchanted book form buy
[20:17:43] > monggol remove x1 Enchanted book form buy
[20:17:43] > monggol remove x1 Enchanted book form buy
[20:17:43] > monggol remove x1 Enchanted book form buy
[20:17:44] > dat_boi added x1 Enchanted book in auction for 208.
[20:18:00] > dat_boi added x1 Enchanted book in auction for 208.
[20:18:11] > dat_boi added x1 Enchanted book in auction for 208.
[20:18:23] > dat_boi added x1 Enchanted book in auction for 208.
[20:21:40] > x1 Iron sword, item of giyahnpogi, has just expired, the item is definitively deleted.
[20:21:40] > x1 §fElf Hat, item of Akiesha, has just expired, the item is definitively deleted.
[20:22:33] > Ch4r_380 buy x1 Enchanted book to dat_boi for $208.
[20:22:33] > reckahorp buy x1 Enchanted book to dat_boi for $208.
[20:22:35] > reckahorp buy x1 Enchanted book to dat_boi for $208.
[20:22:36] > reckahorp buy x1 Enchanted book to dat_boi for $208.
[20:22:37] > reckahorp buy x1 Enchanted book to dat_boi for $208.
[20:23:01] > reckahorp remove x1 Enchanted book from buy
[20:23:01] > reckahorp remove x1 Enchanted book from buy
[20:23:01] > reckahorp remove x1 Enchanted book from buy
[20:23:02] > reckahorp remove x1 Enchanted book from buy
[20:24:06] > Ch4r_380 buy x2 Zombie Spawner to InternetCafeUser for $600,000.
[20:24:22] > Ch4r_380 remove x2 Zombie Spawner from buy
[20:26:27] > HwanYo buy x1 §x§F§F§5§5§0§0§lsᴇʟʟᴡᴀɴᴅ §6- 5.0x to GoldEngine11 for $500,000.
[20:26:38] > HwanYo remove x64 Emerald block from storage
[20:26:44] > HwanYo remove x64 Emerald block from storage
[20:27:02] > HwanYo remove x64 Emerald block from expire
[20:27:05] > HwanYo remove x64 Emerald block from expire
[20:27:06] > HwanYo remove x1 §esᴋᴇʟᴇᴛᴏɴ sᴘᴀᴡɴᴇʀ from expire
[20:27:18] > HwanYo added x64 Emerald block in auction for 250000.
[20:27:21] > Dentatsu remove x1 §f§l§x§F§C§D§0§5§CW§x§F§B§A§D§4§Du§x§F§9§8§B§3§Dk§x§F§8§6§8§2§Eo§x§F§6§4§5§1§Fn§x§F§5§2§3§0§Fg§x§F§3§0§0§0§0 §x§F§5§2§3§0§FH§x§F§6§4§5§1§Fe§x§F§8§6§8§2§El§x§F§9§8§B§3§Dm§x§F§B§A§D§4§De§x§F§C§D§0§5§Ct from buy
[20:27:28] > HwanYo added x64 Emerald block in auction for 250000.
[20:31:32] > P4LDOK remove x1 §f§l§x§8§A§0§0§F§FS§x§9§8§0§0§D§Dh§x§A§6§0§0§B§Bi§x§B§4§0§0§9§9n§x§C§2§0§0§7§7e§x§D§0§0§0§5§5 §x§D§E§0§0§3§3O§x§E§C§0§0§1§1ni§x§D§E§0§0§3§3 §x§D§0§0§0§5§5S§x§C§2§0§0§7§7h§x§B§4§0§0§9§9i§x§A§6§0§0§B§Be§x§9§8§0§0§D§Dl§x§8§A§0§0§F§Fd from storage
[20:31:40] > ry9191 remove x1 §f§l§x§8§A§0§0§F§FS§x§9§9§0§0§D§Bh§x§A§8§0§0§B§6i§x§B§7§0§0§9§2n§x§C§6§0§0§6§De§x§D§5§0§0§4§9 §x§E§4§0§0§2§4O§x§F§3§0§0§0§0n§x§E§4§0§0§2§4i§x§D§5§0§0§4§9 §x§C§6§0§0§6§DS§x§B§7§0§0§9§2t§x§A§8§0§0§B§6a§x§9§9§0§0§D§Bf§x§8§A§0§0§F§Ff from storage
[20:31:53] > P4LDOK added x1 §f§l§x§8§A§0§0§F§FS§x§9§8§0§0§D§Dh§x§A§6§0§0§B§Bi§x§B§4§0§0§9§9n§x§C§2§0§0§7§7e§x§D§0§0§0§5§5 §x§D§E§0§0§3§3O§x§E§C§0§0§1§1ni§x§D§E§0§0§3§3 §x§D§0§0§0§5§5S§x§C§2§0§0§7§7h§x§B§4§0§0§9§9i§x§A§6§0§0§B§Be§x§9§8§0§0§D§Dl§x§8§A§0§0§F§Fd in auction for 900000.
[20:35:19] > hiruma buy x1 Mace to Ch4r_380 for $400,000.
[20:37:58] > hiruma remove x1 Mace from buy
[20:40:33] > .AyakoKoru added x1 §f§l§x§F§C§D§0§5§CW§x§F§A§A§A§4§Bu§x§F§9§8§4§3§Bk§x§F§7§5§F§2§Ao§x§F§5§3§9§1§9n§x§F§4§1§3§0§8g §x§F§5§3§9§1§9S§x§F§7§5§F§2§Ap§x§F§9§8§4§3§Be§x§F§A§A§A§4§Ba§x§F§C§D§0§5§Cr in auction for 600000.
[20:47:35] > .Quackity26957 added x1 Spider Spawner in auction for 25000.
[20:49:19] > Ch4r_380 buy x1 Spider Spawner to .Quackity26957 for $25,000.
[20:50:00] > Ch4r_380 remove x1 Spider Spawner from buy
[20:50:04] > .Quackity26957 added x1 Spawner in auction for 100000.
[20:50:23] > .Quackity26957 added x1 Spawner in auction for 100000.
[20:50:38] > .Quackity26957 added x1 Spawner in auction for 100000.
[20:50:51] > .Quackity26957 added x1 Spawner in auction for 100000.
[20:58:59] > x2 Villager spawn egg on sale by koshie has just expired, it goes in the inventory of expired items.
[20:58:59] > .UNODOS1245 added x1 §fCat Plushie (Jellie) §6(#17/101) in auction for 10000.
[20:59:16] > .UNODOS1245 added x1 §fBat Plushie §6(#8/101) in auction for 10000.
[21:00:50] > Kodakoda buy x1 §fBat Plushie §6(#8/101) to .UNODOS1245 for $10,000.
[21:00:53] > Dentatsu buy x1 §fCat Plushie (Jellie) §6(#17/101) to .UNODOS1245 for $10,000.
[21:01:05] > Ch4r_380 added x1 Mace in auction for 400000.
[21:01:09] > Dentatsu remove x1 §fCat Plushie (Jellie) §6(#17/101) from buy
[21:11:18] > Zen0969 added x1 Shulker box in auction for 1000000.
[21:11:40] > Zen0969 remove x1 Shulker box from storage
[21:11:45] > Zen0969 added x1 Shulker box in auction for 500000.
[21:11:56] > Zen0969 added x1 Shulker box in auction for 500000.
[21:12:11] > Zen0969 added x1 Shulker box in auction for 500000.
[21:12:40] > Zen0969 added x1 Shulker box in auction for 500000.
[21:13:06] > Keeos added x1 §x§F§F§5§5§0§0§lsᴇʟʟᴡᴀɴᴅ §6- 10.0x in auction for 1200000.
[21:14:12] > Zypher_0w0 buy x1 Spawner to .Quackity26957 for $100,000.
[21:14:15] > GoldEngine11 remove x1 §f§l§x§F§C§D§0§5§CW§x§F§B§A§D§4§Du§x§F§9§8§B§3§Dk§x§F§8§6§8§2§Eo§x§F§6§4§5§1§Fn§x§F§5§2§3§0§Fg§x§F§3§0§0§0§0 §x§F§5§2§3§0§FH§x§F§6§4§5§1§Fa§x§F§8§6§8§2§Em§x§F§9§8§B§3§Dm§x§F§B§A§D§4§De§x§F§C§D§0§5§Cr from storage
[21:14:20] > Zypher_0w0 buy x1 Spawner to .Quackity26957 for $100,000.
[21:14:27] > Zypher_0w0 buy x1 Spawner to .Quackity26957 for $100,000.
[21:14:34] > Zypher_0w0 buy x1 Spawner to .Quackity26957 for $100,000.
[21:16:18] > SussySuzy remove x1 §x§E§5§1§B§1§B§lDracula Key form storage
[21:16:18] > SussySuzy remove x3 Nether star form storage
[21:16:18] > SussySuzy remove x1 §f§l§8B§x§6§6§6§6§6§6a§x§7§7§7§7§7§7h§x§8§8§8§8§8§8a§x§9§9§9§9§9§9m§7u§x§9§9§9§9§9§9t§x§8§8§8§8§8§8 §x§7§7§7§7§7§7A§x§6§6§6§6§6§6x§8e form storage
[21:16:18] > SussySuzy remove x1 Diamond leggings form storage
[21:16:18] > SussySuzy remove x1 §x§F§F§7§C§0§0§lSteamsparks Key form storage
[21:16:31] > SussySuzy added x1 §x§F§F§7§C§0§0§lSteamsparks Key in auction for 350000.
[21:16:49] > SussySuzy added x1 §f§l§8B§x§6§6§6§6§6§6a§x§7§7§7§7§7§7h§x§8§8§8§8§8§8a§x§9§9§9§9§9§9m§7u§x§9§9§9§9§9§9t§x§8§8§8§8§8§8 §x§7§7§7§7§7§7A§x§6§6§6§6§6§6x§8e in auction for 2000000.
[21:16:59] > SussySuzy added x1 §x§E§5§1§B§1§B§lDracula Key in auction for 450000.
[21:17:12] > SussySuzy added x1 Diamond leggings in auction for 100000.
[21:17:19] > Zypher_0w0 remove x1 Spawner form buy
[21:17:19] > Zypher_0w0 remove x1 Spawner form buy
[21:17:19] > Zypher_0w0 remove x1 Spawner form buy
[21:17:19] > Zypher_0w0 remove x1 Spawner form buy
[21:17:20] > nnorv1 remove x64 Experience bottle from buy
[21:17:21] > nnorv1 remove x6 Golden apple from buy
[21:17:23] > SussySuzy added x3 Nether star in auction for 300000.
[21:20:35] > kysicx added x1 §x§F§F§5§5§0§0§lsᴇʟʟᴡᴀɴᴅ §6- 5.0x in auction for 500000.
[21:21:18] > nebula12321 added x1 §x§F§F§5§5§0§0§lsᴇʟʟᴡᴀɴᴅ §6- 5.0x in auction for 750000.
[21:26:01] > Kjsilent7591 buy x1 Mace to Ch4r_380 for $400,000.
[21:28:02] > CoinDegree52415 added x10 §x§F§C§D§0§5§C§lB§x§E§6§D§3§6§B§la§x§C§F§D§5§7§A§ls§x§B§9§D§8§8§9§li§x§A§2§D§A§9§8§lc §x§7§5§D§F§B§6§lC§x§5§F§E§2§C§5§lr§x§7§5§D§F§B§6§la§x§8§C§D§D§A§7§lt§x§A§2§D§A§9§8§le §x§C§F§D§5§7§A§lK§x§E§6§D§3§6§B§le§x§F§C§D§0§5§C§ly in auction for 300000.
[21:28:39] > nebula12321 remove x1 §x§F§F§5§5§0§0§lsᴇʟʟᴡᴀɴᴅ §6- 5.0x from storage
[21:28:51] > nebula12321 added x1 §x§E§5§1§B§1§B§lDracula Bow in auction for 750000.
[21:29:19] > Ch4r_380 remove x1 Ancient debris from buy
[21:31:07] > VortexZayne buy x1 §f§l§x§8§A§0§0§F§FS§x§9§8§0§0§D§Dh§x§A§6§0§0§B§Bi§x§B§4§0§0§9§9n§x§C§2§0§0§7§7e§x§D§0§0§0§5§5 §x§D§E§0§0§3§3O§x§E§C§0§0§1§1ni§x§D§E§0§0§3§3 §x§D§0§0§0§5§5S§x§C§2§0§0§7§7h§x§B§4§0§0§9§9i§x§A§6§0§0§B§Be§x§9§8§0§0§D§Dl§x§8§A§0§0§F§Fd to P4LDOK for $900,000.
[21:31:25] > VortexZayne remove x1 §f§l§x§8§A§0§0§F§FS§x§9§8§0§0§D§Dh§x§A§6§0§0§B§Bi§x§B§4§0§0§9§9n§x§C§2§0§0§7§7e§x§D§0§0§0§5§5 §x§D§E§0§0§3§3O§x§E§C§0§0§1§1ni§x§D§E§0§0§3§3 §x§D§0§0§0§5§5S§x§C§2§0§0§7§7h§x§B§4§0§0§9§9i§x§A§6§0§0§B§Be§x§9§8§0§0§D§Dl§x§8§A§0§0§F§Fd from buy
[21:31:31] > Kjsilent7591 remove x1 Mace from buy
[21:31:44] > VortexZayne added x1 §f§l§x§8§A§0§0§F§FS§x§9§8§0§0§D§Dh§x§A§6§0§0§B§Bi§x§B§4§0§0§9§9n§x§C§2§0§0§7§7e§x§D§0§0§0§5§5 §x§D§E§0§0§3§3O§x§E§C§0§0§1§1ni§x§D§E§0§0§3§3 §x§D§0§0§0§5§5S§x§C§2§0§0§7§7h§x§B§4§0§0§9§9i§x§A§6§0§0§B§Be§x§9§8§0§0§D§Dl§x§8§A§0§0§F§Fd in auction for 1200000.
[21:32:04] > ParkNaru buy x1 §f§l§x§F§C§D§0§5§CW§x§F§B§A§D§4§Du§x§F§9§8§B§3§Dk§x§F§8§6§8§2§Eo§x§F§6§4§5§1§Fn§x§F§5§2§3§0§Fg§x§F§3§0§0§0§0 §x§F§5§2§3§0§FS§x§F§6§4§5§1§Fh§x§F§8§6§8§2§Eo§x§F§9§8§B§3§Dv§x§F§B§A§D§4§De§x§F§C§D§0§5§Cl to Julene for $110,000.
[21:32:59] > Julene added x1 §x§3§4§9§8§D§Bᴄᴀᴠᴇ ꜱᴘɪᴅᴇʀ ꜱᴘᴀᴡɴᴇʀ in auction for 450000.
[21:41:41] > Acon1te_0w0 added x1 §aCthulhu in auction for 100000.
[21:41:55] > Acon1te_0w0 added x1 §7Cemetery Hat in auction for 100000.
[21:42:06] > Acon1te_0w0 added x1 §eMummy Hat in auction for 100000.
[21:42:17] > Acon1te_0w0 added x1 §fButterfly Hat in auction for 100000.
[21:42:32] > Acon1te_0w0 added x1 §fMagician Hat in auction for 100000.
[21:42:32] > 8it5inn buy x1 §fButterfly Hat to Acon1te_0w0 for $100,000.
[21:42:41] > 8it5inn remove x1 §fButterfly Hat from buy
[21:43:38] > Acon1te_0w0 added x1 §fPiglin Plushie §6(#64/101) in auction for 100000.
[21:48:05] > MakmakJV added x1 §x§F§F§5§5§0§0§lsᴇʟʟᴡᴀɴᴅ §6- 5.0x in auction for 500000.
[21:49:10] > HwanYo buy x1 §x§F§F§5§5§0§0§lsᴇʟʟᴡᴀɴᴅ §6- 10.0x to Keeos for $1,200,000.
[21:51:29] > Acon1te_0w0 added x1 §x§F§F§7§C§0§0§lSteamsparks Boots in auction for 50000.
[21:54:11] > x1 Iron helmet, bought by Alexfromhere, has just expired, the item is definitively deleted.
[21:54:13] > HwanYo remove x1 §x§F§F§5§5§0§0§lsᴇʟʟᴡᴀɴᴅ §6- 10.0x from buy
[21:54:14] > HwanYo remove x1 §x§F§F§5§5§0§0§lsᴇʟʟᴡᴀɴᴅ §6- 5.0x from buy
[21:54:15] > HwanYo remove x1 §x§F§F§5§5§0§0§lsᴇʟʟᴡᴀɴᴅ §6- 5.0x from buy
[21:54:15] > HwanYo remove x1 §x§F§F§5§5§0§0§lsᴇʟʟᴡᴀɴᴅ §6- 5.0x from buy
[22:06:11] > Kodakoda added x61 Wind charge in auction for 10000.
[22:09:08] > EnderDragon0120 remove x1 §x§E§5§1§B§1§B§lDracula Leggings form expire
[22:09:08] > EnderDragon0120 remove x1 §f§l§8B§x§6§3§6§3§6§3a§x§7§1§7§1§7§1h§x§8§0§8§0§8§0a§x§8§E§8§E§8§Em§x§9§C§9§C§9§Cu§7t§x§9§C§9§C§9§C §x§8§E§8§E§8§ES§x§8§0§8§0§8§0t§x§7§1§7§1§7§1a§x§6§3§6§3§6§3f§8f form expire
[22:26:40] > Zypher_0w0 buy x1 §x§F§F§5§5§0§0§lsᴇʟʟᴡᴀɴᴅ §6- 5.0x to MakmakJV for $500,000.
[22:26:45] > Zypher_0w0 buy x1 §x§F§F§5§5§0§0§lsᴇʟʟᴡᴀɴᴅ §6- 5.0x to kysicx for $500,000.
[22:27:38] > Zypher_0w0 buy x1 §x§F§F§5§5§0§0§lsᴇʟʟᴡᴀɴᴅ §6- 5.0x to .Allxnzv for $550,000.
[22:27:51] > Zypher_0w0 buy x1 §x§F§F§5§5§0§0§lsᴇʟʟᴡᴀɴᴅ §6- 5.0x to kysicx for $600,000.
[22:37:11] > Julene buy x1 Elytra to celinesanrio for $1,750,000.
[22:37:16] > Julene remove x1 Elytra from buy
[22:43:15] > Julene remove x1 §x§E§5§1§B§1§B§lDracula Spear from storage
[22:43:16] > Julene remove x1 §f§l§8B§x§6§3§6§3§6§3a§x§7§1§7§1§7§1h§x§8§0§8§0§8§0a§x§8§E§8§E§8§Em§x§9§C§9§C§9§Cu§7t§x§9§C§9§C§9§C §x§8§E§8§E§8§ES§x§8§0§8§0§8§0t§x§7§1§7§1§7§1a§x§6§3§6§3§6§3f§8f from storage
[22:43:25] > Julene added x1 §x§E§5§1§B§1§B§lDracula Spear in auction for 130000.
[22:43:47] > Julene added x1 §f§l§8B§x§6§3§6§3§6§3a§x§7§1§7§1§7§1h§x§8§0§8§0§8§0a§x§8§E§8§E§8§Em§x§9§C§9§C§9§Cu§7t§x§9§C§9§C§9§C §x§8§E§8§E§8§ES§x§8§0§8§0§8§0t§x§7§1§7§1§7§1a§x§6§3§6§3§6§3f§8f in auction for 150000.
[22:44:20] > Julene remove x1 §x§E§5§1§B§1§B§lDracula Spear from storage
[22:44:21] > Julene remove x1 §f§l§8B§x§6§3§6§3§6§3a§x§7§1§7§1§7§1h§x§8§0§8§0§8§0a§x§8§E§8§E§8§Em§x§9§C§9§C§9§Cu§7t§x§9§C§9§C§9§C §x§8§E§8§E§8§ES§x§8§0§8§0§8§0t§x§7§1§7§1§7§1a§x§6§3§6§3§6§3f§8f from storage
[22:47:14] > nebula12321 buy x61 Wind charge to Kodakoda for $10,000.
[22:47:37] > nebula12321 buy x1 §fPiglin Plushie §6(#64/101) to Acon1te_0w0 for $100,000.
[22:47:43] > nebula12321 remove x1 §x§F§F§3§E§0§0§lD§x§F§F§3§5§0§0§le§x§F§F§2§C§0§0§lm§x§F§F§2§3§0§0§lo§x§F§F§1§B§0§0§ln §x§F§F§0§9§0§0§lL§x§F§F§0§0§0§0§lo§x§F§F§0§A§0§0§lr§x§F§F§1§5§0§0§ld §x§F§F§2§9§0§0§lB§x§F§F§3§4§0§0§lo§x§F§F§3§E§0§0§lw from buy
[22:47:44] > nebula12321 remove x61 Wind charge from buy
[22:47:45] > nebula12321 remove x1 §fPiglin Plushie §6(#64/101) from buy
[22:48:38] > nebula12321 remove x1 Shulker box from storage
[22:48:40] > CoinDegree52415 buy x1 §x§E§5§1§B§1§B§lDracula Blade to kabayooo for $200,000.
[22:49:22] > CoinDegree52415 remove x1 §x§E§5§1§B§1§B§lDracula Blade from buy
[22:49:47] > Zypher_0w0 added x64 Brown wool in auction for 2000.
[22:52:23] > Zypher_0w0 added x64 Sea lantern in auction for 4800.
[22:53:00] > .Didoy12345 buy x64 Brown wool to Zypher_0w0 for $2,000.
[22:53:05] > Zypher_0w0 remove x1 §x§F§F§5§5§0§0§lsᴇʟʟᴡᴀɴᴅ §6- 5.0x form buy
[22:53:05] > Zypher_0w0 remove x1 §x§F§F§5§5§0§0§lsᴇʟʟᴡᴀɴᴅ §6- 5.0x form buy
[22:53:05] > Zypher_0w0 remove x1 §x§F§F§5§5§0§0§lsᴇʟʟᴡᴀɴᴅ §6- 5.0x form buy
[22:53:05] > Zypher_0w0 remove x1 §x§F§F§5§5§0§0§lsᴇʟʟᴡᴀɴᴅ §6- 5.0x form buy
[22:56:27] > .Didoy12345 remove x64 Brown wool from buy
[22:56:45] > nebula12321 buy x64 Emerald block to HwanYo for $250,000.
[22:56:50] > nebula12321 remove x64 Emerald block from buy
[23:10:27] > .FrankBAILON buy x1 §x§F§F§7§C§0§0§lSteamsparks Boots to Acon1te_0w0 for $50,000.
[23:10:47] > .FrankBAILON remove x1 §f§l§8B§x§6§2§6§2§6§2a§x§6§F§6§F§6§Fh§x§7§C§7§C§7§Ca§x§8§9§8§9§8§9m§x§9§6§9§6§9§6u§x§A§3§A§3§A§3t §x§9§6§9§6§9§6P§x§8§9§8§9§8§9i§x§7§C§7§C§7§Cc§x§6§F§6§F§6§Fa§x§6§2§6§2§6§2x§8e form storage
[23:10:47] > .FrankBAILON remove x1 §x§F§F§7§C§0§0§lSteamsparks Halberd form storage
[23:10:47] > .FrankBAILON remove x1 Music disc lava chicken form storage
[23:14:07] > .FrankBAILON remove x1 Netherite upgrade smithing template from buy
[23:14:09] > .FrankBAILON remove x1 §esᴋᴇʟᴇᴛᴏɴ sᴘᴀᴡɴᴇʀ from buy
[23:14:10] > .FrankBAILON remove x1 §esᴋᴇʟᴇᴛᴏɴ sᴘᴀᴡɴᴇʀ from buy
[23:14:12] > .FrankBAILON remove x1 §x§F§F§7§C§0§0§lSteamsparks Boots from buy
[23:30:51] > Dentatsu buy x64 Emerald block to HwanYo for $250,000.
[23:31:16] > Dentatsu remove x64 Emerald block from buy
[23:40:00] > Ch4r_380 added x1 Netherite ingot in auction for 300000.
[23:40:20] > Ch4r_380 added x1 Netherite ingot in auction for 300000.
[23:41:02] > Ch4r_380 added x1 Netherite ingot in auction for 300000.
[23:41:12] > Ch4r_380 added x1 Netherite ingot in auction for 300000.
[23:41:45] > Ch4r_380 added x1 Netherite ingot in auction for 300000.
[00:01:40] > .Didoy12345 added x1 §f§l§8B§x§6§3§6§3§6§3a§x§7§1§7§1§7§1h§x§8§0§8§0§8§0a§x§8§E§8§E§8§Em§x§9§C§9§C§9§Cu§7t§x§9§C§9§C§9§C §x§8§E§8§E§8§ES§x§8§0§8§0§8§0w§x§7§1§7§1§7§1o§x§6§3§6§3§6§3r§8d in auction for 500000.
[00:02:06] > .Didoy12345 added x1 §x§F§F§7§C§0§0§lSteamsparks Staff in auction for 500000.
[00:02:31] > .Didoy12345 added x1 §x§E§5§1§B§1§B§lDracula Boots in auction for 300000.
[00:02:49] > .Didoy12345 buy x3 §x§F§F§3§E§0§0§lD§x§F§F§3§7§0§0§le§x§F§F§3§0§0§0§lm§x§F§F§2§9§0§0§lo§x§F§F§2§2§0§0§ln §x§F§F§1§5§0§0§lL§x§F§F§0§E§0§0§lo§x§F§F§0§7§0§0§lr§x§F§F§0§0§0§0§ld §x§F§F§0§E§0§0§lF§x§F§F§1§5§0§0§lr§x§F§F§1§C§0§0§la§x§F§F§2§2§0§0§lg§x§F§F§2§9§0§0§lm§x§F§F§3§0§0§0§le§x§F§F§3§7§0§0§ln§x§F§F§3§E§0§0§lt to aznaaa for $200,000.
[00:03:35] > .Didoy12345 remove x3 §x§F§F§3§E§0§0§lD§x§F§F§3§7§0§0§le§x§F§F§3§0§0§0§lm§x§F§F§2§9§0§0§lo§x§F§F§2§2§0§0§ln §x§F§F§1§5§0§0§lL§x§F§F§0§E§0§0§lo§x§F§F§0§7§0§0§lr§x§F§F§0§0§0§0§ld §x§F§F§0§E§0§0§lF§x§F§F§1§5§0§0§lr§x§F§F§1§C§0§0§la§x§F§F§2§2§0§0§lg§x§F§F§2§9§0§0§lm§x§F§F§3§0§0§0§le§x§F§F§3§7§0§0§ln§x§F§F§3§E§0§0§lt from buy
[00:09:37] > .Didoy12345 added x1 §x§F§F§3§E§0§0§lD§x§F§F§3§7§0§0§le§x§F§F§3§0§0§0§lm§x§F§F§2§9§0§0§lo§x§F§F§2§2§0§0§ln §x§F§F§1§5§0§0§lL§x§F§F§0§E§0§0§lo§x§F§F§0§7§0§0§lr§x§F§F§0§0§0§0§ld §x§F§F§0§E§0§0§lF§x§F§F§1§5§0§0§lr§x§F§F§1§C§0§0§la§x§F§F§2§2§0§0§lg§x§F§F§2§9§0§0§lm§x§F§F§3§0§0§0§le§x§F§F§3§7§0§0§ln§x§F§F§3§E§0§0§lt in auction for 200000.
[00:09:49] > .Didoy12345 added x1 §x§F§F§3§E§0§0§lD§x§F§F§3§7§0§0§le§x§F§F§3§0§0§0§lm§x§F§F§2§9§0§0§lo§x§F§F§2§2§0§0§ln §x§F§F§1§5§0§0§lL§x§F§F§0§E§0§0§lo§x§F§F§0§7§0§0§lr§x§F§F§0§0§0§0§ld §x§F§F§0§E§0§0§lF§x§F§F§1§5§0§0§lr§x§F§F§1§C§0§0§la§x§F§F§2§2§0§0§lg§x§F§F§2§9§0§0§lm§x§F§F§3§0§0§0§le§x§F§F§3§7§0§0§ln§x§F§F§3§E§0§0§lt in auction for 200000.
[00:10:41] > anneyong buy x64 Sea lantern to Zypher_0w0 for $4,800.
[00:13:33] > tic_sz remove x1 §f§l§x§8§A§0§0§F§FS§x§9§8§0§0§D§Dh§x§A§6§0§0§B§Bi§x§B§4§0§0§9§9n§x§C§2§0§0§7§7e§x§D§0§0§0§5§5 §x§D§E§0§0§3§3O§x§E§C§0§0§1§1ni§x§D§E§0§0§3§3 §x§D§0§0§0§5§5S§x§C§2§0§0§7§7h§x§B§4§0§0§9§9o§x§A§6§0§0§B§Bv§x§9§8§0§0§D§De§x§8§A§0§0§F§Fl from storage
[00:40:08] > Zypher_0w0 buy x1 §x§F§F§5§5§0§0§lsᴇʟʟᴡᴀɴᴅ §6- 5.0x to kabayooo for $600,000.
[00:40:25] > Zypher_0w0 remove x1 §x§F§F§5§5§0§0§lsᴇʟʟᴡᴀɴᴅ §6- 5.0x from buy
[00:43:16] > VortexZayne added x10 §x§F§C§9§0§5§C§lE§x§E§6§9§C§6§B§lp§x§C§F§A§7§7§A§li§x§B§9§B§3§8§9§lc §x§8§C§C§B§A§7§lC§x§7§5§D§6§B§6§lr§x§5§F§E§2§C§5§la§x§7§9§D§4§B§4§lt§x§9§3§C§7§A§2§le §x§C§8§A§B§7§F§lK§x§E§2§9§E§6§E§le§x§F§C§9§0§5§C§ly in auction for 50000.
[00:43:31] > VortexZayne added x13 §x§F§C§D§0§5§C§lB§x§E§6§D§3§6§B§la§x§C§F§D§5§7§A§ls§x§B§9§D§8§8§9§li§x§A§2§D§A§9§8§lc §x§7§5§D§F§B§6§lC§x§5§F§E§2§C§5§lr§x§7§5§D§F§B§6§la§x§8§C§D§D§A§7§lt§x§A§2§D§A§9§8§le §x§C§F§D§5§7§A§lK§x§E§6§D§3§6§B§le§x§F§C§D§0§5§C§ly in auction for 40000.
[00:50:51] > baba added x1 §x§F§0§7§A§5§4§lZombie Apocalyptic Key in auction for 100000.
[01:04:47] > BlackJordan69 added x1 §x§F§F§5§5§0§0§lsᴇʟʟᴡᴀɴᴅ §6- 20.0x in auction for 7000000.
[01:16:43] > 8it5inn buy x13 §x§F§C§D§0§5§C§lB§x§E§6§D§3§6§B§la§x§C§F§D§5§7§A§ls§x§B§9§D§8§8§9§li§x§A§2§D§A§9§8§lc §x§7§5§D§F§B§6§lC§x§5§F§E§2§C§5§lr§x§7§5§D§F§B§6§la§x§8§C§D§D§A§7§lt§x§A§2§D§A§9§8§le §x§C§F§D§5§7§A§lK§x§E§6§D§3§6§B§le§x§F§C§D§0§5§C§ly to VortexZayne for $40,000.
[01:16:46] > 8it5inn buy x10 §x§F§C§9§0§5§C§lE§x§E§6§9§C§6§B§lp§x§C§F§A§7§7§A§li§x§B§9§B§3§8§9§lc §x§8§C§C§B§A§7§lC§x§7§5§D§6§B§6§lr§x§5§F§E§2§C§5§la§x§7§9§D§4§B§4§lt§x§9§3§C§7§A§2§le §x§C§8§A§B§7§F§lK§x§E§2§9§E§6§E§le§x§F§C§9§0§5§C§ly to VortexZayne for $50,000.
[01:16:50] > 8it5inn buy x1 §x§F§0§7§A§5§4§lZombie Apocalyptic Key to baba for $100,000.
[01:17:03] > 8it5inn remove x13 §x§F§C§D§0§5§C§lB§x§E§6§D§3§6§B§la§x§C§F§D§5§7§A§ls§x§B§9§D§8§8§9§li§x§A§2§D§A§9§8§lc §x§7§5§D§F§B§6§lC§x§5§F§E§2§C§5§lr§x§7§5§D§F§B§6§la§x§8§C§D§D§A§7§lt§x§A§2§D§A§9§8§le §x§C§F§D§5§7§A§lK§x§E§6§D§3§6§B§le§x§F§C§D§0§5§C§ly from buy
[01:17:03] > 8it5inn remove x10 §x§F§C§9§0§5§C§lE§x§E§6§9§C§6§B§lp§x§C§F§A§7§7§A§li§x§B§9§B§3§8§9§lc §x§8§C§C§B§A§7§lC§x§7§5§D§6§B§6§lr§x§5§F§E§2§C§5§la§x§7§9§D§4§B§4§lt§x§9§3§C§7§A§2§le §x§C§8§A§B§7§F§lK§x§E§2§9§E§6§E§le§x§F§C§9§0§5§C§ly from buy
[01:17:04] > 8it5inn remove x1 §x§F§0§7§A§5§4§lZombie Apocalyptic Key from buy
[01:18:45] > Julene added x1 §x§E§5§1§B§1§B§lDracula Dagger in auction for 85000.
[01:19:14] > Julene added x1 §x§E§5§1§B§1§B§lDracula Dagger in auction for 85000.
[01:19:33] > VortexZayne buy x1 Netherite ingot to Ch4r_380 for $300,000.
[01:19:35] > VortexZayne buy x1 Netherite ingot to Ch4r_380 for $300,000.
[01:19:37] > VortexZayne buy x1 Netherite ingot to Ch4r_380 for $300,000.
[01:19:55] > Ch4r_380 added x1 Netherite ingot in auction for 300000.
[01:20:22] > Ch4r_380 remove x1 Netherite ingot from storage
[01:20:28] > koshie buy x1 §x§F§F§5§5§0§0§lsᴇʟʟᴡᴀɴᴅ §6- 5.0x to 8it5inn for $650,000.
[01:20:30] > x1 §x§E§5§1§B§1§B§lDracula Battleaxe, item of Cooldoggiexd, has just expired, the item is definitively deleted.
[01:20:30] > x1 §x§C§9§A§7§F§C§lL§x§B§D§A§E§F§6§le§x§B§1§B§4§F§0§lg§x§A§6§B§B§E§A§le§x§9§A§C§1§E§4§ln§x§8§E§C§8§D§D§ld§x§8§2§C§E§D§7§la§x§7§7§D§5§D§1§lr§x§6§B§D§B§C§B§ly §x§6§B§D§B§C§B§lC§x§7§7§D§5§D§1§lr§x§8§2§C§E§D§7§la§x§8§E§C§8§D§D§lt§x§9§A§C§1§E§4§le §x§B§1§B§4§F§0§lK§x§B§D§A§E§F§6§le§x§C§9§A§7§F§C§ly, item of sdxd_12, has just expired, the item is definitively deleted.
[01:20:30] > x1 §x§F§F§3§E§0§0§lD§x§F§F§3§5§0§0§le§x§F§F§2§C§0§0§lm§x§F§F§2§3§0§0§lo§x§F§F§1§B§0§0§ln §x§F§F§0§9§0§0§lL§x§F§F§0§0§0§0§lo§x§F§F§0§A§0§0§lr§x§F§F§1§5§0§0§ld §x§F§F§2§9§0§0§lH§x§F§F§3§4§0§0§lo§x§F§F§3§E§0§0§le, item of octopus_01, has just expired, the item is definitively deleted.
[01:20:31] > Ch4r_380 remove x1 Netherite ingot form expire
[01:20:40] > Ch4r_380 added x1 Netherite ingot in auction for 225000.
[01:20:45] > VortexZayne buy x1 Netherite ingot to Ch4r_380 for $225,000.
[01:21:10] > VortexZayne remove x1 Netherite ingot from buy
[01:21:11] > VortexZayne remove x1 Netherite ingot from buy
[01:21:11] > VortexZayne remove x1 Netherite ingot from buy
[01:21:11] > VortexZayne remove x1 Netherite ingot from buy
[01:21:19] > koshie buy x1 §x§F§F§5§5§0§0§lsᴇʟʟᴡᴀɴᴅ §6- 5.0x to Dentatsu for $650,000.
[01:21:24] > koshie buy x1 §x§F§F§5§5§0§0§lsᴇʟʟᴡᴀɴᴅ §6- 5.0x to Dentatsu for $650,000.
[01:21:40] > koshie buy x1 §x§F§F§5§5§0§0§lsᴇʟʟᴡᴀɴᴅ §6- 5.0x to claypotter for $700,000.
[01:21:46] > koshie buy x1 §x§F§F§5§5§0§0§lsᴇʟʟᴡᴀɴᴅ §6- 5.0x to claypotter for $700,000.
[01:21:51] > koshie buy x1 §x§F§F§5§5§0§0§lsᴇʟʟᴡᴀɴᴅ §6- 5.0x to claypotter for $700,000.
[01:21:55] > koshie buy x1 §x§F§F§5§5§0§0§lsᴇʟʟᴡᴀɴᴅ §6- 5.0x to claypotter for $700,000.
[01:22:00] > koshie buy x1 §x§F§F§5§5§0§0§lsᴇʟʟᴡᴀɴᴅ §6- 5.0x to .JoshuaCraft9422 for $600,000.
[01:31:33] > BlackJordan69 remove x1 §x§F§F§5§5§0§0§lsᴇʟʟᴡᴀɴᴅ §6- 20.0x form storage
[01:31:53] > 8it5inn remove x1 §f§l§8B§x§6§2§6§2§6§2a§x§6§F§6§F§6§Fh§x§7§C§7§C§7§Ca§x§8§9§8§9§8§9m§x§9§6§9§6§9§6u§x§A§3§A§3§A§3t §x§9§6§9§6§9§6H§x§8§9§8§9§8§9a§x§7§C§7§C§7§Ct§x§6§F§6§F§6§F §x§6§2§6§2§6§2V§82 from storage
[01:31:56] > BlackJordan69 added x1 §x§F§F§5§5§0§0§lsᴇʟʟᴡᴀɴᴅ §6- 20.0x in auction for 2000000.
[01:32:35] > 8it5inn added x1 §f§l§8B§x§6§2§6§2§6§2a§x§6§F§6§F§6§Fh§x§7§C§7§C§7§Ca§x§8§9§8§9§8§9m§x§9§6§9§6§9§6u§x§A§3§A§3§A§3t §x§9§6§9§6§9§6S§x§8§9§8§9§8§9h§x§7§C§7§C§7§Ci§x§6§F§6§F§6§Fe§x§6§2§6§2§6§2l§8d in auction for 3000000.
[01:32:47] > 8it5inn added x1 §f§l§8B§x§6§2§6§2§6§2a§x§6§F§6§F§6§Fh§x§7§C§7§C§7§Ca§x§8§9§8§9§8§9m§x§9§6§9§6§9§6u§x§A§3§A§3§A§3t §x§9§6§9§6§9§6H§x§8§9§8§9§8§9a§x§7§C§7§C§7§Ct§x§6§F§6§F§6§F §x§6§2§6§2§6§2V§82 in auction for 1000000.
[01:35:00] > BlackJordan69 remove x1 §x§F§F§5§5§0§0§lsᴇʟʟᴡᴀɴᴅ §6- 20.0x form storage
[01:38:15] > VortexZayne remove x1 §f§l§x§8§A§0§0§F§FS§x§9§9§0§0§D§Bh§x§A§8§0§0§B§6i§x§B§7§0§0§9§2n§x§C§6§0§0§6§De§x§D§5§0§0§4§9 §x§E§4§0§0§2§4O§x§F§3§0§0§0§0n§x§E§4§0§0§2§4i§x§D§5§0§0§4§9 §x§C§6§0§0§6§DS§x§B§7§0§0§9§2t§x§A§8§0§0§B§6a§x§9§9§0§0§D§Bf§x§8§A§0§0§F§Ff from storage
[01:38:15] > VortexZayne remove x1 §f§l§x§8§A§0§0§F§FS§x§9§8§0§0§D§Dh§x§A§6§0§0§B§Bi§x§B§4§0§0§9§9n§x§C§2§0§0§7§7e§x§D§0§0§0§5§5 §x§D§E§0§0§3§3O§x§E§C§0§0§1§1ni§x§D§E§0§0§3§3 §x§D§0§0§0§5§5S§x§C§2§0§0§7§7h§x§B§4§0§0§9§9i§x§A§6§0§0§B§Be§x§9§8§0§0§D§Dl§x§8§A§0§0§F§Fd from storage
[01:38:33] > VortexZayne added x1 §f§l§x§8§A§0§0§F§FS§x§9§9§0§0§D§Bh§x§A§8§0§0§B§6i§x§B§7§0§0§9§2n§x§C§6§0§0§6§De§x§D§5§0§0§4§9 §x§E§4§0§0§2§4O§x§F§3§0§0§0§0n§x§E§4§0§0§2§4i§x§D§5§0§0§4§9 §x§C§6§0§0§6§DS§x§B§7§0§0§9§2t§x§A§8§0§0§B§6a§x§9§9§0§0§D§Bf§x§8§A§0§0§F§Ff in auction for 1100000.
[01:38:51] > VortexZayne added x1 §f§l§x§8§A§0§0§F§FS§x§9§8§0§0§D§Dh§x§A§6§0§0§B§Bi§x§B§4§0§0§9§9n§x§C§2§0§0§7§7e§x§D§0§0§0§5§5 §x§D§E§0§0§3§3O§x§E§C§0§0§1§1ni§x§D§E§0§0§3§3 §x§D§0§0§0§5§5S§x§C§2§0§0§7§7h§x§B§4§0§0§9§9i§x§A§6§0§0§B§Be§x§9§8§0§0§D§Dl§x§8§A§0§0§F§Fd in auction for 900000.
[01:52:15] > BlackJordan69 buy x1 §x§F§F§3§E§0§0§lD§x§F§F§3§7§0§0§le§x§F§F§3§0§0§0§lm§x§F§F§2§9§0§0§lo§x§F§F§2§2§0§0§ln §x§F§F§1§5§0§0§lL§x§F§F§0§E§0§0§lo§x§F§F§0§7§0§0§lr§x§F§F§0§0§0§0§ld §x§F§F§0§E§0§0§lF§x§F§F§1§5§0§0§lr§x§F§F§1§C§0§0§la§x§F§F§2§2§0§0§lg§x§F§F§2§9§0§0§lm§x§F§F§3§0§0§0§le§x§F§F§3§7§0§0§ln§x§F§F§3§E§0§0§lt to .Didoy12345 for $200,000.
[01:52:16] > BG1017 added x1 §f§l§8B§x§6§6§6§6§6§6a§x§7§7§7§7§7§7h§x§8§8§8§8§8§8a§x§9§9§9§9§9§9m§7u§x§9§9§9§9§9§9t§x§8§8§8§8§8§8 §x§7§7§7§7§7§7A§x§6§6§6§6§6§6x§8e in auction for 1000000.
[01:52:18] > BlackJordan69 buy x1 §x§F§F§3§E§0§0§lD§x§F§F§3§7§0§0§le§x§F§F§3§0§0§0§lm§x§F§F§2§9§0§0§lo§x§F§F§2§2§0§0§ln §x§F§F§1§5§0§0§lL§x§F§F§0§E§0§0§lo§x§F§F§0§7§0§0§lr§x§F§F§0§0§0§0§ld §x§F§F§0§E§0§0§lF§x§F§F§1§5§0§0§lr§x§F§F§1§C§0§0§la§x§F§F§2§2§0§0§lg§x§F§F§2§9§0§0§lm§x§F§F§3§0§0§0§le§x§F§F§3§7§0§0§ln§x§F§F§3§E§0§0§lt to .Didoy12345 for $200,000.
[01:53:26] > Ch4r_380 added x4 Netherite upgrade smithing template in auction for 300000.
[01:54:17] > BlackJordan69 remove x1 §x§F§F§3§E§0§0§lD§x§F§F§3§7§0§0§le§x§F§F§3§0§0§0§lm§x§F§F§2§9§0§0§lo§x§F§F§2§2§0§0§ln §x§F§F§1§5§0§0§lL§x§F§F§0§E§0§0§lo§x§F§F§0§7§0§0§lr§x§F§F§0§0§0§0§ld §x§F§F§0§E§0§0§lF§x§F§F§1§5§0§0§lr§x§F§F§1§C§0§0§la§x§F§F§2§2§0§0§lg§x§F§F§2§9§0§0§lm§x§F§F§3§0§0§0§le§x§F§F§3§7§0§0§ln§x§F§F§3§E§0§0§lt form buy
[01:54:17] > BlackJordan69 remove x1 §x§F§F§3§E§0§0§lD§x§F§F§3§7§0§0§le§x§F§F§3§0§0§0§lm§x§F§F§2§9§0§0§lo§x§F§F§2§2§0§0§ln §x§F§F§1§5§0§0§lL§x§F§F§0§E§0§0§lo§x§F§F§0§7§0§0§lr§x§F§F§0§0§0§0§ld §x§F§F§0§E§0§0§lF§x§F§F§1§5§0§0§lr§x§F§F§1§C§0§0§la§x§F§F§2§2§0§0§lg§x§F§F§2§9§0§0§lm§x§F§F§3§0§0§0§le§x§F§F§3§7§0§0§ln§x§F§F§3§E§0§0§lt form buy
[02:01:15] > Ch4r_380 added x1 §x§8§A§0§0§F§FS§x§9§9§0§0§D§Bh§x§A§8§0§0§B§6i§x§B§7§0§0§9§2n§x§C§6§0§0§6§De§x§D§5§0§0§4§9 §x§E§4§0§0§2§4O§x§F§3§0§0§0§0n§x§E§4§0§0§2§4i§x§D§5§0§0§4§9 §x§C§6§0§0§6§DS§x§B§7§0§0§9§2p§x§A§8§0§0§B§6e§x§9§9§0§0§D§Ba§x§8§A§0§0§F§Fr in auction for 1111111.
[02:01:30] > Ch4r_380 remove x1 §x§8§A§0§0§F§FS§x§9§9§0§0§D§Bh§x§A§8§0§0§B§6i§x§B§7§0§0§9§2n§x§C§6§0§0§6§De§x§D§5§0§0§4§9 §x§E§4§0§0§2§4O§x§F§3§0§0§0§0n§x§E§4§0§0§2§4i§x§D§5§0§0§4§9 §x§C§6§0§0§6§DS§x§B§7§0§0§9§2p§x§A§8§0§0§B§6e§x§9§9§0§0§D§Ba§x§8§A§0§0§F§Fr from storage
[02:01:43] > Ch4r_380 added x1 §x§8§A§0§0§F§FS§x§9§9§0§0§D§Bh§x§A§8§0§0§B§6i§x§B§7§0§0§9§2n§x§C§6§0§0§6§De§x§D§5§0§0§4§9 §x§E§4§0§0§2§4O§x§F§3§0§0§0§0n§x§E§4§0§0§2§4i§x§D§5§0§0§4§9 §x§C§6§0§0§6§DS§x§B§7§0§0§9§2p§x§A§8§0§0§B§6e§x§9§9§0§0§D§Ba§x§8§A§0§0§F§Fr in auction for 2000000.
[02:05:11] > BlackJordan69 added x2 §x§F§F§3§E§0§0§lD§x§F§F§3§7§0§0§le§x§F§F§3§0§0§0§lm§x§F§F§2§9§0§0§lo§x§F§F§2§2§0§0§ln §x§F§F§1§5§0§0§lL§x§F§F§0§E§0§0§lo§x§F§F§0§7§0§0§lr§x§F§F§0§0§0§0§ld §x§F§F§0§E§0§0§lF§x§F§F§1§5§0§0§lr§x§F§F§1§C§0§0§la§x§F§F§2§2§0§0§lg§x§F§F§2§9§0§0§lm§x§F§F§3§0§0§0§le§x§F§F§3§7§0§0§ln§x§F§F§3§E§0§0§lt in auction for 600000.
[02:06:00] > BlackJordan69 added x1 §f§l§8B§x§6§4§6§4§6§4a§x§7§4§7§4§7§4h§x§8§3§8§3§8§3a§x§9§3§9§3§9§3m§x§A§2§A§2§A§2ut§x§9§3§9§3§9§3 §x§8§3§8§3§8§3M§x§7§4§7§4§7§4a§x§6§4§6§4§6§4c§8e in auction for 1000000.
[02:06:17] > BlackJordan69 added x1 Enchanted golden apple in auction for 150000.
[02:06:40] > Ch4r_380 added x1 Netherite ingot in auction for 300000.
[02:14:00] > BlackJordan69 remove x2 §x§F§F§3§E§0§0§lD§x§F§F§3§7§0§0§le§x§F§F§3§0§0§0§lm§x§F§F§2§9§0§0§lo§x§F§F§2§2§0§0§ln §x§F§F§1§5§0§0§lL§x§F§F§0§E§0§0§lo§x§F§F§0§7§0§0§lr§x§F§F§0§0§0§0§ld §x§F§F§0§E§0§0§lF§x§F§F§1§5§0§0§lr§x§F§F§1§C§0§0§la§x§F§F§2§2§0§0§lg§x§F§F§2§9§0§0§lm§x§F§F§3§0§0§0§le§x§F§F§3§7§0§0§ln§x§F§F§3§E§0§0§lt from storage
[02:18:05] > BlackJordan69 added x2 §x§F§F§3§E§0§0§lD§x§F§F§3§7§0§0§le§x§F§F§3§0§0§0§lm§x§F§F§2§9§0§0§lo§x§F§F§2§2§0§0§ln §x§F§F§1§5§0§0§lL§x§F§F§0§E§0§0§lo§x§F§F§0§7§0§0§lr§x§F§F§0§0§0§0§ld §x§F§F§0§E§0§0§lF§x§F§F§1§5§0§0§lr§x§F§F§1§C§0§0§la§x§F§F§2§2§0§0§lg§x§F§F§2§9§0§0§lm§x§F§F§3§0§0§0§le§x§F§F§3§7§0§0§ln§x§F§F§3§E§0§0§lt in auction for 600000.
[02:30:04] > .Didoy12345 buy x1 Elytra to celinesanrio for $1,750,000.
[02:30:17] > .Didoy12345 remove x1 Elytra from buy
[02:31:56] > Technoblad7869 buy x64 Hopper to Zypher_0w0 for $128,000.
[02:32:08] > Technoblad7869 remove x17 Hopper from buy
[02:35:38] > .JoshuaCraft9422 added x1 §x§F§F§5§5§0§0§lsᴇʟʟᴡᴀɴᴅ §6- 5.0x in auction for 650000.
[02:59:13] > Ch4r_380 remove x1 §x§8§A§0§0§F§FS§x§9§9§0§0§D§Bh§x§A§8§0§0§B§6i§x§B§7§0§0§9§2n§x§C§6§0§0§6§De§x§D§5§0§0§4§9 §x§E§4§0§0§2§4O§x§F§3§0§0§0§0n§x§E§4§0§0§2§4i§x§D§5§0§0§4§9 §x§C§6§0§0§6§DS§x§B§7§0§0§9§2p§x§A§8§0§0§B§6e§x§9§9§0§0§D§Ba§x§8§A§0§0§F§Fr from storage
[03:02:18] > Ch4r_380 added x1 Netherite ingot in auction for 300000.
[03:04:59] > x1 §x§E§4§3§A§9§6§lW§x§E§7§5§3§A§3§lI§x§E§B§6§B§B§0§lN§x§E§E§8§4§B§D§lG§x§F§2§9§D§C§B§lS §x§F§8§C§E§E§5§lO§x§F§C§E§6§F§2§lF §x§F§C§E§6§F§2§lE§x§F§8§C§E§E§5§lT§x§F§5§B§5§D§8§lE§x§F§2§9§D§C§B§lR§x§E§E§8§4§B§D§lN§x§E§B§6§B§B§0§lI§x§E§7§5§3§A§3§lT§x§E§4§3§A§9§6§lY on sale by Abbadex has just expired, it goes in the inventory of expired items.
[03:10:30] > .Kenku1001 added x1 §f§l§x§8§A§0§0§F§FS§x§9§8§0§0§D§Dh§x§A§6§0§0§B§Bi§x§B§4§0§0§9§9n§x§C§2§0§0§7§7e§x§D§0§0§0§5§5 §x§D§E§0§0§3§3O§x§E§C§0§0§1§1ni§x§D§E§0§0§3§3 §x§D§0§0§0§5§5S§x§C§2§0§0§7§7h§x§B§4§0§0§9§9i§x§A§6§0§0§B§Be§x§9§8§0§0§D§Dl§x§8§A§0§0§F§Fd in auction for 1000000.
[03:17:20] > x2 §e§lCrab Scale on sale by .AyakoKoru has just expired, it goes in the inventory of expired items.
[03:17:20] > x2 §9§lCrab Claw on sale by .AyakoKoru has just expired, it goes in the inventory of expired items.
[03:32:31] > Xavier881 added x1 Enchanted book in auction for 1200000.
[03:56:15] > jeff added x1 §f§x§F§B§B§6§1§DC§x§F§0§A§F§1§Ca§x§E§5§A§8§1§Bp§x§D§B§A§0§1§9y§x§D§0§9§9§1§8b§x§C§5§9§2§1§7a§x§B§A§8§B§1§6r§x§A§F§8§4§1§5a§x§A§4§7§D§1§4 §x§9§A§7§5§1§2H§x§8§F§6§E§1§1a§x§8§4§6§7§1§0t in auction for 100000.
[03:56:32] > jeff added x1 §fBumble Bee Hat in auction for 100000.
[03:56:57] > jeff added x1 §x§E§5§1§B§1§B§lDracula Boots in auction for 100000.
[03:57:14] > jeff added x1 §x§F§F§7§C§0§0§lSteamsparks Chestplate in auction for 100000.
[03:57:27] > jeff added x1 §f§l§x§F§C§D§0§5§CW§x§F§B§A§D§4§Du§x§F§9§8§B§3§Dk§x§F§8§6§8§2§Eo§x§F§6§4§5§1§Fn§x§F§5§2§3§0§Fg§x§F§3§0§0§0§0 §x§F§5§2§3§0§FH§x§F§6§4§5§1§Fa§x§F§8§6§8§2§Em§x§F§9§8§B§3§Dm§x§F§B§A§D§4§De§x§F§C§D§0§5§Cr in auction for 100000.
[04:00:07] > Xavier881 added x1 Diamond leggings in auction for 2000.
[04:02:22] > .Allxnzv buy x1 Enchanted book to Xavier881 for $1,200,000.
[04:02:31] > .Allxnzv remove x1 Enchanted book from buy
[04:08:10] > Xavier881 added x1 Enchanted book in auction for 700000.
[04:18:40] > Ch4r_380 remove x1 Netherite ingot from storage
[04:18:42] > Ch4r_380 remove x1 Netherite ingot from storage
[04:18:44] > Ch4r_380 remove x1 Netherite ingot from storage
[04:18:47] > Ch4r_380 remove x1 Netherite ingot from storage
[04:47:43] > SussySuzy buy x1 §f§l§x§F§C§D§0§5§CW§x§F§B§A§D§4§Du§x§F§9§8§B§3§Dk§x§F§8§6§8§2§Eo§x§F§6§4§5§1§Fn§x§F§5§2§3§0§Fg§x§F§3§0§0§0§0 §x§F§5§2§3§0§FH§x§F§6§4§5§1§Fa§x§F§8§6§8§2§Em§x§F§9§8§B§3§Dm§x§F§B§A§D§4§De§x§F§C§D§0§5§Cr to jeff for $100,000.
[04:47:49] > SussySuzy remove x1 §f§l§x§F§C§D§0§5§CW§x§F§B§A§D§4§Du§x§F§9§8§B§3§Dk§x§F§8§6§8§2§Eo§x§F§6§4§5§1§Fn§x§F§5§2§3§0§Fg§x§F§3§0§0§0§0 §x§F§5§2§3§0§FH§x§F§6§4§5§1§Fa§x§F§8§6§8§2§Em§x§F§9§8§B§3§Dm§x§F§B§A§D§4§De§x§F§C§D§0§5§Cr from buy
[05:08:40] > .Allxnzv added x1 §f§l§x§F§A§0§0§0§AD§x§F§A§2§3§1§8a§x§F§B§4§5§2§5r§x§F§B§6§8§3§3k§x§F§B§8§B§4§1f§x§F§C§A§D§4§El§x§F§C§D§0§5§Ca§x§F§C§D§0§5§Cm§x§F§C§B§2§5§0e§x§F§B§9§5§4§5 §x§F§B§7§7§3§9B§x§F§B§5§9§2§Do§x§F§B§3§B§2§1o§x§F§A§1§E§1§6t§x§F§A§0§0§0§As in auction for 100000.
[05:09:14] > .Allxnzv added x1 §x§F§F§7§C§0§0§lSteamsparks Blade in auction for 50000.
[05:09:35] > .Allxnzv added x1 §x§E§5§1§B§1§B§lDracula Dagger in auction for 50000.
[06:01:58] > ManePear__ added x1 §f§l§8B§x§6§2§6§2§6§2a§x§6§F§6§F§6§Fh§x§7§C§7§C§7§Ca§x§8§9§8§9§8§9m§x§9§6§9§6§9§6u§x§A§3§A§3§A§3t §x§9§6§9§6§9§6S§x§8§9§8§9§8§9h§x§7§C§7§C§7§Co§x§6§F§6§F§6§Fv§x§6§2§6§2§6§2e§8l in auction for 100000.
[06:36:53] > Xavier883 added x2 §x§F§2§C§6§D§E§lP§x§E§0§C§A§D§B§li§x§C§D§C§D§D§8§ln§x§B§B§D§1§D§5§la§x§A§9§D§4§D§2§lt§x§9§6§D§8§C§E§la §x§7§1§D§F§C§8§lC§x§5§F§E§2§C§5§lr§x§7§4§D§E§C§9§la§x§8§9§D§A§C§C§lt§x§9§E§D§6§D§0§le §x§C§8§C§E§D§7§lK§x§D§D§C§A§D§A§le§x§F§2§C§6§D§E§ly in auction for 2000.
[06:36:57] > Xavier881 buy x2 §x§F§2§C§6§D§E§lP§x§E§0§C§A§D§B§li§x§C§D§C§D§D§8§ln§x§B§B§D§1§D§5§la§x§A§9§D§4§D§2§lt§x§9§6§D§8§C§E§la §x§7§1§D§F§C§8§lC§x§5§F§E§2§C§5§lr§x§7§4§D§E§C§9§la§x§8§9§D§A§C§C§lt§x§9§E§D§6§D§0§le §x§C§8§C§E§D§7§lK§x§D§D§C§A§D§A§le§x§F§2§C§6§D§E§ly to Xavier883 for $2,000.
[06:37:07] > Xavier882 added x2 §x§F§2§C§6§D§E§lP§x§E§0§C§A§D§B§li§x§C§D§C§D§D§8§ln§x§B§B§D§1§D§5§la§x§A§9§D§4§D§2§lt§x§9§6§D§8§C§E§la §x§7§1§D§F§C§8§lC§x§5§F§E§2§C§5§lr§x§7§4§D§E§C§9§la§x§8§9§D§A§C§C§lt§x§9§E§D§6§D§0§le §x§C§8§C§E§D§7§lK§x§D§D§C§A§D§A§le§x§F§2§C§6§D§E§ly in auction for 2000.
[06:37:12] > Xavier881 buy x2 §x§F§2§C§6§D§E§lP§x§E§0§C§A§D§B§li§x§C§D§C§D§D§8§ln§x§B§B§D§1§D§5§la§x§A§9§D§4§D§2§lt§x§9§6§D§8§C§E§la §x§7§1§D§F§C§8§lC§x§5§F§E§2§C§5§lr§x§7§4§D§E§C§9§la§x§8§9§D§A§C§C§lt§x§9§E§D§6§D§0§le §x§C§8§C§E§D§7§lK§x§D§D§C§A§D§A§le§x§F§2§C§6§D§E§ly to Xavier882 for $2,000.
[06:37:16] > Xavier881 remove x2 §x§F§2§C§6§D§E§lP§x§E§0§C§A§D§B§li§x§C§D§C§D§D§8§ln§x§B§B§D§1§D§5§la§x§A§9§D§4§D§2§lt§x§9§6§D§8§C§E§la §x§7§1§D§F§C§8§lC§x§5§F§E§2§C§5§lr§x§7§4§D§E§C§9§la§x§8§9§D§A§C§C§lt§x§9§E§D§6§D§0§le §x§C§8§C§E§D§7§lK§x§D§D§C§A§D§A§le§x§F§2§C§6§D§E§ly form buy
[06:37:16] > Xavier881 remove x2 §x§F§2§C§6§D§E§lP§x§E§0§C§A§D§B§li§x§C§D§C§D§D§8§ln§x§B§B§D§1§D§5§la§x§A§9§D§4§D§2§lt§x§9§6§D§8§C§E§la §x§7§1§D§F§C§8§lC§x§5§F§E§2§C§5§lr§x§7§4§D§E§C§9§la§x§8§9§D§A§C§C§lt§x§9§E§D§6§D§0§le §x§C§8§C§E§D§7§lK§x§D§D§C§A§D§A§le§x§F§2§C§6§D§E§ly form buy
[06:41:38] > El3ctric_Ey3 added x1 §x§5§9§A§1§D§9§lA§x§7§5§B§1§D§Fr§x§9§0§C§0§E§6c§x§A§C§D§0§E§Ch§x§C§8§E§0§F§2a§x§E§3§E§F§F§9n§fg§x§E§3§E§F§F§9e§x§C§8§E§0§F§2l §x§9§0§C§0§E§6K§x§7§5§B§1§D§Fe§x§5§9§A§1§D§9y in auction for 1000000.
[06:42:53] > El3ctric_Ey3 added x1 §x§F§F§3§E§0§0§lSellwand Voucher in auction for 650000.
[06:43:07] > El3ctric_Ey3 added x1 §x§F§F§3§E§0§0§lSellwand Voucher in auction for 650000.
[06:51:25] > El3ctric_Ey3 added x1 Spawner in auction for 100000.
[06:51:38] > El3ctric_Ey3 added x1 §eɪʀᴏɴ ɢᴏʟᴇᴍ sᴘᴀᴡɴᴇʀ in auction for 1000000.
[06:52:09] > frenchhee added x1 §x§F§F§5§5§0§0§lsᴇʟʟᴡᴀɴᴅ §6- 10.0x in auction for 750000.
[07:30:54] > bedrock_enjoy3r remove x48 Pale oak sapling from buy
[08:03:32] > nebula12321 remove x1 Music disc lava chicken form storage
[08:03:32] > nebula12321 remove x1 Shulker box form storage
[08:03:32] > nebula12321 remove x1 §x§E§5§1§B§1§B§lDracula Bow form storage
[08:03:32] > nebula12321 remove x1 §esᴋᴇʟᴇᴛᴏɴ sᴘᴀᴡɴᴇʀ form storage
[08:04:26] > nebula12321 added x1 §x§E§5§1§B§1§B§lDracula Bow in auction for 550000.
[08:04:48] > nebula12321 added x1 Music disc lava chicken in auction for 1250000.
[08:05:00] > nebula12321 added x1 §esᴋᴇʟᴇᴛᴏɴ sᴘᴀᴡɴᴇʀ in auction for 950000.
[08:05:16] > nebula12321 added x1 Shulker box in auction for 300000.
[08:18:41] > HwanYo buy x1 §x§F§F§3§E§0§0§lSellwand Voucher to El3ctric_Ey3 for $650,000.
[08:18:44] > HwanYo buy x1 §x§F§F§3§E§0§0§lSellwand Voucher to El3ctric_Ey3 for $650,000.
[08:18:49] > HwanYo buy x1 §x§F§F§5§5§0§0§lsᴇʟʟᴡᴀɴᴅ §6- 10.0x to frenchhee for $750,000.
[08:22:39] > HwanYo remove x1 §x§F§F§5§5§0§0§lsᴇʟʟᴡᴀɴᴅ §6- 10.0x from buy
[08:22:40] > HwanYo remove x1 §x§F§F§3§E§0§0§lSellwand Voucher from buy
[08:22:40] > HwanYo remove x1 §x§F§F§3§E§0§0§lSellwand Voucher from buy
[08:25:20] > bedrock_enjoy3r buy x1 Spawner to El3ctric_Ey3 for $100,000.
[08:25:30] > bedrock_enjoy3r buy x1 §x§3§4§9§8§D§Bᴄᴀᴠᴇ ꜱᴘɪᴅᴇʀ ꜱᴘᴀᴡɴᴇʀ to Julene for $450,000.
[08:25:35] > bedrock_enjoy3r remove x1 §x§3§4§9§8§D§Bᴄᴀᴠᴇ ꜱᴘɪᴅᴇʀ ꜱᴘᴀᴡɴᴇʀ from buy
[08:25:35] > bedrock_enjoy3r remove x1 Spawner from buy
[08:26:10] > HwanYo added x64 Emerald block in auction for 300000.
[08:27:44] > OoferGamezYT added x1 §aCthulhu in auction for 25000.
[08:28:16] > OoferGamezYT added x1 §7Cemetery Hat in auction for 30000.
[08:28:32] > OoferGamezYT added x2 Nether star in auction for 50000.
[08:34:22] > HwanYo added x3 Beacon in auction for 300000.
[08:34:37] > HwanYo added x64 Iron block in auction for 25000.
[08:34:48] > HwanYo added x64 Iron block in auction for 25000.
[08:34:58] > HwanYo added x64 Iron block in auction for 25000.
[08:35:08] > HwanYo added x64 Iron block in auction for 25000.
[08:35:19] > HwanYo added x64 Iron block in auction for 25000.
[08:35:35] > Lithium_O buy x64 Iron block to HwanYo for $25,000.
[08:35:38] > Lithium_O buy x64 Iron block to HwanYo for $25,000.
[08:35:41] > Lithium_O buy x64 Iron block to HwanYo for $25,000.
[08:35:43] > Lithium_O buy x64 Iron block to HwanYo for $25,000.
[08:35:46] > Lithium_O buy x64 Iron block to HwanYo for $25,000.
[08:35:49] > Lithium_O buy x3 Beacon to HwanYo for $300,000.
[08:36:35] > Lithium_O remove x64 Iron block form buy
[08:36:35] > Lithium_O remove x64 Iron block form buy
[08:36:35] > Lithium_O remove x64 Iron block form buy
[08:36:35] > Lithium_O remove x64 Iron block form buy
[08:36:56] > Lithium_O remove x64 Iron block form buy
[08:36:56] > Lithium_O remove x3 Beacon form buy
[08:38:23] > .Didoy12345 buy x1 Diamond leggings to Xavier881 for $2,000.
[08:38:55] > .Didoy12345 remove x1 Diamond leggings from buy
[08:46:38] > HwanYo added x64 Iron block in auction for 25000.
[08:46:49] > HwanYo added x64 Iron block in auction for 25000.
[08:46:52] > BlackKnight buy x1 §f§l§x§F§A§0§0§0§AD§x§F§A§2§3§1§8a§x§F§B§4§5§2§5r§x§F§B§6§8§3§3k§x§F§B§8§B§4§1f§x§F§C§A§D§4§El§x§F§C§D§0§5§Ca§x§F§C§D§0§5§Cm§x§F§C§B§2§5§0e§x§F§B§9§5§4§5 §x§F§B§7§7§3§9B§x§F§B§5§9§2§Do§x§F§B§3§B§2§1o§x§F§A§1§E§1§6t§x§F§A§0§0§0§As to .Allxnzv for $100,000.
[08:46:57] > BlackKnight buy x1 §f§l§8B§x§6§2§6§2§6§2a§x§6§F§6§F§6§Fh§x§7§C§7§C§7§Ca§x§8§9§8§9§8§9m§x§9§6§9§6§9§6u§x§A§3§A§3§A§3t §x§9§6§9§6§9§6S§x§8§9§8§9§8§9h§x§7§C§7§C§7§Co§x§6§F§6§F§6§Fv§x§6§2§6§2§6§2e§8l to ManePear__ for $100,000.
[08:47:00] > Lithium_O buy x64 Iron block to HwanYo for $25,000.
[08:47:03] > Lithium_O buy x64 Iron block to HwanYo for $25,000.
[08:47:09] > Lithium_O remove x64 Iron block form buy
[08:47:09] > Lithium_O remove x64 Iron block form buy
[08:50:49] > BlackKnight buy x1 §eɪʀᴏɴ ɢᴏʟᴇᴍ sᴘᴀᴡɴᴇʀ to dennnnn for $920,000.
[08:50:52] > BlackKnight buy x1 §eɪʀᴏɴ ɢᴏʟᴇᴍ sᴘᴀᴡɴᴇʀ to El3ctric_Ey3 for $1,000,000.
[08:58:34] > x1 Nether star, bought by benben929, has just expired, the item is definitively deleted.
[08:58:34] > x1 Nether star, bought by benben929, has just expired, the item is definitively deleted.
[08:58:34] > x1 Nether star, bought by DanDan, has just expired, the item is definitively deleted.
[09:05:09] > BlackKnight remove x1 §eɪʀᴏɴ ɢᴏʟᴇᴍ sᴘᴀᴡɴᴇʀ form buy
[09:05:09] > BlackKnight remove x1 §f§l§8B§x§6§2§6§2§6§2a§x§6§F§6§F§6§Fh§x§7§C§7§C§7§Ca§x§8§9§8§9§8§9m§x§9§6§9§6§9§6u§x§A§3§A§3§A§3t §x§9§6§9§6§9§6S§x§8§9§8§9§8§9h§x§7§C§7§C§7§Co§x§6§F§6§F§6§Fv§x§6§2§6§2§6§2e§8l form buy
[09:05:09] > BlackKnight remove x1 §f§l§x§F§A§0§0§0§AD§x§F§A§2§3§1§8a§x§F§B§4§5§2§5r§x§F§B§6§8§3§3k§x§F§B§8§B§4§1f§x§F§C§A§D§4§El§x§F§C§D§0§5§Ca§x§F§C§D§0§5§Cm§x§F§C§B§2§5§0e§x§F§B§9§5§4§5 §x§F§B§7§7§3§9B§x§F§B§5§9§2§Do§x§F§B§3§B§2§1o§x§F§A§1§E§1§6t§x§F§A§0§0§0§As form buy
[09:05:09] > BlackKnight remove x1 §eɪʀᴏɴ ɢᴏʟᴇᴍ sᴘᴀᴡɴᴇʀ form buy
[09:16:34] > HwanYo added x15 Enchanted golden apple in auction for 350000.
[09:29:10] > Dentatsu buy x1 §x§E§5§1§B§1§B§lDracula Dagger to .Allxnzv for $50,000.
[09:29:20] > Dentatsu buy x1 §x§F§F§7§C§0§0§lSteamsparks Blade to .Allxnzv for $50,000.
[09:29:22] > khenjieMC added x1 §esᴘɪᴅᴇʀ sᴘᴀᴡɴᴇʀ in auction for 1000000.
[09:29:35] > khenjieMC added x1 §eɪʀᴏɴ ɢᴏʟᴇᴍ sᴘᴀᴡɴᴇʀ in auction for 1000000.
[09:29:51] > khenjieMC added x1 §eʙʟᴀᴢᴇ sᴘᴀᴡɴᴇʀ in auction for 1000000.
[09:30:01] > khenjieMC added x1 §eʙʟᴀᴢᴇ sᴘᴀᴡɴᴇʀ in auction for 1000000.
[09:33:31] > .Didoy12345 added x1 Totem of undying in auction for 20000.
[09:33:41] > .Didoy12345 added x1 Totem of undying in auction for 20000.
[09:36:16] > Kodakoda remove x5 Nether star from storage
[09:36:20] > frenchhee buy x15 Enchanted golden apple to HwanYo for $350,000.
[09:36:53] > Kodakoda buy x2 Nether star to OoferGamezYT for $50,000.
[09:38:59] > dennnnn remove x1 Elytra from buy
[09:40:40] > frenchhee buy x1 §esᴘɪᴅᴇʀ sᴘᴀᴡɴᴇʀ to sigman for $500,000.
[09:41:09] > frenchhee remove x1 Ender chest from buy
[09:41:09] > frenchhee remove x1 §esᴘɪᴅᴇʀ sᴘᴀᴡɴᴇʀ from buy
[09:41:10] > frenchhee remove x15 Enchanted golden apple from buy
[09:47:24] > BlackKnight buy x1 §eɪʀᴏɴ ɢᴏʟᴇᴍ sᴘᴀᴡɴᴇʀ to khenjieMC for $1,000,000.
[09:48:39] > BlackKnight remove x1 §eɪʀᴏɴ ɢᴏʟᴇᴍ sᴘᴀᴡɴᴇʀ form buy
[09:50:46] > PrinceBGC added x1 §fParrot Plushie (Green) §6(#61/101) in auction for 500.
[09:53:06] > ry9191 remove x1 §f§l§8B§x§6§6§6§6§6§6a§x§7§7§7§7§7§7h§x§8§8§8§8§8§8a§x§9§9§9§9§9§9m§7u§x§9§9§9§9§9§9t§x§8§8§8§8§8§8 §x§7§7§7§7§7§7B§x§6§6§6§6§6§6o§8w form storage
[09:53:06] > ry9191 remove x1 §f§l§8B§x§6§6§6§6§6§6a§x§7§7§7§7§7§7h§x§8§8§8§8§8§8a§x§9§9§9§9§9§9m§7u§x§9§9§9§9§9§9t§x§8§8§8§8§8§8 §x§7§7§7§7§7§7A§x§6§6§6§6§6§6x§8e form storage
[09:56:32] > dennnnn added x1 Elytra in auction for 1200000.
[09:57:46] > dennnnn remove x1 Elytra from storage
[09:57:57] > dennnnn added x1 Elytra in auction for 1000000.
[09:59:17] > frenchhee buy x1 Elytra to dennnnn for $1,000,000.
[09:59:26] > frenchhee remove x1 Elytra from buy
[10:02:37] > Dentatsu buy x1 §fParrot Plushie (Green) §6(#61/101) to PrinceBGC for $500.
[10:29:29] > kabayooo added x1 §f§l§8B§x§6§2§6§2§6§2a§x§6§F§6§F§6§Fh§x§7§C§7§C§7§Ca§x§8§9§8§9§8§9m§x§9§6§9§6§9§6u§x§A§3§A§3§A§3t §x§9§6§9§6§9§6H§x§8§9§8§9§8§9a§x§7§C§7§C§7§Cm§x§6§F§6§F§6§Fm§x§6§2§6§2§6§2e§8r in auction for 500000.
[11:02:02] > .JoshuaCraft9422 buy x4 Nether star to Cooldoggiexd for $230,000.
[11:02:19] > .JoshuaCraft9422 remove x4 Nether star from buy
[11:03:21] > kabayooo buy x1 §x§3§4§9§8§D§Bᴡᴀʀᴅᴇɴ ꜱᴘᴀᴡɴᴇʀ to Julene for $500,000.
[11:03:27] > kabayooo remove x1 §x§3§4§9§8§D§Bᴡᴀʀᴅᴇɴ ꜱᴘᴀᴡɴᴇʀ from buy
[11:03:35] > .JoshuaCraft9422 added x4 Nether star in auction for 450000.
[11:21:40] > nebula12321 buy x1 §x§E§5§1§B§1§B§lDracula Sickle to Kodakoda for $100,000.
[11:21:45] > nebula12321 remove x1 §x§E§5§1§B§1§B§lDracula Sickle from buy
[11:23:01] > octopus_01 buy x1 §f§x§F§B§B§6§1§DC§x§F§0§A§F§1§Ca§x§E§5§A§8§1§Bp§x§D§B§A§0§1§9y§x§D§0§9§9§1§8b§x§C§5§9§2§1§7a§x§B§A§8§B§1§6r§x§A§F§8§4§1§5a§x§A§4§7§D§1§4 §x§9§A§7§5§1§2H§x§8§F§6§E§1§1a§x§8§4§6§7§1§0t to jeff for $100,000.
[11:23:15] > octopus_01 buy x1 Enchanted book to Xavier881 for $700,000.
[11:23:32] > octopus_01 buy x1 §x§F§F§5§5§0§0§lsᴇʟʟᴡᴀɴᴅ §6- 5.0x to .JoshuaCraft9422 for $650,000.
[11:24:13] > ParkNaru added x1 §x§F§F§7§C§0§0§lSteamsparks Wings in auction for 100000.
[11:24:36] > octopus_01 buy x1 §eʙʟᴀᴢᴇ sᴘᴀᴡɴᴇʀ to EnderDragon0120 for $800,000.
[11:24:41] > octopus_01 buy x1 §eʙʟᴀᴢᴇ sᴘᴀᴡɴᴇʀ to El3ctric_Ey3 for $850,000.
[11:26:24] > .UNODOS1245 buy x3 Nether star to SussySuzy for $300,000.
[11:28:15] > .UNODOS1245 remove x3 Nether star from buy
[11:29:54] > BlackKnight buy x1 §x§F§F§7§C§0§0§lSteamsparks Wings to ParkNaru for $100,000.
[11:30:01] > nebula12321 added x1 Mace in auction for 1250000.
[11:30:04] > BlackKnight remove x1 §x§F§F§7§C§0§0§lSteamsparks Wings form buy
[11:31:32] > nebula12321 remove x1 Shulker box from storage
[11:31:56] > nebula12321 added x1 §x§F§F§3§E§0§0§lD§x§F§F§3§5§0§0§le§x§F§F§2§C§0§0§lm§x§F§F§2§3§0§0§lo§x§F§F§1§B§0§0§ln §x§F§F§0§9§0§0§lL§x§F§F§0§0§0§0§lo§x§F§F§0§A§0§0§lr§x§F§F§1§5§0§0§ld §x§F§F§2§9§0§0§lB§x§F§F§3§4§0§0§lo§x§F§F§3§E§0§0§lw in auction for 1500000.
[11:32:54] > .UNODOS1245 buy x64 Emerald block to HwanYo for $300,000.
[11:33:05] > .UNODOS1245 remove x64 Emerald block from buy
[11:33:57] > octopus_01 remove x1 §eʙʟᴀᴢᴇ sᴘᴀᴡɴᴇʀ from buy
[11:33:58] > octopus_01 remove x1 §x§F§F§5§5§0§0§lsᴇʟʟᴡᴀɴᴅ §6- 10.0x from buy
[11:33:58] > octopus_01 remove x1 §x§F§F§5§5§0§0§lsᴇʟʟᴡᴀɴᴅ §6- 5.0x from buy
[11:33:58] > octopus_01 remove x1 §x§F§F§5§5§0§0§lsᴇʟʟᴡᴀɴᴅ §6- 5.0x from buy
[11:33:58] > octopus_01 remove x1 §f§x§F§B§B§6§1§DC§x§F§0§A§F§1§Ca§x§E§5§A§8§1§Bp§x§D§B§A§0§1§9y§x§D§0§9§9§1§8b§x§C§5§9§2§1§7a§x§B§A§8§B§1§6r§x§A§F§8§4§1§5a§x§A§4§7§D§1§4 §x§9§A§7§5§1§2H§x§8§F§6§E§1§1a§x§8§4§6§7§1§0t from buy
[11:33:59] > octopus_01 remove x1 Enchanted book from buy
[11:33:59] > octopus_01 remove x1 §x§F§F§5§5§0§0§lsᴇʟʟᴡᴀɴᴅ §6- 5.0x from buy
[11:33:59] > octopus_01 remove x1 §eʙʟᴀᴢᴇ sᴘᴀᴡɴᴇʀ from buy
[11:42:14] > Kodakoda added x1 §x§F§F§7§C§0§0§lSteamsparks Spear in auction for 250000.
[11:45:10] > Johng10910 buy x1 Elytra to celinesanrio for $1,750,000.
[11:45:14] > x64 Pale oak log, bought by Zypher_0w0, has just expired, the item is definitively deleted.
[11:45:15] > Johng10910 remove x1 Elytra from buy
[11:45:53] > Cooldoggiexd added x6 Nether star in auction for 250000.