
[12:13:32] > Azp3c7 buy x4 Nether star to Kanzie20 for $200,000.
[12:14:30] > anneyong buy x1 Mace to st3ph426 for $500,000.
[12:14:36] > anneyong remove x1 Mace from buy
[12:17:26] > HPMR_GaMerz buy x64 Golden carrot to Sezemi for $20,000.
[12:17:30] > HPMR_GaMerz buy x64 Experience bottle to kkyleeeeesa for $50,000.
[12:17:54] > HPMR_GaMerz buy x1 §fAdventure Hat to InternetCafeUser for $25,000.
[12:17:56] > HPMR_GaMerz buy x1 §fWitch Hat to Sezemi for $10,000.
[12:17:59] > HPMR_GaMerz buy x1 §fMysterious Hat to FRANZ_JOSEF0 for $50,000.
[12:18:40] > HPMR_GaMerz buy x64 Bone to Wemboooo for $1,000.
[12:18:53] > HPMR_GaMerz remove x64 Bone from buy
[12:20:15] > HPMR_GaMerz remove x64 Experience bottle from buy
[12:20:16] > HPMR_GaMerz remove x64 Experience bottle from buy
[12:20:16] > HPMR_GaMerz remove x64 Experience bottle from buy
[12:20:17] > HPMR_GaMerz remove x64 Experience bottle from buy
[12:20:17] > HPMR_GaMerz remove x64 Experience bottle from buy
[12:20:17] > HPMR_GaMerz remove x64 Experience bottle from buy
[12:20:18] > HPMR_GaMerz remove x64 Experience bottle from buy
[12:20:18] > HPMR_GaMerz remove x64 Experience bottle from buy
[12:20:19] > HPMR_GaMerz remove x64 Experience bottle from buy
[12:20:20] > HPMR_GaMerz remove x64 Experience bottle from buy
[12:20:51] > HPMR_GaMerz remove x1 §fGhost Hat from buy
[12:20:57] > HPMR_GaMerz remove x1 §f§x§D§0§D§0§D§0J§x§C§9§C§9§C§9e§x§C§2§C§2§C§2t§x§B§B§B§B§B§B §x§B§3§B§3§B§3P§x§A§C§A§C§A§Ci§x§A§5§A§5§A§5l§x§9§E§9§E§9§Eo§x§9§7§9§7§9§7t§x§9§0§9§0§9§0 §x§8§9§8§9§8§9H§x§8§2§8§2§8§2e§x§7§A§7§A§7§Al§x§7§3§7§3§7§3m§x§6§C§6§C§6§Ce§x§6§5§6§5§6§5t from buy
[12:21:16] > HPMR_GaMerz remove x1 §fAdventure Hat from buy
[12:21:16] > HPMR_GaMerz remove x1 §fWitch Hat from buy
[12:21:17] > HPMR_GaMerz remove x1 §fMysterious Hat from buy
[12:21:53] > Azp3c7 remove x4 Nether star from buy
[12:22:05] > Azp3c7 buy x1 Nether star to .Allxnzv for $50,000.
[12:22:12] > Azp3c7 remove x1 Nether star from buy
[12:24:11] > FRANZ_JOSEF0 buy x64 Experience bottle to kkyleeeeesa for $90,000.
[12:24:17] > FRANZ_JOSEF0 remove x64 Experience bottle from buy
[12:30:03] > x1 §x§F§F§3§E§0§0§lD§x§F§F§3§7§0§0§le§x§F§F§3§0§0§0§lm§x§F§F§2§9§0§0§lo§x§F§F§2§2§0§0§ln §x§F§F§1§5§0§0§lL§x§F§F§0§E§0§0§lo§x§F§F§0§7§0§0§lr§x§F§F§0§0§0§0§ld §x§F§F§0§E§0§0§lC§x§F§F§1§5§0§0§lr§x§F§F§1§C§0§0§lo§x§F§F§2§2§0§0§ls§x§F§F§2§9§0§0§ls§x§F§F§3§0§0§0§lb§x§F§F§3§7§0§0§lo§x§F§F§3§E§0§0§lw on sale by Seris00 has just expired, it goes in the inventory of expired items.
[12:30:08] > FRANZ_JOSEF0 remove x1 §eᴘɪɢ sᴘᴀᴡɴᴇʀ form storage
[12:30:08] > FRANZ_JOSEF0 remove x1 §x§F§F§7§C§0§0§lSteamsparks Hoe form storage
[12:30:08] > FRANZ_JOSEF0 remove x1 /pwarp go Farm form storage
[12:30:08] > FRANZ_JOSEF0 remove x1 §x§F§F§7§C§0§0§lSteamsparks Spear form storage
[12:30:21] > FRANZ_JOSEF0 added x1 §x§F§F§7§C§0§0§lSteamsparks Spear in auction for 50000.
[12:30:26] > BlackKnight buy x1 §x§F§F§7§C§0§0§lSteamsparks Spear to FRANZ_JOSEF0 for $50,000.
[12:30:35] > FRANZ_JOSEF0 added x1 §x§F§F§7§C§0§0§lSteamsparks Hoe in auction for 10000.
[12:30:41] > BlackKnight buy x1 §x§F§F§7§C§0§0§lSteamsparks Hoe to FRANZ_JOSEF0 for $10,000.
[12:30:54] > FRANZ_JOSEF0 added x1 §eᴘɪɢ sᴘᴀᴡɴᴇʀ in auction for 100000.
[12:33:54] > sean_kirby added x64 Golden carrot in auction for 1000.
[12:34:00] > tic_sz buy x64 Golden carrot to sean_kirby for $1,000.
[12:34:04] > sean_kirby added x64 Golden carrot in auction for 1000.
[12:34:09] > tic_sz buy x64 Golden carrot to sean_kirby for $1,000.
[12:34:47] > sean_kirby added x64 Golden carrot in auction for 2000.
[12:34:50] > Yalujin buy x1 §eᴘɪɢ sᴘᴀᴡɴᴇʀ to FRANZ_JOSEF0 for $100,000.
[12:34:54] > Yalujin buy x64 Golden carrot to sean_kirby for $2,000.
[12:35:00] > sean_kirby added x64 Golden carrot in auction for 2000.
[12:35:07] > Yalujin buy x64 Golden carrot to sean_kirby for $2,000.
[12:35:12] > sean_kirby added x64 Golden carrot in auction for 2000.
[12:35:13] > Yalujin remove x64 Golden carrot form buy
[12:35:13] > Yalujin remove x1 §eᴘɪɢ sᴘᴀᴡɴᴇʀ form buy
[12:35:13] > Yalujin remove x64 Golden carrot form buy
[12:35:19] > Yalujin buy x64 Golden carrot to sean_kirby for $2,000.
[12:35:28] > sean_kirby added x64 Golden carrot in auction for 2500.
[12:35:31] > Padjibarr buy x64 Golden carrot to sean_kirby for $2,500.
[12:35:39] > tic_sz remove x64 Golden carrot from buy
[12:35:39] > tic_sz remove x64 Golden carrot from buy
[12:35:56] > tic_sz added x64 Golden carrot in auction for 3000.
[12:37:44] > sean_kirby added x64 Golden carrot in auction for 2800.
[12:37:57] > sean_kirby added x64 Golden carrot in auction for 2800.
[12:37:57] > .Kenku1001 buy x64 Golden carrot to sean_kirby for $2,800.
[12:38:01] > .Kenku1001 buy x64 Golden carrot to sean_kirby for $2,800.
[12:38:10] > sean_kirby added x64 Golden carrot in auction for 2800.
[12:38:12] > .Kenku1001 buy x64 Golden carrot to tic_sz for $3,000.
[12:38:24] > sean_kirby added x64 Golden carrot in auction for 2800.
[12:38:40] > sean_kirby added x64 Golden carrot in auction for 2800.
[12:38:47] > Padjibarr buy x64 Golden carrot to sean_kirby for $2,800.
[12:38:52] > Padjibarr buy x64 Golden carrot to sean_kirby for $2,800.
[12:38:52] > sean_kirby added x64 Golden carrot in auction for 2800.
[12:38:54] > Padjibarr buy x64 Golden carrot to sean_kirby for $2,800.
[12:38:57] > Padjibarr buy x64 Golden carrot to sean_kirby for $2,800.
[12:40:19] > sean_kirby added x64 Golden carrot in auction for 2800.
[12:40:31] > sean_kirby added x24 Golden carrot in auction for 2800.
[12:40:41] > sean_kirby added x64 Glistering melon slice in auction for 2800.
[12:40:54] > sean_kirby added x64 Golden carrot in auction for 2800.
[12:41:07] > sean_kirby added x64 Golden carrot in auction for 2800.
[12:41:20] > sean_kirby added x64 Golden carrot in auction for 2800.
[12:41:30] > sean_kirby remove x24 Golden carrot from storage
[12:41:36] > sean_kirby added x64 Golden carrot in auction for 2800.
[12:43:34] > Padjibarr remove x64 Golden carrot form buy
[12:43:34] > Padjibarr remove x64 Golden carrot form buy
[12:43:34] > Padjibarr remove x64 Golden carrot form buy
[12:43:34] > Padjibarr remove x64 Golden carrot form buy
[12:43:34] > Padjibarr remove x64 Golden carrot form buy
[12:52:36] > HwanYo buy x64 Golden carrot to sean_kirby for $2,800.
[12:55:06] > octopus_01 buy x1 §f§l§8B§x§6§3§6§3§6§3a§x§7§1§7§1§7§1h§x§8§0§8§0§8§0a§x§8§E§8§E§8§Em§x§9§C§9§C§9§Cu§7t§x§9§C§9§C§9§C §x§8§E§8§E§8§ES§x§8§0§8§0§8§0t§x§7§1§7§1§7§1a§x§6§3§6§3§6§3f§8f to koshie for $2,000,000.
[13:00:54] > octopus_01 remove x18 Diamond from buy
[13:00:55] > octopus_01 remove x64 Experience bottle from buy
[13:00:55] > octopus_01 remove x64 Experience bottle from buy
[13:00:55] > octopus_01 remove x64 Experience bottle from buy
[13:00:56] > octopus_01 remove x64 Experience bottle from buy
[13:00:56] > octopus_01 remove x64 Experience bottle from buy
[13:00:56] > octopus_01 remove x1 §f§l§8B§x§6§3§6§3§6§3a§x§7§1§7§1§7§1h§x§8§0§8§0§8§0a§x§8§E§8§E§8§Em§x§9§C§9§C§9§Cu§7t§x§9§C§9§C§9§C §x§8§E§8§E§8§ES§x§8§0§8§0§8§0t§x§7§1§7§1§7§1a§x§6§3§6§3§6§3f§8f from buy
[13:08:02] > sean_kirby buy x1 §x§E§E§0§0§0§0§lᴜɴʟɪᴍɪᴛᴇᴅ sᴇʟʟᴡᴀɴᴅ to CoreyNabuko for $1,500,000.
[13:08:17] > sean_kirby remove x1 §x§E§E§0§0§0§0§lᴜɴʟɪᴍɪᴛᴇᴅ sᴇʟʟᴡᴀɴᴅ from buy
[13:13:44] > CoreyNabuko added x1 §x§E§E§0§0§0§0§lᴜɴʟɪᴍɪᴛᴇᴅ sᴇʟʟᴡᴀɴᴅ in auction for 1750000.
[13:14:14] > .Kenku1001 added x1 §x§E§4§3§A§9§6§lW§x§E§7§5§3§A§3§lI§x§E§B§6§B§B§0§lN§x§E§E§8§4§B§D§lG§x§F§2§9§D§C§B§lS §x§F§8§C§E§E§5§lO§x§F§C§E§6§F§2§lF §x§F§C§E§6§F§2§lE§x§F§8§C§E§E§5§lT§x§F§5§B§5§D§8§lE§x§F§2§9§D§C§B§lR§x§E§E§8§4§B§D§lN§x§E§B§6§B§B§0§lI§x§E§7§5§3§A§3§lT§x§E§4§3§A§9§6§lY in auction for 2000000.
[13:34:37] > KEITHTHEPRO remove x1 Trial key from buy
[13:34:41] > .Kenku1001 remove x64 Lapis lazuli from buy
[13:34:41] > .Kenku1001 remove x12 Golden carrot from buy
[13:34:42] > .Kenku1001 remove x12 Golden carrot from buy
[13:41:56] > Tutukiw added x1 §x§F§F§3§E§0§0§lD§x§F§F§3§6§0§0§le§x§F§F§2§F§0§0§lm§x§F§F§2§7§0§0§lo§x§F§F§1§F§0§0§ln §x§F§F§1§0§0§0§lL§x§F§F§0§8§0§0§lo§x§F§F§0§0§0§0§lr§x§F§F§0§8§0§0§ld §x§F§F§1§7§0§0§lH§x§F§F§1§F§0§0§le§x§F§F§2§7§0§0§ll§x§F§F§2§F§0§0§lm§x§F§F§3§6§0§0§le§x§F§F§3§E§0§0§lt in auction for 50000.
[13:42:02] > tic_sz buy x1 §x§F§F§3§E§0§0§lD§x§F§F§3§6§0§0§le§x§F§F§2§F§0§0§lm§x§F§F§2§7§0§0§lo§x§F§F§1§F§0§0§ln §x§F§F§1§0§0§0§lL§x§F§F§0§8§0§0§lo§x§F§F§0§0§0§0§lr§x§F§F§0§8§0§0§ld §x§F§F§1§7§0§0§lH§x§F§F§1§F§0§0§le§x§F§F§2§7§0§0§ll§x§F§F§2§F§0§0§lm§x§F§F§3§6§0§0§le§x§F§F§3§E§0§0§lt to Tutukiw for $50,000.
[13:43:08] > Tutukiw added x1 §f§l§x§F§C§D§0§5§CW§x§F§A§A§A§4§Bu§x§F§9§8§4§3§Bk§x§F§7§5§F§2§Ao§x§F§5§3§9§1§9n§x§F§4§1§3§0§8g §x§F§5§3§9§1§9S§x§F§7§5§F§2§Ap§x§F§9§8§4§3§Be§x§F§A§A§A§4§Ba§x§F§C§D§0§5§Cr in auction for 250000.
[13:43:58] > Yalujin remove x64 Golden carrot form buy
[13:44:02] > Tutukiw added x10 §x§F§C§D§0§5§C§lB§x§E§6§D§3§6§B§la§x§C§F§D§5§7§A§ls§x§B§9§D§8§8§9§li§x§A§2§D§A§9§8§lc §x§7§5§D§F§B§6§lC§x§5§F§E§2§C§5§lr§x§7§5§D§F§B§6§la§x§8§C§D§D§A§7§lt§x§A§2§D§A§9§8§le §x§C§F§D§5§7§A§lK§x§E§6§D§3§6§B§le§x§F§C§D§0§5§C§ly in auction for 500000.
[13:45:03] > sean_kirby remove x24 Golden carrot from storage
[13:45:03] > sean_kirby remove x24 Golden carrot from storage
[13:45:04] > sean_kirby remove x24 Golden carrot from storage
[13:45:04] > sean_kirby remove x24 Golden carrot from storage
[13:45:11] > sean_kirby added x64 Golden carrot in auction for 2500.
[13:45:16] > Yalujin buy x64 Golden carrot to sean_kirby for $2,500.
[13:45:24] > sean_kirby added x64 Golden carrot in auction for 2500.
[13:45:26] > Yalujin buy x64 Golden carrot to sean_kirby for $2,500.
[13:45:36] > sean_kirby added x64 Golden carrot in auction for 2500.
[13:45:38] > Yalujin buy x64 Golden carrot to sean_kirby for $2,500.
[13:45:49] > sean_kirby added x64 Golden carrot in auction for 2500.
[13:45:51] > Sezemi buy x64 Golden carrot to sean_kirby for $2,500.
[13:45:59] > sean_kirby added x64 Golden carrot in auction for 2500.
[13:46:01] > Yalujin buy x64 Golden carrot to sean_kirby for $2,500.
[13:46:30] > celinesanrio remove x1 §f§l§x§F§A§0§0§0§AD§x§F§A§1§C§1§5a§x§F§B§3§7§2§0r§x§F§B§5§3§2§Bk§x§F§B§6§F§3§6f§x§F§B§8§B§4§1l§x§F§C§A§6§4§Ca§x§F§C§C§2§5§7me§x§F§C§A§6§4§C §x§F§B§8§B§4§1S§x§F§B§6§F§3§6h§x§F§B§5§3§2§Bo§x§F§B§3§7§2§0v§x§F§A§1§C§1§5e§x§F§A§0§0§0§Al form storage
[13:46:30] > celinesanrio remove x1 §f§l§x§F§A§0§0§0§AD§x§F§A§1§C§1§5a§x§F§B§3§7§2§0r§x§F§B§5§3§2§Bk§x§F§B§6§F§3§6f§x§F§B§8§B§4§1l§x§F§C§A§6§4§Ca§x§F§C§C§2§5§7me§x§F§C§A§6§4§C §x§F§B§8§B§4§1S§x§F§B§6§F§3§6h§x§F§B§5§3§2§Bo§x§F§B§3§7§2§0v§x§F§A§1§C§1§5e§x§F§A§0§0§0§Al form storage
[13:46:30] > celinesanrio remove x1 §f§l§x§F§A§0§0§0§AD§x§F§A§1§C§1§5a§x§F§B§3§7§2§0r§x§F§B§5§3§2§Bk§x§F§B§6§F§3§6f§x§F§B§8§B§4§1l§x§F§C§A§6§4§Ca§x§F§C§C§2§5§7me§x§F§C§A§6§4§C §x§F§B§8§B§4§1S§x§F§B§6§F§3§6h§x§F§B§5§3§2§Bo§x§F§B§3§7§2§0v§x§F§A§1§C§1§5e§x§F§A§0§0§0§Al form storage
[13:46:30] > celinesanrio remove x1 §f§l§x§F§C§D§0§5§CW§x§F§A§A§A§4§Bu§x§F§9§8§4§3§Bk§x§F§7§5§F§2§Ao§x§F§5§3§9§1§9n§x§F§4§1§3§0§8g §x§F§5§3§9§1§9S§x§F§7§5§F§2§Ap§x§F§9§8§4§3§Be§x§F§A§A§A§4§Ba§x§F§C§D§0§5§Cr form storage
[13:46:30] > celinesanrio remove x1 §f§l§x§F§A§0§0§0§AD§x§F§A§1§E§1§6a§x§F§B§3§B§2§1r§x§F§B§5§9§2§Dk§x§F§B§7§7§3§9f§x§F§B§9§5§4§5l§x§F§C§B§2§5§0a§x§F§C§D§0§5§Cm§x§F§C§B§2§5§0e§x§F§B§9§5§4§5 §x§F§B§7§7§3§9S§x§F§B§5§9§2§Dt§x§F§B§3§B§2§1a§x§F§A§1§E§1§6f§x§F§A§0§0§0§Af form storage
[13:46:44] > celinesanrio added x1 §f§l§x§F§A§0§0§0§AD§x§F§A§1§C§1§5a§x§F§B§3§7§2§0r§x§F§B§5§3§2§Bk§x§F§B§6§F§3§6f§x§F§B§8§B§4§1l§x§F§C§A§6§4§Ca§x§F§C§C§2§5§7me§x§F§C§A§6§4§C §x§F§B§8§B§4§1S§x§F§B§6§F§3§6h§x§F§B§5§3§2§Bo§x§F§B§3§7§2§0v§x§F§A§1§C§1§5e§x§F§A§0§0§0§Al in auction for 400000.
[13:46:55] > celinesanrio added x1 §f§l§x§F§A§0§0§0§AD§x§F§A§1§C§1§5a§x§F§B§3§7§2§0r§x§F§B§5§3§2§Bk§x§F§B§6§F§3§6f§x§F§B§8§B§4§1l§x§F§C§A§6§4§Ca§x§F§C§C§2§5§7me§x§F§C§A§6§4§C §x§F§B§8§B§4§1S§x§F§B§6§F§3§6h§x§F§B§5§3§2§Bo§x§F§B§3§7§2§0v§x§F§A§1§C§1§5e§x§F§A§0§0§0§Al in auction for 400000.
[13:47:07] > celinesanrio added x1 §f§l§x§F§A§0§0§0§AD§x§F§A§1§C§1§5a§x§F§B§3§7§2§0r§x§F§B§5§3§2§Bk§x§F§B§6§F§3§6f§x§F§B§8§B§4§1l§x§F§C§A§6§4§Ca§x§F§C§C§2§5§7me§x§F§C§A§6§4§C §x§F§B§8§B§4§1S§x§F§B§6§F§3§6h§x§F§B§5§3§2§Bo§x§F§B§3§7§2§0v§x§F§A§1§C§1§5e§x§F§A§0§0§0§Al in auction for 400000.
[13:47:20] > celinesanrio added x1 §f§l§x§F§A§0§0§0§AD§x§F§A§1§E§1§6a§x§F§B§3§B§2§1r§x§F§B§5§9§2§Dk§x§F§B§7§7§3§9f§x§F§B§9§5§4§5l§x§F§C§B§2§5§0a§x§F§C§D§0§5§Cm§x§F§C§B§2§5§0e§x§F§B§9§5§4§5 §x§F§B§7§7§3§9S§x§F§B§5§9§2§Dt§x§F§B§3§B§2§1a§x§F§A§1§E§1§6f§x§F§A§0§0§0§Af in auction for 600000.
[13:47:31] > celinesanrio added x1 §f§l§x§F§C§D§0§5§CW§x§F§A§A§A§4§Bu§x§F§9§8§4§3§Bk§x§F§7§5§F§2§Ao§x§F§5§3§9§1§9n§x§F§4§1§3§0§8g §x§F§5§3§9§1§9S§x§F§7§5§F§2§Ap§x§F§9§8§4§3§Be§x§F§A§A§A§4§Ba§x§F§C§D§0§5§Cr in auction for 100000.
[13:47:38] > octopus_01 buy x1 §f§l§x§F§A§0§0§0§AD§x§F§A§1§E§1§6a§x§F§B§3§B§2§1r§x§F§B§5§9§2§Dk§x§F§B§7§7§3§9f§x§F§B§9§5§4§5l§x§F§C§B§2§5§0a§x§F§C§D§0§5§Cm§x§F§C§B§2§5§0e§x§F§B§9§5§4§5 §x§F§B§7§7§3§9S§x§F§B§5§9§2§Dt§x§F§B§3§B§2§1a§x§F§A§1§E§1§6f§x§F§A§0§0§0§Af to celinesanrio for $600,000.
[13:47:42] > octopus_01 remove x1 §f§l§x§F§A§0§0§0§AD§x§F§A§1§E§1§6a§x§F§B§3§B§2§1r§x§F§B§5§9§2§Dk§x§F§B§7§7§3§9f§x§F§B§9§5§4§5l§x§F§C§B§2§5§0a§x§F§C§D§0§5§Cm§x§F§C§B§2§5§0e§x§F§B§9§5§4§5 §x§F§B§7§7§3§9S§x§F§B§5§9§2§Dt§x§F§B§3§B§2§1a§x§F§A§1§E§1§6f§x§F§A§0§0§0§Af from buy
[13:47:47] > sean_kirby added x64 Golden carrot in auction for 2500.
[13:47:48] > Tutukiw remove x1 §f§l§x§F§C§D§0§5§CW§x§F§A§A§A§4§Bu§x§F§9§8§4§3§Bk§x§F§7§5§F§2§Ao§x§F§5§3§9§1§9n§x§F§4§1§3§0§8g §x§F§5§3§9§1§9S§x§F§7§5§F§2§Ap§x§F§9§8§4§3§Be§x§F§A§A§A§4§Ba§x§F§C§D§0§5§Cr from storage
[13:47:52] > Yalujin buy x64 Golden carrot to sean_kirby for $2,500.
[13:47:58] > sean_kirby added x64 Golden carrot in auction for 2500.
[13:48:08] > HPMR_GaMerz buy x64 Golden carrot to sean_kirby for $2,500.
[13:48:09] > sean_kirby added x64 Golden carrot in auction for 2500.
[13:48:11] > HPMR_GaMerz buy x64 Golden carrot to sean_kirby for $2,500.
[13:48:12] > Tutukiw remove x10 §x§F§C§D§0§5§C§lB§x§E§6§D§3§6§B§la§x§C§F§D§5§7§A§ls§x§B§9§D§8§8§9§li§x§A§2§D§A§9§8§lc §x§7§5§D§F§B§6§lC§x§5§F§E§2§C§5§lr§x§7§5§D§F§B§6§la§x§8§C§D§D§A§7§lt§x§A§2§D§A§9§8§le §x§C§F§D§5§7§A§lK§x§E§6§D§3§6§B§le§x§F§C§D§0§5§C§ly form storage
[13:48:20] > sean_kirby added x64 Golden carrot in auction for 2500.
[13:48:22] > Yalujin buy x64 Golden carrot to sean_kirby for $2,500.
[13:48:34] > sean_kirby added x64 Golden carrot in auction for 2500.
[13:48:38] > HPMR_GaMerz buy x64 Golden carrot to sean_kirby for $2,500.
[13:48:46] > sean_kirby added x64 Golden carrot in auction for 2500.
[13:48:48] > HPMR_GaMerz buy x64 Golden carrot to sean_kirby for $2,500.
[13:48:54] > Yalujin remove x64 Golden carrot form buy
[13:48:54] > Yalujin remove x64 Golden carrot form buy
[13:48:54] > Yalujin remove x64 Golden carrot form buy
[13:48:54] > Yalujin remove x64 Golden carrot form buy
[13:48:54] > Yalujin remove x64 Golden carrot form buy
[13:48:54] > Yalujin remove x64 Golden carrot form buy
[13:49:21] > Tutukiw added x10 §x§F§C§D§0§5§C§lB§x§E§6§D§3§6§B§la§x§C§F§D§5§7§A§ls§x§B§9§D§8§8§9§li§x§A§2§D§A§9§8§lc §x§7§5§D§F§B§6§lC§x§5§F§E§2§C§5§lr§x§7§5§D§F§B§6§la§x§8§C§D§D§A§7§lt§x§A§2§D§A§9§8§le §x§C§F§D§5§7§A§lK§x§E§6§D§3§6§B§le§x§F§C§D§0§5§C§ly in auction for 50000.
[13:49:29] > Deanrex buy x10 §x§F§C§D§0§5§C§lB§x§E§6§D§3§6§B§la§x§C§F§D§5§7§A§ls§x§B§9§D§8§8§9§li§x§A§2§D§A§9§8§lc §x§7§5§D§F§B§6§lC§x§5§F§E§2§C§5§lr§x§7§5§D§F§B§6§la§x§8§C§D§D§A§7§lt§x§A§2§D§A§9§8§le §x§C§F§D§5§7§A§lK§x§E§6§D§3§6§B§le§x§F§C§D§0§5§C§ly to Tutukiw for $50,000.
[13:49:46] > celinesanrio buy x1 §f§l§x§F§A§0§0§0§AD§x§F§A§1§E§1§6a§x§F§B§3§B§2§1r§x§F§B§5§9§2§Dk§x§F§B§7§7§3§9f§x§F§B§9§5§4§5l§x§F§C§B§2§5§0a§x§F§C§D§0§5§Cm§x§F§C§B§2§5§0e§x§F§B§9§5§4§5 §x§F§B§7§7§3§9S§x§F§B§5§9§2§Dp§x§F§B§3§B§2§1e§x§F§A§1§E§1§6a§x§F§A§0§0§0§Ar to anneyong for $1,000,000.
[13:49:52] > celinesanrio remove x1 §f§l§x§F§A§0§0§0§AD§x§F§A§1§E§1§6a§x§F§B§3§B§2§1r§x§F§B§5§9§2§Dk§x§F§B§7§7§3§9f§x§F§B§9§5§4§5l§x§F§C§B§2§5§0a§x§F§C§D§0§5§Cm§x§F§C§B§2§5§0e§x§F§B§9§5§4§5 §x§F§B§7§7§3§9S§x§F§B§5§9§2§Dp§x§F§B§3§B§2§1e§x§F§A§1§E§1§6a§x§F§A§0§0§0§Ar form buy
[13:52:27] > x1 §x§F§0§7§A§5§4§lZombie Apocalyptic Dagger on sale by HPMR_GaMerz has just expired, it goes in the inventory of expired items.
[13:52:27] > Deanrex added x1 §fBee Plushie §6(#9/101) in auction for 300000.
[13:59:11] > Sezemi added x1 §x§5§C§C§F§F§C§lC§x§5§C§D§1§F§5§lo§x§5§D§D§4§E§E§ls§x§5§D§D§6§E§7§lm§x§5§E§D§9§E§1§le§x§5§E§D§B§D§A§lt§x§5§E§D§D§D§3§li§x§5§F§E§0§C§C§lc §x§5§F§E§0§C§C§lH§x§5§E§D§D§D§3§la§x§5§E§D§B§D§A§lt§x§5§E§D§9§E§1§ls §x§5§D§D§4§E§E§lK§x§5§C§D§1§F§5§le§x§5§C§C§F§F§C§ly in auction for 10.
[13:59:36] > MrZyrus7228 added x1 §fElf Hat in auction for 100.
[13:59:42] > celinesanrio added x2 §x§5§C§C§F§F§C§lC§x§5§C§D§1§F§5§lo§x§5§D§D§4§E§E§ls§x§5§D§D§6§E§7§lm§x§5§E§D§9§E§1§le§x§5§E§D§B§D§A§lt§x§5§E§D§D§D§3§li§x§5§F§E§0§C§C§lc §x§5§F§E§0§C§C§lH§x§5§E§D§D§D§3§la§x§5§E§D§B§D§A§lt§x§5§E§D§9§E§1§ls §x§5§D§D§4§E§E§lK§x§5§C§D§1§F§5§le§x§5§C§C§F§F§C§ly in auction for 100000.
[14:00:17] > kkyleeeeesa buy x1 §x§5§C§C§F§F§C§lC§x§5§C§D§1§F§5§lo§x§5§D§D§4§E§E§ls§x§5§D§D§6§E§7§lm§x§5§E§D§9§E§1§le§x§5§E§D§B§D§A§lt§x§5§E§D§D§D§3§li§x§5§F§E§0§C§C§lc §x§5§F§E§0§C§C§lH§x§5§E§D§D§D§3§la§x§5§E§D§B§D§A§lt§x§5§E§D§9§E§1§ls §x§5§D§D§4§E§E§lK§x§5§C§D§1§F§5§le§x§5§C§C§F§F§C§ly to Sezemi for $10.
[14:00:38] > Zypher_0w0 added x1 Flint and steel in auction for 100.
[14:01:50] > celinesanrio buy x1 Flint and steel to Zypher_0w0 for $100.
[14:01:53] > celinesanrio remove x1 Flint and steel form buy
[14:01:57] > celinesanrio added x1 Flint and steel in auction for 1000.
[14:02:16] > .Kenku1001 buy x1 Flint and steel to celinesanrio for $1,000.
[14:02:52] > .Kenku1001 remove x1 Flint and steel from buy
[14:02:53] > .Kenku1001 remove x3 Golden carrot from buy
[14:03:20] > BlackKnight added x1 §fSun Visor Hat in auction for 30000.
[14:03:43] > BlackKnight remove x1 §x§F§F§7§C§0§0§lSteamsparks Spear form buy
[14:03:43] > BlackKnight remove x1 §x§F§F§7§C§0§0§lSteamsparks Hoe form buy
[14:03:43] > BlackKnight remove x1 §x§F§0§7§A§5§4§lZombie Apocalyptic Key form buy
[14:03:51] > celinesanrio added x4 §x§F§2§C§6§D§E§lP§x§E§0§C§A§D§B§li§x§C§D§C§D§D§8§ln§x§B§B§D§1§D§5§la§x§A§9§D§4§D§2§lt§x§9§6§D§8§C§E§la §x§7§1§D§F§C§8§lC§x§5§F§E§2§C§5§lr§x§7§4§D§E§C§9§la§x§8§9§D§A§C§C§lt§x§9§E§D§6§D§0§le §x§C§8§C§E§D§7§lK§x§D§D§C§A§D§A§le§x§F§2§C§6§D§E§ly in auction for 1000000.
[14:05:10] > BlackKnight added x1 §x§F§0§7§A§5§4§lZombie Apocalyptic Leggings in auction for 400000.
[14:18:14] > .Quackity26957 buy x1 Name tag to giyahnpogi for $1,000.
[14:18:22] > .Quackity26957 remove x1 Name tag form buy
[14:25:53] > giyahnpogi buy x1 §fElf Hat to MrZyrus7228 for $100.
[14:25:57] > giyahnpogi buy x1 §fMagician Hat to Sezemi for $10,000.
[14:26:10] > giyahnpogi buy x1 §x§F§F§3§E§0§0§lD§x§F§F§3§5§0§0§le§x§F§F§2§C§0§0§lm§x§F§F§2§3§0§0§lo§x§F§F§1§B§0§0§ln §x§F§F§0§9§0§0§lL§x§F§F§0§0§0§0§lo§x§F§F§0§A§0§0§lr§x§F§F§1§5§0§0§ld §x§F§F§2§9§0§0§lH§x§F§F§3§4§0§0§lo§x§F§F§3§E§0§0§le to Ax_ for $90,000.
[14:26:16] > giyahnpogi remove x1 §x§F§F§3§E§0§0§lD§x§F§F§3§5§0§0§le§x§F§F§2§C§0§0§lm§x§F§F§2§3§0§0§lo§x§F§F§1§B§0§0§ln §x§F§F§0§9§0§0§lL§x§F§F§0§0§0§0§lo§x§F§F§0§A§0§0§lr§x§F§F§1§5§0§0§ld §x§F§F§2§9§0§0§lH§x§F§F§3§4§0§0§lo§x§F§F§3§E§0§0§le from buy
[14:27:30] > Rain_Reinn remove x1 BOOKS AT /PWARP GO NBS from storage
[14:27:38] > Rain_Reinn added x1 BOOKS AT /PWARP GO NBS in auction for 999999999.
[14:28:08] > HPMR_GaMerz buy x1 §x§E§4§3§A§9§6§lW§x§E§7§5§3§A§3§lI§x§E§B§6§B§B§0§lN§x§E§E§8§4§B§D§lG§x§F§2§9§D§C§B§lS §x§F§8§C§E§E§5§lO§x§F§C§E§6§F§2§lF §x§F§C§E§6§F§2§lE§x§F§8§C§E§E§5§lT§x§F§5§B§5§D§8§lE§x§F§2§9§D§C§B§lR§x§E§E§8§4§B§D§lN§x§E§B§6§B§B§0§lI§x§E§7§5§3§A§3§lT§x§E§4§3§A§9§6§lY to .Kenku1001 for $2,000,000.
[14:35:35] > HwanYo buy x4 §x§F§2§C§6§D§E§lP§x§E§0§C§A§D§B§li§x§C§D§C§D§D§8§ln§x§B§B§D§1§D§5§la§x§A§9§D§4§D§2§lt§x§9§6§D§8§C§E§la §x§7§1§D§F§C§8§lC§x§5§F§E§2§C§5§lr§x§7§4§D§E§C§9§la§x§8§9§D§A§C§C§lt§x§9§E§D§6§D§0§le §x§C§8§C§E§D§7§lK§x§D§D§C§A§D§A§le§x§F§2§C§6§D§E§ly to celinesanrio for $1,000,000.
[14:37:28] > Axshiryu added x1 §x§E§5§1§B§1§B§lDracula Helmet in auction for 50000.
[14:38:12] > Axshiryu added x1 Diamond helmet in auction for 25000.
[14:39:23] > .Kenku1001 added x64 Shulker shell in auction for 200000.
[14:41:05] > Acon1te_0w0 added x1 §eᴢᴏᴍʙɪᴇ sᴘᴀᴡɴᴇʀ in auction for 100000.
[14:41:13] > koshie buy x1 §eᴢᴏᴍʙɪᴇ sᴘᴀᴡɴᴇʀ to Acon1te_0w0 for $100,000.
[14:41:19] > HPMR_GaMerz buy x64 Shulker shell to .Kenku1001 for $200,000.
[14:42:11] > Axshiryu added x1 Shulker shell in auction for 200000.
[14:44:36] > x1 CHEAP TOTEM ON TOTEM PWARP on sale by tic_sz has just expired, it goes in the inventory of expired items.
[14:44:36] > Zypher_0w0 added x64 Cooked porkchop in auction for 1280.
[14:44:47] > kysicx buy x64 Cooked porkchop to Zypher_0w0 for $1,280.
[14:44:50] > Zypher_0w0 added x64 Cooked porkchop in auction for 1280.
[14:45:01] > Zypher_0w0 added x64 Cooked porkchop in auction for 1280.
[14:45:36] > Zypher_0w0 added x64 Cooked porkchop in auction for 1280.
[14:45:57] > Zypher_0w0 added x64 Cooked porkchop in auction for 1280.
[14:50:58] > kysicx added x1 §x§F§F§3§E§0§0§lD§x§F§F§3§6§0§0§le§x§F§F§2§F§0§0§lm§x§F§F§2§7§0§0§lo§x§F§F§1§F§0§0§ln §x§F§F§1§0§0§0§lL§x§F§F§0§8§0§0§lo§x§F§F§0§0§0§0§lr§x§F§F§0§8§0§0§ld §x§F§F§1§7§0§0§lD§x§F§F§1§F§0§0§la§x§F§F§2§7§0§0§lg§x§F§F§2§F§0§0§lg§x§F§F§3§6§0§0§le§x§F§F§3§E§0§0§lr in auction for 230000.
[14:50:58] > x1 PWARP GO TOTEM on sale by tic_sz has just expired, it goes in the inventory of expired items.
[14:50:58] > x1 GO PWARP TOTEM FOR CHEAP TOTEMS on sale by tic_sz has just expired, it goes in the inventory of expired items.
[14:51:36] > kysicx added x1 §x§F§0§7§A§5§4§lZombie Apocalyptic SMG in auction for 200000.
[14:53:06] > Zypher_0w0 added x64 Glowstone in auction for 640.
[14:53:10] > Schminkipoo buy x64 Glowstone to Zypher_0w0 for $640.
[14:53:18] > Zypher_0w0 added x64 Glowstone in auction for 640.
[14:53:22] > Schminkipoo buy x64 Glowstone to Zypher_0w0 for $640.
[14:53:32] > Zypher_0w0 added x64 Glowstone in auction for 640.
[14:53:36] > Schminkipoo buy x64 Glowstone to Zypher_0w0 for $640.
[14:53:43] > Zypher_0w0 added x64 Glowstone in auction for 640.
[14:53:46] > Schminkipoo buy x64 Glowstone to Zypher_0w0 for $640.
[14:53:55] > Zypher_0w0 added x64 Glowstone in auction for 640.
[14:53:58] > Schminkipoo buy x64 Glowstone to Zypher_0w0 for $640.
[14:54:26] > Zypher_0w0 added x64 Glowstone in auction for 640.
[14:54:28] > Schminkipoo buy x64 Glowstone to Zypher_0w0 for $640.
[14:54:39] > Zypher_0w0 added x64 Glowstone in auction for 640.
[14:54:40] > Schminkipoo buy x64 Glowstone to Zypher_0w0 for $640.
[14:55:22] > Zypher_0w0 added x64 Glowstone in auction for 640.
[14:55:25] > Schminkipoo buy x64 Glowstone to Zypher_0w0 for $640.
[14:55:35] > Zypher_0w0 added x64 Glowstone in auction for 640.
[14:55:39] > Schminkipoo buy x64 Glowstone to Zypher_0w0 for $640.
[15:06:27] > x1 §fMedieval Hat on sale by .Demon_asta1590 has just expired, it goes in the inventory of expired items.
[15:06:27] > x1 §fMagician Hat on sale by .Demon_asta1590 has just expired, it goes in the inventory of expired items.
[15:06:27] > FRANZ_JOSEF0 added x1 §fButterfly Hat in auction for 50000.
[15:06:30] > MrZyrus7228 remove x1 Potion from storage
[15:06:30] > MrZyrus7228 remove x1 Potion from storage
[15:06:30] > MrZyrus7228 remove x1 Potion from storage
[15:06:31] > MrZyrus7228 remove x1 Potion from storage
[15:07:48] > HwanYo remove x1 IRON BLOCKS from storage
[15:07:56] > HwanYo added x1 IRON BLOCKS in auction for 400000.
[15:08:48] > HwanYo remove x1 §x§F§F§5§5§0§0§lsᴇʟʟᴡᴀɴᴅ §6- 5.0x from buy
[15:08:49] > HwanYo remove x1 §x§F§F§5§5§0§0§lsᴇʟʟᴡᴀɴᴅ §6- 5.0x from buy
[15:08:51] > HwanYo remove x64 Golden carrot from buy
[15:08:51] > HwanYo remove x4 §x§F§2§C§6§D§E§lP§x§E§0§C§A§D§B§li§x§C§D§C§D§D§8§ln§x§B§B§D§1§D§5§la§x§A§9§D§4§D§2§lt§x§9§6§D§8§C§E§la §x§7§1§D§F§C§8§lC§x§5§F§E§2§C§5§lr§x§7§4§D§E§C§9§la§x§8§9§D§A§C§C§lt§x§9§E§D§6§D§0§le §x§C§8§C§E§D§7§lK§x§D§D§C§A§D§A§le§x§F§2§C§6§D§E§ly from buy
[15:10:33] > HwanYo added x1 §f§x§4§1§B§C§4§2D§x§4§5§C§3§5§3r§x§4§9§C§9§6§3o§x§4§D§D§0§7§4w§x§5§1§D§7§8§5n§x§5§6§D§E§9§6e§x§5§A§E§4§A§6d§x§5§E§E§B§B§7 §x§6§2§F§2§C§8H§x§6§6§F§8§D§8a§x§6§A§F§F§E§9t in auction for 500.
[15:41:57] > Pewpew added x1 §x§F§F§3§E§0§0§lD§x§F§F§3§6§0§0§le§x§F§F§2§F§0§0§lm§x§F§F§2§7§0§0§lo§x§F§F§1§F§0§0§ln §x§F§F§1§0§0§0§lL§x§F§F§0§8§0§0§lo§x§F§F§0§0§0§0§lr§x§F§F§0§9§0§0§ld §x§F§F§1§B§0§0§lS§x§F§F§2§3§0§0§lw§x§F§F§2§C§0§0§lo§x§F§F§3§5§0§0§lr§x§F§F§3§E§0§0§ld in auction for 500000.
[15:42:56] > Pewpew added x1 §x§E§5§1§B§1§B§lDracula Chestplate in auction for 400000.
[15:46:21] > FRANZ_JOSEF0 added x1 /pwarp go FarmFranz in auction for 1000000000.
[15:50:04] > UnavailableTest buy x1 §x§F§0§7§A§5§4§lZombie Apocalyptic SMG to kysicx for $200,000.
[15:50:10] > UnavailableTest remove x1 §x§F§0§7§A§5§4§lZombie Apocalyptic SMG from buy
[15:51:55] > Ax_ added x1 §eʙʟᴀᴢᴇ sᴘᴀᴡɴᴇʀ in auction for 585000.
[15:54:24] > Zee_ added x1 potions and totem on pozepotiontotem in auction for 999999999.
[15:55:30] > Zypher_0w0 remove x1 /pwarp go TotemTrade BUYING EMERALDS FOR 30 EACH from storage
[15:56:37] > Zypher_0w0 added x1 /pwarp go NBS for enchants, Totemtrade says bye in auction for 100000000000000.
[16:00:31] > x1 §x§E§5§1§B§1§B§lDracula Shield on sale by llhxnce has just expired, it goes in the inventory of expired items.
[16:13:32] > x1 §x§F§F§3§E§0§0§lD§x§F§F§3§6§0§0§le§x§F§F§2§F§0§0§lm§x§F§F§2§7§0§0§lo§x§F§F§1§F§0§0§ln §x§F§F§1§0§0§0§lL§x§F§F§0§8§0§0§lo§x§F§F§0§0§0§0§lr§x§F§F§0§8§0§0§ld §x§F§F§1§7§0§0§lS§x§F§F§1§F§0§0§li§x§F§F§2§7§0§0§lc§x§F§F§2§F§0§0§lk§x§F§F§3§6§0§0§ll§x§F§F§3§E§0§0§le, bought by Acon1te_0w0, has just expired, the item is definitively deleted.
[16:13:52] > KEITHTHEPRO buy x64 Experience bottle to kkyleeeeesa for $90,000.
[16:14:04] > KEITHTHEPRO remove x64 Experience bottle from buy
[16:20:09] > x1 §x§F§F§3§E§0§0§lD§x§F§F§3§6§0§0§le§x§F§F§2§F§0§0§lm§x§F§F§2§7§0§0§lo§x§F§F§1§F§0§0§ln §x§F§F§1§0§0§0§lL§x§F§F§0§8§0§0§lo§x§F§F§0§0§0§0§lr§x§F§F§0§8§0§0§ld §x§F§F§1§7§0§0§lS§x§F§F§1§F§0§0§li§x§F§F§2§7§0§0§lc§x§F§F§2§F§0§0§lk§x§F§F§3§6§0§0§ll§x§F§F§3§E§0§0§le on sale by Seris00 has just expired, it goes in the inventory of expired items.
[16:21:33] > HwanYo added x2 Enchanted golden apple in auction for 20000.
[16:21:42] > Sezemi buy x2 Enchanted golden apple to HwanYo for $20,000.
[16:21:46] > Sezemi remove x2 Enchanted golden apple from buy
[16:27:58] > HwanYo remove x1 §x§F§F§3§E§0§0§lD§x§F§F§3§7§0§0§le§x§F§F§3§0§0§0§lm§x§F§F§2§9§0§0§lo§x§F§F§2§2§0§0§ln §x§F§F§1§5§0§0§lL§x§F§F§0§E§0§0§lo§x§F§F§0§7§0§0§lr§x§F§F§0§0§0§0§ld §x§F§F§0§E§0§0§lF§x§F§F§1§5§0§0§lr§x§F§F§1§C§0§0§la§x§F§F§2§2§0§0§lg§x§F§F§2§9§0§0§lm§x§F§F§3§0§0§0§le§x§F§F§3§7§0§0§ln§x§F§F§3§E§0§0§lt from storage
[16:28:50] > TostyZura added x1 §eʙʟᴀᴢᴇ sᴘᴀᴡɴᴇʀ in auction for 350000.
[16:28:59] > HPMR_GaMerz buy x1 §eʙʟᴀᴢᴇ sᴘᴀᴡɴᴇʀ to TostyZura for $350,000.
[16:29:09] > TostyZura added x1 §x§5§C§C§F§F§C§lC§x§5§C§D§1§F§5§lo§x§5§D§D§4§E§E§ls§x§5§D§D§6§E§7§lm§x§5§E§D§9§E§1§le§x§5§E§D§B§D§A§lt§x§5§E§D§D§D§3§li§x§5§F§E§0§C§C§lc §x§5§F§E§0§C§C§lH§x§5§E§D§D§D§3§la§x§5§E§D§B§D§A§lt§x§5§E§D§9§E§1§ls §x§5§D§D§4§E§E§lK§x§5§C§D§1§F§5§le§x§5§C§C§F§F§C§ly in auction for 20000.
[16:29:11] > HPMR_GaMerz buy x1 §f§x§4§1§B§C§4§2D§x§4§5§C§3§5§3r§x§4§9§C§9§6§3o§x§4§D§D§0§7§4w§x§5§1§D§7§8§5n§x§5§6§D§E§9§6e§x§5§A§E§4§A§6d§x§5§E§E§B§B§7 §x§6§2§F§2§C§8H§x§6§6§F§8§D§8a§x§6§A§F§F§E§9t to HwanYo for $500.
[16:29:11] > .SharkyisHungry added x1 §eᴄʀᴇᴇᴘᴇʀ sᴘᴀᴡɴᴇʀ in auction for 4000000.
[16:29:15] > HPMR_GaMerz buy x64 Cooked porkchop to Zypher_0w0 for $1,280.
[16:29:18] > HPMR_GaMerz buy x1 §x§5§C§C§F§F§C§lC§x§5§C§D§1§F§5§lo§x§5§D§D§4§E§E§ls§x§5§D§D§6§E§7§lm§x§5§E§D§9§E§1§le§x§5§E§D§B§D§A§lt§x§5§E§D§D§D§3§li§x§5§F§E§0§C§C§lc §x§5§F§E§0§C§C§lH§x§5§E§D§D§D§3§la§x§5§E§D§B§D§A§lt§x§5§E§D§9§E§1§ls §x§5§D§D§4§E§E§lK§x§5§C§D§1§F§5§le§x§5§C§C§F§F§C§ly to TostyZura for $20,000.
[16:29:22] > .SharkyisHungry remove x1 §eᴄʀᴇᴇᴘᴇʀ sᴘᴀᴡɴᴇʀ from storage
[16:29:23] > HPMR_GaMerz buy x64 Cooked porkchop to Zypher_0w0 for $1,280.
[16:29:26] > HPMR_GaMerz buy x64 Cooked porkchop to Zypher_0w0 for $1,280.
[16:29:29] > HPMR_GaMerz buy x64 Cooked porkchop to Zypher_0w0 for $1,280.
[16:29:34] > .SharkyisHungry added x1 §eᴄʀᴇᴇᴘᴇʀ sᴘᴀᴡɴᴇʀ in auction for 400000.
[16:29:37] > kkyleeeeesa buy x1 §eᴄʀᴇᴇᴘᴇʀ sᴘᴀᴡɴᴇʀ to .SharkyisHungry for $400,000.
[16:29:38] > FRANZ_JOSEF0 added x1 §eᴘɪɢ sᴘᴀᴡɴᴇʀ in auction for 200000.
[16:29:42] > HPMR_GaMerz buy x1 §eᴘɪɢ sᴘᴀᴡɴᴇʀ to FRANZ_JOSEF0 for $200,000.
[16:30:24] > kkyleeeeesa remove x1 §eᴄʀᴇᴇᴘᴇʀ sᴘᴀᴡɴᴇʀ from buy
[16:30:25] > kkyleeeeesa remove x1 §x§5§C§C§F§F§C§lC§x§5§C§D§1§F§5§lo§x§5§D§D§4§E§E§ls§x§5§D§D§6§E§7§lm§x§5§E§D§9§E§1§le§x§5§E§D§B§D§A§lt§x§5§E§D§D§D§3§li§x§5§F§E§0§C§C§lc §x§5§F§E§0§C§C§lH§x§5§E§D§D§D§3§la§x§5§E§D§B§D§A§lt§x§5§E§D§9§E§1§ls §x§5§D§D§4§E§E§lK§x§5§C§D§1§F§5§le§x§5§C§C§F§F§C§ly from buy
[16:30:35] > tic_sz remove x1 §x§F§F§3§E§0§0§lD§x§F§F§3§6§0§0§le§x§F§F§2§F§0§0§lm§x§F§F§2§7§0§0§lo§x§F§F§1§F§0§0§ln §x§F§F§1§0§0§0§lL§x§F§F§0§8§0§0§lo§x§F§F§0§0§0§0§lr§x§F§F§0§8§0§0§ld §x§F§F§1§7§0§0§lH§x§F§F§1§F§0§0§le§x§F§F§2§7§0§0§ll§x§F§F§2§F§0§0§lm§x§F§F§3§6§0§0§le§x§F§F§3§E§0§0§lt from buy
[16:30:36] > tic_sz remove x1 §x§E§5§1§B§1§B§lDracula Spear from buy
[16:30:36] > tic_sz remove x1 §f§l§x§F§C§D§0§5§CW§x§F§B§B§0§4§Eu§x§F§9§9§0§4§0k§x§F§8§7§0§3§2o§x§F§6§5§0§2§3n§x§F§5§3§0§1§5g§x§F§4§1§0§0§7 P§x§F§5§3§0§1§5i§x§F§6§5§0§2§3c§x§F§8§7§0§3§2k§x§F§9§9§0§4§0a§x§F§B§B§0§4§Ex§x§F§C§D§0§5§Ce from buy
[16:31:20] > HwanYo added x2 Enchanted golden apple in auction for 50000.
[16:31:30] > HPMR_GaMerz buy x2 Enchanted golden apple to HwanYo for $50,000.
[16:32:05] > DanRaiv added x1 PotsAndMats for potions and pot materials! in auction for 10000.
[16:32:34] > HPMR_GaMerz remove x1 §x§F§0§7§A§5§4§lZombie Apocalyptic Dagger from expire
[16:32:43] > HPMR_GaMerz added x1 §x§F§0§7§A§5§4§lZombie Apocalyptic Dagger in auction for 300000.
[16:32:49] > Ax_ added x1 §fHorns in auction for 50000.
[16:33:02] > Ax_ added x2 Nether star in auction for 100000.
[16:33:20] > TostyZura added x2 §x§F§F§3§E§0§0§lD§x§F§F§3§7§0§0§le§x§F§F§3§0§0§0§lm§x§F§F§2§9§0§0§lo§x§F§F§2§2§0§0§ln §x§F§F§1§5§0§0§lL§x§F§F§0§E§0§0§lo§x§F§F§0§7§0§0§lr§x§F§F§0§0§0§0§ld §x§F§F§0§E§0§0§lF§x§F§F§1§5§0§0§lr§x§F§F§1§C§0§0§la§x§F§F§2§2§0§0§lg§x§F§F§2§9§0§0§lm§x§F§F§3§0§0§0§le§x§F§F§3§7§0§0§ln§x§F§F§3§E§0§0§lt in auction for 100000.
[16:33:20] > Xenooz added x1 §f§l§8B§x§6§3§6§3§6§3a§x§7§1§7§1§7§1h§x§8§0§8§0§8§0a§x§8§E§8§E§8§Em§x§9§C§9§C§9§Cu§7t§x§9§C§9§C§9§C §x§8§E§8§E§8§EB§x§8§0§8§0§8§0o§x§7§1§7§1§7§1o§x§6§3§6§3§6§3t§8s in auction for 5000000.
[16:33:55] > Xenooz remove x1 §f§l§8B§x§6§3§6§3§6§3a§x§7§1§7§1§7§1h§x§8§0§8§0§8§0a§x§8§E§8§E§8§Em§x§9§C§9§C§9§Cu§7t§x§9§C§9§C§9§C §x§8§E§8§E§8§EB§x§8§0§8§0§8§0o§x§7§1§7§1§7§1o§x§6§3§6§3§6§3t§8s from storage
[16:34:04] > Xenooz added x1 §f§l§8B§x§6§3§6§3§6§3a§x§7§1§7§1§7§1h§x§8§0§8§0§8§0a§x§8§E§8§E§8§Em§x§9§C§9§C§9§Cu§7t§x§9§C§9§C§9§C §x§8§E§8§E§8§EB§x§8§0§8§0§8§0o§x§7§1§7§1§7§1o§x§6§3§6§3§6§3t§8s in auction for 5000000.
[16:34:08] > TostyZura added x1 §fSkeleton Plushie §6(#79/101) in auction for 400000.
[16:34:21] > HPMR_GaMerz buy x1 §fSkeleton Plushie §6(#79/101) to TostyZura for $400,000.
[16:34:26] > DanRaiv buy x2 §x§F§F§3§E§0§0§lD§x§F§F§3§7§0§0§le§x§F§F§3§0§0§0§lm§x§F§F§2§9§0§0§lo§x§F§F§2§2§0§0§ln §x§F§F§1§5§0§0§lL§x§F§F§0§E§0§0§lo§x§F§F§0§7§0§0§lr§x§F§F§0§0§0§0§ld §x§F§F§0§E§0§0§lF§x§F§F§1§5§0§0§lr§x§F§F§1§C§0§0§la§x§F§F§2§2§0§0§lg§x§F§F§2§9§0§0§lm§x§F§F§3§0§0§0§le§x§F§F§3§7§0§0§ln§x§F§F§3§E§0§0§lt to TostyZura for $100,000.
[16:34:44] > TostyZura added x10 §x§F§C§D§0§5§C§lB§x§E§6§D§3§6§B§la§x§C§F§D§5§7§A§ls§x§B§9§D§8§8§9§li§x§A§2§D§A§9§8§lc §x§7§5§D§F§B§6§lC§x§5§F§E§2§C§5§lr§x§7§5§D§F§B§6§la§x§8§C§D§D§A§7§lt§x§A§2§D§A§9§8§le §x§C§F§D§5§7§A§lK§x§E§6§D§3§6§B§le§x§F§C§D§0§5§C§ly in auction for 10000.
[16:34:56] > Unforce01 buy x10 §x§F§C§D§0§5§C§lB§x§E§6§D§3§6§B§la§x§C§F§D§5§7§A§ls§x§B§9§D§8§8§9§li§x§A§2§D§A§9§8§lc §x§7§5§D§F§B§6§lC§x§5§F§E§2§C§5§lr§x§7§5§D§F§B§6§la§x§8§C§D§D§A§7§lt§x§A§2§D§A§9§8§le §x§C§F§D§5§7§A§lK§x§E§6§D§3§6§B§le§x§F§C§D§0§5§C§ly to TostyZura for $10,000.
[16:35:56] > mae added x1 §f§l§x§C§6§D§E§F§1B§x§B§8§D§6§E§Fo§x§A§9§C§E§E§Co§x§9§B§C§7§E§As§x§8§C§B§F§E§7t§x§7§E§B§7§E§5e§x§6§F§A§F§E§2r§x§6§1§A§8§E§0 §x§5§2§A§0§D§DF§x§4§4§9§8§D§Bi§x§5§2§A§0§D§Ds§x§6§1§A§8§E§0h§x§6§F§A§F§E§2i§x§7§E§B§7§E§5n§x§8§C§B§F§E§7g§x§9§B§C§7§E§A §x§A§9§C§E§E§CR§x§B§8§D§6§E§Fo§x§C§6§D§E§F§1d in auction for 500000.
[16:36:01] > tic_sz buy x1 §f§l§x§C§6§D§E§F§1B§x§B§8§D§6§E§Fo§x§A§9§C§E§E§Co§x§9§B§C§7§E§As§x§8§C§B§F§E§7t§x§7§E§B§7§E§5e§x§6§F§A§F§E§2r§x§6§1§A§8§E§0 §x§5§2§A§0§D§DF§x§4§4§9§8§D§Bi§x§5§2§A§0§D§Ds§x§6§1§A§8§E§0h§x§6§F§A§F§E§2i§x§7§E§B§7§E§5n§x§8§C§B§F§E§7g§x§9§B§C§7§E§A §x§A§9§C§E§E§CR§x§B§8§D§6§E§Fo§x§C§6§D§E§F§1d to mae for $500,000.
[16:36:10] > Unforce01 added x1 §f§l§x§F§A§0§0§0§AD§x§F§A§1§7§1§3a§x§F§A§2§E§1§Cr§x§F§B§4§5§2§5k§x§F§B§5§C§2§Ef§x§F§B§7§4§3§8l§x§F§B§8§B§4§1a§x§F§C§A§2§4§Am§x§F§C§B§9§5§3e§x§F§C§D§0§5§C §x§F§C§D§0§5§CC§x§F§C§B§9§5§3h§x§F§C§A§2§4§Ae§x§F§B§8§B§4§1s§x§F§B§7§4§3§8t§x§F§B§5§C§2§Ep§x§F§B§4§5§2§5l§x§F§A§2§E§1§Ca§x§F§A§1§7§1§3t§x§F§A§0§0§0§Ae in auction for 500000.
[16:36:29] > tic_sz buy x1 §f§l§x§F§A§0§0§0§AD§x§F§A§1§7§1§3a§x§F§A§2§E§1§Cr§x§F§B§4§5§2§5k§x§F§B§5§C§2§Ef§x§F§B§7§4§3§8l§x§F§B§8§B§4§1a§x§F§C§A§2§4§Am§x§F§C§B§9§5§3e§x§F§C§D§0§5§C §x§F§C§D§0§5§CC§x§F§C§B§9§5§3h§x§F§C§A§2§4§Ae§x§F§B§8§B§4§1s§x§F§B§7§4§3§8t§x§F§B§5§C§2§Ep§x§F§B§4§5§2§5l§x§F§A§2§E§1§Ca§x§F§A§1§7§1§3t§x§F§A§0§0§0§Ae to Unforce01 for $500,000.
[16:37:45] > KEITHTHEPRO added x1 §esᴋᴇʟᴇᴛᴏɴ sᴘᴀᴡɴᴇʀ in auction for 400000.
[16:39:35] > Ax_ added x1 §x§E§5§1§B§1§B§lDracula Key in auction for 100000.
[16:53:34] > PrinceBGC remove x1 §eᴄʜɪᴄᴋᴇɴ sᴘᴀᴡɴᴇʀ from storage
[17:01:24] > MochaFangs remove x1 Mace from storage
[17:07:36] > TostyZura buy x1 Heavy core to Takeremu for $600,000.
[17:07:45] > TostyZura remove x1 Heavy core from buy
[17:11:02] > tic_sz remove x1 §f§l§x§F§A§0§0§0§AD§x§F§A§1§7§1§3a§x§F§A§2§E§1§Cr§x§F§B§4§5§2§5k§x§F§B§5§C§2§Ef§x§F§B§7§4§3§8l§x§F§B§8§B§4§1a§x§F§C§A§2§4§Am§x§F§C§B§9§5§3e§x§F§C§D§0§5§C §x§F§C§D§0§5§CC§x§F§C§B§9§5§3h§x§F§C§A§2§4§Ae§x§F§B§8§B§4§1s§x§F§B§7§4§3§8t§x§F§B§5§C§2§Ep§x§F§B§4§5§2§5l§x§F§A§2§E§1§Ca§x§F§A§1§7§1§3t§x§F§A§0§0§0§Ae from buy
[17:16:38] > DanRaiv added x1 My milk. in auction for 100.
[17:17:28] > DanRaiv remove x2 §x§F§F§3§E§0§0§lD§x§F§F§3§7§0§0§le§x§F§F§3§0§0§0§lm§x§F§F§2§9§0§0§lo§x§F§F§2§2§0§0§ln §x§F§F§1§5§0§0§lL§x§F§F§0§E§0§0§lo§x§F§F§0§7§0§0§lr§x§F§F§0§0§0§0§ld §x§F§F§0§E§0§0§lF§x§F§F§1§5§0§0§lr§x§F§F§1§C§0§0§la§x§F§F§2§2§0§0§lg§x§F§F§2§9§0§0§lm§x§F§F§3§0§0§0§le§x§F§F§3§7§0§0§ln§x§F§F§3§E§0§0§lt from buy
[17:21:10] > DanRaiv added x1 §x§F§F§3§E§0§0§lD§x§F§F§3§6§0§0§le§x§F§F§2§F§0§0§lm§x§F§F§2§7§0§0§lo§x§F§F§1§F§0§0§ln §x§F§F§1§0§0§0§lL§x§F§F§0§8§0§0§lo§x§F§F§0§0§0§0§lr§x§F§F§0§9§0§0§ld §x§F§F§1§B§0§0§lS§x§F§F§2§3§0§0§lw§x§F§F§2§C§0§0§lo§x§F§F§3§5§0§0§lr§x§F§F§3§E§0§0§ld in auction for 150000.
[17:21:29] > DanRaiv remove x1 My milk. from storage
[17:21:31] > DanRaiv remove x1 PotsAndMats for potions and pot materials! from storage
[17:27:03] > Jackzly buy x1 §x§F§0§7§A§5§4§lZombie Apocalyptic Big Sword to tyrunknown for $150,000.
[17:29:12] > Jackzly buy x1 Splash potion to .Kenmbu for $1,000.
[17:30:07] > ameeelia remove x64 Amethyst block from buy
[17:30:23] > Jackzly remove x1 §x§F§0§7§A§5§4§lZombie Apocalyptic Big Sword from buy
[17:30:25] > Jackzly remove x1 §x§F§F§3§E§0§0§lD§x§F§F§3§8§0§0§le§x§F§F§3§2§0§0§lm§x§F§F§2§B§0§0§lo§x§F§F§2§5§0§0§ln §x§F§F§1§9§0§0§lL§x§F§F§1§3§0§0§lo§x§F§F§0§C§0§0§lr§x§F§F§0§6§0§0§ld §x§F§F§0§6§0§0§lB§x§F§F§0§C§0§0§la§x§F§F§1§3§0§0§lt§x§F§F§1§9§0§0§lt§x§F§F§1§F§0§0§ll§x§F§F§2§5§0§0§le §x§F§F§3§2§0§0§lA§x§F§F§3§8§0§0§lx§x§F§F§3§E§0§0§le from buy
[17:31:17] > benben929 buy x64 Arrow to Wemboooo for $10,000.
[17:31:18] > DanRaiv added x1 Raven's Milk in auction for 100.
[17:31:30] > sigman remove x1 Grass block form storage
[17:31:34] > .SharkyisHungry buy x1 Raven's Milk to DanRaiv for $100.
[17:43:06] > Kwienn added x1 /Pwarp go Pastries for FOODS in auction for 100000000000.
[17:55:07] > Akiesha added x2 Nether star in auction for 100000.
[18:06:28] > TostyZura buy x64 Experience bottle to kkyleeeeesa for $90,000.
[18:06:34] > TostyZura buy x64 Experience bottle to kkyleeeeesa for $90,000.
[18:06:44] > TostyZura remove x64 Experience bottle from buy
[18:06:45] > TostyZura remove x64 Experience bottle from buy
[18:09:09] > HPMR_GaMerz buy x1 IRON BLOCKS to HwanYo for $400,000.
[18:10:59] > SP3CC_ added x1 §x§F§F§3§E§0§0§lD§x§F§F§3§7§0§0§le§x§F§F§3§0§0§0§lm§x§F§F§2§9§0§0§lo§x§F§F§2§2§0§0§ln §x§F§F§1§5§0§0§lL§x§F§F§0§E§0§0§lo§x§F§F§0§7§0§0§lr§x§F§F§0§0§0§0§ld §x§F§F§0§E§0§0§lF§x§F§F§1§5§0§0§lr§x§F§F§1§C§0§0§la§x§F§F§2§2§0§0§lg§x§F§F§2§9§0§0§lm§x§F§F§3§0§0§0§le§x§F§F§3§7§0§0§ln§x§F§F§3§E§0§0§lt in auction for 100000.
[18:11:20] > SP3CC_ added x1 §x§F§F§3§E§0§0§lD§x§F§F§3§7§0§0§le§x§F§F§3§0§0§0§lm§x§F§F§2§9§0§0§lo§x§F§F§2§2§0§0§ln §x§F§F§1§5§0§0§lL§x§F§F§0§E§0§0§lo§x§F§F§0§7§0§0§lr§x§F§F§0§0§0§0§ld §x§F§F§0§E§0§0§lF§x§F§F§1§5§0§0§lr§x§F§F§1§C§0§0§la§x§F§F§2§2§0§0§lg§x§F§F§2§9§0§0§lm§x§F§F§3§0§0§0§le§x§F§F§3§7§0§0§ln§x§F§F§3§E§0§0§lt in auction for 100000.
[18:11:21] > Azp3c7 buy x2 §x§5§C§C§F§F§C§lC§x§5§C§D§1§F§5§lo§x§5§D§D§4§E§E§ls§x§5§D§D§6§E§7§lm§x§5§E§D§9§E§1§le§x§5§E§D§B§D§A§lt§x§5§E§D§D§D§3§li§x§5§F§E§0§C§C§lc §x§5§F§E§0§C§C§lH§x§5§E§D§D§D§3§la§x§5§E§D§B§D§A§lt§x§5§E§D§9§E§1§ls §x§5§D§D§4§E§E§lK§x§5§C§D§1§F§5§le§x§5§C§C§F§F§C§ly to celinesanrio for $100,000.
[18:11:29] > Azp3c7 buy x1 §x§5§C§C§F§F§C§lC§x§5§C§D§1§F§5§lo§x§5§D§D§4§E§E§ls§x§5§D§D§6§E§7§lm§x§5§E§D§9§E§1§le§x§5§E§D§B§D§A§lt§x§5§E§D§D§D§3§li§x§5§F§E§0§C§C§lc §x§5§F§E§0§C§C§lH§x§5§E§D§D§D§3§la§x§5§E§D§B§D§A§lt§x§5§E§D§9§E§1§ls §x§5§D§D§4§E§E§lK§x§5§C§D§1§F§5§le§x§5§C§C§F§F§C§ly to MrGh0st1y for $50,000.
[18:11:44] > SP3CC_ added x1 §x§F§F§3§E§0§0§lD§x§F§F§3§7§0§0§le§x§F§F§3§0§0§0§lm§x§F§F§2§9§0§0§lo§x§F§F§2§2§0§0§ln §x§F§F§1§5§0§0§lL§x§F§F§0§E§0§0§lo§x§F§F§0§7§0§0§lr§x§F§F§0§0§0§0§ld §x§F§F§0§E§0§0§lF§x§F§F§1§5§0§0§lr§x§F§F§1§C§0§0§la§x§F§F§2§2§0§0§lg§x§F§F§2§9§0§0§lm§x§F§F§3§0§0§0§le§x§F§F§3§7§0§0§ln§x§F§F§3§E§0§0§lt in auction for 100000.
[18:11:46] > Azp3c7 remove x2 §x§5§C§C§F§F§C§lC§x§5§C§D§1§F§5§lo§x§5§D§D§4§E§E§ls§x§5§D§D§6§E§7§lm§x§5§E§D§9§E§1§le§x§5§E§D§B§D§A§lt§x§5§E§D§D§D§3§li§x§5§F§E§0§C§C§lc §x§5§F§E§0§C§C§lH§x§5§E§D§D§D§3§la§x§5§E§D§B§D§A§lt§x§5§E§D§9§E§1§ls §x§5§D§D§4§E§E§lK§x§5§C§D§1§F§5§le§x§5§C§C§F§F§C§ly from buy
[18:11:48] > Azp3c7 remove x1 §x§5§C§C§F§F§C§lC§x§5§C§D§1§F§5§lo§x§5§D§D§4§E§E§ls§x§5§D§D§6§E§7§lm§x§5§E§D§9§E§1§le§x§5§E§D§B§D§A§lt§x§5§E§D§D§D§3§li§x§5§F§E§0§C§C§lc §x§5§F§E§0§C§C§lH§x§5§E§D§D§D§3§la§x§5§E§D§B§D§A§lt§x§5§E§D§9§E§1§ls §x§5§D§D§4§E§E§lK§x§5§C§D§1§F§5§le§x§5§C§C§F§F§C§ly from buy
[18:22:05] > x1 Nether star, item of SP3CC_, has just expired, the item is definitively deleted.
[18:22:05] > x1 §x§F§F§3§E§0§0§lDemon Lord Wings, item of nicoso12, has just expired, the item is definitively deleted.
[18:22:20] > mauserdart added x1 §x§5§9§A§1§D§9§lA§x§7§1§A§E§D§Er§x§8§8§B§C§E§4c§x§A§0§C§9§E§9h§x§B§8§D§7§E§Fa§x§D§0§E§4§F§4n§x§E§7§F§2§F§Ag§fe§x§E§7§F§2§F§Al §x§B§8§D§7§E§FW§x§A§0§C§9§E§9i§x§8§8§B§C§E§4n§x§7§1§A§E§D§Eg§x§5§9§A§1§D§9s in auction for 7500000.
[18:23:31] > mauserdart added x1 §eᴡᴀʀᴅᴇɴ ꜱᴘᴀᴡɴᴇʀ in auction for 550000.
[18:23:36] > Sezemi buy x1 §eᴡᴀʀᴅᴇɴ ꜱᴘᴀᴡɴᴇʀ to mauserdart for $550,000.
[18:25:09] > mauserdart added x2 §eᴡᴀʀᴅᴇɴ ꜱᴘᴀᴡɴᴇʀ in auction for 1200000.
[18:25:46] > DanRaiv remove x1 Netherite boots from storage
[18:27:13] > mauserdart remove x2 §eᴡᴀʀᴅᴇɴ ꜱᴘᴀᴡɴᴇʀ from storage
[18:30:48] > mauserdart added x1 §eᴡᴀʀᴅᴇɴ ꜱᴘᴀᴡɴᴇʀ in auction for 550000.
[18:31:02] > qirro buy x1 §eᴡᴀʀᴅᴇɴ ꜱᴘᴀᴡɴᴇʀ to mauserdart for $550,000.
[18:31:07] > qirro remove x1 §eᴡᴀʀᴅᴇɴ ꜱᴘᴀᴡɴᴇʀ from buy
[18:31:09] > mauserdart added x1 §eᴡᴀʀᴅᴇɴ ꜱᴘᴀᴡɴᴇʀ in auction for 550000.
[18:32:59] > SP3CC_ added x1 §x§F§F§3§E§0§0§lD§x§F§F§3§7§0§0§le§x§F§F§3§0§0§0§lm§x§F§F§2§9§0§0§lo§x§F§F§2§2§0§0§ln §x§F§F§1§5§0§0§lL§x§F§F§0§E§0§0§lo§x§F§F§0§7§0§0§lr§x§F§F§0§0§0§0§ld §x§F§F§0§E§0§0§lF§x§F§F§1§5§0§0§lr§x§F§F§1§C§0§0§la§x§F§F§2§2§0§0§lg§x§F§F§2§9§0§0§lm§x§F§F§3§0§0§0§le§x§F§F§3§7§0§0§ln§x§F§F§3§E§0§0§lt in auction for 100000.
[18:33:13] > octopus_01 buy x1 §x§F§F§3§E§0§0§lD§x§F§F§3§7§0§0§le§x§F§F§3§0§0§0§lm§x§F§F§2§9§0§0§lo§x§F§F§2§2§0§0§ln §x§F§F§1§5§0§0§lL§x§F§F§0§E§0§0§lo§x§F§F§0§7§0§0§lr§x§F§F§0§0§0§0§ld §x§F§F§0§E§0§0§lF§x§F§F§1§5§0§0§lr§x§F§F§1§C§0§0§la§x§F§F§2§2§0§0§lg§x§F§F§2§9§0§0§lm§x§F§F§3§0§0§0§le§x§F§F§3§7§0§0§ln§x§F§F§3§E§0§0§lt to SP3CC_ for $100,000.
[18:33:17] > octopus_01 buy x1 §x§F§F§3§E§0§0§lD§x§F§F§3§7§0§0§le§x§F§F§3§0§0§0§lm§x§F§F§2§9§0§0§lo§x§F§F§2§2§0§0§ln §x§F§F§1§5§0§0§lL§x§F§F§0§E§0§0§lo§x§F§F§0§7§0§0§lr§x§F§F§0§0§0§0§ld §x§F§F§0§E§0§0§lF§x§F§F§1§5§0§0§lr§x§F§F§1§C§0§0§la§x§F§F§2§2§0§0§lg§x§F§F§2§9§0§0§lm§x§F§F§3§0§0§0§le§x§F§F§3§7§0§0§ln§x§F§F§3§E§0§0§lt to SP3CC_ for $100,000.
[18:33:20] > octopus_01 buy x1 §x§F§F§3§E§0§0§lD§x§F§F§3§7§0§0§le§x§F§F§3§0§0§0§lm§x§F§F§2§9§0§0§lo§x§F§F§2§2§0§0§ln §x§F§F§1§5§0§0§lL§x§F§F§0§E§0§0§lo§x§F§F§0§7§0§0§lr§x§F§F§0§0§0§0§ld §x§F§F§0§E§0§0§lF§x§F§F§1§5§0§0§lr§x§F§F§1§C§0§0§la§x§F§F§2§2§0§0§lg§x§F§F§2§9§0§0§lm§x§F§F§3§0§0§0§le§x§F§F§3§7§0§0§ln§x§F§F§3§E§0§0§lt to SP3CC_ for $100,000.
[18:33:25] > octopus_01 buy x1 §x§F§F§3§E§0§0§lD§x§F§F§3§7§0§0§le§x§F§F§3§0§0§0§lm§x§F§F§2§9§0§0§lo§x§F§F§2§2§0§0§ln §x§F§F§1§5§0§0§lL§x§F§F§0§E§0§0§lo§x§F§F§0§7§0§0§lr§x§F§F§0§0§0§0§ld §x§F§F§0§E§0§0§lF§x§F§F§1§5§0§0§lr§x§F§F§1§C§0§0§la§x§F§F§2§2§0§0§lg§x§F§F§2§9§0§0§lm§x§F§F§3§0§0§0§le§x§F§F§3§7§0§0§ln§x§F§F§3§E§0§0§lt to SP3CC_ for $100,000.
[18:33:33] > octopus_01 buy x1 §fButterfly Hat to FRANZ_JOSEF0 for $50,000.
[18:35:21] > Sezemi buy x1 §eᴡᴀʀᴅᴇɴ ꜱᴘᴀᴡɴᴇʀ to mauserdart for $550,000.
[18:44:22] > x1 §2Franck on sale by llhxnce has just expired, it goes in the inventory of expired items.
[18:44:22] > x1 §f§l§x§F§C§D§0§5§CW§x§F§A§A§A§4§Bu§x§F§9§8§4§3§Bk§x§F§7§5§F§2§Ao§x§F§5§3§9§1§9n§x§F§4§1§3§0§8g §x§F§5§3§9§1§9S§x§F§7§5§F§2§At§x§F§9§8§4§3§Ba§x§F§A§A§A§4§Bf§x§F§C§D§0§5§Cf on sale by llhxnce has just expired, it goes in the inventory of expired items.
[18:44:22] > MrZyrus7228 added x1 Deepslate diamond ore in auction for 10.
[18:44:41] > mincerap buy x1 Deepslate diamond ore to MrZyrus7228 for $10.
[18:47:42] > baba added x1 Totem of undying in auction for 5000.
[18:48:05] > baba added x1 Totem of undying in auction for 5000.
[18:48:48] > Akiesha buy x1 Totem of undying to baba for $5,000.
[18:48:52] > baba added x1 Totem of undying in auction for 3000.
[18:48:56] > Akiesha remove x1 Totem of undying from buy
[18:49:07] > baba added x1 Totem of undying in auction for 3000.
[18:51:05] > DanRaiv added x4 Pale oak sapling in auction for 10000.
[19:09:17] > PrinceBGC added x1 §x§5§C§C§F§F§C§lC§x§5§C§D§1§F§5§lo§x§5§D§D§4§E§E§ls§x§5§D§D§6§E§7§lm§x§5§E§D§9§E§1§le§x§5§E§D§B§D§A§lt§x§5§E§D§D§D§3§li§x§5§F§E§0§C§C§lc §x§5§F§E§0§C§C§lH§x§5§E§D§D§D§3§la§x§5§E§D§B§D§A§lt§x§5§E§D§9§E§1§ls §x§5§D§D§4§E§E§lK§x§5§C§D§1§F§5§le§x§5§C§C§F§F§C§ly in auction for 100000.
[19:09:27] > SP3CC_ added x1 §x§5§C§C§F§F§C§lC§x§5§C§D§1§F§5§lo§x§5§D§D§4§E§E§ls§x§5§D§D§6§E§7§lm§x§5§E§D§9§E§1§le§x§5§E§D§B§D§A§lt§x§5§E§D§D§D§3§li§x§5§F§E§0§C§C§lc §x§5§F§E§0§C§C§lH§x§5§E§D§D§D§3§la§x§5§E§D§B§D§A§lt§x§5§E§D§9§E§1§ls §x§5§D§D§4§E§E§lK§x§5§C§D§1§F§5§le§x§5§C§C§F§F§C§ly in auction for 100000.
[19:10:22] > HwanYo added x4 Enchanted golden apple in auction for 500000.
[19:10:24] > sean_kirby added x1 §fFlower Hat in auction for 100.
[19:10:29] > DanRaiv buy x1 §fFlower Hat to sean_kirby for $100.
[19:10:34] > PrinceBGC remove x1 §x§5§C§C§F§F§C§lC§x§5§C§D§1§F§5§lo§x§5§D§D§4§E§E§ls§x§5§D§D§6§E§7§lm§x§5§E§D§9§E§1§le§x§5§E§D§B§D§A§lt§x§5§E§D§D§D§3§li§x§5§F§E§0§C§C§lc §x§5§F§E§0§C§C§lH§x§5§E§D§D§D§3§la§x§5§E§D§B§D§A§lt§x§5§E§D§9§E§1§ls §x§5§D§D§4§E§E§lK§x§5§C§D§1§F§5§le§x§5§C§C§F§F§C§ly from storage
[19:10:35] > PrinceBGC remove x1 §x§5§C§C§F§F§C§lC§x§5§C§D§1§F§5§lo§x§5§D§D§4§E§E§ls§x§5§D§D§6§E§7§lm§x§5§E§D§9§E§1§le§x§5§E§D§B§D§A§lt§x§5§E§D§D§D§3§li§x§5§F§E§0§C§C§lc §x§5§F§E§0§C§C§lH§x§5§E§D§D§D§3§la§x§5§E§D§B§D§A§lt§x§5§E§D§9§E§1§ls §x§5§D§D§4§E§E§lK§x§5§C§D§1§F§5§le§x§5§C§C§F§F§C§ly form storage
[19:10:35] > imnectarfr added x2 §x§5§C§C§F§F§C§lC§x§5§C§D§1§F§5§lo§x§5§D§D§4§E§E§ls§x§5§D§D§6§E§7§lm§x§5§E§D§9§E§1§le§x§5§E§D§B§D§A§lt§x§5§E§D§D§D§3§li§x§5§F§E§0§C§C§lc §x§5§F§E§0§C§C§lH§x§5§E§D§D§D§3§la§x§5§E§D§B§D§A§lt§x§5§E§D§9§E§1§ls §x§5§D§D§4§E§E§lK§x§5§C§D§1§F§5§le§x§5§C§C§F§F§C§ly in auction for 400000.
[19:10:37] > sean_kirby added x1 §2Franck in auction for 100.
[19:10:38] > .Kenku1001 buy x1 §esᴋᴇʟᴇᴛᴏɴ sᴘᴀᴡɴᴇʀ to KEITHTHEPRO for $400,000.
[19:10:43] > HwanYo added x2 Enchanted golden apple in auction for 250000.
[19:10:45] > HPMR_GaMerz buy x1 §2Franck to sean_kirby for $100.
[19:10:46] > PrinceBGC added x2 §x§5§C§C§F§F§C§lC§x§5§C§D§1§F§5§lo§x§5§D§D§4§E§E§ls§x§5§D§D§6§E§7§lm§x§5§E§D§9§E§1§le§x§5§E§D§B§D§A§lt§x§5§E§D§D§D§3§li§x§5§F§E§0§C§C§lc §x§5§F§E§0§C§C§lH§x§5§E§D§D§D§3§la§x§5§E§D§B§D§A§lt§x§5§E§D§9§E§1§ls §x§5§D§D§4§E§E§lK§x§5§C§D§1§F§5§le§x§5§C§C§F§F§C§ly in auction for 100000.
[19:10:49] > HPMR_GaMerz buy x4 Pale oak sapling to DanRaiv for $10,000.
[19:10:55] > HwanYo added x2 Enchanted golden apple in auction for 250000.
[19:11:01] > DanRaiv added x1 §eMummy Hat in auction for 10000.
[19:11:03] > HPMR_GaMerz buy x1 §eMummy Hat to DanRaiv for $10,000.
[19:11:07] > imnectarfr remove x1 §x§5§9§A§1§D§9§lA§x§6§E§A§D§D§Er§x§8§3§B§9§E§3c§x§9§7§C§4§E§7h§x§A§C§D§0§E§Ca§x§C§1§D§C§F§1n§x§D§6§E§8§F§6g§x§E§A§F§3§F§Ae§fl §x§D§0§E§4§F§4D§x§B§8§D§7§E§Fa§x§A§0§C§9§E§9g§x§8§8§B§C§E§4g§x§7§1§A§E§D§Ee§x§5§9§A§1§D§9r from storage
[19:11:07] > imnectarfr remove x1 §esᴘɪᴅᴇʀ sᴘᴀᴡɴᴇʀ from storage
[19:11:08] > imnectarfr remove x1 §f§l§x§F§A§0§0§0§AD§x§F§A§2§3§1§8a§x§F§B§4§5§2§5r§x§F§B§6§8§3§3k§x§F§B§8§B§4§1f§x§F§C§A§D§4§El§x§F§C§D§0§5§Ca§x§F§C§A§D§4§Em§x§F§B§8§B§4§1e§x§F§B§6§8§3§3 §x§F§B§4§5§2§5H§x§F§A§2§3§1§8a§x§F§A§0§0§0§At from storage
[19:11:09] > HwanYo buy x1 §x§E§5§1§B§1§B§lDracula Key to Ax_ for $100,000.
[19:11:19] > imnectarfr added x1 §esᴘɪᴅᴇʀ sᴘᴀᴡɴᴇʀ in auction for 1000000.
[19:11:25] > Ax_ remove x2 Nether star from storage
[19:11:29] > imnectarfr added x1 §f§l§x§F§A§0§0§0§AD§x§F§A§2§3§1§8a§x§F§B§4§5§2§5r§x§F§B§6§8§3§3k§x§F§B§8§B§4§1f§x§F§C§A§D§4§El§x§F§C§D§0§5§Ca§x§F§C§A§D§4§Em§x§F§B§8§B§4§1e§x§F§B§6§8§3§3 §x§F§B§4§5§2§5H§x§F§A§2§3§1§8a§x§F§A§0§0§0§At in auction for 3000000.
[19:11:34] > Ax_ added x1 §fMushroom Hat in auction for 50000.
[19:11:36] > HwanYo remove x1 §x§E§5§1§B§1§B§lDracula Key from buy
[19:11:44] > .Kenku1001 added x12 Shulker shell in auction for 28000.
[19:11:54] > imnectarfr remove x1 §esᴘɪᴅᴇʀ sᴘᴀᴡɴᴇʀ from storage
[19:12:26] > imnectarfr added x1 §x§5§9§A§1§D§9§lA§x§6§E§A§D§D§Er§x§8§3§B§9§E§3c§x§9§7§C§4§E§7h§x§A§C§D§0§E§Ca§x§C§1§D§C§F§1n§x§D§6§E§8§F§6g§x§E§A§F§3§F§Ae§fl §x§D§0§E§4§F§4D§x§B§8§D§7§E§Fa§x§A§0§C§9§E§9g§x§8§8§B§C§E§4g§x§7§1§A§E§D§Ee§x§5§9§A§1§D§9r in auction for 600000.
[19:13:53] > HPMR_GaMerz buy x12 Shulker shell to .Kenku1001 for $28,000.
[19:19:25] > .Kenku1001 added x1 §f§l§8B§x§6§6§6§6§6§6a§x§7§7§7§7§7§7h§x§8§8§8§8§8§8a§x§9§9§9§9§9§9m§7u§x§9§9§9§9§9§9t§x§8§8§8§8§8§8 §x§7§7§7§7§7§7K§x§6§6§6§6§6§6e§8y in auction for 2000000.
[19:19:31] > celinesanrio buy x1 §f§l§8B§x§6§6§6§6§6§6a§x§7§7§7§7§7§7h§x§8§8§8§8§8§8a§x§9§9§9§9§9§9m§7u§x§9§9§9§9§9§9t§x§8§8§8§8§8§8 §x§7§7§7§7§7§7K§x§6§6§6§6§6§6e§8y to .Kenku1001 for $2,000,000.
[19:19:36] > celinesanrio remove x1 §f§l§8B§x§6§6§6§6§6§6a§x§7§7§7§7§7§7h§x§8§8§8§8§8§8a§x§9§9§9§9§9§9m§7u§x§9§9§9§9§9§9t§x§8§8§8§8§8§8 §x§7§7§7§7§7§7K§x§6§6§6§6§6§6e§8y form buy
[19:19:44] > HPMR_GaMerz buy x1 §fMushroom Hat to Ax_ for $50,000.
[19:22:39] > celinesanrio added x1 §f§l§8B§x§6§2§6§2§6§2a§x§6§F§6§F§6§Fh§x§7§C§7§C§7§Ca§x§8§9§8§9§8§9m§x§9§6§9§6§9§6u§x§A§3§A§3§A§3t §x§9§6§9§6§9§6P§x§8§9§8§9§8§9i§x§7§C§7§C§7§Cc§x§6§F§6§F§6§Fa§x§6§2§6§2§6§2x§8e in auction for 4000000.
[19:30:30] > octopus_01 remove x1 §f§l§x§F§C§D§0§5§CW§x§F§A§A§2§4§8u§x§F§8§7§4§3§3k§x§F§6§4§5§1§Fo§x§F§4§1§7§0§Ang§x§F§6§4§5§1§F §x§F§8§7§4§3§3B§x§F§A§A§2§4§8o§x§F§C§D§0§5§Cw from storage
[19:34:30] > HwanYo added x1 Netherite boots in auction for 250000.
[19:41:36] > anneyong buy x1 Netherite boots to HwanYo for $250,000.
[19:42:52] > anneyong remove x1 Netherite boots from buy
[19:46:36] > .Kenku1001 remove x1 §esᴋᴇʟᴇᴛᴏɴ sᴘᴀᴡɴᴇʀ from buy
[20:02:03] > HPMR_GaMerz buy x1 §fHorns to Ax_ for $50,000.
[20:02:10] > HPMR_GaMerz buy x1 §x§E§5§1§B§1§B§lDracula Helmet to Axshiryu for $50,000.
[20:20:15] > x1 §x§F§F§7§C§0§0§lSteamsparks Sword on sale by Seris00 has just expired, it goes in the inventory of expired items.
[20:20:15] > x1 §x§F§F§7§C§0§0§lSteamsparks Shield on sale by Seris00 has just expired, it goes in the inventory of expired items.
[20:22:30] > sean_kirby buy x1 §f§l§x§F§C§D§0§5§CW§x§F§A§A§A§4§Bu§x§F§9§8§4§3§Bk§x§F§7§5§F§2§Ao§x§F§5§3§9§1§9n§x§F§4§1§3§0§8g §x§F§5§3§9§1§9S§x§F§7§5§F§2§At§x§F§9§8§4§3§Ba§x§F§A§A§A§4§Bf§x§F§C§D§0§5§Cf to Keeos for $150,000.
[20:22:36] > sean_kirby buy x1 §f§l§x§F§C§D§0§5§CW§x§F§A§A§A§4§Bu§x§F§9§8§4§3§Bk§x§F§7§5§F§2§Ao§x§F§5§3§9§1§9n§x§F§4§1§3§0§8g §x§F§5§3§9§1§9S§x§F§7§5§F§2§Aw§x§F§9§8§4§3§Bo§x§F§A§A§A§4§Br§x§F§C§D§0§5§Cd to octopus_01 for $500,000.
[20:23:03] > x1 §x§F§F§5§5§0§0§lsᴇʟʟᴡᴀɴᴅ §6- 5.0x, bought by Bestofphilipine, has just expired, the item is definitively deleted.
[20:23:04] > octopus_01 remove x1 §x§F§F§3§E§0§0§lD§x§F§F§3§7§0§0§le§x§F§F§3§0§0§0§lm§x§F§F§2§9§0§0§lo§x§F§F§2§2§0§0§ln §x§F§F§1§5§0§0§lL§x§F§F§0§E§0§0§lo§x§F§F§0§7§0§0§lr§x§F§F§0§0§0§0§ld §x§F§F§0§E§0§0§lF§x§F§F§1§5§0§0§lr§x§F§F§1§C§0§0§la§x§F§F§2§2§0§0§lg§x§F§F§2§9§0§0§lm§x§F§F§3§0§0§0§le§x§F§F§3§7§0§0§ln§x§F§F§3§E§0§0§lt from buy
[20:23:05] > octopus_01 remove x1 §x§F§F§3§E§0§0§lD§x§F§F§3§7§0§0§le§x§F§F§3§0§0§0§lm§x§F§F§2§9§0§0§lo§x§F§F§2§2§0§0§ln §x§F§F§1§5§0§0§lL§x§F§F§0§E§0§0§lo§x§F§F§0§7§0§0§lr§x§F§F§0§0§0§0§ld §x§F§F§0§E§0§0§lF§x§F§F§1§5§0§0§lr§x§F§F§1§C§0§0§la§x§F§F§2§2§0§0§lg§x§F§F§2§9§0§0§lm§x§F§F§3§0§0§0§le§x§F§F§3§7§0§0§ln§x§F§F§3§E§0§0§lt from buy
[20:23:05] > octopus_01 remove x1 §x§F§F§3§E§0§0§lD§x§F§F§3§7§0§0§le§x§F§F§3§0§0§0§lm§x§F§F§2§9§0§0§lo§x§F§F§2§2§0§0§ln §x§F§F§1§5§0§0§lL§x§F§F§0§E§0§0§lo§x§F§F§0§7§0§0§lr§x§F§F§0§0§0§0§ld §x§F§F§0§E§0§0§lF§x§F§F§1§5§0§0§lr§x§F§F§1§C§0§0§la§x§F§F§2§2§0§0§lg§x§F§F§2§9§0§0§lm§x§F§F§3§0§0§0§le§x§F§F§3§7§0§0§ln§x§F§F§3§E§0§0§lt from buy
[20:23:06] > octopus_01 remove x1 §x§F§F§3§E§0§0§lD§x§F§F§3§7§0§0§le§x§F§F§3§0§0§0§lm§x§F§F§2§9§0§0§lo§x§F§F§2§2§0§0§ln §x§F§F§1§5§0§0§lL§x§F§F§0§E§0§0§lo§x§F§F§0§7§0§0§lr§x§F§F§0§0§0§0§ld §x§F§F§0§E§0§0§lF§x§F§F§1§5§0§0§lr§x§F§F§1§C§0§0§la§x§F§F§2§2§0§0§lg§x§F§F§2§9§0§0§lm§x§F§F§3§0§0§0§le§x§F§F§3§7§0§0§ln§x§F§F§3§E§0§0§lt from buy
[20:23:06] > octopus_01 remove x1 §fButterfly Hat from buy
[20:23:20] > sean_kirby buy x1 §f§l§x§F§C§D§0§5§CW§x§F§B§B§0§4§Eu§x§F§9§9§0§4§0k§x§F§8§7§0§3§2o§x§F§6§5§0§2§3n§x§F§5§3§0§1§5g§x§F§4§1§0§0§7 H§x§F§5§3§0§1§5a§x§F§6§5§0§2§3l§x§F§8§7§0§3§2b§x§F§9§9§0§4§0e§x§F§B§B§0§4§Er§x§F§C§D§0§5§Cd to Ax_ for $150,000.
[20:23:25] > sean_kirby remove x1 §f§l§x§F§C§D§0§5§CW§x§F§B§B§0§4§Eu§x§F§9§9§0§4§0k§x§F§8§7§0§3§2o§x§F§6§5§0§2§3n§x§F§5§3§0§1§5g§x§F§4§1§0§0§7 H§x§F§5§3§0§1§5a§x§F§6§5§0§2§3l§x§F§8§7§0§3§2b§x§F§9§9§0§4§0e§x§F§B§B§0§4§Er§x§F§C§D§0§5§Cd from buy
[20:23:26] > sean_kirby remove x1 §f§l§x§F§C§D§0§5§CW§x§F§A§A§A§4§Bu§x§F§9§8§4§3§Bk§x§F§7§5§F§2§Ao§x§F§5§3§9§1§9n§x§F§4§1§3§0§8g §x§F§5§3§9§1§9S§x§F§7§5§F§2§Aw§x§F§9§8§4§3§Bo§x§F§A§A§A§4§Br§x§F§C§D§0§5§Cd from buy
[20:23:27] > sean_kirby remove x1 §f§l§x§F§C§D§0§5§CW§x§F§A§A§A§4§Bu§x§F§9§8§4§3§Bk§x§F§7§5§F§2§Ao§x§F§5§3§9§1§9n§x§F§4§1§3§0§8g §x§F§5§3§9§1§9S§x§F§7§5§F§2§At§x§F§9§8§4§3§Ba§x§F§A§A§A§4§Bf§x§F§C§D§0§5§Cf from buy
[20:24:33] > x1 §f§l§x§F§C§D§0§5§CW§x§F§A§A§A§4§Bu§x§F§9§8§4§3§Bk§x§F§7§5§F§2§Ao§x§F§5§3§9§1§9n§x§F§4§1§3§0§8g §x§F§5§3§9§1§9S§x§F§7§5§F§2§At§x§F§9§8§4§3§Ba§x§F§A§A§A§4§Bf§x§F§C§D§0§5§Cf on sale by MochaFangs has just expired, it goes in the inventory of expired items.
[20:25:01] > x2 §x§E§5§1§B§1§B§lDracula Key on sale by Abbadex has just expired, it goes in the inventory of expired items.
[20:25:57] > x2 §x§F§F§7§C§0§0§lSteamsparks Key on sale by Abbadex has just expired, it goes in the inventory of expired items.
[20:25:57] > DanRaiv added x63 Cookie in auction for 100.
[20:25:57] > x1 §x§F§F§7§C§0§0§lSteamsparks Shield on sale by MrGh0st1y has just expired, it goes in the inventory of expired items.
[20:26:09] > KEITHTHEPRO buy x63 Cookie to DanRaiv for $100.
[20:26:16] > KEITHTHEPRO remove x63 Cookie from buy
[20:39:52] > x1 §f§l§x§F§A§0§0§0§AD§x§F§A§1§E§1§6a§x§F§B§3§B§2§1r§x§F§B§5§9§2§Dk§x§F§B§7§7§3§9f§x§F§B§9§5§4§5l§x§F§C§B§2§5§0a§x§F§C§D§0§5§Cm§x§F§C§B§2§5§0e§x§F§B§9§5§4§5 §x§F§B§7§7§3§9S§x§F§B§5§9§2§Dw§x§F§B§3§B§2§1o§x§F§A§1§E§1§6r§x§F§A§0§0§0§Ad on sale by sukiyoriee has just expired, it goes in the inventory of expired items.
[20:40:14] > baba remove x1 Totem of undying from storage
[20:52:12] > x64 Stick, item of SP3CC_, has just expired, the item is definitively deleted.
[20:52:12] > x1 §x§E§E§0§0§0§0§lᴜɴʟɪᴍɪᴛᴇᴅ sᴇʟʟᴡᴀɴᴅ, item of Raylii, has just expired, the item is definitively deleted.
[20:52:12] > x1 §aCthulhu, item of SP3CC_, has just expired, the item is definitively deleted.
[20:52:19] > Sezemi remove x1 Godly Crate Key from expire
[20:53:11] > celinesanrio added x1 Godly Crate Key in auction for 10.
[20:53:23] > x1 Enchanted book, bought by giyahnpogi, has just expired, the item is definitively deleted.
[20:55:28] > .Demon_asta1590 buy x1 §f§l§x§F§C§D§0§5§CW§x§F§A§A§A§4§Bu§x§F§9§8§4§3§Bk§x§F§7§5§F§2§Ao§x§F§5§3§9§1§9n§x§F§4§1§3§0§8g §x§F§5§3§9§1§9W§x§F§7§5§F§2§Ai§x§F§9§8§4§3§Bn§x§F§A§A§A§4§Bg§x§F§C§D§0§5§Cs to Zypher_0w0 for $3,999,999.
[20:55:46] > .Demon_asta1590 remove x1 §f§l§x§F§C§D§0§5§CW§x§F§A§A§A§4§Bu§x§F§9§8§4§3§Bk§x§F§7§5§F§2§Ao§x§F§5§3§9§1§9n§x§F§4§1§3§0§8g §x§F§5§3§9§1§9W§x§F§7§5§F§2§Ai§x§F§9§8§4§3§Bn§x§F§A§A§A§4§Bg§x§F§C§D§0§5§Cs form buy
[21:01:56] > .SharkyisHungry remove x1 Raven's Milk from buy
[21:03:42] > DanRaiv added x1 Raven's Milk in auction for 100.
[21:04:03] > MrZyrus7228 buy x1 Raven's Milk to DanRaiv for $100.
[21:04:11] > MrZyrus7228 remove x1 Raven's Milk from buy
[21:16:52] > x1 /pwarp go CheapPots! on sale by InternetCafeUser has just expired, it goes in the inventory of expired items.
[21:16:52] > SP3CC_ added x1 §x§F§F§3§E§0§0§lD§x§F§F§3§7§0§0§le§x§F§F§3§0§0§0§lm§x§F§F§2§9§0§0§lo§x§F§F§2§2§0§0§ln §x§F§F§1§5§0§0§lL§x§F§F§0§E§0§0§lo§x§F§F§0§7§0§0§lr§x§F§F§0§0§0§0§ld §x§F§F§0§E§0§0§lF§x§F§F§1§5§0§0§lr§x§F§F§1§C§0§0§la§x§F§F§2§2§0§0§lg§x§F§F§2§9§0§0§lm§x§F§F§3§0§0§0§le§x§F§F§3§7§0§0§ln§x§F§F§3§E§0§0§lt in auction for 100000.
[21:24:12] > .Allxnzv added x1 §f§l§x§F§C§D§0§5§CW§x§F§A§A§6§4§Au§x§F§8§7§D§3§7k§x§F§7§5§3§2§5o§x§F§5§2§A§1§2n§x§F§3§0§0§0§0g§x§F§5§2§A§1§2 §x§F§7§5§3§2§5C§x§F§8§7§D§3§7l§x§F§A§A§6§4§Au§x§F§C§D§0§5§Cb in auction for 600000.
[21:54:32] > Axshiryu remove x1 Shulker shell form storage
[21:54:32] > Axshiryu remove x1 Diamond helmet form storage
[21:54:40] > Axshiryu buy x1 Totem of undying to baba for $3,000.
[21:54:42] > Axshiryu buy x1 Totem of undying to baba for $3,000.
[22:09:47] > x1 §x§F§F§3§E§0§0§lD§x§F§F§3§7§0§0§le§x§F§F§3§0§0§0§lm§x§F§F§2§9§0§0§lo§x§F§F§2§2§0§0§ln §x§F§F§1§5§0§0§lL§x§F§F§0§E§0§0§lo§x§F§F§0§7§0§0§lr§x§F§F§0§0§0§0§ld §x§F§F§0§E§0§0§lC§x§F§F§1§5§0§0§lr§x§F§F§1§C§0§0§lo§x§F§F§2§2§0§0§ls§x§F§F§2§9§0§0§ls§x§F§F§3§0§0§0§lb§x§F§F§3§7§0§0§lo§x§F§F§3§E§0§0§lw on sale by .Demon_asta1590 has just expired, it goes in the inventory of expired items.
[22:10:37] > Axshiryu added x1 Nether star in auction for 20000.
[22:10:48] > Axshiryu added x1 Diamond helmet in auction for 20000.
[22:41:56] > x1 §x§F§0§7§A§5§4§lZombie Apocalyptic Helmet on sale by P4LDOK has just expired, it goes in the inventory of expired items.
[22:41:56] > x1 §f§l§x§8§A§0§0§F§FS§x§9§8§0§0§D§Dh§x§A§6§0§0§B§Bi§x§B§4§0§0§9§9n§x§C§2§0§0§7§7e§x§D§0§0§0§5§5 §x§D§E§0§0§3§3O§x§E§C§0§0§1§1ni§x§D§E§0§0§3§3 §x§D§0§0§0§5§5S§x§C§2§0§0§7§7h§x§B§4§0§0§9§9i§x§A§6§0§0§B§Be§x§9§8§0§0§D§Dl§x§8§A§0§0§F§Fd on sale by P4LDOK has just expired, it goes in the inventory of expired items.
[22:41:56] > x1 §x§F§F§3§E§0§0§lD§x§F§F§3§6§0§0§le§x§F§F§2§F§0§0§lm§x§F§F§2§7§0§0§lo§x§F§F§1§F§0§0§ln §x§F§F§1§0§0§0§lL§x§F§F§0§8§0§0§lo§x§F§F§0§0§0§0§lr§x§F§F§0§8§0§0§ld §x§F§F§1§7§0§0§lD§x§F§F§1§F§0§0§la§x§F§F§2§7§0§0§lg§x§F§F§2§F§0§0§lg§x§F§F§3§6§0§0§le§x§F§F§3§E§0§0§lr on sale by Sanchay has just expired, it goes in the inventory of expired items.
[22:44:00] > Johng10910 buy x1 §f§l§x§F§C§D§0§5§CW§x§F§B§A§D§4§Du§x§F§9§8§B§3§Dk§x§F§8§6§8§2§Eo§x§F§6§4§5§1§Fn§x§F§5§2§3§0§Fg§x§F§3§0§0§0§0 §x§F§5§2§3§0§FH§x§F§6§4§5§1§Fa§x§F§8§6§8§2§Em§x§F§9§8§B§3§Dm§x§F§B§A§D§4§De§x§F§C§D§0§5§Cr to .SharkyisHungry for $650,000.
[22:45:40] > Ax_ added x1 §fRaining Cloud Hat in auction for 50000.
[22:51:29] > celinesanrio added x1 §f§l§x§8§A§0§0§F§FS§x§9§C§0§0§D§5h§x§A§D§0§0§A§Ai§x§B§F§0§0§8§0n§x§D§0§0§0§5§5e§x§E§2§0§0§2§B §x§F§3§0§0§0§0O§x§E§2§0§0§2§An§x§D§0§0§0§5§5i§x§B§F§0§0§8§0 §x§A§D§0§0§A§AK§x§9§C§0§0§D§5e§x§8§A§0§0§F§Fy in auction for 5000000.
[22:51:40] > HPMR_GaMerz buy x1 §fRaining Cloud Hat to Ax_ for $50,000.
[22:51:42] > celinesanrio added x1 §f§l§x§F§C§D§0§5§CW§x§F§B§B§0§4§Eu§x§F§9§9§0§4§0k§x§F§8§7§0§3§2o§x§F§6§5§0§2§3n§x§F§5§3§0§1§5g§x§F§4§1§0§0§7 H§x§F§5§3§0§1§5a§x§F§6§5§0§2§3l§x§F§8§7§0§3§2b§x§F§9§9§0§4§0e§x§F§B§B§0§4§Er§x§F§C§D§0§5§Cd in auction for 75000.
[22:52:10] > celinesanrio added x1 §x§E§5§1§B§1§B§lDracula Key in auction for 50000.
[22:52:12] > kopo555 remove x1 §f§l§x§F§A§0§0§0§AD§x§F§A§2§0§1§7a§x§F§B§4§0§2§3r§x§F§B§6§0§3§0k§x§F§B§8§0§3§Cf§x§F§C§A§0§4§9l§x§F§C§C§0§5§6am§x§F§C§A§0§4§9e§x§F§B§8§0§3§C §x§F§B§6§0§3§0M§x§F§B§4§0§2§3a§x§F§A§2§0§1§7c§x§F§A§0§0§0§Ae from storage
[22:52:13] > kopo555 remove x1 §f§l§x§F§C§D§0§5§CW§x§F§A§A§A§4§Bu§x§F§9§8§4§3§Bk§x§F§7§5§F§2§Ao§x§F§5§3§9§1§9n§x§F§4§1§3§0§8g §x§F§5§3§9§1§9S§x§F§7§5§F§2§At§x§F§9§8§4§3§Bi§x§F§A§A§A§4§Bc§x§F§C§D§0§5§Ck from storage
[22:52:15] > kopo555 remove x1 §x§F§F§3§E§0§0§lD§x§F§F§3§5§0§0§le§x§F§F§2§C§0§0§lm§x§F§F§2§3§0§0§lo§x§F§F§1§B§0§0§ln §x§F§F§0§9§0§0§lL§x§F§F§0§0§0§0§lo§x§F§F§0§A§0§0§lr§x§F§F§1§5§0§0§ld §x§F§F§2§9§0§0§lB§x§F§F§3§4§0§0§lo§x§F§F§3§E§0§0§lw from storage
[22:52:26] > kopo555 added x1 §f§l§x§F§A§0§0§0§AD§x§F§A§2§0§1§7a§x§F§B§4§0§2§3r§x§F§B§6§0§3§0k§x§F§B§8§0§3§Cf§x§F§C§A§0§4§9l§x§F§C§C§0§5§6am§x§F§C§A§0§4§9e§x§F§B§8§0§3§C §x§F§B§6§0§3§0M§x§F§B§4§0§2§3a§x§F§A§2§0§1§7c§x§F§A§0§0§0§Ae in auction for 1500000.
[22:52:35] > Axshiryu added x1 §fWandering Trader Plushie §6(#92/101) in auction for 25000.
[22:52:42] > HPMR_GaMerz buy x1 §fWandering Trader Plushie §6(#92/101) to Axshiryu for $25,000.
[22:52:52] > .SharkyisHungry added x1 §eᴢᴏᴍʙɪᴇ sᴘᴀᴡɴᴇʀ in auction for 450000.
[22:52:58] > x1 §x§F§F§7§C§0§0§lSteamsparks Axe, bought by JullianHuH, has just expired, the item is definitively deleted.
[22:53:34] > HPMR_GaMerz added x2 Coast armor trim smithing template in auction for 600000.
[22:54:56] > mae added x1 §x§E§5§1§B§1§B§lDracula Battleaxe in auction for 500000.
[22:55:07] > Keenorana remove x64 Wither skeleton skull from storage
[22:55:07] > Keenorana remove x1 §x§F§F§5§5§0§0§lsᴇʟʟᴡᴀɴᴅ §6- 5.0x from storage
[22:55:09] > BlackKnight added x1 §f§l§8B§x§6§3§6§3§6§3a§x§7§1§7§1§7§1h§x§8§0§8§0§8§0a§x§8§E§8§E§8§Em§x§9§C§9§C§9§Cu§7t§x§9§C§9§C§9§C §x§8§E§8§E§8§ES§x§8§0§8§0§8§0w§x§7§1§7§1§7§1o§x§6§3§6§3§6§3r§8d in auction for 4000000.
[22:55:57] > Keenorana added x64 Wither skeleton skull in auction for 700000.
[22:56:12] > Keenorana added x1 §x§F§F§5§5§0§0§lsᴇʟʟᴡᴀɴᴅ §6- 5.0x in auction for 1000000.
[22:56:17] > Johng10910 remove x1 §f§l§x§F§C§D§0§5§CW§x§F§B§A§D§4§Du§x§F§9§8§B§3§Dk§x§F§8§6§8§2§Eo§x§F§6§4§5§1§Fn§x§F§5§2§3§0§Fg§x§F§3§0§0§0§0 §x§F§5§2§3§0§FH§x§F§6§4§5§1§Fa§x§F§8§6§8§2§Em§x§F§9§8§B§3§Dm§x§F§B§A§D§4§De§x§F§C§D§0§5§Cr from buy
[22:56:20] > .SharkyisHungry added x1 §f§l§x§F§A§0§0§0§AD§x§F§A§2§3§1§8a§x§F§B§4§5§2§5r§x§F§B§6§8§3§3k§x§F§B§8§B§4§1f§x§F§C§A§D§4§El§x§F§C§D§0§5§Ca§x§F§C§D§0§5§Cm§x§F§C§B§2§5§0e§x§F§B§9§5§4§5 §x§F§B§7§7§3§9B§x§F§B§5§9§2§Do§x§F§B§3§B§2§1o§x§F§A§1§E§1§6t§x§F§A§0§0§0§As in auction for 400000.
[22:57:03] > celinesanrio added x1 §f§l§x§F§A§0§0§0§AD§x§F§A§1§E§1§6a§x§F§B§3§B§2§1r§x§F§B§5§9§2§Dk§x§F§B§7§7§3§9f§x§F§B§9§5§4§5l§x§F§C§B§2§5§0a§x§F§C§D§0§5§Cm§x§F§C§B§2§5§0e§x§F§B§9§5§4§5 §x§F§B§7§7§3§9S§x§F§B§5§9§2§Dt§x§F§B§3§B§2§1a§x§F§A§1§E§1§6f§x§F§A§0§0§0§Af in auction for 750000.
[22:57:30] > BlINDSTEELS buy x1 §fBee Plushie §6(#9/101) to Deanrex for $300,000.
[22:57:37] > celinesanrio buy x1 §f§l§8B§x§6§3§6§3§6§3a§x§7§1§7§1§7§1h§x§8§0§8§0§8§0a§x§8§E§8§E§8§Em§x§9§C§9§C§9§Cu§7t§x§9§C§9§C§9§C §x§8§E§8§E§8§ES§x§8§0§8§0§8§0w§x§7§1§7§1§7§1o§x§6§3§6§3§6§3r§8d to BlackKnight for $4,000,000.
[22:57:40] > celinesanrio remove x1 §f§l§8B§x§6§3§6§3§6§3a§x§7§1§7§1§7§1h§x§8§0§8§0§8§0a§x§8§E§8§E§8§Em§x§9§C§9§C§9§Cu§7t§x§9§C§9§C§9§C §x§8§E§8§E§8§ES§x§8§0§8§0§8§0w§x§7§1§7§1§7§1o§x§6§3§6§3§6§3r§8d form buy
[22:57:43] > .SharkyisHungry added x1 §x§F§0§7§A§5§4§lZombie Apocalyptic Halberd in auction for 550000.
[22:57:49] > BlINDSTEELS remove x1 §fBee Plushie §6(#9/101) from buy
[22:58:32] > koshie remove x1 §f§l§8B§x§6§6§6§6§6§6a§x§7§7§7§7§7§7h§x§8§8§8§8§8§8a§x§9§9§9§9§9§9m§7u§x§9§9§9§9§9§9t§x§8§8§8§8§8§8 §x§7§7§7§7§7§7H§x§6§6§6§6§6§6o§8e from storage
[23:01:13] > Ax_ added x1 §7Cemetery Hat in auction for 50000.
[23:01:28] > Ax_ added x1 §7Cemetery Hat in auction for 50000.
[23:02:55] > HPMR_GaMerz added x6 Coast armor trim smithing template in auction for 1800000.
[23:04:08] > celinesanrio remove x1 §f§l§x§8§A§0§0§F§FS§x§9§C§0§0§D§5h§x§A§D§0§0§A§Ai§x§B§F§0§0§8§0n§x§D§0§0§0§5§5e§x§E§2§0§0§2§B §x§F§3§0§0§0§0O§x§E§2§0§0§2§An§x§D§0§0§0§5§5i§x§B§F§0§0§8§0 §x§A§D§0§0§A§AK§x§9§C§0§0§D§5e§x§8§A§0§0§F§Fy from storage
[23:05:22] > koshie added x1 §x§F§F§3§E§0§0§lD§x§F§F§3§6§0§0§le§x§F§F§2§F§0§0§lm§x§F§F§2§7§0§0§lo§x§F§F§1§F§0§0§ln §x§F§F§1§0§0§0§lL§x§F§F§0§8§0§0§lo§x§F§F§0§0§0§0§lr§x§F§F§0§8§0§0§ld §x§F§F§1§7§0§0§lD§x§F§F§1§F§0§0§la§x§F§F§2§7§0§0§lg§x§F§F§2§F§0§0§lg§x§F§F§3§6§0§0§le§x§F§F§3§E§0§0§lr in auction for 150000.
[23:05:33] > koshie added x1 §x§F§F§3§E§0§0§lD§x§F§F§3§5§0§0§le§x§F§F§2§C§0§0§lm§x§F§F§2§3§0§0§lo§x§F§F§1§B§0§0§ln §x§F§F§0§9§0§0§lL§x§F§F§0§0§0§0§lo§x§F§F§0§A§0§0§lr§x§F§F§1§5§0§0§ld §x§F§F§2§9§0§0§lH§x§F§F§3§4§0§0§lo§x§F§F§3§E§0§0§le in auction for 150000.
[23:06:02] > Ax_ added x1 §x§F§F§7§C§0§0§lSteamsparks Shield in auction for 30000.
[23:06:08] > HPMR_GaMerz buy x1 §x§F§F§7§C§0§0§lSteamsparks Shield to Ax_ for $30,000.
[23:06:10] > HPMR_GaMerz buy x1 §7Cemetery Hat to Ax_ for $50,000.
[23:06:12] > HPMR_GaMerz buy x1 §7Cemetery Hat to Ax_ for $50,000.
[23:07:18] > Ax_ added x1 §fMedieval Hat in auction for 50000.
[23:07:32] > HPMR_GaMerz buy x1 §fMedieval Hat to Ax_ for $50,000.
[23:08:49] > celinesanrio added x1 §x§F§F§7§C§0§0§lSteamsparks Blade in auction for 10000.
[23:08:59] > celinesanrio remove x1 Godly Crate Key form storage
[23:08:59] > celinesanrio remove x1 §f§l§x§F§C§D§0§5§CW§x§F§A§A§A§4§Bu§x§F§9§8§4§3§Bk§x§F§7§5§F§2§Ao§x§F§5§3§9§1§9n§x§F§4§1§3§0§8g §x§F§5§3§9§1§9S§x§F§7§5§F§2§Ap§x§F§9§8§4§3§Be§x§F§A§A§A§4§Ba§x§F§C§D§0§5§Cr form storage
[23:08:59] > celinesanrio remove x1 §f§l§x§F§A§0§0§0§AD§x§F§A§1§C§1§5a§x§F§B§3§7§2§0r§x§F§B§5§3§2§Bk§x§F§B§6§F§3§6f§x§F§B§8§B§4§1l§x§F§C§A§6§4§Ca§x§F§C§C§2§5§7me§x§F§C§A§6§4§C §x§F§B§8§B§4§1S§x§F§B§6§F§3§6h§x§F§B§5§3§2§Bo§x§F§B§3§7§2§0v§x§F§A§1§C§1§5e§x§F§A§0§0§0§Al form storage
[23:08:59] > celinesanrio remove x1 §f§l§x§F§A§0§0§0§AD§x§F§A§1§C§1§5a§x§F§B§3§7§2§0r§x§F§B§5§3§2§Bk§x§F§B§6§F§3§6f§x§F§B§8§B§4§1l§x§F§C§A§6§4§Ca§x§F§C§C§2§5§7me§x§F§C§A§6§4§C §x§F§B§8§B§4§1S§x§F§B§6§F§3§6h§x§F§B§5§3§2§Bo§x§F§B§3§7§2§0v§x§F§A§1§C§1§5e§x§F§A§0§0§0§Al form storage
[23:08:59] > celinesanrio remove x1 §f§l§8B§x§6§2§6§2§6§2a§x§6§F§6§F§6§Fh§x§7§C§7§C§7§Ca§x§8§9§8§9§8§9m§x§9§6§9§6§9§6u§x§A§3§A§3§A§3t §x§9§6§9§6§9§6P§x§8§9§8§9§8§9i§x§7§C§7§C§7§Cc§x§6§F§6§F§6§Fa§x§6§2§6§2§6§2x§8e form storage
[23:08:59] > celinesanrio remove x1 §f§l§x§F§A§0§0§0§AD§x§F§A§1§E§1§6a§x§F§B§3§B§2§1r§x§F§B§5§9§2§Dk§x§F§B§7§7§3§9f§x§F§B§9§5§4§5l§x§F§C§B§2§5§0a§x§F§C§D§0§5§Cm§x§F§C§B§2§5§0e§x§F§B§9§5§4§5 §x§F§B§7§7§3§9S§x§F§B§5§9§2§Dt§x§F§B§3§B§2§1a§x§F§A§1§E§1§6f§x§F§A§0§0§0§Af form storage
[23:08:59] > celinesanrio remove x1 §x§E§5§1§B§1§B§lDracula Key form storage
[23:08:59] > celinesanrio remove x1 §f§l§x§F§C§D§0§5§CW§x§F§B§B§0§4§Eu§x§F§9§9§0§4§0k§x§F§8§7§0§3§2o§x§F§6§5§0§2§3n§x§F§5§3§0§1§5g§x§F§4§1§0§0§7 H§x§F§5§3§0§1§5a§x§F§6§5§0§2§3l§x§F§8§7§0§3§2b§x§F§9§9§0§4§0e§x§F§B§B§0§4§Er§x§F§C§D§0§5§Cd form storage
[23:08:59] > celinesanrio remove x1 §x§F§F§7§C§0§0§lSteamsparks Blade form storage
[23:08:59] > celinesanrio remove x1 §f§l§x§F§A§0§0§0§AD§x§F§A§1§C§1§5a§x§F§B§3§7§2§0r§x§F§B§5§3§2§Bk§x§F§B§6§F§3§6f§x§F§B§8§B§4§1l§x§F§C§A§6§4§Ca§x§F§C§C§2§5§7me§x§F§C§A§6§4§C §x§F§B§8§B§4§1S§x§F§B§6§F§3§6h§x§F§B§5§3§2§Bo§x§F§B§3§7§2§0v§x§F§A§1§C§1§5e§x§F§A§0§0§0§Al form storage
[23:09:24] > Ax_ added x2 Shulker shell in auction for 12000.
[23:09:49] > celinesanrio added x1 Shulker box in auction for 7000000.
[23:09:53] > celinesanrio remove x1 Shulker box form storage
[23:09:58] > HPMR_GaMerz buy x2 Shulker shell to Ax_ for $12,000.
[23:10:08] > BlackKnight buy x1 §f§l§x§F§A§0§0§0§AD§x§F§A§2§3§1§8a§x§F§B§4§5§2§5r§x§F§B§6§8§3§3k§x§F§B§8§B§4§1f§x§F§C§A§D§4§El§x§F§C§D§0§5§Ca§x§F§C§D§0§5§Cm§x§F§C§B§2§5§0e§x§F§B§9§5§4§5 §x§F§B§7§7§3§9B§x§F§B§5§9§2§Do§x§F§B§3§B§2§1o§x§F§A§1§E§1§6t§x§F§A§0§0§0§As to .SharkyisHungry for $400,000.
[23:10:31] > BlackKnight remove x1 §f§l§x§F§A§0§0§0§AD§x§F§A§2§3§1§8a§x§F§B§4§5§2§5r§x§F§B§6§8§3§3k§x§F§B§8§B§4§1f§x§F§C§A§D§4§El§x§F§C§D§0§5§Ca§x§F§C§D§0§5§Cm§x§F§C§B§2§5§0e§x§F§B§9§5§4§5 §x§F§B§7§7§3§9B§x§F§B§5§9§2§Do§x§F§B§3§B§2§1o§x§F§A§1§E§1§6t§x§F§A§0§0§0§As form buy
[23:10:53] > celinesanrio added x1 Shulker box in auction for 7500000.
[23:12:36] > Ax_ added x1 §2Franck in auction for 50000.
[23:25:40] > HPMR_GaMerz added x1 §x§F§F§3§E§0§0§lD§x§F§F§3§7§0§0§le§x§F§F§3§0§0§0§lm§x§F§F§2§9§0§0§lo§x§F§F§2§2§0§0§ln §x§F§F§1§5§0§0§lL§x§F§F§0§E§0§0§lo§x§F§F§0§7§0§0§lr§x§F§F§0§0§0§0§ld §x§F§F§0§E§0§0§lF§x§F§F§1§5§0§0§lr§x§F§F§1§C§0§0§la§x§F§F§2§2§0§0§lg§x§F§F§2§9§0§0§lm§x§F§F§3§0§0§0§le§x§F§F§3§7§0§0§ln§x§F§F§3§E§0§0§lt in auction for 150000.
[23:25:50] > HPMR_GaMerz added x1 §x§F§F§3§E§0§0§lD§x§F§F§3§7§0§0§le§x§F§F§3§0§0§0§lm§x§F§F§2§9§0§0§lo§x§F§F§2§2§0§0§ln §x§F§F§1§5§0§0§lL§x§F§F§0§E§0§0§lo§x§F§F§0§7§0§0§lr§x§F§F§0§0§0§0§ld §x§F§F§0§E§0§0§lF§x§F§F§1§5§0§0§lr§x§F§F§1§C§0§0§la§x§F§F§2§2§0§0§lg§x§F§F§2§9§0§0§lm§x§F§F§3§0§0§0§le§x§F§F§3§7§0§0§ln§x§F§F§3§E§0§0§lt in auction for 150000.
[23:26:01] > HPMR_GaMerz added x1 §x§F§F§3§E§0§0§lD§x§F§F§3§7§0§0§le§x§F§F§3§0§0§0§lm§x§F§F§2§9§0§0§lo§x§F§F§2§2§0§0§ln §x§F§F§1§5§0§0§lL§x§F§F§0§E§0§0§lo§x§F§F§0§7§0§0§lr§x§F§F§0§0§0§0§ld §x§F§F§0§E§0§0§lF§x§F§F§1§5§0§0§lr§x§F§F§1§C§0§0§la§x§F§F§2§2§0§0§lg§x§F§F§2§9§0§0§lm§x§F§F§3§0§0§0§le§x§F§F§3§7§0§0§ln§x§F§F§3§E§0§0§lt in auction for 150000.
[23:26:11] > HPMR_GaMerz added x3 §x§F§F§3§E§0§0§lD§x§F§F§3§7§0§0§le§x§F§F§3§0§0§0§lm§x§F§F§2§9§0§0§lo§x§F§F§2§2§0§0§ln §x§F§F§1§5§0§0§lL§x§F§F§0§E§0§0§lo§x§F§F§0§7§0§0§lr§x§F§F§0§0§0§0§ld §x§F§F§0§E§0§0§lF§x§F§F§1§5§0§0§lr§x§F§F§1§C§0§0§la§x§F§F§2§2§0§0§lg§x§F§F§2§9§0§0§lm§x§F§F§3§0§0§0§le§x§F§F§3§7§0§0§ln§x§F§F§3§E§0§0§lt in auction for 450000.
[23:29:39] > cinterMC buy x1 §f§l§x§F§A§0§0§0§AD§x§F§A§2§0§1§7a§x§F§B§4§0§2§3r§x§F§B§6§0§3§0k§x§F§B§8§0§3§Cf§x§F§C§A§0§4§9l§x§F§C§C§0§5§6am§x§F§C§A§0§4§9e§x§F§B§8§0§3§C §x§F§B§6§0§3§0M§x§F§B§4§0§2§3a§x§F§A§2§0§1§7c§x§F§A§0§0§0§Ae to kopo555 for $1,500,000.
[23:29:43] > x1 §x§F§F§3§E§0§0§lD§x§F§F§3§5§0§0§le§x§F§F§2§C§0§0§lm§x§F§F§2§3§0§0§lo§x§F§F§1§B§0§0§ln §x§F§F§0§9§0§0§lL§x§F§F§0§0§0§0§lo§x§F§F§0§A§0§0§lr§x§F§F§1§5§0§0§ld §x§F§F§2§9§0§0§lA§x§F§F§3§4§0§0§lx§x§F§F§3§E§0§0§le, bought by Anc_Kyoto, has just expired, the item is definitively deleted.
[23:29:44] > cinterMC remove x1 §f§l§x§F§A§0§0§0§AD§x§F§A§2§0§1§7a§x§F§B§4§0§2§3r§x§F§B§6§0§3§0k§x§F§B§8§0§3§Cf§x§F§C§A§0§4§9l§x§F§C§C§0§5§6am§x§F§C§A§0§4§9e§x§F§B§8§0§3§C §x§F§B§6§0§3§0M§x§F§B§4§0§2§3a§x§F§A§2§0§1§7c§x§F§A§0§0§0§Ae from buy
[23:30:32] > Trv added x1 §f§l§x§8§A§0§0§F§FS§x§9§8§0§0§D§Dh§x§A§6§0§0§B§Bi§x§B§4§0§0§9§9n§x§C§2§0§0§7§7e§x§D§0§0§0§5§5 §x§D§E§0§0§3§3O§x§E§C§0§0§1§1ni§x§D§E§0§0§3§3 §x§D§0§0§0§5§5H§x§C§2§0§0§7§7e§x§B§4§0§0§9§9l§x§A§6§0§0§B§Bm§x§9§8§0§0§D§De§x§8§A§0§0§F§Ft in auction for 5000000.
[23:31:12] > HPMR_GaMerz buy x1 Shulker box to celinesanrio for $7,500,000.
[23:31:23] > x1 Visit /pwarp go IronShop for Iron Blocks on sale by Artdeh has just expired, it goes in the inventory of expired items.
[23:31:43] > HPMR_GaMerz remove x1 Shulker box from buy
[23:32:51] > HPMR_GaMerz remove x64 Wind charge from buy
[23:35:01] > HPMR_GaMerz remove x63 Wind charge from buy
[23:35:02] > HPMR_GaMerz remove x63 Wind charge from buy
[23:35:06] > HPMR_GaMerz remove x2 Trial key from buy
[23:35:10] > HPMR_GaMerz remove x1 §x§E§5§1§B§1§B§lDracula Key from buy
[23:35:11] > HPMR_GaMerz remove x1 §f§l§x§F§C§D§0§5§CW§x§F§A§A§2§4§8u§x§F§8§7§4§3§3k§x§F§6§4§5§1§Fo§x§F§4§1§7§0§Ang§x§F§6§4§5§1§F §x§F§8§7§4§3§3K§x§F§A§A§2§4§8e§x§F§C§D§0§5§Cy from buy
[23:35:12] > HPMR_GaMerz remove x3 §x§5§C§C§F§F§C§lC§x§5§C§D§1§F§5§lo§x§5§D§D§4§E§E§ls§x§5§D§D§6§E§7§lm§x§5§E§D§9§E§1§le§x§5§E§D§B§D§A§lt§x§5§E§D§D§D§3§li§x§5§F§E§0§C§C§lc §x§5§F§E§0§C§C§lH§x§5§E§D§D§D§3§la§x§5§E§D§B§D§A§lt§x§5§E§D§9§E§1§ls §x§5§D§D§4§E§E§lK§x§5§C§D§1§F§5§le§x§5§C§C§F§F§C§ly from buy
[23:35:13] > HPMR_GaMerz remove x1 §x§5§C§C§F§F§C§lC§x§5§C§D§1§F§5§lo§x§5§D§D§4§E§E§ls§x§5§D§D§6§E§7§lm§x§5§E§D§9§E§1§le§x§5§E§D§B§D§A§lt§x§5§E§D§D§D§3§li§x§5§F§E§0§C§C§lc §x§5§F§E§0§C§C§lH§x§5§E§D§D§D§3§la§x§5§E§D§B§D§A§lt§x§5§E§D§9§E§1§ls §x§5§D§D§4§E§E§lK§x§5§C§D§1§F§5§le§x§5§C§C§F§F§C§ly from buy
[23:35:14] > HPMR_GaMerz remove x3 §x§5§C§C§F§F§C§lC§x§5§C§D§1§F§5§lo§x§5§D§D§4§E§E§ls§x§5§D§D§6§E§7§lm§x§5§E§D§9§E§1§le§x§5§E§D§B§D§A§lt§x§5§E§D§D§D§3§li§x§5§F§E§0§C§C§lc §x§5§F§E§0§C§C§lH§x§5§E§D§D§D§3§la§x§5§E§D§B§D§A§lt§x§5§E§D§9§E§1§ls §x§5§D§D§4§E§E§lK§x§5§C§D§1§F§5§le§x§5§C§C§F§F§C§ly from buy
[23:35:15] > HPMR_GaMerz remove x2 §x§5§C§C§F§F§C§lC§x§5§C§D§1§F§5§lo§x§5§D§D§4§E§E§ls§x§5§D§D§6§E§7§lm§x§5§E§D§9§E§1§le§x§5§E§D§B§D§A§lt§x§5§E§D§D§D§3§li§x§5§F§E§0§C§C§lc §x§5§F§E§0§C§C§lH§x§5§E§D§D§D§3§la§x§5§E§D§B§D§A§lt§x§5§E§D§9§E§1§ls §x§5§D§D§4§E§E§lK§x§5§C§D§1§F§5§le§x§5§C§C§F§F§C§ly from buy
[23:35:18] > HPMR_GaMerz remove x1 §x§5§C§C§F§F§C§lC§x§5§C§D§1§F§5§lo§x§5§D§D§4§E§E§ls§x§5§D§D§6§E§7§lm§x§5§E§D§9§E§1§le§x§5§E§D§B§D§A§lt§x§5§E§D§D§D§3§li§x§5§F§E§0§C§C§lc §x§5§F§E§0§C§C§lH§x§5§E§D§D§D§3§la§x§5§E§D§B§D§A§lt§x§5§E§D§9§E§1§ls §x§5§D§D§4§E§E§lK§x§5§C§D§1§F§5§le§x§5§C§C§F§F§C§ly from buy
[23:35:28] > HPMR_GaMerz remove x2 Enchanted golden apple from buy
[23:35:31] > HPMR_GaMerz remove x2 Shulker shell from buy
[23:35:32] > HPMR_GaMerz remove x12 Shulker shell from buy
[23:35:34] > HPMR_GaMerz remove x14 Shulker shell from buy
[23:35:35] > HPMR_GaMerz remove x1 §x§E§4§3§A§9§6§lW§x§E§7§5§3§A§3§lI§x§E§B§6§B§B§0§lN§x§E§E§8§4§B§D§lG§x§F§2§9§D§C§B§lS §x§F§8§C§E§E§5§lO§x§F§C§E§6§F§2§lF §x§F§C§E§6§F§2§lE§x§F§8§C§E§E§5§lT§x§F§5§B§5§D§8§lE§x§F§2§9§D§C§B§lR§x§E§E§8§4§B§D§lN§x§E§B§6§B§B§0§lI§x§E§7§5§3§A§3§lT§x§E§4§3§A§9§6§lY from buy
[23:38:49] > .Kenku1001 added x1 Enchanted book in auction for 10000.
[23:39:00] > .Kenku1001 added x1 Enchanted book in auction for 10000.
[23:44:24] > HPMR_GaMerz remove x7 Cooked porkchop from buy
[23:44:25] > HPMR_GaMerz remove x7 Cooked porkchop from buy
[23:44:25] > HPMR_GaMerz remove x7 Cooked porkchop from buy
[23:44:25] > HPMR_GaMerz remove x7 Cooked porkchop from buy
[23:44:45] > HPMR_GaMerz remove x1 Mace from buy
[23:44:46] > HPMR_GaMerz remove x1 Mace from buy
[23:44:48] > HPMR_GaMerz remove x1 Enchanted book from buy
[23:45:29] > Ax_ buy x1 §2Franck to InternetCafeUser for $25,000.
[23:45:36] > HPMR_GaMerz remove x1 §esᴘɪᴅᴇʀ sᴘᴀᴡɴᴇʀ from buy
[23:45:37] > HPMR_GaMerz remove x1 §eᴄʜɪᴄᴋᴇɴ sᴘᴀᴡɴᴇʀ from buy
[23:45:38] > HPMR_GaMerz remove x1 §esᴋᴇʟᴇᴛᴏɴ sᴘᴀᴡɴᴇʀ from buy
[23:45:38] > Ax_ remove x1 §2Franck from buy
[23:45:39] > HPMR_GaMerz remove x1 §eʙʟᴀᴢᴇ sᴘᴀᴡɴᴇʀ from buy
[23:45:40] > HPMR_GaMerz remove x1 §eᴘɪɢ sᴘᴀᴡɴᴇʀ from buy
[23:45:43] > HPMR_GaMerz remove x1 IRON BLOCKS from buy
[23:45:45] > Ax_ added x1 §2Franck in auction for 50000.
[23:46:04] > cinterMC buy x1 Enchanted book to .Kenku1001 for $10,000.
[23:46:08] > cinterMC remove x1 Enchanted book from buy
[23:46:22] > HPMR_GaMerz remove x47 Diamond from buy
[23:46:23] > HPMR_GaMerz remove x48 Emerald from buy
[23:46:24] > HPMR_GaMerz remove x64 Glowstone from buy
[23:46:29] > HPMR_GaMerz remove x4 Pale oak sapling from buy
[23:54:02] > HPMR_GaMerz remove x1 §fSkeleton Plushie §6(#79/101) from buy
[23:54:51] > Zee_ added x1 Enchanted book in auction for 3000000.
[23:55:05] > mae buy x1 Enchanted book to Zee_ for $3,000,000.
[23:56:03] > HPMR_GaMerz remove x1 §f§x§4§1§B§C§4§2D§x§4§5§C§3§5§3r§x§4§9§C§9§6§3o§x§4§D§D§0§7§4w§x§5§1§D§7§8§5n§x§5§6§D§E§9§6e§x§5§A§E§4§A§6d§x§5§E§E§B§B§7 §x§6§2§F§2§C§8H§x§6§6§F§8§D§8a§x§6§A§F§F§E§9t from buy
[23:56:04] > HPMR_GaMerz remove x1 §2Franck from buy
[23:56:04] > HPMR_GaMerz remove x1 §eMummy Hat from buy
[23:56:05] > HPMR_GaMerz remove x1 §fMushroom Hat from buy
[23:56:06] > HPMR_GaMerz remove x1 §fHorns from buy
[23:56:07] > HPMR_GaMerz remove x1 §fRaining Cloud Hat from buy
[23:56:08] > HPMR_GaMerz remove x1 §fWandering Trader Plushie §6(#92/101) from buy
[23:56:10] > HPMR_GaMerz remove x1 §x§F§F§7§C§0§0§lSteamsparks Shield from buy
[23:56:10] > HPMR_GaMerz remove x1 §7Cemetery Hat from buy
[23:56:11] > HPMR_GaMerz remove x1 §7Cemetery Hat from buy
[23:56:11] > HPMR_GaMerz remove x1 §fMedieval Hat from buy
[23:57:38] > HPMR_GaMerz remove x1 §x§E§5§1§B§1§B§lDracula Helmet from buy
[23:57:40] > HPMR_GaMerz remove x1 §f§l§8B§x§6§4§6§4§6§4a§x§7§4§7§4§7§4h§x§8§3§8§3§8§3a§x§9§3§9§3§9§3m§x§A§2§A§2§A§2ut§x§9§3§9§3§9§3 §x§8§3§8§3§8§3M§x§7§4§7§4§7§4a§x§6§4§6§4§6§4c§8e from buy
[23:57:40] > HPMR_GaMerz remove x1 §f§l§8B§x§6§3§6§3§6§3a§x§7§1§7§1§7§1h§x§8§0§8§0§8§0a§x§8§E§8§E§8§Em§x§9§C§9§C§9§Cu§7t§x§9§C§9§C§9§C §x§8§E§8§E§8§ES§x§8§0§8§0§8§0p§x§7§1§7§1§7§1e§x§6§3§6§3§6§3a§8r from buy
[23:57:41] > HPMR_GaMerz remove x1 §x§5§9§A§1§D§9§lA§x§7§1§A§E§D§Er§x§8§8§B§C§E§4c§x§A§0§C§9§E§9h§x§B§8§D§7§E§Fa§x§D§0§E§4§F§4n§x§E§7§F§2§F§Ag§fe§x§E§7§F§2§F§Al §x§B§8§D§7§E§FS§x§A§0§C§9§E§9w§x§8§8§B§C§E§4o§x§7§1§A§E§D§Er§x§5§9§A§1§D§9d from buy
[23:57:41] > HPMR_GaMerz remove x1 §f§l§8B§x§6§1§6§1§6§1a§x§6§D§6§D§6§Dh§x§7§9§7§9§7§9a§x§8§6§8§6§8§6m§x§9§2§9§2§9§2u§x§9§E§9§E§9§Et§7 §x§9§E§9§E§9§EH§x§9§2§9§2§9§2a§x§8§6§8§6§8§6l§x§7§9§7§9§7§9b§x§6§D§6§D§6§De§x§6§1§6§1§6§1r§8d from buy
[23:57:41] > HPMR_GaMerz remove x1 §f§l§8B§x§6§3§6§3§6§3a§x§7§1§7§1§7§1h§x§8§0§8§0§8§0a§x§8§E§8§E§8§Em§x§9§C§9§C§9§Cu§7t§x§9§C§9§C§9§C §x§8§E§8§E§8§ES§x§8§0§8§0§8§0p§x§7§1§7§1§7§1e§x§6§3§6§3§6§3a§8r from buy
[23:57:41] > HPMR_GaMerz remove x64 Golden carrot from buy
[23:57:41] > HPMR_GaMerz remove x64 Golden carrot from buy
[23:57:42] > HPMR_GaMerz remove x64 Golden carrot from buy
[23:57:42] > HPMR_GaMerz remove x64 Golden carrot from buy
[23:57:42] > HPMR_GaMerz remove x64 Golden carrot from buy
[00:01:51] > mae remove x1 Enchanted book from buy
[00:02:32] > cinterMC added x1 Enchanted book in auction for 500.
[00:03:12] > Ax_ remove x1 §x§F§F§3§E§0§0§lD§x§F§F§3§6§0§0§le§x§F§F§2§F§0§0§lm§x§F§F§2§7§0§0§lo§x§F§F§1§F§0§0§ln §x§F§F§1§0§0§0§lL§x§F§F§0§8§0§0§lo§x§F§F§0§0§0§0§lr§x§F§F§0§9§0§0§ld §x§F§F§1§B§0§0§lS§x§F§F§2§3§0§0§lw§x§F§F§2§C§0§0§lo§x§F§F§3§5§0§0§lr§x§F§F§3§E§0§0§ld from storage
[00:03:34] > Ax_ added x1 §x§F§F§3§E§0§0§lD§x§F§F§3§6§0§0§le§x§F§F§2§F§0§0§lm§x§F§F§2§7§0§0§lo§x§F§F§1§F§0§0§ln §x§F§F§1§0§0§0§lL§x§F§F§0§8§0§0§lo§x§F§F§0§0§0§0§lr§x§F§F§0§9§0§0§ld §x§F§F§1§B§0§0§lS§x§F§F§2§3§0§0§lw§x§F§F§2§C§0§0§lo§x§F§F§3§5§0§0§lr§x§F§F§3§E§0§0§ld in auction for 150000.
[00:04:12] > Ax_ remove x1 §2Franck from storage
[00:04:13] > Ax_ remove x1 §2Franck from storage
[00:04:21] > Ax_ added x2 §2Franck in auction for 50000.
[00:05:07] > Ax_ added x1 §fElf Hat in auction for 50000.
[00:17:57] > octopus_01 added x1 §x§F§F§7§C§0§0§lSteamsparks Chestplate in auction for 100000.
[00:41:43] > Rain_Reinn added x1 White banner in auction for 10.
[00:45:21] > Unforce01 added x1 §fTrader Llama Plushie §6(#87/101) in auction for 700000.
[00:48:47] > .Allxnzv remove x1 §f§l§x§F§C§D§0§5§CW§x§F§A§A§6§4§Au§x§F§8§7§D§3§7k§x§F§7§5§3§2§5o§x§F§5§2§A§1§2n§x§F§3§0§0§0§0g§x§F§5§2§A§1§2 §x§F§7§5§3§2§5C§x§F§8§7§D§3§7l§x§F§A§A§6§4§Au§x§F§C§D§0§5§Cb from storage
[00:48:59] > .Allxnzv added x1 §f§l§x§F§C§D§0§5§CW§x§F§A§A§6§4§Au§x§F§8§7§D§3§7k§x§F§7§5§3§2§5o§x§F§5§2§A§1§2n§x§F§3§0§0§0§0g§x§F§5§2§A§1§2 §x§F§7§5§3§2§5C§x§F§8§7§D§3§7l§x§F§A§A§6§4§Au§x§F§C§D§0§5§Cb in auction for 550000.
[00:52:35] > kopo555 added x1 Full Demon Lord Armor + Sword, Shield and Bow in auction for 5000000.
[00:56:11] > kopo555 remove x1 Buying Bahamut armor, msg me :3 from storage
[00:56:16] > kopo555 added x1 Buying Bahamut armor, msg me :3 in auction for 1000000000.
[00:56:20] > Rain_Reinn added x64 Pointed dripstone in auction for 10000.
[00:59:15] > Rain_Reinn added x64 Amethyst block in auction for 10000.
[01:01:40] > El3ctric_Ey3 added x1 §x§F§F§3§E§0§0§lD§x§F§F§3§6§0§0§le§x§F§F§2§F§0§0§lm§x§F§F§2§7§0§0§lo§x§F§F§1§F§0§0§ln §x§F§F§1§0§0§0§lL§x§F§F§0§8§0§0§lo§x§F§F§0§0§0§0§lr§x§F§F§0§8§0§0§ld §x§F§F§1§7§0§0§lS§x§F§F§1§F§0§0§lh§x§F§F§2§7§0§0§li§x§F§F§2§F§0§0§le§x§F§F§3§6§0§0§ll§x§F§F§3§E§0§0§ld in auction for 75000.
[01:02:03] > El3ctric_Ey3 added x1 §x§F§F§3§E§0§0§lD§x§F§F§3§5§0§0§le§x§F§F§2§C§0§0§lm§x§F§F§2§3§0§0§lo§x§F§F§1§B§0§0§ln §x§F§F§0§9§0§0§lL§x§F§F§0§0§0§0§lo§x§F§F§0§A§0§0§lr§x§F§F§1§5§0§0§ld §x§F§F§2§9§0§0§lK§x§F§F§3§4§0§0§le§x§F§F§3§E§0§0§ly in auction for 250000.
[01:02:18] > El3ctric_Ey3 added x1 §x§F§F§3§E§0§0§lD§x§F§F§3§5§0§0§le§x§F§F§2§C§0§0§lm§x§F§F§2§3§0§0§lo§x§F§F§1§B§0§0§ln §x§F§F§0§9§0§0§lL§x§F§F§0§0§0§0§lo§x§F§F§0§A§0§0§lr§x§F§F§1§5§0§0§ld §x§F§F§2§9§0§0§lK§x§F§F§3§4§0§0§le§x§F§F§3§E§0§0§ly in auction for 250000.
[01:06:48] > BlackKnight buy x1 §x§F§F§3§E§0§0§lD§x§F§F§3§6§0§0§le§x§F§F§2§F§0§0§lm§x§F§F§2§7§0§0§lo§x§F§F§1§F§0§0§ln §x§F§F§1§0§0§0§lL§x§F§F§0§8§0§0§lo§x§F§F§0§0§0§0§lr§x§F§F§0§8§0§0§ld §x§F§F§1§7§0§0§lS§x§F§F§1§F§0§0§lh§x§F§F§2§7§0§0§li§x§F§F§2§F§0§0§le§x§F§F§3§6§0§0§ll§x§F§F§3§E§0§0§ld to El3ctric_Ey3 for $75,000.
[01:34:00] > Ax_ added x12 Shulker shell in auction for 72000.
[01:41:50] > .SharkyisHungry remove x1 §x§F§0§7§A§5§4§lZombie Apocalyptic Halberd from storage
[01:51:11] > .SharkyisHungry remove x1 §eᴢᴏᴍʙɪᴇ sᴘᴀᴡɴᴇʀ from storage
[01:51:24] > .SharkyisHungry added x1 §eᴢᴏᴍʙɪᴇ sᴘᴀᴡɴᴇʀ in auction for 400000.
[02:06:30] > Takeremu added x1 §x§F§F§7§C§0§0§lSteamsparks Pickaxe in auction for 80000.
[02:06:50] > Takeremu added x1 §x§E§5§1§B§1§B§lDracula Battleaxe in auction for 80000.
[02:10:44] > Takeremu added x1 §x§F§F§3§E§0§0§lD§x§F§F§3§5§0§0§le§x§F§F§2§C§0§0§lm§x§F§F§2§3§0§0§lo§x§F§F§1§B§0§0§ln §x§F§F§0§9§0§0§lL§x§F§F§0§0§0§0§lo§x§F§F§0§A§0§0§lr§x§F§F§1§5§0§0§ld §x§F§F§2§9§0§0§lH§x§F§F§3§4§0§0§lo§x§F§F§3§E§0§0§le in auction for 80000.
[02:27:38] > baba added x1 Enchanted book in auction for 3000.
[02:28:03] > Bus buy x1 Enchanted book to baba for $3,000.
[02:28:28] > Takeremu remove x1 §fFlower Hat from storage
[02:28:30] > Takeremu remove x1 §x§5§C§C§F§F§C§lC§x§5§C§D§1§F§5§lo§x§5§D§D§4§E§E§ls§x§5§D§D§6§E§7§lm§x§5§E§D§9§E§1§le§x§5§E§D§B§D§A§lt§x§5§E§D§D§D§3§li§x§5§F§E§0§C§C§lc §x§5§F§E§0§C§C§lH§x§5§E§D§D§D§3§la§x§5§E§D§B§D§A§lt§x§5§E§D§9§E§1§ls §x§5§D§D§4§E§E§lK§x§5§C§D§1§F§5§le§x§5§C§C§F§F§C§ly from storage
[02:28:36] > Takeremu remove x1 §x§E§5§1§B§1§B§lDracula Halberd from storage
[02:28:37] > Takeremu remove x1 §x§F§F§7§C§0§0§lSteamsparks Pickaxe from storage
[02:28:37] > Takeremu remove x1 §x§E§5§1§B§1§B§lDracula Battleaxe from storage
[02:28:46] > Takeremu remove x1 §x§F§F§3§E§0§0§lD§x§F§F§3§5§0§0§le§x§F§F§2§C§0§0§lm§x§F§F§2§3§0§0§lo§x§F§F§1§B§0§0§ln §x§F§F§0§9§0§0§lL§x§F§F§0§0§0§0§lo§x§F§F§0§A§0§0§lr§x§F§F§1§5§0§0§ld §x§F§F§2§9§0§0§lH§x§F§F§3§4§0§0§lo§x§F§F§3§E§0§0§le from storage
[02:28:59] > Takeremu buy x12 Shulker shell to Ax_ for $72,000.
[02:29:09] > Takeremu added x1 Enchanted book in auction for 2500.
[02:29:21] > Takeremu added x1 Enchanted book in auction for 2500.
[02:29:41] > Takeremu added x1 Enchanted book in auction for 2500.
[02:29:54] > Takeremu added x1 Enchanted book in auction for 2500.
[02:30:06] > Takeremu added x1 Enchanted book in auction for 2500.
[02:30:18] > Takeremu added x1 Enchanted book in auction for 2500.
[03:29:33] > .Allxnzv buy x1 Enchanted book to Takeremu for $2,500.
[03:29:40] > x5 Trial key, bought by MonsterIsBetter, has just expired, the item is definitively deleted.
[03:29:41] > .Allxnzv remove x1 Enchanted book from buy
[03:32:46] > .Allxnzv buy x1 Enchanted book to Takeremu for $2,500.
[03:32:52] > .Allxnzv buy x1 Enchanted book to Takeremu for $2,500.
[03:33:03] > .Allxnzv remove x1 Enchanted book form buy
[03:33:03] > .Allxnzv remove x1 Enchanted book form buy
[04:55:12] > Pewpew remove x64 Emerald form storage
[04:55:12] > Pewpew remove x1 §x§E§5§1§B§1§B§lDracula Chestplate form storage
[04:55:12] > Pewpew remove x1 §x§F§F§3§E§0§0§lD§x§F§F§3§6§0§0§le§x§F§F§2§F§0§0§lm§x§F§F§2§7§0§0§lo§x§F§F§1§F§0§0§ln §x§F§F§1§0§0§0§lL§x§F§F§0§8§0§0§lo§x§F§F§0§0§0§0§lr§x§F§F§0§9§0§0§ld §x§F§F§1§B§0§0§lS§x§F§F§2§3§0§0§lw§x§F§F§2§C§0§0§lo§x§F§F§3§5§0§0§lr§x§F§F§3§E§0§0§ld form storage
[06:27:12] > sean_kirby added x1 Enchanted book in auction for 3000.
[06:27:24] > sean_kirby added x1 Enchanted book in auction for 3000.
[06:34:16] > mauserdart remove x1 §x§5§9§A§1§D§9§lA§x§7§1§A§E§D§Er§x§8§8§B§C§E§4c§x§A§0§C§9§E§9h§x§B§8§D§7§E§Fa§x§D§0§E§4§F§4n§x§E§7§F§2§F§Ag§fe§x§E§7§F§2§F§Al §x§B§8§D§7§E§FW§x§A§0§C§9§E§9i§x§8§8§B§C§E§4n§x§7§1§A§E§D§Eg§x§5§9§A§1§D§9s from storage
[07:02:56] > sean_kirby added x64 Golden carrot in auction for 2500.
[07:03:00] > mauserdart buy x64 Golden carrot to sean_kirby for $2,500.
[07:03:06] > sean_kirby added x64 Golden carrot in auction for 2500.
[07:03:08] > mauserdart remove x64 Golden carrot from buy
[07:03:16] > mauserdart buy x64 Golden carrot to sean_kirby for $2,500.
[07:03:18] > sean_kirby added x64 Golden carrot in auction for 2500.
[07:03:22] > Takeremu buy x64 Golden carrot to sean_kirby for $2,500.
[07:03:27] > Takeremu remove x12 Shulker shell from buy
[07:03:27] > Takeremu remove x64 Golden carrot from buy
[07:03:29] > mauserdart remove x64 Golden carrot from buy
[07:03:30] > sean_kirby added x64 Golden carrot in auction for 2500.
[07:03:33] > mauserdart buy x64 Golden carrot to sean_kirby for $2,500.
[07:03:37] > mauserdart remove x64 Golden carrot from buy
[07:03:40] > sean_kirby added x64 Golden carrot in auction for 2500.
[07:03:44] > mauserdart buy x64 Golden carrot to sean_kirby for $2,500.
[07:03:51] > mauserdart remove x64 Golden carrot from buy
[07:03:54] > sean_kirby added x64 Golden carrot in auction for 2500.
[07:03:57] > mauserdart buy x64 Golden carrot to sean_kirby for $2,500.
[07:04:32] > mauserdart remove x64 Golden carrot from buy
[07:57:44] > sean_kirby added x1 Enchanted book in auction for 2800.
[07:58:00] > sean_kirby added x1 Enchanted book in auction for 2800.
[07:58:12] > sean_kirby added x1 Enchanted book in auction for 2800.
[07:58:18] > cinterMC added x1 §f§l§x§F§A§0§0§0§AD§x§F§A§2§0§1§7a§x§F§B§4§0§2§3r§x§F§B§6§0§3§0k§x§F§B§8§0§3§Cf§x§F§C§A§0§4§9l§x§F§C§C§0§5§6am§x§F§C§A§0§4§9e§x§F§B§8§0§3§C §x§F§B§6§0§3§0M§x§F§B§4§0§2§3a§x§F§A§2§0§1§7c§x§F§A§0§0§0§Ae in auction for 5000000.
[07:58:29] > sean_kirby added x1 Enchanted book in auction for 2800.
[07:58:49] > sean_kirby remove x64 Glistering melon slice from storage
[07:58:53] > WaltZier buy x1 Enchanted book to sean_kirby for $3,000.
[07:59:01] > sean_kirby added x1 Enchanted book in auction for 2800.
[07:59:32] > WaltZier buy x1 Enchanted book to sean_kirby for $2,800.
[08:18:42] > Akiesha added x2 Nether star in auction for 100000.
[08:19:00] > Akiesha buy x1 §x§F§F§3§E§0§0§lD§x§F§F§3§7§0§0§le§x§F§F§3§0§0§0§lm§x§F§F§2§9§0§0§lo§x§F§F§2§2§0§0§ln §x§F§F§1§5§0§0§lL§x§F§F§0§E§0§0§lo§x§F§F§0§7§0§0§lr§x§F§F§0§0§0§0§ld §x§F§F§0§E§0§0§lF§x§F§F§1§5§0§0§lr§x§F§F§1§C§0§0§la§x§F§F§2§2§0§0§lg§x§F§F§2§9§0§0§lm§x§F§F§3§0§0§0§le§x§F§F§3§7§0§0§ln§x§F§F§3§E§0§0§lt to HPMR_GaMerz for $150,000.
[08:19:09] > Akiesha remove x1 §x§F§F§3§E§0§0§lD§x§F§F§3§7§0§0§le§x§F§F§3§0§0§0§lm§x§F§F§2§9§0§0§lo§x§F§F§2§2§0§0§ln §x§F§F§1§5§0§0§lL§x§F§F§0§E§0§0§lo§x§F§F§0§7§0§0§lr§x§F§F§0§0§0§0§ld §x§F§F§0§E§0§0§lF§x§F§F§1§5§0§0§lr§x§F§F§1§C§0§0§la§x§F§F§2§2§0§0§lg§x§F§F§2§9§0§0§lm§x§F§F§3§0§0§0§le§x§F§F§3§7§0§0§ln§x§F§F§3§E§0§0§lt from buy
[08:25:29] > mauserdart buy x2 Nether star to Akiesha for $100,000.
[08:25:44] > mauserdart remove x2 Nether star from buy
[08:28:05] > HwanYo buy x1 §x§F§F§3§E§0§0§lD§x§F§F§3§5§0§0§le§x§F§F§2§C§0§0§lm§x§F§F§2§3§0§0§lo§x§F§F§1§B§0§0§ln §x§F§F§0§9§0§0§lL§x§F§F§0§0§0§0§lo§x§F§F§0§A§0§0§lr§x§F§F§1§5§0§0§ld §x§F§F§2§9§0§0§lK§x§F§F§3§4§0§0§le§x§F§F§3§E§0§0§ly to El3ctric_Ey3 for $250,000.
[08:28:07] > HwanYo buy x1 §x§F§F§3§E§0§0§lD§x§F§F§3§5§0§0§le§x§F§F§2§C§0§0§lm§x§F§F§2§3§0§0§lo§x§F§F§1§B§0§0§ln §x§F§F§0§9§0§0§lL§x§F§F§0§0§0§0§lo§x§F§F§0§A§0§0§lr§x§F§F§1§5§0§0§ld §x§F§F§2§9§0§0§lK§x§F§F§3§4§0§0§le§x§F§F§3§E§0§0§ly to El3ctric_Ey3 for $250,000.
[08:29:12] > HwanYo remove x1 §x§F§F§3§E§0§0§lD§x§F§F§3§5§0§0§le§x§F§F§2§C§0§0§lm§x§F§F§2§3§0§0§lo§x§F§F§1§B§0§0§ln §x§F§F§0§9§0§0§lL§x§F§F§0§0§0§0§lo§x§F§F§0§A§0§0§lr§x§F§F§1§5§0§0§ld §x§F§F§2§9§0§0§lK§x§F§F§3§4§0§0§le§x§F§F§3§E§0§0§ly from buy
[08:29:13] > HwanYo remove x1 §x§F§F§3§E§0§0§lD§x§F§F§3§5§0§0§le§x§F§F§2§C§0§0§lm§x§F§F§2§3§0§0§lo§x§F§F§1§B§0§0§ln §x§F§F§0§9§0§0§lL§x§F§F§0§0§0§0§lo§x§F§F§0§A§0§0§lr§x§F§F§1§5§0§0§ld §x§F§F§2§9§0§0§lK§x§F§F§3§4§0§0§le§x§F§F§3§E§0§0§ly from buy
[08:32:47] > DanRaiv remove x34 Firework rocket from buy
[08:32:47] > DanRaiv remove x34 Firework rocket from buy
[08:32:48] > DanRaiv remove x34 Firework rocket from buy
[08:32:49] > DanRaiv remove x1 §fFlower Hat from buy
[08:32:51] > DanRaiv remove x64 my dih meat from buy
[08:32:52] > DanRaiv remove x64 Zyrus's premium oily dih from buy
[08:32:54] > DanRaiv remove x64 Apple from buy
[08:32:54] > DanRaiv remove x64 Apple from buy
[08:35:56] > DanRaiv remove x1 §x§F§F§3§E§0§0§lD§x§F§F§3§6§0§0§le§x§F§F§2§F§0§0§lm§x§F§F§2§7§0§0§lo§x§F§F§1§F§0§0§ln §x§F§F§1§0§0§0§lL§x§F§F§0§8§0§0§lo§x§F§F§0§0§0§0§lr§x§F§F§0§9§0§0§ld §x§F§F§1§B§0§0§lS§x§F§F§2§3§0§0§lw§x§F§F§2§C§0§0§lo§x§F§F§3§5§0§0§lr§x§F§F§3§E§0§0§ld from storage
[08:40:19] > HwanYo buy x1 §x§F§F§3§E§0§0§lD§x§F§F§3§7§0§0§le§x§F§F§3§0§0§0§lm§x§F§F§2§9§0§0§lo§x§F§F§2§2§0§0§ln §x§F§F§1§5§0§0§lL§x§F§F§0§E§0§0§lo§x§F§F§0§7§0§0§lr§x§F§F§0§0§0§0§ld §x§F§F§0§E§0§0§lF§x§F§F§1§5§0§0§lr§x§F§F§1§C§0§0§la§x§F§F§2§2§0§0§lg§x§F§F§2§9§0§0§lm§x§F§F§3§0§0§0§le§x§F§F§3§7§0§0§ln§x§F§F§3§E§0§0§lt to HPMR_GaMerz for $150,000.
[08:40:23] > HwanYo buy x1 §x§F§F§3§E§0§0§lD§x§F§F§3§7§0§0§le§x§F§F§3§0§0§0§lm§x§F§F§2§9§0§0§lo§x§F§F§2§2§0§0§ln §x§F§F§1§5§0§0§lL§x§F§F§0§E§0§0§lo§x§F§F§0§7§0§0§lr§x§F§F§0§0§0§0§ld §x§F§F§0§E§0§0§lF§x§F§F§1§5§0§0§lr§x§F§F§1§C§0§0§la§x§F§F§2§2§0§0§lg§x§F§F§2§9§0§0§lm§x§F§F§3§0§0§0§le§x§F§F§3§7§0§0§ln§x§F§F§3§E§0§0§lt to SP3CC_ for $100,000.
[08:40:26] > cinterMC buy x1 Enchanted book to Takeremu for $2,500.
[08:40:34] > HwanYo remove x1 §x§F§F§3§E§0§0§lD§x§F§F§3§7§0§0§le§x§F§F§3§0§0§0§lm§x§F§F§2§9§0§0§lo§x§F§F§2§2§0§0§ln §x§F§F§1§5§0§0§lL§x§F§F§0§E§0§0§lo§x§F§F§0§7§0§0§lr§x§F§F§0§0§0§0§ld §x§F§F§0§E§0§0§lF§x§F§F§1§5§0§0§lr§x§F§F§1§C§0§0§la§x§F§F§2§2§0§0§lg§x§F§F§2§9§0§0§lm§x§F§F§3§0§0§0§le§x§F§F§3§7§0§0§ln§x§F§F§3§E§0§0§lt from buy
[08:40:34] > HwanYo remove x1 §x§F§F§3§E§0§0§lD§x§F§F§3§7§0§0§le§x§F§F§3§0§0§0§lm§x§F§F§2§9§0§0§lo§x§F§F§2§2§0§0§ln §x§F§F§1§5§0§0§lL§x§F§F§0§E§0§0§lo§x§F§F§0§7§0§0§lr§x§F§F§0§0§0§0§ld §x§F§F§0§E§0§0§lF§x§F§F§1§5§0§0§lr§x§F§F§1§C§0§0§la§x§F§F§2§2§0§0§lg§x§F§F§2§9§0§0§lm§x§F§F§3§0§0§0§le§x§F§F§3§7§0§0§ln§x§F§F§3§E§0§0§lt from buy
[08:41:26] > HwanYo buy x3 §x§F§F§3§E§0§0§lD§x§F§F§3§7§0§0§le§x§F§F§3§0§0§0§lm§x§F§F§2§9§0§0§lo§x§F§F§2§2§0§0§ln §x§F§F§1§5§0§0§lL§x§F§F§0§E§0§0§lo§x§F§F§0§7§0§0§lr§x§F§F§0§0§0§0§ld §x§F§F§0§E§0§0§lF§x§F§F§1§5§0§0§lr§x§F§F§1§C§0§0§la§x§F§F§2§2§0§0§lg§x§F§F§2§9§0§0§lm§x§F§F§3§0§0§0§le§x§F§F§3§7§0§0§ln§x§F§F§3§E§0§0§lt to HPMR_GaMerz for $450,000.
[08:41:28] > HwanYo buy x1 §x§F§F§3§E§0§0§lD§x§F§F§3§7§0§0§le§x§F§F§3§0§0§0§lm§x§F§F§2§9§0§0§lo§x§F§F§2§2§0§0§ln §x§F§F§1§5§0§0§lL§x§F§F§0§E§0§0§lo§x§F§F§0§7§0§0§lr§x§F§F§0§0§0§0§ld §x§F§F§0§E§0§0§lF§x§F§F§1§5§0§0§lr§x§F§F§1§C§0§0§la§x§F§F§2§2§0§0§lg§x§F§F§2§9§0§0§lm§x§F§F§3§0§0§0§le§x§F§F§3§7§0§0§ln§x§F§F§3§E§0§0§lt to HPMR_GaMerz for $150,000.
[08:41:37] > HwanYo remove x3 §x§F§F§3§E§0§0§lD§x§F§F§3§7§0§0§le§x§F§F§3§0§0§0§lm§x§F§F§2§9§0§0§lo§x§F§F§2§2§0§0§ln §x§F§F§1§5§0§0§lL§x§F§F§0§E§0§0§lo§x§F§F§0§7§0§0§lr§x§F§F§0§0§0§0§ld §x§F§F§0§E§0§0§lF§x§F§F§1§5§0§0§lr§x§F§F§1§C§0§0§la§x§F§F§2§2§0§0§lg§x§F§F§2§9§0§0§lm§x§F§F§3§0§0§0§le§x§F§F§3§7§0§0§ln§x§F§F§3§E§0§0§lt from buy
[08:41:38] > HwanYo remove x1 §x§F§F§3§E§0§0§lD§x§F§F§3§7§0§0§le§x§F§F§3§0§0§0§lm§x§F§F§2§9§0§0§lo§x§F§F§2§2§0§0§ln §x§F§F§1§5§0§0§lL§x§F§F§0§E§0§0§lo§x§F§F§0§7§0§0§lr§x§F§F§0§0§0§0§ld §x§F§F§0§E§0§0§lF§x§F§F§1§5§0§0§lr§x§F§F§1§C§0§0§la§x§F§F§2§2§0§0§lg§x§F§F§2§9§0§0§lm§x§F§F§3§0§0§0§le§x§F§F§3§7§0§0§ln§x§F§F§3§E§0§0§lt from buy
[08:41:57] > tic_sz added x1 §x§F§F§3§E§0§0§lD§x§F§F§3§6§0§0§le§x§F§F§2§F§0§0§lm§x§F§F§2§7§0§0§lo§x§F§F§1§F§0§0§ln §x§F§F§1§0§0§0§lL§x§F§F§0§8§0§0§lo§x§F§F§0§0§0§0§lr§x§F§F§0§8§0§0§ld §x§F§F§1§7§0§0§lH§x§F§F§1§F§0§0§le§x§F§F§2§7§0§0§ll§x§F§F§2§F§0§0§lm§x§F§F§3§6§0§0§le§x§F§F§3§E§0§0§lt in auction for 250000.
[08:42:02] > DanRaiv buy x1 §x§F§F§3§E§0§0§lD§x§F§F§3§6§0§0§le§x§F§F§2§F§0§0§lm§x§F§F§2§7§0§0§lo§x§F§F§1§F§0§0§ln §x§F§F§1§0§0§0§lL§x§F§F§0§8§0§0§lo§x§F§F§0§0§0§0§lr§x§F§F§0§8§0§0§ld §x§F§F§1§7§0§0§lH§x§F§F§1§F§0§0§le§x§F§F§2§7§0§0§ll§x§F§F§2§F§0§0§lm§x§F§F§3§6§0§0§le§x§F§F§3§E§0§0§lt to tic_sz for $250,000.
[08:42:24] > HwanYo added x1 §x§F§F§3§E§0§0§lD§x§F§F§3§6§0§0§le§x§F§F§2§F§0§0§lm§x§F§F§2§7§0§0§lo§x§F§F§1§F§0§0§ln §x§F§F§1§0§0§0§lL§x§F§F§0§8§0§0§lo§x§F§F§0§0§0§0§lr§x§F§F§0§9§0§0§ld §x§F§F§1§B§0§0§lB§x§F§F§2§3§0§0§lo§x§F§F§2§C§0§0§lo§x§F§F§3§5§0§0§lt§x§F§F§3§E§0§0§ls in auction for 300000.
[08:42:48] > DanRaiv buy x1 §x§F§F§3§E§0§0§lD§x§F§F§3§6§0§0§le§x§F§F§2§F§0§0§lm§x§F§F§2§7§0§0§lo§x§F§F§1§F§0§0§ln §x§F§F§1§0§0§0§lL§x§F§F§0§8§0§0§lo§x§F§F§0§0§0§0§lr§x§F§F§0§9§0§0§ld §x§F§F§1§B§0§0§lB§x§F§F§2§3§0§0§lo§x§F§F§2§C§0§0§lo§x§F§F§3§5§0§0§lt§x§F§F§3§E§0§0§ls to HwanYo for $300,000.
[08:43:04] > tic_sz remove x1 §f§l§x§C§6§D§E§F§1B§x§B§8§D§6§E§Fo§x§A§9§C§E§E§Co§x§9§B§C§7§E§As§x§8§C§B§F§E§7t§x§7§E§B§7§E§5e§x§6§F§A§F§E§2r§x§6§1§A§8§E§0 §x§5§2§A§0§D§DF§x§4§4§9§8§D§Bi§x§5§2§A§0§D§Ds§x§6§1§A§8§E§0h§x§6§F§A§F§E§2i§x§7§E§B§7§E§5n§x§8§C§B§F§E§7g§x§9§B§C§7§E§A §x§A§9§C§E§E§CR§x§B§8§D§6§E§Fo§x§C§6§D§E§F§1d from buy
[08:43:21] > HwanYo remove x2 Enchanted golden apple from storage
[08:43:22] > HwanYo remove x2 Enchanted golden apple from storage
[08:43:22] > HwanYo remove x4 Enchanted golden apple from storage
[08:43:39] > HwanYo added x8 Enchanted golden apple in auction for 350000.
[08:45:01] > DanRaiv added x1 Netherite sword in auction for 450000.
[08:57:45] > kkyleeeeesa buy x1 §eᴢᴏᴍʙɪᴇ sᴘᴀᴡɴᴇʀ to .SharkyisHungry for $400,000.
[08:57:51] > kkyleeeeesa remove x1 §eᴢᴏᴍʙɪᴇ sᴘᴀᴡɴᴇʀ from buy
[08:58:15] > kkyleeeeesa added x64 Experience bottle in auction for 80000.
[08:58:22] > Takeremu buy x64 Experience bottle to kkyleeeeesa for $80,000.
[08:58:25] > Takeremu remove x64 Experience bottle from buy
[08:58:31] > kkyleeeeesa added x64 Experience bottle in auction for 80000.
[08:59:00] > kkyleeeeesa added x64 Experience bottle in auction for 80000.
[08:59:14] > kkyleeeeesa added x64 Experience bottle in auction for 80000.
[08:59:31] > kkyleeeeesa added x64 Experience bottle in auction for 80000.
[08:59:42] > kkyleeeeesa added x64 Experience bottle in auction for 80000.
[09:10:41] > cinterMC added x1 Heavy core in auction for 800000.
[09:13:18] > cinterMC buy x1 Enchanted book to .Kenku1001 for $10,000.
[09:17:08] > mae added x1 Gun Pawdahhh!!! in auction for 150000.
[09:17:15] > Takeremu buy x1 Gun Pawdahhh!!! to mae for $150,000.
[09:17:19] > mae added x1 Gun Pawdahhhhh!!! in auction for 150000.
[09:17:40] > Takeremu buy x1 Gun Pawdahhhhh!!! to mae for $150,000.
[09:19:48] > x1 §f§l§x§F§C§D§0§5§CW§x§F§B§B§2§4§Fu§x§F§9§9§5§4§2k§x§F§8§7§7§3§5o§x§F§7§5§9§2§7n§x§F§6§3§B§1§Ag§x§F§4§1§E§0§D §x§F§3§0§0§0§0C§x§F§4§1§E§0§Dr§x§F§6§3§B§1§Ao§x§F§7§5§9§2§7s§x§F§8§7§7§3§5s§x§F§9§9§5§4§2b§x§F§B§B§2§4§Fo§x§F§C§D§0§5§Cw on sale by octopus_01 has just expired, it goes in the inventory of expired items.
[09:19:48] > x1 §x§F§F§3§E§0§0§lD§x§F§F§3§6§0§0§le§x§F§F§2§F§0§0§lm§x§F§F§2§7§0§0§lo§x§F§F§1§F§0§0§ln §x§F§F§1§0§0§0§lL§x§F§F§0§8§0§0§lo§x§F§F§0§0§0§0§lr§x§F§F§0§8§0§0§ld §x§F§F§1§7§0§0§lH§x§F§F§1§F§0§0§le§x§F§F§2§7§0§0§ll§x§F§F§2§F§0§0§lm§x§F§F§3§6§0§0§le§x§F§F§3§E§0§0§lt on sale by octopus_01 has just expired, it goes in the inventory of expired items.
[09:19:58] > DanRaiv added x1 §f§x§F§9§A§2§0§DP§x§F§2§9§E§0§Du§x§E§B§9§9§0§Dm§x§E§3§9§5§0§Dp§x§D§C§9§0§0§Dk§x§D§5§8§C§0§Di§x§C§E§8§7§0§Dn§x§C§7§8§3§0§D §x§B§F§7§E§0§DH§x§B§8§7§A§0§Da§x§B§1§7§5§0§Dt in auction for 10312.
[09:21:08] > Akiesha buy x1 Enchanted book to sean_kirby for $2,800.
[09:21:13] > Akiesha buy x1 Enchanted book to sean_kirby for $2,800.
[09:21:17] > Akiesha buy x1 Enchanted book to sean_kirby for $2,800.
[09:21:27] > Akiesha buy x1 Enchanted book to sean_kirby for $2,800.
[09:21:30] > Akiesha buy x1 Enchanted book to Takeremu for $2,500.
[09:21:33] > Akiesha buy x1 Enchanted book to Takeremu for $2,500.
[09:21:38] > Akiesha buy x1 Enchanted book to sean_kirby for $3,000.
[09:21:47] > Akiesha remove x1 Enchanted book from buy
[09:21:50] > Akiesha remove x1 Enchanted book from buy
[09:21:50] > Akiesha remove x1 Enchanted book from buy
[09:21:50] > Akiesha remove x1 Enchanted book from buy
[09:21:51] > Akiesha remove x1 Enchanted book from buy
[09:21:51] > Akiesha remove x1 Enchanted book from buy
[09:21:51] > Akiesha remove x1 Enchanted book from buy
[09:25:00] > x1 §f§l§x§F§A§0§0§0§AD§x§F§A§1§A§1§4a§x§F§B§3§4§1§Fr§x§F§B§4§E§2§9k§x§F§B§6§8§3§3f§x§F§B§8§2§3§Dl§x§F§C§9§C§4§8a§x§F§C§B§6§5§2m§x§F§C§D§0§5§Ce§x§F§C§D§0§5§C §x§F§C§B§6§5§2L§x§F§C§9§C§4§8e§x§F§B§8§2§3§Dg§x§F§B§6§8§3§3g§x§F§B§4§E§2§9i§x§F§B§3§4§1§Fn§x§F§A§1§A§1§4g§x§F§A§0§0§0§As on sale by octopus_01 has just expired, it goes in the inventory of expired items.
[09:25:07] > cinterMC remove x1 Heavy core from storage
[09:25:24] > x1 §2Franck, item of sigman, has just expired, the item is definitively deleted.
[09:25:24] > x1 §f§l§x§F§C§D§0§5§CW§x§F§B§C§3§5§6u§x§F§B§B§6§5§1k§x§F§A§A§9§4§Bo§x§F§A§9§C§4§5n§x§F§9§8§F§3§Fg§x§F§9§8§2§3§A §x§F§8§7§5§3§4C§x§F§8§6§8§2§Eh§x§F§7§5§B§2§8e§x§F§6§4§E§2§3s§x§F§6§4§1§1§Dt§x§F§5§3§4§1§7p§x§F§5§2§7§1§1l§x§F§4§1§A§0§Ca§x§F§4§0§D§0§6t§x§F§3§0§0§0§0e, item of octopus_01, has just expired, the item is definitively deleted.
[09:25:24] > x1 §x§F§F§3§E§0§0§lD§x§F§F§3§6§0§0§le§x§F§F§2§F§0§0§lm§x§F§F§2§7§0§0§lo§x§F§F§1§F§0§0§ln §x§F§F§1§0§0§0§lL§x§F§F§0§8§0§0§lo§x§F§F§0§0§0§0§lr§x§F§F§0§8§0§0§ld §x§F§F§1§7§0§0§lS§x§F§F§1§F§0§0§lh§x§F§F§2§7§0§0§li§x§F§F§2§F§0§0§le§x§F§F§3§6§0§0§ll§x§F§F§3§E§0§0§ld, item of leafsmh, has just expired, the item is definitively deleted.
[09:25:26] > cinterMC remove x1 Heavy core from expire
[09:32:57] > cinterMC added x1 Heavy core in auction for 800000.
[09:45:18] > mae added x1 §x§F§F§3§E§0§0§lD§x§F§F§3§7§0§0§le§x§F§F§3§0§0§0§lm§x§F§F§2§9§0§0§lo§x§F§F§2§2§0§0§ln §x§F§F§1§5§0§0§lL§x§F§F§0§E§0§0§lo§x§F§F§0§7§0§0§lr§x§F§F§0§0§0§0§ld §x§F§F§1§0§0§0§lP§x§F§F§1§7§0§0§li§x§F§F§1§F§0§0§lc§x§F§F§2§7§0§0§lk§x§F§F§2§F§0§0§la§x§F§F§3§6§0§0§lx§x§F§F§3§E§0§0§le in auction for 100000.
[09:45:26] > tic_sz buy x1 §x§F§F§3§E§0§0§lD§x§F§F§3§7§0§0§le§x§F§F§3§0§0§0§lm§x§F§F§2§9§0§0§lo§x§F§F§2§2§0§0§ln §x§F§F§1§5§0§0§lL§x§F§F§0§E§0§0§lo§x§F§F§0§7§0§0§lr§x§F§F§0§0§0§0§ld §x§F§F§1§0§0§0§lP§x§F§F§1§7§0§0§li§x§F§F§1§F§0§0§lc§x§F§F§2§7§0§0§lk§x§F§F§2§F§0§0§la§x§F§F§3§6§0§0§lx§x§F§F§3§E§0§0§le to mae for $100,000.
[09:46:44] > mae added x1 §f§l§x§F§A§0§0§0§AD§x§F§A§2§A§1§Aa§x§F§B§5§3§2§Br§x§F§B§7§D§3§Bk§x§F§C§A§6§4§Cf§x§F§C§D§0§5§Cl§x§F§C§D§0§5§Ca§x§F§C§A§D§4§Em§x§F§B§8§B§4§1e§x§F§B§6§8§3§3 §x§F§B§4§5§2§5A§x§F§A§2§3§1§8x§x§F§A§0§0§0§Ae in auction for 500000.
[09:47:15] > mae remove x1 §x§E§5§1§B§1§B§lDracula Battleaxe from storage
[09:47:16] > mae remove x1 §f§l§x§F§A§0§0§0§AD§x§F§A§2§A§1§Aa§x§F§B§5§3§2§Br§x§F§B§7§D§3§Bk§x§F§C§A§6§4§Cf§x§F§C§D§0§5§Cl§x§F§C§D§0§5§Ca§x§F§C§A§D§4§Em§x§F§B§8§B§4§1e§x§F§B§6§8§3§3 §x§F§B§4§5§2§5A§x§F§A§2§3§1§8x§x§F§A§0§0§0§Ae from storage
[09:47:24] > mae added x1 §x§E§5§1§B§1§B§lDracula Battleaxe in auction for 150000.
[09:47:39] > mae added x1 §f§l§x§F§A§0§0§0§AD§x§F§A§2§A§1§Aa§x§F§B§5§3§2§Br§x§F§B§7§D§3§Bk§x§F§C§A§6§4§Cf§x§F§C§D§0§5§Cl§x§F§C§D§0§5§Ca§x§F§C§A§D§4§Em§x§F§B§8§B§4§1e§x§F§B§6§8§3§3 §x§F§B§4§5§2§5A§x§F§A§2§3§1§8x§x§F§A§0§0§0§Ae in auction for 250000.
[09:47:43] > BlackKnight buy x1 §f§l§x§F§A§0§0§0§AD§x§F§A§2§A§1§Aa§x§F§B§5§3§2§Br§x§F§B§7§D§3§Bk§x§F§C§A§6§4§Cf§x§F§C§D§0§5§Cl§x§F§C§D§0§5§Ca§x§F§C§A§D§4§Em§x§F§B§8§B§4§1e§x§F§B§6§8§3§3 §x§F§B§4§5§2§5A§x§F§A§2§3§1§8x§x§F§A§0§0§0§Ae to mae for $250,000.
[09:48:22] > DanRaiv remove x1 §x§F§F§3§E§0§0§lD§x§F§F§3§6§0§0§le§x§F§F§2§F§0§0§lm§x§F§F§2§7§0§0§lo§x§F§F§1§F§0§0§ln §x§F§F§1§0§0§0§lL§x§F§F§0§8§0§0§lo§x§F§F§0§0§0§0§lr§x§F§F§0§8§0§0§ld §x§F§F§1§7§0§0§lH§x§F§F§1§F§0§0§le§x§F§F§2§7§0§0§ll§x§F§F§2§F§0§0§lm§x§F§F§3§6§0§0§le§x§F§F§3§E§0§0§lt from buy
[09:48:23] > DanRaiv remove x1 §x§F§F§3§E§0§0§lD§x§F§F§3§6§0§0§le§x§F§F§2§F§0§0§lm§x§F§F§2§7§0§0§lo§x§F§F§1§F§0§0§ln §x§F§F§1§0§0§0§lL§x§F§F§0§8§0§0§lo§x§F§F§0§0§0§0§lr§x§F§F§0§9§0§0§ld §x§F§F§1§B§0§0§lB§x§F§F§2§3§0§0§lo§x§F§F§2§C§0§0§lo§x§F§F§3§5§0§0§lt§x§F§F§3§E§0§0§ls from buy
[09:48:39] > DanRaiv added x1 §x§F§F§3§E§0§0§lD§x§F§F§3§6§0§0§le§x§F§F§2§F§0§0§lm§x§F§F§2§7§0§0§lo§x§F§F§1§F§0§0§ln §x§F§F§1§0§0§0§lL§x§F§F§0§8§0§0§lo§x§F§F§0§0§0§0§lr§x§F§F§0§9§0§0§ld §x§F§F§1§B§0§0§lB§x§F§F§2§3§0§0§lo§x§F§F§2§C§0§0§lo§x§F§F§3§5§0§0§lt§x§F§F§3§E§0§0§ls in auction for 150000.
[09:50:04] > octopus_01 added x1 §f§l§8B§x§6§3§6§3§6§3a§x§7§1§7§1§7§1h§x§8§0§8§0§8§0a§x§8§E§8§E§8§Em§x§9§C§9§C§9§Cu§7t§x§9§C§9§C§9§C §x§8§E§8§E§8§ES§x§8§0§8§0§8§0w§x§7§1§7§1§7§1o§x§6§3§6§3§6§3r§8d in auction for 800000.
[09:50:18] > tic_sz buy x1 §f§l§8B§x§6§3§6§3§6§3a§x§7§1§7§1§7§1h§x§8§0§8§0§8§0a§x§8§E§8§E§8§Em§x§9§C§9§C§9§Cu§7t§x§9§C§9§C§9§C §x§8§E§8§E§8§ES§x§8§0§8§0§8§0w§x§7§1§7§1§7§1o§x§6§3§6§3§6§3r§8d to octopus_01 for $800,000.
[09:50:41] > BlackKnight remove x1 §f§l§x§F§A§0§0§0§AD§x§F§A§2§A§1§Aa§x§F§B§5§3§2§Br§x§F§B§7§D§3§Bk§x§F§C§A§6§4§Cf§x§F§C§D§0§5§Cl§x§F§C§D§0§5§Ca§x§F§C§A§D§4§Em§x§F§B§8§B§4§1e§x§F§B§6§8§3§3 §x§F§B§4§5§2§5A§x§F§A§2§3§1§8x§x§F§A§0§0§0§Ae form buy
[09:50:41] > BlackKnight remove x1 §x§F§F§3§E§0§0§lD§x§F§F§3§6§0§0§le§x§F§F§2§F§0§0§lm§x§F§F§2§7§0§0§lo§x§F§F§1§F§0§0§ln §x§F§F§1§0§0§0§lL§x§F§F§0§8§0§0§lo§x§F§F§0§0§0§0§lr§x§F§F§0§8§0§0§ld §x§F§F§1§7§0§0§lS§x§F§F§1§F§0§0§lh§x§F§F§2§7§0§0§li§x§F§F§2§F§0§0§le§x§F§F§3§6§0§0§ll§x§F§F§3§E§0§0§ld form buy
[09:55:53] > HEYkay27 added x24 Breeze rod in auction for 1000000.
[09:56:31] > HEYkay27 added x64 Wind charge in auction for 1000000.
[09:56:48] > DanRaiv remove x1 Netherite sword from storage
[09:57:45] > HEYkay27 buy x1 §fSun Visor Hat to BlackKnight for $30,000.
[09:59:10] > .Kenmbu added x1 §x§F§2§C§6§D§E§lP§x§E§0§C§A§D§B§li§x§C§D§C§D§D§8§ln§x§B§B§D§1§D§5§la§x§A§9§D§4§D§2§lt§x§9§6§D§8§C§E§la §x§7§1§D§F§C§8§lC§x§5§F§E§2§C§5§lr§x§7§4§D§E§C§9§la§x§8§9§D§A§C§C§lt§x§9§E§D§6§D§0§le §x§C§8§C§E§D§7§lK§x§D§D§C§A§D§A§le§x§F§2§C§6§D§E§ly in auction for 500000.
[10:00:13] > mae added x1 §2Franck in auction for 10.
[10:00:40] > DanRaiv added x1 §fBumble Bee Hat in auction for 10000.
[10:00:41] > mincerap buy x1 §2Franck to mae for $10.
[10:00:44] > tic_sz buy x1 §fBumble Bee Hat to DanRaiv for $10,000.
[10:00:58] > tic_sz remove x1 §f§l§8B§x§6§3§6§3§6§3a§x§7§1§7§1§7§1h§x§8§0§8§0§8§0a§x§8§E§8§E§8§Em§x§9§C§9§C§9§Cu§7t§x§9§C§9§C§9§C §x§8§E§8§E§8§ES§x§8§0§8§0§8§0w§x§7§1§7§1§7§1o§x§6§3§6§3§6§3r§8d from buy
[10:01:23] > .SharkyisHungry added x1 §eᴡɪᴛʜᴇʀ ꜱᴋᴇʟᴇᴛᴏɴ ꜱᴘᴀᴡɴᴇʀ in auction for 676767.
[10:01:30] > Takeremu buy x1 §eᴡɪᴛʜᴇʀ ꜱᴋᴇʟᴇᴛᴏɴ ꜱᴘᴀᴡɴᴇʀ to .SharkyisHungry for $676,767.
[10:01:35] > Jaggie added x1 §x§5§C§C§F§F§C§lC§x§5§C§D§1§F§5§lo§x§5§D§D§4§E§E§ls§x§5§D§D§6§E§7§lm§x§5§E§D§9§E§1§le§x§5§E§D§B§D§A§lt§x§5§E§D§D§D§3§li§x§5§F§E§0§C§C§lc §x§5§F§E§0§C§C§lH§x§5§E§D§D§D§3§la§x§5§E§D§B§D§A§lt§x§5§E§D§9§E§1§ls §x§5§D§D§4§E§E§lK§x§5§C§D§1§F§5§le§x§5§C§C§F§F§C§ly in auction for 50000.
[10:01:39] > Takeremu remove x1 §eᴡɪᴛʜᴇʀ ꜱᴋᴇʟᴇᴛᴏɴ ꜱᴘᴀᴡɴᴇʀ from buy
[10:01:39] > Takeremu remove x1 Gun Pawdahhh!!! from buy
[10:01:39] > Takeremu remove x1 Gun Pawdahhhhh!!! from buy
[10:01:48] > cinterMC added x1 §esʜᴇᴇᴘ sᴘᴀᴡɴᴇʀ in auction for 300000.
[10:01:59] > cinterMC added x1 §eᴡɪᴛᴄʜ ꜱᴘᴀᴡɴᴇʀ in auction for 400000.
[10:02:10] > BlackKnight buy x1 §eᴡɪᴛᴄʜ ꜱᴘᴀᴡɴᴇʀ to cinterMC for $400,000.
[10:02:41] > BlackKnight added x1 §fMagician Hat in auction for 30000.
[10:02:49] > BlackKnight remove x1 §eᴡɪᴛᴄʜ ꜱᴘᴀᴡɴᴇʀ from buy
[10:03:40] > cinterMC remove x1 §f§l§x§F§A§0§0§0§AD§x§F§A§2§0§1§7a§x§F§B§4§0§2§3r§x§F§B§6§0§3§0k§x§F§B§8§0§3§Cf§x§F§C§A§0§4§9l§x§F§C§C§0§5§6am§x§F§C§A§0§4§9e§x§F§B§8§0§3§C §x§F§B§6§0§3§0M§x§F§B§4§0§2§3a§x§F§A§2§0§1§7c§x§F§A§0§0§0§Ae from storage
[10:03:46] > cinterMC remove x1 §f§l§x§F§A§0§0§0§AD§x§F§A§2§0§1§7a§x§F§B§4§0§2§3r§x§F§B§6§0§3§0k§x§F§B§8§0§3§Cf§x§F§C§A§0§4§9l§x§F§C§C§0§5§6am§x§F§C§A§0§4§9e§x§F§B§8§0§3§C §x§F§B§6§0§3§0M§x§F§B§4§0§2§3a§x§F§A§2§0§1§7c§x§F§A§0§0§0§Ae from expire
[10:03:55] > kkyleeeeesa remove x64 Experience bottle from storage
[10:04:16] > kkyleeeeesa added x1 §f§l§8B§x§6§2§6§2§6§2a§x§6§F§6§F§6§Fh§x§7§C§7§C§7§Ca§x§8§9§8§9§8§9m§x§9§6§9§6§9§6u§x§A§3§A§3§A§3t §x§9§6§9§6§9§6H§x§8§9§8§9§8§9a§x§7§C§7§C§7§Ct§x§6§F§6§F§6§F §x§6§2§6§2§6§2V§82 in auction for 500000.
[10:04:19] > kopo555 buy x1 §f§l§8B§x§6§2§6§2§6§2a§x§6§F§6§F§6§Fh§x§7§C§7§C§7§Ca§x§8§9§8§9§8§9m§x§9§6§9§6§9§6u§x§A§3§A§3§A§3t §x§9§6§9§6§9§6H§x§8§9§8§9§8§9a§x§7§C§7§C§7§Ct§x§6§F§6§F§6§F §x§6§2§6§2§6§2V§82 to kkyleeeeesa for $500,000.
[10:04:32] > kopo555 remove x1 §f§l§8B§x§6§2§6§2§6§2a§x§6§F§6§F§6§Fh§x§7§C§7§C§7§Ca§x§8§9§8§9§8§9m§x§9§6§9§6§9§6u§x§A§3§A§3§A§3t §x§9§6§9§6§9§6H§x§8§9§8§9§8§9a§x§7§C§7§C§7§Ct§x§6§F§6§F§6§F §x§6§2§6§2§6§2V§82 from buy
[10:05:08] > kkyleeeeesa added x64 Experience bottle in auction for 80000.
[10:11:53] > mae added x1 Shulker shell in auction for 4000.
[10:12:15] > mae remove x1 Shulker shell from storage
[10:13:27] > kkyleeeeesa remove x64 Experience bottle from storage
[10:13:57] > .SharkyisHungry added x5 §bEntropy Crystal §8(§310,000§8) in auction for 600000.
[10:14:00] > mae added x1 /pwarp warp irony for a cheap iron block!! in auction for 676767676767676767.
[10:15:12] > kkyleeeeesa added x1 Good exp farm on /pwarp go ExpppFARM in auction for 9999999.
[10:17:55] > BlackKnight added x1 Elytra in auction for 2000000.
[10:18:06] > .SharkyisHungry remove x5 §bEntropy Crystal §8(§310,000§8) from storage
[10:18:21] > .SharkyisHungry added x5 §bEntropy Crystal §8(§310,000§8) in auction for 650000.
[10:25:45] > mauserdart added x1 §eᴡɪᴛᴄʜ ꜱᴘᴀᴡɴᴇʀ in auction for 850000.
[10:25:51] > HwanYo buy x1 §eᴡɪᴛᴄʜ ꜱᴘᴀᴡɴᴇʀ to mauserdart for $850,000.
[10:26:10] > HwanYo remove x1 §eᴡɪᴛᴄʜ ꜱᴘᴀᴡɴᴇʀ from buy
[10:33:28] > mauserdart buy x1 Shulker box to RukaLemon for $75,000.
[10:33:33] > mauserdart buy x1 Shulker box to RukaLemon for $75,000.
[10:33:42] > mauserdart buy x1 Face powder to Zypher_0w0 for $150,000.
[10:33:47] > mauserdart remove x1 Face powder from buy
[10:33:48] > mauserdart remove x1 Shulker box from buy
[10:33:48] > mauserdart remove x1 Shulker box from buy
[10:37:52] > .SharkyisHungry added x1 §f§l§8B§x§6§6§6§6§6§6a§x§7§7§7§7§7§7h§x§8§8§8§8§8§8a§x§9§9§9§9§9§9m§7u§x§9§9§9§9§9§9t§x§8§8§8§8§8§8 §x§7§7§7§7§7§7H§x§6§6§6§6§6§6a§8t in auction for 1550000.
[10:47:08] > .Kenku1001 added x1 A box of shulker shells in auction for 2500000.
[10:47:31] > mauserdart buy x1 A box of shulker shells to .Kenku1001 for $2,500,000.
[10:47:43] > mauserdart remove x1 A box of shulker shells from buy
[10:52:12] > Doomday152 added x1 Netherite upgrade smithing template in auction for 250000.
[10:52:26] > Doomday152 added x1 Netherite upgrade smithing template in auction for 250000.
[10:52:47] > .Dream78720 added x2 §x§F§2§C§6§D§E§lP§x§E§0§C§A§D§B§li§x§C§D§C§D§D§8§ln§x§B§B§D§1§D§5§la§x§A§9§D§4§D§2§lt§x§9§6§D§8§C§E§la §x§7§1§D§F§C§8§lC§x§5§F§E§2§C§5§lr§x§7§4§D§E§C§9§la§x§8§9§D§A§C§C§lt§x§9§E§D§6§D§0§le §x§C§8§C§E§D§7§lK§x§D§D§C§A§D§A§le§x§F§2§C§6§D§E§ly in auction for 1000000.
[10:53:33] > .Dream78720 added x3 §x§C§9§A§7§F§C§lL§x§B§D§A§E§F§6§le§x§B§1§B§4§F§0§lg§x§A§6§B§B§E§A§le§x§9§A§C§1§E§4§ln§x§8§E§C§8§D§D§ld§x§8§2§C§E§D§7§la§x§7§7§D§5§D§1§lr§x§6§B§D§B§C§B§ly §x§6§B§D§B§C§B§lC§x§7§7§D§5§D§1§lr§x§8§2§C§E§D§7§la§x§8§E§C§8§D§D§lt§x§9§A§C§1§E§4§le §x§B§1§B§4§F§0§lK§x§B§D§A§E§F§6§le§x§C§9§A§7§F§C§ly in auction for 200000.
[10:58:25] > .Kenku1001 added x1 Shulker Box of shulker shells in auction for 2500000.
[11:01:14] > baba added x64 Shulker shell in auction for 10000.
[11:01:21] > koshie buy x64 Shulker shell to baba for $10,000.
[11:14:16] > omikiyomi buy x64 Experience bottle to kkyleeeeesa for $80,000.
[11:14:21] > omikiyomi remove x64 Experience bottle from buy
[11:15:33] > baba added x64 Shulker shell in auction for 25000.
[11:15:37] > Takeremu buy x64 Shulker shell to baba for $25,000.
[11:19:16] > DanRaiv added x1 Poisonous potato in auction for 100.
[11:32:11] > sean_kirby added x1 Enchanted book in auction for 2500.
[11:32:25] > sean_kirby added x1 Enchanted book in auction for 2500.
[11:32:42] > sean_kirby added x1 Enchanted book in auction for 2500.
[11:32:58] > sean_kirby added x1 Enchanted book in auction for 2500.
[11:33:17] > sean_kirby added x1 Enchanted book in auction for 2500.
[11:34:06] > sean_kirby added x1 Enchanted book in auction for 2500.
[11:34:06] > .SharkyisHungry added x1 FRIED CHICKEN WINGS OF KFC in auction for 6000000.
[11:34:20] > sean_kirby added x1 Enchanted book in auction for 2500.
[11:38:24] > x64 Melon seeds, bought by Rain_Reinn, has just expired, the item is definitively deleted.
[11:38:24] > x8 Netherite scrap, bought by Rain_Reinn, has just expired, the item is definitively deleted.
[11:38:27] > DanRaiv remove x1 Cake from buy
[11:45:29] > .Kenku1001 buy x64 Experience bottle to kkyleeeeesa for $80,000.
[11:45:35] > .Kenku1001 buy x64 Experience bottle to kkyleeeeesa for $80,000.
[11:45:42] > .Kenku1001 buy x64 Experience bottle to kkyleeeeesa for $80,000.
[11:45:49] > .Kenku1001 buy x24 Breeze rod to HEYkay27 for $1,000,000.
[11:45:57] > .Kenku1001 remove x64 Experience bottle from buy
[11:45:58] > .Kenku1001 remove x64 Experience bottle from buy
[11:45:58] > .Kenku1001 remove x24 Breeze rod from buy
[11:45:59] > .Kenku1001 remove x64 Experience bottle from buy