
[08:31:49] > Zenolite_ buy x1 §x§F§C§9§0§5§C§lE§x§E§6§9§C§6§B§lp§x§C§F§A§7§7§A§li§x§B§9§B§3§8§9§lc §x§8§C§C§B§A§7§lC§x§7§5§D§6§B§6§lr§x§5§F§E§2§C§5§la§x§7§9§D§4§B§4§lt§x§9§3§C§7§A§2§le §x§C§8§A§B§7§F§lK§x§E§2§9§E§6§E§le§x§F§C§9§0§5§C§ly to JullianHuH for $100 000.
[08:32:44] > Zenolite_ added x1 §x§F§F§7§C§0§0§lSteamsparks Helmet in auction for 300000.
[08:42:32] > mauserdart added x1 §x§9§8§6§3§E§7§lG§x§9§0§7§5§E§2§lo§x§8§8§8§7§D§D§ld§x§8§0§9§9§D§8§ll§x§7§7§A§C§D§4§ly §x§6§7§D§0§C§A§lC§x§5§F§E§2§C§5§lr§x§6§7§D§0§C§A§la§x§6§F§B§E§C§F§lt§x§7§7§A§C§D§4§le §x§8§8§8§7§D§D§lK§x§9§0§7§5§E§2§le§x§9§8§6§3§E§7§ly in auction for 500000.
[08:43:21] > mauserdart remove x1 §x§9§8§6§3§E§7§lG§x§9§0§7§5§E§2§lo§x§8§8§8§7§D§D§ld§x§8§0§9§9§D§8§ll§x§7§7§A§C§D§4§ly §x§6§7§D§0§C§A§lC§x§5§F§E§2§C§5§lr§x§6§7§D§0§C§A§la§x§6§F§B§E§C§F§lt§x§7§7§A§C§D§4§le §x§8§8§8§7§D§D§lK§x§9§0§7§5§E§2§le§x§9§8§6§3§E§7§ly from storage
[08:46:41] > ZAFF added x1 §x§F§F§3§E§0§0§lD§x§F§F§3§6§0§0§le§x§F§F§2§F§0§0§lm§x§F§F§2§7§0§0§lo§x§F§F§1§F§0§0§ln §x§F§F§1§0§0§0§lL§x§F§F§0§8§0§0§lo§x§F§F§0§0§0§0§lr§x§F§F§0§9§0§0§ld §x§F§F§1§B§0§0§lS§x§F§F§2§3§0§0§lt§x§F§F§2§C§0§0§la§x§F§F§3§5§0§0§lf§x§F§F§3§E§0§0§lf in auction for 100000.
[08:47:06] > Zenolite_ remove x1 §x§F§F§7§C§0§0§lSteamsparks Helmet from storage
[08:47:34] > koshie added x1 §eʙʟᴀᴢᴇ sᴘᴀᴡɴᴇʀ in auction for 250000.
[08:47:42] > koshie added x1 §eᴢᴏᴍʙɪᴇ sᴘᴀᴡɴᴇʀ in auction for 250000.
[08:47:49] > ZAFF added x1 §x§F§0§7§A§5§4§lZombie Apocalyptic Axe in auction for 100000.
[08:48:01] > ZAFF added x1 §x§5§9§A§1§D§9§lA§x§6§A§A§A§D§Dr§x§7§A§B§4§E§1c§x§8§B§B§D§E§4h§x§9§B§C§7§E§8a§x§A§C§D§0§E§Cn§x§B§D§D§9§F§0g§x§C§D§E§3§F§4e§x§D§E§E§C§F§7l §fF§x§E§E§F§6§F§Bi§x§D§E§E§C§F§7s§x§C§D§E§3§F§4h§x§B§D§D§9§F§0i§x§A§C§D§0§E§Cn§x§9§B§C§7§E§8g §x§7§A§B§4§E§1R§x§6§A§A§A§D§Do§x§5§9§A§1§D§9d in auction for 100000.
[08:48:11] > mauserdart buy x1 §x§5§9§A§1§D§9§lA§x§6§A§A§A§D§Dr§x§7§A§B§4§E§1c§x§8§B§B§D§E§4h§x§9§B§C§7§E§8a§x§A§C§D§0§E§Cn§x§B§D§D§9§F§0g§x§C§D§E§3§F§4e§x§D§E§E§C§F§7l §fF§x§E§E§F§6§F§Bi§x§D§E§E§C§F§7s§x§C§D§E§3§F§4h§x§B§D§D§9§F§0i§x§A§C§D§0§E§Cn§x§9§B§C§7§E§8g §x§7§A§B§4§E§1R§x§6§A§A§A§D§Do§x§5§9§A§1§D§9d to ZAFF for $100 000.
[08:48:34] > ZAFF added x1 §x§9§8§6§3§E§7§lG§x§9§0§7§5§E§2§lo§x§8§8§8§7§D§D§ld§x§8§0§9§9§D§8§ll§x§7§7§A§C§D§4§ly §x§6§7§D§0§C§A§lC§x§5§F§E§2§C§5§lr§x§6§7§D§0§C§A§la§x§6§F§B§E§C§F§lt§x§7§7§A§C§D§4§le §x§8§8§8§7§D§D§lK§x§9§0§7§5§E§2§le§x§9§8§6§3§E§7§ly in auction for 500000.
[08:48:39] > Nyxie buy x1 §x§9§8§6§3§E§7§lG§x§9§0§7§5§E§2§lo§x§8§8§8§7§D§D§ld§x§8§0§9§9§D§8§ll§x§7§7§A§C§D§4§ly §x§6§7§D§0§C§A§lC§x§5§F§E§2§C§5§lr§x§6§7§D§0§C§A§la§x§6§F§B§E§C§F§lt§x§7§7§A§C§D§4§le §x§8§8§8§7§D§D§lK§x§9§0§7§5§E§2§le§x§9§8§6§3§E§7§ly to ZAFF for $500 000.
[08:49:06] > Zenolite_ added x5 §x§9§8§6§3§E§7§lG§x§9§0§7§5§E§2§lo§x§8§8§8§7§D§D§ld§x§8§0§9§9§D§8§ll§x§7§7§A§C§D§4§ly §x§6§7§D§0§C§A§lC§x§5§F§E§2§C§5§lr§x§6§7§D§0§C§A§la§x§6§F§B§E§C§F§lt§x§7§7§A§C§D§4§le §x§8§8§8§7§D§D§lK§x§9§0§7§5§E§2§le§x§9§8§6§3§E§7§ly in auction for 2500000.
[08:49:40] > koshie remove x1 §x§F§0§7§A§5§4§lZombie Apocalyptic Bow from storage
[08:49:52] > koshie added x2 §x§F§F§3§E§0§0§lSellwand Voucher in auction for 1200000.
[08:50:13] > Raylii buy x2 §x§F§F§3§E§0§0§lSellwand Voucher to koshie for $1 200 000.
[08:51:14] > koshie added x1 §x§F§0§7§A§5§4§lZombie Apocalyptic Bow in auction for 150000.
[08:51:18] > Zenolite_ added x1 §x§C§9§A§7§F§C§lL§x§B§D§A§E§F§6§le§x§B§1§B§4§F§0§lg§x§A§6§B§B§E§A§le§x§9§A§C§1§E§4§ln§x§8§E§C§8§D§D§ld§x§8§2§C§E§D§7§la§x§7§7§D§5§D§1§lr§x§6§B§D§B§C§B§ly §x§6§B§D§B§C§B§lC§x§7§7§D§5§D§1§lr§x§8§2§C§E§D§7§la§x§8§E§C§8§D§D§lt§x§9§A§C§1§E§4§le §x§B§1§B§4§F§0§lK§x§B§D§A§E§F§6§le§x§C§9§A§7§F§C§ly in auction for 500000.
[08:58:43] > koshie remove x1 §x§F§F§3§E§0§0§lD§x§F§F§3§5§0§0§le§x§F§F§2§C§0§0§lm§x§F§F§2§3§0§0§lo§x§F§F§1§B§0§0§ln §x§F§F§0§9§0§0§lL§x§F§F§0§0§0§0§lo§x§F§F§0§A§0§0§lr§x§F§F§1§5§0§0§ld §x§F§F§2§9§0§0§lH§x§F§F§3§4§0§0§lo§x§F§F§3§E§0§0§le from storage
[09:00:38] > koshie added x8 §x§F§C§9§0§5§C§lE§x§E§6§9§C§6§B§lp§x§C§F§A§7§7§A§li§x§B§9§B§3§8§9§lc §x§8§C§C§B§A§7§lC§x§7§5§D§6§B§6§lr§x§5§F§E§2§C§5§la§x§7§9§D§4§B§4§lt§x§9§3§C§7§A§2§le §x§C§8§A§B§7§F§lK§x§E§2§9§E§6§E§le§x§F§C§9§0§5§C§ly in auction for 2500000.
[09:01:07] > Raylii buy x5 §x§9§8§6§3§E§7§lG§x§9§0§7§5§E§2§lo§x§8§8§8§7§D§D§ld§x§8§0§9§9§D§8§ll§x§7§7§A§C§D§4§ly §x§6§7§D§0§C§A§lC§x§5§F§E§2§C§5§lr§x§6§7§D§0§C§A§la§x§6§F§B§E§C§F§lt§x§7§7§A§C§D§4§le §x§8§8§8§7§D§D§lK§x§9§0§7§5§E§2§le§x§9§8§6§3§E§7§ly to Zenolite_ for $2 500 000.
[09:01:15] > ZAFF added x1 §x§F§C§9§0§5§C§lE§x§E§6§9§C§6§B§lp§x§C§F§A§7§7§A§li§x§B§9§B§3§8§9§lc §x§8§C§C§B§A§7§lC§x§7§5§D§6§B§6§lr§x§5§F§E§2§C§5§la§x§7§9§D§4§B§4§lt§x§9§3§C§7§A§2§le §x§C§8§A§B§7§F§lK§x§E§2§9§E§6§E§le§x§F§C§9§0§5§C§ly in auction for 250000.
[09:01:29] > koshie remove x8 §x§F§C§9§0§5§C§lE§x§E§6§9§C§6§B§lp§x§C§F§A§7§7§A§li§x§B§9§B§3§8§9§lc §x§8§C§C§B§A§7§lC§x§7§5§D§6§B§6§lr§x§5§F§E§2§C§5§la§x§7§9§D§4§B§4§lt§x§9§3§C§7§A§2§le §x§C§8§A§B§7§F§lK§x§E§2§9§E§6§E§le§x§F§C§9§0§5§C§ly from storage
[09:01:37] > koshie added x1 §x§C§9§A§7§F§C§lL§x§B§D§A§E§F§6§le§x§B§1§B§4§F§0§lg§x§A§6§B§B§E§A§le§x§9§A§C§1§E§4§ln§x§8§E§C§8§D§D§ld§x§8§2§C§E§D§7§la§x§7§7§D§5§D§1§lr§x§6§B§D§B§C§B§ly §x§6§B§D§B§C§B§lC§x§7§7§D§5§D§1§lr§x§8§2§C§E§D§7§la§x§8§E§C§8§D§D§lt§x§9§A§C§1§E§4§le §x§B§1§B§4§F§0§lK§x§B§D§A§E§F§6§le§x§C§9§A§7§F§C§ly in auction for 600000.
[09:01:51] > ZAFF added x1 §x§F§C§9§0§5§C§lE§x§E§6§9§C§6§B§lp§x§C§F§A§7§7§A§li§x§B§9§B§3§8§9§lc §x§8§C§C§B§A§7§lC§x§7§5§D§6§B§6§lr§x§5§F§E§2§C§5§la§x§7§9§D§4§B§4§lt§x§9§3§C§7§A§2§le §x§C§8§A§B§7§F§lK§x§E§2§9§E§6§E§le§x§F§C§9§0§5§C§ly in auction for 250000.
[09:02:03] > ZAFF added x1 §x§F§C§9§0§5§C§lE§x§E§6§9§C§6§B§lp§x§C§F§A§7§7§A§li§x§B§9§B§3§8§9§lc §x§8§C§C§B§A§7§lC§x§7§5§D§6§B§6§lr§x§5§F§E§2§C§5§la§x§7§9§D§4§B§4§lt§x§9§3§C§7§A§2§le §x§C§8§A§B§7§F§lK§x§E§2§9§E§6§E§le§x§F§C§9§0§5§C§ly in auction for 250000.
[09:02:14] > ZAFF added x1 §x§F§C§9§0§5§C§lE§x§E§6§9§C§6§B§lp§x§C§F§A§7§7§A§li§x§B§9§B§3§8§9§lc §x§8§C§C§B§A§7§lC§x§7§5§D§6§B§6§lr§x§5§F§E§2§C§5§la§x§7§9§D§4§B§4§lt§x§9§3§C§7§A§2§le §x§C§8§A§B§7§F§lK§x§E§2§9§E§6§E§le§x§F§C§9§0§5§C§ly in auction for 250000.
[09:04:08] > Raylii buy x1 §x§C§9§A§7§F§C§lL§x§B§D§A§E§F§6§le§x§B§1§B§4§F§0§lg§x§A§6§B§B§E§A§le§x§9§A§C§1§E§4§ln§x§8§E§C§8§D§D§ld§x§8§2§C§E§D§7§la§x§7§7§D§5§D§1§lr§x§6§B§D§B§C§B§ly §x§6§B§D§B§C§B§lC§x§7§7§D§5§D§1§lr§x§8§2§C§E§D§7§la§x§8§E§C§8§D§D§lt§x§9§A§C§1§E§4§le §x§B§1§B§4§F§0§lK§x§B§D§A§E§F§6§le§x§C§9§A§7§F§C§ly to Zenolite_ for $500 000.
[09:08:27] > koshie remove x1 §x§C§9§A§7§F§C§lL§x§B§D§A§E§F§6§le§x§B§1§B§4§F§0§lg§x§A§6§B§B§E§A§le§x§9§A§C§1§E§4§ln§x§8§E§C§8§D§D§ld§x§8§2§C§E§D§7§la§x§7§7§D§5§D§1§lr§x§6§B§D§B§C§B§ly §x§6§B§D§B§C§B§lC§x§7§7§D§5§D§1§lr§x§8§2§C§E§D§7§la§x§8§E§C§8§D§D§lt§x§9§A§C§1§E§4§le §x§B§1§B§4§F§0§lK§x§B§D§A§E§F§6§le§x§C§9§A§7§F§C§ly from storage
[09:08:50] > koshie added x8 §x§F§C§9§0§5§C§lE§x§E§6§9§C§6§B§lp§x§C§F§A§7§7§A§li§x§B§9§B§3§8§9§lc §x§8§C§C§B§A§7§lC§x§7§5§D§6§B§6§lr§x§5§F§E§2§C§5§la§x§7§9§D§4§B§4§lt§x§9§3§C§7§A§2§le §x§C§8§A§B§7§F§lK§x§E§2§9§E§6§E§le§x§F§C§9§0§5§C§ly in auction for 1000000.
[09:17:12] > FriendlyT0ast buy x1 §eᴄᴏᴡ sᴘᴀᴡɴᴇʀ to nicoso12 for $200 000.
[09:24:09] > koshie remove x8 §x§F§C§9§0§5§C§lE§x§E§6§9§C§6§B§lp§x§C§F§A§7§7§A§li§x§B§9§B§3§8§9§lc §x§8§C§C§B§A§7§lC§x§7§5§D§6§B§6§lr§x§5§F§E§2§C§5§la§x§7§9§D§4§B§4§lt§x§9§3§C§7§A§2§le §x§C§8§A§B§7§F§lK§x§E§2§9§E§6§E§le§x§F§C§9§0§5§C§ly from storage
[09:24:39] > koshie added x9 §x§F§C§9§0§5§C§lE§x§E§6§9§C§6§B§lp§x§C§F§A§7§7§A§li§x§B§9§B§3§8§9§lc §x§8§C§C§B§A§7§lC§x§7§5§D§6§B§6§lr§x§5§F§E§2§C§5§la§x§7§9§D§4§B§4§lt§x§9§3§C§7§A§2§le §x§C§8§A§B§7§F§lK§x§E§2§9§E§6§E§le§x§F§C§9§0§5§C§ly in auction for 600000.
[09:25:26] > Kwienn remove x1 /Pwarp go Pastries for cheap foods <3 from storage
[09:25:26] > Kwienn remove x1 Dye in /Pwarp go Pastries from storage
[09:25:34] > Kwienn added x1 Dye in /Pwarp go Pastries in auction for 1000000.
[09:25:42] > Kwienn added x1 /Pwarp go Pastries for cheap foods <3 in auction for 10000000000.
[09:26:35] > Kwienn added x1 §x§E§5§1§B§1§B§lDracula Hoe in auction for 600000.
[09:27:12] > Kwienn remove x1 §x§E§5§1§B§1§B§lDracula Hoe from storage
[09:28:21] > LootCookie remove x1 Enchanted book form storage
[09:28:21] > LootCookie remove x1 §x§5§9§A§1§D§9§lA§x§6§B§A§B§D§Dr§x§7§E§B§6§E§1c§x§9§0§C§0§E§6h§x§A§3§C§B§E§Aa§x§B§5§D§5§E§En§x§C§8§E§0§F§2g§x§D§A§E§A§F§7e§x§E§D§F§5§F§Bl §x§E§A§F§3§F§AB§x§D§6§E§8§F§6a§x§C§1§D§C§F§1c§x§A§C§D§0§E§Ck§x§9§7§C§4§E§7p§x§8§3§B§9§E§3a§x§6§E§A§D§D§Ec§x§5§9§A§1§D§9k form storage
[09:28:21] > LootCookie remove x1 §x§F§F§3§E§0§0§lDemon Lord Wings form storage
[09:28:21] > LootCookie remove x1 §x§F§F§3§E§0§0§lDemon Lord Wings form storage
[09:28:53] > LootCookie added x1 §x§5§9§A§1§D§9§lA§x§6§B§A§B§D§Dr§x§7§E§B§6§E§1c§x§9§0§C§0§E§6h§x§A§3§C§B§E§Aa§x§B§5§D§5§E§En§x§C§8§E§0§F§2g§x§D§A§E§A§F§7e§x§E§D§F§5§F§Bl §x§E§A§F§3§F§AB§x§D§6§E§8§F§6a§x§C§1§D§C§F§1c§x§A§C§D§0§E§Ck§x§9§7§C§4§E§7p§x§8§3§B§9§E§3a§x§6§E§A§D§D§Ec§x§5§9§A§1§D§9k in auction for 1000000.
[09:29:40] > LootCookie added x2 §x§F§F§3§E§0§0§lDemon Lord Wings in auction for 2500000.
[09:29:46] > LootCookie remove x1 §x§5§9§A§1§D§9§lA§x§6§B§A§B§D§Dr§x§7§E§B§6§E§1c§x§9§0§C§0§E§6h§x§A§3§C§B§E§Aa§x§B§5§D§5§E§En§x§C§8§E§0§F§2g§x§D§A§E§A§F§7e§x§E§D§F§5§F§Bl §x§E§A§F§3§F§AB§x§D§6§E§8§F§6a§x§C§1§D§C§F§1c§x§A§C§D§0§E§Ck§x§9§7§C§4§E§7p§x§8§3§B§9§E§3a§x§6§E§A§D§D§Ec§x§5§9§A§1§D§9k form storage
[09:29:46] > LootCookie remove x2 §x§F§F§3§E§0§0§lDemon Lord Wings form storage
[09:29:51] > Kwienn added x1 §x§F§F§7§C§0§0§lSteamsparks Shield in auction for 600000.
[09:30:37] > LootCookie added x1 §x§F§F§3§E§0§0§lDemon Lord Wings in auction for 2500000.
[09:30:58] > LootCookie added x1 §x§5§9§A§1§D§9§lA§x§6§B§A§B§D§Dr§x§7§E§B§6§E§1c§x§9§0§C§0§E§6h§x§A§3§C§B§E§Aa§x§B§5§D§5§E§En§x§C§8§E§0§F§2g§x§D§A§E§A§F§7e§x§E§D§F§5§F§Bl §x§E§A§F§3§F§AB§x§D§6§E§8§F§6a§x§C§1§D§C§F§1c§x§A§C§D§0§E§Ck§x§9§7§C§4§E§7p§x§8§3§B§9§E§3a§x§6§E§A§D§D§Ec§x§5§9§A§1§D§9k in auction for 1000000.
[09:31:14] > LootCookie added x1 §x§F§F§3§E§0§0§lDemon Lord Wings in auction for 2500000.
[09:38:32] > ParkourDisaster buy x1 Beacon to PsalmTheHero_ for $400 000.
[09:38:40] > ParkourDisaster buy x2 Beacon to Pewpew for $400 000.
[09:38:53] > ParkourDisaster buy x1 §x§6§0§0§0§F§F§lɢᴏᴅʟʏ ɪᴛᴇᴍ to Cynishere for $200 000.
[09:39:00] > ParkourDisaster buy x2 Villager spawn egg to HPMR_GaMerz for $1 500 000.
[09:49:34] > ItzrealPear buy x1 §x§F§0§7§A§5§4§lZombie Apocalyptic SMG to JullianHuH for $150 000.
[10:10:40] > azi added x1 §x§F§0§7§A§5§4§lZombie Apocalyptic Halberd in auction for 300000.
[10:11:24] > Akirupie added x1 §x§E§5§1§B§1§B§lDracula Halberd in auction for 800000.
[10:11:40] > Akirupie added x1 §x§F§F§7§C§0§0§lSteamsparks Sword in auction for 800000.
[10:11:54] > ItzrealPear buy x1 §x§F§F§3§E§0§0§lD§x§F§F§3§6§0§0§le§x§F§F§2§F§0§0§lm§x§F§F§2§7§0§0§lo§x§F§F§1§F§0§0§ln §x§F§F§1§0§0§0§lL§x§F§F§0§8§0§0§lo§x§F§F§0§0§0§0§lr§x§F§F§0§8§0§0§ld §x§F§F§1§7§0§0§lS§x§F§F§1§F§0§0§li§x§F§F§2§7§0§0§lc§x§F§F§2§F§0§0§lk§x§F§F§3§6§0§0§ll§x§F§F§3§E§0§0§le to koshie for $400 000.
[10:12:59] > mauserdart buy x1 §x§F§F§3§E§0§0§lD§x§F§F§3§8§0§0§le§x§F§F§3§2§0§0§lm§x§F§F§2§B§0§0§lo§x§F§F§2§5§0§0§ln §x§F§F§1§9§0§0§lL§x§F§F§1§3§0§0§lo§x§F§F§0§C§0§0§lr§x§F§F§0§6§0§0§ld §x§F§F§0§6§0§0§lB§x§F§F§0§C§0§0§la§x§F§F§1§3§0§0§lt§x§F§F§1§9§0§0§lt§x§F§F§1§F§0§0§ll§x§F§F§2§5§0§0§le §x§F§F§3§2§0§0§lA§x§F§F§3§8§0§0§lx§x§F§F§3§E§0§0§le to Zypher_0w0 for $800 000.
[10:16:39] > Zypher_0w0 added x1 §x§E§5§1§B§1§B§lDracula Sword in auction for 600000.
[10:18:54] > Zypher_0w0 added x1 §f§l§x§8§A§0§0§F§FS§x§9§8§0§0§D§Dh§x§A§6§0§0§B§Bi§x§B§4§0§0§9§9n§x§C§2§0§0§7§7e§x§D§0§0§0§5§5 §x§D§E§0§0§3§3O§x§E§C§0§0§1§1ni§x§D§E§0§0§3§3 §x§D§0§0§0§5§5S§x§C§2§0§0§7§7i§x§B§4§0§0§9§9c§x§A§6§0§0§B§Bk§x§9§8§0§0§D§Dl§x§8§A§0§0§F§Fe in auction for 5000000.
[10:20:27] > Zypher_0w0 remove x1 §fShogun Boots from storage
[10:20:28] > Zypher_0w0 remove x1 §fShogun Leggings from storage
[10:20:28] > Zypher_0w0 remove x1 §fShogun Chestplate from storage
[10:20:29] > Zypher_0w0 remove x1 §fShogun Helmet from storage
[10:20:29] > Zypher_0w0 remove x1 §x§F§F§3§E§0§0§lD§x§F§F§3§8§0§0§le§x§F§F§3§2§0§0§lm§x§F§F§2§B§0§0§lo§x§F§F§2§5§0§0§ln §x§F§F§1§9§0§0§lL§x§F§F§1§3§0§0§lo§x§F§F§0§C§0§0§lr§x§F§F§0§6§0§0§ld §x§F§F§0§6§0§0§lB§x§F§F§0§C§0§0§la§x§F§F§1§3§0§0§lt§x§F§F§1§9§0§0§lt§x§F§F§1§F§0§0§ll§x§F§F§2§5§0§0§le §x§F§F§3§2§0§0§lA§x§F§F§3§8§0§0§lx§x§F§F§3§E§0§0§le from storage
[10:20:30] > Zypher_0w0 remove x1 §x§E§5§1§B§1§B§lDracula Sword from storage
[10:20:31] > Zypher_0w0 remove x1 §f§l§x§8§A§0§0§F§FS§x§9§8§0§0§D§Dh§x§A§6§0§0§B§Bi§x§B§4§0§0§9§9n§x§C§2§0§0§7§7e§x§D§0§0§0§5§5 §x§D§E§0§0§3§3O§x§E§C§0§0§1§1ni§x§D§E§0§0§3§3 §x§D§0§0§0§5§5S§x§C§2§0§0§7§7i§x§B§4§0§0§9§9c§x§A§6§0§0§B§Bk§x§9§8§0§0§D§Dl§x§8§A§0§0§F§Fe from storage
[10:20:31] > Zypher_0w0 remove x1 §x§F§F§3§E§0§0§lD§x§F§F§3§6§0§0§le§x§F§F§2§F§0§0§lm§x§F§F§2§7§0§0§lo§x§F§F§1§F§0§0§ln §x§F§F§1§0§0§0§lL§x§F§F§0§8§0§0§lo§x§F§F§0§0§0§0§lr§x§F§F§0§8§0§0§ld §x§F§F§1§7§0§0§lS§x§F§F§1§F§0§0§lh§x§F§F§2§7§0§0§li§x§F§F§2§F§0§0§le§x§F§F§3§6§0§0§ll§x§F§F§3§E§0§0§ld from storage
[10:20:32] > Zypher_0w0 remove x1 Enchanted book from storage
[10:20:32] > Zypher_0w0 remove x1 Enchanted book from storage
[10:24:41] > Akirupie remove x2 Wheat seeds from storage
[10:24:46] > Akirupie added x1 §f§l§x§F§C§D§0§5§CW§x§F§B§B§0§4§Eu§x§F§9§9§0§4§0k§x§F§8§7§0§3§2o§x§F§6§5§0§2§3n§x§F§5§3§0§1§5g§x§F§4§1§0§0§7 H§x§F§5§3§0§1§5a§x§F§6§5§0§2§3l§x§F§8§7§0§3§2b§x§F§9§9§0§4§0e§x§F§B§B§0§4§Er§x§F§C§D§0§5§Cd in auction for 3000000.
[10:25:46] > Zypher_0w0 added x1 §x§E§5§1§B§1§B§lDracula Chestplate in auction for 900000.
[10:27:49] > Zypher_0w0 added x1 §f§x§6§B§2§C§C§6G§x§7§0§3§2§C§Ca§x§7§5§3§8§D§2l§x§7§A§3§E§D§8a§x§7§F§4§4§D§Ex§x§8§4§4§9§E§5y§x§8§9§4§F§E§B §x§8§E§5§5§F§1H§x§9§3§5§B§F§7a§x§9§8§6§1§F§Dt in auction for 300000.
[10:28:05] > Zypher_0w0 added x1 §fGarden Hat in auction for 300000.
[10:28:15] > Zypher_0w0 added x1 §fHorns in auction for 300000.
[10:28:59] > Zypher_0w0 added x1 §fGhost Hat in auction for 150000.
[10:29:09] > Zypher_0w0 added x1 §aCthulhu in auction for 10000.
[10:30:33] > Zypher_0w0 added x1 §fFlower Crown Hat in auction for 300000.
[10:30:59] > Akirupie remove x1 §eᴄʜɪᴄᴋᴇɴ sᴘᴀᴡɴᴇʀ from storage
[10:31:07] > Akirupie added x1 §x§F§F§5§5§0§0§lsᴇʟʟᴡᴀɴᴅ §6- 10.0x in auction for 1000000.
[10:31:12] > Zypher_0w0 added x1 §x§F§F§7§C§0§0§lSteamsparks Chestplate in auction for 600000.
[10:31:23] > Raylii buy x1 §x§F§F§5§5§0§0§lsᴇʟʟᴡᴀɴᴅ §6- 10.0x to Akirupie for $1 000 000.
[10:33:02] > PrezXie added x1 §fPanda Hat in auction for 100000.
[10:33:13] > PrezXie added x1 §fBumble Bee Hat in auction for 120000.
[10:33:24] > PrezXie added x1 §fFarmer Hat in auction for 90000.
[10:34:34] > Kwienn added x1 §x§6§0§0§0§F§F§lɢᴏᴅʟʏ ɪᴛᴇᴍ in auction for 300000.
[10:35:35] > Kwienn added x1 §x§6§0§0§0§F§F§lɢᴏᴅʟʏ ɪᴛᴇᴍ in auction for 300000.
[10:35:59] > Kwienn buy x1 §fPanda Hat to PrezXie for $100 000.
[10:37:28] > HEYkay27 remove x1 §x§F§F§3§E§0§0§lD§x§F§F§3§7§0§0§le§x§F§F§3§0§0§0§lm§x§F§F§2§9§0§0§lo§x§F§F§2§2§0§0§ln §x§F§F§1§5§0§0§lL§x§F§F§0§E§0§0§lo§x§F§F§0§7§0§0§lr§x§F§F§0§0§0§0§ld §x§F§F§1§0§0§0§lP§x§F§F§1§7§0§0§li§x§F§F§1§F§0§0§lc§x§F§F§2§7§0§0§lk§x§F§F§2§F§0§0§la§x§F§F§3§6§0§0§lx§x§F§F§3§E§0§0§le form storage
[10:37:56] > Akirupie remove x1 §x§F§0§7§A§5§4§lZombie Apocalyptic Halberd from storage
[10:38:17] > Akirupie added x1 §x§5§9§A§1§D§9§lA§x§7§1§A§E§D§Er§x§8§8§B§C§E§4c§x§A§0§C§9§E§9h§x§B§8§D§7§E§Fa§x§D§0§E§4§F§4n§x§E§7§F§2§F§Ag§fe§x§E§3§E§F§F§9l §x§A§C§D§0§E§CM§x§9§0§C§0§E§6a§x§7§5§B§1§D§Fc§x§5§9§A§1§D§9e in auction for 5500000.
[10:48:50] > Zen0969 added x5 §x§9§8§6§3§E§7§lG§x§9§0§7§5§E§2§lo§x§8§8§8§7§D§D§ld§x§8§0§9§9§D§8§ll§x§7§7§A§C§D§4§ly §x§6§7§D§0§C§A§lC§x§5§F§E§2§C§5§lr§x§6§7§D§0§C§A§la§x§6§F§B§E§C§F§lt§x§7§7§A§C§D§4§le §x§8§8§8§7§D§D§lK§x§9§0§7§5§E§2§le§x§9§8§6§3§E§7§ly in auction for 1000000.
[10:48:59] > Akirupie buy x5 §x§9§8§6§3§E§7§lG§x§9§0§7§5§E§2§lo§x§8§8§8§7§D§D§ld§x§8§0§9§9§D§8§ll§x§7§7§A§C§D§4§ly §x§6§7§D§0§C§A§lC§x§5§F§E§2§C§5§lr§x§6§7§D§0§C§A§la§x§6§F§B§E§C§F§lt§x§7§7§A§C§D§4§le §x§8§8§8§7§D§D§lK§x§9§0§7§5§E§2§le§x§9§8§6§3§E§7§ly to Zen0969 for $1 000 000.
[10:50:18] > Zen0969 added x1 §x§E§5§1§B§1§B§lDracula Hoe in auction for 500000.
[10:50:19] > Zypher_0w0 added x1 §x§9§8§6§3§E§7§lG§x§9§0§7§5§E§2§lo§x§8§8§8§7§D§D§ld§x§8§0§9§9§D§8§ll§x§7§7§A§C§D§4§ly §x§6§7§D§0§C§A§lC§x§5§F§E§2§C§5§lr§x§6§7§D§0§C§A§la§x§6§F§B§E§C§F§lt§x§7§7§A§C§D§4§le §x§8§8§8§7§D§D§lK§x§9§0§7§5§E§2§le§x§9§8§6§3§E§7§ly in auction for 999999.
[10:50:26] > Zen0969 added x1 §x§E§5§1§B§1§B§lDracula Shield in auction for 300000.
[10:50:43] > Zen0969 added x1 §x§F§F§7§C§0§0§lSteamsparks Battle Axe in auction for 700000.
[10:51:13] > Zen0969 added x1 §x§E§5§1§B§1§B§lDracula Shovel in auction for 400000.
[10:51:21] > Zen0969 added x1 §x§F§F§7§C§0§0§lSteamsparks Shovel in auction for 600000.
[10:51:22] > Akirupie remove x1 §x§F§0§7§A§5§4§lZombie Apocalyptic Pistol from storage
[10:51:32] > Zen0969 added x1 §x§F§F§7§C§0§0§lSteamsparks Spear in auction for 500000.
[10:51:38] > Zen0969 added x1 §x§E§5§1§B§1§B§lDracula Blade in auction for 400000.
[10:51:41] > Akirupie added x1 §f§l§x§8§A§0§0§F§FS§x§9§8§0§0§D§Dh§x§A§6§0§0§B§Bi§x§B§4§0§0§9§9n§x§C§2§0§0§7§7e§x§D§0§0§0§5§5 §x§D§E§0§0§3§3O§x§E§C§0§0§1§1ni§x§D§E§0§0§3§3 §x§D§0§0§0§5§5S§x§C§2§0§0§7§7h§x§B§4§0§0§9§9i§x§A§6§0§0§B§Be§x§9§8§0§0§D§Dl§x§8§A§0§0§F§Fd in auction for 4000000.
[10:51:45] > Zen0969 added x1 §x§E§5§1§B§1§B§lDracula Dagger in auction for 400000.
[10:51:48] > Zen0969 buy x1 §f§l§x§8§A§0§0§F§FS§x§9§8§0§0§D§Dh§x§A§6§0§0§B§Bi§x§B§4§0§0§9§9n§x§C§2§0§0§7§7e§x§D§0§0§0§5§5 §x§D§E§0§0§3§3O§x§E§C§0§0§1§1ni§x§D§E§0§0§3§3 §x§D§0§0§0§5§5S§x§C§2§0§0§7§7h§x§B§4§0§0§9§9i§x§A§6§0§0§B§Be§x§9§8§0§0§D§Dl§x§8§A§0§0§F§Fd to Akirupie for $4 000 000.
[10:52:28] > Zen0969 remove x1 Villager spawn egg from storage
[10:52:30] > Zen0969 remove x1 §x§5§9§A§1§D§9§lA§x§7§1§A§E§D§Er§x§8§8§B§C§E§4c§x§A§0§C§9§E§9h§x§B§8§D§7§E§Fa§x§D§0§E§4§F§4n§x§E§7§F§2§F§Ag§fe§x§E§7§F§2§F§Al §x§B§8§D§7§E§FW§x§A§0§C§9§E§9i§x§8§8§B§C§E§4n§x§7§1§A§E§D§Eg§x§5§9§A§1§D§9s from storage
[10:52:35] > Zen0969 added x1 §f§l§x§F§C§D§0§5§CW§x§F§B§A§D§4§Du§x§F§9§8§B§3§Dk§x§F§8§6§8§2§Eo§x§F§6§4§5§1§Fn§x§F§5§2§3§0§Fg§x§F§3§0§0§0§0 §x§F§5§2§3§0§FS§x§F§6§4§5§1§Fh§x§F§8§6§8§2§Eo§x§F§9§8§B§3§Dv§x§F§B§A§D§4§De§x§F§C§D§0§5§Cl in auction for 300000.
[10:52:53] > Zen0969 added x1 §x§F§F§7§C§0§0§lSteamsparks Hat in auction for 700000.
[10:53:06] > Zen0969 remove x1 §x§E§5§1§B§1§B§lDracula Shovel form storage
[10:53:06] > Zen0969 remove x1 §x§F§F§7§C§0§0§lSteamsparks Battle Axe form storage
[10:53:06] > Zen0969 remove x1 §x§F§F§7§C§0§0§lSteamsparks Shovel form storage
[10:53:06] > Zen0969 remove x1 §x§E§5§1§B§1§B§lDracula Blade form storage
[10:53:06] > Zen0969 remove x1 §x§E§5§1§B§1§B§lDracula Hoe form storage
[10:53:06] > Zen0969 remove x1 §x§F§F§7§C§0§0§lSteamsparks Hat form storage
[10:53:06] > Zen0969 remove x1 §x§E§5§1§B§1§B§lDracula Dagger form storage
[10:53:06] > Zen0969 remove x1 §f§l§x§F§C§D§0§5§CW§x§F§B§A§D§4§Du§x§F§9§8§B§3§Dk§x§F§8§6§8§2§Eo§x§F§6§4§5§1§Fn§x§F§5§2§3§0§Fg§x§F§3§0§0§0§0 §x§F§5§2§3§0§FS§x§F§6§4§5§1§Fh§x§F§8§6§8§2§Eo§x§F§9§8§B§3§Dv§x§F§B§A§D§4§De§x§F§C§D§0§5§Cl form storage
[10:53:06] > Zen0969 remove x1 §x§E§5§1§B§1§B§lDracula Shield form storage
[10:53:06] > Zen0969 remove x1 §x§F§F§7§C§0§0§lSteamsparks Spear form storage
[10:53:21] > Zen0969 added x1 §x§F§F§7§C§0§0§lSteamsparks Shield in auction for 100000.
[10:53:22] > Zypher_0w0 added x64 Iron block in auction for 3840.
[10:53:33] > .Kenku1001 buy x64 Iron block to Zypher_0w0 for $3 840.
[10:53:37] > Zen0969 added x1 §x§E§5§1§B§1§B§lDracula Hoe in auction for 200000.
[10:53:42] > Zen0969 added x1 §x§E§5§1§B§1§B§lDracula Shield in auction for 100000.
[10:53:48] > Zypher_0w0 added x64 Iron block in auction for 3840.
[10:53:50] > antheslouch added x64 Iron block in auction for 3840.
[10:53:58] > antheslouch added x64 Iron block in auction for 3840.
[10:54:02] > ParkourDisaster buy x64 Iron block to antheslouch for $3 840.
[10:54:05] > ParkourDisaster buy x64 Iron block to Zypher_0w0 for $3 840.
[10:54:07] > antheslouch added x64 Iron block in auction for 3840.
[10:54:10] > ParkourDisaster buy x64 Iron block to antheslouch for $3 840.
[10:54:13] > ParkourDisaster buy x64 Iron block to antheslouch for $3 840.
[10:54:13] > antheslouch added x64 Iron block in auction for 3840.
[10:54:20] > antheslouch added x64 Iron block in auction for 3840.
[10:54:27] > antheslouch added x64 Iron block in auction for 3840.
[10:54:27] > .Kenku1001 buy x64 Iron block to antheslouch for $3 840.
[10:54:35] > .Kenku1001 buy x64 Iron block to antheslouch for $3 840.
[10:54:42] > .Kenku1001 buy x64 Iron block to antheslouch for $3 840.
[10:54:42] > antheslouch added x64 Iron block in auction for 3840.
[10:54:44] > Zen0969 added x1 §x§E§5§1§B§1§B§lDracula Blade in auction for 600000.
[10:54:48] > antheslouch added x64 Iron block in auction for 3840.
[10:54:49] > Zen0969 added x1 §x§E§5§1§B§1§B§lDracula Dagger in auction for 600000.
[10:54:52] > .Kenku1001 buy x64 Iron block to antheslouch for $3 840.
[10:55:03] > Zen0969 added x1 §x§F§F§7§C§0§0§lSteamsparks Spear in auction for 500000.
[10:55:09] > Zen0969 added x1 §f§l§x§F§C§D§0§5§CW§x§F§B§A§D§4§Du§x§F§9§8§B§3§Dk§x§F§8§6§8§2§Eo§x§F§6§4§5§1§Fn§x§F§5§2§3§0§Fg§x§F§3§0§0§0§0 §x§F§5§2§3§0§FS§x§F§6§4§5§1§Fh§x§F§8§6§8§2§Eo§x§F§9§8§B§3§Dv§x§F§B§A§D§4§De§x§F§C§D§0§5§Cl in auction for 300000.
[10:55:10] > .Kenku1001 buy x64 Iron block to antheslouch for $3 840.
[10:55:16] > Zen0969 added x1 §x§F§F§7§C§0§0§lSteamsparks Shovel in auction for 300000.
[10:55:24] > Zen0969 added x1 §x§F§F§7§C§0§0§lSteamsparks Battle Axe in auction for 700000.
[10:55:57] > Zen0969 added x1 §x§E§5§1§B§1§B§lDracula Shovel in auction for 200000.
[10:56:30] > .Kenku1001 added x3 §x§5§C§C§F§F§C§lC§x§5§C§D§1§F§5§lo§x§5§D§D§4§E§E§ls§x§5§D§D§6§E§7§lm§x§5§E§D§9§E§1§le§x§5§E§D§B§D§A§lt§x§5§E§D§D§D§3§li§x§5§F§E§0§C§C§lc §x§5§F§E§0§C§C§lH§x§5§E§D§D§D§3§la§x§5§E§D§B§D§A§lt§x§5§E§D§9§E§1§ls §x§5§D§D§4§E§E§lK§x§5§C§D§1§F§5§le§x§5§C§C§F§F§C§ly in auction for 200000.
[10:56:55] > .Kenku1001 added x1 §x§9§8§6§3§E§7§lG§x§9§0§7§5§E§2§lo§x§8§8§8§7§D§D§ld§x§8§0§9§9§D§8§ll§x§7§7§A§C§D§4§ly §x§6§7§D§0§C§A§lC§x§5§F§E§2§C§5§lr§x§6§7§D§0§C§A§la§x§6§F§B§E§C§F§lt§x§7§7§A§C§D§4§le §x§8§8§8§7§D§D§lK§x§9§0§7§5§E§2§le§x§9§8§6§3§E§7§ly in auction for 120000.
[10:57:01] > Drpeckles buy x1 §x§9§8§6§3§E§7§lG§x§9§0§7§5§E§2§lo§x§8§8§8§7§D§D§ld§x§8§0§9§9§D§8§ll§x§7§7§A§C§D§4§ly §x§6§7§D§0§C§A§lC§x§5§F§E§2§C§5§lr§x§6§7§D§0§C§A§la§x§6§F§B§E§C§F§lt§x§7§7§A§C§D§4§le §x§8§8§8§7§D§D§lK§x§9§0§7§5§E§2§le§x§9§8§6§3§E§7§ly to .Kenku1001 for $120 000.
[10:57:03] > Zen0969 buy x3 §x§5§C§C§F§F§C§lC§x§5§C§D§1§F§5§lo§x§5§D§D§4§E§E§ls§x§5§D§D§6§E§7§lm§x§5§E§D§9§E§1§le§x§5§E§D§B§D§A§lt§x§5§E§D§D§D§3§li§x§5§F§E§0§C§C§lc §x§5§F§E§0§C§C§lH§x§5§E§D§D§D§3§la§x§5§E§D§B§D§A§lt§x§5§E§D§9§E§1§ls §x§5§D§D§4§E§E§lK§x§5§C§D§1§F§5§le§x§5§C§C§F§F§C§ly to .Kenku1001 for $200 000.
[10:58:13] > HEYkay27 added x5 §x§F§C§9§0§5§C§lE§x§E§6§9§C§6§B§lp§x§C§F§A§7§7§A§li§x§B§9§B§3§8§9§lc §x§8§C§C§B§A§7§lC§x§7§5§D§6§B§6§lr§x§5§F§E§2§C§5§la§x§7§9§D§4§B§4§lt§x§9§3§C§7§A§2§le §x§C§8§A§B§7§F§lK§x§E§2§9§E§6§E§le§x§F§C§9§0§5§C§ly in auction for 500000.
[10:58:53] > .Kenku1001 buy x1 §x§6§0§0§0§F§F§lɢᴏᴅʟʏ ɪᴛᴇᴍ to Kwienn for $300 000.
[10:59:37] > Akirupie added x1 §fBumble Bee Hat in auction for 500000.
[10:59:47] > Akirupie remove x1 §fBumble Bee Hat from storage
[10:59:52] > Drpeckles buy x1 Enchanted book to HPMR_GaMerz for $500 000.
[11:00:20] > .Kenku1001 buy x1 §eʙʟᴀᴢᴇ sᴘᴀᴡɴᴇʀ to koshie for $250 000.
[11:01:02] > Akirupie added x1 §x§F§0§7§A§5§4§lZombie Apocalyptic Pistol in auction for 200000.
[11:01:37] > HEYkay27 added x1 §eᴄʀᴇᴇᴘᴇʀ sᴘᴀᴡɴᴇʀ in auction for 600000.
[11:03:06] > Zypher_0w0 remove x1 §x§9§8§6§3§E§7§lG§x§9§0§7§5§E§2§lo§x§8§8§8§7§D§D§ld§x§8§0§9§9§D§8§ll§x§7§7§A§C§D§4§ly §x§6§7§D§0§C§A§lC§x§5§F§E§2§C§5§lr§x§6§7§D§0§C§A§la§x§6§F§B§E§C§F§lt§x§7§7§A§C§D§4§le §x§8§8§8§7§D§D§lK§x§9§0§7§5§E§2§le§x§9§8§6§3§E§7§ly from storage
[11:03:21] > Zypher_0w0 added x1 §x§9§8§6§3§E§7§lG§x§9§0§7§5§E§2§lo§x§8§8§8§7§D§D§ld§x§8§0§9§9§D§8§ll§x§7§7§A§C§D§4§ly §x§6§7§D§0§C§A§lC§x§5§F§E§2§C§5§lr§x§6§7§D§0§C§A§la§x§6§F§B§E§C§F§lt§x§7§7§A§C§D§4§le §x§8§8§8§7§D§D§lK§x§9§0§7§5§E§2§le§x§9§8§6§3§E§7§ly in auction for 300000.
[11:03:26] > Drpeckles buy x1 §x§9§8§6§3§E§7§lG§x§9§0§7§5§E§2§lo§x§8§8§8§7§D§D§ld§x§8§0§9§9§D§8§ll§x§7§7§A§C§D§4§ly §x§6§7§D§0§C§A§lC§x§5§F§E§2§C§5§lr§x§6§7§D§0§C§A§la§x§6§F§B§E§C§F§lt§x§7§7§A§C§D§4§le §x§8§8§8§7§D§D§lK§x§9§0§7§5§E§2§le§x§9§8§6§3§E§7§ly to Zypher_0w0 for $300 000.
[11:04:42] > Teshii added x1 §x§9§8§6§3§E§7§lG§x§9§0§7§5§E§2§lo§x§8§8§8§7§D§D§ld§x§8§0§9§9§D§8§ll§x§7§7§A§C§D§4§ly §x§6§7§D§0§C§A§lC§x§5§F§E§2§C§5§lr§x§6§7§D§0§C§A§la§x§6§F§B§E§C§F§lt§x§7§7§A§C§D§4§le §x§8§8§8§7§D§D§lK§x§9§0§7§5§E§2§le§x§9§8§6§3§E§7§ly in auction for 300000.
[11:04:44] > Akirupie buy x1 §x§9§8§6§3§E§7§lG§x§9§0§7§5§E§2§lo§x§8§8§8§7§D§D§ld§x§8§0§9§9§D§8§ll§x§7§7§A§C§D§4§ly §x§6§7§D§0§C§A§lC§x§5§F§E§2§C§5§lr§x§6§7§D§0§C§A§la§x§6§F§B§E§C§F§lt§x§7§7§A§C§D§4§le §x§8§8§8§7§D§D§lK§x§9§0§7§5§E§2§le§x§9§8§6§3§E§7§ly to Teshii for $300 000.
[11:04:49] > Teshii added x1 §x§9§8§6§3§E§7§lG§x§9§0§7§5§E§2§lo§x§8§8§8§7§D§D§ld§x§8§0§9§9§D§8§ll§x§7§7§A§C§D§4§ly §x§6§7§D§0§C§A§lC§x§5§F§E§2§C§5§lr§x§6§7§D§0§C§A§la§x§6§F§B§E§C§F§lt§x§7§7§A§C§D§4§le §x§8§8§8§7§D§D§lK§x§9§0§7§5§E§2§le§x§9§8§6§3§E§7§ly in auction for 300000.
[11:04:53] > Drpeckles buy x1 §x§9§8§6§3§E§7§lG§x§9§0§7§5§E§2§lo§x§8§8§8§7§D§D§ld§x§8§0§9§9§D§8§ll§x§7§7§A§C§D§4§ly §x§6§7§D§0§C§A§lC§x§5§F§E§2§C§5§lr§x§6§7§D§0§C§A§la§x§6§F§B§E§C§F§lt§x§7§7§A§C§D§4§le §x§8§8§8§7§D§D§lK§x§9§0§7§5§E§2§le§x§9§8§6§3§E§7§ly to Teshii for $300 000.
[11:04:56] > Teshii added x1 §x§9§8§6§3§E§7§lG§x§9§0§7§5§E§2§lo§x§8§8§8§7§D§D§ld§x§8§0§9§9§D§8§ll§x§7§7§A§C§D§4§ly §x§6§7§D§0§C§A§lC§x§5§F§E§2§C§5§lr§x§6§7§D§0§C§A§la§x§6§F§B§E§C§F§lt§x§7§7§A§C§D§4§le §x§8§8§8§7§D§D§lK§x§9§0§7§5§E§2§le§x§9§8§6§3§E§7§ly in auction for 300000.
[11:04:57] > Akirupie buy x1 §x§9§8§6§3§E§7§lG§x§9§0§7§5§E§2§lo§x§8§8§8§7§D§D§ld§x§8§0§9§9§D§8§ll§x§7§7§A§C§D§4§ly §x§6§7§D§0§C§A§lC§x§5§F§E§2§C§5§lr§x§6§7§D§0§C§A§la§x§6§F§B§E§C§F§lt§x§7§7§A§C§D§4§le §x§8§8§8§7§D§D§lK§x§9§0§7§5§E§2§le§x§9§8§6§3§E§7§ly to Teshii for $300 000.
[11:06:41] > Akirupie remove x1 §f§l§x§F§C§D§0§5§CW§x§F§B§B§0§4§Eu§x§F§9§9§0§4§0k§x§F§8§7§0§3§2o§x§F§6§5§0§2§3n§x§F§5§3§0§1§5g§x§F§4§1§0§0§7 H§x§F§5§3§0§1§5a§x§F§6§5§0§2§3l§x§F§8§7§0§3§2b§x§F§9§9§0§4§0e§x§F§B§B§0§4§Er§x§F§C§D§0§5§Cd from storage
[11:06:54] > Akirupie added x1 §f§l§x§F§C§D§0§5§CW§x§F§B§B§0§4§Eu§x§F§9§9§0§4§0k§x§F§8§7§0§3§2o§x§F§6§5§0§2§3n§x§F§5§3§0§1§5g§x§F§4§1§0§0§7 H§x§F§5§3§0§1§5a§x§F§6§5§0§2§3l§x§F§8§7§0§3§2b§x§F§9§9§0§4§0e§x§F§B§B§0§4§Er§x§F§C§D§0§5§Cd in auction for 1500000.
[11:07:34] > Teshii added x14 §x§F§C§9§0§5§C§lE§x§E§6§9§C§6§B§lp§x§C§F§A§7§7§A§li§x§B§9§B§3§8§9§lc §x§8§C§C§B§A§7§lC§x§7§5§D§6§B§6§lr§x§5§F§E§2§C§5§la§x§7§9§D§4§B§4§lt§x§9§3§C§7§A§2§le §x§C§8§A§B§7§F§lK§x§E§2§9§E§6§E§le§x§F§C§9§0§5§C§ly in auction for 1000000.
[11:07:44] > Teshii added x1 §x§C§9§A§7§F§C§lL§x§B§D§A§E§F§6§le§x§B§1§B§4§F§0§lg§x§A§6§B§B§E§A§le§x§9§A§C§1§E§4§ln§x§8§E§C§8§D§D§ld§x§8§2§C§E§D§7§la§x§7§7§D§5§D§1§lr§x§6§B§D§B§C§B§ly §x§6§B§D§B§C§B§lC§x§7§7§D§5§D§1§lr§x§8§2§C§E§D§7§la§x§8§E§C§8§D§D§lt§x§9§A§C§1§E§4§le §x§B§1§B§4§F§0§lK§x§B§D§A§E§F§6§le§x§C§9§A§7§F§C§ly in auction for 250000.
[11:09:00] > Zypher_0w0 added x64 Wither skeleton skull in auction for 256000.
[11:09:25] > Akirupie buy x64 Wither skeleton skull to Zypher_0w0 for $256 000.
[11:10:31] > Teshii added x1 §x§F§F§7§C§0§0§lSteamsparks Bow in auction for 300000.
[11:10:41] > Teshii added x1 §x§F§F§7§C§0§0§lSteamsparks Spear in auction for 300000.
[11:10:56] > Teshii remove x1 §x§F§0§7§A§5§4§lZombie Apocalyptic Dagger from storage
[11:11:03] > Teshii added x1 §x§F§F§7§C§0§0§lSteamsparks Chestplate in auction for 500000.
[11:13:51] > koshie added x1 §x§F§F§3§E§0§0§lD§x§F§F§3§5§0§0§le§x§F§F§2§C§0§0§lm§x§F§F§2§3§0§0§lo§x§F§F§1§B§0§0§ln §x§F§F§0§9§0§0§lL§x§F§F§0§0§0§0§lo§x§F§F§0§A§0§0§lr§x§F§F§1§5§0§0§ld §x§F§F§2§9§0§0§lH§x§F§F§3§4§0§0§lo§x§F§F§3§E§0§0§le in auction for 150000.
[11:14:38] > Zypher_0w0 added x1 /pwarp go TotemTrade (3k per totem) in auction for 10000000.
[11:16:36] > Zypher_0w0 buy x1 §eᴢᴏᴍʙɪᴇ sᴘᴀᴡɴᴇʀ to koshie for $250 000.
[11:23:45] > .Kenku1001 added x1 §x§F§F§3§E§0§0§lD§x§F§F§3§8§0§0§le§x§F§F§3§2§0§0§lm§x§F§F§2§B§0§0§lo§x§F§F§2§5§0§0§ln §x§F§F§1§9§0§0§lL§x§F§F§1§3§0§0§lo§x§F§F§0§C§0§0§lr§x§F§F§0§6§0§0§ld §x§F§F§0§7§0§0§lC§x§F§F§0§E§0§0§lh§x§F§F§1§5§0§0§le§x§F§F§1§C§0§0§ls§x§F§F§2§2§0§0§lp§x§F§F§2§9§0§0§ll§x§F§F§3§0§0§0§la§x§F§F§3§7§0§0§lt§x§F§F§3§E§0§0§le in auction for 150000.
[11:23:57] > .Kenku1001 added x1 §x§F§0§7§A§5§4§lZombie Apocalyptic Big Axe in auction for 100000.
[11:30:40] > azi added x1 §x§F§F§7§C§0§0§lSteamsparks Shield in auction for 650000.
[11:31:06] > azi added x1 §x§F§F§3§E§0§0§lD§x§F§F§3§7§0§0§le§x§F§F§3§0§0§0§lm§x§F§F§2§9§0§0§lo§x§F§F§2§2§0§0§ln §x§F§F§1§5§0§0§lL§x§F§F§0§E§0§0§lo§x§F§F§0§7§0§0§lr§x§F§F§0§0§0§0§ld §x§F§F§0§E§0§0§lF§x§F§F§1§5§0§0§lr§x§F§F§1§C§0§0§la§x§F§F§2§2§0§0§lg§x§F§F§2§9§0§0§lm§x§F§F§3§0§0§0§le§x§F§F§3§7§0§0§ln§x§F§F§3§E§0§0§lt in auction for 200000.
[11:31:17] > koshie buy x1 §x§F§F§3§E§0§0§lD§x§F§F§3§7§0§0§le§x§F§F§3§0§0§0§lm§x§F§F§2§9§0§0§lo§x§F§F§2§2§0§0§ln §x§F§F§1§5§0§0§lL§x§F§F§0§E§0§0§lo§x§F§F§0§7§0§0§lr§x§F§F§0§0§0§0§ld §x§F§F§0§E§0§0§lF§x§F§F§1§5§0§0§lr§x§F§F§1§C§0§0§la§x§F§F§2§2§0§0§lg§x§F§F§2§9§0§0§lm§x§F§F§3§0§0§0§le§x§F§F§3§7§0§0§ln§x§F§F§3§E§0§0§lt to azi for $200 000.
[11:31:30] > Seris00 buy x1 §x§F§F§7§C§0§0§lSteamsparks Shield to Zen0969 for $100 000.
[11:32:03] > Teshii added x1 §x§F§F§3§E§0§0§lD§x§F§F§3§7§0§0§le§x§F§F§3§0§0§0§lm§x§F§F§2§9§0§0§lo§x§F§F§2§2§0§0§ln §x§F§F§1§5§0§0§lL§x§F§F§0§E§0§0§lo§x§F§F§0§7§0§0§lr§x§F§F§0§0§0§0§ld §x§F§F§0§E§0§0§lF§x§F§F§1§5§0§0§lr§x§F§F§1§C§0§0§la§x§F§F§2§2§0§0§lg§x§F§F§2§9§0§0§lm§x§F§F§3§0§0§0§le§x§F§F§3§7§0§0§ln§x§F§F§3§E§0§0§lt in auction for 200000.
[11:33:04] > Akirupie added x1 §x§C§9§A§7§F§C§lL§x§B§D§A§E§F§6§le§x§B§1§B§4§F§0§lg§x§A§6§B§B§E§A§le§x§9§A§C§1§E§4§ln§x§8§E§C§8§D§D§ld§x§8§2§C§E§D§7§la§x§7§7§D§5§D§1§lr§x§6§B§D§B§C§B§ly §x§6§B§D§B§C§B§lC§x§7§7§D§5§D§1§lr§x§8§2§C§E§D§7§la§x§8§E§C§8§D§D§lt§x§9§A§C§1§E§4§le §x§B§1§B§4§F§0§lK§x§B§D§A§E§F§6§le§x§C§9§A§7§F§C§ly in auction for 200000.
[11:33:32] > koshie added x1 §x§F§F§3§E§0§0§lD§x§F§F§3§6§0§0§le§x§F§F§2§F§0§0§lm§x§F§F§2§7§0§0§lo§x§F§F§1§F§0§0§ln §x§F§F§1§0§0§0§lL§x§F§F§0§8§0§0§lo§x§F§F§0§0§0§0§lr§x§F§F§0§9§0§0§ld §x§F§F§1§B§0§0§lS§x§F§F§2§3§0§0§lp§x§F§F§2§C§0§0§le§x§F§F§3§5§0§0§la§x§F§F§3§E§0§0§lr in auction for 200000.
[11:34:06] > Teshii remove x1 §x§C§9§A§7§F§C§lL§x§B§D§A§E§F§6§le§x§B§1§B§4§F§0§lg§x§A§6§B§B§E§A§le§x§9§A§C§1§E§4§ln§x§8§E§C§8§D§D§ld§x§8§2§C§E§D§7§la§x§7§7§D§5§D§1§lr§x§6§B§D§B§C§B§ly §x§6§B§D§B§C§B§lC§x§7§7§D§5§D§1§lr§x§8§2§C§E§D§7§la§x§8§E§C§8§D§D§lt§x§9§A§C§1§E§4§le §x§B§1§B§4§F§0§lK§x§B§D§A§E§F§6§le§x§C§9§A§7§F§C§ly from storage
[11:34:16] > Teshii remove x14 §x§F§C§9§0§5§C§lE§x§E§6§9§C§6§B§lp§x§C§F§A§7§7§A§li§x§B§9§B§3§8§9§lc §x§8§C§C§B§A§7§lC§x§7§5§D§6§B§6§lr§x§5§F§E§2§C§5§la§x§7§9§D§4§B§4§lt§x§9§3§C§7§A§2§le §x§C§8§A§B§7§F§lK§x§E§2§9§E§6§E§le§x§F§C§9§0§5§C§ly from storage
[11:34:22] > Teshii added x7 Wither skeleton skull in auction for 350000.
[11:34:36] > Teshii added x14 §x§F§C§9§0§5§C§lE§x§E§6§9§C§6§B§lp§x§C§F§A§7§7§A§li§x§B§9§B§3§8§9§lc §x§8§C§C§B§A§7§lC§x§7§5§D§6§B§6§lr§x§5§F§E§2§C§5§la§x§7§9§D§4§B§4§lt§x§9§3§C§7§A§2§le §x§C§8§A§B§7§F§lK§x§E§2§9§E§6§E§le§x§F§C§9§0§5§C§ly in auction for 700000.
[11:42:49] > Akirupie remove x1 §x§C§9§A§7§F§C§lL§x§B§D§A§E§F§6§le§x§B§1§B§4§F§0§lg§x§A§6§B§B§E§A§le§x§9§A§C§1§E§4§ln§x§8§E§C§8§D§D§ld§x§8§2§C§E§D§7§la§x§7§7§D§5§D§1§lr§x§6§B§D§B§C§B§ly §x§6§B§D§B§C§B§lC§x§7§7§D§5§D§1§lr§x§8§2§C§E§D§7§la§x§8§E§C§8§D§D§lt§x§9§A§C§1§E§4§le §x§B§1§B§4§F§0§lK§x§B§D§A§E§F§6§le§x§C§9§A§7§F§C§ly from storage
[12:06:50] > Acon1te_0w0 buy x14 §x§F§C§9§0§5§C§lE§x§E§6§9§C§6§B§lp§x§C§F§A§7§7§A§li§x§B§9§B§3§8§9§lc §x§8§C§C§B§A§7§lC§x§7§5§D§6§B§6§lr§x§5§F§E§2§C§5§la§x§7§9§D§4§B§4§lt§x§9§3§C§7§A§2§le §x§C§8§A§B§7§F§lK§x§E§2§9§E§6§E§le§x§F§C§9§0§5§C§ly to Teshii for $700 000.
[12:26:17] > Zypher_0w0 added x64 Sand in auction for 640.
[12:26:23] > koshie buy x64 Sand to Zypher_0w0 for $640.
[12:41:35] > koshie added x1 §eʙʟᴀᴢᴇ sᴘᴀᴡɴᴇʀ in auction for 250000.
[12:41:50] > koshie remove x9 §x§F§C§9§0§5§C§lE§x§E§6§9§C§6§B§lp§x§C§F§A§7§7§A§li§x§B§9§B§3§8§9§lc §x§8§C§C§B§A§7§lC§x§7§5§D§6§B§6§lr§x§5§F§E§2§C§5§la§x§7§9§D§4§B§4§lt§x§9§3§C§7§A§2§le §x§C§8§A§B§7§F§lK§x§E§2§9§E§6§E§le§x§F§C§9§0§5§C§ly from storage
[12:41:57] > koshie added x1 §eᴡɪᴛʜᴇʀ ꜱᴋᴇʟᴇᴛᴏɴ ꜱᴘᴀᴡɴᴇʀ in auction for 250000.
[12:42:24] > Acon1te_0w0 buy x1 §fBumble Bee Hat to PrezXie for $120 000.
[12:44:14] > antheslouch added x1 §x§F§F§5§5§0§0§lsᴇʟʟᴡᴀɴᴅ §6- 5.0x in auction for 400000.
[12:44:20] > Zypher_0w0 buy x1 §x§F§F§5§5§0§0§lsᴇʟʟᴡᴀɴᴅ §6- 5.0x to antheslouch for $400 000.
[12:44:40] > Zypher_0w0 buy x1 §eᴡɪᴛʜᴇʀ ꜱᴋᴇʟᴇᴛᴏɴ ꜱᴘᴀᴡɴᴇʀ to koshie for $250 000.
[12:48:16] > TostyZura added x1 §x§F§F§5§5§0§0§lsᴇʟʟᴡᴀɴᴅ §6- 5.0x in auction for 300000.
[12:48:19] > Teshii buy x1 §x§F§F§5§5§0§0§lsᴇʟʟᴡᴀɴᴅ §6- 5.0x to TostyZura for $300 000.
[12:49:06] > Teshii added x1 §x§F§F§5§5§0§0§lsᴇʟʟᴡᴀɴᴅ §6- 5.0x in auction for 500000.
[12:49:11] > Drpeckles buy x1 §x§F§F§5§5§0§0§lsᴇʟʟᴡᴀɴᴅ §6- 5.0x to Teshii for $500 000.
[12:49:26] > TostyZura added x1 §eMummy Hat in auction for 50000.
[12:51:45] > TostyZura added x7 §x§F§C§9§0§5§C§lE§x§E§6§9§C§6§B§lp§x§C§F§A§7§7§A§li§x§B§9§B§3§8§9§lc §x§8§C§C§B§A§7§lC§x§7§5§D§6§B§6§lr§x§5§F§E§2§C§5§la§x§7§9§D§4§B§4§lt§x§9§3§C§7§A§2§le §x§C§8§A§B§7§F§lK§x§E§2§9§E§6§E§le§x§F§C§9§0§5§C§ly in auction for 250000.
[12:51:51] > antheslouch buy x1 §fHorns to Zypher_0w0 for $300 000.
[12:51:58] > Akirupie buy x7 §x§F§C§9§0§5§C§lE§x§E§6§9§C§6§B§lp§x§C§F§A§7§7§A§li§x§B§9§B§3§8§9§lc §x§8§C§C§B§A§7§lC§x§7§5§D§6§B§6§lr§x§5§F§E§2§C§5§la§x§7§9§D§4§B§4§lt§x§9§3§C§7§A§2§le §x§C§8§A§B§7§F§lK§x§E§2§9§E§6§E§le§x§F§C§9§0§5§C§ly to TostyZura for $250 000.
[12:53:08] > TostyZura added x2 §eᴡɪᴛʜᴇʀ ꜱᴋᴇʟᴇᴛᴏɴ ꜱᴘᴀᴡɴᴇʀ in auction for 400000.
[12:53:30] > Lanchan68 buy x5 §x§F§C§9§0§5§C§lE§x§E§6§9§C§6§B§lp§x§C§F§A§7§7§A§li§x§B§9§B§3§8§9§lc §x§8§C§C§B§A§7§lC§x§7§5§D§6§B§6§lr§x§5§F§E§2§C§5§la§x§7§9§D§4§B§4§lt§x§9§3§C§7§A§2§le §x§C§8§A§B§7§F§lK§x§E§2§9§E§6§E§le§x§F§C§9§0§5§C§ly to HEYkay27 for $500 000.
[12:54:08] > TostyZura added x1 §x§F§F§3§E§0§0§lD§x§F§F§3§7§0§0§le§x§F§F§3§0§0§0§lm§x§F§F§2§9§0§0§lo§x§F§F§2§2§0§0§ln §x§F§F§1§5§0§0§lL§x§F§F§0§E§0§0§lo§x§F§F§0§7§0§0§lr§x§F§F§0§0§0§0§ld §x§F§F§0§E§0§0§lF§x§F§F§1§5§0§0§lr§x§F§F§1§C§0§0§la§x§F§F§2§2§0§0§lg§x§F§F§2§9§0§0§lm§x§F§F§3§0§0§0§le§x§F§F§3§7§0§0§ln§x§F§F§3§E§0§0§lt in auction for 100000.
[12:54:23] > TostyZura added x1 §x§F§F§0§0§0§0§lS§x§F§F§1§3§0§0§lh§x§F§F§2§6§0§0§lo§x§F§F§3§9§0§0§lg§x§F§F§4§D§0§0§lu§x§F§F§6§0§0§0§ln §x§F§F§8§6§0§0§lF§x§F§F§7§3§0§0§lr§x§F§F§6§0§0§0§la§x§F§F§4§D§0§0§lg§x§F§F§3§9§0§0§lm§x§F§F§2§6§0§0§le§x§F§F§1§3§0§0§ln§x§F§F§0§0§0§0§lt in auction for 50000.
[12:54:27] > koshie buy x1 §x§F§F§3§E§0§0§lD§x§F§F§3§7§0§0§le§x§F§F§3§0§0§0§lm§x§F§F§2§9§0§0§lo§x§F§F§2§2§0§0§ln §x§F§F§1§5§0§0§lL§x§F§F§0§E§0§0§lo§x§F§F§0§7§0§0§lr§x§F§F§0§0§0§0§ld §x§F§F§0§E§0§0§lF§x§F§F§1§5§0§0§lr§x§F§F§1§C§0§0§la§x§F§F§2§2§0§0§lg§x§F§F§2§9§0§0§lm§x§F§F§3§0§0§0§le§x§F§F§3§7§0§0§ln§x§F§F§3§E§0§0§lt to TostyZura for $100 000.
[12:54:59] > seoyeri added x1 Phantom membrane in auction for 10000.
[13:15:00] > seoyeri added x1 §x§F§C§9§0§5§C§lE§x§E§6§9§C§6§B§lp§x§C§F§A§7§7§A§li§x§B§9§B§3§8§9§lc §x§8§C§C§B§A§7§lC§x§7§5§D§6§B§6§lr§x§5§F§E§2§C§5§la§x§7§9§D§4§B§4§lt§x§9§3§C§7§A§2§le §x§C§8§A§B§7§F§lK§x§E§2§9§E§6§E§le§x§F§C§9§0§5§C§ly in auction for 1000000000.
[13:17:05] > Zypher_0w0 added x64 Wither skeleton skull in auction for 300000.
[13:22:24] > Zypher_0w0 buy x2 §eᴡɪᴛʜᴇʀ ꜱᴋᴇʟᴇᴛᴏɴ ꜱᴘᴀᴡɴᴇʀ to TostyZura for $400 000.
[13:30:55] > Teshii added x32 Fs leg key 10x. Msg Teshii in auction for 10000000000.
[13:34:31] > MrZyrus7228 added x1 §x§F§F§3§E§0§0§lD§x§F§F§3§6§0§0§le§x§F§F§2§F§0§0§lm§x§F§F§2§7§0§0§lo§x§F§F§1§F§0§0§ln §x§F§F§1§0§0§0§lL§x§F§F§0§8§0§0§lo§x§F§F§0§0§0§0§lr§x§F§F§0§8§0§0§ld §x§F§F§1§7§0§0§lS§x§F§F§1§F§0§0§li§x§F§F§2§7§0§0§lc§x§F§F§2§F§0§0§lk§x§F§F§3§6§0§0§ll§x§F§F§3§E§0§0§le in auction for 150000.
[13:35:36] > Akirupie remove x1 §x§E§5§1§B§1§B§lDracula Halberd from storage
[13:35:37] > Akirupie remove x1 §x§F§F§7§C§0§0§lSteamsparks Sword from storage
[13:35:37] > Akirupie remove x1 §x§5§9§A§1§D§9§lA§x§7§1§A§E§D§Er§x§8§8§B§C§E§4c§x§A§0§C§9§E§9h§x§B§8§D§7§E§Fa§x§D§0§E§4§F§4n§x§E§7§F§2§F§Ag§fe§x§E§3§E§F§F§9l §x§A§C§D§0§E§CM§x§9§0§C§0§E§6a§x§7§5§B§1§D§Fc§x§5§9§A§1§D§9e from storage
[13:35:37] > Akirupie remove x1 §x§F§0§7§A§5§4§lZombie Apocalyptic Pistol from storage
[13:35:37] > Akirupie remove x1 §f§l§x§F§C§D§0§5§CW§x§F§B§B§0§4§Eu§x§F§9§9§0§4§0k§x§F§8§7§0§3§2o§x§F§6§5§0§2§3n§x§F§5§3§0§1§5g§x§F§4§1§0§0§7 H§x§F§5§3§0§1§5a§x§F§6§5§0§2§3l§x§F§8§7§0§3§2b§x§F§9§9§0§4§0e§x§F§B§B§0§4§Er§x§F§C§D§0§5§Cd from storage
[13:36:10] > Akirupie added x1 §x§9§8§6§3§E§7§lG§x§9§0§7§5§E§2§lo§x§8§8§8§7§D§D§ld§x§8§0§9§9§D§8§ll§x§7§7§A§C§D§4§ly §x§6§7§D§0§C§A§lC§x§5§F§E§2§C§5§lr§x§6§7§D§0§C§A§la§x§6§F§B§E§C§F§lt§x§7§7§A§C§D§4§le §x§8§8§8§7§D§D§lK§x§9§0§7§5§E§2§le§x§9§8§6§3§E§7§ly in auction for 800000.
[13:37:26] > Akirupie remove x1 §x§9§8§6§3§E§7§lG§x§9§0§7§5§E§2§lo§x§8§8§8§7§D§D§ld§x§8§0§9§9§D§8§ll§x§7§7§A§C§D§4§ly §x§6§7§D§0§C§A§lC§x§5§F§E§2§C§5§lr§x§6§7§D§0§C§A§la§x§6§F§B§E§C§F§lt§x§7§7§A§C§D§4§le §x§8§8§8§7§D§D§lK§x§9§0§7§5§E§2§le§x§9§8§6§3§E§7§ly from storage
[13:37:33] > Zypher_0w0 added x1 SELLWAND - 20 (jk) in auction for 100000.
[13:38:16] > Zypher_0w0 remove x1 SELLWAND - 20 (jk) from storage
[13:38:20] > Zypher_0w0 added x64 Leather in auction for 320.
[13:38:31] > ameeelia buy x64 Leather to Zypher_0w0 for $320.
[13:46:27] > Zenolite_ remove x1 §x§F§0§7§A§5§4§lZombie Apocalyptic Baseballbat form storage
[13:49:17] > BunnyOmatic added x1 §eᴄʀᴇᴇᴘᴇʀ sᴘᴀᴡɴᴇʀ in auction for 800000.
[13:55:05] > BunnyOmatic remove x1 §eᴄʀᴇᴇᴘᴇʀ sᴘᴀᴡɴᴇʀ from storage
[14:07:28] > LootCookie buy x1 §x§F§F§3§E§0§0§lD§x§F§F§3§7§0§0§le§x§F§F§3§0§0§0§lm§x§F§F§2§9§0§0§lo§x§F§F§2§2§0§0§ln §x§F§F§1§5§0§0§lL§x§F§F§0§E§0§0§lo§x§F§F§0§7§0§0§lr§x§F§F§0§0§0§0§ld §x§F§F§0§E§0§0§lF§x§F§F§1§5§0§0§lr§x§F§F§1§C§0§0§la§x§F§F§2§2§0§0§lg§x§F§F§2§9§0§0§lm§x§F§F§3§0§0§0§le§x§F§F§3§7§0§0§ln§x§F§F§3§E§0§0§lt to Teshii for $200 000.
[14:08:40] > Zypher_0w0 added x64 Bone in auction for 10.
[14:08:46] > ameeelia buy x64 Bone to Zypher_0w0 for $10.
[14:10:07] > Zypher_0w0 added x64 Lead in auction for 1600.
[14:10:18] > ameeelia buy x64 Lead to Zypher_0w0 for $1 600.
[14:11:54] > Zypher_0w0 added x64 Coal block in auction for 2500.
[14:12:12] > mauserdart buy x64 Coal block to Zypher_0w0 for $2 500.
[14:19:05] > Zypher_0w0 added x64 Golden carrot in auction for 2000.
[14:19:15] > ameeelia buy x64 Golden carrot to Zypher_0w0 for $2 000.
[14:19:19] > Zypher_0w0 added x64 Golden carrot in auction for 2000.
[14:19:23] > ameeelia buy x64 Golden carrot to Zypher_0w0 for $2 000.
[14:19:29] > Zypher_0w0 added x64 Golden carrot in auction for 2000.
[14:19:34] > koshie buy x64 Golden carrot to Zypher_0w0 for $2 000.
[14:20:01] > Zypher_0w0 added x64 Enchanted golden apple in auction for 250000.
[14:22:25] > Zypher_0w0 remove x1 /pwarp go TotemTrade (3k per totem) from storage
[14:22:35] > Zypher_0w0 added x1 §x§E§3§A§F§4§F§lʟᴇɢᴇɴᴅᴀʀʏ ɪᴛᴇᴍ in auction for 350000.
[14:23:13] > Zypher_0w0 remove x1 §aCthulhu from storage
[14:23:34] > Zypher_0w0 added x1 §x§6§0§0§0§F§F§lɢᴏᴅʟʏ ɪᴛᴇᴍ in auction for 350000.
[14:42:01] > TostyZura buy x11 Enchanted golden apple to Zypher_0w0 for $250 000.
[14:45:27] > celinesanrio added x1 §x§F§F§3§E§0§0§lD§x§F§F§3§7§0§0§le§x§F§F§3§0§0§0§lm§x§F§F§2§9§0§0§lo§x§F§F§2§2§0§0§ln §x§F§F§1§5§0§0§lL§x§F§F§0§E§0§0§lo§x§F§F§0§7§0§0§lr§x§F§F§0§0§0§0§ld §x§F§F§0§E§0§0§lF§x§F§F§1§5§0§0§lr§x§F§F§1§C§0§0§la§x§F§F§2§2§0§0§lg§x§F§F§2§9§0§0§lm§x§F§F§3§0§0§0§le§x§F§F§3§7§0§0§ln§x§F§F§3§E§0§0§lt in auction for 250000.
[14:45:33] > celinesanrio added x1 §x§F§F§3§E§0§0§lD§x§F§F§3§7§0§0§le§x§F§F§3§0§0§0§lm§x§F§F§2§9§0§0§lo§x§F§F§2§2§0§0§ln §x§F§F§1§5§0§0§lL§x§F§F§0§E§0§0§lo§x§F§F§0§7§0§0§lr§x§F§F§0§0§0§0§ld §x§F§F§0§E§0§0§lF§x§F§F§1§5§0§0§lr§x§F§F§1§C§0§0§la§x§F§F§2§2§0§0§lg§x§F§F§2§9§0§0§lm§x§F§F§3§0§0§0§le§x§F§F§3§7§0§0§ln§x§F§F§3§E§0§0§lt in auction for 250000.
[14:45:43] > azi added x1 §x§F§F§3§E§0§0§lD§x§F§F§3§7§0§0§le§x§F§F§3§0§0§0§lm§x§F§F§2§9§0§0§lo§x§F§F§2§2§0§0§ln §x§F§F§1§5§0§0§lL§x§F§F§0§E§0§0§lo§x§F§F§0§7§0§0§lr§x§F§F§0§0§0§0§ld §x§F§F§0§E§0§0§lF§x§F§F§1§5§0§0§lr§x§F§F§1§C§0§0§la§x§F§F§2§2§0§0§lg§x§F§F§2§9§0§0§lm§x§F§F§3§0§0§0§le§x§F§F§3§7§0§0§ln§x§F§F§3§E§0§0§lt in auction for 250000.
[14:51:07] > seoyeri added x64 Amethyst shard in auction for 50000.
[14:51:10] > celinesanrio remove x1 Enchanted book from storage
[14:51:11] > celinesanrio remove x1 Enchanted book from storage
[14:51:18] > celinesanrio added x1 Enchanted book in auction for 150000.
[14:51:26] > celinesanrio added x1 Enchanted book in auction for 50000.
[14:51:32] > mauserdart buy x1 Enchanted book to celinesanrio for $50 000.
[14:52:32] > koshie added x1 §x§F§F§3§E§0§0§lD§x§F§F§3§6§0§0§le§x§F§F§2§F§0§0§lm§x§F§F§2§7§0§0§lo§x§F§F§1§F§0§0§ln §x§F§F§1§0§0§0§lL§x§F§F§0§8§0§0§lo§x§F§F§0§0§0§0§lr§x§F§F§0§9§0§0§ld §x§F§F§1§B§0§0§lB§x§F§F§2§3§0§0§lo§x§F§F§2§C§0§0§lo§x§F§F§3§5§0§0§lt§x§F§F§3§E§0§0§ls in auction for 200000.
[14:56:34] > celinesanrio added x1 §x§6§0§0§0§F§F§lɢᴏᴅʟʏ ɪᴛᴇᴍ in auction for 10000000.
[14:57:09] > Teshii added x1 Mace in auction for 1500000.
[15:01:22] > celinesanrio added x1 Shulker box in auction for 100000.
[15:01:35] > PrezXie buy x1 Shulker box to celinesanrio for $100 000.
[15:02:49] > Zypher_0w0 added x1 Enchanted book in auction for 350000.
[15:02:50] > TostyZura added x1 §eᴄʀᴇᴇᴘᴇʀ sᴘᴀᴡɴᴇʀ in auction for 190000.
[15:02:57] > koshie buy x1 §eᴄʀᴇᴇᴘᴇʀ sᴘᴀᴡɴᴇʀ to TostyZura for $190 000.
[15:03:10] > TostyZura added x1 §eᴄʀᴇᴇᴘᴇʀ sᴘᴀᴡɴᴇʀ in auction for 190000.
[15:03:18] > Raylii buy x1 §eᴄʀᴇᴇᴘᴇʀ sᴘᴀᴡɴᴇʀ to TostyZura for $190 000.
[15:03:34] > TostyZura added x1 §f§x§4§1§B§C§4§2D§x§4§5§C§3§5§3r§x§4§9§C§9§6§3o§x§4§D§D§0§7§4w§x§5§1§D§7§8§5n§x§5§6§D§E§9§6e§x§5§A§E§4§A§6d§x§5§E§E§B§B§7 §x§6§2§F§2§C§8H§x§6§6§F§8§D§8a§x§6§A§F§F§E§9t in auction for 80000.
[15:03:56] > celinesanrio remove x1 §x§6§0§0§0§F§F§lɢᴏᴅʟʏ ɪᴛᴇᴍ from storage
[15:04:04] > Zypher_0w0 remove x1 §x§6§0§0§0§F§F§lɢᴏᴅʟʏ ɪᴛᴇᴍ from storage
[15:04:05] > Zypher_0w0 remove x1 §x§E§3§A§F§4§F§lʟᴇɢᴇɴᴅᴀʀʏ ɪᴛᴇᴍ from storage
[15:04:05] > celinesanrio added x1 §x§6§0§0§0§F§F§lɢᴏᴅʟʏ ɪᴛᴇᴍ in auction for 10000000.
[15:04:10] > TostyZura added x1 §eᴄʀᴇᴇᴘᴇʀ sᴘᴀᴡɴᴇʀ in auction for 190000.
[15:04:15] > Zypher_0w0 added x1 Silence armor trim smithing template in auction for 50000.
[15:04:16] > Raylii buy x1 §eᴄʀᴇᴇᴘᴇʀ sᴘᴀᴡɴᴇʀ to TostyZura for $190 000.
[15:04:21] > Zypher_0w0 added x1 Flow armor trim smithing template in auction for 40000.
[15:04:23] > TostyZura added x1 §esᴋᴇʟᴇᴛᴏɴ sᴘᴀᴡɴᴇʀ in auction for 150000.
[15:04:36] > Zypher_0w0 remove x64 Wither skeleton skull from storage
[15:04:38] > Raylii buy x1 §esᴋᴇʟᴇᴛᴏɴ sᴘᴀᴡɴᴇʀ to TostyZura for $150 000.
[15:04:51] > Zypher_0w0 added x4 Resin brick in auction for 20000.
[15:04:51] > mauserdart buy x1 Silence armor trim smithing template to Zypher_0w0 for $50 000.
[15:04:54] > mauserdart buy x1 Flow armor trim smithing template to Zypher_0w0 for $40 000.
[15:05:03] > TostyZura buy x4 Resin brick to Zypher_0w0 for $20 000.
[15:05:30] > TostyZura added x1 §x§F§0§7§A§5§4§lZombie Apocalyptic Sword in auction for 100000.
[15:06:18] > Zypher_0w0 added x1 §x§6§0§0§0§F§F§lɢᴏᴅʟʏ ɪᴛᴇᴍ in auction for 300000.
[15:06:30] > Zypher_0w0 added x1 §x§E§3§A§F§4§F§lʟᴇɢᴇɴᴅᴀʀʏ ɪᴛᴇᴍ in auction for 250000.
[15:06:52] > Teshii remove x32 Fs leg key 10x. Msg Teshii from storage
[15:07:01] > Teshii remove x32 Fs leg key 10x. Msg Teshii from expire
[15:07:19] > mauserdart buy x1 Mace to Teshii for $1 500 000.
[15:07:30] > TostyZura added x5 Heart of the sea in auction for 65000.
[15:07:39] > celinesanrio added x1 §x§6§0§0§0§F§F§lɢᴏᴅʟʏ ɪᴛᴇᴍ in auction for 10000000.
[15:07:50] > koshie remove x1 §x§F§F§3§E§0§0§lD§x§F§F§3§6§0§0§le§x§F§F§2§F§0§0§lm§x§F§F§2§7§0§0§lo§x§F§F§1§F§0§0§ln §x§F§F§1§0§0§0§lL§x§F§F§0§8§0§0§lo§x§F§F§0§0§0§0§lr§x§F§F§0§9§0§0§ld §x§F§F§1§B§0§0§lB§x§F§F§2§3§0§0§lo§x§F§F§2§C§0§0§lo§x§F§F§3§5§0§0§lt§x§F§F§3§E§0§0§ls from storage
[15:09:06] > koshie added x1 §f§l§x§F§C§D§0§5§CW§x§F§B§A§D§4§Du§x§F§9§8§B§3§Dk§x§F§8§6§8§2§Eo§x§F§6§4§5§1§Fn§x§F§5§2§3§0§Fg§x§F§3§0§0§0§0 §x§F§5§2§3§0§FH§x§F§6§4§5§1§Fa§x§F§8§6§8§2§Em§x§F§9§8§B§3§Dm§x§F§B§A§D§4§De§x§F§C§D§0§5§Cr in auction for 2500000.
[15:09:29] > Teshii added x1 §x§F§F§3§E§0§0§lDemon Lord Wings in auction for 2500000.
[15:12:26] > celinesanrio added x58 Cobweb in auction for 58000.
[15:13:45] > Teshii remove x1 §x§F§F§3§E§0§0§lDemon Lord Wings from storage
[15:13:50] > Teshii remove x1 §x§F§F§3§E§0§0§lDemon Lord Wings from expire
[15:14:03] > Teshii added x1 §x§F§F§3§E§0§0§lDemon Lord Wings in auction for 2250000.
[15:28:07] > Acon1te_0w0 buy x1 §x§E§5§1§B§1§B§lDracula Chestplate to Zypher_0w0 for $900 000.
[15:28:14] > Acon1te_0w0 buy x1 §fFlower Crown Hat to Zypher_0w0 for $300 000.
[15:30:11] > Unforce01 buy x1 §x§F§F§3§E§0§0§lD§x§F§F§3§7§0§0§le§x§F§F§3§0§0§0§lm§x§F§F§2§9§0§0§lo§x§F§F§2§2§0§0§ln §x§F§F§1§5§0§0§lL§x§F§F§0§E§0§0§lo§x§F§F§0§7§0§0§lr§x§F§F§0§0§0§0§ld §x§F§F§0§E§0§0§lF§x§F§F§1§5§0§0§lr§x§F§F§1§C§0§0§la§x§F§F§2§2§0§0§lg§x§F§F§2§9§0§0§lm§x§F§F§3§0§0§0§le§x§F§F§3§7§0§0§ln§x§F§F§3§E§0§0§lt to azi for $250 000.
[15:35:01] > celinesanrio added x64 Enchanted golden apple in auction for 640000.
[15:35:19] > celinesanrio added x31 Enchanted golden apple in auction for 310000.
[15:35:28] > celinesanrio added x64 Golden apple in auction for 64000.
[15:35:37] > celinesanrio added x64 Golden apple in auction for 64000.
[15:38:28] > celinesanrio remove x1 Enchanted book from storage
[15:38:36] > celinesanrio added x1 Enchanted book in auction for 50000.
[15:40:04] > celinesanrio remove x1 §x§6§0§0§0§F§F§lɢᴏᴅʟʏ ɪᴛᴇᴍ from storage
[15:40:05] > celinesanrio remove x1 §x§6§0§0§0§F§F§lɢᴏᴅʟʏ ɪᴛᴇᴍ from storage
[15:40:05] > celinesanrio remove x1 §x§F§F§3§E§0§0§lD§x§F§F§3§7§0§0§le§x§F§F§3§0§0§0§lm§x§F§F§2§9§0§0§lo§x§F§F§2§2§0§0§ln §x§F§F§1§5§0§0§lL§x§F§F§0§E§0§0§lo§x§F§F§0§7§0§0§lr§x§F§F§0§0§0§0§ld §x§F§F§0§E§0§0§lF§x§F§F§1§5§0§0§lr§x§F§F§1§C§0§0§la§x§F§F§2§2§0§0§lg§x§F§F§2§9§0§0§lm§x§F§F§3§0§0§0§le§x§F§F§3§7§0§0§ln§x§F§F§3§E§0§0§lt from storage
[15:40:06] > celinesanrio remove x1 §x§F§F§3§E§0§0§lD§x§F§F§3§7§0§0§le§x§F§F§3§0§0§0§lm§x§F§F§2§9§0§0§lo§x§F§F§2§2§0§0§ln §x§F§F§1§5§0§0§lL§x§F§F§0§E§0§0§lo§x§F§F§0§7§0§0§lr§x§F§F§0§0§0§0§ld §x§F§F§0§E§0§0§lF§x§F§F§1§5§0§0§lr§x§F§F§1§C§0§0§la§x§F§F§2§2§0§0§lg§x§F§F§2§9§0§0§lm§x§F§F§3§0§0§0§le§x§F§F§3§7§0§0§ln§x§F§F§3§E§0§0§lt from storage
[15:40:10] > celinesanrio added x1 23Totems in auction for 230000.
[15:40:17] > celinesanrio added x64 Golden apple in auction for 64000.
[15:40:27] > celinesanrio added x64 Golden apple in auction for 64000.
[15:40:48] > .Kenku1001 buy x64 Golden apple to celinesanrio for $64 000.
[15:40:58] > .Kenku1001 buy x64 Golden apple to celinesanrio for $64 000.
[15:41:11] > celinesanrio remove x1 23Totems from storage
[15:41:56] > celinesanrio added x1 27 of 24karat golden labubus in auction for 275000.
[15:42:23] > celinesanrio added x1 §x§F§F§3§E§0§0§lD§x§F§F§3§7§0§0§le§x§F§F§3§0§0§0§lm§x§F§F§2§9§0§0§lo§x§F§F§2§2§0§0§ln §x§F§F§1§5§0§0§lL§x§F§F§0§E§0§0§lo§x§F§F§0§7§0§0§lr§x§F§F§0§0§0§0§ld §x§F§F§0§E§0§0§lF§x§F§F§1§5§0§0§lr§x§F§F§1§C§0§0§la§x§F§F§2§2§0§0§lg§x§F§F§2§9§0§0§lm§x§F§F§3§0§0§0§le§x§F§F§3§7§0§0§ln§x§F§F§3§E§0§0§lt in auction for 150000.
[15:42:29] > celinesanrio added x1 §x§F§F§3§E§0§0§lD§x§F§F§3§7§0§0§le§x§F§F§3§0§0§0§lm§x§F§F§2§9§0§0§lo§x§F§F§2§2§0§0§ln §x§F§F§1§5§0§0§lL§x§F§F§0§E§0§0§lo§x§F§F§0§7§0§0§lr§x§F§F§0§0§0§0§ld §x§F§F§0§E§0§0§lF§x§F§F§1§5§0§0§lr§x§F§F§1§C§0§0§la§x§F§F§2§2§0§0§lg§x§F§F§2§9§0§0§lm§x§F§F§3§0§0§0§le§x§F§F§3§7§0§0§ln§x§F§F§3§E§0§0§lt in auction for 150000.
[15:42:52] > celinesanrio added x1 §x§6§0§0§0§F§F§lɢᴏᴅʟʏ ɪᴛᴇᴍ in auction for 10000000.
[15:43:07] > celinesanrio remove x31 Enchanted golden apple from storage
[15:43:07] > celinesanrio remove x31 Enchanted golden apple from storage
[15:43:13] > celinesanrio added x1 §x§6§0§0§0§F§F§lɢᴏᴅʟʏ ɪᴛᴇᴍ in auction for 10010010.
[15:43:49] > Unforce01 buy x1 §x§F§F§3§E§0§0§lD§x§F§F§3§7§0§0§le§x§F§F§3§0§0§0§lm§x§F§F§2§9§0§0§lo§x§F§F§2§2§0§0§ln §x§F§F§1§5§0§0§lL§x§F§F§0§E§0§0§lo§x§F§F§0§7§0§0§lr§x§F§F§0§0§0§0§ld §x§F§F§0§E§0§0§lF§x§F§F§1§5§0§0§lr§x§F§F§1§C§0§0§la§x§F§F§2§2§0§0§lg§x§F§F§2§9§0§0§lm§x§F§F§3§0§0§0§le§x§F§F§3§7§0§0§ln§x§F§F§3§E§0§0§lt to celinesanrio for $150 000.
[15:43:54] > Unforce01 buy x1 §x§F§F§3§E§0§0§lD§x§F§F§3§7§0§0§le§x§F§F§3§0§0§0§lm§x§F§F§2§9§0§0§lo§x§F§F§2§2§0§0§ln §x§F§F§1§5§0§0§lL§x§F§F§0§E§0§0§lo§x§F§F§0§7§0§0§lr§x§F§F§0§0§0§0§ld §x§F§F§0§E§0§0§lF§x§F§F§1§5§0§0§lr§x§F§F§1§C§0§0§la§x§F§F§2§2§0§0§lg§x§F§F§2§9§0§0§lm§x§F§F§3§0§0§0§le§x§F§F§3§7§0§0§ln§x§F§F§3§E§0§0§lt to celinesanrio for $150 000.
[15:45:12] > celinesanrio added x1 Mace in auction for 300000.
[15:45:19] > celinesanrio added x1 Mace in auction for 500000.
[15:45:29] > PrezXie buy x1 Mace to celinesanrio for $300 000.
[15:48:45] > celinesanrio added x1 Shulker box in auction for 150000.
[15:48:51] > celinesanrio added x1 Shulker box in auction for 150000.
[15:49:05] > Unforce01 buy x1 Shulker box to celinesanrio for $150 000.
[15:49:08] > TostyZura buy x1 Shulker box to celinesanrio for $150 000.
[15:52:08] > celinesanrio added x14 Wither rose in auction for 14000.
[15:55:22] > TostyZura buy x64 Golden apple to celinesanrio for $64 000.
[16:01:49] > celinesanrio added x1 Shulker box in auction for 200000.
[16:02:10] > koshie remove x1 §x§F§0§7§A§5§4§lZombie Apocalyptic Bow from storage
[16:02:59] > koshie added x1 §eɪʀᴏɴ ɢᴏʟᴇᴍ sᴘᴀᴡɴᴇʀ in auction for 3500000.
[16:03:07] > koshie remove x1 §eɪʀᴏɴ ɢᴏʟᴇᴍ sᴘᴀᴡɴᴇʀ from storage
[16:03:29] > koshie added x1 §eɪʀᴏɴ ɢᴏʟᴇᴍ sᴘᴀᴡɴᴇʀ in auction for 350000.
[16:03:40] > mauserdart buy x1 §eɪʀᴏɴ ɢᴏʟᴇᴍ sᴘᴀᴡɴᴇʀ to koshie for $350 000.
[16:04:44] > TostyZura remove x5 Heart of the sea from storage
[16:04:49] > TostyZura added x1 §eᴡɪᴛᴄʜ ꜱᴘᴀᴡɴᴇʀ in auction for 150000.
[16:04:56] > koshie buy x1 §eᴡɪᴛᴄʜ ꜱᴘᴀᴡɴᴇʀ to TostyZura for $150 000.
[16:05:19] > TostyZura added x2 §eᴄʜɪᴄᴋᴇɴ sᴘᴀᴡɴᴇʀ in auction for 180000.
[16:05:24] > mauserdart buy x2 §eᴄʜɪᴄᴋᴇɴ sᴘᴀᴡɴᴇʀ to TostyZura for $180 000.
[16:05:39] > celinesanrio remove x1 Mace from storage
[16:05:53] > koshie added x1 §x§9§8§6§3§E§7§lG§x§9§0§7§5§E§2§lo§x§8§8§8§7§D§D§ld§x§8§0§9§9§D§8§ll§x§7§7§A§C§D§4§ly §x§6§7§D§0§C§A§lC§x§5§F§E§2§C§5§lr§x§6§7§D§0§C§A§la§x§6§F§B§E§C§F§lt§x§7§7§A§C§D§4§le §x§8§8§8§7§D§D§lK§x§9§0§7§5§E§2§le§x§9§8§6§3§E§7§ly in auction for 600000.
[16:06:10] > TostyZura added x1 §x§F§F§3§E§0§0§lD§x§F§F§3§7§0§0§le§x§F§F§3§0§0§0§lm§x§F§F§2§9§0§0§lo§x§F§F§2§2§0§0§ln §x§F§F§1§5§0§0§lL§x§F§F§0§E§0§0§lo§x§F§F§0§7§0§0§lr§x§F§F§0§0§0§0§ld §x§F§F§0§E§0§0§lF§x§F§F§1§5§0§0§lr§x§F§F§1§C§0§0§la§x§F§F§2§2§0§0§lg§x§F§F§2§9§0§0§lm§x§F§F§3§0§0§0§le§x§F§F§3§7§0§0§ln§x§F§F§3§E§0§0§lt in auction for 100000.
[16:06:15] > grit_zy buy x1 §x§F§F§3§E§0§0§lD§x§F§F§3§7§0§0§le§x§F§F§3§0§0§0§lm§x§F§F§2§9§0§0§lo§x§F§F§2§2§0§0§ln §x§F§F§1§5§0§0§lL§x§F§F§0§E§0§0§lo§x§F§F§0§7§0§0§lr§x§F§F§0§0§0§0§ld §x§F§F§0§E§0§0§lF§x§F§F§1§5§0§0§lr§x§F§F§1§C§0§0§la§x§F§F§2§2§0§0§lg§x§F§F§2§9§0§0§lm§x§F§F§3§0§0§0§le§x§F§F§3§7§0§0§ln§x§F§F§3§E§0§0§lt to TostyZura for $100 000.
[16:07:12] > koshie remove x1 §x§9§8§6§3§E§7§lG§x§9§0§7§5§E§2§lo§x§8§8§8§7§D§D§ld§x§8§0§9§9§D§8§ll§x§7§7§A§C§D§4§ly §x§6§7§D§0§C§A§lC§x§5§F§E§2§C§5§lr§x§6§7§D§0§C§A§la§x§6§F§B§E§C§F§lt§x§7§7§A§C§D§4§le §x§8§8§8§7§D§D§lK§x§9§0§7§5§E§2§le§x§9§8§6§3§E§7§ly from storage
[16:07:36] > koshie added x1 §eᴡɪᴛᴄʜ ꜱᴘᴀᴡɴᴇʀ in auction for 300000.
[16:07:40] > Kyslee buy x1 §eᴡɪᴛᴄʜ ꜱᴘᴀᴡɴᴇʀ to koshie for $300 000.
[16:08:22] > celinesanrio added x1 Mace in auction for 500000.
[16:10:03] > Unforce01 added x1 §fMagician Hat in auction for 100000.
[16:10:16] > Unforce01 added x1 §fMysterious Hat in auction for 100000.
[16:10:27] > Unforce01 added x1 §f§x§4§1§B§C§4§2D§x§4§5§C§3§5§3r§x§4§9§C§9§6§3o§x§4§D§D§0§7§4w§x§5§1§D§7§8§5n§x§5§6§D§E§9§6e§x§5§A§E§4§A§6d§x§5§E§E§B§B§7 §x§6§2§F§2§C§8H§x§6§6§F§8§D§8a§x§6§A§F§F§E§9t in auction for 200000.
[16:20:51] > Teshii added x1 §x§F§F§5§5§0§0§lsᴇʟʟᴡᴀɴᴅ §6- 5.0x in auction for 500000.
[16:23:37] > Teshii remove x1 §x§F§F§5§5§0§0§lsᴇʟʟᴡᴀɴᴅ §6- 5.0x from storage
[16:23:44] > Teshii remove x1 §x§F§F§5§5§0§0§lsᴇʟʟᴡᴀɴᴅ §6- 5.0x from expire
[16:27:32] > Teshii added x1 §x§F§F§5§5§0§0§lsᴇʟʟᴡᴀɴᴅ §6- 5.0x in auction for 500000.
[16:27:49] > MrGh0st1y added x32 Wither skeleton skull in auction for 100000.
[16:27:57] > Zypher_0w0 buy x1 §x§F§F§5§5§0§0§lsᴇʟʟᴡᴀɴᴅ §6- 5.0x to Teshii for $500 000.
[16:28:40] > celinesanrio added x1 §x§F§F§3§E§0§0§lDemon Lord Wings in auction for 1500000.
[16:28:54] > koshie buy x1 §x§F§F§3§E§0§0§lDemon Lord Wings to celinesanrio for $1 500 000.
[16:29:00] > celinesanrio added x1 §x§F§F§3§E§0§0§lDemon Lord Wings in auction for 1500000.
[16:29:35] > celinesanrio buy x1 §x§F§F§3§E§0§0§lD§x§F§F§3§6§0§0§le§x§F§F§2§F§0§0§lm§x§F§F§2§7§0§0§lo§x§F§F§1§F§0§0§ln §x§F§F§1§0§0§0§lL§x§F§F§0§8§0§0§lo§x§F§F§0§0§0§0§lr§x§F§F§0§8§0§0§ld §x§F§F§1§7§0§0§lS§x§F§F§1§F§0§0§li§x§F§F§2§7§0§0§lc§x§F§F§2§F§0§0§lk§x§F§F§3§6§0§0§ll§x§F§F§3§E§0§0§le to MrZyrus7228 for $150 000.
[16:29:42] > llhxnce added x1 §x§F§F§5§5§0§0§lsᴇʟʟᴡᴀɴᴅ §6- 5.0x in auction for 450000.
[16:29:45] > celinesanrio buy x1 §x§F§F§5§5§0§0§lsᴇʟʟᴡᴀɴᴅ §6- 5.0x to llhxnce for $450 000.
[16:30:12] > Drpeckles buy x1 Enchanted book to Zypher_0w0 for $350 000.
[16:31:37] > Kwienn added x1 §esᴘɪᴅᴇʀ sᴘᴀᴡɴᴇʀ in auction for 700000.
[16:31:55] > antheslouch added x1 §x§C§9§A§7§F§C§lL§x§B§D§A§E§F§6§le§x§B§1§B§4§F§0§lg§x§A§6§B§B§E§A§le§x§9§A§C§1§E§4§ln§x§8§E§C§8§D§D§ld§x§8§2§C§E§D§7§la§x§7§7§D§5§D§1§lr§x§6§B§D§B§C§B§ly §x§6§B§D§B§C§B§lC§x§7§7§D§5§D§1§lr§x§8§2§C§E§D§7§la§x§8§E§C§8§D§D§lt§x§9§A§C§1§E§4§le §x§B§1§B§4§F§0§lK§x§B§D§A§E§F§6§le§x§C§9§A§7§F§C§ly in auction for 500000.
[16:31:56] > Kwienn added x1 §eɪʀᴏɴ ɢᴏʟᴇᴍ sᴘᴀᴡɴᴇʀ in auction for 700000.
[16:32:08] > Kwienn remove x1 §esᴘɪᴅᴇʀ sᴘᴀᴡɴᴇʀ from storage
[16:32:08] > Kwienn remove x1 §x§6§0§0§0§F§F§lɢᴏᴅʟʏ ɪᴛᴇᴍ from storage
[16:32:15] > antheslouch remove x1 §x§C§9§A§7§F§C§lL§x§B§D§A§E§F§6§le§x§B§1§B§4§F§0§lg§x§A§6§B§B§E§A§le§x§9§A§C§1§E§4§ln§x§8§E§C§8§D§D§ld§x§8§2§C§E§D§7§la§x§7§7§D§5§D§1§lr§x§6§B§D§B§C§B§ly §x§6§B§D§B§C§B§lC§x§7§7§D§5§D§1§lr§x§8§2§C§E§D§7§la§x§8§E§C§8§D§D§lt§x§9§A§C§1§E§4§le §x§B§1§B§4§F§0§lK§x§B§D§A§E§F§6§le§x§C§9§A§7§F§C§ly from storage
[16:32:17] > Kwienn added x1 §esᴘɪᴅᴇʀ sᴘᴀᴡɴᴇʀ in auction for 500000.
[16:32:20] > Teshii added x1 §x§F§F§3§E§0§0§lD§x§F§F§3§7§0§0§le§x§F§F§3§0§0§0§lm§x§F§F§2§9§0§0§lo§x§F§F§2§2§0§0§ln §x§F§F§1§5§0§0§lL§x§F§F§0§E§0§0§lo§x§F§F§0§7§0§0§lr§x§F§F§0§0§0§0§ld §x§F§F§0§E§0§0§lF§x§F§F§1§5§0§0§lr§x§F§F§1§C§0§0§la§x§F§F§2§2§0§0§lg§x§F§F§2§9§0§0§lm§x§F§F§3§0§0§0§le§x§F§F§3§7§0§0§ln§x§F§F§3§E§0§0§lt in auction for 200000.
[16:32:31] > Kwienn added x1 §eᴡᴀʀᴅᴇɴ ꜱᴘᴀᴡɴᴇʀ in auction for 300000.
[16:33:42] > namerikangel added x1 §x§F§F§7§C§0§0§lSteamsparks Shield in auction for 250000.
[16:34:15] > Kwienn remove x1 §esᴘɪᴅᴇʀ sᴘᴀᴡɴᴇʀ from storage
[16:34:23] > Kwienn added x1 §esᴘɪᴅᴇʀ sᴘᴀᴡɴᴇʀ in auction for 300000.
[16:35:04] > Kwienn added x1 §x§F§F§7§C§0§0§lSteamsparks Helmet in auction for 600000.
[16:35:10] > Kwienn added x1 §x§F§F§7§C§0§0§lSteamsparks Chestplate in auction for 500000.
[16:35:30] > Kwienn remove x1 §x§F§F§3§E§0§0§lD§x§F§F§3§5§0§0§le§x§F§F§2§C§0§0§lm§x§F§F§2§3§0§0§lo§x§F§F§1§B§0§0§ln §x§F§F§0§9§0§0§lL§x§F§F§0§0§0§0§lo§x§F§F§0§A§0§0§lr§x§F§F§1§5§0§0§ld §x§F§F§2§9§0§0§lH§x§F§F§3§4§0§0§lo§x§F§F§3§E§0§0§le from storage
[16:35:37] > Kwienn added x1 §x§F§F§7§C§0§0§lSteamsparks Leggings in auction for 400000.
[16:36:00] > namerikangel added x14 §x§F§C§9§0§5§C§lE§x§E§6§9§C§6§B§lp§x§C§F§A§7§7§A§li§x§B§9§B§3§8§9§lc §x§8§C§C§B§A§7§lC§x§7§5§D§6§B§6§lr§x§5§F§E§2§C§5§la§x§7§9§D§4§B§4§lt§x§9§3§C§7§A§2§le §x§C§8§A§B§7§F§lK§x§E§2§9§E§6§E§le§x§F§C§9§0§5§C§ly in auction for 100000.
[16:36:23] > koshie added x1 §x§F§F§3§E§0§0§lDemon Lord Wings in auction for 1600000.
[16:36:35] > celinesanrio remove x1 Enchanted book from storage
[16:36:35] > celinesanrio remove x64 Golden apple from storage
[16:36:36] > celinesanrio remove x58 Cobweb from storage
[16:36:42] > celinesanrio added x1 §x§C§9§A§7§F§C§lL§x§B§D§A§E§F§6§le§x§B§1§B§4§F§0§lg§x§A§6§B§B§E§A§le§x§9§A§C§1§E§4§ln§x§8§E§C§8§D§D§ld§x§8§2§C§E§D§7§la§x§7§7§D§5§D§1§lr§x§6§B§D§B§C§B§ly §x§6§B§D§B§C§B§lC§x§7§7§D§5§D§1§lr§x§8§2§C§E§D§7§la§x§8§E§C§8§D§D§lt§x§9§A§C§1§E§4§le §x§B§1§B§4§F§0§lK§x§B§D§A§E§F§6§le§x§C§9§A§7§F§C§ly in auction for 300000.
[16:36:51] > celinesanrio added x1 Enchanted book in auction for 10000.
[16:37:02] > celinesanrio added x1 §x§C§9§A§7§F§C§lL§x§B§D§A§E§F§6§le§x§B§1§B§4§F§0§lg§x§A§6§B§B§E§A§le§x§9§A§C§1§E§4§ln§x§8§E§C§8§D§D§ld§x§8§2§C§E§D§7§la§x§7§7§D§5§D§1§lr§x§6§B§D§B§C§B§ly §x§6§B§D§B§C§B§lC§x§7§7§D§5§D§1§lr§x§8§2§C§E§D§7§la§x§8§E§C§8§D§D§lt§x§9§A§C§1§E§4§le §x§B§1§B§4§F§0§lK§x§B§D§A§E§F§6§le§x§C§9§A§7§F§C§ly in auction for 300000.
[16:37:15] > grit_zy buy x14 §x§F§C§9§0§5§C§lE§x§E§6§9§C§6§B§lp§x§C§F§A§7§7§A§li§x§B§9§B§3§8§9§lc §x§8§C§C§B§A§7§lC§x§7§5§D§6§B§6§lr§x§5§F§E§2§C§5§la§x§7§9§D§4§B§4§lt§x§9§3§C§7§A§2§le §x§C§8§A§B§7§F§lK§x§E§2§9§E§6§E§le§x§F§C§9§0§5§C§ly to namerikangel for $100 000.
[16:37:41] > celinesanrio remove x1 §x§C§9§A§7§F§C§lL§x§B§D§A§E§F§6§le§x§B§1§B§4§F§0§lg§x§A§6§B§B§E§A§le§x§9§A§C§1§E§4§ln§x§8§E§C§8§D§D§ld§x§8§2§C§E§D§7§la§x§7§7§D§5§D§1§lr§x§6§B§D§B§C§B§ly §x§6§B§D§B§C§B§lC§x§7§7§D§5§D§1§lr§x§8§2§C§E§D§7§la§x§8§E§C§8§D§D§lt§x§9§A§C§1§E§4§le §x§B§1§B§4§F§0§lK§x§B§D§A§E§F§6§le§x§C§9§A§7§F§C§ly from storage
[16:37:41] > celinesanrio remove x1 §x§C§9§A§7§F§C§lL§x§B§D§A§E§F§6§le§x§B§1§B§4§F§0§lg§x§A§6§B§B§E§A§le§x§9§A§C§1§E§4§ln§x§8§E§C§8§D§D§ld§x§8§2§C§E§D§7§la§x§7§7§D§5§D§1§lr§x§6§B§D§B§C§B§ly §x§6§B§D§B§C§B§lC§x§7§7§D§5§D§1§lr§x§8§2§C§E§D§7§la§x§8§E§C§8§D§D§lt§x§9§A§C§1§E§4§le §x§B§1§B§4§F§0§lK§x§B§D§A§E§F§6§le§x§C§9§A§7§F§C§ly from storage
[16:38:12] > Kwienn remove x1 §eᴡᴀʀᴅᴇɴ ꜱᴘᴀᴡɴᴇʀ from storage
[16:38:38] > Kwienn added x1 §x§9§8§6§3§E§7§lG§x§9§0§7§5§E§2§lo§x§8§8§8§7§D§D§ld§x§8§0§9§9§D§8§ll§x§7§7§A§C§D§4§ly §x§6§7§D§0§C§A§lC§x§5§F§E§2§C§5§lr§x§6§7§D§0§C§A§la§x§6§F§B§E§C§F§lt§x§7§7§A§C§D§4§le §x§8§8§8§7§D§D§lK§x§9§0§7§5§E§2§le§x§9§8§6§3§E§7§ly in auction for 1000000.
[16:40:24] > celinesanrio added x1 §x§F§F§3§E§0§0§lD§x§F§F§3§6§0§0§le§x§F§F§2§F§0§0§lm§x§F§F§2§7§0§0§lo§x§F§F§1§F§0§0§ln §x§F§F§1§0§0§0§lL§x§F§F§0§8§0§0§lo§x§F§F§0§0§0§0§lr§x§F§F§0§8§0§0§ld §x§F§F§1§7§0§0§lS§x§F§F§1§F§0§0§li§x§F§F§2§7§0§0§lc§x§F§F§2§F§0§0§lk§x§F§F§3§6§0§0§ll§x§F§F§3§E§0§0§le in auction for 550000.
[16:40:34] > TostyZura added x4 §x§C§9§A§7§F§C§lL§x§B§D§A§E§F§6§le§x§B§1§B§4§F§0§lg§x§A§6§B§B§E§A§le§x§9§A§C§1§E§4§ln§x§8§E§C§8§D§D§ld§x§8§2§C§E§D§7§la§x§7§7§D§5§D§1§lr§x§6§B§D§B§C§B§ly §x§6§B§D§B§C§B§lC§x§7§7§D§5§D§1§lr§x§8§2§C§E§D§7§la§x§8§E§C§8§D§D§lt§x§9§A§C§1§E§4§le §x§B§1§B§4§F§0§lK§x§B§D§A§E§F§6§le§x§C§9§A§7§F§C§ly in auction for 400000.
[16:41:04] > TostyZura remove x4 §x§C§9§A§7§F§C§lL§x§B§D§A§E§F§6§le§x§B§1§B§4§F§0§lg§x§A§6§B§B§E§A§le§x§9§A§C§1§E§4§ln§x§8§E§C§8§D§D§ld§x§8§2§C§E§D§7§la§x§7§7§D§5§D§1§lr§x§6§B§D§B§C§B§ly §x§6§B§D§B§C§B§lC§x§7§7§D§5§D§1§lr§x§8§2§C§E§D§7§la§x§8§E§C§8§D§D§lt§x§9§A§C§1§E§4§le §x§B§1§B§4§F§0§lK§x§B§D§A§E§F§6§le§x§C§9§A§7§F§C§ly from storage
[16:43:58] > llhxnce added x1 §x§F§F§5§5§0§0§lsᴇʟʟᴡᴀɴᴅ §6- 5.0x in auction for 500000.
[16:44:31] > grit_zy buy x32 Wither skeleton skull to MrGh0st1y for $100 000.
[16:46:55] > x1 buto ni jose rizal on sale by azi has just expired, it goes in the inventory of expired items.
[16:49:05] > llhxnce buy x1 §x§E§5§1§B§1§B§lDracula Shield to Zen0969 for $100 000.
[16:51:34] > PrezXie added x1 §eʙʟᴀᴢᴇ sᴘᴀᴡɴᴇʀ in auction for 350000.
[16:58:52] > TostyZura added x5 Ominous trial key in auction for 90000.
[17:07:23] > Zypher_0w0 added x1 Conduit in auction for 750000.
[17:07:29] > antheslouch buy x5 Ominous trial key to TostyZura for $90 000.
[17:07:42] > Zypher_0w0 remove x1 Conduit from storage
[17:07:52] > Zypher_0w0 added x1 Conduit in auction for 450000.
[17:16:03] > ZAFF remove x1 §x§F§C§9§0§5§C§lE§x§E§6§9§C§6§B§lp§x§C§F§A§7§7§A§li§x§B§9§B§3§8§9§lc §x§8§C§C§B§A§7§lC§x§7§5§D§6§B§6§lr§x§5§F§E§2§C§5§la§x§7§9§D§4§B§4§lt§x§9§3§C§7§A§2§le §x§C§8§A§B§7§F§lK§x§E§2§9§E§6§E§le§x§F§C§9§0§5§C§ly from storage
[17:16:06] > ZAFF remove x1 §x§F§C§9§0§5§C§lE§x§E§6§9§C§6§B§lp§x§C§F§A§7§7§A§li§x§B§9§B§3§8§9§lc §x§8§C§C§B§A§7§lC§x§7§5§D§6§B§6§lr§x§5§F§E§2§C§5§la§x§7§9§D§4§B§4§lt§x§9§3§C§7§A§2§le §x§C§8§A§B§7§F§lK§x§E§2§9§E§6§E§le§x§F§C§9§0§5§C§ly from storage
[17:16:07] > ZAFF remove x1 §x§F§C§9§0§5§C§lE§x§E§6§9§C§6§B§lp§x§C§F§A§7§7§A§li§x§B§9§B§3§8§9§lc §x§8§C§C§B§A§7§lC§x§7§5§D§6§B§6§lr§x§5§F§E§2§C§5§la§x§7§9§D§4§B§4§lt§x§9§3§C§7§A§2§le §x§C§8§A§B§7§F§lK§x§E§2§9§E§6§E§le§x§F§C§9§0§5§C§ly from storage
[17:16:07] > ZAFF remove x1 §x§F§C§9§0§5§C§lE§x§E§6§9§C§6§B§lp§x§C§F§A§7§7§A§li§x§B§9§B§3§8§9§lc §x§8§C§C§B§A§7§lC§x§7§5§D§6§B§6§lr§x§5§F§E§2§C§5§la§x§7§9§D§4§B§4§lt§x§9§3§C§7§A§2§le §x§C§8§A§B§7§F§lK§x§E§2§9§E§6§E§le§x§F§C§9§0§5§C§ly from storage
[17:26:33] > Pewpew added x4 Sculk sensor in auction for 100000.
[17:29:43] > Runz added x8 Beacon in auction for 1500000.
[17:29:53] > Runz remove x8 Beacon from storage
[17:30:02] > Bestofphilipine buy x1 Mace to celinesanrio for $500 000.
[17:30:08] > HPMR_GaMerz buy x1 §f§x§4§1§B§C§4§2D§x§4§5§C§3§5§3r§x§4§9§C§9§6§3o§x§4§D§D§0§7§4w§x§5§1§D§7§8§5n§x§5§6§D§E§9§6e§x§5§A§E§4§A§6d§x§5§E§E§B§B§7 §x§6§2§F§2§C§8H§x§6§6§F§8§D§8a§x§6§A§F§F§E§9t to Unforce01 for $200 000.
[17:30:15] > celinesanrio remove x14 Wither rose from storage
[17:30:16] > Runz added x8 Beacon in auction for 1500000.
[17:31:14] > Runz remove x8 Beacon form storage
[17:31:30] > Runz added x8 Beacon in auction for 1500000.
[17:33:25] > mauserdart buy x1 Conduit to Zypher_0w0 for $450 000.
[17:35:19] > Teshii remove x1 §x§F§F§7§C§0§0§lSteamsparks Chestplate from storage
[17:35:23] > Teshii remove x1 §x§F§F§7§C§0§0§lSteamsparks Bow from storage
[17:35:23] > Teshii remove x1 §x§F§F§7§C§0§0§lSteamsparks Spear from storage
[17:38:06] > Pewpew added x2 §x§F§F§3§E§0§0§lSellwand Voucher in auction for 100000.
[17:38:10] > Teshii buy x2 §x§F§F§3§E§0§0§lSellwand Voucher to Pewpew for $100 000.
[17:38:55] > Teshii added x1 §x§F§F§5§5§0§0§lsᴇʟʟᴡᴀɴᴅ §6- 5.0x in auction for 500000.
[17:39:03] > Teshii added x1 §x§F§F§5§5§0§0§lsᴇʟʟᴡᴀɴᴅ §6- 10.0x in auction for 1000000.
[17:40:53] > Zee_ added x1 §x§3§1§3§7§F§F§lS§x§3§7§4§C§F§8§lp§x§3§D§6§2§F§1§la§x§4§2§7§7§E§9§lw§x§4§8§8§D§E§2§ln§x§4§E§A§2§D§B§le§x§5§4§B§7§D§4§lr §x§5§F§E§2§C§5§lC§x§5§9§C§D§C§C§lr§x§5§4§B§7§D§4§la§x§4§E§A§2§D§B§lt§x§4§8§8§D§E§2§le §x§3§D§6§2§F§1§lK§x§3§7§4§C§F§8§le§x§3§1§3§7§F§F§ly in auction for 200000.
[17:45:49] > llhxnce added x1 §x§F§F§5§5§0§0§lsᴇʟʟᴡᴀɴᴅ §6- 5.0x in auction for 450000.
[17:46:08] > Unforce01 added x1 §eᴡɪᴛᴄʜ ꜱᴘᴀᴡɴᴇʀ in auction for 400000.
[17:46:24] > Zypher_0w0 buy x1 §x§F§F§5§5§0§0§lsᴇʟʟᴡᴀɴᴅ §6- 5.0x to llhxnce for $450 000.
[17:46:30] > Zypher_0w0 buy x1 §eᴡɪᴛᴄʜ ꜱᴘᴀᴡɴᴇʀ to Unforce01 for $400 000.
[17:46:59] > Bestofphilipine added x2 Nether star in auction for 200000.
[17:47:05] > Unforce01 buy x1 §x§F§F§3§E§0§0§lD§x§F§F§3§7§0§0§le§x§F§F§3§0§0§0§lm§x§F§F§2§9§0§0§lo§x§F§F§2§2§0§0§ln §x§F§F§1§5§0§0§lL§x§F§F§0§E§0§0§lo§x§F§F§0§7§0§0§lr§x§F§F§0§0§0§0§ld §x§F§F§0§E§0§0§lF§x§F§F§1§5§0§0§lr§x§F§F§1§C§0§0§la§x§F§F§2§2§0§0§lg§x§F§F§2§9§0§0§lm§x§F§F§3§0§0§0§le§x§F§F§3§7§0§0§ln§x§F§F§3§E§0§0§lt to Teshii for $200 000.
[17:47:13] > leafsmh added x64 Tnt in auction for 5600.
[17:47:18] > HPMR_GaMerz buy x64 Tnt to leafsmh for $5 600.
[17:47:19] > Ilovewaifus remove x1 Enchanted book from storage
[17:47:32] > Zypher_0w0 added x1 §eMummy Hat in auction for 10000.
[17:47:36] > llhxnce remove x1 §x§F§F§5§5§0§0§lsᴇʟʟᴡᴀɴᴅ §6- 5.0x from storage
[17:47:41] > Teshii buy x1 §eMummy Hat to Zypher_0w0 for $10 000.
[17:49:24] > ameeelia added x1 §x§F§F§3§E§0§0§lD§x§F§F§3§5§0§0§le§x§F§F§2§C§0§0§lm§x§F§F§2§3§0§0§lo§x§F§F§1§B§0§0§ln §x§F§F§0§9§0§0§lL§x§F§F§0§0§0§0§lo§x§F§F§0§A§0§0§lr§x§F§F§1§5§0§0§ld §x§F§F§2§9§0§0§lH§x§F§F§3§4§0§0§lo§x§F§F§3§E§0§0§le in auction for 350000.
[17:49:55] > Ilovewaifus added x1 §eᴄᴏᴡ sᴘᴀᴡɴᴇʀ in auction for 100000.
[17:50:06] > Ilovewaifus added x1 §esᴋᴇʟᴇᴛᴏɴ sᴘᴀᴡɴᴇʀ in auction for 200000.
[17:50:13] > leafsmh added x64 Tnt in auction for 5606.
[17:50:23] > HPMR_GaMerz buy x64 Tnt to leafsmh for $5 606.
[17:50:33] > Teshii remove x1 §x§F§F§5§5§0§0§lsᴇʟʟᴡᴀɴᴅ §6- 5.0x from storage
[17:50:35] > Teshii remove x1 §x§F§F§5§5§0§0§lsᴇʟʟᴡᴀɴᴅ §6- 10.0x from storage
[17:50:42] > Teshii remove x1 §x§F§F§5§5§0§0§lsᴇʟʟᴡᴀɴᴅ §6- 5.0x from expire
[17:50:42] > Teshii remove x1 §x§F§F§5§5§0§0§lsᴇʟʟᴡᴀɴᴅ §6- 10.0x from expire
[17:50:54] > Teshii added x1 §x§F§F§5§5§0§0§lsᴇʟʟᴡᴀɴᴅ §6- 5.0x in auction for 400000.
[17:50:58] > ZAFF buy x1 §x§F§F§5§5§0§0§lsᴇʟʟᴡᴀɴᴅ §6- 5.0x to Teshii for $400 000.
[17:51:04] > Bestofphilipine buy x1 Enchanted book to MrGh0st1y for $200 000.
[17:51:09] > leafsmh added x4 Shulker shell in auction for 8001.
[17:51:10] > Teshii added x1 §x§F§F§5§5§0§0§lsᴇʟʟᴡᴀɴᴅ §6- 10.0x in auction for 800000.
[17:51:14] > Zenolite_ buy x1 §x§F§F§5§5§0§0§lsᴇʟʟᴡᴀɴᴅ §6- 10.0x to Teshii for $800 000.
[17:51:14] > HPMR_GaMerz buy x4 Shulker shell to leafsmh for $8 001.
[17:51:18] > Zee_ remove x1 §x§3§1§3§7§F§F§lS§x§3§7§4§C§F§8§lp§x§3§D§6§2§F§1§la§x§4§2§7§7§E§9§lw§x§4§8§8§D§E§2§ln§x§4§E§A§2§D§B§le§x§5§4§B§7§D§4§lr §x§5§F§E§2§C§5§lC§x§5§9§C§D§C§C§lr§x§5§4§B§7§D§4§la§x§4§E§A§2§D§B§lt§x§4§8§8§D§E§2§le §x§3§D§6§2§F§1§lK§x§3§7§4§C§F§8§le§x§3§1§3§7§F§F§ly from storage
[17:51:23] > Unforce01 added x1 §eɪʀᴏɴ ɢᴏʟᴇᴍ sᴘᴀᴡɴᴇʀ in auction for 1000000.
[17:51:31] > Zypher_0w0 added x64 Wither skeleton skull in auction for 640000.
[17:51:39] > Bestofphilipine added x3 §x§F§C§9§0§5§C§lE§x§E§6§9§C§6§B§lp§x§C§F§A§7§7§A§li§x§B§9§B§3§8§9§lc §x§8§C§C§B§A§7§lC§x§7§5§D§6§B§6§lr§x§5§F§E§2§C§5§la§x§7§9§D§4§B§4§lt§x§9§3§C§7§A§2§le §x§C§8§A§B§7§F§lK§x§E§2§9§E§6§E§le§x§F§C§9§0§5§C§ly in auction for 150000.
[17:51:40] > nicoso12 added x1 §eɪʀᴏɴ ɢᴏʟᴇᴍ sᴘᴀᴡɴᴇʀ in auction for 800000.
[17:51:46] > Bestofphilipine added x1 §x§9§8§6§3§E§7§lG§x§9§0§7§5§E§2§lo§x§8§8§8§7§D§D§ld§x§8§0§9§9§D§8§ll§x§7§7§A§C§D§4§ly §x§6§7§D§0§C§A§lC§x§5§F§E§2§C§5§lr§x§6§7§D§0§C§A§la§x§6§F§B§E§C§F§lt§x§7§7§A§C§D§4§le §x§8§8§8§7§D§D§lK§x§9§0§7§5§E§2§le§x§9§8§6§3§E§7§ly in auction for 50000.
[17:51:49] > celinesanrio buy x1 §x§9§8§6§3§E§7§lG§x§9§0§7§5§E§2§lo§x§8§8§8§7§D§D§ld§x§8§0§9§9§D§8§ll§x§7§7§A§C§D§4§ly §x§6§7§D§0§C§A§lC§x§5§F§E§2§C§5§lr§x§6§7§D§0§C§A§la§x§6§F§B§E§C§F§lt§x§7§7§A§C§D§4§le §x§8§8§8§7§D§D§lK§x§9§0§7§5§E§2§le§x§9§8§6§3§E§7§ly to Bestofphilipine for $50 000.
[17:51:49] > nicoso12 added x1 §eᴄᴏᴡ sᴘᴀᴡɴᴇʀ in auction for 200000.
[17:51:52] > Bestofphilipine added x1 §x§F§C§D§0§5§C§lB§x§E§6§D§3§6§B§la§x§C§F§D§5§7§A§ls§x§B§9§D§8§8§9§li§x§A§2§D§A§9§8§lc §x§7§5§D§F§B§6§lC§x§5§F§E§2§C§5§lr§x§7§5§D§F§B§6§la§x§8§C§D§D§A§7§lt§x§A§2§D§A§9§8§le §x§C§F§D§5§7§A§lK§x§E§6§D§3§6§B§le§x§F§C§D§0§5§C§ly in auction for 50000.
[17:52:03] > Bestofphilipine remove x1 §x§F§C§D§0§5§C§lB§x§E§6§D§3§6§B§la§x§C§F§D§5§7§A§ls§x§B§9§D§8§8§9§li§x§A§2§D§A§9§8§lc §x§7§5§D§F§B§6§lC§x§5§F§E§2§C§5§lr§x§7§5§D§F§B§6§la§x§8§C§D§D§A§7§lt§x§A§2§D§A§9§8§le §x§C§F§D§5§7§A§lK§x§E§6§D§3§6§B§le§x§F§C§D§0§5§C§ly from storage
[17:52:07] > Bestofphilipine added x1 §x§F§C§D§0§5§C§lB§x§E§6§D§3§6§B§la§x§C§F§D§5§7§A§ls§x§B§9§D§8§8§9§li§x§A§2§D§A§9§8§lc §x§7§5§D§F§B§6§lC§x§5§F§E§2§C§5§lr§x§7§5§D§F§B§6§la§x§8§C§D§D§A§7§lt§x§A§2§D§A§9§8§le §x§C§F§D§5§7§A§lK§x§E§6§D§3§6§B§le§x§F§C§D§0§5§C§ly in auction for 25000.
[17:52:10] > Ilovewaifus added x1 §fMedieval Hat in auction for 200000.
[17:52:10] > Teshii buy x1 §x§F§C§D§0§5§C§lB§x§E§6§D§3§6§B§la§x§C§F§D§5§7§A§ls§x§B§9§D§8§8§9§li§x§A§2§D§A§9§8§lc §x§7§5§D§F§B§6§lC§x§5§F§E§2§C§5§lr§x§7§5§D§F§B§6§la§x§8§C§D§D§A§7§lt§x§A§2§D§A§9§8§le §x§C§F§D§5§7§A§lK§x§E§6§D§3§6§B§le§x§F§C§D§0§5§C§ly to Bestofphilipine for $25 000.
[17:52:19] > Bestofphilipine remove x3 §x§F§C§9§0§5§C§lE§x§E§6§9§C§6§B§lp§x§C§F§A§7§7§A§li§x§B§9§B§3§8§9§lc §x§8§C§C§B§A§7§lC§x§7§5§D§6§B§6§lr§x§5§F§E§2§C§5§la§x§7§9§D§4§B§4§lt§x§9§3§C§7§A§2§le §x§C§8§A§B§7§F§lK§x§E§2§9§E§6§E§le§x§F§C§9§0§5§C§ly from storage
[17:52:26] > Bestofphilipine added x3 §x§F§C§9§0§5§C§lE§x§E§6§9§C§6§B§lp§x§C§F§A§7§7§A§li§x§B§9§B§3§8§9§lc §x§8§C§C§B§A§7§lC§x§7§5§D§6§B§6§lr§x§5§F§E§2§C§5§la§x§7§9§D§4§B§4§lt§x§9§3§C§7§A§2§le §x§C§8§A§B§7§F§lK§x§E§2§9§E§6§E§le§x§F§C§9§0§5§C§ly in auction for 10000.
[17:52:32] > koshie buy x3 §x§F§C§9§0§5§C§lE§x§E§6§9§C§6§B§lp§x§C§F§A§7§7§A§li§x§B§9§B§3§8§9§lc §x§8§C§C§B§A§7§lC§x§7§5§D§6§B§6§lr§x§5§F§E§2§C§5§la§x§7§9§D§4§B§4§lt§x§9§3§C§7§A§2§le §x§C§8§A§B§7§F§lK§x§E§2§9§E§6§E§le§x§F§C§9§0§5§C§ly to Bestofphilipine for $10 000.
[17:52:41] > Teshii added x1 §x§3§1§3§7§F§F§lS§x§3§7§4§C§F§8§lp§x§3§D§6§2§F§1§la§x§4§2§7§7§E§9§lw§x§4§8§8§D§E§2§ln§x§4§E§A§2§D§B§le§x§5§4§B§7§D§4§lr §x§5§F§E§2§C§5§lC§x§5§9§C§D§C§C§lr§x§5§4§B§7§D§4§la§x§4§E§A§2§D§B§lt§x§4§8§8§D§E§2§le §x§3§D§6§2§F§1§lK§x§3§7§4§C§F§8§le§x§3§1§3§7§F§F§ly in auction for 200000.
[17:52:45] > HPMR_GaMerz buy x1 §x§3§1§3§7§F§F§lS§x§3§7§4§C§F§8§lp§x§3§D§6§2§F§1§la§x§4§2§7§7§E§9§lw§x§4§8§8§D§E§2§ln§x§4§E§A§2§D§B§le§x§5§4§B§7§D§4§lr §x§5§F§E§2§C§5§lC§x§5§9§C§D§C§C§lr§x§5§4§B§7§D§4§la§x§4§E§A§2§D§B§lt§x§4§8§8§D§E§2§le §x§3§D§6§2§F§1§lK§x§3§7§4§C§F§8§le§x§3§1§3§7§F§F§ly to Teshii for $200 000.
[17:53:15] > Yumi added x1 §esᴋᴇʟᴇᴛᴏɴ sᴘᴀᴡɴᴇʀ in auction for 150000.
[17:53:33] > Zypher_0w0 added x2 Wither skeleton skull in auction for 20000.
[17:53:35] > nicoso12 buy x1 §x§F§F§0§0§0§0§lS§x§F§F§1§3§0§0§lh§x§F§F§2§6§0§0§lo§x§F§F§3§9§0§0§lg§x§F§F§4§D§0§0§lu§x§F§F§6§0§0§0§ln §x§F§F§8§6§0§0§lF§x§F§F§7§3§0§0§lr§x§F§F§6§0§0§0§la§x§F§F§4§D§0§0§lg§x§F§F§3§9§0§0§lm§x§F§F§2§6§0§0§le§x§F§F§1§3§0§0§ln§x§F§F§0§0§0§0§lt to TostyZura for $50 000.
[17:53:37] > celinesanrio buy x2 Wither skeleton skull to Zypher_0w0 for $20 000.
[17:53:42] > ameeelia remove x1 §x§F§F§3§E§0§0§lD§x§F§F§3§5§0§0§le§x§F§F§2§C§0§0§lm§x§F§F§2§3§0§0§lo§x§F§F§1§B§0§0§ln §x§F§F§0§9§0§0§lL§x§F§F§0§0§0§0§lo§x§F§F§0§A§0§0§lr§x§F§F§1§5§0§0§ld §x§F§F§2§9§0§0§lH§x§F§F§3§4§0§0§lo§x§F§F§3§E§0§0§le from storage
[17:53:54] > Ilovewaifus added x1 §x§F§F§3§E§0§0§lD§x§F§F§3§5§0§0§le§x§F§F§2§C§0§0§lm§x§F§F§2§3§0§0§lo§x§F§F§1§B§0§0§ln §x§F§F§0§9§0§0§lL§x§F§F§0§0§0§0§lo§x§F§F§0§A§0§0§lr§x§F§F§1§5§0§0§ld §x§F§F§2§9§0§0§lA§x§F§F§3§4§0§0§lx§x§F§F§3§E§0§0§le in auction for 300000.
[17:54:05] > koshie remove x1 §x§F§F§3§E§0§0§lDemon Lord Wings from storage
[17:54:13] > koshie added x1 §eᴄʀᴇᴇᴘᴇʀ sᴘᴀᴡɴᴇʀ in auction for 200000.
[17:54:19] > koshie remove x1 §eᴄʀᴇᴇᴘᴇʀ sᴘᴀᴡɴᴇʀ from storage
[17:54:29] > celinesanrio buy x1 §esᴋᴇʟᴇᴛᴏɴ sᴘᴀᴡɴᴇʀ to Yumi for $150 000.
[17:54:46] > koshie added x1 §x§F§F§3§E§0§0§lDemon Lord Wings in auction for 1500000.
[17:54:47] > nicoso12 buy x1 §fMagician Hat to Unforce01 for $100 000.
[17:54:49] > HPMR_GaMerz added x8 §x§F§C§D§0§5§C§lB§x§E§6§D§3§6§B§la§x§C§F§D§5§7§A§ls§x§B§9§D§8§8§9§li§x§A§2§D§A§9§8§lc §x§7§5§D§F§B§6§lC§x§5§F§E§2§C§5§lr§x§7§5§D§F§B§6§la§x§8§C§D§D§A§7§lt§x§A§2§D§A§9§8§le §x§C§F§D§5§7§A§lK§x§E§6§D§3§6§B§le§x§F§C§D§0§5§C§ly in auction for 400000.
[17:55:00] > nicoso12 added x1 §f§x§F§B§B§6§1§DC§x§F§0§A§F§1§Ca§x§E§5§A§8§1§Bp§x§D§B§A§0§1§9y§x§D§0§9§9§1§8b§x§C§5§9§2§1§7a§x§B§A§8§B§1§6r§x§A§F§8§4§1§5a§x§A§4§7§D§1§4 §x§9§A§7§5§1§2H§x§8§F§6§E§1§1a§x§8§4§6§7§1§0t in auction for 150000.
[17:55:08] > ameeelia remove x1 §x§F§F§3§E§0§0§lD§x§F§F§3§5§0§0§le§x§F§F§2§C§0§0§lm§x§F§F§2§3§0§0§lo§x§F§F§1§B§0§0§ln §x§F§F§0§9§0§0§lL§x§F§F§0§0§0§0§lo§x§F§F§0§A§0§0§lr§x§F§F§1§5§0§0§ld §x§F§F§2§9§0§0§lH§x§F§F§3§4§0§0§lo§x§F§F§3§E§0§0§le from expire
[17:55:13] > HPMR_GaMerz added x1 §x§3§1§3§7§F§F§lS§x§3§7§4§C§F§8§lp§x§3§D§6§2§F§1§la§x§4§2§7§7§E§9§lw§x§4§8§8§D§E§2§ln§x§4§E§A§2§D§B§le§x§5§4§B§7§D§4§lr §x§5§F§E§2§C§5§lC§x§5§9§C§D§C§C§lr§x§5§4§B§7§D§4§la§x§4§E§A§2§D§B§lt§x§4§8§8§D§E§2§le §x§3§D§6§2§F§1§lK§x§3§7§4§C§F§8§le§x§3§1§3§7§F§F§ly in auction for 200000.
[17:55:18] > Unforce01 remove x1 §eɪʀᴏɴ ɢᴏʟᴇᴍ sᴘᴀᴡɴᴇʀ from storage
[17:55:23] > ameeelia added x1 §x§F§F§3§E§0§0§lD§x§F§F§3§5§0§0§le§x§F§F§2§C§0§0§lm§x§F§F§2§3§0§0§lo§x§F§F§1§B§0§0§ln §x§F§F§0§9§0§0§lL§x§F§F§0§0§0§0§lo§x§F§F§0§A§0§0§lr§x§F§F§1§5§0§0§ld §x§F§F§2§9§0§0§lH§x§F§F§3§4§0§0§lo§x§F§F§3§E§0§0§le in auction for 150000.
[17:55:37] > Ilovewaifus buy x1 §x§F§F§3§E§0§0§lDemon Lord Wings to koshie for $1 500 000.
[17:55:40] > Unforce01 added x1 §eɪʀᴏɴ ɢᴏʟᴇᴍ sᴘᴀᴡɴᴇʀ in auction for 550000.
[17:56:04] > celinesanrio added x1 §x§C§9§A§7§F§C§lL§x§B§D§A§E§F§6§le§x§B§1§B§4§F§0§lg§x§A§6§B§B§E§A§le§x§9§A§C§1§E§4§ln§x§8§E§C§8§D§D§ld§x§8§2§C§E§D§7§la§x§7§7§D§5§D§1§lr§x§6§B§D§B§C§B§ly §x§6§B§D§B§C§B§lC§x§7§7§D§5§D§1§lr§x§8§2§C§E§D§7§la§x§8§E§C§8§D§D§lt§x§9§A§C§1§E§4§le §x§B§1§B§4§F§0§lK§x§B§D§A§E§F§6§le§x§C§9§A§7§F§C§ly in auction for 1000000.
[17:56:34] > Zypher_0w0 remove x62 Wither skeleton skull from storage
[17:56:41] > Zee_ added x1 §x§F§F§5§5§0§0§lsᴇʟʟᴡᴀɴᴅ §6- 5.0x in auction for 500000.
[17:57:05] > Unforce01 added x1 §x§C§9§A§7§F§C§lL§x§B§D§A§E§F§6§le§x§B§1§B§4§F§0§lg§x§A§6§B§B§E§A§le§x§9§A§C§1§E§4§ln§x§8§E§C§8§D§D§ld§x§8§2§C§E§D§7§la§x§7§7§D§5§D§1§lr§x§6§B§D§B§C§B§ly §x§6§B§D§B§C§B§lC§x§7§7§D§5§D§1§lr§x§8§2§C§E§D§7§la§x§8§E§C§8§D§D§lt§x§9§A§C§1§E§4§le §x§B§1§B§4§F§0§lK§x§B§D§A§E§F§6§le§x§C§9§A§7§F§C§ly in auction for 600000.
[17:57:08] > Zypher_0w0 added x64 Wither skeleton skull in auction for 320000.
[17:57:28] > nicoso12 remove x1 §eᴄᴏᴡ sᴘᴀᴡɴᴇʀ from storage
[17:57:35] > nicoso12 added x4 Nether star in auction for 200000.
[17:58:40] > celinesanrio remove x1 §x§C§9§A§7§F§C§lL§x§B§D§A§E§F§6§le§x§B§1§B§4§F§0§lg§x§A§6§B§B§E§A§le§x§9§A§C§1§E§4§ln§x§8§E§C§8§D§D§ld§x§8§2§C§E§D§7§la§x§7§7§D§5§D§1§lr§x§6§B§D§B§C§B§ly §x§6§B§D§B§C§B§lC§x§7§7§D§5§D§1§lr§x§8§2§C§E§D§7§la§x§8§E§C§8§D§D§lt§x§9§A§C§1§E§4§le §x§B§1§B§4§F§0§lK§x§B§D§A§E§F§6§le§x§C§9§A§7§F§C§ly from storage
[17:58:44] > celinesanrio added x1 §x§C§9§A§7§F§C§lL§x§B§D§A§E§F§6§le§x§B§1§B§4§F§0§lg§x§A§6§B§B§E§A§le§x§9§A§C§1§E§4§ln§x§8§E§C§8§D§D§ld§x§8§2§C§E§D§7§la§x§7§7§D§5§D§1§lr§x§6§B§D§B§C§B§ly §x§6§B§D§B§C§B§lC§x§7§7§D§5§D§1§lr§x§8§2§C§E§D§7§la§x§8§E§C§8§D§D§lt§x§9§A§C§1§E§4§le §x§B§1§B§4§F§0§lK§x§B§D§A§E§F§6§le§x§C§9§A§7§F§C§ly in auction for 200000.
[17:58:44] > Unforce01 remove x1 §x§C§9§A§7§F§C§lL§x§B§D§A§E§F§6§le§x§B§1§B§4§F§0§lg§x§A§6§B§B§E§A§le§x§9§A§C§1§E§4§ln§x§8§E§C§8§D§D§ld§x§8§2§C§E§D§7§la§x§7§7§D§5§D§1§lr§x§6§B§D§B§C§B§ly §x§6§B§D§B§C§B§lC§x§7§7§D§5§D§1§lr§x§8§2§C§E§D§7§la§x§8§E§C§8§D§D§lt§x§9§A§C§1§E§4§le §x§B§1§B§4§F§0§lK§x§B§D§A§E§F§6§le§x§C§9§A§7§F§C§ly from storage
[17:58:49] > HPMR_GaMerz buy x1 §x§C§9§A§7§F§C§lL§x§B§D§A§E§F§6§le§x§B§1§B§4§F§0§lg§x§A§6§B§B§E§A§le§x§9§A§C§1§E§4§ln§x§8§E§C§8§D§D§ld§x§8§2§C§E§D§7§la§x§7§7§D§5§D§1§lr§x§6§B§D§B§C§B§ly §x§6§B§D§B§C§B§lC§x§7§7§D§5§D§1§lr§x§8§2§C§E§D§7§la§x§8§E§C§8§D§D§lt§x§9§A§C§1§E§4§le §x§B§1§B§4§F§0§lK§x§B§D§A§E§F§6§le§x§C§9§A§7§F§C§ly to celinesanrio for $200 000.
[17:59:03] > MilkeBread added x1 §x§C§9§A§7§F§C§lL§x§B§D§A§E§F§6§le§x§B§1§B§4§F§0§lg§x§A§6§B§B§E§A§le§x§9§A§C§1§E§4§ln§x§8§E§C§8§D§D§ld§x§8§2§C§E§D§7§la§x§7§7§D§5§D§1§lr§x§6§B§D§B§C§B§ly §x§6§B§D§B§C§B§lC§x§7§7§D§5§D§1§lr§x§8§2§C§E§D§7§la§x§8§E§C§8§D§D§lt§x§9§A§C§1§E§4§le §x§B§1§B§4§F§0§lK§x§B§D§A§E§F§6§le§x§C§9§A§7§F§C§ly in auction for 150000.
[17:59:09] > Ilovewaifus remove x1 Enchanted book from expire
[17:59:10] > Ilovewaifus remove x1 §aClaim Wand from expire
[17:59:16] > leafsmh added x6 §x§C§9§A§7§F§C§lL§x§B§D§A§E§F§6§le§x§B§1§B§4§F§0§lg§x§A§6§B§B§E§A§le§x§9§A§C§1§E§4§ln§x§8§E§C§8§D§D§ld§x§8§2§C§E§D§7§la§x§7§7§D§5§D§1§lr§x§6§B§D§B§C§B§ly §x§6§B§D§B§C§B§lC§x§7§7§D§5§D§1§lr§x§8§2§C§E§D§7§la§x§8§E§C§8§D§D§lt§x§9§A§C§1§E§4§le §x§B§1§B§4§F§0§lK§x§B§D§A§E§F§6§le§x§C§9§A§7§F§C§ly in auction for 1100000.
[17:59:25] > HPMR_GaMerz added x1 §x§F§C§D§0§5§C§lW§x§F§A§A§2§4§8§lu§x§F§8§7§4§3§3§lk§x§F§6§4§5§1§F§lo§x§F§4§1§7§0§A§lng§x§F§6§4§5§1§F§l §x§F§8§7§4§3§3§lK§x§F§A§A§2§4§8§le§x§F§C§D§0§5§C§ly in auction for 2000000.
[17:59:52] > celinesanrio buy x1 §x§C§9§A§7§F§C§lL§x§B§D§A§E§F§6§le§x§B§1§B§4§F§0§lg§x§A§6§B§B§E§A§le§x§9§A§C§1§E§4§ln§x§8§E§C§8§D§D§ld§x§8§2§C§E§D§7§la§x§7§7§D§5§D§1§lr§x§6§B§D§B§C§B§ly §x§6§B§D§B§C§B§lC§x§7§7§D§5§D§1§lr§x§8§2§C§E§D§7§la§x§8§E§C§8§D§D§lt§x§9§A§C§1§E§4§le §x§B§1§B§4§F§0§lK§x§B§D§A§E§F§6§le§x§C§9§A§7§F§C§ly to MilkeBread for $150 000.
[18:00:06] > Zee_ added x1 §x§F§F§7§C§0§0§lSteamsparks Wings in auction for 2000000.
[18:00:45] > leafsmh remove x6 §x§C§9§A§7§F§C§lL§x§B§D§A§E§F§6§le§x§B§1§B§4§F§0§lg§x§A§6§B§B§E§A§le§x§9§A§C§1§E§4§ln§x§8§E§C§8§D§D§ld§x§8§2§C§E§D§7§la§x§7§7§D§5§D§1§lr§x§6§B§D§B§C§B§ly §x§6§B§D§B§C§B§lC§x§7§7§D§5§D§1§lr§x§8§2§C§E§D§7§la§x§8§E§C§8§D§D§lt§x§9§A§C§1§E§4§le §x§B§1§B§4§F§0§lK§x§B§D§A§E§F§6§le§x§C§9§A§7§F§C§ly from storage
[18:00:58] > leafsmh remove x1 §x§F§0§7§A§5§4§lZombie Apocalyptic Big Axe from storage
[18:01:00] > leafsmh remove x1 §x§F§F§3§E§0§0§lD§x§F§F§3§6§0§0§le§x§F§F§2§F§0§0§lm§x§F§F§2§7§0§0§lo§x§F§F§1§F§0§0§ln §x§F§F§1§0§0§0§lL§x§F§F§0§8§0§0§lo§x§F§F§0§0§0§0§lr§x§F§F§0§8§0§0§ld §x§F§F§1§7§0§0§lD§x§F§F§1§F§0§0§la§x§F§F§2§7§0§0§lg§x§F§F§2§F§0§0§lg§x§F§F§3§6§0§0§le§x§F§F§3§E§0§0§lr from storage
[18:01:01] > leafsmh remove x1 §x§F§F§3§E§0§0§lD§x§F§F§3§7§0§0§le§x§F§F§3§0§0§0§lm§x§F§F§2§9§0§0§lo§x§F§F§2§2§0§0§ln §x§F§F§1§5§0§0§lL§x§F§F§0§E§0§0§lo§x§F§F§0§7§0§0§lr§x§F§F§0§0§0§0§ld §x§F§F§0§E§0§0§lL§x§F§F§1§5§0§0§le§x§F§F§1§C§0§0§lg§x§F§F§2§2§0§0§lg§x§F§F§2§9§0§0§li§x§F§F§3§0§0§0§ln§x§F§F§3§7§0§0§lg§x§F§F§3§E§0§0§ls from storage
[18:01:01] > leafsmh remove x1 §x§F§F§3§E§0§0§lD§x§F§F§3§6§0§0§le§x§F§F§2§F§0§0§lm§x§F§F§2§7§0§0§lo§x§F§F§1§F§0§0§ln §x§F§F§1§0§0§0§lL§x§F§F§0§8§0§0§lo§x§F§F§0§0§0§0§lr§x§F§F§0§8§0§0§ld §x§F§F§1§7§0§0§lD§x§F§F§1§F§0§0§la§x§F§F§2§7§0§0§lg§x§F§F§2§F§0§0§lg§x§F§F§3§6§0§0§le§x§F§F§3§E§0§0§lr from storage
[18:01:14] > celinesanrio remove x1 §x§F§F§3§E§0§0§lDemon Lord Wings from storage
[18:01:19] > HPMR_GaMerz added x1 §x§F§F§7§C§0§0§lSteamsparks Key in auction for 1000000.
[18:01:26] > celinesanrio added x1 §x§F§F§3§E§0§0§lDemon Lord Wings in auction for 1500000.
[18:01:27] > leafsmh added x1 §x§F§F§3§E§0§0§lD§x§F§F§3§6§0§0§le§x§F§F§2§F§0§0§lm§x§F§F§2§7§0§0§lo§x§F§F§1§F§0§0§ln §x§F§F§1§0§0§0§lL§x§F§F§0§8§0§0§lo§x§F§F§0§0§0§0§lr§x§F§F§0§8§0§0§ld §x§F§F§1§7§0§0§lD§x§F§F§1§F§0§0§la§x§F§F§2§7§0§0§lg§x§F§F§2§F§0§0§lg§x§F§F§3§6§0§0§le§x§F§F§3§E§0§0§lr in auction for 150000.
[18:01:42] > celinesanrio remove x1 §x§F§F§3§E§0§0§lD§x§F§F§3§6§0§0§le§x§F§F§2§F§0§0§lm§x§F§F§2§7§0§0§lo§x§F§F§1§F§0§0§ln §x§F§F§1§0§0§0§lL§x§F§F§0§8§0§0§lo§x§F§F§0§0§0§0§lr§x§F§F§0§8§0§0§ld §x§F§F§1§7§0§0§lS§x§F§F§1§F§0§0§li§x§F§F§2§7§0§0§lc§x§F§F§2§F§0§0§lk§x§F§F§3§6§0§0§ll§x§F§F§3§E§0§0§le from storage
[18:01:49] > HPMR_GaMerz remove x1 §eᴡɪᴛʜᴇʀ ꜱᴋᴇʟᴇᴛᴏɴ ꜱᴘᴀᴡɴᴇʀ from storage
[18:01:49] > HPMR_GaMerz remove x1 §eᴡɪᴛʜᴇʀ ꜱᴋᴇʟᴇᴛᴏɴ ꜱᴘᴀᴡɴᴇʀ from storage
[18:01:50] > celinesanrio added x1 §x§F§F§3§E§0§0§lD§x§F§F§3§6§0§0§le§x§F§F§2§F§0§0§lm§x§F§F§2§7§0§0§lo§x§F§F§1§F§0§0§ln §x§F§F§1§0§0§0§lL§x§F§F§0§8§0§0§lo§x§F§F§0§0§0§0§lr§x§F§F§0§8§0§0§ld §x§F§F§1§7§0§0§lS§x§F§F§1§F§0§0§li§x§F§F§2§7§0§0§lc§x§F§F§2§F§0§0§lk§x§F§F§3§6§0§0§ll§x§F§F§3§E§0§0§le in auction for 500000.
[18:01:53] > HPMR_GaMerz added x1 §x§E§5§1§B§1§B§lDracula Key in auction for 700000.
[18:02:24] > Pewpew added x4 Trial key in auction for 200000.
[18:02:25] > HPMR_GaMerz added x1 §x§E§5§1§B§1§B§lDracula Key in auction for 700000.
[18:02:36] > HPMR_GaMerz remove x1 Enchanted book from storage
[18:02:47] > Zypher_0w0 added x1 Please buy me in auction for 150000.
[18:02:54] > Zypher_0w0 added x1 Please buy me too in auction for 150000.
[18:03:45] > MilkeBread added x1 §x§C§9§A§7§F§C§lL§x§B§D§A§E§F§6§le§x§B§1§B§4§F§0§lg§x§A§6§B§B§E§A§le§x§9§A§C§1§E§4§ln§x§8§E§C§8§D§D§ld§x§8§2§C§E§D§7§la§x§7§7§D§5§D§1§lr§x§6§B§D§B§C§B§ly §x§6§B§D§B§C§B§lC§x§7§7§D§5§D§1§lr§x§8§2§C§E§D§7§la§x§8§E§C§8§D§D§lt§x§9§A§C§1§E§4§le §x§B§1§B§4§F§0§lK§x§B§D§A§E§F§6§le§x§C§9§A§7§F§C§ly in auction for 150000.
[18:03:48] > Zee_ remove x1 §x§F§F§5§5§0§0§lsᴇʟʟᴡᴀɴᴅ §6- 5.0x from storage
[18:03:51] > Zee_ remove x1 §x§F§F§7§C§0§0§lSteamsparks Wings from storage
[18:03:56] > MilkeBread added x1 §x§C§9§A§7§F§C§lL§x§B§D§A§E§F§6§le§x§B§1§B§4§F§0§lg§x§A§6§B§B§E§A§le§x§9§A§C§1§E§4§ln§x§8§E§C§8§D§D§ld§x§8§2§C§E§D§7§la§x§7§7§D§5§D§1§lr§x§6§B§D§B§C§B§ly §x§6§B§D§B§C§B§lC§x§7§7§D§5§D§1§lr§x§8§2§C§E§D§7§la§x§8§E§C§8§D§D§lt§x§9§A§C§1§E§4§le §x§B§1§B§4§F§0§lK§x§B§D§A§E§F§6§le§x§C§9§A§7§F§C§ly in auction for 100000.
[18:04:01] > grit_zy buy x1 §x§C§9§A§7§F§C§lL§x§B§D§A§E§F§6§le§x§B§1§B§4§F§0§lg§x§A§6§B§B§E§A§le§x§9§A§C§1§E§4§ln§x§8§E§C§8§D§D§ld§x§8§2§C§E§D§7§la§x§7§7§D§5§D§1§lr§x§6§B§D§B§C§B§ly §x§6§B§D§B§C§B§lC§x§7§7§D§5§D§1§lr§x§8§2§C§E§D§7§la§x§8§E§C§8§D§D§lt§x§9§A§C§1§E§4§le §x§B§1§B§4§F§0§lK§x§B§D§A§E§F§6§le§x§C§9§A§7§F§C§ly to MilkeBread for $100 000.
[18:04:03] > MilkeBread added x1 §x§C§9§A§7§F§C§lL§x§B§D§A§E§F§6§le§x§B§1§B§4§F§0§lg§x§A§6§B§B§E§A§le§x§9§A§C§1§E§4§ln§x§8§E§C§8§D§D§ld§x§8§2§C§E§D§7§la§x§7§7§D§5§D§1§lr§x§6§B§D§B§C§B§ly §x§6§B§D§B§C§B§lC§x§7§7§D§5§D§1§lr§x§8§2§C§E§D§7§la§x§8§E§C§8§D§D§lt§x§9§A§C§1§E§4§le §x§B§1§B§4§F§0§lK§x§B§D§A§E§F§6§le§x§C§9§A§7§F§C§ly in auction for 100000.
[18:04:12] > MilkeBread added x1 §x§C§9§A§7§F§C§lL§x§B§D§A§E§F§6§le§x§B§1§B§4§F§0§lg§x§A§6§B§B§E§A§le§x§9§A§C§1§E§4§ln§x§8§E§C§8§D§D§ld§x§8§2§C§E§D§7§la§x§7§7§D§5§D§1§lr§x§6§B§D§B§C§B§ly §x§6§B§D§B§C§B§lC§x§7§7§D§5§D§1§lr§x§8§2§C§E§D§7§la§x§8§E§C§8§D§D§lt§x§9§A§C§1§E§4§le §x§B§1§B§4§F§0§lK§x§B§D§A§E§F§6§le§x§C§9§A§7§F§C§ly in auction for 100000.
[18:04:27] > celinesanrio buy x1 §x§C§9§A§7§F§C§lL§x§B§D§A§E§F§6§le§x§B§1§B§4§F§0§lg§x§A§6§B§B§E§A§le§x§9§A§C§1§E§4§ln§x§8§E§C§8§D§D§ld§x§8§2§C§E§D§7§la§x§7§7§D§5§D§1§lr§x§6§B§D§B§C§B§ly §x§6§B§D§B§C§B§lC§x§7§7§D§5§D§1§lr§x§8§2§C§E§D§7§la§x§8§E§C§8§D§D§lt§x§9§A§C§1§E§4§le §x§B§1§B§4§F§0§lK§x§B§D§A§E§F§6§le§x§C§9§A§7§F§C§ly to MilkeBread for $100 000.
[18:04:30] > celinesanrio buy x1 §x§C§9§A§7§F§C§lL§x§B§D§A§E§F§6§le§x§B§1§B§4§F§0§lg§x§A§6§B§B§E§A§le§x§9§A§C§1§E§4§ln§x§8§E§C§8§D§D§ld§x§8§2§C§E§D§7§la§x§7§7§D§5§D§1§lr§x§6§B§D§B§C§B§ly §x§6§B§D§B§C§B§lC§x§7§7§D§5§D§1§lr§x§8§2§C§E§D§7§la§x§8§E§C§8§D§D§lt§x§9§A§C§1§E§4§le §x§B§1§B§4§F§0§lK§x§B§D§A§E§F§6§le§x§C§9§A§7§F§C§ly to MilkeBread for $100 000.
[18:04:33] > celinesanrio buy x1 §x§C§9§A§7§F§C§lL§x§B§D§A§E§F§6§le§x§B§1§B§4§F§0§lg§x§A§6§B§B§E§A§le§x§9§A§C§1§E§4§ln§x§8§E§C§8§D§D§ld§x§8§2§C§E§D§7§la§x§7§7§D§5§D§1§lr§x§6§B§D§B§C§B§ly §x§6§B§D§B§C§B§lC§x§7§7§D§5§D§1§lr§x§8§2§C§E§D§7§la§x§8§E§C§8§D§D§lt§x§9§A§C§1§E§4§le §x§B§1§B§4§F§0§lK§x§B§D§A§E§F§6§le§x§C§9§A§7§F§C§ly to MilkeBread for $150 000.
[18:06:15] > celinesanrio added x1 §f§l§x§F§C§D§0§5§CW§x§F§B§A§D§4§Du§x§F§9§8§B§3§Dk§x§F§8§6§8§2§Eo§x§F§6§4§5§1§Fn§x§F§5§2§3§0§Fg§x§F§3§0§0§0§0 §x§F§5§2§3§0§FD§x§F§6§4§5§1§Fa§x§F§8§6§8§2§Eg§x§F§9§8§B§3§Dg§x§F§B§A§D§4§De§x§F§C§D§0§5§Cr in auction for 1000000.
[18:10:07] > celinesanrio added x1 §x§F§F§3§E§0§0§lD§x§F§F§3§7§0§0§le§x§F§F§3§0§0§0§lm§x§F§F§2§9§0§0§lo§x§F§F§2§2§0§0§ln §x§F§F§1§5§0§0§lL§x§F§F§0§E§0§0§lo§x§F§F§0§7§0§0§lr§x§F§F§0§0§0§0§ld §x§F§F§0§E§0§0§lF§x§F§F§1§5§0§0§lr§x§F§F§1§C§0§0§la§x§F§F§2§2§0§0§lg§x§F§F§2§9§0§0§lm§x§F§F§3§0§0§0§le§x§F§F§3§7§0§0§ln§x§F§F§3§E§0§0§lt in auction for 200000.
[18:10:16] > celinesanrio added x1 §x§F§F§3§E§0§0§lD§x§F§F§3§7§0§0§le§x§F§F§3§0§0§0§lm§x§F§F§2§9§0§0§lo§x§F§F§2§2§0§0§ln §x§F§F§1§5§0§0§lL§x§F§F§0§E§0§0§lo§x§F§F§0§7§0§0§lr§x§F§F§0§0§0§0§ld §x§F§F§0§E§0§0§lF§x§F§F§1§5§0§0§lr§x§F§F§1§C§0§0§la§x§F§F§2§2§0§0§lg§x§F§F§2§9§0§0§lm§x§F§F§3§0§0§0§le§x§F§F§3§7§0§0§ln§x§F§F§3§E§0§0§lt in auction for 200000.
[18:10:36] > HPMR_GaMerz remove x8 §x§F§C§D§0§5§C§lB§x§E§6§D§3§6§B§la§x§C§F§D§5§7§A§ls§x§B§9§D§8§8§9§li§x§A§2§D§A§9§8§lc §x§7§5§D§F§B§6§lC§x§5§F§E§2§C§5§lr§x§7§5§D§F§B§6§la§x§8§C§D§D§A§7§lt§x§A§2§D§A§9§8§le §x§C§F§D§5§7§A§lK§x§E§6§D§3§6§B§le§x§F§C§D§0§5§C§ly from storage
[18:10:43] > HPMR_GaMerz added x1 Name tag in auction for 50000.
[18:10:51] > celinesanrio remove x1 §f§l§x§F§C§D§0§5§CW§x§F§B§A§D§4§Du§x§F§9§8§B§3§Dk§x§F§8§6§8§2§Eo§x§F§6§4§5§1§Fn§x§F§5§2§3§0§Fg§x§F§3§0§0§0§0 §x§F§5§2§3§0§FD§x§F§6§4§5§1§Fa§x§F§8§6§8§2§Eg§x§F§9§8§B§3§Dg§x§F§B§A§D§4§De§x§F§C§D§0§5§Cr from storage
[18:10:53] > celinesanrio added x38 Name tag in auction for 72000.
[18:11:08] > HPMR_GaMerz remove x1 Name tag from storage
[18:11:16] > HPMR_GaMerz added x1 Name tag in auction for 2000.
[18:14:40] > Teshii added x1 §x§F§F§3§E§0§0§lD§x§F§F§3§7§0§0§le§x§F§F§3§0§0§0§lm§x§F§F§2§9§0§0§lo§x§F§F§2§2§0§0§ln §x§F§F§1§5§0§0§lL§x§F§F§0§E§0§0§lo§x§F§F§0§7§0§0§lr§x§F§F§0§0§0§0§ld §x§F§F§0§E§0§0§lF§x§F§F§1§5§0§0§lr§x§F§F§1§C§0§0§la§x§F§F§2§2§0§0§lg§x§F§F§2§9§0§0§lm§x§F§F§3§0§0§0§le§x§F§F§3§7§0§0§ln§x§F§F§3§E§0§0§lt in auction for 200000.
[18:15:08] > celinesanrio remove x38 Name tag from storage
[18:15:11] > celinesanrio added x1 §x§F§F§3§E§0§0§lD§x§F§F§3§7§0§0§le§x§F§F§3§0§0§0§lm§x§F§F§2§9§0§0§lo§x§F§F§2§2§0§0§ln §x§F§F§1§5§0§0§lL§x§F§F§0§E§0§0§lo§x§F§F§0§7§0§0§lr§x§F§F§0§0§0§0§ld §x§F§F§0§E§0§0§lF§x§F§F§1§5§0§0§lr§x§F§F§1§C§0§0§la§x§F§F§2§2§0§0§lg§x§F§F§2§9§0§0§lm§x§F§F§3§0§0§0§le§x§F§F§3§7§0§0§ln§x§F§F§3§E§0§0§lt in auction for 200000.
[18:15:31] > celinesanrio remove x1 Enchanted book from storage
[18:15:38] > celinesanrio added x1 Enchanted book in auction for 10000.
[18:15:59] > HPMR_GaMerz remove x1 Name tag from storage
[18:16:04] > HPMR_GaMerz remove x1 Name tag from expire
[18:16:06] > HPMR_GaMerz remove x1 §x§F§0§7§A§5§4§lZombie Apocalyptic Key from expire
[18:16:18] > HPMR_GaMerz added x1 §x§F§0§7§A§5§4§lZombie Apocalyptic Key in auction for 500000.
[18:18:00] > giyahnpogi added x1 §x§C§9§A§7§F§C§lL§x§B§D§A§E§F§6§le§x§B§1§B§4§F§0§lg§x§A§6§B§B§E§A§le§x§9§A§C§1§E§4§ln§x§8§E§C§8§D§D§ld§x§8§2§C§E§D§7§la§x§7§7§D§5§D§1§lr§x§6§B§D§B§C§B§ly §x§6§B§D§B§C§B§lC§x§7§7§D§5§D§1§lr§x§8§2§C§E§D§7§la§x§8§E§C§8§D§D§lt§x§9§A§C§1§E§4§le §x§B§1§B§4§F§0§lK§x§B§D§A§E§F§6§le§x§C§9§A§7§F§C§ly in auction for 200000.
[18:18:34] > celinesanrio remove x1 §x§F§F§3§E§0§0§lDemon Lord Wings from storage
[18:18:35] > celinesanrio remove x1 §x§F§F§3§E§0§0§lD§x§F§F§3§6§0§0§le§x§F§F§2§F§0§0§lm§x§F§F§2§7§0§0§lo§x§F§F§1§F§0§0§ln §x§F§F§1§0§0§0§lL§x§F§F§0§8§0§0§lo§x§F§F§0§0§0§0§lr§x§F§F§0§8§0§0§ld §x§F§F§1§7§0§0§lS§x§F§F§1§F§0§0§li§x§F§F§2§7§0§0§lc§x§F§F§2§F§0§0§lk§x§F§F§3§6§0§0§ll§x§F§F§3§E§0§0§le from storage
[18:18:48] > celinesanrio remove x1 Shulker box from storage
[18:18:52] > celinesanrio added x1 §x§F§F§3§E§0§0§lD§x§F§F§3§7§0§0§le§x§F§F§3§0§0§0§lm§x§F§F§2§9§0§0§lo§x§F§F§2§2§0§0§ln §x§F§F§1§5§0§0§lL§x§F§F§0§E§0§0§lo§x§F§F§0§7§0§0§lr§x§F§F§0§0§0§0§ld §x§F§F§0§E§0§0§lF§x§F§F§1§5§0§0§lr§x§F§F§1§C§0§0§la§x§F§F§2§2§0§0§lg§x§F§F§2§9§0§0§lm§x§F§F§3§0§0§0§le§x§F§F§3§7§0§0§ln§x§F§F§3§E§0§0§lt in auction for 200000.
[18:19:02] > celinesanrio added x1 Shulker box in auction for 200000.
[18:19:07] > celinesanrio remove x1 27 of 24karat golden labubus from storage
[18:19:14] > celinesanrio added x1 27 of 24karat golden labubus in auction for 275000.
[18:19:23] > celinesanrio added x1 §x§F§F§3§E§0§0§lD§x§F§F§3§6§0§0§le§x§F§F§2§F§0§0§lm§x§F§F§2§7§0§0§lo§x§F§F§1§F§0§0§ln §x§F§F§1§0§0§0§lL§x§F§F§0§8§0§0§lo§x§F§F§0§0§0§0§lr§x§F§F§0§8§0§0§ld §x§F§F§1§7§0§0§lS§x§F§F§1§F§0§0§li§x§F§F§2§7§0§0§lc§x§F§F§2§F§0§0§lk§x§F§F§3§6§0§0§ll§x§F§F§3§E§0§0§le in auction for 500000.
[18:20:25] > ameeelia remove x1 §x§F§F§3§E§0§0§lD§x§F§F§3§5§0§0§le§x§F§F§2§C§0§0§lm§x§F§F§2§3§0§0§lo§x§F§F§1§B§0§0§ln §x§F§F§0§9§0§0§lL§x§F§F§0§0§0§0§lo§x§F§F§0§A§0§0§lr§x§F§F§1§5§0§0§ld §x§F§F§2§9§0§0§lH§x§F§F§3§4§0§0§lo§x§F§F§3§E§0§0§le form storage
[18:20:59] > celinesanrio remove x1 §x§F§F§3§E§0§0§lD§x§F§F§3§7§0§0§le§x§F§F§3§0§0§0§lm§x§F§F§2§9§0§0§lo§x§F§F§2§2§0§0§ln §x§F§F§1§5§0§0§lL§x§F§F§0§E§0§0§lo§x§F§F§0§7§0§0§lr§x§F§F§0§0§0§0§ld §x§F§F§0§E§0§0§lF§x§F§F§1§5§0§0§lr§x§F§F§1§C§0§0§la§x§F§F§2§2§0§0§lg§x§F§F§2§9§0§0§lm§x§F§F§3§0§0§0§le§x§F§F§3§7§0§0§ln§x§F§F§3§E§0§0§lt from storage
[18:20:59] > celinesanrio remove x1 §x§F§F§3§E§0§0§lD§x§F§F§3§7§0§0§le§x§F§F§3§0§0§0§lm§x§F§F§2§9§0§0§lo§x§F§F§2§2§0§0§ln §x§F§F§1§5§0§0§lL§x§F§F§0§E§0§0§lo§x§F§F§0§7§0§0§lr§x§F§F§0§0§0§0§ld §x§F§F§0§E§0§0§lF§x§F§F§1§5§0§0§lr§x§F§F§1§C§0§0§la§x§F§F§2§2§0§0§lg§x§F§F§2§9§0§0§lm§x§F§F§3§0§0§0§le§x§F§F§3§7§0§0§ln§x§F§F§3§E§0§0§lt from storage
[18:21:00] > celinesanrio remove x1 §x§F§F§3§E§0§0§lD§x§F§F§3§7§0§0§le§x§F§F§3§0§0§0§lm§x§F§F§2§9§0§0§lo§x§F§F§2§2§0§0§ln §x§F§F§1§5§0§0§lL§x§F§F§0§E§0§0§lo§x§F§F§0§7§0§0§lr§x§F§F§0§0§0§0§ld §x§F§F§0§E§0§0§lF§x§F§F§1§5§0§0§lr§x§F§F§1§C§0§0§la§x§F§F§2§2§0§0§lg§x§F§F§2§9§0§0§lm§x§F§F§3§0§0§0§le§x§F§F§3§7§0§0§ln§x§F§F§3§E§0§0§lt from storage
[18:21:00] > celinesanrio remove x1 §x§F§F§3§E§0§0§lD§x§F§F§3§7§0§0§le§x§F§F§3§0§0§0§lm§x§F§F§2§9§0§0§lo§x§F§F§2§2§0§0§ln §x§F§F§1§5§0§0§lL§x§F§F§0§E§0§0§lo§x§F§F§0§7§0§0§lr§x§F§F§0§0§0§0§ld §x§F§F§0§E§0§0§lF§x§F§F§1§5§0§0§lr§x§F§F§1§C§0§0§la§x§F§F§2§2§0§0§lg§x§F§F§2§9§0§0§lm§x§F§F§3§0§0§0§le§x§F§F§3§7§0§0§ln§x§F§F§3§E§0§0§lt from storage
[18:21:08] > celinesanrio added x4 §x§F§F§3§E§0§0§lD§x§F§F§3§7§0§0§le§x§F§F§3§0§0§0§lm§x§F§F§2§9§0§0§lo§x§F§F§2§2§0§0§ln §x§F§F§1§5§0§0§lL§x§F§F§0§E§0§0§lo§x§F§F§0§7§0§0§lr§x§F§F§0§0§0§0§ld §x§F§F§0§E§0§0§lF§x§F§F§1§5§0§0§lr§x§F§F§1§C§0§0§la§x§F§F§2§2§0§0§lg§x§F§F§2§9§0§0§lm§x§F§F§3§0§0§0§le§x§F§F§3§7§0§0§ln§x§F§F§3§E§0§0§lt in auction for 750000.
[18:21:14] > celinesanrio added x1 §x§F§F§3§E§0§0§lDemon Lord Wings in auction for 1250000.
[18:22:54] > HPMR_GaMerz added x1 §x§C§9§A§7§F§C§lL§x§B§D§A§E§F§6§le§x§B§1§B§4§F§0§lg§x§A§6§B§B§E§A§le§x§9§A§C§1§E§4§ln§x§8§E§C§8§D§D§ld§x§8§2§C§E§D§7§la§x§7§7§D§5§D§1§lr§x§6§B§D§B§C§B§ly §x§6§B§D§B§C§B§lC§x§7§7§D§5§D§1§lr§x§8§2§C§E§D§7§la§x§8§E§C§8§D§D§lt§x§9§A§C§1§E§4§le §x§B§1§B§4§F§0§lK§x§B§D§A§E§F§6§le§x§C§9§A§7§F§C§ly in auction for 200000.
[18:23:54] > Zypher_0w0 added x32 Slime ball in auction for 640.
[18:24:46] > celinesanrio added x1 §x§F§F§7§C§0§0§lSteamsparks Blade in auction for 250000.
[18:24:51] > celinesanrio added x1 §x§F§F§7§C§0§0§lSteamsparks Shovel in auction for 200000.
[18:25:02] > ameeelia buy x32 Slime ball to Zypher_0w0 for $640.
[18:27:21] > Teshii remove x7 Wither skeleton skull from storage
[18:27:22] > Teshii remove x1 §x§F§F§3§E§0§0§lD§x§F§F§3§7§0§0§le§x§F§F§3§0§0§0§lm§x§F§F§2§9§0§0§lo§x§F§F§2§2§0§0§ln §x§F§F§1§5§0§0§lL§x§F§F§0§E§0§0§lo§x§F§F§0§7§0§0§lr§x§F§F§0§0§0§0§ld §x§F§F§0§E§0§0§lF§x§F§F§1§5§0§0§lr§x§F§F§1§C§0§0§la§x§F§F§2§2§0§0§lg§x§F§F§2§9§0§0§lm§x§F§F§3§0§0§0§le§x§F§F§3§7§0§0§ln§x§F§F§3§E§0§0§lt from storage
[18:27:23] > Teshii remove x1 §x§F§F§3§E§0§0§lDemon Lord Wings from storage
[18:27:34] > Teshii added x1 §x§F§F§3§E§0§0§lDemon Lord Wings in auction for 1250000.
[18:27:45] > Teshii added x1 §x§F§F§3§E§0§0§lD§x§F§F§3§7§0§0§le§x§F§F§3§0§0§0§lm§x§F§F§2§9§0§0§lo§x§F§F§2§2§0§0§ln §x§F§F§1§5§0§0§lL§x§F§F§0§E§0§0§lo§x§F§F§0§7§0§0§lr§x§F§F§0§0§0§0§ld §x§F§F§0§E§0§0§lF§x§F§F§1§5§0§0§lr§x§F§F§1§C§0§0§la§x§F§F§2§2§0§0§lg§x§F§F§2§9§0§0§lm§x§F§F§3§0§0§0§le§x§F§F§3§7§0§0§ln§x§F§F§3§E§0§0§lt in auction for 150000.
[18:28:56] > Zypher_0w0 added x1 Ender chest in auction for 15000.
[18:29:05] > HPMR_GaMerz buy x1 Ender chest to Zypher_0w0 for $15 000.
[18:33:00] > Zypher_0w0 added x4 Resin brick in auction for 80000.
[18:41:47] > Zypher_0w0 remove x1 some TNT? from expire
[18:41:49] > llhxnce remove x1 §x§F§F§5§5§0§0§lsᴇʟʟᴡᴀɴᴅ §6- 5.0x from expire
[18:42:03] > llhxnce added x1 §x§F§F§5§5§0§0§lsᴇʟʟᴡᴀɴᴅ §6- 5.0x in auction for 450000.
[18:42:05] > Zypher_0w0 remove x4 Resin brick from storage
[18:42:16] > Zypher_0w0 added x1 some TNT? in auction for 150000.
[18:42:22] > Zypher_0w0 buy x1 §x§F§F§5§5§0§0§lsᴇʟʟᴡᴀɴᴅ §6- 5.0x to llhxnce for $450 000.
[18:45:25] > llhxnce buy x1 §x§F§0§7§A§5§4§lZombie Apocalyptic Sword to TostyZura for $100 000.
[18:46:23] > Bestofphilipine added x1 §x§C§9§A§7§F§C§lL§x§B§D§A§E§F§6§le§x§B§1§B§4§F§0§lg§x§A§6§B§B§E§A§le§x§9§A§C§1§E§4§ln§x§8§E§C§8§D§D§ld§x§8§2§C§E§D§7§la§x§7§7§D§5§D§1§lr§x§6§B§D§B§C§B§ly §x§6§B§D§B§C§B§lC§x§7§7§D§5§D§1§lr§x§8§2§C§E§D§7§la§x§8§E§C§8§D§D§lt§x§9§A§C§1§E§4§le §x§B§1§B§4§F§0§lK§x§B§D§A§E§F§6§le§x§C§9§A§7§F§C§ly in auction for 100000.
[18:46:27] > grit_zy buy x1 §x§C§9§A§7§F§C§lL§x§B§D§A§E§F§6§le§x§B§1§B§4§F§0§lg§x§A§6§B§B§E§A§le§x§9§A§C§1§E§4§ln§x§8§E§C§8§D§D§ld§x§8§2§C§E§D§7§la§x§7§7§D§5§D§1§lr§x§6§B§D§B§C§B§ly §x§6§B§D§B§C§B§lC§x§7§7§D§5§D§1§lr§x§8§2§C§E§D§7§la§x§8§E§C§8§D§D§lt§x§9§A§C§1§E§4§le §x§B§1§B§4§F§0§lK§x§B§D§A§E§F§6§le§x§C§9§A§7§F§C§ly to Bestofphilipine for $100 000.
[18:55:09] > celinesanrio remove x4 §x§F§F§3§E§0§0§lD§x§F§F§3§7§0§0§le§x§F§F§3§0§0§0§lm§x§F§F§2§9§0§0§lo§x§F§F§2§2§0§0§ln §x§F§F§1§5§0§0§lL§x§F§F§0§E§0§0§lo§x§F§F§0§7§0§0§lr§x§F§F§0§0§0§0§ld §x§F§F§0§E§0§0§lF§x§F§F§1§5§0§0§lr§x§F§F§1§C§0§0§la§x§F§F§2§2§0§0§lg§x§F§F§2§9§0§0§lm§x§F§F§3§0§0§0§le§x§F§F§3§7§0§0§ln§x§F§F§3§E§0§0§lt from storage
[18:55:11] > celinesanrio added x1 HATS in auction for 1000000.
[18:55:15] > celinesanrio remove x1 §x§6§0§0§0§F§F§lɢᴏᴅʟʏ ɪᴛᴇᴍ from storage
[18:55:15] > celinesanrio remove x1 §x§6§0§0§0§F§F§lɢᴏᴅʟʏ ɪᴛᴇᴍ from storage
[18:56:06] > celinesanrio added x1 §x§6§0§0§0§F§F§lɢᴏᴅʟʏ ɪᴛᴇᴍ in auction for 6000000.
[18:56:10] > celinesanrio remove x1 Enchanted book from storage
[18:56:13] > celinesanrio added x1 §x§6§0§0§0§F§F§lɢᴏᴅʟʏ ɪᴛᴇᴍ in auction for 6000000.
[18:56:41] > llhxnce buy x1 §x§F§F§3§E§0§0§lD§x§F§F§3§8§0§0§le§x§F§F§3§2§0§0§lm§x§F§F§2§B§0§0§lo§x§F§F§2§5§0§0§ln §x§F§F§1§9§0§0§lL§x§F§F§1§3§0§0§lo§x§F§F§0§C§0§0§lr§x§F§F§0§6§0§0§ld §x§F§F§0§7§0§0§lC§x§F§F§0§E§0§0§lh§x§F§F§1§5§0§0§le§x§F§F§1§C§0§0§ls§x§F§F§2§2§0§0§lp§x§F§F§2§9§0§0§ll§x§F§F§3§0§0§0§la§x§F§F§3§7§0§0§lt§x§F§F§3§E§0§0§le to .Kenku1001 for $150 000.
[18:57:06] > TostyZura buy x1 §x§3§1§3§7§F§F§lS§x§3§7§4§C§F§8§lp§x§3§D§6§2§F§1§la§x§4§2§7§7§E§9§lw§x§4§8§8§D§E§2§ln§x§4§E§A§2§D§B§le§x§5§4§B§7§D§4§lr §x§5§F§E§2§C§5§lC§x§5§9§C§D§C§C§lr§x§5§4§B§7§D§4§la§x§4§E§A§2§D§B§lt§x§4§8§8§D§E§2§le §x§3§D§6§2§F§1§lK§x§3§7§4§C§F§8§le§x§3§1§3§7§F§F§ly to HPMR_GaMerz for $200 000.
[18:57:51] > TostyZura added x1 §eᴢᴏᴍʙɪᴇ sᴘᴀᴡɴᴇʀ in auction for 200000.
[18:57:55] > celinesanrio buy x1 §eᴢᴏᴍʙɪᴇ sᴘᴀᴡɴᴇʀ to TostyZura for $200 000.
[18:58:06] > CeeJaiye added x1 §eᴡɪᴛʜᴇʀ ꜱᴋᴇʟᴇᴛᴏɴ ꜱᴘᴀᴡɴᴇʀ in auction for 300000.
[18:58:52] > celinesanrio added x1 §x§F§F§5§5§0§0§lsᴇʟʟᴡᴀɴᴅ §6- 5.0x in auction for 650000.
[18:59:14] > celinesanrio remove x1 HATS from storage
[18:59:18] > CeeJaiye added x1 §x§F§F§3§E§0§0§lD§x§F§F§3§6§0§0§le§x§F§F§2§F§0§0§lm§x§F§F§2§7§0§0§lo§x§F§F§1§F§0§0§ln §x§F§F§1§0§0§0§lL§x§F§F§0§8§0§0§lo§x§F§F§0§0§0§0§lr§x§F§F§0§8§0§0§ld §x§F§F§1§7§0§0§lH§x§F§F§1§F§0§0§le§x§F§F§2§7§0§0§ll§x§F§F§2§F§0§0§lm§x§F§F§3§6§0§0§le§x§F§F§3§E§0§0§lt in auction for 200000.
[18:59:20] > celinesanrio added x1 HATS in auction for 750000.
[19:00:01] > CeeJaiye added x1 §x§F§0§7§A§5§4§lZombie Apocalyptic Hoe in auction for 150000.
[19:00:15] > CeeJaiye added x1 §x§F§F§3§E§0§0§lD§x§F§F§3§5§0§0§le§x§F§F§2§C§0§0§lm§x§F§F§2§3§0§0§lo§x§F§F§1§B§0§0§ln §x§F§F§0§9§0§0§lL§x§F§F§0§0§0§0§lo§x§F§F§0§A§0§0§lr§x§F§F§1§5§0§0§ld §x§F§F§2§9§0§0§lH§x§F§F§3§4§0§0§lo§x§F§F§3§E§0§0§le in auction for 150000.
[19:02:10] > giyahnpogi remove x1 §x§C§9§A§7§F§C§lL§x§B§D§A§E§F§6§le§x§B§1§B§4§F§0§lg§x§A§6§B§B§E§A§le§x§9§A§C§1§E§4§ln§x§8§E§C§8§D§D§ld§x§8§2§C§E§D§7§la§x§7§7§D§5§D§1§lr§x§6§B§D§B§C§B§ly §x§6§B§D§B§C§B§lC§x§7§7§D§5§D§1§lr§x§8§2§C§E§D§7§la§x§8§E§C§8§D§D§lt§x§9§A§C§1§E§4§le §x§B§1§B§4§F§0§lK§x§B§D§A§E§F§6§le§x§C§9§A§7§F§C§ly from storage
[19:02:22] > celinesanrio remove x1 HATS from storage
[19:02:28] > celinesanrio added x1 HATS in auction for 500000.
[19:02:48] > celinesanrio remove x1 Shulker box from storage
[19:02:55] > celinesanrio remove x1 HATS from storage
[19:03:02] > celinesanrio added x1 Shulker box in auction for 150000.
[19:03:34] > celinesanrio added x1 HATS in auction for 500000.
[19:03:41] > celinesanrio remove x1 §x§F§F§5§5§0§0§lsᴇʟʟᴡᴀɴᴅ §6- 5.0x from storage
[19:05:39] > kopo555 added x1 §x§F§F§5§5§0§0§lsᴇʟʟᴡᴀɴᴅ §6- 10.0x in auction for 1000000.
[19:18:40] > Zypher_0w0 remove x64 Wither skeleton skull from storage
[19:18:48] > Zypher_0w0 added x64 Cobweb in auction for 60000.
[19:25:31] > celinesanrio added x1 Enchanted book in auction for 10000.
[19:26:15] > Rain_Reinn buy x1 §fGhost Hat to Zypher_0w0 for $150 000.
[19:27:12] > celinesanrio remove x1 Enchanted book from storage
[19:27:14] > celinesanrio added x4 §x§F§F§3§E§0§0§lD§x§F§F§3§7§0§0§le§x§F§F§3§0§0§0§lm§x§F§F§2§9§0§0§lo§x§F§F§2§2§0§0§ln §x§F§F§1§5§0§0§lL§x§F§F§0§E§0§0§lo§x§F§F§0§7§0§0§lr§x§F§F§0§0§0§0§ld §x§F§F§0§E§0§0§lF§x§F§F§1§5§0§0§lr§x§F§F§1§C§0§0§la§x§F§F§2§2§0§0§lg§x§F§F§2§9§0§0§lm§x§F§F§3§0§0§0§le§x§F§F§3§7§0§0§ln§x§F§F§3§E§0§0§lt in auction for 600000.
[19:32:12] > Zypher_0w0 added x4 Eye armor trim smithing template in auction for 200000.
[19:33:30] > kopo555 buy x1 Shulker box to celinesanrio for $150 000.
[19:34:01] > celinesanrio added x1 §f§l§x§F§C§D§0§5§CW§x§F§B§A§D§4§Du§x§F§9§8§B§3§Dk§x§F§8§6§8§2§Eo§x§F§6§4§5§1§Fn§x§F§5§2§3§0§Fg§x§F§3§0§0§0§0 §x§F§5§2§3§0§FD§x§F§6§4§5§1§Fa§x§F§8§6§8§2§Eg§x§F§9§8§B§3§Dg§x§F§B§A§D§4§De§x§F§C§D§0§5§Cr in auction for 1000000.
[19:40:20] > leafsmh added x64 Tnt in auction for 6000.
[19:51:31] > leafsmh added x64 Tnt in auction for 5600.
[20:01:01] > llhxnce added x1 §x§F§0§7§A§5§4§lZombie Apocalyptic Helmet in auction for 250000.
[20:01:18] > llhxnce added x1 §x§F§0§7§A§5§4§lZombie Apocalyptic Pistol in auction for 200000.
[20:01:57] > celinesanrio remove x4 §x§F§F§3§E§0§0§lD§x§F§F§3§7§0§0§le§x§F§F§3§0§0§0§lm§x§F§F§2§9§0§0§lo§x§F§F§2§2§0§0§ln §x§F§F§1§5§0§0§lL§x§F§F§0§E§0§0§lo§x§F§F§0§7§0§0§lr§x§F§F§0§0§0§0§ld §x§F§F§0§E§0§0§lF§x§F§F§1§5§0§0§lr§x§F§F§1§C§0§0§la§x§F§F§2§2§0§0§lg§x§F§F§2§9§0§0§lm§x§F§F§3§0§0§0§le§x§F§F§3§7§0§0§ln§x§F§F§3§E§0§0§lt from storage
[20:02:07] > celinesanrio added x1 §x§F§0§7§A§5§4§lZombie Apocalyptic Key in auction for 350000.
[20:02:14] > mauserdart buy x1 §x§F§0§7§A§5§4§lZombie Apocalyptic Key to celinesanrio for $350 000.
[20:02:16] > celinesanrio added x1 §x§F§0§7§A§5§4§lZombie Apocalyptic Key in auction for 350000.
[20:02:22] > mauserdart buy x1 §x§F§0§7§A§5§4§lZombie Apocalyptic Key to celinesanrio for $350 000.
[20:02:23] > celinesanrio added x1 §x§F§0§7§A§5§4§lZombie Apocalyptic Key in auction for 350000.
[20:02:26] > mauserdart buy x1 §x§F§0§7§A§5§4§lZombie Apocalyptic Key to celinesanrio for $350 000.
[20:02:29] > celinesanrio added x1 §x§F§0§7§A§5§4§lZombie Apocalyptic Key in auction for 350000.
[20:02:34] > MilkeBread buy x1 §eᴡɪᴛʜᴇʀ ꜱᴋᴇʟᴇᴛᴏɴ ꜱᴘᴀᴡɴᴇʀ to CeeJaiye for $300 000.
[20:03:26] > celinesanrio remove x1 §f§l§x§F§C§D§0§5§CW§x§F§B§A§D§4§Du§x§F§9§8§B§3§Dk§x§F§8§6§8§2§Eo§x§F§6§4§5§1§Fn§x§F§5§2§3§0§Fg§x§F§3§0§0§0§0 §x§F§5§2§3§0§FD§x§F§6§4§5§1§Fa§x§F§8§6§8§2§Eg§x§F§9§8§B§3§Dg§x§F§B§A§D§4§De§x§F§C§D§0§5§Cr from storage
[20:03:32] > celinesanrio remove x1 27 of 24karat golden labubus from storage
[20:03:35] > celinesanrio added x1 §x§F§0§7§A§5§4§lZombie Apocalyptic Key in auction for 350000.
[20:03:42] > celinesanrio added x1 §x§F§0§7§A§5§4§lZombie Apocalyptic Key in auction for 350000.
[20:04:04] > MilkeBread buy x1 §eʙʟᴀᴢᴇ sᴘᴀᴡɴᴇʀ to koshie for $250 000.
[20:04:12] > celinesanrio remove x1 §x§F§0§7§A§5§4§lZombie Apocalyptic Key from storage
[20:04:14] > celinesanrio added x4 §x§F§F§3§E§0§0§lD§x§F§F§3§7§0§0§le§x§F§F§3§0§0§0§lm§x§F§F§2§9§0§0§lo§x§F§F§2§2§0§0§ln §x§F§F§1§5§0§0§lL§x§F§F§0§E§0§0§lo§x§F§F§0§7§0§0§lr§x§F§F§0§0§0§0§ld §x§F§F§0§E§0§0§lF§x§F§F§1§5§0§0§lr§x§F§F§1§C§0§0§la§x§F§F§2§2§0§0§lg§x§F§F§2§9§0§0§lm§x§F§F§3§0§0§0§le§x§F§F§3§7§0§0§ln§x§F§F§3§E§0§0§lt in auction for 400000.
[20:04:23] > MilkeBread added x2 §x§C§9§A§7§F§C§lL§x§B§D§A§E§F§6§le§x§B§1§B§4§F§0§lg§x§A§6§B§B§E§A§le§x§9§A§C§1§E§4§ln§x§8§E§C§8§D§D§ld§x§8§2§C§E§D§7§la§x§7§7§D§5§D§1§lr§x§6§B§D§B§C§B§ly §x§6§B§D§B§C§B§lC§x§7§7§D§5§D§1§lr§x§8§2§C§E§D§7§la§x§8§E§C§8§D§D§lt§x§9§A§C§1§E§4§le §x§B§1§B§4§F§0§lK§x§B§D§A§E§F§6§le§x§C§9§A§7§F§C§ly in auction for 150000.
[20:04:31] > Bestofphilipine buy x2 §x§C§9§A§7§F§C§lL§x§B§D§A§E§F§6§le§x§B§1§B§4§F§0§lg§x§A§6§B§B§E§A§le§x§9§A§C§1§E§4§ln§x§8§E§C§8§D§D§ld§x§8§2§C§E§D§7§la§x§7§7§D§5§D§1§lr§x§6§B§D§B§C§B§ly §x§6§B§D§B§C§B§lC§x§7§7§D§5§D§1§lr§x§8§2§C§E§D§7§la§x§8§E§C§8§D§D§lt§x§9§A§C§1§E§4§le §x§B§1§B§4§F§0§lK§x§B§D§A§E§F§6§le§x§C§9§A§7§F§C§ly to MilkeBread for $150 000.
[20:04:56] > Unforce01 buy x4 §x§F§F§3§E§0§0§lD§x§F§F§3§7§0§0§le§x§F§F§3§0§0§0§lm§x§F§F§2§9§0§0§lo§x§F§F§2§2§0§0§ln §x§F§F§1§5§0§0§lL§x§F§F§0§E§0§0§lo§x§F§F§0§7§0§0§lr§x§F§F§0§0§0§0§ld §x§F§F§0§E§0§0§lF§x§F§F§1§5§0§0§lr§x§F§F§1§C§0§0§la§x§F§F§2§2§0§0§lg§x§F§F§2§9§0§0§lm§x§F§F§3§0§0§0§le§x§F§F§3§7§0§0§ln§x§F§F§3§E§0§0§lt to celinesanrio for $400 000.
[20:04:58] > celinesanrio added x1 §x§F§0§7§A§5§4§lZombie Apocalyptic Key in auction for 350000.
[20:05:11] > MrZyrus7228 buy x1 §x§F§0§7§A§5§4§lZombie Apocalyptic Pistol to llhxnce for $200 000.
[20:05:42] > celinesanrio remove x1 §x§F§0§7§A§5§4§lZombie Apocalyptic Key from storage
[20:05:46] > celinesanrio added x64 Emerald in auction for 64000.
[20:05:51] > Bestofphilipine buy x64 Emerald to celinesanrio for $64 000.
[20:05:52] > celinesanrio added x1 §x§F§0§7§A§5§4§lZombie Apocalyptic Key in auction for 350000.
[20:05:54] > Zenolite_ added x1 §x§F§0§7§A§5§4§lZombie Apocalyptic Halberd in auction for 100000.
[20:06:03] > Zenolite_ added x1 §x§F§0§7§A§5§4§lZombie Apocalyptic Shovel in auction for 150000.
[20:06:08] > celinesanrio remove x1 §x§F§0§7§A§5§4§lZombie Apocalyptic Key from storage
[20:06:09] > celinesanrio remove x1 §x§F§0§7§A§5§4§lZombie Apocalyptic Key from storage
[20:06:09] > celinesanrio remove x1 §x§F§0§7§A§5§4§lZombie Apocalyptic Key from storage
[20:06:17] > celinesanrio added x3 §x§F§0§7§A§5§4§lZombie Apocalyptic Key in auction for 1000000.
[20:06:27] > Zenolite_ added x1 §x§F§F§3§E§0§0§lD§x§F§F§3§5§0§0§le§x§F§F§2§C§0§0§lm§x§F§F§2§3§0§0§lo§x§F§F§1§B§0§0§ln §x§F§F§0§9§0§0§lL§x§F§F§0§0§0§0§lo§x§F§F§0§A§0§0§lr§x§F§F§1§5§0§0§ld §x§F§F§2§9§0§0§lH§x§F§F§3§4§0§0§lo§x§F§F§3§E§0§0§le in auction for 150000.
[20:06:37] > celinesanrio added x64 Emerald in auction for 64000.
[20:06:40] > namerikangel buy x1 §x§F§F§3§E§0§0§lD§x§F§F§3§6§0§0§le§x§F§F§2§F§0§0§lm§x§F§F§2§7§0§0§lo§x§F§F§1§F§0§0§ln §x§F§F§1§0§0§0§lL§x§F§F§0§8§0§0§lo§x§F§F§0§0§0§0§lr§x§F§F§0§8§0§0§ld §x§F§F§1§7§0§0§lH§x§F§F§1§F§0§0§le§x§F§F§2§7§0§0§ll§x§F§F§2§F§0§0§lm§x§F§F§3§6§0§0§le§x§F§F§3§E§0§0§lt to CeeJaiye for $200 000.
[20:06:43] > celinesanrio added x21 Emerald in auction for 21000.
[20:06:43] > llhxnce added x1 §fPanda Hat in auction for 20000.
[20:07:19] > celinesanrio remove x64 Emerald from storage
[20:07:20] > celinesanrio remove x21 Emerald from storage
[20:07:25] > MrZyrus7228 added x1 §x§F§0§7§A§5§4§lZombie Apocalyptic Pistol in auction for 250000.
[20:07:48] > celinesanrio added x1 §f§l§x§F§C§D§0§5§CW§x§F§B§A§D§4§Du§x§F§9§8§B§3§Dk§x§F§8§6§8§2§Eo§x§F§6§4§5§1§Fn§x§F§5§2§3§0§Fg§x§F§3§0§0§0§0 §x§F§5§2§3§0§FD§x§F§6§4§5§1§Fa§x§F§8§6§8§2§Eg§x§F§9§8§B§3§Dg§x§F§B§A§D§4§De§x§F§C§D§0§5§Cr in auction for 1000000.
[20:07:54] > celinesanrio added x1 27 of 24karat golden labubus in auction for 275000.
[20:08:08] > nicoso12 remove x1 §eᴢᴏᴍʙɪᴇ sᴘᴀᴡɴᴇʀ from storage
[20:08:09] > nicoso12 remove x1 §eɪʀᴏɴ ɢᴏʟᴇᴍ sᴘᴀᴡɴᴇʀ from storage
[20:08:21] > nicoso12 added x1 §x§F§0§7§A§5§4§lZombie Apocalyptic Boots in auction for 200000.
[20:08:30] > nicoso12 added x1 §eɪʀᴏɴ ɢᴏʟᴇᴍ sᴘᴀᴡɴᴇʀ in auction for 400000.
[20:09:34] > mauserdart added x1 §x§F§0§7§A§5§4§lZombie Apocalyptic Wing in auction for 4000000.
[20:09:34] > celinesanrio remove x3 §x§F§0§7§A§5§4§lZombie Apocalyptic Key from storage
[20:09:43] > celinesanrio added x1 §x§F§0§7§A§5§4§lZombie Apocalyptic Key in auction for 275000.
[20:09:56] > celinesanrio remove x1 §x§F§0§7§A§5§4§lZombie Apocalyptic Key from storage
[20:10:04] > celinesanrio added x3 §x§F§0§7§A§5§4§lZombie Apocalyptic Key in auction for 750000.
[20:12:31] > kopo555 remove x1 §x§F§F§5§5§0§0§lsᴇʟʟᴡᴀɴᴅ §6- 10.0x form storage
[20:13:03] > kopo555 added x1 §x§F§F§5§5§0§0§lsᴇʟʟᴡᴀɴᴅ §6- 10.0x in auction for 800000.
[20:13:09] > Zenolite_ buy x1 §x§F§F§5§5§0§0§lsᴇʟʟᴡᴀɴᴅ §6- 10.0x to kopo555 for $800 000.
[20:21:40] > Pewpew added x1 §x§F§0§7§A§5§4§lZombie Apocalyptic Baseballbat in auction for 400000.
[20:22:55] > Unforce01 added x1 §x§F§F§3§E§0§0§lD§x§F§F§3§6§0§0§le§x§F§F§2§F§0§0§lm§x§F§F§2§7§0§0§lo§x§F§F§1§F§0§0§ln §x§F§F§1§0§0§0§lL§x§F§F§0§8§0§0§lo§x§F§F§0§0§0§0§lr§x§F§F§0§9§0§0§ld §x§F§F§1§B§0§0§lB§x§F§F§2§3§0§0§lo§x§F§F§2§C§0§0§lo§x§F§F§3§5§0§0§lt§x§F§F§3§E§0§0§ls in auction for 350000.
[20:26:20] > Bestofphilipine added x1 Enchanted golden apple in auction for 200000.
[20:29:57] > Bestofphilipine remove x1 Enchanted golden apple from storage
[20:30:04] > Bestofphilipine added x5 Enchanted golden apple in auction for 500000.
[20:30:46] > Bestofphilipine remove x2 Nether star from storage
[20:30:47] > Bestofphilipine remove x5 Enchanted golden apple from storage
[20:31:06] > Bestofphilipine added x2 Nether star in auction for 125000.
[20:32:08] > Bestofphilipine added x5 Enchanted golden apple in auction for 400000.
[20:37:04] > Bestofphilipine added x5 §x§C§9§A§7§F§C§lL§x§B§D§A§E§F§6§le§x§B§1§B§4§F§0§lg§x§A§6§B§B§E§A§le§x§9§A§C§1§E§4§ln§x§8§E§C§8§D§D§ld§x§8§2§C§E§D§7§la§x§7§7§D§5§D§1§lr§x§6§B§D§B§C§B§ly §x§6§B§D§B§C§B§lC§x§7§7§D§5§D§1§lr§x§8§2§C§E§D§7§la§x§8§E§C§8§D§D§lt§x§9§A§C§1§E§4§le §x§B§1§B§4§F§0§lK§x§B§D§A§E§F§6§le§x§C§9§A§7§F§C§ly in auction for 625000.
[20:38:38] > Bestofphilipine remove x5 §x§C§9§A§7§F§C§lL§x§B§D§A§E§F§6§le§x§B§1§B§4§F§0§lg§x§A§6§B§B§E§A§le§x§9§A§C§1§E§4§ln§x§8§E§C§8§D§D§ld§x§8§2§C§E§D§7§la§x§7§7§D§5§D§1§lr§x§6§B§D§B§C§B§ly §x§6§B§D§B§C§B§lC§x§7§7§D§5§D§1§lr§x§8§2§C§E§D§7§la§x§8§E§C§8§D§D§lt§x§9§A§C§1§E§4§le §x§B§1§B§4§F§0§lK§x§B§D§A§E§F§6§le§x§C§9§A§7§F§C§ly from storage
[20:39:01] > Bestofphilipine added x1 §x§F§C§D§0§5§C§lB§x§E§6§D§3§6§B§la§x§C§F§D§5§7§A§ls§x§B§9§D§8§8§9§li§x§A§2§D§A§9§8§lc §x§7§5§D§F§B§6§lC§x§5§F§E§2§C§5§lr§x§7§5§D§F§B§6§la§x§8§C§D§D§A§7§lt§x§A§2§D§A§9§8§le §x§C§F§D§5§7§A§lK§x§E§6§D§3§6§B§le§x§F§C§D§0§5§C§ly in auction for 50000.
[20:40:50] > Bestofphilipine remove x2 Nether star from storage
[20:40:56] > Bestofphilipine added x2 Nether star in auction for 100000.
[20:44:37] > MrGh0st1y added x1 §2Franck in auction for 100000.
[20:45:36] > MrGh0st1y remove x1 §2Franck form storage
[20:45:54] > MrGh0st1y added x1 §eMummy Hat in auction for 50000.
[20:46:08] > MrGh0st1y added x1 §2Franck in auction for 50000.
[20:48:01] > MrGh0st1y buy x1 §fPanda Hat to llhxnce for $20 000.
[20:49:11] > MrGh0st1y remove x1 §eMummy Hat form storage
[20:49:11] > MrGh0st1y remove x1 §2Franck form storage
[20:49:20] > koshie added x1 §eᴄʀᴇᴇᴘᴇʀ sᴘᴀᴡɴᴇʀ in auction for 250000.
[20:49:26] > Zenolite_ buy x1 §eᴄʀᴇᴇᴘᴇʀ sᴘᴀᴡɴᴇʀ to koshie for $250 000.
[20:49:28] > MrGh0st1y added x1 §2Franck in auction for 10000.
[20:49:35] > MrGh0st1y added x1 §eMummy Hat in auction for 10000.
[20:50:33] > MrGh0st1y added x1 §5Witch Hat in auction for 10000.
[20:50:39] > MrGh0st1y added x1 §fPanda Hat in auction for 10000.
[20:50:47] > Teshii buy x1 §fPanda Hat to MrGh0st1y for $10 000.
[20:51:36] > Teshii remove x1 §x§F§F§3§E§0§0§lDemon Lord Wings from storage
[20:51:39] > Teshii remove x1 §x§F§F§3§E§0§0§lDemon Lord Wings from expire
[20:52:01] > Teshii added x1 §x§F§F§3§E§0§0§lDemon Lord Wings in auction for 1250000.
[20:53:01] > koshie added x1 §f§l§x§F§C§D§0§5§CW§x§F§A§A§6§4§Au§x§F§8§7§D§3§7k§x§F§7§5§3§2§5o§x§F§5§2§A§1§2n§x§F§3§0§0§0§0g§x§F§5§2§A§1§2 §x§F§7§5§3§2§5C§x§F§8§7§D§3§7l§x§F§A§A§6§4§Au§x§F§C§D§0§5§Cb in auction for 1500000.
[21:02:25] > PrezXie added x1 §fFarmer Hat in auction for 90000.
[21:02:33] > celinesanrio remove x1 §x§F§F§3§E§0§0§lDemon Lord Wings from storage
[21:02:40] > celinesanrio added x1 §x§F§F§3§E§0§0§lDemon Lord Wings in auction for 1250000.
[21:02:42] > Kodi added x1 §x§F§0§7§A§5§4§lZombie Apocalyptic Key in auction for 400000.
[21:02:50] > Kodi added x1 §x§F§0§7§A§5§4§lZombie Apocalyptic Key in auction for 400000.
[21:02:55] > celinesanrio remove x3 §x§F§0§7§A§5§4§lZombie Apocalyptic Key from storage
[21:03:01] > celinesanrio added x3 §x§F§0§7§A§5§4§lZombie Apocalyptic Key in auction for 750000.
[21:03:04] > Bestofphilipine added x1 §fGhost Hat in auction for 15000.
[21:03:07] > Unforce01 added x1 §aCthulhu in auction for 250000.
[21:03:10] > Bestofphilipine added x1 §fSun Visor Hat in auction for 15000.
[21:03:21] > Unforce01 remove x1 §aCthulhu from storage
[21:03:26] > Likodo added x1 §x§F§0§7§A§5§4§lZombie Apocalyptic Key in auction for 400000.
[21:03:33] > Likodo added x1 §x§F§0§7§A§5§4§lZombie Apocalyptic Key in auction for 400000.
[21:03:36] > Unforce01 added x1 §aCthulhu in auction for 25000.
[21:04:34] > Bestofphilipine remove x1 §x§F§C§D§0§5§C§lB§x§E§6§D§3§6§B§la§x§C§F§D§5§7§A§ls§x§B§9§D§8§8§9§li§x§A§2§D§A§9§8§lc §x§7§5§D§F§B§6§lC§x§5§F§E§2§C§5§lr§x§7§5§D§F§B§6§la§x§8§C§D§D§A§7§lt§x§A§2§D§A§9§8§le §x§C§F§D§5§7§A§lK§x§E§6§D§3§6§B§le§x§F§C§D§0§5§C§ly from storage
[21:04:35] > Bestofphilipine remove x2 Nether star from storage
[21:04:36] > Bestofphilipine remove x5 Enchanted golden apple from storage
[21:04:39] > celinesanrio remove x3 §x§F§0§7§A§5§4§lZombie Apocalyptic Key from storage
[21:04:40] > Bestofphilipine added x1 §x§F§F§3§E§0§0§lD§x§F§F§3§8§0§0§le§x§F§F§3§2§0§0§lm§x§F§F§2§B§0§0§lo§x§F§F§2§5§0§0§ln §x§F§F§1§9§0§0§lL§x§F§F§1§3§0§0§lo§x§F§F§0§C§0§0§lr§x§F§F§0§6§0§0§ld §x§F§F§0§6§0§0§lB§x§F§F§0§C§0§0§la§x§F§F§1§3§0§0§lt§x§F§F§1§9§0§0§lt§x§F§F§1§F§0§0§ll§x§F§F§2§5§0§0§le §x§F§F§3§2§0§0§lA§x§F§F§3§8§0§0§lx§x§F§F§3§E§0§0§le in auction for 250000.
[21:04:50] > celinesanrio added x1 §x§F§0§7§A§5§4§lZombie Apocalyptic Key in auction for 200000.
[21:05:30] > Zenolite_ buy x1 §aCthulhu to Unforce01 for $25 000.
[21:13:53] > Bestofphilipine added x1 §x§F§F§7§C§0§0§lSteamsparks Axe in auction for 175000.
[21:18:23] > celinesanrio remove x1 §x§6§0§0§0§F§F§lɢᴏᴅʟʏ ɪᴛᴇᴍ from storage
[21:18:23] > celinesanrio remove x1 §x§6§0§0§0§F§F§lɢᴏᴅʟʏ ɪᴛᴇᴍ from storage
[21:18:28] > celinesanrio added x1 §x§6§0§0§0§F§F§lɢᴏᴅʟʏ ɪᴛᴇᴍ in auction for 3000000.
[21:18:34] > celinesanrio added x1 §x§6§0§0§0§F§F§lɢᴏᴅʟʏ ɪᴛᴇᴍ in auction for 3000000.
[21:18:49] > celinesanrio remove x1 §x§F§F§3§E§0§0§lD§x§F§F§3§6§0§0§le§x§F§F§2§F§0§0§lm§x§F§F§2§7§0§0§lo§x§F§F§1§F§0§0§ln §x§F§F§1§0§0§0§lL§x§F§F§0§8§0§0§lo§x§F§F§0§0§0§0§lr§x§F§F§0§8§0§0§ld §x§F§F§1§7§0§0§lS§x§F§F§1§F§0§0§li§x§F§F§2§7§0§0§lc§x§F§F§2§F§0§0§lk§x§F§F§3§6§0§0§ll§x§F§F§3§E§0§0§le from storage
[21:18:56] > celinesanrio added x1 §x§F§F§3§E§0§0§lD§x§F§F§3§6§0§0§le§x§F§F§2§F§0§0§lm§x§F§F§2§7§0§0§lo§x§F§F§1§F§0§0§ln §x§F§F§1§0§0§0§lL§x§F§F§0§8§0§0§lo§x§F§F§0§0§0§0§lr§x§F§F§0§8§0§0§ld §x§F§F§1§7§0§0§lS§x§F§F§1§F§0§0§li§x§F§F§2§7§0§0§lc§x§F§F§2§F§0§0§lk§x§F§F§3§6§0§0§ll§x§F§F§3§E§0§0§le in auction for 500000.
[21:18:58] > Bestofphilipine added x1 §x§F§F§5§5§0§0§lsᴇʟʟᴡᴀɴᴅ §6- 5.0x in auction for 500000.
[21:19:09] > Bestofphilipine remove x1 §x§F§F§5§5§0§0§lsᴇʟʟᴡᴀɴᴅ §6- 5.0x from storage
[21:19:17] > Bestofphilipine added x1 §x§F§F§5§5§0§0§lsᴇʟʟᴡᴀɴᴅ §6- 5.0x in auction for 450000.
[21:19:36] > Bestofphilipine remove x1 §x§F§F§7§C§0§0§lSteamsparks Axe from storage
[21:19:38] > Bestofphilipine remove x1 §x§F§F§3§E§0§0§lD§x§F§F§3§8§0§0§le§x§F§F§3§2§0§0§lm§x§F§F§2§B§0§0§lo§x§F§F§2§5§0§0§ln §x§F§F§1§9§0§0§lL§x§F§F§1§3§0§0§lo§x§F§F§0§C§0§0§lr§x§F§F§0§6§0§0§ld §x§F§F§0§6§0§0§lB§x§F§F§0§C§0§0§la§x§F§F§1§3§0§0§lt§x§F§F§1§9§0§0§lt§x§F§F§1§F§0§0§ll§x§F§F§2§5§0§0§le §x§F§F§3§2§0§0§lA§x§F§F§3§8§0§0§lx§x§F§F§3§E§0§0§le from storage
[21:20:06] > Bestofphilipine added x11 §x§F§C§D§0§5§C§lB§x§E§6§D§3§6§B§la§x§C§F§D§5§7§A§ls§x§B§9§D§8§8§9§li§x§A§2§D§A§9§8§lc §x§7§5§D§F§B§6§lC§x§5§F§E§2§C§5§lr§x§7§5§D§F§B§6§la§x§8§C§D§D§A§7§lt§x§A§2§D§A§9§8§le §x§C§F§D§5§7§A§lK§x§E§6§D§3§6§B§le§x§F§C§D§0§5§C§ly in auction for 100000.
[21:20:17] > llhxnce added x1 §x§F§F§3§E§0§0§lD§x§F§F§3§8§0§0§le§x§F§F§3§2§0§0§lm§x§F§F§2§B§0§0§lo§x§F§F§2§5§0§0§ln §x§F§F§1§9§0§0§lL§x§F§F§1§3§0§0§lo§x§F§F§0§C§0§0§lr§x§F§F§0§6§0§0§ld §x§F§F§0§7§0§0§lC§x§F§F§0§E§0§0§lh§x§F§F§1§5§0§0§le§x§F§F§1§C§0§0§ls§x§F§F§2§2§0§0§lp§x§F§F§2§9§0§0§ll§x§F§F§3§0§0§0§la§x§F§F§3§7§0§0§lt§x§F§F§3§E§0§0§le in auction for 250000.
[21:20:21] > MrGh0st1y added x1 §x§E§5§1§B§1§B§lDracula Boots in auction for 50000.
[21:20:24] > grit_zy buy x1 §x§E§5§1§B§1§B§lDracula Boots to MrGh0st1y for $50 000.
[21:20:40] > Bestofphilipine added x10 §x§F§C§9§0§5§C§lE§x§E§6§9§C§6§B§lp§x§C§F§A§7§7§A§li§x§B§9§B§3§8§9§lc §x§8§C§C§B§A§7§lC§x§7§5§D§6§B§6§lr§x§5§F§E§2§C§5§la§x§7§9§D§4§B§4§lt§x§9§3§C§7§A§2§le §x§C§8§A§B§7§F§lK§x§E§2§9§E§6§E§le§x§F§C§9§0§5§C§ly in auction for 100000.
[21:21:10] > KnownasTravis added x1 §x§E§5§1§B§1§B§lDracula Key in auction for 100000.
[21:22:24] > MrGh0st1y added x1 §x§E§5§1§B§1§B§lDracula Shield in auction for 100000.
[21:23:37] > llhxnce buy x1 §x§F§F§3§E§0§0§lD§x§F§F§3§6§0§0§le§x§F§F§2§F§0§0§lm§x§F§F§2§7§0§0§lo§x§F§F§1§F§0§0§ln §x§F§F§1§0§0§0§lL§x§F§F§0§8§0§0§lo§x§F§F§0§0§0§0§lr§x§F§F§0§9§0§0§ld §x§F§F§1§B§0§0§lB§x§F§F§2§3§0§0§lo§x§F§F§2§C§0§0§lo§x§F§F§3§5§0§0§lt§x§F§F§3§E§0§0§ls to Unforce01 for $350 000.
[21:26:10] > PrezXie added x2 §eᴡɪᴛᴄʜ ꜱᴘᴀᴡɴᴇʀ in auction for 700000.
[21:26:15] > Kyslee buy x2 §eᴡɪᴛᴄʜ ꜱᴘᴀᴡɴᴇʀ to PrezXie for $700 000.
[21:26:19] > MrGh0st1y added x1 Netherite shovel in auction for 50000.
[21:26:43] > JullianHuH buy x1 Netherite shovel to MrGh0st1y for $50 000.
[21:28:06] > celinesanrio buy x1 §x§E§5§1§B§1§B§lDracula Key to KnownasTravis for $100 000.
[21:29:01] > Kodi added x1 §eᴢᴏᴍʙɪᴇ sᴘᴀᴡɴᴇʀ in auction for 50000.
[21:29:07] > ameeelia buy x1 §eᴢᴏᴍʙɪᴇ sᴘᴀᴡɴᴇʀ to Kodi for $50 000.
[21:29:13] > PrezXie added x1 §x§F§F§3§E§0§0§lD§x§F§F§3§8§0§0§le§x§F§F§3§2§0§0§lm§x§F§F§2§B§0§0§lo§x§F§F§2§5§0§0§ln §x§F§F§1§9§0§0§lL§x§F§F§1§3§0§0§lo§x§F§F§0§C§0§0§lr§x§F§F§0§6§0§0§ld §x§F§F§0§7§0§0§lC§x§F§F§0§E§0§0§lh§x§F§F§1§5§0§0§le§x§F§F§1§C§0§0§ls§x§F§F§2§2§0§0§lp§x§F§F§2§9§0§0§ll§x§F§F§3§0§0§0§la§x§F§F§3§7§0§0§lt§x§F§F§3§E§0§0§le in auction for 500000.
[21:29:24] > Kodi added x1 §esᴘɪᴅᴇʀ sᴘᴀᴡɴᴇʀ in auction for 50000.
[21:29:26] > celinesanrio buy x1 §esᴘɪᴅᴇʀ sᴘᴀᴡɴᴇʀ to Kodi for $50 000.
[21:29:37] > Raylii buy x10 §x§F§C§9§0§5§C§lE§x§E§6§9§C§6§B§lp§x§C§F§A§7§7§A§li§x§B§9§B§3§8§9§lc §x§8§C§C§B§A§7§lC§x§7§5§D§6§B§6§lr§x§5§F§E§2§C§5§la§x§7§9§D§4§B§4§lt§x§9§3§C§7§A§2§le §x§C§8§A§B§7§F§lK§x§E§2§9§E§6§E§le§x§F§C§9§0§5§C§ly to Bestofphilipine for $100 000.
[21:30:42] > Seris00 buy x1 §f§x§4§1§B§C§4§2D§x§4§5§C§3§5§3r§x§4§9§C§9§6§3o§x§4§D§D§0§7§4w§x§5§1§D§7§8§5n§x§5§6§D§E§9§6e§x§5§A§E§4§A§6d§x§5§E§E§B§B§7 §x§6§2§F§2§C§8H§x§6§6§F§8§D§8a§x§6§A§F§F§E§9t to TostyZura for $80 000.
[21:32:06] > JullianHuH added x1 §x§F§F§5§5§0§0§lsᴇʟʟᴡᴀɴᴅ §6- 5.0x in auction for 350000.
[21:32:09] > celinesanrio buy x1 §x§F§F§5§5§0§0§lsᴇʟʟᴡᴀɴᴅ §6- 5.0x to JullianHuH for $350 000.
[21:32:24] > JullianHuH added x5 §x§F§C§9§0§5§C§lE§x§E§6§9§C§6§B§lp§x§C§F§A§7§7§A§li§x§B§9§B§3§8§9§lc §x§8§C§C§B§A§7§lC§x§7§5§D§6§B§6§lr§x§5§F§E§2§C§5§la§x§7§9§D§4§B§4§lt§x§9§3§C§7§A§2§le §x§C§8§A§B§7§F§lK§x§E§2§9§E§6§E§le§x§F§C§9§0§5§C§ly in auction for 400000.
[21:32:40] > JullianHuH remove x5 §x§F§C§9§0§5§C§lE§x§E§6§9§C§6§B§lp§x§C§F§A§7§7§A§li§x§B§9§B§3§8§9§lc §x§8§C§C§B§A§7§lC§x§7§5§D§6§B§6§lr§x§5§F§E§2§C§5§la§x§7§9§D§4§B§4§lt§x§9§3§C§7§A§2§le §x§C§8§A§B§7§F§lK§x§E§2§9§E§6§E§le§x§F§C§9§0§5§C§ly from storage
[21:32:53] > JullianHuH added x1 §x§F§F§5§5§0§0§lsᴇʟʟᴡᴀɴᴅ §6- 5.0x in auction for 500000.
[21:33:28] > seoyeri remove x1 §x§F§C§9§0§5§C§lE§x§E§6§9§C§6§B§lp§x§C§F§A§7§7§A§li§x§B§9§B§3§8§9§lc §x§8§C§C§B§A§7§lC§x§7§5§D§6§B§6§lr§x§5§F§E§2§C§5§la§x§7§9§D§4§B§4§lt§x§9§3§C§7§A§2§le §x§C§8§A§B§7§F§lK§x§E§2§9§E§6§E§le§x§F§C§9§0§5§C§ly from storage
[21:33:40] > JullianHuH remove x1 §x§F§F§5§5§0§0§lsᴇʟʟᴡᴀɴᴅ §6- 5.0x from storage
[21:33:52] > JullianHuH added x1 §x§F§F§5§5§0§0§lsᴇʟʟᴡᴀɴᴅ §6- 5.0x in auction for 400000.
[21:33:56] > Zenolite_ buy x1 §x§F§F§5§5§0§0§lsᴇʟʟᴡᴀɴᴅ §6- 5.0x to JullianHuH for $400 000.
[21:34:50] > MrGh0st1y added x1 §x§F§F§3§E§0§0§lD§x§F§F§3§6§0§0§le§x§F§F§2§F§0§0§lm§x§F§F§2§7§0§0§lo§x§F§F§1§F§0§0§ln §x§F§F§1§0§0§0§lL§x§F§F§0§8§0§0§lo§x§F§F§0§0§0§0§lr§x§F§F§0§8§0§0§ld §x§F§F§1§7§0§0§lS§x§F§F§1§F§0§0§lh§x§F§F§2§7§0§0§li§x§F§F§2§F§0§0§le§x§F§F§3§6§0§0§ll§x§F§F§3§E§0§0§ld in auction for 100000.
[21:34:51] > seoyeri added x1 §x§F§C§9§0§5§C§lE§x§E§6§9§C§6§B§lp§x§C§F§A§7§7§A§li§x§B§9§B§3§8§9§lc §x§8§C§C§B§A§7§lC§x§7§5§D§6§B§6§lr§x§5§F§E§2§C§5§la§x§7§9§D§4§B§4§lt§x§9§3§C§7§A§2§le §x§C§8§A§B§7§F§lK§x§E§2§9§E§6§E§le§x§F§C§9§0§5§C§ly in auction for 300000.
[21:35:08] > MrGh0st1y added x1 §x§F§0§7§A§5§4§lZombie Apocalyptic Halberd in auction for 300000.
[21:35:16] > celinesanrio remove x1 HATS from storage
[21:35:23] > celinesanrio added x1 §fBumble Bee Hat in auction for 150000.
[21:35:50] > JullianHuH added x2 Beacon in auction for 450000.
[21:36:28] > celinesanrio remove x1 §x§F§F§7§C§0§0§lSteamsparks Blade from storage
[21:36:29] > celinesanrio remove x1 §x§F§F§7§C§0§0§lSteamsparks Shovel from storage
[21:36:29] > celinesanrio remove x1 §f§l§x§F§C§D§0§5§CW§x§F§B§A§D§4§Du§x§F§9§8§B§3§Dk§x§F§8§6§8§2§Eo§x§F§6§4§5§1§Fn§x§F§5§2§3§0§Fg§x§F§3§0§0§0§0 §x§F§5§2§3§0§FD§x§F§6§4§5§1§Fa§x§F§8§6§8§2§Eg§x§F§9§8§B§3§Dg§x§F§B§A§D§4§De§x§F§C§D§0§5§Cr from storage
[21:36:29] > celinesanrio remove x1 27 of 24karat golden labubus from storage
[21:36:30] > celinesanrio remove x1 §x§F§F§3§E§0§0§lDemon Lord Wings from storage
[21:36:30] > celinesanrio remove x1 §fBumble Bee Hat form storage
[21:36:30] > celinesanrio remove x1 §x§6§0§0§0§F§F§lɢᴏᴅʟʏ ɪᴛᴇᴍ form storage
[21:36:30] > celinesanrio remove x1 §x§6§0§0§0§F§F§lɢᴏᴅʟʏ ɪᴛᴇᴍ form storage
[21:36:30] > celinesanrio remove x1 §x§F§F§3§E§0§0§lD§x§F§F§3§6§0§0§le§x§F§F§2§F§0§0§lm§x§F§F§2§7§0§0§lo§x§F§F§1§F§0§0§ln §x§F§F§1§0§0§0§lL§x§F§F§0§8§0§0§lo§x§F§F§0§0§0§0§lr§x§F§F§0§8§0§0§ld §x§F§F§1§7§0§0§lS§x§F§F§1§F§0§0§li§x§F§F§2§7§0§0§lc§x§F§F§2§F§0§0§lk§x§F§F§3§6§0§0§ll§x§F§F§3§E§0§0§le form storage
[21:36:30] > celinesanrio remove x1 §x§F§0§7§A§5§4§lZombie Apocalyptic Key form storage
[21:36:44] > celinesanrio added x1 §x§F§F§3§E§0§0§lDemon Lord Wings in auction for 1000000.
[21:37:50] > JullianHuH remove x2 Beacon from storage
[21:38:00] > JullianHuH added x2 Beacon in auction for 300000.
[21:38:17] > llhxnce buy x11 §x§F§C§D§0§5§C§lB§x§E§6§D§3§6§B§la§x§C§F§D§5§7§A§ls§x§B§9§D§8§8§9§li§x§A§2§D§A§9§8§lc §x§7§5§D§F§B§6§lC§x§5§F§E§2§C§5§lr§x§7§5§D§F§B§6§la§x§8§C§D§D§A§7§lt§x§A§2§D§A§9§8§le §x§C§F§D§5§7§A§lK§x§E§6§D§3§6§B§le§x§F§C§D§0§5§C§ly to Bestofphilipine for $100 000.
[21:39:15] > Zypher_0w0 remove x1 §x§F§F§7§C§0§0§lSteamsparks Chestplate from storage
[21:39:17] > Zypher_0w0 remove x1 §f§x§6§B§2§C§C§6G§x§7§0§3§2§C§Ca§x§7§5§3§8§D§2l§x§7§A§3§E§D§8a§x§7§F§4§4§D§Ex§x§8§4§4§9§E§5y§x§8§9§4§F§E§B §x§8§E§5§5§F§1H§x§9§3§5§B§F§7a§x§9§8§6§1§F§Dt from storage
[21:39:18] > Zypher_0w0 remove x1 §fGarden Hat from storage
[21:39:25] > Zypher_0w0 remove x1 §x§E§3§A§F§4§F§lʟᴇɢᴇɴᴅᴀʀʏ ɪᴛᴇᴍ from storage
[21:39:26] > Zypher_0w0 remove x1 §x§6§0§0§0§F§F§lɢᴏᴅʟʏ ɪᴛᴇᴍ from storage
[21:39:27] > Zypher_0w0 remove x4 Eye armor trim smithing template from storage
[21:39:33] > JullianHuH remove x2 Beacon from storage
[21:39:45] > JullianHuH added x2 Beacon in auction for 200000.
[21:40:05] > Teshii added x1 §f§l§x§8§A§0§0§F§FS§x§9§8§0§0§D§Dh§x§A§6§0§0§B§Bi§x§B§4§0§0§9§9n§x§C§2§0§0§7§7e§x§D§0§0§0§5§5 §x§D§E§0§0§3§3O§x§E§C§0§0§1§1ni§x§D§E§0§0§3§3 §x§D§0§0§0§5§5S§x§C§2§0§0§7§7i§x§B§4§0§0§9§9c§x§A§6§0§0§B§Bk§x§9§8§0§0§D§Dl§x§8§A§0§0§F§Fe in auction for 15000000.
[21:40:08] > MrGh0st1y buy x1 some TNT? to Zypher_0w0 for $150 000.
[21:40:23] > Teshii remove x1 §f§l§x§8§A§0§0§F§FS§x§9§8§0§0§D§Dh§x§A§6§0§0§B§Bi§x§B§4§0§0§9§9n§x§C§2§0§0§7§7e§x§D§0§0§0§5§5 §x§D§E§0§0§3§3O§x§E§C§0§0§1§1ni§x§D§E§0§0§3§3 §x§D§0§0§0§5§5S§x§C§2§0§0§7§7i§x§B§4§0§0§9§9c§x§A§6§0§0§B§Bk§x§9§8§0§0§D§Dl§x§8§A§0§0§F§Fe from storage
[21:40:26] > x1 §eʙʟᴀᴢᴇ sᴘᴀᴡɴᴇʀ, item of Kwienn, has just expired, the item is definitively deleted.
[21:40:26] > x1 §eᴢᴏᴍʙɪᴇ sᴘᴀᴡɴᴇʀ, item of CeeJaiye, has just expired, the item is definitively deleted.
[21:40:28] > Teshii remove x1 §f§l§x§8§A§0§0§F§FS§x§9§8§0§0§D§Dh§x§A§6§0§0§B§Bi§x§B§4§0§0§9§9n§x§C§2§0§0§7§7e§x§D§0§0§0§5§5 §x§D§E§0§0§3§3O§x§E§C§0§0§1§1ni§x§D§E§0§0§3§3 §x§D§0§0§0§5§5S§x§C§2§0§0§7§7i§x§B§4§0§0§9§9c§x§A§6§0§0§B§Bk§x§9§8§0§0§D§Dl§x§8§A§0§0§F§Fe from expire
[21:40:40] > Teshii added x1 §f§l§x§8§A§0§0§F§FS§x§9§8§0§0§D§Dh§x§A§6§0§0§B§Bi§x§B§4§0§0§9§9n§x§C§2§0§0§7§7e§x§D§0§0§0§5§5 §x§D§E§0§0§3§3O§x§E§C§0§0§1§1ni§x§D§E§0§0§3§3 §x§D§0§0§0§5§5S§x§C§2§0§0§7§7i§x§B§4§0§0§9§9c§x§A§6§0§0§B§Bk§x§9§8§0§0§D§Dl§x§8§A§0§0§F§Fe in auction for 10000000.
[21:41:17] > JullianHuH buy x1 §x§F§0§7§A§5§4§lZombie Apocalyptic Big Axe to .Kenku1001 for $100 000.
[21:41:33] > Zypher_0w0 added x1 §x§5§9§A§1§D§9§lA§x§7§5§B§1§D§Fr§x§9§0§C§0§E§6c§x§A§C§D§0§E§Ch§x§C§8§E§0§F§2a§x§E§3§E§F§F§9n§fg§x§E§3§E§F§F§9e§x§C§8§E§0§F§2l §x§9§0§C§0§E§6H§x§7§5§B§1§D§Fa§x§5§9§A§1§D§9t in auction for 1200000.
[21:41:57] > Unforce01 added x1 §x§F§F§7§C§0§0§lSteamsparks Spear in auction for 500000.
[21:42:06] > Unforce01 added x1 §x§F§F§7§C§0§0§lSteamsparks Halberd in auction for 500000.
[21:43:11] > koshie remove x1 §f§l§x§F§C§D§0§5§CW§x§F§B§A§D§4§Du§x§F§9§8§B§3§Dk§x§F§8§6§8§2§Eo§x§F§6§4§5§1§Fn§x§F§5§2§3§0§Fg§x§F§3§0§0§0§0 §x§F§5§2§3§0§FH§x§F§6§4§5§1§Fa§x§F§8§6§8§2§Em§x§F§9§8§B§3§Dm§x§F§B§A§D§4§De§x§F§C§D§0§5§Cr from storage
[21:43:12] > koshie remove x1 §f§l§x§F§C§D§0§5§CW§x§F§A§A§6§4§Au§x§F§8§7§D§3§7k§x§F§7§5§3§2§5o§x§F§5§2§A§1§2n§x§F§3§0§0§0§0g§x§F§5§2§A§1§2 §x§F§7§5§3§2§5C§x§F§8§7§D§3§7l§x§F§A§A§6§4§Au§x§F§C§D§0§5§Cb from storage
[21:43:23] > koshie added x1 §f§l§x§F§C§D§0§5§CW§x§F§B§A§D§4§Du§x§F§9§8§B§3§Dk§x§F§8§6§8§2§Eo§x§F§6§4§5§1§Fn§x§F§5§2§3§0§Fg§x§F§3§0§0§0§0 §x§F§5§2§3§0§FH§x§F§6§4§5§1§Fa§x§F§8§6§8§2§Em§x§F§9§8§B§3§Dm§x§F§B§A§D§4§De§x§F§C§D§0§5§Cr in auction for 1200000.
[21:43:34] > koshie added x1 §f§l§x§F§C§D§0§5§CW§x§F§A§A§6§4§Au§x§F§8§7§D§3§7k§x§F§7§5§3§2§5o§x§F§5§2§A§1§2n§x§F§3§0§0§0§0g§x§F§5§2§A§1§2 §x§F§7§5§3§2§5C§x§F§8§7§D§3§7l§x§F§A§A§6§4§Au§x§F§C§D§0§5§Cb in auction for 1200000.
[21:43:48] > koshie added x1 §eɪʀᴏɴ ɢᴏʟᴇᴍ sᴘᴀᴡɴᴇʀ in auction for 900000.
[21:43:58] > Unforce01 remove x1 §eɪʀᴏɴ ɢᴏʟᴇᴍ sᴘᴀᴡɴᴇʀ from storage
[21:44:09] > Unforce01 added x1 §eɪʀᴏɴ ɢᴏʟᴇᴍ sᴘᴀᴡɴᴇʀ in auction for 800000.
[21:45:08] > Zypher_0w0 added x1 §f§l§x§F§C§D§0§5§CW§x§F§A§A§6§4§Au§x§F§8§7§D§3§7k§x§F§7§5§3§2§5o§x§F§5§2§A§1§2n§x§F§3§0§0§0§0g§x§F§5§2§A§1§2 §x§F§7§5§3§2§5C§x§F§8§7§D§3§7l§x§F§A§A§6§4§Au§x§F§C§D§0§5§Cb in auction for 1500000.
[21:45:38] > JullianHuH remove x1 Enchanted golden apple form storage
[21:45:38] > JullianHuH remove x2 Beacon form storage
[21:46:33] > JullianHuH buy x1 §x§F§F§3§E§0§0§lD§x§F§F§3§6§0§0§le§x§F§F§2§F§0§0§lm§x§F§F§2§7§0§0§lo§x§F§F§1§F§0§0§ln §x§F§F§1§0§0§0§lL§x§F§F§0§8§0§0§lo§x§F§F§0§0§0§0§lr§x§F§F§0§9§0§0§ld §x§F§F§1§B§0§0§lS§x§F§F§2§3§0§0§lt§x§F§F§2§C§0§0§la§x§F§F§3§5§0§0§lf§x§F§F§3§E§0§0§lf to ZAFF for $100 000.
[21:46:57] > JullianHuH added x1 §x§F§F§3§E§0§0§lD§x§F§F§3§6§0§0§le§x§F§F§2§F§0§0§lm§x§F§F§2§7§0§0§lo§x§F§F§1§F§0§0§ln §x§F§F§1§0§0§0§lL§x§F§F§0§8§0§0§lo§x§F§F§0§0§0§0§lr§x§F§F§0§9§0§0§ld §x§F§F§1§B§0§0§lS§x§F§F§2§3§0§0§lt§x§F§F§2§C§0§0§la§x§F§F§3§5§0§0§lf§x§F§F§3§E§0§0§lf in auction for 450000.
[21:50:32] > Rain_Reinn added x64 Bone block in auction for 15000.
[21:50:38] > Rain_Reinn added x64 Bone block in auction for 15000.
[21:50:47] > Rain_Reinn added x64 Bone block in auction for 15000.
[21:50:49] > kysicx buy x64 Bone block to Rain_Reinn for $15 000.
[21:50:53] > Rain_Reinn added x64 Bone block in auction for 15000.
[21:51:01] > Rain_Reinn added x64 Bone block in auction for 15000.
[21:51:08] > Rain_Reinn added x64 Bone block in auction for 15000.
[21:51:14] > Rain_Reinn added x64 Bone block in auction for 15000.
[21:51:22] > Rain_Reinn added x64 Bone block in auction for 15000.
[21:51:33] > Teshii added x1 §x§F§F§3§E§0§0§lD§x§F§F§3§6§0§0§le§x§F§F§2§F§0§0§lm§x§F§F§2§7§0§0§lo§x§F§F§1§F§0§0§ln §x§F§F§1§0§0§0§lL§x§F§F§0§8§0§0§lo§x§F§F§0§0§0§0§lr§x§F§F§0§8§0§0§ld §x§F§F§1§7§0§0§lD§x§F§F§1§F§0§0§la§x§F§F§2§7§0§0§lg§x§F§F§2§F§0§0§lg§x§F§F§3§6§0§0§le§x§F§F§3§E§0§0§lr in auction for 19.
[21:51:37] > celinesanrio buy x1 §x§F§F§3§E§0§0§lD§x§F§F§3§6§0§0§le§x§F§F§2§F§0§0§lm§x§F§F§2§7§0§0§lo§x§F§F§1§F§0§0§ln §x§F§F§1§0§0§0§lL§x§F§F§0§8§0§0§lo§x§F§F§0§0§0§0§lr§x§F§F§0§8§0§0§ld §x§F§F§1§7§0§0§lD§x§F§F§1§F§0§0§la§x§F§F§2§7§0§0§lg§x§F§F§2§F§0§0§lg§x§F§F§3§6§0§0§le§x§F§F§3§E§0§0§lr to Teshii for $19.
[21:51:47] > Teshii added x1 §x§F§F§3§E§0§0§lD§x§F§F§3§6§0§0§le§x§F§F§2§F§0§0§lm§x§F§F§2§7§0§0§lo§x§F§F§1§F§0§0§ln §x§F§F§1§0§0§0§lL§x§F§F§0§8§0§0§lo§x§F§F§0§0§0§0§lr§x§F§F§0§8§0§0§ld §x§F§F§1§7§0§0§lD§x§F§F§1§F§0§0§la§x§F§F§2§7§0§0§lg§x§F§F§2§F§0§0§lg§x§F§F§3§6§0§0§le§x§F§F§3§E§0§0§lr in auction for 20.
[21:51:54] > Unforce01 buy x1 §x§F§F§3§E§0§0§lD§x§F§F§3§6§0§0§le§x§F§F§2§F§0§0§lm§x§F§F§2§7§0§0§lo§x§F§F§1§F§0§0§ln §x§F§F§1§0§0§0§lL§x§F§F§0§8§0§0§lo§x§F§F§0§0§0§0§lr§x§F§F§0§8§0§0§ld §x§F§F§1§7§0§0§lD§x§F§F§1§F§0§0§la§x§F§F§2§7§0§0§lg§x§F§F§2§F§0§0§lg§x§F§F§3§6§0§0§le§x§F§F§3§E§0§0§lr to Teshii for $20.
[21:53:11] > Teshii remove x1 §f§l§x§8§A§0§0§F§FS§x§9§8§0§0§D§Dh§x§A§6§0§0§B§Bi§x§B§4§0§0§9§9n§x§C§2§0§0§7§7e§x§D§0§0§0§5§5 §x§D§E§0§0§3§3O§x§E§C§0§0§1§1ni§x§D§E§0§0§3§3 §x§D§0§0§0§5§5S§x§C§2§0§0§7§7i§x§B§4§0§0§9§9c§x§A§6§0§0§B§Bk§x§9§8§0§0§D§Dl§x§8§A§0§0§F§Fe from storage
[21:53:16] > Teshii remove x1 §f§l§x§8§A§0§0§F§FS§x§9§8§0§0§D§Dh§x§A§6§0§0§B§Bi§x§B§4§0§0§9§9n§x§C§2§0§0§7§7e§x§D§0§0§0§5§5 §x§D§E§0§0§3§3O§x§E§C§0§0§1§1ni§x§D§E§0§0§3§3 §x§D§0§0§0§5§5S§x§C§2§0§0§7§7i§x§B§4§0§0§9§9c§x§A§6§0§0§B§Bk§x§9§8§0§0§D§Dl§x§8§A§0§0§F§Fe from expire
[21:53:27] > celinesanrio added x1 §x§F§F§3§E§0§0§lD§x§F§F§3§6§0§0§le§x§F§F§2§F§0§0§lm§x§F§F§2§7§0§0§lo§x§F§F§1§F§0§0§ln §x§F§F§1§0§0§0§lL§x§F§F§0§8§0§0§lo§x§F§F§0§0§0§0§lr§x§F§F§0§8§0§0§ld §x§F§F§1§7§0§0§lD§x§F§F§1§F§0§0§la§x§F§F§2§7§0§0§lg§x§F§F§2§F§0§0§lg§x§F§F§3§6§0§0§le§x§F§F§3§E§0§0§lr in auction for 100000.
[21:53:38] > PrezXie buy x64 Bone block to Rain_Reinn for $15 000.
[21:54:10] > x1 §eᴡᴀʀᴅᴇɴ ꜱᴘᴀᴡɴᴇʀ on sale by CeeJaiye has just expired, it goes in the inventory of expired items.
[21:54:17] > missingarchive added x1 §x§F§C§D§0§5§C§lB§x§E§6§D§3§6§B§la§x§C§F§D§5§7§A§ls§x§B§9§D§8§8§9§li§x§A§2§D§A§9§8§lc §x§7§5§D§F§B§6§lC§x§5§F§E§2§C§5§lr§x§7§5§D§F§B§6§la§x§8§C§D§D§A§7§lt§x§A§2§D§A§9§8§le §x§C§F§D§5§7§A§lK§x§E§6§D§3§6§B§le§x§F§C§D§0§5§C§ly in auction for 10.
[21:54:21] > grit_zy buy x1 §x§F§C§D§0§5§C§lB§x§E§6§D§3§6§B§la§x§C§F§D§5§7§A§ls§x§B§9§D§8§8§9§li§x§A§2§D§A§9§8§lc §x§7§5§D§F§B§6§lC§x§5§F§E§2§C§5§lr§x§7§5§D§F§B§6§la§x§8§C§D§D§A§7§lt§x§A§2§D§A§9§8§le §x§C§F§D§5§7§A§lK§x§E§6§D§3§6§B§le§x§F§C§D§0§5§C§ly to missingarchive for $10.
[21:54:56] > MrGh0st1y remove x1 §2Franck from storage
[21:54:57] > MrGh0st1y remove x1 §eMummy Hat from storage
[21:54:57] > Acon1te_0w0 buy x1 §x§F§F§5§5§0§0§lsᴇʟʟᴡᴀɴᴅ §6- 5.0x to Bestofphilipine for $450 000.
[21:54:58] > MrGh0st1y remove x1 §5Witch Hat from storage
[21:55:21] > MrGh0st1y added x1 §f§l§x§F§C§D§0§5§CW§x§F§B§B§0§4§Eu§x§F§9§9§0§4§0k§x§F§8§7§0§3§2o§x§F§6§5§0§2§3n§x§F§5§3§0§1§5g§x§F§4§1§0§0§7 H§x§F§5§3§0§1§5a§x§F§6§5§0§2§3l§x§F§8§7§0§3§2b§x§F§9§9§0§4§0e§x§F§B§B§0§4§Er§x§F§C§D§0§5§Cd in auction for 200000.
[21:57:13] > MrGh0st1y added x1 §x§F§0§7§A§5§4§lZombie Apocalyptic Halberd in auction for 250000.
[21:57:33] > Teshii remove x1 §x§F§F§3§E§0§0§lDemon Lord Wings from storage
[21:57:37] > Teshii remove x1 §x§F§F§3§E§0§0§lDemon Lord Wings from expire
[21:59:01] > MilkeBread added x1 §f§l§x§8§A§0§0§F§FS§x§9§8§0§0§D§Dh§x§A§6§0§0§B§Bi§x§B§4§0§0§9§9n§x§C§2§0§0§7§7e§x§D§0§0§0§5§5 §x§D§E§0§0§3§3O§x§E§C§0§0§1§1ni§x§D§E§0§0§3§3 §x§D§0§0§0§5§5H§x§C§2§0§0§7§7e§x§B§4§0§0§9§9l§x§A§6§0§0§B§Bm§x§9§8§0§0§D§De§x§8§A§0§0§F§Ft in auction for 1500000.
[21:59:04] > Teshii buy x1 §f§l§x§8§A§0§0§F§FS§x§9§8§0§0§D§Dh§x§A§6§0§0§B§Bi§x§B§4§0§0§9§9n§x§C§2§0§0§7§7e§x§D§0§0§0§5§5 §x§D§E§0§0§3§3O§x§E§C§0§0§1§1ni§x§D§E§0§0§3§3 §x§D§0§0§0§5§5H§x§C§2§0§0§7§7e§x§B§4§0§0§9§9l§x§A§6§0§0§B§Bm§x§9§8§0§0§D§De§x§8§A§0§0§F§Ft to MilkeBread for $1 500 000.
[21:59:23] > MilkeBread added x1 §f§l§x§8§A§0§0§F§FS§x§9§9§0§0§D§Bh§x§A§8§0§0§B§6i§x§B§7§0§0§9§2n§x§C§6§0§0§6§De§x§D§5§0§0§4§9 §x§E§4§0§0§2§4O§x§F§3§0§0§0§0n§x§E§4§0§0§2§4i§x§D§5§0§0§4§9 §x§C§6§0§0§6§DW§x§B§7§0§0§9§2i§x§A§8§0§0§B§6n§x§9§9§0§0§D§Bg§x§8§A§0§0§F§Fs in auction for 1500000.
[21:59:26] > Teshii buy x1 §f§l§x§8§A§0§0§F§FS§x§9§9§0§0§D§Bh§x§A§8§0§0§B§6i§x§B§7§0§0§9§2n§x§C§6§0§0§6§De§x§D§5§0§0§4§9 §x§E§4§0§0§2§4O§x§F§3§0§0§0§0n§x§E§4§0§0§2§4i§x§D§5§0§0§4§9 §x§C§6§0§0§6§DW§x§B§7§0§0§9§2i§x§A§8§0§0§B§6n§x§9§9§0§0§D§Bg§x§8§A§0§0§F§Fs to MilkeBread for $1 500 000.
[21:59:37] > Zenolite_ buy x64 Bone block to Rain_Reinn for $15 000.
[21:59:39] > Zenolite_ buy x64 Bone block to Rain_Reinn for $15 000.
[21:59:42] > Zenolite_ buy x64 Bone block to Rain_Reinn for $15 000.
[22:00:43] > Zypher_0w0 added x64 Golden carrot in auction for 3500.
[22:01:15] > celinesanrio added x1 §f§l§x§8§A§0§0§F§FS§x§9§6§0§0§E§1h§x§A§3§0§0§C§3i§x§A§F§0§0§A§5n§x§B§B§0§0§8§7e§x§C§8§0§0§6§9 §x§D§4§0§0§4§BO§x§E§0§0§0§2§Dn§x§E§D§0§0§0§Fi §x§E§0§0§0§2§DL§x§D§4§0§0§4§Be§x§C§8§0§0§6§9g§x§B§B§0§0§8§7g§x§A§F§0§0§A§5i§x§A§3§0§0§C§3n§x§9§6§0§0§E§1g§x§8§A§0§0§F§Fs in auction for 10000000.
[22:01:21] > celinesanrio added x1 §f§l§x§8§A§0§0§F§FS§x§9§6§0§0§E§1h§x§A§3§0§0§C§3i§x§A§F§0§0§A§5n§x§B§B§0§0§8§7e§x§C§8§0§0§6§9 §x§D§4§0§0§4§BO§x§E§0§0§0§2§Dn§x§E§D§0§0§0§Fi §x§E§0§0§0§2§DL§x§D§4§0§0§4§Be§x§C§8§0§0§6§9g§x§B§B§0§0§8§7g§x§A§F§0§0§A§5i§x§A§3§0§0§C§3n§x§9§6§0§0§E§1g§x§8§A§0§0§F§Fs in auction for 10000000.
[22:01:27] > celinesanrio added x1 §f§l§x§8§A§0§0§F§FS§x§9§9§0§0§D§Bh§x§A§8§0§0§B§6i§x§B§7§0§0§9§2n§x§C§6§0§0§6§De§x§D§5§0§0§4§9 §x§E§4§0§0§2§4O§x§F§3§0§0§0§0n§x§E§4§0§0§2§4i§x§D§5§0§0§4§9 §x§C§6§0§0§6§DS§x§B§7§0§0§9§2t§x§A§8§0§0§B§6a§x§9§9§0§0§D§Bf§x§8§A§0§0§F§Ff in auction for 10000000.
[22:01:57] > celinesanrio remove x1 §f§l§x§8§A§0§0§F§FS§x§9§6§0§0§E§1h§x§A§3§0§0§C§3i§x§A§F§0§0§A§5n§x§B§B§0§0§8§7e§x§C§8§0§0§6§9 §x§D§4§0§0§4§BO§x§E§0§0§0§2§Dn§x§E§D§0§0§0§Fi §x§E§0§0§0§2§DL§x§D§4§0§0§4§Be§x§C§8§0§0§6§9g§x§B§B§0§0§8§7g§x§A§F§0§0§A§5i§x§A§3§0§0§C§3n§x§9§6§0§0§E§1g§x§8§A§0§0§F§Fs from storage
[22:02:07] > celinesanrio added x1 §f§l§x§8§A§0§0§F§FS§x§9§6§0§0§E§1h§x§A§3§0§0§C§3i§x§A§F§0§0§A§5n§x§B§B§0§0§8§7e§x§C§8§0§0§6§9 §x§D§4§0§0§4§BO§x§E§0§0§0§2§Dn§x§E§D§0§0§0§Fi §x§E§0§0§0§2§DL§x§D§4§0§0§4§Be§x§C§8§0§0§6§9g§x§B§B§0§0§8§7g§x§A§F§0§0§A§5i§x§A§3§0§0§C§3n§x§9§6§0§0§E§1g§x§8§A§0§0§F§Fs in auction for 5000000.
[22:02:13] > celinesanrio remove x1 §f§l§x§8§A§0§0§F§FS§x§9§6§0§0§E§1h§x§A§3§0§0§C§3i§x§A§F§0§0§A§5n§x§B§B§0§0§8§7e§x§C§8§0§0§6§9 §x§D§4§0§0§4§BO§x§E§0§0§0§2§Dn§x§E§D§0§0§0§Fi §x§E§0§0§0§2§DL§x§D§4§0§0§4§Be§x§C§8§0§0§6§9g§x§B§B§0§0§8§7g§x§A§F§0§0§A§5i§x§A§3§0§0§C§3n§x§9§6§0§0§E§1g§x§8§A§0§0§F§Fs from storage
[22:02:17] > MrGh0st1y remove x1 §x§F§0§7§A§5§4§lZombie Apocalyptic Halberd from storage
[22:02:20] > KnownasTravis added x1 §f§l§x§8§A§0§0§F§FS§x§9§5§0§0§E§4h§x§A§0§0§0§C§9i§x§A§B§0§0§A§En§x§B§6§0§0§9§4e§x§C§1§0§0§7§9 §x§C§C§0§0§5§EO§x§D§7§0§0§4§3n§x§E§2§0§0§2§8i§x§E§D§0§0§0§D C§x§E§2§0§0§2§8h§x§D§7§0§0§4§3e§x§C§C§0§0§5§Es§x§C§1§0§0§7§9t§x§B§6§0§0§9§4p§x§A§B§0§0§A§El§x§A§0§0§0§C§9a§x§9§5§0§0§E§4t§x§8§A§0§0§F§Fe in auction for 8000000.
[22:02:36] > Unforce01 added x1 §f§l§x§8§A§0§0§F§FS§x§9§C§0§0§D§5h§x§A§D§0§0§A§Ai§x§B§F§0§0§8§0n§x§D§0§0§0§5§5e§x§E§2§0§0§2§B §x§F§3§0§0§0§0O§x§E§2§0§0§2§An§x§D§0§0§0§5§5i§x§B§F§0§0§8§0 §x§A§D§0§0§A§AH§x§9§C§0§0§D§5o§x§8§A§0§0§F§Fe in auction for 800000.
[22:03:37] > celinesanrio added x1 §f§l§x§8§A§0§0§F§FS§x§9§6§0§0§E§1h§x§A§3§0§0§C§3i§x§A§F§0§0§A§5n§x§B§B§0§0§8§7e§x§C§8§0§0§6§9 §x§D§4§0§0§4§BO§x§E§0§0§0§2§Dn§x§E§D§0§0§0§Fi §x§E§0§0§0§2§DL§x§D§4§0§0§4§Be§x§C§8§0§0§6§9g§x§B§B§0§0§8§7g§x§A§F§0§0§A§5i§x§A§3§0§0§C§3n§x§9§6§0§0§E§1g§x§8§A§0§0§F§Fs in auction for 5600000.
[22:03:41] > Zypher_0w0 buy x1 §f§l§x§8§A§0§0§F§FS§x§9§6§0§0§E§1h§x§A§3§0§0§C§3i§x§A§F§0§0§A§5n§x§B§B§0§0§8§7e§x§C§8§0§0§6§9 §x§D§4§0§0§4§BO§x§E§0§0§0§2§Dn§x§E§D§0§0§0§Fi §x§E§0§0§0§2§DL§x§D§4§0§0§4§Be§x§C§8§0§0§6§9g§x§B§B§0§0§8§7g§x§A§F§0§0§A§5i§x§A§3§0§0§C§3n§x§9§6§0§0§E§1g§x§8§A§0§0§F§Fs to celinesanrio for $5 600 000.
[22:03:49] > celinesanrio remove x1 §f§l§x§8§A§0§0§F§FS§x§9§6§0§0§E§1h§x§A§3§0§0§C§3i§x§A§F§0§0§A§5n§x§B§B§0§0§8§7e§x§C§8§0§0§6§9 §x§D§4§0§0§4§BO§x§E§0§0§0§2§Dn§x§E§D§0§0§0§Fi §x§E§0§0§0§2§DL§x§D§4§0§0§4§Be§x§C§8§0§0§6§9g§x§B§B§0§0§8§7g§x§A§F§0§0§A§5i§x§A§3§0§0§C§3n§x§9§6§0§0§E§1g§x§8§A§0§0§F§Fs from storage
[22:03:49] > celinesanrio remove x1 §f§l§x§8§A§0§0§F§FS§x§9§9§0§0§D§Bh§x§A§8§0§0§B§6i§x§B§7§0§0§9§2n§x§C§6§0§0§6§De§x§D§5§0§0§4§9 §x§E§4§0§0§2§4O§x§F§3§0§0§0§0n§x§E§4§0§0§2§4i§x§D§5§0§0§4§9 §x§C§6§0§0§6§DS§x§B§7§0§0§9§2t§x§A§8§0§0§B§6a§x§9§9§0§0§D§Bf§x§8§A§0§0§F§Ff from storage
[22:03:52] > celinesanrio added x1 §f§l§x§8§A§0§0§F§FS§x§9§6§0§0§E§1h§x§A§3§0§0§C§3i§x§A§F§0§0§A§5n§x§B§B§0§0§8§7e§x§C§8§0§0§6§9 §x§D§4§0§0§4§BO§x§E§0§0§0§2§Dn§x§E§D§0§0§0§Fi §x§E§0§0§0§2§DL§x§D§4§0§0§4§Be§x§C§8§0§0§6§9g§x§B§B§0§0§8§7g§x§A§F§0§0§A§5i§x§A§3§0§0§C§3n§x§9§6§0§0§E§1g§x§8§A§0§0§F§Fs in auction for 5600000.
[22:03:55] > Teshii buy x1 §f§l§x§8§A§0§0§F§FS§x§9§6§0§0§E§1h§x§A§3§0§0§C§3i§x§A§F§0§0§A§5n§x§B§B§0§0§8§7e§x§C§8§0§0§6§9 §x§D§4§0§0§4§BO§x§E§0§0§0§2§Dn§x§E§D§0§0§0§Fi §x§E§0§0§0§2§DL§x§D§4§0§0§4§Be§x§C§8§0§0§6§9g§x§B§B§0§0§8§7g§x§A§F§0§0§A§5i§x§A§3§0§0§C§3n§x§9§6§0§0§E§1g§x§8§A§0§0§F§Fs to celinesanrio for $5 600 000.
[22:04:12] > ataraxue added x1 §x§F§F§5§5§0§0§lsᴇʟʟᴡᴀɴᴅ §6- 10.0x in auction for 450000.
[22:04:16] > Kyslee buy x1 §x§F§F§5§5§0§0§lsᴇʟʟᴡᴀɴᴅ §6- 10.0x to ataraxue for $450 000.
[22:04:56] > koshie remove x1 §eɪʀᴏɴ ɢᴏʟᴇᴍ sᴘᴀᴡɴᴇʀ from storage
[22:05:18] > koshie added x2 §eᴄʀᴇᴇᴘᴇʀ sᴘᴀᴡɴᴇʀ in auction for 550000.
[22:05:23] > Kyslee buy x2 §eᴄʀᴇᴇᴘᴇʀ sᴘᴀᴡɴᴇʀ to koshie for $550 000.
[22:06:30] > llhxnce buy x1 §x§F§0§7§A§5§4§lZombie Apocalyptic Halberd to MrGh0st1y for $250 000.
[22:06:48] > celinesanrio remove x1 §x§F§F§3§E§0§0§lD§x§F§F§3§6§0§0§le§x§F§F§2§F§0§0§lm§x§F§F§2§7§0§0§lo§x§F§F§1§F§0§0§ln §x§F§F§1§0§0§0§lL§x§F§F§0§8§0§0§lo§x§F§F§0§0§0§0§lr§x§F§F§0§8§0§0§ld §x§F§F§1§7§0§0§lD§x§F§F§1§F§0§0§la§x§F§F§2§7§0§0§lg§x§F§F§2§F§0§0§lg§x§F§F§3§6§0§0§le§x§F§F§3§E§0§0§lr from storage
[22:06:48] > celinesanrio remove x1 §x§F§F§3§E§0§0§lDemon Lord Wings from storage
[22:06:58] > celinesanrio added x1 §x§F§F§3§E§0§0§lD§x§F§F§3§6§0§0§le§x§F§F§2§F§0§0§lm§x§F§F§2§7§0§0§lo§x§F§F§1§F§0§0§ln §x§F§F§1§0§0§0§lL§x§F§F§0§8§0§0§lo§x§F§F§0§0§0§0§lr§x§F§F§0§8§0§0§ld §x§F§F§1§7§0§0§lS§x§F§F§1§F§0§0§li§x§F§F§2§7§0§0§lc§x§F§F§2§F§0§0§lk§x§F§F§3§6§0§0§ll§x§F§F§3§E§0§0§le in auction for 500000.
[22:07:01] > koshie added x1 §f§l§x§F§C§D§0§5§CW§x§F§B§A§D§4§Du§x§F§9§8§B§3§Dk§x§F§8§6§8§2§Eo§x§F§6§4§5§1§Fn§x§F§5§2§3§0§Fg§x§F§3§0§0§0§0 §x§F§5§2§3§0§FD§x§F§6§4§5§1§Fa§x§F§8§6§8§2§Eg§x§F§9§8§B§3§Dg§x§F§B§A§D§4§De§x§F§C§D§0§5§Cr in auction for 700000.
[22:07:03] > celinesanrio added x1 §x§F§F§3§E§0§0§lD§x§F§F§3§6§0§0§le§x§F§F§2§F§0§0§lm§x§F§F§2§7§0§0§lo§x§F§F§1§F§0§0§ln §x§F§F§1§0§0§0§lL§x§F§F§0§8§0§0§lo§x§F§F§0§0§0§0§lr§x§F§F§0§8§0§0§ld §x§F§F§1§7§0§0§lD§x§F§F§1§F§0§0§la§x§F§F§2§7§0§0§lg§x§F§F§2§F§0§0§lg§x§F§F§3§6§0§0§le§x§F§F§3§E§0§0§lr in auction for 140000.
[22:07:15] > celinesanrio added x1 §x§F§F§3§E§0§0§lDemon Lord Wings in auction for 1000000.
[22:07:24] > celinesanrio added x1 §f§l§x§8§A§0§0§F§FS§x§9§9§0§0§D§Bh§x§A§8§0§0§B§6i§x§B§7§0§0§9§2n§x§C§6§0§0§6§De§x§D§5§0§0§4§9 §x§E§4§0§0§2§4O§x§F§3§0§0§0§0n§x§E§4§0§0§2§4i§x§D§5§0§0§4§9 §x§C§6§0§0§6§DS§x§B§7§0§0§9§2t§x§A§8§0§0§B§6a§x§9§9§0§0§D§Bf§x§8§A§0§0§F§Ff in auction for 5000000.
[22:07:36] > celinesanrio added x2 §x§F§F§3§E§0§0§lD§x§F§F§3§7§0§0§le§x§F§F§3§0§0§0§lm§x§F§F§2§9§0§0§lo§x§F§F§2§2§0§0§ln §x§F§F§1§5§0§0§lL§x§F§F§0§E§0§0§lo§x§F§F§0§7§0§0§lr§x§F§F§0§0§0§0§ld §x§F§F§0§E§0§0§lF§x§F§F§1§5§0§0§lr§x§F§F§1§C§0§0§la§x§F§F§2§2§0§0§lg§x§F§F§2§9§0§0§lm§x§F§F§3§0§0§0§le§x§F§F§3§7§0§0§ln§x§F§F§3§E§0§0§lt in auction for 300000.
[22:07:44] > koshie remove x1 §x§F§F§3§E§0§0§lD§x§F§F§3§5§0§0§le§x§F§F§2§C§0§0§lm§x§F§F§2§3§0§0§lo§x§F§F§1§B§0§0§ln §x§F§F§0§9§0§0§lL§x§F§F§0§0§0§0§lo§x§F§F§0§A§0§0§lr§x§F§F§1§5§0§0§ld §x§F§F§2§9§0§0§lH§x§F§F§3§4§0§0§lo§x§F§F§3§E§0§0§le from storage
[22:07:45] > koshie remove x1 §x§F§F§3§E§0§0§lD§x§F§F§3§6§0§0§le§x§F§F§2§F§0§0§lm§x§F§F§2§7§0§0§lo§x§F§F§1§F§0§0§ln §x§F§F§1§0§0§0§lL§x§F§F§0§8§0§0§lo§x§F§F§0§0§0§0§lr§x§F§F§0§9§0§0§ld §x§F§F§1§B§0§0§lS§x§F§F§2§3§0§0§lp§x§F§F§2§C§0§0§le§x§F§F§3§5§0§0§la§x§F§F§3§E§0§0§lr from storage
[22:07:50] > celinesanrio added x1 §x§F§F§3§E§0§0§lD§x§F§F§3§5§0§0§le§x§F§F§2§C§0§0§lm§x§F§F§2§3§0§0§lo§x§F§F§1§B§0§0§ln §x§F§F§0§9§0§0§lL§x§F§F§0§0§0§0§lo§x§F§F§0§A§0§0§lr§x§F§F§1§5§0§0§ld §x§F§F§2§9§0§0§lK§x§F§F§3§4§0§0§le§x§F§F§3§E§0§0§ly in auction for 200000.
[22:07:55] > celinesanrio added x1 §x§F§F§3§E§0§0§lD§x§F§F§3§5§0§0§le§x§F§F§2§C§0§0§lm§x§F§F§2§3§0§0§lo§x§F§F§1§B§0§0§ln §x§F§F§0§9§0§0§lL§x§F§F§0§0§0§0§lo§x§F§F§0§A§0§0§lr§x§F§F§1§5§0§0§ld §x§F§F§2§9§0§0§lK§x§F§F§3§4§0§0§le§x§F§F§3§E§0§0§ly in auction for 200000.
[22:08:01] > celinesanrio added x1 §x§F§F§3§E§0§0§lD§x§F§F§3§5§0§0§le§x§F§F§2§C§0§0§lm§x§F§F§2§3§0§0§lo§x§F§F§1§B§0§0§ln §x§F§F§0§9§0§0§lL§x§F§F§0§0§0§0§lo§x§F§F§0§A§0§0§lr§x§F§F§1§5§0§0§ld §x§F§F§2§9§0§0§lK§x§F§F§3§4§0§0§le§x§F§F§3§E§0§0§ly in auction for 200000.
[22:08:02] > koshie added x1 §f§l§x§F§C§D§0§5§CW§x§F§A§A§A§4§Bu§x§F§9§8§4§3§Bk§x§F§7§5§F§2§Ao§x§F§5§3§9§1§9n§x§F§4§1§3§0§8g §x§F§5§3§9§1§9S§x§F§7§5§F§2§Ap§x§F§9§8§4§3§Be§x§F§A§A§A§4§Ba§x§F§C§D§0§5§Cr in auction for 600000.
[22:08:10] > celinesanrio added x6 §x§F§0§7§A§5§4§lZombie Apocalyptic Key in auction for 600000.
[22:08:16] > celinesanrio added x1 §x§5§9§A§1§D§9§lA§x§7§5§B§1§D§F§lr§x§9§0§C§0§E§6§lc§x§A§C§D§0§E§C§lh§x§C§8§E§0§F§2§la§x§E§3§E§F§F§9§ln§f§lg§x§E§3§E§F§F§9§le§x§C§8§E§0§F§2§ll §x§9§0§C§0§E§6§lK§x§7§5§B§1§D§F§le§x§5§9§A§1§D§9§ly in auction for 200000.
[22:08:26] > Unforce01 buy x1 §x§5§9§A§1§D§9§lA§x§7§5§B§1§D§F§lr§x§9§0§C§0§E§6§lc§x§A§C§D§0§E§C§lh§x§C§8§E§0§F§2§la§x§E§3§E§F§F§9§ln§f§lg§x§E§3§E§F§F§9§le§x§C§8§E§0§F§2§ll §x§9§0§C§0§E§6§lK§x§7§5§B§1§D§F§le§x§5§9§A§1§D§9§ly to celinesanrio for $200 000.
[22:08:30] > celinesanrio added x1 §x§5§9§A§1§D§9§lA§x§7§5§B§1§D§F§lr§x§9§0§C§0§E§6§lc§x§A§C§D§0§E§C§lh§x§C§8§E§0§F§2§la§x§E§3§E§F§F§9§ln§f§lg§x§E§3§E§F§F§9§le§x§C§8§E§0§F§2§ll §x§9§0§C§0§E§6§lK§x§7§5§B§1§D§F§le§x§5§9§A§1§D§9§ly in auction for 200000.
[22:08:34] > koshie added x1 §f§l§x§F§C§D§0§5§CW§x§F§A§A§A§4§Bu§x§F§9§8§4§3§Bk§x§F§7§5§F§2§Ao§x§F§5§3§9§1§9n§x§F§4§1§3§0§8g §x§F§5§3§9§1§9S§x§F§7§5§F§2§At§x§F§9§8§4§3§Ba§x§F§A§A§A§4§Bf§x§F§C§D§0§5§Cf in auction for 500000.
[22:08:53] > Unforce01 buy x64 Golden carrot to Zypher_0w0 for $3 500.
[22:09:03] > Unforce01 buy x1 §x§5§9§A§1§D§9§lA§x§7§5§B§1§D§F§lr§x§9§0§C§0§E§6§lc§x§A§C§D§0§E§C§lh§x§C§8§E§0§F§2§la§x§E§3§E§F§F§9§ln§f§lg§x§E§3§E§F§F§9§le§x§C§8§E§0§F§2§ll §x§9§0§C§0§E§6§lK§x§7§5§B§1§D§F§le§x§5§9§A§1§D§9§ly to celinesanrio for $200 000.
[22:09:08] > celinesanrio added x1 §x§5§9§A§1§D§9§lA§x§7§5§B§1§D§F§lr§x§9§0§C§0§E§6§lc§x§A§C§D§0§E§C§lh§x§C§8§E§0§F§2§la§x§E§3§E§F§F§9§ln§f§lg§x§E§3§E§F§F§9§le§x§C§8§E§0§F§2§ll §x§9§0§C§0§E§6§lK§x§7§5§B§1§D§F§le§x§5§9§A§1§D§9§ly in auction for 200000.
[22:10:10] > koshie remove x1 §f§l§x§F§C§D§0§5§CW§x§F§B§A§D§4§Du§x§F§9§8§B§3§Dk§x§F§8§6§8§2§Eo§x§F§6§4§5§1§Fn§x§F§5§2§3§0§Fg§x§F§3§0§0§0§0 §x§F§5§2§3§0§FH§x§F§6§4§5§1§Fa§x§F§8§6§8§2§Em§x§F§9§8§B§3§Dm§x§F§B§A§D§4§De§x§F§C§D§0§5§Cr from storage
[22:10:32] > Rain_Reinn added x1 §fHalo in auction for 1000000.
[22:10:46] > Rain_Reinn remove x1 §fHalo from storage
[22:10:57] > Rain_Reinn added x1 §fHalo in auction for 1700000.
[22:11:24] > MrGh0st1y added x5 Netherite ingot in auction for 50000.
[22:11:35] > llhxnce buy x5 Netherite ingot to MrGh0st1y for $50 000.
[22:12:18] > Teshii added x5 §x§F§F§3§E§0§0§lD§x§F§F§3§7§0§0§le§x§F§F§3§0§0§0§lm§x§F§F§2§9§0§0§lo§x§F§F§2§2§0§0§ln §x§F§F§1§5§0§0§lL§x§F§F§0§E§0§0§lo§x§F§F§0§7§0§0§lr§x§F§F§0§0§0§0§ld §x§F§F§0§E§0§0§lF§x§F§F§1§5§0§0§lr§x§F§F§1§C§0§0§la§x§F§F§2§2§0§0§lg§x§F§F§2§9§0§0§lm§x§F§F§3§0§0§0§le§x§F§F§3§7§0§0§ln§x§F§F§3§E§0§0§lt in auction for 600000.
[22:12:49] > Zypher_0w0 added x1 /pwarp go TotemTrade (3k per totem) in auction for 1000000000000.
[22:12:55] > celinesanrio remove x2 §x§F§F§3§E§0§0§lD§x§F§F§3§7§0§0§le§x§F§F§3§0§0§0§lm§x§F§F§2§9§0§0§lo§x§F§F§2§2§0§0§ln §x§F§F§1§5§0§0§lL§x§F§F§0§E§0§0§lo§x§F§F§0§7§0§0§lr§x§F§F§0§0§0§0§ld §x§F§F§0§E§0§0§lF§x§F§F§1§5§0§0§lr§x§F§F§1§C§0§0§la§x§F§F§2§2§0§0§lg§x§F§F§2§9§0§0§lm§x§F§F§3§0§0§0§le§x§F§F§3§7§0§0§ln§x§F§F§3§E§0§0§lt from storage
[22:13:10] > celinesanrio added x1 §x§6§0§0§0§F§F§lɢᴏᴅʟʏ ɪᴛᴇᴍ in auction for 1600000.
[22:14:25] > Acon1te_0w0 added x1 §x§F§F§3§E§0§0§lD§x§F§F§3§7§0§0§le§x§F§F§3§0§0§0§lm§x§F§F§2§9§0§0§lo§x§F§F§2§2§0§0§ln §x§F§F§1§5§0§0§lL§x§F§F§0§E§0§0§lo§x§F§F§0§7§0§0§lr§x§F§F§0§0§0§0§ld §x§F§F§0§E§0§0§lF§x§F§F§1§5§0§0§lr§x§F§F§1§C§0§0§la§x§F§F§2§2§0§0§lg§x§F§F§2§9§0§0§lm§x§F§F§3§0§0§0§le§x§F§F§3§7§0§0§ln§x§F§F§3§E§0§0§lt in auction for 200000.
[22:18:17] > koshie added x1 §x§F§F§3§E§0§0§lD§x§F§F§3§6§0§0§le§x§F§F§2§F§0§0§lm§x§F§F§2§7§0§0§lo§x§F§F§1§F§0§0§ln §x§F§F§1§0§0§0§lL§x§F§F§0§8§0§0§lo§x§F§F§0§0§0§0§lr§x§F§F§0§9§0§0§ld §x§F§F§1§B§0§0§lB§x§F§F§2§3§0§0§lo§x§F§F§2§C§0§0§lo§x§F§F§3§5§0§0§lt§x§F§F§3§E§0§0§ls in auction for 250000.
[22:25:36] > koshie remove x1 §x§F§F§3§E§0§0§lD§x§F§F§3§6§0§0§le§x§F§F§2§F§0§0§lm§x§F§F§2§7§0§0§lo§x§F§F§1§F§0§0§ln §x§F§F§1§0§0§0§lL§x§F§F§0§8§0§0§lo§x§F§F§0§0§0§0§lr§x§F§F§0§9§0§0§ld §x§F§F§1§B§0§0§lB§x§F§F§2§3§0§0§lo§x§F§F§2§C§0§0§lo§x§F§F§3§5§0§0§lt§x§F§F§3§E§0§0§ls from storage
[22:25:46] > koshie added x1 §x§F§F§3§E§0§0§lD§x§F§F§3§6§0§0§le§x§F§F§2§F§0§0§lm§x§F§F§2§7§0§0§lo§x§F§F§1§F§0§0§ln §x§F§F§1§0§0§0§lL§x§F§F§0§8§0§0§lo§x§F§F§0§0§0§0§lr§x§F§F§0§9§0§0§ld §x§F§F§1§B§0§0§lB§x§F§F§2§3§0§0§lo§x§F§F§2§C§0§0§lo§x§F§F§3§5§0§0§lt§x§F§F§3§E§0§0§ls in auction for 200000.
[22:29:58] > Teshii added x1 §f§l§x§8§A§0§0§F§FS§x§9§8§0§0§D§Dh§x§A§6§0§0§B§Bi§x§B§4§0§0§9§9n§x§C§2§0§0§7§7e§x§D§0§0§0§5§5 §x§D§E§0§0§3§3O§x§E§C§0§0§1§1ni§x§D§E§0§0§3§3 §x§D§0§0§0§5§5S§x§C§2§0§0§7§7i§x§B§4§0§0§9§9c§x§A§6§0§0§B§Bk§x§9§8§0§0§D§Dl§x§8§A§0§0§F§Fe in auction for 15000000.
[22:31:52] > celinesanrio remove x1 §x§6§0§0§0§F§F§lɢᴏᴅʟʏ ɪᴛᴇᴍ from storage
[22:31:59] > celinesanrio added x1 §x§F§F§5§5§0§0§lsᴇʟʟᴡᴀɴᴅ §6- 5.0x in auction for 500000.
[22:33:45] > Teshii added x50 §x§F§C§9§0§5§C§lE§x§E§6§9§C§6§B§lp§x§C§F§A§7§7§A§li§x§B§9§B§3§8§9§lc §x§8§C§C§B§A§7§lC§x§7§5§D§6§B§6§lr§x§5§F§E§2§C§5§la§x§7§9§D§4§B§4§lt§x§9§3§C§7§A§2§le §x§C§8§A§B§7§F§lK§x§E§2§9§E§6§E§le§x§F§C§9§0§5§C§ly in auction for 500000.
[22:41:47] > MilkeBread added x1 §x§F§F§5§5§0§0§lsᴇʟʟᴡᴀɴᴅ §6- 5.0x in auction for 150000.
[22:41:50] > Kyslee buy x1 §x§F§F§5§5§0§0§lsᴇʟʟᴡᴀɴᴅ §6- 5.0x to MilkeBread for $150 000.
[22:41:59] > MilkeBread added x1 §x§F§F§5§5§0§0§lsᴇʟʟᴡᴀɴᴅ §6- 5.0x in auction for 150000.
[22:42:06] > Raylii buy x1 §x§F§F§5§5§0§0§lsᴇʟʟᴡᴀɴᴅ §6- 5.0x to MilkeBread for $150 000.
[22:42:20] > azi buy x1 §x§F§F§5§5§0§0§lsᴇʟʟᴡᴀɴᴅ §6- 5.0x to celinesanrio for $500 000.
[22:43:03] > celinesanrio added x1 §x§F§F§5§5§0§0§lsᴇʟʟᴡᴀɴᴅ §6- 5.0x in auction for 500000.
[22:43:15] > azi added x1 §x§F§F§5§5§0§0§lsᴇʟʟᴡᴀɴᴅ §6- 5.0x in auction for 700000.
[22:43:32] > Teshii added x1 §x§F§F§5§5§0§0§lsᴇʟʟᴡᴀɴᴅ §6- 5.0x in auction for 700000.
[22:43:50] > Raylii added x1 §x§F§F§5§5§0§0§lsᴇʟʟᴡᴀɴᴅ §6- 5.0x in auction for 10000000.
[22:43:51] > nagiiish added x1 Dried ghast in auction for 100000.
[22:44:04] > azi added x1 §x§F§F§5§5§0§0§lsᴇʟʟᴡᴀɴᴅ §6- 5.0x in auction for 50000000.
[22:44:32] > Teshii remove x1 §x§F§F§5§5§0§0§lsᴇʟʟᴡᴀɴᴅ §6- 5.0x from storage
[22:44:34] > Teshii remove x1 §x§F§F§3§E§0§0§lD§x§F§F§3§7§0§0§le§x§F§F§3§0§0§0§lm§x§F§F§2§9§0§0§lo§x§F§F§2§2§0§0§ln §x§F§F§1§5§0§0§lL§x§F§F§0§E§0§0§lo§x§F§F§0§7§0§0§lr§x§F§F§0§0§0§0§ld §x§F§F§0§E§0§0§lF§x§F§F§1§5§0§0§lr§x§F§F§1§C§0§0§la§x§F§F§2§2§0§0§lg§x§F§F§2§9§0§0§lm§x§F§F§3§0§0§0§le§x§F§F§3§7§0§0§ln§x§F§F§3§E§0§0§lt form storage
[22:44:34] > Teshii remove x5 §x§F§F§3§E§0§0§lD§x§F§F§3§7§0§0§le§x§F§F§3§0§0§0§lm§x§F§F§2§9§0§0§lo§x§F§F§2§2§0§0§ln §x§F§F§1§5§0§0§lL§x§F§F§0§E§0§0§lo§x§F§F§0§7§0§0§lr§x§F§F§0§0§0§0§ld §x§F§F§0§E§0§0§lF§x§F§F§1§5§0§0§lr§x§F§F§1§C§0§0§la§x§F§F§2§2§0§0§lg§x§F§F§2§9§0§0§lm§x§F§F§3§0§0§0§le§x§F§F§3§7§0§0§ln§x§F§F§3§E§0§0§lt form storage
[22:44:34] > Teshii remove x1 §f§l§x§8§A§0§0§F§FS§x§9§8§0§0§D§Dh§x§A§6§0§0§B§Bi§x§B§4§0§0§9§9n§x§C§2§0§0§7§7e§x§D§0§0§0§5§5 §x§D§E§0§0§3§3O§x§E§C§0§0§1§1ni§x§D§E§0§0§3§3 §x§D§0§0§0§5§5S§x§C§2§0§0§7§7i§x§B§4§0§0§9§9c§x§A§6§0§0§B§Bk§x§9§8§0§0§D§Dl§x§8§A§0§0§F§Fe form storage
[22:44:57] > Teshii added x1 §f§l§x§8§A§0§0§F§FS§x§9§8§0§0§D§Dh§x§A§6§0§0§B§Bi§x§B§4§0§0§9§9n§x§C§2§0§0§7§7e§x§D§0§0§0§5§5 §x§D§E§0§0§3§3O§x§E§C§0§0§1§1ni§x§D§E§0§0§3§3 §x§D§0§0§0§5§5S§x§C§2§0§0§7§7i§x§B§4§0§0§9§9c§x§A§6§0§0§B§Bk§x§9§8§0§0§D§Dl§x§8§A§0§0§F§Fe in auction for 13000000.
[22:45:07] > Teshii added x1 §x§F§F§5§5§0§0§lsᴇʟʟᴡᴀɴᴅ §6- 5.0x in auction for 500000.
[22:45:18] > Teshii added x6 §x§F§F§3§E§0§0§lD§x§F§F§3§7§0§0§le§x§F§F§3§0§0§0§lm§x§F§F§2§9§0§0§lo§x§F§F§2§2§0§0§ln §x§F§F§1§5§0§0§lL§x§F§F§0§E§0§0§lo§x§F§F§0§7§0§0§lr§x§F§F§0§0§0§0§ld §x§F§F§0§E§0§0§lF§x§F§F§1§5§0§0§lr§x§F§F§1§C§0§0§la§x§F§F§2§2§0§0§lg§x§F§F§2§9§0§0§lm§x§F§F§3§0§0§0§le§x§F§F§3§7§0§0§ln§x§F§F§3§E§0§0§lt in auction for 500000.
[22:45:44] > Runz added x1 §x§F§F§5§5§0§0§lsᴇʟʟᴡᴀɴᴅ §6- 5.0x in auction for 500000.
[22:47:14] > celinesanrio remove x1 §x§F§F§5§5§0§0§lsᴇʟʟᴡᴀɴᴅ §6- 5.0x from storage
[22:47:22] > celinesanrio added x1 §x§F§F§5§5§0§0§lsᴇʟʟᴡᴀɴᴅ §6- 20.0x in auction for 400000.
[22:47:27] > Drpeckles buy x1 §x§F§F§5§5§0§0§lsᴇʟʟᴡᴀɴᴅ §6- 20.0x to celinesanrio for $400 000.
[22:47:28] > HPMR_GaMerz buy x1 §x§F§F§5§5§0§0§lsᴇʟʟᴡᴀɴᴅ §6- 5.0x to Runz for $500 000.
[22:47:29] > celinesanrio added x1 §x§F§F§5§5§0§0§lsᴇʟʟᴡᴀɴᴅ §6- 5.0x in auction for 400000.
[22:47:33] > Drpeckles buy x1 §x§F§F§5§5§0§0§lsᴇʟʟᴡᴀɴᴅ §6- 5.0x to celinesanrio for $400 000.
[22:47:35] > celinesanrio added x1 §x§F§F§5§5§0§0§lsᴇʟʟᴡᴀɴᴅ §6- 5.0x in auction for 400000.
[22:47:42] > ZAFF buy x1 §x§F§F§5§5§0§0§lsᴇʟʟᴡᴀɴᴅ §6- 5.0x to celinesanrio for $400 000.
[22:47:42] > Abbadex buy x6 §x§F§F§3§E§0§0§lD§x§F§F§3§7§0§0§le§x§F§F§3§0§0§0§lm§x§F§F§2§9§0§0§lo§x§F§F§2§2§0§0§ln §x§F§F§1§5§0§0§lL§x§F§F§0§E§0§0§lo§x§F§F§0§7§0§0§lr§x§F§F§0§0§0§0§ld §x§F§F§0§E§0§0§lF§x§F§F§1§5§0§0§lr§x§F§F§1§C§0§0§la§x§F§F§2§2§0§0§lg§x§F§F§2§9§0§0§lm§x§F§F§3§0§0§0§le§x§F§F§3§7§0§0§ln§x§F§F§3§E§0§0§lt to Teshii for $500 000.
[22:47:43] > celinesanrio added x1 §x§F§F§5§5§0§0§lsᴇʟʟᴡᴀɴᴅ §6- 5.0x in auction for 400000.
[22:47:44] > MilkeBread buy x1 §eɪʀᴏɴ ɢᴏʟᴇᴍ sᴘᴀᴡɴᴇʀ to nicoso12 for $400 000.
[22:47:46] > Zenolite_ buy x1 §x§F§F§5§5§0§0§lsᴇʟʟᴡᴀɴᴅ §6- 5.0x to celinesanrio for $400 000.
[22:47:48] > HPMR_GaMerz buy x1 §x§F§F§5§5§0§0§lsᴇʟʟᴡᴀɴᴅ §6- 5.0x to Teshii for $500 000.
[22:47:49] > celinesanrio added x1 §x§F§F§5§5§0§0§lsᴇʟʟᴡᴀɴᴅ §6- 5.0x in auction for 400000.
[22:47:51] > azi remove x1 §x§F§F§5§5§0§0§lsᴇʟʟᴡᴀɴᴅ §6- 5.0x from storage
[22:47:51] > HPMR_GaMerz buy x1 §x§F§F§5§5§0§0§lsᴇʟʟᴡᴀɴᴅ §6- 5.0x to celinesanrio for $400 000.
[22:47:52] > azi remove x1 §x§F§F§5§5§0§0§lsᴇʟʟᴡᴀɴᴅ §6- 5.0x from storage
[22:48:40] > celinesanrio added x1 §x§E§E§0§0§0§0§lᴜɴʟɪᴍɪᴛᴇᴅ sᴇʟʟᴡᴀɴᴅ in auction for 400000.
[22:48:45] > koshie buy x1 §x§E§E§0§0§0§0§lᴜɴʟɪᴍɪᴛᴇᴅ sᴇʟʟᴡᴀɴᴅ to celinesanrio for $400 000.
[22:49:20] > TostyZura buy x1 §x§5§9§A§1§D§9§lA§x§7§5§B§1§D§F§lr§x§9§0§C§0§E§6§lc§x§A§C§D§0§E§C§lh§x§C§8§E§0§F§2§la§x§E§3§E§F§F§9§ln§f§lg§x§E§3§E§F§F§9§le§x§C§8§E§0§F§2§ll §x§9§0§C§0§E§6§lK§x§7§5§B§1§D§F§le§x§5§9§A§1§D§9§ly to celinesanrio for $200 000.
[22:50:23] > TostyZura added x1 §x§5§9§A§1§D§9§lA§x§6§E§A§D§D§Er§x§8§3§B§9§E§3c§x§9§7§C§4§E§7h§x§A§C§D§0§E§Ca§x§C§1§D§C§F§1n§x§D§6§E§8§F§6g§x§E§A§F§3§F§Ae§fl §x§D§0§E§4§F§4S§x§B§8§D§7§E§Fh§x§A§0§C§9§E§9i§x§8§8§B§C§E§4e§x§7§1§A§E§D§El§x§5§9§A§1§D§9d in auction for 500000.
[22:51:00] > CeeJaiye added x1 §x§F§F§3§E§0§0§lD§x§F§F§3§7§0§0§le§x§F§F§3§0§0§0§lm§x§F§F§2§9§0§0§lo§x§F§F§2§2§0§0§ln §x§F§F§1§5§0§0§lL§x§F§F§0§E§0§0§lo§x§F§F§0§7§0§0§lr§x§F§F§0§0§0§0§ld §x§F§F§0§E§0§0§lL§x§F§F§1§5§0§0§le§x§F§F§1§C§0§0§lg§x§F§F§2§2§0§0§lg§x§F§F§2§9§0§0§li§x§F§F§3§0§0§0§ln§x§F§F§3§7§0§0§lg§x§F§F§3§E§0§0§ls in auction for 200000.
[22:51:03] > koshie remove x1 §f§l§x§F§C§D§0§5§CW§x§F§A§A§A§4§Bu§x§F§9§8§4§3§Bk§x§F§7§5§F§2§Ao§x§F§5§3§9§1§9n§x§F§4§1§3§0§8g §x§F§5§3§9§1§9S§x§F§7§5§F§2§Ap§x§F§9§8§4§3§Be§x§F§A§A§A§4§Ba§x§F§C§D§0§5§Cr from storage
[22:51:09] > koshie added x1 §x§E§E§0§0§0§0§lᴜɴʟɪᴍɪᴛᴇᴅ sᴇʟʟᴡᴀɴᴅ in auction for 400000.
[22:51:09] > TostyZura remove x1 §x§5§9§A§1§D§9§lA§x§6§E§A§D§D§Er§x§8§3§B§9§E§3c§x§9§7§C§4§E§7h§x§A§C§D§0§E§Ca§x§C§1§D§C§F§1n§x§D§6§E§8§F§6g§x§E§A§F§3§F§Ae§fl §x§D§0§E§4§F§4S§x§B§8§D§7§E§Fh§x§A§0§C§9§E§9i§x§8§8§B§C§E§4e§x§7§1§A§E§D§El§x§5§9§A§1§D§9d from storage
[22:51:15] > TostyZura remove x1 §eMummy Hat form storage
[22:51:42] > TostyZura added x1 §eMummy Hat in auction for 20000.
[22:51:49] > HPMR_GaMerz buy x1 §eMummy Hat to TostyZura for $20 000.
[22:52:18] > CeeJaiye added x1 §x§F§0§7§A§5§4§lZombie Apocalyptic Pickaxe in auction for 200000.
[22:52:42] > nicoso12 added x1 §x§F§0§7§A§5§4§lZombie Apocalyptic Big Axe in auction for 300000.
[22:53:03] > koshie remove x1 §x§E§E§0§0§0§0§lᴜɴʟɪᴍɪᴛᴇᴅ sᴇʟʟᴡᴀɴᴅ from storage
[22:53:20] > TostyZura added x1 §eᴘɪɢ sᴘᴀᴡɴᴇʀ in auction for 200000.
[22:53:37] > celinesanrio added x3 Sweet berries in auction for 30.
[22:53:43] > CeeJaiye added x1 §esᴋᴇʟᴇᴛᴏɴ sᴘᴀᴡɴᴇʀ in auction for 350000.
[22:53:51] > HPMR_GaMerz buy x1 §fSun Visor Hat to Bestofphilipine for $15 000.
[22:54:14] > HPMR_GaMerz buy x1 §fGhost Hat to Bestofphilipine for $15 000.
[22:54:16] > celinesanrio added x2 §x§F§F§3§E§0§0§lD§x§F§F§3§7§0§0§le§x§F§F§3§0§0§0§lm§x§F§F§2§9§0§0§lo§x§F§F§2§2§0§0§ln §x§F§F§1§5§0§0§lL§x§F§F§0§E§0§0§lo§x§F§F§0§7§0§0§lr§x§F§F§0§0§0§0§ld §x§F§F§0§E§0§0§lF§x§F§F§1§5§0§0§lr§x§F§F§1§C§0§0§la§x§F§F§2§2§0§0§lg§x§F§F§2§9§0§0§lm§x§F§F§3§0§0§0§le§x§F§F§3§7§0§0§ln§x§F§F§3§E§0§0§lt in auction for 300000.
[22:54:34] > azi added x2 Porkchop in auction for 143.
[22:54:57] > celinesanrio remove x3 Sweet berries from storage
[22:55:01] > azi added x1 Silence armor trim smithing template in auction for 143000.
[22:55:02] > celinesanrio added x1 §x§E§E§0§0§0§0§lᴜɴʟɪᴍɪᴛᴇᴅ sᴇʟʟᴡᴀɴᴅ in auction for 400000.
[22:55:06] > TostyZura added x4 §x§C§9§A§7§F§C§lL§x§B§D§A§E§F§6§le§x§B§1§B§4§F§0§lg§x§A§6§B§B§E§A§le§x§9§A§C§1§E§4§ln§x§8§E§C§8§D§D§ld§x§8§2§C§E§D§7§la§x§7§7§D§5§D§1§lr§x§6§B§D§B§C§B§ly §x§6§B§D§B§C§B§lC§x§7§7§D§5§D§1§lr§x§8§2§C§E§D§7§la§x§8§E§C§8§D§D§lt§x§9§A§C§1§E§4§le §x§B§1§B§4§F§0§lK§x§B§D§A§E§F§6§le§x§C§9§A§7§F§C§ly in auction for 150000.
[22:55:10] > MrGh0st1y added x1 §eᴡᴀʀᴅᴇɴ ꜱᴘᴀᴡɴᴇʀ in auction for 300000.
[22:55:14] > celinesanrio buy x4 §x§C§9§A§7§F§C§lL§x§B§D§A§E§F§6§le§x§B§1§B§4§F§0§lg§x§A§6§B§B§E§A§le§x§9§A§C§1§E§4§ln§x§8§E§C§8§D§D§ld§x§8§2§C§E§D§7§la§x§7§7§D§5§D§1§lr§x§6§B§D§B§C§B§ly §x§6§B§D§B§C§B§lC§x§7§7§D§5§D§1§lr§x§8§2§C§E§D§7§la§x§8§E§C§8§D§D§lt§x§9§A§C§1§E§4§le §x§B§1§B§4§F§0§lK§x§B§D§A§E§F§6§le§x§C§9§A§7§F§C§ly to TostyZura for $150 000.
[22:55:27] > MrGh0st1y buy x1 Silence armor trim smithing template to azi for $143 000.
[22:55:33] > Abbadex buy x2 §x§F§F§3§E§0§0§lD§x§F§F§3§7§0§0§le§x§F§F§3§0§0§0§lm§x§F§F§2§9§0§0§lo§x§F§F§2§2§0§0§ln §x§F§F§1§5§0§0§lL§x§F§F§0§E§0§0§lo§x§F§F§0§7§0§0§lr§x§F§F§0§0§0§0§ld §x§F§F§0§E§0§0§lF§x§F§F§1§5§0§0§lr§x§F§F§1§C§0§0§la§x§F§F§2§2§0§0§lg§x§F§F§2§9§0§0§lm§x§F§F§3§0§0§0§le§x§F§F§3§7§0§0§ln§x§F§F§3§E§0§0§lt to celinesanrio for $300 000.
[22:55:40] > celinesanrio remove x1 §x§F§F§3§E§0§0§lDemon Lord Wings from storage
[22:55:44] > celinesanrio added x1 §x§F§F§3§E§0§0§lDemon Lord Wings in auction for 901000.
[22:55:52] > TostyZura added x5 Beacon in auction for 120000.
[22:55:54] > Khanetucky buy x1 §x§F§F§3§E§0§0§lDemon Lord Wings to celinesanrio for $901 000.
[22:56:16] > Zypher_0w0 remove x1 §f§l§x§F§C§D§0§5§CW§x§F§A§A§6§4§Au§x§F§8§7§D§3§7k§x§F§7§5§3§2§5o§x§F§5§2§A§1§2n§x§F§3§0§0§0§0g§x§F§5§2§A§1§2 §x§F§7§5§3§2§5C§x§F§8§7§D§3§7l§x§F§A§A§6§4§Au§x§F§C§D§0§5§Cb from storage
[22:56:19] > MilkeBread added x1 SELLWAND - 20x in auction for 300000.
[22:56:26] > Zypher_0w0 added x1 §f§l§x§F§C§D§0§5§CW§x§F§A§A§6§4§Au§x§F§8§7§D§3§7k§x§F§7§5§3§2§5o§x§F§5§2§A§1§2n§x§F§3§0§0§0§0g§x§F§5§2§A§1§2 §x§F§7§5§3§2§5C§x§F§8§7§D§3§7l§x§F§A§A§6§4§Au§x§F§C§D§0§5§Cb in auction for 1200000.
[22:56:27] > Runz added x1 §x§F§F§5§5§0§0§lsᴇʟʟᴡᴀɴᴅ §6- 10.0x in auction for 1000000.
[22:56:28] > Khanetucky buy x1 SELLWAND - 20x to MilkeBread for $300 000.
[22:56:35] > Raylii buy x1 §f§l§x§F§C§D§0§5§CW§x§F§A§A§6§4§Au§x§F§8§7§D§3§7k§x§F§7§5§3§2§5o§x§F§5§2§A§1§2n§x§F§3§0§0§0§0g§x§F§5§2§A§1§2 §x§F§7§5§3§2§5C§x§F§8§7§D§3§7l§x§F§A§A§6§4§Au§x§F§C§D§0§5§Cb to Zypher_0w0 for $1 200 000.
[22:57:03] > Raylii buy x1 §x§F§F§5§5§0§0§lsᴇʟʟᴡᴀɴᴅ §6- 10.0x to Runz for $1 000 000.
[22:57:33] > HPMR_GaMerz added x1 Shulker box in auction for 1000000000.
[22:57:53] > TostyZura added x1 §x§9§8§6§3§E§7§lG§x§9§0§7§5§E§2§lo§x§8§8§8§7§D§D§ld§x§8§0§9§9§D§8§ll§x§7§7§A§C§D§4§ly §x§6§7§D§0§C§A§lC§x§5§F§E§2§C§5§lr§x§6§7§D§0§C§A§la§x§6§F§B§E§C§F§lt§x§7§7§A§C§D§4§le §x§8§8§8§7§D§D§lK§x§9§0§7§5§E§2§le§x§9§8§6§3§E§7§ly in auction for 150000.
[22:57:59] > Drpeckles buy x1 §x§9§8§6§3§E§7§lG§x§9§0§7§5§E§2§lo§x§8§8§8§7§D§D§ld§x§8§0§9§9§D§8§ll§x§7§7§A§C§D§4§ly §x§6§7§D§0§C§A§lC§x§5§F§E§2§C§5§lr§x§6§7§D§0§C§A§la§x§6§F§B§E§C§F§lt§x§7§7§A§C§D§4§le §x§8§8§8§7§D§D§lK§x§9§0§7§5§E§2§le§x§9§8§6§3§E§7§ly to TostyZura for $150 000.
[22:58:05] > MrGh0st1y added x1 Silence armor trim smithing template in auction for 300000.
[22:58:17] > Seris00 buy x1 Silence armor trim smithing template to MrGh0st1y for $300 000.
[22:58:27] > Teshii added x1 §f§l§x§8§A§0§0§F§FS§x§9§C§0§0§D§5h§x§A§D§0§0§A§Ai§x§B§F§0§0§8§0n§x§D§0§0§0§5§5e§x§E§2§0§0§2§B §x§F§3§0§0§0§0O§x§E§2§0§0§2§An§x§D§0§0§0§5§5i§x§B§F§0§0§8§0 §x§A§D§0§0§A§AB§x§9§C§0§0§D§5o§x§8§A§0§0§F§Fw in auction for 2000000.
[22:58:29] > HPMR_GaMerz remove x1 Shulker box from storage
[22:58:35] > celinesanrio buy x1 §f§l§x§8§A§0§0§F§FS§x§9§C§0§0§D§5h§x§A§D§0§0§A§Ai§x§B§F§0§0§8§0n§x§D§0§0§0§5§5e§x§E§2§0§0§2§B §x§F§3§0§0§0§0O§x§E§2§0§0§2§An§x§D§0§0§0§5§5i§x§B§F§0§0§8§0 §x§A§D§0§0§A§AB§x§9§C§0§0§D§5o§x§8§A§0§0§F§Fw to Teshii for $2 000 000.
[22:58:48] > Runz added x1 §eᴘɪɢ sᴘᴀᴡɴᴇʀ in auction for 200000.
[22:58:55] > HPMR_GaMerz added x8 §x§F§C§D§0§5§C§lB§x§E§6§D§3§6§B§la§x§C§F§D§5§7§A§ls§x§B§9§D§8§8§9§li§x§A§2§D§A§9§8§lc §x§7§5§D§F§B§6§lC§x§5§F§E§2§C§5§lr§x§7§5§D§F§B§6§la§x§8§C§D§D§A§7§lt§x§A§2§D§A§9§8§le §x§C§F§D§5§7§A§lK§x§E§6§D§3§6§B§le§x§F§C§D§0§5§C§ly in auction for 100000.
[22:59:00] > MrGh0st1y added x1 Silence armor trim smithing template in auction for 10000000.
[22:59:17] > Runz added x1 §esʜᴇᴇᴘ sᴘᴀᴡɴᴇʀ in auction for 300000.
[22:59:20] > HPMR_GaMerz remove x1 §x§E§5§1§B§1§B§lDracula Key from storage
[22:59:30] > HPMR_GaMerz added x1 §x§E§5§1§B§1§B§lDracula Key in auction for 100000.
[22:59:36] > TostyZura remove x5 Beacon from storage
[22:59:38] > TostyZura remove x1 §eᴘɪɢ sᴘᴀᴡɴᴇʀ from storage
[22:59:47] > TostyZura added x1 §eᴘɪɢ sᴘᴀᴡɴᴇʀ in auction for 100000.
[22:59:50] > Kyslee buy x1 §eᴘɪɢ sᴘᴀᴡɴᴇʀ to TostyZura for $100 000.
[22:59:53] > Zee_ buy x1 §x§E§5§1§B§1§B§lDracula Key to HPMR_GaMerz for $100 000.
[23:00:02] > HPMR_GaMerz remove x1 §x§E§5§1§B§1§B§lDracula Key from storage
[23:00:09] > HPMR_GaMerz added x1 §x§E§5§1§B§1§B§lDracula Key in auction for 300000.
[23:00:29] > HPMR_GaMerz added x1 §x§E§5§1§B§1§B§lDracula Key in auction for 300000.
[23:00:45] > Teshii remove x50 §x§F§C§9§0§5§C§lE§x§E§6§9§C§6§B§lp§x§C§F§A§7§7§A§li§x§B§9§B§3§8§9§lc §x§8§C§C§B§A§7§lC§x§7§5§D§6§B§6§lr§x§5§F§E§2§C§5§la§x§7§9§D§4§B§4§lt§x§9§3§C§7§A§2§le §x§C§8§A§B§7§F§lK§x§E§2§9§E§6§E§le§x§F§C§9§0§5§C§ly from storage
[23:00:47] > TostyZura added x42 Dragon breath in auction for 50000.
[23:00:48] > Teshii remove x50 §x§F§C§9§0§5§C§lE§x§E§6§9§C§6§B§lp§x§C§F§A§7§7§A§li§x§B§9§B§3§8§9§lc §x§8§C§C§B§A§7§lC§x§7§5§D§6§B§6§lr§x§5§F§E§2§C§5§la§x§7§9§D§4§B§4§lt§x§9§3§C§7§A§2§le §x§C§8§A§B§7§F§lK§x§E§2§9§E§6§E§le§x§F§C§9§0§5§C§ly from expire
[23:01:13] > HPMR_GaMerz remove x1 §x§E§5§1§B§1§B§lDracula Key from storage
[23:01:14] > HPMR_GaMerz remove x1 §x§E§5§1§B§1§B§lDracula Key from storage
[23:01:20] > HPMR_GaMerz added x2 §x§E§5§1§B§1§B§lDracula Key in auction for 400000.
[23:02:24] > Drpeckles added x1 SELLWAND - 20x in auction for 250000.
[23:03:13] > HPMR_GaMerz added x1 §x§F§F§3§E§0§0§lD§x§F§F§3§7§0§0§le§x§F§F§3§0§0§0§lm§x§F§F§2§9§0§0§lo§x§F§F§2§2§0§0§ln §x§F§F§1§5§0§0§lL§x§F§F§0§E§0§0§lo§x§F§F§0§7§0§0§lr§x§F§F§0§0§0§0§ld §x§F§F§0§E§0§0§lF§x§F§F§1§5§0§0§lr§x§F§F§1§C§0§0§la§x§F§F§2§2§0§0§lg§x§F§F§2§9§0§0§lm§x§F§F§3§0§0§0§le§x§F§F§3§7§0§0§ln§x§F§F§3§E§0§0§lt in auction for 150000.
[23:03:23] > Drpeckles remove x1 SELLWAND - 20x from storage
[23:04:10] > HPMR_GaMerz remove x1 §x§C§9§A§7§F§C§lL§x§B§D§A§E§F§6§le§x§B§1§B§4§F§0§lg§x§A§6§B§B§E§A§le§x§9§A§C§1§E§4§ln§x§8§E§C§8§D§D§ld§x§8§2§C§E§D§7§la§x§7§7§D§5§D§1§lr§x§6§B§D§B§C§B§ly §x§6§B§D§B§C§B§lC§x§7§7§D§5§D§1§lr§x§8§2§C§E§D§7§la§x§8§E§C§8§D§D§lt§x§9§A§C§1§E§4§le §x§B§1§B§4§F§0§lK§x§B§D§A§E§F§6§le§x§C§9§A§7§F§C§ly from storage
[23:04:15] > HPMR_GaMerz added x1 §x§F§F§3§E§0§0§lD§x§F§F§3§7§0§0§le§x§F§F§3§0§0§0§lm§x§F§F§2§9§0§0§lo§x§F§F§2§2§0§0§ln §x§F§F§1§5§0§0§lL§x§F§F§0§E§0§0§lo§x§F§F§0§7§0§0§lr§x§F§F§0§0§0§0§ld §x§F§F§0§E§0§0§lF§x§F§F§1§5§0§0§lr§x§F§F§1§C§0§0§la§x§F§F§2§2§0§0§lg§x§F§F§2§9§0§0§lm§x§F§F§3§0§0§0§le§x§F§F§3§7§0§0§ln§x§F§F§3§E§0§0§lt in auction for 150000.
[23:04:49] > TostyZura remove x42 Dragon breath from storage
[23:04:58] > CeeJaiye added x1 §x§F§F§3§E§0§0§lD§x§F§F§3§6§0§0§le§x§F§F§2§F§0§0§lm§x§F§F§2§7§0§0§lo§x§F§F§1§F§0§0§ln §x§F§F§1§0§0§0§lL§x§F§F§0§8§0§0§lo§x§F§F§0§0§0§0§lr§x§F§F§0§9§0§0§ld §x§F§F§1§B§0§0§lS§x§F§F§2§3§0§0§lp§x§F§F§2§C§0§0§le§x§F§F§3§5§0§0§la§x§F§F§3§E§0§0§lr in auction for 1000000.
[23:05:21] > TostyZura added x42 Colgate Mint in auction for 158.
[23:05:25] > celinesanrio buy x42 Colgate Mint to TostyZura for $158.
[23:06:04] > Drpeckles added x1 SELLWAND - 20x in auction for 10.
[23:06:05] > leafsmh added x64 Tnt in auction for 5666.
[23:06:09] > HPMR_GaMerz buy x64 Tnt to leafsmh for $5 666.
[23:06:12] > nicoso12 buy x1 SELLWAND - 20x to Drpeckles for $10.
[23:06:51] > leafsmh added x64 Tnt in auction for 5777.
[23:07:08] > HPMR_GaMerz buy x64 Tnt to leafsmh for $5 777.
[23:07:31] > TostyZura added x1 Malunggay Pandesal in auction for 20.
[23:07:36] > celinesanrio buy x1 Malunggay Pandesal to TostyZura for $20.
[23:07:56] > kysicx buy x64 Bone block to Rain_Reinn for $15 000.
[23:08:17] > TostyZura added x58 Pale oak sapling in auction for 2000.
[23:08:38] > Zypher_0w0 added x1 §x§F§F§7§C§0§0§lSteamsparks Hat in auction for 450000.
[23:08:53] > leafsmh added x1 §f§l§x§F§C§D§0§5§CW§x§F§B§C§3§5§6u§x§F§B§B§6§5§1k§x§F§A§A§9§4§Bo§x§F§A§9§C§4§5n§x§F§9§8§F§3§Fg§x§F§9§8§2§3§A §x§F§8§7§5§3§4C§x§F§8§6§8§2§Eh§x§F§7§5§B§2§8e§x§F§6§4§E§2§3s§x§F§6§4§1§1§Dt§x§F§5§3§4§1§7p§x§F§5§2§7§1§1l§x§F§4§1§A§0§Ca§x§F§4§0§D§0§6t§x§F§3§0§0§0§0e in auction for 300000.
[23:09:13] > Zypher_0w0 buy x1 §f§l§x§F§C§D§0§5§CW§x§F§B§C§3§5§6u§x§F§B§B§6§5§1k§x§F§A§A§9§4§Bo§x§F§A§9§C§4§5n§x§F§9§8§F§3§Fg§x§F§9§8§2§3§A §x§F§8§7§5§3§4C§x§F§8§6§8§2§Eh§x§F§7§5§B§2§8e§x§F§6§4§E§2§3s§x§F§6§4§1§1§Dt§x§F§5§3§4§1§7p§x§F§5§2§7§1§1l§x§F§4§1§A§0§Ca§x§F§4§0§D§0§6t§x§F§3§0§0§0§0e to leafsmh for $300 000.
[23:09:17] > TostyZura added x1 Bactidol in auction for 100.
[23:09:21] > celinesanrio buy x1 Bactidol to TostyZura for $100.
[23:09:41] > koshie remove x1 §f§l§x§F§C§D§0§5§CW§x§F§A§A§A§4§Bu§x§F§9§8§4§3§Bk§x§F§7§5§F§2§Ao§x§F§5§3§9§1§9n§x§F§4§1§3§0§8g §x§F§5§3§9§1§9S§x§F§7§5§F§2§At§x§F§9§8§4§3§Ba§x§F§A§A§A§4§Bf§x§F§C§D§0§5§Cf from storage
[23:09:42] > koshie remove x1 §f§l§x§F§C§D§0§5§CW§x§F§B§A§D§4§Du§x§F§9§8§B§3§Dk§x§F§8§6§8§2§Eo§x§F§6§4§5§1§Fn§x§F§5§2§3§0§Fg§x§F§3§0§0§0§0 §x§F§5§2§3§0§FD§x§F§6§4§5§1§Fa§x§F§8§6§8§2§Eg§x§F§9§8§B§3§Dg§x§F§B§A§D§4§De§x§F§C§D§0§5§Cr from storage
[23:09:42] > koshie remove x1 §f§l§x§F§C§D§0§5§CW§x§F§A§A§6§4§Au§x§F§8§7§D§3§7k§x§F§7§5§3§2§5o§x§F§5§2§A§1§2n§x§F§3§0§0§0§0g§x§F§5§2§A§1§2 §x§F§7§5§3§2§5C§x§F§8§7§D§3§7l§x§F§A§A§6§4§Au§x§F§C§D§0§5§Cb from storage
[23:09:55] > koshie added x1 §f§l§x§F§C§D§0§5§CW§x§F§A§A§A§4§Bu§x§F§9§8§4§3§Bk§x§F§7§5§F§2§Ao§x§F§5§3§9§1§9n§x§F§4§1§3§0§8g §x§F§5§3§9§1§9S§x§F§7§5§F§2§At§x§F§9§8§4§3§Ba§x§F§A§A§A§4§Bf§x§F§C§D§0§5§Cf in auction for 500000.
[23:10:01] > TostyZura added x1 Cherifer in auction for 20.
[23:10:05] > celinesanrio buy x1 Cherifer to TostyZura for $20.
[23:10:12] > koshie added x1 §f§l§x§F§C§D§0§5§CW§x§F§A§A§6§4§Au§x§F§8§7§D§3§7k§x§F§7§5§3§2§5o§x§F§5§2§A§1§2n§x§F§3§0§0§0§0g§x§F§5§2§A§1§2 §x§F§7§5§3§2§5C§x§F§8§7§D§3§7l§x§F§A§A§6§4§Au§x§F§C§D§0§5§Cb in auction for 500000.
[23:10:40] > Unforce01 remove x1 §eɪʀᴏɴ ɢᴏʟᴇᴍ sᴘᴀᴡɴᴇʀ from storage
[23:10:43] > Unforce01 remove x1 §f§l§x§8§A§0§0§F§FS§x§9§C§0§0§D§5h§x§A§D§0§0§A§Ai§x§B§F§0§0§8§0n§x§D§0§0§0§5§5e§x§E§2§0§0§2§B §x§F§3§0§0§0§0O§x§E§2§0§0§2§An§x§D§0§0§0§5§5i§x§B§F§0§0§8§0 §x§A§D§0§0§A§AH§x§9§C§0§0§D§5o§x§8§A§0§0§F§Fe from storage
[23:10:44] > Unforce01 remove x1 §x§F§F§7§C§0§0§lSteamsparks Halberd from storage
[23:10:45] > Unforce01 remove x1 §x§F§F§7§C§0§0§lSteamsparks Spear from storage
[23:10:46] > Unforce01 remove x1 §fMysterious Hat from storage
[23:10:59] > TostyZura added x18 Letchong Belly in auction for 50.
[23:11:00] > Runz added x1 §esʜᴇᴇᴘ sᴘᴀᴡɴᴇʀ in auction for 300000.
[23:11:05] > koshie added x1 §f§l§x§F§C§D§0§5§CW§x§F§B§A§D§4§Du§x§F§9§8§B§3§Dk§x§F§8§6§8§2§Eo§x§F§6§4§5§1§Fn§x§F§5§2§3§0§Fg§x§F§3§0§0§0§0 §x§F§5§2§3§0§FH§x§F§6§4§5§1§Fa§x§F§8§6§8§2§Em§x§F§9§8§B§3§Dm§x§F§B§A§D§4§De§x§F§C§D§0§5§Cr in auction for 600000.
[23:11:11] > celinesanrio buy x18 Letchong Belly to TostyZura for $50.
[23:11:15] > Runz added x1 §esʜᴇᴇᴘ sᴘᴀᴡɴᴇʀ in auction for 200000.
[23:11:23] > Unforce01 added x1 §eɪʀᴏɴ ɢᴏʟᴇᴍ sᴘᴀᴡɴᴇʀ in auction for 450000.
[23:11:32] > Teshii buy x1 §eɪʀᴏɴ ɢᴏʟᴇᴍ sᴘᴀᴡɴᴇʀ to Unforce01 for $450 000.
[23:11:40] > Unforce01 added x1 §f§l§x§8§A§0§0§F§FS§x§9§C§0§0§D§5h§x§A§D§0§0§A§Ai§x§B§F§0§0§8§0n§x§D§0§0§0§5§5e§x§E§2§0§0§2§B §x§F§3§0§0§0§0O§x§E§2§0§0§2§An§x§D§0§0§0§5§5i§x§B§F§0§0§8§0 §x§A§D§0§0§A§AH§x§9§C§0§0§D§5o§x§8§A§0§0§F§Fe in auction for 250000.
[23:11:49] > Drpeckles buy x1 §f§l§x§8§A§0§0§F§FS§x§9§C§0§0§D§5h§x§A§D§0§0§A§Ai§x§B§F§0§0§8§0n§x§D§0§0§0§5§5e§x§E§2§0§0§2§B §x§F§3§0§0§0§0O§x§E§2§0§0§2§An§x§D§0§0§0§5§5i§x§B§F§0§0§8§0 §x§A§D§0§0§A§AH§x§9§C§0§0§D§5o§x§8§A§0§0§F§Fe to Unforce01 for $250 000.
[23:11:51] > TostyZura added x1 Pinggan in auction for 20.
[23:11:55] > Unforce01 added x1 §x§F§F§7§C§0§0§lSteamsparks Halberd in auction for 300000.
[23:11:58] > celinesanrio buy x1 Pinggan to TostyZura for $20.
[23:12:02] > Unforce01 added x1 §x§F§F§7§C§0§0§lSteamsparks Spear in auction for 300000.
[23:12:17] > ameeelia added x1 §eᴢᴏᴍʙɪᴇ sᴘᴀᴡɴᴇʀ in auction for 250000.
[23:12:47] > Unforce01 added x1 §fMysterious Hat in auction for 25000.
[23:12:54] > ameeelia buy x1 §fMysterious Hat to Unforce01 for $25 000.
[23:13:04] > TostyZura added x1 Chooks to Go in auction for 40.
[23:13:07] > celinesanrio buy x1 Chooks to Go to TostyZura for $40.
[23:14:00] > TostyZura added x1 Tinidor in auction for 250.
[23:14:07] > celinesanrio buy x1 Tinidor to TostyZura for $250.
[23:14:30] > Unforce01 added x1 §x§5§9§A§1§D§9§lA§x§6§E§A§D§D§Er§x§8§3§B§9§E§3c§x§9§7§C§4§E§7h§x§A§C§D§0§E§Ca§x§C§1§D§C§F§1n§x§D§6§E§8§F§6g§x§E§A§F§3§F§Ae§fl §x§D§0§E§4§F§4S§x§B§8§D§7§E§Fh§x§A§0§C§9§E§9i§x§8§8§B§C§E§4e§x§7§1§A§E§D§El§x§5§9§A§1§D§9d in auction for 500000.
[23:15:04] > TostyZura added x1 Growee in auction for 40.
[23:15:07] > celinesanrio buy x1 Growee to TostyZura for $40.
[23:15:22] > koshie added x1 §f§l§x§F§C§D§0§5§CW§x§F§A§A§A§4§Bu§x§F§9§8§4§3§Bk§x§F§7§5§F§2§Ao§x§F§5§3§9§1§9n§x§F§4§1§3§0§8g §x§F§5§3§9§1§9S§x§F§7§5§F§2§Ap§x§F§9§8§4§3§Be§x§F§A§A§A§4§Ba§x§F§C§D§0§5§Cr in auction for 200000.
[23:15:37] > Unforce01 remove x1 §x§F§F§7§C§0§0§lSteamsparks Spear from storage
[23:15:38] > Unforce01 remove x1 §x§F§F§7§C§0§0§lSteamsparks Halberd from storage
[23:15:39] > Unforce01 remove x1 §x§5§9§A§1§D§9§lA§x§6§E§A§D§D§Er§x§8§3§B§9§E§3c§x§9§7§C§4§E§7h§x§A§C§D§0§E§Ca§x§C§1§D§C§F§1n§x§D§6§E§8§F§6g§x§E§A§F§3§F§Ae§fl §x§D§0§E§4§F§4S§x§B§8§D§7§E§Fh§x§A§0§C§9§E§9i§x§8§8§B§C§E§4e§x§7§1§A§E§D§El§x§5§9§A§1§D§9d from storage
[23:16:03] > Unforce01 added x1 §x§F§F§7§C§0§0§lSteamsparks Spear in auction for 250000.
[23:16:13] > Unforce01 added x1 §x§F§F§7§C§0§0§lSteamsparks Halberd in auction for 250000.
[23:16:32] > CeeJaiye remove x1 §x§F§F§3§E§0§0§lD§x§F§F§3§6§0§0§le§x§F§F§2§F§0§0§lm§x§F§F§2§7§0§0§lo§x§F§F§1§F§0§0§ln §x§F§F§1§0§0§0§lL§x§F§F§0§8§0§0§lo§x§F§F§0§0§0§0§lr§x§F§F§0§9§0§0§ld §x§F§F§1§B§0§0§lS§x§F§F§2§3§0§0§lp§x§F§F§2§C§0§0§le§x§F§F§3§5§0§0§la§x§F§F§3§E§0§0§lr from storage
[23:16:44] > Unforce01 added x1 §x§5§9§A§1§D§9§lA§x§6§E§A§D§D§Er§x§8§3§B§9§E§3c§x§9§7§C§4§E§7h§x§A§C§D§0§E§Ca§x§C§1§D§C§F§1n§x§D§6§E§8§F§6g§x§E§A§F§3§F§Ae§fl §x§D§0§E§4§F§4S§x§B§8§D§7§E§Fh§x§A§0§C§9§E§9i§x§8§8§B§C§E§4e§x§7§1§A§E§D§El§x§5§9§A§1§D§9d in auction for 350000.
[23:16:44] > CeeJaiye added x1 §x§F§F§3§E§0§0§lD§x§F§F§3§6§0§0§le§x§F§F§2§F§0§0§lm§x§F§F§2§7§0§0§lo§x§F§F§1§F§0§0§ln §x§F§F§1§0§0§0§lL§x§F§F§0§8§0§0§lo§x§F§F§0§0§0§0§lr§x§F§F§0§9§0§0§ld §x§F§F§1§B§0§0§lS§x§F§F§2§3§0§0§lp§x§F§F§2§C§0§0§le§x§F§F§3§5§0§0§la§x§F§F§3§E§0§0§lr in auction for 500000.
[23:17:42] > Zypher_0w0 added x1 Enchanted book in auction for 2000.
[23:17:46] > TostyZura added x1 Dinuguan in auction for 10.
[23:17:49] > MilkeBread buy x1 Enchanted book to Zypher_0w0 for $2 000.
[23:17:52] > celinesanrio buy x1 Dinuguan to TostyZura for $10.
[23:19:27] > TostyZura added x1 Gua Sha in auction for 10.
[23:19:36] > celinesanrio buy x1 Gua Sha to TostyZura for $10.
[23:20:01] > CeeJaiye remove x1 §eʙʟᴀᴢᴇ sᴘᴀᴡɴᴇʀ from storage
[23:20:07] > CeeJaiye added x1 §esᴋᴇʟᴇᴛᴏɴ sᴘᴀᴡɴᴇʀ in auction for 350000.
[23:20:10] > TostyZura added x1 Ensaymada in auction for 20.
[23:20:36] > ZAFF added x1 Shulker box in auction for 500000.
[23:20:46] > HPMR_GaMerz buy x1 Shulker box to ZAFF for $500 000.
[23:20:53] > ZAFF added x1 Shulker box in auction for 500000.
[23:20:59] > HPMR_GaMerz buy x1 Shulker box to ZAFF for $500 000.
[23:21:22] > celinesanrio buy x1 Ensaymada to TostyZura for $20.
[23:21:59] > TostyZura added x1 1000 PHP in auction for 10.
[23:23:29] > TostyZura added x1 Multo - Cup of Joe in auction for 200.
[23:23:44] > HPMR_GaMerz buy x1 Multo - Cup of Joe to TostyZura for $200.
[23:24:50] > TostyZura added x5 Beacon in auction for 10000.
[23:24:56] > ameeelia buy x5 Beacon to TostyZura for $10 000.
[23:25:06] > MrGh0st1y added x1 Beacon in auction for 9999.
[23:25:23] > kysicx buy x1 Beacon to MrGh0st1y for $9 999.
[23:25:31] > TostyZura added x1 Plema in auction for 10.
[23:25:38] > MrGh0st1y added x1 Beacon in auction for 9999.
[23:25:43] > HPMR_GaMerz buy x1 Beacon to MrGh0st1y for $9 999.
[23:25:55] > MrGh0st1y added x1 Beacon in auction for 9999.
[23:26:01] > .Raineee243784 buy x1 Beacon to MrGh0st1y for $9 999.
[23:26:33] > TostyZura added x1 Walis ting ting in auction for 20.
[23:28:56] > ameeelia added x1 totally normal milk in auction for 10.
[23:29:11] > celinesanrio buy x1 totally normal milk to ameeelia for $10.
[23:30:17] > Zypher_0w0 remove x64 Cobweb from storage
[23:30:52] > ameeelia added x1 Pneumonoultramicroscopicsilicovolcanoconiosis in auction for 20.
[23:32:37] > Zypher_0w0 added x64 Cobweb in auction for 3200.
[23:32:43] > PrezXie buy x64 Cobweb to Zypher_0w0 for $3 200.
[23:33:00] > MrGh0st1y added x1 §eᴡᴀʀᴅᴇɴ ꜱᴘᴀᴡɴᴇʀ in auction for 300000.
[23:40:38] > Khanetucky added x1 §x§F§F§3§E§0§0§lD§x§F§F§3§8§0§0§le§x§F§F§3§2§0§0§lm§x§F§F§2§B§0§0§lo§x§F§F§2§5§0§0§ln §x§F§F§1§9§0§0§lL§x§F§F§1§3§0§0§lo§x§F§F§0§C§0§0§lr§x§F§F§0§6§0§0§ld §x§F§F§0§6§0§0§lB§x§F§F§0§C§0§0§la§x§F§F§1§3§0§0§lt§x§F§F§1§9§0§0§lt§x§F§F§1§F§0§0§ll§x§F§F§2§5§0§0§le §x§F§F§3§2§0§0§lA§x§F§F§3§8§0§0§lx§x§F§F§3§E§0§0§le in auction for 200000.
[23:43:33] > Deanrex added x1 §x§C§9§A§7§F§C§lL§x§B§D§A§E§F§6§le§x§B§1§B§4§F§0§lg§x§A§6§B§B§E§A§le§x§9§A§C§1§E§4§ln§x§8§E§C§8§D§D§ld§x§8§2§C§E§D§7§la§x§7§7§D§5§D§1§lr§x§6§B§D§B§C§B§ly §x§6§B§D§B§C§B§lC§x§7§7§D§5§D§1§lr§x§8§2§C§E§D§7§la§x§8§E§C§8§D§D§lt§x§9§A§C§1§E§4§le §x§B§1§B§4§F§0§lK§x§B§D§A§E§F§6§le§x§C§9§A§7§F§C§ly in auction for 500000.
[23:43:37] > HPMR_GaMerz buy x1 §x§C§9§A§7§F§C§lL§x§B§D§A§E§F§6§le§x§B§1§B§4§F§0§lg§x§A§6§B§B§E§A§le§x§9§A§C§1§E§4§ln§x§8§E§C§8§D§D§ld§x§8§2§C§E§D§7§la§x§7§7§D§5§D§1§lr§x§6§B§D§B§C§B§ly §x§6§B§D§B§C§B§lC§x§7§7§D§5§D§1§lr§x§8§2§C§E§D§7§la§x§8§E§C§8§D§D§lt§x§9§A§C§1§E§4§le §x§B§1§B§4§F§0§lK§x§B§D§A§E§F§6§le§x§C§9§A§7§F§C§ly to Deanrex for $500 000.
[23:44:42] > Runz buy x1 §esᴋᴇʟᴇᴛᴏɴ sᴘᴀᴡɴᴇʀ to Ilovewaifus for $200 000.
[23:44:58] > mae_ added x1 §x§F§F§3§E§0§0§lD§x§F§F§3§8§0§0§le§x§F§F§3§2§0§0§lm§x§F§F§2§B§0§0§lo§x§F§F§2§5§0§0§ln §x§F§F§1§9§0§0§lL§x§F§F§1§3§0§0§lo§x§F§F§0§C§0§0§lr§x§F§F§0§6§0§0§ld §x§F§F§0§6§0§0§lB§x§F§F§0§C§0§0§la§x§F§F§1§3§0§0§lt§x§F§F§1§9§0§0§lt§x§F§F§1§F§0§0§ll§x§F§F§2§5§0§0§le §x§F§F§3§2§0§0§lA§x§F§F§3§8§0§0§lx§x§F§F§3§E§0§0§le in auction for 800000.
[23:45:29] > mae_ remove x1 §x§F§F§3§E§0§0§lD§x§F§F§3§8§0§0§le§x§F§F§3§2§0§0§lm§x§F§F§2§B§0§0§lo§x§F§F§2§5§0§0§ln §x§F§F§1§9§0§0§lL§x§F§F§1§3§0§0§lo§x§F§F§0§C§0§0§lr§x§F§F§0§6§0§0§ld §x§F§F§0§6§0§0§lB§x§F§F§0§C§0§0§la§x§F§F§1§3§0§0§lt§x§F§F§1§9§0§0§lt§x§F§F§1§F§0§0§ll§x§F§F§2§5§0§0§le §x§F§F§3§2§0§0§lA§x§F§F§3§8§0§0§lx§x§F§F§3§E§0§0§le from storage
[23:49:55] > Unforce01 added x1 §f§x§4§1§B§C§4§2D§x§4§5§C§3§5§3r§x§4§9§C§9§6§3o§x§4§D§D§0§7§4w§x§5§1§D§7§8§5n§x§5§6§D§E§9§6e§x§5§A§E§4§A§6d§x§5§E§E§B§B§7 §x§6§2§F§2§C§8H§x§6§6§F§8§D§8a§x§6§A§F§F§E§9t in auction for 75000.
[23:52:09] > PrezXie remove x1 §fFarmer Hat from storage
[23:52:12] > MrGh0st1y remove x1 §x§E§5§1§B§1§B§lDracula Shield from storage
[23:52:18] > PrezXie added x1 §eᴡɪᴛᴄʜ ꜱᴘᴀᴡɴᴇʀ in auction for 350000.
[23:52:20] > Kyslee buy x1 §eᴡɪᴛᴄʜ ꜱᴘᴀᴡɴᴇʀ to PrezXie for $350 000.
[23:52:34] > MrGh0st1y added x1 §x§F§F§3§E§0§0§lD§x§F§F§3§6§0§0§le§x§F§F§2§F§0§0§lm§x§F§F§2§7§0§0§lo§x§F§F§1§F§0§0§ln §x§F§F§1§0§0§0§lL§x§F§F§0§8§0§0§lo§x§F§F§0§0§0§0§lr§x§F§F§0§8§0§0§ld §x§F§F§1§7§0§0§lD§x§F§F§1§F§0§0§la§x§F§F§2§7§0§0§lg§x§F§F§2§F§0§0§lg§x§F§F§3§6§0§0§le§x§F§F§3§E§0§0§lr in auction for 50000.
[23:52:49] > leafsmh added x2 Shulker shell in auction for 4000.
[23:52:54] > celinesanrio buy x2 Shulker shell to leafsmh for $4 000.
[23:55:55] > ataraxue buy x1 §x§F§F§3§E§0§0§lD§x§F§F§3§7§0§0§le§x§F§F§3§0§0§0§lm§x§F§F§2§9§0§0§lo§x§F§F§2§2§0§0§ln §x§F§F§1§5§0§0§lL§x§F§F§0§E§0§0§lo§x§F§F§0§7§0§0§lr§x§F§F§0§0§0§0§ld §x§F§F§0§E§0§0§lF§x§F§F§1§5§0§0§lr§x§F§F§1§C§0§0§la§x§F§F§2§2§0§0§lg§x§F§F§2§9§0§0§lm§x§F§F§3§0§0§0§le§x§F§F§3§7§0§0§ln§x§F§F§3§E§0§0§lt to HPMR_GaMerz for $150 000.
[23:55:58] > ataraxue buy x1 §x§F§F§3§E§0§0§lD§x§F§F§3§7§0§0§le§x§F§F§3§0§0§0§lm§x§F§F§2§9§0§0§lo§x§F§F§2§2§0§0§ln §x§F§F§1§5§0§0§lL§x§F§F§0§E§0§0§lo§x§F§F§0§7§0§0§lr§x§F§F§0§0§0§0§ld §x§F§F§0§E§0§0§lF§x§F§F§1§5§0§0§lr§x§F§F§1§C§0§0§la§x§F§F§2§2§0§0§lg§x§F§F§2§9§0§0§lm§x§F§F§3§0§0§0§le§x§F§F§3§7§0§0§ln§x§F§F§3§E§0§0§lt to HPMR_GaMerz for $150 000.
[23:56:23] > MrGh0st1y remove x1 §x§F§F§3§E§0§0§lD§x§F§F§3§6§0§0§le§x§F§F§2§F§0§0§lm§x§F§F§2§7§0§0§lo§x§F§F§1§F§0§0§ln §x§F§F§1§0§0§0§lL§x§F§F§0§8§0§0§lo§x§F§F§0§0§0§0§lr§x§F§F§0§8§0§0§ld §x§F§F§1§7§0§0§lD§x§F§F§1§F§0§0§la§x§F§F§2§7§0§0§lg§x§F§F§2§F§0§0§lg§x§F§F§3§6§0§0§le§x§F§F§3§E§0§0§lr from storage
[23:57:18] > Khanetucky remove x1 §x§F§F§3§E§0§0§lD§x§F§F§3§8§0§0§le§x§F§F§3§2§0§0§lm§x§F§F§2§B§0§0§lo§x§F§F§2§5§0§0§ln §x§F§F§1§9§0§0§lL§x§F§F§1§3§0§0§lo§x§F§F§0§C§0§0§lr§x§F§F§0§6§0§0§ld §x§F§F§0§6§0§0§lB§x§F§F§0§C§0§0§la§x§F§F§1§3§0§0§lt§x§F§F§1§9§0§0§lt§x§F§F§1§F§0§0§ll§x§F§F§2§5§0§0§le §x§F§F§3§2§0§0§lA§x§F§F§3§8§0§0§lx§x§F§F§3§E§0§0§le from storage
[23:58:32] > Zypher_0w0 added x2 Iron ingot in auction for 10.
[23:58:42] > celinesanrio buy x2 Iron ingot to Zypher_0w0 for $10.
[23:59:12] > HPMR_GaMerz added x1 §x§F§0§7§A§5§4§lZombie Apocalyptic Boots in auction for 400000.
[23:59:35] > celinesanrio added x18 Breeze rod in auction for 18000.
[23:59:39] > Raylii buy x18 Breeze rod to celinesanrio for $18 000.
[23:59:45] > celinesanrio added x30 Breeze rod in auction for 30000.
[23:59:48] > HPMR_GaMerz remove x1 §x§F§0§7§A§5§4§lZombie Apocalyptic Boots from storage
[23:59:56] > HPMR_GaMerz added x1 §x§F§0§7§A§5§4§lZombie Apocalyptic Boots in auction for 300000.
[00:01:38] > celinesanrio added x44 Breeze rod in auction for 44000.
[00:03:30] > celinesanrio remove x44 Breeze rod from storage
[00:03:31] > celinesanrio remove x10 Breeze rod from storage
[00:03:38] > celinesanrio added x10 Breeze rod in auction for 10000.
[00:03:43] > celinesanrio added x64 Breeze rod in auction for 64000.
[00:04:41] > celinesanrio remove x2 Iron ingot from buy
[00:08:31] > Teshii buy x1 §f§l§x§8§A§0§0§F§FS§x§9§5§0§0§E§4h§x§A§0§0§0§C§9i§x§A§B§0§0§A§En§x§B§6§0§0§9§4e§x§C§1§0§0§7§9 §x§C§C§0§0§5§EO§x§D§7§0§0§4§3n§x§E§2§0§0§2§8i§x§E§D§0§0§0§D C§x§E§2§0§0§2§8h§x§D§7§0§0§4§3e§x§C§C§0§0§5§Es§x§C§1§0§0§7§9t§x§B§6§0§0§9§4p§x§A§B§0§0§A§El§x§A§0§0§0§C§9a§x§9§5§0§0§E§4t§x§8§A§0§0§F§Fe to KnownasTravis for $8 000 000.
[00:09:28] > koshie buy x10 Breeze rod to celinesanrio for $10 000.
[00:12:32] > JullianHuH buy x1 §eᴡᴀʀᴅᴇɴ ꜱᴘᴀᴡɴᴇʀ to MrGh0st1y for $300 000.
[00:13:07] > JullianHuH buy x2 §x§E§5§1§B§1§B§lDracula Key to HPMR_GaMerz for $400 000.
[00:13:26] > koshie remove x1 §x§F§F§3§E§0§0§lD§x§F§F§3§6§0§0§le§x§F§F§2§F§0§0§lm§x§F§F§2§7§0§0§lo§x§F§F§1§F§0§0§ln §x§F§F§1§0§0§0§lL§x§F§F§0§8§0§0§lo§x§F§F§0§0§0§0§lr§x§F§F§0§9§0§0§ld §x§F§F§1§B§0§0§lB§x§F§F§2§3§0§0§lo§x§F§F§2§C§0§0§lo§x§F§F§3§5§0§0§lt§x§F§F§3§E§0§0§ls from storage
[00:13:42] > koshie added x1 §eᴢᴏᴍʙɪᴇ sᴘᴀᴡɴᴇʀ in auction for 200000.
[00:13:47] > celinesanrio buy x1 §eᴢᴏᴍʙɪᴇ sᴘᴀᴡɴᴇʀ to koshie for $200 000.
[00:14:00] > koshie added x1 §eᴡɪᴛᴄʜ ꜱᴘᴀᴡɴᴇʀ in auction for 500000.
[00:14:07] > Raylii buy x1 §eᴡɪᴛᴄʜ ꜱᴘᴀᴡɴᴇʀ to koshie for $500 000.
[00:15:25] > mae_ added x1 §fAdventure Hat in auction for 1000000.
[00:15:45] > mae_ remove x1 §fAdventure Hat form storage
[00:18:15] > Drpeckles buy x8 §x§F§C§D§0§5§C§lB§x§E§6§D§3§6§B§la§x§C§F§D§5§7§A§ls§x§B§9§D§8§8§9§li§x§A§2§D§A§9§8§lc §x§7§5§D§F§B§6§lC§x§5§F§E§2§C§5§lr§x§7§5§D§F§B§6§la§x§8§C§D§D§A§7§lt§x§A§2§D§A§9§8§le §x§C§F§D§5§7§A§lK§x§E§6§D§3§6§B§le§x§F§C§D§0§5§C§ly to HPMR_GaMerz for $100 000.
[00:19:16] > Raylii buy x64 Breeze rod to celinesanrio for $64 000.
[00:26:24] > HPMR_GaMerz added x1 §x§E§5§1§B§1§B§lDracula Key in auction for 300000.
[00:27:00] > celinesanrio remove x6 §x§F§0§7§A§5§4§lZombie Apocalyptic Key from storage
[00:27:01] > celinesanrio remove x1 §x§E§E§0§0§0§0§lᴜɴʟɪᴍɪᴛᴇᴅ sᴇʟʟᴡᴀɴᴅ from storage
[00:27:09] > celinesanrio added x6 §x§F§0§7§A§5§4§lZombie Apocalyptic Key in auction for 600000.
[00:27:14] > celinesanrio added x1 §x§E§E§0§0§0§0§lᴜɴʟɪᴍɪᴛᴇᴅ sᴇʟʟᴡᴀɴᴅ in auction for 400000.
[00:27:52] > MrGh0st1y remove x1 Silence armor trim smithing template from storage
[00:28:26] > MrGh0st1y added x1 Silence armor trim smithing template in auction for 2000000.
[00:30:28] > celinesanrio remove x1 §f§l§x§8§A§0§0§F§FS§x§9§9§0§0§D§Bh§x§A§8§0§0§B§6i§x§B§7§0§0§9§2n§x§C§6§0§0§6§De§x§D§5§0§0§4§9 §x§E§4§0§0§2§4O§x§F§3§0§0§0§0n§x§E§4§0§0§2§4i§x§D§5§0§0§4§9 §x§C§6§0§0§6§DS§x§B§7§0§0§9§2t§x§A§8§0§0§B§6a§x§9§9§0§0§D§Bf§x§8§A§0§0§F§Ff from storage
[00:30:46] > celinesanrio added x1 §f§l§x§8§A§0§0§F§FS§x§9§9§0§0§D§Bh§x§A§8§0§0§B§6i§x§B§7§0§0§9§2n§x§C§6§0§0§6§De§x§D§5§0§0§4§9 §x§E§4§0§0§2§4O§x§F§3§0§0§0§0n§x§E§4§0§0§2§4i§x§D§5§0§0§4§9 §x§C§6§0§0§6§DS§x§B§7§0§0§9§2t§x§A§8§0§0§B§6a§x§9§9§0§0§D§Bf§x§8§A§0§0§F§Ff in auction for 1500000.
[00:30:52] > Astrizeth added x1 §x§F§F§3§E§0§0§lD§x§F§F§3§7§0§0§le§x§F§F§3§0§0§0§lm§x§F§F§2§9§0§0§lo§x§F§F§2§2§0§0§ln §x§F§F§1§5§0§0§lL§x§F§F§0§E§0§0§lo§x§F§F§0§7§0§0§lr§x§F§F§0§0§0§0§ld §x§F§F§0§E§0§0§lF§x§F§F§1§5§0§0§lr§x§F§F§1§C§0§0§la§x§F§F§2§2§0§0§lg§x§F§F§2§9§0§0§lm§x§F§F§3§0§0§0§le§x§F§F§3§7§0§0§ln§x§F§F§3§E§0§0§lt in auction for 150000.
[00:31:37] > HPMR_GaMerz buy x1 §x§F§F§3§E§0§0§lD§x§F§F§3§7§0§0§le§x§F§F§3§0§0§0§lm§x§F§F§2§9§0§0§lo§x§F§F§2§2§0§0§ln §x§F§F§1§5§0§0§lL§x§F§F§0§E§0§0§lo§x§F§F§0§7§0§0§lr§x§F§F§0§0§0§0§ld §x§F§F§0§E§0§0§lF§x§F§F§1§5§0§0§lr§x§F§F§1§C§0§0§la§x§F§F§2§2§0§0§lg§x§F§F§2§9§0§0§lm§x§F§F§3§0§0§0§le§x§F§F§3§7§0§0§ln§x§F§F§3§E§0§0§lt to Astrizeth for $150 000.
[00:32:09] > MrGh0st1y added x1 §x§E§5§1§B§1§B§lDracula Shield in auction for 20000.
[00:32:14] > celinesanrio buy x1 §x§E§5§1§B§1§B§lDracula Shield to MrGh0st1y for $20 000.
[00:33:35] > Astrizeth buy x64 Tnt to leafsmh for $5 600.
[00:36:47] > HPMR_GaMerz added x1 §x§F§F§3§E§0§0§lD§x§F§F§3§7§0§0§le§x§F§F§3§0§0§0§lm§x§F§F§2§9§0§0§lo§x§F§F§2§2§0§0§ln §x§F§F§1§5§0§0§lL§x§F§F§0§E§0§0§lo§x§F§F§0§7§0§0§lr§x§F§F§0§0§0§0§ld §x§F§F§0§E§0§0§lF§x§F§F§1§5§0§0§lr§x§F§F§1§C§0§0§la§x§F§F§2§2§0§0§lg§x§F§F§2§9§0§0§lm§x§F§F§3§0§0§0§le§x§F§F§3§7§0§0§ln§x§F§F§3§E§0§0§lt in auction for 175000.
[00:36:56] > Zypher_0w0 added x64 Lead in auction for 640.
[00:37:04] > HPMR_GaMerz buy x3 Lead to Zypher_0w0 for $640.
[00:37:25] > ZenNova_ buy x64 Bone block to Rain_Reinn for $15 000.
[00:38:22] > ZenNova_ buy x1 Plema to TostyZura for $10.