
[12:03:27] > Dentatsu added x1 Coal block in auction for 100.
[12:04:05] > Dentatsu remove x1 Coal block from storage
[12:07:22] > Kodakoda remove x1 Ominous bottle from storage
[12:07:34] > Kodakoda added x1 Ominous bottle in auction for 100000.
[12:12:46] > anneyong remove x64 Coal block form buy
[12:12:46] > anneyong remove x15 Yellow terracotta form buy
[12:12:46] > anneyong remove x64 Coal block form buy
[12:12:46] > anneyong remove x2 §x§5§C§C§F§F§C§lC§x§5§C§D§1§F§5§lo§x§5§D§D§4§E§E§ls§x§5§D§D§6§E§7§lm§x§5§E§D§9§E§1§le§x§5§E§D§B§D§A§lt§x§5§E§D§D§D§3§li§x§5§F§E§0§C§C§lc §x§5§F§E§0§C§C§lH§x§5§E§D§D§D§3§la§x§5§E§D§B§D§A§lt§x§5§E§D§9§E§1§ls §x§5§D§D§4§E§E§lK§x§5§C§D§1§F§5§le§x§5§C§C§F§F§C§ly form buy
[12:16:57] > Kodakoda added x8 Shulker shell in auction for 80000.
[12:18:18] > VortexZayne remove x1 §f§l§x§8§A§0§0§F§FS§x§9§9§0§0§D§Bh§x§A§8§0§0§B§6i§x§B§7§0§0§9§2n§x§C§6§0§0§6§De§x§D§5§0§0§4§9 §x§E§4§0§0§2§4O§x§F§3§0§0§0§0n§x§E§4§0§0§2§4i§x§D§5§0§0§4§9 §x§C§6§0§0§6§DS§x§B§7§0§0§9§2p§x§A§8§0§0§B§6e§x§9§9§0§0§D§Ba§x§8§A§0§0§F§Fr from storage
[12:18:25] > VortexZayne added x1 §f§l§x§8§A§0§0§F§FS§x§9§9§0§0§D§Bh§x§A§8§0§0§B§6i§x§B§7§0§0§9§2n§x§C§6§0§0§6§De§x§D§5§0§0§4§9 §x§E§4§0§0§2§4O§x§F§3§0§0§0§0n§x§E§4§0§0§2§4i§x§D§5§0§0§4§9 §x§C§6§0§0§6§DS§x§B§7§0§0§9§2p§x§A§8§0§0§B§6e§x§9§9§0§0§D§Ba§x§8§A§0§0§F§Fr in auction for 600000.
[12:18:31] > VortexZayne remove x1 §f§l§x§F§A§0§0§0§AD§x§F§A§1§C§1§5a§x§F§B§3§7§2§0r§x§F§B§5§3§2§Bk§x§F§B§6§F§3§6f§x§F§B§8§B§4§1l§x§F§C§A§6§4§Ca§x§F§C§C§2§5§7me§x§F§C§A§6§4§C §x§F§B§8§B§4§1S§x§F§B§6§F§3§6h§x§F§B§5§3§2§Bi§x§F§B§3§7§2§0e§x§F§A§1§C§1§5l§x§F§A§0§0§0§Ad from storage
[12:18:36] > VortexZayne added x1 §f§l§x§F§A§0§0§0§AD§x§F§A§1§C§1§5a§x§F§B§3§7§2§0r§x§F§B§5§3§2§Bk§x§F§B§6§F§3§6f§x§F§B§8§B§4§1l§x§F§C§A§6§4§Ca§x§F§C§C§2§5§7me§x§F§C§A§6§4§C §x§F§B§8§B§4§1S§x§F§B§6§F§3§6h§x§F§B§5§3§2§Bi§x§F§B§3§7§2§0e§x§F§A§1§C§1§5l§x§F§A§0§0§0§Ad in auction for 50000.
[12:18:40] > giyahnpogi buy x1 §f§l§x§8§A§0§0§F§FS§x§9§9§0§0§D§Bh§x§A§8§0§0§B§6i§x§B§7§0§0§9§2n§x§C§6§0§0§6§De§x§D§5§0§0§4§9 §x§E§4§0§0§2§4O§x§F§3§0§0§0§0n§x§E§4§0§0§2§4i§x§D§5§0§0§4§9 §x§C§6§0§0§6§DS§x§B§7§0§0§9§2p§x§A§8§0§0§B§6e§x§9§9§0§0§D§Ba§x§8§A§0§0§F§Fr to VortexZayne for $600,000.
[12:18:42] > Kaynn buy x1 §f§l§x§F§A§0§0§0§AD§x§F§A§1§C§1§5a§x§F§B§3§7§2§0r§x§F§B§5§3§2§Bk§x§F§B§6§F§3§6f§x§F§B§8§B§4§1l§x§F§C§A§6§4§Ca§x§F§C§C§2§5§7me§x§F§C§A§6§4§C §x§F§B§8§B§4§1S§x§F§B§6§F§3§6h§x§F§B§5§3§2§Bi§x§F§B§3§7§2§0e§x§F§A§1§C§1§5l§x§F§A§0§0§0§Ad to VortexZayne for $50,000.
[12:30:22] > VortexZayne added x1 For PvP in auction for 600000.
[12:40:29] > ravencabansay buy x1 For PvP to VortexZayne for $600,000.
[12:40:41] > ravencabansay remove x1 For PvP from buy
[12:48:29] > VortexZayne added x1 §x§5§9§A§1§D§9§lA§x§6§A§A§A§D§Dr§x§7§A§B§4§E§1c§x§8§B§B§D§E§4h§x§9§B§C§7§E§8a§x§A§C§D§0§E§Cn§x§B§D§D§9§F§0g§x§C§D§E§3§F§4e§x§D§E§E§C§F§7l §fC§x§E§D§F§5§F§Bh§x§D§A§E§A§F§7e§x§C§8§E§0§F§2s§x§B§5§D§5§E§Et§x§A§3§C§B§E§Ap§x§9§0§C§0§E§6l§x§7§E§B§6§E§1a§x§6§B§A§B§D§Dt§x§5§9§A§1§D§9e in auction for 500000.
[13:00:07] > Zaiil added x1 Mace in auction for 1000000.
[13:00:44] > bedrock_enjoy3r buy x1 Beating stick to Kodakoda for $1,000,000.
[13:00:53] > bedrock_enjoy3r remove x1 Beating stick from buy
[13:01:32] > nachfaust remove x1 §x§E§5§1§B§1§B§lDracula Hoe from storage
[13:01:40] > nachfaust added x1 Trident in auction for 1000000.
[13:01:48] > nachfaust remove x1 Trident from storage
[13:01:58] > nachfaust added x1 Trident in auction for 100000.
[13:02:32] > anneyong added x1 §x§6§0§0§0§F§F§lɢᴏᴅʟʏ ɪᴛᴇᴍ in auction for 400000.
[13:02:46] > Kodakoda buy x1 §x§6§0§0§0§F§F§lɢᴏᴅʟʏ ɪᴛᴇᴍ to anneyong for $400,000.
[13:02:57] > Kodakoda remove x1 §x§6§0§0§0§F§F§lɢᴏᴅʟʏ ɪᴛᴇᴍ form buy
[13:03:19] > anneyong remove x64 Experience bottle from storage
[13:06:03] > 8it5inn added x1 Na Sword in auction for 3300000.
[13:06:20] > Kaynn buy x1 Trident to nachfaust for $100,000.
[13:06:28] > Kaynn remove x1 Trident from buy
[13:06:29] > Kaynn remove x1 §f§l§x§F§A§0§0§0§AD§x§F§A§1§C§1§5a§x§F§B§3§7§2§0r§x§F§B§5§3§2§Bk§x§F§B§6§F§3§6f§x§F§B§8§B§4§1l§x§F§C§A§6§4§Ca§x§F§C§C§2§5§7me§x§F§C§A§6§4§C §x§F§B§8§B§4§1S§x§F§B§6§F§3§6h§x§F§B§5§3§2§Bi§x§F§B§3§7§2§0e§x§F§A§1§C§1§5l§x§F§A§0§0§0§Ad from buy
[13:06:41] > nachfaust added x1 Trident in auction for 120000.
[13:06:57] > Kaynn added x1 §f§l§x§F§A§0§0§0§AD§x§F§A§1§C§1§5a§x§F§B§3§7§2§0r§x§F§B§5§3§2§Bk§x§F§B§6§F§3§6f§x§F§B§8§B§4§1l§x§F§C§A§6§4§Ca§x§F§C§C§2§5§7me§x§F§C§A§6§4§C §x§F§B§8§B§4§1S§x§F§B§6§F§3§6h§x§F§B§5§3§2§Bi§x§F§B§3§7§2§0e§x§F§A§1§C§1§5l§x§F§A§0§0§0§Ad in auction for 400000.
[13:07:13] > 8it5inn remove x1 Na Sword from storage
[13:07:27] > anneyong added x1 Shulker box in auction for 150000.
[13:07:40] > HwanYo buy x1 §x§F§F§5§5§0§0§lsᴇʟʟᴡᴀɴᴅ §6- 5.0x to Fogstrap for $400,000.
[13:07:46] > HwanYo buy x1 §x§F§F§5§5§0§0§lsᴇʟʟᴡᴀɴᴅ §6- 5.0x to Bleh for $500,000.
[13:07:48] > HwanYo buy x1 §x§F§F§5§5§0§0§lsᴇʟʟᴡᴀɴᴅ §6- 5.0x to auvicious for $550,000.
[13:12:41] > Zaiil added x1 Enchanted book in auction for 900000.
[13:13:38] > Zaiil remove x1 Enchanted book from storage
[13:13:50] > Zaiil added x1 Enchanted book in auction for 700000.
[13:14:34] > Malachkite buy x1 Enchanted book to Zaiil for $700,000.
[13:15:22] > anneyong added x64 Experience bottle in auction for 100000.
[13:16:23] > Zaiil added x1 Enchanted book in auction for 800000.
[13:16:46] > Kodakoda buy x1 §f§l§x§8§A§0§0§F§FS§x§9§8§0§0§D§Dh§x§A§6§0§0§B§Bi§x§B§4§0§0§9§9n§x§C§2§0§0§7§7e§x§D§0§0§0§5§5 §x§D§E§0§0§3§3O§x§E§C§0§0§1§1ni§x§D§E§0§0§3§3 §x§D§0§0§0§5§5S§x§C§2§0§0§7§7i§x§B§4§0§0§9§9c§x§A§6§0§0§B§Bk§x§9§8§0§0§D§Dl§x§8§A§0§0§F§Fe to belvi__ for $1,000,000.
[13:16:53] > Kodakoda remove x1 §f§l§x§8§A§0§0§F§FS§x§9§8§0§0§D§Dh§x§A§6§0§0§B§Bi§x§B§4§0§0§9§9n§x§C§2§0§0§7§7e§x§D§0§0§0§5§5 §x§D§E§0§0§3§3O§x§E§C§0§0§1§1ni§x§D§E§0§0§3§3 §x§D§0§0§0§5§5S§x§C§2§0§0§7§7i§x§B§4§0§0§9§9c§x§A§6§0§0§B§Bk§x§9§8§0§0§D§Dl§x§8§A§0§0§F§Fe form buy
[13:17:04] > anneyong added x64 Golden carrot in auction for 30000.
[13:20:38] > nachfaust remove x1 §f§l§x§F§C§D§0§5§CW§x§F§A§A§2§4§8u§x§F§8§7§4§3§3k§x§F§6§4§5§1§Fo§x§F§4§1§7§0§Ang§x§F§6§4§5§1§F §x§F§8§7§4§3§3H§x§F§A§A§2§4§8o§x§F§C§D§0§5§Ce from storage
[13:20:38] > nachfaust remove x1 §f§l§x§8§A§0§0§F§FS§x§9§9§0§0§D§Bh§x§A§8§0§0§B§6i§x§B§7§0§0§9§2n§x§C§6§0§0§6§De§x§D§5§0§0§4§9 §x§E§4§0§0§2§4O§x§F§3§0§0§0§0n§x§E§4§0§0§2§4i§x§D§5§0§0§4§9 §x§C§6§0§0§6§DS§x§B§7§0§0§9§2t§x§A§8§0§0§B§6a§x§9§9§0§0§D§Bf§x§8§A§0§0§F§Ff from storage
[13:20:47] > nachfaust added x1 Mace in auction for 1500000.
[13:21:17] > nachfaust added x1 §f§l§x§8§A§0§0§F§FS§x§9§9§0§0§D§Bh§x§A§8§0§0§B§6i§x§B§7§0§0§9§2n§x§C§6§0§0§6§De§x§D§5§0§0§4§9 §x§E§4§0§0§2§4O§x§F§3§0§0§0§0n§x§E§4§0§0§2§4i§x§D§5§0§0§4§9 §x§C§6§0§0§6§DS§x§B§7§0§0§9§2t§x§A§8§0§0§B§6a§x§9§9§0§0§D§Bf§x§8§A§0§0§F§Ff in auction for 1000000.
[13:23:23] > anneyong added x1 Hats in auction for 800000.
[13:24:03] > auvicious remove x1 §x§F§F§5§5§0§0§lsᴇʟʟᴡᴀɴᴅ §6- 5.0x from storage
[13:24:05] > auvicious remove x4 Ominous trial key from storage
[13:25:49] > Dentatsu buy x1 §x§5§9§A§1§D§9§lA§x§6§A§A§A§D§Dr§x§7§A§B§4§E§1c§x§8§B§B§D§E§4h§x§9§B§C§7§E§8a§x§A§C§D§0§E§Cn§x§B§D§D§9§F§0g§x§C§D§E§3§F§4e§x§D§E§E§C§F§7l §fC§x§E§D§F§5§F§Bh§x§D§A§E§A§F§7e§x§C§8§E§0§F§2s§x§B§5§D§5§E§Et§x§A§3§C§B§E§Ap§x§9§0§C§0§E§6l§x§7§E§B§6§E§1a§x§6§B§A§B§D§Dt§x§5§9§A§1§D§9e to VortexZayne for $500,000.
[13:26:00] > Dentatsu remove x1 §x§5§9§A§1§D§9§lA§x§6§A§A§A§D§Dr§x§7§A§B§4§E§1c§x§8§B§B§D§E§4h§x§9§B§C§7§E§8a§x§A§C§D§0§E§Cn§x§B§D§D§9§F§0g§x§C§D§E§3§F§4e§x§D§E§E§C§F§7l §fC§x§E§D§F§5§F§Bh§x§D§A§E§A§F§7e§x§C§8§E§0§F§2s§x§B§5§D§5§E§Et§x§A§3§C§B§E§Ap§x§9§0§C§0§E§6l§x§7§E§B§6§E§1a§x§6§B§A§B§D§Dt§x§5§9§A§1§D§9e from buy
[13:28:09] > anneyong added x1 Enchanted book in auction for 400000.
[13:30:31] > Dentatsu buy x4 Netherite ingot to Fogstrap for $400,000.
[13:31:55] > Dentatsu remove x4 Netherite ingot from buy
[13:32:56] > Zaiil remove x1 Enchanted book from storage
[13:32:57] > Zaiil remove x1 Mace from storage
[13:33:11] > Zaiil added x1 Enchanted book in auction for 700000.
[13:33:18] > .JakeTheMiner457 remove x1 Mace from storage
[13:33:26] > Zaiil added x1 Mace in auction for 500000.
[13:33:32] > x1 Heavy core, item of MochaFangs, has just expired, the item is definitively deleted.
[13:33:32] > x1 §x§F§F§7§C§0§0§lSteamsparks Blade, item of llhxnce, has just expired, the item is definitively deleted.
[13:33:37] > .JakeTheMiner457 remove x1 Mace from expire
[13:33:38] > .JakeTheMiner457 remove x1 Coast armor trim smithing template from expire
[13:34:25] > .JakeTheMiner457 added x1 Mace in auction for 1200000.
[13:35:02] > .JakeTheMiner457 remove x1 Beacon from storage
[13:35:07] > .JakeTheMiner457 remove x1 Beacon from storage
[13:35:27] > .JakeTheMiner457 remove x3 Netherite scrap from storage
[13:35:46] > .JakeTheMiner457 remove x1 Beacon from expire
[13:35:48] > .JakeTheMiner457 remove x1 Beacon from expire
[13:35:50] > .JakeTheMiner457 remove x3 Netherite scrap from expire
[13:36:17] > .JakeTheMiner457 added x1 Beacon in auction for 140000.
[13:36:38] > .JakeTheMiner457 added x1 Beacon in auction for 140000.
[13:36:53] > .JakeTheMiner457 added x1 Dune armor trim smithing template in auction for 100000.
[13:43:29] > scarlettti remove x1 §f§l§x§8§A§0§0§F§FS§x§9§C§0§0§D§5h§x§A§D§0§0§A§Ai§x§B§F§0§0§8§0n§x§D§0§0§0§5§5e§x§E§2§0§0§2§B §x§F§3§0§0§0§0O§x§E§2§0§0§2§An§x§D§0§0§0§5§5i§x§B§F§0§0§8§0 §x§A§D§0§0§A§AH§x§9§C§0§0§D§5o§x§8§A§0§0§F§Fe form storage
[13:43:32] > imnectarfr added x1 Witch Spawner in auction for 1000000.
[13:43:39] > Fogstrap buy x1 Witch Spawner to imnectarfr for $1,000,000.
[13:44:02] > scarlettti added x1 §f§l§x§8§A§0§0§F§FS§x§9§C§0§0§D§5h§x§A§D§0§0§A§Ai§x§B§F§0§0§8§0n§x§D§0§0§0§5§5e§x§E§2§0§0§2§B §x§F§3§0§0§0§0O§x§E§2§0§0§2§An§x§D§0§0§0§5§5i§x§B§F§0§0§8§0 §x§A§D§0§0§A§AH§x§9§C§0§0§D§5o§x§8§A§0§0§F§Fe in auction for 1000000.
[13:44:05] > Fogstrap remove x4 Snowball form buy
[13:44:05] > Fogstrap remove x1 Written book form buy
[13:44:05] > Fogstrap remove x1 Witch Spawner form buy
[13:48:05] > Johng10910 remove x6 Netherite upgrade smithing template from storage
[13:49:51] > Johng10910 added x3 Netherite upgrade smithing template in auction for 250000.
[13:50:28] > imnectarfr added x1 witch spawner in auction for 1500000.
[13:50:57] > imnectarfr remove x1 witch spawner from storage
[13:51:01] > Fogstrap added x1 Enchanted book in auction for 800000.
[13:51:52] > grit_zy buy x1 Enchanted book to Cooldoggiexd for $450,000.
[13:51:54] > grit_zy buy x1 Enchanted book to Cooldoggiexd for $460,000.
[13:51:57] > grit_zy buy x1 Enchanted book to anneyong for $400,000.
[13:52:01] > grit_zy buy x1 Enchanted book to Fogstrap for $800,000.
[13:52:04] > grit_zy buy x1 Enchanted book to Zaiil for $700,000.
[13:52:14] > Fogstrap added x1 Enchanted book in auction for 800000.
[13:52:15] > grit_zy remove x1 Enchanted book from buy
[13:52:15] > grit_zy remove x1 Enchanted book from buy
[13:52:15] > grit_zy remove x1 Enchanted book from buy
[13:52:16] > grit_zy remove x1 Enchanted book from buy
[13:52:16] > grit_zy remove x1 Enchanted book from buy
[13:52:56] > grit_zy buy x1 Enchanted book to Fogstrap for $800,000.
[13:53:01] > grit_zy remove x1 Enchanted book from buy
[13:54:30] > imnectarfr added x1 §f§l§x§F§A§0§0§0§AD§x§F§A§2§0§1§7a§x§F§B§4§0§2§3r§x§F§B§6§0§3§0k§x§F§B§8§0§3§Cf§x§F§C§A§0§4§9l§x§F§C§C§0§5§6am§x§F§C§A§0§4§9e§x§F§B§8§0§3§C §x§F§B§6§0§3§0M§x§F§B§4§0§2§3a§x§F§A§2§0§1§7c§x§F§A§0§0§0§Ae in auction for 1500000.
[13:55:16] > imnectarfr remove x1 §f§l§x§F§A§0§0§0§AD§x§F§A§2§0§1§7a§x§F§B§4§0§2§3r§x§F§B§6§0§3§0k§x§F§B§8§0§3§Cf§x§F§C§A§0§4§9l§x§F§C§C§0§5§6am§x§F§C§A§0§4§9e§x§F§B§8§0§3§C §x§F§B§6§0§3§0M§x§F§B§4§0§2§3a§x§F§A§2§0§1§7c§x§F§A§0§0§0§Ae from storage
[13:56:07] > HwanYo remove x1 §x§F§F§5§5§0§0§lsᴇʟʟᴡᴀɴᴅ §6- 10.0x from buy
[13:56:34] > imnectarfr added x1 Bed with white liquid all over it in auction for 674204161.
[13:56:55] > imnectarfr remove x1 Bed with white liquid all over it from storage
[13:57:02] > imnectarfr added x1 Bed with white liquid all over it in auction for 67.
[14:04:43] > RottenRael added x1 Music disc creator music box in auction for 50000.
[14:08:55] > 8it5inn buy x1 §fKingdra Hat to tic_sz for $1,500,000.
[14:08:58] > 8it5inn remove x1 §fKingdra Hat from buy
[14:09:41] > 8it5inn added x1 §fKingdra Hat in auction for 1350000.
[14:14:03] > sweetcorn135 buy x1 Bed with white liquid all over it to imnectarfr for $67.
[14:16:26] > Celeste01 remove x1 §x§5§9§A§1§D§9§lA§x§7§1§A§E§D§Er§x§8§8§B§C§E§4c§x§A§0§C§9§E§9h§x§B§8§D§7§E§Fa§x§D§0§E§4§F§4n§x§E§7§F§2§F§Ag§fe§x§E§7§F§2§F§Al §x§B§8§D§7§E§FS§x§A§0§C§9§E§9w§x§8§8§B§C§E§4o§x§7§1§A§E§D§Er§x§5§9§A§1§D§9d from storage
[14:17:19] > 8it5inn added x1 Na Sword in auction for 2000000.
[14:21:24] > 8it5inn remove x1 Na Sword from storage
[14:21:35] > 8it5inn added x1 Na Sword in auction for 1300000.
[14:21:41] > 8it5inn remove x1 Na Sword from storage
[14:26:19] > 8it5inn added x1 Na Sword in auction for 1800000.
[14:26:27] > 8it5inn remove x1 Pamalo sa bata from storage
[14:26:45] > Matthew buy x1 §x§F§F§7§C§0§0§lSteamsparks Battle Axe to EnderDragon0120 for $250,000.
[14:28:31] > Matthew buy x1 Pink harness to tic_sz for $20,000.
[14:29:28] > Matthew remove x1 §x§F§F§7§C§0§0§lSteamsparks Battle Axe from buy
[14:29:29] > Matthew remove x10 §x§F§C§9§0§5§C§lE§x§E§6§9§C§6§B§lp§x§C§F§A§7§7§A§li§x§B§9§B§3§8§9§lc §x§8§C§C§B§A§7§lC§x§7§5§D§6§B§6§lr§x§5§F§E§2§C§5§la§x§7§9§D§4§B§4§lt§x§9§3§C§7§A§2§le §x§C§8§A§B§7§F§lK§x§E§2§9§E§6§E§le§x§F§C§9§0§5§C§ly from buy
[14:29:30] > Matthew remove x1 Pink harness from buy
[14:32:23] > Matthew buy x8 §x§F§C§9§0§5§C§lE§x§E§6§9§C§6§B§lp§x§C§F§A§7§7§A§li§x§B§9§B§3§8§9§lc §x§8§C§C§B§A§7§lC§x§7§5§D§6§B§6§lr§x§5§F§E§2§C§5§la§x§7§9§D§4§B§4§lt§x§9§3§C§7§A§2§le §x§C§8§A§B§7§F§lK§x§E§2§9§E§6§E§le§x§F§C§9§0§5§C§ly to Takeremu for $320,000.
[14:32:33] > Matthew remove x8 §x§F§C§9§0§5§C§lE§x§E§6§9§C§6§B§lp§x§C§F§A§7§7§A§li§x§B§9§B§3§8§9§lc §x§8§C§C§B§A§7§lC§x§7§5§D§6§B§6§lr§x§5§F§E§2§C§5§la§x§7§9§D§4§B§4§lt§x§9§3§C§7§A§2§le §x§C§8§A§B§7§F§lK§x§E§2§9§E§6§E§le§x§F§C§9§0§5§C§ly from buy
[14:45:10] > x17 Wet sponge, bought by giyahnpogi, has just expired, the item is definitively deleted.
[14:48:26] > Malachkite remove x1 Enchanted book from buy
[14:49:54] > .JakeTheMiner457 remove x1 Mace from storage
[14:52:13] > x1 Golden shovel, item of kabayooo, has just expired, the item is definitively deleted.
[14:52:17] > .JakeTheMiner457 remove x1 Mace from expire
[14:57:05] > azuyeca buy x64 Experience bottle to anneyong for $100,000.
[15:03:38] > azuyeca buy x64 Golden apple to Keeos for $150,000.
[15:03:42] > azuyeca buy x64 Golden apple to Keeos for $150,000.
[15:06:54] > Icon_Skully buy x1 §x§F§F§5§5§0§0§lsᴇʟʟᴡᴀɴᴅ §6- 5.0x to auvicious for $550,000.
[15:07:00] > Icon_Skully remove x1 §x§F§F§5§5§0§0§lsᴇʟʟᴡᴀɴᴅ §6- 5.0x from buy
[15:08:54] > Kodakoda buy x1 Music disc creator music box to RottenRael for $50,000.
[15:09:13] > Kodakoda remove x1 Music disc creator music box form buy
[15:10:19] > azuyeca remove x64 Experience bottle from buy
[15:14:20] > azuyeca buy x1 Trident to nachfaust for $120,000.
[15:16:35] > nachfaust added x1 §x§E§5§1§B§1§B§lDracula Shield in auction for 300000.
[15:16:54] > shelby added x1 §c§lPower stick v2 in auction for 1000000.
[15:22:02] > azuyeca buy x64 Breeze rod to Kaynn for $250,000.
[15:28:25] > Kaynn added x64 Breeze rod in auction for 255000.
[15:28:32] > Mr_Zo11ox buy x1 Dried ghast to Dentatsu for $120,000.
[15:28:51] > Mr_Zo11ox remove x1 Dried ghast from buy
[15:29:32] > 8it5inn remove x1 §fKingdra Hat from storage
[15:31:16] > Kodakoda buy x4 Netherite ingot to ravencabansay for $400,000.
[15:31:23] > Kodakoda buy x3 Netherite upgrade smithing template to Johng10910 for $250,000.
[15:31:30] > Kodakoda remove x4 Netherite ingot form buy
[15:31:30] > Kodakoda remove x3 Netherite upgrade smithing template form buy
[15:31:44] > bombayto remove x5 §x§F§C§D§0§5§C§lB§x§E§6§D§3§6§B§la§x§C§F§D§5§7§A§ls§x§B§9§D§8§8§9§li§x§A§2§D§A§9§8§lc §x§7§5§D§F§B§6§lC§x§5§F§E§2§C§5§lr§x§7§5§D§F§B§6§la§x§8§C§D§D§A§7§lt§x§A§2§D§A§9§8§le §x§C§F§D§5§7§A§lK§x§E§6§D§3§6§B§le§x§F§C§D§0§5§C§ly from buy
[15:31:44] > bombayto remove x10 §x§F§C§D§0§5§C§lB§x§E§6§D§3§6§B§la§x§C§F§D§5§7§A§ls§x§B§9§D§8§8§9§li§x§A§2§D§A§9§8§lc §x§7§5§D§F§B§6§lC§x§5§F§E§2§C§5§lr§x§7§5§D§F§B§6§la§x§8§C§D§D§A§7§lt§x§A§2§D§A§9§8§le §x§C§F§D§5§7§A§lK§x§E§6§D§3§6§B§le§x§F§C§D§0§5§C§ly from buy
[15:33:18] > Kodakoda added x2 Netherite ingot in auction for 100000.
[15:34:50] > 8it5inn added x1 §fKingdra Hat in auction for 1450000.
[15:35:51] > .AppriXD buy x2 Netherite ingot to Kodakoda for $100,000.
[15:36:01] > .AppriXD buy x1 §f§l§8B§x§6§6§6§6§6§6a§x§7§7§7§7§7§7h§x§8§8§8§8§8§8a§x§9§9§9§9§9§9m§7u§x§9§9§9§9§9§9t§x§8§8§8§8§8§8 §x§7§7§7§7§7§7K§x§6§6§6§6§6§6e§8y to Takeremu for $800,000.
[15:36:08] > .AppriXD remove x2 Netherite ingot from buy
[15:36:09] > .AppriXD remove x1 Netherite ingot from buy
[15:36:10] > .AppriXD remove x1 §f§l§8B§x§6§6§6§6§6§6a§x§7§7§7§7§7§7h§x§8§8§8§8§8§8a§x§9§9§9§9§9§9m§7u§x§9§9§9§9§9§9t§x§8§8§8§8§8§8 §x§7§7§7§7§7§7K§x§6§6§6§6§6§6e§8y from buy
[15:36:21] > Icon_Skully remove x1 §f§l§x§F§A§0§0§0§AD§x§F§A§1§E§1§6a§x§F§B§3§B§2§1r§x§F§B§5§9§2§Dk§x§F§B§7§7§3§9f§x§F§B§9§5§4§5l§x§F§C§B§2§5§0a§x§F§C§D§0§5§Cm§x§F§C§B§2§5§0e§x§F§B§9§5§4§5 §x§F§B§7§7§3§9S§x§F§B§5§9§2§Dp§x§F§B§3§B§2§1e§x§F§A§1§E§1§6a§x§F§A§0§0§0§Ar from buy
[15:36:22] > Icon_Skully remove x1 §x§E§5§1§B§1§B§lDracula Wings from buy
[15:38:49] > Panda_Nooba buy x1 §x§F§F§7§C§0§0§lSteamsparks Pickaxe to Renzy01 for $250,000.
[15:41:38] > Panda_Nooba remove x1 §x§F§F§7§C§0§0§lSteamsparks Pickaxe from buy
[15:42:14] > Cooldoggiexd remove x4 Enchanted golden apple from storage
[15:50:46] > Cooldoggiexd added x1 §x§F§F§5§5§0§0§lsᴇʟʟᴡᴀɴᴅ §6- 5.0x in auction for 400000.
[15:51:02] > Kodakoda added x1 §x§F§F§5§5§0§0§lsᴇʟʟᴡᴀɴᴅ §6- 20.0x in auction for 3000000.
[15:51:51] > KEITHTHEPRO added x1 §x§F§F§5§5§0§0§lsᴇʟʟᴡᴀɴᴅ §6- 5.0x in auction for 2900000.
[15:52:05] > KEITHTHEPRO remove x1 §x§F§F§5§5§0§0§lsᴇʟʟᴡᴀɴᴅ §6- 5.0x from storage
[15:52:08] > .AppriXD buy x1 Mace to Zaiil for $500,000.
[15:52:16] > .AppriXD remove x1 Mace from buy
[15:52:25] > KEITHTHEPRO added x1 §x§F§F§5§5§0§0§lsᴇʟʟᴡᴀɴᴅ §6- 20.0x in auction for 2999999.
[15:52:26] > Cooldoggiexd remove x1 §x§F§F§5§5§0§0§lsᴇʟʟᴡᴀɴᴅ §6- 5.0x from storage
[15:52:33] > Cooldoggiexd remove x1 §x§F§F§5§5§0§0§lsᴇʟʟᴡᴀɴᴅ §6- 5.0x from expire
[15:52:39] > Panda_Nooba added x1 §fChicken Plushie §6(#25/101) in auction for 2500.
[15:52:45] > Cooldoggiexd added x1 §x§F§F§5§5§0§0§lsᴇʟʟᴡᴀɴᴅ §6- 5.0x in auction for 400000.
[15:52:49] > .AppriXD buy x1 §fChicken Plushie §6(#25/101) to Panda_Nooba for $2,500.
[15:52:59] > .AppriXD remove x1 §fChicken Plushie §6(#25/101) from buy
[15:53:05] > micailatot added x1 sᴇʟʟᴡᴀɴᴅ - 20.0x in auction for 2000000.
[15:53:13] > nachfaust remove x1 §f§l§x§8§A§0§0§F§FS§x§9§9§0§0§D§Bh§x§A§8§0§0§B§6i§x§B§7§0§0§9§2n§x§C§6§0§0§6§De§x§D§5§0§0§4§9 §x§E§4§0§0§2§4O§x§F§3§0§0§0§0n§x§E§4§0§0§2§4i§x§D§5§0§0§4§9 §x§C§6§0§0§6§DS§x§B§7§0§0§9§2t§x§A§8§0§0§B§6a§x§9§9§0§0§D§Bf§x§8§A§0§0§F§Ff from storage
[15:53:22] > nachfaust added x1 §f§l§x§8§A§0§0§F§FS§x§9§9§0§0§D§Bh§x§A§8§0§0§B§6i§x§B§7§0§0§9§2n§x§C§6§0§0§6§De§x§D§5§0§0§4§9 §x§E§4§0§0§2§4O§x§F§3§0§0§0§0n§x§E§4§0§0§2§4i§x§D§5§0§0§4§9 §x§C§6§0§0§6§DS§x§B§7§0§0§9§2t§x§A§8§0§0§B§6a§x§9§9§0§0§D§Bf§x§8§A§0§0§F§Ff in auction for 900000.
[15:53:24] > micailatot remove x1 sᴇʟʟᴡᴀɴᴅ - 20.0x from storage
[15:53:36] > Buhnaenaexx added x1 §x§F§F§5§5§0§0§lsᴇʟʟᴡᴀɴᴅ §6- 20.0x in auction for 2500000.
[15:54:07] > Kodakoda remove x1 §x§F§F§5§5§0§0§lsᴇʟʟᴡᴀɴᴅ §6- 20.0x from storage
[15:54:11] > .AppriXD buy x2 Shulker shell to Cooldoggiexd for $10,000.
[15:54:13] > micailatot added x1 Shiny stick in auction for 600000.
[15:54:26] > Zaiil added x1 §x§F§F§5§5§0§0§lsᴇʟʟᴡᴀɴᴅ §6- 10.0x in auction for 1000000.
[15:54:38] > bedrock_enjoy3r buy x1 §x§F§F§5§5§0§0§lsᴇʟʟᴡᴀɴᴅ §6- 10.0x to Zaiil for $1,000,000.
[15:54:39] > .AppriXD buy x8 Shulker shell to Kodakoda for $80,000.
[15:54:45] > .AppriXD remove x8 Shulker shell from buy
[15:54:46] > .AppriXD remove x2 Shulker shell from buy
[15:55:03] > bedrock_enjoy3r buy x1 §x§F§F§5§5§0§0§lsᴇʟʟᴡᴀɴᴅ §6- 20.0x to Buhnaenaexx for $2,500,000.
[15:55:07] > Kodakoda added x1 §x§F§F§5§5§0§0§lsᴇʟʟᴡᴀɴᴅ §6- 20.0x in auction for 2500000.
[15:55:24] > bedrock_enjoy3r buy x1 §x§F§F§5§5§0§0§lsᴇʟʟᴡᴀɴᴅ §6- 20.0x to Kodakoda for $2,500,000.
[15:58:29] > Trapers1 added x5 §x§F§C§9§0§5§C§lE§x§E§6§9§C§6§B§lp§x§C§F§A§7§7§A§li§x§B§9§B§3§8§9§lc §x§8§C§C§B§A§7§lC§x§7§5§D§6§B§6§lr§x§5§F§E§2§C§5§la§x§7§9§D§4§B§4§lt§x§9§3§C§7§A§2§le §x§C§8§A§B§7§F§lK§x§E§2§9§E§6§E§le§x§F§C§9§0§5§C§ly in auction for 200000.
[15:59:28] > micailatot added x1 §f§l§8B§x§6§6§6§6§6§6a§x§7§7§7§7§7§7h§x§8§8§8§8§8§8a§x§9§9§9§9§9§9m§7u§x§9§9§9§9§9§9t§x§8§8§8§8§8§8 §x§7§7§7§7§7§7H§x§6§6§6§6§6§6o§8e in auction for 1500000.
[15:59:52] > Trapers1 remove x1 §x§E§5§1§B§1§B§lDracula Shovel form storage
[15:59:52] > Trapers1 remove x1 §f§l§x§F§C§D§0§5§CW§x§F§B§C§1§5§5u§x§F§B§B§2§4§Fk§x§F§A§A§3§4§8o§x§F§9§9§5§4§2n§x§F§9§8§6§3§Bg§x§F§8§7§7§3§5 §x§F§8§6§8§2§EL§x§F§7§5§9§2§7e§x§F§6§4§A§2§1g§x§F§6§3§B§1§Ag§x§F§5§2§D§1§4i§x§F§4§1§E§0§Dn§x§F§4§0§F§0§7g§x§F§3§0§0§0§0s form storage
[15:59:52] > Trapers1 remove x1 §x§F§F§7§C§0§0§lSteamsparks Staff form storage
[15:59:52] > Trapers1 remove x5 §x§F§C§9§0§5§C§lE§x§E§6§9§C§6§B§lp§x§C§F§A§7§7§A§li§x§B§9§B§3§8§9§lc §x§8§C§C§B§A§7§lC§x§7§5§D§6§B§6§lr§x§5§F§E§2§C§5§la§x§7§9§D§4§B§4§lt§x§9§3§C§7§A§2§le §x§C§8§A§B§7§F§lK§x§E§2§9§E§6§E§le§x§F§C§9§0§5§C§ly form storage
[15:59:52] > Trapers1 remove x1 §f§l§x§F§C§D§0§5§CW§x§F§B§A§D§4§Du§x§F§9§8§B§3§Dk§x§F§8§6§8§2§Eo§x§F§6§4§5§1§Fn§x§F§5§2§3§0§Fg§x§F§3§0§0§0§0 §x§F§5§2§3§0§FD§x§F§6§4§5§1§Fa§x§F§8§6§8§2§Eg§x§F§9§8§B§3§Dg§x§F§B§A§D§4§De§x§F§C§D§0§5§Cr form storage
[16:00:27] > Trapers1 added x1 §f§l§x§F§C§D§0§5§CW§x§F§B§C§1§5§5u§x§F§B§B§2§4§Fk§x§F§A§A§3§4§8o§x§F§9§9§5§4§2n§x§F§9§8§6§3§Bg§x§F§8§7§7§3§5 §x§F§8§6§8§2§EL§x§F§7§5§9§2§7e§x§F§6§4§A§2§1g§x§F§6§3§B§1§Ag§x§F§5§2§D§1§4i§x§F§4§1§E§0§Dn§x§F§4§0§F§0§7g§x§F§3§0§0§0§0s in auction for 500000.
[16:00:37] > Trapers1 added x1 §f§l§x§F§C§D§0§5§CW§x§F§B§A§D§4§Du§x§F§9§8§B§3§Dk§x§F§8§6§8§2§Eo§x§F§6§4§5§1§Fn§x§F§5§2§3§0§Fg§x§F§3§0§0§0§0 §x§F§5§2§3§0§FD§x§F§6§4§5§1§Fa§x§F§8§6§8§2§Eg§x§F§9§8§B§3§Dg§x§F§B§A§D§4§De§x§F§C§D§0§5§Cr in auction for 200000.
[16:00:48] > Trapers1 added x1 §x§F§F§7§C§0§0§lSteamsparks Staff in auction for 150000.
[16:01:01] > Trapers1 added x5 §x§F§C§9§0§5§C§lE§x§E§6§9§C§6§B§lp§x§C§F§A§7§7§A§li§x§B§9§B§3§8§9§lc §x§8§C§C§B§A§7§lC§x§7§5§D§6§B§6§lr§x§5§F§E§2§C§5§la§x§7§9§D§4§B§4§lt§x§9§3§C§7§A§2§le §x§C§8§A§B§7§F§lK§x§E§2§9§E§6§E§le§x§F§C§9§0§5§C§ly in auction for 100000.
[16:01:09] > Panda_Nooba buy x5 §x§F§C§9§0§5§C§lE§x§E§6§9§C§6§B§lp§x§C§F§A§7§7§A§li§x§B§9§B§3§8§9§lc §x§8§C§C§B§A§7§lC§x§7§5§D§6§B§6§lr§x§5§F§E§2§C§5§la§x§7§9§D§4§B§4§lt§x§9§3§C§7§A§2§le §x§C§8§A§B§7§F§lK§x§E§2§9§E§6§E§le§x§F§C§9§0§5§C§ly to Trapers1 for $100,000.
[16:01:20] > Panda_Nooba remove x5 §x§F§C§9§0§5§C§lE§x§E§6§9§C§6§B§lp§x§C§F§A§7§7§A§li§x§B§9§B§3§8§9§lc §x§8§C§C§B§A§7§lC§x§7§5§D§6§B§6§lr§x§5§F§E§2§C§5§la§x§7§9§D§4§B§4§lt§x§9§3§C§7§A§2§le §x§C§8§A§B§7§F§lK§x§E§2§9§E§6§E§le§x§F§C§9§0§5§C§ly from buy
[16:02:18] > Johng10910 remove x1 §2Cauldron Hat from storage
[16:02:18] > Johng10910 remove x1 §f§x§D§0§D§0§D§0J§x§C§9§C§9§C§9e§x§C§2§C§2§C§2t§x§B§B§B§B§B§B §x§B§3§B§3§B§3P§x§A§C§A§C§A§Ci§x§A§5§A§5§A§5l§x§9§E§9§E§9§Eo§x§9§7§9§7§9§7t§x§9§0§9§0§9§0 §x§8§9§8§9§8§9H§x§8§2§8§2§8§2e§x§7§A§7§A§7§Al§x§7§3§7§3§7§3m§x§6§C§6§C§6§Ce§x§6§5§6§5§6§5t from storage
[16:02:29] > Johng10910 added x1 §2Cauldron Hat in auction for 25000.
[16:02:31] > Kaynn added x1 §x§F§F§3§E§0§0§lD§x§F§F§3§6§0§0§le§x§F§F§2§F§0§0§lm§x§F§F§2§7§0§0§lo§x§F§F§1§F§0§0§ln §x§F§F§1§0§0§0§lL§x§F§F§0§8§0§0§lo§x§F§F§0§0§0§0§lr§x§F§F§0§9§0§0§ld §x§F§F§1§B§0§0§lS§x§F§F§2§3§0§0§lw§x§F§F§2§C§0§0§lo§x§F§F§3§5§0§0§lr§x§F§F§3§E§0§0§ld in auction for 650000.
[16:02:41] > Johng10910 added x1 §f§x§D§0§D§0§D§0J§x§C§9§C§9§C§9e§x§C§2§C§2§C§2t§x§B§B§B§B§B§B §x§B§3§B§3§B§3P§x§A§C§A§C§A§Ci§x§A§5§A§5§A§5l§x§9§E§9§E§9§Eo§x§9§7§9§7§9§7t§x§9§0§9§0§9§0 §x§8§9§8§9§8§9H§x§8§2§8§2§8§2e§x§7§A§7§A§7§Al§x§7§3§7§3§7§3m§x§6§C§6§C§6§Ce§x§6§5§6§5§6§5t in auction for 25000.
[16:02:55] > YIXILYX buy x1 §f§x§D§0§D§0§D§0J§x§C§9§C§9§C§9e§x§C§2§C§2§C§2t§x§B§B§B§B§B§B §x§B§3§B§3§B§3P§x§A§C§A§C§A§Ci§x§A§5§A§5§A§5l§x§9§E§9§E§9§Eo§x§9§7§9§7§9§7t§x§9§0§9§0§9§0 §x§8§9§8§9§8§9H§x§8§2§8§2§8§2e§x§7§A§7§A§7§Al§x§7§3§7§3§7§3m§x§6§C§6§C§6§Ce§x§6§5§6§5§6§5t to Johng10910 for $25,000.
[16:03:21] > .AppriXD buy x1 §c§lPower stick v2 to shelby for $1,000,000.
[16:03:27] > .AppriXD remove x1 §c§lPower stick v2 from buy
[16:03:32] > Kaynn remove x1 §x§F§F§3§E§0§0§lD§x§F§F§3§6§0§0§le§x§F§F§2§F§0§0§lm§x§F§F§2§7§0§0§lo§x§F§F§1§F§0§0§ln §x§F§F§1§0§0§0§lL§x§F§F§0§8§0§0§lo§x§F§F§0§0§0§0§lr§x§F§F§0§9§0§0§ld §x§F§F§1§B§0§0§lS§x§F§F§2§3§0§0§lw§x§F§F§2§C§0§0§lo§x§F§F§3§5§0§0§lr§x§F§F§3§E§0§0§ld from storage
[16:06:43] > Kodakoda added x1 §fStrider Plushie §6(#86/101) in auction for 20000.
[16:06:53] > .AppriXD buy x1 §fStrider Plushie §6(#86/101) to Kodakoda for $20,000.
[16:06:58] > azuyeca buy x64 Golden carrot to anneyong for $30,000.
[16:08:46] > Kaynn added x1 §x§F§F§3§E§0§0§lD§x§F§F§3§6§0§0§le§x§F§F§2§F§0§0§lm§x§F§F§2§7§0§0§lo§x§F§F§1§F§0§0§ln §x§F§F§1§0§0§0§lL§x§F§F§0§8§0§0§lo§x§F§F§0§0§0§0§lr§x§F§F§0§9§0§0§ld §x§F§F§1§B§0§0§lS§x§F§F§2§3§0§0§lw§x§F§F§2§C§0§0§lo§x§F§F§3§5§0§0§lr§x§F§F§3§E§0§0§ld in auction for 550000.
[16:09:18] > 8it5inn added x1 §x§F§F§3§E§0§0§lDemon Lord Wings in auction for 5000000.
[16:11:40] > shelby added x1 §c§lPower stick v2 in auction for 1000000.
[16:14:06] > Kaynn buy x1 §f§l§x§8§A§0§0§F§FS§x§9§9§0§0§D§Bh§x§A§8§0§0§B§6i§x§B§7§0§0§9§2n§x§C§6§0§0§6§De§x§D§5§0§0§4§9 §x§E§4§0§0§2§4O§x§F§3§0§0§0§0n§x§E§4§0§0§2§4i§x§D§5§0§0§4§9 §x§C§6§0§0§6§DS§x§B§7§0§0§9§2t§x§A§8§0§0§B§6a§x§9§9§0§0§D§Bf§x§8§A§0§0§F§Ff to nachfaust for $900,000.
[16:14:11] > Kaynn remove x1 §f§l§x§8§A§0§0§F§FS§x§9§9§0§0§D§Bh§x§A§8§0§0§B§6i§x§B§7§0§0§9§2n§x§C§6§0§0§6§De§x§D§5§0§0§4§9 §x§E§4§0§0§2§4O§x§F§3§0§0§0§0n§x§E§4§0§0§2§4i§x§D§5§0§0§4§9 §x§C§6§0§0§6§DS§x§B§7§0§0§9§2t§x§A§8§0§0§B§6a§x§9§9§0§0§D§Bf§x§8§A§0§0§F§Ff from buy
[16:16:25] > nachfaust added x1 Netherite leggings in auction for 60000.
[16:16:43] > namerikangel added x64 Emerald block in auction for 86400.
[16:18:09] > bombayto buy x1 Netherite leggings to nachfaust for $60,000.
[16:22:56] > nachfaust added x1 Fishing rod in auction for 20000.
[16:23:47] > .AppriXD buy x1 Fishing rod to nachfaust for $20,000.
[16:24:04] > .AppriXD remove x1 §fStrider Plushie §6(#86/101) from buy
[16:24:05] > .AppriXD remove x1 Fishing rod from buy
[16:27:37] > nachfaust remove x1 Mace from storage
[16:27:52] > nachfaust added x1 Mace in auction for 900000.
[16:28:47] > .AppriXD buy x1 Dune armor trim smithing template to .JakeTheMiner457 for $100,000.
[16:30:14] > nachfaust added x1 §x§F§F§7§C§0§0§lSteamsparks Axe in auction for 500000.
[16:31:21] > .AppriXD buy x2 Coast armor trim smithing template to .JakeTheMiner457 for $80,000.
[16:32:34] > Trapers1 buy x1 §x§F§F§7§C§0§0§lSteamsparks Chestplate to nachfaust for $500,000.
[16:32:39] > Trapers1 remove x1 §x§F§F§7§C§0§0§lSteamsparks Chestplate form buy
[16:33:58] > Trapers1 added x1 §x§E§5§1§B§1§B§lDracula Leggings in auction for 750000.
[16:35:12] > nachfaust remove x1 Mace from storage
[16:35:35] > nachfaust added x1 Mace in auction for 800000.
[16:35:38] > .AppriXD buy x1 Mace to nachfaust for $800,000.
[16:35:53] > .AppriXD remove x1 Mace from buy
[16:35:54] > .AppriXD remove x2 Coast armor trim smithing template from buy
[16:35:54] > .AppriXD remove x1 Dune armor trim smithing template from buy
[16:37:07] > nachfaust added x1 §f§l§x§F§C§D§0§5§CW§x§F§A§A§A§4§Bu§x§F§9§8§4§3§Bk§x§F§7§5§F§2§Ao§x§F§5§3§9§1§9n§x§F§4§1§3§0§8g §x§F§5§3§9§1§9S§x§F§7§5§F§2§Ap§x§F§9§8§4§3§Be§x§F§A§A§A§4§Ba§x§F§C§D§0§5§Cr in auction for 300000.
[16:37:24] > nachfaust added x1 §f§l§x§F§C§D§0§5§CW§x§F§A§A§2§4§8u§x§F§8§7§4§3§3k§x§F§6§4§5§1§Fo§x§F§4§1§7§0§Ang§x§F§6§4§5§1§F §x§F§8§7§4§3§3H§x§F§A§A§2§4§8o§x§F§C§D§0§5§Ce in auction for 300000.
[16:38:36] > Kaynn remove x64 Breeze rod from storage
[16:38:42] > azuyeca remove x64 Breeze rod from buy
[16:39:09] > Kaynn added x60 Breeze rod in auction for 250000.
[16:46:58] > shelby buy x1 Na Sword to 8it5inn for $1,800,000.
[16:47:12] > shelby remove x1 Na Sword from buy
[16:47:46] > Mugiwara22 buy x64 Emerald block to namerikangel for $86,400.
[16:48:12] > Mugiwara22 remove x64 Emerald block from buy
[16:51:30] > bombayto buy x1 §c§lPower stick v2 to shelby for $1,000,000.
[16:51:45] > bombayto remove x1 Netherite leggings from buy
[16:51:45] > bombayto remove x1 §c§lPower stick v2 from buy
[16:55:43] > Fogstrap remove x1 §x§F§F§3§E§0§0§lD§x§F§F§3§6§0§0§le§x§F§F§2§F§0§0§lm§x§F§F§2§7§0§0§lo§x§F§F§1§F§0§0§ln §x§F§F§1§0§0§0§lL§x§F§F§0§8§0§0§lo§x§F§F§0§0§0§0§lr§x§F§F§0§9§0§0§ld §x§F§F§1§B§0§0§lS§x§F§F§2§3§0§0§lt§x§F§F§2§C§0§0§la§x§F§F§3§5§0§0§lf§x§F§F§3§E§0§0§lf form storage
[16:55:51] > Fogstrap added x1 §x§F§F§3§E§0§0§lD§x§F§F§3§6§0§0§le§x§F§F§2§F§0§0§lm§x§F§F§2§7§0§0§lo§x§F§F§1§F§0§0§ln §x§F§F§1§0§0§0§lL§x§F§F§0§8§0§0§lo§x§F§F§0§0§0§0§lr§x§F§F§0§9§0§0§ld §x§F§F§1§B§0§0§lS§x§F§F§2§3§0§0§lt§x§F§F§2§C§0§0§la§x§F§F§3§5§0§0§lf§x§F§F§3§E§0§0§lf in auction for 640000.
[16:56:11] > ravencabansay buy x1 §x§F§F§3§E§0§0§lD§x§F§F§3§6§0§0§le§x§F§F§2§F§0§0§lm§x§F§F§2§7§0§0§lo§x§F§F§1§F§0§0§ln §x§F§F§1§0§0§0§lL§x§F§F§0§8§0§0§lo§x§F§F§0§0§0§0§lr§x§F§F§0§9§0§0§ld §x§F§F§1§B§0§0§lS§x§F§F§2§3§0§0§lt§x§F§F§2§C§0§0§la§x§F§F§3§5§0§0§lf§x§F§F§3§E§0§0§lf to Fogstrap for $640,000.
[16:56:37] > ravencabansay remove x1 §x§F§F§3§E§0§0§lD§x§F§F§3§6§0§0§le§x§F§F§2§F§0§0§lm§x§F§F§2§7§0§0§lo§x§F§F§1§F§0§0§ln §x§F§F§1§0§0§0§lL§x§F§F§0§8§0§0§lo§x§F§F§0§0§0§0§lr§x§F§F§0§9§0§0§ld §x§F§F§1§B§0§0§lS§x§F§F§2§3§0§0§lt§x§F§F§2§C§0§0§la§x§F§F§3§5§0§0§lf§x§F§F§3§E§0§0§lf from buy
[16:57:10] > nachfaust added x1 §x§F§F§7§C§0§0§lSteamsparks Staff in auction for 250000.
[16:57:18] > 8it5inn remove x1 §fKingdra Hat from storage
[16:58:25] > bombayto buy x60 Breeze rod to Kaynn for $250,000.
[17:06:09] > Kaynn added x64 Breeze rod in auction for 250000.
[17:07:33] > azuyeca buy x64 Breeze rod to Kaynn for $250,000.
[17:07:47] > azuyeca remove x64 Breeze rod from buy
[17:21:00] > Trapers1 added x1 §fGoat Plushie §6(#42/101) in auction for 10000.
[17:21:10] > 8it5inn buy x1 §fGoat Plushie §6(#42/101) to Trapers1 for $10,000.
[17:21:23] > Trapers1 remove x1 §f§l§x§F§C§D§0§5§CW§x§F§B§C§1§5§5u§x§F§B§B§2§4§Fk§x§F§A§A§3§4§8o§x§F§9§9§5§4§2n§x§F§9§8§6§3§Bg§x§F§8§7§7§3§5 §x§F§8§6§8§2§EL§x§F§7§5§9§2§7e§x§F§6§4§A§2§1g§x§F§6§3§B§1§Ag§x§F§5§2§D§1§4i§x§F§4§1§E§0§Dn§x§F§4§0§F§0§7g§x§F§3§0§0§0§0s form storage
[17:21:23] > Trapers1 remove x1 §f§l§x§F§C§D§0§5§CW§x§F§B§A§D§4§Du§x§F§9§8§B§3§Dk§x§F§8§6§8§2§Eo§x§F§6§4§5§1§Fn§x§F§5§2§3§0§Fg§x§F§3§0§0§0§0 §x§F§5§2§3§0§FD§x§F§6§4§5§1§Fa§x§F§8§6§8§2§Eg§x§F§9§8§B§3§Dg§x§F§B§A§D§4§De§x§F§C§D§0§5§Cr form storage
[17:21:23] > Trapers1 remove x1 §x§E§5§1§B§1§B§lDracula Leggings form storage
[17:21:23] > Trapers1 remove x1 §x§F§F§7§C§0§0§lSteamsparks Staff form storage
[17:22:22] > Kaynn added x64 Breeze rod in auction for 250000.
[17:24:46] > imnectarfr buy x1 Shulker box to anneyong for $150,000.
[17:35:37] > nebula12321 buy x64 Breeze rod to Kaynn for $250,000.
[17:35:43] > nebula12321 remove x64 Breeze rod from buy
[17:39:51] > nebula12321 buy x4 Netherite ingot to magolek_09 for $500,000.
[17:40:07] > nebula12321 remove x4 Netherite ingot from buy
[17:43:04] > giyahnpogi added x1 §f§l§x§8§A§0§0§F§FS§x§9§6§0§0§E§1h§x§A§3§0§0§C§3i§x§A§F§0§0§A§5n§x§B§B§0§0§8§7e§x§C§8§0§0§6§9 §x§D§4§0§0§4§BO§x§E§0§0§0§2§Dn§x§E§D§0§0§0§Fi §x§E§0§0§0§2§DL§x§D§4§0§0§4§Be§x§C§8§0§0§6§9g§x§B§B§0§0§8§7g§x§A§F§0§0§A§5i§x§A§3§0§0§C§3n§x§9§6§0§0§E§1g§x§8§A§0§0§F§Fs in auction for 4000000.
[17:43:09] > ThatMidnight buy x1 §f§l§x§8§A§0§0§F§FS§x§9§6§0§0§E§1h§x§A§3§0§0§C§3i§x§A§F§0§0§A§5n§x§B§B§0§0§8§7e§x§C§8§0§0§6§9 §x§D§4§0§0§4§BO§x§E§0§0§0§2§Dn§x§E§D§0§0§0§Fi §x§E§0§0§0§2§DL§x§D§4§0§0§4§Be§x§C§8§0§0§6§9g§x§B§B§0§0§8§7g§x§A§F§0§0§A§5i§x§A§3§0§0§C§3n§x§9§6§0§0§E§1g§x§8§A§0§0§F§Fs to giyahnpogi for $4,000,000.
[17:43:15] > ThatMidnight remove x1 §f§l§x§8§A§0§0§F§FS§x§9§6§0§0§E§1h§x§A§3§0§0§C§3i§x§A§F§0§0§A§5n§x§B§B§0§0§8§7e§x§C§8§0§0§6§9 §x§D§4§0§0§4§BO§x§E§0§0§0§2§Dn§x§E§D§0§0§0§Fi §x§E§0§0§0§2§DL§x§D§4§0§0§4§Be§x§C§8§0§0§6§9g§x§B§B§0§0§8§7g§x§A§F§0§0§A§5i§x§A§3§0§0§C§3n§x§9§6§0§0§E§1g§x§8§A§0§0§F§Fs from buy
[17:45:00] > .JoshuaCraft9422 remove x1 §x§C§9§A§7§F§C§lL§x§B§D§A§E§F§6§le§x§B§1§B§4§F§0§lg§x§A§6§B§B§E§A§le§x§9§A§C§1§E§4§ln§x§8§E§C§8§D§D§ld§x§8§2§C§E§D§7§la§x§7§7§D§5§D§1§lr§x§6§B§D§B§C§B§ly §x§6§B§D§B§C§B§lC§x§7§7§D§5§D§1§lr§x§8§2§C§E§D§7§la§x§8§E§C§8§D§D§lt§x§9§A§C§1§E§4§le §x§B§1§B§4§F§0§lK§x§B§D§A§E§F§6§le§x§C§9§A§7§F§C§ly from buy
[17:45:06] > Trapers1 added x1 §f§l§8B§x§6§1§6§1§6§1a§x§6§D§6§D§6§Dh§x§7§9§7§9§7§9a§x§8§6§8§6§8§6m§x§9§2§9§2§9§2u§x§9§E§9§E§9§Et§7 §x§9§E§9§E§9§EH§x§9§2§9§2§9§2a§x§8§6§8§6§8§6l§x§7§9§7§9§7§9b§x§6§D§6§D§6§De§x§6§1§6§1§6§1r§8d in auction for 300000.
[17:45:09] > imnectarfr added x1 §f§l§x§F§A§0§0§0§AD§x§F§A§2§0§1§7a§x§F§B§4§0§2§3r§x§F§B§6§0§3§0k§x§F§B§8§0§3§Cf§x§F§C§A§0§4§9l§x§F§C§C§0§5§6am§x§F§C§A§0§4§9e§x§F§B§8§0§3§C §x§F§B§6§0§3§0M§x§F§B§4§0§2§3a§x§F§A§2§0§1§7c§x§F§A§0§0§0§Ae in auction for 1500000.
[17:45:14] > azuyeca buy x1 §f§l§x§F§A§0§0§0§AD§x§F§A§2§0§1§7a§x§F§B§4§0§2§3r§x§F§B§6§0§3§0k§x§F§B§8§0§3§Cf§x§F§C§A§0§4§9l§x§F§C§C§0§5§6am§x§F§C§A§0§4§9e§x§F§B§8§0§3§C §x§F§B§6§0§3§0M§x§F§B§4§0§2§3a§x§F§A§2§0§1§7c§x§F§A§0§0§0§Ae to imnectarfr for $1,500,000.
[17:45:36] > azuyeca remove x1 §f§l§x§F§A§0§0§0§AD§x§F§A§2§0§1§7a§x§F§B§4§0§2§3r§x§F§B§6§0§3§0k§x§F§B§8§0§3§Cf§x§F§C§A§0§4§9l§x§F§C§C§0§5§6am§x§F§C§A§0§4§9e§x§F§B§8§0§3§C §x§F§B§6§0§3§0M§x§F§B§4§0§2§3a§x§F§A§2§0§1§7c§x§F§A§0§0§0§Ae from buy
[17:45:59] > Trapers1 added x1 Shulker box in auction for 100000.
[17:46:28] > SenjuKawaragi added x64 Diamond in auction for 32000.
[17:46:33] > Trapers1 remove x1 §f§l§8B§x§6§1§6§1§6§1a§x§6§D§6§D§6§Dh§x§7§9§7§9§7§9a§x§8§6§8§6§8§6m§x§9§2§9§2§9§2u§x§9§E§9§E§9§Et§7 §x§9§E§9§E§9§EH§x§9§2§9§2§9§2a§x§8§6§8§6§8§6l§x§7§9§7§9§7§9b§x§6§D§6§D§6§De§x§6§1§6§1§6§1r§8d form storage
[17:46:33] > Trapers1 remove x1 Shulker box form storage
[17:46:44] > Trapers1 added x1 §f§l§8B§x§6§1§6§1§6§1a§x§6§D§6§D§6§Dh§x§7§9§7§9§7§9a§x§8§6§8§6§8§6m§x§9§2§9§2§9§2u§x§9§E§9§E§9§Et§7 §x§9§E§9§E§9§EH§x§9§2§9§2§9§2a§x§8§6§8§6§8§6l§x§7§9§7§9§7§9b§x§6§D§6§D§6§De§x§6§1§6§1§6§1r§8d in auction for 300000.
[17:49:56] > SenjuKawaragi remove x64 Diamond from storage
[17:50:33] > SenjuKawaragi remove x64 Diamond from expire
[17:58:10] > micailatot remove x1 §f§l§8B§x§6§6§6§6§6§6a§x§7§7§7§7§7§7h§x§8§8§8§8§8§8a§x§9§9§9§9§9§9m§7u§x§9§9§9§9§9§9t§x§8§8§8§8§8§8 §x§7§7§7§7§7§7H§x§6§6§6§6§6§6o§8e from storage
[17:58:27] > micailatot added x1 §f§l§8B§x§6§6§6§6§6§6a§x§7§7§7§7§7§7h§x§8§8§8§8§8§8a§x§9§9§9§9§9§9m§7u§x§9§9§9§9§9§9t§x§8§8§8§8§8§8 §x§7§7§7§7§7§7H§x§6§6§6§6§6§6o§8e in auction for 1200000.
[17:58:33] > micailatot remove x1 Shiny stick from storage
[17:58:42] > YchannR buy x1 §x§F§F§5§5§0§0§lsᴇʟʟᴡᴀɴᴅ §6- 5.0x to Cooldoggiexd for $400,000.
[17:58:59] > Kaynn added x1 Heavy core in auction for 500000.
[18:00:57] > Fogstrap added x1 Shiny stick in auction for 400000.
[18:13:12] > Renzy01 added x1 §x§F§F§7§C§0§0§lSteamsparks Shovel in auction for 150000.
[18:21:28] > Kaynn added x64 Breeze rod in auction for 255000.
[18:24:07] > Blinkrzz added x1 §x§F§F§5§5§0§0§lsᴇʟʟᴡᴀɴᴅ §6- 5.0x in auction for 60000.
[18:24:12] > EnderDragon0120 buy x1 §x§F§F§5§5§0§0§lsᴇʟʟᴡᴀɴᴅ §6- 5.0x to Blinkrzz for $60,000.
[18:24:22] > EnderDragon0120 remove x1 §x§F§F§5§5§0§0§lsᴇʟʟᴡᴀɴᴅ §6- 5.0x from buy
[18:25:21] > .JakeTheMiner457 remove x1 Beacon from storage
[18:25:34] > .JakeTheMiner457 remove x1 Beacon from storage
[18:25:50] > .JakeTheMiner457 remove x1 Beacon from expire
[18:25:51] > .JakeTheMiner457 remove x1 Beacon from expire
[18:26:25] > .JakeTheMiner457 added x1 Beacon in auction for 150000.
[18:26:35] > x1 §x§F§F§5§5§0§0§lsᴇʟʟᴡᴀɴᴅ §6- 5.0x, bought by Trv, has just expired, the item is definitively deleted.
[18:26:42] > .JakeTheMiner457 added x1 Beacon in auction for 150000.
[18:31:06] > RebornKimmy remove x1 §f§l§x§8§A§0§0§F§FS§x§9§7§0§0§D§Fh§x§A§4§0§0§B§Fi§x§B§1§0§0§9§Fn§x§B§F§0§0§8§0e§x§C§C§0§0§6§0 §x§D§9§0§0§4§0O§x§E§6§0§0§2§0n§x§F§3§0§0§0§0i§x§E§6§0§0§2§0 §x§D§9§0§0§4§0P§x§C§C§0§0§6§0i§x§B§F§0§0§8§0c§x§B§1§0§0§9§Fk§x§A§4§0§0§B§Fa§x§9§7§0§0§D§Fx§x§8§A§0§0§F§Fe from buy
[18:34:56] > bqnnyy buy x1 Diamond pickaxe to magolek_09 for $150,000.
[18:35:00] > bqnnyy buy x1 Diamond pickaxe to magolek_09 for $150,000.
[18:36:50] > lorxie remove x1 §f§l§x§8§A§0§0§F§FS§x§9§6§0§0§E§3h§x§A§1§0§0§C§6i§x§A§D§0§0§A§An§x§B§9§0§0§8§Ee§x§C§4§0§0§7§1 §x§D§0§0§0§5§5O§x§D§C§0§0§3§9n§x§E§7§0§0§1§Ci§x§F§3§0§0§0§0 §x§E§7§0§0§1§CB§x§D§C§0§0§3§9i§x§D§0§0§0§5§5g§x§C§4§0§0§7§1 §x§B§9§0§0§8§ES§x§A§D§0§0§A§Aw§x§A§1§0§0§C§6o§x§9§6§0§0§E§3r§x§8§A§0§0§F§Fd form storage
[18:36:50] > lorxie remove x1 §f§l§x§8§A§0§0§F§FS§x§9§C§0§0§D§5h§x§A§D§0§0§A§Ai§x§B§F§0§0§8§0n§x§D§0§0§0§5§5e§x§E§2§0§0§2§B §x§F§3§0§0§0§0O§x§E§2§0§0§2§An§x§D§0§0§0§5§5i§x§B§F§0§0§8§0 §x§A§D§0§0§A§AB§x§9§C§0§0§D§5o§x§8§A§0§0§F§Fw form storage
[18:36:58] > lorxie added x1 §f§l§x§8§A§0§0§F§FS§x§9§C§0§0§D§5h§x§A§D§0§0§A§Ai§x§B§F§0§0§8§0n§x§D§0§0§0§5§5e§x§E§2§0§0§2§B §x§F§3§0§0§0§0O§x§E§2§0§0§2§An§x§D§0§0§0§5§5i§x§B§F§0§0§8§0 §x§A§D§0§0§A§AB§x§9§C§0§0§D§5o§x§8§A§0§0§F§Fw in auction for 2000000.
[18:37:14] > lorxie added x1 §f§l§x§8§A§0§0§F§FS§x§9§6§0§0§E§3h§x§A§1§0§0§C§6i§x§A§D§0§0§A§An§x§B§9§0§0§8§Ee§x§C§4§0§0§7§1 §x§D§0§0§0§5§5O§x§D§C§0§0§3§9n§x§E§7§0§0§1§Ci§x§F§3§0§0§0§0 §x§E§7§0§0§1§CB§x§D§C§0§0§3§9i§x§D§0§0§0§5§5g§x§C§4§0§0§7§1 §x§B§9§0§0§8§ES§x§A§D§0§0§A§Aw§x§A§1§0§0§C§6o§x§9§6§0§0§E§3r§x§8§A§0§0§F§Fd in auction for 2000000.
[18:39:00] > x1 §fSun Visor Hat on sale by kysicx has just expired, it goes in the inventory of expired items.
[18:39:33] > Fogstrap added x1 §f§l§8B§x§6§6§6§6§6§6a§x§7§7§7§7§7§7h§x§8§8§8§8§8§8a§x§9§9§9§9§9§9m§7u§x§9§9§9§9§9§9t§x§8§8§8§8§8§8 §x§7§7§7§7§7§7K§x§6§6§6§6§6§6e§8y in auction for 500000.
[18:39:47] > Fogstrap remove x1 Shiny stick from storage
[18:40:18] > Fogstrap added x1 5x Sellhand in auction for 400000.
[18:41:06] > octopus_01 buy x1 §x§F§F§5§5§0§0§lsᴇʟʟᴡᴀɴᴅ §6- 20.0x to KEITHTHEPRO for $2,999,999.
[18:41:19] > octopus_01 buy x1 §x§F§F§5§5§0§0§lsᴇʟʟᴡᴀɴᴅ §6- 5.0x to koshie for $500,000.
[18:42:28] > octopus_01 remove x1 §x§F§F§5§5§0§0§lsᴇʟʟᴡᴀɴᴅ §6- 20.0x form buy
[18:42:28] > octopus_01 remove x1 §x§F§F§5§5§0§0§lsᴇʟʟᴡᴀɴᴅ §6- 5.0x form buy
[18:43:28] > Fogstrap remove x1 5x Sellhand from storage
[18:46:07] > Fogstrap added x1 5x Sellhand in auction for 350000.
[19:14:10] > Fogstrap added x1 Netherite ingot in auction for 120000.
[19:14:42] > Kaynn remove x1 §f§l§x§F§A§0§0§0§AD§x§F§A§1§C§1§5a§x§F§B§3§7§2§0r§x§F§B§5§3§2§Bk§x§F§B§6§F§3§6f§x§F§B§8§B§4§1l§x§F§C§A§6§4§Ca§x§F§C§C§2§5§7me§x§F§C§A§6§4§C §x§F§B§8§B§4§1S§x§F§B§6§F§3§6h§x§F§B§5§3§2§Bi§x§F§B§3§7§2§0e§x§F§A§1§C§1§5l§x§F§A§0§0§0§Ad from storage
[19:15:43] > Fogstrap added x4 Netherite ingot in auction for 400000.
[19:15:54] > Zen0969 buy x4 Netherite ingot to Fogstrap for $400,000.
[19:15:59] > Zen0969 buy x64 Breeze rod to Kaynn for $255,000.
[19:16:16] > Zen0969 buy x4 Netherite ingot to magolek_09 for $500,000.
[19:16:26] > Fogstrap added x3 Netherite ingot in auction for 300000.
[19:18:07] > imnectarfr added x1 §x§3§4§9§8§D§Bʙʟᴀᴢᴇ ꜱᴘᴀᴡɴᴇʀ in auction for 2000000.
[19:18:12] > azuyeca buy x1 §x§3§4§9§8§D§Bʙʟᴀᴢᴇ ꜱᴘᴀᴡɴᴇʀ to imnectarfr for $2,000,000.
[19:20:15] > azuyeca remove x1 §x§3§4§9§8§D§Bʙʟᴀᴢᴇ ꜱᴘᴀᴡɴᴇʀ from buy
[19:20:54] > Zen0969 remove x4 Netherite ingot from buy
[19:20:54] > Zen0969 remove x64 Breeze rod from buy
[19:20:55] > Zen0969 remove x4 Netherite ingot from buy
[19:20:58] > Zen0969 remove x1 Enchanted book from buy
[19:21:00] > Zen0969 remove x1 Enchanted book from buy
[19:21:04] > Zen0969 buy x3 Netherite ingot to Fogstrap for $300,000.
[19:21:06] > Zen0969 buy x1 Netherite ingot to Fogstrap for $120,000.
[19:21:15] > Zen0969 remove x1 Netherite ingot from buy
[19:21:15] > Zen0969 remove x3 Netherite ingot from buy
[19:21:53] > imnectarfr added x1 §x§3§4§9§8§D§Bɪʀᴏɴ ɢᴏʟᴇᴍ ꜱᴘᴀᴡɴᴇʀ in auction for 1000000.
[19:22:22] > Fogstrap added x4 Netherite ingot in auction for 440000.
[19:22:35] > Zen0969 buy x4 Netherite ingot to Fogstrap for $440,000.
[19:22:37] > imnectarfr remove x1 §x§3§4§9§8§D§Bɪʀᴏɴ ɢᴏʟᴇᴍ ꜱᴘᴀᴡɴᴇʀ from storage
[19:22:41] > Zen0969 remove x4 Netherite ingot from buy
[19:28:40] > x1 YAWA on sale by FRANZ_JOSEF0 has just expired, it goes in the inventory of expired items.
[19:28:40] > 8it5inn added x1 §fKingdra Hat in auction for 1250000.
[19:29:09] > 8it5inn remove x1 §fKingdra Hat from storage
[19:29:18] > 8it5inn added x1 §fKingdra Hat in auction for 1150000.
[19:30:02] > x24 Silence armor trim smithing template on sale by Cynishere has just expired, it goes in the inventory of expired items.
[19:31:01] > 8it5inn remove x1 §fKingdra Hat from storage
[19:31:09] > 8it5inn added x1 §fKingdra Hat in auction for 1100000.
[19:31:28] > 8it5inn remove x1 §fKingdra Hat from storage
[19:32:27] > 8it5inn added x1 §fKingdra Hat in auction for 1100000.
[19:32:33] > tic_sz buy x1 §fKingdra Hat to 8it5inn for $1,100,000.
[19:37:42] > RottenRael added x1 Music disc otherside in auction for 50000.
[19:38:22] > giyahnpogi added x1 §x§E§4§3§A§9§6§lW§x§E§7§5§3§A§3§lI§x§E§B§6§B§B§0§lN§x§E§E§8§4§B§D§lG§x§F§2§9§D§C§B§lS §x§F§8§C§E§E§5§lO§x§F§C§E§6§F§2§lF §x§F§C§E§6§F§2§lE§x§F§8§C§E§E§5§lT§x§F§5§B§5§D§8§lE§x§F§2§9§D§C§B§lR§x§E§E§8§4§B§D§lN§x§E§B§6§B§B§0§lI§x§E§7§5§3§A§3§lT§x§E§4§3§A§9§6§lY in auction for 8000000.
[19:39:18] > tic_sz remove x1 §fKingdra Hat from buy
[19:39:32] > tic_sz added x1 §fKingdra Hat in auction for 1500000.
[19:40:27] > tic_sz remove x1 Shulker box from storage
[19:40:31] > tic_sz remove x1 §fNaganadel Tail from storage
[19:40:42] > tic_sz added x1 §fNaganadel Tail in auction for 1000000.
[19:40:49] > Icon_Skully added x1 §x§5§F§E§2§C§5Ragnarok Fishing rod in auction for 250000.
[19:41:01] > Takeremu buy x1 §x§5§F§E§2§C§5Ragnarok Fishing rod to Icon_Skully for $250,000.
[19:42:17] > 8it5inn added x1 §f§l§8B§x§6§6§6§6§6§6a§x§7§7§7§7§7§7h§x§8§8§8§8§8§8a§x§9§9§9§9§9§9m§7u§x§9§9§9§9§9§9t§x§8§8§8§8§8§8 §x§7§7§7§7§7§7B§x§6§6§6§6§6§6o§8w in auction for 300000.
[19:42:18] > giyahnpogi remove x1 §f§l§x§8§A§0§0§F§FS§x§9§7§0§0§D§Fh§x§A§4§0§0§B§Fi§x§B§1§0§0§9§Fn§x§B§F§0§0§8§0e§x§C§C§0§0§6§0 §x§D§9§0§0§4§0O§x§E§6§0§0§2§0n§x§F§3§0§0§0§0i§x§E§6§0§0§2§0 §x§D§9§0§0§4§0P§x§C§C§0§0§6§0i§x§B§F§0§0§8§0c§x§B§1§0§0§9§Fk§x§A§4§0§0§B§Fa§x§9§7§0§0§D§Fx§x§8§A§0§0§F§Fe from storage
[19:42:25] > giyahnpogi added x1 §f§l§x§8§A§0§0§F§FS§x§9§7§0§0§D§Fh§x§A§4§0§0§B§Fi§x§B§1§0§0§9§Fn§x§B§F§0§0§8§0e§x§C§C§0§0§6§0 §x§D§9§0§0§4§0O§x§E§6§0§0§2§0n§x§F§3§0§0§0§0i§x§E§6§0§0§2§0 §x§D§9§0§0§4§0P§x§C§C§0§0§6§0i§x§B§F§0§0§8§0c§x§B§1§0§0§9§Fk§x§A§4§0§0§B§Fa§x§9§7§0§0§D§Fx§x§8§A§0§0§F§Fe in auction for 3000000.
[19:59:14] > Julene added x2 Lodestone in auction for 1000.
[19:59:29] > Julene added x4 Deepslate redstone ore in auction for 100000.
[20:00:29] > azuyeca buy x1 §f§l§x§8§A§0§0§F§FS§x§9§7§0§0§D§Fh§x§A§4§0§0§B§Fi§x§B§1§0§0§9§Fn§x§B§F§0§0§8§0e§x§C§C§0§0§6§0 §x§D§9§0§0§4§0O§x§E§6§0§0§2§0n§x§F§3§0§0§0§0i§x§E§6§0§0§2§0 §x§D§9§0§0§4§0P§x§C§C§0§0§6§0i§x§B§F§0§0§8§0c§x§B§1§0§0§9§Fk§x§A§4§0§0§B§Fa§x§9§7§0§0§D§Fx§x§8§A§0§0§F§Fe to giyahnpogi for $3,000,000.
[20:01:43] > meevgang777 added x5 §x§F§C§9§0§5§C§lE§x§E§6§9§C§6§B§lp§x§C§F§A§7§7§A§li§x§B§9§B§3§8§9§lc §x§8§C§C§B§A§7§lC§x§7§5§D§6§B§6§lr§x§5§F§E§2§C§5§la§x§7§9§D§4§B§4§lt§x§9§3§C§7§A§2§le §x§C§8§A§B§7§F§lK§x§E§2§9§E§6§E§le§x§F§C§9§0§5§C§ly in auction for 200000.
[20:12:04] > x1 Splash potion, bought by Alexfromhere, has just expired, the item is definitively deleted.
[20:12:05] > azuyeca remove x1 §f§l§x§8§A§0§0§F§FS§x§9§7§0§0§D§Fh§x§A§4§0§0§B§Fi§x§B§1§0§0§9§Fn§x§B§F§0§0§8§0e§x§C§C§0§0§6§0 §x§D§9§0§0§4§0O§x§E§6§0§0§2§0n§x§F§3§0§0§0§0i§x§E§6§0§0§2§0 §x§D§9§0§0§4§0P§x§C§C§0§0§6§0i§x§B§F§0§0§8§0c§x§B§1§0§0§9§Fk§x§A§4§0§0§B§Fa§x§9§7§0§0§D§Fx§x§8§A§0§0§F§Fe from buy
[20:15:42] > quayckeroatsss added x1 Enchanted book in auction for 700000.
[20:16:34] > Zen0969 remove x1 White shulker box from expire
[20:16:34] > Zen0969 remove x1 Shulker box from expire
[20:16:35] > Zen0969 remove x1 Shulker box from expire
[20:16:35] > Zen0969 remove x1 Shulker box from expire
[20:16:35] > Zen0969 remove x1 Shulker box from expire
[20:16:35] > Zen0969 remove x1 White shulker box from expire
[20:16:35] > Zen0969 remove x1 White shulker box from expire
[20:16:36] > Zen0969 remove x1 White shulker box from expire
[20:17:00] > Zen0969 added x1 White shulker box in auction for 450000.
[20:17:42] > Zen0969 added x1 White shulker box in auction for 450000.
[20:17:56] > Zen0969 added x1 White shulker box in auction for 450000.
[20:18:09] > Zen0969 added x1 White shulker box in auction for 450000.
[20:18:25] > Zen0969 added x1 White shulker box in auction for 450000.
[20:18:40] > Zen0969 added x1 White shulker box in auction for 450000.
[20:18:51] > Zen0969 added x1 White shulker box in auction for 450000.
[20:19:03] > Zen0969 added x1 White shulker box in auction for 450000.
[20:23:47] > PumpkinSweetie added x1 Enchanted book in auction for 250000.
[20:23:54] > tic_sz remove x1 §fKingdra Hat from storage
[20:27:42] > RottenRael added x64 Nether wart in auction for 10000.
[20:28:21] > Broodie added x1 §f§l§8B§x§6§4§6§4§6§4a§x§7§4§7§4§7§4h§x§8§3§8§3§8§3a§x§9§3§9§3§9§3m§x§A§2§A§2§A§2ut§x§9§3§9§3§9§3 §x§8§3§8§3§8§3C§x§7§4§7§4§7§4l§x§6§4§6§4§6§4u§8b in auction for 1000000.
[20:35:48] > azuyeca remove x1 §x§F§F§5§5§0§0§lsᴇʟʟᴡᴀɴᴅ §6- 5.0x from buy
[20:35:50] > azuyeca remove x1 §x§F§F§5§5§0§0§lsᴇʟʟᴡᴀɴᴅ §6- 5.0x from buy
[20:36:55] > Kaynn buy x1 Enchanted book to PumpkinSweetie for $250,000.
[20:36:55] > x1 §x§F§0§7§A§5§4§lZombie Apocalyptic Halberd on sale by RizzaIck has just expired, it goes in the inventory of expired items.
[20:37:04] > Kaynn remove x1 Enchanted book from buy
[20:41:14] > .Allxnzv buy x64 Nether wart to RottenRael for $10,000.
[20:41:40] > .Allxnzv remove x64 Nether wart from buy
[20:53:44] > namerikangel buy x2 Lodestone to Julene for $1,000.
[20:55:07] > Zaiil added x1 Mace in auction for 600000.
[20:55:23] > RottenRael remove x1 Music disc otherside form storage
[20:57:03] > blezzinglighto added x1 §x§E§5§1§B§1§B§lDracula Fishing in auction for 50000.
[20:57:10] > .AppriXD buy x1 §x§E§5§1§B§1§B§lDracula Fishing to blezzinglighto for $50,000.
[20:58:10] > RottenRael added x1 Music disc otherside in auction for 10000.
[20:58:20] > .AppriXD buy x1 Music disc otherside to RottenRael for $10,000.
[20:59:34] > Ryzxc remove x1 §fCamel Plushie §6(#12/101) from storage
[20:59:35] > Ryzxc remove x1 §fHoglin Plushie §6(#44/101) from storage
[20:59:35] > Ryzxc remove x1 §fGoat Plushie §6(#42/101) from storage
[21:02:03] > EnderDragon0120 remove x1 §f§l§8B§x§6§2§6§2§6§2a§x§6§F§6§F§6§Fh§x§7§C§7§C§7§Ca§x§8§9§8§9§8§9m§x§9§6§9§6§9§6u§x§A§3§A§3§A§3t §x§9§6§9§6§9§6H§x§8§9§8§9§8§9a§x§7§C§7§C§7§Ct§x§6§F§6§F§6§F §x§6§2§6§2§6§2V§82 from storage
[21:02:14] > EnderDragon0120 added x1 §x§E§5§1§B§1§B§lDracula Battleaxe in auction for 125000.
[21:02:52] > EnderDragon0120 added x1 §x§E§5§1§B§1§B§lDracula Spear in auction for 150000.
[21:03:15] > benben929 buy x2 §x§F§F§3§E§0§0§lD§x§F§F§3§7§0§0§le§x§F§F§3§0§0§0§lm§x§F§F§2§9§0§0§lo§x§F§F§2§2§0§0§ln §x§F§F§1§5§0§0§lL§x§F§F§0§E§0§0§lo§x§F§F§0§7§0§0§lr§x§F§F§0§0§0§0§ld §x§F§F§0§E§0§0§lF§x§F§F§1§5§0§0§lr§x§F§F§1§C§0§0§la§x§F§F§2§2§0§0§lg§x§F§F§2§9§0§0§lm§x§F§F§3§0§0§0§le§x§F§F§3§7§0§0§ln§x§F§F§3§E§0§0§lt to giyahnpogi for $200,000.
[21:03:23] > benben929 remove x2 §x§F§F§3§E§0§0§lD§x§F§F§3§7§0§0§le§x§F§F§3§0§0§0§lm§x§F§F§2§9§0§0§lo§x§F§F§2§2§0§0§ln §x§F§F§1§5§0§0§lL§x§F§F§0§E§0§0§lo§x§F§F§0§7§0§0§lr§x§F§F§0§0§0§0§ld §x§F§F§0§E§0§0§lF§x§F§F§1§5§0§0§lr§x§F§F§1§C§0§0§la§x§F§F§2§2§0§0§lg§x§F§F§2§9§0§0§lm§x§F§F§3§0§0§0§le§x§F§F§3§7§0§0§ln§x§F§F§3§E§0§0§lt from buy
[21:05:43] > Ryzxc added x1 §x§F§F§3§E§0§0§lSellwand Voucher in auction for 600000.
[21:05:57] > Takeremu buy x1 §x§F§F§3§E§0§0§lSellwand Voucher to Ryzxc for $600,000.
[21:06:01] > Takeremu remove x1 §x§F§F§3§E§0§0§lSellwand Voucher from buy
[21:06:05] > NoClarity added x1 §x§F§F§5§5§0§0§lsᴇʟʟᴡᴀɴᴅ §6- 5.0x in auction for 550000.
[21:06:13] > Ryzxc added x1 §x§F§F§3§E§0§0§lSellwand Voucher in auction for 600000.
[21:06:18] > 8it5inn added x1 §x§F§F§5§5§0§0§lsᴇʟʟᴡᴀɴᴅ §6- 5.0x in auction for 425000.
[21:06:38] > RebornKimmy buy x1 §x§F§F§3§E§0§0§lSellwand Voucher to Ryzxc for $600,000.
[21:06:46] > RebornKimmy remove x1 §x§F§F§3§E§0§0§lSellwand Voucher from buy
[21:06:47] > Zaiil added x1 §f§l§x§8§A§0§0§F§FS§x§9§C§0§0§D§5h§x§A§D§0§0§A§Ai§x§B§F§0§0§8§0n§x§D§0§0§0§5§5e§x§E§2§0§0§2§B §x§F§3§0§0§0§0O§x§E§2§0§0§2§An§x§D§0§0§0§5§5i§x§B§F§0§0§8§0 §x§A§D§0§0§A§AA§x§9§C§0§0§D§5x§x§8§A§0§0§F§Fe in auction for 2500000.
[21:06:50] > Kaynn added x1 §x§F§F§3§E§0§0§lSellwand Voucher in auction for 1499000.
[21:07:00] > RottenRael added x1 §x§F§F§5§5§0§0§lsᴇʟʟᴡᴀɴᴅ §6- 10.0x in auction for 500000.
[21:07:07] > ry9191 added x1 §f§l§8B§x§6§6§6§6§6§6a§x§7§7§7§7§7§7h§x§8§8§8§8§8§8a§x§9§9§9§9§9§9m§7u§x§9§9§9§9§9§9t§x§8§8§8§8§8§8 §x§7§7§7§7§7§7B§x§6§6§6§6§6§6o§8w in auction for 350000.
[21:07:07] > ThatMidnight buy x1 §x§F§F§5§5§0§0§lsᴇʟʟᴡᴀɴᴅ §6- 10.0x to RottenRael for $500,000.
[21:07:12] > Johng10910 added x1 §f§l§x§8§A§0§0§F§FS§x§9§9§0§0§D§Bh§x§A§8§0§0§B§6i§x§B§7§0§0§9§2n§x§C§6§0§0§6§De§x§D§5§0§0§4§9 §x§E§4§0§0§2§4O§x§F§3§0§0§0§0n§x§E§4§0§0§2§4i§x§D§5§0§0§4§9 §x§C§6§0§0§6§DS§x§B§7§0§0§9§2p§x§A§8§0§0§B§6e§x§9§9§0§0§D§Ba§x§8§A§0§0§F§Fr in auction for 3000000.
[21:07:14] > ThatMidnight remove x1 §x§F§F§5§5§0§0§lsᴇʟʟᴡᴀɴᴅ §6- 10.0x from buy
[21:07:18] > NoClarity remove x1 §x§F§F§5§5§0§0§lsᴇʟʟᴡᴀɴᴅ §6- 5.0x form storage
[21:07:27] > .AppriXD added x1 §f§l§x§8§A§0§0§F§FS§x§9§8§0§0§D§Dh§x§A§6§0§0§B§Bi§x§B§4§0§0§9§9n§x§C§2§0§0§7§7e§x§D§0§0§0§5§5 §x§D§E§0§0§3§3O§x§E§C§0§0§1§1ni§x§D§E§0§0§3§3 §x§D§0§0§0§5§5S§x§C§2§0§0§7§7h§x§B§4§0§0§9§9o§x§A§6§0§0§B§Bv§x§9§8§0§0§D§De§x§8§A§0§0§F§Fl in auction for 150000.
[21:07:31] > Icon_Skully buy x1 §f§l§x§8§A§0§0§F§FS§x§9§8§0§0§D§Dh§x§A§6§0§0§B§Bi§x§B§4§0§0§9§9n§x§C§2§0§0§7§7e§x§D§0§0§0§5§5 §x§D§E§0§0§3§3O§x§E§C§0§0§1§1ni§x§D§E§0§0§3§3 §x§D§0§0§0§5§5S§x§C§2§0§0§7§7h§x§B§4§0§0§9§9o§x§A§6§0§0§B§Bv§x§9§8§0§0§D§De§x§8§A§0§0§F§Fl to .AppriXD for $150,000.
[21:07:52] > Johng10910 remove x1 §f§l§x§8§A§0§0§F§FS§x§9§9§0§0§D§Bh§x§A§8§0§0§B§6i§x§B§7§0§0§9§2n§x§C§6§0§0§6§De§x§D§5§0§0§4§9 §x§E§4§0§0§2§4O§x§F§3§0§0§0§0n§x§E§4§0§0§2§4i§x§D§5§0§0§4§9 §x§C§6§0§0§6§DS§x§B§7§0§0§9§2p§x§A§8§0§0§B§6e§x§9§9§0§0§D§Ba§x§8§A§0§0§F§Fr from storage
[21:08:01] > .AppriXD added x1 §x§F§F§5§5§0§0§lsᴇʟʟᴡᴀɴᴅ §6- 10.0x in auction for 2000000.
[21:08:10] > Kodakoda added x1 §x§F§F§5§5§0§0§lsᴇʟʟᴡᴀɴᴅ §6- 5.0x in auction for 500000.
[21:08:13] > ry9191 added x1 §f§l§x§8§A§0§0§F§FS§x§9§C§0§0§D§5h§x§A§D§0§0§A§Ai§x§B§F§0§0§8§0n§x§D§0§0§0§5§5e§x§E§2§0§0§2§B §x§F§3§0§0§0§0O§x§E§2§0§0§2§An§x§D§0§0§0§5§5i§x§B§F§0§0§8§0 §x§A§D§0§0§A§AB§x§9§C§0§0§D§5o§x§8§A§0§0§F§Fw in auction for 1500000.
[21:08:23] > Zaiil added x1 §x§F§F§5§5§0§0§lsᴇʟʟᴡᴀɴᴅ §6- 10.0x in auction for 1500000.
[21:08:36] > Ryzxc added x1 §f§l§8B§x§6§6§6§6§6§6a§x§7§7§7§7§7§7h§x§8§8§8§8§8§8a§x§9§9§9§9§9§9m§7u§x§9§9§9§9§9§9t§x§8§8§8§8§8§8 §x§7§7§7§7§7§7H§x§6§6§6§6§6§6o§8e in auction for 150000.
[21:08:37] > Zaiil added x1 §x§F§F§5§5§0§0§lsᴇʟʟᴡᴀɴᴅ §6- 5.0x in auction for 500000.
[21:08:38] > Dentatsu added x1 §x§F§F§5§5§0§0§lsᴇʟʟᴡᴀɴᴅ §6- 5.0x in auction for 300000.
[21:08:47] > Ryzxc added x1 §f§l§x§8§A§0§0§F§FS§x§9§9§0§0§D§Bh§x§A§8§0§0§B§6i§x§B§7§0§0§9§2n§x§C§6§0§0§6§De§x§D§5§0§0§4§9 §x§E§4§0§0§2§4O§x§F§3§0§0§0§0n§x§E§4§0§0§2§4i§x§D§5§0§0§4§9 §x§C§6§0§0§6§DB§x§B§7§0§0§9§2o§x§A§8§0§0§B§6o§x§9§9§0§0§D§Bt§x§8§A§0§0§F§Fs in auction for 1000000.
[21:08:54] > namerikangel buy x1 §x§F§F§5§5§0§0§lsᴇʟʟᴡᴀɴᴅ §6- 5.0x to Dentatsu for $300,000.
[21:08:55] > .AppriXD buy x1 §f§l§x§8§A§0§0§F§FS§x§9§9§0§0§D§Bh§x§A§8§0§0§B§6i§x§B§7§0§0§9§2n§x§C§6§0§0§6§De§x§D§5§0§0§4§9 §x§E§4§0§0§2§4O§x§F§3§0§0§0§0n§x§E§4§0§0§2§4i§x§D§5§0§0§4§9 §x§C§6§0§0§6§DB§x§B§7§0§0§9§2o§x§A§8§0§0§B§6o§x§9§9§0§0§D§Bt§x§8§A§0§0§F§Fs to Ryzxc for $1,000,000.
[21:08:58] > Wemmbuo added x1 §f§l§8B§x§6§1§6§1§6§1a§x§6§D§6§D§6§Dh§x§7§9§7§9§7§9a§x§8§6§8§6§8§6m§x§9§2§9§2§9§2u§x§9§E§9§E§9§Et§7 §x§9§E§9§E§9§EH§x§9§2§9§2§9§2a§x§8§6§8§6§8§6l§x§7§9§7§9§7§9b§x§6§D§6§D§6§De§x§6§1§6§1§6§1r§8d in auction for 800000.
[21:09:00] > .JoshuaCraft9422 buy x1 §f§l§8B§x§6§6§6§6§6§6a§x§7§7§7§7§7§7h§x§8§8§8§8§8§8a§x§9§9§9§9§9§9m§7u§x§9§9§9§9§9§9t§x§8§8§8§8§8§8 §x§7§7§7§7§7§7H§x§6§6§6§6§6§6o§8e to Ryzxc for $150,000.
[21:09:03] > Zaiil remove x1 §f§l§x§8§A§0§0§F§FS§x§9§C§0§0§D§5h§x§A§D§0§0§A§Ai§x§B§F§0§0§8§0n§x§D§0§0§0§5§5e§x§E§2§0§0§2§B §x§F§3§0§0§0§0O§x§E§2§0§0§2§An§x§D§0§0§0§5§5i§x§B§F§0§0§8§0 §x§A§D§0§0§A§AA§x§9§C§0§0§D§5x§x§8§A§0§0§F§Fe from storage
[21:09:05] > namerikangel remove x2 Lodestone from buy
[21:09:05] > Takeremu added x1 §f§l§x§8§A§0§0§F§FS§x§9§6§0§0§E§3h§x§A§1§0§0§C§6i§x§A§D§0§0§A§An§x§B§9§0§0§8§Ee§x§C§4§0§0§7§1 §x§D§0§0§0§5§5O§x§D§C§0§0§3§9n§x§E§7§0§0§1§Ci§x§F§3§0§0§0§0 §x§E§7§0§0§1§CB§x§D§C§0§0§3§9i§x§D§0§0§0§5§5g§x§C§4§0§0§7§1 §x§B§9§0§0§8§ES§x§A§D§0§0§A§Aw§x§A§1§0§0§C§6o§x§9§6§0§0§E§3r§x§8§A§0§0§F§Fd in auction for 1000000.
[21:09:06] > namerikangel remove x1 §x§F§F§5§5§0§0§lsᴇʟʟᴡᴀɴᴅ §6- 5.0x from buy
[21:09:20] > Zaiil added x1 §f§l§x§8§A§0§0§F§FS§x§9§C§0§0§D§5h§x§A§D§0§0§A§Ai§x§B§F§0§0§8§0n§x§D§0§0§0§5§5e§x§E§2§0§0§2§B §x§F§3§0§0§0§0O§x§E§2§0§0§2§An§x§D§0§0§0§5§5i§x§B§F§0§0§8§0 §x§A§D§0§0§A§AA§x§9§C§0§0§D§5x§x§8§A§0§0§F§Fe in auction for 1500000.
[21:09:27] > Kodakoda added x1 §x§F§F§5§5§0§0§lsᴇʟʟᴡᴀɴᴅ §6- 5.0x in auction for 500000.
[21:09:44] > .AppriXD remove x1 §x§F§F§5§5§0§0§lsᴇʟʟᴡᴀɴᴅ §6- 10.0x from storage
[21:09:47] > Kodakoda added x1 §f§l§8B§x§6§4§6§4§6§4a§x§7§4§7§4§7§4h§x§8§3§8§3§8§3a§x§9§3§9§3§9§3m§x§A§2§A§2§A§2ut§x§9§3§9§3§9§3 §x§8§3§8§3§8§3M§x§7§4§7§4§7§4a§x§6§4§6§4§6§4c§8e in auction for 750000.
[21:09:50] > .AppriXD remove x1 §x§F§F§5§5§0§0§lsᴇʟʟᴡᴀɴᴅ §6- 10.0x from expire
[21:09:53] > EnderDragon0120 added x1 §x§F§F§5§5§0§0§lsᴇʟʟᴡᴀɴᴅ §6- 5.0x in auction for 650000.
[21:10:09] > .AppriXD added x1 §x§F§F§5§5§0§0§lsᴇʟʟᴡᴀɴᴅ §6- 10.0x in auction for 1300000.
[21:10:09] > EnderDragon0120 added x1 §x§F§F§5§5§0§0§lsᴇʟʟᴡᴀɴᴅ §6- 5.0x in auction for 600000.
[21:10:09] > Kodakoda remove x1 §f§l§8B§x§6§4§6§4§6§4a§x§7§4§7§4§7§4h§x§8§3§8§3§8§3a§x§9§3§9§3§9§3m§x§A§2§A§2§A§2ut§x§9§3§9§3§9§3 §x§8§3§8§3§8§3M§x§7§4§7§4§7§4a§x§6§4§6§4§6§4c§8e from storage
[21:10:14] > Zaiil remove x1 §x§F§F§5§5§0§0§lsᴇʟʟᴡᴀɴᴅ §6- 5.0x from storage
[21:10:14] > yxsin112 buy x1 §x§E§5§1§B§1§B§lDracula Shovel to Kokiqi for $150,000.
[21:10:14] > difconfused buy x1 §x§F§F§5§5§0§0§lsᴇʟʟᴡᴀɴᴅ §6- 10.0x to .AppriXD for $1,300,000.
[21:10:15] > Zaiil remove x1 §x§F§F§5§5§0§0§lsᴇʟʟᴡᴀɴᴅ §6- 10.0x from storage
[21:10:21] > Kodakoda added x1 §f§l§8B§x§6§4§6§4§6§4a§x§7§4§7§4§7§4h§x§8§3§8§3§8§3a§x§9§3§9§3§9§3m§x§A§2§A§2§A§2ut§x§9§3§9§3§9§3 §x§8§3§8§3§8§3M§x§7§4§7§4§7§4a§x§6§4§6§4§6§4c§8e in auction for 500000.
[21:10:21] > Blinkrzz added x1 §x§F§F§3§E§0§0§lSellwand Voucher in auction for 800000.
[21:10:28] > .AppriXD buy x1 §f§l§8B§x§6§4§6§4§6§4a§x§7§4§7§4§7§4h§x§8§3§8§3§8§3a§x§9§3§9§3§9§3m§x§A§2§A§2§A§2ut§x§9§3§9§3§9§3 §x§8§3§8§3§8§3M§x§7§4§7§4§7§4a§x§6§4§6§4§6§4c§8e to Kodakoda for $500,000.
[21:10:34] > .AppriXD buy x1 §x§F§F§3§E§0§0§lSellwand Voucher to Blinkrzz for $800,000.
[21:10:36] > Dentatsu added x1 §x§F§F§5§5§0§0§lsᴇʟʟᴡᴀɴᴅ §6- 10.0x in auction for 1250000.
[21:10:40] > Johng10910 added x1 §f§x§D§0§D§0§D§0J§x§C§9§C§9§C§9e§x§C§2§C§2§C§2t§x§B§B§B§B§B§B §x§B§3§B§3§B§3P§x§A§C§A§C§A§Ci§x§A§5§A§5§A§5l§x§9§E§9§E§9§Eo§x§9§7§9§7§9§7t§x§9§0§9§0§9§0 §x§8§9§8§9§8§9H§x§8§2§8§2§8§2e§x§7§A§7§A§7§Al§x§7§3§7§3§7§3m§x§6§C§6§C§6§Ce§x§6§5§6§5§6§5t in auction for 10000.
[21:10:41] > koshie buy x1 §x§F§F§5§5§0§0§lsᴇʟʟᴡᴀɴᴅ §6- 10.0x to Dentatsu for $1,250,000.
[21:10:47] > .AppriXD buy x1 §f§x§D§0§D§0§D§0J§x§C§9§C§9§C§9e§x§C§2§C§2§C§2t§x§B§B§B§B§B§B §x§B§3§B§3§B§3P§x§A§C§A§C§A§Ci§x§A§5§A§5§A§5l§x§9§E§9§E§9§Eo§x§9§7§9§7§9§7t§x§9§0§9§0§9§0 §x§8§9§8§9§8§9H§x§8§2§8§2§8§2e§x§7§A§7§A§7§Al§x§7§3§7§3§7§3m§x§6§C§6§C§6§Ce§x§6§5§6§5§6§5t to Johng10910 for $10,000.
[21:10:47] > meevgang777 added x1 §f§l§8B§x§6§4§6§4§6§4a§x§7§4§7§4§7§4h§x§8§3§8§3§8§3a§x§9§3§9§3§9§3m§x§A§2§A§2§A§2ut§x§9§3§9§3§9§3 §x§8§3§8§3§8§3C§x§7§4§7§4§7§4l§x§6§4§6§4§6§4u§8b in auction for 600000.
[21:10:51] > Dentatsu added x1 §x§F§F§5§5§0§0§lsᴇʟʟᴡᴀɴᴅ §6- 10.0x in auction for 1250000.
[21:10:51] > Kjsilent7591 buy x1 5x Sellhand to Fogstrap for $350,000.
[21:10:54] > koshie buy x1 §x§F§F§5§5§0§0§lsᴇʟʟᴡᴀɴᴅ §6- 10.0x to Dentatsu for $1,250,000.
[21:11:06] > .AppriXD remove x1 §x§E§5§1§B§1§B§lDracula Fishing from buy
[21:11:06] > .AppriXD remove x1 Music disc otherside from buy
[21:11:07] > Kodakoda added x1 Diamond axe in auction for 100000.
[21:11:07] > .AppriXD remove x1 §f§l§x§8§A§0§0§F§FS§x§9§9§0§0§D§Bh§x§A§8§0§0§B§6i§x§B§7§0§0§9§2n§x§C§6§0§0§6§De§x§D§5§0§0§4§9 §x§E§4§0§0§2§4O§x§F§3§0§0§0§0n§x§E§4§0§0§2§4i§x§D§5§0§0§4§9 §x§C§6§0§0§6§DB§x§B§7§0§0§9§2o§x§A§8§0§0§B§6o§x§9§9§0§0§D§Bt§x§8§A§0§0§F§Fs from buy
[21:11:08] > .AppriXD remove x1 §f§l§8B§x§6§4§6§4§6§4a§x§7§4§7§4§7§4h§x§8§3§8§3§8§3a§x§9§3§9§3§9§3m§x§A§2§A§2§A§2ut§x§9§3§9§3§9§3 §x§8§3§8§3§8§3M§x§7§4§7§4§7§4a§x§6§4§6§4§6§4c§8e from buy
[21:11:09] > .AppriXD remove x1 §x§F§F§3§E§0§0§lSellwand Voucher from buy
[21:11:09] > .AppriXD remove x1 §f§x§D§0§D§0§D§0J§x§C§9§C§9§C§9e§x§C§2§C§2§C§2t§x§B§B§B§B§B§B §x§B§3§B§3§B§3P§x§A§C§A§C§A§Ci§x§A§5§A§5§A§5l§x§9§E§9§E§9§Eo§x§9§7§9§7§9§7t§x§9§0§9§0§9§0 §x§8§9§8§9§8§9H§x§8§2§8§2§8§2e§x§7§A§7§A§7§Al§x§7§3§7§3§7§3m§x§6§C§6§C§6§Ce§x§6§5§6§5§6§5t from buy
[21:11:10] > Wemmbuo added x1 §x§F§F§3§E§0§0§lSellwand Voucher in auction for 15000.
[21:11:10] > yxsin112 buy x1 §x§E§5§1§B§1§B§lDracula Shovel to .JoshuaCraft9422 for $200,000.
[21:11:13] > koshie buy x1 §x§F§F§3§E§0§0§lSellwand Voucher to Wemmbuo for $15,000.
[21:11:20] > Kjsilent7591 remove x1 5x Sellhand from buy
[21:11:31] > bombayto buy x1 Diamond axe to Kodakoda for $100,000.
[21:11:38] > Dentatsu added x1 §x§F§F§5§5§0§0§lsᴇʟʟᴡᴀɴᴅ §6- 10.0x in auction for 1250000.
[21:11:39] > .AppriXD added x1 §x§F§F§5§5§0§0§lsᴇʟʟᴡᴀɴᴅ §6- 5.0x in auction for 300000.
[21:11:43] > ry9191 buy x1 §x§F§F§5§5§0§0§lsᴇʟʟᴡᴀɴᴅ §6- 5.0x to .AppriXD for $300,000.
[21:11:44] > koshie buy x1 §x§F§F§5§5§0§0§lsᴇʟʟᴡᴀɴᴅ §6- 10.0x to Dentatsu for $1,250,000.
[21:11:54] > prollysmor added x1 §x§F§F§5§5§0§0§lsᴇʟʟᴡᴀɴᴅ §6- 5.0x in auction for 300000.
[21:11:57] > namerikangel buy x1 §x§F§F§5§5§0§0§lsᴇʟʟᴡᴀɴᴅ §6- 5.0x to prollysmor for $300,000.
[21:12:03] > Dentatsu added x1 §x§F§F§5§5§0§0§lsᴇʟʟᴡᴀɴᴅ §6- 20.0x in auction for 2500000.
[21:12:06] > koshie buy x1 §x§F§F§5§5§0§0§lsᴇʟʟᴡᴀɴᴅ §6- 20.0x to Dentatsu for $2,500,000.
[21:12:07] > Icon_Skully remove x1 §f§l§x§8§A§0§0§F§FS§x§9§8§0§0§D§Dh§x§A§6§0§0§B§Bi§x§B§4§0§0§9§9n§x§C§2§0§0§7§7e§x§D§0§0§0§5§5 §x§D§E§0§0§3§3O§x§E§C§0§0§1§1ni§x§D§E§0§0§3§3 §x§D§0§0§0§5§5S§x§C§2§0§0§7§7h§x§B§4§0§0§9§9o§x§A§6§0§0§B§Bv§x§9§8§0§0§D§De§x§8§A§0§0§F§Fl from buy
[21:12:07] > ry9191 remove x1 §x§F§F§5§5§0§0§lsᴇʟʟᴡᴀɴᴅ §6- 5.0x from buy
[21:12:08] > Wemmbuo remove x1 §f§l§8B§x§6§1§6§1§6§1a§x§6§D§6§D§6§Dh§x§7§9§7§9§7§9a§x§8§6§8§6§8§6m§x§9§2§9§2§9§2u§x§9§E§9§E§9§Et§7 §x§9§E§9§E§9§EH§x§9§2§9§2§9§2a§x§8§6§8§6§8§6l§x§7§9§7§9§7§9b§x§6§D§6§D§6§De§x§6§1§6§1§6§1r§8d from storage
[21:12:20] > EnderDragon0120 added x1 §x§F§F§7§C§0§0§lSteamsparks Pickaxe in auction for 200000.
[21:12:32] > EnderDragon0120 added x1 §x§E§5§1§B§1§B§lDracula Leggings in auction for 100000.
[21:12:45] > Kaynn added x1 Enchanted book in auction for 2000000.
[21:13:34] > Icon_Skully added x1 §x§F§F§5§5§0§0§lsᴇʟʟᴡᴀɴᴅ §6- 5.0x in auction for 450000.
[21:13:38] > ry9191 remove x1 §f§l§x§8§A§0§0§F§FS§x§9§C§0§0§D§5h§x§A§D§0§0§A§Ai§x§B§F§0§0§8§0n§x§D§0§0§0§5§5e§x§E§2§0§0§2§B §x§F§3§0§0§0§0O§x§E§2§0§0§2§An§x§D§0§0§0§5§5i§x§B§F§0§0§8§0 §x§A§D§0§0§A§AB§x§9§C§0§0§D§5o§x§8§A§0§0§F§Fw from storage
[21:13:39] > ry9191 remove x1 §f§l§x§8§A§0§0§F§FS§x§9§5§0§0§E§4h§x§A§0§0§0§C§9i§x§A§B§0§0§A§En§x§B§6§0§0§9§4e§x§C§1§0§0§7§9 §x§C§C§0§0§5§EO§x§D§7§0§0§4§3n§x§E§2§0§0§2§8i§x§E§D§0§0§0§D B§x§E§2§0§0§2§8a§x§D§7§0§0§4§3t§x§C§C§0§0§5§Et§x§C§1§0§0§7§9l§x§B§6§0§0§9§4e§x§A§B§0§0§A§E §x§A§0§0§0§C§9A§x§9§5§0§0§E§4x§x§8§A§0§0§F§Fe from storage
[21:13:39] > ry9191 remove x1 §f§l§x§8§A§0§0§F§FS§x§9§C§0§0§D§5h§x§A§D§0§0§A§Ai§x§B§F§0§0§8§0n§x§D§0§0§0§5§5e§x§E§2§0§0§2§B §x§F§3§0§0§0§0O§x§E§2§0§0§2§An§x§D§0§0§0§5§5i§x§B§F§0§0§8§0 §x§A§D§0§0§A§AB§x§9§C§0§0§D§5o§x§8§A§0§0§F§Fw from storage
[21:13:39] > ry9191 remove x1 §f§l§8B§x§6§6§6§6§6§6a§x§7§7§7§7§7§7h§x§8§8§8§8§8§8a§x§9§9§9§9§9§9m§7u§x§9§9§9§9§9§9t§x§8§8§8§8§8§8 §x§7§7§7§7§7§7B§x§6§6§6§6§6§6o§8w from storage
[21:13:39] > ry9191 remove x1 §f§l§x§8§A§0§0§F§FS§x§9§C§0§0§D§5h§x§A§D§0§0§A§Ai§x§B§F§0§0§8§0n§x§D§0§0§0§5§5e§x§E§2§0§0§2§B §x§F§3§0§0§0§0O§x§E§2§0§0§2§An§x§D§0§0§0§5§5i§x§B§F§0§0§8§0 §x§A§D§0§0§A§AB§x§9§C§0§0§D§5o§x§8§A§0§0§F§Fw from storage
[21:14:00] > ry9191 added x1 §f§l§x§8§A§0§0§F§FS§x§9§C§0§0§D§5h§x§A§D§0§0§A§Ai§x§B§F§0§0§8§0n§x§D§0§0§0§5§5e§x§E§2§0§0§2§B §x§F§3§0§0§0§0O§x§E§2§0§0§2§An§x§D§0§0§0§5§5i§x§B§F§0§0§8§0 §x§A§D§0§0§A§AB§x§9§C§0§0§D§5o§x§8§A§0§0§F§Fw in auction for 1000000.
[21:14:07] > koshie buy x1 §f§l§x§8§A§0§0§F§FS§x§9§C§0§0§D§5h§x§A§D§0§0§A§Ai§x§B§F§0§0§8§0n§x§D§0§0§0§5§5e§x§E§2§0§0§2§B §x§F§3§0§0§0§0O§x§E§2§0§0§2§An§x§D§0§0§0§5§5i§x§B§F§0§0§8§0 §x§A§D§0§0§A§AB§x§9§C§0§0§D§5o§x§8§A§0§0§F§Fw to ry9191 for $1,000,000.
[21:14:10] > Icon_Skully added x1 §f§l§8B§x§6§0§6§0§6§0a§x§6§C§6§C§6§Ch§x§7§7§7§7§7§7a§x§8§2§8§2§8§2m§x§8§E§8§E§8§Eu§x§9§9§9§9§9§9t§x§A§4§A§4§A§4 L§x§9§9§9§9§9§9e§x§8§E§8§E§8§Eg§x§8§2§8§2§8§2g§x§7§7§7§7§7§7i§x§6§C§6§C§6§Cn§x§6§0§6§0§6§0g§8s in auction for 550000.
[21:14:14] > ry9191 added x1 §f§l§x§8§A§0§0§F§FS§x§9§5§0§0§E§4h§x§A§0§0§0§C§9i§x§A§B§0§0§A§En§x§B§6§0§0§9§4e§x§C§1§0§0§7§9 §x§C§C§0§0§5§EO§x§D§7§0§0§4§3n§x§E§2§0§0§2§8i§x§E§D§0§0§0§D B§x§E§2§0§0§2§8a§x§D§7§0§0§4§3t§x§C§C§0§0§5§Et§x§C§1§0§0§7§9l§x§B§6§0§0§9§4e§x§A§B§0§0§A§E §x§A§0§0§0§C§9A§x§9§5§0§0§E§4x§x§8§A§0§0§F§Fe in auction for 1000000.
[21:14:18] > .AppriXD buy x1 §f§l§8B§x§6§0§6§0§6§0a§x§6§C§6§C§6§Ch§x§7§7§7§7§7§7a§x§8§2§8§2§8§2m§x§8§E§8§E§8§Eu§x§9§9§9§9§9§9t§x§A§4§A§4§A§4 L§x§9§9§9§9§9§9e§x§8§E§8§E§8§Eg§x§8§2§8§2§8§2g§x§7§7§7§7§7§7i§x§6§C§6§C§6§Cn§x§6§0§6§0§6§0g§8s to Icon_Skully for $550,000.
[21:14:19] > koshie buy x1 §f§l§x§8§A§0§0§F§FS§x§9§5§0§0§E§4h§x§A§0§0§0§C§9i§x§A§B§0§0§A§En§x§B§6§0§0§9§4e§x§C§1§0§0§7§9 §x§C§C§0§0§5§EO§x§D§7§0§0§4§3n§x§E§2§0§0§2§8i§x§E§D§0§0§0§D B§x§E§2§0§0§2§8a§x§D§7§0§0§4§3t§x§C§C§0§0§5§Et§x§C§1§0§0§7§9l§x§B§6§0§0§9§4e§x§A§B§0§0§A§E §x§A§0§0§0§C§9A§x§9§5§0§0§E§4x§x§8§A§0§0§F§Fe to ry9191 for $1,000,000.
[21:14:21] > .BassSneeze2318 added x1 §x§F§F§5§5§0§0§lsᴇʟʟᴡᴀɴᴅ §6- 5.0x in auction for 5000000.
[21:14:33] > ry9191 added x1 §f§l§x§8§A§0§0§F§FS§x§9§C§0§0§D§5h§x§A§D§0§0§A§Ai§x§B§F§0§0§8§0n§x§D§0§0§0§5§5e§x§E§2§0§0§2§B §x§F§3§0§0§0§0O§x§E§2§0§0§2§An§x§D§0§0§0§5§5i§x§B§F§0§0§8§0 §x§A§D§0§0§A§AB§x§9§C§0§0§D§5o§x§8§A§0§0§F§Fw in auction for 1000000.
[21:14:44] > Malachkite added x1 §x§F§F§5§5§0§0§lsᴇʟʟᴡᴀɴᴅ §6- 20.0x in auction for 200000.
[21:14:47] > .BassSneeze2318 remove x1 §x§F§F§5§5§0§0§lsᴇʟʟᴡᴀɴᴅ §6- 5.0x from storage
[21:14:47] > koshie buy x1 §x§F§F§5§5§0§0§lsᴇʟʟᴡᴀɴᴅ §6- 20.0x to Malachkite for $200,000.
[21:14:47] > yxsin112 buy x1 §x§F§F§7§C§0§0§lSteamsparks Shovel to Renzy01 for $150,000.
[21:14:48] > ry9191 added x1 §f§l§x§8§A§0§0§F§FS§x§9§C§0§0§D§5h§x§A§D§0§0§A§Ai§x§B§F§0§0§8§0n§x§D§0§0§0§5§5e§x§E§2§0§0§2§B §x§F§3§0§0§0§0O§x§E§2§0§0§2§An§x§D§0§0§0§5§5i§x§B§F§0§0§8§0 §x§A§D§0§0§A§AB§x§9§C§0§0§D§5o§x§8§A§0§0§F§Fw in auction for 10000000.
[21:15:02] > Johng10910 remove x1 §2Cauldron Hat from storage
[21:15:05] > ry9191 added x1 §f§l§8B§x§6§6§6§6§6§6a§x§7§7§7§7§7§7h§x§8§8§8§8§8§8a§x§9§9§9§9§9§9m§7u§x§9§9§9§9§9§9t§x§8§8§8§8§8§8 §x§7§7§7§7§7§7B§x§6§6§6§6§6§6o§8w in auction for 200000.
[21:15:08] > Johng10910 added x1 §2Cauldron Hat in auction for 10000.
[21:15:10] > Fogstrap buy x1 §f§l§8B§x§6§6§6§6§6§6a§x§7§7§7§7§7§7h§x§8§8§8§8§8§8a§x§9§9§9§9§9§9m§7u§x§9§9§9§9§9§9t§x§8§8§8§8§8§8 §x§7§7§7§7§7§7B§x§6§6§6§6§6§6o§8w to ry9191 for $200,000.
[21:15:16] > Nathantheslayer buy x1 §2Cauldron Hat to Johng10910 for $10,000.
[21:15:18] > prollysmor added x1 §f§l§8B§x§6§1§6§1§6§1a§x§6§D§6§D§6§Dh§x§7§9§7§9§7§9a§x§8§6§8§6§8§6m§x§9§2§9§2§9§2u§x§9§E§9§E§9§Et§7 §x§9§E§9§E§9§EH§x§9§2§9§2§9§2a§x§8§6§8§6§8§6l§x§7§9§7§9§7§9b§x§6§D§6§D§6§De§x§6§1§6§1§6§1r§8d in auction for 1000000.
[21:15:20] > ry9191 remove x1 §f§l§x§8§A§0§0§F§FS§x§9§C§0§0§D§5h§x§A§D§0§0§A§Ai§x§B§F§0§0§8§0n§x§D§0§0§0§5§5e§x§E§2§0§0§2§B §x§F§3§0§0§0§0O§x§E§2§0§0§2§An§x§D§0§0§0§5§5i§x§B§F§0§0§8§0 §x§A§D§0§0§A§AB§x§9§C§0§0§D§5o§x§8§A§0§0§F§Fw from storage
[21:15:26] > Fogstrap remove x1 §f§l§8B§x§6§6§6§6§6§6a§x§7§7§7§7§7§7h§x§8§8§8§8§8§8a§x§9§9§9§9§9§9m§7u§x§9§9§9§9§9§9t§x§8§8§8§8§8§8 §x§7§7§7§7§7§7B§x§6§6§6§6§6§6o§8w from buy
[21:15:27] > ry9191 added x1 §f§l§x§8§A§0§0§F§FS§x§9§C§0§0§D§5h§x§A§D§0§0§A§Ai§x§B§F§0§0§8§0n§x§D§0§0§0§5§5e§x§E§2§0§0§2§B §x§F§3§0§0§0§0O§x§E§2§0§0§2§An§x§D§0§0§0§5§5i§x§B§F§0§0§8§0 §x§A§D§0§0§A§AB§x§9§C§0§0§D§5o§x§8§A§0§0§F§Fw in auction for 1000000.
[21:15:32] > Wemmbuo added x1 §fDrowned Plushie §6(#30/101) in auction for 10000.
[21:15:37] > .AppriXD buy x1 §fDrowned Plushie §6(#30/101) to Wemmbuo for $10,000.
[21:15:44] > yxsin112 remove x1 §x§E§5§1§B§1§B§lDracula Shovel from buy
[21:15:45] > yxsin112 remove x1 §x§E§5§1§B§1§B§lDracula Shovel from buy
[21:15:45] > yxsin112 remove x1 §x§F§F§7§C§0§0§lSteamsparks Shovel from buy
[21:15:49] > .BassSneeze2318 added x1 §x§F§F§5§5§0§0§lsᴇʟʟᴡᴀɴᴅ §6- 5.0x in auction for 450000.
[21:16:04] > koshie remove x1 §x§F§F§3§E§0§0§lSellwand Voucher from buy
[21:16:14] > NastyPepperoni buy x1 §x§E§5§1§B§1§B§lDracula Halberd to kiyomiuu1 for $100,000.
[21:16:32] > Kaynn remove x1 §x§F§F§3§E§0§0§lSellwand Voucher from storage
[21:16:54] > NastyPepperoni remove x1 §x§E§5§1§B§1§B§lDracula Halberd from buy
[21:16:55] > NastyPepperoni remove x1 §x§F§F§7§C§0§0§lSteamsparks Boots from buy
[21:17:23] > yxsin112 added x1 §x§E§5§1§B§1§B§lDracula Shovel in auction for 450000.
[21:17:53] > Kaynn added x1 §x§F§F§3§E§0§0§lSellwand Voucher in auction for 1000000.
[21:17:56] > Kjsilent7591 buy x1 Enchanted book to quayckeroatsss for $700,000.
[21:18:03] > scarlettti added x1 §x§F§F§3§E§0§0§lSellwand Voucher in auction for 1500000.
[21:18:05] > ry9191 buy x1 §x§F§F§3§E§0§0§lSellwand Voucher to Kaynn for $1,000,000.
[21:18:12] > BlueTea_Official added x1 §f§l§x§8§A§0§0§F§FS§x§9§8§0§0§D§Dh§x§A§6§0§0§B§Bi§x§B§4§0§0§9§9n§x§C§2§0§0§7§7e§x§D§0§0§0§5§5 §x§D§E§0§0§3§3O§x§E§C§0§0§1§1ni§x§D§E§0§0§3§3 §x§D§0§0§0§5§5S§x§C§2§0§0§7§7i§x§B§4§0§0§9§9c§x§A§6§0§0§B§Bk§x§9§8§0§0§D§Dl§x§8§A§0§0§F§Fe in auction for 2500000.
[21:18:14] > Kjsilent7591 remove x1 Enchanted book from buy
[21:18:14] > Icon_Skully remove x1 §x§F§F§5§5§0§0§lsᴇʟʟᴡᴀɴᴅ §6- 5.0x from storage
[21:18:18] > koshie remove x1 §f§l§x§8§A§0§0§F§FS§x§9§C§0§0§D§5h§x§A§D§0§0§A§Ai§x§B§F§0§0§8§0n§x§D§0§0§0§5§5e§x§E§2§0§0§2§B §x§F§3§0§0§0§0O§x§E§2§0§0§2§An§x§D§0§0§0§5§5i§x§B§F§0§0§8§0 §x§A§D§0§0§A§AB§x§9§C§0§0§D§5o§x§8§A§0§0§F§Fw from buy
[21:18:19] > Icon_Skully remove x1 §fShogun Bow from storage
[21:18:20] > koshie remove x1 §f§l§x§8§A§0§0§F§FS§x§9§5§0§0§E§4h§x§A§0§0§0§C§9i§x§A§B§0§0§A§En§x§B§6§0§0§9§4e§x§C§1§0§0§7§9 §x§C§C§0§0§5§EO§x§D§7§0§0§4§3n§x§E§2§0§0§2§8i§x§E§D§0§0§0§D B§x§E§2§0§0§2§8a§x§D§7§0§0§4§3t§x§C§C§0§0§5§Et§x§C§1§0§0§7§9l§x§B§6§0§0§9§4e§x§A§B§0§0§A§E §x§A§0§0§0§C§9A§x§9§5§0§0§E§4x§x§8§A§0§0§F§Fe from buy
[21:18:25] > ry9191 remove x1 §x§F§F§3§E§0§0§lSellwand Voucher from buy
[21:18:26] > yxsin112 added x1 §x§F§F§7§C§0§0§lSteamsparks Shovel in auction for 150000.
[21:18:44] > koshie added x1 §f§l§x§8§A§0§0§F§FS§x§9§5§0§0§E§4h§x§A§0§0§0§C§9i§x§A§B§0§0§A§En§x§B§6§0§0§9§4e§x§C§1§0§0§7§9 §x§C§C§0§0§5§EO§x§D§7§0§0§4§3n§x§E§2§0§0§2§8i§x§E§D§0§0§0§D B§x§E§2§0§0§2§8a§x§D§7§0§0§4§3t§x§C§C§0§0§5§Et§x§C§1§0§0§7§9l§x§B§6§0§0§9§4e§x§A§B§0§0§A§E §x§A§0§0§0§C§9A§x§9§5§0§0§E§4x§x§8§A§0§0§F§Fe in auction for 1500000.
[21:18:48] > BlueTea_Official added x1 §f§l§8B§x§6§4§6§4§6§4a§x§7§4§7§4§7§4h§x§8§3§8§3§8§3a§x§9§3§9§3§9§3m§x§A§2§A§2§A§2ut§x§9§3§9§3§9§3 §x§8§3§8§3§8§3M§x§7§4§7§4§7§4a§x§6§4§6§4§6§4c§8e in auction for 500000.
[21:18:55] > koshie buy x1 §f§l§8B§x§6§4§6§4§6§4a§x§7§4§7§4§7§4h§x§8§3§8§3§8§3a§x§9§3§9§3§9§3m§x§A§2§A§2§A§2ut§x§9§3§9§3§9§3 §x§8§3§8§3§8§3M§x§7§4§7§4§7§4a§x§6§4§6§4§6§4c§8e to BlueTea_Official for $500,000.
[21:19:01] > koshie added x1 §f§l§x§8§A§0§0§F§FS§x§9§C§0§0§D§5h§x§A§D§0§0§A§Ai§x§B§F§0§0§8§0n§x§D§0§0§0§5§5e§x§E§2§0§0§2§B §x§F§3§0§0§0§0O§x§E§2§0§0§2§An§x§D§0§0§0§5§5i§x§B§F§0§0§8§0 §x§A§D§0§0§A§AB§x§9§C§0§0§D§5o§x§8§A§0§0§F§Fw in auction for 1500000.
[21:19:05] > koshie remove x1 §f§l§8B§x§6§4§6§4§6§4a§x§7§4§7§4§7§4h§x§8§3§8§3§8§3a§x§9§3§9§3§9§3m§x§A§2§A§2§A§2ut§x§9§3§9§3§9§3 §x§8§3§8§3§8§3M§x§7§4§7§4§7§4a§x§6§4§6§4§6§4c§8e from buy
[21:19:14] > koshie added x1 §f§l§8B§x§6§4§6§4§6§4a§x§7§4§7§4§7§4h§x§8§3§8§3§8§3a§x§9§3§9§3§9§3m§x§A§2§A§2§A§2ut§x§9§3§9§3§9§3 §x§8§3§8§3§8§3M§x§7§4§7§4§7§4a§x§6§4§6§4§6§4c§8e in auction for 1500000.
[21:19:23] > meevgang777 remove x5 §x§F§C§9§0§5§C§lE§x§E§6§9§C§6§B§lp§x§C§F§A§7§7§A§li§x§B§9§B§3§8§9§lc §x§8§C§C§B§A§7§lC§x§7§5§D§6§B§6§lr§x§5§F§E§2§C§5§la§x§7§9§D§4§B§4§lt§x§9§3§C§7§A§2§le §x§C§8§A§B§7§F§lK§x§E§2§9§E§6§E§le§x§F§C§9§0§5§C§ly from storage
[21:19:37] > Kaynn remove x1 Enchanted book from storage
[21:19:49] > Kaynn added x1 Enchanted book in auction for 1499000.
[21:19:57] > Broodie remove x1 §f§l§8B§x§6§4§6§4§6§4a§x§7§4§7§4§7§4h§x§8§3§8§3§8§3a§x§9§3§9§3§9§3m§x§A§2§A§2§A§2ut§x§9§3§9§3§9§3 §x§8§3§8§3§8§3C§x§7§4§7§4§7§4l§x§6§4§6§4§6§4u§8b from storage
[21:20:09] > Broodie added x1 §f§l§8B§x§6§4§6§4§6§4a§x§7§4§7§4§7§4h§x§8§3§8§3§8§3a§x§9§3§9§3§9§3m§x§A§2§A§2§A§2ut§x§9§3§9§3§9§3 §x§8§3§8§3§8§3C§x§7§4§7§4§7§4l§x§6§4§6§4§6§4u§8b in auction for 1200000.
[21:20:27] > Broodie remove x1 §f§l§8B§x§6§4§6§4§6§4a§x§7§4§7§4§7§4h§x§8§3§8§3§8§3a§x§9§3§9§3§9§3m§x§A§2§A§2§A§2ut§x§9§3§9§3§9§3 §x§8§3§8§3§8§3C§x§7§4§7§4§7§4l§x§6§4§6§4§6§4u§8b from storage
[21:21:01] > koshie remove x1 §x§F§F§5§5§0§0§lsᴇʟʟᴡᴀɴᴅ §6- 20.0x from buy
[21:21:02] > koshie remove x1 §x§F§F§5§5§0§0§lsᴇʟʟᴡᴀɴᴅ §6- 20.0x from buy
[21:21:05] > koshie remove x1 §x§F§F§5§5§0§0§lsᴇʟʟᴡᴀɴᴅ §6- 10.0x from buy
[21:21:05] > koshie remove x1 §x§F§F§5§5§0§0§lsᴇʟʟᴡᴀɴᴅ §6- 10.0x from buy
[21:21:06] > koshie remove x1 §x§F§F§5§5§0§0§lsᴇʟʟᴡᴀɴᴅ §6- 10.0x from buy
[21:22:42] > x1 §x§F§F§7§C§0§0§lSteamsparks Spear on sale by Callistrix has just expired, it goes in the inventory of expired items.
[21:23:02] > Padjibarr added x1 §x§F§F§5§5§0§0§lsᴇʟʟᴡᴀɴᴅ §6- 20.0x in auction for 2200000.
[21:23:05] > ry9191 buy x1 §x§F§F§5§5§0§0§lsᴇʟʟᴡᴀɴᴅ §6- 20.0x to Padjibarr for $2,200,000.
[21:23:21] > ry9191 remove x1 §x§F§F§5§5§0§0§lsᴇʟʟᴡᴀɴᴅ §6- 20.0x from buy
[21:23:33] > yxsin112 added x1 §x§F§F§5§5§0§0§lsᴇʟʟᴡᴀɴᴅ §6- 5.0x in auction for 450000.
[21:24:31] > nachfaust remove x1 §x§F§F§7§C§0§0§lSteamsparks Staff from storage
[21:24:45] > nachfaust added x1 §f§l§x§8§A§0§0§F§FS§x§9§6§0§0§E§1h§x§A§3§0§0§C§3i§x§A§F§0§0§A§5n§x§B§B§0§0§8§7e§x§C§8§0§0§6§9 §x§D§4§0§0§4§BO§x§E§0§0§0§2§Dn§x§E§D§0§0§0§Fi §x§E§0§0§0§2§DL§x§D§4§0§0§4§Be§x§C§8§0§0§6§9g§x§B§B§0§0§8§7g§x§A§F§0§0§A§5i§x§A§3§0§0§C§3n§x§9§6§0§0§E§1g§x§8§A§0§0§F§Fs in auction for 2500000.
[21:24:52] > Fogstrap buy x1 §f§l§x§8§A§0§0§F§FS§x§9§6§0§0§E§1h§x§A§3§0§0§C§3i§x§A§F§0§0§A§5n§x§B§B§0§0§8§7e§x§C§8§0§0§6§9 §x§D§4§0§0§4§BO§x§E§0§0§0§2§Dn§x§E§D§0§0§0§Fi §x§E§0§0§0§2§DL§x§D§4§0§0§4§Be§x§C§8§0§0§6§9g§x§B§B§0§0§8§7g§x§A§F§0§0§A§5i§x§A§3§0§0§C§3n§x§9§6§0§0§E§1g§x§8§A§0§0§F§Fs to nachfaust for $2,500,000.
[21:25:14] > Malachkite added x1 §x§F§F§5§5§0§0§lsᴇʟʟᴡᴀɴᴅ §6- 10.0x in auction for 2000000.
[21:25:20] > Fogstrap buy x1 §x§F§F§5§5§0§0§lsᴇʟʟᴡᴀɴᴅ §6- 10.0x to Malachkite for $2,000,000.
[21:25:27] > Enyara added x1 §x§F§F§5§5§0§0§lsᴇʟʟᴡᴀɴᴅ §6- 5.0x in auction for 400000.
[21:25:57] > Fogstrap added x1 §x§F§F§5§5§0§0§lsᴇʟʟᴡᴀɴᴅ §6- 10.0x in auction for 1200000.
[21:26:06] > koshie buy x1 §x§F§F§5§5§0§0§lsᴇʟʟᴡᴀɴᴅ §6- 10.0x to Fogstrap for $1,200,000.
[21:26:08] > NoClarity added x1 §x§E§5§1§B§1§B§lDracula Shield in auction for 89999.
[21:26:10] > Fogstrap added x1 §x§F§F§5§5§0§0§lsᴇʟʟᴡᴀɴᴅ §6- 10.0x in auction for 1200000.
[21:26:13] > koshie buy x1 §x§F§F§5§5§0§0§lsᴇʟʟᴡᴀɴᴅ §6- 10.0x to Fogstrap for $1,200,000.
[21:26:21] > RebornKimmy buy x1 §x§E§5§1§B§1§B§lDracula Shield to NoClarity for $89,999.
[21:26:27] > nachfaust added x1 §x§F§F§5§5§0§0§lsᴇʟʟᴡᴀɴᴅ §6- 5.0x in auction for 450000.
[21:26:44] > ThatMidnight added x1 §x§F§F§5§5§0§0§lsᴇʟʟᴡᴀɴᴅ §6- 10.0x in auction for 1250000.
[21:27:18] > Malachkite added x1 §f§l§8B§x§6§1§6§1§6§1a§x§6§D§6§D§6§Dh§x§7§9§7§9§7§9a§x§8§6§8§6§8§6m§x§9§2§9§2§9§2u§x§9§E§9§E§9§Et§7 §x§9§E§9§E§9§EH§x§9§2§9§2§9§2a§x§8§6§8§6§8§6l§x§7§9§7§9§7§9b§x§6§D§6§D§6§De§x§6§1§6§1§6§1r§8d in auction for 700000.
[21:27:51] > Fogstrap remove x1 §f§l§x§8§A§0§0§F§FS§x§9§6§0§0§E§1h§x§A§3§0§0§C§3i§x§A§F§0§0§A§5n§x§B§B§0§0§8§7e§x§C§8§0§0§6§9 §x§D§4§0§0§4§BO§x§E§0§0§0§2§Dn§x§E§D§0§0§0§Fi §x§E§0§0§0§2§DL§x§D§4§0§0§4§Be§x§C§8§0§0§6§9g§x§B§B§0§0§8§7g§x§A§F§0§0§A§5i§x§A§3§0§0§C§3n§x§9§6§0§0§E§1g§x§8§A§0§0§F§Fs form buy
[21:27:51] > Fogstrap remove x1 §x§F§F§5§5§0§0§lsᴇʟʟᴡᴀɴᴅ §6- 10.0x form buy
[21:27:53] > Padjibarr added x1 §f§l§x§8§A§0§0§F§FS§x§9§9§0§0§D§Bh§x§A§8§0§0§B§6i§x§B§7§0§0§9§2n§x§C§6§0§0§6§De§x§D§5§0§0§4§9 §x§E§4§0§0§2§4O§x§F§3§0§0§0§0n§x§E§4§0§0§2§4i§x§D§5§0§0§4§9 §x§C§6§0§0§6§DS§x§B§7§0§0§9§2t§x§A§8§0§0§B§6a§x§9§9§0§0§D§Bf§x§8§A§0§0§F§Ff in auction for 1000000.
[21:28:04] > Malachkite remove x1 §f§l§8B§x§6§1§6§1§6§1a§x§6§D§6§D§6§Dh§x§7§9§7§9§7§9a§x§8§6§8§6§8§6m§x§9§2§9§2§9§2u§x§9§E§9§E§9§Et§7 §x§9§E§9§E§9§EH§x§9§2§9§2§9§2a§x§8§6§8§6§8§6l§x§7§9§7§9§7§9b§x§6§D§6§D§6§De§x§6§1§6§1§6§1r§8d from storage
[21:28:09] > Malachkite remove x1 §f§l§8B§x§6§1§6§1§6§1a§x§6§D§6§D§6§Dh§x§7§9§7§9§7§9a§x§8§6§8§6§8§6m§x§9§2§9§2§9§2u§x§9§E§9§E§9§Et§7 §x§9§E§9§E§9§EH§x§9§2§9§2§9§2a§x§8§6§8§6§8§6l§x§7§9§7§9§7§9b§x§6§D§6§D§6§De§x§6§1§6§1§6§1r§8d from expire
[21:28:24] > Malachkite added x1 §f§l§8B§x§6§1§6§1§6§1a§x§6§D§6§D§6§Dh§x§7§9§7§9§7§9a§x§8§6§8§6§8§6m§x§9§2§9§2§9§2u§x§9§E§9§E§9§Et§7 §x§9§E§9§E§9§EH§x§9§2§9§2§9§2a§x§8§6§8§6§8§6l§x§7§9§7§9§7§9b§x§6§D§6§D§6§De§x§6§1§6§1§6§1r§8d in auction for 500000.
[21:28:25] > BlueTea_Official added x1 Sniffer egg in auction for 250000.
[21:29:53] > Malachkite added x1 §f§l§8B§x§6§2§6§2§6§2a§x§6§F§6§F§6§Fh§x§7§C§7§C§7§Ca§x§8§9§8§9§8§9m§x§9§6§9§6§9§6u§x§A§3§A§3§A§3t §x§9§6§9§6§9§6H§x§8§9§8§9§8§9a§x§7§C§7§C§7§Ct§x§6§F§6§F§6§F §x§6§2§6§2§6§2V§82 in auction for 100000.
[21:29:58] > .AppriXD buy x1 §f§l§8B§x§6§2§6§2§6§2a§x§6§F§6§F§6§Fh§x§7§C§7§C§7§Ca§x§8§9§8§9§8§9m§x§9§6§9§6§9§6u§x§A§3§A§3§A§3t §x§9§6§9§6§9§6H§x§8§9§8§9§8§9a§x§7§C§7§C§7§Ct§x§6§F§6§F§6§F §x§6§2§6§2§6§2V§82 to Malachkite for $100,000.
[21:29:59] > NoClarity added x1 §x§F§F§3§E§0§0§lSellwand Voucher in auction for 1100000.
[21:30:16] > KEITHTHEPRO buy x1 §x§F§F§3§E§0§0§lSellwand Voucher to NoClarity for $1,100,000.
[21:30:19] > KEITHTHEPRO remove x1 §x§F§F§3§E§0§0§lSellwand Voucher from buy
[21:30:24] > Malachkite added x1 §f§l§x§8§A§0§0§F§FS§x§9§C§0§0§D§5h§x§A§D§0§0§A§Ai§x§B§F§0§0§8§0n§x§D§0§0§0§5§5e§x§E§2§0§0§2§B §x§F§3§0§0§0§0O§x§E§2§0§0§2§An§x§D§0§0§0§5§5i§x§B§F§0§0§8§0 §x§A§D§0§0§A§AH§x§9§C§0§0§D§5o§x§8§A§0§0§F§Fe in auction for 400000.
[21:30:30] > koshie buy x1 §f§l§x§8§A§0§0§F§FS§x§9§C§0§0§D§5h§x§A§D§0§0§A§Ai§x§B§F§0§0§8§0n§x§D§0§0§0§5§5e§x§E§2§0§0§2§B §x§F§3§0§0§0§0O§x§E§2§0§0§2§An§x§D§0§0§0§5§5i§x§B§F§0§0§8§0 §x§A§D§0§0§A§AH§x§9§C§0§0§D§5o§x§8§A§0§0§F§Fe to Malachkite for $400,000.
[21:30:49] > KEITHTHEPRO added x1 §x§F§F§5§5§0§0§lsᴇʟʟᴡᴀɴᴅ §6- 10.0x in auction for 1200000.
[21:31:43] > Padjibarr added x3 §x§9§8§6§3§E§7§lG§x§9§0§7§5§E§2§lo§x§8§8§8§7§D§D§ld§x§8§0§9§9§D§8§ll§x§7§7§A§C§D§4§ly §x§6§7§D§0§C§A§lC§x§5§F§E§2§C§5§lr§x§6§7§D§0§C§A§la§x§6§F§B§E§C§F§lt§x§7§7§A§C§D§4§le §x§8§8§8§7§D§D§lK§x§9§0§7§5§E§2§le§x§9§8§6§3§E§7§ly in auction for 500000.
[21:31:51] > koshie buy x3 §x§9§8§6§3§E§7§lG§x§9§0§7§5§E§2§lo§x§8§8§8§7§D§D§ld§x§8§0§9§9§D§8§ll§x§7§7§A§C§D§4§ly §x§6§7§D§0§C§A§lC§x§5§F§E§2§C§5§lr§x§6§7§D§0§C§A§la§x§6§F§B§E§C§F§lt§x§7§7§A§C§D§4§le §x§8§8§8§7§D§D§lK§x§9§0§7§5§E§2§le§x§9§8§6§3§E§7§ly to Padjibarr for $500,000.
[21:31:55] > Padjibarr remove x1 §x§F§0§7§A§5§4§lZombie Apocalyptic Baseballbat from expire
[21:32:16] > Abbadex buy x1 §x§F§F§5§5§0§0§lsᴇʟʟᴡᴀɴᴅ §6- 10.0x to KEITHTHEPRO for $1,200,000.
[21:32:19] > Abbadex buy x1 §x§F§F§5§5§0§0§lsᴇʟʟᴡᴀɴᴅ §6- 10.0x to ThatMidnight for $1,250,000.
[21:32:27] > .ripindra8859 buy x1 §x§E§5§1§B§1§B§lDracula Leggings to EnderDragon0120 for $100,000.
[21:32:27] > Malachkite added x64 Diamond in auction for 200000.
[21:32:33] > .AppriXD buy x64 Diamond to Malachkite for $200,000.
[21:33:07] > Malachkite added x28 Diamond in auction for 150000.
[21:33:18] > NoClarity added x1 §x§F§F§5§5§0§0§lsᴇʟʟᴡᴀɴᴅ §6- 5.0x in auction for 499999.
[21:33:30] > magolek_09 buy x1 §f§l§x§8§A§0§0§F§FS§x§9§C§0§0§D§5h§x§A§D§0§0§A§Ai§x§B§F§0§0§8§0n§x§D§0§0§0§5§5e§x§E§2§0§0§2§B §x§F§3§0§0§0§0O§x§E§2§0§0§2§An§x§D§0§0§0§5§5i§x§B§F§0§0§8§0 §x§A§D§0§0§A§AB§x§9§C§0§0§D§5o§x§8§A§0§0§F§Fw to ry9191 for $1,000,000.
[21:33:41] > scarlettti added x1 §7Cemetery Hat in auction for 150000.
[21:34:13] > Malachkite added x1 §f§l§x§8§A§0§0§F§FS§x§9§7§0§0§D§Fh§x§A§4§0§0§B§Fi§x§B§1§0§0§9§Fn§x§B§F§0§0§8§0e§x§C§C§0§0§6§0 §x§D§9§0§0§4§0O§x§E§6§0§0§2§0n§x§F§3§0§0§0§0i§x§E§6§0§0§2§0 §x§D§9§0§0§4§0P§x§C§C§0§0§6§0i§x§B§F§0§0§8§0c§x§B§1§0§0§9§Fk§x§A§4§0§0§B§Fa§x§9§7§0§0§D§Fx§x§8§A§0§0§F§Fe in auction for 3000000.
[21:34:17] > ThatMidnight buy x1 §f§l§x§8§A§0§0§F§FS§x§9§7§0§0§D§Fh§x§A§4§0§0§B§Fi§x§B§1§0§0§9§Fn§x§B§F§0§0§8§0e§x§C§C§0§0§6§0 §x§D§9§0§0§4§0O§x§E§6§0§0§2§0n§x§F§3§0§0§0§0i§x§E§6§0§0§2§0 §x§D§9§0§0§4§0P§x§C§C§0§0§6§0i§x§B§F§0§0§8§0c§x§B§1§0§0§9§Fk§x§A§4§0§0§B§Fa§x§9§7§0§0§D§Fx§x§8§A§0§0§F§Fe to Malachkite for $3,000,000.
[21:34:23] > ThatMidnight remove x1 §f§l§x§8§A§0§0§F§FS§x§9§7§0§0§D§Fh§x§A§4§0§0§B§Fi§x§B§1§0§0§9§Fn§x§B§F§0§0§8§0e§x§C§C§0§0§6§0 §x§D§9§0§0§4§0O§x§E§6§0§0§2§0n§x§F§3§0§0§0§0i§x§E§6§0§0§2§0 §x§D§9§0§0§4§0P§x§C§C§0§0§6§0i§x§B§F§0§0§8§0c§x§B§1§0§0§9§Fk§x§A§4§0§0§B§Fa§x§9§7§0§0§D§Fx§x§8§A§0§0§F§Fe from buy
[21:34:24] > magolek_09 added x1 Netherite ingot in auction for 150000.
[21:34:39] > magolek_09 added x1 Netherite ingot in auction for 150000.
[21:34:48] > NoClarity remove x1 §x§F§F§5§5§0§0§lsᴇʟʟᴡᴀɴᴅ §6- 5.0x form storage
[21:34:51] > Zen0969 buy x1 Netherite ingot to magolek_09 for $150,000.
[21:34:52] > Zen0969 buy x1 Netherite ingot to magolek_09 for $150,000.
[21:34:53] > magolek_09 remove x64 Firework rocket from buy
[21:34:54] > magolek_09 remove x1 §f§l§x§8§A§0§0§F§FS§x§9§C§0§0§D§5h§x§A§D§0§0§A§Ai§x§B§F§0§0§8§0n§x§D§0§0§0§5§5e§x§E§2§0§0§2§B §x§F§3§0§0§0§0O§x§E§2§0§0§2§An§x§D§0§0§0§5§5i§x§B§F§0§0§8§0 §x§A§D§0§0§A§AB§x§9§C§0§0§D§5o§x§8§A§0§0§F§Fw from buy
[21:34:57] > Zen0969 remove x1 Netherite ingot from buy
[21:34:58] > Zen0969 remove x1 Netherite ingot from buy
[21:35:33] > koshie remove x1 §x§F§F§5§5§0§0§lsᴇʟʟᴡᴀɴᴅ §6- 10.0x from buy
[21:35:34] > koshie remove x1 §x§F§F§5§5§0§0§lsᴇʟʟᴡᴀɴᴅ §6- 10.0x from buy
[21:35:35] > magolek_09 added x1 Netherite ingot in auction for 150000.
[21:35:37] > koshie remove x1 §f§l§x§8§A§0§0§F§FS§x§9§C§0§0§D§5h§x§A§D§0§0§A§Ai§x§B§F§0§0§8§0n§x§D§0§0§0§5§5e§x§E§2§0§0§2§B §x§F§3§0§0§0§0O§x§E§2§0§0§2§An§x§D§0§0§0§5§5i§x§B§F§0§0§8§0 §x§A§D§0§0§A§AH§x§9§C§0§0§D§5o§x§8§A§0§0§F§Fe from buy
[21:35:37] > koshie remove x3 §x§9§8§6§3§E§7§lG§x§9§0§7§5§E§2§lo§x§8§8§8§7§D§D§ld§x§8§0§9§9§D§8§ll§x§7§7§A§C§D§4§ly §x§6§7§D§0§C§A§lC§x§5§F§E§2§C§5§lr§x§6§7§D§0§C§A§la§x§6§F§B§E§C§F§lt§x§7§7§A§C§D§4§le §x§8§8§8§7§D§D§lK§x§9§0§7§5§E§2§le§x§9§8§6§3§E§7§ly from buy
[21:35:50] > magolek_09 added x1 Netherite ingot in auction for 150000.
[21:35:53] > koshie added x1 §f§l§x§8§A§0§0§F§FS§x§9§C§0§0§D§5h§x§A§D§0§0§A§Ai§x§B§F§0§0§8§0n§x§D§0§0§0§5§5e§x§E§2§0§0§2§B §x§F§3§0§0§0§0O§x§E§2§0§0§2§An§x§D§0§0§0§5§5i§x§B§F§0§0§8§0 §x§A§D§0§0§A§AH§x§9§C§0§0§D§5o§x§8§A§0§0§F§Fe in auction for 1000000.
[21:36:02] > magolek_09 added x1 Netherite ingot in auction for 150000.
[21:36:08] > koshie added x3 §x§9§8§6§3§E§7§lG§x§9§0§7§5§E§2§lo§x§8§8§8§7§D§D§ld§x§8§0§9§9§D§8§ll§x§7§7§A§C§D§4§ly §x§6§7§D§0§C§A§lC§x§5§F§E§2§C§5§lr§x§6§7§D§0§C§A§la§x§6§F§B§E§C§F§lt§x§7§7§A§C§D§4§le §x§8§8§8§7§D§D§lK§x§9§0§7§5§E§2§le§x§9§8§6§3§E§7§ly in auction for 800000.
[21:36:12] > Zen0969 buy x3 §x§9§8§6§3§E§7§lG§x§9§0§7§5§E§2§lo§x§8§8§8§7§D§D§ld§x§8§0§9§9§D§8§ll§x§7§7§A§C§D§4§ly §x§6§7§D§0§C§A§lC§x§5§F§E§2§C§5§lr§x§6§7§D§0§C§A§la§x§6§F§B§E§C§F§lt§x§7§7§A§C§D§4§le §x§8§8§8§7§D§D§lK§x§9§0§7§5§E§2§le§x§9§8§6§3§E§7§ly to koshie for $800,000.
[21:36:17] > Malachkite added x64 Emerald block in auction for 1000000.
[21:36:35] > magolek_09 added x1 Netherite ingot in auction for 150000.
[21:36:46] > Malachkite remove x64 Emerald block from storage
[21:36:52] > magolek_09 added x1 Netherite ingot in auction for 150000.
[21:38:51] > .VisedSauce5790 added x1 §7Cemetery Hat in auction for 10000.
[21:42:03] > namerikangel added x64 Emerald block in auction for 86400.
[21:42:12] > Johng10910 buy x64 Emerald block to namerikangel for $86,400.
[21:45:52] > x1 §eᴄᴏᴡ sᴘᴀᴡɴᴇʀ, bought by HermesKei, has just expired, the item is definitively deleted.
[21:45:53] > .AppriXD remove x1 §f§l§8B§x§6§0§6§0§6§0a§x§6§C§6§C§6§Ch§x§7§7§7§7§7§7a§x§8§2§8§2§8§2m§x§8§E§8§E§8§Eu§x§9§9§9§9§9§9t§x§A§4§A§4§A§4 L§x§9§9§9§9§9§9e§x§8§E§8§E§8§Eg§x§8§2§8§2§8§2g§x§7§7§7§7§7§7i§x§6§C§6§C§6§Cn§x§6§0§6§0§6§0g§8s from buy
[21:45:54] > .AppriXD remove x1 §fDrowned Plushie §6(#30/101) from buy
[21:45:55] > .AppriXD remove x1 §f§l§8B§x§6§2§6§2§6§2a§x§6§F§6§F§6§Fh§x§7§C§7§C§7§Ca§x§8§9§8§9§8§9m§x§9§6§9§6§9§6u§x§A§3§A§3§A§3t §x§9§6§9§6§9§6H§x§8§9§8§9§8§9a§x§7§C§7§C§7§Ct§x§6§F§6§F§6§F §x§6§2§6§2§6§2V§82 from buy
[21:45:55] > .AppriXD remove x64 Diamond from buy
[21:46:56] > magolek_09 remove x1 Netherite ingot from storage
[21:47:33] > magolek_09 added x8 Netherite ingot in auction for 1300000.
[21:47:57] > Zen0969 buy x8 Netherite ingot to magolek_09 for $1,300,000.
[21:48:02] > Zen0969 remove x8 Netherite ingot from buy
[21:48:03] > Zen0969 remove x3 §x§9§8§6§3§E§7§lG§x§9§0§7§5§E§2§lo§x§8§8§8§7§D§D§ld§x§8§0§9§9§D§8§ll§x§7§7§A§C§D§4§ly §x§6§7§D§0§C§A§lC§x§5§F§E§2§C§5§lr§x§6§7§D§0§C§A§la§x§6§F§B§E§C§F§lt§x§7§7§A§C§D§4§le §x§8§8§8§7§D§D§lK§x§9§0§7§5§E§2§le§x§9§8§6§3§E§7§ly from buy
[21:50:17] > azuyeca remove x64 Golden carrot from buy
[21:52:07] > PumpkinSweetie added x64 Experience bottle in auction for 100000.
[21:53:43] > magolek_09 remove x1 Netherite ingot from storage
[21:53:44] > magolek_09 remove x1 Netherite ingot from storage
[21:53:44] > magolek_09 remove x1 Netherite ingot from storage
[21:53:44] > magolek_09 remove x1 Netherite ingot from storage
[21:53:55] > magolek_09 added x4 Netherite ingot in auction for 700000.
[21:53:59] > Takeremu added x5 §x§F§C§D§0§5§C§lB§x§E§6§D§3§6§B§la§x§C§F§D§5§7§A§ls§x§B§9§D§8§8§9§li§x§A§2§D§A§9§8§lc §x§7§5§D§F§B§6§lC§x§5§F§E§2§C§5§lr§x§7§5§D§F§B§6§la§x§8§C§D§D§A§7§lt§x§A§2§D§A§9§8§le §x§C§F§D§5§7§A§lK§x§E§6§D§3§6§B§le§x§F§C§D§0§5§C§ly in auction for 50000.
[21:54:48] > NoClarity added x1 §f§l§8B§x§6§6§6§6§6§6a§x§7§7§7§7§7§7h§x§8§8§8§8§8§8a§x§9§9§9§9§9§9m§7u§x§9§9§9§9§9§9t§x§8§8§8§8§8§8 §x§7§7§7§7§7§7A§x§6§6§6§6§6§6x§8e in auction for 349999.
[21:55:04] > azuyeca buy x64 Experience bottle to PumpkinSweetie for $100,000.
[21:55:18] > Dentatsu buy x1 §f§l§8B§x§6§6§6§6§6§6a§x§7§7§7§7§7§7h§x§8§8§8§8§8§8a§x§9§9§9§9§9§9m§7u§x§9§9§9§9§9§9t§x§8§8§8§8§8§8 §x§7§7§7§7§7§7A§x§6§6§6§6§6§6x§8e to NoClarity for $349,999.
[21:57:11] > NoClarity added x1 §x§E§5§1§B§1§B§lDracula Shovel in auction for 199999.
[21:58:53] > PumpkinSweetie added x64 Experience bottle in auction for 100000.
[21:59:03] > bombayto buy x64 Experience bottle to PumpkinSweetie for $100,000.
[21:59:13] > bombayto remove x60 Breeze rod from buy
[21:59:13] > bombayto remove x1 Diamond axe from buy
[21:59:14] > bombayto remove x64 Experience bottle from buy
[22:01:11] > Antonie657 remove x1 §x§E§5§1§B§1§B§lDracula Staff from storage
[22:01:31] > Antonie657 added x1 §x§E§5§1§B§1§B§lDracula Staff in auction for 150000.
[22:03:05] > magolek_09 remove x4 Netherite ingot from storage
[22:03:20] > Antonie657 remove x1 §f§l§x§F§C§D§0§5§CW§x§F§B§B§0§4§Eu§x§F§9§9§0§4§0k§x§F§8§7§0§3§2o§x§F§6§5§0§2§3n§x§F§5§3§0§1§5g§x§F§4§1§0§0§7 H§x§F§5§3§0§1§5a§x§F§6§5§0§2§3l§x§F§8§7§0§3§2b§x§F§9§9§0§4§0e§x§F§B§B§0§4§Er§x§F§C§D§0§5§Cd from storage
[22:03:26] > Antonie657 remove x1 §f§l§x§F§C§D§0§5§CW§x§F§B§B§0§4§Eu§x§F§9§9§0§4§0k§x§F§8§7§0§3§2o§x§F§6§5§0§2§3n§x§F§5§3§0§1§5g§x§F§4§1§0§0§7 H§x§F§5§3§0§1§5a§x§F§6§5§0§2§3l§x§F§8§7§0§3§2b§x§F§9§9§0§4§0e§x§F§B§B§0§4§Er§x§F§C§D§0§5§Cd from expire
[22:03:37] > Antonie657 added x1 §f§l§x§F§C§D§0§5§CW§x§F§B§B§0§4§Eu§x§F§9§9§0§4§0k§x§F§8§7§0§3§2o§x§F§6§5§0§2§3n§x§F§5§3§0§1§5g§x§F§4§1§0§0§7 H§x§F§5§3§0§1§5a§x§F§6§5§0§2§3l§x§F§8§7§0§3§2b§x§F§9§9§0§4§0e§x§F§B§B§0§4§Er§x§F§C§D§0§5§Cd in auction for 750000.
[22:03:55] > magolek_09 remove x4 Netherite ingot from expire
[22:04:06] > magolek_09 added x4 Netherite ingot in auction for 600000.
[22:05:06] > Antonie657 remove x1 §f§l§8B§x§6§4§6§4§6§4a§x§7§4§7§4§7§4h§x§8§3§8§3§8§3a§x§9§3§9§3§9§3m§x§A§2§A§2§A§2ut§x§9§3§9§3§9§3 §x§8§3§8§3§8§3C§x§7§4§7§4§7§4l§x§6§4§6§4§6§4u§8b from storage
[22:05:11] > Antonie657 remove x1 §f§l§8B§x§6§4§6§4§6§4a§x§7§4§7§4§7§4h§x§8§3§8§3§8§3a§x§9§3§9§3§9§3m§x§A§2§A§2§A§2ut§x§9§3§9§3§9§3 §x§8§3§8§3§8§3C§x§7§4§7§4§7§4l§x§6§4§6§4§6§4u§8b form expire
[22:05:28] > Antonie657 added x1 §f§l§8B§x§6§4§6§4§6§4a§x§7§4§7§4§7§4h§x§8§3§8§3§8§3a§x§9§3§9§3§9§3m§x§A§2§A§2§A§2ut§x§9§3§9§3§9§3 §x§8§3§8§3§8§3C§x§7§4§7§4§7§4l§x§6§4§6§4§6§4u§8b in auction for 550000.
[22:20:35] > bombayto buy x1 §f§l§x§8§A§0§0§F§FS§x§9§C§0§0§D§5h§x§A§D§0§0§A§Ai§x§B§F§0§0§8§0n§x§D§0§0§0§5§5e§x§E§2§0§0§2§B §x§F§3§0§0§0§0O§x§E§2§0§0§2§An§x§D§0§0§0§5§5i§x§B§F§0§0§8§0 §x§A§D§0§0§A§AA§x§9§C§0§0§D§5x§x§8§A§0§0§F§Fe to Zaiil for $1,500,000.
[22:20:40] > bombayto remove x1 §f§l§x§8§A§0§0§F§FS§x§9§C§0§0§D§5h§x§A§D§0§0§A§Ai§x§B§F§0§0§8§0n§x§D§0§0§0§5§5e§x§E§2§0§0§2§B §x§F§3§0§0§0§0O§x§E§2§0§0§2§An§x§D§0§0§0§5§5i§x§B§F§0§0§8§0 §x§A§D§0§0§A§AA§x§9§C§0§0§D§5x§x§8§A§0§0§F§Fe from buy
[22:25:36] > PumpkinSweetie added x64 Experience bottle in auction for 100000.
[22:25:47] > PumpkinSweetie added x64 Experience bottle in auction for 100000.
[22:29:44] > .AppriXD buy x64 Experience bottle to PumpkinSweetie for $100,000.
[22:29:52] > .AppriXD buy x64 Experience bottle to PumpkinSweetie for $100,000.
[22:29:57] > .AppriXD remove x64 Experience bottle from buy
[22:29:58] > .AppriXD remove x64 Experience bottle from buy
[22:36:21] > Antonie657 remove x1 §f§l§8B§x§6§4§6§4§6§4a§x§7§4§7§4§7§4h§x§8§3§8§3§8§3a§x§9§3§9§3§9§3m§x§A§2§A§2§A§2ut§x§9§3§9§3§9§3 §x§8§3§8§3§8§3C§x§7§4§7§4§7§4l§x§6§4§6§4§6§4u§8b from storage
[22:36:26] > Antonie657 remove x1 §f§l§8B§x§6§4§6§4§6§4a§x§7§4§7§4§7§4h§x§8§3§8§3§8§3a§x§9§3§9§3§9§3m§x§A§2§A§2§A§2ut§x§9§3§9§3§9§3 §x§8§3§8§3§8§3C§x§7§4§7§4§7§4l§x§6§4§6§4§6§4u§8b from expire
[22:36:37] > Antonie657 added x1 §f§l§8B§x§6§4§6§4§6§4a§x§7§4§7§4§7§4h§x§8§3§8§3§8§3a§x§9§3§9§3§9§3m§x§A§2§A§2§A§2ut§x§9§3§9§3§9§3 §x§8§3§8§3§8§3C§x§7§4§7§4§7§4l§x§6§4§6§4§6§4u§8b in auction for 500000.
[22:36:59] > Takeremu remove x1 §f§l§x§8§A§0§0§F§FS§x§9§9§0§0§D§Bh§x§A§8§0§0§B§6i§x§B§7§0§0§9§2n§x§C§6§0§0§6§De§x§D§5§0§0§4§9 §x§E§4§0§0§2§4O§x§F§3§0§0§0§0n§x§E§4§0§0§2§4i§x§D§5§0§0§4§9 §x§C§6§0§0§6§DS§x§B§7§0§0§9§2t§x§A§8§0§0§B§6a§x§9§9§0§0§D§Bf§x§8§A§0§0§F§Ff from storage
[22:40:31] > NoClarity remove x1 §x§E§5§1§B§1§B§lDracula Shovel form storage
[22:40:40] > NoClarity added x1 §x§E§5§1§B§1§B§lDracula Shovel in auction for 99999.
[22:40:58] > Padjibarr added x1 Shulker box in auction for 50000.
[22:41:14] > HPMR_GaMerz buy x1 Shulker box to Padjibarr for $50,000.
[22:41:20] > HPMR_GaMerz buy x1 §7Cemetery Hat to .VisedSauce5790 for $10,000.
[22:42:32] > meevgang777 remove x1 §f§l§8B§x§6§4§6§4§6§4a§x§7§4§7§4§7§4h§x§8§3§8§3§8§3a§x§9§3§9§3§9§3m§x§A§2§A§2§A§2ut§x§9§3§9§3§9§3 §x§8§3§8§3§8§3C§x§7§4§7§4§7§4l§x§6§4§6§4§6§4u§8b from storage
[22:48:17] > Freyaan added x1 §x§F§F§7§C§0§0§lSteamsparks Axe in auction for 750000.
[22:56:19] > Antonie657 remove x1 §f§l§8B§x§6§4§6§4§6§4a§x§7§4§7§4§7§4h§x§8§3§8§3§8§3a§x§9§3§9§3§9§3m§x§A§2§A§2§A§2ut§x§9§3§9§3§9§3 §x§8§3§8§3§8§3C§x§7§4§7§4§7§4l§x§6§4§6§4§6§4u§8b from storage
[22:56:28] > Antonie657 remove x1 §f§l§x§F§C§D§0§5§CW§x§F§B§B§0§4§Eu§x§F§9§9§0§4§0k§x§F§8§7§0§3§2o§x§F§6§5§0§2§3n§x§F§5§3§0§1§5g§x§F§4§1§0§0§7 H§x§F§5§3§0§1§5a§x§F§6§5§0§2§3l§x§F§8§7§0§3§2b§x§F§9§9§0§4§0e§x§F§B§B§0§4§Er§x§F§C§D§0§5§Cd from storage
[22:56:35] > Antonie657 remove x1 §f§l§8B§x§6§4§6§4§6§4a§x§7§4§7§4§7§4h§x§8§3§8§3§8§3a§x§9§3§9§3§9§3m§x§A§2§A§2§A§2ut§x§9§3§9§3§9§3 §x§8§3§8§3§8§3C§x§7§4§7§4§7§4l§x§6§4§6§4§6§4u§8b from expire
[22:56:36] > Antonie657 remove x1 §f§l§x§F§C§D§0§5§CW§x§F§B§B§0§4§Eu§x§F§9§9§0§4§0k§x§F§8§7§0§3§2o§x§F§6§5§0§2§3n§x§F§5§3§0§1§5g§x§F§4§1§0§0§7 H§x§F§5§3§0§1§5a§x§F§6§5§0§2§3l§x§F§8§7§0§3§2b§x§F§9§9§0§4§0e§x§F§B§B§0§4§Er§x§F§C§D§0§5§Cd from expire
[22:56:48] > Antonie657 added x1 §f§l§x§F§C§D§0§5§CW§x§F§B§B§0§4§Eu§x§F§9§9§0§4§0k§x§F§8§7§0§3§2o§x§F§6§5§0§2§3n§x§F§5§3§0§1§5g§x§F§4§1§0§0§7 H§x§F§5§3§0§1§5a§x§F§6§5§0§2§3l§x§F§8§7§0§3§2b§x§F§9§9§0§4§0e§x§F§B§B§0§4§Er§x§F§C§D§0§5§Cd in auction for 700000.
[22:57:02] > Padjibarr remove x1 §f§l§x§8§A§0§0§F§FS§x§9§9§0§0§D§Bh§x§A§8§0§0§B§6i§x§B§7§0§0§9§2n§x§C§6§0§0§6§De§x§D§5§0§0§4§9 §x§E§4§0§0§2§4O§x§F§3§0§0§0§0n§x§E§4§0§0§2§4i§x§D§5§0§0§4§9 §x§C§6§0§0§6§DS§x§B§7§0§0§9§2t§x§A§8§0§0§B§6a§x§9§9§0§0§D§Bf§x§8§A§0§0§F§Ff from storage
[22:57:02] > Antonie657 added x1 §f§l§8B§x§6§4§6§4§6§4a§x§7§4§7§4§7§4h§x§8§3§8§3§8§3a§x§9§3§9§3§9§3m§x§A§2§A§2§A§2ut§x§9§3§9§3§9§3 §x§8§3§8§3§8§3C§x§7§4§7§4§7§4l§x§6§4§6§4§6§4u§8b in auction for 450000.
[22:57:13] > Takeremu remove x5 §x§F§C§D§0§5§C§lB§x§E§6§D§3§6§B§la§x§C§F§D§5§7§A§ls§x§B§9§D§8§8§9§li§x§A§2§D§A§9§8§lc §x§7§5§D§F§B§6§lC§x§5§F§E§2§C§5§lr§x§7§5§D§F§B§6§la§x§8§C§D§D§A§7§lt§x§A§2§D§A§9§8§le §x§C§F§D§5§7§A§lK§x§E§6§D§3§6§B§le§x§F§C§D§0§5§C§ly from storage
[22:57:14] > Takeremu remove x26 §x§F§C§9§0§5§C§lE§x§E§6§9§C§6§B§lp§x§C§F§A§7§7§A§li§x§B§9§B§3§8§9§lc §x§8§C§C§B§A§7§lC§x§7§5§D§6§B§6§lr§x§5§F§E§2§C§5§la§x§7§9§D§4§B§4§lt§x§9§3§C§7§A§2§le §x§C§8§A§B§7§F§lK§x§E§2§9§E§6§E§le§x§F§C§9§0§5§C§ly from storage
[22:57:14] > Takeremu remove x12 §x§F§C§9§0§5§C§lE§x§E§6§9§C§6§B§lp§x§C§F§A§7§7§A§li§x§B§9§B§3§8§9§lc §x§8§C§C§B§A§7§lC§x§7§5§D§6§B§6§lr§x§5§F§E§2§C§5§la§x§7§9§D§4§B§4§lt§x§9§3§C§7§A§2§le §x§C§8§A§B§7§F§lK§x§E§2§9§E§6§E§le§x§F§C§9§0§5§C§ly from storage
[22:57:22] > Padjibarr remove x1 §f§l§x§8§A§0§0§F§FS§x§9§9§0§0§D§Bh§x§A§8§0§0§B§6i§x§B§7§0§0§9§2n§x§C§6§0§0§6§De§x§D§5§0§0§4§9 §x§E§4§0§0§2§4O§x§F§3§0§0§0§0n§x§E§4§0§0§2§4i§x§D§5§0§0§4§9 §x§C§6§0§0§6§DS§x§B§7§0§0§9§2t§x§A§8§0§0§B§6a§x§9§9§0§0§D§Bf§x§8§A§0§0§F§Ff from expire
[22:57:35] > Padjibarr added x1 §f§l§x§8§A§0§0§F§FS§x§9§9§0§0§D§Bh§x§A§8§0§0§B§6i§x§B§7§0§0§9§2n§x§C§6§0§0§6§De§x§D§5§0§0§4§9 §x§E§4§0§0§2§4O§x§F§3§0§0§0§0n§x§E§4§0§0§2§4i§x§D§5§0§0§4§9 §x§C§6§0§0§6§DS§x§B§7§0§0§9§2t§x§A§8§0§0§B§6a§x§9§9§0§0§D§Bf§x§8§A§0§0§F§Ff in auction for 800000.
[22:57:41] > koshie buy x1 §f§l§x§8§A§0§0§F§FS§x§9§9§0§0§D§Bh§x§A§8§0§0§B§6i§x§B§7§0§0§9§2n§x§C§6§0§0§6§De§x§D§5§0§0§4§9 §x§E§4§0§0§2§4O§x§F§3§0§0§0§0n§x§E§4§0§0§2§4i§x§D§5§0§0§4§9 §x§C§6§0§0§6§DS§x§B§7§0§0§9§2t§x§A§8§0§0§B§6a§x§9§9§0§0§D§Bf§x§8§A§0§0§F§Ff to Padjibarr for $800,000.
[23:02:57] > NastyPepperoni added x1 Enchanted book in auction for 1500.
[23:03:11] > Torrr buy x1 Enchanted book to NastyPepperoni for $1,500.
[23:03:12] > NastyPepperoni added x1 Enchanted book in auction for 1500.
[23:03:29] > NastyPepperoni added x1 Enchanted book in auction for 1500.
[23:03:41] > NastyPepperoni added x1 Enchanted book in auction for 1500.
[23:03:47] > Torrr remove x1 Enchanted book form buy
[23:06:17] > Keeos buy x1 Enchanted book to NastyPepperoni for $1,500.
[23:08:14] > Keeos remove x1 Enchanted book from buy
[23:12:09] > Kodakoda added x1 Diamond boots in auction for 50000.
[23:12:21] > Antonie657 buy x1 Enchanted book to NastyPepperoni for $1,500.
[23:12:23] > Antonie657 buy x1 Enchanted book to NastyPepperoni for $1,500.
[23:12:28] > Kodakoda added x1 Diamond helmet in auction for 25000.
[23:12:39] > Kodakoda remove x1 Diamond boots from storage
[23:12:50] > Kodakoda added x1 Diamond boots in auction for 25000.
[23:13:03] > Antonie657 remove x1 Enchanted book from buy
[23:13:04] > Antonie657 remove x1 Enchanted book from buy
[23:17:01] > auvicious added x1 §x§F§F§7§C§0§0§lSteamsparks Boots in auction for 200000.
[23:17:19] > auvicious added x1 §x§F§F§7§C§0§0§lSteamsparks Helmet in auction for 200000.
[23:17:46] > meevgang777 added x1 §x§F§0§7§A§5§4§lZombie Apocalyptic Key in auction for 150000.
[23:18:49] > auvicious added x1 §x§5§9§A§1§D§9§lA§x§7§1§A§E§D§Er§x§8§8§B§C§E§4c§x§A§0§C§9§E§9h§x§B§8§D§7§E§Fa§x§D§0§E§4§F§4n§x§E§7§F§2§F§Ag§fe§x§E§7§F§2§F§Al §x§B§8§D§7§E§FB§x§A§0§C§9§E§9o§x§8§8§B§C§E§4o§x§7§1§A§E§D§Et§x§5§9§A§1§D§9s in auction for 2000000.
[23:19:50] > Ryzxc buy x4 Netherite ingot to magolek_09 for $600,000.
[23:19:56] > magolek_09 buy x1 Dracula to anneyong for $999,999.
[23:20:18] > Ryzxc remove x1 Enchanted book from buy
[23:20:20] > Ryzxc remove x4 Netherite ingot from buy
[23:20:22] > magolek_09 remove x1 Dracula from buy
[23:20:25] > Ryzxc remove x64 Iron block from buy
[23:20:26] > Ryzxc remove x64 Stone from buy
[23:20:27] > Ryzxc remove x64 Simple XP source from buy
[23:20:27] > Ryzxc remove x64 Lead from buy
[23:20:33] > NoClarity remove x1 §x§E§5§1§B§1§B§lDracula Shovel form storage
[23:20:40] > NoClarity added x1 §x§E§5§1§B§1§B§lDracula Shovel in auction for 99999.
[23:21:17] > NoClarity added x1 §x§F§F§5§5§0§0§lsᴇʟʟᴡᴀɴᴅ §6- 5.0x in auction for 549999.
[23:25:49] > NoClarity remove x1 §x§F§F§5§5§0§0§lsᴇʟʟᴡᴀɴᴅ §6- 5.0x from storage
[23:26:00] > NoClarity added x1 §x§F§F§5§5§0§0§lsᴇʟʟᴡᴀɴᴅ §6- 5.0x in auction for 444444.
[23:27:00] > NoClarity remove x1 §x§E§5§1§B§1§B§lDracula Shovel from storage
[23:27:07] > NoClarity added x1 §x§E§5§1§B§1§B§lDracula Shovel in auction for 75000.
[23:31:34] > Kaynn added x1 §x§F§F§3§E§0§0§lSellwand Voucher in auction for 1499000.
[23:31:41] > magolek_09 added x1 §x§F§F§5§5§0§0§lsᴇʟʟᴡᴀɴᴅ §6- 10.0x in auction for 110000.
[23:31:45] > magolek_09 remove x1 §x§F§F§5§5§0§0§lsᴇʟʟᴡᴀɴᴅ §6- 10.0x from storage
[23:31:54] > magolek_09 added x1 §x§F§F§5§5§0§0§lsᴇʟʟᴡᴀɴᴅ §6- 10.0x in auction for 1100000.
[23:32:00] > koshie buy x1 §x§F§F§5§5§0§0§lsᴇʟʟᴡᴀɴᴅ §6- 10.0x to magolek_09 for $1,100,000.
[23:32:14] > auvicious added x1 §fSun Visor Hat in auction for 50000.
[23:32:17] > Kodakoda added x1 §2Franck in auction for 25000.
[23:32:35] > Panda_Nooba added x5 §x§F§C§D§0§5§C§lB§x§E§6§D§3§6§B§la§x§C§F§D§5§7§A§ls§x§B§9§D§8§8§9§li§x§A§2§D§A§9§8§lc §x§7§5§D§F§B§6§lC§x§5§F§E§2§C§5§lr§x§7§5§D§F§B§6§la§x§8§C§D§D§A§7§lt§x§A§2§D§A§9§8§le §x§C§F§D§5§7§A§lK§x§E§6§D§3§6§B§le§x§F§C§D§0§5§C§ly in auction for 20000.
[23:33:21] > meevgang777 added x1 §fGarden Hat in auction for 50000.
[23:33:25] > Panda_Nooba added x1 §x§F§F§7§C§0§0§lSteamsparks Shield in auction for 35000.
[23:33:35] > namerikangel buy x1 §x§F§F§7§C§0§0§lSteamsparks Shield to Panda_Nooba for $35,000.
[23:33:53] > namerikangel remove x1 §x§F§F§5§5§0§0§lsᴇʟʟᴡᴀɴᴅ §6- 5.0x from buy
[23:33:55] > namerikangel remove x1 §x§F§F§7§C§0§0§lSteamsparks Shield from buy
[23:34:35] > 8it5inn added x1 §f§l§x§8§A§0§0§F§FS§x§9§6§0§0§E§1h§x§A§3§0§0§C§3i§x§A§F§0§0§A§5n§x§B§B§0§0§8§7e§x§C§8§0§0§6§9 §x§D§4§0§0§4§BO§x§E§0§0§0§2§Dn§x§E§D§0§0§0§Fi §x§E§0§0§0§2§DL§x§D§4§0§0§4§Be§x§C§8§0§0§6§9g§x§B§B§0§0§8§7g§x§A§F§0§0§A§5i§x§A§3§0§0§C§3n§x§9§6§0§0§E§1g§x§8§A§0§0§F§Fs in auction for 3500000.
[23:34:55] > Panda_Nooba added x1 §fHorse Plushie §6(#45/101) in auction for 3000.
[23:35:00] > 8it5inn buy x1 §fHorse Plushie §6(#45/101) to Panda_Nooba for $3,000.
[23:35:06] > Panda_Nooba added x1 §fCat Plushie (Ragdoll) §6(#19/101) in auction for 6000.
[23:35:09] > namerikangel buy x1 §fCat Plushie (Ragdoll) §6(#19/101) to Panda_Nooba for $6,000.
[23:35:31] > 8it5inn added x1 §f§l§8B§x§6§3§6§3§6§3a§x§7§1§7§1§7§1h§x§8§0§8§0§8§0a§x§8§E§8§E§8§Em§x§9§C§9§C§9§Cu§7t§x§9§C§9§C§9§C §x§8§E§8§E§8§EW§x§8§0§8§0§8§0i§x§7§1§7§1§7§1n§x§6§3§6§3§6§3g§8s in auction for 10000000.
[23:35:37] > Kodakoda added x1 §fVex Plushie §6(#89/101) in auction for 12000.
[23:35:42] > namerikangel buy x1 §fVex Plushie §6(#89/101) to Kodakoda for $12,000.
[23:35:55] > Kodakoda added x1 §fEnderman Plushie §6(#33/101) in auction for 12000.
[23:35:57] > 8it5inn remove x1 §x§F§F§3§E§0§0§lDemon Lord Wings form storage
[23:35:57] > 8it5inn remove x1 §f§l§8B§x§6§6§6§6§6§6a§x§7§7§7§7§7§7h§x§8§8§8§8§8§8a§x§9§9§9§9§9§9m§7u§x§9§9§9§9§9§9t§x§8§8§8§8§8§8 §x§7§7§7§7§7§7B§x§6§6§6§6§6§6o§8w form storage
[23:35:57] > 8it5inn remove x1 §f§l§x§8§A§0§0§F§FS§x§9§6§0§0§E§1h§x§A§3§0§0§C§3i§x§A§F§0§0§A§5n§x§B§B§0§0§8§7e§x§C§8§0§0§6§9 §x§D§4§0§0§4§BO§x§E§0§0§0§2§Dn§x§E§D§0§0§0§Fi §x§E§0§0§0§2§DL§x§D§4§0§0§4§Be§x§C§8§0§0§6§9g§x§B§B§0§0§8§7g§x§A§F§0§0§A§5i§x§A§3§0§0§C§3n§x§9§6§0§0§E§1g§x§8§A§0§0§F§Fs form storage
[23:35:57] > 8it5inn remove x1 §f§l§8B§x§6§3§6§3§6§3a§x§7§1§7§1§7§1h§x§8§0§8§0§8§0a§x§8§E§8§E§8§Em§x§9§C§9§C§9§Cu§7t§x§9§C§9§C§9§C §x§8§E§8§E§8§EW§x§8§0§8§0§8§0i§x§7§1§7§1§7§1n§x§6§3§6§3§6§3g§8s form storage
[23:35:57] > 8it5inn remove x1 §x§F§F§5§5§0§0§lsᴇʟʟᴡᴀɴᴅ §6- 5.0x form storage
[23:35:58] > namerikangel buy x1 §fEnderman Plushie §6(#33/101) to Kodakoda for $12,000.
[23:36:27] > 8it5inn added x1 §x§F§F§3§E§0§0§lDemon Lord Wings in auction for 4500000.
[23:36:36] > ZenNova_ buy x64 Packed ice to Ryzxc for $1,000.
[23:36:50] > 8it5inn added x1 §f§l§8B§x§6§6§6§6§6§6a§x§7§7§7§7§7§7h§x§8§8§8§8§8§8a§x§9§9§9§9§9§9m§7u§x§9§9§9§9§9§9t§x§8§8§8§8§8§8 §x§7§7§7§7§7§7B§x§6§6§6§6§6§6o§8w in auction for 325000.
[23:37:24] > ZenNova_ remove x64 Packed ice from buy
[23:37:32] > 8it5inn added x1 §f§l§8B§x§6§3§6§3§6§3a§x§7§1§7§1§7§1h§x§8§0§8§0§8§0a§x§8§E§8§E§8§Em§x§9§C§9§C§9§Cu§7t§x§9§C§9§C§9§C §x§8§E§8§E§8§EW§x§8§0§8§0§8§0i§x§7§1§7§1§7§1n§x§6§3§6§3§6§3g§8s in auction for 5000000.
[23:37:37] > 8it5inn remove x1 §x§F§F§3§E§0§0§lDemon Lord Wings from storage
[23:38:28] > HPMR_GaMerz remove x1 §x§F§F§3§E§0§0§lD§x§F§F§3§7§0§0§le§x§F§F§3§0§0§0§lm§x§F§F§2§9§0§0§lo§x§F§F§2§2§0§0§ln §x§F§F§1§5§0§0§lL§x§F§F§0§E§0§0§lo§x§F§F§0§7§0§0§lr§x§F§F§0§0§0§0§ld §x§F§F§0§E§0§0§lF§x§F§F§1§5§0§0§lr§x§F§F§1§C§0§0§la§x§F§F§2§2§0§0§lg§x§F§F§2§9§0§0§lm§x§F§F§3§0§0§0§le§x§F§F§3§7§0§0§ln§x§F§F§3§E§0§0§lt from expire
[23:38:29] > HPMR_GaMerz remove x1 §x§F§F§3§E§0§0§lD§x§F§F§3§7§0§0§le§x§F§F§3§0§0§0§lm§x§F§F§2§9§0§0§lo§x§F§F§2§2§0§0§ln §x§F§F§1§5§0§0§lL§x§F§F§0§E§0§0§lo§x§F§F§0§7§0§0§lr§x§F§F§0§0§0§0§ld §x§F§F§0§E§0§0§lF§x§F§F§1§5§0§0§lr§x§F§F§1§C§0§0§la§x§F§F§2§2§0§0§lg§x§F§F§2§9§0§0§lm§x§F§F§3§0§0§0§le§x§F§F§3§7§0§0§ln§x§F§F§3§E§0§0§lt from expire
[23:38:29] > HPMR_GaMerz remove x2 §x§F§F§3§E§0§0§lD§x§F§F§3§7§0§0§le§x§F§F§3§0§0§0§lm§x§F§F§2§9§0§0§lo§x§F§F§2§2§0§0§ln §x§F§F§1§5§0§0§lL§x§F§F§0§E§0§0§lo§x§F§F§0§7§0§0§lr§x§F§F§0§0§0§0§ld §x§F§F§0§E§0§0§lF§x§F§F§1§5§0§0§lr§x§F§F§1§C§0§0§la§x§F§F§2§2§0§0§lg§x§F§F§2§9§0§0§lm§x§F§F§3§0§0§0§le§x§F§F§3§7§0§0§ln§x§F§F§3§E§0§0§lt from expire
[23:38:30] > HPMR_GaMerz remove x18 §x§F§F§3§E§0§0§lD§x§F§F§3§7§0§0§le§x§F§F§3§0§0§0§lm§x§F§F§2§9§0§0§lo§x§F§F§2§2§0§0§ln §x§F§F§1§5§0§0§lL§x§F§F§0§E§0§0§lo§x§F§F§0§7§0§0§lr§x§F§F§0§0§0§0§ld §x§F§F§0§E§0§0§lF§x§F§F§1§5§0§0§lr§x§F§F§1§C§0§0§la§x§F§F§2§2§0§0§lg§x§F§F§2§9§0§0§lm§x§F§F§3§0§0§0§le§x§F§F§3§7§0§0§ln§x§F§F§3§E§0§0§lt from expire
[23:38:30] > HPMR_GaMerz remove x1 Labubu from expire
[23:40:09] > grit_zy added x28 Wind charge in auction for 69696969696.
[23:40:14] > grit_zy remove x28 Wind charge from storage
[23:41:00] > grit_zy added x4 Bone in auction for 2020200202.
[23:41:05] > grit_zy remove x4 Bone from storage
[23:42:11] > 8it5inn added x1 §x§F§F§5§5§0§0§lsᴇʟʟᴡᴀɴᴅ §6- 5.0x in auction for 435000.
[23:42:34] > 8it5inn remove x1 §f§l§8B§x§6§6§6§6§6§6a§x§7§7§7§7§7§7h§x§8§8§8§8§8§8a§x§9§9§9§9§9§9m§7u§x§9§9§9§9§9§9t§x§8§8§8§8§8§8 §x§7§7§7§7§7§7B§x§6§6§6§6§6§6o§8w from storage
[23:42:43] > 8it5inn added x1 §f§l§8B§x§6§6§6§6§6§6a§x§7§7§7§7§7§7h§x§8§8§8§8§8§8a§x§9§9§9§9§9§9m§7u§x§9§9§9§9§9§9t§x§8§8§8§8§8§8 §x§7§7§7§7§7§7B§x§6§6§6§6§6§6o§8w in auction for 200000.
[23:43:01] > 8it5inn added x1 §f§l§x§8§A§0§0§F§FS§x§9§6§0§0§E§1h§x§A§3§0§0§C§3i§x§A§F§0§0§A§5n§x§B§B§0§0§8§7e§x§C§8§0§0§6§9 §x§D§4§0§0§4§BO§x§E§0§0§0§2§Dn§x§E§D§0§0§0§Fi §x§E§0§0§0§2§DL§x§D§4§0§0§4§Be§x§C§8§0§0§6§9g§x§B§B§0§0§8§7g§x§A§F§0§0§A§5i§x§A§3§0§0§C§3n§x§9§6§0§0§E§1g§x§8§A§0§0§F§Fs in auction for 2000000.
[23:43:12] > 8it5inn added x1 §f§x§6§B§2§C§C§6G§x§7§0§3§2§C§Ca§x§7§5§3§8§D§2l§x§7§A§3§E§D§8a§x§7§F§4§4§D§Ex§x§8§4§4§9§E§5y§x§8§9§4§F§E§B §x§8§E§5§5§F§1H§x§9§3§5§B§F§7a§x§9§8§6§1§F§Dt in auction for 23000.
[23:44:28] > .Allxnzv buy x1 §f§x§6§B§2§C§C§6G§x§7§0§3§2§C§Ca§x§7§5§3§8§D§2l§x§7§A§3§E§D§8a§x§7§F§4§4§D§Ex§x§8§4§4§9§E§5y§x§8§9§4§F§E§B §x§8§E§5§5§F§1H§x§9§3§5§B§F§7a§x§9§8§6§1§F§Dt to 8it5inn for $23,000.
[23:44:36] > .Allxnzv remove x1 §f§x§6§B§2§C§C§6G§x§7§0§3§2§C§Ca§x§7§5§3§8§D§2l§x§7§A§3§E§D§8a§x§7§F§4§4§D§Ex§x§8§4§4§9§E§5y§x§8§9§4§F§E§B §x§8§E§5§5§F§1H§x§9§3§5§B§F§7a§x§9§8§6§1§F§Dt from buy
[23:44:46] > 8it5inn remove x1 §x§F§F§3§E§0§0§lDemon Lord Wings from expire
[23:45:08] > 8it5inn added x1 §x§F§F§3§E§0§0§lDemon Lord Wings in auction for 5000000.
[23:58:13] > auvicious remove x1 §fSun Visor Hat from storage
[23:58:25] > auvicious added x1 plushieesss ❤ (dm for offers if u want) in auction for 4000000.
[23:59:01] > PumpkinSweetie added x64 Experience bottle in auction for 100000.
[23:59:41] > .AppriXD buy x1 §x§F§0§7§A§5§4§lZombie Apocalyptic Key to meevgang777 for $150,000.
[00:02:25] > nachfaust remove x1 §x§E§5§1§B§1§B§lDracula Shield from storage
[00:02:26] > nachfaust remove x1 §x§5§9§A§1§D§9§lA§x§7§5§B§1§D§Fr§x§9§0§C§0§E§6c§x§A§C§D§0§E§Ch§x§C§8§E§0§F§2a§x§E§3§E§F§F§9n§fg§x§E§3§E§F§F§9e§x§C§8§E§0§F§2l §x§9§0§C§0§E§6B§x§7§5§B§1§D§Fo§x§5§9§A§1§D§9w from storage
[00:02:27] > nachfaust remove x1 §f§l§8B§x§6§6§6§6§6§6a§x§7§7§7§7§7§7h§x§8§8§8§8§8§8a§x§9§9§9§9§9§9m§7u§x§9§9§9§9§9§9t§x§8§8§8§8§8§8 §x§7§7§7§7§7§7H§x§6§6§6§6§6§6a§8t from storage
[00:02:39] > nachfaust added x1 §f§l§x§8§A§0§0§F§FS§x§9§9§0§0§D§Bh§x§A§8§0§0§B§6i§x§B§7§0§0§9§2n§x§C§6§0§0§6§De§x§D§5§0§0§4§9 §x§E§4§0§0§2§4O§x§F§3§0§0§0§0n§x§E§4§0§0§2§4i§x§D§5§0§0§4§9 §x§C§6§0§0§6§DW§x§B§7§0§0§9§2i§x§A§8§0§0§B§6n§x§9§9§0§0§D§Bg§x§8§A§0§0§F§Fs in auction for 8000000.
[00:03:03] > nachfaust added x1 §x§F§F§5§5§0§0§lsᴇʟʟᴡᴀɴᴅ §6- 5.0x in auction for 450000.
[00:03:25] > NoClarity buy x1 Diamond helmet to Kodakoda for $25,000.
[00:03:38] > nachfaust added x1 §x§5§9§A§1§D§9§lA§x§7§5§B§1§D§Fr§x§9§0§C§0§E§6c§x§A§C§D§0§E§Ch§x§C§8§E§0§F§2a§x§E§3§E§F§F§9n§fg§x§E§3§E§F§F§9e§x§C§8§E§0§F§2l §x§9§0§C§0§E§6B§x§7§5§B§1§D§Fo§x§5§9§A§1§D§9w in auction for 700000.
[00:03:42] > NoClarity buy x1 Diamond boots to Kodakoda for $25,000.
[00:04:03] > NoClarity remove x1 Diamond boots from buy
[00:04:03] > NoClarity remove x1 Diamond helmet from buy
[00:07:41] > giyahnpogi added x1 Enchanted book in auction for 50000.
[00:08:04] > .AppriXD buy x1 §f§l§x§8§A§0§0§F§FS§x§9§6§0§0§E§1h§x§A§3§0§0§C§3i§x§A§F§0§0§A§5n§x§B§B§0§0§8§7e§x§C§8§0§0§6§9 §x§D§4§0§0§4§BO§x§E§0§0§0§2§Dn§x§E§D§0§0§0§Fi §x§E§0§0§0§2§DL§x§D§4§0§0§4§Be§x§C§8§0§0§6§9g§x§B§B§0§0§8§7g§x§A§F§0§0§A§5i§x§A§3§0§0§C§3n§x§9§6§0§0§E§1g§x§8§A§0§0§F§Fs to 8it5inn for $2,000,000.
[00:08:28] > .AppriXD remove x1 §f§l§x§8§A§0§0§F§FS§x§9§6§0§0§E§1h§x§A§3§0§0§C§3i§x§A§F§0§0§A§5n§x§B§B§0§0§8§7e§x§C§8§0§0§6§9 §x§D§4§0§0§4§BO§x§E§0§0§0§2§Dn§x§E§D§0§0§0§Fi §x§E§0§0§0§2§DL§x§D§4§0§0§4§Be§x§C§8§0§0§6§9g§x§B§B§0§0§8§7g§x§A§F§0§0§A§5i§x§A§3§0§0§C§3n§x§9§6§0§0§E§1g§x§8§A§0§0§F§Fs from buy
[00:08:29] > .AppriXD remove x1 §x§F§0§7§A§5§4§lZombie Apocalyptic Key from buy
[00:09:18] > _BAAM added x1 §x§F§F§3§E§0§0§lD§x§F§F§3§6§0§0§le§x§F§F§2§F§0§0§lm§x§F§F§2§7§0§0§lo§x§F§F§1§F§0§0§ln §x§F§F§1§0§0§0§lL§x§F§F§0§8§0§0§lo§x§F§F§0§0§0§0§lr§x§F§F§0§8§0§0§ld §x§F§F§1§7§0§0§lH§x§F§F§1§F§0§0§le§x§F§F§2§7§0§0§ll§x§F§F§2§F§0§0§lm§x§F§F§3§6§0§0§le§x§F§F§3§E§0§0§lt in auction for 2500000.
[00:14:34] > NoClarity remove x1 §x§F§F§5§5§0§0§lsᴇʟʟᴡᴀɴᴅ §6- 5.0x from storage
[00:14:46] > NoClarity added x1 §x§F§F§5§5§0§0§lsᴇʟʟᴡᴀɴᴅ §6- 5.0x in auction for 400000.
[00:25:16] > giyahnpogi added x3 §x§3§4§9§8§D§Bꜱᴋᴇʟᴇᴛᴏɴ ꜱᴘᴀᴡɴᴇʀ in auction for 4000000.
[00:25:21] > ThatMidnight buy x3 §x§3§4§9§8§D§Bꜱᴋᴇʟᴇᴛᴏɴ ꜱᴘᴀᴡɴᴇʀ to giyahnpogi for $4,000,000.
[00:25:27] > ThatMidnight remove x3 §x§3§4§9§8§D§Bꜱᴋᴇʟᴇᴛᴏɴ ꜱᴘᴀᴡɴᴇʀ from buy
[00:36:38] > giyahnpogi buy x1 White shulker box to Zen0969 for $450,000.
[00:36:44] > giyahnpogi remove x1 White shulker box from buy
[00:36:48] > giyahnpogi remove x1 §f§l§x§8§A§0§0§F§FS§x§9§9§0§0§D§Bh§x§A§8§0§0§B§6i§x§B§7§0§0§9§2n§x§C§6§0§0§6§De§x§D§5§0§0§4§9 §x§E§4§0§0§2§4O§x§F§3§0§0§0§0n§x§E§4§0§0§2§4i§x§D§5§0§0§4§9 §x§C§6§0§0§6§DS§x§B§7§0§0§9§2p§x§A§8§0§0§B§6e§x§9§9§0§0§D§Ba§x§8§A§0§0§F§Fr from buy
[00:37:41] > scarlettti buy x1 §x§F§F§3§E§0§0§lD§x§F§F§3§8§0§0§le§x§F§F§3§2§0§0§lm§x§F§F§2§B§0§0§lo§x§F§F§2§5§0§0§ln §x§F§F§1§9§0§0§lL§x§F§F§1§3§0§0§lo§x§F§F§0§C§0§0§lr§x§F§F§0§6§0§0§ld §x§F§F§0§6§0§0§lB§x§F§F§0§C§0§0§la§x§F§F§1§3§0§0§lt§x§F§F§1§9§0§0§lt§x§F§F§1§F§0§0§ll§x§F§F§2§5§0§0§le §x§F§F§3§2§0§0§lA§x§F§F§3§8§0§0§lx§x§F§F§3§E§0§0§le to Julene for $550,000.
[00:37:46] > scarlettti remove x1 §x§F§F§3§E§0§0§lD§x§F§F§3§8§0§0§le§x§F§F§3§2§0§0§lm§x§F§F§2§B§0§0§lo§x§F§F§2§5§0§0§ln §x§F§F§1§9§0§0§lL§x§F§F§1§3§0§0§lo§x§F§F§0§C§0§0§lr§x§F§F§0§6§0§0§ld §x§F§F§0§6§0§0§lB§x§F§F§0§C§0§0§la§x§F§F§1§3§0§0§lt§x§F§F§1§9§0§0§lt§x§F§F§1§F§0§0§ll§x§F§F§2§5§0§0§le §x§F§F§3§2§0§0§lA§x§F§F§3§8§0§0§lx§x§F§F§3§E§0§0§le from buy
[00:39:30] > .VisedSauce5790 added x64 Firework rocket in auction for 15000.
[00:39:43] > .VisedSauce5790 added x64 Firework rocket in auction for 15000.
[00:40:51] > .VisedSauce5790 added x61 Firework rocket in auction for 15000.
[00:43:08] > auvicious remove x1 §x§F§F§7§C§0§0§lSteamsparks Helmet from storage
[00:43:18] > auvicious added x1 §f§l§8B§x§6§2§6§2§6§2a§x§6§F§6§F§6§Fh§x§7§C§7§C§7§Ca§x§8§9§8§9§8§9m§x§9§6§9§6§9§6u§x§A§3§A§3§A§3t §x§9§6§9§6§9§6H§x§8§9§8§9§8§9a§x§7§C§7§C§7§Ct§x§6§F§6§F§6§F §x§6§2§6§2§6§2V§82 in auction for 600000.
[00:46:49] > scarlettti buy x1 §f§l§x§8§A§0§0§F§FS§x§9§6§0§0§E§3h§x§A§1§0§0§C§6i§x§A§D§0§0§A§An§x§B§9§0§0§8§Ee§x§C§4§0§0§7§1 §x§D§0§0§0§5§5O§x§D§C§0§0§3§9n§x§E§7§0§0§1§Ci§x§F§3§0§0§0§0 §x§E§7§0§0§1§CB§x§D§C§0§0§3§9i§x§D§0§0§0§5§5g§x§C§4§0§0§7§1 §x§B§9§0§0§8§ES§x§A§D§0§0§A§Aw§x§A§1§0§0§C§6o§x§9§6§0§0§E§3r§x§8§A§0§0§F§Fd to Takeremu for $1,000,000.
[00:46:56] > scarlettti remove x1 §f§l§x§8§A§0§0§F§FS§x§9§6§0§0§E§3h§x§A§1§0§0§C§6i§x§A§D§0§0§A§An§x§B§9§0§0§8§Ee§x§C§4§0§0§7§1 §x§D§0§0§0§5§5O§x§D§C§0§0§3§9n§x§E§7§0§0§1§Ci§x§F§3§0§0§0§0 §x§E§7§0§0§1§CB§x§D§C§0§0§3§9i§x§D§0§0§0§5§5g§x§C§4§0§0§7§1 §x§B§9§0§0§8§ES§x§A§D§0§0§A§Aw§x§A§1§0§0§C§6o§x§9§6§0§0§E§3r§x§8§A§0§0§F§Fd from buy
[00:52:15] > Ryzxc added x1 Shulker box in auction for 50000.
[00:52:32] > 8it5inn remove x1 §f§l§8B§x§6§3§6§3§6§3a§x§7§1§7§1§7§1h§x§8§0§8§0§8§0a§x§8§E§8§E§8§Em§x§9§C§9§C§9§Cu§7t§x§9§C§9§C§9§C §x§8§E§8§E§8§EW§x§8§0§8§0§8§0i§x§7§1§7§1§7§1n§x§6§3§6§3§6§3g§8s from storage
[00:52:33] > 8it5inn remove x1 §x§F§F§3§E§0§0§lDemon Lord Wings from storage
[00:54:19] > 8it5inn remove x1 §x§F§F§5§5§0§0§lsᴇʟʟᴡᴀɴᴅ §6- 5.0x from storage
[00:54:27] > 8it5inn added x1 §x§F§F§5§5§0§0§lsᴇʟʟᴡᴀɴᴅ §6- 5.0x in auction for 425000.
[01:02:18] > grit_zy buy x1 Shulker box to Ryzxc for $50,000.
[01:02:36] > grit_zy remove x1 Shulker box from buy
[01:30:00] > Ryzxc added x64 Cherry sapling in auction for 1000.
[01:30:10] > FuwaLeaf buy x64 Cherry sapling to Ryzxc for $1,000.
[01:30:15] > Ryzxc added x64 Cherry sapling in auction for 1000.
[01:30:28] > FuwaLeaf remove x64 Cherry sapling from buy
[01:54:19] > NoClarity remove x1 §x§F§F§5§5§0§0§lsᴇʟʟᴡᴀɴᴅ §6- 5.0x from storage
[01:54:30] > NoClarity added x1 §x§F§F§5§5§0§0§lsᴇʟʟᴡᴀɴᴅ §6- 5.0x in auction for 450000.
[01:54:40] > Zypher_0w0 buy x1 §x§F§F§5§5§0§0§lsᴇʟʟᴡᴀɴᴅ §6- 5.0x to NoClarity for $450,000.
[01:54:47] > Zypher_0w0 buy x1 §x§F§F§5§5§0§0§lsᴇʟʟᴡᴀɴᴅ §6- 5.0x to 8it5inn for $425,000.
[01:54:50] > Zypher_0w0 buy x1 §x§F§F§5§5§0§0§lsᴇʟʟᴡᴀɴᴅ §6- 5.0x to nachfaust for $450,000.
[01:55:05] > Zypher_0w0 buy x1 §x§F§F§5§5§0§0§lsᴇʟʟᴡᴀɴᴅ §6- 5.0x to nachfaust for $450,000.
[01:55:10] > Zypher_0w0 buy x1 §x§F§F§5§5§0§0§lsᴇʟʟᴡᴀɴᴅ §6- 5.0x to Enyara for $400,000.
[01:55:14] > Zypher_0w0 buy x1 §x§F§F§5§5§0§0§lsᴇʟʟᴡᴀɴᴅ §6- 5.0x to yxsin112 for $450,000.
[01:55:23] > Zypher_0w0 buy x1 §x§F§F§5§5§0§0§lsᴇʟʟᴡᴀɴᴅ §6- 5.0x to .BassSneeze2318 for $450,000.
[01:55:27] > Zypher_0w0 buy x1 §x§F§F§5§5§0§0§lsᴇʟʟᴡᴀɴᴅ §6- 5.0x to EnderDragon0120 for $600,000.
[01:55:33] > Zypher_0w0 buy x1 §x§F§F§5§5§0§0§lsᴇʟʟᴡᴀɴᴅ §6- 5.0x to Kodakoda for $500,000.
[01:55:40] > Zypher_0w0 buy x1 §x§F§F§5§5§0§0§lsᴇʟʟᴡᴀɴᴅ §6- 5.0x to Kodakoda for $500,000.
[02:02:11] > Ryzxc added x5 §x§F§C§9§0§5§C§lE§x§E§6§9§C§6§B§lp§x§C§F§A§7§7§A§li§x§B§9§B§3§8§9§lc §x§8§C§C§B§A§7§lC§x§7§5§D§6§B§6§lr§x§5§F§E§2§C§5§la§x§7§9§D§4§B§4§lt§x§9§3§C§7§A§2§le §x§C§8§A§B§7§F§lK§x§E§2§9§E§6§E§le§x§F§C§9§0§5§C§ly in auction for 10000.
[02:02:15] > Ryzxc remove x5 §x§F§C§9§0§5§C§lE§x§E§6§9§C§6§B§lp§x§C§F§A§7§7§A§li§x§B§9§B§3§8§9§lc §x§8§C§C§B§A§7§lC§x§7§5§D§6§B§6§lr§x§5§F§E§2§C§5§la§x§7§9§D§4§B§4§lt§x§9§3§C§7§A§2§le §x§C§8§A§B§7§F§lK§x§E§2§9§E§6§E§le§x§F§C§9§0§5§C§ly from storage
[02:02:27] > Ryzxc added x5 §x§F§C§9§0§5§C§lE§x§E§6§9§C§6§B§lp§x§C§F§A§7§7§A§li§x§B§9§B§3§8§9§lc §x§8§C§C§B§A§7§lC§x§7§5§D§6§B§6§lr§x§5§F§E§2§C§5§la§x§7§9§D§4§B§4§lt§x§9§3§C§7§A§2§le §x§C§8§A§B§7§F§lK§x§E§2§9§E§6§E§le§x§F§C§9§0§5§C§ly in auction for 150000.
[02:06:20] > OlikShaman added x1 §e§lCrab Scale in auction for 50000.
[02:08:56] > NoClarity remove x1 §x§E§5§1§B§1§B§lDracula Shovel from storage
[02:09:05] > NoClarity added x1 §x§E§5§1§B§1§B§lDracula Shovel in auction for 99999.
[02:23:46] > Ryzxc added x1 Music disc creator in auction for 100000.
[02:23:53] > Takeremu buy x1 Music disc creator to Ryzxc for $100,000.
[02:23:59] > Takeremu remove x1 Music disc creator from buy
[02:23:59] > Takeremu remove x1 §x§5§F§E§2§C§5Ragnarok Fishing rod from buy
[02:23:59] > Takeremu remove x1 §x§F§F§5§5§0§0§lsᴇʟʟᴡᴀɴᴅ §6- 5.0x from buy
[02:24:03] > Ryzxc added x1 Music disc creator in auction for 200000.
[02:26:00] > Chakuu added x1 §x§F§0§7§A§5§4§lZombie Apocalyptic Key in auction for 500000.
[02:26:58] > Chakuu buy x64 Experience bottle to PumpkinSweetie for $100,000.
[02:32:46] > Xavier881 added x1 §x§5§9§A§1§D§9§lA§x§6§E§A§D§D§Er§x§8§3§B§9§E§3c§x§9§7§C§4§E§7h§x§A§C§D§0§E§Ca§x§C§1§D§C§F§1n§x§D§6§E§8§F§6g§x§E§A§F§3§F§Ae§fl §x§D§0§E§4§F§4S§x§B§8§D§7§E§Fh§x§A§0§C§9§E§9o§x§8§8§B§C§E§4v§x§7§1§A§E§D§Ee§x§5§9§A§1§D§9l in auction for 750000.
[02:34:12] > ThatMidnight buy x1 §x§5§9§A§1§D§9§lA§x§6§E§A§D§D§Er§x§8§3§B§9§E§3c§x§9§7§C§4§E§7h§x§A§C§D§0§E§Ca§x§C§1§D§C§F§1n§x§D§6§E§8§F§6g§x§E§A§F§3§F§Ae§fl §x§D§0§E§4§F§4S§x§B§8§D§7§E§Fh§x§A§0§C§9§E§9o§x§8§8§B§C§E§4v§x§7§1§A§E§D§Ee§x§5§9§A§1§D§9l to Xavier881 for $750,000.
[02:34:15] > ThatMidnight buy x1 §x§5§9§A§1§D§9§lA§x§7§5§B§1§D§Fr§x§9§0§C§0§E§6c§x§A§C§D§0§E§Ch§x§C§8§E§0§F§2a§x§E§3§E§F§F§9n§fg§x§E§3§E§F§F§9e§x§C§8§E§0§F§2l §x§9§0§C§0§E§6B§x§7§5§B§1§D§Fo§x§5§9§A§1§D§9w to nachfaust for $700,000.
[02:34:20] > ThatMidnight buy x1 §x§5§9§A§1§D§9§lA§x§7§1§A§E§D§Er§x§8§8§B§C§E§4c§x§A§0§C§9§E§9h§x§B§8§D§7§E§Fa§x§D§0§E§4§F§4n§x§E§7§F§2§F§Ag§fe§x§E§7§F§2§F§Al §x§B§8§D§7§E§FB§x§A§0§C§9§E§9o§x§8§8§B§C§E§4o§x§7§1§A§E§D§Et§x§5§9§A§1§D§9s to auvicious for $2,000,000.
[02:34:30] > ThatMidnight buy x1 §x§5§9§A§1§D§9§lA§x§6§B§A§B§D§Dr§x§7§E§B§6§E§1c§x§9§0§C§0§E§6h§x§A§3§C§B§E§Aa§x§B§5§D§5§E§En§x§C§8§E§0§F§2g§x§D§A§E§A§F§7e§x§E§D§F§5§F§Bl §x§E§A§F§3§F§AC§x§D§6§E§8§F§6r§x§C§1§D§C§F§1o§x§A§C§D§0§E§Cs§x§9§7§C§4§E§7s§x§8§3§B§9§E§3b§x§6§E§A§D§D§Eo§x§5§9§A§1§D§9w to mumbowe777 for $1,000,001.
[02:34:41] > ThatMidnight remove x1 §x§5§9§A§1§D§9§lA§x§6§B§A§B§D§Dr§x§7§E§B§6§E§1c§x§9§0§C§0§E§6h§x§A§3§C§B§E§Aa§x§B§5§D§5§E§En§x§C§8§E§0§F§2g§x§D§A§E§A§F§7e§x§E§D§F§5§F§Bl §x§E§A§F§3§F§AC§x§D§6§E§8§F§6r§x§C§1§D§C§F§1o§x§A§C§D§0§E§Cs§x§9§7§C§4§E§7s§x§8§3§B§9§E§3b§x§6§E§A§D§D§Eo§x§5§9§A§1§D§9w from buy
[02:34:41] > ThatMidnight remove x1 §x§5§9§A§1§D§9§lA§x§7§1§A§E§D§Er§x§8§8§B§C§E§4c§x§A§0§C§9§E§9h§x§B§8§D§7§E§Fa§x§D§0§E§4§F§4n§x§E§7§F§2§F§Ag§fe§x§E§7§F§2§F§Al §x§B§8§D§7§E§FB§x§A§0§C§9§E§9o§x§8§8§B§C§E§4o§x§7§1§A§E§D§Et§x§5§9§A§1§D§9s from buy
[02:34:42] > ThatMidnight remove x1 §x§5§9§A§1§D§9§lA§x§7§5§B§1§D§Fr§x§9§0§C§0§E§6c§x§A§C§D§0§E§Ch§x§C§8§E§0§F§2a§x§E§3§E§F§F§9n§fg§x§E§3§E§F§F§9e§x§C§8§E§0§F§2l §x§9§0§C§0§E§6B§x§7§5§B§1§D§Fo§x§5§9§A§1§D§9w from buy
[02:34:42] > ThatMidnight remove x1 §x§5§9§A§1§D§9§lA§x§6§E§A§D§D§Er§x§8§3§B§9§E§3c§x§9§7§C§4§E§7h§x§A§C§D§0§E§Ca§x§C§1§D§C§F§1n§x§D§6§E§8§F§6g§x§E§A§F§3§F§Ae§fl §x§D§0§E§4§F§4S§x§B§8§D§7§E§Fh§x§A§0§C§9§E§9o§x§8§8§B§C§E§4v§x§7§1§A§E§D§Ee§x§5§9§A§1§D§9l from buy
[02:35:13] > Ryzxc added x1 Diamond chestplate in auction for 10000.
[02:37:37] > NoClarity added x1 §x§5§9§A§1§D§9§lA§x§6§B§A§B§D§Dr§x§7§E§B§6§E§1c§x§9§0§C§0§E§6h§x§A§3§C§B§E§Aa§x§B§5§D§5§E§En§x§C§8§E§0§F§2g§x§D§A§E§A§F§7e§x§E§D§F§5§F§Bl §x§E§A§F§3§F§AB§x§D§6§E§8§F§6a§x§C§1§D§C§F§1c§x§A§C§D§0§E§Ck§x§9§7§C§4§E§7p§x§8§3§B§9§E§3a§x§6§E§A§D§D§Ec§x§5§9§A§1§D§9k in auction for 499999.
[02:42:37] > shelby added x1 §c§lPower stick v2 in auction for 2000000.
[02:52:07] > OlikShaman added x1 §f§l§8B§x§6§2§6§2§6§2a§x§6§F§6§F§6§Fh§x§7§C§7§C§7§Ca§x§8§9§8§9§8§9m§x§9§6§9§6§9§6u§x§A§3§A§3§A§3t §x§9§6§9§6§9§6D§x§8§9§8§9§8§9a§x§7§C§7§C§7§Cg§x§6§F§6§F§6§Fg§x§6§2§6§2§6§2e§8r in auction for 125000.
[02:55:40] > Ryzxc added x1 Diamond chestplate in auction for 20000.
[03:16:42] > meevgang777 added x5 §x§F§C§9§0§5§C§lE§x§E§6§9§C§6§B§lp§x§C§F§A§7§7§A§li§x§B§9§B§3§8§9§lc §x§8§C§C§B§A§7§lC§x§7§5§D§6§B§6§lr§x§5§F§E§2§C§5§la§x§7§9§D§4§B§4§lt§x§9§3§C§7§A§2§le §x§C§8§A§B§7§F§lK§x§E§2§9§E§6§E§le§x§F§C§9§0§5§C§ly in auction for 100000.
[03:19:04] > auvicious added x1 The Trim Tinker (Discounted Complete Package) in auction for 2000000.
[03:20:06] > Xavier881 buy x64 Cherry sapling to Ryzxc for $1,000.
[03:20:12] > Xavier881 remove x64 Cherry sapling form buy
[03:23:03] > anneyong remove x1 §f§l§x§8§A§0§0§F§FS§x§9§9§0§0§D§Bh§x§A§8§0§0§B§6i§x§B§7§0§0§9§2n§x§C§6§0§0§6§De§x§D§5§0§0§4§9 §x§E§4§0§0§2§4O§x§F§3§0§0§0§0n§x§E§4§0§0§2§4i§x§D§5§0§0§4§9 §x§C§6§0§0§6§DS§x§B§7§0§0§9§2t§x§A§8§0§0§B§6a§x§9§9§0§0§D§Bf§x§8§A§0§0§F§Ff from storage
[03:23:04] > anneyong remove x1 Mace from storage
[03:23:05] > anneyong remove x1 Lagoon Sword from storage
[03:23:40] > anneyong added x1 Mace in auction for 1000000.
[03:23:55] > anneyong added x1 §f§l§x§8§A§0§0§F§FS§x§9§9§0§0§D§Bh§x§A§8§0§0§B§6i§x§B§7§0§0§9§2n§x§C§6§0§0§6§De§x§D§5§0§0§4§9 §x§E§4§0§0§2§4O§x§F§3§0§0§0§0n§x§E§4§0§0§2§4i§x§D§5§0§0§4§9 §x§C§6§0§0§6§DS§x§B§7§0§0§9§2t§x§A§8§0§0§B§6a§x§9§9§0§0§D§Bf§x§8§A§0§0§F§Ff in auction for 1000000.
[03:24:09] > anneyong added x1 Lagoon Sword in auction for 1000000.
[03:26:49] > shelby remove x1 §c§lPower stick v2 form storage
[03:27:01] > shelby added x1 §c§lPower stick v2 in auction for 1500000.
[03:29:42] > ThatMidnight buy x1 §c§lPower stick v2 to shelby for $1,500,000.
[03:29:47] > ThatMidnight remove x1 §c§lPower stick v2 from buy
[03:30:17] > Zaiil added x1 §x§F§F§5§5§0§0§lsᴇʟʟᴡᴀɴᴅ §6- 5.0x in auction for 500000.
[03:30:32] > Blinkrzz added x11 Ender pearl in auction for 11.
[03:31:12] > shelby added x1 §f§l§8B§x§6§0§6§0§6§0a§x§6§C§6§C§6§Ch§x§7§7§7§7§7§7a§x§8§2§8§2§8§2m§x§8§E§8§E§8§Eu§x§9§9§9§9§9§9t§x§A§4§A§4§A§4 G§x§9§9§9§9§9§9a§x§8§E§8§E§8§Eu§x§8§2§8§2§8§2n§x§7§7§7§7§7§7t§x§6§C§6§C§6§Cl§x§6§0§6§0§6§0e§8t in auction for 1000000.
[03:31:42] > Xavier881 added x1 §f§x§F§B§B§6§1§DC§x§F§0§A§F§1§Ca§x§E§5§A§8§1§Bp§x§D§B§A§0§1§9y§x§D§0§9§9§1§8b§x§C§5§9§2§1§7a§x§B§A§8§B§1§6r§x§A§F§8§4§1§5a§x§A§4§7§D§1§4 §x§9§A§7§5§1§2H§x§8§F§6§E§1§1a§x§8§4§6§7§1§0t in auction for 500000.
[03:31:49] > Blinkrzz added x1 §x§F§F§3§E§0§0§lSellwand Voucher in auction for 1450000.
[03:32:05] > anneyong remove x1 Hats from storage
[03:32:09] > x1 §f§l§x§F§C§D§0§5§CW§x§F§A§A§2§4§8u§x§F§8§7§4§3§3k§x§F§6§4§5§1§Fo§x§F§4§1§7§0§Ang§x§F§6§4§5§1§F §x§F§8§7§4§3§3H§x§F§A§A§2§4§8o§x§F§C§D§0§5§Ce, item of Nyxie, has just expired, the item is definitively deleted.
[03:32:09] > x2 §x§F§F§3§E§0§0§lD§x§F§F§3§7§0§0§le§x§F§F§3§0§0§0§lm§x§F§F§2§9§0§0§lo§x§F§F§2§2§0§0§ln §x§F§F§1§5§0§0§lL§x§F§F§0§E§0§0§lo§x§F§F§0§7§0§0§lr§x§F§F§0§0§0§0§ld §x§F§F§0§E§0§0§lF§x§F§F§1§5§0§0§lr§x§F§F§1§C§0§0§la§x§F§F§2§2§0§0§lg§x§F§F§2§9§0§0§lm§x§F§F§3§0§0§0§le§x§F§F§3§7§0§0§ln§x§F§F§3§E§0§0§lt, item of Reviash, has just expired, the item is definitively deleted.
[03:32:16] > anneyong remove x1 Hats from expire
[03:32:26] > shelby remove x1 §f§l§8B§x§6§0§6§0§6§0a§x§6§C§6§C§6§Ch§x§7§7§7§7§7§7a§x§8§2§8§2§8§2m§x§8§E§8§E§8§Eu§x§9§9§9§9§9§9t§x§A§4§A§4§A§4 G§x§9§9§9§9§9§9a§x§8§E§8§E§8§Eu§x§8§2§8§2§8§2n§x§7§7§7§7§7§7t§x§6§C§6§C§6§Cl§x§6§0§6§0§6§0e§8t form storage
[03:32:33] > anneyong added x1 Hats in auction for 777777.
[03:32:35] > shelby added x1 §f§l§8B§x§6§0§6§0§6§0a§x§6§C§6§C§6§Ch§x§7§7§7§7§7§7a§x§8§2§8§2§8§2m§x§8§E§8§E§8§Eu§x§9§9§9§9§9§9t§x§A§4§A§4§A§4 G§x§9§9§9§9§9§9a§x§8§E§8§E§8§Eu§x§8§2§8§2§8§2n§x§7§7§7§7§7§7t§x§6§C§6§C§6§Cl§x§6§0§6§0§6§0e§8t in auction for 1000000.
[03:33:26] > shelby buy x1 §f§x§F§B§B§6§1§DC§x§F§0§A§F§1§Ca§x§E§5§A§8§1§Bp§x§D§B§A§0§1§9y§x§D§0§9§9§1§8b§x§C§5§9§2§1§7a§x§B§A§8§B§1§6r§x§A§F§8§4§1§5a§x§A§4§7§D§1§4 §x§9§A§7§5§1§2H§x§8§F§6§E§1§1a§x§8§4§6§7§1§0t to Xavier881 for $500,000.
[03:33:39] > shelby remove x1 §f§x§F§B§B§6§1§DC§x§F§0§A§F§1§Ca§x§E§5§A§8§1§Bp§x§D§B§A§0§1§9y§x§D§0§9§9§1§8b§x§C§5§9§2§1§7a§x§B§A§8§B§1§6r§x§A§F§8§4§1§5a§x§A§4§7§D§1§4 §x§9§A§7§5§1§2H§x§8§F§6§E§1§1a§x§8§4§6§7§1§0t from buy
[03:34:18] > Xavier881 buy x1 §e§lCrab Scale to OlikShaman for $50,000.
[03:34:31] > Xavier881 remove x1 §e§lCrab Scale from buy
[03:36:59] > auvicious buy x5 §x§F§C§D§0§5§C§lB§x§E§6§D§3§6§B§la§x§C§F§D§5§7§A§ls§x§B§9§D§8§8§9§li§x§A§2§D§A§9§8§lc §x§7§5§D§F§B§6§lC§x§5§F§E§2§C§5§lr§x§7§5§D§F§B§6§la§x§8§C§D§D§A§7§lt§x§A§2§D§A§9§8§le §x§C§F§D§5§7§A§lK§x§E§6§D§3§6§B§le§x§F§C§D§0§5§C§ly to Panda_Nooba for $20,000.
[03:38:04] > .Emzplyz added x1 §c§lPower stick v2 in auction for 2000000.
[03:38:23] > Trapers1 added x1 §f§l§8B§x§6§3§6§3§6§3a§x§7§1§7§1§7§1h§x§8§0§8§0§8§0a§x§8§E§8§E§8§Em§x§9§C§9§C§9§Cu§7t§x§9§C§9§C§9§C §x§8§E§8§E§8§EW§x§8§0§8§0§8§0i§x§7§1§7§1§7§1n§x§6§3§6§3§6§3g§8s in auction for 8000000.
[03:38:54] > Trapers1 remove x1 §f§l§8B§x§6§3§6§3§6§3a§x§7§1§7§1§7§1h§x§8§0§8§0§8§0a§x§8§E§8§E§8§Em§x§9§C§9§C§9§Cu§7t§x§9§C§9§C§9§C §x§8§E§8§E§8§EW§x§8§0§8§0§8§0i§x§7§1§7§1§7§1n§x§6§3§6§3§6§3g§8s form storage
[03:38:54] > Trapers1 remove x1 §f§l§8B§x§6§1§6§1§6§1a§x§6§D§6§D§6§Dh§x§7§9§7§9§7§9a§x§8§6§8§6§8§6m§x§9§2§9§2§9§2u§x§9§E§9§E§9§Et§7 §x§9§E§9§E§9§EH§x§9§2§9§2§9§2a§x§8§6§8§6§8§6l§x§7§9§7§9§7§9b§x§6§D§6§D§6§De§x§6§1§6§1§6§1r§8d form storage
[03:39:14] > Trapers1 added x1 §f§l§8B§x§6§3§6§3§6§3a§x§7§1§7§1§7§1h§x§8§0§8§0§8§0a§x§8§E§8§E§8§Em§x§9§C§9§C§9§Cu§7t§x§9§C§9§C§9§C §x§8§E§8§E§8§EW§x§8§0§8§0§8§0i§x§7§1§7§1§7§1n§x§6§3§6§3§6§3g§8s in auction for 7000000.
[03:39:34] > Trapers1 added x1 §f§l§8B§x§6§1§6§1§6§1a§x§6§D§6§D§6§Dh§x§7§9§7§9§7§9a§x§8§6§8§6§8§6m§x§9§2§9§2§9§2u§x§9§E§9§E§9§Et§7 §x§9§E§9§E§9§EH§x§9§2§9§2§9§2a§x§8§6§8§6§8§6l§x§7§9§7§9§7§9b§x§6§D§6§D§6§De§x§6§1§6§1§6§1r§8d in auction for 300000.
[03:41:37] > ThatMidnight added x1 §x§F§F§5§5§0§0§lsᴇʟʟᴡᴀɴᴅ §6- 5.0x in auction for 550000.
[03:41:55] > Ryzxc added x1 §x§F§F§5§5§0§0§lsᴇʟʟᴡᴀɴᴅ §6- 5.0x in auction for 500000.
[03:42:23] > Ryzxc remove x5 §x§F§C§9§0§5§C§lE§x§E§6§9§C§6§B§lp§x§C§F§A§7§7§A§li§x§B§9§B§3§8§9§lc §x§8§C§C§B§A§7§lC§x§7§5§D§6§B§6§lr§x§5§F§E§2§C§5§la§x§7§9§D§4§B§4§lt§x§9§3§C§7§A§2§le §x§C§8§A§B§7§F§lK§x§E§2§9§E§6§E§le§x§F§C§9§0§5§C§ly from storage
[03:42:31] > Ryzxc added x1 §x§F§F§5§5§0§0§lsᴇʟʟᴡᴀɴᴅ §6- 10.0x in auction for 1000000.
[03:43:06] > shelby added x1 Shulker box in auction for 1500000.
[03:44:41] > Trapers1 added x1 §x§F§F§7§C§0§0§lSteamsparks Leggings in auction for 500000.
[03:44:58] > Trapers1 added x1 §x§F§F§7§C§0§0§lSteamsparks Boots in auction for 500000.
[03:45:23] > Trapers1 added x1 §x§F§F§7§C§0§0§lSteamsparks Chestplate in auction for 600000.
[03:45:39] > Trapers1 added x1 §x§F§F§7§C§0§0§lSteamsparks Helmet in auction for 500000.
[03:45:57] > Zypher_0w0 added x1 §f§l§x§F§C§D§0§5§CW§x§F§B§A§D§4§Du§x§F§9§8§B§3§Dk§x§F§8§6§8§2§Eo§x§F§6§4§5§1§Fn§x§F§5§2§3§0§Fg§x§F§3§0§0§0§0 §x§F§5§2§3§0§FH§x§F§6§4§5§1§Fe§x§F§8§6§8§2§El§x§F§9§8§B§3§Dm§x§F§B§A§D§4§De§x§F§C§D§0§5§Ct in auction for 500000.
[03:46:10] > auvicious buy x1 §f§l§x§F§C§D§0§5§CW§x§F§B§A§D§4§Du§x§F§9§8§B§3§Dk§x§F§8§6§8§2§Eo§x§F§6§4§5§1§Fn§x§F§5§2§3§0§Fg§x§F§3§0§0§0§0 §x§F§5§2§3§0§FH§x§F§6§4§5§1§Fe§x§F§8§6§8§2§El§x§F§9§8§B§3§Dm§x§F§B§A§D§4§De§x§F§C§D§0§5§Ct to Zypher_0w0 for $500,000.
[03:46:30] > auvicious remove x5 §x§F§C§D§0§5§C§lB§x§E§6§D§3§6§B§la§x§C§F§D§5§7§A§ls§x§B§9§D§8§8§9§li§x§A§2§D§A§9§8§lc §x§7§5§D§F§B§6§lC§x§5§F§E§2§C§5§lr§x§7§5§D§F§B§6§la§x§8§C§D§D§A§7§lt§x§A§2§D§A§9§8§le §x§C§F§D§5§7§A§lK§x§E§6§D§3§6§B§le§x§F§C§D§0§5§C§ly form buy
[03:46:30] > auvicious remove x1 §f§l§x§F§C§D§0§5§CW§x§F§B§A§D§4§Du§x§F§9§8§B§3§Dk§x§F§8§6§8§2§Eo§x§F§6§4§5§1§Fn§x§F§5§2§3§0§Fg§x§F§3§0§0§0§0 §x§F§5§2§3§0§FH§x§F§6§4§5§1§Fe§x§F§8§6§8§2§El§x§F§9§8§B§3§Dm§x§F§B§A§D§4§De§x§F§C§D§0§5§Ct form buy
[03:47:51] > Zypher_0w0 buy x1 §x§F§F§5§5§0§0§lsᴇʟʟᴡᴀɴᴅ §6- 10.0x to Ryzxc for $1,000,000.
[03:49:58] > Zypher_0w0 buy x1 §x§F§F§5§5§0§0§lsᴇʟʟᴡᴀɴᴅ §6- 5.0x to Ryzxc for $500,000.
[03:50:26] > Zypher_0w0 remove x1 §x§F§F§5§5§0§0§lsᴇʟʟᴡᴀɴᴅ §6- 10.0x from buy
[04:01:22] > nachfaust remove x1 §f§l§x§8§A§0§0§F§FS§x§9§9§0§0§D§Bh§x§A§8§0§0§B§6i§x§B§7§0§0§9§2n§x§C§6§0§0§6§De§x§D§5§0§0§4§9 §x§E§4§0§0§2§4O§x§F§3§0§0§0§0n§x§E§4§0§0§2§4i§x§D§5§0§0§4§9 §x§C§6§0§0§6§DW§x§B§7§0§0§9§2i§x§A§8§0§0§B§6n§x§9§9§0§0§D§Bg§x§8§A§0§0§F§Fs from storage
[04:01:40] > nachfaust added x1 §x§E§5§1§B§1§B§lDracula Shield in auction for 300000.
[04:02:40] > auvicious remove x1 §x§F§F§7§C§0§0§lSteamsparks Boots from storage
[04:03:04] > nachfaust added x1 §x§E§5§1§B§1§B§lDracula Wings in auction for 1500000.
[04:03:16] > nachfaust added x1 §x§E§5§1§B§1§B§lDracula Hoe in auction for 300000.
[04:03:28] > nachfaust added x1 §x§F§F§7§C§0§0§lSteamsparks Staff in auction for 200000.
[04:03:49] > meevgang777 added x58 Dirt in auction for 50000.
[04:09:58] > anneyong remove x64 Experience bottle from expire
[04:10:06] > anneyong added x64 Experience bottle in auction for 100000.
[04:10:12] > ThatMidnight buy x64 Experience bottle to anneyong for $100,000.
[04:10:15] > x10 §x§F§C§9§0§5§C§lE§x§E§6§9§C§6§B§lp§x§C§F§A§7§7§A§li§x§B§9§B§3§8§9§lc §x§8§C§C§B§A§7§lC§x§7§5§D§6§B§6§lr§x§5§F§E§2§C§5§la§x§7§9§D§4§B§4§lt§x§9§3§C§7§A§2§le §x§C§8§A§B§7§F§lK§x§E§2§9§E§6§E§le§x§F§C§9§0§5§C§ly, bought by .Allxnzv, has just expired, the item is definitively deleted.
[04:10:16] > ThatMidnight remove x64 Experience bottle from buy
[04:16:00] > magolek_09 added x1 §x§E§5§1§B§1§B§lDracula Spear in auction for 600000.
[04:16:34] > magolek_09 added x1 §x§E§5§1§B§1§B§lDracula Axe in auction for 400000.
[04:17:42] > Doomday152 buy x1 Enchanted book to giyahnpogi for $50,000.
[04:17:48] > Doomday152 remove x1 Enchanted book from buy
[04:20:14] > ThatMidnight remove x1 §x§F§F§5§5§0§0§lsᴇʟʟᴡᴀɴᴅ §6- 5.0x from storage
[04:20:33] > ThatMidnight buy x1 §x§E§3§A§F§4§F§lʟᴇɢᴇɴᴅᴀʀʏ ɪᴛᴇᴍ to Zypher_0w0 for $499,999.
[04:27:35] > magolek_09 remove x1 §x§E§5§1§B§1§B§lDracula Spear from storage
[04:27:44] > magolek_09 added x1 §x§E§5§1§B§1§B§lDracula Spear in auction for 300000.
[04:28:18] > mumbowe777 added x1 §f§l§8B§x§5§E§5§E§5§Ea§x§6§8§6§8§6§8h§x§7§1§7§1§7§1a§x§7§B§7§B§7§Bm§x§8§4§8§4§8§4u§x§8§E§8§E§8§Et§x§9§7§9§7§9§7 §x§A§1§A§1§A§1F§7i§x§A§1§A§1§A§1s§x§9§7§9§7§9§7h§x§8§E§8§E§8§Ei§x§8§4§8§4§8§4n§x§7§B§7§B§7§Bg§x§7§1§7§1§7§1 §x§6§8§6§8§6§8R§x§5§E§5§E§5§Eo§8d in auction for 400000.
[04:30:45] > NoClarity added x1 §fCave Spider Plushie §6(#24/101) in auction for 10000.
[04:30:53] > NoClarity remove x1 §x§5§9§A§1§D§9§lA§x§6§B§A§B§D§Dr§x§7§E§B§6§E§1c§x§9§0§C§0§E§6h§x§A§3§C§B§E§Aa§x§B§5§D§5§E§En§x§C§8§E§0§F§2g§x§D§A§E§A§F§7e§x§E§D§F§5§F§Bl §x§E§A§F§3§F§AB§x§D§6§E§8§F§6a§x§C§1§D§C§F§1c§x§A§C§D§0§E§Ck§x§9§7§C§4§E§7p§x§8§3§B§9§E§3a§x§6§E§A§D§D§Ec§x§5§9§A§1§D§9k from storage
[04:31:07] > NoClarity added x1 §x§5§9§A§1§D§9§lA§x§6§B§A§B§D§Dr§x§7§E§B§6§E§1c§x§9§0§C§0§E§6h§x§A§3§C§B§E§Aa§x§B§5§D§5§E§En§x§C§8§E§0§F§2g§x§D§A§E§A§F§7e§x§E§D§F§5§F§Bl §x§E§A§F§3§F§AB§x§D§6§E§8§F§6a§x§C§1§D§C§F§1c§x§A§C§D§0§E§Ck§x§9§7§C§4§E§7p§x§8§3§B§9§E§3a§x§6§E§A§D§D§Ec§x§5§9§A§1§D§9k in auction for 300000.
[04:43:10] > mauserdart added x5 §bEntropy Crystal §8(§310,000§8) in auction for 500000.
[04:43:22] > mauserdart added x5 §bEntropy Crystal §8(§310,000§8) in auction for 500000.
[04:43:34] > magolek_09 buy x1 §x§5§9§A§1§D§9§lA§x§6§B§A§B§D§Dr§x§7§E§B§6§E§1c§x§9§0§C§0§E§6h§x§A§3§C§B§E§Aa§x§B§5§D§5§E§En§x§C§8§E§0§F§2g§x§D§A§E§A§F§7e§x§E§D§F§5§F§Bl §x§E§A§F§3§F§AB§x§D§6§E§8§F§6a§x§C§1§D§C§F§1c§x§A§C§D§0§E§Ck§x§9§7§C§4§E§7p§x§8§3§B§9§E§3a§x§6§E§A§D§D§Ec§x§5§9§A§1§D§9k to NoClarity for $300,000.
[04:43:41] > magolek_09 remove x1 §x§5§9§A§1§D§9§lA§x§6§B§A§B§D§Dr§x§7§E§B§6§E§1c§x§9§0§C§0§E§6h§x§A§3§C§B§E§Aa§x§B§5§D§5§E§En§x§C§8§E§0§F§2g§x§D§A§E§A§F§7e§x§E§D§F§5§F§Bl §x§E§A§F§3§F§AB§x§D§6§E§8§F§6a§x§C§1§D§C§F§1c§x§A§C§D§0§E§Ck§x§9§7§C§4§E§7p§x§8§3§B§9§E§3a§x§6§E§A§D§D§Ec§x§5§9§A§1§D§9k from buy
[04:56:46] > ReKYee buy x1 §f§l§8B§x§6§2§6§2§6§2a§x§6§F§6§F§6§Fh§x§7§C§7§C§7§Ca§x§8§9§8§9§8§9m§x§9§6§9§6§9§6u§x§A§3§A§3§A§3t §x§9§6§9§6§9§6D§x§8§9§8§9§8§9a§x§7§C§7§C§7§Cg§x§6§F§6§F§6§Fg§x§6§2§6§2§6§2e§8r to OlikShaman for $125,000.
[04:56:54] > ReKYee remove x1 §f§l§8B§x§6§2§6§2§6§2a§x§6§F§6§F§6§Fh§x§7§C§7§C§7§Ca§x§8§9§8§9§8§9m§x§9§6§9§6§9§6u§x§A§3§A§3§A§3t §x§9§6§9§6§9§6D§x§8§9§8§9§8§9a§x§7§C§7§C§7§Cg§x§6§F§6§F§6§Fg§x§6§2§6§2§6§2e§8r from buy
[05:07:45] > magolek_09 added x3 Netherite ingot in auction for 400000.
[05:08:16] > Zypher_0w0 buy x1 §x§F§F§5§5§0§0§lsᴇʟʟᴡᴀɴᴅ §6- 5.0x to Zaiil for $500,000.
[05:25:08] > hakim_ae buy x11 Ender pearl to Blinkrzz for $11.
[05:29:34] > magolek_09 added x1 §x§E§5§1§B§1§B§lDracula Shield in auction for 300000.
[05:43:31] > magolek_09 added x1 §x§3§4§9§8§D§Bᴡɪᴛᴄʜ ꜱᴘᴀᴡɴᴇʀ in auction for 2200000.
[05:43:48] > tic_sz buy x1 §x§3§4§9§8§D§Bᴡɪᴛᴄʜ ꜱᴘᴀᴡɴᴇʀ to magolek_09 for $2,200,000.
[05:44:28] > tic_sz remove x1 §x§3§4§9§8§D§Bᴡɪᴛᴄʜ ꜱᴘᴀᴡɴᴇʀ from buy
[05:48:12] > ReKYee added x4 Netherite upgrade smithing template in auction for 200000.
[05:57:47] > magolek_09 added x4 Netherite ingot in auction for 500000.
[05:58:07] > NoClarity remove x1 §fCave Spider Plushie §6(#24/101) from storage
[05:58:43] > magolek_09 remove x1 §x§E§5§1§B§1§B§lDracula Spear from storage
[05:58:45] > magolek_09 remove x1 §x§E§5§1§B§1§B§lDracula Axe from storage
[05:58:53] > magolek_09 added x5 Netherite ingot in auction for 500000.
[05:59:10] > magolek_09 added x4 Netherite ingot in auction for 500000.
[06:01:47] > anneyong added x1 §f§l§8B§x§6§4§6§4§6§4a§x§7§4§7§4§7§4h§x§8§3§8§3§8§3a§x§9§3§9§3§9§3m§x§A§2§A§2§A§2ut§x§9§3§9§3§9§3 §x§8§3§8§3§8§3M§x§7§4§7§4§7§4a§x§6§4§6§4§6§4c§8e in auction for 1500000.
[06:21:23] > magolek_09 remove x1 §x§E§5§1§B§1§B§lDracula Shield from storage
[06:21:30] > magolek_09 added x1 §x§5§9§A§1§D§9§lA§x§6§B§A§B§D§Dr§x§7§E§B§6§E§1c§x§9§0§C§0§E§6h§x§A§3§C§B§E§Aa§x§B§5§D§5§E§En§x§C§8§E§0§F§2g§x§D§A§E§A§F§7e§x§E§D§F§5§F§Bl §x§E§A§F§3§F§AB§x§D§6§E§8§F§6a§x§C§1§D§C§F§1c§x§A§C§D§0§E§Ck§x§9§7§C§4§E§7p§x§8§3§B§9§E§3a§x§6§E§A§D§D§Ec§x§5§9§A§1§D§9k in auction for 400000.
[06:21:42] > tic_sz buy x1 §x§5§9§A§1§D§9§lA§x§6§B§A§B§D§Dr§x§7§E§B§6§E§1c§x§9§0§C§0§E§6h§x§A§3§C§B§E§Aa§x§B§5§D§5§E§En§x§C§8§E§0§F§2g§x§D§A§E§A§F§7e§x§E§D§F§5§F§Bl §x§E§A§F§3§F§AB§x§D§6§E§8§F§6a§x§C§1§D§C§F§1c§x§A§C§D§0§E§Ck§x§9§7§C§4§E§7p§x§8§3§B§9§E§3a§x§6§E§A§D§D§Ec§x§5§9§A§1§D§9k to magolek_09 for $400,000.
[06:21:50] > tic_sz remove x1 §x§5§9§A§1§D§9§lA§x§6§B§A§B§D§Dr§x§7§E§B§6§E§1c§x§9§0§C§0§E§6h§x§A§3§C§B§E§Aa§x§B§5§D§5§E§En§x§C§8§E§0§F§2g§x§D§A§E§A§F§7e§x§E§D§F§5§F§Bl §x§E§A§F§3§F§AB§x§D§6§E§8§F§6a§x§C§1§D§C§F§1c§x§A§C§D§0§E§Ck§x§9§7§C§4§E§7p§x§8§3§B§9§E§3a§x§6§E§A§D§D§Ec§x§5§9§A§1§D§9k from buy
[06:32:20] > monggol buy x5 §bEntropy Crystal §8(§310,000§8) to mauserdart for $500,000.
[06:32:25] > monggol buy x5 §bEntropy Crystal §8(§310,000§8) to mauserdart for $500,000.
[06:32:34] > monggol remove x5 §bEntropy Crystal §8(§310,000§8) from buy
[06:32:35] > monggol remove x5 §bEntropy Crystal §8(§310,000§8) from buy
[06:44:59] > giyahnpogi buy x5 Netherite ingot to magolek_09 for $500,000.
[06:45:05] > giyahnpogi remove x5 Netherite ingot from buy
[06:45:06] > giyahnpogi remove x1 §e§lCrab Scale from buy
[06:56:05] > NoClarity buy x5 §x§F§C§9§0§5§C§lE§x§E§6§9§C§6§B§lp§x§C§F§A§7§7§A§li§x§B§9§B§3§8§9§lc §x§8§C§C§B§A§7§lC§x§7§5§D§6§B§6§lr§x§5§F§E§2§C§5§la§x§7§9§D§4§B§4§lt§x§9§3§C§7§A§2§le §x§C§8§A§B§7§F§lK§x§E§2§9§E§6§E§le§x§F§C§9§0§5§C§ly to meevgang777 for $100,000.
[06:56:12] > NoClarity remove x5 §x§F§C§9§0§5§C§lE§x§E§6§9§C§6§B§lp§x§C§F§A§7§7§A§li§x§B§9§B§3§8§9§lc §x§8§C§C§B§A§7§lC§x§7§5§D§6§B§6§lr§x§5§F§E§2§C§5§la§x§7§9§D§4§B§4§lt§x§9§3§C§7§A§2§le §x§C§8§A§B§7§F§lK§x§E§2§9§E§6§E§le§x§F§C§9§0§5§C§ly from buy
[06:58:45] > qu4sar added x1 §x§F§F§5§5§0§0§lsᴇʟʟᴡᴀɴᴅ §6- 5.0x in auction for 500000.
[06:59:00] > qu4sar added x1 §x§F§F§5§5§0§0§lsᴇʟʟᴡᴀɴᴅ §6- 5.0x in auction for 500000.
[07:00:13] > NoClarity added x1 §x§F§F§7§C§0§0§lSteamsparks Battle Axe in auction for 89999.
[07:00:32] > kysicx added x1 §x§F§F§5§5§0§0§lsᴇʟʟᴡᴀɴᴅ §6- 5.0x in auction for 550000.
[07:42:33] > octopus_01 buy x1 §c§lPower stick v2 to .Emzplyz for $2,000,000.
[07:42:37] > octopus_01 buy x1 §x§F§F§3§E§0§0§lSellwand Voucher to scarlettti for $1,500,000.
[07:43:12] > octopus_01 buy x1 §x§F§F§5§5§0§0§lsᴇʟʟᴡᴀɴᴅ §6- 5.0x to EnderDragon0120 for $650,000.
[07:43:25] > octopus_01 buy x1 §x§F§F§5§5§0§0§lsᴇʟʟᴡᴀɴᴅ §6- 5.0x to kysicx for $550,000.
[07:43:28] > octopus_01 buy x1 §x§F§F§5§5§0§0§lsᴇʟʟᴡᴀɴᴅ §6- 5.0x to qu4sar for $500,000.
[07:43:31] > octopus_01 buy x1 §x§F§F§5§5§0§0§lsᴇʟʟᴡᴀɴᴅ §6- 5.0x to qu4sar for $500,000.
[07:43:51] > octopus_01 remove x1 §c§lPower stick v2 form buy
[07:43:51] > octopus_01 remove x1 §x§F§F§3§E§0§0§lSellwand Voucher form buy
[07:43:51] > octopus_01 remove x1 §x§F§F§5§5§0§0§lsᴇʟʟᴡᴀɴᴅ §6- 5.0x form buy
[07:43:51] > octopus_01 remove x1 §x§F§F§5§5§0§0§lsᴇʟʟᴡᴀɴᴅ §6- 5.0x form buy
[07:43:51] > octopus_01 remove x1 §x§F§F§5§5§0§0§lsᴇʟʟᴡᴀɴᴅ §6- 5.0x form buy
[07:43:51] > octopus_01 remove x1 §x§F§F§5§5§0§0§lsᴇʟʟᴡᴀɴᴅ §6- 5.0x form buy
[07:52:44] > monggol added x1 §f§l§x§F§C§D§0§5§CW§x§F§B§B§D§5§4u§x§F§A§A§A§4§Bk§x§F§A§9§7§4§3o§x§F§9§8§4§3§Bn§x§F§8§7§1§3§2g§x§F§7§5§F§2§A §x§F§6§4§C§2§1B§x§F§5§3§9§1§9o§x§F§5§2§6§1§1o§x§F§4§1§3§0§8t§x§F§3§0§0§0§0s in auction for 150000.
[07:52:58] > Icon_Skully buy x1 §f§l§x§F§C§D§0§5§CW§x§F§B§B§D§5§4u§x§F§A§A§A§4§Bk§x§F§A§9§7§4§3o§x§F§9§8§4§3§Bn§x§F§8§7§1§3§2g§x§F§7§5§F§2§A §x§F§6§4§C§2§1B§x§F§5§3§9§1§9o§x§F§5§2§6§1§1o§x§F§4§1§3§0§8t§x§F§3§0§0§0§0s to monggol for $150,000.
[07:53:53] > nachfaust remove x1 §x§F§F§7§C§0§0§lSteamsparks Staff from storage
[07:53:58] > nachfaust remove x1 §x§E§5§1§B§1§B§lDracula Hoe from storage
[07:54:10] > nachfaust added x13 §e§lCrab Scale in auction for 650000.
[07:54:28] > nachfaust added x21 §9§lCrab Claw in auction for 1050000.
[08:02:11] > monggol added x1 §f§l§x§8§A§0§0§F§FS§x§9§6§0§0§E§3h§x§A§1§0§0§C§6i§x§A§D§0§0§A§An§x§B§9§0§0§8§Ee§x§C§4§0§0§7§1 §x§D§0§0§0§5§5O§x§D§C§0§0§3§9n§x§E§7§0§0§1§Ci§x§F§3§0§0§0§0 §x§E§7§0§0§1§CB§x§D§C§0§0§3§9i§x§D§0§0§0§5§5g§x§C§4§0§0§7§1 §x§B§9§0§0§8§ES§x§A§D§0§0§A§Aw§x§A§1§0§0§C§6o§x§9§6§0§0§E§3r§x§8§A§0§0§F§Fd in auction for 1000000.
[08:02:39] > monggol added x1 §x§5§9§A§1§D§9§lA§x§6§E§A§D§D§Er§x§8§3§B§9§E§3c§x§9§7§C§4§E§7h§x§A§C§D§0§E§Ca§x§C§1§D§C§F§1n§x§D§6§E§8§F§6g§x§E§A§F§3§F§Ae§fl §x§D§0§E§4§F§4D§x§B§8§D§7§E§Fa§x§A§0§C§9§E§9g§x§8§8§B§C§E§4g§x§7§1§A§E§D§Ee§x§5§9§A§1§D§9r in auction for 800000.
[08:02:50] > monggol added x1 §f§l§8B§x§6§2§6§2§6§2a§x§6§F§6§F§6§Fh§x§7§C§7§C§7§Ca§x§8§9§8§9§8§9m§x§9§6§9§6§9§6u§x§A§3§A§3§A§3t §x§9§6§9§6§9§6S§x§8§9§8§9§8§9h§x§7§C§7§C§7§Co§x§6§F§6§F§6§Fv§x§6§2§6§2§6§2e§8l in auction for 600000.
[08:03:00] > monggol remove x1 §f§l§8B§x§6§2§6§2§6§2a§x§6§F§6§F§6§Fh§x§7§C§7§C§7§Ca§x§8§9§8§9§8§9m§x§9§6§9§6§9§6u§x§A§3§A§3§A§3t §x§9§6§9§6§9§6S§x§8§9§8§9§8§9h§x§7§C§7§C§7§Co§x§6§F§6§F§6§Fv§x§6§2§6§2§6§2e§8l from storage
[08:03:07] > monggol added x1 §f§l§8B§x§6§2§6§2§6§2a§x§6§F§6§F§6§Fh§x§7§C§7§C§7§Ca§x§8§9§8§9§8§9m§x§9§6§9§6§9§6u§x§A§3§A§3§A§3t §x§9§6§9§6§9§6S§x§8§9§8§9§8§9h§x§7§C§7§C§7§Co§x§6§F§6§F§6§Fv§x§6§2§6§2§6§2e§8l in auction for 300000.
[08:03:22] > monggol added x1 §x§5§9§A§1§D§9§lA§x§6§E§A§D§D§Er§x§8§3§B§9§E§3c§x§9§7§C§4§E§7h§x§A§C§D§0§E§Ca§x§C§1§D§C§F§1n§x§D§6§E§8§F§6g§x§E§A§F§3§F§Ae§fl §x§D§0§E§4§F§4D§x§B§8§D§7§E§Fa§x§A§0§C§9§E§9g§x§8§8§B§C§E§4g§x§7§1§A§E§D§Ee§x§5§9§A§1§D§9r in auction for 300000.
[08:03:30] > monggol remove x1 §x§5§9§A§1§D§9§lA§x§6§E§A§D§D§Er§x§8§3§B§9§E§3c§x§9§7§C§4§E§7h§x§A§C§D§0§E§Ca§x§C§1§D§C§F§1n§x§D§6§E§8§F§6g§x§E§A§F§3§F§Ae§fl §x§D§0§E§4§F§4D§x§B§8§D§7§E§Fa§x§A§0§C§9§E§9g§x§8§8§B§C§E§4g§x§7§1§A§E§D§Ee§x§5§9§A§1§D§9r from storage
[08:03:33] > monggol added x1 §x§5§9§A§1§D§9§lA§x§6§E§A§D§D§Er§x§8§3§B§9§E§3c§x§9§7§C§4§E§7h§x§A§C§D§0§E§Ca§x§C§1§D§C§F§1n§x§D§6§E§8§F§6g§x§E§A§F§3§F§Ae§fl §x§D§0§E§4§F§4D§x§B§8§D§7§E§Fa§x§A§0§C§9§E§9g§x§8§8§B§C§E§4g§x§7§1§A§E§D§Ee§x§5§9§A§1§D§9r in auction for 300000.
[08:03:37] > .SophieSh2885 buy x1 §x§5§9§A§1§D§9§lA§x§6§E§A§D§D§Er§x§8§3§B§9§E§3c§x§9§7§C§4§E§7h§x§A§C§D§0§E§Ca§x§C§1§D§C§F§1n§x§D§6§E§8§F§6g§x§E§A§F§3§F§Ae§fl §x§D§0§E§4§F§4D§x§B§8§D§7§E§Fa§x§A§0§C§9§E§9g§x§8§8§B§C§E§4g§x§7§1§A§E§D§Ee§x§5§9§A§1§D§9r to monggol for $300,000.
[08:05:31] > .SophieSh2885 remove x1 §x§5§9§A§1§D§9§lA§x§6§E§A§D§D§Er§x§8§3§B§9§E§3c§x§9§7§C§4§E§7h§x§A§C§D§0§E§Ca§x§C§1§D§C§F§1n§x§D§6§E§8§F§6g§x§E§A§F§3§F§Ae§fl §x§D§0§E§4§F§4D§x§B§8§D§7§E§Fa§x§A§0§C§9§E§9g§x§8§8§B§C§E§4g§x§7§1§A§E§D§Ee§x§5§9§A§1§D§9r from buy
[08:06:02] > monggol buy x13 §e§lCrab Scale to nachfaust for $650,000.
[08:06:05] > monggol remove x13 §e§lCrab Scale from buy
[08:07:30] > nachfaust added x1 §x§F§F§7§C§0§0§lSteamsparks Staff in auction for 250000.
[08:09:44] > topaz remove x1 §f§l§x§8§A§0§0§F§FS§x§9§5§0§0§E§4h§x§A§0§0§0§C§9i§x§A§B§0§0§A§En§x§B§6§0§0§9§4e§x§C§1§0§0§7§9 §x§C§C§0§0§5§EO§x§D§7§0§0§4§3n§x§E§2§0§0§2§8i§x§E§D§0§0§0§D B§x§E§2§0§0§2§8a§x§D§7§0§0§4§3t§x§C§C§0§0§5§Et§x§C§1§0§0§7§9l§x§B§6§0§0§9§4e§x§A§B§0§0§A§E §x§A§0§0§0§C§9A§x§9§5§0§0§E§4x§x§8§A§0§0§F§Fe from storage
[08:11:43] > Renzy01 added x1 §x§E§5§1§B§1§B§lDracula Shield in auction for 200000.
[08:22:19] > Icon_Skully added x1 Ominous bottle in auction for 50000.
[08:27:34] > PumpkinSweetie added x64 Experience bottle in auction for 100000.
[08:27:49] > PumpkinSweetie added x64 Experience bottle in auction for 100000.
[08:29:35] > .ripindra8859 buy x1 Ominous bottle to Icon_Skully for $50,000.
[08:30:35] > khenjieMC buy x1 §f§l§x§8§A§0§0§F§FS§x§9§8§0§0§D§Dh§x§A§6§0§0§B§Bi§x§B§4§0§0§9§9n§x§C§2§0§0§7§7e§x§D§0§0§0§5§5 §x§D§E§0§0§3§3O§x§E§C§0§0§1§1ni§x§D§E§0§0§3§3 §x§D§0§0§0§5§5S§x§C§2§0§0§7§7i§x§B§4§0§0§9§9c§x§A§6§0§0§B§Bk§x§9§8§0§0§D§Dl§x§8§A§0§0§F§Fe to BlueTea_Official for $2,500,000.
[08:30:58] > khenjieMC added x1 §f§l§x§8§A§0§0§F§FS§x§9§6§0§0§E§3h§x§A§1§0§0§C§6i§x§A§D§0§0§A§An§x§B§9§0§0§8§Ee§x§C§4§0§0§7§1 §x§D§0§0§0§5§5O§x§D§C§0§0§3§9n§x§E§7§0§0§1§Ci§x§F§3§0§0§0§0 §x§E§7§0§0§1§CB§x§D§C§0§0§3§9i§x§D§0§0§0§5§5g§x§C§4§0§0§7§1 §x§B§9§0§0§8§ES§x§A§D§0§0§A§Aw§x§A§1§0§0§C§6o§x§9§6§0§0§E§3r§x§8§A§0§0§F§Fd in auction for 2000000.
[08:31:04] > .ripindra8859 remove x1 §x§E§5§1§B§1§B§lDracula Leggings from buy
[08:31:06] > .ripindra8859 remove x1 Ominous bottle from buy
[08:31:07] > khenjieMC remove x1 §f§l§x§8§A§0§0§F§FS§x§9§8§0§0§D§Dh§x§A§6§0§0§B§Bi§x§B§4§0§0§9§9n§x§C§2§0§0§7§7e§x§D§0§0§0§5§5 §x§D§E§0§0§3§3O§x§E§C§0§0§1§1ni§x§D§E§0§0§3§3 §x§D§0§0§0§5§5S§x§C§2§0§0§7§7i§x§B§4§0§0§9§9c§x§A§6§0§0§B§Bk§x§9§8§0§0§D§Dl§x§8§A§0§0§F§Fe from buy
[08:39:12] > nebula12321 buy x64 Firework rocket to .VisedSauce5790 for $15,000.
[08:39:21] > nebula12321 buy x64 Firework rocket to .VisedSauce5790 for $15,000.
[08:39:26] > nebula12321 buy x61 Firework rocket to .VisedSauce5790 for $15,000.
[08:39:42] > nebula12321 buy x58 Dirt to meevgang777 for $50,000.
[08:40:28] > nebula12321 remove x23 Firework rocket from buy
[08:40:28] > nebula12321 remove x23 Firework rocket from buy
[08:40:29] > nebula12321 remove x58 Dirt from buy
[08:40:29] > nebula12321 remove x23 Firework rocket from buy
[08:41:05] > anneyong added x7 Clock in auction for 67.
[08:51:12] > .JakeTheMiner457 buy x1 Mace to anneyong for $1,000,000.
[08:51:32] > .JakeTheMiner457 remove x1 Mace from buy
[09:01:39] > nachfaust remove x21 §9§lCrab Claw from storage
[09:01:54] > nachfaust added x1 §x§E§5§1§B§1§B§lDracula Hoe in auction for 150000.
[09:03:26] > kysicx buy x1 §f§l§x§8§A§0§0§F§FS§x§9§C§0§0§D§5h§x§A§D§0§0§A§Ai§x§B§F§0§0§8§0n§x§D§0§0§0§5§5e§x§E§2§0§0§2§B §x§F§3§0§0§0§0O§x§E§2§0§0§2§An§x§D§0§0§0§5§5i§x§B§F§0§0§8§0 §x§A§D§0§0§A§AH§x§9§C§0§0§D§5o§x§8§A§0§0§F§Fe to scarlettti for $1,000,000.
[09:03:43] > kysicx remove x1 §f§l§x§8§A§0§0§F§FS§x§9§C§0§0§D§5h§x§A§D§0§0§A§Ai§x§B§F§0§0§8§0n§x§D§0§0§0§5§5e§x§E§2§0§0§2§B §x§F§3§0§0§0§0O§x§E§2§0§0§2§An§x§D§0§0§0§5§5i§x§B§F§0§0§8§0 §x§A§D§0§0§A§AH§x§9§C§0§0§D§5o§x§8§A§0§0§F§Fe from buy
[09:05:43] > Malachkite added x1 emeralds                gold in auction for 500000.
[09:06:26] > Malachkite remove x1 §f§l§8B§x§6§1§6§1§6§1a§x§6§D§6§D§6§Dh§x§7§9§7§9§7§9a§x§8§6§8§6§8§6m§x§9§2§9§2§9§2u§x§9§E§9§E§9§Et§7 §x§9§E§9§E§9§EH§x§9§2§9§2§9§2a§x§8§6§8§6§8§6l§x§7§9§7§9§7§9b§x§6§D§6§D§6§De§x§6§1§6§1§6§1r§8d from storage
[09:06:27] > Malachkite remove x1 emeralds                gold from storage
[09:14:30] > .AppriXD buy x7 Clock to anneyong for $67.
[09:15:15] > kysicx added x1 §x§E§5§1§B§1§B§lDracula Sword in auction for 200000.
[09:17:16] > kysicx added x1 §x§F§F§7§C§0§0§lSteamsparks Halberd in auction for 150000.
[09:18:39] > Icon_Skully remove x1 §f§l§x§F§C§D§0§5§CW§x§F§B§B§D§5§4u§x§F§A§A§A§4§Bk§x§F§A§9§7§4§3o§x§F§9§8§4§3§Bn§x§F§8§7§1§3§2g§x§F§7§5§F§2§A §x§F§6§4§C§2§1B§x§F§5§3§9§1§9o§x§F§5§2§6§1§1o§x§F§4§1§3§0§8t§x§F§3§0§0§0§0s from buy
[09:51:39] > 8it5inn added x1 §f§l§x§8§A§0§0§F§FS§x§9§9§0§0§D§Bh§x§A§8§0§0§B§6i§x§B§7§0§0§9§2n§x§C§6§0§0§6§De§x§D§5§0§0§4§9 §x§E§4§0§0§2§4O§x§F§3§0§0§0§0n§x§E§4§0§0§2§4i§x§D§5§0§0§4§9 §x§C§6§0§0§6§DB§x§B§7§0§0§9§2o§x§A§8§0§0§B§6o§x§9§9§0§0§D§Bt§x§8§A§0§0§F§Fs in auction for 2300000.
[09:52:29] > 8it5inn added x1 §f§l§8B§x§5§F§5§F§5§Fa§x§6§9§6§9§6§9h§x§7§3§7§3§7§3a§x§7§D§7§D§7§Dm§x§8§7§8§7§8§7u§x§9§1§9§1§9§1t§x§9§B§9§B§9§B §x§A§5§A§5§A§5Ch§x§9§B§9§B§9§Be§x§9§1§9§1§9§1s§x§8§7§8§7§8§7t§x§7§D§7§D§7§Dp§x§7§3§7§3§7§3l§x§6§9§6§9§6§9a§x§5§F§5§F§5§Ft§8e in auction for 670000.
[09:52:42] > Icon_Skully added x1 §f§l§x§8§A§0§0§F§FS§x§9§8§0§0§D§Dh§x§A§6§0§0§B§Bi§x§B§4§0§0§9§9n§x§C§2§0§0§7§7e§x§D§0§0§0§5§5 §x§D§E§0§0§3§3O§x§E§C§0§0§1§1ni§x§D§E§0§0§3§3 §x§D§0§0§0§5§5S§x§C§2§0§0§7§7h§x§B§4§0§0§9§9o§x§A§6§0§0§B§Bv§x§9§8§0§0§D§De§x§8§A§0§0§F§Fl in auction for 450000.
[09:52:42] > .VisedSauce5790 added x1 §f§l§8B§x§6§6§6§6§6§6a§x§7§7§7§7§7§7h§x§8§8§8§8§8§8a§x§9§9§9§9§9§9m§7u§x§9§9§9§9§9§9t§x§8§8§8§8§8§8 §x§7§7§7§7§7§7A§x§6§6§6§6§6§6x§8e in auction for 200000.
[09:52:44] > topaz added x1 §f§l§x§8§A§0§0§F§FS§x§9§9§0§0§D§Bh§x§A§8§0§0§B§6i§x§B§7§0§0§9§2n§x§C§6§0§0§6§De§x§D§5§0§0§4§9 §x§E§4§0§0§2§4O§x§F§3§0§0§0§0n§x§E§4§0§0§2§4i§x§D§5§0§0§4§9 §x§C§6§0§0§6§DS§x§B§7§0§0§9§2p§x§A§8§0§0§B§6e§x§9§9§0§0§D§Ba§x§8§A§0§0§F§Fr in auction for 1200000.
[09:52:51] > nachfaust buy x1 §f§l§x§8§A§0§0§F§FS§x§9§8§0§0§D§Dh§x§A§6§0§0§B§Bi§x§B§4§0§0§9§9n§x§C§2§0§0§7§7e§x§D§0§0§0§5§5 §x§D§E§0§0§3§3O§x§E§C§0§0§1§1ni§x§D§E§0§0§3§3 §x§D§0§0§0§5§5S§x§C§2§0§0§7§7h§x§B§4§0§0§9§9o§x§A§6§0§0§B§Bv§x§9§8§0§0§D§De§x§8§A§0§0§F§Fl to Icon_Skully for $450,000.
[09:53:19] > nachfaust remove x1 §f§l§x§8§A§0§0§F§FS§x§9§8§0§0§D§Dh§x§A§6§0§0§B§Bi§x§B§4§0§0§9§9n§x§C§2§0§0§7§7e§x§D§0§0§0§5§5 §x§D§E§0§0§3§3O§x§E§C§0§0§1§1ni§x§D§E§0§0§3§3 §x§D§0§0§0§5§5S§x§C§2§0§0§7§7h§x§B§4§0§0§9§9o§x§A§6§0§0§B§Bv§x§9§8§0§0§D§De§x§8§A§0§0§F§Fl form buy
[09:53:59] > NoClarity added x1 §f§l§8B§x§6§2§6§2§6§2a§x§6§F§6§F§6§Fh§x§7§C§7§C§7§Ca§x§8§9§8§9§8§9m§x§9§6§9§6§9§6u§x§A§3§A§3§A§3t §x§9§6§9§6§9§6S§x§8§9§8§9§8§9h§x§7§C§7§C§7§Ci§x§6§F§6§F§6§Fe§x§6§2§6§2§6§2l§8d in auction for 199999.
[09:55:15] > NoClarity added x1 §f§l§x§8§A§0§0§F§FS§x§9§5§0§0§E§4h§x§A§0§0§0§C§9i§x§A§B§0§0§A§En§x§B§6§0§0§9§4e§x§C§1§0§0§7§9 §x§C§C§0§0§5§EO§x§D§7§0§0§4§3n§x§E§2§0§0§2§8i§x§E§D§0§0§0§D B§x§E§2§0§0§2§8a§x§D§7§0§0§4§3t§x§C§C§0§0§5§Et§x§C§1§0§0§7§9l§x§B§6§0§0§9§4e§x§A§B§0§0§A§E §x§A§0§0§0§C§9A§x§9§5§0§0§E§4x§x§8§A§0§0§F§Fe in auction for 899999.
[09:55:34] > .Whatyusaay added x13 Breeze rod in auction for 35000.
[09:55:41] > NoClarity remove x1 §x§F§F§7§C§0§0§lSteamsparks Battle Axe from storage
[09:55:42] > NoClarity remove x1 §f§l§8B§x§6§2§6§2§6§2a§x§6§F§6§F§6§Fh§x§7§C§7§C§7§Ca§x§8§9§8§9§8§9m§x§9§6§9§6§9§6u§x§A§3§A§3§A§3t §x§9§6§9§6§9§6S§x§8§9§8§9§8§9h§x§7§C§7§C§7§Ci§x§6§F§6§F§6§Fe§x§6§2§6§2§6§2l§8d from storage
[09:55:50] > nachfaust remove x1 §x§E§5§1§B§1§B§lDracula Hoe from storage
[09:55:52] > monggol added x1 §x§5§9§A§1§D§9§lA§x§6§A§A§A§D§Dr§x§7§A§B§4§E§1c§x§8§B§B§D§E§4h§x§9§B§C§7§E§8a§x§A§C§D§0§E§Cn§x§B§D§D§9§F§0g§x§C§D§E§3§F§4e§x§D§E§E§C§F§7l §fC§x§E§D§F§5§F§Bh§x§D§A§E§A§F§7e§x§C§8§E§0§F§2s§x§B§5§D§5§E§Et§x§A§3§C§B§E§Ap§x§9§0§C§0§E§6l§x§7§E§B§6§E§1a§x§6§B§A§B§D§Dt§x§5§9§A§1§D§9e in auction for 300000.
[09:55:52] > nachfaust remove x1 §x§F§F§7§C§0§0§lSteamsparks Staff from storage
[09:55:53] > NoClarity remove x1 §f§l§x§8§A§0§0§F§FS§x§9§5§0§0§E§4h§x§A§0§0§0§C§9i§x§A§B§0§0§A§En§x§B§6§0§0§9§4e§x§C§1§0§0§7§9 §x§C§C§0§0§5§EO§x§D§7§0§0§4§3n§x§E§2§0§0§2§8i§x§E§D§0§0§0§D B§x§E§2§0§0§2§8a§x§D§7§0§0§4§3t§x§C§C§0§0§5§Et§x§C§1§0§0§7§9l§x§B§6§0§0§9§4e§x§A§B§0§0§A§E §x§A§0§0§0§C§9A§x§9§5§0§0§E§4x§x§8§A§0§0§F§Fe from storage
[09:55:57] > RebornKimmy buy x1 §x§5§9§A§1§D§9§lA§x§6§A§A§A§D§Dr§x§7§A§B§4§E§1c§x§8§B§B§D§E§4h§x§9§B§C§7§E§8a§x§A§C§D§0§E§Cn§x§B§D§D§9§F§0g§x§C§D§E§3§F§4e§x§D§E§E§C§F§7l §fC§x§E§D§F§5§F§Bh§x§D§A§E§A§F§7e§x§C§8§E§0§F§2s§x§B§5§D§5§E§Et§x§A§3§C§B§E§Ap§x§9§0§C§0§E§6l§x§7§E§B§6§E§1a§x§6§B§A§B§D§Dt§x§5§9§A§1§D§9e to monggol for $300,000.
[09:56:06] > nachfaust added x1 §f§l§x§8§A§0§0§F§FS§x§9§C§0§0§D§5h§x§A§D§0§0§A§Ai§x§B§F§0§0§8§0n§x§D§0§0§0§5§5e§x§E§2§0§0§2§B §x§F§3§0§0§0§0O§x§E§2§0§0§2§An§x§D§0§0§0§5§5i§x§B§F§0§0§8§0 §x§A§D§0§0§A§AB§x§9§C§0§0§D§5o§x§8§A§0§0§F§Fw in auction for 1500000.
[09:56:16] > topaz remove x1 §f§l§x§8§A§0§0§F§FS§x§9§9§0§0§D§Bh§x§A§8§0§0§B§6i§x§B§7§0§0§9§2n§x§C§6§0§0§6§De§x§D§5§0§0§4§9 §x§E§4§0§0§2§4O§x§F§3§0§0§0§0n§x§E§4§0§0§2§4i§x§D§5§0§0§4§9 §x§C§6§0§0§6§DS§x§B§7§0§0§9§2p§x§A§8§0§0§B§6e§x§9§9§0§0§D§Ba§x§8§A§0§0§F§Fr from storage
[09:56:19] > monggol added x1 §f§l§8B§x§5§E§5§E§5§Ea§x§6§8§6§8§6§8h§x§7§1§7§1§7§1a§x§7§B§7§B§7§Bm§x§8§4§8§4§8§4u§x§8§E§8§E§8§Et§x§9§7§9§7§9§7 §x§A§1§A§1§A§1F§7i§x§A§1§A§1§A§1s§x§9§7§9§7§9§7h§x§8§E§8§E§8§Ei§x§8§4§8§4§8§4n§x§7§B§7§B§7§Bg§x§7§1§7§1§7§1 §x§6§8§6§8§6§8R§x§5§E§5§E§5§Eo§8d in auction for 500000.
[09:56:35] > topaz added x1 §f§l§x§8§A§0§0§F§FS§x§9§9§0§0§D§Bh§x§A§8§0§0§B§6i§x§B§7§0§0§9§2n§x§C§6§0§0§6§De§x§D§5§0§0§4§9 §x§E§4§0§0§2§4O§x§F§3§0§0§0§0n§x§E§4§0§0§2§4i§x§D§5§0§0§4§9 §x§C§6§0§0§6§DS§x§B§7§0§0§9§2p§x§A§8§0§0§B§6e§x§9§9§0§0§D§Ba§x§8§A§0§0§F§Fr in auction for 800000.
[09:57:00] > nachfaust added x1 §f§l§8B§x§6§2§6§2§6§2a§x§6§F§6§F§6§Fh§x§7§C§7§C§7§Ca§x§8§9§8§9§8§9m§x§9§6§9§6§9§6u§x§A§3§A§3§A§3t §x§9§6§9§6§9§6S§x§8§9§8§9§8§9h§x§7§C§7§C§7§Co§x§6§F§6§F§6§Fv§x§6§2§6§2§6§2e§8l in auction for 350000.
[09:57:05] > Malachkite added x1 §f§l§8B§x§6§3§6§3§6§3a§x§7§1§7§1§7§1h§x§8§0§8§0§8§0a§x§8§E§8§E§8§Em§x§9§C§9§C§9§Cu§7t§x§9§C§9§C§9§C §x§8§E§8§E§8§ES§x§8§0§8§0§8§0t§x§7§1§7§1§7§1a§x§6§3§6§3§6§3f§8f in auction for 500000.
[09:57:34] > Malachkite remove x28 Diamond from storage
[09:57:54] > Icon_Skully buy x1 §f§l§8B§x§5§F§5§F§5§Fa§x§6§9§6§9§6§9h§x§7§3§7§3§7§3a§x§7§D§7§D§7§Dm§x§8§7§8§7§8§7u§x§9§1§9§1§9§1t§x§9§B§9§B§9§B §x§A§5§A§5§A§5Ch§x§9§B§9§B§9§Be§x§9§1§9§1§9§1s§x§8§7§8§7§8§7t§x§7§D§7§D§7§Dp§x§7§3§7§3§7§3l§x§6§9§6§9§6§9a§x§5§F§5§F§5§Ft§8e to 8it5inn for $670,000.
[09:58:12] > Renzy01 buy x1 §f§l§x§8§A§0§0§F§FS§x§9§9§0§0§D§Bh§x§A§8§0§0§B§6i§x§B§7§0§0§9§2n§x§C§6§0§0§6§De§x§D§5§0§0§4§9 §x§E§4§0§0§2§4O§x§F§3§0§0§0§0n§x§E§4§0§0§2§4i§x§D§5§0§0§4§9 §x§C§6§0§0§6§DS§x§B§7§0§0§9§2p§x§A§8§0§0§B§6e§x§9§9§0§0§D§Ba§x§8§A§0§0§F§Fr to topaz for $800,000.
[09:58:17] > Renzy01 remove x1 §f§l§x§8§A§0§0§F§FS§x§9§9§0§0§D§Bh§x§A§8§0§0§B§6i§x§B§7§0§0§9§2n§x§C§6§0§0§6§De§x§D§5§0§0§4§9 §x§E§4§0§0§2§4O§x§F§3§0§0§0§0n§x§E§4§0§0§2§4i§x§D§5§0§0§4§9 §x§C§6§0§0§6§DS§x§B§7§0§0§9§2p§x§A§8§0§0§B§6e§x§9§9§0§0§D§Ba§x§8§A§0§0§F§Fr from buy
[09:58:19] > Uratakiz added x1 §x§F§F§7§C§0§0§lSteamsparks Halberd in auction for 200000.
[09:58:43] > Icon_Skully remove x1 §f§l§8B§x§5§F§5§F§5§Fa§x§6§9§6§9§6§9h§x§7§3§7§3§7§3a§x§7§D§7§D§7§Dm§x§8§7§8§7§8§7u§x§9§1§9§1§9§1t§x§9§B§9§B§9§B §x§A§5§A§5§A§5Ch§x§9§B§9§B§9§Be§x§9§1§9§1§9§1s§x§8§7§8§7§8§7t§x§7§D§7§D§7§Dp§x§7§3§7§3§7§3l§x§6§9§6§9§6§9a§x§5§F§5§F§5§Ft§8e from buy
[09:59:02] > .Whatyusaay added x1 Splash potion in auction for 2000.
[09:59:21] > .AppriXD buy x1 Splash potion to .Whatyusaay for $2,000.
[09:59:24] > Uratakiz remove x1 §f§l§8B§x§6§6§6§6§6§6a§x§7§7§7§7§7§7h§x§8§8§8§8§8§8a§x§9§9§9§9§9§9m§7u§x§9§9§9§9§9§9t§x§8§8§8§8§8§8 §x§7§7§7§7§7§7K§x§6§6§6§6§6§6e§8y from storage
[09:59:26] > .AppriXD remove x1 Splash potion from buy
[09:59:26] > .AppriXD remove x7 Clock from buy
[09:59:43] > .Whatyusaay added x1 Splash potion in auction for 2000.
[09:59:56] > Ch4r_380 buy x1 Splash potion to .Whatyusaay for $2,000.
[10:00:04] > Ch4r_380 remove x1 Splash potion from buy
[10:00:04] > topaz added x1 §f§l§8B§x§6§2§6§2§6§2a§x§6§F§6§F§6§Fh§x§7§C§7§C§7§Ca§x§8§9§8§9§8§9m§x§9§6§9§6§9§6u§x§A§3§A§3§A§3t §x§9§6§9§6§9§6S§x§8§9§8§9§8§9h§x§7§C§7§C§7§Co§x§6§F§6§F§6§Fv§x§6§2§6§2§6§2e§8l in auction for 600000.
[10:00:29] > nachfaust remove x1 §f§l§x§F§C§D§0§5§CW§x§F§A§A§A§4§Bu§x§F§9§8§4§3§Bk§x§F§7§5§F§2§Ao§x§F§5§3§9§1§9n§x§F§4§1§3§0§8g §x§F§5§3§9§1§9S§x§F§7§5§F§2§Ap§x§F§9§8§4§3§Be§x§F§A§A§A§4§Ba§x§F§C§D§0§5§Cr from storage
[10:00:55] > topaz buy x1 §x§E§4§3§A§9§6§lW§x§E§7§5§3§A§3§lI§x§E§B§6§B§B§0§lN§x§E§E§8§4§B§D§lG§x§F§2§9§D§C§B§lS §x§F§8§C§E§E§5§lO§x§F§C§E§6§F§2§lF §x§F§C§E§6§F§2§lE§x§F§8§C§E§E§5§lT§x§F§5§B§5§D§8§lE§x§F§2§9§D§C§B§lR§x§E§E§8§4§B§D§lN§x§E§B§6§B§B§0§lI§x§E§7§5§3§A§3§lT§x§E§4§3§A§9§6§lY to giyahnpogi for $8,000,000.
[10:01:01] > topaz remove x1 §x§E§4§3§A§9§6§lW§x§E§7§5§3§A§3§lI§x§E§B§6§B§B§0§lN§x§E§E§8§4§B§D§lG§x§F§2§9§D§C§B§lS §x§F§8§C§E§E§5§lO§x§F§C§E§6§F§2§lF §x§F§C§E§6§F§2§lE§x§F§8§C§E§E§5§lT§x§F§5§B§5§D§8§lE§x§F§2§9§D§C§B§lR§x§E§E§8§4§B§D§lN§x§E§B§6§B§B§0§lI§x§E§7§5§3§A§3§lT§x§E§4§3§A§9§6§lY from buy
[10:01:03] > nachfaust added x9 §9§lCrab Claw in auction for 500000.
[10:01:09] > .AppriXD buy x9 §9§lCrab Claw to nachfaust for $500,000.
[10:01:46] > nachfaust added x9 §9§lCrab Claw in auction for 500000.
[10:01:50] > .AppriXD buy x9 §9§lCrab Claw to nachfaust for $500,000.
[10:02:03] > kiyomiuu1 added x1 §x§E§5§1§B§1§B§lDracula Spear in auction for 100000.
[10:02:34] > nachfaust added x4 §9§lCrab Claw in auction for 250000.
[10:02:39] > .Whatyusaay added x1 Splash potion in auction for 4000.
[10:02:44] > HwanYo buy x1 §f§l§x§8§A§0§0§F§FS§x§9§6§0§0§E§3h§x§A§1§0§0§C§6i§x§A§D§0§0§A§An§x§B§9§0§0§8§Ee§x§C§4§0§0§7§1 §x§D§0§0§0§5§5O§x§D§C§0§0§3§9n§x§E§7§0§0§1§Ci§x§F§3§0§0§0§0 §x§E§7§0§0§1§CB§x§D§C§0§0§3§9i§x§D§0§0§0§5§5g§x§C§4§0§0§7§1 §x§B§9§0§0§8§ES§x§A§D§0§0§A§Aw§x§A§1§0§0§C§6o§x§9§6§0§0§E§3r§x§8§A§0§0§F§Fd to monggol for $1,000,000.
[10:02:51] > HwanYo remove x1 §f§l§x§8§A§0§0§F§FS§x§9§6§0§0§E§3h§x§A§1§0§0§C§6i§x§A§D§0§0§A§An§x§B§9§0§0§8§Ee§x§C§4§0§0§7§1 §x§D§0§0§0§5§5O§x§D§C§0§0§3§9n§x§E§7§0§0§1§Ci§x§F§3§0§0§0§0 §x§E§7§0§0§1§CB§x§D§C§0§0§3§9i§x§D§0§0§0§5§5g§x§C§4§0§0§7§1 §x§B§9§0§0§8§ES§x§A§D§0§0§A§Aw§x§A§1§0§0§C§6o§x§9§6§0§0§E§3r§x§8§A§0§0§F§Fd from buy
[10:02:53] > HwanYo remove x1 §fZombie Villager Plushie §6(#100/101) from buy
[10:03:04] > .AppriXD buy x4 §9§lCrab Claw to nachfaust for $250,000.
[10:03:44] > HwanYo added x1 §x§F§F§3§E§0§0§lD§x§F§F§3§7§0§0§le§x§F§F§3§0§0§0§lm§x§F§F§2§9§0§0§lo§x§F§F§2§2§0§0§ln §x§F§F§1§5§0§0§lL§x§F§F§0§E§0§0§lo§x§F§F§0§7§0§0§lr§x§F§F§0§0§0§0§ld §x§F§F§0§E§0§0§lL§x§F§F§1§5§0§0§le§x§F§F§1§C§0§0§lg§x§F§F§2§2§0§0§lg§x§F§F§2§9§0§0§li§x§F§F§3§0§0§0§ln§x§F§F§3§7§0§0§lg§x§F§F§3§E§0§0§ls in auction for 800000.
[10:04:16] > nachfaust added x1 Mace in auction for 1100000.
[10:04:25] > sean_kirby added x5 Sculk shrieker in auction for 500.
[10:04:40] > .AppriXD buy x5 Sculk shrieker to sean_kirby for $500.
[10:04:41] > HwanYo buy x1 Dried ghast to Dentatsu for $120,000.
[10:04:46] > HwanYo buy x1 Dried ghast to Dentatsu for $120,000.
[10:04:51] > HwanYo buy x1 Dried ghast to Dentatsu for $120,000.
[10:04:52] > .JakeTheMiner457 remove x1 Beacon from storage
[10:05:06] > .JakeTheMiner457 remove x1 Beacon from storage
[10:06:02] > .JakeTheMiner457 remove x1 Beacon from expire
[10:06:03] > .JakeTheMiner457 remove x1 Beacon from expire
[10:06:29] > .JakeTheMiner457 added x1 Beacon in auction for 100000.
[10:06:34] > .AppriXD buy x1 Beacon to .JakeTheMiner457 for $100,000.
[10:06:49] > .JakeTheMiner457 added x1 Beacon in auction for 100000.
[10:06:52] > .AppriXD buy x1 Beacon to .JakeTheMiner457 for $100,000.
[10:08:55] > .JakeTheMiner457 remove x1 Enchanted book from storage
[10:10:02] > .JakeTheMiner457 buy x1 §f§l§8B§x§6§4§6§4§6§4a§x§7§4§7§4§7§4h§x§8§3§8§3§8§3a§x§9§3§9§3§9§3m§x§A§2§A§2§A§2ut§x§9§3§9§3§9§3 §x§8§3§8§3§8§3C§x§7§4§7§4§7§4l§x§6§4§6§4§6§4u§8b to RizzaIck for $700,000.
[10:10:23] > .JakeTheMiner457 remove x1 §f§l§8B§x§6§4§6§4§6§4a§x§7§4§7§4§7§4h§x§8§3§8§3§8§3a§x§9§3§9§3§9§3m§x§A§2§A§2§A§2ut§x§9§3§9§3§9§3 §x§8§3§8§3§8§3C§x§7§4§7§4§7§4l§x§6§4§6§4§6§4u§8b from buy
[10:17:35] > Trapers1 remove x1 §f§l§8B§x§6§1§6§1§6§1a§x§6§D§6§D§6§Dh§x§7§9§7§9§7§9a§x§8§6§8§6§8§6m§x§9§2§9§2§9§2u§x§9§E§9§E§9§Et§7 §x§9§E§9§E§9§EH§x§9§2§9§2§9§2a§x§8§6§8§6§8§6l§x§7§9§7§9§7§9b§x§6§D§6§D§6§De§x§6§1§6§1§6§1r§8d form storage
[10:17:35] > Trapers1 remove x1 §x§F§F§7§C§0§0§lSteamsparks Leggings form storage
[10:17:35] > Trapers1 remove x1 §x§F§F§7§C§0§0§lSteamsparks Boots form storage
[10:17:35] > Trapers1 remove x1 §f§l§8B§x§6§3§6§3§6§3a§x§7§1§7§1§7§1h§x§8§0§8§0§8§0a§x§8§E§8§E§8§Em§x§9§C§9§C§9§Cu§7t§x§9§C§9§C§9§C §x§8§E§8§E§8§EW§x§8§0§8§0§8§0i§x§7§1§7§1§7§1n§x§6§3§6§3§6§3g§8s form storage
[10:17:35] > Trapers1 remove x1 §x§F§F§7§C§0§0§lSteamsparks Helmet form storage
[10:17:35] > Trapers1 remove x1 §x§F§F§7§C§0§0§lSteamsparks Chestplate form storage
[10:17:54] > Trapers1 added x1 §x§F§F§7§C§0§0§lSteamsparks Leggings in auction for 400000.
[10:18:08] > Trapers1 added x1 §x§F§F§7§C§0§0§lSteamsparks Boots in auction for 400000.
[10:18:23] > Trapers1 added x1 §x§F§F§7§C§0§0§lSteamsparks Chestplate in auction for 500000.
[10:18:34] > Trapers1 added x1 §x§F§F§7§C§0§0§lSteamsparks Helmet in auction for 400000.
[10:18:52] > Trapers1 added x1 §f§l§8B§x§6§1§6§1§6§1a§x§6§D§6§D§6§Dh§x§7§9§7§9§7§9a§x§8§6§8§6§8§6m§x§9§2§9§2§9§2u§x§9§E§9§E§9§Et§7 §x§9§E§9§E§9§EH§x§9§2§9§2§9§2a§x§8§6§8§6§8§6l§x§7§9§7§9§7§9b§x§6§D§6§D§6§De§x§6§1§6§1§6§1r§8d in auction for 300000.
[10:41:40] > x7 Dried ghast on sale by Dentatsu has just expired, it goes in the inventory of expired items.
[10:42:33] > .VisedSauce5790 added x1 §x§E§3§A§F§4§F§lʟᴇɢᴇɴᴅᴀʀʏ ɪᴛᴇᴍ in auction for 1000000.
[11:24:56] > Kokiqi added x1 §f§l§x§8§A§0§0§F§FS§x§9§9§0§0§D§Bh§x§A§8§0§0§B§6i§x§B§7§0§0§9§2n§x§C§6§0§0§6§De§x§D§5§0§0§4§9 §x§E§4§0§0§2§4O§x§F§3§0§0§0§0n§x§E§4§0§0§2§4i§x§D§5§0§0§4§9 §x§C§6§0§0§6§DS§x§B§7§0§0§9§2p§x§A§8§0§0§B§6e§x§9§9§0§0§D§Ba§x§8§A§0§0§F§Fr in auction for 2800000.
[11:36:09] > scarlettti added x1 §x§F§F§3§E§0§0§lSellwand Voucher in auction for 1500000.
[11:36:35] > 8it5inn added x1 §x§F§F§5§5§0§0§lsᴇʟʟᴡᴀɴᴅ §6- 5.0x in auction for 450000.
[11:36:46] > kysicx added x1 §x§F§F§5§5§0§0§lsᴇʟʟᴡᴀɴᴅ §6- 20.0x in auction for 2000000.
[11:37:03] > anneyong buy x1 §x§F§F§5§5§0§0§lsᴇʟʟᴡᴀɴᴅ §6- 20.0x to kysicx for $2,000,000.
[11:37:03] > qu4sar added x1 §x§F§F§3§E§0§0§lSellwand Voucher in auction for 1500000.
[11:37:59] > Buhnaenaexx added x1 §x§F§F§5§5§0§0§lsᴇʟʟᴡᴀɴᴅ §6- 10.0x in auction for 1000000.
[11:38:07] > .Whatyusaay added x14 Breeze rod in auction for 34000.
[11:38:14] > qu4sar remove x1 §x§F§F§3§E§0§0§lSellwand Voucher from storage
[11:38:38] > T_YK added x1 §x§F§F§3§E§0§0§lSellwand Voucher in auction for 1000000.
[11:39:10] > qu4sar added x1 §x§F§F§5§5§0§0§lsᴇʟʟᴡᴀɴᴅ §6- 5.0x in auction for 500000.
[11:39:48] > ojijan added x1 §x§F§F§5§5§0§0§lsᴇʟʟᴡᴀɴᴅ §6- 5.0x in auction for 500000.
[11:40:55] > T_YK buy x1 §x§F§F§7§C§0§0§lSteamsparks Halberd to kysicx for $150,000.
[11:41:00] > auvicious added x11 Enchanted golden apple in auction for 800000.
[11:41:17] > T_YK remove x1 §x§F§F§7§C§0§0§lSteamsparks Halberd from buy
[11:42:04] > Bleh added x1 §x§F§F§5§5§0§0§lsᴇʟʟᴡᴀɴᴅ §6- 10.0x in auction for 1500000.
[11:42:15] > Bleh added x1 §x§F§F§5§5§0§0§lsᴇʟʟᴡᴀɴᴅ §6- 5.0x in auction for 500000.
[11:46:29] > nachfaust remove x1 §x§E§5§1§B§1§B§lDracula Shield from storage
[11:46:36] > nachfaust added x1 §x§F§F§5§5§0§0§lsᴇʟʟᴡᴀɴᴅ §6- 5.0x in auction for 500000.
[11:48:07] > .M4SHED2311 added x1 §x§F§F§5§5§0§0§lsᴇʟʟᴡᴀɴᴅ §6- 5.0x in auction for 500000.
[11:51:01] > auvicious remove x1 The Trim Tinker (Discounted Complete Package) from storage
[11:51:52] > Ch4r_380 added x1 Eye armor trim smithing template in auction for 100000.
[11:53:51] > koshie buy x1 §x§F§F§5§5§0§0§lsᴇʟʟᴡᴀɴᴅ §6- 10.0x to Buhnaenaexx for $1,000,000.
[11:55:36] > .M4SHED2311 added x1 §fGhost Hat in auction for 50000.
[11:59:19] > Johng10910 remove x64 Emerald block from buy