
[12:06:40] > BlackKnight added x1 §fAdventure Hat in auction for 30000.
[12:11:12] > BlackKnight remove x1 §f§l§8B§x§5§F§5§F§5§Fa§x§6§9§6§9§6§9h§x§7§3§7§3§7§3a§x§7§D§7§D§7§Dm§x§8§7§8§7§8§7u§x§9§1§9§1§9§1t§x§9§B§9§B§9§B §x§A§5§A§5§A§5Ch§x§9§B§9§B§9§Be§x§9§1§9§1§9§1s§x§8§7§8§7§8§7t§x§7§D§7§D§7§Dp§x§7§3§7§3§7§3l§x§6§9§6§9§6§9a§x§5§F§5§F§5§Ft§8e from storage
[12:11:25] > BlackKnight added x1 §f§l§8B§x§5§F§5§F§5§Fa§x§6§9§6§9§6§9h§x§7§3§7§3§7§3a§x§7§D§7§D§7§Dm§x§8§7§8§7§8§7u§x§9§1§9§1§9§1t§x§9§B§9§B§9§B §x§A§5§A§5§A§5Ch§x§9§B§9§B§9§Be§x§9§1§9§1§9§1s§x§8§7§8§7§8§7t§x§7§D§7§D§7§Dp§x§7§3§7§3§7§3l§x§6§9§6§9§6§9a§x§5§F§5§F§5§Ft§8e in auction for 2500000.
[12:13:03] > MochaFangs added x1 §f§l§8B§x§6§3§6§3§6§3a§x§7§1§7§1§7§1h§x§8§0§8§0§8§0a§x§8§E§8§E§8§Em§x§9§C§9§C§9§Cu§7t§x§9§C§9§C§9§C §x§8§E§8§E§8§ES§x§8§0§8§0§8§0w§x§7§1§7§1§7§1o§x§6§3§6§3§6§3r§8d in auction for 1000000.
[12:18:31] > Johng10910 added x1 §x§5§9§A§1§D§9§lA§x§6§E§A§D§D§Er§x§8§3§B§9§E§3c§x§9§7§C§4§E§7h§x§A§C§D§0§E§Ca§x§C§1§D§C§F§1n§x§D§6§E§8§F§6g§x§E§A§F§3§F§Ae§fl §x§D§0§E§4§F§4S§x§B§8§D§7§E§Fh§x§A§0§C§9§E§9o§x§8§8§B§C§E§4v§x§7§1§A§E§D§Ee§x§5§9§A§1§D§9l in auction for 1500000.
[12:18:32] > Raylii added x1 Go /pwarp go Arena2 Dont grief in auction for 999999999.
[12:24:16] > SP3CC_ buy x64 Redstone block to giyahnpogi for $81,000.
[12:24:16] > x1 §x§F§F§3§E§0§0§lD§x§F§F§3§6§0§0§le§x§F§F§2§F§0§0§lm§x§F§F§2§7§0§0§lo§x§F§F§1§F§0§0§ln §x§F§F§1§0§0§0§lL§x§F§F§0§8§0§0§lo§x§F§F§0§0§0§0§lr§x§F§F§0§9§0§0§ld §x§F§F§1§B§0§0§lS§x§F§F§2§3§0§0§lp§x§F§F§2§C§0§0§le§x§F§F§3§5§0§0§la§x§F§F§3§E§0§0§lr on sale by FRANZ_JOSEF0 has just expired, it goes in the inventory of expired items.
[12:24:20] > SP3CC_ remove x64 Redstone block from buy
[12:29:16] > kysicx remove x64 Cooked porkchop from buy
[12:30:47] > mauserdart added x1 Villager spawn egg in auction for 5500000.
[12:41:40] > x1 §fCat Plushie (Tabby) §6(#21/101) on sale by giyahnpogi has just expired, it goes in the inventory of expired items.
[12:41:40] > x1 §x§F§F§3§E§0§0§lD§x§F§F§3§7§0§0§le§x§F§F§3§0§0§0§lm§x§F§F§2§9§0§0§lo§x§F§F§2§2§0§0§ln §x§F§F§1§5§0§0§lL§x§F§F§0§E§0§0§lo§x§F§F§0§7§0§0§lr§x§F§F§0§0§0§0§ld §x§F§F§0§E§0§0§lC§x§F§F§1§5§0§0§lr§x§F§F§1§C§0§0§lo§x§F§F§2§2§0§0§ls§x§F§F§2§9§0§0§ls§x§F§F§3§0§0§0§lb§x§F§F§3§7§0§0§lo§x§F§F§3§E§0§0§lw on sale by FRANZ_JOSEF0 has just expired, it goes in the inventory of expired items.
[12:55:13] > Johng10910 added x1 §x§F§F§3§E§0§0§lD§x§F§F§3§6§0§0§le§x§F§F§2§F§0§0§lm§x§F§F§2§7§0§0§lo§x§F§F§1§F§0§0§ln §x§F§F§1§0§0§0§lL§x§F§F§0§8§0§0§lo§x§F§F§0§0§0§0§lr§x§F§F§0§9§0§0§ld §x§F§F§1§B§0§0§lS§x§F§F§2§3§0§0§lt§x§F§F§2§C§0§0§la§x§F§F§3§5§0§0§lf§x§F§F§3§E§0§0§lf in auction for 200000.
[12:56:15] > UnavailableTest buy x1 §x§5§9§A§1§D§9§lA§x§6§B§A§B§D§Dr§x§7§E§B§6§E§1c§x§9§0§C§0§E§6h§x§A§3§C§B§E§Aa§x§B§5§D§5§E§En§x§C§8§E§0§F§2g§x§D§A§E§A§F§7e§x§E§D§F§5§F§Bl §x§E§A§F§3§F§AL§x§D§6§E§8§F§6e§x§C§1§D§C§F§1g§x§A§C§D§0§E§Cg§x§9§7§C§4§E§7i§x§8§3§B§9§E§3n§x§6§E§A§D§D§Eg§x§5§9§A§1§D§9s to ItsMeSakiii for $750,000.
[13:03:45] > Johng10910 remove x12 Shulker shell from storage
[13:03:56] > Johng10910 added x1 §eɪʀᴏɴ ɢᴏʟᴇᴍ sᴘᴀᴡɴᴇʀ in auction for 600000.
[13:04:12] > HwanYo buy x1 §eɪʀᴏɴ ɢᴏʟᴇᴍ sᴘᴀᴡɴᴇʀ to Johng10910 for $600,000.
[13:04:19] > HwanYo added x1 §eᴄʀᴇᴇᴘᴇʀ sᴘᴀᴡɴᴇʀ in auction for 200000.
[13:04:40] > imnectarfr buy x1 §f§l§8B§x§6§3§6§3§6§3a§x§7§1§7§1§7§1h§x§8§0§8§0§8§0a§x§8§E§8§E§8§Em§x§9§C§9§C§9§Cu§7t§x§9§C§9§C§9§C §x§8§E§8§E§8§ES§x§8§0§8§0§8§0w§x§7§1§7§1§7§1o§x§6§3§6§3§6§3r§8d to MochaFangs for $1,000,000.
[13:04:47] > imnectarfr remove x1 §f§l§8B§x§6§3§6§3§6§3a§x§7§1§7§1§7§1h§x§8§0§8§0§8§0a§x§8§E§8§E§8§Em§x§9§C§9§C§9§Cu§7t§x§9§C§9§C§9§C §x§8§E§8§E§8§ES§x§8§0§8§0§8§0w§x§7§1§7§1§7§1o§x§6§3§6§3§6§3r§8d from buy
[13:05:03] > HwanYo remove x1 §eɪʀᴏɴ ɢᴏʟᴇᴍ sᴘᴀᴡɴᴇʀ from buy
[13:08:32] > UnavailableTest remove x1 Enchanted book form buy
[13:08:32] > UnavailableTest remove x1 Mending Box form buy
[13:08:32] > UnavailableTest remove x1 Enchanted book form buy
[13:08:32] > UnavailableTest remove x1 Enchanted book form buy
[13:08:32] > UnavailableTest remove x1 §x§5§9§A§1§D§9§lA§x§6§B§A§B§D§Dr§x§7§E§B§6§E§1c§x§9§0§C§0§E§6h§x§A§3§C§B§E§Aa§x§B§5§D§5§E§En§x§C§8§E§0§F§2g§x§D§A§E§A§F§7e§x§E§D§F§5§F§Bl §x§E§A§F§3§F§AL§x§D§6§E§8§F§6e§x§C§1§D§C§F§1g§x§A§C§D§0§E§Cg§x§9§7§C§4§E§7i§x§8§3§B§9§E§3n§x§6§E§A§D§D§Eg§x§5§9§A§1§D§9s form buy
[13:11:54] > x1 Wither skeleton skull on sale by cinterMC has just expired, it goes in the inventory of expired items.
[13:12:00] > HwanYo remove x1 §x§5§C§C§F§F§C§lC§x§5§C§D§1§F§5§lo§x§5§D§D§4§E§E§ls§x§5§D§D§6§E§7§lm§x§5§E§D§9§E§1§le§x§5§E§D§B§D§A§lt§x§5§E§D§D§D§3§li§x§5§F§E§0§C§C§lc §x§5§F§E§0§C§C§lH§x§5§E§D§D§D§3§la§x§5§E§D§B§D§A§lt§x§5§E§D§9§E§1§ls §x§5§D§D§4§E§E§lK§x§5§C§D§1§F§5§le§x§5§C§C§F§F§C§ly from storage
[13:12:07] > HwanYo added x1 §x§5§C§C§F§F§C§lC§x§5§C§D§1§F§5§lo§x§5§D§D§4§E§E§ls§x§5§D§D§6§E§7§lm§x§5§E§D§9§E§1§le§x§5§E§D§B§D§A§lt§x§5§E§D§D§D§3§li§x§5§F§E§0§C§C§lc §x§5§F§E§0§C§C§lH§x§5§E§D§D§D§3§la§x§5§E§D§B§D§A§lt§x§5§E§D§9§E§1§ls §x§5§D§D§4§E§E§lK§x§5§C§D§1§F§5§le§x§5§C§C§F§F§C§ly in auction for 50000.
[13:14:50] > Johng10910 remove x6 Netherite ingot from storage
[13:15:01] > Johng10910 added x6 Netherite ingot in auction for 800000.
[13:20:26] > Johng10910 buy x1 TotemBox to Zypher_0w0 for $100,000.
[13:21:01] > Johng10910 remove x1 TotemBox from buy
[13:28:37] > BushSeat buy x1 §f§l§x§F§A§0§0§0§AD§x§F§A§1§E§1§6a§x§F§B§3§B§2§1r§x§F§B§5§9§2§Dk§x§F§B§7§7§3§9f§x§F§B§9§5§4§5l§x§F§C§B§2§5§0a§x§F§C§D§0§5§Cm§x§F§C§B§2§5§0e§x§F§B§9§5§4§5 §x§F§B§7§7§3§9S§x§F§B§5§9§2§Dw§x§F§B§3§B§2§1o§x§F§A§1§E§1§6r§x§F§A§0§0§0§Ad to Abbadex for $500,000.
[13:28:44] > BushSeat remove x1 §f§l§x§F§A§0§0§0§AD§x§F§A§1§E§1§6a§x§F§B§3§B§2§1r§x§F§B§5§9§2§Dk§x§F§B§7§7§3§9f§x§F§B§9§5§4§5l§x§F§C§B§2§5§0a§x§F§C§D§0§5§Cm§x§F§C§B§2§5§0e§x§F§B§9§5§4§5 §x§F§B§7§7§3§9S§x§F§B§5§9§2§Dw§x§F§B§3§B§2§1o§x§F§A§1§E§1§6r§x§F§A§0§0§0§Ad from buy
[13:44:16] > Johng10910 added x1 §x§5§9§A§1§D§9§lA§x§6§B§A§B§D§Dr§x§7§E§B§6§E§1c§x§9§0§C§0§E§6h§x§A§3§C§B§E§Aa§x§B§5§D§5§E§En§x§C§8§E§0§F§2g§x§D§A§E§A§F§7e§x§E§D§F§5§F§Bl §x§E§A§F§3§F§AL§x§D§6§E§8§F§6e§x§C§1§D§C§F§1g§x§A§C§D§0§E§Cg§x§9§7§C§4§E§7i§x§8§3§B§9§E§3n§x§6§E§A§D§D§Eg§x§5§9§A§1§D§9s in auction for 400000.
[13:46:47] > Trv added x64 Blaze rod in auction for 1000.
[13:46:56] > Keenorana buy x64 Blaze rod to Trv for $1,000.
[13:47:12] > Trv added x64 Blaze rod in auction for 1000.
[13:51:50] > x8 Nether star on sale by llhxnce has just expired, it goes in the inventory of expired items.
[14:02:57] > kkyleeeeesa buy x1 §eᴄʀᴇᴇᴘᴇʀ sᴘᴀᴡɴᴇʀ to HwanYo for $200,000.
[14:03:02] > kkyleeeeesa remove x6 Brown egg from buy
[14:03:03] > kkyleeeeesa remove x1 §eᴄʀᴇᴇᴘᴇʀ sᴘᴀᴡɴᴇʀ from buy
[14:03:03] > kkyleeeeesa remove x1 §eᴡɪᴛᴄʜ ꜱᴘᴀᴡɴᴇʀ from buy
[14:07:47] > Zypher_0w0 added x1 Enchanted book in auction for 2200.
[14:12:37] > MrZyrus7228 added x1 §eᴡɪᴛᴄʜ ꜱᴘᴀᴡɴᴇʀ in auction for 69000000.
[14:12:58] > MrZyrus7228 remove x1 §eᴡɪᴛᴄʜ ꜱᴘᴀᴡɴᴇʀ from storage
[14:13:00] > MrZyrus7228 remove x1 Ominous bottle from storage
[14:17:31] > HPMR_GaMerz buy x64 Blaze rod to Trv for $1,000.
[14:17:35] > HPMR_GaMerz buy x1 §fAdventure Hat to BlackKnight for $30,000.
[14:17:53] > HPMR_GaMerz buy x64 Experience bottle to HwanYo for $130,000.
[14:18:07] > HPMR_GaMerz buy x1 §fAdventure Hat to Unforce01 for $1,000.
[14:18:19] > HPMR_GaMerz buy x1 §fSun Visor Hat to Unforce01 for $1,000.
[14:19:12] > Johng10910 remove x1 §x§5§9§A§1§D§9§lA§x§6§B§A§B§D§Dr§x§7§E§B§6§E§1c§x§9§0§C§0§E§6h§x§A§3§C§B§E§Aa§x§B§5§D§5§E§En§x§C§8§E§0§F§2g§x§D§A§E§A§F§7e§x§E§D§F§5§F§Bl §x§E§A§F§3§F§AL§x§D§6§E§8§F§6e§x§C§1§D§C§F§1g§x§A§C§D§0§E§Cg§x§9§7§C§4§E§7i§x§8§3§B§9§E§3n§x§6§E§A§D§D§Eg§x§5§9§A§1§D§9s form storage
[14:19:12] > Johng10910 remove x1 §x§5§9§A§1§D§9§lA§x§6§E§A§D§D§Er§x§8§3§B§9§E§3c§x§9§7§C§4§E§7h§x§A§C§D§0§E§Ca§x§C§1§D§C§F§1n§x§D§6§E§8§F§6g§x§E§A§F§3§F§Ae§fl §x§D§0§E§4§F§4S§x§B§8§D§7§E§Fh§x§A§0§C§9§E§9o§x§8§8§B§C§E§4v§x§7§1§A§E§D§Ee§x§5§9§A§1§D§9l form storage
[14:19:12] > Johng10910 remove x6 Netherite upgrade smithing template form storage
[14:19:12] > Johng10910 remove x6 Netherite ingot form storage
[14:19:12] > Johng10910 remove x1 §x§F§F§3§E§0§0§lD§x§F§F§3§6§0§0§le§x§F§F§2§F§0§0§lm§x§F§F§2§7§0§0§lo§x§F§F§1§F§0§0§ln §x§F§F§1§0§0§0§lL§x§F§F§0§8§0§0§lo§x§F§F§0§0§0§0§lr§x§F§F§0§9§0§0§ld §x§F§F§1§B§0§0§lS§x§F§F§2§3§0§0§lt§x§F§F§2§C§0§0§la§x§F§F§3§5§0§0§lf§x§F§F§3§E§0§0§lf form storage
[14:19:27] > Johng10910 added x6 Netherite ingot in auction for 500000.
[14:19:42] > Johng10910 added x6 Netherite upgrade smithing template in auction for 400000.
[14:19:53] > Johng10910 added x1 §x§F§F§3§E§0§0§lD§x§F§F§3§6§0§0§le§x§F§F§2§F§0§0§lm§x§F§F§2§7§0§0§lo§x§F§F§1§F§0§0§ln §x§F§F§1§0§0§0§lL§x§F§F§0§8§0§0§lo§x§F§F§0§0§0§0§lr§x§F§F§0§9§0§0§ld §x§F§F§1§B§0§0§lS§x§F§F§2§3§0§0§lt§x§F§F§2§C§0§0§la§x§F§F§3§5§0§0§lf§x§F§F§3§E§0§0§lf in auction for 200000.
[14:20:27] > Johng10910 added x1 §x§F§F§3§E§0§0§lDemon Lord Wings in auction for 1000000.
[14:21:48] > Johng10910 added x1 §x§5§9§A§1§D§9§lA§x§6§B§A§B§D§Dr§x§7§E§B§6§E§1c§x§9§0§C§0§E§6h§x§A§3§C§B§E§Aa§x§B§5§D§5§E§En§x§C§8§E§0§F§2g§x§D§A§E§A§F§7e§x§E§D§F§5§F§Bl §x§E§A§F§3§F§AL§x§D§6§E§8§F§6e§x§C§1§D§C§F§1g§x§A§C§D§0§E§Cg§x§9§7§C§4§E§7i§x§8§3§B§9§E§3n§x§6§E§A§D§D§Eg§x§5§9§A§1§D§9s in auction for 500000.
[14:21:51] > Kyslee buy x1 §x§5§9§A§1§D§9§lA§x§6§B§A§B§D§Dr§x§7§E§B§6§E§1c§x§9§0§C§0§E§6h§x§A§3§C§B§E§Aa§x§B§5§D§5§E§En§x§C§8§E§0§F§2g§x§D§A§E§A§F§7e§x§E§D§F§5§F§Bl §x§E§A§F§3§F§AL§x§D§6§E§8§F§6e§x§C§1§D§C§F§1g§x§A§C§D§0§E§Cg§x§9§7§C§4§E§7i§x§8§3§B§9§E§3n§x§6§E§A§D§D§Eg§x§5§9§A§1§D§9s to Johng10910 for $500,000.
[14:22:35] > Johng10910 added x1 §x§5§9§A§1§D§9§lA§x§6§E§A§D§D§Er§x§8§3§B§9§E§3c§x§9§7§C§4§E§7h§x§A§C§D§0§E§Ca§x§C§1§D§C§F§1n§x§D§6§E§8§F§6g§x§E§A§F§3§F§Ae§fl §x§D§0§E§4§F§4S§x§B§8§D§7§E§Fh§x§A§0§C§9§E§9o§x§8§8§B§C§E§4v§x§7§1§A§E§D§Ee§x§5§9§A§1§D§9l in auction for 400000.
[14:22:48] > Luruca buy x1 §x§5§9§A§1§D§9§lA§x§6§E§A§D§D§Er§x§8§3§B§9§E§3c§x§9§7§C§4§E§7h§x§A§C§D§0§E§Ca§x§C§1§D§C§F§1n§x§D§6§E§8§F§6g§x§E§A§F§3§F§Ae§fl §x§D§0§E§4§F§4S§x§B§8§D§7§E§Fh§x§A§0§C§9§E§9o§x§8§8§B§C§E§4v§x§7§1§A§E§D§Ee§x§5§9§A§1§D§9l to Johng10910 for $400,000.
[14:23:22] > x1 §x§F§F§7§C§0§0§lSteamsparks Blade, bought by mae, has just expired, the item is definitively deleted.
[14:23:24] > Luruca remove x1 §x§5§9§A§1§D§9§lA§x§6§E§A§D§D§Er§x§8§3§B§9§E§3c§x§9§7§C§4§E§7h§x§A§C§D§0§E§Ca§x§C§1§D§C§F§1n§x§D§6§E§8§F§6g§x§E§A§F§3§F§Ae§fl §x§D§0§E§4§F§4S§x§B§8§D§7§E§Fh§x§A§0§C§9§E§9o§x§8§8§B§C§E§4v§x§7§1§A§E§D§Ee§x§5§9§A§1§D§9l from buy
[14:24:21] > Johng10910 remove x1 §x§F§F§3§E§0§0§lDemon Lord Wings from storage
[14:26:09] > Johng10910 added x1 §fWitch Hat in auction for 50000.
[14:35:52] > x1 §esᴋᴇʟᴇᴛᴏɴ sᴘᴀᴡɴᴇʀ on sale by ELITEAtlas has just expired, it goes in the inventory of expired items.
[14:39:51] > Sngel25 added x1 §x§F§F§5§5§0§0§lsᴇʟʟᴡᴀɴᴅ §6- 5.0x in auction for 400000.
[14:39:57] > grit_zy buy x1 §x§F§F§5§5§0§0§lsᴇʟʟᴡᴀɴᴅ §6- 5.0x to Sngel25 for $400,000.
[14:40:03] > grit_zy remove x1 §x§F§F§5§5§0§0§lsᴇʟʟᴡᴀɴᴅ §6- 5.0x from buy
[14:40:04] > grit_zy remove x1 §fFlower Hat from buy
[14:40:06] > DanRaiv added x1 §x§F§F§5§5§0§0§lsᴇʟʟᴡᴀɴᴅ §6- 10.0x in auction for 1000000.
[14:40:17] > BlackKnight buy x1 §x§F§F§5§5§0§0§lsᴇʟʟᴡᴀɴᴅ §6- 10.0x to DanRaiv for $1,000,000.
[14:40:54] > CoreyNabuko added x1 §f§l§x§8§A§0§0§F§FS§x§9§C§0§0§D§5h§x§A§D§0§0§A§Ai§x§B§F§0§0§8§0n§x§D§0§0§0§5§5e§x§E§2§0§0§2§B §x§F§3§0§0§0§0O§x§E§2§0§0§2§An§x§D§0§0§0§5§5i§x§B§F§0§0§8§0 §x§A§D§0§0§A§AB§x§9§C§0§0§D§5o§x§8§A§0§0§F§Fw in auction for 3000000.
[14:41:11] > imnectarfr added x1 §x§E§5§1§B§1§B§lDracula Key in auction for 50000.
[14:41:15] > imnectarfr remove x1 §x§E§5§1§B§1§B§lDracula Key from storage
[14:41:21] > imnectarfr added x1 §x§E§5§1§B§1§B§lDracula Key in auction for 500000.
[14:41:29] > DanRaiv added x1 §f§l§8B§x§6§3§6§3§6§3a§x§7§1§7§1§7§1h§x§8§0§8§0§8§0a§x§8§E§8§E§8§Em§x§9§C§9§C§9§Cu§7t§x§9§C§9§C§9§C §x§8§E§8§E§8§EB§x§8§0§8§0§8§0o§x§7§1§7§1§7§1o§x§6§3§6§3§6§3t§8s in auction for 2000000.
[14:42:02] > imnectarfr added x1 §x§F§F§7§C§0§0§lSteamsparks Sword in auction for 500000.
[14:42:23] > Johng10910 added x1 §f§l§x§F§C§D§0§5§CW§x§F§B§A§D§4§Du§x§F§9§8§B§3§Dk§x§F§8§6§8§2§Eo§x§F§6§4§5§1§Fn§x§F§5§2§3§0§Fg§x§F§3§0§0§0§0 §x§F§5§2§3§0§FH§x§F§6§4§5§1§Fa§x§F§8§6§8§2§Em§x§F§9§8§B§3§Dm§x§F§B§A§D§4§De§x§F§C§D§0§5§Cr in auction for 2000000.
[14:42:37] > InternetCafeUser added x1 §x§F§F§5§5§0§0§lsᴇʟʟᴡᴀɴᴅ §6- 5.0x in auction for 350000.
[14:42:39] > llhxnce added x1 §x§E§5§1§B§1§B§lDracula Axe in auction for 200000.
[14:42:42] > MochaFangs added x1 §f§l§x§8§A§0§0§F§FS§x§9§8§0§0§D§Dh§x§A§6§0§0§B§Bi§x§B§4§0§0§9§9n§x§C§2§0§0§7§7e§x§D§0§0§0§5§5 §x§D§E§0§0§3§3O§x§E§C§0§0§1§1ni§x§D§E§0§0§3§3 §x§D§0§0§0§5§5S§x§C§2§0§0§7§7h§x§B§4§0§0§9§9o§x§A§6§0§0§B§Bv§x§9§8§0§0§D§De§x§8§A§0§0§F§Fl in auction for 2000000.
[14:42:44] > llhxnce buy x1 §x§F§F§5§5§0§0§lsᴇʟʟᴡᴀɴᴅ §6- 5.0x to InternetCafeUser for $350,000.
[14:42:45] > Zypher_0w0 added x1 §f§l§x§F§C§D§0§5§CW§x§F§A§A§6§4§Au§x§F§8§7§D§3§7k§x§F§7§5§3§2§5o§x§F§5§2§A§1§2n§x§F§3§0§0§0§0g§x§F§5§2§A§1§2 §x§F§7§5§3§2§5C§x§F§8§7§D§3§7l§x§F§A§A§6§4§Au§x§F§C§D§0§5§Cb in auction for 999999.
[14:42:45] > CoreyNabuko added x1 §f§l§x§F§C§D§0§5§CW§x§F§B§C§1§5§5u§x§F§B§B§2§4§Fk§x§F§A§A§3§4§8o§x§F§9§9§5§4§2n§x§F§9§8§6§3§Bg§x§F§8§7§7§3§5 §x§F§8§6§8§2§EL§x§F§7§5§9§2§7e§x§F§6§4§A§2§1g§x§F§6§3§B§1§Ag§x§F§5§2§D§1§4i§x§F§4§1§E§0§Dn§x§F§4§0§F§0§7g§x§F§3§0§0§0§0s in auction for 2000000.
[14:42:56] > imnectarfr remove x1 Heavy Core from storage
[14:42:56] > imnectarfr remove x1 Heavy core from storage
[14:42:58] > Quibz added x1 §f§l§8B§x§6§3§6§3§6§3a§x§7§1§7§1§7§1h§x§8§0§8§0§8§0a§x§8§E§8§E§8§Em§x§9§C§9§C§9§Cu§7t§x§9§C§9§C§9§C §x§8§E§8§E§8§EB§x§8§0§8§0§8§0o§x§7§1§7§1§7§1o§x§6§3§6§3§6§3t§8s in auction for 50000.
[14:42:58] > imnectarfr remove x1 §x§F§F§7§C§0§0§lSteamsparks Sword from storage
[14:43:01] > tic_sz buy x1 §f§l§8B§x§6§3§6§3§6§3a§x§7§1§7§1§7§1h§x§8§0§8§0§8§0a§x§8§E§8§E§8§Em§x§9§C§9§C§9§Cu§7t§x§9§C§9§C§9§C §x§8§E§8§E§8§EB§x§8§0§8§0§8§0o§x§7§1§7§1§7§1o§x§6§3§6§3§6§3t§8s to Quibz for $50,000.
[14:43:08] > imnectarfr added x1 §f§l§x§F§C§D§0§5§CW§x§F§A§A§2§4§8u§x§F§8§7§4§3§3k§x§F§6§4§5§1§Fo§x§F§4§1§7§0§Ang§x§F§6§4§5§1§F §x§F§8§7§4§3§3H§x§F§A§A§2§4§8o§x§F§C§D§0§5§Ce in auction for 400000.
[14:43:09] > Quibz added x1 §x§E§5§1§B§1§B§lDracula Battleaxe in auction for 10000.
[14:43:17] > octopus_01 buy x6 Netherite ingot to Johng10910 for $500,000.
[14:43:19] > imnectarfr added x1 §x§F§F§7§C§0§0§lSteamsparks Sword in auction for 300000.
[14:43:20] > DanRaiv added x1 §f§l§x§F§C§D§0§5§CW§x§F§B§C§1§5§5u§x§F§B§B§2§4§Fk§x§F§A§A§3§4§8o§x§F§9§9§5§4§2n§x§F§9§8§6§3§Bg§x§F§8§7§7§3§5 §x§F§8§6§8§2§EL§x§F§7§5§9§2§7e§x§F§6§4§A§2§1g§x§F§6§3§B§1§Ag§x§F§5§2§D§1§4i§x§F§4§1§E§0§Dn§x§F§4§0§F§0§7g§x§F§3§0§0§0§0s in auction for 400000.
[14:43:22] > Quibz remove x1 §x§E§5§1§B§1§B§lDracula Battleaxe from storage
[14:43:26] > imnectarfr remove x1 §x§E§5§1§B§1§B§lDracula Key from storage
[14:43:26] > Quibz added x1 §x§E§5§1§B§1§B§lDracula Battleaxe in auction for 100000.
[14:43:31] > imnectarfr added x1 §x§E§5§1§B§1§B§lDracula Key in auction for 200000.
[14:43:38] > Quibz added x1 §x§F§F§7§C§0§0§lSteamsparks Sword in auction for 50000.
[14:43:40] > octopus_01 buy x1 §x§E§5§1§B§1§B§lDracula Key to imnectarfr for $200,000.
[14:43:55] > .SharkyisHungry added x1 §f§l§x§8§A§0§0§F§FS§x§9§9§0§0§D§Bh§x§A§8§0§0§B§6i§x§B§7§0§0§9§2n§x§C§6§0§0§6§De§x§D§5§0§0§4§9 §x§E§4§0§0§2§4O§x§F§3§0§0§0§0n§x§E§4§0§0§2§4i§x§D§5§0§0§4§9 §x§C§6§0§0§6§DS§x§B§7§0§0§9§2p§x§A§8§0§0§B§6e§x§9§9§0§0§D§Ba§x§8§A§0§0§F§Fr in auction for 1567890.
[14:43:59] > Zypher_0w0 added x2 §x§F§0§7§A§5§4§lZombie Apocalyptic Key in auction for 180000.
[14:44:26] > .SharkyisHungry added x1 §f§l§8B§x§6§2§6§2§6§2a§x§6§F§6§F§6§Fh§x§7§C§7§C§7§Ca§x§8§9§8§9§8§9m§x§9§6§9§6§9§6u§x§A§3§A§3§A§3t §x§9§6§9§6§9§6S§x§8§9§8§9§8§9h§x§7§C§7§C§7§Ci§x§6§F§6§F§6§Fe§x§6§2§6§2§6§2l§8d in auction for 450000.
[14:44:29] > kkyleeeeesa buy x1 §f§l§8B§x§6§2§6§2§6§2a§x§6§F§6§F§6§Fh§x§7§C§7§C§7§Ca§x§8§9§8§9§8§9m§x§9§6§9§6§9§6u§x§A§3§A§3§A§3t §x§9§6§9§6§9§6S§x§8§9§8§9§8§9h§x§7§C§7§C§7§Ci§x§6§F§6§F§6§Fe§x§6§2§6§2§6§2l§8d to .SharkyisHungry for $450,000.
[14:44:40] > DanRaiv added x1 §x§E§5§1§B§1§B§lDracula Spear in auction for 10000.
[14:44:44] > BlackKnight buy x1 §x§E§5§1§B§1§B§lDracula Spear to DanRaiv for $10,000.
[14:44:49] > x1 §f§l§x§F§C§D§0§5§CW§x§F§B§A§D§4§Du§x§F§9§8§B§3§Dk§x§F§8§6§8§2§Eo§x§F§6§4§5§1§Fn§x§F§5§2§3§0§Fg§x§F§3§0§0§0§0 §x§F§5§2§3§0§FS§x§F§6§4§5§1§Fh§x§F§8§6§8§2§Ei§x§F§9§8§B§3§De§x§F§B§A§D§4§Dl§x§F§C§D§0§5§Cd, bought by octopus_01, has just expired, the item is definitively deleted.
[14:44:49] > x1 §f§l§x§F§C§D§0§5§CW§x§F§A§A§2§4§8u§x§F§8§7§4§3§3k§x§F§6§4§5§1§Fo§x§F§4§1§7§0§Ang§x§F§6§4§5§1§F §x§F§8§7§4§3§3H§x§F§A§A§2§4§8a§x§F§C§D§0§5§Ct, bought by octopus_01, has just expired, the item is definitively deleted.
[14:44:50] > llhxnce remove x1 §x§F§F§5§5§0§0§lsᴇʟʟᴡᴀɴᴅ §6- 5.0x from buy
[14:44:52] > koshie added x1 §f§l§8B§x§6§3§6§3§6§3a§x§7§1§7§1§7§1h§x§8§0§8§0§8§0a§x§8§E§8§E§8§Em§x§9§C§9§C§9§Cu§7t§x§9§C§9§C§9§C §x§8§E§8§E§8§ES§x§8§0§8§0§8§0p§x§7§1§7§1§7§1e§x§6§3§6§3§6§3a§8r in auction for 1500000.
[14:45:04] > DanRaiv added x1 §x§F§F§7§C§0§0§lSteamsparks Helmet in auction for 50000.
[14:45:05] > x1 Archangel Key, item of Sezemi, has just expired, the item is definitively deleted.
[14:45:08] > koshie added x1 §f§l§8B§x§5§F§5§F§5§Fa§x§6§9§6§9§6§9h§x§7§3§7§3§7§3a§x§7§D§7§D§7§Dm§x§8§7§8§7§8§7u§x§9§1§9§1§9§1t§x§9§B§9§B§9§B §x§A§5§A§5§A§5Gr§x§9§B§9§B§9§Be§x§9§1§9§1§9§1a§x§8§7§8§7§8§7t§x§7§D§7§D§7§Ds§x§7§3§7§3§7§3w§x§6§9§6§9§6§9o§x§5§F§5§F§5§Fr§8d in auction for 1000000.
[14:45:20] > Malachkite added x1 §f§l§8B§x§6§3§6§3§6§3a§x§7§1§7§1§7§1h§x§8§0§8§0§8§0a§x§8§E§8§E§8§Em§x§9§C§9§C§9§Cu§7t§x§9§C§9§C§9§C §x§8§E§8§E§8§ES§x§8§0§8§0§8§0t§x§7§1§7§1§7§1a§x§6§3§6§3§6§3f§8f in auction for 800000.
[14:45:30] > koshie added x1 §f§l§8B§x§6§3§6§3§6§3a§x§7§1§7§1§7§1h§x§8§0§8§0§8§0a§x§8§E§8§E§8§Em§x§9§C§9§C§9§Cu§7t§x§9§C§9§C§9§C §x§8§E§8§E§8§EB§x§8§0§8§0§8§0o§x§7§1§7§1§7§1o§x§6§3§6§3§6§3t§8s in auction for 1000000.
[14:45:31] > baba added x1 §f§l§8B§x§6§6§6§6§6§6a§x§7§7§7§7§7§7h§x§8§8§8§8§8§8a§x§9§9§9§9§9§9m§7u§x§9§9§9§9§9§9t§x§8§8§8§8§8§8 §x§7§7§7§7§7§7H§x§6§6§6§6§6§6a§8t in auction for 2000000.
[14:45:40] > EnderDragon0120 remove x1 §f§l§8B§x§6§3§6§3§6§3a§x§7§1§7§1§7§1h§x§8§0§8§0§8§0a§x§8§E§8§E§8§Em§x§9§C§9§C§9§Cu§7t§x§9§C§9§C§9§C §x§8§E§8§E§8§ES§x§8§0§8§0§8§0t§x§7§1§7§1§7§1a§x§6§3§6§3§6§3f§8f from storage
[14:45:43] > DanRaiv buy x1 §f§l§8B§x§6§3§6§3§6§3a§x§7§1§7§1§7§1h§x§8§0§8§0§8§0a§x§8§E§8§E§8§Em§x§9§C§9§C§9§Cu§7t§x§9§C§9§C§9§C §x§8§E§8§E§8§ES§x§8§0§8§0§8§0t§x§7§1§7§1§7§1a§x§6§3§6§3§6§3f§8f to Malachkite for $800,000.
[14:45:56] > EnderDragon0120 added x1 §f§l§8B§x§6§3§6§3§6§3a§x§7§1§7§1§7§1h§x§8§0§8§0§8§0a§x§8§E§8§E§8§Em§x§9§C§9§C§9§Cu§7t§x§9§C§9§C§9§C §x§8§E§8§E§8§ES§x§8§0§8§0§8§0t§x§7§1§7§1§7§1a§x§6§3§6§3§6§3f§8f in auction for 10000000.
[14:46:03] > DanRaiv remove x1 §eᴄʜɪᴄᴋᴇɴ sᴘᴀᴡɴᴇʀ from buy
[14:46:04] > DanRaiv remove x1 §f§l§8B§x§6§3§6§3§6§3a§x§7§1§7§1§7§1h§x§8§0§8§0§8§0a§x§8§E§8§E§8§Em§x§9§C§9§C§9§Cu§7t§x§9§C§9§C§9§C §x§8§E§8§E§8§ES§x§8§0§8§0§8§0t§x§7§1§7§1§7§1a§x§6§3§6§3§6§3f§8f from buy
[14:46:14] > EnderDragon0120 remove x1 §f§l§8B§x§6§3§6§3§6§3a§x§7§1§7§1§7§1h§x§8§0§8§0§8§0a§x§8§E§8§E§8§Em§x§9§C§9§C§9§Cu§7t§x§9§C§9§C§9§C §x§8§E§8§E§8§ES§x§8§0§8§0§8§0t§x§7§1§7§1§7§1a§x§6§3§6§3§6§3f§8f from storage
[14:46:29] > VortexZayne added x1 §x§E§5§1§B§1§B§lDracula Sickle in auction for 150000.
[14:46:42] > VortexZayne added x1 §x§F§F§7§C§0§0§lSteamsparks Wings in auction for 50000.
[14:46:46] > EnderDragon0120 added x1 §f§l§8B§x§6§3§6§3§6§3a§x§7§1§7§1§7§1h§x§8§0§8§0§8§0a§x§8§E§8§E§8§Em§x§9§C§9§C§9§Cu§7t§x§9§C§9§C§9§C §x§8§E§8§E§8§ES§x§8§0§8§0§8§0t§x§7§1§7§1§7§1a§x§6§3§6§3§6§3f§8f in auction for 1000000.
[14:46:46] > koshie buy x1 §x§F§F§7§C§0§0§lSteamsparks Wings to VortexZayne for $50,000.
[14:47:22] > kkyleeeeesa remove x1 §f§l§8B§x§6§2§6§2§6§2a§x§6§F§6§F§6§Fh§x§7§C§7§C§7§Ca§x§8§9§8§9§8§9m§x§9§6§9§6§9§6u§x§A§3§A§3§A§3t §x§9§6§9§6§9§6S§x§8§9§8§9§8§9h§x§7§C§7§C§7§Ci§x§6§F§6§F§6§Fe§x§6§2§6§2§6§2l§8d from buy
[14:47:38] > Abbadex added x1 §f§l§x§8§A§0§0§F§FS§x§9§C§0§0§D§5h§x§A§D§0§0§A§Ai§x§B§F§0§0§8§0n§x§D§0§0§0§5§5e§x§E§2§0§0§2§B §x§F§3§0§0§0§0O§x§E§2§0§0§2§An§x§D§0§0§0§5§5i§x§B§F§0§0§8§0 §x§A§D§0§0§A§AK§x§9§C§0§0§D§5e§x§8§A§0§0§F§Fy in auction for 2000000.
[14:47:52] > Abbadex added x1 §f§l§x§8§A§0§0§F§FS§x§9§C§0§0§D§5h§x§A§D§0§0§A§Ai§x§B§F§0§0§8§0n§x§D§0§0§0§5§5e§x§E§2§0§0§2§B §x§F§3§0§0§0§0O§x§E§2§0§0§2§An§x§D§0§0§0§5§5i§x§B§F§0§0§8§0 §x§A§D§0§0§A§AK§x§9§C§0§0§D§5e§x§8§A§0§0§F§Fy in auction for 2000000.
[14:48:01] > MrZyrus7228 buy x1 §f§l§x§8§A§0§0§F§FS§x§9§C§0§0§D§5h§x§A§D§0§0§A§Ai§x§B§F§0§0§8§0n§x§D§0§0§0§5§5e§x§E§2§0§0§2§B §x§F§3§0§0§0§0O§x§E§2§0§0§2§An§x§D§0§0§0§5§5i§x§B§F§0§0§8§0 §x§A§D§0§0§A§AK§x§9§C§0§0§D§5e§x§8§A§0§0§F§Fy to Abbadex for $2,000,000.
[14:48:07] > MrZyrus7228 remove x1 §f§l§x§8§A§0§0§F§FS§x§9§C§0§0§D§5h§x§A§D§0§0§A§Ai§x§B§F§0§0§8§0n§x§D§0§0§0§5§5e§x§E§2§0§0§2§B §x§F§3§0§0§0§0O§x§E§2§0§0§2§An§x§D§0§0§0§5§5i§x§B§F§0§0§8§0 §x§A§D§0§0§A§AK§x§9§C§0§0§D§5e§x§8§A§0§0§F§Fy from buy
[14:48:22] > Abbadex added x1 §f§l§x§8§A§0§0§F§FS§x§9§C§0§0§D§5h§x§A§D§0§0§A§Ai§x§B§F§0§0§8§0n§x§D§0§0§0§5§5e§x§E§2§0§0§2§B §x§F§3§0§0§0§0O§x§E§2§0§0§2§An§x§D§0§0§0§5§5i§x§B§F§0§0§8§0 §x§A§D§0§0§A§AK§x§9§C§0§0§D§5e§x§8§A§0§0§F§Fy in auction for 2000000.
[14:48:29] > butchtaylor added x1 §x§E§5§1§B§1§B§lDracula Staff in auction for 500000.
[14:48:34] > octopus_01 buy x1 §x§E§5§1§B§1§B§lDracula Staff to butchtaylor for $500,000.
[14:48:42] > baba added x1 §x§E§5§1§B§1§B§lDracula Staff in auction for 250000.
[14:48:53] > Malachkite buy x1 Enchanted book to VortexZayne for $250,000.
[14:48:56] > Johng10910 added x1 §x§F§F§7§C§0§0§lSteamsparks Shield in auction for 50000.
[14:48:58] > YchannR added x1 §f§l§x§8§A§0§0§F§FS§x§9§8§0§0§D§Dh§x§A§6§0§0§B§Bi§x§B§4§0§0§9§9n§x§C§2§0§0§7§7e§x§D§0§0§0§5§5 §x§D§E§0§0§3§3O§x§E§C§0§0§1§1ni§x§D§E§0§0§3§3 §x§D§0§0§0§5§5S§x§C§2§0§0§7§7h§x§B§4§0§0§9§9o§x§A§6§0§0§B§Bv§x§9§8§0§0§D§De§x§8§A§0§0§F§Fl in auction for 1000000.
[14:49:12] > kkyleeeeesa added x1 §f§l§8B§x§5§F§5§F§5§Fa§x§6§9§6§9§6§9h§x§7§3§7§3§7§3a§x§7§D§7§D§7§Dm§x§8§7§8§7§8§7u§x§9§1§9§1§9§1t§x§9§B§9§B§9§B §x§A§5§A§5§A§5Ch§x§9§B§9§B§9§Be§x§9§1§9§1§9§1s§x§8§7§8§7§8§7t§x§7§D§7§D§7§Dp§x§7§3§7§3§7§3l§x§6§9§6§9§6§9a§x§5§F§5§F§5§Ft§8e in auction for 1200000.
[14:49:22] > baba remove x1 ExpBottles restocked ./pwarp warp MysticShop from storage
[14:49:23] > YchannR remove x1 §f§l§x§8§A§0§0§F§FS§x§9§8§0§0§D§Dh§x§A§6§0§0§B§Bi§x§B§4§0§0§9§9n§x§C§2§0§0§7§7e§x§D§0§0§0§5§5 §x§D§E§0§0§3§3O§x§E§C§0§0§1§1ni§x§D§E§0§0§3§3 §x§D§0§0§0§5§5S§x§C§2§0§0§7§7h§x§B§4§0§0§9§9o§x§A§6§0§0§B§Bv§x§9§8§0§0§D§De§x§8§A§0§0§F§Fl from storage
[14:49:28] > baba added x1 ExpBottles restocked ./pwarp warp MysticShop in auction for 10000000000.
[14:50:01] > Johng10910 added x1 §f§l§8B§x§6§4§6§4§6§4a§x§7§4§7§4§7§4h§x§8§3§8§3§8§3a§x§9§3§9§3§9§3m§x§A§2§A§2§A§2ut§x§9§3§9§3§9§3 §x§8§3§8§3§8§3M§x§7§4§7§4§7§4a§x§6§4§6§4§6§4c§8e in auction for 6000000.
[14:50:15] > Lan3dy added x1 §f§l§x§8§A§0§0§F§FS§x§9§9§0§0§D§Bh§x§A§8§0§0§B§6i§x§B§7§0§0§9§2n§x§C§6§0§0§6§De§x§D§5§0§0§4§9 §x§E§4§0§0§2§4O§x§F§3§0§0§0§0n§x§E§4§0§0§2§4i§x§D§5§0§0§4§9 §x§C§6§0§0§6§DW§x§B§7§0§0§9§2i§x§A§8§0§0§B§6n§x§9§9§0§0§D§Bg§x§8§A§0§0§F§Fs in auction for 5555555.
[14:50:37] > lorxie added x1 §f§l§x§8§A§0§0§F§FS§x§9§7§0§0§D§Fh§x§A§4§0§0§B§Fi§x§B§1§0§0§9§Fn§x§B§F§0§0§8§0e§x§C§C§0§0§6§0 §x§D§9§0§0§4§0O§x§E§6§0§0§2§0n§x§F§3§0§0§0§0i§x§E§6§0§0§2§0 §x§D§9§0§0§4§0P§x§C§C§0§0§6§0i§x§B§F§0§0§8§0c§x§B§1§0§0§9§Fk§x§A§4§0§0§B§Fa§x§9§7§0§0§D§Fx§x§8§A§0§0§F§Fe in auction for 5000000.
[14:50:59] > lorxie added x1 §f§l§x§8§A§0§0§F§FS§x§9§7§0§0§D§Fh§x§A§4§0§0§B§Fi§x§B§1§0§0§9§Fn§x§B§F§0§0§8§0e§x§C§C§0§0§6§0 §x§D§9§0§0§4§0O§x§E§6§0§0§2§0n§x§F§3§0§0§0§0i§x§E§6§0§0§2§0 §x§D§9§0§0§4§0P§x§C§C§0§0§6§0i§x§B§F§0§0§8§0c§x§B§1§0§0§9§Fk§x§A§4§0§0§B§Fa§x§9§7§0§0§D§Fx§x§8§A§0§0§F§Fe in auction for 5000000.
[14:51:27] > Abbadex added x1 §x§E§5§1§B§1§B§lDracula Key in auction for 200000.
[14:51:27] > MrZyrus7228 added x1 §f§l§x§F§C§D§0§5§CW§x§F§B§B§6§5§1u§x§F§A§9§C§4§5k§x§F§9§8§2§3§Ao§x§F§8§6§8§2§En§x§F§6§4§E§2§3g§x§F§5§3§4§1§7 §x§F§4§1§A§0§CG§x§F§3§0§0§0§0r§x§F§4§1§A§0§Ce§x§F§5§3§4§1§7a§x§F§6§4§E§2§3t§x§F§8§6§8§2§Es§x§F§9§8§2§3§Aw§x§F§A§9§C§4§5o§x§F§B§B§6§5§1r§x§F§C§D§0§5§Cd in auction for 200000.
[14:51:47] > MrZyrus7228 added x1 §f§l§8B§x§6§3§6§3§6§3a§x§7§1§7§1§7§1h§x§8§0§8§0§8§0a§x§8§E§8§E§8§Em§x§9§C§9§C§9§Cu§7t§x§9§C§9§C§9§C §x§8§E§8§E§8§ES§x§8§0§8§0§8§0w§x§7§1§7§1§7§1o§x§6§3§6§3§6§3r§8d in auction for 275000.
[14:51:56] > refiring buy x1 §f§l§8B§x§6§3§6§3§6§3a§x§7§1§7§1§7§1h§x§8§0§8§0§8§0a§x§8§E§8§E§8§Em§x§9§C§9§C§9§Cu§7t§x§9§C§9§C§9§C §x§8§E§8§E§8§ES§x§8§0§8§0§8§0w§x§7§1§7§1§7§1o§x§6§3§6§3§6§3r§8d to MrZyrus7228 for $275,000.
[14:52:01] > MrZyrus7228 added x1 §x§F§F§7§C§0§0§lSteamsparks Blade in auction for 175000.
[14:52:03] > refiring remove x1 §f§l§8B§x§6§3§6§3§6§3a§x§7§1§7§1§7§1h§x§8§0§8§0§8§0a§x§8§E§8§E§8§Em§x§9§C§9§C§9§Cu§7t§x§9§C§9§C§9§C §x§8§E§8§E§8§ES§x§8§0§8§0§8§0w§x§7§1§7§1§7§1o§x§6§3§6§3§6§3r§8d from buy
[14:52:12] > MrZyrus7228 added x1 §x§E§5§1§B§1§B§lDracula Staff in auction for 75000.
[14:52:23] > omikiyomi added x1 §f§l§x§8§A§0§0§F§FS§x§9§7§0§0§D§Fh§x§A§4§0§0§B§Fi§x§B§1§0§0§9§Fn§x§B§F§0§0§8§0e§x§C§C§0§0§6§0 §x§D§9§0§0§4§0O§x§E§6§0§0§2§0n§x§F§3§0§0§0§0i§x§E§6§0§0§2§0 §x§D§9§0§0§4§0P§x§C§C§0§0§6§0i§x§B§F§0§0§8§0c§x§B§1§0§0§9§Fk§x§A§4§0§0§B§Fa§x§9§7§0§0§D§Fx§x§8§A§0§0§F§Fe in auction for 350000.
[14:52:26] > Johng10910 remove x1 §f§l§8B§x§6§4§6§4§6§4a§x§7§4§7§4§7§4h§x§8§3§8§3§8§3a§x§9§3§9§3§9§3m§x§A§2§A§2§A§2ut§x§9§3§9§3§9§3 §x§8§3§8§3§8§3M§x§7§4§7§4§7§4a§x§6§4§6§4§6§4c§8e from storage
[14:52:27] > DanRaiv buy x1 §f§l§x§8§A§0§0§F§FS§x§9§7§0§0§D§Fh§x§A§4§0§0§B§Fi§x§B§1§0§0§9§Fn§x§B§F§0§0§8§0e§x§C§C§0§0§6§0 §x§D§9§0§0§4§0O§x§E§6§0§0§2§0n§x§F§3§0§0§0§0i§x§E§6§0§0§2§0 §x§D§9§0§0§4§0P§x§C§C§0§0§6§0i§x§B§F§0§0§8§0c§x§B§1§0§0§9§Fk§x§A§4§0§0§B§Fa§x§9§7§0§0§D§Fx§x§8§A§0§0§F§Fe to omikiyomi for $350,000.
[14:52:46] > koshie buy x2 §x§F§0§7§A§5§4§lZombie Apocalyptic Key to Zypher_0w0 for $180,000.
[14:54:04] > VortexZayne added x1 §x§F§0§7§A§5§4§lZombie Apocalyptic Hoe in auction for 250000.
[14:54:14] > DanRaiv remove x1 §f§l§x§8§A§0§0§F§FS§x§9§7§0§0§D§Fh§x§A§4§0§0§B§Fi§x§B§1§0§0§9§Fn§x§B§F§0§0§8§0e§x§C§C§0§0§6§0 §x§D§9§0§0§4§0O§x§E§6§0§0§2§0n§x§F§3§0§0§0§0i§x§E§6§0§0§2§0 §x§D§9§0§0§4§0P§x§C§C§0§0§6§0i§x§B§F§0§0§8§0c§x§B§1§0§0§9§Fk§x§A§4§0§0§B§Fa§x§9§7§0§0§D§Fx§x§8§A§0§0§F§Fe from buy
[14:55:18] > VortexZayne added x1 §x§F§F§5§5§0§0§lsᴇʟʟᴡᴀɴᴅ §6- 5.0x in auction for 250000.
[14:55:22] > koshie buy x1 §x§F§F§5§5§0§0§lsᴇʟʟᴡᴀɴᴅ §6- 5.0x to VortexZayne for $250,000.
[14:55:26] > octopus_01 buy x1 §f§l§x§8§A§0§0§F§FS§x§9§9§0§0§D§Bh§x§A§8§0§0§B§6i§x§B§7§0§0§9§2n§x§C§6§0§0§6§De§x§D§5§0§0§4§9 §x§E§4§0§0§2§4O§x§F§3§0§0§0§0n§x§E§4§0§0§2§4i§x§D§5§0§0§4§9 §x§C§6§0§0§6§DW§x§B§7§0§0§9§2i§x§A§8§0§0§B§6n§x§9§9§0§0§D§Bg§x§8§A§0§0§F§Fs to Lan3dy for $5,555,555.
[14:55:31] > octopus_01 remove x1 §f§l§x§8§A§0§0§F§FS§x§9§9§0§0§D§Bh§x§A§8§0§0§B§6i§x§B§7§0§0§9§2n§x§C§6§0§0§6§De§x§D§5§0§0§4§9 §x§E§4§0§0§2§4O§x§F§3§0§0§0§0n§x§E§4§0§0§2§4i§x§D§5§0§0§4§9 §x§C§6§0§0§6§DW§x§B§7§0§0§9§2i§x§A§8§0§0§B§6n§x§9§9§0§0§D§Bg§x§8§A§0§0§F§Fs from buy
[14:55:31] > octopus_01 remove x6 Netherite ingot from buy
[14:55:31] > octopus_01 remove x1 §x§E§5§1§B§1§B§lDracula Key from buy
[14:55:32] > octopus_01 remove x1 §x§E§5§1§B§1§B§lDracula Staff from buy
[14:55:38] > omikiyomi added x1 §f§l§x§8§A§0§0§F§FS§x§9§6§0§0§E§1h§x§A§3§0§0§C§3i§x§A§F§0§0§A§5n§x§B§B§0§0§8§7e§x§C§8§0§0§6§9 §x§D§4§0§0§4§BO§x§E§0§0§0§2§Dn§x§E§D§0§0§0§Fi §x§E§0§0§0§2§DL§x§D§4§0§0§4§Be§x§C§8§0§0§6§9g§x§B§B§0§0§8§7g§x§A§F§0§0§A§5i§x§A§3§0§0§C§3n§x§9§6§0§0§E§1g§x§8§A§0§0§F§Fs in auction for 500000.
[14:55:42] > grit_zy buy x1 §f§l§x§8§A§0§0§F§FS§x§9§6§0§0§E§1h§x§A§3§0§0§C§3i§x§A§F§0§0§A§5n§x§B§B§0§0§8§7e§x§C§8§0§0§6§9 §x§D§4§0§0§4§BO§x§E§0§0§0§2§Dn§x§E§D§0§0§0§Fi §x§E§0§0§0§2§DL§x§D§4§0§0§4§Be§x§C§8§0§0§6§9g§x§B§B§0§0§8§7g§x§A§F§0§0§A§5i§x§A§3§0§0§C§3n§x§9§6§0§0§E§1g§x§8§A§0§0§F§Fs to omikiyomi for $500,000.
[14:55:47] > VortexZayne added x1 §x§F§F§3§E§0§0§lD§x§F§F§3§7§0§0§le§x§F§F§3§0§0§0§lm§x§F§F§2§9§0§0§lo§x§F§F§2§2§0§0§ln §x§F§F§1§5§0§0§lL§x§F§F§0§E§0§0§lo§x§F§F§0§7§0§0§lr§x§F§F§0§0§0§0§ld §x§F§F§0§E§0§0§lF§x§F§F§1§5§0§0§lr§x§F§F§1§C§0§0§la§x§F§F§2§2§0§0§lg§x§F§F§2§9§0§0§lm§x§F§F§3§0§0§0§le§x§F§F§3§7§0§0§ln§x§F§F§3§E§0§0§lt in auction for 150000.
[14:55:54] > oryvu buy x1 §x§F§F§3§E§0§0§lD§x§F§F§3§7§0§0§le§x§F§F§3§0§0§0§lm§x§F§F§2§9§0§0§lo§x§F§F§2§2§0§0§ln §x§F§F§1§5§0§0§lL§x§F§F§0§E§0§0§lo§x§F§F§0§7§0§0§lr§x§F§F§0§0§0§0§ld §x§F§F§0§E§0§0§lF§x§F§F§1§5§0§0§lr§x§F§F§1§C§0§0§la§x§F§F§2§2§0§0§lg§x§F§F§2§9§0§0§lm§x§F§F§3§0§0§0§le§x§F§F§3§7§0§0§ln§x§F§F§3§E§0§0§lt to VortexZayne for $150,000.
[14:55:57] > Sngel25 added x1 §x§F§F§3§E§0§0§lD§x§F§F§3§6§0§0§le§x§F§F§2§F§0§0§lm§x§F§F§2§7§0§0§lo§x§F§F§1§F§0§0§ln §x§F§F§1§0§0§0§lL§x§F§F§0§8§0§0§lo§x§F§F§0§0§0§0§lr§x§F§F§0§9§0§0§ld §x§F§F§1§B§0§0§lB§x§F§F§2§3§0§0§lo§x§F§F§2§C§0§0§lo§x§F§F§3§5§0§0§lt§x§F§F§3§E§0§0§ls in auction for 100000.
[14:56:12] > grit_zy remove x1 §f§l§x§8§A§0§0§F§FS§x§9§6§0§0§E§1h§x§A§3§0§0§C§3i§x§A§F§0§0§A§5n§x§B§B§0§0§8§7e§x§C§8§0§0§6§9 §x§D§4§0§0§4§BO§x§E§0§0§0§2§Dn§x§E§D§0§0§0§Fi §x§E§0§0§0§2§DL§x§D§4§0§0§4§Be§x§C§8§0§0§6§9g§x§B§B§0§0§8§7g§x§A§F§0§0§A§5i§x§A§3§0§0§C§3n§x§9§6§0§0§E§1g§x§8§A§0§0§F§Fs from buy
[14:56:13] > frenchhee added x1 §f§l§8B§x§6§0§6§0§6§0a§x§6§C§6§C§6§Ch§x§7§7§7§7§7§7a§x§8§2§8§2§8§2m§x§8§E§8§E§8§Eu§x§9§9§9§9§9§9t§x§A§4§A§4§A§4 G§x§9§9§9§9§9§9a§x§8§E§8§E§8§Eu§x§8§2§8§2§8§2n§x§7§7§7§7§7§7t§x§6§C§6§C§6§Cl§x§6§0§6§0§6§0e§8t in auction for 1000000.
[14:56:17] > EnderDragon0120 buy x1 Red shulker box to celinesanrio for $300,000.
[14:56:23] > monggol buy x5 §bEntropy Crystal §8(§310,000§8) to mauserdart for $500,000.
[14:56:24] > VortexZayne added x1 §f§l§x§F§C§D§0§5§CW§x§F§A§A§A§4§Bu§x§F§9§8§4§3§Bk§x§F§7§5§F§2§Ao§x§F§5§3§9§1§9n§x§F§4§1§3§0§8g §x§F§5§3§9§1§9S§x§F§7§5§F§2§At§x§F§9§8§4§3§Bi§x§F§A§A§A§4§Bc§x§F§C§D§0§5§Ck in auction for 200000.
[14:56:26] > DanRaiv added x1 §f§l§8B§x§6§3§6§3§6§3a§x§7§1§7§1§7§1h§x§8§0§8§0§8§0a§x§8§E§8§E§8§Em§x§9§C§9§C§9§Cu§7t§x§9§C§9§C§9§C §x§8§E§8§E§8§ES§x§8§0§8§0§8§0t§x§7§1§7§1§7§1a§x§6§3§6§3§6§3f§8f in auction for 1250000.
[14:56:36] > monggol remove x5 §bEntropy Crystal §8(§310,000§8) from buy
[14:56:40] > EnderDragon0120 remove x1 Red shulker box from buy
[14:57:18] > mauserdart remove x1 Villager spawn egg from storage
[14:57:51] > sean_kirby added x1 Totem of undying in auction for 100.
[14:57:55] > Trv buy x1 Totem of undying to sean_kirby for $100.
[14:57:58] > lorxie added x1 §x§F§F§3§E§0§0§lSellwand Voucher in auction for 1500000.
[14:57:58] > Trv remove x1 Totem of undying from buy
[14:58:02] > sean_kirby added x1 Totem of undying in auction for 100.
[14:58:05] > Trv buy x1 Totem of undying to sean_kirby for $100.
[14:58:19] > VortexZayne added x1 §f§l§8B§x§6§6§6§6§6§6a§x§7§7§7§7§7§7h§x§8§8§8§8§8§8a§x§9§9§9§9§9§9m§7u§x§9§9§9§9§9§9t§x§8§8§8§8§8§8 §x§7§7§7§7§7§7H§x§6§6§6§6§6§6o§8e in auction for 500000.
[14:58:21] > sean_kirby added x1 Totem of undying in auction for 100.
[14:58:23] > Trv buy x1 Totem of undying to sean_kirby for $100.
[14:58:24] > BlackKnight buy x1 §f§l§8B§x§6§6§6§6§6§6a§x§7§7§7§7§7§7h§x§8§8§8§8§8§8a§x§9§9§9§9§9§9m§7u§x§9§9§9§9§9§9t§x§8§8§8§8§8§8 §x§7§7§7§7§7§7H§x§6§6§6§6§6§6o§8e to VortexZayne for $500,000.
[14:58:27] > omikiyomi added x1 §x§F§F§5§5§0§0§lsᴇʟʟᴡᴀɴᴅ §6- 5.0x in auction for 10000.
[14:58:29] > VortexZayne added x1 §x§E§5§1§B§1§B§lDracula Battleaxe in auction for 200000.
[14:58:32] > Trv buy x1 §x§F§F§5§5§0§0§lsᴇʟʟᴡᴀɴᴅ §6- 5.0x to omikiyomi for $10,000.
[14:59:00] > BlackKnight remove x1 §x§F§F§5§5§0§0§lsᴇʟʟᴡᴀɴᴅ §6- 10.0x form buy
[14:59:00] > BlackKnight remove x1 §x§E§5§1§B§1§B§lDracula Spear form buy
[14:59:00] > BlackKnight remove x1 §f§l§8B§x§6§6§6§6§6§6a§x§7§7§7§7§7§7h§x§8§8§8§8§8§8a§x§9§9§9§9§9§9m§7u§x§9§9§9§9§9§9t§x§8§8§8§8§8§8 §x§7§7§7§7§7§7H§x§6§6§6§6§6§6o§8e form buy
[14:59:02] > Malachkite remove x1 Enchanted book from buy
[14:59:35] > MochaFangs added x1 §f§l§8B§x§6§0§6§0§6§0a§x§6§C§6§C§6§Ch§x§7§7§7§7§7§7a§x§8§2§8§2§8§2m§x§8§E§8§E§8§Eu§x§9§9§9§9§9§9t§x§A§4§A§4§A§4 G§x§9§9§9§9§9§9a§x§8§E§8§E§8§Eu§x§8§2§8§2§8§2n§x§7§7§7§7§7§7t§x§6§C§6§C§6§Cl§x§6§0§6§0§6§0e§8t in auction for 1000000.
[14:59:49] > MochaFangs remove x1 §f§l§x§8§A§0§0§F§FS§x§9§8§0§0§D§Dh§x§A§6§0§0§B§Bi§x§B§4§0§0§9§9n§x§C§2§0§0§7§7e§x§D§0§0§0§5§5 §x§D§E§0§0§3§3O§x§E§C§0§0§1§1ni§x§D§E§0§0§3§3 §x§D§0§0§0§5§5S§x§C§2§0§0§7§7h§x§B§4§0§0§9§9o§x§A§6§0§0§B§Bv§x§9§8§0§0§D§De§x§8§A§0§0§F§Fl from storage
[14:59:52] > octopus_01 added x1 §f§l§x§8§A§0§0§F§FS§x§9§5§0§0§E§4h§x§A§0§0§0§C§9i§x§A§B§0§0§A§En§x§B§6§0§0§9§4e§x§C§1§0§0§7§9 §x§C§C§0§0§5§EO§x§D§7§0§0§4§3n§x§E§2§0§0§2§8i§x§E§D§0§0§0§D C§x§E§2§0§0§2§8h§x§D§7§0§0§4§3e§x§C§C§0§0§5§Es§x§C§1§0§0§7§9t§x§B§6§0§0§9§4p§x§A§B§0§0§A§El§x§A§0§0§0§C§9a§x§9§5§0§0§E§4t§x§8§A§0§0§F§Fe in auction for 1000000.
[14:59:56] > BlackKnight buy x1 §f§l§x§8§A§0§0§F§FS§x§9§5§0§0§E§4h§x§A§0§0§0§C§9i§x§A§B§0§0§A§En§x§B§6§0§0§9§4e§x§C§1§0§0§7§9 §x§C§C§0§0§5§EO§x§D§7§0§0§4§3n§x§E§2§0§0§2§8i§x§E§D§0§0§0§D C§x§E§2§0§0§2§8h§x§D§7§0§0§4§3e§x§C§C§0§0§5§Es§x§C§1§0§0§7§9t§x§B§6§0§0§9§4p§x§A§B§0§0§A§El§x§A§0§0§0§C§9a§x§9§5§0§0§E§4t§x§8§A§0§0§F§Fe to octopus_01 for $1,000,000.
[15:00:17] > octopus_01 added x1 §x§5§9§A§1§D§9§lA§x§6§A§A§A§D§Dr§x§7§A§B§4§E§1c§x§8§B§B§D§E§4h§x§9§B§C§7§E§8a§x§A§C§D§0§E§Cn§x§B§D§D§9§F§0g§x§C§D§E§3§F§4e§x§D§E§E§C§F§7l §fG§x§E§D§F§5§F§Br§x§D§A§E§A§F§7e§x§C§8§E§0§F§2a§x§B§5§D§5§E§Et§x§A§3§C§B§E§As§x§9§0§C§0§E§6w§x§7§E§B§6§E§1o§x§6§B§A§B§D§Dr§x§5§9§A§1§D§9d in auction for 1000000.
[15:00:20] > BlackKnight added x1 §f§l§8B§x§6§6§6§6§6§6a§x§7§7§7§7§7§7h§x§8§8§8§8§8§8a§x§9§9§9§9§9§9m§7u§x§9§9§9§9§9§9t§x§8§8§8§8§8§8 §x§7§7§7§7§7§7H§x§6§6§6§6§6§6o§8e in auction for 1000000.
[15:00:20] > BushSeat buy x1 §x§F§F§7§C§0§0§lSteamsparks Shield to Johng10910 for $50,000.
[15:00:24] > omikiyomi added x1 §eᴡɪᴛᴄʜ ꜱᴘᴀᴡɴᴇʀ in auction for 300000.
[15:00:27] > BlackKnight buy x1 §eᴡɪᴛᴄʜ ꜱᴘᴀᴡɴᴇʀ to omikiyomi for $300,000.
[15:00:42] > Hunter_Sung added x1 §f§l§x§8§A§0§0§F§FS§x§9§6§0§0§E§3h§x§A§1§0§0§C§6i§x§A§D§0§0§A§An§x§B§9§0§0§8§Ee§x§C§4§0§0§7§1 §x§D§0§0§0§5§5O§x§D§C§0§0§3§9n§x§E§7§0§0§1§Ci§x§F§3§0§0§0§0 §x§E§7§0§0§1§CB§x§D§C§0§0§3§9i§x§D§0§0§0§5§5g§x§C§4§0§0§7§1 §x§B§9§0§0§8§ES§x§A§D§0§0§A§Aw§x§A§1§0§0§C§6o§x§9§6§0§0§E§3r§x§8§A§0§0§F§Fd in auction for 1500000.
[15:01:01] > BlackKnight remove x1 §f§l§x§8§A§0§0§F§FS§x§9§5§0§0§E§4h§x§A§0§0§0§C§9i§x§A§B§0§0§A§En§x§B§6§0§0§9§4e§x§C§1§0§0§7§9 §x§C§C§0§0§5§EO§x§D§7§0§0§4§3n§x§E§2§0§0§2§8i§x§E§D§0§0§0§D C§x§E§2§0§0§2§8h§x§D§7§0§0§4§3e§x§C§C§0§0§5§Es§x§C§1§0§0§7§9t§x§B§6§0§0§9§4p§x§A§B§0§0§A§El§x§A§0§0§0§C§9a§x§9§5§0§0§E§4t§x§8§A§0§0§F§Fe form buy
[15:01:01] > BlackKnight remove x1 §eᴡɪᴛᴄʜ ꜱᴘᴀᴡɴᴇʀ form buy
[15:01:06] > octopus_01 added x1 §x§5§9§A§1§D§9§lA§x§6§B§A§B§D§Dr§x§7§E§B§6§E§1c§x§9§0§C§0§E§6h§x§A§3§C§B§E§Aa§x§B§5§D§5§E§En§x§C§8§E§0§F§2g§x§D§A§E§A§F§7e§x§E§D§F§5§F§Bl §x§E§A§F§3§F§AL§x§D§6§E§8§F§6e§x§C§1§D§C§F§1g§x§A§C§D§0§E§Cg§x§9§7§C§4§E§7i§x§8§3§B§9§E§3n§x§6§E§A§D§D§Eg§x§5§9§A§1§D§9s in auction for 1000000.
[15:01:39] > namerikangel added x1 §f§l§8B§x§5§E§5§E§5§Ea§x§6§8§6§8§6§8h§x§7§1§7§1§7§1a§x§7§B§7§B§7§Bm§x§8§4§8§4§8§4u§x§8§E§8§E§8§Et§x§9§7§9§7§9§7 §x§A§1§A§1§A§1F§7i§x§A§1§A§1§A§1s§x§9§7§9§7§9§7h§x§8§E§8§E§8§Ei§x§8§4§8§4§8§4n§x§7§B§7§B§7§Bg§x§7§1§7§1§7§1 §x§6§8§6§8§6§8R§x§5§E§5§E§5§Eo§8d in auction for 800000.
[15:02:04] > BushSeat buy x1 §x§E§5§1§B§1§B§lDracula Chestplate to Technoblad7869 for $150,000.
[15:02:42] > DanRaiv added x1 §f§l§x§8§A§0§0§F§FS§x§9§9§0§0§D§Bh§x§A§8§0§0§B§6i§x§B§7§0§0§9§2n§x§C§6§0§0§6§De§x§D§5§0§0§4§9 §x§E§4§0§0§2§4O§x§F§3§0§0§0§0n§x§E§4§0§0§2§4i§x§D§5§0§0§4§9 §x§C§6§0§0§6§DB§x§B§7§0§0§9§2o§x§A§8§0§0§B§6o§x§9§9§0§0§D§Bt§x§8§A§0§0§F§Fs in auction for 6000000.
[15:03:03] > mae added x1 §f§l§x§8§A§0§0§F§FS§x§9§5§0§0§E§4h§x§A§0§0§0§C§9i§x§A§B§0§0§A§En§x§B§6§0§0§9§4e§x§C§1§0§0§7§9 §x§C§C§0§0§5§EO§x§D§7§0§0§4§3n§x§E§2§0§0§2§8i§x§E§D§0§0§0§D C§x§E§2§0§0§2§8h§x§D§7§0§0§4§3e§x§C§C§0§0§5§Es§x§C§1§0§0§7§9t§x§B§6§0§0§9§4p§x§A§B§0§0§A§El§x§A§0§0§0§C§9a§x§9§5§0§0§E§4t§x§8§A§0§0§F§Fe in auction for 5000000.
[15:03:52] > BlackKnight added x1 §f§l§x§8§A§0§0§F§FS§x§9§5§0§0§E§4h§x§A§0§0§0§C§9i§x§A§B§0§0§A§En§x§B§6§0§0§9§4e§x§C§1§0§0§7§9 §x§C§C§0§0§5§EO§x§D§7§0§0§4§3n§x§E§2§0§0§2§8i§x§E§D§0§0§0§D C§x§E§2§0§0§2§8h§x§D§7§0§0§4§3e§x§C§C§0§0§5§Es§x§C§1§0§0§7§9t§x§B§6§0§0§9§4p§x§A§B§0§0§A§El§x§A§0§0§0§C§9a§x§9§5§0§0§E§4t§x§8§A§0§0§F§Fe in auction for 4000000.
[15:04:03] > .SharkyisHungry buy x1 §f§l§x§8§A§0§0§F§FS§x§9§5§0§0§E§4h§x§A§0§0§0§C§9i§x§A§B§0§0§A§En§x§B§6§0§0§9§4e§x§C§1§0§0§7§9 §x§C§C§0§0§5§EO§x§D§7§0§0§4§3n§x§E§2§0§0§2§8i§x§E§D§0§0§0§D C§x§E§2§0§0§2§8h§x§D§7§0§0§4§3e§x§C§C§0§0§5§Es§x§C§1§0§0§7§9t§x§B§6§0§0§9§4p§x§A§B§0§0§A§El§x§A§0§0§0§C§9a§x§9§5§0§0§E§4t§x§8§A§0§0§F§Fe to BlackKnight for $4,000,000.
[15:04:07] > BushSeat buy x6 Netherite upgrade smithing template to Johng10910 for $400,000.
[15:04:11] > DanRaiv remove x1 §f§l§x§8§A§0§0§F§FS§x§9§9§0§0§D§Bh§x§A§8§0§0§B§6i§x§B§7§0§0§9§2n§x§C§6§0§0§6§De§x§D§5§0§0§4§9 §x§E§4§0§0§2§4O§x§F§3§0§0§0§0n§x§E§4§0§0§2§4i§x§D§5§0§0§4§9 §x§C§6§0§0§6§DB§x§B§7§0§0§9§2o§x§A§8§0§0§B§6o§x§9§9§0§0§D§Bt§x§8§A§0§0§F§Fs from storage
[15:04:12] > DanRaiv remove x1 §f§l§8B§x§6§3§6§3§6§3a§x§7§1§7§1§7§1h§x§8§0§8§0§8§0a§x§8§E§8§E§8§Em§x§9§C§9§C§9§Cu§7t§x§9§C§9§C§9§C §x§8§E§8§E§8§ES§x§8§0§8§0§8§0t§x§7§1§7§1§7§1a§x§6§3§6§3§6§3f§8f from storage
[15:04:12] > DanRaiv remove x1 §x§F§F§7§C§0§0§lSteamsparks Helmet from storage
[15:04:12] > .SharkyisHungry remove x1 §f§l§x§8§A§0§0§F§FS§x§9§5§0§0§E§4h§x§A§0§0§0§C§9i§x§A§B§0§0§A§En§x§B§6§0§0§9§4e§x§C§1§0§0§7§9 §x§C§C§0§0§5§EO§x§D§7§0§0§4§3n§x§E§2§0§0§2§8i§x§E§D§0§0§0§D C§x§E§2§0§0§2§8h§x§D§7§0§0§4§3e§x§C§C§0§0§5§Es§x§C§1§0§0§7§9t§x§B§6§0§0§9§4p§x§A§B§0§0§A§El§x§A§0§0§0§C§9a§x§9§5§0§0§E§4t§x§8§A§0§0§F§Fe from buy
[15:04:12] > DanRaiv remove x1 §f§l§x§F§C§D§0§5§CW§x§F§B§C§1§5§5u§x§F§B§B§2§4§Fk§x§F§A§A§3§4§8o§x§F§9§9§5§4§2n§x§F§9§8§6§3§Bg§x§F§8§7§7§3§5 §x§F§8§6§8§2§EL§x§F§7§5§9§2§7e§x§F§6§4§A§2§1g§x§F§6§3§B§1§Ag§x§F§5§2§D§1§4i§x§F§4§1§E§0§Dn§x§F§4§0§F§0§7g§x§F§3§0§0§0§0s from storage
[15:04:13] > DanRaiv remove x1 §f§l§8B§x§6§3§6§3§6§3a§x§7§1§7§1§7§1h§x§8§0§8§0§8§0a§x§8§E§8§E§8§Em§x§9§C§9§C§9§Cu§7t§x§9§C§9§C§9§C §x§8§E§8§E§8§EB§x§8§0§8§0§8§0o§x§7§1§7§1§7§1o§x§6§3§6§3§6§3t§8s from storage
[15:04:16] > BushSeat remove x1 §x§F§F§7§C§0§0§lSteamsparks Shield from buy
[15:04:16] > BushSeat remove x6 Netherite upgrade smithing template from buy
[15:04:17] > BushSeat remove x1 §x§E§5§1§B§1§B§lDracula Chestplate from buy
[15:04:33] > oryvu added x1 §f§l§x§8§A§0§0§F§FS§x§9§8§0§0§D§Dh§x§A§6§0§0§B§Bi§x§B§4§0§0§9§9n§x§C§2§0§0§7§7e§x§D§0§0§0§5§5 §x§D§E§0§0§3§3O§x§E§C§0§0§1§1ni§x§D§E§0§0§3§3 §x§D§0§0§0§5§5S§x§C§2§0§0§7§7h§x§B§4§0§0§9§9o§x§A§6§0§0§B§Bv§x§9§8§0§0§D§De§x§8§A§0§0§F§Fl in auction for 2500000.
[15:05:11] > namerikangel added x1 §7Cemetery Hat in auction for 10000.
[15:05:25] > llhxnce buy x1 §f§l§x§8§A§0§0§F§FS§x§9§6§0§0§E§3h§x§A§1§0§0§C§6i§x§A§D§0§0§A§An§x§B§9§0§0§8§Ee§x§C§4§0§0§7§1 §x§D§0§0§0§5§5O§x§D§C§0§0§3§9n§x§E§7§0§0§1§Ci§x§F§3§0§0§0§0 §x§E§7§0§0§1§CB§x§D§C§0§0§3§9i§x§D§0§0§0§5§5g§x§C§4§0§0§7§1 §x§B§9§0§0§8§ES§x§A§D§0§0§A§Aw§x§A§1§0§0§C§6o§x§9§6§0§0§E§3r§x§8§A§0§0§F§Fd to Hunter_Sung for $1,500,000.
[15:05:26] > MochaFangs added x1 §f§l§x§8§A§0§0§F§FS§x§9§8§0§0§D§Dh§x§A§6§0§0§B§Bi§x§B§4§0§0§9§9n§x§C§2§0§0§7§7e§x§D§0§0§0§5§5 §x§D§E§0§0§3§3O§x§E§C§0§0§1§1ni§x§D§E§0§0§3§3 §x§D§0§0§0§5§5S§x§C§2§0§0§7§7h§x§B§4§0§0§9§9o§x§A§6§0§0§B§Bv§x§9§8§0§0§D§De§x§8§A§0§0§F§Fl in auction for 1500000.
[15:05:30] > llhxnce remove x1 §f§l§x§8§A§0§0§F§FS§x§9§6§0§0§E§3h§x§A§1§0§0§C§6i§x§A§D§0§0§A§An§x§B§9§0§0§8§Ee§x§C§4§0§0§7§1 §x§D§0§0§0§5§5O§x§D§C§0§0§3§9n§x§E§7§0§0§1§Ci§x§F§3§0§0§0§0 §x§E§7§0§0§1§CB§x§D§C§0§0§3§9i§x§D§0§0§0§5§5g§x§C§4§0§0§7§1 §x§B§9§0§0§8§ES§x§A§D§0§0§A§Aw§x§A§1§0§0§C§6o§x§9§6§0§0§E§3r§x§8§A§0§0§F§Fd from buy
[15:05:31] > tic_sz buy x1 §f§l§x§8§A§0§0§F§FS§x§9§8§0§0§D§Dh§x§A§6§0§0§B§Bi§x§B§4§0§0§9§9n§x§C§2§0§0§7§7e§x§D§0§0§0§5§5 §x§D§E§0§0§3§3O§x§E§C§0§0§1§1ni§x§D§E§0§0§3§3 §x§D§0§0§0§5§5S§x§C§2§0§0§7§7h§x§B§4§0§0§9§9o§x§A§6§0§0§B§Bv§x§9§8§0§0§D§De§x§8§A§0§0§F§Fl to MochaFangs for $1,500,000.
[15:05:34] > octopus_01 buy x1 §x§F§F§3§E§0§0§lSellwand Voucher to lorxie for $1,500,000.
[15:05:42] > octopus_01 remove x1 §x§F§F§3§E§0§0§lSellwand Voucher from buy
[15:06:05] > tic_sz added x1 §x§F§F§3§E§0§0§lDemon Lord Wings in auction for 1000000.
[15:06:23] > tic_sz added x1 §x§F§F§3§E§0§0§lDemon Lord Wings in auction for 1000000.
[15:06:42] > tic_sz added x1 §x§F§F§3§E§0§0§lDemon Lord Wings in auction for 1000000.
[15:06:42] > VortexZayne remove x1 §x§E§5§1§B§1§B§lDracula Battleaxe from storage
[15:06:42] > VortexZayne remove x1 §f§l§x§F§C§D§0§5§CW§x§F§A§A§A§4§Bu§x§F§9§8§4§3§Bk§x§F§7§5§F§2§Ao§x§F§5§3§9§1§9n§x§F§4§1§3§0§8g §x§F§5§3§9§1§9S§x§F§7§5§F§2§At§x§F§9§8§4§3§Bi§x§F§A§A§A§4§Bc§x§F§C§D§0§5§Ck from storage
[15:06:42] > VortexZayne remove x1 §x§F§0§7§A§5§4§lZombie Apocalyptic Hoe from storage
[15:06:43] > VortexZayne remove x1 §x§E§5§1§B§1§B§lDracula Sickle from storage
[15:06:43] > VortexZayne remove x1 §x§F§F§3§E§0§0§lD§x§F§F§3§6§0§0§le§x§F§F§2§F§0§0§lm§x§F§F§2§7§0§0§lo§x§F§F§1§F§0§0§ln §x§F§F§1§0§0§0§lL§x§F§F§0§8§0§0§lo§x§F§F§0§0§0§0§lr§x§F§F§0§9§0§0§ld §x§F§F§1§B§0§0§lS§x§F§F§2§3§0§0§lt§x§F§F§2§C§0§0§la§x§F§F§3§5§0§0§lf§x§F§F§3§E§0§0§lf from storage
[15:06:53] > VortexZayne added x1 §f§l§x§8§A§0§0§F§FS§x§9§C§0§0§D§5h§x§A§D§0§0§A§Ai§x§B§F§0§0§8§0n§x§D§0§0§0§5§5e§x§E§2§0§0§2§B §x§F§3§0§0§0§0O§x§E§2§0§0§2§An§x§D§0§0§0§5§5i§x§B§F§0§0§8§0 §x§A§D§0§0§A§AH§x§9§C§0§0§D§5o§x§8§A§0§0§F§Fe in auction for 500000.
[15:06:57] > tic_sz added x1 §x§F§F§3§E§0§0§lDemon Lord Wings in auction for 1000000.
[15:07:07] > VortexZayne added x1 §x§E§5§1§B§1§B§lDracula Battleaxe in auction for 100000.
[15:07:24] > MochaFangs buy x1 §f§l§x§8§A§0§0§F§FS§x§9§C§0§0§D§5h§x§A§D§0§0§A§Ai§x§B§F§0§0§8§0n§x§D§0§0§0§5§5e§x§E§2§0§0§2§B §x§F§3§0§0§0§0O§x§E§2§0§0§2§An§x§D§0§0§0§5§5i§x§B§F§0§0§8§0 §x§A§D§0§0§A§AK§x§9§C§0§0§D§5e§x§8§A§0§0§F§Fy to Abbadex for $2,000,000.
[15:07:29] > MochaFangs remove x1 §f§l§x§8§A§0§0§F§FS§x§9§C§0§0§D§5h§x§A§D§0§0§A§Ai§x§B§F§0§0§8§0n§x§D§0§0§0§5§5e§x§E§2§0§0§2§B §x§F§3§0§0§0§0O§x§E§2§0§0§2§An§x§D§0§0§0§5§5i§x§B§F§0§0§8§0 §x§A§D§0§0§A§AK§x§9§C§0§0§D§5e§x§8§A§0§0§F§Fy from buy
[15:07:33] > VortexZayne added x1 §f§l§x§F§C§D§0§5§CW§x§F§A§A§A§4§Bu§x§F§9§8§4§3§Bk§x§F§7§5§F§2§Ao§x§F§5§3§9§1§9n§x§F§4§1§3§0§8g §x§F§5§3§9§1§9S§x§F§7§5§F§2§At§x§F§9§8§4§3§Bi§x§F§A§A§A§4§Bc§x§F§C§D§0§5§Ck in auction for 100000.
[15:07:45] > tic_sz remove x1 §x§F§F§3§E§0§0§lDemon Lord Wings from storage
[15:07:45] > tic_sz remove x1 §x§F§F§3§E§0§0§lDemon Lord Wings from storage
[15:07:45] > tic_sz remove x1 §x§F§F§3§E§0§0§lDemon Lord Wings from storage
[15:07:46] > tic_sz remove x1 §x§F§F§3§E§0§0§lDemon Lord Wings from storage
[15:07:48] > VortexZayne added x1 §x§F§0§7§A§5§4§lZombie Apocalyptic Hoe in auction for 100000.
[15:07:55] > BlackKnight buy x1 §f§l§x§8§A§0§0§F§FS§x§9§C§0§0§D§5h§x§A§D§0§0§A§Ai§x§B§F§0§0§8§0n§x§D§0§0§0§5§5e§x§E§2§0§0§2§B §x§F§3§0§0§0§0O§x§E§2§0§0§2§An§x§D§0§0§0§5§5i§x§B§F§0§0§8§0 §x§A§D§0§0§A§AH§x§9§C§0§0§D§5o§x§8§A§0§0§F§Fe to VortexZayne for $500,000.
[15:08:00] > VortexZayne added x1 §x§F§F§3§E§0§0§lD§x§F§F§3§6§0§0§le§x§F§F§2§F§0§0§lm§x§F§F§2§7§0§0§lo§x§F§F§1§F§0§0§ln §x§F§F§1§0§0§0§lL§x§F§F§0§8§0§0§lo§x§F§F§0§0§0§0§lr§x§F§F§0§9§0§0§ld §x§F§F§1§B§0§0§lS§x§F§F§2§3§0§0§lt§x§F§F§2§C§0§0§la§x§F§F§3§5§0§0§lf§x§F§F§3§E§0§0§lf in auction for 100000.
[15:08:17] > BlackKnight remove x1 §f§l§x§8§A§0§0§F§FS§x§9§C§0§0§D§5h§x§A§D§0§0§A§Ai§x§B§F§0§0§8§0n§x§D§0§0§0§5§5e§x§E§2§0§0§2§B §x§F§3§0§0§0§0O§x§E§2§0§0§2§An§x§D§0§0§0§5§5i§x§B§F§0§0§8§0 §x§A§D§0§0§A§AH§x§9§C§0§0§D§5o§x§8§A§0§0§F§Fe from buy
[15:09:52] > VortexZayne remove x1 §x§E§5§1§B§1§B§lDracula Battleaxe from storage
[15:09:52] > VortexZayne remove x1 §x§F§F§3§E§0§0§lD§x§F§F§3§6§0§0§le§x§F§F§2§F§0§0§lm§x§F§F§2§7§0§0§lo§x§F§F§1§F§0§0§ln §x§F§F§1§0§0§0§lL§x§F§F§0§8§0§0§lo§x§F§F§0§0§0§0§lr§x§F§F§0§9§0§0§ld §x§F§F§1§B§0§0§lS§x§F§F§2§3§0§0§lt§x§F§F§2§C§0§0§la§x§F§F§3§5§0§0§lf§x§F§F§3§E§0§0§lf from storage
[15:09:53] > VortexZayne remove x1 §x§F§0§7§A§5§4§lZombie Apocalyptic Hoe from storage
[15:09:53] > VortexZayne remove x1 §f§l§x§F§C§D§0§5§CW§x§F§A§A§A§4§Bu§x§F§9§8§4§3§Bk§x§F§7§5§F§2§Ao§x§F§5§3§9§1§9n§x§F§4§1§3§0§8g §x§F§5§3§9§1§9S§x§F§7§5§F§2§At§x§F§9§8§4§3§Bi§x§F§A§A§A§4§Bc§x§F§C§D§0§5§Ck from storage
[15:10:06] > VortexZayne added x1 §x§E§5§1§B§1§B§lDracula Sickle in auction for 100000.
[15:10:14] > lorxie added x1 §x§F§F§3§E§0§0§lSellwand Voucher in auction for 1500000.
[15:10:18] > VortexZayne added x1 §x§E§5§1§B§1§B§lDracula Battleaxe in auction for 100000.
[15:10:29] > lorxie added x1 §x§F§F§3§E§0§0§lSellwand Voucher in auction for 1500000.
[15:10:32] > VortexZayne added x1 §x§F§F§3§E§0§0§lD§x§F§F§3§6§0§0§le§x§F§F§2§F§0§0§lm§x§F§F§2§7§0§0§lo§x§F§F§1§F§0§0§ln §x§F§F§1§0§0§0§lL§x§F§F§0§8§0§0§lo§x§F§F§0§0§0§0§lr§x§F§F§0§9§0§0§ld §x§F§F§1§B§0§0§lS§x§F§F§2§3§0§0§lt§x§F§F§2§C§0§0§la§x§F§F§3§5§0§0§lf§x§F§F§3§E§0§0§lf in auction for 100000.
[15:10:47] > VortexZayne added x1 §f§l§x§F§C§D§0§5§CW§x§F§A§A§A§4§Bu§x§F§9§8§4§3§Bk§x§F§7§5§F§2§Ao§x§F§5§3§9§1§9n§x§F§4§1§3§0§8g §x§F§5§3§9§1§9S§x§F§7§5§F§2§At§x§F§9§8§4§3§Bi§x§F§A§A§A§4§Bc§x§F§C§D§0§5§Ck in auction for 50000.
[15:11:03] > VortexZayne added x1 §x§F§0§7§A§5§4§lZombie Apocalyptic Hoe in auction for 100000.
[15:13:15] > Johng10910 added x1 §f§l§x§F§A§0§0§0§AD§x§F§A§1§E§1§6a§x§F§B§3§B§2§1r§x§F§B§5§9§2§Dk§x§F§B§7§7§3§9f§x§F§B§9§5§4§5l§x§F§C§B§2§5§0a§x§F§C§D§0§5§Cm§x§F§C§B§2§5§0e§x§F§B§9§5§4§5 §x§F§B§7§7§3§9S§x§F§B§5§9§2§Dt§x§F§B§3§B§2§1a§x§F§A§1§E§1§6f§x§F§A§0§0§0§Af in auction for 500000.
[15:13:37] > Johng10910 added x1 §f§l§x§8§A§0§0§F§FS§x§9§9§0§0§D§Bh§x§A§8§0§0§B§6i§x§B§7§0§0§9§2n§x§C§6§0§0§6§De§x§D§5§0§0§4§9 §x§E§4§0§0§2§4O§x§F§3§0§0§0§0n§x§E§4§0§0§2§4i§x§D§5§0§0§4§9 §x§C§6§0§0§6§DS§x§B§7§0§0§9§2t§x§A§8§0§0§B§6a§x§9§9§0§0§D§Bf§x§8§A§0§0§F§Ff in auction for 5000000.
[15:14:38] > Johng10910 remove x1 §f§l§x§8§A§0§0§F§FS§x§9§9§0§0§D§Bh§x§A§8§0§0§B§6i§x§B§7§0§0§9§2n§x§C§6§0§0§6§De§x§D§5§0§0§4§9 §x§E§4§0§0§2§4O§x§F§3§0§0§0§0n§x§E§4§0§0§2§4i§x§D§5§0§0§4§9 §x§C§6§0§0§6§DS§x§B§7§0§0§9§2t§x§A§8§0§0§B§6a§x§9§9§0§0§D§Bf§x§8§A§0§0§F§Ff from storage
[15:14:51] > oryvu remove x1 §f§l§x§8§A§0§0§F§FS§x§9§8§0§0§D§Dh§x§A§6§0§0§B§Bi§x§B§4§0§0§9§9n§x§C§2§0§0§7§7e§x§D§0§0§0§5§5 §x§D§E§0§0§3§3O§x§E§C§0§0§1§1ni§x§D§E§0§0§3§3 §x§D§0§0§0§5§5S§x§C§2§0§0§7§7h§x§B§4§0§0§9§9o§x§A§6§0§0§B§Bv§x§9§8§0§0§D§De§x§8§A§0§0§F§Fl from storage
[15:14:54] > HwanYo buy x1 §f§l§x§8§A§0§0§F§FS§x§9§C§0§0§D§5h§x§A§D§0§0§A§Ai§x§B§F§0§0§8§0n§x§D§0§0§0§5§5e§x§E§2§0§0§2§B §x§F§3§0§0§0§0O§x§E§2§0§0§2§An§x§D§0§0§0§5§5i§x§B§F§0§0§8§0 §x§A§D§0§0§A§AK§x§9§C§0§0§D§5e§x§8§A§0§0§F§Fy to Abbadex for $2,000,000.
[15:15:04] > HwanYo remove x1 §f§l§x§8§A§0§0§F§FS§x§9§C§0§0§D§5h§x§A§D§0§0§A§Ai§x§B§F§0§0§8§0n§x§D§0§0§0§5§5e§x§E§2§0§0§2§B §x§F§3§0§0§0§0O§x§E§2§0§0§2§An§x§D§0§0§0§5§5i§x§B§F§0§0§8§0 §x§A§D§0§0§A§AK§x§9§C§0§0§D§5e§x§8§A§0§0§F§Fy from buy
[15:21:23] > HwanYo added x1 §f§l§8B§x§6§2§6§2§6§2a§x§6§F§6§F§6§Fh§x§7§C§7§C§7§Ca§x§8§9§8§9§8§9m§x§9§6§9§6§9§6u§x§A§3§A§3§A§3t §x§9§6§9§6§9§6H§x§8§9§8§9§8§9a§x§7§C§7§C§7§Cm§x§6§F§6§F§6§Fm§x§6§2§6§2§6§2e§8r in auction for 500000.
[15:21:52] > HwanYo added x1 §f§l§x§8§A§0§0§F§FS§x§9§C§0§0§D§5h§x§A§D§0§0§A§Ai§x§B§F§0§0§8§0n§x§D§0§0§0§5§5e§x§E§2§0§0§2§B §x§F§3§0§0§0§0O§x§E§2§0§0§2§An§x§D§0§0§0§5§5i§x§B§F§0§0§8§0 §x§A§D§0§0§A§AH§x§9§C§0§0§D§5o§x§8§A§0§0§F§Fe in auction for 1500000.
[15:22:26] > x52 Tnt, bought by MrGh0st1y, has just expired, the item is definitively deleted.
[15:22:27] > tic_sz remove x1 §f§l§x§8§A§0§0§F§FS§x§9§8§0§0§D§Dh§x§A§6§0§0§B§Bi§x§B§4§0§0§9§9n§x§C§2§0§0§7§7e§x§D§0§0§0§5§5 §x§D§E§0§0§3§3O§x§E§C§0§0§1§1ni§x§D§E§0§0§3§3 §x§D§0§0§0§5§5S§x§C§2§0§0§7§7h§x§B§4§0§0§9§9o§x§A§6§0§0§B§Bv§x§9§8§0§0§D§De§x§8§A§0§0§F§Fl from buy
[15:23:15] > AxoLittle added x1 Enchanted book in auction for 3000.
[15:23:31] > HwanYo buy x1 §x§F§F§3§E§0§0§lSellwand Voucher to lorxie for $1,500,000.
[15:23:35] > HwanYo remove x1 §x§F§F§3§E§0§0§lSellwand Voucher from buy
[15:23:51] > RizzaIck added x1 §x§E§5§1§B§1§B§lDracula Staff in auction for 200000.
[15:24:28] > RizzaIck added x1 §f§l§8B§x§6§2§6§2§6§2a§x§6§F§6§F§6§Fh§x§7§C§7§C§7§Ca§x§8§9§8§9§8§9m§x§9§6§9§6§9§6u§x§A§3§A§3§A§3t §x§9§6§9§6§9§6H§x§8§9§8§9§8§9e§x§7§C§7§C§7§Cl§x§6§F§6§F§6§Fm§x§6§2§6§2§6§2e§8t in auction for 800000.
[15:26:13] > RizzaIck added x1 §x§5§9§A§1§D§9§lA§x§7§5§B§1§D§Fr§x§9§0§C§0§E§6c§x§A§C§D§0§E§Ch§x§C§8§E§0§F§2a§x§E§3§E§F§F§9n§fg§x§E§3§E§F§F§9e§x§C§8§E§0§F§2l §x§9§0§C§0§E§6H§x§7§5§B§1§D§Fa§x§5§9§A§1§D§9t in auction for 800000.
[15:26:24] > RizzaIck added x1 §x§F§F§7§C§0§0§lSteamsparks Wings in auction for 500000.
[15:29:55] > .SharkyisHungry remove x1 §f§l§x§8§A§0§0§F§FS§x§9§9§0§0§D§Bh§x§A§8§0§0§B§6i§x§B§7§0§0§9§2n§x§C§6§0§0§6§De§x§D§5§0§0§4§9 §x§E§4§0§0§2§4O§x§F§3§0§0§0§0n§x§E§4§0§0§2§4i§x§D§5§0§0§4§9 §x§C§6§0§0§6§DS§x§B§7§0§0§9§2p§x§A§8§0§0§B§6e§x§9§9§0§0§D§Ba§x§8§A§0§0§F§Fr from storage
[15:29:56] > .SharkyisHungry remove x1 §esᴋᴇʟᴇᴛᴏɴ sᴘᴀᴡɴᴇʀ from storage
[15:30:12] > .SharkyisHungry added x1 §f§l§x§8§A§0§0§F§FS§x§9§9§0§0§D§Bh§x§A§8§0§0§B§6i§x§B§7§0§0§9§2n§x§C§6§0§0§6§De§x§D§5§0§0§4§9 §x§E§4§0§0§2§4O§x§F§3§0§0§0§0n§x§E§4§0§0§2§4i§x§D§5§0§0§4§9 §x§C§6§0§0§6§DS§x§B§7§0§0§9§2p§x§A§8§0§0§B§6e§x§9§9§0§0§D§Ba§x§8§A§0§0§F§Fr in auction for 1234567.
[15:32:26] > SeamedTuna buy x1 §x§F§F§3§E§0§0§lD§x§F§F§3§6§0§0§le§x§F§F§2§F§0§0§lm§x§F§F§2§7§0§0§lo§x§F§F§1§F§0§0§ln §x§F§F§1§0§0§0§lL§x§F§F§0§8§0§0§lo§x§F§F§0§0§0§0§lr§x§F§F§0§9§0§0§ld §x§F§F§1§B§0§0§lB§x§F§F§2§3§0§0§lo§x§F§F§2§C§0§0§lo§x§F§F§3§5§0§0§lt§x§F§F§3§E§0§0§ls to Sngel25 for $100,000.
[15:32:36] > monggol added x1 §x§F§F§7§C§0§0§lSteamsparks Hat in auction for 500000.
[15:33:08] > SeamedTuna buy x1 Potion to baciu for $200.
[15:33:16] > SeamedTuna remove x1 §x§F§F§3§E§0§0§lD§x§F§F§3§6§0§0§le§x§F§F§2§F§0§0§lm§x§F§F§2§7§0§0§lo§x§F§F§1§F§0§0§ln §x§F§F§1§0§0§0§lL§x§F§F§0§8§0§0§lo§x§F§F§0§0§0§0§lr§x§F§F§0§9§0§0§ld §x§F§F§1§B§0§0§lB§x§F§F§2§3§0§0§lo§x§F§F§2§C§0§0§lo§x§F§F§3§5§0§0§lt§x§F§F§3§E§0§0§ls from buy
[15:33:16] > SeamedTuna remove x1 Potion from buy
[15:33:32] > monggol added x1 §x§F§F§7§C§0§0§lSteamsparks Spear in auction for 123456.
[15:34:51] > Johng10910 added x1 REDSTONE SHULKER in auction for 500000.
[15:37:06] > Lan3dy added x1 §x§5§C§C§F§F§C§lC§x§5§C§D§1§F§5§lo§x§5§D§D§4§E§E§ls§x§5§D§D§6§E§7§lm§x§5§E§D§9§E§1§le§x§5§E§D§B§D§A§lt§x§5§E§D§D§D§3§li§x§5§F§E§0§C§C§lc §x§5§F§E§0§C§C§lH§x§5§E§D§D§D§3§la§x§5§E§D§B§D§A§lt§x§5§E§D§9§E§1§ls §x§5§D§D§4§E§E§lK§x§5§C§D§1§F§5§le§x§5§C§C§F§F§C§ly in auction for 65000.
[15:38:09] > HwanYo added x1 §eʙʟᴀᴢᴇ sᴘᴀᴡɴᴇʀ in auction for 200000.
[15:38:13] > imnectarfr added x1 §f§x§6§B§2§C§C§6G§x§7§0§3§2§C§Ca§x§7§5§3§8§D§2l§x§7§A§3§E§D§8a§x§7§F§4§4§D§Ex§x§8§4§4§9§E§5y§x§8§9§4§F§E§B §x§8§E§5§5§F§1H§x§9§3§5§B§F§7a§x§9§8§6§1§F§Dt in auction for 200000.
[15:38:24] > butchtaylor added x1 §eᴡɪᴛᴄʜ ꜱᴘᴀᴡɴᴇʀ in auction for 100000.
[15:38:28] > HwanYo buy x1 §eᴡɪᴛᴄʜ ꜱᴘᴀᴡɴᴇʀ to butchtaylor for $100,000.
[15:38:41] > DanRaiv added x1 §fSun Visor Hat in auction for 10.
[15:38:47] > RizzaIck added x1 §x§5§C§C§F§F§C§lC§x§5§C§D§1§F§5§lo§x§5§D§D§4§E§E§ls§x§5§D§D§6§E§7§lm§x§5§E§D§9§E§1§le§x§5§E§D§B§D§A§lt§x§5§E§D§D§D§3§li§x§5§F§E§0§C§C§lc §x§5§F§E§0§C§C§lH§x§5§E§D§D§D§3§la§x§5§E§D§B§D§A§lt§x§5§E§D§9§E§1§ls §x§5§D§D§4§E§E§lK§x§5§C§D§1§F§5§le§x§5§C§C§F§F§C§ly in auction for 50000.
[15:38:53] > DanRaiv added x1 §fMedieval Hat in auction for 100.
[15:39:40] > octopus_01 added x2 Enchanted golden apple in auction for 10.
[15:40:24] > butchtaylor buy x1 Enchanted book to AxoLittle for $3,000.
[15:40:34] > Bus buy x2 Enchanted golden apple to octopus_01 for $10.
[15:40:55] > .SharkyisHungry added x1 §x§F§F§3§E§0§0§lDemon Lord Wings in auction for 1345678.
[15:41:02] > Malachkite buy x1 §f§l§x§F§C§D§0§5§CW§x§F§A§A§A§4§Bu§x§F§9§8§4§3§Bk§x§F§7§5§F§2§Ao§x§F§5§3§9§1§9n§x§F§4§1§3§0§8g §x§F§5§3§9§1§9S§x§F§7§5§F§2§At§x§F§9§8§4§3§Bi§x§F§A§A§A§4§Bc§x§F§C§D§0§5§Ck to VortexZayne for $50,000.
[15:41:16] > Bus buy x1 §fSun Visor Hat to DanRaiv for $10.
[15:41:20] > Malachkite remove x1 §f§l§x§F§C§D§0§5§CW§x§F§A§A§A§4§Bu§x§F§9§8§4§3§Bk§x§F§7§5§F§2§Ao§x§F§5§3§9§1§9n§x§F§4§1§3§0§8g §x§F§5§3§9§1§9S§x§F§7§5§F§2§At§x§F§9§8§4§3§Bi§x§F§A§A§A§4§Bc§x§F§C§D§0§5§Ck from buy
[15:41:21] > DanRaiv remove x1 §fMedieval Hat from storage
[15:41:25] > DanRaiv remove x1 §x§F§F§3§E§0§0§lDemon Lord Wings from storage
[15:41:30] > DanRaiv added x1 §x§F§F§3§E§0§0§lDemon Lord Wings in auction for 2500000.
[15:41:32] > butchtaylor buy x1 §x§E§5§1§B§1§B§lDracula Key to Abbadex for $200,000.
[15:42:20] > butchtaylor remove x1 Enchanted book form buy
[15:42:20] > butchtaylor remove x1 §x§E§5§1§B§1§B§lDracula Key form buy
[15:42:47] > octopus_01 added x1 §eᴘɪɢ sᴘᴀᴡɴᴇʀ in auction for 500000.
[15:43:30] > butchtaylor added x1 §x§E§5§1§B§1§B§lDracula Dagger in auction for 250000.
[15:43:43] > Malachkite added x1 §x§E§5§1§B§1§B§lDracula Dagger in auction for 250000.
[15:46:47] > DanRaiv added x1 §f§l§8B§x§6§3§6§3§6§3a§x§7§1§7§1§7§1h§x§8§0§8§0§8§0a§x§8§E§8§E§8§Em§x§9§C§9§C§9§Cu§7t§x§9§C§9§C§9§C §x§8§E§8§E§8§ES§x§8§0§8§0§8§0t§x§7§1§7§1§7§1a§x§6§3§6§3§6§3f§8f in auction for 1000000.
[15:48:44] > AxoLittle added x1 Enchanted book in auction for 3000.
[15:48:55] > AxoLittle added x1 Enchanted book in auction for 3000.
[15:49:08] > AxoLittle added x1 Enchanted book in auction for 3000.
[15:53:47] > MrZyrus7228 added x1 Legendary wall in auction for 1000000.
[15:57:26] > octopus_01 added x1 Trial key in auction for 50000.
[15:59:27] > DanRaiv added x1 Enchanted book in auction for 1000.
[16:06:16] > kysicx added x1 §x§F§F§5§5§0§0§lsᴇʟʟᴡᴀɴᴅ §6- 5.0x in auction for 450000.
[16:08:46] > .SharkyisHungry remove x1 §f§l§x§8§A§0§0§F§FS§x§9§9§0§0§D§Bh§x§A§8§0§0§B§6i§x§B§7§0§0§9§2n§x§C§6§0§0§6§De§x§D§5§0§0§4§9 §x§E§4§0§0§2§4O§x§F§3§0§0§0§0n§x§E§4§0§0§2§4i§x§D§5§0§0§4§9 §x§C§6§0§0§6§DS§x§B§7§0§0§9§2p§x§A§8§0§0§B§6e§x§9§9§0§0§D§Ba§x§8§A§0§0§F§Fr from storage
[16:09:29] > HwanYo added x64 Experience bottle in auction for 135000.
[16:09:36] > Quibz added x1 §x§F§F§3§E§0§0§lD§x§F§F§3§6§0§0§le§x§F§F§2§F§0§0§lm§x§F§F§2§7§0§0§lo§x§F§F§1§F§0§0§ln §x§F§F§1§0§0§0§lL§x§F§F§0§8§0§0§lo§x§F§F§0§0§0§0§lr§x§F§F§0§8§0§0§ld §x§F§F§1§7§0§0§lS§x§F§F§1§F§0§0§lh§x§F§F§2§7§0§0§li§x§F§F§2§F§0§0§le§x§F§F§3§6§0§0§ll§x§F§F§3§E§0§0§ld in auction for 100000.
[16:09:40] > HwanYo added x64 Experience bottle in auction for 135000.
[16:09:50] > HwanYo added x64 Experience bottle in auction for 135000.
[16:10:01] > HwanYo added x64 Experience bottle in auction for 135000.
[16:11:45] > butchtaylor buy x1 Enchanted book to AxoLittle for $3,000.
[16:11:47] > EnderDragon0120 remove x1 §f§l§8B§x§6§3§6§3§6§3a§x§7§1§7§1§7§1h§x§8§0§8§0§8§0a§x§8§E§8§E§8§Em§x§9§C§9§C§9§Cu§7t§x§9§C§9§C§9§C §x§8§E§8§E§8§ES§x§8§0§8§0§8§0t§x§7§1§7§1§7§1a§x§6§3§6§3§6§3f§8f form storage
[16:11:49] > butchtaylor buy x1 Enchanted book to AxoLittle for $3,000.
[16:11:51] > butchtaylor buy x1 Enchanted book to AxoLittle for $3,000.
[16:13:29] > EnderDragon0120 added x1 §f§l§8B§x§6§3§6§3§6§3a§x§7§1§7§1§7§1h§x§8§0§8§0§8§0a§x§8§E§8§E§8§Em§x§9§C§9§C§9§Cu§7t§x§9§C§9§C§9§C §x§8§E§8§E§8§ES§x§8§0§8§0§8§0t§x§7§1§7§1§7§1a§x§6§3§6§3§6§3f§8f in auction for 3000000.
[16:14:54] > butchtaylor buy x1 Enchanted book to BlueTea_Official for $500,000.
[16:15:04] > TostyZura remove x1 §x§E§4§3§A§9§6§lW§x§E§7§5§3§A§3§lI§x§E§B§6§B§B§0§lN§x§E§E§8§4§B§D§lG§x§F§2§9§D§C§B§lS §x§F§8§C§E§E§5§lO§x§F§C§E§6§F§2§lF §x§F§C§E§6§F§2§lE§x§F§8§C§E§E§5§lT§x§F§5§B§5§D§8§lE§x§F§2§9§D§C§B§lR§x§E§E§8§4§B§D§lN§x§E§B§6§B§B§0§lI§x§E§7§5§3§A§3§lT§x§E§4§3§A§9§6§lY from storage
[16:15:14] > TostyZura added x1 §x§E§4§3§A§9§6§lW§x§E§7§5§3§A§3§lI§x§E§B§6§B§B§0§lN§x§E§E§8§4§B§D§lG§x§F§2§9§D§C§B§lS §x§F§8§C§E§E§5§lO§x§F§C§E§6§F§2§lF §x§F§C§E§6§F§2§lE§x§F§8§C§E§E§5§lT§x§F§5§B§5§D§8§lE§x§F§2§9§D§C§B§lR§x§E§E§8§4§B§D§lN§x§E§B§6§B§B§0§lI§x§E§7§5§3§A§3§lT§x§E§4§3§A§9§6§lY in auction for 10000000.
[16:15:16] > butchtaylor remove x1 Enchanted book form buy
[16:15:16] > butchtaylor remove x1 Enchanted book form buy
[16:15:16] > butchtaylor remove x1 Enchanted book form buy
[16:15:16] > butchtaylor remove x1 Enchanted book form buy
[16:18:42] > refiring buy x64 Experience bottle to HwanYo for $135,000.
[16:18:48] > .AyakoKoru buy x1 §x§5§C§C§F§F§C§lC§x§5§C§D§1§F§5§lo§x§5§D§D§4§E§E§ls§x§5§D§D§6§E§7§lm§x§5§E§D§9§E§1§le§x§5§E§D§B§D§A§lt§x§5§E§D§D§D§3§li§x§5§F§E§0§C§C§lc §x§5§F§E§0§C§C§lH§x§5§E§D§D§D§3§la§x§5§E§D§B§D§A§lt§x§5§E§D§9§E§1§ls §x§5§D§D§4§E§E§lK§x§5§C§D§1§F§5§le§x§5§C§C§F§F§C§ly to HwanYo for $50,000.
[16:18:49] > refiring remove x64 Experience bottle from buy
[16:18:50] > TostyZura remove x1 Flight 2 from buy
[16:19:38] > .AyakoKoru buy x1 §x§5§C§C§F§F§C§lC§x§5§C§D§1§F§5§lo§x§5§D§D§4§E§E§ls§x§5§D§D§6§E§7§lm§x§5§E§D§9§E§1§le§x§5§E§D§B§D§A§lt§x§5§E§D§D§D§3§li§x§5§F§E§0§C§C§lc §x§5§F§E§0§C§C§lH§x§5§E§D§D§D§3§la§x§5§E§D§B§D§A§lt§x§5§E§D§9§E§1§ls §x§5§D§D§4§E§E§lK§x§5§C§D§1§F§5§le§x§5§C§C§F§F§C§ly to RizzaIck for $50,000.
[16:19:56] > .AyakoKoru buy x1 §x§5§C§C§F§F§C§lC§x§5§C§D§1§F§5§lo§x§5§D§D§4§E§E§ls§x§5§D§D§6§E§7§lm§x§5§E§D§9§E§1§le§x§5§E§D§B§D§A§lt§x§5§E§D§D§D§3§li§x§5§F§E§0§C§C§lc §x§5§F§E§0§C§C§lH§x§5§E§D§D§D§3§la§x§5§E§D§B§D§A§lt§x§5§E§D§9§E§1§ls §x§5§D§D§4§E§E§lK§x§5§C§D§1§F§5§le§x§5§C§C§F§F§C§ly to Lan3dy for $65,000.
[16:19:56] > x1 WOW on sale by FRANZ_JOSEF0 has just expired, it goes in the inventory of expired items.
[16:20:07] > .AyakoKoru remove x1 §x§5§C§C§F§F§C§lC§x§5§C§D§1§F§5§lo§x§5§D§D§4§E§E§ls§x§5§D§D§6§E§7§lm§x§5§E§D§9§E§1§le§x§5§E§D§B§D§A§lt§x§5§E§D§D§D§3§li§x§5§F§E§0§C§C§lc §x§5§F§E§0§C§C§lH§x§5§E§D§D§D§3§la§x§5§E§D§B§D§A§lt§x§5§E§D§9§E§1§ls §x§5§D§D§4§E§E§lK§x§5§C§D§1§F§5§le§x§5§C§C§F§F§C§ly from buy
[16:20:08] > .AyakoKoru remove x1 §x§5§C§C§F§F§C§lC§x§5§C§D§1§F§5§lo§x§5§D§D§4§E§E§ls§x§5§D§D§6§E§7§lm§x§5§E§D§9§E§1§le§x§5§E§D§B§D§A§lt§x§5§E§D§D§D§3§li§x§5§F§E§0§C§C§lc §x§5§F§E§0§C§C§lH§x§5§E§D§D§D§3§la§x§5§E§D§B§D§A§lt§x§5§E§D§9§E§1§ls §x§5§D§D§4§E§E§lK§x§5§C§D§1§F§5§le§x§5§C§C§F§F§C§ly from buy
[16:20:14] > .AyakoKoru remove x1 §x§5§C§C§F§F§C§lC§x§5§C§D§1§F§5§lo§x§5§D§D§4§E§E§ls§x§5§D§D§6§E§7§lm§x§5§E§D§9§E§1§le§x§5§E§D§B§D§A§lt§x§5§E§D§D§D§3§li§x§5§F§E§0§C§C§lc §x§5§F§E§0§C§C§lH§x§5§E§D§D§D§3§la§x§5§E§D§B§D§A§lt§x§5§E§D§9§E§1§ls §x§5§D§D§4§E§E§lK§x§5§C§D§1§F§5§le§x§5§C§C§F§F§C§ly from buy
[16:20:31] > butchtaylor added x3 Enchanted golden apple in auction for 250000.
[16:20:45] > refiring buy x1 §x§F§0§7§A§5§4§lZombie Apocalyptic Shield to sigman for $150,000.
[16:20:50] > refiring remove x1 §x§F§0§7§A§5§4§lZombie Apocalyptic Shield from buy
[16:23:32] > .AyakoKoru added x1 §fFlower Hat in auction for 100000.
[16:23:43] > .AyakoKoru added x1 §fMysterious Hat in auction for 100000.
[16:24:08] > .AyakoKoru added x1 §fSun Visor Hat in auction for 100000.
[16:28:00] > celinesanrio added x1 §f§x§D§0§D§0§D§0J§x§C§9§C§9§C§9e§x§C§2§C§2§C§2t§x§B§B§B§B§B§B §x§B§3§B§3§B§3P§x§A§C§A§C§A§Ci§x§A§5§A§5§A§5l§x§9§E§9§E§9§Eo§x§9§7§9§7§9§7t§x§9§0§9§0§9§0 §x§8§9§8§9§8§9H§x§8§2§8§2§8§2e§x§7§A§7§A§7§Al§x§7§3§7§3§7§3m§x§6§C§6§C§6§Ce§x§6§5§6§5§6§5t in auction for 15000.
[16:35:43] > x1 §x§F§0§7§A§5§4§lZombie Apocalyptic SMG on sale by baba has just expired, it goes in the inventory of expired items.
[16:39:24] > DanRaiv added x1 Enchanted book in auction for 100.
[16:40:42] > .MildFeline08793 buy x1 Enchanted book to DanRaiv for $100.
[16:44:39] > baba buy x64 Experience bottle to HwanYo for $135,000.
[16:44:45] > baba buy x64 Experience bottle to HwanYo for $135,000.
[16:44:49] > baba buy x64 Experience bottle to HwanYo for $135,000.
[16:44:59] > baba remove x64 Experience bottle from buy
[16:44:59] > baba remove x64 Experience bottle from buy
[16:45:00] > baba remove x64 Experience bottle from buy
[16:45:09] > sean_kirby added x1 Enchanted book in auction for 2000.
[16:45:43] > SP3CC_ buy x1 Enchanted book to sean_kirby for $2,000.
[16:45:46] > ELITEWARRIOR buy x1 Enchanted book to DanRaiv for $1,000.
[16:45:53] > SP3CC_ remove x1 Enchanted book from buy
[16:46:44] > Johng10910 remove x1 §f§l§x§F§C§D§0§5§CW§x§F§B§A§D§4§Du§x§F§9§8§B§3§Dk§x§F§8§6§8§2§Eo§x§F§6§4§5§1§Fn§x§F§5§2§3§0§Fg§x§F§3§0§0§0§0 §x§F§5§2§3§0§FH§x§F§6§4§5§1§Fa§x§F§8§6§8§2§Em§x§F§9§8§B§3§Dm§x§F§B§A§D§4§De§x§F§C§D§0§5§Cr from storage
[16:47:04] > Johng10910 added x1 §f§l§x§F§C§D§0§5§CW§x§F§B§A§D§4§Du§x§F§9§8§B§3§Dk§x§F§8§6§8§2§Eo§x§F§6§4§5§1§Fn§x§F§5§2§3§0§Fg§x§F§3§0§0§0§0 §x§F§5§2§3§0§FH§x§F§6§4§5§1§Fa§x§F§8§6§8§2§Em§x§F§9§8§B§3§Dm§x§F§B§A§D§4§De§x§F§C§D§0§5§Cr in auction for 1000000.
[16:47:55] > x1 §x§F§F§3§E§0§0§lD§x§F§F§3§5§0§0§le§x§F§F§2§C§0§0§lm§x§F§F§2§3§0§0§lo§x§F§F§1§B§0§0§ln §x§F§F§0§9§0§0§lL§x§F§F§0§0§0§0§lo§x§F§F§0§A§0§0§lr§x§F§F§1§5§0§0§ld §x§F§F§2§9§0§0§lH§x§F§F§3§4§0§0§lo§x§F§F§3§E§0§0§le on sale by baba has just expired, it goes in the inventory of expired items.
[16:50:56] > baba remove x1 ExpBottles restocked ./pwarp warp MysticShop from storage
[16:51:12] > baba added x1 ExpBottles restocked ./pwarp warp MysticShop in auction for 1000000000.
[16:51:26] > Zypher_0w0 added x1 §f§l§x§8§A§0§0§F§FS§x§9§7§0§0§D§Fh§x§A§4§0§0§B§Fi§x§B§1§0§0§9§Fn§x§B§F§0§0§8§0e§x§C§C§0§0§6§0 §x§D§9§0§0§4§0O§x§E§6§0§0§2§0n§x§F§3§0§0§0§0i§x§E§6§0§0§2§0 §x§D§9§0§0§4§0P§x§C§C§0§0§6§0i§x§B§F§0§0§8§0c§x§B§1§0§0§9§Fk§x§A§4§0§0§B§Fa§x§9§7§0§0§D§Fx§x§8§A§0§0§F§Fe in auction for 3500000.
[16:51:45] > Zypher_0w0 added x1 §f§l§x§8§A§0§0§F§FS§x§9§7§0§0§D§Fh§x§A§4§0§0§B§Fi§x§B§1§0§0§9§Fn§x§B§F§0§0§8§0e§x§C§C§0§0§6§0 §x§D§9§0§0§4§0O§x§E§6§0§0§2§0n§x§F§3§0§0§0§0i§x§E§6§0§0§2§0 §x§D§9§0§0§4§0P§x§C§C§0§0§6§0i§x§B§F§0§0§8§0c§x§B§1§0§0§9§Fk§x§A§4§0§0§B§Fa§x§9§7§0§0§D§Fx§x§8§A§0§0§F§Fe in auction for 350000.
[16:53:16] > baba added x1 Villager spawn egg in auction for 3500000.
[16:58:16] > baba remove x1 §f§l§8B§x§6§6§6§6§6§6a§x§7§7§7§7§7§7h§x§8§8§8§8§8§8a§x§9§9§9§9§9§9m§7u§x§9§9§9§9§9§9t§x§8§8§8§8§8§8 §x§7§7§7§7§7§7H§x§6§6§6§6§6§6a§8t from storage
[16:58:33] > celinesanrio buy x1 §f§l§8B§x§6§2§6§2§6§2a§x§6§F§6§F§6§Fh§x§7§C§7§C§7§Ca§x§8§9§8§9§8§9m§x§9§6§9§6§9§6u§x§A§3§A§3§A§3t §x§9§6§9§6§9§6H§x§8§9§8§9§8§9e§x§7§C§7§C§7§Cl§x§6§F§6§F§6§Fm§x§6§2§6§2§6§2e§8t to RizzaIck for $800,000.
[16:58:36] > celinesanrio remove x1 §f§l§8B§x§6§2§6§2§6§2a§x§6§F§6§F§6§Fh§x§7§C§7§C§7§Ca§x§8§9§8§9§8§9m§x§9§6§9§6§9§6u§x§A§3§A§3§A§3t §x§9§6§9§6§9§6H§x§8§9§8§9§8§9e§x§7§C§7§C§7§Cl§x§6§F§6§F§6§Fm§x§6§2§6§2§6§2e§8t form buy
[16:59:02] > HwanYo buy x1 §x§F§F§5§5§0§0§lsᴇʟʟᴡᴀɴᴅ §6- 5.0x to kysicx for $450,000.
[16:59:08] > celinesanrio buy x1 §f§l§8B§x§5§F§5§F§5§Fa§x§6§9§6§9§6§9h§x§7§3§7§3§7§3a§x§7§D§7§D§7§Dm§x§8§7§8§7§8§7u§x§9§1§9§1§9§1t§x§9§B§9§B§9§B §x§A§5§A§5§A§5Gr§x§9§B§9§B§9§Be§x§9§1§9§1§9§1a§x§8§7§8§7§8§7t§x§7§D§7§D§7§Ds§x§7§3§7§3§7§3w§x§6§9§6§9§6§9o§x§5§F§5§F§5§Fr§8d to koshie for $1,000,000.
[16:59:20] > baba added x1 §f§l§8B§x§6§6§6§6§6§6a§x§7§7§7§7§7§7h§x§8§8§8§8§8§8a§x§9§9§9§9§9§9m§7u§x§9§9§9§9§9§9t§x§8§8§8§8§8§8 §x§7§7§7§7§7§7H§x§6§6§6§6§6§6a§8t in auction for 200000.
[16:59:28] > baba remove x1 §f§l§8B§x§6§6§6§6§6§6a§x§7§7§7§7§7§7h§x§8§8§8§8§8§8a§x§9§9§9§9§9§9m§7u§x§9§9§9§9§9§9t§x§8§8§8§8§8§8 §x§7§7§7§7§7§7H§x§6§6§6§6§6§6a§8t from storage
[16:59:31] > celinesanrio remove x1 §f§l§8B§x§5§F§5§F§5§Fa§x§6§9§6§9§6§9h§x§7§3§7§3§7§3a§x§7§D§7§D§7§Dm§x§8§7§8§7§8§7u§x§9§1§9§1§9§1t§x§9§B§9§B§9§B §x§A§5§A§5§A§5Gr§x§9§B§9§B§9§Be§x§9§1§9§1§9§1a§x§8§7§8§7§8§7t§x§7§D§7§D§7§Ds§x§7§3§7§3§7§3w§x§6§9§6§9§6§9o§x§5§F§5§F§5§Fr§8d from buy
[16:59:47] > Johng10910 buy x1 §f§l§x§8§A§0§0§F§FS§x§9§7§0§0§D§Fh§x§A§4§0§0§B§Fi§x§B§1§0§0§9§Fn§x§B§F§0§0§8§0e§x§C§C§0§0§6§0 §x§D§9§0§0§4§0O§x§E§6§0§0§2§0n§x§F§3§0§0§0§0i§x§E§6§0§0§2§0 §x§D§9§0§0§4§0P§x§C§C§0§0§6§0i§x§B§F§0§0§8§0c§x§B§1§0§0§9§Fk§x§A§4§0§0§B§Fa§x§9§7§0§0§D§Fx§x§8§A§0§0§F§Fe to Zypher_0w0 for $350,000.
[17:01:22] > celinesanrio remove x1 Shulker box form storage
[17:01:22] > celinesanrio remove x14 Nautilus shell form storage
[17:01:22] > celinesanrio remove x1 §f§x§D§0§D§0§D§0J§x§C§9§C§9§C§9e§x§C§2§C§2§C§2t§x§B§B§B§B§B§B §x§B§3§B§3§B§3P§x§A§C§A§C§A§Ci§x§A§5§A§5§A§5l§x§9§E§9§E§9§Eo§x§9§7§9§7§9§7t§x§9§0§9§0§9§0 §x§8§9§8§9§8§9H§x§8§2§8§2§8§2e§x§7§A§7§A§7§Al§x§7§3§7§3§7§3m§x§6§C§6§C§6§Ce§x§6§5§6§5§6§5t form storage
[17:01:35] > Technoblad7869 remove x1 §x§F§F§3§E§0§0§lDemon Lord Wings from storage
[17:01:53] > celinesanrio added x1 Shulker box in auction for 630000.
[17:02:08] > celinesanrio added x7 Nautilus shell in auction for 95000.
[17:02:23] > celinesanrio added x1 §f§x§D§0§D§0§D§0J§x§C§9§C§9§C§9e§x§C§2§C§2§C§2t§x§B§B§B§B§B§B §x§B§3§B§3§B§3P§x§A§C§A§C§A§Ci§x§A§5§A§5§A§5l§x§9§E§9§E§9§Eo§x§9§7§9§7§9§7t§x§9§0§9§0§9§0 §x§8§9§8§9§8§9H§x§8§2§8§2§8§2e§x§7§A§7§A§7§Al§x§7§3§7§3§7§3m§x§6§C§6§C§6§Ce§x§6§5§6§5§6§5t in auction for 10000.
[17:02:36] > baba added x1 §f§l§8B§x§6§6§6§6§6§6a§x§7§7§7§7§7§7h§x§8§8§8§8§8§8a§x§9§9§9§9§9§9m§7u§x§9§9§9§9§9§9t§x§8§8§8§8§8§8 §x§7§7§7§7§7§7H§x§6§6§6§6§6§6a§8t in auction for 1500000.
[17:02:38] > celinesanrio added x7 Nautilus shell in auction for 95000.
[17:02:59] > Technoblad7869 added x1 §x§F§F§3§E§0§0§lDemon Lord Wings in auction for 500000.
[17:05:11] > BushSeat buy x1 §x§F§F§3§E§0§0§lDemon Lord Wings to Technoblad7869 for $500,000.
[17:05:16] > BushSeat remove x1 §x§F§F§3§E§0§0§lDemon Lord Wings from buy
[17:08:10] > Trv added x1 §x§F§F§3§E§0§0§lD§x§F§F§3§7§0§0§le§x§F§F§3§0§0§0§lm§x§F§F§2§9§0§0§lo§x§F§F§2§2§0§0§ln §x§F§F§1§5§0§0§lL§x§F§F§0§E§0§0§lo§x§F§F§0§7§0§0§lr§x§F§F§0§0§0§0§ld §x§F§F§0§E§0§0§lC§x§F§F§1§5§0§0§lr§x§F§F§1§C§0§0§lo§x§F§F§2§2§0§0§ls§x§F§F§2§9§0§0§ls§x§F§F§3§0§0§0§lb§x§F§F§3§7§0§0§lo§x§F§F§3§E§0§0§lw in auction for 100000.
[17:10:20] > Trv added x1 §fShogun Bow in auction for 100000.
[17:11:41] > Johng10910 remove x1 §f§l§x§8§A§0§0§F§FS§x§9§7§0§0§D§Fh§x§A§4§0§0§B§Fi§x§B§1§0§0§9§Fn§x§B§F§0§0§8§0e§x§C§C§0§0§6§0 §x§D§9§0§0§4§0O§x§E§6§0§0§2§0n§x§F§3§0§0§0§0i§x§E§6§0§0§2§0 §x§D§9§0§0§4§0P§x§C§C§0§0§6§0i§x§B§F§0§0§8§0c§x§B§1§0§0§9§Fk§x§A§4§0§0§B§Fa§x§9§7§0§0§D§Fx§x§8§A§0§0§F§Fe from buy
[17:11:52] > Trv added x1 Pwede na makalaya in auction for 150000.
[17:12:06] > Trv added x1 §x§F§0§7§A§5§4§lZombie Apocalyptic Halberd in auction for 50000.
[17:12:19] > butchtaylor added x1 §f§l§x§8§A§0§0§F§FS§x§9§C§0§0§D§5h§x§A§D§0§0§A§Ai§x§B§F§0§0§8§0n§x§D§0§0§0§5§5e§x§E§2§0§0§2§B §x§F§3§0§0§0§0O§x§E§2§0§0§2§An§x§D§0§0§0§5§5i§x§B§F§0§0§8§0 §x§A§D§0§0§A§AA§x§9§C§0§0§D§5x§x§8§A§0§0§F§Fe in auction for 2000000.
[17:14:33] > Trv added x1 §x§F§0§7§A§5§4§lZombie Apocalyptic Shovel in auction for 50000.
[17:15:28] > Trv added x1 §x§F§F§3§E§0§0§lD§x§F§F§3§6§0§0§le§x§F§F§2§F§0§0§lm§x§F§F§2§7§0§0§lo§x§F§F§1§F§0§0§ln §x§F§F§1§0§0§0§lL§x§F§F§0§8§0§0§lo§x§F§F§0§0§0§0§lr§x§F§F§0§8§0§0§ld §x§F§F§1§7§0§0§lS§x§F§F§1§F§0§0§lh§x§F§F§2§7§0§0§lo§x§F§F§2§F§0§0§lv§x§F§F§3§6§0§0§le§x§F§F§3§E§0§0§ll in auction for 50000.
[17:17:46] > Trv added x1 §f§l§x§F§C§D§0§5§CW§x§F§B§A§D§4§Du§x§F§9§8§B§3§Dk§x§F§8§6§8§2§Eo§x§F§6§4§5§1§Fn§x§F§5§2§3§0§Fg§x§F§3§0§0§0§0 §x§F§5§2§3§0§FH§x§F§6§4§5§1§Fa§x§F§8§6§8§2§Em§x§F§9§8§B§3§Dm§x§F§B§A§D§4§De§x§F§C§D§0§5§Cr in auction for 200000.
[17:19:05] > SussySuzy added x1 Nether star in auction for 10000.
[17:19:31] > BushSeat buy x1 Nether star to SussySuzy for $10,000.
[17:19:38] > BushSeat remove x1 Nether star from buy
[17:34:29] > ItsMeSakiii buy x1 §x§F§F§3§E§0§0§lD§x§F§F§3§6§0§0§le§x§F§F§2§F§0§0§lm§x§F§F§2§7§0§0§lo§x§F§F§1§F§0§0§ln §x§F§F§1§0§0§0§lL§x§F§F§0§8§0§0§lo§x§F§F§0§0§0§0§lr§x§F§F§0§9§0§0§ld §x§F§F§1§B§0§0§lS§x§F§F§2§3§0§0§lt§x§F§F§2§C§0§0§la§x§F§F§3§5§0§0§lf§x§F§F§3§E§0§0§lf to VortexZayne for $100,000.
[17:36:13] > TostyZura added x1 §x§F§F§7§C§0§0§lSteamsparks Fishing Rod in auction for 70000.
[17:37:34] > SussySuzy added x1 Enchanted golden apple in auction for 60000.
[17:37:37] > x1 Enchanted book, bought by SydneySweetie, has just expired, the item is definitively deleted.
[17:37:37] > x1 Enchanted book, bought by SydneySweetie, has just expired, the item is definitively deleted.
[17:37:46] > ItsMeSakiii remove x1 §x§F§F§3§E§0§0§lD§x§F§F§3§6§0§0§le§x§F§F§2§F§0§0§lm§x§F§F§2§7§0§0§lo§x§F§F§1§F§0§0§ln §x§F§F§1§0§0§0§lL§x§F§F§0§8§0§0§lo§x§F§F§0§0§0§0§lr§x§F§F§0§9§0§0§ld §x§F§F§1§B§0§0§lS§x§F§F§2§3§0§0§lt§x§F§F§2§C§0§0§la§x§F§F§3§5§0§0§lf§x§F§F§3§E§0§0§lf form buy
[17:38:07] > .Indonih15 buy x3 Birch log to MrZyrus7228 for $10.
[17:38:17] > ItsMeSakiii buy x1 §x§F§0§7§A§5§4§lZombie Apocalyptic Halberd to Trv for $50,000.
[17:38:45] > DarkAngel17 buy x1 §x§F§F§7§C§0§0§lSteamsparks Sword to Quibz for $50,000.
[17:39:56] > x1 Enchanted book, bought by SydneySweetie, has just expired, the item is definitively deleted.
[17:39:56] > x1 Enchanted book, bought by SydneySweetie, has just expired, the item is definitively deleted.
[17:39:57] > DarkAngel17 remove x1 §x§F§F§7§C§0§0§lSteamsparks Sword from buy
[17:40:55] > ItsMeSakiii remove x1 §x§F§0§7§A§5§4§lZombie Apocalyptic Halberd form buy
[17:47:46] > BushSeat buy x1 §x§F§F§3§E§0§0§lD§x§F§F§3§6§0§0§le§x§F§F§2§F§0§0§lm§x§F§F§2§7§0§0§lo§x§F§F§1§F§0§0§ln §x§F§F§1§0§0§0§lL§x§F§F§0§8§0§0§lo§x§F§F§0§0§0§0§lr§x§F§F§0§8§0§0§ld §x§F§F§1§7§0§0§lH§x§F§F§1§F§0§0§le§x§F§F§2§7§0§0§ll§x§F§F§2§F§0§0§lm§x§F§F§3§6§0§0§le§x§F§F§3§E§0§0§lt to Kwienn for $400,000.
[17:47:49] > x1 Enchanted book, bought by SydneySweetie, has just expired, the item is definitively deleted.
[17:47:49] > x1 Enchanted book, bought by SydneySweetie, has just expired, the item is definitively deleted.
[17:47:50] > BushSeat remove x1 §x§F§F§3§E§0§0§lD§x§F§F§3§6§0§0§le§x§F§F§2§F§0§0§lm§x§F§F§2§7§0§0§lo§x§F§F§1§F§0§0§ln §x§F§F§1§0§0§0§lL§x§F§F§0§8§0§0§lo§x§F§F§0§0§0§0§lr§x§F§F§0§8§0§0§ld §x§F§F§1§7§0§0§lH§x§F§F§1§F§0§0§le§x§F§F§2§7§0§0§ll§x§F§F§2§F§0§0§lm§x§F§F§3§6§0§0§le§x§F§F§3§E§0§0§lt from buy
[17:49:42] > Kyotots added x1 §f§l§x§F§C§D§0§5§CW§x§F§A§A§6§4§Au§x§F§8§7§D§3§7k§x§F§7§5§3§2§5o§x§F§5§2§A§1§2n§x§F§3§0§0§0§0g§x§F§5§2§A§1§2 §x§F§7§5§3§2§5C§x§F§8§7§D§3§7l§x§F§A§A§6§4§Au§x§F§C§D§0§5§Cb in auction for 50000.
[17:49:53] > Kyotots added x1 §x§F§F§7§C§0§0§lSteamsparks Bow in auction for 50000.
[17:51:54] > Kyotots added x1 §f§l§x§8§A§0§0§F§FS§x§9§9§0§0§D§Bh§x§A§8§0§0§B§6i§x§B§7§0§0§9§2n§x§C§6§0§0§6§De§x§D§5§0§0§4§9 §x§E§4§0§0§2§4O§x§F§3§0§0§0§0n§x§E§4§0§0§2§4i§x§D§5§0§0§4§9 §x§C§6§0§0§6§DW§x§B§7§0§0§9§2i§x§A§8§0§0§B§6n§x§9§9§0§0§D§Bg§x§8§A§0§0§F§Fs in auction for 1500000.
[17:52:16] > Trv added x1 Visit my cosmetics at /pwarp go CosmeMuseum in auction for 99999999999.
[17:59:29] > HwanYo added x64 Experience bottle in auction for 140000.
[18:10:38] > Zypher_0w0 added x1 UNBREAKING in auction for 100000.
[18:10:49] > Zypher_0w0 added x1 MENDING in auction for 100000.
[18:11:01] > Zypher_0w0 added x1 EFFICIENCY in auction for 150000.
[18:16:48] > SussySuzy added x25 Experience bottle in auction for 62500.
[18:19:52] > SussySuzy added x64 Packed ice in auction for 5000.
[18:20:28] > kkyleeeeesa added x3 §eᴡᴀʀᴅᴇɴ ꜱᴘᴀᴡɴᴇʀ in auction for 900000.
[18:20:31] > BushSeat buy x3 §eᴡᴀʀᴅᴇɴ ꜱᴘᴀᴡɴᴇʀ to kkyleeeeesa for $900,000.
[18:20:42] > BushSeat remove x3 §eᴡᴀʀᴅᴇɴ ꜱᴘᴀᴡɴᴇʀ from buy
[18:20:52] > kkyleeeeesa added x1 §eᴡᴀʀᴅᴇɴ ꜱᴘᴀᴡɴᴇʀ in auction for 300000.
[18:26:15] > SpokeIsH3r3 added x2 Golden apple in auction for 200.
[18:30:17] > Trv remove x1 Totem of undying from buy
[18:30:17] > Trv remove x1 Totem of undying from buy
[18:30:24] > .SharkyisHungry buy x1 §f§l§x§F§C§D§0§5§CW§x§F§A§A§6§4§Au§x§F§8§7§D§3§7k§x§F§7§5§3§2§5o§x§F§5§2§A§1§2n§x§F§3§0§0§0§0g§x§F§5§2§A§1§2 §x§F§7§5§3§2§5C§x§F§8§7§D§3§7l§x§F§A§A§6§4§Au§x§F§C§D§0§5§Cb to Kyotots for $50,000.
[18:30:43] > .SharkyisHungry buy x1 §f§l§x§8§A§0§0§F§FS§x§9§9§0§0§D§Bh§x§A§8§0§0§B§6i§x§B§7§0§0§9§2n§x§C§6§0§0§6§De§x§D§5§0§0§4§9 §x§E§4§0§0§2§4O§x§F§3§0§0§0§0n§x§E§4§0§0§2§4i§x§D§5§0§0§4§9 §x§C§6§0§0§6§DW§x§B§7§0§0§9§2i§x§A§8§0§0§B§6n§x§9§9§0§0§D§Bg§x§8§A§0§0§F§Fs to Kyotots for $1,500,000.
[18:31:00] > .SharkyisHungry remove x1 §f§l§x§8§A§0§0§F§FS§x§9§9§0§0§D§Bh§x§A§8§0§0§B§6i§x§B§7§0§0§9§2n§x§C§6§0§0§6§De§x§D§5§0§0§4§9 §x§E§4§0§0§2§4O§x§F§3§0§0§0§0n§x§E§4§0§0§2§4i§x§D§5§0§0§4§9 §x§C§6§0§0§6§DW§x§B§7§0§0§9§2i§x§A§8§0§0§B§6n§x§9§9§0§0§D§Bg§x§8§A§0§0§F§Fs from buy
[18:31:01] > .SharkyisHungry remove x1 §f§l§x§F§C§D§0§5§CW§x§F§A§A§6§4§Au§x§F§8§7§D§3§7k§x§F§7§5§3§2§5o§x§F§5§2§A§1§2n§x§F§3§0§0§0§0g§x§F§5§2§A§1§2 §x§F§7§5§3§2§5C§x§F§8§7§D§3§7l§x§F§A§A§6§4§Au§x§F§C§D§0§5§Cb from buy
[18:47:37] > DefinitelyHani buy x1 EFFICIENCY to Zypher_0w0 for $150,000.
[18:47:51] > DefinitelyHani remove x1 EFFICIENCY form buy
[18:52:32] > BushSeat buy x1 MENDING to Zypher_0w0 for $100,000.
[18:52:34] > BushSeat buy x1 UNBREAKING to Zypher_0w0 for $100,000.
[18:52:41] > BushSeat remove x1 UNBREAKING from buy
[18:52:42] > BushSeat remove x1 MENDING from buy
[18:56:54] > .AyakoKoru added x3 §x§F§C§9§0§5§C§lE§x§E§6§9§C§6§B§lp§x§C§F§A§7§7§A§li§x§B§9§B§3§8§9§lc §x§8§C§C§B§A§7§lC§x§7§5§D§6§B§6§lr§x§5§F§E§2§C§5§la§x§7§9§D§4§B§4§lt§x§9§3§C§7§A§2§le §x§C§8§A§B§7§F§lK§x§E§2§9§E§6§E§le§x§F§C§9§0§5§C§ly in auction for 300000.
[18:57:16] > .AyakoKoru added x3 §x§F§C§9§0§5§C§lE§x§E§6§9§C§6§B§lp§x§C§F§A§7§7§A§li§x§B§9§B§3§8§9§lc §x§8§C§C§B§A§7§lC§x§7§5§D§6§B§6§lr§x§5§F§E§2§C§5§la§x§7§9§D§4§B§4§lt§x§9§3§C§7§A§2§le §x§C§8§A§B§7§F§lK§x§E§2§9§E§6§E§le§x§F§C§9§0§5§C§ly in auction for 300000.
[19:04:06] > x1 §eMummy Hat on sale by kabayooo has just expired, it goes in the inventory of expired items.
[19:05:06] > KEITHTHEPRO buy x64 Experience bottle to HwanYo for $140,000.
[19:05:24] > KEITHTHEPRO remove x64 Experience bottle from buy
[19:12:17] > HwanYo remove x1 §eʙʟᴀᴢᴇ sᴘᴀᴡɴᴇʀ from storage
[19:12:17] > HwanYo remove x1 §f§l§x§8§A§0§0§F§FS§x§9§C§0§0§D§5h§x§A§D§0§0§A§Ai§x§B§F§0§0§8§0n§x§D§0§0§0§5§5e§x§E§2§0§0§2§B §x§F§3§0§0§0§0O§x§E§2§0§0§2§An§x§D§0§0§0§5§5i§x§B§F§0§0§8§0 §x§A§D§0§0§A§AH§x§9§C§0§0§D§5o§x§8§A§0§0§F§Fe from storage
[19:12:18] > HwanYo remove x1 §f§l§8B§x§6§2§6§2§6§2a§x§6§F§6§F§6§Fh§x§7§C§7§C§7§Ca§x§8§9§8§9§8§9m§x§9§6§9§6§9§6u§x§A§3§A§3§A§3t §x§9§6§9§6§9§6H§x§8§9§8§9§8§9a§x§7§C§7§C§7§Cm§x§6§F§6§F§6§Fm§x§6§2§6§2§6§2e§8r from storage
[19:12:25] > HwanYo added x1 §eʙʟᴀᴢᴇ sᴘᴀᴡɴᴇʀ in auction for 120000.
[19:12:41] > HwanYo added x1 §f§l§x§8§A§0§0§F§FS§x§9§C§0§0§D§5h§x§A§D§0§0§A§Ai§x§B§F§0§0§8§0n§x§D§0§0§0§5§5e§x§E§2§0§0§2§B §x§F§3§0§0§0§0O§x§E§2§0§0§2§An§x§D§0§0§0§5§5i§x§B§F§0§0§8§0 §x§A§D§0§0§A§AH§x§9§C§0§0§D§5o§x§8§A§0§0§F§Fe in auction for 1500000.
[19:13:10] > HwanYo added x1 §f§l§8B§x§6§2§6§2§6§2a§x§6§F§6§F§6§Fh§x§7§C§7§C§7§Ca§x§8§9§8§9§8§9m§x§9§6§9§6§9§6u§x§A§3§A§3§A§3t §x§9§6§9§6§9§6H§x§8§9§8§9§8§9a§x§7§C§7§C§7§Cm§x§6§F§6§F§6§Fm§x§6§2§6§2§6§2e§8r in auction for 400000.
[19:13:21] > HwanYo added x64 Experience bottle in auction for 140000.
[19:13:32] > HwanYo added x64 Experience bottle in auction for 140000.
[19:13:42] > HwanYo added x64 Experience bottle in auction for 140000.
[19:13:55] > HwanYo added x64 Experience bottle in auction for 140000.
[19:14:23] > Johng10910 remove x1 §f§l§x§F§C§D§0§5§CW§x§F§B§A§D§4§Du§x§F§9§8§B§3§Dk§x§F§8§6§8§2§Eo§x§F§6§4§5§1§Fn§x§F§5§2§3§0§Fg§x§F§3§0§0§0§0 §x§F§5§2§3§0§FH§x§F§6§4§5§1§Fa§x§F§8§6§8§2§Em§x§F§9§8§B§3§Dm§x§F§B§A§D§4§De§x§F§C§D§0§5§Cr from storage
[19:14:33] > Johng10910 added x1 §f§l§x§F§C§D§0§5§CW§x§F§B§A§D§4§Du§x§F§9§8§B§3§Dk§x§F§8§6§8§2§Eo§x§F§6§4§5§1§Fn§x§F§5§2§3§0§Fg§x§F§3§0§0§0§0 §x§F§5§2§3§0§FH§x§F§6§4§5§1§Fa§x§F§8§6§8§2§Em§x§F§9§8§B§3§Dm§x§F§B§A§D§4§De§x§F§C§D§0§5§Cr in auction for 800000.
[19:20:55] > celinesanrio buy x2 Golden apple to SpokeIsH3r3 for $200.
[19:21:01] > celinesanrio remove x2 Golden apple form buy
[19:39:45] > imnectarfr added x4 Nether star in auction for 500000.
[19:41:05] > UnavailableTest buy x1 §eᴡᴀʀᴅᴇɴ ꜱᴘᴀᴡɴᴇʀ to kkyleeeeesa for $300,000.
[19:41:26] > UnavailableTest remove x1 §eᴡᴀʀᴅᴇɴ ꜱᴘᴀᴡɴᴇʀ form buy
[19:43:09] > BlackKnight buy x1 §f§l§8B§x§6§2§6§2§6§2a§x§6§F§6§F§6§Fh§x§7§C§7§C§7§Ca§x§8§9§8§9§8§9m§x§9§6§9§6§9§6u§x§A§3§A§3§A§3t §x§9§6§9§6§9§6H§x§8§9§8§9§8§9a§x§7§C§7§C§7§Cm§x§6§F§6§F§6§Fm§x§6§2§6§2§6§2e§8r to HwanYo for $400,000.
[19:43:27] > BlackKnight buy x1 §x§F§0§7§A§5§4§lZombie Apocalyptic Shovel to Trv for $50,000.
[19:43:36] > BlackKnight buy x1 §fShogun Bow to Trv for $100,000.
[19:51:05] > UnavailableTest buy x1 §x§5§9§A§1§D§9§lA§x§7§5§B§1§D§Fr§x§9§0§C§0§E§6c§x§A§C§D§0§E§Ch§x§C§8§E§0§F§2a§x§E§3§E§F§F§9n§fg§x§E§3§E§F§F§9e§x§C§8§E§0§F§2l §x§9§0§C§0§E§6H§x§7§5§B§1§D§Fa§x§5§9§A§1§D§9t to RizzaIck for $800,000.
[19:51:10] > UnavailableTest remove x1 §x§5§9§A§1§D§9§lA§x§7§5§B§1§D§Fr§x§9§0§C§0§E§6c§x§A§C§D§0§E§Ch§x§C§8§E§0§F§2a§x§E§3§E§F§F§9n§fg§x§E§3§E§F§F§9e§x§C§8§E§0§F§2l §x§9§0§C§0§E§6H§x§7§5§B§1§D§Fa§x§5§9§A§1§D§9t form buy
[19:51:50] > x1 /pwarp go PASTRIES  on sale by Kwienn has just expired, it goes in the inventory of expired items.
[19:57:34] > Trv added x1 §x§5§C§C§F§F§C§lC§x§5§C§D§1§F§5§lo§x§5§D§D§4§E§E§ls§x§5§D§D§6§E§7§lm§x§5§E§D§9§E§1§le§x§5§E§D§B§D§A§lt§x§5§E§D§D§D§3§li§x§5§F§E§0§C§C§lc §x§5§F§E§0§C§C§lH§x§5§E§D§D§D§3§la§x§5§E§D§B§D§A§lt§x§5§E§D§9§E§1§ls §x§5§D§D§4§E§E§lK§x§5§C§D§1§F§5§le§x§5§C§C§F§F§C§ly in auction for 10000.
[19:59:06] > Keenorana added x1 §x§F§F§7§C§0§0§lSteamsparks Wings in auction for 300000.
[19:59:31] > Pewpew added x1 §x§F§F§3§E§0§0§lDemon Lord Wings in auction for 2000000.
[19:59:35] > sigman added x1 §fGarden Hat in auction for 60000.
[20:03:10] > x1 §x§F§F§3§E§0§0§lD§x§F§F§3§6§0§0§le§x§F§F§2§F§0§0§lm§x§F§F§2§7§0§0§lo§x§F§F§1§F§0§0§ln §x§F§F§1§0§0§0§lL§x§F§F§0§8§0§0§lo§x§F§F§0§0§0§0§lr§x§F§F§0§8§0§0§ld §x§F§F§1§7§0§0§lS§x§F§F§1§F§0§0§lh§x§F§F§2§7§0§0§li§x§F§F§2§F§0§0§le§x§F§F§3§6§0§0§ll§x§F§F§3§E§0§0§ld on sale by CeeJaiye has just expired, it goes in the inventory of expired items.
[20:04:25] > x1 §x§F§F§3§E§0§0§lD§x§F§F§3§5§0§0§le§x§F§F§2§C§0§0§lm§x§F§F§2§3§0§0§lo§x§F§F§1§B§0§0§ln §x§F§F§0§9§0§0§lL§x§F§F§0§0§0§0§lo§x§F§F§0§A§0§0§lr§x§F§F§1§5§0§0§ld §x§F§F§2§9§0§0§lB§x§F§F§3§4§0§0§lo§x§F§F§3§E§0§0§lw on sale by Kwienn has just expired, it goes in the inventory of expired items.
[20:04:48] > Pewpew added x10 §x§F§C§D§0§5§C§lB§x§E§6§D§3§6§B§la§x§C§F§D§5§7§A§ls§x§B§9§D§8§8§9§li§x§A§2§D§A§9§8§lc §x§7§5§D§F§B§6§lC§x§5§F§E§2§C§5§lr§x§7§5§D§F§B§6§la§x§8§C§D§D§A§7§lt§x§A§2§D§A§9§8§le §x§C§F§D§5§7§A§lK§x§E§6§D§3§6§B§le§x§F§C§D§0§5§C§ly in auction for 100000.
[20:05:02] > Pewpew added x5 §x§F§C§9§0§5§C§lE§x§E§6§9§C§6§B§lp§x§C§F§A§7§7§A§li§x§B§9§B§3§8§9§lc §x§8§C§C§B§A§7§lC§x§7§5§D§6§B§6§lr§x§5§F§E§2§C§5§la§x§7§9§D§4§B§4§lt§x§9§3§C§7§A§2§le §x§C§8§A§B§7§F§lK§x§E§2§9§E§6§E§le§x§F§C§9§0§5§C§ly in auction for 50000.
[20:05:14] > BushSeat buy x10 §x§F§C§D§0§5§C§lB§x§E§6§D§3§6§B§la§x§C§F§D§5§7§A§ls§x§B§9§D§8§8§9§li§x§A§2§D§A§9§8§lc §x§7§5§D§F§B§6§lC§x§5§F§E§2§C§5§lr§x§7§5§D§F§B§6§la§x§8§C§D§D§A§7§lt§x§A§2§D§A§9§8§le §x§C§F§D§5§7§A§lK§x§E§6§D§3§6§B§le§x§F§C§D§0§5§C§ly to Pewpew for $100,000.
[20:05:17] > BushSeat buy x5 §x§F§C§9§0§5§C§lE§x§E§6§9§C§6§B§lp§x§C§F§A§7§7§A§li§x§B§9§B§3§8§9§lc §x§8§C§C§B§A§7§lC§x§7§5§D§6§B§6§lr§x§5§F§E§2§C§5§la§x§7§9§D§4§B§4§lt§x§9§3§C§7§A§2§le §x§C§8§A§B§7§F§lK§x§E§2§9§E§6§E§le§x§F§C§9§0§5§C§ly to Pewpew for $50,000.
[20:05:21] > BushSeat remove x5 §x§F§C§9§0§5§C§lE§x§E§6§9§C§6§B§lp§x§C§F§A§7§7§A§li§x§B§9§B§3§8§9§lc §x§8§C§C§B§A§7§lC§x§7§5§D§6§B§6§lr§x§5§F§E§2§C§5§la§x§7§9§D§4§B§4§lt§x§9§3§C§7§A§2§le §x§C§8§A§B§7§F§lK§x§E§2§9§E§6§E§le§x§F§C§9§0§5§C§ly from buy
[20:05:22] > BushSeat remove x10 §x§F§C§D§0§5§C§lB§x§E§6§D§3§6§B§la§x§C§F§D§5§7§A§ls§x§B§9§D§8§8§9§li§x§A§2§D§A§9§8§lc §x§7§5§D§F§B§6§lC§x§5§F§E§2§C§5§lr§x§7§5§D§F§B§6§la§x§8§C§D§D§A§7§lt§x§A§2§D§A§9§8§le §x§C§F§D§5§7§A§lK§x§E§6§D§3§6§B§le§x§F§C§D§0§5§C§ly from buy
[20:05:28] > sigman added x1 §eᴄᴏᴡ sᴘᴀᴡɴᴇʀ in auction for 1500000.
[20:06:40] > x1 §x§F§F§3§E§0§0§lD§x§F§F§3§6§0§0§le§x§F§F§2§F§0§0§lm§x§F§F§2§7§0§0§lo§x§F§F§1§F§0§0§ln §x§F§F§1§0§0§0§lL§x§F§F§0§8§0§0§lo§x§F§F§0§0§0§0§lr§x§F§F§0§8§0§0§ld §x§F§F§1§7§0§0§lS§x§F§F§1§F§0§0§lh§x§F§F§2§7§0§0§li§x§F§F§2§F§0§0§le§x§F§F§3§6§0§0§ll§x§F§F§3§E§0§0§ld on sale by Kwienn has just expired, it goes in the inventory of expired items.
[20:06:53] > sigman remove x1 Shield form buy
[20:07:00] > sigman remove x1 §eᴄᴏᴡ sᴘᴀᴡɴᴇʀ from storage
[20:07:08] > sigman added x1 Shield in auction for 10.
[20:07:14] > Pewpew added x1 §x§F§F§3§E§0§0§lD§x§F§F§3§5§0§0§le§x§F§F§2§C§0§0§lm§x§F§F§2§3§0§0§lo§x§F§F§1§B§0§0§ln §x§F§F§0§9§0§0§lL§x§F§F§0§0§0§0§lo§x§F§F§0§A§0§0§lr§x§F§F§1§5§0§0§ld §x§F§F§2§9§0§0§lB§x§F§F§3§4§0§0§lo§x§F§F§3§E§0§0§lw in auction for 500000.
[20:08:07] > Pewpew added x1 §f§l§x§F§A§0§0§0§AD§x§F§A§1§5§1§2a§x§F§A§2§A§1§Ar§x§F§B§3§E§2§3k§x§F§B§5§3§2§Bf§x§F§B§6§8§3§3l§x§F§B§7§D§3§Ba§x§F§B§9§2§4§3m§x§F§C§A§6§4§Ce§x§F§C§B§B§5§4 §x§F§C§D§0§5§CF§x§F§C§B§B§5§4i§x§F§C§A§6§4§Cs§x§F§B§9§2§4§3h§x§F§B§7§D§3§Bi§x§F§B§6§8§3§3n§x§F§B§5§3§2§Bg§x§F§B§3§E§2§3 §x§F§A§2§A§1§AR§x§F§A§1§5§1§2o§x§F§A§0§0§0§Ad in auction for 800000.
[20:08:58] > x1 Visit /pwarp go IronShop for Iron Blocks on sale by Artdeh has just expired, it goes in the inventory of expired items.
[20:09:16] > Yalujin buy x1 §eʙʟᴀᴢᴇ sᴘᴀᴡɴᴇʀ to HwanYo for $120,000.
[20:09:28] > Pewpew remove x1 §f§l§x§F§C§D§0§5§CW§x§F§A§A§2§4§8u§x§F§8§7§4§3§3k§x§F§6§4§5§1§Fo§x§F§4§1§7§0§Ang§x§F§6§4§5§1§F §x§F§8§7§4§3§3B§x§F§A§A§2§4§8o§x§F§C§D§0§5§Cw from storage
[20:10:42] > HwanYo remove x64 Experience bottle from storage
[20:10:43] > HwanYo remove x64 Experience bottle from storage
[20:10:43] > HwanYo remove x64 Experience bottle from storage
[20:12:13] > BushSeat buy x1 §x§5§C§C§F§F§C§lC§x§5§C§D§1§F§5§lo§x§5§D§D§4§E§E§ls§x§5§D§D§6§E§7§lm§x§5§E§D§9§E§1§le§x§5§E§D§B§D§A§lt§x§5§E§D§D§D§3§li§x§5§F§E§0§C§C§lc §x§5§F§E§0§C§C§lH§x§5§E§D§D§D§3§la§x§5§E§D§B§D§A§lt§x§5§E§D§9§E§1§ls §x§5§D§D§4§E§E§lK§x§5§C§D§1§F§5§le§x§5§C§C§F§F§C§ly to Trv for $10,000.
[20:12:18] > BushSeat remove x1 §x§5§C§C§F§F§C§lC§x§5§C§D§1§F§5§lo§x§5§D§D§4§E§E§ls§x§5§D§D§6§E§7§lm§x§5§E§D§9§E§1§le§x§5§E§D§B§D§A§lt§x§5§E§D§D§D§3§li§x§5§F§E§0§C§C§lc §x§5§F§E§0§C§C§lH§x§5§E§D§D§D§3§la§x§5§E§D§B§D§A§lt§x§5§E§D§9§E§1§ls §x§5§D§D§4§E§E§lK§x§5§C§D§1§F§5§le§x§5§C§C§F§F§C§ly from buy
[20:13:57] > Zypher_0w0 added x64 Glowstone in auction for 640.
[20:14:16] > sigman buy x1 Enchanted book to Zypher_0w0 for $2,200.
[20:14:34] > El3ctric_Ey3 added x1 §x§E§5§1§B§1§B§lDracula Shield in auction for 100000.
[20:14:39] > Zypher_0w0 added x1 MENDING in auction for 100000.
[20:14:47] > ry9191 added x1 §f§l§x§8§A§0§0§F§FS§x§9§8§0§0§D§Dh§x§A§6§0§0§B§Bi§x§B§4§0§0§9§9n§x§C§2§0§0§7§7e§x§D§0§0§0§5§5 §x§D§E§0§0§3§3O§x§E§C§0§0§1§1ni§x§D§E§0§0§3§3 §x§D§0§0§0§5§5S§x§C§2§0§0§7§7i§x§B§4§0§0§9§9c§x§A§6§0§0§B§Bk§x§9§8§0§0§D§Dl§x§8§A§0§0§F§Fe in auction for 3000000.
[20:14:52] > sigman remove x1 Enchanted book from buy
[20:15:14] > BushSeat buy x1 MENDING to Zypher_0w0 for $100,000.
[20:15:21] > BushSeat remove x1 MENDING from buy
[20:15:43] > Zypher_0w0 added x1 UNBREAKING in auction for 100000.
[20:16:11] > x1 §f§l§x§F§C§D§0§5§CW§x§F§B§B§0§4§Eu§x§F§9§9§0§4§0k§x§F§8§7§0§3§2o§x§F§6§5§0§2§3n§x§F§5§3§0§1§5g§x§F§4§1§0§0§7 H§x§F§5§3§0§1§5a§x§F§6§5§0§2§3l§x§F§8§7§0§3§2b§x§F§9§9§0§4§0e§x§F§B§B§0§4§Er§x§F§C§D§0§5§Cd, item of Forcebenzz, has just expired, the item is definitively deleted.
[20:16:11] > x1 Dolphin Tail, item of Sezemi, has just expired, the item is definitively deleted.
[20:16:13] > Zypher_0w0 remove x5 §x§5§C§C§F§F§C§lC§x§5§C§D§1§F§5§lo§x§5§D§D§4§E§E§ls§x§5§D§D§6§E§7§lm§x§5§E§D§9§E§1§le§x§5§E§D§B§D§A§lt§x§5§E§D§D§D§3§li§x§5§F§E§0§C§C§lc §x§5§F§E§0§C§C§lH§x§5§E§D§D§D§3§la§x§5§E§D§B§D§A§lt§x§5§E§D§9§E§1§ls §x§5§D§D§4§E§E§lK§x§5§C§D§1§F§5§le§x§5§C§C§F§F§C§ly from expire
[20:16:14] > Zypher_0w0 remove x1 §x§F§F§3§E§0§0§lDemon Lord Wings from expire
[20:16:22] > BushSeat buy x1 UNBREAKING to Zypher_0w0 for $100,000.
[20:16:31] > Zypher_0w0 added x1 §x§F§F§3§E§0§0§lDemon Lord Wings in auction for 3999999.
[20:16:42] > BushSeat remove x1 UNBREAKING from buy
[20:17:38] > UnavailableTest buy x1 §x§E§5§1§B§1§B§lDracula Shield to El3ctric_Ey3 for $100,000.
[20:17:44] > UnavailableTest remove x1 §x§E§5§1§B§1§B§lDracula Shield form buy
[20:18:03] > XianSotero85 buy x1 §f§l§x§F§C§D§0§5§CW§x§F§B§A§D§4§Du§x§F§9§8§B§3§Dk§x§F§8§6§8§2§Eo§x§F§6§4§5§1§Fn§x§F§5§2§3§0§Fg§x§F§3§0§0§0§0 §x§F§5§2§3§0§FH§x§F§6§4§5§1§Fa§x§F§8§6§8§2§Em§x§F§9§8§B§3§Dm§x§F§B§A§D§4§De§x§F§C§D§0§5§Cr to Trv for $200,000.
[20:18:46] > XianSotero85 buy x1 §f§x§D§0§D§0§D§0J§x§C§9§C§9§C§9e§x§C§2§C§2§C§2t§x§B§B§B§B§B§B §x§B§3§B§3§B§3P§x§A§C§A§C§A§Ci§x§A§5§A§5§A§5l§x§9§E§9§E§9§Eo§x§9§7§9§7§9§7t§x§9§0§9§0§9§0 §x§8§9§8§9§8§9H§x§8§2§8§2§8§2e§x§7§A§7§A§7§Al§x§7§3§7§3§7§3m§x§6§C§6§C§6§Ce§x§6§5§6§5§6§5t to celinesanrio for $10,000.
[20:19:29] > XianSotero85 remove x1 §f§x§D§0§D§0§D§0J§x§C§9§C§9§C§9e§x§C§2§C§2§C§2t§x§B§B§B§B§B§B §x§B§3§B§3§B§3P§x§A§C§A§C§A§Ci§x§A§5§A§5§A§5l§x§9§E§9§E§9§Eo§x§9§7§9§7§9§7t§x§9§0§9§0§9§0 §x§8§9§8§9§8§9H§x§8§2§8§2§8§2e§x§7§A§7§A§7§Al§x§7§3§7§3§7§3m§x§6§C§6§C§6§Ce§x§6§5§6§5§6§5t from buy
[20:19:32] > XianSotero85 remove x1 §f§l§x§F§C§D§0§5§CW§x§F§B§A§D§4§Du§x§F§9§8§B§3§Dk§x§F§8§6§8§2§Eo§x§F§6§4§5§1§Fn§x§F§5§2§3§0§Fg§x§F§3§0§0§0§0 §x§F§5§2§3§0§FH§x§F§6§4§5§1§Fa§x§F§8§6§8§2§Em§x§F§9§8§B§3§Dm§x§F§B§A§D§4§De§x§F§C§D§0§5§Cr from buy
[20:20:19] > BushSeat buy x1 §x§F§F§3§E§0§0§lD§x§F§F§3§6§0§0§le§x§F§F§2§F§0§0§lm§x§F§F§2§7§0§0§lo§x§F§F§1§F§0§0§ln §x§F§F§1§0§0§0§lL§x§F§F§0§8§0§0§lo§x§F§F§0§0§0§0§lr§x§F§F§0§8§0§0§ld §x§F§F§1§7§0§0§lS§x§F§F§1§F§0§0§lh§x§F§F§2§7§0§0§lo§x§F§F§2§F§0§0§lv§x§F§F§3§6§0§0§le§x§F§F§3§E§0§0§ll to Trv for $50,000.
[20:20:26] > BushSeat remove x1 §x§F§F§3§E§0§0§lD§x§F§F§3§6§0§0§le§x§F§F§2§F§0§0§lm§x§F§F§2§7§0§0§lo§x§F§F§1§F§0§0§ln §x§F§F§1§0§0§0§lL§x§F§F§0§8§0§0§lo§x§F§F§0§0§0§0§lr§x§F§F§0§8§0§0§ld §x§F§F§1§7§0§0§lS§x§F§F§1§F§0§0§lh§x§F§F§2§7§0§0§lo§x§F§F§2§F§0§0§lv§x§F§F§3§6§0§0§le§x§F§F§3§E§0§0§ll from buy
[20:20:28] > El3ctric_Ey3 added x1 §x§F§F§3§E§0§0§lD§x§F§F§3§5§0§0§le§x§F§F§2§C§0§0§lm§x§F§F§2§3§0§0§lo§x§F§F§1§B§0§0§ln §x§F§F§0§9§0§0§lL§x§F§F§0§0§0§0§lo§x§F§F§0§A§0§0§lr§x§F§F§1§5§0§0§ld §x§F§F§2§9§0§0§lK§x§F§F§3§4§0§0§le§x§F§F§3§E§0§0§ly in auction for 500000.
[20:20:40] > El3ctric_Ey3 added x1 §x§F§F§3§E§0§0§lD§x§F§F§3§5§0§0§le§x§F§F§2§C§0§0§lm§x§F§F§2§3§0§0§lo§x§F§F§1§B§0§0§ln §x§F§F§0§9§0§0§lL§x§F§F§0§0§0§0§lo§x§F§F§0§A§0§0§lr§x§F§F§1§5§0§0§ld §x§F§F§2§9§0§0§lK§x§F§F§3§4§0§0§le§x§F§F§3§E§0§0§ly in auction for 500000.
[20:21:37] > El3ctric_Ey3 added x1 §f§l§x§F§C§D§0§5§CW§x§F§B§A§D§4§Du§x§F§9§8§B§3§Dk§x§F§8§6§8§2§Eo§x§F§6§4§5§1§Fn§x§F§5§2§3§0§Fg§x§F§3§0§0§0§0 §x§F§5§2§3§0§FH§x§F§6§4§5§1§Fa§x§F§8§6§8§2§Em§x§F§9§8§B§3§Dm§x§F§B§A§D§4§De§x§F§C§D§0§5§Cr in auction for 700000.
[20:22:01] > MrZyrus7228 added x10 Emerald in auction for 10.
[20:22:11] > BushSeat buy x10 Emerald to MrZyrus7228 for $10.
[20:25:53] > VortexZayne remove x1 §x§F§0§7§A§5§4§lZombie Apocalyptic Hoe from storage
[20:25:54] > VortexZayne remove x1 §x§E§5§1§B§1§B§lDracula Battleaxe from storage
[20:25:54] > VortexZayne remove x1 §x§E§5§1§B§1§B§lDracula Sickle from storage
[20:26:03] > VortexZayne added x1 §x§F§0§7§A§5§4§lZombie Apocalyptic Hoe in auction for 50000.
[20:26:19] > VortexZayne added x1 §x§E§5§1§B§1§B§lDracula Battleaxe in auction for 50000.
[20:26:42] > VortexZayne added x1 §x§E§5§1§B§1§B§lDracula Sickle in auction for 50000.
[20:26:44] > XianSotero85 buy x1 §x§F§F§3§E§0§0§lD§x§F§F§3§6§0§0§le§x§F§F§2§F§0§0§lm§x§F§F§2§7§0§0§lo§x§F§F§1§F§0§0§ln §x§F§F§1§0§0§0§lL§x§F§F§0§8§0§0§lo§x§F§F§0§0§0§0§lr§x§F§F§0§8§0§0§ld §x§F§F§1§7§0§0§lS§x§F§F§1§F§0§0§lh§x§F§F§2§7§0§0§li§x§F§F§2§F§0§0§le§x§F§F§3§6§0§0§ll§x§F§F§3§E§0§0§ld to Quibz for $100,000.
[20:26:57] > XianSotero85 remove x1 §x§F§F§3§E§0§0§lD§x§F§F§3§6§0§0§le§x§F§F§2§F§0§0§lm§x§F§F§2§7§0§0§lo§x§F§F§1§F§0§0§ln §x§F§F§1§0§0§0§lL§x§F§F§0§8§0§0§lo§x§F§F§0§0§0§0§lr§x§F§F§0§8§0§0§ld §x§F§F§1§7§0§0§lS§x§F§F§1§F§0§0§lh§x§F§F§2§7§0§0§li§x§F§F§2§F§0§0§le§x§F§F§3§6§0§0§ll§x§F§F§3§E§0§0§ld from buy
[20:27:34] > MrZyrus7228 added x1 Heavy core in auction for 525000.
[20:28:29] > XianSotero85 buy x1 Pwede na makalaya to Trv for $150,000.
[20:28:38] > VortexZayne buy x1 Heavy core to MrZyrus7228 for $525,000.
[20:29:53] > XianSotero85 buy x1 §x§E§5§1§B§1§B§lDracula Axe to llhxnce for $200,000.
[20:31:36] > XianSotero85 buy x1 §x§F§F§3§E§0§0§lD§x§F§F§3§7§0§0§le§x§F§F§3§0§0§0§lm§x§F§F§2§9§0§0§lo§x§F§F§2§2§0§0§ln §x§F§F§1§5§0§0§lL§x§F§F§0§E§0§0§lo§x§F§F§0§7§0§0§lr§x§F§F§0§0§0§0§ld §x§F§F§1§0§0§0§lP§x§F§F§1§7§0§0§li§x§F§F§1§F§0§0§lc§x§F§F§2§7§0§0§lk§x§F§F§2§F§0§0§la§x§F§F§3§6§0§0§lx§x§F§F§3§E§0§0§le to Malachkite for $350,000.
[20:31:47] > XianSotero85 remove x1 §x§F§F§3§E§0§0§lD§x§F§F§3§7§0§0§le§x§F§F§3§0§0§0§lm§x§F§F§2§9§0§0§lo§x§F§F§2§2§0§0§ln §x§F§F§1§5§0§0§lL§x§F§F§0§E§0§0§lo§x§F§F§0§7§0§0§lr§x§F§F§0§0§0§0§ld §x§F§F§1§0§0§0§lP§x§F§F§1§7§0§0§li§x§F§F§1§F§0§0§lc§x§F§F§2§7§0§0§lk§x§F§F§2§F§0§0§la§x§F§F§3§6§0§0§lx§x§F§F§3§E§0§0§le from buy
[20:32:05] > XianSotero85 remove x1 §x§E§5§1§B§1§B§lDracula Axe from buy
[20:32:06] > XianSotero85 remove x1 Pwede na makalaya from buy
[20:33:32] > Zypher_0w0 remove x10 Glowstone from storage
[20:39:30] > ry9191 remove x1 §f§l§x§8§A§0§0§F§FS§x§9§8§0§0§D§Dh§x§A§6§0§0§B§Bi§x§B§4§0§0§9§9n§x§C§2§0§0§7§7e§x§D§0§0§0§5§5 §x§D§E§0§0§3§3O§x§E§C§0§0§1§1ni§x§D§E§0§0§3§3 §x§D§0§0§0§5§5S§x§C§2§0§0§7§7i§x§B§4§0§0§9§9c§x§A§6§0§0§B§Bk§x§9§8§0§0§D§Dl§x§8§A§0§0§F§Fe from storage
[20:39:56] > ry9191 added x1 §f§l§x§8§A§0§0§F§FS§x§9§8§0§0§D§Dh§x§A§6§0§0§B§Bi§x§B§4§0§0§9§9n§x§C§2§0§0§7§7e§x§D§0§0§0§5§5 §x§D§E§0§0§3§3O§x§E§C§0§0§1§1ni§x§D§E§0§0§3§3 §x§D§0§0§0§5§5S§x§C§2§0§0§7§7i§x§B§4§0§0§9§9c§x§A§6§0§0§B§Bk§x§9§8§0§0§D§Dl§x§8§A§0§0§F§Fe in auction for 2500000.
[20:49:45] > imnectarfr remove x1 §x§5§C§C§F§F§C§lC§x§5§C§D§1§F§5§lo§x§5§D§D§4§E§E§ls§x§5§D§D§6§E§7§lm§x§5§E§D§9§E§1§le§x§5§E§D§B§D§A§lt§x§5§E§D§D§D§3§li§x§5§F§E§0§C§C§lc §x§5§F§E§0§C§C§lH§x§5§E§D§D§D§3§la§x§5§E§D§B§D§A§lt§x§5§E§D§9§E§1§ls §x§5§D§D§4§E§E§lK§x§5§C§D§1§F§5§le§x§5§C§C§F§F§C§ly from storage
[20:55:21] > BushSeat buy x1 §x§F§F§7§C§0§0§lSteamsparks Wings to Keenorana for $300,000.
[20:55:26] > BushSeat remove x10 Emerald from buy
[20:55:27] > BushSeat remove x1 §x§F§F§7§C§0§0§lSteamsparks Wings from buy
[21:01:54] > KEITHTHEPRO buy x1 §x§F§0§7§A§5§4§lZombie Apocalyptic Key to Abbadex for $400,000.
[21:03:00] > JullianHuH added x1 §x§F§F§3§E§0§0§lD§x§F§F§3§6§0§0§le§x§F§F§2§F§0§0§lm§x§F§F§2§7§0§0§lo§x§F§F§1§F§0§0§ln §x§F§F§1§0§0§0§lL§x§F§F§0§8§0§0§lo§x§F§F§0§0§0§0§lr§x§F§F§0§9§0§0§ld §x§F§F§1§B§0§0§lS§x§F§F§2§3§0§0§lw§x§F§F§2§C§0§0§lo§x§F§F§3§5§0§0§lr§x§F§F§3§E§0§0§ld in auction for 150000.
[21:15:33] > BushSeat buy x1 §x§F§F§3§E§0§0§lD§x§F§F§3§6§0§0§le§x§F§F§2§F§0§0§lm§x§F§F§2§7§0§0§lo§x§F§F§1§F§0§0§ln §x§F§F§1§0§0§0§lL§x§F§F§0§8§0§0§lo§x§F§F§0§0§0§0§lr§x§F§F§0§9§0§0§ld §x§F§F§1§B§0§0§lS§x§F§F§2§3§0§0§lw§x§F§F§2§C§0§0§lo§x§F§F§3§5§0§0§lr§x§F§F§3§E§0§0§ld to JullianHuH for $150,000.
[21:15:38] > BushSeat remove x1 §x§F§F§3§E§0§0§lD§x§F§F§3§6§0§0§le§x§F§F§2§F§0§0§lm§x§F§F§2§7§0§0§lo§x§F§F§1§F§0§0§ln §x§F§F§1§0§0§0§lL§x§F§F§0§8§0§0§lo§x§F§F§0§0§0§0§lr§x§F§F§0§9§0§0§ld §x§F§F§1§B§0§0§lS§x§F§F§2§3§0§0§lw§x§F§F§2§C§0§0§lo§x§F§F§3§5§0§0§lr§x§F§F§3§E§0§0§ld from buy
[21:16:04] > KEITHTHEPRO remove x1 §x§F§0§7§A§5§4§lZombie Apocalyptic Key from buy
[21:22:57] > JullianHuH added x1 §x§F§F§3§E§0§0§lD§x§F§F§3§7§0§0§le§x§F§F§3§0§0§0§lm§x§F§F§2§9§0§0§lo§x§F§F§2§2§0§0§ln §x§F§F§1§5§0§0§lL§x§F§F§0§E§0§0§lo§x§F§F§0§7§0§0§lr§x§F§F§0§0§0§0§ld §x§F§F§0§E§0§0§lF§x§F§F§1§5§0§0§lr§x§F§F§1§C§0§0§la§x§F§F§2§2§0§0§lg§x§F§F§2§9§0§0§lm§x§F§F§3§0§0§0§le§x§F§F§3§7§0§0§ln§x§F§F§3§E§0§0§lt in auction for 100000.
[21:24:49] > lolxxvihan added x1 §x§F§F§7§C§0§0§lSteamsparks Hammer in auction for 250000.
[21:28:24] > QG_Akiuwu buy x1 §x§E§5§1§B§1§B§lDracula Blade to Kanzie20 for $100,000.
[21:29:42] > BushSeat buy x1 §x§F§F§3§E§0§0§lD§x§F§F§3§7§0§0§le§x§F§F§3§0§0§0§lm§x§F§F§2§9§0§0§lo§x§F§F§2§2§0§0§ln §x§F§F§1§5§0§0§lL§x§F§F§0§E§0§0§lo§x§F§F§0§7§0§0§lr§x§F§F§0§0§0§0§ld §x§F§F§0§E§0§0§lF§x§F§F§1§5§0§0§lr§x§F§F§1§C§0§0§la§x§F§F§2§2§0§0§lg§x§F§F§2§9§0§0§lm§x§F§F§3§0§0§0§le§x§F§F§3§7§0§0§ln§x§F§F§3§E§0§0§lt to JullianHuH for $100,000.
[21:30:08] > Yalujin remove x1 §eʙʟᴀᴢᴇ sᴘᴀᴡɴᴇʀ from buy
[21:30:44] > BushSeat remove x1 §x§F§F§3§E§0§0§lD§x§F§F§3§7§0§0§le§x§F§F§3§0§0§0§lm§x§F§F§2§9§0§0§lo§x§F§F§2§2§0§0§ln §x§F§F§1§5§0§0§lL§x§F§F§0§E§0§0§lo§x§F§F§0§7§0§0§lr§x§F§F§0§0§0§0§ld §x§F§F§0§E§0§0§lF§x§F§F§1§5§0§0§lr§x§F§F§1§C§0§0§la§x§F§F§2§2§0§0§lg§x§F§F§2§9§0§0§lm§x§F§F§3§0§0§0§le§x§F§F§3§7§0§0§ln§x§F§F§3§E§0§0§lt from buy
[21:32:08] > QG_Akiuwu remove x1 §x§E§5§1§B§1§B§lDracula Blade from buy
[21:34:22] > HwanYo added x1 Lime shulker box in auction for 3500000.
[21:34:49] > MrZyrus7228 added x7 Ominous bottle in auction for 700000.
[21:37:03] > MrZyrus7228 remove x7 Ominous bottle from storage
[21:41:35] > Johng10910 remove x1 §f§l§x§F§C§D§0§5§CW§x§F§B§A§D§4§Du§x§F§9§8§B§3§Dk§x§F§8§6§8§2§Eo§x§F§6§4§5§1§Fn§x§F§5§2§3§0§Fg§x§F§3§0§0§0§0 §x§F§5§2§3§0§FH§x§F§6§4§5§1§Fa§x§F§8§6§8§2§Em§x§F§9§8§B§3§Dm§x§F§B§A§D§4§De§x§F§C§D§0§5§Cr from storage
[21:41:46] > Johng10910 added x1 §f§l§x§F§C§D§0§5§CW§x§F§B§A§D§4§Du§x§F§9§8§B§3§Dk§x§F§8§6§8§2§Eo§x§F§6§4§5§1§Fn§x§F§5§2§3§0§Fg§x§F§3§0§0§0§0 §x§F§5§2§3§0§FH§x§F§6§4§5§1§Fa§x§F§8§6§8§2§Em§x§F§9§8§B§3§Dm§x§F§B§A§D§4§De§x§F§C§D§0§5§Cr in auction for 600000.
[21:47:45] > TostyZura remove x1 §x§E§4§3§A§9§6§lW§x§E§7§5§3§A§3§lI§x§E§B§6§B§B§0§lN§x§E§E§8§4§B§D§lG§x§F§2§9§D§C§B§lS §x§F§8§C§E§E§5§lO§x§F§C§E§6§F§2§lF §x§F§C§E§6§F§2§lE§x§F§8§C§E§E§5§lT§x§F§5§B§5§D§8§lE§x§F§2§9§D§C§B§lR§x§E§E§8§4§B§D§lN§x§E§B§6§B§B§0§lI§x§E§7§5§3§A§3§lT§x§E§4§3§A§9§6§lY from storage
[21:53:33] > RizzaIck added x1 §x§5§C§C§F§F§C§lC§x§5§C§D§1§F§5§lo§x§5§D§D§4§E§E§ls§x§5§D§D§6§E§7§lm§x§5§E§D§9§E§1§le§x§5§E§D§B§D§A§lt§x§5§E§D§D§D§3§li§x§5§F§E§0§C§C§lc §x§5§F§E§0§C§C§lH§x§5§E§D§D§D§3§la§x§5§E§D§B§D§A§lt§x§5§E§D§9§E§1§ls §x§5§D§D§4§E§E§lK§x§5§C§D§1§F§5§le§x§5§C§C§F§F§C§ly in auction for 100000.
[21:55:36] > RizzaIck added x1 §x§F§F§7§C§0§0§lSteamsparks Hat in auction for 500000.
[21:55:59] > EnderDragon0120 added x1 §f§l§x§F§A§0§0§0§AD§x§F§A§1§A§1§4a§x§F§B§3§4§1§Fr§x§F§B§4§E§2§9k§x§F§B§6§8§3§3f§x§F§B§8§2§3§Dl§x§F§C§9§C§4§8a§x§F§C§B§6§5§2m§x§F§C§D§0§5§Ce§x§F§C§B§6§5§2 §x§F§C§9§C§4§8P§x§F§B§8§2§3§Di§x§F§B§6§8§3§3c§x§F§B§4§E§2§9k§x§F§B§3§4§1§Fa§x§F§A§1§A§1§4x§x§F§A§0§0§0§Ae in auction for 670000.
[21:56:12] > imnectarfr added x1 Witch Spawner in auction for 550000.
[22:01:57] > MrZyrus7228 added x1 §eᴡɪᴛᴄʜ ꜱᴘᴀᴡɴᴇʀ in auction for 1000000.
[22:02:25] > MrZyrus7228 remove x4 Mangrove planks form storage
[22:02:25] > MrZyrus7228 remove x1 §x§E§5§1§B§1§B§lDracula Staff form storage
[22:02:25] > MrZyrus7228 remove x1 Legendary wall form storage
[22:02:25] > MrZyrus7228 remove x1 §x§F§F§7§C§0§0§lSteamsparks Blade form storage
[22:02:25] > MrZyrus7228 remove x1 §eᴡɪᴛᴄʜ ꜱᴘᴀᴡɴᴇʀ form storage
[22:02:25] > MrZyrus7228 remove x1 §f§l§x§F§C§D§0§5§CW§x§F§B§B§6§5§1u§x§F§A§9§C§4§5k§x§F§9§8§2§3§Ao§x§F§8§6§8§2§En§x§F§6§4§E§2§3g§x§F§5§3§4§1§7 §x§F§4§1§A§0§CG§x§F§3§0§0§0§0r§x§F§4§1§A§0§Ce§x§F§5§3§4§1§7a§x§F§6§4§E§2§3t§x§F§8§6§8§2§Es§x§F§9§8§2§3§Aw§x§F§A§9§C§4§5o§x§F§B§B§6§5§1r§x§F§C§D§0§5§Cd form storage
[22:02:35] > mae added x1 §x§5§9§A§1§D§9§lA§x§6§B§A§B§D§Dr§x§7§E§B§6§E§1c§x§9§0§C§0§E§6h§x§A§3§C§B§E§Aa§x§B§5§D§5§E§En§x§C§8§E§0§F§2g§x§D§A§E§A§F§7e§x§E§D§F§5§F§Bl §x§E§A§F§3§F§AB§x§D§6§E§8§F§6a§x§C§1§D§C§F§1c§x§A§C§D§0§E§Ck§x§9§7§C§4§E§7p§x§8§3§B§9§E§3a§x§6§E§A§D§D§Ec§x§5§9§A§1§D§9k in auction for 1000000.
[22:03:24] > HwanYo remove x64 Experience bottle from storage
[22:03:26] > HwanYo remove x1 §f§l§x§8§A§0§0§F§FS§x§9§C§0§0§D§5h§x§A§D§0§0§A§Ai§x§B§F§0§0§8§0n§x§D§0§0§0§5§5e§x§E§2§0§0§2§B §x§F§3§0§0§0§0O§x§E§2§0§0§2§An§x§D§0§0§0§5§5i§x§B§F§0§0§8§0 §x§A§D§0§0§A§AH§x§9§C§0§0§D§5o§x§8§A§0§0§F§Fe from storage
[22:03:34] > HwanYo added x64 Experience bottle in auction for 130000.
[22:03:38] > mae remove x1 §f§l§x§8§A§0§0§F§FS§x§9§5§0§0§E§4h§x§A§0§0§0§C§9i§x§A§B§0§0§A§En§x§B§6§0§0§9§4e§x§C§1§0§0§7§9 §x§C§C§0§0§5§EO§x§D§7§0§0§4§3n§x§E§2§0§0§2§8i§x§E§D§0§0§0§D C§x§E§2§0§0§2§8h§x§D§7§0§0§4§3e§x§C§C§0§0§5§Es§x§C§1§0§0§7§9t§x§B§6§0§0§9§4p§x§A§B§0§0§A§El§x§A§0§0§0§C§9a§x§9§5§0§0§E§4t§x§8§A§0§0§F§Fe from storage
[22:03:46] > mae added x1 §f§l§x§8§A§0§0§F§FS§x§9§5§0§0§E§4h§x§A§0§0§0§C§9i§x§A§B§0§0§A§En§x§B§6§0§0§9§4e§x§C§1§0§0§7§9 §x§C§C§0§0§5§EO§x§D§7§0§0§4§3n§x§E§2§0§0§2§8i§x§E§D§0§0§0§D C§x§E§2§0§0§2§8h§x§D§7§0§0§4§3e§x§C§C§0§0§5§Es§x§C§1§0§0§7§9t§x§B§6§0§0§9§4p§x§A§B§0§0§A§El§x§A§0§0§0§C§9a§x§9§5§0§0§E§4t§x§8§A§0§0§F§Fe in auction for 3500000.
[22:09:25] > Johng10910 added x64 Experience bottle in auction for 100000.
[22:17:00] > MrGh0st1y added x1 §x§5§C§C§F§F§C§lC§x§5§C§D§1§F§5§lo§x§5§D§D§4§E§E§ls§x§5§D§D§6§E§7§lm§x§5§E§D§9§E§1§le§x§5§E§D§B§D§A§lt§x§5§E§D§D§D§3§li§x§5§F§E§0§C§C§lc §x§5§F§E§0§C§C§lH§x§5§E§D§D§D§3§la§x§5§E§D§B§D§A§lt§x§5§E§D§9§E§1§ls §x§5§D§D§4§E§E§lK§x§5§C§D§1§F§5§le§x§5§C§C§F§F§C§ly in auction for 50000.
[22:18:25] > BushSeat buy x1 §x§5§C§C§F§F§C§lC§x§5§C§D§1§F§5§lo§x§5§D§D§4§E§E§ls§x§5§D§D§6§E§7§lm§x§5§E§D§9§E§1§le§x§5§E§D§B§D§A§lt§x§5§E§D§D§D§3§li§x§5§F§E§0§C§C§lc §x§5§F§E§0§C§C§lH§x§5§E§D§D§D§3§la§x§5§E§D§B§D§A§lt§x§5§E§D§9§E§1§ls §x§5§D§D§4§E§E§lK§x§5§C§D§1§F§5§le§x§5§C§C§F§F§C§ly to MrGh0st1y for $50,000.
[22:18:29] > BushSeat remove x1 §x§5§C§C§F§F§C§lC§x§5§C§D§1§F§5§lo§x§5§D§D§4§E§E§ls§x§5§D§D§6§E§7§lm§x§5§E§D§9§E§1§le§x§5§E§D§B§D§A§lt§x§5§E§D§D§D§3§li§x§5§F§E§0§C§C§lc §x§5§F§E§0§C§C§lH§x§5§E§D§D§D§3§la§x§5§E§D§B§D§A§lt§x§5§E§D§9§E§1§ls §x§5§D§D§4§E§E§lK§x§5§C§D§1§F§5§le§x§5§C§C§F§F§C§ly from buy
[22:26:00] > MrGh0st1y remove x1 §fRabbit Plushie (Salt & Pepper) §6(#73/101) from storage
[22:26:00] > MrGh0st1y remove x1 §fPillager Plushie §6(#66/101) from storage
[22:26:00] > MrGh0st1y remove x1 §fParrot Plushie (Gray) §6(#60/101) from storage
[22:26:01] > MrGh0st1y remove x1 §fRabbit Plushie §6(#69/101) from storage
[22:26:10] > MrGh0st1y added x1 §fRabbit Plushie (Salt & Pepper) §6(#73/101) in auction for 250000.
[22:26:29] > MrGh0st1y added x1 §fPillager Plushie §6(#66/101) in auction for 250000.
[22:26:45] > MrGh0st1y added x1 §fAxolotl Plushie §6(#3/101) in auction for 250000.
[22:26:58] > MrGh0st1y added x1 §fParrot Plushie (Gray) §6(#60/101) in auction for 250000.
[22:37:43] > MrGh0st1y added x1 §fRabbit Plushie §6(#69/101) in auction for 250000.
[22:44:47] > SussySuzy remove x25 Experience bottle form storage
[22:44:47] > SussySuzy remove x64 Packed ice form storage
[22:44:47] > SussySuzy remove x1 Enchanted golden apple form storage
[22:45:39] > HwanYo buy x1 §x§F§F§3§E§0§0§lSellwand Voucher to lorxie for $1,500,000.
[22:45:44] > HwanYo remove x1 §x§F§F§3§E§0§0§lSellwand Voucher from buy
[22:45:57] > TostyZura added x1 §eᴄʀᴇᴇᴘᴇʀ sᴘᴀᴡɴᴇʀ in auction for 250000.
[22:45:59] > HwanYo remove x1 §x§F§F§5§5§0§0§lsᴇʟʟᴡᴀɴᴅ §6- 5.0x from buy
[22:46:00] > HwanYo remove x1 §eᴡɪᴛᴄʜ ꜱᴘᴀᴡɴᴇʀ from buy
[22:46:01] > HwanYo remove x15 Wither skeleton skull from buy
[22:46:14] > TostyZura added x1 §eᴄʜɪᴄᴋᴇɴ sᴘᴀᴡɴᴇʀ in auction for 100000.
[22:46:56] > HwanYo remove x1 Lime shulker box from storage
[22:47:17] > HwanYo added x1 Lime shulker box in auction for 3300000.
[22:52:13] > HwanYo added x64 Emerald block in auction for 650000.
[22:52:31] > HwanYo added x64 Experience bottle in auction for 130000.
[22:52:44] > HwanYo added x64 Experience bottle in auction for 130000.
[22:55:35] > HwanYo added x1 §eᴘɪɢ sᴘᴀᴡɴᴇʀ in auction for 70000.
[22:58:46] > Hunter_Sung buy x1 §f§l§x§8§A§0§0§F§FS§x§9§7§0§0§D§Fh§x§A§4§0§0§B§Fi§x§B§1§0§0§9§Fn§x§B§F§0§0§8§0e§x§C§C§0§0§6§0 §x§D§9§0§0§4§0O§x§E§6§0§0§2§0n§x§F§3§0§0§0§0i§x§E§6§0§0§2§0 §x§D§9§0§0§4§0P§x§C§C§0§0§6§0i§x§B§F§0§0§8§0c§x§B§1§0§0§9§Fk§x§A§4§0§0§B§Fa§x§9§7§0§0§D§Fx§x§8§A§0§0§F§Fe to Zypher_0w0 for $3,500,000.
[22:59:44] > Hunter_Sung remove x1 §f§l§x§8§A§0§0§F§FS§x§9§7§0§0§D§Fh§x§A§4§0§0§B§Fi§x§B§1§0§0§9§Fn§x§B§F§0§0§8§0e§x§C§C§0§0§6§0 §x§D§9§0§0§4§0O§x§E§6§0§0§2§0n§x§F§3§0§0§0§0i§x§E§6§0§0§2§0 §x§D§9§0§0§4§0P§x§C§C§0§0§6§0i§x§B§F§0§0§8§0c§x§B§1§0§0§9§Fk§x§A§4§0§0§B§Fa§x§9§7§0§0§D§Fx§x§8§A§0§0§F§Fe from buy
[23:01:21] > HwanYo added x1 §f§l§x§8§A§0§0§F§FS§x§9§C§0§0§D§5h§x§A§D§0§0§A§Ai§x§B§F§0§0§8§0n§x§D§0§0§0§5§5e§x§E§2§0§0§2§B §x§F§3§0§0§0§0O§x§E§2§0§0§2§An§x§D§0§0§0§5§5i§x§B§F§0§0§8§0 §x§A§D§0§0§A§AH§x§9§C§0§0§D§5o§x§8§A§0§0§F§Fe in auction for 1000000.
[23:10:27] > .AyakoKoru buy x1 §eᴘɪɢ sᴘᴀᴡɴᴇʀ to octopus_01 for $500,000.
[23:10:45] > .AyakoKoru buy x1 §eᴄʜɪᴄᴋᴇɴ sᴘᴀᴡɴᴇʀ to TostyZura for $100,000.
[23:11:02] > .AyakoKoru buy x1 §eᴄʀᴇᴇᴘᴇʀ sᴘᴀᴡɴᴇʀ to TostyZura for $250,000.
[23:11:18] > .AyakoKoru buy x1 §eᴘɪɢ sᴘᴀᴡɴᴇʀ to HwanYo for $70,000.
[23:11:42] > .AyakoKoru remove x1 §eᴘɪɢ sᴘᴀᴡɴᴇʀ from buy
[23:11:42] > .AyakoKoru remove x1 §eᴄʀᴇᴇᴘᴇʀ sᴘᴀᴡɴᴇʀ from buy
[23:11:44] > .AyakoKoru remove x1 §eᴄʜɪᴄᴋᴇɴ sᴘᴀᴡɴᴇʀ from buy
[23:11:47] > .AyakoKoru remove x1 §eᴘɪɢ sᴘᴀᴡɴᴇʀ from buy
[23:24:49] > Malachkite added x1 §f§l§x§F§C§D§0§5§CW§x§F§A§A§A§4§Bu§x§F§9§8§4§3§Bk§x§F§7§5§F§2§Ao§x§F§5§3§9§1§9n§x§F§4§1§3§0§8g §x§F§5§3§9§1§9S§x§F§7§5§F§2§At§x§F§9§8§4§3§Bi§x§F§A§A§A§4§Bc§x§F§C§D§0§5§Ck in auction for 3000000.
[23:26:37] > Malachkite remove x1 §f§l§x§F§C§D§0§5§CW§x§F§A§A§A§4§Bu§x§F§9§8§4§3§Bk§x§F§7§5§F§2§Ao§x§F§5§3§9§1§9n§x§F§4§1§3§0§8g §x§F§5§3§9§1§9S§x§F§7§5§F§2§At§x§F§9§8§4§3§Bi§x§F§A§A§A§4§Bc§x§F§C§D§0§5§Ck from storage
[23:27:39] > x1 §eʙʟᴀᴢᴇ sᴘᴀᴡɴᴇʀ on sale by .Allxnzv has just expired, it goes in the inventory of expired items.
[23:27:39] > Malachkite added x1 §f§l§x§F§C§D§0§5§CW§x§F§A§A§A§4§Bu§x§F§9§8§4§3§Bk§x§F§7§5§F§2§Ao§x§F§5§3§9§1§9n§x§F§4§1§3§0§8g §x§F§5§3§9§1§9S§x§F§7§5§F§2§At§x§F§9§8§4§3§Bi§x§F§A§A§A§4§Bc§x§F§C§D§0§5§Ck in auction for 1000000.
[23:27:47] > Malachkite remove x1 §f§l§x§F§C§D§0§5§CW§x§F§A§A§A§4§Bu§x§F§9§8§4§3§Bk§x§F§7§5§F§2§Ao§x§F§5§3§9§1§9n§x§F§4§1§3§0§8g §x§F§5§3§9§1§9S§x§F§7§5§F§2§At§x§F§9§8§4§3§Bi§x§F§A§A§A§4§Bc§x§F§C§D§0§5§Ck from storage
[23:28:54] > r1h4d3ss added x1 Shulker box in auction for 3000000.
[23:41:22] > x1 §f§l§x§8§A§0§0§F§FS§x§9§6§0§0§E§3h§x§A§1§0§0§C§6i§x§A§D§0§0§A§An§x§B§9§0§0§8§Ee§x§C§4§0§0§7§1 §x§D§0§0§0§5§5O§x§D§C§0§0§3§9n§x§E§7§0§0§1§Ci§x§F§3§0§0§0§0 §x§E§7§0§0§1§CB§x§D§C§0§0§3§9i§x§D§0§0§0§5§5g§x§C§4§0§0§7§1 §x§B§9§0§0§8§ES§x§A§D§0§0§A§Aw§x§A§1§0§0§C§6o§x§9§6§0§0§E§3r§x§8§A§0§0§F§Fd on sale by ELITEAtlas has just expired, it goes in the inventory of expired items.
[23:43:35] > x1 §x§F§0§7§A§5§4§lZombie Apocalyptic Wing on sale by cinterMC has just expired, it goes in the inventory of expired items.
[23:53:04] > JullianHuH added x1 §x§F§F§3§E§0§0§lDemon Lord Wings in auction for 850000.
[23:56:32] > .AyakoKoru buy x2 Nether star to Shanksssuuuu for $200,000.
[23:56:46] > .AyakoKoru remove x2 Nether star from buy
[00:05:09] > x1 §eʙʟᴀᴢᴇ sᴘᴀᴡɴᴇʀ on sale by cinterMC has just expired, it goes in the inventory of expired items.
[00:12:42] > Zypher_0w0 added x2 §x§E§5§1§B§1§B§lDracula Key in auction for 220000.
[00:13:00] > Zypher_0w0 added x2 §x§E§5§1§B§1§B§lDracula Key in auction for 210000.
[00:13:11] > Zypher_0w0 added x2 §x§E§5§1§B§1§B§lDracula Key in auction for 200000.
[00:13:27] > Zypher_0w0 added x1 §x§F§F§3§E§0§0§lD§x§F§F§3§5§0§0§le§x§F§F§2§C§0§0§lm§x§F§F§2§3§0§0§lo§x§F§F§1§B§0§0§ln §x§F§F§0§9§0§0§lL§x§F§F§0§0§0§0§lo§x§F§F§0§A§0§0§lr§x§F§F§1§5§0§0§ld §x§F§F§2§9§0§0§lK§x§F§F§3§4§0§0§le§x§F§F§3§E§0§0§ly in auction for 250000.
[00:14:37] > DanRaiv added x1 Totem of undying in auction for 10.
[00:15:58] > Zypher_0w0 added x1 TotemBox in auction for 150000.
[00:23:19] > ry9191 remove x1 §f§l§x§8§A§0§0§F§FS§x§9§8§0§0§D§Dh§x§A§6§0§0§B§Bi§x§B§4§0§0§9§9n§x§C§2§0§0§7§7e§x§D§0§0§0§5§5 §x§D§E§0§0§3§3O§x§E§C§0§0§1§1ni§x§D§E§0§0§3§3 §x§D§0§0§0§5§5S§x§C§2§0§0§7§7i§x§B§4§0§0§9§9c§x§A§6§0§0§B§Bk§x§9§8§0§0§D§Dl§x§8§A§0§0§F§Fe form storage
[00:23:46] > ry9191 added x1 §f§l§x§8§A§0§0§F§FS§x§9§8§0§0§D§Dh§x§A§6§0§0§B§Bi§x§B§4§0§0§9§9n§x§C§2§0§0§7§7e§x§D§0§0§0§5§5 §x§D§E§0§0§3§3O§x§E§C§0§0§1§1ni§x§D§E§0§0§3§3 §x§D§0§0§0§5§5S§x§C§2§0§0§7§7i§x§B§4§0§0§9§9c§x§A§6§0§0§B§Bk§x§9§8§0§0§D§Dl§x§8§A§0§0§F§Fe in auction for 2000000.
[00:24:25] > Zypher_0w0 added x1 §eᴘɪɢ sᴘᴀᴡɴᴇʀ in auction for 250000.
[00:24:33] > Zypher_0w0 remove x1 §eᴘɪɢ sᴘᴀᴡɴᴇʀ from storage
[00:34:05] > Unforce01 buy x1 §f§l§x§8§A§0§0§F§FS§x§9§5§0§0§E§4h§x§A§0§0§0§C§9i§x§A§B§0§0§A§En§x§B§6§0§0§9§4e§x§C§1§0§0§7§9 §x§C§C§0§0§5§EO§x§D§7§0§0§4§3n§x§E§2§0§0§2§8i§x§E§D§0§0§0§D C§x§E§2§0§0§2§8h§x§D§7§0§0§4§3e§x§C§C§0§0§5§Es§x§C§1§0§0§7§9t§x§B§6§0§0§9§4p§x§A§B§0§0§A§El§x§A§0§0§0§C§9a§x§9§5§0§0§E§4t§x§8§A§0§0§F§Fe to mae for $3,500,000.
[00:41:03] > Technoblad7869 buy x1 Totem of undying to DanRaiv for $10.
[00:41:17] > Technoblad7869 remove x1 Totem of undying from buy
[00:41:47] > MrZyrus7228 added x1 A fish filled with air in auction for 10.
[00:44:41] > Unforce01 remove x1 Enchanted golden apple form buy
[00:44:41] > Unforce01 remove x1 Shulker box form buy
[00:44:41] > Unforce01 remove x1 §f§l§x§8§A§0§0§F§FS§x§9§5§0§0§E§4h§x§A§0§0§0§C§9i§x§A§B§0§0§A§En§x§B§6§0§0§9§4e§x§C§1§0§0§7§9 §x§C§C§0§0§5§EO§x§D§7§0§0§4§3n§x§E§2§0§0§2§8i§x§E§D§0§0§0§D C§x§E§2§0§0§2§8h§x§D§7§0§0§4§3e§x§C§C§0§0§5§Es§x§C§1§0§0§7§9t§x§B§6§0§0§9§4p§x§A§B§0§0§A§El§x§A§0§0§0§C§9a§x§9§5§0§0§E§4t§x§8§A§0§0§F§Fe form buy
[00:44:41] > Unforce01 remove x1 Enchanted golden apple form buy
[00:54:15] > MrZyrus7228 added x1 §x§E§5§1§B§1§B§lDracula Chestplate in auction for 10.
[00:54:50] > Weponsv buy x1 §x§E§5§1§B§1§B§lDracula Chestplate to MrZyrus7228 for $10.
[01:01:24] > Unforce01 buy x1 §x§5§9§A§1§D§9§lA§x§6§B§A§B§D§Dr§x§7§E§B§6§E§1c§x§9§0§C§0§E§6h§x§A§3§C§B§E§Aa§x§B§5§D§5§E§En§x§C§8§E§0§F§2g§x§D§A§E§A§F§7e§x§E§D§F§5§F§Bl §x§E§A§F§3§F§AL§x§D§6§E§8§F§6e§x§C§1§D§C§F§1g§x§A§C§D§0§E§Cg§x§9§7§C§4§E§7i§x§8§3§B§9§E§3n§x§6§E§A§D§D§Eg§x§5§9§A§1§D§9s to mae for $1,000,000.
[01:01:29] > Unforce01 remove x1 §x§5§9§A§1§D§9§lA§x§6§B§A§B§D§Dr§x§7§E§B§6§E§1c§x§9§0§C§0§E§6h§x§A§3§C§B§E§Aa§x§B§5§D§5§E§En§x§C§8§E§0§F§2g§x§D§A§E§A§F§7e§x§E§D§F§5§F§Bl §x§E§A§F§3§F§AL§x§D§6§E§8§F§6e§x§C§1§D§C§F§1g§x§A§C§D§0§E§Cg§x§9§7§C§4§E§7i§x§8§3§B§9§E§3n§x§6§E§A§D§D§Eg§x§5§9§A§1§D§9s form buy
[01:02:12] > baba buy x64 Experience bottle to Johng10910 for $100,000.
[01:02:18] > baba buy x64 Experience bottle to HwanYo for $130,000.
[01:02:22] > baba buy x64 Experience bottle to HwanYo for $130,000.
[01:02:25] > baba buy x64 Experience bottle to HwanYo for $130,000.
[01:03:02] > baba buy x1 TotemBox to Zypher_0w0 for $150,000.
[01:03:14] > baba remove x64 Experience bottle form buy
[01:03:14] > baba remove x64 Experience bottle form buy
[01:03:14] > baba remove x1 TotemBox form buy
[01:03:14] > baba remove x64 Experience bottle form buy
[01:03:14] > baba remove x64 Experience bottle form buy
[01:14:51] > Weponsv buy x1 A fish filled with air to MrZyrus7228 for $10.
[01:30:44] > Zypher_0w0 added x1 §x§5§9§A§1§D§9§lA§x§6§A§A§A§D§Dr§x§7§A§B§4§E§1c§x§8§B§B§D§E§4h§x§9§B§C§7§E§8a§x§A§C§D§0§E§Cn§x§B§D§D§9§F§0g§x§C§D§E§3§F§4e§x§D§E§E§C§F§7l §fF§x§E§E§F§6§F§Bi§x§D§E§E§C§F§7s§x§C§D§E§3§F§4h§x§B§D§D§9§F§0i§x§A§C§D§0§E§Cn§x§9§B§C§7§E§8g §x§7§A§B§4§E§1R§x§6§A§A§A§D§Do§x§5§9§A§1§D§9d in auction for 999999.
[01:32:12] > Zypher_0w0 added x1 Elytra in auction for 1800000.
[02:11:06] > VortexZayne added x1 §f§l§x§8§A§0§0§F§FS§x§9§9§0§0§D§Bh§x§A§8§0§0§B§6i§x§B§7§0§0§9§2n§x§C§6§0§0§6§De§x§D§5§0§0§4§9 §x§E§4§0§0§2§4O§x§F§3§0§0§0§0n§x§E§4§0§0§2§4i§x§D§5§0§0§4§9 §x§C§6§0§0§6§DS§x§B§7§0§0§9§2p§x§A§8§0§0§B§6e§x§9§9§0§0§D§Ba§x§8§A§0§0§F§Fr in auction for 10000000.
[02:23:02] > VortexZayne remove x1 §f§l§x§8§A§0§0§F§FS§x§9§9§0§0§D§Bh§x§A§8§0§0§B§6i§x§B§7§0§0§9§2n§x§C§6§0§0§6§De§x§D§5§0§0§4§9 §x§E§4§0§0§2§4O§x§F§3§0§0§0§0n§x§E§4§0§0§2§4i§x§D§5§0§0§4§9 §x§C§6§0§0§6§DS§x§B§7§0§0§9§2p§x§A§8§0§0§B§6e§x§9§9§0§0§D§Ba§x§8§A§0§0§F§Fr from storage
[03:03:45] > ry9191 added x1 §f§l§x§8§A§0§0§F§FS§x§9§8§0§0§D§Dh§x§A§6§0§0§B§Bi§x§B§4§0§0§9§9n§x§C§2§0§0§7§7e§x§D§0§0§0§5§5 §x§D§E§0§0§3§3O§x§E§C§0§0§1§1ni§x§D§E§0§0§3§3 §x§D§0§0§0§5§5S§x§C§2§0§0§7§7i§x§B§4§0§0§9§9c§x§A§6§0§0§B§Bk§x§9§8§0§0§D§Dl§x§8§A§0§0§F§Fe in auction for 800000.
[03:04:59] > sigman remove x1 §fGarden Hat form storage
[03:04:59] > sigman remove x1 §x§E§5§1§B§1§B§lDracula Spear form storage
[03:04:59] > sigman remove x1 §f§l§x§F§C§D§0§5§CW§x§F§B§B§0§4§Eu§x§F§9§9§0§4§0k§x§F§8§7§0§3§2o§x§F§6§5§0§2§3n§x§F§5§3§0§1§5g§x§F§4§1§0§0§7 H§x§F§5§3§0§1§5a§x§F§6§5§0§2§3l§x§F§8§7§0§3§2b§x§F§9§9§0§4§0e§x§F§B§B§0§4§Er§x§F§C§D§0§5§Cd form storage
[03:04:59] > sigman remove x1 Shield form storage
[03:07:21] > sigman added x1 §x§F§F§7§C§0§0§lSteamsparks Blade in auction for 450000.
[03:07:53] > sigman added x1 §fGarden Hat in auction for 50000.
[03:08:19] > sigman added x1 §x§E§5§1§B§1§B§lDracula Spear in auction for 450000.
[03:08:29] > sigman added x1 Shield in auction for 10.
[03:33:06] > x1 §x§E§5§1§B§1§B§lDracula Hoe on sale by Asterizu has just expired, it goes in the inventory of expired items.
[03:33:18] > BlackKnight buy x1 §f§l§x§8§A§0§0§F§FS§x§9§8§0§0§D§Dh§x§A§6§0§0§B§Bi§x§B§4§0§0§9§9n§x§C§2§0§0§7§7e§x§D§0§0§0§5§5 §x§D§E§0§0§3§3O§x§E§C§0§0§1§1ni§x§D§E§0§0§3§3 §x§D§0§0§0§5§5S§x§C§2§0§0§7§7i§x§B§4§0§0§9§9c§x§A§6§0§0§B§Bk§x§9§8§0§0§D§Dl§x§8§A§0§0§F§Fe to ry9191 for $800,000.
[03:33:33] > BlackKnight remove x1 §f§l§8B§x§6§2§6§2§6§2a§x§6§F§6§F§6§Fh§x§7§C§7§C§7§Ca§x§8§9§8§9§8§9m§x§9§6§9§6§9§6u§x§A§3§A§3§A§3t §x§9§6§9§6§9§6H§x§8§9§8§9§8§9a§x§7§C§7§C§7§Cm§x§6§F§6§F§6§Fm§x§6§2§6§2§6§2e§8r form buy
[03:33:33] > BlackKnight remove x1 §x§F§0§7§A§5§4§lZombie Apocalyptic Shovel form buy
[03:33:33] > BlackKnight remove x1 §fShogun Bow form buy
[03:33:33] > BlackKnight remove x1 §f§l§x§8§A§0§0§F§FS§x§9§8§0§0§D§Dh§x§A§6§0§0§B§Bi§x§B§4§0§0§9§9n§x§C§2§0§0§7§7e§x§D§0§0§0§5§5 §x§D§E§0§0§3§3O§x§E§C§0§0§1§1ni§x§D§E§0§0§3§3 §x§D§0§0§0§5§5S§x§C§2§0§0§7§7i§x§B§4§0§0§9§9c§x§A§6§0§0§B§Bk§x§9§8§0§0§D§Dl§x§8§A§0§0§F§Fe form buy
[04:22:33] > BlINDSTEELS buy x1 §fWitch Plushie §6(#94/101) to imnectarfr for $500,000.
[04:22:38] > BlINDSTEELS remove x1 §fWitch Plushie §6(#94/101) from buy
[04:38:47] > kopo555 buy x1 §f§l§8B§x§6§3§6§3§6§3a§x§7§1§7§1§7§1h§x§8§0§8§0§8§0a§x§8§E§8§E§8§Em§x§9§C§9§C§9§Cu§7t§x§9§C§9§C§9§C §x§8§E§8§E§8§EB§x§8§0§8§0§8§0o§x§7§1§7§1§7§1o§x§6§3§6§3§6§3t§8s to koshie for $1,000,000.
[04:39:19] > sigman remove x1 Shield from storage
[04:41:25] > kopo555 remove x1 §f§l§8B§x§6§3§6§3§6§3a§x§7§1§7§1§7§1h§x§8§0§8§0§8§0a§x§8§E§8§E§8§Em§x§9§C§9§C§9§Cu§7t§x§9§C§9§C§9§C §x§8§E§8§E§8§EB§x§8§0§8§0§8§0o§x§7§1§7§1§7§1o§x§6§3§6§3§6§3t§8s from buy
[05:18:14] > rcryeio buy x1 §x§E§5§1§B§1§B§lDracula Sickle to VortexZayne for $50,000.
[05:20:07] > rcryeio remove x1 §x§E§5§1§B§1§B§lDracula Sickle from buy
[05:35:57] > sigman remove x1 §x§F§F§7§C§0§0§lSteamsparks Blade form storage
[05:35:57] > sigman remove x1 §x§E§5§1§B§1§B§lDracula Spear form storage
[05:35:57] > sigman remove x1 §fGarden Hat form storage
[05:36:15] > sigman added x1 §x§F§F§7§C§0§0§lSteamsparks Blade in auction for 450000.
[05:36:27] > sigman added x1 §fGarden Hat in auction for 50000.
[05:36:46] > sigman added x1 §x§E§5§1§B§1§B§lDracula Spear in auction for 450000.
[06:55:57] > x1 Happy 20th Birthday to mauserdart.. on sale by mauserdart has just expired, it goes in the inventory of expired items.
[07:02:21] > Hunter_Sung buy x1 §f§l§x§F§A§0§0§0§AD§x§F§A§1§A§1§4a§x§F§B§3§4§1§Fr§x§F§B§4§E§2§9k§x§F§B§6§8§3§3f§x§F§B§8§2§3§Dl§x§F§C§9§C§4§8a§x§F§C§B§6§5§2m§x§F§C§D§0§5§Ce§x§F§C§B§6§5§2 §x§F§C§9§C§4§8P§x§F§B§8§2§3§Di§x§F§B§6§8§3§3c§x§F§B§4§E§2§9k§x§F§B§3§4§1§Fa§x§F§A§1§A§1§4x§x§F§A§0§0§0§Ae to EnderDragon0120 for $670,000.
[07:02:30] > Hunter_Sung remove x1 §f§l§x§F§A§0§0§0§AD§x§F§A§1§A§1§4a§x§F§B§3§4§1§Fr§x§F§B§4§E§2§9k§x§F§B§6§8§3§3f§x§F§B§8§2§3§Dl§x§F§C§9§C§4§8a§x§F§C§B§6§5§2m§x§F§C§D§0§5§Ce§x§F§C§B§6§5§2 §x§F§C§9§C§4§8P§x§F§B§8§2§3§Di§x§F§B§6§8§3§3c§x§F§B§4§E§2§9k§x§F§B§3§4§1§Fa§x§F§A§1§A§1§4x§x§F§A§0§0§0§Ae form buy
[07:08:59] > .AyakoKoru remove x1 §fFlower Hat from storage
[07:08:59] > .AyakoKoru remove x1 §fSun Visor Hat from storage
[07:09:00] > .AyakoKoru remove x1 §fMysterious Hat from storage
[07:09:01] > .AyakoKoru remove x3 §x§F§C§9§0§5§C§lE§x§E§6§9§C§6§B§lp§x§C§F§A§7§7§A§li§x§B§9§B§3§8§9§lc §x§8§C§C§B§A§7§lC§x§7§5§D§6§B§6§lr§x§5§F§E§2§C§5§la§x§7§9§D§4§B§4§lt§x§9§3§C§7§A§2§le §x§C§8§A§B§7§F§lK§x§E§2§9§E§6§E§le§x§F§C§9§0§5§C§ly from storage
[07:09:03] > .AyakoKoru remove x3 §x§F§C§9§0§5§C§lE§x§E§6§9§C§6§B§lp§x§C§F§A§7§7§A§li§x§B§9§B§3§8§9§lc §x§8§C§C§B§A§7§lC§x§7§5§D§6§B§6§lr§x§5§F§E§2§C§5§la§x§7§9§D§4§B§4§lt§x§9§3§C§7§A§2§le §x§C§8§A§B§7§F§lK§x§E§2§9§E§6§E§le§x§F§C§9§0§5§C§ly from storage
[07:09:21] > .AyakoKoru added x16 Brown egg in auction for 16000.
[07:09:40] > .AyakoKoru added x16 Brown egg in auction for 16000.
[07:09:53] > .AyakoKoru added x16 Brown egg in auction for 16000.
[07:10:06] > .AyakoKoru added x16 Brown egg in auction for 16000.
[07:10:19] > .AyakoKoru added x14 Brown egg in auction for 14000.
[07:25:26] > Lan3dy added x2 §x§5§C§C§F§F§C§lC§x§5§C§D§1§F§5§lo§x§5§D§D§4§E§E§ls§x§5§D§D§6§E§7§lm§x§5§E§D§9§E§1§le§x§5§E§D§B§D§A§lt§x§5§E§D§D§D§3§li§x§5§F§E§0§C§C§lc §x§5§F§E§0§C§C§lH§x§5§E§D§D§D§3§la§x§5§E§D§B§D§A§lt§x§5§E§D§9§E§1§ls §x§5§D§D§4§E§E§lK§x§5§C§D§1§F§5§le§x§5§C§C§F§F§C§ly in auction for 100000.
[07:47:03] > Hunter_Sung buy x1 §x§5§9§A§1§D§9§lA§x§6§B§A§B§D§Dr§x§7§E§B§6§E§1c§x§9§0§C§0§E§6h§x§A§3§C§B§E§Aa§x§B§5§D§5§E§En§x§C§8§E§0§F§2g§x§D§A§E§A§F§7e§x§E§D§F§5§F§Bl §x§E§A§F§3§F§AL§x§D§6§E§8§F§6e§x§C§1§D§C§F§1g§x§A§C§D§0§E§Cg§x§9§7§C§4§E§7i§x§8§3§B§9§E§3n§x§6§E§A§D§D§Eg§x§5§9§A§1§D§9s to octopus_01 for $1,000,000.
[07:47:10] > Hunter_Sung remove x1 §x§5§9§A§1§D§9§lA§x§6§B§A§B§D§Dr§x§7§E§B§6§E§1c§x§9§0§C§0§E§6h§x§A§3§C§B§E§Aa§x§B§5§D§5§E§En§x§C§8§E§0§F§2g§x§D§A§E§A§F§7e§x§E§D§F§5§F§Bl §x§E§A§F§3§F§AL§x§D§6§E§8§F§6e§x§C§1§D§C§F§1g§x§A§C§D§0§E§Cg§x§9§7§C§4§E§7i§x§8§3§B§9§E§3n§x§6§E§A§D§D§Eg§x§5§9§A§1§D§9s form buy
[08:41:44] > monggol remove x1 §x§F§F§7§C§0§0§lSteamsparks Hat form storage
[08:41:44] > monggol remove x1 §x§F§F§7§C§0§0§lSteamsparks Spear form storage
[08:41:44] > monggol remove x1 §x§F§F§3§E§0§0§lD§x§F§F§3§5§0§0§le§x§F§F§2§C§0§0§lm§x§F§F§2§3§0§0§lo§x§F§F§1§B§0§0§ln §x§F§F§0§9§0§0§lL§x§F§F§0§0§0§0§lo§x§F§F§0§A§0§0§lr§x§F§F§1§5§0§0§ld §x§F§F§2§9§0§0§lB§x§F§F§3§4§0§0§lo§x§F§F§3§E§0§0§lw form storage
[08:41:44] > monggol remove x1 §x§E§5§1§B§1§B§lDracula Dagger form storage
[08:42:03] > monggol added x1 §x§F§F§7§C§0§0§lSteamsparks Spear in auction for 100000.
[08:42:22] > monggol added x1 §x§F§F§7§C§0§0§lSteamsparks Hat in auction for 40000.
[08:42:51] > monggol added x1 §x§F§F§3§E§0§0§lD§x§F§F§3§5§0§0§le§x§F§F§2§C§0§0§lm§x§F§F§2§3§0§0§lo§x§F§F§1§B§0§0§ln §x§F§F§0§9§0§0§lL§x§F§F§0§0§0§0§lo§x§F§F§0§A§0§0§lr§x§F§F§1§5§0§0§ld §x§F§F§2§9§0§0§lB§x§F§F§3§4§0§0§lo§x§F§F§3§E§0§0§lw in auction for 90000.
[08:43:20] > monggol added x1 §x§E§5§1§B§1§B§lDracula Dagger in auction for 200000.
[08:54:45] > MrZyrus7228 added x1 Block O' Chocolate in auction for 10000.
[09:09:02] > lorxie remove x1 §f§l§x§8§A§0§0§F§FS§x§9§7§0§0§D§Fh§x§A§4§0§0§B§Fi§x§B§1§0§0§9§Fn§x§B§F§0§0§8§0e§x§C§C§0§0§6§0 §x§D§9§0§0§4§0O§x§E§6§0§0§2§0n§x§F§3§0§0§0§0i§x§E§6§0§0§2§0 §x§D§9§0§0§4§0P§x§C§C§0§0§6§0i§x§B§F§0§0§8§0c§x§B§1§0§0§9§Fk§x§A§4§0§0§B§Fa§x§9§7§0§0§D§Fx§x§8§A§0§0§F§Fe form storage
[09:09:02] > lorxie remove x1 §f§l§x§8§A§0§0§F§FS§x§9§7§0§0§D§Fh§x§A§4§0§0§B§Fi§x§B§1§0§0§9§Fn§x§B§F§0§0§8§0e§x§C§C§0§0§6§0 §x§D§9§0§0§4§0O§x§E§6§0§0§2§0n§x§F§3§0§0§0§0i§x§E§6§0§0§2§0 §x§D§9§0§0§4§0P§x§C§C§0§0§6§0i§x§B§F§0§0§8§0c§x§B§1§0§0§9§Fk§x§A§4§0§0§B§Fa§x§9§7§0§0§D§Fx§x§8§A§0§0§F§Fe form storage
[09:09:37] > lorxie added x1 §f§l§x§8§A§0§0§F§FS§x§9§7§0§0§D§Fh§x§A§4§0§0§B§Fi§x§B§1§0§0§9§Fn§x§B§F§0§0§8§0e§x§C§C§0§0§6§0 §x§D§9§0§0§4§0O§x§E§6§0§0§2§0n§x§F§3§0§0§0§0i§x§E§6§0§0§2§0 §x§D§9§0§0§4§0P§x§C§C§0§0§6§0i§x§B§F§0§0§8§0c§x§B§1§0§0§9§Fk§x§A§4§0§0§B§Fa§x§9§7§0§0§D§Fx§x§8§A§0§0§F§Fe in auction for 5000000.
[09:09:54] > lorxie added x1 §f§l§x§8§A§0§0§F§FS§x§9§7§0§0§D§Fh§x§A§4§0§0§B§Fi§x§B§1§0§0§9§Fn§x§B§F§0§0§8§0e§x§C§C§0§0§6§0 §x§D§9§0§0§4§0O§x§E§6§0§0§2§0n§x§F§3§0§0§0§0i§x§E§6§0§0§2§0 §x§D§9§0§0§4§0P§x§C§C§0§0§6§0i§x§B§F§0§0§8§0c§x§B§1§0§0§9§Fk§x§A§4§0§0§B§Fa§x§9§7§0§0§D§Fx§x§8§A§0§0§F§Fe in auction for 5000000.
[09:10:14] > lorxie added x1 §x§F§F§3§E§0§0§lSellwand Voucher in auction for 1500000.
[09:10:46] > lorxie added x1 §x§F§F§3§E§0§0§lSellwand Voucher in auction for 1500000.
[09:15:48] > jeff added x1 §aCthulhu in auction for 10000.
[09:16:05] > jeff added x1 §fBumble Bee Hat in auction for 10000.
[09:16:28] > jeff added x1 §5Witch Hat in auction for 100000.
[09:16:47] > jeff added x1 §2Cauldron Hat in auction for 10000.
[09:28:28] > monggol added x1 §x§F§F§3§E§0§0§lD§x§F§F§3§7§0§0§le§x§F§F§3§0§0§0§lm§x§F§F§2§9§0§0§lo§x§F§F§2§2§0§0§ln §x§F§F§1§5§0§0§lL§x§F§F§0§E§0§0§lo§x§F§F§0§7§0§0§lr§x§F§F§0§0§0§0§ld §x§F§F§0§E§0§0§lC§x§F§F§1§5§0§0§lr§x§F§F§1§C§0§0§lo§x§F§F§2§2§0§0§ls§x§F§F§2§9§0§0§ls§x§F§F§3§0§0§0§lb§x§F§F§3§7§0§0§lo§x§F§F§3§E§0§0§lw in auction for 90000.
[09:36:42] > monggol buy x6 §bEntropy Crystal §8(§310,000§8) to mauserdart for $600,000.
[09:37:05] > monggol remove x6 §bEntropy Crystal §8(§310,000§8) from buy
[09:49:11] > BushSeat buy x1 §aCthulhu to jeff for $10,000.
[09:49:15] > BushSeat buy x1 §fBumble Bee Hat to jeff for $10,000.
[09:49:19] > BushSeat buy x1 §2Cauldron Hat to jeff for $10,000.
[09:49:26] > BushSeat remove x1 §2Cauldron Hat from buy
[09:49:26] > BushSeat remove x1 §fBumble Bee Hat from buy
[09:49:28] > BushSeat remove x1 §aCthulhu from buy
[09:54:34] > kkyleeeeesa remove x1 §f§l§8B§x§5§F§5§F§5§Fa§x§6§9§6§9§6§9h§x§7§3§7§3§7§3a§x§7§D§7§D§7§Dm§x§8§7§8§7§8§7u§x§9§1§9§1§9§1t§x§9§B§9§B§9§B §x§A§5§A§5§A§5Ch§x§9§B§9§B§9§Be§x§9§1§9§1§9§1s§x§8§7§8§7§8§7t§x§7§D§7§D§7§Dp§x§7§3§7§3§7§3l§x§6§9§6§9§6§9a§x§5§F§5§F§5§Ft§8e from storage
[09:54:47] > kkyleeeeesa added x1 §f§l§8B§x§5§F§5§F§5§Fa§x§6§9§6§9§6§9h§x§7§3§7§3§7§3a§x§7§D§7§D§7§Dm§x§8§7§8§7§8§7u§x§9§1§9§1§9§1t§x§9§B§9§B§9§B §x§A§5§A§5§A§5Ch§x§9§B§9§B§9§Be§x§9§1§9§1§9§1s§x§8§7§8§7§8§7t§x§7§D§7§D§7§Dp§x§7§3§7§3§7§3l§x§6§9§6§9§6§9a§x§5§F§5§F§5§Ft§8e in auction for 900000.
[10:01:56] > octopus_01 buy x1 §x§F§F§3§E§0§0§lSellwand Voucher to lorxie for $1,500,000.
[10:01:58] > octopus_01 buy x1 §x§F§F§3§E§0§0§lSellwand Voucher to lorxie for $1,500,000.
[10:02:08] > octopus_01 buy x2 §x§E§5§1§B§1§B§lDracula Key to Zypher_0w0 for $200,000.
[10:02:09] > octopus_01 buy x2 §x§E§5§1§B§1§B§lDracula Key to Zypher_0w0 for $210,000.
[10:02:11] > octopus_01 buy x2 §x§E§5§1§B§1§B§lDracula Key to Zypher_0w0 for $220,000.
[10:02:42] > frenchhee added x1 §x§F§F§3§E§0§0§lD§x§F§F§3§6§0§0§le§x§F§F§2§F§0§0§lm§x§F§F§2§7§0§0§lo§x§F§F§1§F§0§0§ln §x§F§F§1§0§0§0§lL§x§F§F§0§8§0§0§lo§x§F§F§0§0§0§0§lr§x§F§F§0§9§0§0§ld §x§F§F§1§B§0§0§lS§x§F§F§2§3§0§0§lw§x§F§F§2§C§0§0§lo§x§F§F§3§5§0§0§lr§x§F§F§3§E§0§0§ld in auction for 250000.
[10:02:54] > octopus_01 remove x1 §x§F§F§3§E§0§0§lSellwand Voucher from buy
[10:02:54] > octopus_01 remove x1 §x§F§F§3§E§0§0§lSellwand Voucher from buy
[10:02:54] > octopus_01 remove x2 §x§E§5§1§B§1§B§lDracula Key from buy
[10:02:54] > octopus_01 remove x2 §x§E§5§1§B§1§B§lDracula Key from buy
[10:02:55] > octopus_01 remove x2 §x§E§5§1§B§1§B§lDracula Key from buy
[10:04:49] > frenchhee buy x1 §x§F§F§3§E§0§0§lDemon Lord Wings to JullianHuH for $850,000.
[10:04:53] > frenchhee remove x1 §x§E§5§1§B§1§B§lDracula Sword form storage
[10:04:53] > frenchhee remove x1 §x§F§F§3§E§0§0§lD§x§F§F§3§5§0§0§le§x§F§F§2§C§0§0§lm§x§F§F§2§3§0§0§lo§x§F§F§1§B§0§0§ln §x§F§F§0§9§0§0§lL§x§F§F§0§0§0§0§lo§x§F§F§0§A§0§0§lr§x§F§F§1§5§0§0§ld §x§F§F§2§9§0§0§lA§x§F§F§3§4§0§0§lx§x§F§F§3§E§0§0§le form storage
[10:04:53] > frenchhee remove x1 §f§l§8B§x§6§0§6§0§6§0a§x§6§C§6§C§6§Ch§x§7§7§7§7§7§7a§x§8§2§8§2§8§2m§x§8§E§8§E§8§Eu§x§9§9§9§9§9§9t§x§A§4§A§4§A§4 G§x§9§9§9§9§9§9a§x§8§E§8§E§8§Eu§x§8§2§8§2§8§2n§x§7§7§7§7§7§7t§x§6§C§6§C§6§Cl§x§6§0§6§0§6§0e§8t form storage
[10:04:53] > frenchhee remove x1 §x§F§F§3§E§0§0§lD§x§F§F§3§6§0§0§le§x§F§F§2§F§0§0§lm§x§F§F§2§7§0§0§lo§x§F§F§1§F§0§0§ln §x§F§F§1§0§0§0§lL§x§F§F§0§8§0§0§lo§x§F§F§0§0§0§0§lr§x§F§F§0§9§0§0§ld §x§F§F§1§B§0§0§lS§x§F§F§2§3§0§0§lw§x§F§F§2§C§0§0§lo§x§F§F§3§5§0§0§lr§x§F§F§3§E§0§0§ld form storage
[10:05:06] > frenchhee remove x1 §x§F§F§3§E§0§0§lDemon Lord Wings from buy
[10:06:41] > grit_zy added x1 §bEntropy Crystal §8(§310,000§8) in auction for 150000.
[10:06:56] > grit_zy added x1 §bEntropy Crystal §8(§310,000§8) in auction for 150000.
[10:07:07] > grit_zy added x1 §bEntropy Crystal §8(§310,000§8) in auction for 150000.
[10:07:18] > grit_zy added x1 §bEntropy Crystal §8(§310,000§8) in auction for 150000.
[10:07:28] > octopus_01 remove x1 §x§5§9§A§1§D§9§lA§x§6§A§A§A§D§Dr§x§7§A§B§4§E§1c§x§8§B§B§D§E§4h§x§9§B§C§7§E§8a§x§A§C§D§0§E§Cn§x§B§D§D§9§F§0g§x§C§D§E§3§F§4e§x§D§E§E§C§F§7l §fG§x§E§D§F§5§F§Br§x§D§A§E§A§F§7e§x§C§8§E§0§F§2a§x§B§5§D§5§E§Et§x§A§3§C§B§E§As§x§9§0§C§0§E§6w§x§7§E§B§6§E§1o§x§6§B§A§B§D§Dr§x§5§9§A§1§D§9d from storage
[10:07:30] > octopus_01 remove x1 §x§F§F§3§E§0§0§lD§x§F§F§3§5§0§0§le§x§F§F§2§C§0§0§lm§x§F§F§2§3§0§0§lo§x§F§F§1§B§0§0§ln §x§F§F§0§9§0§0§lL§x§F§F§0§0§0§0§lo§x§F§F§0§A§0§0§lr§x§F§F§1§5§0§0§ld §x§F§F§2§9§0§0§lB§x§F§F§3§4§0§0§lo§x§F§F§3§E§0§0§lw from storage
[10:07:30] > grit_zy added x1 §bEntropy Crystal §8(§310,000§8) in auction for 150000.
[10:07:30] > octopus_01 remove x1 Trial key from storage
[10:07:38] > octopus_01 added x1 Trial key in auction for 10000.
[10:07:43] > grit_zy added x1 §bEntropy Crystal §8(§310,000§8) in auction for 150000.
[10:07:55] > grit_zy added x1 §bEntropy Crystal §8(§310,000§8) in auction for 150000.
[10:08:04] > octopus_01 added x1 §x§F§F§3§E§0§0§lD§x§F§F§3§5§0§0§le§x§F§F§2§C§0§0§lm§x§F§F§2§3§0§0§lo§x§F§F§1§B§0§0§ln §x§F§F§0§9§0§0§lL§x§F§F§0§0§0§0§lo§x§F§F§0§A§0§0§lr§x§F§F§1§5§0§0§ld §x§F§F§2§9§0§0§lB§x§F§F§3§4§0§0§lo§x§F§F§3§E§0§0§lw in auction for 10000.
[10:08:13] > grit_zy added x1 §bEntropy Crystal §8(§310,000§8) in auction for 150000.
[10:08:26] > octopus_01 added x1 §x§5§9§A§1§D§9§lA§x§6§A§A§A§D§Dr§x§7§A§B§4§E§1c§x§8§B§B§D§E§4h§x§9§B§C§7§E§8a§x§A§C§D§0§E§Cn§x§B§D§D§9§F§0g§x§C§D§E§3§F§4e§x§D§E§E§C§F§7l §fG§x§E§D§F§5§F§Br§x§D§A§E§A§F§7e§x§C§8§E§0§F§2a§x§B§5§D§5§E§Et§x§A§3§C§B§E§As§x§9§0§C§0§E§6w§x§7§E§B§6§E§1o§x§6§B§A§B§D§Dr§x§5§9§A§1§D§9d in auction for 500000.
[10:08:26] > grit_zy added x1 §bEntropy Crystal §8(§310,000§8) in auction for 150000.
[10:08:39] > grit_zy added x1 §bEntropy Crystal §8(§310,000§8) in auction for 150000.
[10:09:39] > grit_zy remove x1 §bEntropy Crystal §8(§310,000§8) from storage
[10:09:39] > grit_zy remove x1 §bEntropy Crystal §8(§310,000§8) from storage
[10:09:40] > grit_zy remove x1 §bEntropy Crystal §8(§310,000§8) from storage
[10:09:40] > grit_zy remove x1 §bEntropy Crystal §8(§310,000§8) from storage
[10:09:41] > grit_zy remove x1 §bEntropy Crystal §8(§310,000§8) from storage
[10:09:41] > grit_zy remove x1 §bEntropy Crystal §8(§310,000§8) from storage
[10:09:41] > grit_zy remove x1 §bEntropy Crystal §8(§310,000§8) from storage
[10:09:42] > grit_zy remove x1 §bEntropy Crystal §8(§310,000§8) from storage
[10:09:42] > grit_zy remove x1 §bEntropy Crystal §8(§310,000§8) from storage
[10:09:43] > grit_zy remove x1 §bEntropy Crystal §8(§310,000§8) from storage
[10:29:09] > FRANZ_JOSEF0 added x1 §x§E§5§1§B§1§B§lDracula Sword in auction for 100000.
[10:39:25] > AxoLittle added x1 Enchanted book in auction for 3000.
[10:39:42] > AxoLittle added x1 Enchanted book in auction for 3000.
[10:39:55] > AxoLittle added x1 Enchanted book in auction for 3000.
[10:40:02] > Kyotots added x1 §x§E§5§1§B§1§B§lDracula Leggings in auction for 30000.
[10:40:07] > AxoLittle added x1 Enchanted book in auction for 3000.
[10:40:43] > AxoLittle added x1 Enchanted book in auction for 3000.
[10:54:43] > BushSeat buy x1 §x§E§5§1§B§1§B§lDracula Leggings to Kyotots for $30,000.
[10:55:00] > Keeos added x64 Golden apple in auction for 200000.
[10:55:50] > Keeos remove x52 Golden apple form storage
[10:56:04] > Keeos added x64 Golden apple in auction for 200000.
[10:58:07] > Keeos added x64 Golden apple in auction for 200000.
[10:58:41] > Keeos added x64 Golden apple in auction for 200000.
[10:58:58] > Keeos added x64 Golden apple in auction for 150000.
[11:01:22] > Malachkite added x1 §x§F§F§3§E§0§0§lD§x§F§F§3§6§0§0§le§x§F§F§2§F§0§0§lm§x§F§F§2§7§0§0§lo§x§F§F§1§F§0§0§ln §x§F§F§1§0§0§0§lL§x§F§F§0§8§0§0§lo§x§F§F§0§0§0§0§lr§x§F§F§0§8§0§0§ld §x§F§F§1§7§0§0§lS§x§F§F§1§F§0§0§li§x§F§F§2§7§0§0§lc§x§F§F§2§F§0§0§lk§x§F§F§3§6§0§0§ll§x§F§F§3§E§0§0§le in auction for 1000000.
[11:01:40] > Keeos added x64 Golden apple in auction for 150000.
[11:02:12] > Keeos added x64 Golden apple in auction for 200000.
[11:05:25] > RizzaIck added x1 §x§5§C§C§F§F§C§lC§x§5§C§D§1§F§5§lo§x§5§D§D§4§E§E§ls§x§5§D§D§6§E§7§lm§x§5§E§D§9§E§1§le§x§5§E§D§B§D§A§lt§x§5§E§D§D§D§3§li§x§5§F§E§0§C§C§lc §x§5§F§E§0§C§C§lH§x§5§E§D§D§D§3§la§x§5§E§D§B§D§A§lt§x§5§E§D§9§E§1§ls §x§5§D§D§4§E§E§lK§x§5§C§D§1§F§5§le§x§5§C§C§F§F§C§ly in auction for 100000.
[11:05:35] > MochaFangs added x1 §f§l§8B§x§6§0§6§0§6§0a§x§6§C§6§C§6§Ch§x§7§7§7§7§7§7a§x§8§2§8§2§8§2m§x§8§E§8§E§8§Eu§x§9§9§9§9§9§9t§x§A§4§A§4§A§4 G§x§9§9§9§9§9§9a§x§8§E§8§E§8§Eu§x§8§2§8§2§8§2n§x§7§7§7§7§7§7t§x§6§C§6§C§6§Cl§x§6§0§6§0§6§0e§8t in auction for 500000.
[11:06:40] > Keeos added x64 Golden apple in auction for 200000.
[11:06:55] > Keeos added x64 Golden apple in auction for 200000.
[11:07:47] > AxoLittle remove x1 Enchanted book from storage
[11:07:48] > AxoLittle remove x1 Enchanted book from storage
[11:08:04] > AxoLittle added x64 Emerald in auction for 30000.
[11:08:18] > AxoLittle added x64 Emerald in auction for 30000.
[11:08:57] > Malachkite added x2 §x§9§8§6§3§E§7§lG§x§9§0§7§5§E§2§lo§x§8§8§8§7§D§D§ld§x§8§0§9§9§D§8§ll§x§7§7§A§C§D§4§ly §x§6§7§D§0§C§A§lC§x§5§F§E§2§C§5§lr§x§6§7§D§0§C§A§la§x§6§F§B§E§C§F§lt§x§7§7§A§C§D§4§le §x§8§8§8§7§D§D§lK§x§9§0§7§5§E§2§le§x§9§8§6§3§E§7§ly in auction for 1000000.
[11:09:05] > kkyleeeeesa buy x2 §x§9§8§6§3§E§7§lG§x§9§0§7§5§E§2§lo§x§8§8§8§7§D§D§ld§x§8§0§9§9§D§8§ll§x§7§7§A§C§D§4§ly §x§6§7§D§0§C§A§lC§x§5§F§E§2§C§5§lr§x§6§7§D§0§C§A§la§x§6§F§B§E§C§F§lt§x§7§7§A§C§D§4§le §x§8§8§8§7§D§D§lK§x§9§0§7§5§E§2§le§x§9§8§6§3§E§7§ly to Malachkite for $1,000,000.
[11:09:36] > kkyleeeeesa remove x2 §x§9§8§6§3§E§7§lG§x§9§0§7§5§E§2§lo§x§8§8§8§7§D§D§ld§x§8§0§9§9§D§8§ll§x§7§7§A§C§D§4§ly §x§6§7§D§0§C§A§lC§x§5§F§E§2§C§5§lr§x§6§7§D§0§C§A§la§x§6§F§B§E§C§F§lt§x§7§7§A§C§D§4§le §x§8§8§8§7§D§D§lK§x§9§0§7§5§E§2§le§x§9§8§6§3§E§7§ly from buy
[11:09:50] > nebula12321 buy x1 Enchanted book to AxoLittle for $3,000.
[11:11:19] > Malachkite added x3 §x§9§8§6§3§E§7§lG§x§9§0§7§5§E§2§lo§x§8§8§8§7§D§D§ld§x§8§0§9§9§D§8§ll§x§7§7§A§C§D§4§ly §x§6§7§D§0§C§A§lC§x§5§F§E§2§C§5§lr§x§6§7§D§0§C§A§la§x§6§F§B§E§C§F§lt§x§7§7§A§C§D§4§le §x§8§8§8§7§D§D§lK§x§9§0§7§5§E§2§le§x§9§8§6§3§E§7§ly in auction for 1000000.
[11:13:00] > Malachkite remove x1 §x§F§F§3§E§0§0§lD§x§F§F§3§6§0§0§le§x§F§F§2§F§0§0§lm§x§F§F§2§7§0§0§lo§x§F§F§1§F§0§0§ln §x§F§F§1§0§0§0§lL§x§F§F§0§8§0§0§lo§x§F§F§0§0§0§0§lr§x§F§F§0§8§0§0§ld §x§F§F§1§7§0§0§lS§x§F§F§1§F§0§0§li§x§F§F§2§7§0§0§lc§x§F§F§2§F§0§0§lk§x§F§F§3§6§0§0§ll§x§F§F§3§E§0§0§le from storage
[11:13:01] > Malachkite remove x3 §x§9§8§6§3§E§7§lG§x§9§0§7§5§E§2§lo§x§8§8§8§7§D§D§ld§x§8§0§9§9§D§8§ll§x§7§7§A§C§D§4§ly §x§6§7§D§0§C§A§lC§x§5§F§E§2§C§5§lr§x§6§7§D§0§C§A§la§x§6§F§B§E§C§F§lt§x§7§7§A§C§D§4§le §x§8§8§8§7§D§D§lK§x§9§0§7§5§E§2§le§x§9§8§6§3§E§7§ly from storage
[11:13:01] > Malachkite remove x1 §x§E§5§1§B§1§B§lDracula Dagger from storage
[11:13:40] > Malachkite added x1 §x§F§F§3§E§0§0§lD§x§F§F§3§6§0§0§le§x§F§F§2§F§0§0§lm§x§F§F§2§7§0§0§lo§x§F§F§1§F§0§0§ln §x§F§F§1§0§0§0§lL§x§F§F§0§8§0§0§lo§x§F§F§0§0§0§0§lr§x§F§F§0§8§0§0§ld §x§F§F§1§7§0§0§lS§x§F§F§1§F§0§0§li§x§F§F§2§7§0§0§lc§x§F§F§2§F§0§0§lk§x§F§F§3§6§0§0§ll§x§F§F§3§E§0§0§le in auction for 500000.
[11:14:08] > Malachkite added x1 §x§E§5§1§B§1§B§lDracula Dagger in auction for 300000.
[11:14:35] > Malachkite added x1 Enchanted book in auction for 200000.
[11:18:01] > BushSeat remove x1 §x§E§5§1§B§1§B§lDracula Leggings from buy
[11:21:15] > Malachkite added x3 §x§9§8§6§3§E§7§lG§x§9§0§7§5§E§2§lo§x§8§8§8§7§D§D§ld§x§8§0§9§9§D§8§ll§x§7§7§A§C§D§4§ly §x§6§7§D§0§C§A§lC§x§5§F§E§2§C§5§lr§x§6§7§D§0§C§A§la§x§6§F§B§E§C§F§lt§x§7§7§A§C§D§4§le §x§8§8§8§7§D§D§lK§x§9§0§7§5§E§2§le§x§9§8§6§3§E§7§ly in auction for 700000.
[11:24:30] > DefinitelyHani added x1 Enchanted book in auction for 25000.
[11:28:45] > .Avacutie6710 buy x1 Enchanted book to AxoLittle for $3,000.
[11:29:02] > AxoLittle added x1 Enchanted book in auction for 3000.
[11:30:21] > nebula12321 buy x1 Enchanted book to AxoLittle for $3,000.
[11:30:38] > BushSeat buy x1 Enchanted book to AxoLittle for $3,000.
[11:30:55] > .Avacutie6710 remove x1 Enchanted book from buy
[11:31:21] > AxoLittle added x1 Enchanted book in auction for 3000.
[11:31:31] > AxoLittle added x1 Enchanted book in auction for 3000.
[11:31:50] > AxoLittle added x1 Enchanted book in auction for 3000.
[11:32:25] > .Avacutie6710 buy x1 Enchanted book to AxoLittle for $3,000.
[11:32:40] > .Avacutie6710 remove x1 Enchanted book from buy
[11:32:53] > AxoLittle added x1 Enchanted book in auction for 3000.
[11:34:18] > AxoLittle buy x1 §x§F§0§7§A§5§4§lZombie Apocalyptic Hoe to VortexZayne for $50,000.
[11:35:27] > BushSeat remove x1 Enchanted book from buy
[11:35:36] > imnectarfr buy x1 Enchanted book to Malachkite for $200,000.
[11:36:34] > AxoLittle remove x1 §x§F§F§7§C§0§0§lSteamsparks Shield from buy
[11:36:35] > AxoLittle remove x1 §x§F§0§7§A§5§4§lZombie Apocalyptic Hoe from buy
[11:36:38] > AxoLittle remove x1 §fHorns from buy
[11:36:38] > AxoLittle remove x1 §fWitch Hat from buy
[11:38:58] > Malachkite remove x3 §x§9§8§6§3§E§7§lG§x§9§0§7§5§E§2§lo§x§8§8§8§7§D§D§ld§x§8§0§9§9§D§8§ll§x§7§7§A§C§D§4§ly §x§6§7§D§0§C§A§lC§x§5§F§E§2§C§5§lr§x§6§7§D§0§C§A§la§x§6§F§B§E§C§F§lt§x§7§7§A§C§D§4§le §x§8§8§8§7§D§D§lK§x§9§0§7§5§E§2§le§x§9§8§6§3§E§7§ly from storage
[11:39:30] > Malachkite added x3 §x§9§8§6§3§E§7§lG§x§9§0§7§5§E§2§lo§x§8§8§8§7§D§D§ld§x§8§0§9§9§D§8§ll§x§7§7§A§C§D§4§ly §x§6§7§D§0§C§A§lC§x§5§F§E§2§C§5§lr§x§6§7§D§0§C§A§la§x§6§F§B§E§C§F§lt§x§7§7§A§C§D§4§le §x§8§8§8§7§D§D§lK§x§9§0§7§5§E§2§le§x§9§8§6§3§E§7§ly in auction for 400000.
[11:39:40] > BushSeat buy x1 §7Cemetery Hat to namerikangel for $10,000.
[11:40:17] > BushSeat buy x3 §x§9§8§6§3§E§7§lG§x§9§0§7§5§E§2§lo§x§8§8§8§7§D§D§ld§x§8§0§9§9§D§8§ll§x§7§7§A§C§D§4§ly §x§6§7§D§0§C§A§lC§x§5§F§E§2§C§5§lr§x§6§7§D§0§C§A§la§x§6§F§B§E§C§F§lt§x§7§7§A§C§D§4§le §x§8§8§8§7§D§D§lK§x§9§0§7§5§E§2§le§x§9§8§6§3§E§7§ly to Malachkite for $400,000.
[11:40:23] > BushSeat remove x1 §7Cemetery Hat from buy
[11:40:23] > BushSeat remove x3 §x§9§8§6§3§E§7§lG§x§9§0§7§5§E§2§lo§x§8§8§8§7§D§D§ld§x§8§0§9§9§D§8§ll§x§7§7§A§C§D§4§ly §x§6§7§D§0§C§A§lC§x§5§F§E§2§C§5§lr§x§6§7§D§0§C§A§la§x§6§F§B§E§C§F§lt§x§7§7§A§C§D§4§le §x§8§8§8§7§D§D§lK§x§9§0§7§5§E§2§le§x§9§8§6§3§E§7§ly from buy
[11:41:26] > Malachkite added x1 Elytra in auction for 500000.
[11:44:06] > Malachkite remove x1 Elytra from storage
[11:44:23] > imnectarfr buy x1 Enchanted book to AxoLittle for $3,000.
[11:44:27] > imnectarfr remove x1 Enchanted book from buy
[11:44:27] > imnectarfr remove x1 Enchanted book from buy
[11:48:41] > x1 Bedrock, item of Forcebenzz, has just expired, the item is definitively deleted.
[11:48:41] > x1 Heavy core, item of namerikangel, has just expired, the item is definitively deleted.
[11:48:41] > x1 §fBumble Bee Hat, item of octopus_01, has just expired, the item is definitively deleted.
[11:48:41] > x1 §x§E§5§1§B§1§B§lDracula Helmet, item of nicoso12, has just expired, the item is definitively deleted.
[11:48:41] > x1 §x§F§F§7§C§0§0§lSteamsparks Hoe, item of Keenorana, has just expired, the item is definitively deleted.
[11:48:43] > Keeos remove x1 §f§l§x§F§C§D§0§5§CW§x§F§A§A§A§4§Bu§x§F§9§8§4§3§Bk§x§F§7§5§F§2§Ao§x§F§5§3§9§1§9n§x§F§4§1§3§0§8g §x§F§5§3§9§1§9S§x§F§7§5§F§2§Ap§x§F§9§8§4§3§Be§x§F§A§A§A§4§Ba§x§F§C§D§0§5§Cr from expire
[11:48:44] > Keeos remove x1 §f§l§x§F§C§D§0§5§CW§x§F§A§A§A§4§Bu§x§F§9§8§4§3§Bk§x§F§7§5§F§2§Ao§x§F§5§3§9§1§9n§x§F§4§1§3§0§8g §x§F§5§3§9§1§9S§x§F§7§5§F§2§At§x§F§9§8§4§3§Ba§x§F§A§A§A§4§Bf§x§F§C§D§0§5§Cf from expire
[11:48:45] > Keeos remove x1 §f§l§x§F§C§D§0§5§CW§x§F§A§A§A§4§Bu§x§F§9§8§4§3§Bk§x§F§7§5§F§2§Ao§x§F§5§3§9§1§9n§x§F§4§1§3§0§8g §x§F§5§3§9§1§9S§x§F§7§5§F§2§Ap§x§F§9§8§4§3§Be§x§F§A§A§A§4§Ba§x§F§C§D§0§5§Cr from expire
[11:48:47] > Keeos remove x3 §x§5§C§C§F§F§C§lC§x§5§C§D§1§F§5§lo§x§5§D§D§4§E§E§ls§x§5§D§D§6§E§7§lm§x§5§E§D§9§E§1§le§x§5§E§D§B§D§A§lt§x§5§E§D§D§D§3§li§x§5§F§E§0§C§C§lc §x§5§F§E§0§C§C§lH§x§5§E§D§D§D§3§la§x§5§E§D§B§D§A§lt§x§5§E§D§9§E§1§ls §x§5§D§D§4§E§E§lK§x§5§C§D§1§F§5§le§x§5§C§C§F§F§C§ly from expire
[11:48:56] > Keeos added x3 §x§5§C§C§F§F§C§lC§x§5§C§D§1§F§5§lo§x§5§D§D§4§E§E§ls§x§5§D§D§6§E§7§lm§x§5§E§D§9§E§1§le§x§5§E§D§B§D§A§lt§x§5§E§D§D§D§3§li§x§5§F§E§0§C§C§lc §x§5§F§E§0§C§C§lH§x§5§E§D§D§D§3§la§x§5§E§D§B§D§A§lt§x§5§E§D§9§E§1§ls §x§5§D§D§4§E§E§lK§x§5§C§D§1§F§5§le§x§5§C§C§F§F§C§ly in auction for 150000.