
[12:05:26] > .SharkyisHungry added x1 §esᴘɪᴅᴇʀ sᴘᴀᴡɴᴇʀ in auction for 200000.
[12:05:33] > celinesanrio buy x1 §esᴘɪᴅᴇʀ sᴘᴀᴡɴᴇʀ to .SharkyisHungry for $200,000.
[12:05:40] > .SharkyisHungry added x1 §esᴘɪᴅᴇʀ sᴘᴀᴡɴᴇʀ in auction for 200000.
[12:05:45] > celinesanrio buy x1 §esᴘɪᴅᴇʀ sᴘᴀᴡɴᴇʀ to .SharkyisHungry for $200,000.
[12:06:26] > celinesanrio added x2 §x§5§C§C§F§F§C§lC§x§5§C§D§1§F§5§lo§x§5§D§D§4§E§E§ls§x§5§D§D§6§E§7§lm§x§5§E§D§9§E§1§le§x§5§E§D§B§D§A§lt§x§5§E§D§D§D§3§li§x§5§F§E§0§C§C§lc §x§5§F§E§0§C§C§lH§x§5§E§D§D§D§3§la§x§5§E§D§B§D§A§lt§x§5§E§D§9§E§1§ls §x§5§D§D§4§E§E§lK§x§5§C§D§1§F§5§le§x§5§C§C§F§F§C§ly in auction for 200000.
[12:06:54] > celinesanrio added x1 §x§F§F§5§5§0§0§lsᴇʟʟᴡᴀɴᴅ §6- 5.0x in auction for 450000.
[12:07:10] > celinesanrio remove x1 §x§F§F§5§5§0§0§lsᴇʟʟᴡᴀɴᴅ §6- 5.0x from storage
[12:07:16] > celinesanrio added x1 §x§F§F§5§5§0§0§lsᴇʟʟᴡᴀɴᴅ §6- 5.0x in auction for 400000.
[12:07:19] > Sezemi buy x1 §x§F§F§5§5§0§0§lsᴇʟʟᴡᴀɴᴅ §6- 5.0x to celinesanrio for $400,000.
[12:07:33] > celinesanrio added x3 §x§F§F§3§E§0§0§lD§x§F§F§3§7§0§0§le§x§F§F§3§0§0§0§lm§x§F§F§2§9§0§0§lo§x§F§F§2§2§0§0§ln §x§F§F§1§5§0§0§lL§x§F§F§0§E§0§0§lo§x§F§F§0§7§0§0§lr§x§F§F§0§0§0§0§ld §x§F§F§0§E§0§0§lF§x§F§F§1§5§0§0§lr§x§F§F§1§C§0§0§la§x§F§F§2§2§0§0§lg§x§F§F§2§9§0§0§lm§x§F§F§3§0§0§0§le§x§F§F§3§7§0§0§ln§x§F§F§3§E§0§0§lt in auction for 100000.
[12:07:36] > celinesanrio remove x2 §x§5§C§C§F§F§C§lC§x§5§C§D§1§F§5§lo§x§5§D§D§4§E§E§ls§x§5§D§D§6§E§7§lm§x§5§E§D§9§E§1§le§x§5§E§D§B§D§A§lt§x§5§E§D§D§D§3§li§x§5§F§E§0§C§C§lc §x§5§F§E§0§C§C§lH§x§5§E§D§D§D§3§la§x§5§E§D§B§D§A§lt§x§5§E§D§9§E§1§ls §x§5§D§D§4§E§E§lK§x§5§C§D§1§F§5§le§x§5§C§C§F§F§C§ly from storage
[12:07:46] > celinesanrio added x3 §x§5§C§C§F§F§C§lC§x§5§C§D§1§F§5§lo§x§5§D§D§4§E§E§ls§x§5§D§D§6§E§7§lm§x§5§E§D§9§E§1§le§x§5§E§D§B§D§A§lt§x§5§E§D§D§D§3§li§x§5§F§E§0§C§C§lc §x§5§F§E§0§C§C§lH§x§5§E§D§D§D§3§la§x§5§E§D§B§D§A§lt§x§5§E§D§9§E§1§ls §x§5§D§D§4§E§E§lK§x§5§C§D§1§F§5§le§x§5§C§C§F§F§C§ly in auction for 200000.
[12:09:35] > Sezemi remove x1 §x§F§F§5§5§0§0§lsᴇʟʟᴡᴀɴᴅ §6- 5.0x from buy
[12:13:14] > x1 Visit WitchExpFarm on sale by koshie has just expired, it goes in the inventory of expired items.
[12:13:27] > kyoshiii buy x1 §f§l§x§F§C§D§0§5§CW§x§F§B§A§D§4§Du§x§F§9§8§B§3§Dk§x§F§8§6§8§2§Eo§x§F§6§4§5§1§Fn§x§F§5§2§3§0§Fg§x§F§3§0§0§0§0 §x§F§5§2§3§0§FS§x§F§6§4§5§1§Fh§x§F§8§6§8§2§Eo§x§F§9§8§B§3§Dv§x§F§B§A§D§4§De§x§F§C§D§0§5§Cl to tic_sz for $100,000.
[12:13:37] > kyoshiii remove x1 §f§l§x§F§C§D§0§5§CW§x§F§B§A§D§4§Du§x§F§9§8§B§3§Dk§x§F§8§6§8§2§Eo§x§F§6§4§5§1§Fn§x§F§5§2§3§0§Fg§x§F§3§0§0§0§0 §x§F§5§2§3§0§FS§x§F§6§4§5§1§Fh§x§F§8§6§8§2§Eo§x§F§9§8§B§3§Dv§x§F§B§A§D§4§De§x§F§C§D§0§5§Cl form buy
[12:21:01] > minecraft buy x3 §x§F§F§3§E§0§0§lD§x§F§F§3§7§0§0§le§x§F§F§3§0§0§0§lm§x§F§F§2§9§0§0§lo§x§F§F§2§2§0§0§ln §x§F§F§1§5§0§0§lL§x§F§F§0§E§0§0§lo§x§F§F§0§7§0§0§lr§x§F§F§0§0§0§0§ld §x§F§F§0§E§0§0§lF§x§F§F§1§5§0§0§lr§x§F§F§1§C§0§0§la§x§F§F§2§2§0§0§lg§x§F§F§2§9§0§0§lm§x§F§F§3§0§0§0§le§x§F§F§3§7§0§0§ln§x§F§F§3§E§0§0§lt to celinesanrio for $100,000.
[12:21:12] > minecraft remove x3 §x§F§F§3§E§0§0§lD§x§F§F§3§7§0§0§le§x§F§F§3§0§0§0§lm§x§F§F§2§9§0§0§lo§x§F§F§2§2§0§0§ln §x§F§F§1§5§0§0§lL§x§F§F§0§E§0§0§lo§x§F§F§0§7§0§0§lr§x§F§F§0§0§0§0§ld §x§F§F§0§E§0§0§lF§x§F§F§1§5§0§0§lr§x§F§F§1§C§0§0§la§x§F§F§2§2§0§0§lg§x§F§F§2§9§0§0§lm§x§F§F§3§0§0§0§le§x§F§F§3§7§0§0§ln§x§F§F§3§E§0§0§lt from buy
[12:22:19] > Sezemi remove x64 Iron block from buy
[12:22:20] > Sezemi remove x64 Iron block from buy
[12:22:20] > Sezemi remove x64 Iron block from buy
[12:22:20] > Sezemi remove x64 Iron block from buy
[12:23:08] > celinesanrio remove x1 §esᴘɪᴅᴇʀ sᴘᴀᴡɴᴇʀ form buy
[12:23:08] > celinesanrio remove x1 §esᴘɪᴅᴇʀ sᴘᴀᴡɴᴇʀ form buy
[12:29:21] > .SharkyisHungry buy x10 §x§F§C§9§0§5§C§lE§x§E§6§9§C§6§B§lp§x§C§F§A§7§7§A§li§x§B§9§B§3§8§9§lc §x§8§C§C§B§A§7§lC§x§7§5§D§6§B§6§lr§x§5§F§E§2§C§5§la§x§7§9§D§4§B§4§lt§x§9§3§C§7§A§2§le §x§C§8§A§B§7§F§lK§x§E§2§9§E§6§E§le§x§F§C§9§0§5§C§ly to Pewpew for $200,000.
[12:29:40] > .SharkyisHungry remove x10 §x§F§C§9§0§5§C§lE§x§E§6§9§C§6§B§lp§x§C§F§A§7§7§A§li§x§B§9§B§3§8§9§lc §x§8§C§C§B§A§7§lC§x§7§5§D§6§B§6§lr§x§5§F§E§2§C§5§la§x§7§9§D§4§B§4§lt§x§9§3§C§7§A§2§le §x§C§8§A§B§7§F§lK§x§E§2§9§E§6§E§le§x§F§C§9§0§5§C§ly from buy
[12:30:10] > KEITHTHEPRO remove x1 §f§l§x§F§C§D§0§5§CW§x§F§A§A§A§4§Bu§x§F§9§8§4§3§Bk§x§F§7§5§F§2§Ao§x§F§5§3§9§1§9n§x§F§4§1§3§0§8g §x§F§5§3§9§1§9W§x§F§7§5§F§2§Ai§x§F§9§8§4§3§Bn§x§F§A§A§A§4§Bg§x§F§C§D§0§5§Cs from storage
[12:31:19] > P4LDOK added x1 §x§F§F§3§E§0§0§lD§x§F§F§3§5§0§0§le§x§F§F§2§C§0§0§lm§x§F§F§2§3§0§0§lo§x§F§F§1§B§0§0§ln §x§F§F§0§9§0§0§lL§x§F§F§0§0§0§0§lo§x§F§F§0§A§0§0§lr§x§F§F§1§5§0§0§ld §x§F§F§2§9§0§0§lH§x§F§F§3§4§0§0§lo§x§F§F§3§E§0§0§le in auction for 100000.
[12:33:39] > P4LDOK added x1 §x§F§F§3§E§0§0§lD§x§F§F§3§5§0§0§le§x§F§F§2§C§0§0§lm§x§F§F§2§3§0§0§lo§x§F§F§1§B§0§0§ln §x§F§F§0§9§0§0§lL§x§F§F§0§0§0§0§lo§x§F§F§0§A§0§0§lr§x§F§F§1§5§0§0§ld §x§F§F§2§9§0§0§lA§x§F§F§3§4§0§0§lx§x§F§F§3§E§0§0§le in auction for 60000.
[12:35:43] > P4LDOK added x1 §f§l§x§F§C§D§0§5§CW§x§F§B§B§6§5§1u§x§F§A§9§C§4§5k§x§F§9§8§2§3§Ao§x§F§8§6§8§2§En§x§F§6§4§E§2§3g§x§F§5§3§4§1§7 §x§F§4§1§A§0§CG§x§F§3§0§0§0§0r§x§F§4§1§A§0§Ce§x§F§5§3§4§1§7a§x§F§6§4§E§2§3t§x§F§8§6§8§2§Es§x§F§9§8§2§3§Aw§x§F§A§9§C§4§5o§x§F§B§B§6§5§1r§x§F§C§D§0§5§Cd in auction for 30000.
[12:35:51] > Sezemi buy x1 §f§l§x§F§C§D§0§5§CW§x§F§B§B§6§5§1u§x§F§A§9§C§4§5k§x§F§9§8§2§3§Ao§x§F§8§6§8§2§En§x§F§6§4§E§2§3g§x§F§5§3§4§1§7 §x§F§4§1§A§0§CG§x§F§3§0§0§0§0r§x§F§4§1§A§0§Ce§x§F§5§3§4§1§7a§x§F§6§4§E§2§3t§x§F§8§6§8§2§Es§x§F§9§8§2§3§Aw§x§F§A§9§C§4§5o§x§F§B§B§6§5§1r§x§F§C§D§0§5§Cd to P4LDOK for $30,000.
[12:37:59] > KEITHTHEPRO added x1 §f§l§x§F§C§D§0§5§CW§x§F§A§A§A§4§Bu§x§F§9§8§4§3§Bk§x§F§7§5§F§2§Ao§x§F§5§3§9§1§9n§x§F§4§1§3§0§8g §x§F§5§3§9§1§9W§x§F§7§5§F§2§Ai§x§F§9§8§4§3§Bn§x§F§A§A§A§4§Bg§x§F§C§D§0§5§Cs in auction for 2500000.
[12:41:34] > king_ARK remove x1 §x§F§F§5§5§0§0§lsᴇʟʟᴡᴀɴᴅ §6- 5.0x from buy
[12:41:35] > king_ARK remove x1 §x§F§F§5§5§0§0§lsᴇʟʟᴡᴀɴᴅ §6- 5.0x from buy
[12:42:36] > tic_sz buy x1 §x§F§F§3§E§0§0§lD§x§F§F§3§5§0§0§le§x§F§F§2§C§0§0§lm§x§F§F§2§3§0§0§lo§x§F§F§1§B§0§0§ln §x§F§F§0§9§0§0§lL§x§F§F§0§0§0§0§lo§x§F§F§0§A§0§0§lr§x§F§F§1§5§0§0§ld §x§F§F§2§9§0§0§lA§x§F§F§3§4§0§0§lx§x§F§F§3§E§0§0§le to P4LDOK for $60,000.
[12:47:45] > tic_sz buy x1 §x§F§F§3§E§0§0§lD§x§F§F§3§7§0§0§le§x§F§F§3§0§0§0§lm§x§F§F§2§9§0§0§lo§x§F§F§2§2§0§0§ln §x§F§F§1§5§0§0§lL§x§F§F§0§E§0§0§lo§x§F§F§0§7§0§0§lr§x§F§F§0§0§0§0§ld §x§F§F§0§E§0§0§lL§x§F§F§1§5§0§0§le§x§F§F§1§C§0§0§lg§x§F§F§2§2§0§0§lg§x§F§F§2§9§0§0§li§x§F§F§3§0§0§0§ln§x§F§F§3§7§0§0§lg§x§F§F§3§E§0§0§ls to Seris00 for $150,000.
[12:47:54] > tic_sz remove x1 §x§F§F§3§E§0§0§lD§x§F§F§3§5§0§0§le§x§F§F§2§C§0§0§lm§x§F§F§2§3§0§0§lo§x§F§F§1§B§0§0§ln §x§F§F§0§9§0§0§lL§x§F§F§0§0§0§0§lo§x§F§F§0§A§0§0§lr§x§F§F§1§5§0§0§ld §x§F§F§2§9§0§0§lA§x§F§F§3§4§0§0§lx§x§F§F§3§E§0§0§le from buy
[12:47:55] > tic_sz remove x1 §x§F§F§3§E§0§0§lD§x§F§F§3§7§0§0§le§x§F§F§3§0§0§0§lm§x§F§F§2§9§0§0§lo§x§F§F§2§2§0§0§ln §x§F§F§1§5§0§0§lL§x§F§F§0§E§0§0§lo§x§F§F§0§7§0§0§lr§x§F§F§0§0§0§0§ld §x§F§F§0§E§0§0§lL§x§F§F§1§5§0§0§le§x§F§F§1§C§0§0§lg§x§F§F§2§2§0§0§lg§x§F§F§2§9§0§0§li§x§F§F§3§0§0§0§ln§x§F§F§3§7§0§0§lg§x§F§F§3§E§0§0§ls from buy
[12:47:55] > tic_sz remove x1 §x§F§F§3§E§0§0§lD§x§F§F§3§6§0§0§le§x§F§F§2§F§0§0§lm§x§F§F§2§7§0§0§lo§x§F§F§1§F§0§0§ln §x§F§F§1§0§0§0§lL§x§F§F§0§8§0§0§lo§x§F§F§0§0§0§0§lr§x§F§F§0§9§0§0§ld §x§F§F§1§B§0§0§lS§x§F§F§2§3§0§0§lp§x§F§F§2§C§0§0§le§x§F§F§3§5§0§0§la§x§F§F§3§E§0§0§lr from buy
[12:48:46] > Zypher_0w0 added x1 §x§F§F§3§E§0§0§lD§x§F§F§3§8§0§0§le§x§F§F§3§2§0§0§lm§x§F§F§2§B§0§0§lo§x§F§F§2§5§0§0§ln §x§F§F§1§9§0§0§lL§x§F§F§1§3§0§0§lo§x§F§F§0§C§0§0§lr§x§F§F§0§6§0§0§ld §x§F§F§0§7§0§0§lC§x§F§F§0§E§0§0§lh§x§F§F§1§5§0§0§le§x§F§F§1§C§0§0§ls§x§F§F§2§2§0§0§lp§x§F§F§2§9§0§0§ll§x§F§F§3§0§0§0§la§x§F§F§3§7§0§0§lt§x§F§F§3§E§0§0§le in auction for 350000.
[12:49:00] > minecraft added x3 §x§F§F§3§E§0§0§lD§x§F§F§3§7§0§0§le§x§F§F§3§0§0§0§lm§x§F§F§2§9§0§0§lo§x§F§F§2§2§0§0§ln §x§F§F§1§5§0§0§lL§x§F§F§0§E§0§0§lo§x§F§F§0§7§0§0§lr§x§F§F§0§0§0§0§ld §x§F§F§0§E§0§0§lF§x§F§F§1§5§0§0§lr§x§F§F§1§C§0§0§la§x§F§F§2§2§0§0§lg§x§F§F§2§9§0§0§lm§x§F§F§3§0§0§0§le§x§F§F§3§7§0§0§ln§x§F§F§3§E§0§0§lt in auction for 240000.
[12:53:18] > MrZyrus7228 added x1 §x§5§9§A§1§D§9§lA§x§7§1§A§E§D§Er§x§8§8§B§C§E§4c§x§A§0§C§9§E§9h§x§B§8§D§7§E§Fa§x§D§0§E§4§F§4n§x§E§7§F§2§F§Ag§fe§x§E§7§F§2§F§Al §x§B§8§D§7§E§FS§x§A§0§C§9§E§9w§x§8§8§B§C§E§4o§x§7§1§A§E§D§Er§x§5§9§A§1§D§9d in auction for 100000.
[12:54:46] > MrZyrus7228 added x1 §x§F§F§3§E§0§0§lD§x§F§F§3§7§0§0§le§x§F§F§3§0§0§0§lm§x§F§F§2§9§0§0§lo§x§F§F§2§2§0§0§ln §x§F§F§1§5§0§0§lL§x§F§F§0§E§0§0§lo§x§F§F§0§7§0§0§lr§x§F§F§0§0§0§0§ld §x§F§F§0§E§0§0§lF§x§F§F§1§5§0§0§lr§x§F§F§1§C§0§0§la§x§F§F§2§2§0§0§lg§x§F§F§2§9§0§0§lm§x§F§F§3§0§0§0§le§x§F§F§3§7§0§0§ln§x§F§F§3§E§0§0§lt in auction for 100000.
[12:54:57] > minecraft buy x1 §x§F§F§3§E§0§0§lD§x§F§F§3§7§0§0§le§x§F§F§3§0§0§0§lm§x§F§F§2§9§0§0§lo§x§F§F§2§2§0§0§ln §x§F§F§1§5§0§0§lL§x§F§F§0§E§0§0§lo§x§F§F§0§7§0§0§lr§x§F§F§0§0§0§0§ld §x§F§F§0§E§0§0§lF§x§F§F§1§5§0§0§lr§x§F§F§1§C§0§0§la§x§F§F§2§2§0§0§lg§x§F§F§2§9§0§0§lm§x§F§F§3§0§0§0§le§x§F§F§3§7§0§0§ln§x§F§F§3§E§0§0§lt to MrZyrus7228 for $100,000.
[12:55:09] > minecraft remove x1 §x§F§F§3§E§0§0§lD§x§F§F§3§7§0§0§le§x§F§F§3§0§0§0§lm§x§F§F§2§9§0§0§lo§x§F§F§2§2§0§0§ln §x§F§F§1§5§0§0§lL§x§F§F§0§E§0§0§lo§x§F§F§0§7§0§0§lr§x§F§F§0§0§0§0§ld §x§F§F§0§E§0§0§lF§x§F§F§1§5§0§0§lr§x§F§F§1§C§0§0§la§x§F§F§2§2§0§0§lg§x§F§F§2§9§0§0§lm§x§F§F§3§0§0§0§le§x§F§F§3§7§0§0§ln§x§F§F§3§E§0§0§lt from buy
[12:55:15] > minecraft remove x3 §x§F§F§3§E§0§0§lD§x§F§F§3§7§0§0§le§x§F§F§3§0§0§0§lm§x§F§F§2§9§0§0§lo§x§F§F§2§2§0§0§ln §x§F§F§1§5§0§0§lL§x§F§F§0§E§0§0§lo§x§F§F§0§7§0§0§lr§x§F§F§0§0§0§0§ld §x§F§F§0§E§0§0§lF§x§F§F§1§5§0§0§lr§x§F§F§1§C§0§0§la§x§F§F§2§2§0§0§lg§x§F§F§2§9§0§0§lm§x§F§F§3§0§0§0§le§x§F§F§3§7§0§0§ln§x§F§F§3§E§0§0§lt from storage
[12:59:57] > celinesanrio remove x3 §x§5§C§C§F§F§C§lC§x§5§C§D§1§F§5§lo§x§5§D§D§4§E§E§ls§x§5§D§D§6§E§7§lm§x§5§E§D§9§E§1§le§x§5§E§D§B§D§A§lt§x§5§E§D§D§D§3§li§x§5§F§E§0§C§C§lc §x§5§F§E§0§C§C§lH§x§5§E§D§D§D§3§la§x§5§E§D§B§D§A§lt§x§5§E§D§9§E§1§ls §x§5§D§D§4§E§E§lK§x§5§C§D§1§F§5§le§x§5§C§C§F§F§C§ly from storage
[13:00:03] > celinesanrio added x3 §x§5§C§C§F§F§C§lC§x§5§C§D§1§F§5§lo§x§5§D§D§4§E§E§ls§x§5§D§D§6§E§7§lm§x§5§E§D§9§E§1§le§x§5§E§D§B§D§A§lt§x§5§E§D§D§D§3§li§x§5§F§E§0§C§C§lc §x§5§F§E§0§C§C§lH§x§5§E§D§D§D§3§la§x§5§E§D§B§D§A§lt§x§5§E§D§9§E§1§ls §x§5§D§D§4§E§E§lK§x§5§C§D§1§F§5§le§x§5§C§C§F§F§C§ly in auction for 150000.
[13:02:47] > minecraft buy x4 §x§F§F§3§E§0§0§lD§x§F§F§3§7§0§0§le§x§F§F§3§0§0§0§lm§x§F§F§2§9§0§0§lo§x§F§F§2§2§0§0§ln §x§F§F§1§5§0§0§lL§x§F§F§0§E§0§0§lo§x§F§F§0§7§0§0§lr§x§F§F§0§0§0§0§ld §x§F§F§0§E§0§0§lF§x§F§F§1§5§0§0§lr§x§F§F§1§C§0§0§la§x§F§F§2§2§0§0§lg§x§F§F§2§9§0§0§lm§x§F§F§3§0§0§0§le§x§F§F§3§7§0§0§ln§x§F§F§3§E§0§0§lt to Runz for $400,000.
[13:02:56] > minecraft remove x4 §x§F§F§3§E§0§0§lD§x§F§F§3§7§0§0§le§x§F§F§3§0§0§0§lm§x§F§F§2§9§0§0§lo§x§F§F§2§2§0§0§ln §x§F§F§1§5§0§0§lL§x§F§F§0§E§0§0§lo§x§F§F§0§7§0§0§lr§x§F§F§0§0§0§0§ld §x§F§F§0§E§0§0§lF§x§F§F§1§5§0§0§lr§x§F§F§1§C§0§0§la§x§F§F§2§2§0§0§lg§x§F§F§2§9§0§0§lm§x§F§F§3§0§0§0§le§x§F§F§3§7§0§0§ln§x§F§F§3§E§0§0§lt from buy
[13:38:14] > x1 Enchanted book on sale by SP3CC_ has just expired, it goes in the inventory of expired items.
[13:38:14] > x1 XP FARM /pwarp go BlazeXPFarm on sale by KnownasTravis has just expired, it goes in the inventory of expired items.
[13:38:34] > Lan3dy buy x1 Elytra to Zee_ for $1,000,000.
[13:39:45] > Lan3dy remove x1 Elytra from buy
[13:46:48] > imnectarfr added x1 §x§F§F§3§E§0§0§lD§x§F§F§3§8§0§0§le§x§F§F§3§2§0§0§lm§x§F§F§2§B§0§0§lo§x§F§F§2§5§0§0§ln §x§F§F§1§9§0§0§lL§x§F§F§1§3§0§0§lo§x§F§F§0§C§0§0§lr§x§F§F§0§6§0§0§ld §x§F§F§0§6§0§0§lB§x§F§F§0§C§0§0§la§x§F§F§1§3§0§0§lt§x§F§F§1§9§0§0§lt§x§F§F§1§F§0§0§ll§x§F§F§2§5§0§0§le §x§F§F§3§2§0§0§lA§x§F§F§3§8§0§0§lx§x§F§F§3§E§0§0§le in auction for 500000.
[13:48:17] > imnectarfr added x1 §x§F§F§3§E§0§0§lD§x§F§F§3§6§0§0§le§x§F§F§2§F§0§0§lm§x§F§F§2§7§0§0§lo§x§F§F§1§F§0§0§ln §x§F§F§1§0§0§0§lL§x§F§F§0§8§0§0§lo§x§F§F§0§0§0§0§lr§x§F§F§0§8§0§0§ld §x§F§F§1§7§0§0§lS§x§F§F§1§F§0§0§lh§x§F§F§2§7§0§0§lo§x§F§F§2§F§0§0§lv§x§F§F§3§6§0§0§le§x§F§F§3§E§0§0§ll in auction for 400000.
[13:48:23] > imnectarfr remove x1 §x§F§F§3§E§0§0§lD§x§F§F§3§8§0§0§le§x§F§F§3§2§0§0§lm§x§F§F§2§B§0§0§lo§x§F§F§2§5§0§0§ln §x§F§F§1§9§0§0§lL§x§F§F§1§3§0§0§lo§x§F§F§0§C§0§0§lr§x§F§F§0§6§0§0§ld §x§F§F§0§6§0§0§lB§x§F§F§0§C§0§0§la§x§F§F§1§3§0§0§lt§x§F§F§1§9§0§0§lt§x§F§F§1§F§0§0§ll§x§F§F§2§5§0§0§le §x§F§F§3§2§0§0§lA§x§F§F§3§8§0§0§lx§x§F§F§3§E§0§0§le from storage
[13:48:35] > imnectarfr added x1 §x§F§F§3§E§0§0§lD§x§F§F§3§8§0§0§le§x§F§F§3§2§0§0§lm§x§F§F§2§B§0§0§lo§x§F§F§2§5§0§0§ln §x§F§F§1§9§0§0§lL§x§F§F§1§3§0§0§lo§x§F§F§0§C§0§0§lr§x§F§F§0§6§0§0§ld §x§F§F§0§6§0§0§lB§x§F§F§0§C§0§0§la§x§F§F§1§3§0§0§lt§x§F§F§1§9§0§0§lt§x§F§F§1§F§0§0§ll§x§F§F§2§5§0§0§le §x§F§F§3§2§0§0§lA§x§F§F§3§8§0§0§lx§x§F§F§3§E§0§0§le in auction for 300000.
[13:49:33] > imnectarfr added x1 §x§F§F§3§E§0§0§lD§x§F§F§3§6§0§0§le§x§F§F§2§F§0§0§lm§x§F§F§2§7§0§0§lo§x§F§F§1§F§0§0§ln §x§F§F§1§0§0§0§lL§x§F§F§0§8§0§0§lo§x§F§F§0§0§0§0§lr§x§F§F§0§8§0§0§ld §x§F§F§1§7§0§0§lS§x§F§F§1§F§0§0§lh§x§F§F§2§7§0§0§lo§x§F§F§2§F§0§0§lv§x§F§F§3§6§0§0§le§x§F§F§3§E§0§0§ll in auction for 100000.
[13:50:42] > imnectarfr added x1 §x§F§F§3§E§0§0§lD§x§F§F§3§6§0§0§le§x§F§F§2§F§0§0§lm§x§F§F§2§7§0§0§lo§x§F§F§1§F§0§0§ln §x§F§F§1§0§0§0§lL§x§F§F§0§8§0§0§lo§x§F§F§0§0§0§0§lr§x§F§F§0§9§0§0§ld §x§F§F§1§B§0§0§lS§x§F§F§2§3§0§0§lw§x§F§F§2§C§0§0§lo§x§F§F§3§5§0§0§lr§x§F§F§3§E§0§0§ld in auction for 300000.
[13:54:55] > KEITHTHEPRO buy x1 §f§l§x§F§C§D§0§5§CW§x§F§A§A§6§4§Au§x§F§8§7§D§3§7k§x§F§7§5§3§2§5o§x§F§5§2§A§1§2n§x§F§3§0§0§0§0g§x§F§5§2§A§1§2 §x§F§7§5§3§2§5C§x§F§8§7§D§3§7l§x§F§A§A§6§4§Au§x§F§C§D§0§5§Cb to st3ph426 for $200,000.
[13:55:31] > KEITHTHEPRO buy x1 §f§l§x§F§C§D§0§5§CW§x§F§B§B§2§4§Fu§x§F§9§9§5§4§2k§x§F§8§7§7§3§5o§x§F§7§5§9§2§7n§x§F§6§3§B§1§Ag§x§F§4§1§E§0§D §x§F§3§0§0§0§0C§x§F§4§1§E§0§Dr§x§F§6§3§B§1§Ao§x§F§7§5§9§2§7s§x§F§8§7§7§3§5s§x§F§9§9§5§4§2b§x§F§B§B§2§4§Fo§x§F§C§D§0§5§Cw to Pharolen2 for $200,000.
[13:58:19] > difconfused added x3 §x§F§F§3§E§0§0§lD§x§F§F§3§7§0§0§le§x§F§F§3§0§0§0§lm§x§F§F§2§9§0§0§lo§x§F§F§2§2§0§0§ln §x§F§F§1§5§0§0§lL§x§F§F§0§E§0§0§lo§x§F§F§0§7§0§0§lr§x§F§F§0§0§0§0§ld §x§F§F§0§E§0§0§lF§x§F§F§1§5§0§0§lr§x§F§F§1§C§0§0§la§x§F§F§2§2§0§0§lg§x§F§F§2§9§0§0§lm§x§F§F§3§0§0§0§le§x§F§F§3§7§0§0§ln§x§F§F§3§E§0§0§lt in auction for 200000.
[13:58:33] > Cynishere added x1 §esᴋᴇʟᴇᴛᴏɴ sᴘᴀᴡɴᴇʀ in auction for 200000.
[13:58:46] > Pharolen2 buy x1 §esᴋᴇʟᴇᴛᴏɴ sᴘᴀᴡɴᴇʀ to Cynishere for $200,000.
[13:59:18] > celinesanrio added x1 §x§F§F§3§E§0§0§lD§x§F§F§3§7§0§0§le§x§F§F§3§0§0§0§lm§x§F§F§2§9§0§0§lo§x§F§F§2§2§0§0§ln §x§F§F§1§5§0§0§lL§x§F§F§0§E§0§0§lo§x§F§F§0§7§0§0§lr§x§F§F§0§0§0§0§ld §x§F§F§0§E§0§0§lF§x§F§F§1§5§0§0§lr§x§F§F§1§C§0§0§la§x§F§F§2§2§0§0§lg§x§F§F§2§9§0§0§lm§x§F§F§3§0§0§0§le§x§F§F§3§7§0§0§ln§x§F§F§3§E§0§0§lt in auction for 75000.
[13:59:22] > MrZyrus7228 buy x1 §x§F§F§3§E§0§0§lD§x§F§F§3§7§0§0§le§x§F§F§3§0§0§0§lm§x§F§F§2§9§0§0§lo§x§F§F§2§2§0§0§ln §x§F§F§1§5§0§0§lL§x§F§F§0§E§0§0§lo§x§F§F§0§7§0§0§lr§x§F§F§0§0§0§0§ld §x§F§F§0§E§0§0§lF§x§F§F§1§5§0§0§lr§x§F§F§1§C§0§0§la§x§F§F§2§2§0§0§lg§x§F§F§2§9§0§0§lm§x§F§F§3§0§0§0§le§x§F§F§3§7§0§0§ln§x§F§F§3§E§0§0§lt to celinesanrio for $75,000.
[13:59:28] > celinesanrio added x1 §x§F§F§3§E§0§0§lD§x§F§F§3§7§0§0§le§x§F§F§3§0§0§0§lm§x§F§F§2§9§0§0§lo§x§F§F§2§2§0§0§ln §x§F§F§1§5§0§0§lL§x§F§F§0§E§0§0§lo§x§F§F§0§7§0§0§lr§x§F§F§0§0§0§0§ld §x§F§F§0§E§0§0§lF§x§F§F§1§5§0§0§lr§x§F§F§1§C§0§0§la§x§F§F§2§2§0§0§lg§x§F§F§2§9§0§0§lm§x§F§F§3§0§0§0§le§x§F§F§3§7§0§0§ln§x§F§F§3§E§0§0§lt in auction for 75000.
[13:59:30] > MrZyrus7228 remove x1 §x§F§F§3§E§0§0§lD§x§F§F§3§7§0§0§le§x§F§F§3§0§0§0§lm§x§F§F§2§9§0§0§lo§x§F§F§2§2§0§0§ln §x§F§F§1§5§0§0§lL§x§F§F§0§E§0§0§lo§x§F§F§0§7§0§0§lr§x§F§F§0§0§0§0§ld §x§F§F§0§E§0§0§lF§x§F§F§1§5§0§0§lr§x§F§F§1§C§0§0§la§x§F§F§2§2§0§0§lg§x§F§F§2§9§0§0§lm§x§F§F§3§0§0§0§le§x§F§F§3§7§0§0§ln§x§F§F§3§E§0§0§lt from buy
[13:59:31] > Cynishere buy x1 §x§F§F§3§E§0§0§lD§x§F§F§3§7§0§0§le§x§F§F§3§0§0§0§lm§x§F§F§2§9§0§0§lo§x§F§F§2§2§0§0§ln §x§F§F§1§5§0§0§lL§x§F§F§0§E§0§0§lo§x§F§F§0§7§0§0§lr§x§F§F§0§0§0§0§ld §x§F§F§0§E§0§0§lF§x§F§F§1§5§0§0§lr§x§F§F§1§C§0§0§la§x§F§F§2§2§0§0§lg§x§F§F§2§9§0§0§lm§x§F§F§3§0§0§0§le§x§F§F§3§7§0§0§ln§x§F§F§3§E§0§0§lt to celinesanrio for $75,000.
[13:59:40] > Cynishere remove x1 §x§F§F§3§E§0§0§lD§x§F§F§3§7§0§0§le§x§F§F§3§0§0§0§lm§x§F§F§2§9§0§0§lo§x§F§F§2§2§0§0§ln §x§F§F§1§5§0§0§lL§x§F§F§0§E§0§0§lo§x§F§F§0§7§0§0§lr§x§F§F§0§0§0§0§ld §x§F§F§0§E§0§0§lF§x§F§F§1§5§0§0§lr§x§F§F§1§C§0§0§la§x§F§F§2§2§0§0§lg§x§F§F§2§9§0§0§lm§x§F§F§3§0§0§0§le§x§F§F§3§7§0§0§ln§x§F§F§3§E§0§0§lt from buy
[13:59:44] > koshie added x1 §x§F§F§3§E§0§0§lD§x§F§F§3§7§0§0§le§x§F§F§3§0§0§0§lm§x§F§F§2§9§0§0§lo§x§F§F§2§2§0§0§ln §x§F§F§1§5§0§0§lL§x§F§F§0§E§0§0§lo§x§F§F§0§7§0§0§lr§x§F§F§0§0§0§0§ld §x§F§F§0§E§0§0§lF§x§F§F§1§5§0§0§lr§x§F§F§1§C§0§0§la§x§F§F§2§2§0§0§lg§x§F§F§2§9§0§0§lm§x§F§F§3§0§0§0§le§x§F§F§3§7§0§0§ln§x§F§F§3§E§0§0§lt in auction for 50000.
[13:59:51] > celinesanrio remove x3 §x§5§C§C§F§F§C§lC§x§5§C§D§1§F§5§lo§x§5§D§D§4§E§E§ls§x§5§D§D§6§E§7§lm§x§5§E§D§9§E§1§le§x§5§E§D§B§D§A§lt§x§5§E§D§D§D§3§li§x§5§F§E§0§C§C§lc §x§5§F§E§0§C§C§lH§x§5§E§D§D§D§3§la§x§5§E§D§B§D§A§lt§x§5§E§D§9§E§1§ls §x§5§D§D§4§E§E§lK§x§5§C§D§1§F§5§le§x§5§C§C§F§F§C§ly from storage
[13:59:52] > MrZyrus7228 buy x1 §x§F§F§3§E§0§0§lD§x§F§F§3§7§0§0§le§x§F§F§3§0§0§0§lm§x§F§F§2§9§0§0§lo§x§F§F§2§2§0§0§ln §x§F§F§1§5§0§0§lL§x§F§F§0§E§0§0§lo§x§F§F§0§7§0§0§lr§x§F§F§0§0§0§0§ld §x§F§F§0§E§0§0§lF§x§F§F§1§5§0§0§lr§x§F§F§1§C§0§0§la§x§F§F§2§2§0§0§lg§x§F§F§2§9§0§0§lm§x§F§F§3§0§0§0§le§x§F§F§3§7§0§0§ln§x§F§F§3§E§0§0§lt to koshie for $50,000.
[13:59:59] > MrZyrus7228 remove x1 §x§F§F§3§E§0§0§lD§x§F§F§3§7§0§0§le§x§F§F§3§0§0§0§lm§x§F§F§2§9§0§0§lo§x§F§F§2§2§0§0§ln §x§F§F§1§5§0§0§lL§x§F§F§0§E§0§0§lo§x§F§F§0§7§0§0§lr§x§F§F§0§0§0§0§ld §x§F§F§0§E§0§0§lF§x§F§F§1§5§0§0§lr§x§F§F§1§C§0§0§la§x§F§F§2§2§0§0§lg§x§F§F§2§9§0§0§lm§x§F§F§3§0§0§0§le§x§F§F§3§7§0§0§ln§x§F§F§3§E§0§0§lt from buy
[14:00:04] > celinesanrio added x6 §x§5§C§C§F§F§C§lC§x§5§C§D§1§F§5§lo§x§5§D§D§4§E§E§ls§x§5§D§D§6§E§7§lm§x§5§E§D§9§E§1§le§x§5§E§D§B§D§A§lt§x§5§E§D§D§D§3§li§x§5§F§E§0§C§C§lc §x§5§F§E§0§C§C§lH§x§5§E§D§D§D§3§la§x§5§E§D§B§D§A§lt§x§5§E§D§9§E§1§ls §x§5§D§D§4§E§E§lK§x§5§C§D§1§F§5§le§x§5§C§C§F§F§C§ly in auction for 300000.
[14:00:13] > KYAMl buy x1 §f§l§x§F§C§D§0§5§CW§x§F§A§A§2§4§8u§x§F§8§7§4§3§3k§x§F§6§4§5§1§Fo§x§F§4§1§7§0§Ang§x§F§6§4§5§1§F §x§F§8§7§4§3§3H§x§F§A§A§2§4§8a§x§F§C§D§0§5§Ct to Runz for $150,000.
[14:00:14] > tic_sz buy x1 §x§F§F§3§E§0§0§lD§x§F§F§3§8§0§0§le§x§F§F§3§2§0§0§lm§x§F§F§2§B§0§0§lo§x§F§F§2§5§0§0§ln §x§F§F§1§9§0§0§lL§x§F§F§1§3§0§0§lo§x§F§F§0§C§0§0§lr§x§F§F§0§6§0§0§ld §x§F§F§0§7§0§0§lC§x§F§F§0§E§0§0§lh§x§F§F§1§5§0§0§le§x§F§F§1§C§0§0§ls§x§F§F§2§2§0§0§lp§x§F§F§2§9§0§0§ll§x§F§F§3§0§0§0§la§x§F§F§3§7§0§0§lt§x§F§F§3§E§0§0§le to Zypher_0w0 for $350,000.
[14:00:16] > king_ARK buy x3 §x§F§F§3§E§0§0§lD§x§F§F§3§7§0§0§le§x§F§F§3§0§0§0§lm§x§F§F§2§9§0§0§lo§x§F§F§2§2§0§0§ln §x§F§F§1§5§0§0§lL§x§F§F§0§E§0§0§lo§x§F§F§0§7§0§0§lr§x§F§F§0§0§0§0§ld §x§F§F§0§E§0§0§lF§x§F§F§1§5§0§0§lr§x§F§F§1§C§0§0§la§x§F§F§2§2§0§0§lg§x§F§F§2§9§0§0§lm§x§F§F§3§0§0§0§le§x§F§F§3§7§0§0§ln§x§F§F§3§E§0§0§lt to difconfused for $200,000.
[14:00:20] > tic_sz remove x1 §x§F§F§3§E§0§0§lD§x§F§F§3§8§0§0§le§x§F§F§3§2§0§0§lm§x§F§F§2§B§0§0§lo§x§F§F§2§5§0§0§ln §x§F§F§1§9§0§0§lL§x§F§F§1§3§0§0§lo§x§F§F§0§C§0§0§lr§x§F§F§0§6§0§0§ld §x§F§F§0§7§0§0§lC§x§F§F§0§E§0§0§lh§x§F§F§1§5§0§0§le§x§F§F§1§C§0§0§ls§x§F§F§2§2§0§0§lp§x§F§F§2§9§0§0§ll§x§F§F§3§0§0§0§la§x§F§F§3§7§0§0§lt§x§F§F§3§E§0§0§le from buy
[14:00:28] > Forcebenzz added x1 §x§5§C§C§F§F§C§lC§x§5§C§D§1§F§5§lo§x§5§D§D§4§E§E§ls§x§5§D§D§6§E§7§lm§x§5§E§D§9§E§1§le§x§5§E§D§B§D§A§lt§x§5§E§D§D§D§3§li§x§5§F§E§0§C§C§lc §x§5§F§E§0§C§C§lH§x§5§E§D§D§D§3§la§x§5§E§D§B§D§A§lt§x§5§E§D§9§E§1§ls §x§5§D§D§4§E§E§lK§x§5§C§D§1§F§5§le§x§5§C§C§F§F§C§ly in auction for 100000.
[14:00:28] > KYAMl remove x1 §f§l§x§F§C§D§0§5§CW§x§F§A§A§2§4§8u§x§F§8§7§4§3§3k§x§F§6§4§5§1§Fo§x§F§4§1§7§0§Ang§x§F§6§4§5§1§F §x§F§8§7§4§3§3H§x§F§A§A§2§4§8a§x§F§C§D§0§5§Ct from buy
[14:00:48] > Forcebenzz added x1 §esᴘɪᴅᴇʀ sᴘᴀᴡɴᴇʀ in auction for 300000.
[14:00:57] > Unforce01 added x1 §eʙʟᴀᴢᴇ sᴘᴀᴡɴᴇʀ in auction for 400000.
[14:01:04] > MrZyrus7228 added x1 §x§F§F§3§E§0§0§lD§x§F§F§3§6§0§0§le§x§F§F§2§F§0§0§lm§x§F§F§2§7§0§0§lo§x§F§F§1§F§0§0§ln §x§F§F§1§0§0§0§lL§x§F§F§0§8§0§0§lo§x§F§F§0§0§0§0§lr§x§F§F§0§9§0§0§ld §x§F§F§1§B§0§0§lB§x§F§F§2§3§0§0§lo§x§F§F§2§C§0§0§lo§x§F§F§3§5§0§0§lt§x§F§F§3§E§0§0§ls in auction for 130000.
[14:01:16] > KEITHTHEPRO added x1 §2Franck in auction for 100000.
[14:01:29] > KEITHTHEPRO added x1 §fPanda Hat in auction for 1000000.
[14:01:33] > celinesanrio remove x6 §x§5§C§C§F§F§C§lC§x§5§C§D§1§F§5§lo§x§5§D§D§4§E§E§ls§x§5§D§D§6§E§7§lm§x§5§E§D§9§E§1§le§x§5§E§D§B§D§A§lt§x§5§E§D§D§D§3§li§x§5§F§E§0§C§C§lc §x§5§F§E§0§C§C§lH§x§5§E§D§D§D§3§la§x§5§E§D§B§D§A§lt§x§5§E§D§9§E§1§ls §x§5§D§D§4§E§E§lK§x§5§C§D§1§F§5§le§x§5§C§C§F§F§C§ly from storage
[14:01:38] > KEITHTHEPRO remove x1 §f§l§x§F§C§D§0§5§CW§x§F§B§B§2§4§Fu§x§F§9§9§5§4§2k§x§F§8§7§7§3§5o§x§F§7§5§9§2§7n§x§F§6§3§B§1§Ag§x§F§4§1§E§0§D §x§F§3§0§0§0§0C§x§F§4§1§E§0§Dr§x§F§6§3§B§1§Ao§x§F§7§5§9§2§7s§x§F§8§7§7§3§5s§x§F§9§9§5§4§2b§x§F§B§B§2§4§Fo§x§F§C§D§0§5§Cw form buy
[14:01:38] > KEITHTHEPRO remove x1 §f§l§x§F§C§D§0§5§CW§x§F§A§A§6§4§Au§x§F§8§7§D§3§7k§x§F§7§5§3§2§5o§x§F§5§2§A§1§2n§x§F§3§0§0§0§0g§x§F§5§2§A§1§2 §x§F§7§5§3§2§5C§x§F§8§7§D§3§7l§x§F§A§A§6§4§Au§x§F§C§D§0§5§Cb form buy
[14:01:41] > Unforce01 buy x1 §x§F§F§3§E§0§0§lD§x§F§F§3§7§0§0§le§x§F§F§3§0§0§0§lm§x§F§F§2§9§0§0§lo§x§F§F§2§2§0§0§ln §x§F§F§1§5§0§0§lL§x§F§F§0§E§0§0§lo§x§F§F§0§7§0§0§lr§x§F§F§0§0§0§0§ld §x§F§F§0§E§0§0§lF§x§F§F§1§5§0§0§lr§x§F§F§1§C§0§0§la§x§F§F§2§2§0§0§lg§x§F§F§2§9§0§0§lm§x§F§F§3§0§0§0§le§x§F§F§3§7§0§0§ln§x§F§F§3§E§0§0§lt to HPMR_GaMerz for $150,000.
[14:01:45] > celinesanrio added x2 §x§5§C§C§F§F§C§lC§x§5§C§D§1§F§5§lo§x§5§D§D§4§E§E§ls§x§5§D§D§6§E§7§lm§x§5§E§D§9§E§1§le§x§5§E§D§B§D§A§lt§x§5§E§D§D§D§3§li§x§5§F§E§0§C§C§lc §x§5§F§E§0§C§C§lH§x§5§E§D§D§D§3§la§x§5§E§D§B§D§A§lt§x§5§E§D§9§E§1§ls §x§5§D§D§4§E§E§lK§x§5§C§D§1§F§5§le§x§5§C§C§F§F§C§ly in auction for 100000.
[14:01:46] > Unforce01 remove x1 §x§F§F§3§E§0§0§lD§x§F§F§3§7§0§0§le§x§F§F§3§0§0§0§lm§x§F§F§2§9§0§0§lo§x§F§F§2§2§0§0§ln §x§F§F§1§5§0§0§lL§x§F§F§0§E§0§0§lo§x§F§F§0§7§0§0§lr§x§F§F§0§0§0§0§ld §x§F§F§0§E§0§0§lF§x§F§F§1§5§0§0§lr§x§F§F§1§C§0§0§la§x§F§F§2§2§0§0§lg§x§F§F§2§9§0§0§lm§x§F§F§3§0§0§0§le§x§F§F§3§7§0§0§ln§x§F§F§3§E§0§0§lt form buy
[14:01:56] > celinesanrio added x2 §x§5§C§C§F§F§C§lC§x§5§C§D§1§F§5§lo§x§5§D§D§4§E§E§ls§x§5§D§D§6§E§7§lm§x§5§E§D§9§E§1§le§x§5§E§D§B§D§A§lt§x§5§E§D§D§D§3§li§x§5§F§E§0§C§C§lc §x§5§F§E§0§C§C§lH§x§5§E§D§D§D§3§la§x§5§E§D§B§D§A§lt§x§5§E§D§9§E§1§ls §x§5§D§D§4§E§E§lK§x§5§C§D§1§F§5§le§x§5§C§C§F§F§C§ly in auction for 100000.
[14:02:09] > celinesanrio added x2 §x§5§C§C§F§F§C§lC§x§5§C§D§1§F§5§lo§x§5§D§D§4§E§E§ls§x§5§D§D§6§E§7§lm§x§5§E§D§9§E§1§le§x§5§E§D§B§D§A§lt§x§5§E§D§D§D§3§li§x§5§F§E§0§C§C§lc §x§5§F§E§0§C§C§lH§x§5§E§D§D§D§3§la§x§5§E§D§B§D§A§lt§x§5§E§D§9§E§1§ls §x§5§D§D§4§E§E§lK§x§5§C§D§1§F§5§le§x§5§C§C§F§F§C§ly in auction for 100000.
[14:02:25] > .BoredSwing20 added x1 §x§5§C§C§F§F§C§lC§x§5§C§D§1§F§5§lo§x§5§D§D§4§E§E§ls§x§5§D§D§6§E§7§lm§x§5§E§D§9§E§1§le§x§5§E§D§B§D§A§lt§x§5§E§D§D§D§3§li§x§5§F§E§0§C§C§lc §x§5§F§E§0§C§C§lH§x§5§E§D§D§D§3§la§x§5§E§D§B§D§A§lt§x§5§E§D§9§E§1§ls §x§5§D§D§4§E§E§lK§x§5§C§D§1§F§5§le§x§5§C§C§F§F§C§ly in auction for 99999.
[14:03:12] > .BoredSwing20 added x1 §x§C§9§A§7§F§C§lL§x§B§D§A§E§F§6§le§x§B§1§B§4§F§0§lg§x§A§6§B§B§E§A§le§x§9§A§C§1§E§4§ln§x§8§E§C§8§D§D§ld§x§8§2§C§E§D§7§la§x§7§7§D§5§D§1§lr§x§6§B§D§B§C§B§ly §x§6§B§D§B§C§B§lC§x§7§7§D§5§D§1§lr§x§8§2§C§E§D§7§la§x§8§E§C§8§D§D§lt§x§9§A§C§1§E§4§le §x§B§1§B§4§F§0§lK§x§B§D§A§E§F§6§le§x§C§9§A§7§F§C§ly in auction for 50000.
[14:03:20] > Unforce01 buy x1 §x§C§9§A§7§F§C§lL§x§B§D§A§E§F§6§le§x§B§1§B§4§F§0§lg§x§A§6§B§B§E§A§le§x§9§A§C§1§E§4§ln§x§8§E§C§8§D§D§ld§x§8§2§C§E§D§7§la§x§7§7§D§5§D§1§lr§x§6§B§D§B§C§B§ly §x§6§B§D§B§C§B§lC§x§7§7§D§5§D§1§lr§x§8§2§C§E§D§7§la§x§8§E§C§8§D§D§lt§x§9§A§C§1§E§4§le §x§B§1§B§4§F§0§lK§x§B§D§A§E§F§6§le§x§C§9§A§7§F§C§ly to .BoredSwing20 for $50,000.
[14:03:29] > Unforce01 remove x1 §x§C§9§A§7§F§C§lL§x§B§D§A§E§F§6§le§x§B§1§B§4§F§0§lg§x§A§6§B§B§E§A§le§x§9§A§C§1§E§4§ln§x§8§E§C§8§D§D§ld§x§8§2§C§E§D§7§la§x§7§7§D§5§D§1§lr§x§6§B§D§B§C§B§ly §x§6§B§D§B§C§B§lC§x§7§7§D§5§D§1§lr§x§8§2§C§E§D§7§la§x§8§E§C§8§D§D§lt§x§9§A§C§1§E§4§le §x§B§1§B§4§F§0§lK§x§B§D§A§E§F§6§le§x§C§9§A§7§F§C§ly form buy
[14:03:49] > MrGh0st1y added x1 Diamond horse armor in auction for 200000.
[14:03:58] > Ax_ buy x64 Glowstone to Zypher_0w0 for $640.
[14:04:24] > MrGh0st1y added x1 Music disc 13 in auction for 10000.
[14:04:29] > MrZyrus7228 buy x1 Music disc 13 to MrGh0st1y for $10,000.
[14:05:10] > Runz added x11 §x§C§9§A§7§F§C§lL§x§B§D§A§E§F§6§le§x§B§1§B§4§F§0§lg§x§A§6§B§B§E§A§le§x§9§A§C§1§E§4§ln§x§8§E§C§8§D§D§ld§x§8§2§C§E§D§7§la§x§7§7§D§5§D§1§lr§x§6§B§D§B§C§B§ly §x§6§B§D§B§C§B§lC§x§7§7§D§5§D§1§lr§x§8§2§C§E§D§7§la§x§8§E§C§8§D§D§lt§x§9§A§C§1§E§4§le §x§B§1§B§4§F§0§lK§x§B§D§A§E§F§6§le§x§C§9§A§7§F§C§ly in auction for 600000.
[14:05:13] > imnectarfr added x5 §x§F§C§D§0§5§C§lB§x§E§6§D§3§6§B§la§x§C§F§D§5§7§A§ls§x§B§9§D§8§8§9§li§x§A§2§D§A§9§8§lc §x§7§5§D§F§B§6§lC§x§5§F§E§2§C§5§lr§x§7§5§D§F§B§6§la§x§8§C§D§D§A§7§lt§x§A§2§D§A§9§8§le §x§C§F§D§5§7§A§lK§x§E§6§D§3§6§B§le§x§F§C§D§0§5§C§ly in auction for 1000.
[14:05:22] > Unforce01 buy x5 §x§F§C§D§0§5§C§lB§x§E§6§D§3§6§B§la§x§C§F§D§5§7§A§ls§x§B§9§D§8§8§9§li§x§A§2§D§A§9§8§lc §x§7§5§D§F§B§6§lC§x§5§F§E§2§C§5§lr§x§7§5§D§F§B§6§la§x§8§C§D§D§A§7§lt§x§A§2§D§A§9§8§le §x§C§F§D§5§7§A§lK§x§E§6§D§3§6§B§le§x§F§C§D§0§5§C§ly to imnectarfr for $1,000.
[14:05:28] > Ax_ buy x2 §x§C§9§A§7§F§C§lL§x§B§D§A§E§F§6§le§x§B§1§B§4§F§0§lg§x§A§6§B§B§E§A§le§x§9§A§C§1§E§4§ln§x§8§E§C§8§D§D§ld§x§8§2§C§E§D§7§la§x§7§7§D§5§D§1§lr§x§6§B§D§B§C§B§ly §x§6§B§D§B§C§B§lC§x§7§7§D§5§D§1§lr§x§8§2§C§E§D§7§la§x§8§E§C§8§D§D§lt§x§9§A§C§1§E§4§le §x§B§1§B§4§F§0§lK§x§B§D§A§E§F§6§le§x§C§9§A§7§F§C§ly to Runz for $100,000.
[14:05:31] > imnectarfr added x1 §x§F§F§3§E§0§0§lD§x§F§F§3§7§0§0§le§x§F§F§3§0§0§0§lm§x§F§F§2§9§0§0§lo§x§F§F§2§2§0§0§ln §x§F§F§1§5§0§0§lL§x§F§F§0§E§0§0§lo§x§F§F§0§7§0§0§lr§x§F§F§0§0§0§0§ld §x§F§F§0§E§0§0§lF§x§F§F§1§5§0§0§lr§x§F§F§1§C§0§0§la§x§F§F§2§2§0§0§lg§x§F§F§2§9§0§0§lm§x§F§F§3§0§0§0§le§x§F§F§3§7§0§0§ln§x§F§F§3§E§0§0§lt in auction for 400000.
[14:05:53] > imnectarfr remove x1 §x§F§F§3§E§0§0§lD§x§F§F§3§7§0§0§le§x§F§F§3§0§0§0§lm§x§F§F§2§9§0§0§lo§x§F§F§2§2§0§0§ln §x§F§F§1§5§0§0§lL§x§F§F§0§E§0§0§lo§x§F§F§0§7§0§0§lr§x§F§F§0§0§0§0§ld §x§F§F§0§E§0§0§lF§x§F§F§1§5§0§0§lr§x§F§F§1§C§0§0§la§x§F§F§2§2§0§0§lg§x§F§F§2§9§0§0§lm§x§F§F§3§0§0§0§le§x§F§F§3§7§0§0§ln§x§F§F§3§E§0§0§lt from storage
[14:05:56] > Runz remove x11 §x§C§9§A§7§F§C§lL§x§B§D§A§E§F§6§le§x§B§1§B§4§F§0§lg§x§A§6§B§B§E§A§le§x§9§A§C§1§E§4§ln§x§8§E§C§8§D§D§ld§x§8§2§C§E§D§7§la§x§7§7§D§5§D§1§lr§x§6§B§D§B§C§B§ly §x§6§B§D§B§C§B§lC§x§7§7§D§5§D§1§lr§x§8§2§C§E§D§7§la§x§8§E§C§8§D§D§lt§x§9§A§C§1§E§4§le §x§B§1§B§4§F§0§lK§x§B§D§A§E§F§6§le§x§C§9§A§7§F§C§ly from storage
[14:06:00] > imnectarfr added x1 §x§F§F§3§E§0§0§lD§x§F§F§3§7§0§0§le§x§F§F§3§0§0§0§lm§x§F§F§2§9§0§0§lo§x§F§F§2§2§0§0§ln §x§F§F§1§5§0§0§lL§x§F§F§0§E§0§0§lo§x§F§F§0§7§0§0§lr§x§F§F§0§0§0§0§ld §x§F§F§0§E§0§0§lF§x§F§F§1§5§0§0§lr§x§F§F§1§C§0§0§la§x§F§F§2§2§0§0§lg§x§F§F§2§9§0§0§lm§x§F§F§3§0§0§0§le§x§F§F§3§7§0§0§ln§x§F§F§3§E§0§0§lt in auction for 150000.
[14:06:13] > Runz added x2 §x§C§9§A§7§F§C§lL§x§B§D§A§E§F§6§le§x§B§1§B§4§F§0§lg§x§A§6§B§B§E§A§le§x§9§A§C§1§E§4§ln§x§8§E§C§8§D§D§ld§x§8§2§C§E§D§7§la§x§7§7§D§5§D§1§lr§x§6§B§D§B§C§B§ly §x§6§B§D§B§C§B§lC§x§7§7§D§5§D§1§lr§x§8§2§C§E§D§7§la§x§8§E§C§8§D§D§lt§x§9§A§C§1§E§4§le §x§B§1§B§4§F§0§lK§x§B§D§A§E§F§6§le§x§C§9§A§7§F§C§ly in auction for 100000.
[14:06:17] > Unforce01 buy x2 §x§C§9§A§7§F§C§lL§x§B§D§A§E§F§6§le§x§B§1§B§4§F§0§lg§x§A§6§B§B§E§A§le§x§9§A§C§1§E§4§ln§x§8§E§C§8§D§D§ld§x§8§2§C§E§D§7§la§x§7§7§D§5§D§1§lr§x§6§B§D§B§C§B§ly §x§6§B§D§B§C§B§lC§x§7§7§D§5§D§1§lr§x§8§2§C§E§D§7§la§x§8§E§C§8§D§D§lt§x§9§A§C§1§E§4§le §x§B§1§B§4§F§0§lK§x§B§D§A§E§F§6§le§x§C§9§A§7§F§C§ly to Runz for $100,000.
[14:06:31] > Runz added x2 §x§C§9§A§7§F§C§lL§x§B§D§A§E§F§6§le§x§B§1§B§4§F§0§lg§x§A§6§B§B§E§A§le§x§9§A§C§1§E§4§ln§x§8§E§C§8§D§D§ld§x§8§2§C§E§D§7§la§x§7§7§D§5§D§1§lr§x§6§B§D§B§C§B§ly §x§6§B§D§B§C§B§lC§x§7§7§D§5§D§1§lr§x§8§2§C§E§D§7§la§x§8§E§C§8§D§D§lt§x§9§A§C§1§E§4§le §x§B§1§B§4§F§0§lK§x§B§D§A§E§F§6§le§x§C§9§A§7§F§C§ly in auction for 100000.
[14:06:38] > Unforce01 buy x2 §x§C§9§A§7§F§C§lL§x§B§D§A§E§F§6§le§x§B§1§B§4§F§0§lg§x§A§6§B§B§E§A§le§x§9§A§C§1§E§4§ln§x§8§E§C§8§D§D§ld§x§8§2§C§E§D§7§la§x§7§7§D§5§D§1§lr§x§6§B§D§B§C§B§ly §x§6§B§D§B§C§B§lC§x§7§7§D§5§D§1§lr§x§8§2§C§E§D§7§la§x§8§E§C§8§D§D§lt§x§9§A§C§1§E§4§le §x§B§1§B§4§F§0§lK§x§B§D§A§E§F§6§le§x§C§9§A§7§F§C§ly to Runz for $100,000.
[14:06:43] > Ax_ remove x2 §x§C§9§A§7§F§C§lL§x§B§D§A§E§F§6§le§x§B§1§B§4§F§0§lg§x§A§6§B§B§E§A§le§x§9§A§C§1§E§4§ln§x§8§E§C§8§D§D§ld§x§8§2§C§E§D§7§la§x§7§7§D§5§D§1§lr§x§6§B§D§B§C§B§ly §x§6§B§D§B§C§B§lC§x§7§7§D§5§D§1§lr§x§8§2§C§E§D§7§la§x§8§E§C§8§D§D§lt§x§9§A§C§1§E§4§le §x§B§1§B§4§F§0§lK§x§B§D§A§E§F§6§le§x§C§9§A§7§F§C§ly from buy
[14:06:44] > Ax_ remove x64 Glowstone from buy
[14:06:49] > Runz added x2 §x§C§9§A§7§F§C§lL§x§B§D§A§E§F§6§le§x§B§1§B§4§F§0§lg§x§A§6§B§B§E§A§le§x§9§A§C§1§E§4§ln§x§8§E§C§8§D§D§ld§x§8§2§C§E§D§7§la§x§7§7§D§5§D§1§lr§x§6§B§D§B§C§B§ly §x§6§B§D§B§C§B§lC§x§7§7§D§5§D§1§lr§x§8§2§C§E§D§7§la§x§8§E§C§8§D§D§lt§x§9§A§C§1§E§4§le §x§B§1§B§4§F§0§lK§x§B§D§A§E§F§6§le§x§C§9§A§7§F§C§ly in auction for 100000.
[14:06:55] > Unforce01 buy x2 §x§C§9§A§7§F§C§lL§x§B§D§A§E§F§6§le§x§B§1§B§4§F§0§lg§x§A§6§B§B§E§A§le§x§9§A§C§1§E§4§ln§x§8§E§C§8§D§D§ld§x§8§2§C§E§D§7§la§x§7§7§D§5§D§1§lr§x§6§B§D§B§C§B§ly §x§6§B§D§B§C§B§lC§x§7§7§D§5§D§1§lr§x§8§2§C§E§D§7§la§x§8§E§C§8§D§D§lt§x§9§A§C§1§E§4§le §x§B§1§B§4§F§0§lK§x§B§D§A§E§F§6§le§x§C§9§A§7§F§C§ly to Runz for $100,000.
[14:07:01] > Unforce01 remove x5 §x§F§C§D§0§5§C§lB§x§E§6§D§3§6§B§la§x§C§F§D§5§7§A§ls§x§B§9§D§8§8§9§li§x§A§2§D§A§9§8§lc §x§7§5§D§F§B§6§lC§x§5§F§E§2§C§5§lr§x§7§5§D§F§B§6§la§x§8§C§D§D§A§7§lt§x§A§2§D§A§9§8§le §x§C§F§D§5§7§A§lK§x§E§6§D§3§6§B§le§x§F§C§D§0§5§C§ly form buy
[14:07:01] > Unforce01 remove x2 §x§C§9§A§7§F§C§lL§x§B§D§A§E§F§6§le§x§B§1§B§4§F§0§lg§x§A§6§B§B§E§A§le§x§9§A§C§1§E§4§ln§x§8§E§C§8§D§D§ld§x§8§2§C§E§D§7§la§x§7§7§D§5§D§1§lr§x§6§B§D§B§C§B§ly §x§6§B§D§B§C§B§lC§x§7§7§D§5§D§1§lr§x§8§2§C§E§D§7§la§x§8§E§C§8§D§D§lt§x§9§A§C§1§E§4§le §x§B§1§B§4§F§0§lK§x§B§D§A§E§F§6§le§x§C§9§A§7§F§C§ly form buy
[14:07:01] > Unforce01 remove x2 §x§C§9§A§7§F§C§lL§x§B§D§A§E§F§6§le§x§B§1§B§4§F§0§lg§x§A§6§B§B§E§A§le§x§9§A§C§1§E§4§ln§x§8§E§C§8§D§D§ld§x§8§2§C§E§D§7§la§x§7§7§D§5§D§1§lr§x§6§B§D§B§C§B§ly §x§6§B§D§B§C§B§lC§x§7§7§D§5§D§1§lr§x§8§2§C§E§D§7§la§x§8§E§C§8§D§D§lt§x§9§A§C§1§E§4§le §x§B§1§B§4§F§0§lK§x§B§D§A§E§F§6§le§x§C§9§A§7§F§C§ly form buy
[14:07:01] > Unforce01 remove x2 §x§C§9§A§7§F§C§lL§x§B§D§A§E§F§6§le§x§B§1§B§4§F§0§lg§x§A§6§B§B§E§A§le§x§9§A§C§1§E§4§ln§x§8§E§C§8§D§D§ld§x§8§2§C§E§D§7§la§x§7§7§D§5§D§1§lr§x§6§B§D§B§C§B§ly §x§6§B§D§B§C§B§lC§x§7§7§D§5§D§1§lr§x§8§2§C§E§D§7§la§x§8§E§C§8§D§D§lt§x§9§A§C§1§E§4§le §x§B§1§B§4§F§0§lK§x§B§D§A§E§F§6§le§x§C§9§A§7§F§C§ly form buy
[14:07:04] > Runz added x2 §x§C§9§A§7§F§C§lL§x§B§D§A§E§F§6§le§x§B§1§B§4§F§0§lg§x§A§6§B§B§E§A§le§x§9§A§C§1§E§4§ln§x§8§E§C§8§D§D§ld§x§8§2§C§E§D§7§la§x§7§7§D§5§D§1§lr§x§6§B§D§B§C§B§ly §x§6§B§D§B§C§B§lC§x§7§7§D§5§D§1§lr§x§8§2§C§E§D§7§la§x§8§E§C§8§D§D§lt§x§9§A§C§1§E§4§le §x§B§1§B§4§F§0§lK§x§B§D§A§E§F§6§le§x§C§9§A§7§F§C§ly in auction for 100000.
[14:07:08] > Unforce01 buy x2 §x§C§9§A§7§F§C§lL§x§B§D§A§E§F§6§le§x§B§1§B§4§F§0§lg§x§A§6§B§B§E§A§le§x§9§A§C§1§E§4§ln§x§8§E§C§8§D§D§ld§x§8§2§C§E§D§7§la§x§7§7§D§5§D§1§lr§x§6§B§D§B§C§B§ly §x§6§B§D§B§C§B§lC§x§7§7§D§5§D§1§lr§x§8§2§C§E§D§7§la§x§8§E§C§8§D§D§lt§x§9§A§C§1§E§4§le §x§B§1§B§4§F§0§lK§x§B§D§A§E§F§6§le§x§C§9§A§7§F§C§ly to Runz for $100,000.
[14:07:13] > Unforce01 remove x2 §x§C§9§A§7§F§C§lL§x§B§D§A§E§F§6§le§x§B§1§B§4§F§0§lg§x§A§6§B§B§E§A§le§x§9§A§C§1§E§4§ln§x§8§E§C§8§D§D§ld§x§8§2§C§E§D§7§la§x§7§7§D§5§D§1§lr§x§6§B§D§B§C§B§ly §x§6§B§D§B§C§B§lC§x§7§7§D§5§D§1§lr§x§8§2§C§E§D§7§la§x§8§E§C§8§D§D§lt§x§9§A§C§1§E§4§le §x§B§1§B§4§F§0§lK§x§B§D§A§E§F§6§le§x§C§9§A§7§F§C§ly form buy
[14:07:25] > Runz added x3 §x§C§9§A§7§F§C§lL§x§B§D§A§E§F§6§le§x§B§1§B§4§F§0§lg§x§A§6§B§B§E§A§le§x§9§A§C§1§E§4§ln§x§8§E§C§8§D§D§ld§x§8§2§C§E§D§7§la§x§7§7§D§5§D§1§lr§x§6§B§D§B§C§B§ly §x§6§B§D§B§C§B§lC§x§7§7§D§5§D§1§lr§x§8§2§C§E§D§7§la§x§8§E§C§8§D§D§lt§x§9§A§C§1§E§4§le §x§B§1§B§4§F§0§lK§x§B§D§A§E§F§6§le§x§C§9§A§7§F§C§ly in auction for 150000.
[14:07:28] > x1 Dye in /Pwarp go Pastries, item of Kwienn, has just expired, the item is definitively deleted.
[14:07:28] > x1 /pwarp go Pastries for cheap foods <3, item of Kwienn, has just expired, the item is definitively deleted.
[14:07:31] > Zypher_0w0 remove x1 §fFarmer Hat from expire
[14:07:37] > Zypher_0w0 added x1 §fFarmer Hat in auction for 30000.
[14:07:59] > KEITHTHEPRO buy x3 §x§C§9§A§7§F§C§lL§x§B§D§A§E§F§6§le§x§B§1§B§4§F§0§lg§x§A§6§B§B§E§A§le§x§9§A§C§1§E§4§ln§x§8§E§C§8§D§D§ld§x§8§2§C§E§D§7§la§x§7§7§D§5§D§1§lr§x§6§B§D§B§C§B§ly §x§6§B§D§B§C§B§lC§x§7§7§D§5§D§1§lr§x§8§2§C§E§D§7§la§x§8§E§C§8§D§D§lt§x§9§A§C§1§E§4§le §x§B§1§B§4§F§0§lK§x§B§D§A§E§F§6§le§x§C§9§A§7§F§C§ly to Runz for $150,000.
[14:09:36] > KEITHTHEPRO remove x3 §x§C§9§A§7§F§C§lL§x§B§D§A§E§F§6§le§x§B§1§B§4§F§0§lg§x§A§6§B§B§E§A§le§x§9§A§C§1§E§4§ln§x§8§E§C§8§D§D§ld§x§8§2§C§E§D§7§la§x§7§7§D§5§D§1§lr§x§6§B§D§B§C§B§ly §x§6§B§D§B§C§B§lC§x§7§7§D§5§D§1§lr§x§8§2§C§E§D§7§la§x§8§E§C§8§D§D§lt§x§9§A§C§1§E§4§le §x§B§1§B§4§F§0§lK§x§B§D§A§E§F§6§le§x§C§9§A§7§F§C§ly from buy
[14:09:36] > Pharolen2 remove x1 §esᴋᴇʟᴇᴛᴏɴ sᴘᴀᴡɴᴇʀ from buy
[14:11:02] > Unforce01 added x1 §x§F§F§5§5§0§0§lsᴇʟʟᴡᴀɴᴅ §6- 5.0x in auction for 500000.
[14:11:02] > x1 §f§l§x§F§C§D§0§5§CW§x§F§A§A§A§4§Bu§x§F§9§8§4§3§Bk§x§F§7§5§F§2§Ao§x§F§5§3§9§1§9n§x§F§4§1§3§0§8g §x§F§5§3§9§1§9S§x§F§7§5§F§2§At§x§F§9§8§4§3§Ba§x§F§A§A§A§4§Bf§x§F§C§D§0§5§Cf on sale by Quibz has just expired, it goes in the inventory of expired items.
[14:25:21] > Unforce01 remove x1 §eʙʟᴀᴢᴇ sᴘᴀᴡɴᴇʀ from storage
[14:25:22] > Unforce01 remove x1 §x§F§F§5§5§0§0§lsᴇʟʟᴡᴀɴᴅ §6- 5.0x from storage
[14:25:35] > Unforce01 added x1 §eʙʟᴀᴢᴇ sᴘᴀᴡɴᴇʀ in auction for 350000.
[14:25:49] > Unforce01 added x1 §x§F§F§5§5§0§0§lsᴇʟʟᴡᴀɴᴅ §6- 5.0x in auction for 450000.
[14:25:53] > king_ARK buy x1 §x§F§F§5§5§0§0§lsᴇʟʟᴡᴀɴᴅ §6- 5.0x to Unforce01 for $450,000.
[14:34:34] > Unforce01 added x1 §x§F§F§5§5§0§0§lsᴇʟʟᴡᴀɴᴅ §6- 5.0x in auction for 500000.
[14:38:40] > koshie remove x1 Elytra from storage
[14:38:41] > koshie remove x1 Elytra from storage
[14:38:42] > koshie remove x1 Elytra from storage
[14:38:48] > koshie added x1 Elytra in auction for 800000.
[14:38:59] > koshie added x1 Elytra in auction for 800000.
[14:39:10] > koshie added x1 Elytra in auction for 850000.
[14:41:46] > .SharkyisHungry added x10 §x§F§C§9§0§5§C§lE§x§E§6§9§C§6§B§lp§x§C§F§A§7§7§A§li§x§B§9§B§3§8§9§lc §x§8§C§C§B§A§7§lC§x§7§5§D§6§B§6§lr§x§5§F§E§2§C§5§la§x§7§9§D§4§B§4§lt§x§9§3§C§7§A§2§le §x§C§8§A§B§7§F§lK§x§E§2§9§E§6§E§le§x§F§C§9§0§5§C§ly in auction for 400000.
[14:43:06] > koshie added x3 §x§F§F§3§E§0§0§lD§x§F§F§3§7§0§0§le§x§F§F§3§0§0§0§lm§x§F§F§2§9§0§0§lo§x§F§F§2§2§0§0§ln §x§F§F§1§5§0§0§lL§x§F§F§0§E§0§0§lo§x§F§F§0§7§0§0§lr§x§F§F§0§0§0§0§ld §x§F§F§0§E§0§0§lF§x§F§F§1§5§0§0§lr§x§F§F§1§C§0§0§la§x§F§F§2§2§0§0§lg§x§F§F§2§9§0§0§lm§x§F§F§3§0§0§0§le§x§F§F§3§7§0§0§ln§x§F§F§3§E§0§0§lt in auction for 250000.
[14:46:29] > .BoredSwing20 added x1 §x§C§9§A§7§F§C§lL§x§B§D§A§E§F§6§le§x§B§1§B§4§F§0§lg§x§A§6§B§B§E§A§le§x§9§A§C§1§E§4§ln§x§8§E§C§8§D§D§ld§x§8§2§C§E§D§7§la§x§7§7§D§5§D§1§lr§x§6§B§D§B§C§B§ly §x§6§B§D§B§C§B§lC§x§7§7§D§5§D§1§lr§x§8§2§C§E§D§7§la§x§8§E§C§8§D§D§lt§x§9§A§C§1§E§4§le §x§B§1§B§4§F§0§lK§x§B§D§A§E§F§6§le§x§C§9§A§7§F§C§ly in auction for 70000.
[15:04:50] > Unforce01 remove x1 §x§F§F§5§5§0§0§lsᴇʟʟᴡᴀɴᴅ §6- 5.0x from storage
[15:11:36] > Zypher_0w0 buy x1 Elytra to koshie for $800,000.
[15:11:39] > Zypher_0w0 buy x1 Elytra to koshie for $800,000.
[15:14:57] > MochaFangs buy x1 §x§F§F§3§E§0§0§lD§x§F§F§3§6§0§0§le§x§F§F§2§F§0§0§lm§x§F§F§2§7§0§0§lo§x§F§F§1§F§0§0§ln §x§F§F§1§0§0§0§lL§x§F§F§0§8§0§0§lo§x§F§F§0§0§0§0§lr§x§F§F§0§9§0§0§ld §x§F§F§1§B§0§0§lS§x§F§F§2§3§0§0§lw§x§F§F§2§C§0§0§lo§x§F§F§3§5§0§0§lr§x§F§F§3§E§0§0§ld to imnectarfr for $300,000.
[15:16:23] > MochaFangs remove x1 §x§F§F§3§E§0§0§lD§x§F§F§3§6§0§0§le§x§F§F§2§F§0§0§lm§x§F§F§2§7§0§0§lo§x§F§F§1§F§0§0§ln §x§F§F§1§0§0§0§lL§x§F§F§0§8§0§0§lo§x§F§F§0§0§0§0§lr§x§F§F§0§9§0§0§ld §x§F§F§1§B§0§0§lS§x§F§F§2§3§0§0§lw§x§F§F§2§C§0§0§lo§x§F§F§3§5§0§0§lr§x§F§F§3§E§0§0§ld from buy
[15:19:05] > x1 §fDiscord Nitro Shield on sale by CeeJaiye has just expired, it goes in the inventory of expired items.
[15:19:05] > x1 §f§bElder Guardian Plushie §6(#31/101) on sale by Kwienn has just expired, it goes in the inventory of expired items.
[15:26:09] > SoulessBaron buy x3 §x§F§F§3§E§0§0§lD§x§F§F§3§7§0§0§le§x§F§F§3§0§0§0§lm§x§F§F§2§9§0§0§lo§x§F§F§2§2§0§0§ln §x§F§F§1§5§0§0§lL§x§F§F§0§E§0§0§lo§x§F§F§0§7§0§0§lr§x§F§F§0§0§0§0§ld §x§F§F§0§E§0§0§lF§x§F§F§1§5§0§0§lr§x§F§F§1§C§0§0§la§x§F§F§2§2§0§0§lg§x§F§F§2§9§0§0§lm§x§F§F§3§0§0§0§le§x§F§F§3§7§0§0§ln§x§F§F§3§E§0§0§lt to koshie for $250,000.
[15:26:45] > SoulessBaron buy x1 §x§F§F§3§E§0§0§lD§x§F§F§3§7§0§0§le§x§F§F§3§0§0§0§lm§x§F§F§2§9§0§0§lo§x§F§F§2§2§0§0§ln §x§F§F§1§5§0§0§lL§x§F§F§0§E§0§0§lo§x§F§F§0§7§0§0§lr§x§F§F§0§0§0§0§ld §x§F§F§0§E§0§0§lF§x§F§F§1§5§0§0§lr§x§F§F§1§C§0§0§la§x§F§F§2§2§0§0§lg§x§F§F§2§9§0§0§lm§x§F§F§3§0§0§0§le§x§F§F§3§7§0§0§ln§x§F§F§3§E§0§0§lt to Abbadex for $150,000.
[15:26:50] > SoulessBaron remove x3 §x§F§F§3§E§0§0§lD§x§F§F§3§7§0§0§le§x§F§F§3§0§0§0§lm§x§F§F§2§9§0§0§lo§x§F§F§2§2§0§0§ln §x§F§F§1§5§0§0§lL§x§F§F§0§E§0§0§lo§x§F§F§0§7§0§0§lr§x§F§F§0§0§0§0§ld §x§F§F§0§E§0§0§lF§x§F§F§1§5§0§0§lr§x§F§F§1§C§0§0§la§x§F§F§2§2§0§0§lg§x§F§F§2§9§0§0§lm§x§F§F§3§0§0§0§le§x§F§F§3§7§0§0§ln§x§F§F§3§E§0§0§lt from buy
[15:26:50] > SoulessBaron remove x1 §x§F§F§3§E§0§0§lD§x§F§F§3§7§0§0§le§x§F§F§3§0§0§0§lm§x§F§F§2§9§0§0§lo§x§F§F§2§2§0§0§ln §x§F§F§1§5§0§0§lL§x§F§F§0§E§0§0§lo§x§F§F§0§7§0§0§lr§x§F§F§0§0§0§0§ld §x§F§F§0§E§0§0§lF§x§F§F§1§5§0§0§lr§x§F§F§1§C§0§0§la§x§F§F§2§2§0§0§lg§x§F§F§2§9§0§0§lm§x§F§F§3§0§0§0§le§x§F§F§3§7§0§0§ln§x§F§F§3§E§0§0§lt from buy
[15:26:51] > SoulessBaron remove x32 Redstone block from buy
[15:28:38] > Sngel25 remove x1 §eᴄʀᴇᴇᴘᴇʀ sᴘᴀᴡɴᴇʀ from buy
[15:35:21] > .SharkyisHungry remove x10 §x§F§C§9§0§5§C§lE§x§E§6§9§C§6§B§lp§x§C§F§A§7§7§A§li§x§B§9§B§3§8§9§lc §x§8§C§C§B§A§7§lC§x§7§5§D§6§B§6§lr§x§5§F§E§2§C§5§la§x§7§9§D§4§B§4§lt§x§9§3§C§7§A§2§le §x§C§8§A§B§7§F§lK§x§E§2§9§E§6§E§le§x§F§C§9§0§5§C§ly from storage
[15:35:47] > .SharkyisHungry added x5 §x§F§C§9§0§5§C§lE§x§E§6§9§C§6§B§lp§x§C§F§A§7§7§A§li§x§B§9§B§3§8§9§lc §x§8§C§C§B§A§7§lC§x§7§5§D§6§B§6§lr§x§5§F§E§2§C§5§la§x§7§9§D§4§B§4§lt§x§9§3§C§7§A§2§le §x§C§8§A§B§7§F§lK§x§E§2§9§E§6§E§le§x§F§C§9§0§5§C§ly in auction for 2000000.
[15:35:55] > .SharkyisHungry remove x5 §x§F§C§9§0§5§C§lE§x§E§6§9§C§6§B§lp§x§C§F§A§7§7§A§li§x§B§9§B§3§8§9§lc §x§8§C§C§B§A§7§lC§x§7§5§D§6§B§6§lr§x§5§F§E§2§C§5§la§x§7§9§D§4§B§4§lt§x§9§3§C§7§A§2§le §x§C§8§A§B§7§F§lK§x§E§2§9§E§6§E§le§x§F§C§9§0§5§C§ly from storage
[15:36:14] > .SharkyisHungry added x5 §x§F§C§9§0§5§C§lE§x§E§6§9§C§6§B§lp§x§C§F§A§7§7§A§li§x§B§9§B§3§8§9§lc §x§8§C§C§B§A§7§lC§x§7§5§D§6§B§6§lr§x§5§F§E§2§C§5§la§x§7§9§D§4§B§4§lt§x§9§3§C§7§A§2§le §x§C§8§A§B§7§F§lK§x§E§2§9§E§6§E§le§x§F§C§9§0§5§C§ly in auction for 200000.
[15:36:32] > .SharkyisHungry added x5 §x§F§C§9§0§5§C§lE§x§E§6§9§C§6§B§lp§x§C§F§A§7§7§A§li§x§B§9§B§3§8§9§lc §x§8§C§C§B§A§7§lC§x§7§5§D§6§B§6§lr§x§5§F§E§2§C§5§la§x§7§9§D§4§B§4§lt§x§9§3§C§7§A§2§le §x§C§8§A§B§7§F§lK§x§E§2§9§E§6§E§le§x§F§C§9§0§5§C§ly in auction for 200000.
[15:42:04] > king_ARK remove x1 §x§F§F§5§5§0§0§lsᴇʟʟᴡᴀɴᴅ §6- 5.0x from buy
[15:42:04] > king_ARK remove x3 §x§F§F§3§E§0§0§lD§x§F§F§3§7§0§0§le§x§F§F§3§0§0§0§lm§x§F§F§2§9§0§0§lo§x§F§F§2§2§0§0§ln §x§F§F§1§5§0§0§lL§x§F§F§0§E§0§0§lo§x§F§F§0§7§0§0§lr§x§F§F§0§0§0§0§ld §x§F§F§0§E§0§0§lF§x§F§F§1§5§0§0§lr§x§F§F§1§C§0§0§la§x§F§F§2§2§0§0§lg§x§F§F§2§9§0§0§lm§x§F§F§3§0§0§0§le§x§F§F§3§7§0§0§ln§x§F§F§3§E§0§0§lt from buy
[15:46:59] > x1 Buying Emerald And Seling pots at pwarp go PvpShop on sale by Bestofphilipine has just expired, it goes in the inventory of expired items.
[15:47:25] > BlackKnight buy x1 §x§F§F§3§E§0§0§lD§x§F§F§3§6§0§0§le§x§F§F§2§F§0§0§lm§x§F§F§2§7§0§0§lo§x§F§F§1§F§0§0§ln §x§F§F§1§0§0§0§lL§x§F§F§0§8§0§0§lo§x§F§F§0§0§0§0§lr§x§F§F§0§9§0§0§ld §x§F§F§1§B§0§0§lB§x§F§F§2§3§0§0§lo§x§F§F§2§C§0§0§lo§x§F§F§3§5§0§0§lt§x§F§F§3§E§0§0§ls to MrZyrus7228 for $130,000.
[15:48:31] > BlackKnight buy x1 §x§F§F§3§E§0§0§lD§x§F§F§3§7§0§0§le§x§F§F§3§0§0§0§lm§x§F§F§2§9§0§0§lo§x§F§F§2§2§0§0§ln §x§F§F§1§5§0§0§lL§x§F§F§0§E§0§0§lo§x§F§F§0§7§0§0§lr§x§F§F§0§0§0§0§ld §x§F§F§0§E§0§0§lL§x§F§F§1§5§0§0§le§x§F§F§1§C§0§0§lg§x§F§F§2§2§0§0§lg§x§F§F§2§9§0§0§li§x§F§F§3§0§0§0§ln§x§F§F§3§7§0§0§lg§x§F§F§3§E§0§0§ls to Seris00 for $200,000.
[15:48:36] > BlackKnight remove x1 §x§F§F§3§E§0§0§lD§x§F§F§3§6§0§0§le§x§F§F§2§F§0§0§lm§x§F§F§2§7§0§0§lo§x§F§F§1§F§0§0§ln §x§F§F§1§0§0§0§lL§x§F§F§0§8§0§0§lo§x§F§F§0§0§0§0§lr§x§F§F§0§9§0§0§ld §x§F§F§1§B§0§0§lB§x§F§F§2§3§0§0§lo§x§F§F§2§C§0§0§lo§x§F§F§3§5§0§0§lt§x§F§F§3§E§0§0§ls from buy
[15:48:37] > BlackKnight remove x1 §x§F§F§3§E§0§0§lD§x§F§F§3§7§0§0§le§x§F§F§3§0§0§0§lm§x§F§F§2§9§0§0§lo§x§F§F§2§2§0§0§ln §x§F§F§1§5§0§0§lL§x§F§F§0§E§0§0§lo§x§F§F§0§7§0§0§lr§x§F§F§0§0§0§0§ld §x§F§F§0§E§0§0§lL§x§F§F§1§5§0§0§le§x§F§F§1§C§0§0§lg§x§F§F§2§2§0§0§lg§x§F§F§2§9§0§0§li§x§F§F§3§0§0§0§ln§x§F§F§3§7§0§0§lg§x§F§F§3§E§0§0§ls from buy
[15:50:26] > BlackKnight added x1 §x§F§F§7§C§0§0§lSteamsparks Blade in auction for 100000.
[15:50:58] > BlackKnight remove x1 §x§F§F§7§C§0§0§lSteamsparks Blade from storage
[15:51:29] > ELITEAtlas buy x1 §x§F§F§3§E§0§0§lD§x§F§F§3§7§0§0§le§x§F§F§3§0§0§0§lm§x§F§F§2§9§0§0§lo§x§F§F§2§2§0§0§ln §x§F§F§1§5§0§0§lL§x§F§F§0§E§0§0§lo§x§F§F§0§7§0§0§lr§x§F§F§0§0§0§0§ld §x§F§F§0§E§0§0§lF§x§F§F§1§5§0§0§lr§x§F§F§1§C§0§0§la§x§F§F§2§2§0§0§lg§x§F§F§2§9§0§0§lm§x§F§F§3§0§0§0§le§x§F§F§3§7§0§0§ln§x§F§F§3§E§0§0§lt to imnectarfr for $150,000.
[15:51:46] > ELITEAtlas remove x1 §x§F§F§3§E§0§0§lD§x§F§F§3§7§0§0§le§x§F§F§3§0§0§0§lm§x§F§F§2§9§0§0§lo§x§F§F§2§2§0§0§ln §x§F§F§1§5§0§0§lL§x§F§F§0§E§0§0§lo§x§F§F§0§7§0§0§lr§x§F§F§0§0§0§0§ld §x§F§F§0§E§0§0§lF§x§F§F§1§5§0§0§lr§x§F§F§1§C§0§0§la§x§F§F§2§2§0§0§lg§x§F§F§2§9§0§0§lm§x§F§F§3§0§0§0§le§x§F§F§3§7§0§0§ln§x§F§F§3§E§0§0§lt from buy
[15:52:31] > BlackKnight added x1 §x§F§F§7§C§0§0§lSteamsparks Blade in auction for 100000.
[15:52:44] > BlackKnight added x1 §f§l§x§F§C§D§0§5§CW§x§F§B§A§D§4§Du§x§F§9§8§B§3§Dk§x§F§8§6§8§2§Eo§x§F§6§4§5§1§Fn§x§F§5§2§3§0§Fg§x§F§3§0§0§0§0 §x§F§5§2§3§0§FS§x§F§6§4§5§1§Fh§x§F§8§6§8§2§Ei§x§F§9§8§B§3§De§x§F§B§A§D§4§Dl§x§F§C§D§0§5§Cd in auction for 200000.
[15:56:54] > st3ph426 remove x1 §f§l§x§F§C§D§0§5§CW§x§F§B§B§6§5§1u§x§F§A§9§C§4§5k§x§F§9§8§2§3§Ao§x§F§8§6§8§2§En§x§F§6§4§E§2§3g§x§F§5§3§4§1§7 §x§F§4§1§A§0§CG§x§F§3§0§0§0§0r§x§F§4§1§A§0§Ce§x§F§5§3§4§1§7a§x§F§6§4§E§2§3t§x§F§8§6§8§2§Es§x§F§9§8§2§3§Aw§x§F§A§9§C§4§5o§x§F§B§B§6§5§1r§x§F§C§D§0§5§Cd from storage
[15:57:08] > st3ph426 added x1 §f§l§x§F§C§D§0§5§CW§x§F§B§B§6§5§1u§x§F§A§9§C§4§5k§x§F§9§8§2§3§Ao§x§F§8§6§8§2§En§x§F§6§4§E§2§3g§x§F§5§3§4§1§7 §x§F§4§1§A§0§CG§x§F§3§0§0§0§0r§x§F§4§1§A§0§Ce§x§F§5§3§4§1§7a§x§F§6§4§E§2§3t§x§F§8§6§8§2§Es§x§F§9§8§2§3§Aw§x§F§A§9§C§4§5o§x§F§B§B§6§5§1r§x§F§C§D§0§5§Cd in auction for 100000.
[16:01:11] > st3ph426 remove x1 §f§l§x§F§C§D§0§5§CW§x§F§B§B§6§5§1u§x§F§A§9§C§4§5k§x§F§9§8§2§3§Ao§x§F§8§6§8§2§En§x§F§6§4§E§2§3g§x§F§5§3§4§1§7 §x§F§4§1§A§0§CG§x§F§3§0§0§0§0r§x§F§4§1§A§0§Ce§x§F§5§3§4§1§7a§x§F§6§4§E§2§3t§x§F§8§6§8§2§Es§x§F§9§8§2§3§Aw§x§F§A§9§C§4§5o§x§F§B§B§6§5§1r§x§F§C§D§0§5§Cd from storage
[16:01:25] > st3ph426 added x1 §f§l§x§F§C§D§0§5§CW§x§F§B§B§6§5§1u§x§F§A§9§C§4§5k§x§F§9§8§2§3§Ao§x§F§8§6§8§2§En§x§F§6§4§E§2§3g§x§F§5§3§4§1§7 §x§F§4§1§A§0§CG§x§F§3§0§0§0§0r§x§F§4§1§A§0§Ce§x§F§5§3§4§1§7a§x§F§6§4§E§2§3t§x§F§8§6§8§2§Es§x§F§9§8§2§3§Aw§x§F§A§9§C§4§5o§x§F§B§B§6§5§1r§x§F§C§D§0§5§Cd in auction for 80000.
[16:07:39] > x1 §f§l§x§F§C§D§0§5§CW§x§F§B§A§D§4§Du§x§F§9§8§B§3§Dk§x§F§8§6§8§2§Eo§x§F§6§4§5§1§Fn§x§F§5§2§3§0§Fg§x§F§3§0§0§0§0 §x§F§5§2§3§0§FD§x§F§6§4§5§1§Fa§x§F§8§6§8§2§Eg§x§F§9§8§B§3§Dg§x§F§B§A§D§4§De§x§F§C§D§0§5§Cr on sale by MrZyrus7228 has just expired, it goes in the inventory of expired items.
[16:07:47] > x1 §f§l§x§F§C§D§0§5§CW§x§F§B§B§0§4§Eu§x§F§9§9§0§4§0k§x§F§8§7§0§3§2o§x§F§6§5§0§2§3n§x§F§5§3§0§1§5g§x§F§4§1§0§0§7 H§x§F§5§3§0§1§5a§x§F§6§5§0§2§3l§x§F§8§7§0§3§2b§x§F§9§9§0§4§0e§x§F§B§B§0§4§Er§x§F§C§D§0§5§Cd on sale by MrZyrus7228 has just expired, it goes in the inventory of expired items.
[16:07:50] > .SharkyisHungry remove x5 §x§F§C§9§0§5§C§lE§x§E§6§9§C§6§B§lp§x§C§F§A§7§7§A§li§x§B§9§B§3§8§9§lc §x§8§C§C§B§A§7§lC§x§7§5§D§6§B§6§lr§x§5§F§E§2§C§5§la§x§7§9§D§4§B§4§lt§x§9§3§C§7§A§2§le §x§C§8§A§B§7§F§lK§x§E§2§9§E§6§E§le§x§F§C§9§0§5§C§ly from storage
[16:07:51] > .SharkyisHungry remove x5 §x§F§C§9§0§5§C§lE§x§E§6§9§C§6§B§lp§x§C§F§A§7§7§A§li§x§B§9§B§3§8§9§lc §x§8§C§C§B§A§7§lC§x§7§5§D§6§B§6§lr§x§5§F§E§2§C§5§la§x§7§9§D§4§B§4§lt§x§9§3§C§7§A§2§le §x§C§8§A§B§7§F§lK§x§E§2§9§E§6§E§le§x§F§C§9§0§5§C§ly from storage
[16:08:45] > x1 §f§l§x§F§C§D§0§5§CW§x§F§A§A§A§4§Bu§x§F§9§8§4§3§Bk§x§F§7§5§F§2§Ao§x§F§5§3§9§1§9n§x§F§4§1§3§0§8g §x§F§5§3§9§1§9S§x§F§7§5§F§2§Ap§x§F§9§8§4§3§Be§x§F§A§A§A§4§Ba§x§F§C§D§0§5§Cr on sale by MrZyrus7228 has just expired, it goes in the inventory of expired items.
[16:09:17] > .SharkyisHungry added x10 §x§F§C§9§0§5§C§lE§x§E§6§9§C§6§B§lp§x§C§F§A§7§7§A§li§x§B§9§B§3§8§9§lc §x§8§C§C§B§A§7§lC§x§7§5§D§6§B§6§lr§x§5§F§E§2§C§5§la§x§7§9§D§4§B§4§lt§x§9§3§C§7§A§2§le §x§C§8§A§B§7§F§lK§x§E§2§9§E§6§E§le§x§F§C§9§0§5§C§ly in auction for 100000.
[16:11:01] > st3ph426 added x1 §x§E§4§3§A§9§6§lW§x§E§7§5§3§A§3§lI§x§E§B§6§B§B§0§lN§x§E§E§8§4§B§D§lG§x§F§2§9§D§C§B§lS §x§F§8§C§E§E§5§lO§x§F§C§E§6§F§2§lF §x§F§C§E§6§F§2§lE§x§F§8§C§E§E§5§lT§x§F§5§B§5§D§8§lE§x§F§2§9§D§C§B§lR§x§E§E§8§4§B§D§lN§x§E§B§6§B§B§0§lI§x§E§7§5§3§A§3§lT§x§E§4§3§A§9§6§lY in auction for 2000000.
[16:11:07] > PrezXie buy x1 §x§E§4§3§A§9§6§lW§x§E§7§5§3§A§3§lI§x§E§B§6§B§B§0§lN§x§E§E§8§4§B§D§lG§x§F§2§9§D§C§B§lS §x§F§8§C§E§E§5§lO§x§F§C§E§6§F§2§lF §x§F§C§E§6§F§2§lE§x§F§8§C§E§E§5§lT§x§F§5§B§5§D§8§lE§x§F§2§9§D§C§B§lR§x§E§E§8§4§B§D§lN§x§E§B§6§B§B§0§lI§x§E§7§5§3§A§3§lT§x§E§4§3§A§9§6§lY to st3ph426 for $2,000,000.
[16:11:18] > Sngel25 buy x1 Kelp's Drugs to KelpChii for $30,000.
[16:11:26] > PrezXie remove x1 §x§E§4§3§A§9§6§lW§x§E§7§5§3§A§3§lI§x§E§B§6§B§B§0§lN§x§E§E§8§4§B§D§lG§x§F§2§9§D§C§B§lS §x§F§8§C§E§E§5§lO§x§F§C§E§6§F§2§lF §x§F§C§E§6§F§2§lE§x§F§8§C§E§E§5§lT§x§F§5§B§5§D§8§lE§x§F§2§9§D§C§B§lR§x§E§E§8§4§B§D§lN§x§E§B§6§B§B§0§lI§x§E§7§5§3§A§3§lT§x§E§4§3§A§9§6§lY from buy
[16:15:18] > st3ph426 remove x1 §f§l§x§F§C§D§0§5§CW§x§F§B§B§6§5§1u§x§F§A§9§C§4§5k§x§F§9§8§2§3§Ao§x§F§8§6§8§2§En§x§F§6§4§E§2§3g§x§F§5§3§4§1§7 §x§F§4§1§A§0§CG§x§F§3§0§0§0§0r§x§F§4§1§A§0§Ce§x§F§5§3§4§1§7a§x§F§6§4§E§2§3t§x§F§8§6§8§2§Es§x§F§9§8§2§3§Aw§x§F§A§9§C§4§5o§x§F§B§B§6§5§1r§x§F§C§D§0§5§Cd from storage
[16:15:27] > st3ph426 added x1 §f§l§x§F§C§D§0§5§CW§x§F§B§B§6§5§1u§x§F§A§9§C§4§5k§x§F§9§8§2§3§Ao§x§F§8§6§8§2§En§x§F§6§4§E§2§3g§x§F§5§3§4§1§7 §x§F§4§1§A§0§CG§x§F§3§0§0§0§0r§x§F§4§1§A§0§Ce§x§F§5§3§4§1§7a§x§F§6§4§E§2§3t§x§F§8§6§8§2§Es§x§F§9§8§2§3§Aw§x§F§A§9§C§4§5o§x§F§B§B§6§5§1r§x§F§C§D§0§5§Cd in auction for 500000.
[16:15:39] > st3ph426 remove x1 §f§l§x§F§C§D§0§5§CW§x§F§B§B§6§5§1u§x§F§A§9§C§4§5k§x§F§9§8§2§3§Ao§x§F§8§6§8§2§En§x§F§6§4§E§2§3g§x§F§5§3§4§1§7 §x§F§4§1§A§0§CG§x§F§3§0§0§0§0r§x§F§4§1§A§0§Ce§x§F§5§3§4§1§7a§x§F§6§4§E§2§3t§x§F§8§6§8§2§Es§x§F§9§8§2§3§Aw§x§F§A§9§C§4§5o§x§F§B§B§6§5§1r§x§F§C§D§0§5§Cd from storage
[16:15:51] > st3ph426 added x1 §f§l§x§F§C§D§0§5§CW§x§F§B§B§6§5§1u§x§F§A§9§C§4§5k§x§F§9§8§2§3§Ao§x§F§8§6§8§2§En§x§F§6§4§E§2§3g§x§F§5§3§4§1§7 §x§F§4§1§A§0§CG§x§F§3§0§0§0§0r§x§F§4§1§A§0§Ce§x§F§5§3§4§1§7a§x§F§6§4§E§2§3t§x§F§8§6§8§2§Es§x§F§9§8§2§3§Aw§x§F§A§9§C§4§5o§x§F§B§B§6§5§1r§x§F§C§D§0§5§Cd in auction for 50000.
[16:18:37] > MrGh0st1y added x1 §x§F§F§5§5§0§0§lsᴇʟʟᴡᴀɴᴅ §6- 5.0x in auction for 500000.
[16:19:25] > CoreyNabuko added x1 §x§F§F§5§5§0§0§lsᴇʟʟᴡᴀɴᴅ §6- 5.0x in auction for 450000.
[16:19:50] > CoreyNabuko added x1 §x§F§F§5§5§0§0§lsᴇʟʟᴡᴀɴᴅ §6- 5.0x in auction for 450000.
[16:20:10] > KnownasTravis buy x1 §x§F§F§5§5§0§0§lsᴇʟʟᴡᴀɴᴅ §6- 5.0x to CoreyNabuko for $450,000.
[16:20:13] > KnownasTravis buy x1 §x§F§F§5§5§0§0§lsᴇʟʟᴡᴀɴᴅ §6- 5.0x to CoreyNabuko for $450,000.
[16:20:14] > MrGh0st1y added x1 §x§F§F§5§5§0§0§lsᴇʟʟᴡᴀɴᴅ §6- 5.0x in auction for 500000.
[16:21:46] > KnownasTravis remove x1 §x§F§F§5§5§0§0§lsᴇʟʟᴡᴀɴᴅ §6- 5.0x from buy
[16:21:46] > KnownasTravis remove x1 §x§F§F§5§5§0§0§lsᴇʟʟᴡᴀɴᴅ §6- 5.0x from buy
[16:23:14] > CoreyNabuko added x1 §x§F§F§5§5§0§0§lsᴇʟʟᴡᴀɴᴅ §6- 5.0x in auction for 450000.
[16:23:18] > KnownasTravis buy x1 §x§F§F§5§5§0§0§lsᴇʟʟᴡᴀɴᴅ §6- 5.0x to CoreyNabuko for $450,000.
[16:23:49] > KEITHTHEPRO added x1 §fAdventure Hat in auction for 250000.
[16:23:54] > Sngel25 added x1 §fMagician Hat in auction for 67.
[16:23:59] > KnownasTravis buy x1 §fMagician Hat to Sngel25 for $67.
[16:24:01] > st3ph426 added x1 §fAdventure Hat in auction for 10000.
[16:24:35] > st3ph426 added x1 §eᴄᴏᴡ sᴘᴀᴡɴᴇʀ in auction for 200000.
[16:24:50] > Sngel25 added x1 §fSun Hat in auction for 67.
[16:24:59] > kji added x1 §x§5§C§C§F§F§C§lC§x§5§C§D§1§F§5§lo§x§5§D§D§4§E§E§ls§x§5§D§D§6§E§7§lm§x§5§E§D§9§E§1§le§x§5§E§D§B§D§A§lt§x§5§E§D§D§D§3§li§x§5§F§E§0§C§C§lc §x§5§F§E§0§C§C§lH§x§5§E§D§D§D§3§la§x§5§E§D§B§D§A§lt§x§5§E§D§9§E§1§ls §x§5§D§D§4§E§E§lK§x§5§C§D§1§F§5§le§x§5§C§C§F§F§C§ly in auction for 100000.
[16:25:04] > CoreyNabuko added x1 §x§F§F§5§5§0§0§lsᴇʟʟᴡᴀɴᴅ §6- 5.0x in auction for 450000.
[16:25:05] > KnownasTravis buy x1 §x§F§F§5§5§0§0§lsᴇʟʟᴡᴀɴᴅ §6- 5.0x to CoreyNabuko for $450,000.
[16:25:14] > octopus_01 buy x1 §fSun Hat to Sngel25 for $67.
[16:25:19] > octopus_01 buy x1 §fFarmer Hat to Zypher_0w0 for $30,000.
[16:25:23] > CoreyNabuko added x1 §x§F§F§5§5§0§0§lsᴇʟʟᴡᴀɴᴅ §6- 5.0x in auction for 450000.
[16:25:25] > KnownasTravis buy x1 §x§F§F§5§5§0§0§lsᴇʟʟᴡᴀɴᴅ §6- 5.0x to CoreyNabuko for $450,000.
[16:25:33] > KnownasTravis remove x1 §x§F§F§5§5§0§0§lsᴇʟʟᴡᴀɴᴅ §6- 5.0x from buy
[16:25:34] > KnownasTravis remove x1 §x§F§F§5§5§0§0§lsᴇʟʟᴡᴀɴᴅ §6- 5.0x from buy
[16:25:35] > KnownasTravis remove x1 §x§F§F§5§5§0§0§lsᴇʟʟᴡᴀɴᴅ §6- 5.0x from buy
[16:25:35] > st3ph426 added x1 §x§F§F§3§E§0§0§lD§x§F§F§3§6§0§0§le§x§F§F§2§F§0§0§lm§x§F§F§2§7§0§0§lo§x§F§F§1§F§0§0§ln §x§F§F§1§0§0§0§lL§x§F§F§0§8§0§0§lo§x§F§F§0§0§0§0§lr§x§F§F§0§8§0§0§ld §x§F§F§1§7§0§0§lS§x§F§F§1§F§0§0§lh§x§F§F§2§7§0§0§li§x§F§F§2§F§0§0§le§x§F§F§3§6§0§0§ll§x§F§F§3§E§0§0§ld in auction for 200000.
[16:25:35] > KnownasTravis remove x1 §fMagician Hat from buy
[16:25:48] > MrGh0st1y added x1 §x§5§C§C§F§F§C§lC§x§5§C§D§1§F§5§lo§x§5§D§D§4§E§E§ls§x§5§D§D§6§E§7§lm§x§5§E§D§9§E§1§le§x§5§E§D§B§D§A§lt§x§5§E§D§D§D§3§li§x§5§F§E§0§C§C§lc §x§5§F§E§0§C§C§lH§x§5§E§D§D§D§3§la§x§5§E§D§B§D§A§lt§x§5§E§D§9§E§1§ls §x§5§D§D§4§E§E§lK§x§5§C§D§1§F§5§le§x§5§C§C§F§F§C§ly in auction for 90000.
[16:25:58] > st3ph426 remove x1 §eᴄᴏᴡ sᴘᴀᴡɴᴇʀ from storage
[16:26:08] > st3ph426 added x1 §eᴄᴏᴡ sᴘᴀᴡɴᴇʀ in auction for 150000.
[16:27:14] > st3ph426 remove x1 §x§F§F§3§E§0§0§lD§x§F§F§3§6§0§0§le§x§F§F§2§F§0§0§lm§x§F§F§2§7§0§0§lo§x§F§F§1§F§0§0§ln §x§F§F§1§0§0§0§lL§x§F§F§0§8§0§0§lo§x§F§F§0§0§0§0§lr§x§F§F§0§8§0§0§ld §x§F§F§1§7§0§0§lS§x§F§F§1§F§0§0§lh§x§F§F§2§7§0§0§li§x§F§F§2§F§0§0§le§x§F§F§3§6§0§0§ll§x§F§F§3§E§0§0§ld from storage
[16:27:16] > st3ph426 remove x1 §eᴄᴏᴡ sᴘᴀᴡɴᴇʀ from storage
[16:30:51] > tic_sz added x1 §x§F§F§5§5§0§0§lsᴇʟʟᴡᴀɴᴅ §6- 5.0x in auction for 350000.
[16:30:55] > KnownasTravis buy x1 §x§F§F§5§5§0§0§lsᴇʟʟᴡᴀɴᴅ §6- 5.0x to tic_sz for $350,000.
[16:31:08] > tic_sz added x1 §x§F§F§5§5§0§0§lsᴇʟʟᴡᴀɴᴅ §6- 5.0x in auction for 350000.
[16:31:15] > octopus_01 buy x1 §x§F§F§5§5§0§0§lsᴇʟʟᴡᴀɴᴅ §6- 5.0x to tic_sz for $350,000.
[16:31:22] > st3ph426 added x1 §x§E§E§0§0§0§0§lᴜɴʟɪᴍɪᴛᴇᴅ sᴇʟʟᴡᴀɴᴅ in auction for 250000.
[16:31:47] > tic_sz buy x10 §x§F§C§9§0§5§C§lE§x§E§6§9§C§6§B§lp§x§C§F§A§7§7§A§li§x§B§9§B§3§8§9§lc §x§8§C§C§B§A§7§lC§x§7§5§D§6§B§6§lr§x§5§F§E§2§C§5§la§x§7§9§D§4§B§4§lt§x§9§3§C§7§A§2§le §x§C§8§A§B§7§F§lK§x§E§2§9§E§6§E§le§x§F§C§9§0§5§C§ly to .SharkyisHungry for $100,000.
[16:31:53] > tic_sz remove x10 §x§F§C§9§0§5§C§lE§x§E§6§9§C§6§B§lp§x§C§F§A§7§7§A§li§x§B§9§B§3§8§9§lc §x§8§C§C§B§A§7§lC§x§7§5§D§6§B§6§lr§x§5§F§E§2§C§5§la§x§7§9§D§4§B§4§lt§x§9§3§C§7§A§2§le §x§C§8§A§B§7§F§lK§x§E§2§9§E§6§E§le§x§F§C§9§0§5§C§ly from buy
[16:32:05] > Unforce01 added x1 §fWitch Hat in auction for 10000.
[16:33:09] > tic_sz buy x1 §x§F§F§3§E§0§0§lD§x§F§F§3§7§0§0§le§x§F§F§3§0§0§0§lm§x§F§F§2§9§0§0§lo§x§F§F§2§2§0§0§ln §x§F§F§1§5§0§0§lL§x§F§F§0§E§0§0§lo§x§F§F§0§7§0§0§lr§x§F§F§0§0§0§0§ld §x§F§F§0§E§0§0§lF§x§F§F§1§5§0§0§lr§x§F§F§1§C§0§0§la§x§F§F§2§2§0§0§lg§x§F§F§2§9§0§0§lm§x§F§F§3§0§0§0§le§x§F§F§3§7§0§0§ln§x§F§F§3§E§0§0§lt to HPMR_GaMerz for $150,000.
[16:33:16] > tic_sz remove x1 §x§F§F§3§E§0§0§lD§x§F§F§3§7§0§0§le§x§F§F§3§0§0§0§lm§x§F§F§2§9§0§0§lo§x§F§F§2§2§0§0§ln §x§F§F§1§5§0§0§lL§x§F§F§0§E§0§0§lo§x§F§F§0§7§0§0§lr§x§F§F§0§0§0§0§ld §x§F§F§0§E§0§0§lF§x§F§F§1§5§0§0§lr§x§F§F§1§C§0§0§la§x§F§F§2§2§0§0§lg§x§F§F§2§9§0§0§lm§x§F§F§3§0§0§0§le§x§F§F§3§7§0§0§ln§x§F§F§3§E§0§0§lt from buy
[16:37:40] > namerikangel remove x15 Bricks from storage
[16:41:13] > .SharkyisHungry added x1 §f§l§x§F§C§D§0§5§CW§x§F§B§B§2§4§Fu§x§F§9§9§5§4§2k§x§F§8§7§7§3§5o§x§F§7§5§9§2§7n§x§F§6§3§B§1§Ag§x§F§4§1§E§0§D §x§F§3§0§0§0§0C§x§F§4§1§E§0§Dr§x§F§6§3§B§1§Ao§x§F§7§5§9§2§7s§x§F§8§7§7§3§5s§x§F§9§9§5§4§2b§x§F§B§B§2§4§Fo§x§F§C§D§0§5§Cw in auction for 300000.
[16:44:00] > st3ph426 buy x1 Mace to Zee_ for $800,000.
[16:44:11] > st3ph426 remove x1 Mace from buy
[16:44:44] > fenilpatel2 added x2 §x§C§9§A§7§F§C§lL§x§B§D§A§E§F§6§le§x§B§1§B§4§F§0§lg§x§A§6§B§B§E§A§le§x§9§A§C§1§E§4§ln§x§8§E§C§8§D§D§ld§x§8§2§C§E§D§7§la§x§7§7§D§5§D§1§lr§x§6§B§D§B§C§B§ly §x§6§B§D§B§C§B§lC§x§7§7§D§5§D§1§lr§x§8§2§C§E§D§7§la§x§8§E§C§8§D§D§lt§x§9§A§C§1§E§4§le §x§B§1§B§4§F§0§lK§x§B§D§A§E§F§6§le§x§C§9§A§7§F§C§ly in auction for 15000.
[16:44:53] > Unforce01 buy x2 §x§C§9§A§7§F§C§lL§x§B§D§A§E§F§6§le§x§B§1§B§4§F§0§lg§x§A§6§B§B§E§A§le§x§9§A§C§1§E§4§ln§x§8§E§C§8§D§D§ld§x§8§2§C§E§D§7§la§x§7§7§D§5§D§1§lr§x§6§B§D§B§C§B§ly §x§6§B§D§B§C§B§lC§x§7§7§D§5§D§1§lr§x§8§2§C§E§D§7§la§x§8§E§C§8§D§D§lt§x§9§A§C§1§E§4§le §x§B§1§B§4§F§0§lK§x§B§D§A§E§F§6§le§x§C§9§A§7§F§C§ly to fenilpatel2 for $15,000.
[16:46:08] > SoulessBaron buy x1 §f§l§x§F§C§D§0§5§CW§x§F§B§C§3§5§6u§x§F§B§B§6§5§1k§x§F§A§A§9§4§Bo§x§F§A§9§C§4§5n§x§F§9§8§F§3§Fg§x§F§9§8§2§3§A §x§F§8§7§5§3§4C§x§F§8§6§8§2§Eh§x§F§7§5§B§2§8e§x§F§6§4§E§2§3s§x§F§6§4§1§1§Dt§x§F§5§3§4§1§7p§x§F§5§2§7§1§1l§x§F§4§1§A§0§Ca§x§F§4§0§D§0§6t§x§F§3§0§0§0§0e to Pewpew for $500,000.
[16:46:15] > SoulessBaron remove x1 §f§l§x§F§C§D§0§5§CW§x§F§B§C§3§5§6u§x§F§B§B§6§5§1k§x§F§A§A§9§4§Bo§x§F§A§9§C§4§5n§x§F§9§8§F§3§Fg§x§F§9§8§2§3§A §x§F§8§7§5§3§4C§x§F§8§6§8§2§Eh§x§F§7§5§B§2§8e§x§F§6§4§E§2§3s§x§F§6§4§1§1§Dt§x§F§5§3§4§1§7p§x§F§5§2§7§1§1l§x§F§4§1§A§0§Ca§x§F§4§0§D§0§6t§x§F§3§0§0§0§0e from buy
[16:46:15] > SoulessBaron remove x1 §f§l§x§F§C§D§0§5§CW§x§F§B§A§D§4§Du§x§F§9§8§B§3§Dk§x§F§8§6§8§2§Eo§x§F§6§4§5§1§Fn§x§F§5§2§3§0§Fg§x§F§3§0§0§0§0 §x§F§5§2§3§0§FD§x§F§6§4§5§1§Fa§x§F§8§6§8§2§Eg§x§F§9§8§B§3§Dg§x§F§B§A§D§4§De§x§F§C§D§0§5§Cr from buy
[16:47:36] > fenilpatel2 added x10 §x§F§C§9§0§5§C§lE§x§E§6§9§C§6§B§lp§x§C§F§A§7§7§A§li§x§B§9§B§3§8§9§lc §x§8§C§C§B§A§7§lC§x§7§5§D§6§B§6§lr§x§5§F§E§2§C§5§la§x§7§9§D§4§B§4§lt§x§9§3§C§7§A§2§le §x§C§8§A§B§7§F§lK§x§E§2§9§E§6§E§le§x§F§C§9§0§5§C§ly in auction for 50000.
[16:48:01] > tic_sz buy x10 §x§F§C§9§0§5§C§lE§x§E§6§9§C§6§B§lp§x§C§F§A§7§7§A§li§x§B§9§B§3§8§9§lc §x§8§C§C§B§A§7§lC§x§7§5§D§6§B§6§lr§x§5§F§E§2§C§5§la§x§7§9§D§4§B§4§lt§x§9§3§C§7§A§2§le §x§C§8§A§B§7§F§lK§x§E§2§9§E§6§E§le§x§F§C§9§0§5§C§ly to fenilpatel2 for $50,000.
[16:48:08] > SoulessBaron buy x1 §x§C§9§A§7§F§C§lL§x§B§D§A§E§F§6§le§x§B§1§B§4§F§0§lg§x§A§6§B§B§E§A§le§x§9§A§C§1§E§4§ln§x§8§E§C§8§D§D§ld§x§8§2§C§E§D§7§la§x§7§7§D§5§D§1§lr§x§6§B§D§B§C§B§ly §x§6§B§D§B§C§B§lC§x§7§7§D§5§D§1§lr§x§8§2§C§E§D§7§la§x§8§E§C§8§D§D§lt§x§9§A§C§1§E§4§le §x§B§1§B§4§F§0§lK§x§B§D§A§E§F§6§le§x§C§9§A§7§F§C§ly to .BoredSwing20 for $70,000.
[16:48:22] > SoulessBaron remove x1 §x§C§9§A§7§F§C§lL§x§B§D§A§E§F§6§le§x§B§1§B§4§F§0§lg§x§A§6§B§B§E§A§le§x§9§A§C§1§E§4§ln§x§8§E§C§8§D§D§ld§x§8§2§C§E§D§7§la§x§7§7§D§5§D§1§lr§x§6§B§D§B§C§B§ly §x§6§B§D§B§C§B§lC§x§7§7§D§5§D§1§lr§x§8§2§C§E§D§7§la§x§8§E§C§8§D§D§lt§x§9§A§C§1§E§4§le §x§B§1§B§4§F§0§lK§x§B§D§A§E§F§6§le§x§C§9§A§7§F§C§ly from buy
[16:48:36] > tic_sz remove x10 §x§F§C§9§0§5§C§lE§x§E§6§9§C§6§B§lp§x§C§F§A§7§7§A§li§x§B§9§B§3§8§9§lc §x§8§C§C§B§A§7§lC§x§7§5§D§6§B§6§lr§x§5§F§E§2§C§5§la§x§7§9§D§4§B§4§lt§x§9§3§C§7§A§2§le §x§C§8§A§B§7§F§lK§x§E§2§9§E§6§E§le§x§F§C§9§0§5§C§ly from buy
[16:50:42] > fenilpatel2 added x1 §x§F§F§3§E§0§0§lD§x§F§F§3§7§0§0§le§x§F§F§3§0§0§0§lm§x§F§F§2§9§0§0§lo§x§F§F§2§2§0§0§ln §x§F§F§1§5§0§0§lL§x§F§F§0§E§0§0§lo§x§F§F§0§7§0§0§lr§x§F§F§0§0§0§0§ld §x§F§F§0§E§0§0§lF§x§F§F§1§5§0§0§lr§x§F§F§1§C§0§0§la§x§F§F§2§2§0§0§lg§x§F§F§2§9§0§0§lm§x§F§F§3§0§0§0§le§x§F§F§3§7§0§0§ln§x§F§F§3§E§0§0§lt in auction for 11000.
[16:50:47] > KnownasTravis buy x1 §x§F§F§3§E§0§0§lD§x§F§F§3§7§0§0§le§x§F§F§3§0§0§0§lm§x§F§F§2§9§0§0§lo§x§F§F§2§2§0§0§ln §x§F§F§1§5§0§0§lL§x§F§F§0§E§0§0§lo§x§F§F§0§7§0§0§lr§x§F§F§0§0§0§0§ld §x§F§F§0§E§0§0§lF§x§F§F§1§5§0§0§lr§x§F§F§1§C§0§0§la§x§F§F§2§2§0§0§lg§x§F§F§2§9§0§0§lm§x§F§F§3§0§0§0§le§x§F§F§3§7§0§0§ln§x§F§F§3§E§0§0§lt to fenilpatel2 for $11,000.
[16:51:04] > fenilpatel2 added x1 §x§F§E§B§E§C§A§lSeason 3 Celebration Cake <3 in auction for 11000.
[16:52:14] > x1 §fShogun Leggings on sale by Anc_Kyoto has just expired, it goes in the inventory of expired items.
[17:01:54] > koshie added x1 Diamond chestplate in auction for 1000.
[17:02:50] > KnownasTravis remove x1 §x§F§F§3§E§0§0§lD§x§F§F§3§7§0§0§le§x§F§F§3§0§0§0§lm§x§F§F§2§9§0§0§lo§x§F§F§2§2§0§0§ln §x§F§F§1§5§0§0§lL§x§F§F§0§E§0§0§lo§x§F§F§0§7§0§0§lr§x§F§F§0§0§0§0§ld §x§F§F§0§E§0§0§lF§x§F§F§1§5§0§0§lr§x§F§F§1§C§0§0§la§x§F§F§2§2§0§0§lg§x§F§F§2§9§0§0§lm§x§F§F§3§0§0§0§le§x§F§F§3§7§0§0§ln§x§F§F§3§E§0§0§lt from buy
[17:02:50] > KnownasTravis remove x1 §x§F§F§5§5§0§0§lsᴇʟʟᴡᴀɴᴅ §6- 5.0x from buy
[17:05:10] > Bunss added x1 §x§F§F§3§E§0§0§lD§x§F§F§3§8§0§0§le§x§F§F§3§2§0§0§lm§x§F§F§2§B§0§0§lo§x§F§F§2§5§0§0§ln §x§F§F§1§9§0§0§lL§x§F§F§1§3§0§0§lo§x§F§F§0§C§0§0§lr§x§F§F§0§6§0§0§ld §x§F§F§0§7§0§0§lC§x§F§F§0§E§0§0§lh§x§F§F§1§5§0§0§le§x§F§F§1§C§0§0§ls§x§F§F§2§2§0§0§lp§x§F§F§2§9§0§0§ll§x§F§F§3§0§0§0§la§x§F§F§3§7§0§0§lt§x§F§F§3§E§0§0§le in auction for 150000.
[17:06:13] > .SharkyisHungry added x1 §x§E§5§1§B§1§B§lDracula Boots in auction for 200000.
[17:06:23] > Zypher_0w0 remove x1 Elytra form buy
[17:06:23] > Zypher_0w0 remove x1 Elytra form buy
[17:09:02] > Fr4gzzz added x1 §x§F§F§5§5§0§0§lsᴇʟʟᴡᴀɴᴅ §6- 5.0x in auction for 400000.
[17:09:06] > KnownasTravis buy x1 §x§F§F§5§5§0§0§lsᴇʟʟᴡᴀɴᴅ §6- 5.0x to Fr4gzzz for $400,000.
[17:09:47] > khenjieMC added x1 §x§F§F§5§5§0§0§lsᴇʟʟᴡᴀɴᴅ §6- 5.0x in auction for 200000.
[17:09:50] > Kyslee buy x1 §x§F§F§5§5§0§0§lsᴇʟʟᴡᴀɴᴅ §6- 5.0x to khenjieMC for $200,000.
[17:10:10] > khenjieMC added x1 §x§F§F§5§5§0§0§lsᴇʟʟᴡᴀɴᴅ §6- 5.0x in auction for 200000.
[17:10:12] > Kyslee buy x1 §x§F§F§5§5§0§0§lsᴇʟʟᴡᴀɴᴅ §6- 5.0x to khenjieMC for $200,000.
[17:10:19] > x1 XPFARM ON /pwarp go ENDVAULT on sale by KnownasTravis has just expired, it goes in the inventory of expired items.
[17:10:30] > x1 BOOKS AT /pwarp go BOOKSTORE on sale by KnownasTravis has just expired, it goes in the inventory of expired items.
[17:10:33] > st3ph426 added x1 §x§F§F§3§E§0§0§lD§x§F§F§3§6§0§0§le§x§F§F§2§F§0§0§lm§x§F§F§2§7§0§0§lo§x§F§F§1§F§0§0§ln §x§F§F§1§0§0§0§lL§x§F§F§0§8§0§0§lo§x§F§F§0§0§0§0§lr§x§F§F§0§8§0§0§ld §x§F§F§1§7§0§0§lS§x§F§F§1§F§0§0§lh§x§F§F§2§7§0§0§li§x§F§F§2§F§0§0§le§x§F§F§3§6§0§0§ll§x§F§F§3§E§0§0§ld in auction for 100000.
[17:10:37] > khenjieMC added x1 §x§F§F§3§E§0§0§lD§x§F§F§3§7§0§0§le§x§F§F§3§0§0§0§lm§x§F§F§2§9§0§0§lo§x§F§F§2§2§0§0§ln §x§F§F§1§5§0§0§lL§x§F§F§0§E§0§0§lo§x§F§F§0§7§0§0§lr§x§F§F§0§0§0§0§ld §x§F§F§0§E§0§0§lF§x§F§F§1§5§0§0§lr§x§F§F§1§C§0§0§la§x§F§F§2§2§0§0§lg§x§F§F§2§9§0§0§lm§x§F§F§3§0§0§0§le§x§F§F§3§7§0§0§ln§x§F§F§3§E§0§0§lt in auction for 100000.
[17:10:46] > tic_sz buy x1 §x§F§F§3§E§0§0§lD§x§F§F§3§7§0§0§le§x§F§F§3§0§0§0§lm§x§F§F§2§9§0§0§lo§x§F§F§2§2§0§0§ln §x§F§F§1§5§0§0§lL§x§F§F§0§E§0§0§lo§x§F§F§0§7§0§0§lr§x§F§F§0§0§0§0§ld §x§F§F§0§E§0§0§lF§x§F§F§1§5§0§0§lr§x§F§F§1§C§0§0§la§x§F§F§2§2§0§0§lg§x§F§F§2§9§0§0§lm§x§F§F§3§0§0§0§le§x§F§F§3§7§0§0§ln§x§F§F§3§E§0§0§lt to khenjieMC for $100,000.
[17:11:11] > tic_sz buy x1 §x§F§F§3§E§0§0§lD§x§F§F§3§8§0§0§le§x§F§F§3§2§0§0§lm§x§F§F§2§B§0§0§lo§x§F§F§2§5§0§0§ln §x§F§F§1§9§0§0§lL§x§F§F§1§3§0§0§lo§x§F§F§0§C§0§0§lr§x§F§F§0§6§0§0§ld §x§F§F§0§7§0§0§lC§x§F§F§0§E§0§0§lh§x§F§F§1§5§0§0§le§x§F§F§1§C§0§0§ls§x§F§F§2§2§0§0§lp§x§F§F§2§9§0§0§ll§x§F§F§3§0§0§0§la§x§F§F§3§7§0§0§lt§x§F§F§3§E§0§0§le to Bunss for $150,000.
[17:11:18] > tic_sz remove x1 §x§F§F§3§E§0§0§lD§x§F§F§3§8§0§0§le§x§F§F§3§2§0§0§lm§x§F§F§2§B§0§0§lo§x§F§F§2§5§0§0§ln §x§F§F§1§9§0§0§lL§x§F§F§1§3§0§0§lo§x§F§F§0§C§0§0§lr§x§F§F§0§6§0§0§ld §x§F§F§0§7§0§0§lC§x§F§F§0§E§0§0§lh§x§F§F§1§5§0§0§le§x§F§F§1§C§0§0§ls§x§F§F§2§2§0§0§lp§x§F§F§2§9§0§0§ll§x§F§F§3§0§0§0§la§x§F§F§3§7§0§0§lt§x§F§F§3§E§0§0§le from buy
[17:11:40] > tic_sz added x1 §x§F§F§3§E§0§0§lD§x§F§F§3§8§0§0§le§x§F§F§3§2§0§0§lm§x§F§F§2§B§0§0§lo§x§F§F§2§5§0§0§ln §x§F§F§1§9§0§0§lL§x§F§F§1§3§0§0§lo§x§F§F§0§C§0§0§lr§x§F§F§0§6§0§0§ld §x§F§F§0§7§0§0§lC§x§F§F§0§E§0§0§lh§x§F§F§1§5§0§0§le§x§F§F§1§C§0§0§ls§x§F§F§2§2§0§0§lp§x§F§F§2§9§0§0§ll§x§F§F§3§0§0§0§la§x§F§F§3§7§0§0§lt§x§F§F§3§E§0§0§le in auction for 350000.
[17:12:02] > Kyslee buy x1 §x§F§F§3§E§0§0§lD§x§F§F§3§8§0§0§le§x§F§F§3§2§0§0§lm§x§F§F§2§B§0§0§lo§x§F§F§2§5§0§0§ln §x§F§F§1§9§0§0§lL§x§F§F§1§3§0§0§lo§x§F§F§0§C§0§0§lr§x§F§F§0§6§0§0§ld §x§F§F§0§7§0§0§lC§x§F§F§0§E§0§0§lh§x§F§F§1§5§0§0§le§x§F§F§1§C§0§0§ls§x§F§F§2§2§0§0§lp§x§F§F§2§9§0§0§ll§x§F§F§3§0§0§0§la§x§F§F§3§7§0§0§lt§x§F§F§3§E§0§0§le to tic_sz for $350,000.
[17:13:55] > KnownasTravis remove x1 §x§F§F§5§5§0§0§lsᴇʟʟᴡᴀɴᴅ §6- 5.0x from buy
[17:14:06] > tic_sz buy x1 §x§F§F§3§E§0§0§lD§x§F§F§3§7§0§0§le§x§F§F§3§0§0§0§lm§x§F§F§2§9§0§0§lo§x§F§F§2§2§0§0§ln §x§F§F§1§5§0§0§lL§x§F§F§0§E§0§0§lo§x§F§F§0§7§0§0§lr§x§F§F§0§0§0§0§ld §x§F§F§0§E§0§0§lL§x§F§F§1§5§0§0§le§x§F§F§1§C§0§0§lg§x§F§F§2§2§0§0§lg§x§F§F§2§9§0§0§li§x§F§F§3§0§0§0§ln§x§F§F§3§7§0§0§lg§x§F§F§3§E§0§0§ls to HEYkay27 for $250,000.
[17:14:14] > tic_sz remove x1 §x§F§F§3§E§0§0§lD§x§F§F§3§7§0§0§le§x§F§F§3§0§0§0§lm§x§F§F§2§9§0§0§lo§x§F§F§2§2§0§0§ln §x§F§F§1§5§0§0§lL§x§F§F§0§E§0§0§lo§x§F§F§0§7§0§0§lr§x§F§F§0§0§0§0§ld §x§F§F§0§E§0§0§lL§x§F§F§1§5§0§0§le§x§F§F§1§C§0§0§lg§x§F§F§2§2§0§0§lg§x§F§F§2§9§0§0§li§x§F§F§3§0§0§0§ln§x§F§F§3§7§0§0§lg§x§F§F§3§E§0§0§ls from buy
[17:14:28] > tic_sz added x1 §x§F§F§3§E§0§0§lD§x§F§F§3§7§0§0§le§x§F§F§3§0§0§0§lm§x§F§F§2§9§0§0§lo§x§F§F§2§2§0§0§ln §x§F§F§1§5§0§0§lL§x§F§F§0§E§0§0§lo§x§F§F§0§7§0§0§lr§x§F§F§0§0§0§0§ld §x§F§F§0§E§0§0§lL§x§F§F§1§5§0§0§le§x§F§F§1§C§0§0§lg§x§F§F§2§2§0§0§lg§x§F§F§2§9§0§0§li§x§F§F§3§0§0§0§ln§x§F§F§3§7§0§0§lg§x§F§F§3§E§0§0§ls in auction for 350000.
[17:17:51] > KnownasTravis added x64 Coal block in auction for 6000.
[17:17:56] > tic_sz buy x1 §x§F§F§3§E§0§0§lD§x§F§F§3§7§0§0§le§x§F§F§3§0§0§0§lm§x§F§F§2§9§0§0§lo§x§F§F§2§2§0§0§ln §x§F§F§1§5§0§0§lL§x§F§F§0§E§0§0§lo§x§F§F§0§7§0§0§lr§x§F§F§0§0§0§0§ld §x§F§F§0§E§0§0§lF§x§F§F§1§5§0§0§lr§x§F§F§1§C§0§0§la§x§F§F§2§2§0§0§lg§x§F§F§2§9§0§0§lm§x§F§F§3§0§0§0§le§x§F§F§3§7§0§0§ln§x§F§F§3§E§0§0§lt to HPMR_GaMerz for $150,000.
[17:18:02] > tic_sz remove x1 §x§F§F§3§E§0§0§lD§x§F§F§3§7§0§0§le§x§F§F§3§0§0§0§lm§x§F§F§2§9§0§0§lo§x§F§F§2§2§0§0§ln §x§F§F§1§5§0§0§lL§x§F§F§0§E§0§0§lo§x§F§F§0§7§0§0§lr§x§F§F§0§0§0§0§ld §x§F§F§0§E§0§0§lF§x§F§F§1§5§0§0§lr§x§F§F§1§C§0§0§la§x§F§F§2§2§0§0§lg§x§F§F§2§9§0§0§lm§x§F§F§3§0§0§0§le§x§F§F§3§7§0§0§ln§x§F§F§3§E§0§0§lt from buy
[17:18:03] > tic_sz remove x1 §x§F§F§3§E§0§0§lD§x§F§F§3§7§0§0§le§x§F§F§3§0§0§0§lm§x§F§F§2§9§0§0§lo§x§F§F§2§2§0§0§ln §x§F§F§1§5§0§0§lL§x§F§F§0§E§0§0§lo§x§F§F§0§7§0§0§lr§x§F§F§0§0§0§0§ld §x§F§F§0§E§0§0§lF§x§F§F§1§5§0§0§lr§x§F§F§1§C§0§0§la§x§F§F§2§2§0§0§lg§x§F§F§2§9§0§0§lm§x§F§F§3§0§0§0§le§x§F§F§3§7§0§0§ln§x§F§F§3§E§0§0§lt from buy
[17:18:25] > mae buy x64 Coal block to KnownasTravis for $6,000.
[17:18:55] > tic_sz added x1 §x§F§F§3§E§0§0§lD§x§F§F§3§7§0§0§le§x§F§F§3§0§0§0§lm§x§F§F§2§9§0§0§lo§x§F§F§2§2§0§0§ln §x§F§F§1§5§0§0§lL§x§F§F§0§E§0§0§lo§x§F§F§0§7§0§0§lr§x§F§F§0§0§0§0§ld §x§F§F§0§E§0§0§lF§x§F§F§1§5§0§0§lr§x§F§F§1§C§0§0§la§x§F§F§2§2§0§0§lg§x§F§F§2§9§0§0§lm§x§F§F§3§0§0§0§le§x§F§F§3§7§0§0§ln§x§F§F§3§E§0§0§lt in auction for 100000.
[17:19:19] > tic_sz buy x1 §x§F§F§3§E§0§0§lD§x§F§F§3§7§0§0§le§x§F§F§3§0§0§0§lm§x§F§F§2§9§0§0§lo§x§F§F§2§2§0§0§ln §x§F§F§1§5§0§0§lL§x§F§F§0§E§0§0§lo§x§F§F§0§7§0§0§lr§x§F§F§0§0§0§0§ld §x§F§F§0§E§0§0§lF§x§F§F§1§5§0§0§lr§x§F§F§1§C§0§0§la§x§F§F§2§2§0§0§lg§x§F§F§2§9§0§0§lm§x§F§F§3§0§0§0§le§x§F§F§3§7§0§0§ln§x§F§F§3§E§0§0§lt to HPMR_GaMerz for $150,000.
[17:19:25] > tic_sz remove x1 §x§F§F§3§E§0§0§lD§x§F§F§3§7§0§0§le§x§F§F§3§0§0§0§lm§x§F§F§2§9§0§0§lo§x§F§F§2§2§0§0§ln §x§F§F§1§5§0§0§lL§x§F§F§0§E§0§0§lo§x§F§F§0§7§0§0§lr§x§F§F§0§0§0§0§ld §x§F§F§0§E§0§0§lF§x§F§F§1§5§0§0§lr§x§F§F§1§C§0§0§la§x§F§F§2§2§0§0§lg§x§F§F§2§9§0§0§lm§x§F§F§3§0§0§0§le§x§F§F§3§7§0§0§ln§x§F§F§3§E§0§0§lt from buy
[17:20:06] > tic_sz remove x1 §x§F§F§3§E§0§0§lD§x§F§F§3§7§0§0§le§x§F§F§3§0§0§0§lm§x§F§F§2§9§0§0§lo§x§F§F§2§2§0§0§ln §x§F§F§1§5§0§0§lL§x§F§F§0§E§0§0§lo§x§F§F§0§7§0§0§lr§x§F§F§0§0§0§0§ld §x§F§F§0§E§0§0§lF§x§F§F§1§5§0§0§lr§x§F§F§1§C§0§0§la§x§F§F§2§2§0§0§lg§x§F§F§2§9§0§0§lm§x§F§F§3§0§0§0§le§x§F§F§3§7§0§0§ln§x§F§F§3§E§0§0§lt from storage
[17:21:03] > tic_sz added x1 §x§F§F§3§E§0§0§lD§x§F§F§3§7§0§0§le§x§F§F§3§0§0§0§lm§x§F§F§2§9§0§0§lo§x§F§F§2§2§0§0§ln §x§F§F§1§5§0§0§lL§x§F§F§0§E§0§0§lo§x§F§F§0§7§0§0§lr§x§F§F§0§0§0§0§ld §x§F§F§0§E§0§0§lF§x§F§F§1§5§0§0§lr§x§F§F§1§C§0§0§la§x§F§F§2§2§0§0§lg§x§F§F§2§9§0§0§lm§x§F§F§3§0§0§0§le§x§F§F§3§7§0§0§ln§x§F§F§3§E§0§0§lt in auction for 125000.
[17:21:33] > minecraft added x1 §x§F§F§3§E§0§0§lD§x§F§F§3§6§0§0§le§x§F§F§2§F§0§0§lm§x§F§F§2§7§0§0§lo§x§F§F§1§F§0§0§ln §x§F§F§1§0§0§0§lL§x§F§F§0§8§0§0§lo§x§F§F§0§0§0§0§lr§x§F§F§0§8§0§0§ld §x§F§F§1§7§0§0§lS§x§F§F§1§F§0§0§lh§x§F§F§2§7§0§0§li§x§F§F§2§F§0§0§le§x§F§F§3§6§0§0§ll§x§F§F§3§E§0§0§ld in auction for 50000.
[17:21:49] > minecraft added x1 §x§F§F§3§E§0§0§lD§x§F§F§3§6§0§0§le§x§F§F§2§F§0§0§lm§x§F§F§2§7§0§0§lo§x§F§F§1§F§0§0§ln §x§F§F§1§0§0§0§lL§x§F§F§0§8§0§0§lo§x§F§F§0§0§0§0§lr§x§F§F§0§8§0§0§ld §x§F§F§1§7§0§0§lS§x§F§F§1§F§0§0§lh§x§F§F§2§7§0§0§li§x§F§F§2§F§0§0§le§x§F§F§3§6§0§0§ll§x§F§F§3§E§0§0§ld in auction for 50000.
[17:21:51] > celinesanrio added x4 Ominous trial key in auction for 200000.
[17:22:43] > kji remove x1 §x§F§F§3§E§0§0§lD§x§F§F§3§6§0§0§le§x§F§F§2§F§0§0§lm§x§F§F§2§7§0§0§lo§x§F§F§1§F§0§0§ln §x§F§F§1§0§0§0§lL§x§F§F§0§8§0§0§lo§x§F§F§0§0§0§0§lr§x§F§F§0§9§0§0§ld §x§F§F§1§B§0§0§lB§x§F§F§2§3§0§0§lo§x§F§F§2§C§0§0§lo§x§F§F§3§5§0§0§lt§x§F§F§3§E§0§0§ls from storage
[17:22:43] > kji remove x1 §x§5§C§C§F§F§C§lC§x§5§C§D§1§F§5§lo§x§5§D§D§4§E§E§ls§x§5§D§D§6§E§7§lm§x§5§E§D§9§E§1§le§x§5§E§D§B§D§A§lt§x§5§E§D§D§D§3§li§x§5§F§E§0§C§C§lc §x§5§F§E§0§C§C§lH§x§5§E§D§D§D§3§la§x§5§E§D§B§D§A§lt§x§5§E§D§9§E§1§ls §x§5§D§D§4§E§E§lK§x§5§C§D§1§F§5§le§x§5§C§C§F§F§C§ly from storage
[17:23:48] > Keeos added x1 §x§F§F§5§5§0§0§lsᴇʟʟᴡᴀɴᴅ §6- 5.0x in auction for 400000.
[17:23:55] > king_ARK buy x1 §x§F§F§5§5§0§0§lsᴇʟʟᴡᴀɴᴅ §6- 5.0x to Keeos for $400,000.
[17:23:55] > TostyZura added x1 §x§F§F§3§E§0§0§lD§x§F§F§3§7§0§0§le§x§F§F§3§0§0§0§lm§x§F§F§2§9§0§0§lo§x§F§F§2§2§0§0§ln §x§F§F§1§5§0§0§lL§x§F§F§0§E§0§0§lo§x§F§F§0§7§0§0§lr§x§F§F§0§0§0§0§ld §x§F§F§0§E§0§0§lF§x§F§F§1§5§0§0§lr§x§F§F§1§C§0§0§la§x§F§F§2§2§0§0§lg§x§F§F§2§9§0§0§lm§x§F§F§3§0§0§0§le§x§F§F§3§7§0§0§ln§x§F§F§3§E§0§0§lt in auction for 100.
[17:23:58] > koshie buy x1 §x§F§F§3§E§0§0§lD§x§F§F§3§7§0§0§le§x§F§F§3§0§0§0§lm§x§F§F§2§9§0§0§lo§x§F§F§2§2§0§0§ln §x§F§F§1§5§0§0§lL§x§F§F§0§E§0§0§lo§x§F§F§0§7§0§0§lr§x§F§F§0§0§0§0§ld §x§F§F§0§E§0§0§lF§x§F§F§1§5§0§0§lr§x§F§F§1§C§0§0§la§x§F§F§2§2§0§0§lg§x§F§F§2§9§0§0§lm§x§F§F§3§0§0§0§le§x§F§F§3§7§0§0§ln§x§F§F§3§E§0§0§lt to TostyZura for $100.
[17:24:08] > TostyZura added x1 §fSun Visor Hat in auction for 100.
[17:24:13] > minecraft buy x1 §fSun Visor Hat to TostyZura for $100.
[17:24:51] > Keeos added x1 §x§F§F§5§5§0§0§lsᴇʟʟᴡᴀɴᴅ §6- 20.0x in auction for 2500000.
[17:25:02] > Raylii buy x1 §x§F§F§5§5§0§0§lsᴇʟʟᴡᴀɴᴅ §6- 20.0x to Keeos for $2,500,000.
[17:25:20] > celinesanrio remove x4 Ominous trial key from storage
[17:26:06] > minecraft remove x1 §fSun Visor Hat from buy
[17:26:44] > llhxnce added x29 Sponge in auction for 150000.
[17:26:53] > celinesanrio buy x29 Sponge to llhxnce for $150,000.
[17:26:59] > celinesanrio remove x29 Sponge form buy
[17:39:12] > Zaanii_ buy x1 §x§F§F§3§E§0§0§lD§x§F§F§3§7§0§0§le§x§F§F§3§0§0§0§lm§x§F§F§2§9§0§0§lo§x§F§F§2§2§0§0§ln §x§F§F§1§5§0§0§lL§x§F§F§0§E§0§0§lo§x§F§F§0§7§0§0§lr§x§F§F§0§0§0§0§ld §x§F§F§0§E§0§0§lF§x§F§F§1§5§0§0§lr§x§F§F§1§C§0§0§la§x§F§F§2§2§0§0§lg§x§F§F§2§9§0§0§lm§x§F§F§3§0§0§0§le§x§F§F§3§7§0§0§ln§x§F§F§3§E§0§0§lt to tic_sz for $125,000.
[17:39:16] > Zaanii_ remove x1 §x§F§F§3§E§0§0§lD§x§F§F§3§7§0§0§le§x§F§F§3§0§0§0§lm§x§F§F§2§9§0§0§lo§x§F§F§2§2§0§0§ln §x§F§F§1§5§0§0§lL§x§F§F§0§E§0§0§lo§x§F§F§0§7§0§0§lr§x§F§F§0§0§0§0§ld §x§F§F§0§E§0§0§lF§x§F§F§1§5§0§0§lr§x§F§F§1§C§0§0§la§x§F§F§2§2§0§0§lg§x§F§F§2§9§0§0§lm§x§F§F§3§0§0§0§le§x§F§F§3§7§0§0§ln§x§F§F§3§E§0§0§lt from buy
[17:54:57] > Truk_Harbos added x64 Stone in auction for 100.
[17:55:13] > Truk_Harbos added x64 Stone in auction for 100.
[17:55:24] > Truk_Harbos added x64 Stone in auction for 100.
[17:55:42] > Truk_Harbos added x64 Stone in auction for 100.
[17:57:57] > x1 §x§A§5§8§0§D§D§lᴇᴘɪᴄ ɪᴛᴇᴍ, item of DNLGGY, has just expired, the item is definitively deleted.
[17:57:57] > x1 §x§F§F§3§E§0§0§lD§x§F§F§3§5§0§0§le§x§F§F§2§C§0§0§lm§x§F§F§2§3§0§0§lo§x§F§F§1§B§0§0§ln §x§F§F§0§9§0§0§lL§x§F§F§0§0§0§0§lo§x§F§F§0§A§0§0§lr§x§F§F§1§5§0§0§ld §x§F§F§2§9§0§0§lH§x§F§F§3§4§0§0§lo§x§F§F§3§E§0§0§le, item of Abbadex, has just expired, the item is definitively deleted.
[17:57:57] > x1 §x§A§5§8§0§D§D§lᴇᴘɪᴄ ɪᴛᴇᴍ, item of DNLGGY, has just expired, the item is definitively deleted.
[17:57:58] > KnownasTravis remove x1 XPFARM ON /pwarp go ENDVAULT from expire
[17:57:58] > KnownasTravis remove x1 BOOKS AT /pwarp go BOOKSTORE from expire
[17:57:58] > KnownasTravis remove x1 XP FARM /pwarp go BlazeXPFarm from expire
[17:58:07] > KnownasTravis added x1 XPFARM ON /pwarp go ENDVAULT in auction for 999999999999.
[17:58:18] > KnownasTravis added x1 XP FARM /pwarp go BlazeXPFarm in auction for 999999999999.
[17:58:29] > KnownasTravis added x1 BOOKS AT /pwarp go BOOKSTORE in auction for 999999999999.
[18:04:46] > Zypher_0w0 added x64 Golden apple in auction for 115000.
[18:04:56] > Keeos added x1 §x§5§C§C§F§F§C§lC§x§5§C§D§1§F§5§lo§x§5§D§D§4§E§E§ls§x§5§D§D§6§E§7§lm§x§5§E§D§9§E§1§le§x§5§E§D§B§D§A§lt§x§5§E§D§D§D§3§li§x§5§F§E§0§C§C§lc §x§5§F§E§0§C§C§lH§x§5§E§D§D§D§3§la§x§5§E§D§B§D§A§lt§x§5§E§D§9§E§1§ls §x§5§D§D§4§E§E§lK§x§5§C§D§1§F§5§le§x§5§C§C§F§F§C§ly in auction for 20000.
[18:05:03] > HPMR_GaMerz buy x1 §x§5§C§C§F§F§C§lC§x§5§C§D§1§F§5§lo§x§5§D§D§4§E§E§ls§x§5§D§D§6§E§7§lm§x§5§E§D§9§E§1§le§x§5§E§D§B§D§A§lt§x§5§E§D§D§D§3§li§x§5§F§E§0§C§C§lc §x§5§F§E§0§C§C§lH§x§5§E§D§D§D§3§la§x§5§E§D§B§D§A§lt§x§5§E§D§9§E§1§ls §x§5§D§D§4§E§E§lK§x§5§C§D§1§F§5§le§x§5§C§C§F§F§C§ly to Keeos for $20,000.
[18:05:40] > Unforce01 added x1 §5Witch Hat in auction for 10000.
[18:05:41] > Zypher_0w0 added x64 Golden apple in auction for 115000.
[18:05:41] > TostyZura added x1 §eᴘɪɢ sᴘᴀᴡɴᴇʀ in auction for 40000.
[18:05:46] > TostyZura buy x64 Golden apple to Zypher_0w0 for $115,000.
[18:05:54] > Kyslee buy x64 Golden apple to Zypher_0w0 for $115,000.
[18:05:56] > Keeos added x64 Golden apple in auction for 100000.
[18:05:59] > TostyZura remove x64 Golden apple from buy
[18:06:01] > Kyslee buy x64 Golden apple to Keeos for $100,000.
[18:06:05] > Zypher_0w0 added x64 Golden apple in auction for 115000.
[18:06:05] > .SharkyisHungry added x1 §eᴄᴏᴡ sᴘᴀᴡɴᴇʀ in auction for 125000.
[18:06:10] > Kyslee buy x64 Golden apple to Zypher_0w0 for $115,000.
[18:06:26] > Raylii buy x1 §eᴘɪɢ sᴘᴀᴡɴᴇʀ to TostyZura for $40,000.
[18:06:26] > tic_sz added x6 Enchanted golden apple in auction for 200000.
[18:06:28] > Raylii buy x1 §eᴄᴏᴡ sᴘᴀᴡɴᴇʀ to .SharkyisHungry for $125,000.
[18:06:48] > Raylii buy x1 §x§F§F§3§E§0§0§lSellwand Voucher to HEYkay27 for $1,000,000.
[18:06:51] > Raylii buy x1 §x§F§F§3§E§0§0§lSellwand Voucher to HEYkay27 for $1,000,000.
[18:06:56] > tic_sz remove x6 Enchanted golden apple from storage
[18:07:04] > tic_sz added x6 Enchanted golden apple in auction for 100000.
[18:07:15] > Unforce01 buy x6 Enchanted golden apple to tic_sz for $100,000.
[18:07:19] > Keeos added x64 Golden apple in auction for 100000.
[18:07:34] > Unforce01 remove x6 Enchanted golden apple form buy
[18:07:34] > Unforce01 remove x2 §x§C§9§A§7§F§C§lL§x§B§D§A§E§F§6§le§x§B§1§B§4§F§0§lg§x§A§6§B§B§E§A§le§x§9§A§C§1§E§4§ln§x§8§E§C§8§D§D§ld§x§8§2§C§E§D§7§la§x§7§7§D§5§D§1§lr§x§6§B§D§B§C§B§ly §x§6§B§D§B§C§B§lC§x§7§7§D§5§D§1§lr§x§8§2§C§E§D§7§la§x§8§E§C§8§D§D§lt§x§9§A§C§1§E§4§le §x§B§1§B§4§F§0§lK§x§B§D§A§E§F§6§le§x§C§9§A§7§F§C§ly form buy
[18:07:35] > Zypher_0w0 added x64 Golden apple in auction for 115000.
[18:07:49] > Kyslee buy x64 Golden apple to Keeos for $100,000.
[18:07:52] > Kyslee buy x64 Golden apple to Zypher_0w0 for $115,000.
[18:08:00] > Kyslee remove x64 Golden apple from buy
[18:08:00] > Kyslee remove x64 Golden apple from buy
[18:08:02] > Kyslee remove x64 Golden apple from buy
[18:08:04] > Kyslee remove x64 Golden apple from buy
[18:08:04] > Kyslee remove x64 Golden apple from buy
[18:11:15] > tic_sz added x6 Enchanted golden apple in auction for 100000.
[18:13:37] > HPMR_GaMerz buy x1 §5Witch Hat to Unforce01 for $10,000.
[18:13:56] > HPMR_GaMerz buy x1 §fAdventure Hat to st3ph426 for $10,000.
[18:14:01] > HPMR_GaMerz buy x1 §fWitch Hat to Unforce01 for $10,000.
[18:14:24] > Unforce01 remove x1 §eʙʟᴀᴢᴇ sᴘᴀᴡɴᴇʀ from storage
[18:15:36] > Unforce01 added x1 §eʙʟᴀᴢᴇ sᴘᴀᴡɴᴇʀ in auction for 250000.
[18:15:39] > Kyslee buy x1 §eʙʟᴀᴢᴇ sᴘᴀᴡɴᴇʀ to Unforce01 for $250,000.
[18:16:38] > minecraft added x2 Dried ghast in auction for 100000.
[18:17:18] > Keeos added x64 Golden apple in auction for 150000.
[18:18:02] > HPMR_GaMerz buy x1 §esᴘɪᴅᴇʀ sᴘᴀᴡɴᴇʀ to Forcebenzz for $300,000.
[18:24:28] > tic_sz buy x1 §f§l§x§F§C§D§0§5§CW§x§F§B§B§6§5§1u§x§F§A§9§C§4§5k§x§F§9§8§2§3§Ao§x§F§8§6§8§2§En§x§F§6§4§E§2§3g§x§F§5§3§4§1§7 §x§F§4§1§A§0§CG§x§F§3§0§0§0§0r§x§F§4§1§A§0§Ce§x§F§5§3§4§1§7a§x§F§6§4§E§2§3t§x§F§8§6§8§2§Es§x§F§9§8§2§3§Aw§x§F§A§9§C§4§5o§x§F§B§B§6§5§1r§x§F§C§D§0§5§Cd to st3ph426 for $50,000.
[18:24:35] > tic_sz remove x1 §f§l§x§F§C§D§0§5§CW§x§F§B§B§6§5§1u§x§F§A§9§C§4§5k§x§F§9§8§2§3§Ao§x§F§8§6§8§2§En§x§F§6§4§E§2§3g§x§F§5§3§4§1§7 §x§F§4§1§A§0§CG§x§F§3§0§0§0§0r§x§F§4§1§A§0§Ce§x§F§5§3§4§1§7a§x§F§6§4§E§2§3t§x§F§8§6§8§2§Es§x§F§9§8§2§3§Aw§x§F§A§9§C§4§5o§x§F§B§B§6§5§1r§x§F§C§D§0§5§Cd from buy
[18:24:35] > tic_sz remove x3 Nether star from buy
[18:25:13] > tic_sz added x1 §x§F§F§3§E§0§0§lD§x§F§F§3§5§0§0§le§x§F§F§2§C§0§0§lm§x§F§F§2§3§0§0§lo§x§F§F§1§B§0§0§ln §x§F§F§0§9§0§0§lL§x§F§F§0§0§0§0§lo§x§F§F§0§A§0§0§lr§x§F§F§1§5§0§0§ld §x§F§F§2§9§0§0§lH§x§F§F§3§4§0§0§lo§x§F§F§3§E§0§0§le in auction for 30000.
[18:29:48] > tic_sz added x1 §x§F§F§3§E§0§0§lDemon Lord Wings in auction for 5000000.
[18:30:00] > .SharkyisHungry remove x1 §x§E§5§1§B§1§B§lDracula Boots from storage
[18:30:01] > .SharkyisHungry remove x1 §f§l§x§F§C§D§0§5§CW§x§F§B§B§2§4§Fu§x§F§9§9§5§4§2k§x§F§8§7§7§3§5o§x§F§7§5§9§2§7n§x§F§6§3§B§1§Ag§x§F§4§1§E§0§D §x§F§3§0§0§0§0C§x§F§4§1§E§0§Dr§x§F§6§3§B§1§Ao§x§F§7§5§9§2§7s§x§F§8§7§7§3§5s§x§F§9§9§5§4§2b§x§F§B§B§2§4§Fo§x§F§C§D§0§5§Cw from storage
[18:30:22] > MrGh0st1y added x15 §x§F§C§D§0§5§C§lB§x§E§6§D§3§6§B§la§x§C§F§D§5§7§A§ls§x§B§9§D§8§8§9§li§x§A§2§D§A§9§8§lc §x§7§5§D§F§B§6§lC§x§5§F§E§2§C§5§lr§x§7§5§D§F§B§6§la§x§8§C§D§D§A§7§lt§x§A§2§D§A§9§8§le §x§C§F§D§5§7§A§lK§x§E§6§D§3§6§B§le§x§F§C§D§0§5§C§ly in auction for 75000.
[18:30:31] > HPMR_GaMerz buy x15 §x§F§C§D§0§5§C§lB§x§E§6§D§3§6§B§la§x§C§F§D§5§7§A§ls§x§B§9§D§8§8§9§li§x§A§2§D§A§9§8§lc §x§7§5§D§F§B§6§lC§x§5§F§E§2§C§5§lr§x§7§5§D§F§B§6§la§x§8§C§D§D§A§7§lt§x§A§2§D§A§9§8§le §x§C§F§D§5§7§A§lK§x§E§6§D§3§6§B§le§x§F§C§D§0§5§C§ly to MrGh0st1y for $75,000.
[18:30:45] > Raylii remove x1 §x§F§F§3§E§0§0§lSellwand Voucher from buy
[18:30:46] > Raylii remove x1 §x§F§F§3§E§0§0§lSellwand Voucher from buy
[18:31:13] > tic_sz added x1 Diamond block in auction for 67.
[18:31:17] > HPMR_GaMerz buy x1 Diamond block to tic_sz for $67.
[18:31:18] > Raylii remove x1 §x§F§F§5§5§0§0§lsᴇʟʟᴡᴀɴᴅ §6- 20.0x from buy
[18:31:27] > tic_sz added x1 Diamond block in auction for 6969.
[18:31:30] > minecraft buy x1 Diamond block to tic_sz for $6,969.
[18:31:41] > minecraft remove x1 Diamond block from buy
[18:35:17] > .SharkyisHungry added x1 §x§E§5§1§B§1§B§lDracula Boots in auction for 1500000.
[18:35:26] > .SharkyisHungry remove x1 §x§E§5§1§B§1§B§lDracula Boots from storage
[18:35:53] > .SharkyisHungry added x1 §x§E§5§1§B§1§B§lDracula Boots in auction for 150000.
[18:36:04] > .SharkyisHungry added x1 §f§l§x§F§C§D§0§5§CW§x§F§B§B§2§4§Fu§x§F§9§9§5§4§2k§x§F§8§7§7§3§5o§x§F§7§5§9§2§7n§x§F§6§3§B§1§Ag§x§F§4§1§E§0§D §x§F§3§0§0§0§0C§x§F§4§1§E§0§Dr§x§F§6§3§B§1§Ao§x§F§7§5§9§2§7s§x§F§8§7§7§3§5s§x§F§9§9§5§4§2b§x§F§B§B§2§4§Fo§x§F§C§D§0§5§Cw in auction for 200000.
[18:45:37] > x1 §x§F§F§7§C§0§0§lSteamsparks Hat on sale by Fr4gzzz has just expired, it goes in the inventory of expired items.
[18:47:30] > llhxnce added x1 §x§E§5§1§B§1§B§lDracula Helmet in auction for 5000.
[18:47:39] > king_ARK buy x1 §x§E§5§1§B§1§B§lDracula Helmet to llhxnce for $5,000.
[18:50:58] > llhxnce added x1 §x§F§F§3§E§0§0§lD§x§F§F§3§6§0§0§le§x§F§F§2§F§0§0§lm§x§F§F§2§7§0§0§lo§x§F§F§1§F§0§0§ln §x§F§F§1§0§0§0§lL§x§F§F§0§8§0§0§lo§x§F§F§0§0§0§0§lr§x§F§F§0§8§0§0§ld §x§F§F§1§7§0§0§lS§x§F§F§1§F§0§0§lh§x§F§F§2§7§0§0§li§x§F§F§2§F§0§0§le§x§F§F§3§6§0§0§ll§x§F§F§3§E§0§0§ld in auction for 20000.
[18:51:06] > BlackKnight buy x1 §x§F§F§3§E§0§0§lD§x§F§F§3§6§0§0§le§x§F§F§2§F§0§0§lm§x§F§F§2§7§0§0§lo§x§F§F§1§F§0§0§ln §x§F§F§1§0§0§0§lL§x§F§F§0§8§0§0§lo§x§F§F§0§0§0§0§lr§x§F§F§0§8§0§0§ld §x§F§F§1§7§0§0§lS§x§F§F§1§F§0§0§lh§x§F§F§2§7§0§0§li§x§F§F§2§F§0§0§le§x§F§F§3§6§0§0§ll§x§F§F§3§E§0§0§ld to llhxnce for $20,000.
[18:51:18] > BlackKnight remove x1 §x§F§F§3§E§0§0§lD§x§F§F§3§6§0§0§le§x§F§F§2§F§0§0§lm§x§F§F§2§7§0§0§lo§x§F§F§1§F§0§0§ln §x§F§F§1§0§0§0§lL§x§F§F§0§8§0§0§lo§x§F§F§0§0§0§0§lr§x§F§F§0§8§0§0§ld §x§F§F§1§7§0§0§lS§x§F§F§1§F§0§0§lh§x§F§F§2§7§0§0§li§x§F§F§2§F§0§0§le§x§F§F§3§6§0§0§ll§x§F§F§3§E§0§0§ld from buy
[18:51:29] > CoreyNabuko added x1 §x§F§F§3§E§0§0§lDemon Lord Wings in auction for 900000.
[18:51:33] > llhxnce buy x1 §x§F§F§3§E§0§0§lDemon Lord Wings to CoreyNabuko for $900,000.
[18:51:44] > x1 Music disc creator, item of namerikangel, has just expired, the item is definitively deleted.
[18:51:53] > llhxnce remove x1 §x§F§F§3§E§0§0§lDemon Lord Wings from buy
[18:53:46] > x1 §2Cauldron Hat on sale by Fr4gzzz has just expired, it goes in the inventory of expired items.
[18:55:54] > Zypher_0w0 added x64 Golden apple in auction for 115000.
[18:56:01] > TostyZura buy x64 Golden apple to Zypher_0w0 for $115,000.
[18:56:08] > Zypher_0w0 added x64 Golden apple in auction for 115000.
[18:56:11] > Kyslee buy x64 Golden apple to Zypher_0w0 for $115,000.
[18:58:41] > BlackKnight buy x1 §x§F§F§3§E§0§0§lD§x§F§F§3§5§0§0§le§x§F§F§2§C§0§0§lm§x§F§F§2§3§0§0§lo§x§F§F§1§B§0§0§ln §x§F§F§0§9§0§0§lL§x§F§F§0§0§0§0§lo§x§F§F§0§A§0§0§lr§x§F§F§1§5§0§0§ld §x§F§F§2§9§0§0§lH§x§F§F§3§4§0§0§lo§x§F§F§3§E§0§0§le to tic_sz for $30,000.
[18:58:42] > Keenorana added x1 §f§l§x§F§C§D§0§5§CW§x§F§A§A§A§4§Bu§x§F§9§8§4§3§Bk§x§F§7§5§F§2§Ao§x§F§5§3§9§1§9n§x§F§4§1§3§0§8g §x§F§5§3§9§1§9S§x§F§7§5§F§2§Aw§x§F§9§8§4§3§Bo§x§F§A§A§A§4§Br§x§F§C§D§0§5§Cd in auction for 50000.
[18:58:50] > BlackKnight remove x1 §x§F§F§3§E§0§0§lD§x§F§F§3§5§0§0§le§x§F§F§2§C§0§0§lm§x§F§F§2§3§0§0§lo§x§F§F§1§B§0§0§ln §x§F§F§0§9§0§0§lL§x§F§F§0§0§0§0§lo§x§F§F§0§A§0§0§lr§x§F§F§1§5§0§0§ld §x§F§F§2§9§0§0§lH§x§F§F§3§4§0§0§lo§x§F§F§3§E§0§0§le from buy
[19:04:03] > Truk_Harbos remove x2 Stone form storage
[19:04:03] > Truk_Harbos remove x2 Stone form storage
[19:04:03] > Truk_Harbos remove x2 Stone form storage
[19:04:03] > Truk_Harbos remove x2 Stone form storage
[19:04:32] > Truk_Harbos added x1 Potion in auction for 500.
[19:04:51] > Truk_Harbos added x1 Potion in auction for 100.
[19:12:07] > TostyZura remove x64 Golden apple from buy
[19:22:28] > TostyZura added x1 Elytra in auction for 1500000.
[19:24:38] > Acon1te_0w0 added x1 §x§F§F§3§E§0§0§lD§x§F§F§3§8§0§0§le§x§F§F§3§2§0§0§lm§x§F§F§2§B§0§0§lo§x§F§F§2§5§0§0§ln §x§F§F§1§9§0§0§lL§x§F§F§1§3§0§0§lo§x§F§F§0§C§0§0§lr§x§F§F§0§6§0§0§ld §x§F§F§0§6§0§0§lB§x§F§F§0§C§0§0§la§x§F§F§1§3§0§0§lt§x§F§F§1§9§0§0§lt§x§F§F§1§F§0§0§ll§x§F§F§2§5§0§0§le §x§F§F§3§2§0§0§lA§x§F§F§3§8§0§0§lx§x§F§F§3§E§0§0§le in auction for 100000.
[19:36:28] > Zypher_0w0 added x1 Mini PVP Kit in auction for 300600.
[19:37:05] > Zypher_0w0 added x1 Mini PVP Kit in auction for 300600.
[19:37:38] > Zypher_0w0 added x1 Mini PVP Kit in auction for 300600.
[19:40:54] > Playerjack12345 buy x1 §x§F§F§3§E§0§0§lD§x§F§F§3§8§0§0§le§x§F§F§3§2§0§0§lm§x§F§F§2§B§0§0§lo§x§F§F§2§5§0§0§ln §x§F§F§1§9§0§0§lL§x§F§F§1§3§0§0§lo§x§F§F§0§C§0§0§lr§x§F§F§0§6§0§0§ld §x§F§F§0§6§0§0§lB§x§F§F§0§C§0§0§la§x§F§F§1§3§0§0§lt§x§F§F§1§9§0§0§lt§x§F§F§1§F§0§0§ll§x§F§F§2§5§0§0§le §x§F§F§3§2§0§0§lA§x§F§F§3§8§0§0§lx§x§F§F§3§E§0§0§le to Acon1te_0w0 for $100,000.
[19:40:58] > Playerjack12345 remove x1 §x§F§F§3§E§0§0§lD§x§F§F§3§8§0§0§le§x§F§F§3§2§0§0§lm§x§F§F§2§B§0§0§lo§x§F§F§2§5§0§0§ln §x§F§F§1§9§0§0§lL§x§F§F§1§3§0§0§lo§x§F§F§0§C§0§0§lr§x§F§F§0§6§0§0§ld §x§F§F§0§6§0§0§lB§x§F§F§0§C§0§0§la§x§F§F§1§3§0§0§lt§x§F§F§1§9§0§0§lt§x§F§F§1§F§0§0§ll§x§F§F§2§5§0§0§le §x§F§F§3§2§0§0§lA§x§F§F§3§8§0§0§lx§x§F§F§3§E§0§0§le from buy
[19:55:45] > MrGh0st1y added x1 Shulker box in auction for 200000.
[20:01:40] > x1 §x§F§E§B§E§C§A§lSeason 3 Celebration Cake <3 on sale by Cristianndi has just expired, it goes in the inventory of expired items.
[20:13:02] > MochaFangs buy x1 Mini PVP Kit to Zypher_0w0 for $300,600.
[20:13:07] > MochaFangs remove x1 Mini PVP Kit from buy
[20:14:17] > MrGh0st1y remove x1 §x§F§F§5§5§0§0§lsᴇʟʟᴡᴀɴᴅ §6- 5.0x from storage
[20:14:18] > MrGh0st1y remove x1 §x§F§F§5§5§0§0§lsᴇʟʟᴡᴀɴᴅ §6- 5.0x from storage
[20:14:24] > MrGh0st1y added x1 strength 2 in auction for 35000.
[20:14:42] > MrGh0st1y remove x1 Shulker box from storage
[20:15:20] > MrGh0st1y added x1 gunpowder in auction for 150000.
[20:16:35] > MrGh0st1y added x1 gunpowder in auction for 150000.
[20:17:20] > MrGh0st1y remove x1 §x§5§C§C§F§F§C§lC§x§5§C§D§1§F§5§lo§x§5§D§D§4§E§E§ls§x§5§D§D§6§E§7§lm§x§5§E§D§9§E§1§le§x§5§E§D§B§D§A§lt§x§5§E§D§D§D§3§li§x§5§F§E§0§C§C§lc §x§5§F§E§0§C§C§lH§x§5§E§D§D§D§3§la§x§5§E§D§B§D§A§lt§x§5§E§D§9§E§1§ls §x§5§D§D§4§E§E§lK§x§5§C§D§1§F§5§le§x§5§C§C§F§F§C§ly from storage
[20:17:23] > MrGh0st1y remove x1 Diamond horse armor from storage
[20:17:43] > MrGh0st1y added x1 §x§F§F§3§E§0§0§lD§x§F§F§3§5§0§0§le§x§F§F§2§C§0§0§lm§x§F§F§2§3§0§0§lo§x§F§F§1§B§0§0§ln §x§F§F§0§9§0§0§lL§x§F§F§0§0§0§0§lo§x§F§F§0§A§0§0§lr§x§F§F§1§5§0§0§ld §x§F§F§2§9§0§0§lB§x§F§F§3§4§0§0§lo§x§F§F§3§E§0§0§lw in auction for 75000.
[20:23:35] > Zypher_0w0 added x1 Watermen Starterkit (save 305k from /shop) in auction for 343069.
[20:28:10] > Zypher_0w0 remove x1 Watermen Starterkit (save 305k from /shop) from storage
[20:28:40] > MochaFangs buy x1 §x§F§F§3§E§0§0§lD§x§F§F§3§6§0§0§le§x§F§F§2§F§0§0§lm§x§F§F§2§7§0§0§lo§x§F§F§1§F§0§0§ln §x§F§F§1§0§0§0§lL§x§F§F§0§8§0§0§lo§x§F§F§0§0§0§0§lr§x§F§F§0§8§0§0§ld §x§F§F§1§7§0§0§lS§x§F§F§1§F§0§0§lh§x§F§F§2§7§0§0§li§x§F§F§2§F§0§0§le§x§F§F§3§6§0§0§ll§x§F§F§3§E§0§0§ld to st3ph426 for $100,000.
[20:28:47] > MochaFangs remove x1 §x§F§F§3§E§0§0§lD§x§F§F§3§6§0§0§le§x§F§F§2§F§0§0§lm§x§F§F§2§7§0§0§lo§x§F§F§1§F§0§0§ln §x§F§F§1§0§0§0§lL§x§F§F§0§8§0§0§lo§x§F§F§0§0§0§0§lr§x§F§F§0§8§0§0§ld §x§F§F§1§7§0§0§lS§x§F§F§1§F§0§0§lh§x§F§F§2§7§0§0§li§x§F§F§2§F§0§0§le§x§F§F§3§6§0§0§ll§x§F§F§3§E§0§0§ld from buy
[20:29:08] > Zypher_0w0 added x1 Melon Starterkit (save 305k dont buy from /shop) in auction for 343069.
[20:29:48] > PsalmTheHero_ buy x1 §f§l§x§F§C§D§0§5§CW§x§F§A§A§A§4§Bu§x§F§9§8§4§3§Bk§x§F§7§5§F§2§Ao§x§F§5§3§9§1§9n§x§F§4§1§3§0§8g §x§F§5§3§9§1§9W§x§F§7§5§F§2§Ai§x§F§9§8§4§3§Bn§x§F§A§A§A§4§Bg§x§F§C§D§0§5§Cs to KEITHTHEPRO for $2,500,000.
[20:29:54] > PsalmTheHero_ remove x1 §f§l§x§F§C§D§0§5§CW§x§F§A§A§A§4§Bu§x§F§9§8§4§3§Bk§x§F§7§5§F§2§Ao§x§F§5§3§9§1§9n§x§F§4§1§3§0§8g §x§F§5§3§9§1§9W§x§F§7§5§F§2§Ai§x§F§9§8§4§3§Bn§x§F§A§A§A§4§Bg§x§F§C§D§0§5§Cs from buy
[20:42:26] > KEITHTHEPRO buy x1 §x§F§F§3§E§0§0§lD§x§F§F§3§6§0§0§le§x§F§F§2§F§0§0§lm§x§F§F§2§7§0§0§lo§x§F§F§1§F§0§0§ln §x§F§F§1§0§0§0§lL§x§F§F§0§8§0§0§lo§x§F§F§0§0§0§0§lr§x§F§F§0§8§0§0§ld §x§F§F§1§7§0§0§lS§x§F§F§1§F§0§0§lh§x§F§F§2§7§0§0§li§x§F§F§2§F§0§0§le§x§F§F§3§6§0§0§ll§x§F§F§3§E§0§0§ld to minecraft for $50,000.
[20:42:33] > KEITHTHEPRO remove x1 §x§F§F§3§E§0§0§lD§x§F§F§3§6§0§0§le§x§F§F§2§F§0§0§lm§x§F§F§2§7§0§0§lo§x§F§F§1§F§0§0§ln §x§F§F§1§0§0§0§lL§x§F§F§0§8§0§0§lo§x§F§F§0§0§0§0§lr§x§F§F§0§8§0§0§ld §x§F§F§1§7§0§0§lS§x§F§F§1§F§0§0§lh§x§F§F§2§7§0§0§li§x§F§F§2§F§0§0§le§x§F§F§3§6§0§0§ll§x§F§F§3§E§0§0§ld from buy
[20:43:37] > KEITHTHEPRO buy x1 §x§F§F§3§E§0§0§lD§x§F§F§3§6§0§0§le§x§F§F§2§F§0§0§lm§x§F§F§2§7§0§0§lo§x§F§F§1§F§0§0§ln §x§F§F§1§0§0§0§lL§x§F§F§0§8§0§0§lo§x§F§F§0§0§0§0§lr§x§F§F§0§8§0§0§ld §x§F§F§1§7§0§0§lS§x§F§F§1§F§0§0§lh§x§F§F§2§7§0§0§li§x§F§F§2§F§0§0§le§x§F§F§3§6§0§0§ll§x§F§F§3§E§0§0§ld to minecraft for $50,000.
[20:43:42] > KEITHTHEPRO remove x1 §x§F§F§3§E§0§0§lD§x§F§F§3§6§0§0§le§x§F§F§2§F§0§0§lm§x§F§F§2§7§0§0§lo§x§F§F§1§F§0§0§ln §x§F§F§1§0§0§0§lL§x§F§F§0§8§0§0§lo§x§F§F§0§0§0§0§lr§x§F§F§0§8§0§0§ld §x§F§F§1§7§0§0§lS§x§F§F§1§F§0§0§lh§x§F§F§2§7§0§0§li§x§F§F§2§F§0§0§le§x§F§F§3§6§0§0§ll§x§F§F§3§E§0§0§ld from buy
[20:43:48] > Ax_ buy x1 §x§F§F§3§E§0§0§lD§x§F§F§3§5§0§0§le§x§F§F§2§C§0§0§lm§x§F§F§2§3§0§0§lo§x§F§F§1§B§0§0§ln §x§F§F§0§9§0§0§lL§x§F§F§0§0§0§0§lo§x§F§F§0§A§0§0§lr§x§F§F§1§5§0§0§ld §x§F§F§2§9§0§0§lB§x§F§F§3§4§0§0§lo§x§F§F§3§E§0§0§lw to MrGh0st1y for $75,000.
[20:44:40] > Ax_ buy x1 §x§5§9§A§1§D§9§lA§x§7§1§A§E§D§Er§x§8§8§B§C§E§4c§x§A§0§C§9§E§9h§x§B§8§D§7§E§Fa§x§D§0§E§4§F§4n§x§E§7§F§2§F§Ag§fe§x§E§7§F§2§F§Al §x§B§8§D§7§E§FS§x§A§0§C§9§E§9w§x§8§8§B§C§E§4o§x§7§1§A§E§D§Er§x§5§9§A§1§D§9d to MrZyrus7228 for $100,000.
[20:45:00] > KEITHTHEPRO buy x1 strength 2 to MrGh0st1y for $35,000.
[20:45:05] > KEITHTHEPRO remove x1 strength 2 from buy
[20:45:25] > Ax_ remove x1 §x§5§9§A§1§D§9§lA§x§7§1§A§E§D§Er§x§8§8§B§C§E§4c§x§A§0§C§9§E§9h§x§B§8§D§7§E§Fa§x§D§0§E§4§F§4n§x§E§7§F§2§F§Ag§fe§x§E§7§F§2§F§Al §x§B§8§D§7§E§FS§x§A§0§C§9§E§9w§x§8§8§B§C§E§4o§x§7§1§A§E§D§Er§x§5§9§A§1§D§9d from buy
[20:45:25] > Ax_ remove x1 §x§F§F§3§E§0§0§lD§x§F§F§3§5§0§0§le§x§F§F§2§C§0§0§lm§x§F§F§2§3§0§0§lo§x§F§F§1§B§0§0§ln §x§F§F§0§9§0§0§lL§x§F§F§0§0§0§0§lo§x§F§F§0§A§0§0§lr§x§F§F§1§5§0§0§ld §x§F§F§2§9§0§0§lB§x§F§F§3§4§0§0§lo§x§F§F§3§E§0§0§lw from buy
[20:48:49] > Zypher_0w0 remove x1 /pwarp go IronShop get your iron blocks here from storage
[20:49:02] > fenilpatel2 added x1 §x§C§9§A§7§F§C§lL§x§B§D§A§E§F§6§le§x§B§1§B§4§F§0§lg§x§A§6§B§B§E§A§le§x§9§A§C§1§E§4§ln§x§8§E§C§8§D§D§ld§x§8§2§C§E§D§7§la§x§7§7§D§5§D§1§lr§x§6§B§D§B§C§B§ly §x§6§B§D§B§C§B§lC§x§7§7§D§5§D§1§lr§x§8§2§C§E§D§7§la§x§8§E§C§8§D§D§lt§x§9§A§C§1§E§4§le §x§B§1§B§4§F§0§lK§x§B§D§A§E§F§6§le§x§C§9§A§7§F§C§ly in auction for 10000.
[20:49:07] > Unforce01 buy x1 §x§C§9§A§7§F§C§lL§x§B§D§A§E§F§6§le§x§B§1§B§4§F§0§lg§x§A§6§B§B§E§A§le§x§9§A§C§1§E§4§ln§x§8§E§C§8§D§D§ld§x§8§2§C§E§D§7§la§x§7§7§D§5§D§1§lr§x§6§B§D§B§C§B§ly §x§6§B§D§B§C§B§lC§x§7§7§D§5§D§1§lr§x§8§2§C§E§D§7§la§x§8§E§C§8§D§D§lt§x§9§A§C§1§E§4§le §x§B§1§B§4§F§0§lK§x§B§D§A§E§F§6§le§x§C§9§A§7§F§C§ly to fenilpatel2 for $10,000.
[20:49:14] > fenilpatel2 added x1 §x§C§9§A§7§F§C§lL§x§B§D§A§E§F§6§le§x§B§1§B§4§F§0§lg§x§A§6§B§B§E§A§le§x§9§A§C§1§E§4§ln§x§8§E§C§8§D§D§ld§x§8§2§C§E§D§7§la§x§7§7§D§5§D§1§lr§x§6§B§D§B§C§B§ly §x§6§B§D§B§C§B§lC§x§7§7§D§5§D§1§lr§x§8§2§C§E§D§7§la§x§8§E§C§8§D§D§lt§x§9§A§C§1§E§4§le §x§B§1§B§4§F§0§lK§x§B§D§A§E§F§6§le§x§C§9§A§7§F§C§ly in auction for 10000.
[20:49:19] > Unforce01 buy x1 §x§C§9§A§7§F§C§lL§x§B§D§A§E§F§6§le§x§B§1§B§4§F§0§lg§x§A§6§B§B§E§A§le§x§9§A§C§1§E§4§ln§x§8§E§C§8§D§D§ld§x§8§2§C§E§D§7§la§x§7§7§D§5§D§1§lr§x§6§B§D§B§C§B§ly §x§6§B§D§B§C§B§lC§x§7§7§D§5§D§1§lr§x§8§2§C§E§D§7§la§x§8§E§C§8§D§D§lt§x§9§A§C§1§E§4§le §x§B§1§B§4§F§0§lK§x§B§D§A§E§F§6§le§x§C§9§A§7§F§C§ly to fenilpatel2 for $10,000.
[20:49:37] > Unforce01 remove x1 §x§C§9§A§7§F§C§lL§x§B§D§A§E§F§6§le§x§B§1§B§4§F§0§lg§x§A§6§B§B§E§A§le§x§9§A§C§1§E§4§ln§x§8§E§C§8§D§D§ld§x§8§2§C§E§D§7§la§x§7§7§D§5§D§1§lr§x§6§B§D§B§C§B§ly §x§6§B§D§B§C§B§lC§x§7§7§D§5§D§1§lr§x§8§2§C§E§D§7§la§x§8§E§C§8§D§D§lt§x§9§A§C§1§E§4§le §x§B§1§B§4§F§0§lK§x§B§D§A§E§F§6§le§x§C§9§A§7§F§C§ly form buy
[20:49:37] > Unforce01 remove x1 §x§C§9§A§7§F§C§lL§x§B§D§A§E§F§6§le§x§B§1§B§4§F§0§lg§x§A§6§B§B§E§A§le§x§9§A§C§1§E§4§ln§x§8§E§C§8§D§D§ld§x§8§2§C§E§D§7§la§x§7§7§D§5§D§1§lr§x§6§B§D§B§C§B§ly §x§6§B§D§B§C§B§lC§x§7§7§D§5§D§1§lr§x§8§2§C§E§D§7§la§x§8§E§C§8§D§D§lt§x§9§A§C§1§E§4§le §x§B§1§B§4§F§0§lK§x§B§D§A§E§F§6§le§x§C§9§A§7§F§C§ly form buy
[20:49:38] > Zypher_0w0 added x1 /pwarp go AceHardware (redstone components) in auction for 10000000000.
[20:49:58] > MochaFangs added x1 §x§C§9§A§7§F§C§lL§x§B§D§A§E§F§6§le§x§B§1§B§4§F§0§lg§x§A§6§B§B§E§A§le§x§9§A§C§1§E§4§ln§x§8§E§C§8§D§D§ld§x§8§2§C§E§D§7§la§x§7§7§D§5§D§1§lr§x§6§B§D§B§C§B§ly §x§6§B§D§B§C§B§lC§x§7§7§D§5§D§1§lr§x§8§2§C§E§D§7§la§x§8§E§C§8§D§D§lt§x§9§A§C§1§E§4§le §x§B§1§B§4§F§0§lK§x§B§D§A§E§F§6§le§x§C§9§A§7§F§C§ly in auction for 10000.
[20:50:03] > Unforce01 buy x1 §x§C§9§A§7§F§C§lL§x§B§D§A§E§F§6§le§x§B§1§B§4§F§0§lg§x§A§6§B§B§E§A§le§x§9§A§C§1§E§4§ln§x§8§E§C§8§D§D§ld§x§8§2§C§E§D§7§la§x§7§7§D§5§D§1§lr§x§6§B§D§B§C§B§ly §x§6§B§D§B§C§B§lC§x§7§7§D§5§D§1§lr§x§8§2§C§E§D§7§la§x§8§E§C§8§D§D§lt§x§9§A§C§1§E§4§le §x§B§1§B§4§F§0§lK§x§B§D§A§E§F§6§le§x§C§9§A§7§F§C§ly to MochaFangs for $10,000.
[20:51:12] > fenilpatel2 buy x1 §f§l§x§F§C§D§0§5§CW§x§F§A§A§A§4§Bu§x§F§9§8§4§3§Bk§x§F§7§5§F§2§Ao§x§F§5§3§9§1§9n§x§F§4§1§3§0§8g §x§F§5§3§9§1§9S§x§F§7§5§F§2§Aw§x§F§9§8§4§3§Bo§x§F§A§A§A§4§Br§x§F§C§D§0§5§Cd to Keenorana for $50,000.
[20:51:32] > fenilpatel2 remove x1 §x§F§E§B§E§C§A§lSeason 3 Celebration Cake <3 form storage
[20:51:47] > KEITHTHEPRO buy x1 §x§F§F§3§E§0§0§lD§x§F§F§3§6§0§0§le§x§F§F§2§F§0§0§lm§x§F§F§2§7§0§0§lo§x§F§F§1§F§0§0§ln §x§F§F§1§0§0§0§lL§x§F§F§0§8§0§0§lo§x§F§F§0§0§0§0§lr§x§F§F§0§8§0§0§ld §x§F§F§1§7§0§0§lH§x§F§F§1§F§0§0§le§x§F§F§2§7§0§0§ll§x§F§F§2§F§0§0§lm§x§F§F§3§6§0§0§le§x§F§F§3§E§0§0§lt to Seris00 for $150,000.
[20:51:59] > KEITHTHEPRO buy x1 §x§F§F§3§E§0§0§lD§x§F§F§3§7§0§0§le§x§F§F§3§0§0§0§lm§x§F§F§2§9§0§0§lo§x§F§F§2§2§0§0§ln §x§F§F§1§5§0§0§lL§x§F§F§0§E§0§0§lo§x§F§F§0§7§0§0§lr§x§F§F§0§0§0§0§ld §x§F§F§0§E§0§0§lL§x§F§F§1§5§0§0§le§x§F§F§1§C§0§0§lg§x§F§F§2§2§0§0§lg§x§F§F§2§9§0§0§li§x§F§F§3§0§0§0§ln§x§F§F§3§7§0§0§lg§x§F§F§3§E§0§0§ls to tic_sz for $350,000.
[20:52:07] > KEITHTHEPRO remove x1 §x§F§F§3§E§0§0§lD§x§F§F§3§7§0§0§le§x§F§F§3§0§0§0§lm§x§F§F§2§9§0§0§lo§x§F§F§2§2§0§0§ln §x§F§F§1§5§0§0§lL§x§F§F§0§E§0§0§lo§x§F§F§0§7§0§0§lr§x§F§F§0§0§0§0§ld §x§F§F§0§E§0§0§lL§x§F§F§1§5§0§0§le§x§F§F§1§C§0§0§lg§x§F§F§2§2§0§0§lg§x§F§F§2§9§0§0§li§x§F§F§3§0§0§0§ln§x§F§F§3§7§0§0§lg§x§F§F§3§E§0§0§ls from buy
[20:52:07] > KEITHTHEPRO remove x1 §x§F§F§3§E§0§0§lD§x§F§F§3§6§0§0§le§x§F§F§2§F§0§0§lm§x§F§F§2§7§0§0§lo§x§F§F§1§F§0§0§ln §x§F§F§1§0§0§0§lL§x§F§F§0§8§0§0§lo§x§F§F§0§0§0§0§lr§x§F§F§0§8§0§0§ld §x§F§F§1§7§0§0§lH§x§F§F§1§F§0§0§le§x§F§F§2§7§0§0§ll§x§F§F§2§F§0§0§lm§x§F§F§3§6§0§0§le§x§F§F§3§E§0§0§lt from buy
[20:52:07] > Ax_ added x1 §f§x§4§1§B§C§4§2D§x§4§5§C§3§5§3r§x§4§9§C§9§6§3o§x§4§D§D§0§7§4w§x§5§1§D§7§8§5n§x§5§6§D§E§9§6e§x§5§A§E§4§A§6d§x§5§E§E§B§B§7 §x§6§2§F§2§C§8H§x§6§6§F§8§D§8a§x§6§A§F§F§E§9t in auction for 100000.
[20:52:20] > Ax_ added x1 §fFlower Crown Hat in auction for 100000.
[20:52:20] > x1 GO /PWARP GO VampiraShop for CHEAP! (not done), item of .SameScrul, has just expired, the item is definitively deleted.
[20:52:20] > x1 §x§F§0§7§A§5§4§lZombie Apocalyptic Halberd, item of CeeJaiye, has just expired, the item is definitively deleted.
[20:52:29] > llhxnce remove x1 §f§l§x§F§C§D§0§5§CW§x§F§A§A§A§4§Bu§x§F§9§8§4§3§Bk§x§F§7§5§F§2§Ao§x§F§5§3§9§1§9n§x§F§4§1§3§0§8g §x§F§5§3§9§1§9S§x§F§7§5§F§2§At§x§F§9§8§4§3§Bi§x§F§A§A§A§4§Bc§x§F§C§D§0§5§Ck form expire
[20:52:29] > llhxnce remove x1 §f§l§x§F§C§D§0§5§CW§x§F§B§A§D§4§Du§x§F§9§8§B§3§Dk§x§F§8§6§8§2§Eo§x§F§6§4§5§1§Fn§x§F§5§2§3§0§Fg§x§F§3§0§0§0§0 §x§F§5§2§3§0§FS§x§F§6§4§5§1§Fh§x§F§8§6§8§2§Eo§x§F§9§8§B§3§Dv§x§F§B§A§D§4§De§x§F§C§D§0§5§Cl form expire
[20:52:29] > llhxnce remove x1 §x§F§F§3§E§0§0§lD§x§F§F§3§7§0§0§le§x§F§F§3§0§0§0§lm§x§F§F§2§9§0§0§lo§x§F§F§2§2§0§0§ln §x§F§F§1§5§0§0§lL§x§F§F§0§E§0§0§lo§x§F§F§0§7§0§0§lr§x§F§F§0§0§0§0§ld §x§F§F§0§E§0§0§lC§x§F§F§1§5§0§0§lr§x§F§F§1§C§0§0§lo§x§F§F§2§2§0§0§ls§x§F§F§2§9§0§0§ls§x§F§F§3§0§0§0§lb§x§F§F§3§7§0§0§lo§x§F§F§3§E§0§0§lw form expire
[20:53:15] > fenilpatel2 remove x1 §f§l§x§F§C§D§0§5§CW§x§F§A§A§A§4§Bu§x§F§9§8§4§3§Bk§x§F§7§5§F§2§Ao§x§F§5§3§9§1§9n§x§F§4§1§3§0§8g §x§F§5§3§9§1§9S§x§F§7§5§F§2§Aw§x§F§9§8§4§3§Bo§x§F§A§A§A§4§Br§x§F§C§D§0§5§Cd from buy
[20:54:05] > MochaFangs added x1 §x§C§9§A§7§F§C§lL§x§B§D§A§E§F§6§le§x§B§1§B§4§F§0§lg§x§A§6§B§B§E§A§le§x§9§A§C§1§E§4§ln§x§8§E§C§8§D§D§ld§x§8§2§C§E§D§7§la§x§7§7§D§5§D§1§lr§x§6§B§D§B§C§B§ly §x§6§B§D§B§C§B§lC§x§7§7§D§5§D§1§lr§x§8§2§C§E§D§7§la§x§8§E§C§8§D§D§lt§x§9§A§C§1§E§4§le §x§B§1§B§4§F§0§lK§x§B§D§A§E§F§6§le§x§C§9§A§7§F§C§ly in auction for 10000.
[20:54:09] > Unforce01 buy x1 §x§C§9§A§7§F§C§lL§x§B§D§A§E§F§6§le§x§B§1§B§4§F§0§lg§x§A§6§B§B§E§A§le§x§9§A§C§1§E§4§ln§x§8§E§C§8§D§D§ld§x§8§2§C§E§D§7§la§x§7§7§D§5§D§1§lr§x§6§B§D§B§C§B§ly §x§6§B§D§B§C§B§lC§x§7§7§D§5§D§1§lr§x§8§2§C§E§D§7§la§x§8§E§C§8§D§D§lt§x§9§A§C§1§E§4§le §x§B§1§B§4§F§0§lK§x§B§D§A§E§F§6§le§x§C§9§A§7§F§C§ly to MochaFangs for $10,000.
[20:59:35] > Jaiki added x1 §eᴢᴏᴍʙɪᴇ sᴘᴀᴡɴᴇʀ in auction for 2000000.
[20:59:47] > TostyZura added x1 §eᴄʀᴇᴇᴘᴇʀ sᴘᴀᴡɴᴇʀ in auction for 150000.
[20:59:52] > koshie buy x1 §eᴄʀᴇᴇᴘᴇʀ sᴘᴀᴡɴᴇʀ to TostyZura for $150,000.
[21:00:01] > HwanYo added x1 §x§F§F§3§E§0§0§lD§x§F§F§3§7§0§0§le§x§F§F§3§0§0§0§lm§x§F§F§2§9§0§0§lo§x§F§F§2§2§0§0§ln §x§F§F§1§5§0§0§lL§x§F§F§0§E§0§0§lo§x§F§F§0§7§0§0§lr§x§F§F§0§0§0§0§ld §x§F§F§0§E§0§0§lF§x§F§F§1§5§0§0§lr§x§F§F§1§C§0§0§la§x§F§F§2§2§0§0§lg§x§F§F§2§9§0§0§lm§x§F§F§3§0§0§0§le§x§F§F§3§7§0§0§ln§x§F§F§3§E§0§0§lt in auction for 150000.
[21:01:36] > Unforce01 remove x1 §x§C§9§A§7§F§C§lL§x§B§D§A§E§F§6§le§x§B§1§B§4§F§0§lg§x§A§6§B§B§E§A§le§x§9§A§C§1§E§4§ln§x§8§E§C§8§D§D§ld§x§8§2§C§E§D§7§la§x§7§7§D§5§D§1§lr§x§6§B§D§B§C§B§ly §x§6§B§D§B§C§B§lC§x§7§7§D§5§D§1§lr§x§8§2§C§E§D§7§la§x§8§E§C§8§D§D§lt§x§9§A§C§1§E§4§le §x§B§1§B§4§F§0§lK§x§B§D§A§E§F§6§le§x§C§9§A§7§F§C§ly form buy
[21:01:36] > Unforce01 remove x1 §x§C§9§A§7§F§C§lL§x§B§D§A§E§F§6§le§x§B§1§B§4§F§0§lg§x§A§6§B§B§E§A§le§x§9§A§C§1§E§4§ln§x§8§E§C§8§D§D§ld§x§8§2§C§E§D§7§la§x§7§7§D§5§D§1§lr§x§6§B§D§B§C§B§ly §x§6§B§D§B§C§B§lC§x§7§7§D§5§D§1§lr§x§8§2§C§E§D§7§la§x§8§E§C§8§D§D§lt§x§9§A§C§1§E§4§le §x§B§1§B§4§F§0§lK§x§B§D§A§E§F§6§le§x§C§9§A§7§F§C§ly form buy
[21:03:05] > .Kenku1001 added x1 Elytra in auction for 650000.
[21:03:09] > difconfused added x1 §esᴋᴇʟᴇᴛᴏɴ sᴘᴀᴡɴᴇʀ in auction for 300000.
[21:03:30] > fenilpatel2 buy x1 Diamond chestplate to koshie for $1,000.
[21:03:41] > fenilpatel2 remove x1 Diamond chestplate from buy
[21:03:51] > HwanYo added x1 §x§F§F§7§C§0§0§lSteamsparks Shield in auction for 50000.
[21:03:53] > tyrunknown added x1 §x§5§C§C§F§F§C§lC§x§5§C§D§1§F§5§lo§x§5§D§D§4§E§E§ls§x§5§D§D§6§E§7§lm§x§5§E§D§9§E§1§le§x§5§E§D§B§D§A§lt§x§5§E§D§D§D§3§li§x§5§F§E§0§C§C§lc §x§5§F§E§0§C§C§lH§x§5§E§D§D§D§3§la§x§5§E§D§B§D§A§lt§x§5§E§D§9§E§1§ls §x§5§D§D§4§E§E§lK§x§5§C§D§1§F§5§le§x§5§C§C§F§F§C§ly in auction for 250000.
[21:03:55] > HwanYo remove x1 §x§F§F§3§E§0§0§lD§x§F§F§3§7§0§0§le§x§F§F§3§0§0§0§lm§x§F§F§2§9§0§0§lo§x§F§F§2§2§0§0§ln §x§F§F§1§5§0§0§lL§x§F§F§0§E§0§0§lo§x§F§F§0§7§0§0§lr§x§F§F§0§0§0§0§ld §x§F§F§0§E§0§0§lF§x§F§F§1§5§0§0§lr§x§F§F§1§C§0§0§la§x§F§F§2§2§0§0§lg§x§F§F§2§9§0§0§lm§x§F§F§3§0§0§0§le§x§F§F§3§7§0§0§ln§x§F§F§3§E§0§0§lt form storage
[21:03:55] > HwanYo remove x1 §x§F§F§7§C§0§0§lSteamsparks Shield form storage
[21:04:04] > HwanYo added x1 §x§F§F§7§C§0§0§lSteamsparks Shield in auction for 50000.
[21:04:14] > tyrunknown added x1 §esᴋᴇʟᴇᴛᴏɴ sᴘᴀᴡɴᴇʀ in auction for 250000.
[21:04:16] > HwanYo added x1 §x§F§F§3§E§0§0§lD§x§F§F§3§7§0§0§le§x§F§F§3§0§0§0§lm§x§F§F§2§9§0§0§lo§x§F§F§2§2§0§0§ln §x§F§F§1§5§0§0§lL§x§F§F§0§E§0§0§lo§x§F§F§0§7§0§0§lr§x§F§F§0§0§0§0§ld §x§F§F§0§E§0§0§lF§x§F§F§1§5§0§0§lr§x§F§F§1§C§0§0§la§x§F§F§2§2§0§0§lg§x§F§F§2§9§0§0§lm§x§F§F§3§0§0§0§le§x§F§F§3§7§0§0§ln§x§F§F§3§E§0§0§lt in auction for 150000.
[21:04:19] > .Kenku1001 buy x64 Golden apple to Keeos for $150,000.
[21:04:29] > .Kenku1001 buy x1 gunpowder to MrGh0st1y for $150,000.
[21:04:34] > .Kenku1001 buy x1 gunpowder to MrGh0st1y for $150,000.
[21:04:39] > kji buy x1 §esᴋᴇʟᴇᴛᴏɴ sᴘᴀᴡɴᴇʀ to tyrunknown for $250,000.
[21:04:45] > kji remove x1 §esᴋᴇʟᴇᴛᴏɴ sᴘᴀᴡɴᴇʀ from buy
[21:05:30] > HwanYo buy x1 §esᴋᴇʟᴇᴛᴏɴ sᴘᴀᴡɴᴇʀ to difconfused for $300,000.
[21:05:43] > HwanYo buy x1 §x§E§E§0§0§0§0§lᴜɴʟɪᴍɪᴛᴇᴅ sᴇʟʟᴡᴀɴᴅ to st3ph426 for $250,000.
[21:07:01] > HwanYo remove x1 §esᴋᴇʟᴇᴛᴏɴ sᴘᴀᴡɴᴇʀ form buy
[21:07:01] > HwanYo remove x1 §x§E§E§0§0§0§0§lᴜɴʟɪᴍɪᴛᴇᴅ sᴇʟʟᴡᴀɴᴅ form buy
[21:08:22] > lorxie buy x1 §fFlower Crown Hat to Ax_ for $100,000.
[21:08:43] > lorxie remove x1 §fFlower Crown Hat from buy
[21:09:21] > MochaFangs added x1 §x§C§9§A§7§F§C§lL§x§B§D§A§E§F§6§le§x§B§1§B§4§F§0§lg§x§A§6§B§B§E§A§le§x§9§A§C§1§E§4§ln§x§8§E§C§8§D§D§ld§x§8§2§C§E§D§7§la§x§7§7§D§5§D§1§lr§x§6§B§D§B§C§B§ly §x§6§B§D§B§C§B§lC§x§7§7§D§5§D§1§lr§x§8§2§C§E§D§7§la§x§8§E§C§8§D§D§lt§x§9§A§C§1§E§4§le §x§B§1§B§4§F§0§lK§x§B§D§A§E§F§6§le§x§C§9§A§7§F§C§ly in auction for 10000.
[21:09:26] > Unforce01 buy x1 §x§C§9§A§7§F§C§lL§x§B§D§A§E§F§6§le§x§B§1§B§4§F§0§lg§x§A§6§B§B§E§A§le§x§9§A§C§1§E§4§ln§x§8§E§C§8§D§D§ld§x§8§2§C§E§D§7§la§x§7§7§D§5§D§1§lr§x§6§B§D§B§C§B§ly §x§6§B§D§B§C§B§lC§x§7§7§D§5§D§1§lr§x§8§2§C§E§D§7§la§x§8§E§C§8§D§D§lt§x§9§A§C§1§E§4§le §x§B§1§B§4§F§0§lK§x§B§D§A§E§F§6§le§x§C§9§A§7§F§C§ly to MochaFangs for $10,000.
[21:09:44] > .SharkyisHungry added x1 §fBumble Bee Hat in auction for 50000.
[21:10:00] > .SharkyisHungry added x1 §fGarden Hat in auction for 50000.
[21:10:12] > Raylii buy x1 §fGarden Hat to .SharkyisHungry for $50,000.
[21:10:16] > Unforce01 remove x1 §x§C§9§A§7§F§C§lL§x§B§D§A§E§F§6§le§x§B§1§B§4§F§0§lg§x§A§6§B§B§E§A§le§x§9§A§C§1§E§4§ln§x§8§E§C§8§D§D§ld§x§8§2§C§E§D§7§la§x§7§7§D§5§D§1§lr§x§6§B§D§B§C§B§ly §x§6§B§D§B§C§B§lC§x§7§7§D§5§D§1§lr§x§8§2§C§E§D§7§la§x§8§E§C§8§D§D§lt§x§9§A§C§1§E§4§le §x§B§1§B§4§F§0§lK§x§B§D§A§E§F§6§le§x§C§9§A§7§F§C§ly form buy
[21:12:18] > TostyZura added x64 Wind charge in auction for 10000.
[21:12:31] > Runz buy x64 Wind charge to TostyZura for $10,000.
[21:15:01] > x1 §f§l§x§F§C§D§0§5§CW§x§F§A§A§A§4§Bu§x§F§9§8§4§3§Bk§x§F§7§5§F§2§Ao§x§F§5§3§9§1§9n§x§F§4§1§3§0§8g §x§F§5§3§9§1§9S§x§F§7§5§F§2§Ap§x§F§9§8§4§3§Be§x§F§A§A§A§4§Ba§x§F§C§D§0§5§Cr on sale by MonsterIsBetter has just expired, it goes in the inventory of expired items.
[21:15:01] > .Kenku1001 added x32 §x§C§9§A§7§F§C§lL§x§B§D§A§E§F§6§le§x§B§1§B§4§F§0§lg§x§A§6§B§B§E§A§le§x§9§A§C§1§E§4§ln§x§8§E§C§8§D§D§ld§x§8§2§C§E§D§7§la§x§7§7§D§5§D§1§lr§x§6§B§D§B§C§B§ly §x§6§B§D§B§C§B§lC§x§7§7§D§5§D§1§lr§x§8§2§C§E§D§7§la§x§8§E§C§8§D§D§lt§x§9§A§C§1§E§4§le §x§B§1§B§4§F§0§lK§x§B§D§A§E§F§6§le§x§C§9§A§7§F§C§ly in auction for 400000.
[21:15:13] > Unforce01 buy x32 §x§C§9§A§7§F§C§lL§x§B§D§A§E§F§6§le§x§B§1§B§4§F§0§lg§x§A§6§B§B§E§A§le§x§9§A§C§1§E§4§ln§x§8§E§C§8§D§D§ld§x§8§2§C§E§D§7§la§x§7§7§D§5§D§1§lr§x§6§B§D§B§C§B§ly §x§6§B§D§B§C§B§lC§x§7§7§D§5§D§1§lr§x§8§2§C§E§D§7§la§x§8§E§C§8§D§D§lt§x§9§A§C§1§E§4§le §x§B§1§B§4§F§0§lK§x§B§D§A§E§F§6§le§x§C§9§A§7§F§C§ly to .Kenku1001 for $400,000.
[21:15:26] > Unforce01 remove x32 §x§C§9§A§7§F§C§lL§x§B§D§A§E§F§6§le§x§B§1§B§4§F§0§lg§x§A§6§B§B§E§A§le§x§9§A§C§1§E§4§ln§x§8§E§C§8§D§D§ld§x§8§2§C§E§D§7§la§x§7§7§D§5§D§1§lr§x§6§B§D§B§C§B§ly §x§6§B§D§B§C§B§lC§x§7§7§D§5§D§1§lr§x§8§2§C§E§D§7§la§x§8§E§C§8§D§D§lt§x§9§A§C§1§E§4§le §x§B§1§B§4§F§0§lK§x§B§D§A§E§F§6§le§x§C§9§A§7§F§C§ly form buy
[21:26:44] > Fr4gzzz buy x1 §x§F§F§3§E§0§0§lD§x§F§F§3§7§0§0§le§x§F§F§3§0§0§0§lm§x§F§F§2§9§0§0§lo§x§F§F§2§2§0§0§ln §x§F§F§1§5§0§0§lL§x§F§F§0§E§0§0§lo§x§F§F§0§7§0§0§lr§x§F§F§0§0§0§0§ld §x§F§F§0§E§0§0§lF§x§F§F§1§5§0§0§lr§x§F§F§1§C§0§0§la§x§F§F§2§2§0§0§lg§x§F§F§2§9§0§0§lm§x§F§F§3§0§0§0§le§x§F§F§3§7§0§0§ln§x§F§F§3§E§0§0§lt to HwanYo for $150,000.
[21:27:48] > Fr4gzzz remove x1 §x§F§F§3§E§0§0§lD§x§F§F§3§7§0§0§le§x§F§F§3§0§0§0§lm§x§F§F§2§9§0§0§lo§x§F§F§2§2§0§0§ln §x§F§F§1§5§0§0§lL§x§F§F§0§E§0§0§lo§x§F§F§0§7§0§0§lr§x§F§F§0§0§0§0§ld §x§F§F§0§E§0§0§lF§x§F§F§1§5§0§0§lr§x§F§F§1§C§0§0§la§x§F§F§2§2§0§0§lg§x§F§F§2§9§0§0§lm§x§F§F§3§0§0§0§le§x§F§F§3§7§0§0§ln§x§F§F§3§E§0§0§lt from buy
[21:36:09] > .BoredSwing20 added x2 §x§5§C§C§F§F§C§lC§x§5§C§D§1§F§5§lo§x§5§D§D§4§E§E§ls§x§5§D§D§6§E§7§lm§x§5§E§D§9§E§1§le§x§5§E§D§B§D§A§lt§x§5§E§D§D§D§3§li§x§5§F§E§0§C§C§lc §x§5§F§E§0§C§C§lH§x§5§E§D§D§D§3§la§x§5§E§D§B§D§A§lt§x§5§E§D§9§E§1§ls §x§5§D§D§4§E§E§lK§x§5§C§D§1§F§5§le§x§5§C§C§F§F§C§ly in auction for 150000.
[21:37:12] > .BoredSwing20 remove x2 §x§5§C§C§F§F§C§lC§x§5§C§D§1§F§5§lo§x§5§D§D§4§E§E§ls§x§5§D§D§6§E§7§lm§x§5§E§D§9§E§1§le§x§5§E§D§B§D§A§lt§x§5§E§D§D§D§3§li§x§5§F§E§0§C§C§lc §x§5§F§E§0§C§C§lH§x§5§E§D§D§D§3§la§x§5§E§D§B§D§A§lt§x§5§E§D§9§E§1§ls §x§5§D§D§4§E§E§lK§x§5§C§D§1§F§5§le§x§5§C§C§F§F§C§ly from storage
[21:37:14] > .BoredSwing20 remove x1 §x§5§C§C§F§F§C§lC§x§5§C§D§1§F§5§lo§x§5§D§D§4§E§E§ls§x§5§D§D§6§E§7§lm§x§5§E§D§9§E§1§le§x§5§E§D§B§D§A§lt§x§5§E§D§D§D§3§li§x§5§F§E§0§C§C§lc §x§5§F§E§0§C§C§lH§x§5§E§D§D§D§3§la§x§5§E§D§B§D§A§lt§x§5§E§D§9§E§1§ls §x§5§D§D§4§E§E§lK§x§5§C§D§1§F§5§le§x§5§C§C§F§F§C§ly from storage
[21:37:19] > .Kenku1001 added x32 §x§C§9§A§7§F§C§lL§x§B§D§A§E§F§6§le§x§B§1§B§4§F§0§lg§x§A§6§B§B§E§A§le§x§9§A§C§1§E§4§ln§x§8§E§C§8§D§D§ld§x§8§2§C§E§D§7§la§x§7§7§D§5§D§1§lr§x§6§B§D§B§C§B§ly §x§6§B§D§B§C§B§lC§x§7§7§D§5§D§1§lr§x§8§2§C§E§D§7§la§x§8§E§C§8§D§D§lt§x§9§A§C§1§E§4§le §x§B§1§B§4§F§0§lK§x§B§D§A§E§F§6§le§x§C§9§A§7§F§C§ly in auction for 450000.
[21:39:59] > .BoredSwing20 added x1 §x§C§9§A§7§F§C§lL§x§B§D§A§E§F§6§le§x§B§1§B§4§F§0§lg§x§A§6§B§B§E§A§le§x§9§A§C§1§E§4§ln§x§8§E§C§8§D§D§ld§x§8§2§C§E§D§7§la§x§7§7§D§5§D§1§lr§x§6§B§D§B§C§B§ly §x§6§B§D§B§C§B§lC§x§7§7§D§5§D§1§lr§x§8§2§C§E§D§7§la§x§8§E§C§8§D§D§lt§x§9§A§C§1§E§4§le §x§B§1§B§4§F§0§lK§x§B§D§A§E§F§6§le§x§C§9§A§7§F§C§ly in auction for 50000.
[21:41:29] > .BoredSwing20 added x1 §x§5§C§C§F§F§C§lC§x§5§C§D§1§F§5§lo§x§5§D§D§4§E§E§ls§x§5§D§D§6§E§7§lm§x§5§E§D§9§E§1§le§x§5§E§D§B§D§A§lt§x§5§E§D§D§D§3§li§x§5§F§E§0§C§C§lc §x§5§F§E§0§C§C§lH§x§5§E§D§D§D§3§la§x§5§E§D§B§D§A§lt§x§5§E§D§9§E§1§ls §x§5§D§D§4§E§E§lK§x§5§C§D§1§F§5§le§x§5§C§C§F§F§C§ly in auction for 40000.
[21:42:00] > .BoredSwing20 added x1 §x§5§C§C§F§F§C§lC§x§5§C§D§1§F§5§lo§x§5§D§D§4§E§E§ls§x§5§D§D§6§E§7§lm§x§5§E§D§9§E§1§le§x§5§E§D§B§D§A§lt§x§5§E§D§D§D§3§li§x§5§F§E§0§C§C§lc §x§5§F§E§0§C§C§lH§x§5§E§D§D§D§3§la§x§5§E§D§B§D§A§lt§x§5§E§D§9§E§1§ls §x§5§D§D§4§E§E§lK§x§5§C§D§1§F§5§le§x§5§C§C§F§F§C§ly in auction for 40000.
[21:42:13] > .BoredSwing20 added x1 §x§5§C§C§F§F§C§lC§x§5§C§D§1§F§5§lo§x§5§D§D§4§E§E§ls§x§5§D§D§6§E§7§lm§x§5§E§D§9§E§1§le§x§5§E§D§B§D§A§lt§x§5§E§D§D§D§3§li§x§5§F§E§0§C§C§lc §x§5§F§E§0§C§C§lH§x§5§E§D§D§D§3§la§x§5§E§D§B§D§A§lt§x§5§E§D§9§E§1§ls §x§5§D§D§4§E§E§lK§x§5§C§D§1§F§5§le§x§5§C§C§F§F§C§ly in auction for 40000.
[21:42:21] > grit_zy buy x1 §x§5§C§C§F§F§C§lC§x§5§C§D§1§F§5§lo§x§5§D§D§4§E§E§ls§x§5§D§D§6§E§7§lm§x§5§E§D§9§E§1§le§x§5§E§D§B§D§A§lt§x§5§E§D§D§D§3§li§x§5§F§E§0§C§C§lc §x§5§F§E§0§C§C§lH§x§5§E§D§D§D§3§la§x§5§E§D§B§D§A§lt§x§5§E§D§9§E§1§ls §x§5§D§D§4§E§E§lK§x§5§C§D§1§F§5§le§x§5§C§C§F§F§C§ly to .BoredSwing20 for $40,000.
[21:42:24] > grit_zy buy x1 §x§5§C§C§F§F§C§lC§x§5§C§D§1§F§5§lo§x§5§D§D§4§E§E§ls§x§5§D§D§6§E§7§lm§x§5§E§D§9§E§1§le§x§5§E§D§B§D§A§lt§x§5§E§D§D§D§3§li§x§5§F§E§0§C§C§lc §x§5§F§E§0§C§C§lH§x§5§E§D§D§D§3§la§x§5§E§D§B§D§A§lt§x§5§E§D§9§E§1§ls §x§5§D§D§4§E§E§lK§x§5§C§D§1§F§5§le§x§5§C§C§F§F§C§ly to .BoredSwing20 for $40,000.
[21:43:37] > grit_zy buy x1 §x§5§C§C§F§F§C§lC§x§5§C§D§1§F§5§lo§x§5§D§D§4§E§E§ls§x§5§D§D§6§E§7§lm§x§5§E§D§9§E§1§le§x§5§E§D§B§D§A§lt§x§5§E§D§D§D§3§li§x§5§F§E§0§C§C§lc §x§5§F§E§0§C§C§lH§x§5§E§D§D§D§3§la§x§5§E§D§B§D§A§lt§x§5§E§D§9§E§1§ls §x§5§D§D§4§E§E§lK§x§5§C§D§1§F§5§le§x§5§C§C§F§F§C§ly to .BoredSwing20 for $40,000.
[21:43:43] > grit_zy remove x1 §x§5§C§C§F§F§C§lC§x§5§C§D§1§F§5§lo§x§5§D§D§4§E§E§ls§x§5§D§D§6§E§7§lm§x§5§E§D§9§E§1§le§x§5§E§D§B§D§A§lt§x§5§E§D§D§D§3§li§x§5§F§E§0§C§C§lc §x§5§F§E§0§C§C§lH§x§5§E§D§D§D§3§la§x§5§E§D§B§D§A§lt§x§5§E§D§9§E§1§ls §x§5§D§D§4§E§E§lK§x§5§C§D§1§F§5§le§x§5§C§C§F§F§C§ly form buy
[21:43:43] > grit_zy remove x1 §x§5§C§C§F§F§C§lC§x§5§C§D§1§F§5§lo§x§5§D§D§4§E§E§ls§x§5§D§D§6§E§7§lm§x§5§E§D§9§E§1§le§x§5§E§D§B§D§A§lt§x§5§E§D§D§D§3§li§x§5§F§E§0§C§C§lc §x§5§F§E§0§C§C§lH§x§5§E§D§D§D§3§la§x§5§E§D§B§D§A§lt§x§5§E§D§9§E§1§ls §x§5§D§D§4§E§E§lK§x§5§C§D§1§F§5§le§x§5§C§C§F§F§C§ly form buy
[21:43:43] > grit_zy remove x1 §x§5§C§C§F§F§C§lC§x§5§C§D§1§F§5§lo§x§5§D§D§4§E§E§ls§x§5§D§D§6§E§7§lm§x§5§E§D§9§E§1§le§x§5§E§D§B§D§A§lt§x§5§E§D§D§D§3§li§x§5§F§E§0§C§C§lc §x§5§F§E§0§C§C§lH§x§5§E§D§D§D§3§la§x§5§E§D§B§D§A§lt§x§5§E§D§9§E§1§ls §x§5§D§D§4§E§E§lK§x§5§C§D§1§F§5§le§x§5§C§C§F§F§C§ly form buy
[21:44:38] > koshie added x1 Elytra in auction for 550000.
[21:45:01] > .SharkyisHungry buy x1 Elytra to koshie for $550,000.
[21:49:05] > Fuwazi added x1 §f§l§x§F§A§0§0§0§AD§x§F§A§1§A§1§4a§x§F§B§3§4§1§Fr§x§F§B§4§E§2§9k§x§F§B§6§8§3§3f§x§F§B§8§2§3§Dl§x§F§C§9§C§4§8a§x§F§C§B§6§5§2m§x§F§C§D§0§5§Ce§x§F§C§D§0§5§C §x§F§C§B§6§5§2L§x§F§C§9§C§4§8e§x§F§B§8§2§3§Dg§x§F§B§6§8§3§3g§x§F§B§4§E§2§9i§x§F§B§3§4§1§Fn§x§F§A§1§A§1§4g§x§F§A§0§0§0§As in auction for 8000000.
[21:49:11] > .BoredSwing20 remove x1 §x§C§9§A§7§F§C§lL§x§B§D§A§E§F§6§le§x§B§1§B§4§F§0§lg§x§A§6§B§B§E§A§le§x§9§A§C§1§E§4§ln§x§8§E§C§8§D§D§ld§x§8§2§C§E§D§7§la§x§7§7§D§5§D§1§lr§x§6§B§D§B§C§B§ly §x§6§B§D§B§C§B§lC§x§7§7§D§5§D§1§lr§x§8§2§C§E§D§7§la§x§8§E§C§8§D§D§lt§x§9§A§C§1§E§4§le §x§B§1§B§4§F§0§lK§x§B§D§A§E§F§6§le§x§C§9§A§7§F§C§ly from storage
[21:49:23] > .BoredSwing20 added x1 §x§C§9§A§7§F§C§lL§x§B§D§A§E§F§6§le§x§B§1§B§4§F§0§lg§x§A§6§B§B§E§A§le§x§9§A§C§1§E§4§ln§x§8§E§C§8§D§D§ld§x§8§2§C§E§D§7§la§x§7§7§D§5§D§1§lr§x§6§B§D§B§C§B§ly §x§6§B§D§B§C§B§lC§x§7§7§D§5§D§1§lr§x§8§2§C§E§D§7§la§x§8§E§C§8§D§D§lt§x§9§A§C§1§E§4§le §x§B§1§B§4§F§0§lK§x§B§D§A§E§F§6§le§x§C§9§A§7§F§C§ly in auction for 40000.
[21:49:46] > .SharkyisHungry remove x1 Elytra from buy
[21:50:47] > Fuwazi added x1 §x§C§9§A§7§F§C§lL§x§B§D§A§E§F§6§le§x§B§1§B§4§F§0§lg§x§A§6§B§B§E§A§le§x§9§A§C§1§E§4§ln§x§8§E§C§8§D§D§ld§x§8§2§C§E§D§7§la§x§7§7§D§5§D§1§lr§x§6§B§D§B§C§B§ly §x§6§B§D§B§C§B§lC§x§7§7§D§5§D§1§lr§x§8§2§C§E§D§7§la§x§8§E§C§8§D§D§lt§x§9§A§C§1§E§4§le §x§B§1§B§4§F§0§lK§x§B§D§A§E§F§6§le§x§C§9§A§7§F§C§ly in auction for 10.
[21:50:51] > grit_zy buy x1 §x§C§9§A§7§F§C§lL§x§B§D§A§E§F§6§le§x§B§1§B§4§F§0§lg§x§A§6§B§B§E§A§le§x§9§A§C§1§E§4§ln§x§8§E§C§8§D§D§ld§x§8§2§C§E§D§7§la§x§7§7§D§5§D§1§lr§x§6§B§D§B§C§B§ly §x§6§B§D§B§C§B§lC§x§7§7§D§5§D§1§lr§x§8§2§C§E§D§7§la§x§8§E§C§8§D§D§lt§x§9§A§C§1§E§4§le §x§B§1§B§4§F§0§lK§x§B§D§A§E§F§6§le§x§C§9§A§7§F§C§ly to Fuwazi for $10.
[21:51:45] > Fuwazi added x1 FRIED CHICKEN WINGS OF KFC in auction for 10.
[21:52:01] > .SharkyisHungry buy x1 FRIED CHICKEN WINGS OF KFC to Fuwazi for $10.
[21:52:33] > .SharkyisHungry remove x1 FRIED CHICKEN WINGS OF KFC from buy
[21:53:55] > Fuwazi added x1 §eᴢᴏᴍʙɪᴇ sᴘᴀᴡɴᴇʀ in auction for 10.
[21:53:55] > giyahnpogi buy x32 §x§C§9§A§7§F§C§lL§x§B§D§A§E§F§6§le§x§B§1§B§4§F§0§lg§x§A§6§B§B§E§A§le§x§9§A§C§1§E§4§ln§x§8§E§C§8§D§D§ld§x§8§2§C§E§D§7§la§x§7§7§D§5§D§1§lr§x§6§B§D§B§C§B§ly §x§6§B§D§B§C§B§lC§x§7§7§D§5§D§1§lr§x§8§2§C§E§D§7§la§x§8§E§C§8§D§D§lt§x§9§A§C§1§E§4§le §x§B§1§B§4§F§0§lK§x§B§D§A§E§F§6§le§x§C§9§A§7§F§C§ly to .Kenku1001 for $450,000.
[21:53:59] > koshie buy x1 §eᴢᴏᴍʙɪᴇ sᴘᴀᴡɴᴇʀ to Fuwazi for $10.
[21:54:01] > giyahnpogi remove x32 §x§C§9§A§7§F§C§lL§x§B§D§A§E§F§6§le§x§B§1§B§4§F§0§lg§x§A§6§B§B§E§A§le§x§9§A§C§1§E§4§ln§x§8§E§C§8§D§D§ld§x§8§2§C§E§D§7§la§x§7§7§D§5§D§1§lr§x§6§B§D§B§C§B§ly §x§6§B§D§B§C§B§lC§x§7§7§D§5§D§1§lr§x§8§2§C§E§D§7§la§x§8§E§C§8§D§D§lt§x§9§A§C§1§E§4§le §x§B§1§B§4§F§0§lK§x§B§D§A§E§F§6§le§x§C§9§A§7§F§C§ly from buy
[21:54:18] > Fuwazi added x1 §esᴘɪᴅᴇʀ sᴘᴀᴡɴᴇʀ in auction for 10.
[21:54:21] > koshie buy x1 §esᴘɪᴅᴇʀ sᴘᴀᴡɴᴇʀ to Fuwazi for $10.
[21:55:02] > Fuwazi added x1 §eᴘɪɢ sᴘᴀᴡɴᴇʀ in auction for 10.
[21:55:05] > koshie buy x1 §eᴘɪɢ sᴘᴀᴡɴᴇʀ to Fuwazi for $10.
[21:55:21] > Fuwazi added x1 §eᴡɪᴛʜᴇʀ ꜱᴋᴇʟᴇᴛᴏɴ ꜱᴘᴀᴡɴᴇʀ in auction for 10.
[21:55:23] > koshie buy x1 §eᴡɪᴛʜᴇʀ ꜱᴋᴇʟᴇᴛᴏɴ ꜱᴘᴀᴡɴᴇʀ to Fuwazi for $10.
[21:55:53] > Fuwazi added x1 §eᴡᴀʀᴅᴇɴ ꜱᴘᴀᴡɴᴇʀ in auction for 10.
[21:55:55] > koshie buy x1 §eᴡᴀʀᴅᴇɴ ꜱᴘᴀᴡɴᴇʀ to Fuwazi for $10.
[21:56:11] > Fuwazi added x1 §esᴋᴇʟᴇᴛᴏɴ sᴘᴀᴡɴᴇʀ in auction for 10.
[21:56:14] > koshie buy x1 §esᴋᴇʟᴇᴛᴏɴ sᴘᴀᴡɴᴇʀ to Fuwazi for $10.
[21:56:20] > HPMR_GaMerz added x1 Rail in auction for 10.
[21:56:24] > Fuwazi added x1 §esᴋᴇʟᴇᴛᴏɴ sᴘᴀᴡɴᴇʀ in auction for 10.
[21:56:26] > koshie buy x1 §esᴋᴇʟᴇᴛᴏɴ sᴘᴀᴡɴᴇʀ to Fuwazi for $10.
[21:56:36] > Fuwazi added x1 §esᴋᴇʟᴇᴛᴏɴ sᴘᴀᴡɴᴇʀ in auction for 10.
[21:56:39] > koshie buy x1 §esᴋᴇʟᴇᴛᴏɴ sᴘᴀᴡɴᴇʀ to Fuwazi for $10.
[21:56:55] > Fuwazi added x1 §esᴋᴇʟᴇᴛᴏɴ sᴘᴀᴡɴᴇʀ in auction for 10.
[21:56:57] > koshie buy x1 §esᴋᴇʟᴇᴛᴏɴ sᴘᴀᴡɴᴇʀ to Fuwazi for $10.
[21:57:34] > Fuwazi added x1 §eᴡɪᴛᴄʜ ꜱᴘᴀᴡɴᴇʀ in auction for 10.
[21:57:35] > koshie buy x1 §eᴡɪᴛᴄʜ ꜱᴘᴀᴡɴᴇʀ to Fuwazi for $10.
[21:57:46] > Fuwazi added x1 §eᴡɪᴛᴄʜ ꜱᴘᴀᴡɴᴇʀ in auction for 10.
[21:57:47] > koshie buy x1 §eᴡɪᴛᴄʜ ꜱᴘᴀᴡɴᴇʀ to Fuwazi for $10.
[21:57:56] > Fuwazi added x1 §eɪʀᴏɴ ɢᴏʟᴇᴍ sᴘᴀᴡɴᴇʀ in auction for 10.
[21:57:58] > koshie buy x1 §eɪʀᴏɴ ɢᴏʟᴇᴍ sᴘᴀᴡɴᴇʀ to Fuwazi for $10.
[21:58:28] > Truk_Harbos remove x1 Potion form storage
[21:58:28] > Truk_Harbos remove x1 Potion form storage
[21:58:29] > Fuwazi added x1 §eɪʀᴏɴ ɢᴏʟᴇᴍ sᴘᴀᴡɴᴇʀ in auction for 10.
[21:58:30] > HPMR_GaMerz buy x1 §eɪʀᴏɴ ɢᴏʟᴇᴍ sᴘᴀᴡɴᴇʀ to Fuwazi for $10.
[21:58:39] > Fuwazi added x1 §eɪʀᴏɴ ɢᴏʟᴇᴍ sᴘᴀᴡɴᴇʀ in auction for 10.
[21:58:40] > Artdeh buy x1 §eɪʀᴏɴ ɢᴏʟᴇᴍ sᴘᴀᴡɴᴇʀ to Fuwazi for $10.
[21:58:50] > Fuwazi added x1 §eᴄʀᴇᴇᴘᴇʀ sᴘᴀᴡɴᴇʀ in auction for 10.
[21:58:52] > grit_zy buy x1 §eᴄʀᴇᴇᴘᴇʀ sᴘᴀᴡɴᴇʀ to Fuwazi for $10.
[21:59:02] > Fuwazi added x1 §eᴄʀᴇᴇᴘᴇʀ sᴘᴀᴡɴᴇʀ in auction for 10.
[21:59:04] > HPMR_GaMerz buy x1 §eᴄʀᴇᴇᴘᴇʀ sᴘᴀᴡɴᴇʀ to Fuwazi for $10.
[21:59:14] > Fuwazi added x1 §eᴄʀᴇᴇᴘᴇʀ sᴘᴀᴡɴᴇʀ in auction for 10.
[21:59:15] > grit_zy buy x1 §eᴄʀᴇᴇᴘᴇʀ sᴘᴀᴡɴᴇʀ to Fuwazi for $10.
[21:59:31] > SoulessBaron buy x1 §x§C§9§A§7§F§C§lL§x§B§D§A§E§F§6§le§x§B§1§B§4§F§0§lg§x§A§6§B§B§E§A§le§x§9§A§C§1§E§4§ln§x§8§E§C§8§D§D§ld§x§8§2§C§E§D§7§la§x§7§7§D§5§D§1§lr§x§6§B§D§B§C§B§ly §x§6§B§D§B§C§B§lC§x§7§7§D§5§D§1§lr§x§8§2§C§E§D§7§la§x§8§E§C§8§D§D§lt§x§9§A§C§1§E§4§le §x§B§1§B§4§F§0§lK§x§B§D§A§E§F§6§le§x§C§9§A§7§F§C§ly to .BoredSwing20 for $40,000.
[21:59:47] > Fuwazi added x29 §x§F§C§D§0§5§C§lB§x§E§6§D§3§6§B§la§x§C§F§D§5§7§A§ls§x§B§9§D§8§8§9§li§x§A§2§D§A§9§8§lc §x§7§5§D§F§B§6§lC§x§5§F§E§2§C§5§lr§x§7§5§D§F§B§6§la§x§8§C§D§D§A§7§lt§x§A§2§D§A§9§8§le §x§C§F§D§5§7§A§lK§x§E§6§D§3§6§B§le§x§F§C§D§0§5§C§ly in auction for 10.
[21:59:52] > Cooldoggiexd buy x29 §x§F§C§D§0§5§C§lB§x§E§6§D§3§6§B§la§x§C§F§D§5§7§A§ls§x§B§9§D§8§8§9§li§x§A§2§D§A§9§8§lc §x§7§5§D§F§B§6§lC§x§5§F§E§2§C§5§lr§x§7§5§D§F§B§6§la§x§8§C§D§D§A§7§lt§x§A§2§D§A§9§8§le §x§C§F§D§5§7§A§lK§x§E§6§D§3§6§B§le§x§F§C§D§0§5§C§ly to Fuwazi for $10.
[21:59:57] > Fuwazi added x30 §x§F§C§9§0§5§C§lE§x§E§6§9§C§6§B§lp§x§C§F§A§7§7§A§li§x§B§9§B§3§8§9§lc §x§8§C§C§B§A§7§lC§x§7§5§D§6§B§6§lr§x§5§F§E§2§C§5§la§x§7§9§D§4§B§4§lt§x§9§3§C§7§A§2§le §x§C§8§A§B§7§F§lK§x§E§2§9§E§6§E§le§x§F§C§9§0§5§C§ly in auction for 10.
[21:59:59] > HPMR_GaMerz buy x30 §x§F§C§9§0§5§C§lE§x§E§6§9§C§6§B§lp§x§C§F§A§7§7§A§li§x§B§9§B§3§8§9§lc §x§8§C§C§B§A§7§lC§x§7§5§D§6§B§6§lr§x§5§F§E§2§C§5§la§x§7§9§D§4§B§4§lt§x§9§3§C§7§A§2§le §x§C§8§A§B§7§F§lK§x§E§2§9§E§6§E§le§x§F§C§9§0§5§C§ly to Fuwazi for $10.
[22:00:09] > Fuwazi added x26 §x§C§9§A§7§F§C§lL§x§B§D§A§E§F§6§le§x§B§1§B§4§F§0§lg§x§A§6§B§B§E§A§le§x§9§A§C§1§E§4§ln§x§8§E§C§8§D§D§ld§x§8§2§C§E§D§7§la§x§7§7§D§5§D§1§lr§x§6§B§D§B§C§B§ly §x§6§B§D§B§C§B§lC§x§7§7§D§5§D§1§lr§x§8§2§C§E§D§7§la§x§8§E§C§8§D§D§lt§x§9§A§C§1§E§4§le §x§B§1§B§4§F§0§lK§x§B§D§A§E§F§6§le§x§C§9§A§7§F§C§ly in auction for 10.
[22:00:13] > .SharkyisHungry buy x26 §x§C§9§A§7§F§C§lL§x§B§D§A§E§F§6§le§x§B§1§B§4§F§0§lg§x§A§6§B§B§E§A§le§x§9§A§C§1§E§4§ln§x§8§E§C§8§D§D§ld§x§8§2§C§E§D§7§la§x§7§7§D§5§D§1§lr§x§6§B§D§B§C§B§ly §x§6§B§D§B§C§B§lC§x§7§7§D§5§D§1§lr§x§8§2§C§E§D§7§la§x§8§E§C§8§D§D§lt§x§9§A§C§1§E§4§le §x§B§1§B§4§F§0§lK§x§B§D§A§E§F§6§le§x§C§9§A§7§F§C§ly to Fuwazi for $10.
[22:00:19] > Fuwazi added x2 §x§9§8§6§3§E§7§lG§x§9§0§7§5§E§2§lo§x§8§8§8§7§D§D§ld§x§8§0§9§9§D§8§ll§x§7§7§A§C§D§4§ly §x§6§7§D§0§C§A§lC§x§5§F§E§2§C§5§lr§x§6§7§D§0§C§A§la§x§6§F§B§E§C§F§lt§x§7§7§A§C§D§4§le §x§8§8§8§7§D§D§lK§x§9§0§7§5§E§2§le§x§9§8§6§3§E§7§ly in auction for 10.
[22:00:21] > HPMR_GaMerz buy x2 §x§9§8§6§3§E§7§lG§x§9§0§7§5§E§2§lo§x§8§8§8§7§D§D§ld§x§8§0§9§9§D§8§ll§x§7§7§A§C§D§4§ly §x§6§7§D§0§C§A§lC§x§5§F§E§2§C§5§lr§x§6§7§D§0§C§A§la§x§6§F§B§E§C§F§lt§x§7§7§A§C§D§4§le §x§8§8§8§7§D§D§lK§x§9§0§7§5§E§2§le§x§9§8§6§3§E§7§ly to Fuwazi for $10.
[22:01:05] > Fuwazi added x1 §f§l§x§F§C§D§0§5§CW§x§F§B§A§D§4§Du§x§F§9§8§B§3§Dk§x§F§8§6§8§2§Eo§x§F§6§4§5§1§Fn§x§F§5§2§3§0§Fg§x§F§3§0§0§0§0 §x§F§5§2§3§0§FS§x§F§6§4§5§1§Fh§x§F§8§6§8§2§Eo§x§F§9§8§B§3§Dv§x§F§B§A§D§4§De§x§F§C§D§0§5§Cl in auction for 10.
[22:01:07] > HPMR_GaMerz buy x1 §f§l§x§F§C§D§0§5§CW§x§F§B§A§D§4§Du§x§F§9§8§B§3§Dk§x§F§8§6§8§2§Eo§x§F§6§4§5§1§Fn§x§F§5§2§3§0§Fg§x§F§3§0§0§0§0 §x§F§5§2§3§0§FS§x§F§6§4§5§1§Fh§x§F§8§6§8§2§Eo§x§F§9§8§B§3§Dv§x§F§B§A§D§4§De§x§F§C§D§0§5§Cl to Fuwazi for $10.
[22:01:16] > Fuwazi added x1 §x§F§F§3§E§0§0§lD§x§F§F§3§6§0§0§le§x§F§F§2§F§0§0§lm§x§F§F§2§7§0§0§lo§x§F§F§1§F§0§0§ln §x§F§F§1§0§0§0§lL§x§F§F§0§8§0§0§lo§x§F§F§0§0§0§0§lr§x§F§F§0§8§0§0§ld §x§F§F§1§7§0§0§lS§x§F§F§1§F§0§0§li§x§F§F§2§7§0§0§lc§x§F§F§2§F§0§0§lk§x§F§F§3§6§0§0§ll§x§F§F§3§E§0§0§le in auction for 10.
[22:01:18] > HPMR_GaMerz buy x1 §x§F§F§3§E§0§0§lD§x§F§F§3§6§0§0§le§x§F§F§2§F§0§0§lm§x§F§F§2§7§0§0§lo§x§F§F§1§F§0§0§ln §x§F§F§1§0§0§0§lL§x§F§F§0§8§0§0§lo§x§F§F§0§0§0§0§lr§x§F§F§0§8§0§0§ld §x§F§F§1§7§0§0§lS§x§F§F§1§F§0§0§li§x§F§F§2§7§0§0§lc§x§F§F§2§F§0§0§lk§x§F§F§3§6§0§0§ll§x§F§F§3§E§0§0§le to Fuwazi for $10.
[22:01:48] > Fuwazi added x1 §x§F§F§7§C§0§0§lSteamsparks Staff in auction for 10.
[22:01:50] > HPMR_GaMerz buy x1 §x§F§F§7§C§0§0§lSteamsparks Staff to Fuwazi for $10.
[22:01:58] > Fuwazi added x1 §x§F§0§7§A§5§4§lZombie Apocalyptic Halberd in auction for 10.
[22:02:00] > HPMR_GaMerz buy x1 §x§F§0§7§A§5§4§lZombie Apocalyptic Halberd to Fuwazi for $10.
[22:02:09] > Fuwazi added x1 §x§F§F§7§C§0§0§lSteamsparks Halberd in auction for 10.
[22:02:11] > HPMR_GaMerz buy x1 §x§F§F§7§C§0§0§lSteamsparks Halberd to Fuwazi for $10.
[22:03:30] > Fuwazi added x1 §f§l§x§F§C§D§0§5§CW§x§F§B§B§0§4§Eu§x§F§9§9§0§4§0k§x§F§8§7§0§3§2o§x§F§6§5§0§2§3n§x§F§5§3§0§1§5g§x§F§4§1§0§0§7 H§x§F§5§3§0§1§5a§x§F§6§5§0§2§3l§x§F§8§7§0§3§2b§x§F§9§9§0§4§0e§x§F§B§B§0§4§Er§x§F§C§D§0§5§Cd in auction for 10.
[22:03:33] > Cooldoggiexd buy x1 §f§l§x§F§C§D§0§5§CW§x§F§B§B§0§4§Eu§x§F§9§9§0§4§0k§x§F§8§7§0§3§2o§x§F§6§5§0§2§3n§x§F§5§3§0§1§5g§x§F§4§1§0§0§7 H§x§F§5§3§0§1§5a§x§F§6§5§0§2§3l§x§F§8§7§0§3§2b§x§F§9§9§0§4§0e§x§F§B§B§0§4§Er§x§F§C§D§0§5§Cd to Fuwazi for $10.
[22:03:41] > Fuwazi added x1 §x§F§F§3§E§0§0§lD§x§F§F§3§6§0§0§le§x§F§F§2§F§0§0§lm§x§F§F§2§7§0§0§lo§x§F§F§1§F§0§0§ln §x§F§F§1§0§0§0§lL§x§F§F§0§8§0§0§lo§x§F§F§0§0§0§0§lr§x§F§F§0§8§0§0§ld §x§F§F§1§7§0§0§lH§x§F§F§1§F§0§0§le§x§F§F§2§7§0§0§ll§x§F§F§2§F§0§0§lm§x§F§F§3§6§0§0§le§x§F§F§3§E§0§0§lt in auction for 10.
[22:03:43] > HPMR_GaMerz buy x1 §x§F§F§3§E§0§0§lD§x§F§F§3§6§0§0§le§x§F§F§2§F§0§0§lm§x§F§F§2§7§0§0§lo§x§F§F§1§F§0§0§ln §x§F§F§1§0§0§0§lL§x§F§F§0§8§0§0§lo§x§F§F§0§0§0§0§lr§x§F§F§0§8§0§0§ld §x§F§F§1§7§0§0§lH§x§F§F§1§F§0§0§le§x§F§F§2§7§0§0§ll§x§F§F§2§F§0§0§lm§x§F§F§3§6§0§0§le§x§F§F§3§E§0§0§lt to Fuwazi for $10.
[22:04:32] > .SharkyisHungry remove x26 §x§C§9§A§7§F§C§lL§x§B§D§A§E§F§6§le§x§B§1§B§4§F§0§lg§x§A§6§B§B§E§A§le§x§9§A§C§1§E§4§ln§x§8§E§C§8§D§D§ld§x§8§2§C§E§D§7§la§x§7§7§D§5§D§1§lr§x§6§B§D§B§C§B§ly §x§6§B§D§B§C§B§lC§x§7§7§D§5§D§1§lr§x§8§2§C§E§D§7§la§x§8§E§C§8§D§D§lt§x§9§A§C§1§E§4§le §x§B§1§B§4§F§0§lK§x§B§D§A§E§F§6§le§x§C§9§A§7§F§C§ly from buy
[22:05:10] > x1 §x§F§F§3§E§0§0§lD§x§F§F§3§6§0§0§le§x§F§F§2§F§0§0§lm§x§F§F§2§7§0§0§lo§x§F§F§1§F§0§0§ln §x§F§F§1§0§0§0§lL§x§F§F§0§8§0§0§lo§x§F§F§0§0§0§0§lr§x§F§F§0§8§0§0§ld §x§F§F§1§7§0§0§lS§x§F§F§1§F§0§0§lh§x§F§F§2§7§0§0§li§x§F§F§2§F§0§0§le§x§F§F§3§6§0§0§ll§x§F§F§3§E§0§0§ld on sale by Cristianndi has just expired, it goes in the inventory of expired items.
[22:06:19] > Fuwazi added x1 §x§6§0§0§0§F§F§lɢᴏᴅʟʏ ɪᴛᴇᴍ in auction for 10.
[22:06:21] > HPMR_GaMerz buy x1 §x§6§0§0§0§F§F§lɢᴏᴅʟʏ ɪᴛᴇᴍ to Fuwazi for $10.
[22:07:17] > khenjieMC added x1 §x§F§F§5§5§0§0§lsᴇʟʟᴡᴀɴᴅ §6- 5.0x in auction for 200000.
[22:07:20] > koshie buy x1 §x§F§F§5§5§0§0§lsᴇʟʟᴡᴀɴᴅ §6- 5.0x to khenjieMC for $200,000.
[22:07:24] > Fuwazi remove x1 §f§l§x§F§A§0§0§0§AD§x§F§A§1§A§1§4a§x§F§B§3§4§1§Fr§x§F§B§4§E§2§9k§x§F§B§6§8§3§3f§x§F§B§8§2§3§Dl§x§F§C§9§C§4§8a§x§F§C§B§6§5§2m§x§F§C§D§0§5§Ce§x§F§C§D§0§5§C §x§F§C§B§6§5§2L§x§F§C§9§C§4§8e§x§F§B§8§2§3§Dg§x§F§B§6§8§3§3g§x§F§B§4§E§2§9i§x§F§B§3§4§1§Fn§x§F§A§1§A§1§4g§x§F§A§0§0§0§As from storage
[22:07:35] > Unforce01 added x1 §eʙʟᴀᴢᴇ sᴘᴀᴡɴᴇʀ in auction for 400000.
[22:07:36] > Fuwazi remove x1 §f§l§x§F§A§0§0§0§AD§x§F§A§1§A§1§4a§x§F§B§3§4§1§Fr§x§F§B§4§E§2§9k§x§F§B§6§8§3§3f§x§F§B§8§2§3§Dl§x§F§C§9§C§4§8a§x§F§C§B§6§5§2m§x§F§C§D§0§5§Ce§x§F§C§D§0§5§C §x§F§C§B§6§5§2L§x§F§C§9§C§4§8e§x§F§B§8§2§3§Dg§x§F§B§6§8§3§3g§x§F§B§4§E§2§9i§x§F§B§3§4§1§Fn§x§F§A§1§A§1§4g§x§F§A§0§0§0§As from expire
[22:07:37] > HPMR_GaMerz buy x1 §eʙʟᴀᴢᴇ sᴘᴀᴡɴᴇʀ to Unforce01 for $400,000.
[22:07:43] > Fuwazi added x1 §f§l§x§F§A§0§0§0§AD§x§F§A§1§A§1§4a§x§F§B§3§4§1§Fr§x§F§B§4§E§2§9k§x§F§B§6§8§3§3f§x§F§B§8§2§3§Dl§x§F§C§9§C§4§8a§x§F§C§B§6§5§2m§x§F§C§D§0§5§Ce§x§F§C§D§0§5§C §x§F§C§B§6§5§2L§x§F§C§9§C§4§8e§x§F§B§8§2§3§Dg§x§F§B§6§8§3§3g§x§F§B§4§E§2§9i§x§F§B§3§4§1§Fn§x§F§A§1§A§1§4g§x§F§A§0§0§0§As in auction for 10.
[22:07:45] > HPMR_GaMerz buy x1 §f§l§x§F§A§0§0§0§AD§x§F§A§1§A§1§4a§x§F§B§3§4§1§Fr§x§F§B§4§E§2§9k§x§F§B§6§8§3§3f§x§F§B§8§2§3§Dl§x§F§C§9§C§4§8a§x§F§C§B§6§5§2m§x§F§C§D§0§5§Ce§x§F§C§D§0§5§C §x§F§C§B§6§5§2L§x§F§C§9§C§4§8e§x§F§B§8§2§3§Dg§x§F§B§6§8§3§3g§x§F§B§4§E§2§9i§x§F§B§3§4§1§Fn§x§F§A§1§A§1§4g§x§F§A§0§0§0§As to Fuwazi for $10.
[22:08:20] > Fuwazi added x1 Totem of undying in auction for 10.
[22:08:22] > HPMR_GaMerz buy x1 Totem of undying to Fuwazi for $10.
[22:08:33] > Fuwazi added x1 Totem of Appreciation in auction for 10.
[22:08:35] > HPMR_GaMerz buy x1 Totem of Appreciation to Fuwazi for $10.
[22:08:45] > Fuwazi added x1 Totem of undying in auction for 10.
[22:08:48] > HPMR_GaMerz buy x1 Totem of undying to Fuwazi for $10.
[22:09:02] > khenjieMC added x1 §x§F§F§7§C§0§0§lSteamsparks Pickaxe in auction for 200000.
[22:09:20] > Fuwazi added x1 §x§C§9§A§7§F§C§lL§x§B§D§A§E§F§6§le§x§B§1§B§4§F§0§lg§x§A§6§B§B§E§A§le§x§9§A§C§1§E§4§ln§x§8§E§C§8§D§D§ld§x§8§2§C§E§D§7§la§x§7§7§D§5§D§1§lr§x§6§B§D§B§C§B§ly §x§6§B§D§B§C§B§lC§x§7§7§D§5§D§1§lr§x§8§2§C§E§D§7§la§x§8§E§C§8§D§D§lt§x§9§A§C§1§E§4§le §x§B§1§B§4§F§0§lK§x§B§D§A§E§F§6§le§x§C§9§A§7§F§C§ly in auction for 10.
[22:09:22] > KnownasTravis buy x1 §x§C§9§A§7§F§C§lL§x§B§D§A§E§F§6§le§x§B§1§B§4§F§0§lg§x§A§6§B§B§E§A§le§x§9§A§C§1§E§4§ln§x§8§E§C§8§D§D§ld§x§8§2§C§E§D§7§la§x§7§7§D§5§D§1§lr§x§6§B§D§B§C§B§ly §x§6§B§D§B§C§B§lC§x§7§7§D§5§D§1§lr§x§8§2§C§E§D§7§la§x§8§E§C§8§D§D§lt§x§9§A§C§1§E§4§le §x§B§1§B§4§F§0§lK§x§B§D§A§E§F§6§le§x§C§9§A§7§F§C§ly to Fuwazi for $10.
[22:09:28] > SoulessBaron buy x1 §x§5§C§C§F§F§C§lC§x§5§C§D§1§F§5§lo§x§5§D§D§4§E§E§ls§x§5§D§D§6§E§7§lm§x§5§E§D§9§E§1§le§x§5§E§D§B§D§A§lt§x§5§E§D§D§D§3§li§x§5§F§E§0§C§C§lc §x§5§F§E§0§C§C§lH§x§5§E§D§D§D§3§la§x§5§E§D§B§D§A§lt§x§5§E§D§9§E§1§ls §x§5§D§D§4§E§E§lK§x§5§C§D§1§F§5§le§x§5§C§C§F§F§C§ly to tyrunknown for $250,000.
[22:09:33] > Fuwazi added x1 §x§F§C§9§0§5§C§lE§x§E§6§9§C§6§B§lp§x§C§F§A§7§7§A§li§x§B§9§B§3§8§9§lc §x§8§C§C§B§A§7§lC§x§7§5§D§6§B§6§lr§x§5§F§E§2§C§5§la§x§7§9§D§4§B§4§lt§x§9§3§C§7§A§2§le §x§C§8§A§B§7§F§lK§x§E§2§9§E§6§E§le§x§F§C§9§0§5§C§ly in auction for 10.
[22:09:35] > grit_zy buy x1 §x§F§C§9§0§5§C§lE§x§E§6§9§C§6§B§lp§x§C§F§A§7§7§A§li§x§B§9§B§3§8§9§lc §x§8§C§C§B§A§7§lC§x§7§5§D§6§B§6§lr§x§5§F§E§2§C§5§la§x§7§9§D§4§B§4§lt§x§9§3§C§7§A§2§le §x§C§8§A§B§7§F§lK§x§E§2§9§E§6§E§le§x§F§C§9§0§5§C§ly to Fuwazi for $10.
[22:09:44] > Fuwazi added x1 §x§6§0§0§0§F§F§lɢᴏᴅʟʏ ɪᴛᴇᴍ in auction for 10.
[22:09:46] > HPMR_GaMerz buy x1 §x§6§0§0§0§F§F§lɢᴏᴅʟʏ ɪᴛᴇᴍ to Fuwazi for $10.
[22:09:57] > SoulessBaron remove x1 §x§5§C§C§F§F§C§lC§x§5§C§D§1§F§5§lo§x§5§D§D§4§E§E§ls§x§5§D§D§6§E§7§lm§x§5§E§D§9§E§1§le§x§5§E§D§B§D§A§lt§x§5§E§D§D§D§3§li§x§5§F§E§0§C§C§lc §x§5§F§E§0§C§C§lH§x§5§E§D§D§D§3§la§x§5§E§D§B§D§A§lt§x§5§E§D§9§E§1§ls §x§5§D§D§4§E§E§lK§x§5§C§D§1§F§5§le§x§5§C§C§F§F§C§ly from buy
[22:09:58] > SoulessBaron remove x1 §x§C§9§A§7§F§C§lL§x§B§D§A§E§F§6§le§x§B§1§B§4§F§0§lg§x§A§6§B§B§E§A§le§x§9§A§C§1§E§4§ln§x§8§E§C§8§D§D§ld§x§8§2§C§E§D§7§la§x§7§7§D§5§D§1§lr§x§6§B§D§B§C§B§ly §x§6§B§D§B§C§B§lC§x§7§7§D§5§D§1§lr§x§8§2§C§E§D§7§la§x§8§E§C§8§D§D§lt§x§9§A§C§1§E§4§le §x§B§1§B§4§F§0§lK§x§B§D§A§E§F§6§le§x§C§9§A§7§F§C§ly from buy
[22:09:58] > Fuwazi added x1 Heart of the sea in auction for 10.
[22:10:00] > ELITEAtlas added x1 Elytra in auction for 10.
[22:10:01] > king_ARK buy x1 Heart of the sea to Fuwazi for $10.
[22:10:19] > Fuwazi added x1 §fShogun Staff in auction for 10.
[22:10:21] > HPMR_GaMerz buy x1 §fShogun Staff to Fuwazi for $10.
[22:11:06] > Fuwazi added x5 Diamond in auction for 10.
[22:11:08] > HPMR_GaMerz buy x5 Diamond to Fuwazi for $10.
[22:11:32] > Fuwazi added x15 Netherite ingot in auction for 10.
[22:11:35] > HPMR_GaMerz buy x15 Netherite ingot to Fuwazi for $10.
[22:11:45] > Fuwazi added x64 Shulker shell in auction for 10.
[22:11:47] > HPMR_GaMerz buy x64 Shulker shell to Fuwazi for $10.
[22:12:03] > Fuwazi added x14 Turtle egg in auction for 10.
[22:12:05] > king_ARK buy x14 Turtle egg to Fuwazi for $10.
[22:12:11] > .SharkyisHungry added x1 §f§l§x§F§C§D§0§5§CW§x§F§A§A§A§4§Bu§x§F§9§8§4§3§Bk§x§F§7§5§F§2§Ao§x§F§5§3§9§1§9n§x§F§4§1§3§0§8g §x§F§5§3§9§1§9S§x§F§7§5§F§2§At§x§F§9§8§4§3§Ba§x§F§A§A§A§4§Bf§x§F§C§D§0§5§Cf in auction for 200000.
[22:12:16] > Fuwazi added x64 Diamond in auction for 10.
[22:12:18] > king_ARK buy x64 Diamond to Fuwazi for $10.
[22:12:25] > .SharkyisHungry added x1 §f§l§x§F§C§D§0§5§CW§x§F§B§C§1§5§5u§x§F§B§B§2§4§Fk§x§F§A§A§3§4§8o§x§F§9§9§5§4§2n§x§F§9§8§6§3§Bg§x§F§8§7§7§3§5 §x§F§8§6§8§2§EL§x§F§7§5§9§2§7e§x§F§6§4§A§2§1g§x§F§6§3§B§1§Ag§x§F§5§2§D§1§4i§x§F§4§1§E§0§Dn§x§F§4§0§F§0§7g§x§F§3§0§0§0§0s in auction for 100000.
[22:12:51] > Fuwazi added x1 Silence armor trim smithing template in auction for 10.
[22:12:54] > king_ARK buy x1 Silence armor trim smithing template to Fuwazi for $10.
[22:13:00] > .SharkyisHungry remove x1 §fBumble Bee Hat from storage
[22:13:07] > Fuwazi added x1 §x§F§E§B§E§C§A§lSeason 3 Celebration Cake <3 in auction for 10.
[22:13:10] > king_ARK buy x1 §x§F§E§B§E§C§A§lSeason 3 Celebration Cake <3 to Fuwazi for $10.
[22:13:11] > .BoredSwing20 added x1 §x§C§9§A§7§F§C§lL§x§B§D§A§E§F§6§le§x§B§1§B§4§F§0§lg§x§A§6§B§B§E§A§le§x§9§A§C§1§E§4§ln§x§8§E§C§8§D§D§ld§x§8§2§C§E§D§7§la§x§7§7§D§5§D§1§lr§x§6§B§D§B§C§B§ly §x§6§B§D§B§C§B§lC§x§7§7§D§5§D§1§lr§x§8§2§C§E§D§7§la§x§8§E§C§8§D§D§lt§x§9§A§C§1§E§4§le §x§B§1§B§4§F§0§lK§x§B§D§A§E§F§6§le§x§C§9§A§7§F§C§ly in auction for 35000.
[22:13:15] > Unforce01 buy x1 §x§C§9§A§7§F§C§lL§x§B§D§A§E§F§6§le§x§B§1§B§4§F§0§lg§x§A§6§B§B§E§A§le§x§9§A§C§1§E§4§ln§x§8§E§C§8§D§D§ld§x§8§2§C§E§D§7§la§x§7§7§D§5§D§1§lr§x§6§B§D§B§C§B§ly §x§6§B§D§B§C§B§lC§x§7§7§D§5§D§1§lr§x§8§2§C§E§D§7§la§x§8§E§C§8§D§D§lt§x§9§A§C§1§E§4§le §x§B§1§B§4§F§0§lK§x§B§D§A§E§F§6§le§x§C§9§A§7§F§C§ly to .BoredSwing20 for $35,000.
[22:13:17] > .SharkyisHungry added x1 Elytra in auction for 750000.
[22:13:55] > Fuwazi added x1 Conduit in auction for 10.
[22:13:58] > king_ARK buy x1 Conduit to Fuwazi for $10.
[22:14:05] > .BoredSwing20 buy x1 Elytra to .Kenku1001 for $650,000.
[22:14:17] > .BoredSwing20 remove x1 Elytra from buy
[22:14:34] > Fuwazi added x64 Emerald in auction for 10.
[22:14:37] > king_ARK buy x64 Emerald to Fuwazi for $10.
[22:14:55] > MrGh0st1y added x1 §eʙʟᴀᴢᴇ sᴘᴀᴡɴᴇʀ in auction for 250000.
[22:14:57] > Fuwazi added x20 Beacon in auction for 10.
[22:14:57] > HPMR_GaMerz buy x1 §eʙʟᴀᴢᴇ sᴘᴀᴡɴᴇʀ to MrGh0st1y for $250,000.
[22:14:59] > Quibz buy x20 Beacon to Fuwazi for $10.
[22:15:12] > Fuwazi added x2 Coast armor trim smithing template in auction for 10.
[22:15:13] > KnownasTravis buy x2 Coast armor trim smithing template to Fuwazi for $10.
[22:15:31] > MrGh0st1y added x1 §eʙʟᴀᴢᴇ sᴘᴀᴡɴᴇʀ in auction for 250000.
[22:15:44] > HPMR_GaMerz buy x1 §eʙʟᴀᴢᴇ sᴘᴀᴡɴᴇʀ to MrGh0st1y for $250,000.
[22:16:15] > Fuwazi added x4 Flow armor trim smithing template in auction for 10.
[22:16:17] > HPMR_GaMerz buy x4 Flow armor trim smithing template to Fuwazi for $10.
[22:16:27] > Fuwazi added x10 Netherite upgrade smithing template in auction for 10.
[22:16:28] > KnownasTravis buy x10 Netherite upgrade smithing template to Fuwazi for $10.
[22:16:40] > Fuwazi added x17 Shulker shell in auction for 10.
[22:16:41] > KnownasTravis buy x17 Shulker shell to Fuwazi for $10.
[22:16:54] > Fuwazi added x35 Nether star in auction for 10.
[22:16:56] > KnownasTravis buy x35 Nether star to Fuwazi for $10.
[22:17:06] > Fuwazi added x1 Heart of the sea in auction for 10.
[22:17:07] > KnownasTravis buy x1 Heart of the sea to Fuwazi for $10.
[22:17:16] > Fuwazi added x1 Netherite block in auction for 10.
[22:17:18] > KnownasTravis buy x1 Netherite block to Fuwazi for $10.
[22:18:03] > Fuwazi added x16 Emerald block in auction for 10.
[22:18:05] > KnownasTravis buy x16 Emerald block to Fuwazi for $10.
[22:18:41] > Fuwazi added x3 §9§lCrab Claw in auction for 10.
[22:18:44] > KnownasTravis buy x3 §9§lCrab Claw to Fuwazi for $10.
[22:18:52] > Fuwazi added x32 Netherite scrap in auction for 10.
[22:18:53] > HPMR_GaMerz buy x32 Netherite scrap to Fuwazi for $10.
[22:18:56] > PrezXie added x26 Glowstone dust in auction for 200000.
[22:19:08] > Fuwazi added x1 Enchanted book in auction for 10.
[22:19:12] > king_ARK buy x1 Enchanted book to Fuwazi for $10.
[22:19:36] > Fuwazi added x48 Gold block in auction for 10.
[22:19:37] > PrezXie remove x26 Glowstone dust from storage
[22:19:38] > KnownasTravis buy x48 Gold block to Fuwazi for $10.
[22:19:52] > PrezXie remove x26 Glowstone dust from expire
[22:20:19] > PrezXie remove x1 §x§F§0§7§A§5§4§lZombie Apocalyptic Pistol from expire
[22:20:26] > PrezXie added x1 §x§F§0§7§A§5§4§lZombie Apocalyptic Pistol in auction for 200000.
[22:20:46] > HPMR_GaMerz remove x1 Rail from storage
[22:21:21] > Fuwazi added x1 §fHalo in auction for 10.
[22:21:23] > KnownasTravis buy x1 §fHalo to Fuwazi for $10.
[22:21:33] > Fuwazi added x1 Axolotl bucket in auction for 10.
[22:21:35] > KnownasTravis buy x1 Axolotl bucket to Fuwazi for $10.
[22:22:20] > Fuwazi added x1 §x§5§9§A§1§D§9§lA§x§7§1§A§E§D§Er§x§8§8§B§C§E§4c§x§A§0§C§9§E§9h§x§B§8§D§7§E§Fa§x§D§0§E§4§F§4n§x§E§7§F§2§F§Ag§fe§x§E§7§F§2§F§Al §x§B§8§D§7§E§FS§x§A§0§C§9§E§9t§x§8§8§B§C§E§4a§x§7§1§A§E§D§Ef§x§5§9§A§1§D§9f in auction for 10.
[22:22:22] > KnownasTravis buy x1 §x§5§9§A§1§D§9§lA§x§7§1§A§E§D§Er§x§8§8§B§C§E§4c§x§A§0§C§9§E§9h§x§B§8§D§7§E§Fa§x§D§0§E§4§F§4n§x§E§7§F§2§F§Ag§fe§x§E§7§F§2§F§Al §x§B§8§D§7§E§FS§x§A§0§C§9§E§9t§x§8§8§B§C§E§4a§x§7§1§A§E§D§Ef§x§5§9§A§1§D§9f to Fuwazi for $10.
[22:22:33] > khenjieMC buy x1 §x§F§0§7§A§5§4§lZombie Apocalyptic Pistol to PrezXie for $200,000.
[22:22:41] > KEITHTHEPRO remove x1 §2Franck form storage
[22:22:41] > KEITHTHEPRO remove x1 §fPanda Hat form storage
[22:22:41] > KEITHTHEPRO remove x1 §fAdventure Hat form storage
[22:22:41] > KEITHTHEPRO remove x1 §fFarmer Hat form storage
[22:22:42] > Fuwazi added x1 Enchanted book in auction for 10.
[22:22:42] > khenjieMC remove x1 §x§F§0§7§A§5§4§lZombie Apocalyptic Pistol from buy
[22:22:44] > KnownasTravis buy x1 Enchanted book to Fuwazi for $10.
[22:23:02] > Fuwazi added x1 §x§6§0§0§0§F§F§lɢᴏᴅʟʏ ɪᴛᴇᴍ in auction for 10.
[22:23:04] > KnownasTravis buy x1 §x§6§0§0§0§F§F§lɢᴏᴅʟʏ ɪᴛᴇᴍ to Fuwazi for $10.
[22:23:13] > Fuwazi added x1 §x§6§0§0§0§F§F§lɢᴏᴅʟʏ ɪᴛᴇᴍ in auction for 10.
[22:23:15] > KnownasTravis buy x1 §x§6§0§0§0§F§F§lɢᴏᴅʟʏ ɪᴛᴇᴍ to Fuwazi for $10.
[22:23:29] > Fuwazi added x1 Enchanted book in auction for 10.
[22:23:31] > KnownasTravis buy x1 Enchanted book to Fuwazi for $10.
[22:23:39] > KEITHTHEPRO added x1 §fFarmer Hat in auction for 100000.
[22:23:46] > khenjieMC added x1 §x§F§F§5§5§0§0§lsᴇʟʟᴡᴀɴᴅ §6- 5.0x in auction for 350000.
[22:23:48] > KnownasTravis buy x1 §x§F§F§5§5§0§0§lsᴇʟʟᴡᴀɴᴅ §6- 5.0x to khenjieMC for $350,000.
[22:23:55] > KEITHTHEPRO added x1 §2Franck in auction for 100000.
[22:24:05] > KEITHTHEPRO added x1 §fAdventure Hat in auction for 100000.
[22:24:23] > KEITHTHEPRO added x1 §fPanda Hat in auction for 100000.
[22:27:44] > Fuwazi added x1 Enchanted book in auction for 10.
[22:27:47] > HPMR_GaMerz buy x1 Enchanted book to Fuwazi for $10.
[22:27:54] > Fuwazi added x1 Enchanted book in auction for 10.
[22:27:56] > KnownasTravis buy x1 Enchanted book to Fuwazi for $10.
[22:28:32] > KEITHTHEPRO added x1 §6§lBass in auction for 100.
[22:31:38] > Fuwazi added x1 §x§F§F§7§C§0§0§lSteamsparks Wings in auction for 10.
[22:31:41] > king_ARK buy x1 §x§F§F§7§C§0§0§lSteamsparks Wings to Fuwazi for $10.
[22:32:54] > KnownasTravis remove x1 Enchanted book from buy
[22:32:54] > KnownasTravis remove x1 §x§F§F§5§5§0§0§lsᴇʟʟᴡᴀɴᴅ §6- 5.0x from buy
[22:32:55] > KnownasTravis remove x1 Enchanted book from buy
[22:32:55] > KnownasTravis remove x1 §x§6§0§0§0§F§F§lɢᴏᴅʟʏ ɪᴛᴇᴍ from buy
[22:32:55] > KnownasTravis remove x1 §x§6§0§0§0§F§F§lɢᴏᴅʟʏ ɪᴛᴇᴍ from buy
[22:32:56] > KnownasTravis remove x16 Emerald block from buy
[22:32:56] > KnownasTravis remove x48 Gold block from buy
[22:32:56] > KnownasTravis remove x3 §9§lCrab Claw from buy
[22:32:57] > KnownasTravis remove x1 §fHalo from buy
[22:32:57] > KnownasTravis remove x1 Axolotl bucket from buy
[22:32:57] > KnownasTravis remove x1 §x§5§9§A§1§D§9§lA§x§7§1§A§E§D§Er§x§8§8§B§C§E§4c§x§A§0§C§9§E§9h§x§B§8§D§7§E§Fa§x§D§0§E§4§F§4n§x§E§7§F§2§F§Ag§fe§x§E§7§F§2§F§Al §x§B§8§D§7§E§FS§x§A§0§C§9§E§9t§x§8§8§B§C§E§4a§x§7§1§A§E§D§Ef§x§5§9§A§1§D§9f from buy
[22:32:57] > KnownasTravis remove x1 Enchanted book from buy
[22:32:58] > KnownasTravis remove x1 §x§C§9§A§7§F§C§lL§x§B§D§A§E§F§6§le§x§B§1§B§4§F§0§lg§x§A§6§B§B§E§A§le§x§9§A§C§1§E§4§ln§x§8§E§C§8§D§D§ld§x§8§2§C§E§D§7§la§x§7§7§D§5§D§1§lr§x§6§B§D§B§C§B§ly §x§6§B§D§B§C§B§lC§x§7§7§D§5§D§1§lr§x§8§2§C§E§D§7§la§x§8§E§C§8§D§D§lt§x§9§A§C§1§E§4§le §x§B§1§B§4§F§0§lK§x§B§D§A§E§F§6§le§x§C§9§A§7§F§C§ly from buy
[22:32:58] > KnownasTravis remove x2 Coast armor trim smithing template from buy
[22:32:58] > KnownasTravis remove x10 Netherite upgrade smithing template from buy
[22:32:58] > KnownasTravis remove x17 Shulker shell from buy
[22:32:58] > KnownasTravis remove x35 Nether star from buy
[22:32:59] > KnownasTravis remove x1 Heart of the sea from buy
[22:32:59] > KnownasTravis remove x1 Netherite block from buy
[22:33:39] > MrGh0st1y added x1 §f§l§x§8§A§0§0§F§FS§x§9§9§0§0§D§Bh§x§A§8§0§0§B§6i§x§B§7§0§0§9§2n§x§C§6§0§0§6§De§x§D§5§0§0§4§9 §x§E§4§0§0§2§4O§x§F§3§0§0§0§0n§x§E§4§0§0§2§4i§x§D§5§0§0§4§9 §x§C§6§0§0§6§DS§x§B§7§0§0§9§2p§x§A§8§0§0§B§6e§x§9§9§0§0§D§Ba§x§8§A§0§0§F§Fr in auction for 3500000.
[22:34:08] > HPMR_GaMerz added x1 Golden apple in auction for 10.
[22:34:12] > Unforce01 buy x1 Golden apple to HPMR_GaMerz for $10.
[22:34:20] > HPMR_GaMerz added x1 Nether star in auction for 10.
[22:34:22] > king_ARK buy x1 Nether star to HPMR_GaMerz for $10.
[22:34:40] > Fuwazi added x9 Shulker shell in auction for 10.
[22:34:43] > king_ARK buy x9 Shulker shell to Fuwazi for $10.
[22:38:40] > Fuwazi added x1 §x§C§9§A§7§F§C§lL§x§B§D§A§E§F§6§le§x§B§1§B§4§F§0§lg§x§A§6§B§B§E§A§le§x§9§A§C§1§E§4§ln§x§8§E§C§8§D§D§ld§x§8§2§C§E§D§7§la§x§7§7§D§5§D§1§lr§x§6§B§D§B§C§B§ly §x§6§B§D§B§C§B§lC§x§7§7§D§5§D§1§lr§x§8§2§C§E§D§7§la§x§8§E§C§8§D§D§lt§x§9§A§C§1§E§4§le §x§B§1§B§4§F§0§lK§x§B§D§A§E§F§6§le§x§C§9§A§7§F§C§ly in auction for 10.
[22:38:42] > king_ARK buy x1 §x§C§9§A§7§F§C§lL§x§B§D§A§E§F§6§le§x§B§1§B§4§F§0§lg§x§A§6§B§B§E§A§le§x§9§A§C§1§E§4§ln§x§8§E§C§8§D§D§ld§x§8§2§C§E§D§7§la§x§7§7§D§5§D§1§lr§x§6§B§D§B§C§B§ly §x§6§B§D§B§C§B§lC§x§7§7§D§5§D§1§lr§x§8§2§C§E§D§7§la§x§8§E§C§8§D§D§lt§x§9§A§C§1§E§4§le §x§B§1§B§4§F§0§lK§x§B§D§A§E§F§6§le§x§C§9§A§7§F§C§ly to Fuwazi for $10.
[22:38:55] > Fuwazi added x35 Firework rocket in auction for 10.
[22:38:57] > PrezXie buy x35 Firework rocket to Fuwazi for $10.
[22:39:23] > Fuwazi added x1 §fGarden Hat in auction for 10.
[22:39:25] > king_ARK buy x1 §fGarden Hat to Fuwazi for $10.
[22:39:44] > Fuwazi added x1 §fFlower Hat in auction for 10.
[22:39:46] > KnownasTravis buy x1 §fFlower Hat to Fuwazi for $10.
[22:39:56] > Fuwazi added x1 §f§x§4§1§B§C§4§2D§x§4§5§C§3§5§3r§x§4§9§C§9§6§3o§x§4§D§D§0§7§4w§x§5§1§D§7§8§5n§x§5§6§D§E§9§6e§x§5§A§E§4§A§6d§x§5§E§E§B§B§7 §x§6§2§F§2§C§8H§x§6§6§F§8§D§8a§x§6§A§F§F§E§9t in auction for 10.
[22:39:59] > king_ARK buy x1 §f§x§4§1§B§C§4§2D§x§4§5§C§3§5§3r§x§4§9§C§9§6§3o§x§4§D§D§0§7§4w§x§5§1§D§7§8§5n§x§5§6§D§E§9§6e§x§5§A§E§4§A§6d§x§5§E§E§B§B§7 §x§6§2§F§2§C§8H§x§6§6§F§8§D§8a§x§6§A§F§F§E§9t to Fuwazi for $10.
[22:40:09] > Fuwazi added x1 §fBumble Bee Hat in auction for 10.
[22:40:11] > KnownasTravis buy x1 §fBumble Bee Hat to Fuwazi for $10.
[22:40:20] > Fuwazi added x1 §f§x§F§9§A§2§0§DP§x§F§2§9§E§0§Du§x§E§B§9§9§0§Dm§x§E§3§9§5§0§Dp§x§D§C§9§0§0§Dk§x§D§5§8§C§0§Di§x§C§E§8§7§0§Dn§x§C§7§8§3§0§D §x§B§F§7§E§0§DH§x§B§8§7§A§0§Da§x§B§1§7§5§0§Dt in auction for 10.
[22:40:22] > KnownasTravis buy x1 §f§x§F§9§A§2§0§DP§x§F§2§9§E§0§Du§x§E§B§9§9§0§Dm§x§E§3§9§5§0§Dp§x§D§C§9§0§0§Dk§x§D§5§8§C§0§Di§x§C§E§8§7§0§Dn§x§C§7§8§3§0§D §x§B§F§7§E§0§DH§x§B§8§7§A§0§Da§x§B§1§7§5§0§Dt to Fuwazi for $10.
[22:40:33] > Fuwazi added x1 §7Cemetery Hat in auction for 10.
[22:40:34] > KnownasTravis buy x1 §7Cemetery Hat to Fuwazi for $10.
[22:40:45] > Fuwazi added x64 Melon seeds in auction for 10.
[22:40:46] > KnownasTravis buy x64 Melon seeds to Fuwazi for $10.
[22:41:25] > Fuwazi added x1 Shulker box in auction for 10.
[22:41:28] > KnownasTravis buy x1 Shulker box to Fuwazi for $10.
[22:41:42] > Fuwazi added x1 SPAWNERS in auction for 10.
[22:41:45] > KnownasTravis buy x1 SPAWNERS to Fuwazi for $10.
[22:41:56] > Fuwazi added x1 §eMummy Hat in auction for 10.
[22:41:58] > KnownasTravis buy x1 §eMummy Hat to Fuwazi for $10.
[22:42:19] > Fuwazi added x1 §fMagician Hat in auction for 10.
[22:42:20] > KnownasTravis buy x1 §fMagician Hat to Fuwazi for $10.
[22:44:15] > Sanchay added x1 §x§F§F§5§5§0§0§lsᴇʟʟᴡᴀɴᴅ §6- 10.0x in auction for 2000000.
[22:44:53] > Fuwazi added x64 Firework rocket in auction for 10.
[22:45:49] > Fuwazi added x1 Totem of undying in auction for 10.
[22:45:53] > Unforce01 buy x1 Totem of undying to Fuwazi for $10.
[22:45:56] > Unforce01 buy x64 Firework rocket to Fuwazi for $10.
[22:46:00] > Fuwazi added x1 Saddle in auction for 10.
[22:46:02] > KnownasTravis buy x1 Saddle to Fuwazi for $10.
[22:46:11] > Fuwazi added x1 Saddle in auction for 10.
[22:46:13] > KnownasTravis buy x1 Saddle to Fuwazi for $10.
[22:46:13] > Zypher_0w0 added x1 §x§5§C§C§F§F§C§lC§x§5§C§D§1§F§5§lo§x§5§D§D§4§E§E§ls§x§5§D§D§6§E§7§lm§x§5§E§D§9§E§1§le§x§5§E§D§B§D§A§lt§x§5§E§D§D§D§3§li§x§5§F§E§0§C§C§lc §x§5§F§E§0§C§C§lH§x§5§E§D§D§D§3§la§x§5§E§D§B§D§A§lt§x§5§E§D§9§E§1§ls §x§5§D§D§4§E§E§lK§x§5§C§D§1§F§5§le§x§5§C§C§F§F§C§ly in auction for 80000.
[22:46:19] > Zypher_0w0 remove x1 /pwarp go AceHardware (redstone components) from storage
[22:46:20] > Zypher_0w0 remove x1 §x§E§5§1§B§1§B§lDracula Leggings from storage
[22:46:21] > Fuwazi added x2 §x§C§9§A§7§F§C§lL§x§B§D§A§E§F§6§le§x§B§1§B§4§F§0§lg§x§A§6§B§B§E§A§le§x§9§A§C§1§E§4§ln§x§8§E§C§8§D§D§ld§x§8§2§C§E§D§7§la§x§7§7§D§5§D§1§lr§x§6§B§D§B§C§B§ly §x§6§B§D§B§C§B§lC§x§7§7§D§5§D§1§lr§x§8§2§C§E§D§7§la§x§8§E§C§8§D§D§lt§x§9§A§C§1§E§4§le §x§B§1§B§4§F§0§lK§x§B§D§A§E§F§6§le§x§C§9§A§7§F§C§ly in auction for 10.
[22:46:22] > Zypher_0w0 remove x1 §f§l§x§F§C§D§0§5§CW§x§F§A§A§A§4§Bu§x§F§9§8§4§3§Bk§x§F§7§5§F§2§Ao§x§F§5§3§9§1§9n§x§F§4§1§3§0§8g §x§F§5§3§9§1§9W§x§F§7§5§F§2§Ai§x§F§9§8§4§3§Bn§x§F§A§A§A§4§Bg§x§F§C§D§0§5§Cs from storage
[22:46:22] > Zypher_0w0 remove x1 §fHorns from storage
[22:46:23] > KnownasTravis buy x2 §x§C§9§A§7§F§C§lL§x§B§D§A§E§F§6§le§x§B§1§B§4§F§0§lg§x§A§6§B§B§E§A§le§x§9§A§C§1§E§4§ln§x§8§E§C§8§D§D§ld§x§8§2§C§E§D§7§la§x§7§7§D§5§D§1§lr§x§6§B§D§B§C§B§ly §x§6§B§D§B§C§B§lC§x§7§7§D§5§D§1§lr§x§8§2§C§E§D§7§la§x§8§E§C§8§D§D§lt§x§9§A§C§1§E§4§le §x§B§1§B§4§F§0§lK§x§B§D§A§E§F§6§le§x§C§9§A§7§F§C§ly to Fuwazi for $10.
[22:46:23] > Zypher_0w0 remove x1 §x§F§F§3§E§0§0§lD§x§F§F§3§5§0§0§le§x§F§F§2§C§0§0§lm§x§F§F§2§3§0§0§lo§x§F§F§1§B§0§0§ln §x§F§F§0§9§0§0§lL§x§F§F§0§0§0§0§lo§x§F§F§0§A§0§0§lr§x§F§F§1§5§0§0§ld §x§F§F§2§9§0§0§lH§x§F§F§3§4§0§0§lo§x§F§F§3§E§0§0§le from storage
[22:46:33] > Fuwazi added x4 Enchanted golden apple in auction for 10.
[22:46:36] > KnownasTravis buy x4 Enchanted golden apple to Fuwazi for $10.
[22:46:43] > Zypher_0w0 added x1 §x§5§C§C§F§F§C§lC§x§5§C§D§1§F§5§lo§x§5§D§D§4§E§E§ls§x§5§D§D§6§E§7§lm§x§5§E§D§9§E§1§le§x§5§E§D§B§D§A§lt§x§5§E§D§D§D§3§li§x§5§F§E§0§C§C§lc §x§5§F§E§0§C§C§lH§x§5§E§D§D§D§3§la§x§5§E§D§B§D§A§lt§x§5§E§D§9§E§1§ls §x§5§D§D§4§E§E§lK§x§5§C§D§1§F§5§le§x§5§C§C§F§F§C§ly in auction for 80000.
[22:46:46] > Fuwazi added x2 Coast armor trim smithing template in auction for 10.
[22:46:48] > KnownasTravis buy x2 Coast armor trim smithing template to Fuwazi for $10.
[22:46:57] > Zypher_0w0 added x1 §x§5§C§C§F§F§C§lC§x§5§C§D§1§F§5§lo§x§5§D§D§4§E§E§ls§x§5§D§D§6§E§7§lm§x§5§E§D§9§E§1§le§x§5§E§D§B§D§A§lt§x§5§E§D§D§D§3§li§x§5§F§E§0§C§C§lc §x§5§F§E§0§C§C§lH§x§5§E§D§D§D§3§la§x§5§E§D§B§D§A§lt§x§5§E§D§9§E§1§ls §x§5§D§D§4§E§E§lK§x§5§C§D§1§F§5§le§x§5§C§C§F§F§C§ly in auction for 80000.
[22:46:59] > Fuwazi added x1 Saddle in auction for 10.
[22:47:00] > KnownasTravis buy x1 Saddle to Fuwazi for $10.
[22:47:10] > Zypher_0w0 added x1 §x§5§C§C§F§F§C§lC§x§5§C§D§1§F§5§lo§x§5§D§D§4§E§E§ls§x§5§D§D§6§E§7§lm§x§5§E§D§9§E§1§le§x§5§E§D§B§D§A§lt§x§5§E§D§D§D§3§li§x§5§F§E§0§C§C§lc §x§5§F§E§0§C§C§lH§x§5§E§D§D§D§3§la§x§5§E§D§B§D§A§lt§x§5§E§D§9§E§1§ls §x§5§D§D§4§E§E§lK§x§5§C§D§1§F§5§le§x§5§C§C§F§F§C§ly in auction for 80000.
[22:47:24] > Zypher_0w0 added x1 §x§5§C§C§F§F§C§lC§x§5§C§D§1§F§5§lo§x§5§D§D§4§E§E§ls§x§5§D§D§6§E§7§lm§x§5§E§D§9§E§1§le§x§5§E§D§B§D§A§lt§x§5§E§D§D§D§3§li§x§5§F§E§0§C§C§lc §x§5§F§E§0§C§C§lH§x§5§E§D§D§D§3§la§x§5§E§D§B§D§A§lt§x§5§E§D§9§E§1§ls §x§5§D§D§4§E§E§lK§x§5§C§D§1§F§5§le§x§5§C§C§F§F§C§ly in auction for 80000.
[22:49:08] > Zypher_0w0 added x1 §x§E§5§1§B§1§B§lDracula Key in auction for 150000.
[22:49:25] > Zypher_0w0 remove x1 Melon Starterkit (save 305k dont buy from /shop) from storage
[22:49:32] > Zypher_0w0 added x1 §x§F§F§7§C§0§0§lSteamsparks Key in auction for 200000.
[22:49:58] > Playerjack12345 added x1 §x§F§F§5§5§0§0§lsᴇʟʟᴡᴀɴᴅ §6- 5.0x in auction for 450000.
[22:50:18] > .SharkyisHungry buy x1 §x§F§F§5§5§0§0§lsᴇʟʟᴡᴀɴᴅ §6- 5.0x to Playerjack12345 for $450,000.
[22:50:35] > .SharkyisHungry remove x1 §x§F§F§5§5§0§0§lsᴇʟʟᴡᴀɴᴅ §6- 5.0x from buy
[22:52:09] > Sanchay added x1 §x§F§F§3§E§0§0§lD§x§F§F§3§5§0§0§le§x§F§F§2§C§0§0§lm§x§F§F§2§3§0§0§lo§x§F§F§1§B§0§0§ln §x§F§F§0§9§0§0§lL§x§F§F§0§0§0§0§lo§x§F§F§0§A§0§0§lr§x§F§F§1§5§0§0§ld §x§F§F§2§9§0§0§lH§x§F§F§3§4§0§0§lo§x§F§F§3§E§0§0§le in auction for 100000.
[22:54:28] > Playerjack12345 buy x1 §f§l§x§F§C§D§0§5§CW§x§F§B§C§1§5§5u§x§F§B§B§2§4§Fk§x§F§A§A§3§4§8o§x§F§9§9§5§4§2n§x§F§9§8§6§3§Bg§x§F§8§7§7§3§5 §x§F§8§6§8§2§EL§x§F§7§5§9§2§7e§x§F§6§4§A§2§1g§x§F§6§3§B§1§Ag§x§F§5§2§D§1§4i§x§F§4§1§E§0§Dn§x§F§4§0§F§0§7g§x§F§3§0§0§0§0s to .SharkyisHungry for $100,000.
[22:54:33] > Playerjack12345 remove x1 §f§l§x§F§C§D§0§5§CW§x§F§B§C§1§5§5u§x§F§B§B§2§4§Fk§x§F§A§A§3§4§8o§x§F§9§9§5§4§2n§x§F§9§8§6§3§Bg§x§F§8§7§7§3§5 §x§F§8§6§8§2§EL§x§F§7§5§9§2§7e§x§F§6§4§A§2§1g§x§F§6§3§B§1§Ag§x§F§5§2§D§1§4i§x§F§4§1§E§0§Dn§x§F§4§0§F§0§7g§x§F§3§0§0§0§0s from buy
[23:00:30] > Puffingsponge added x1 §x§F§C§9§0§5§C§lE§x§E§6§9§C§6§B§lp§x§C§F§A§7§7§A§li§x§B§9§B§3§8§9§lc §x§8§C§C§B§A§7§lC§x§7§5§D§6§B§6§lr§x§5§F§E§2§C§5§la§x§7§9§D§4§B§4§lt§x§9§3§C§7§A§2§le §x§C§8§A§B§7§F§lK§x§E§2§9§E§6§E§le§x§F§C§9§0§5§C§ly in auction for 10.
[23:00:33] > anneyong buy x1 §x§F§C§9§0§5§C§lE§x§E§6§9§C§6§B§lp§x§C§F§A§7§7§A§li§x§B§9§B§3§8§9§lc §x§8§C§C§B§A§7§lC§x§7§5§D§6§B§6§lr§x§5§F§E§2§C§5§la§x§7§9§D§4§B§4§lt§x§9§3§C§7§A§2§le §x§C§8§A§B§7§F§lK§x§E§2§9§E§6§E§le§x§F§C§9§0§5§C§ly to Puffingsponge for $10.
[23:00:57] > anneyong remove x1 §x§F§C§9§0§5§C§lE§x§E§6§9§C§6§B§lp§x§C§F§A§7§7§A§li§x§B§9§B§3§8§9§lc §x§8§C§C§B§A§7§lC§x§7§5§D§6§B§6§lr§x§5§F§E§2§C§5§la§x§7§9§D§4§B§4§lt§x§9§3§C§7§A§2§le §x§C§8§A§B§7§F§lK§x§E§2§9§E§6§E§le§x§F§C§9§0§5§C§ly form buy
[23:00:57] > anneyong remove x1 §x§F§F§5§5§0§0§lsᴇʟʟᴡᴀɴᴅ §6- 5.0x form buy
[23:00:57] > anneyong remove x1 §x§9§8§6§3§E§7§lG§x§9§0§7§5§E§2§lo§x§8§8§8§7§D§D§ld§x§8§0§9§9§D§8§ll§x§7§7§A§C§D§4§ly §x§6§7§D§0§C§A§lC§x§5§F§E§2§C§5§lr§x§6§7§D§0§C§A§la§x§6§F§B§E§C§F§lt§x§7§7§A§C§D§4§le §x§8§8§8§7§D§D§lK§x§9§0§7§5§E§2§le§x§9§8§6§3§E§7§ly form buy
[23:04:07] > .SharkyisHungry added x1 §x§F§F§5§5§0§0§lsᴇʟʟᴡᴀɴᴅ §6- 5.0x in auction for 400000.
[23:04:14] > king_ARK buy x1 §x§F§F§5§5§0§0§lsᴇʟʟᴡᴀɴᴅ §6- 5.0x to .SharkyisHungry for $400,000.
[23:04:15] > MrGh0st1y buy x1 Elytra to .SharkyisHungry for $750,000.
[23:07:36] > king_ARK remove x1 §x§F§F§5§5§0§0§lsᴇʟʟᴡᴀɴᴅ §6- 5.0x from buy
[23:07:37] > king_ARK remove x1 §x§F§F§5§5§0§0§lsᴇʟʟᴡᴀɴᴅ §6- 5.0x from buy
[23:07:49] > KEITHTHEPRO buy x1 Elytra to koshie for $850,000.
[23:07:56] > KEITHTHEPRO remove x1 Elytra from buy
[23:09:21] > Fuwazi added x1 §x§C§9§A§7§F§C§lL§x§B§D§A§E§F§6§le§x§B§1§B§4§F§0§lg§x§A§6§B§B§E§A§le§x§9§A§C§1§E§4§ln§x§8§E§C§8§D§D§ld§x§8§2§C§E§D§7§la§x§7§7§D§5§D§1§lr§x§6§B§D§B§C§B§ly §x§6§B§D§B§C§B§lC§x§7§7§D§5§D§1§lr§x§8§2§C§E§D§7§la§x§8§E§C§8§D§D§lt§x§9§A§C§1§E§4§le §x§B§1§B§4§F§0§lK§x§B§D§A§E§F§6§le§x§C§9§A§7§F§C§ly in auction for 10.
[23:09:27] > anneyong buy x1 §x§C§9§A§7§F§C§lL§x§B§D§A§E§F§6§le§x§B§1§B§4§F§0§lg§x§A§6§B§B§E§A§le§x§9§A§C§1§E§4§ln§x§8§E§C§8§D§D§ld§x§8§2§C§E§D§7§la§x§7§7§D§5§D§1§lr§x§6§B§D§B§C§B§ly §x§6§B§D§B§C§B§lC§x§7§7§D§5§D§1§lr§x§8§2§C§E§D§7§la§x§8§E§C§8§D§D§lt§x§9§A§C§1§E§4§le §x§B§1§B§4§F§0§lK§x§B§D§A§E§F§6§le§x§C§9§A§7§F§C§ly to Fuwazi for $10.
[23:10:16] > Acon1te_0w0 added x1 §f§l§x§F§C§D§0§5§CW§x§F§A§A§2§4§8u§x§F§8§7§4§3§3k§x§F§6§4§5§1§Fo§x§F§4§1§7§0§Ang§x§F§6§4§5§1§F §x§F§8§7§4§3§3H§x§F§A§A§2§4§8o§x§F§C§D§0§5§Ce in auction for 101.
[23:10:22] > anneyong buy x1 §f§l§x§F§C§D§0§5§CW§x§F§A§A§2§4§8u§x§F§8§7§4§3§3k§x§F§6§4§5§1§Fo§x§F§4§1§7§0§Ang§x§F§6§4§5§1§F §x§F§8§7§4§3§3H§x§F§A§A§2§4§8o§x§F§C§D§0§5§Ce to Acon1te_0w0 for $101.
[23:10:48] > HPMR_GaMerz remove x1 §eʙʟᴀᴢᴇ sᴘᴀᴡɴᴇʀ from buy
[23:10:49] > HPMR_GaMerz remove x1 §esᴘɪᴅᴇʀ sᴘᴀᴡɴᴇʀ from buy
[23:10:50] > HPMR_GaMerz remove x1 §eᴄʀᴇᴇᴘᴇʀ sᴘᴀᴡɴᴇʀ from buy
[23:10:50] > HPMR_GaMerz remove x1 §eɪʀᴏɴ ɢᴏʟᴇᴍ sᴘᴀᴡɴᴇʀ from buy
[23:10:52] > HPMR_GaMerz remove x1 §esᴘɪᴅᴇʀ sᴘᴀᴡɴᴇʀ from buy
[23:10:53] > HPMR_GaMerz remove x1 §esᴘɪᴅᴇʀ sᴘᴀᴡɴᴇʀ from buy
[23:10:53] > HPMR_GaMerz remove x1 §esᴘɪᴅᴇʀ sᴘᴀᴡɴᴇʀ from buy
[23:10:55] > HPMR_GaMerz remove x1 §eʙʟᴀᴢᴇ sᴘᴀᴡɴᴇʀ from buy
[23:10:55] > HPMR_GaMerz remove x1 §eʙʟᴀᴢᴇ sᴘᴀᴡɴᴇʀ from buy
[23:11:04] > HPMR_GaMerz remove x1 §f§l§x§F§A§0§0§0§AD§x§F§A§1§A§1§4a§x§F§B§3§4§1§Fr§x§F§B§4§E§2§9k§x§F§B§6§8§3§3f§x§F§B§8§2§3§Dl§x§F§C§9§C§4§8a§x§F§C§B§6§5§2m§x§F§C§D§0§5§Ce§x§F§C§D§0§5§C §x§F§C§B§6§5§2L§x§F§C§9§C§4§8e§x§F§B§8§2§3§Dg§x§F§B§6§8§3§3g§x§F§B§4§E§2§9i§x§F§B§3§4§1§Fn§x§F§A§1§A§1§4g§x§F§A§0§0§0§As from buy
[23:12:26] > HPMR_GaMerz remove x1 §x§F§F§3§E§0§0§lD§x§F§F§3§7§0§0§le§x§F§F§3§0§0§0§lm§x§F§F§2§9§0§0§lo§x§F§F§2§2§0§0§ln §x§F§F§1§5§0§0§lL§x§F§F§0§E§0§0§lo§x§F§F§0§7§0§0§lr§x§F§F§0§0§0§0§ld §x§F§F§0§E§0§0§lF§x§F§F§1§5§0§0§lr§x§F§F§1§C§0§0§la§x§F§F§2§2§0§0§lg§x§F§F§2§9§0§0§lm§x§F§F§3§0§0§0§le§x§F§F§3§7§0§0§ln§x§F§F§3§E§0§0§lt from storage
[23:12:31] > HPMR_GaMerz added x1 §x§F§F§3§E§0§0§lD§x§F§F§3§7§0§0§le§x§F§F§3§0§0§0§lm§x§F§F§2§9§0§0§lo§x§F§F§2§2§0§0§ln §x§F§F§1§5§0§0§lL§x§F§F§0§E§0§0§lo§x§F§F§0§7§0§0§lr§x§F§F§0§0§0§0§ld §x§F§F§0§E§0§0§lF§x§F§F§1§5§0§0§lr§x§F§F§1§C§0§0§la§x§F§F§2§2§0§0§lg§x§F§F§2§9§0§0§lm§x§F§F§3§0§0§0§le§x§F§F§3§7§0§0§ln§x§F§F§3§E§0§0§lt in auction for 150000.
[23:12:37] > KnownasTravis added x64 Experience bottle in auction for 200000.
[23:12:58] > king_ARK remove x1 §x§E§5§1§B§1§B§lDracula Helmet from buy
[23:12:59] > king_ARK remove x1 Heart of the sea from buy
[23:12:59] > king_ARK remove x14 Turtle egg from buy
[23:12:59] > king_ARK remove x64 Diamond from buy
[23:12:59] > king_ARK remove x1 Silence armor trim smithing template from buy
[23:12:59] > king_ARK remove x1 §x§F§E§B§E§C§A§lSeason 3 Celebration Cake <3 from buy
[23:13:00] > king_ARK remove x1 Conduit from buy
[23:13:00] > king_ARK remove x35 Emerald from buy
[23:13:00] > king_ARK remove x1 Enchanted book from buy
[23:13:00] > king_ARK remove x1 §x§F§F§7§C§0§0§lSteamsparks Wings from buy
[23:13:00] > king_ARK remove x1 Nether star from buy
[23:13:01] > king_ARK remove x9 Shulker shell from buy
[23:13:01] > king_ARK remove x1 §x§C§9§A§7§F§C§lL§x§B§D§A§E§F§6§le§x§B§1§B§4§F§0§lg§x§A§6§B§B§E§A§le§x§9§A§C§1§E§4§ln§x§8§E§C§8§D§D§ld§x§8§2§C§E§D§7§la§x§7§7§D§5§D§1§lr§x§6§B§D§B§C§B§ly §x§6§B§D§B§C§B§lC§x§7§7§D§5§D§1§lr§x§8§2§C§E§D§7§la§x§8§E§C§8§D§D§lt§x§9§A§C§1§E§4§le §x§B§1§B§4§F§0§lK§x§B§D§A§E§F§6§le§x§C§9§A§7§F§C§ly from buy
[23:13:01] > king_ARK remove x1 §fGarden Hat from buy
[23:13:02] > king_ARK remove x1 §f§x§4§1§B§C§4§2D§x§4§5§C§3§5§3r§x§4§9§C§9§6§3o§x§4§D§D§0§7§4w§x§5§1§D§7§8§5n§x§5§6§D§E§9§6e§x§5§A§E§4§A§6d§x§5§E§E§B§B§7 §x§6§2§F§2§C§8H§x§6§6§F§8§D§8a§x§6§A§F§F§E§9t from buy
[23:16:50] > HPMR_GaMerz remove x1 Diamond block from buy
[23:16:51] > HPMR_GaMerz remove x5 Diamond from buy
[23:18:29] > MrGh0st1y remove x1 Elytra from buy
[23:22:58] > HPMR_GaMerz added x1 Golden pickaxe in auction for 1000.
[23:25:47] > kopo555 added x1 §x§F§F§5§5§0§0§lsᴇʟʟᴡᴀɴᴅ §6- 5.0x in auction for 400000.
[23:25:52] > king_ARK buy x1 §x§F§F§5§5§0§0§lsᴇʟʟᴡᴀɴᴅ §6- 5.0x to kopo555 for $400,000.
[23:26:32] > kopo555 added x1 §x§F§F§5§5§0§0§lsᴇʟʟᴡᴀɴᴅ §6- 5.0x in auction for 400000.
[23:26:36] > HPMR_GaMerz added x8 Glistering melon slice in auction for 8000.
[23:26:36] > KnownasTravis buy x1 §x§F§F§5§5§0§0§lsᴇʟʟᴡᴀɴᴅ §6- 5.0x to kopo555 for $400,000.
[23:26:48] > Fuwazi buy x1 §x§5§C§C§F§F§C§lC§x§5§C§D§1§F§5§lo§x§5§D§D§4§E§E§ls§x§5§D§D§6§E§7§lm§x§5§E§D§9§E§1§le§x§5§E§D§B§D§A§lt§x§5§E§D§D§D§3§li§x§5§F§E§0§C§C§lc §x§5§F§E§0§C§C§lH§x§5§E§D§D§D§3§la§x§5§E§D§B§D§A§lt§x§5§E§D§9§E§1§ls §x§5§D§D§4§E§E§lK§x§5§C§D§1§F§5§le§x§5§C§C§F§F§C§ly to Zypher_0w0 for $80,000.
[23:26:51] > Fuwazi remove x1 §x§5§C§C§F§F§C§lC§x§5§C§D§1§F§5§lo§x§5§D§D§4§E§E§ls§x§5§D§D§6§E§7§lm§x§5§E§D§9§E§1§le§x§5§E§D§B§D§A§lt§x§5§E§D§D§D§3§li§x§5§F§E§0§C§C§lc §x§5§F§E§0§C§C§lH§x§5§E§D§D§D§3§la§x§5§E§D§B§D§A§lt§x§5§E§D§9§E§1§ls §x§5§D§D§4§E§E§lK§x§5§C§D§1§F§5§le§x§5§C§C§F§F§C§ly from buy
[23:26:58] > Fuwazi added x1 §x§5§C§C§F§F§C§lC§x§5§C§D§1§F§5§lo§x§5§D§D§4§E§E§ls§x§5§D§D§6§E§7§lm§x§5§E§D§9§E§1§le§x§5§E§D§B§D§A§lt§x§5§E§D§D§D§3§li§x§5§F§E§0§C§C§lc §x§5§F§E§0§C§C§lH§x§5§E§D§D§D§3§la§x§5§E§D§B§D§A§lt§x§5§E§D§9§E§1§ls §x§5§D§D§4§E§E§lK§x§5§C§D§1§F§5§le§x§5§C§C§F§F§C§ly in auction for 10.
[23:27:04] > KnownasTravis buy x1 §x§5§C§C§F§F§C§lC§x§5§C§D§1§F§5§lo§x§5§D§D§4§E§E§ls§x§5§D§D§6§E§7§lm§x§5§E§D§9§E§1§le§x§5§E§D§B§D§A§lt§x§5§E§D§D§D§3§li§x§5§F§E§0§C§C§lc §x§5§F§E§0§C§C§lH§x§5§E§D§D§D§3§la§x§5§E§D§B§D§A§lt§x§5§E§D§9§E§1§ls §x§5§D§D§4§E§E§lK§x§5§C§D§1§F§5§le§x§5§C§C§F§F§C§ly to Fuwazi for $10.
[23:28:02] > koshie remove x1 §eɪʀᴏɴ ɢᴏʟᴇᴍ sᴘᴀᴡɴᴇʀ from buy
[23:28:02] > koshie remove x1 §eᴡɪᴛᴄʜ ꜱᴘᴀᴡɴᴇʀ from buy
[23:28:02] > koshie remove x1 §eᴡɪᴛᴄʜ ꜱᴘᴀᴡɴᴇʀ from buy
[23:28:03] > koshie remove x1 §esᴋᴇʟᴇᴛᴏɴ sᴘᴀᴡɴᴇʀ from buy
[23:28:03] > koshie remove x1 §esᴋᴇʟᴇᴛᴏɴ sᴘᴀᴡɴᴇʀ from buy
[23:28:04] > koshie remove x1 §esᴋᴇʟᴇᴛᴏɴ sᴘᴀᴡɴᴇʀ from buy
[23:28:04] > koshie remove x1 §eᴄʀᴇᴇᴘᴇʀ sᴘᴀᴡɴᴇʀ from buy
[23:28:04] > koshie remove x1 §esᴘɪᴅᴇʀ sᴘᴀᴡɴᴇʀ from buy
[23:28:04] > koshie remove x1 §eᴡɪᴛʜᴇʀ ꜱᴋᴇʟᴇᴛᴏɴ ꜱᴘᴀᴡɴᴇʀ from buy
[23:28:05] > koshie remove x1 §eᴢᴏᴍʙɪᴇ sᴘᴀᴡɴᴇʀ from buy
[23:28:15] > koshie remove x1 §eᴘɪɢ sᴘᴀᴡɴᴇʀ from buy
[23:28:15] > koshie remove x1 §eᴡᴀʀᴅᴇɴ ꜱᴘᴀᴡɴᴇʀ from buy
[23:28:16] > koshie remove x1 §esᴋᴇʟᴇᴛᴏɴ sᴘᴀᴡɴᴇʀ from buy
[23:28:42] > KnownasTravis remove x1 §x§F§F§5§5§0§0§lsᴇʟʟᴡᴀɴᴅ §6- 5.0x from buy
[23:28:43] > KnownasTravis remove x2 §x§C§9§A§7§F§C§lL§x§B§D§A§E§F§6§le§x§B§1§B§4§F§0§lg§x§A§6§B§B§E§A§le§x§9§A§C§1§E§4§ln§x§8§E§C§8§D§D§ld§x§8§2§C§E§D§7§la§x§7§7§D§5§D§1§lr§x§6§B§D§B§C§B§ly §x§6§B§D§B§C§B§lC§x§7§7§D§5§D§1§lr§x§8§2§C§E§D§7§la§x§8§E§C§8§D§D§lt§x§9§A§C§1§E§4§le §x§B§1§B§4§F§0§lK§x§B§D§A§E§F§6§le§x§C§9§A§7§F§C§ly from buy
[23:28:43] > KnownasTravis remove x1 §x§5§C§C§F§F§C§lC§x§5§C§D§1§F§5§lo§x§5§D§D§4§E§E§ls§x§5§D§D§6§E§7§lm§x§5§E§D§9§E§1§le§x§5§E§D§B§D§A§lt§x§5§E§D§D§D§3§li§x§5§F§E§0§C§C§lc §x§5§F§E§0§C§C§lH§x§5§E§D§D§D§3§la§x§5§E§D§B§D§A§lt§x§5§E§D§9§E§1§ls §x§5§D§D§4§E§E§lK§x§5§C§D§1§F§5§le§x§5§C§C§F§F§C§ly from buy
[23:28:55] > giyahnpogi remove x1 §x§6§0§0§0§F§F§lɢᴏᴅʟʏ ɪᴛᴇᴍ from buy
[23:30:38] > Puffingsponge added x1 §x§F§C§D§0§5§C§lB§x§E§6§D§3§6§B§la§x§C§F§D§5§7§A§ls§x§B§9§D§8§8§9§li§x§A§2§D§A§9§8§lc §x§7§5§D§F§B§6§lC§x§5§F§E§2§C§5§lr§x§7§5§D§F§B§6§la§x§8§C§D§D§A§7§lt§x§A§2§D§A§9§8§le §x§C§F§D§5§7§A§lK§x§E§6§D§3§6§B§le§x§F§C§D§0§5§C§ly in auction for 10.
[23:30:40] > nagiiish buy x1 §x§F§C§D§0§5§C§lB§x§E§6§D§3§6§B§la§x§C§F§D§5§7§A§ls§x§B§9§D§8§8§9§li§x§A§2§D§A§9§8§lc §x§7§5§D§F§B§6§lC§x§5§F§E§2§C§5§lr§x§7§5§D§F§B§6§la§x§8§C§D§D§A§7§lt§x§A§2§D§A§9§8§le §x§C§F§D§5§7§A§lK§x§E§6§D§3§6§B§le§x§F§C§D§0§5§C§ly to Puffingsponge for $10.
[23:31:45] > KnownasTravis remove x1 §fFlower Hat from buy
[23:31:45] > KnownasTravis remove x1 §fBumble Bee Hat from buy
[23:31:45] > KnownasTravis remove x1 §f§x§F§9§A§2§0§DP§x§F§2§9§E§0§Du§x§E§B§9§9§0§Dm§x§E§3§9§5§0§Dp§x§D§C§9§0§0§Dk§x§D§5§8§C§0§Di§x§C§E§8§7§0§Dn§x§C§7§8§3§0§D §x§B§F§7§E§0§DH§x§B§8§7§A§0§Da§x§B§1§7§5§0§Dt from buy
[23:31:46] > KnownasTravis remove x1 §7Cemetery Hat from buy
[23:31:46] > KnownasTravis remove x64 Melon seeds from buy
[23:31:46] > KnownasTravis remove x1 Shulker box from buy
[23:31:46] > KnownasTravis remove x1 SPAWNERS from buy
[23:31:46] > KnownasTravis remove x1 §eMummy Hat from buy
[23:31:46] > KnownasTravis remove x1 §fMagician Hat from buy
[23:31:46] > KnownasTravis remove x1 Saddle from buy
[23:31:47] > KnownasTravis remove x1 Saddle from buy
[23:31:47] > KnownasTravis remove x4 Enchanted golden apple from buy
[23:31:47] > KnownasTravis remove x2 Coast armor trim smithing template from buy
[23:33:52] > KnownasTravis added x1 §x§5§C§C§F§F§C§lC§x§5§C§D§1§F§5§lo§x§5§D§D§4§E§E§ls§x§5§D§D§6§E§7§lm§x§5§E§D§9§E§1§le§x§5§E§D§B§D§A§lt§x§5§E§D§D§D§3§li§x§5§F§E§0§C§C§lc §x§5§F§E§0§C§C§lH§x§5§E§D§D§D§3§la§x§5§E§D§B§D§A§lt§x§5§E§D§9§E§1§ls §x§5§D§D§4§E§E§lK§x§5§C§D§1§F§5§le§x§5§C§C§F§F§C§ly in auction for 20000.
[00:00:12] > HPMR_GaMerz added x22 Mossy cobblestone in auction for 22000.
[00:30:32] > Puffingsponge added x1 §x§F§C§D§0§5§C§lB§x§E§6§D§3§6§B§la§x§C§F§D§5§7§A§ls§x§B§9§D§8§8§9§li§x§A§2§D§A§9§8§lc §x§7§5§D§F§B§6§lC§x§5§F§E§2§C§5§lr§x§7§5§D§F§B§6§la§x§8§C§D§D§A§7§lt§x§A§2§D§A§9§8§le §x§C§F§D§5§7§A§lK§x§E§6§D§3§6§B§le§x§F§C§D§0§5§C§ly in auction for 10.
[00:30:35] > Artdeh buy x1 §x§F§C§D§0§5§C§lB§x§E§6§D§3§6§B§la§x§C§F§D§5§7§A§ls§x§B§9§D§8§8§9§li§x§A§2§D§A§9§8§lc §x§7§5§D§F§B§6§lC§x§5§F§E§2§C§5§lr§x§7§5§D§F§B§6§la§x§8§C§D§D§A§7§lt§x§A§2§D§A§9§8§le §x§C§F§D§5§7§A§lK§x§E§6§D§3§6§B§le§x§F§C§D§0§5§C§ly to Puffingsponge for $10.
[00:33:17] > Puffingsponge added x13 §x§F§C§D§0§5§C§lB§x§E§6§D§3§6§B§la§x§C§F§D§5§7§A§ls§x§B§9§D§8§8§9§li§x§A§2§D§A§9§8§lc §x§7§5§D§F§B§6§lC§x§5§F§E§2§C§5§lr§x§7§5§D§F§B§6§la§x§8§C§D§D§A§7§lt§x§A§2§D§A§9§8§le §x§C§F§D§5§7§A§lK§x§E§6§D§3§6§B§le§x§F§C§D§0§5§C§ly in auction for 10000000.
[00:51:59] > MrGh0st1y added x1 Music disc 13 in auction for 30000.
[00:52:06] > king_ARK buy x1 Music disc 13 to MrGh0st1y for $30,000.
[01:15:29] > anneyong added x4 §x§F§F§3§E§0§0§lD§x§F§F§3§7§0§0§le§x§F§F§3§0§0§0§lm§x§F§F§2§9§0§0§lo§x§F§F§2§2§0§0§ln §x§F§F§1§5§0§0§lL§x§F§F§0§E§0§0§lo§x§F§F§0§7§0§0§lr§x§F§F§0§0§0§0§ld §x§F§F§0§E§0§0§lF§x§F§F§1§5§0§0§lr§x§F§F§1§C§0§0§la§x§F§F§2§2§0§0§lg§x§F§F§2§9§0§0§lm§x§F§F§3§0§0§0§le§x§F§F§3§7§0§0§ln§x§F§F§3§E§0§0§lt in auction for 100000.
[01:16:45] > kopo555 added x1 §x§F§F§5§5§0§0§lsᴇʟʟᴡᴀɴᴅ §6- 5.0x in auction for 400000.
[01:17:06] > kopo555 added x1 §x§F§F§5§5§0§0§lsᴇʟʟᴡᴀɴᴅ §6- 10.0x in auction for 800000.
[01:17:20] > kopo555 added x1 §x§F§F§5§5§0§0§lsᴇʟʟᴡᴀɴᴅ §6- 10.0x in auction for 800000.
[01:22:34] > MrGh0st1y buy x4 §x§F§F§3§E§0§0§lD§x§F§F§3§7§0§0§le§x§F§F§3§0§0§0§lm§x§F§F§2§9§0§0§lo§x§F§F§2§2§0§0§ln §x§F§F§1§5§0§0§lL§x§F§F§0§E§0§0§lo§x§F§F§0§7§0§0§lr§x§F§F§0§0§0§0§ld §x§F§F§0§E§0§0§lF§x§F§F§1§5§0§0§lr§x§F§F§1§C§0§0§la§x§F§F§2§2§0§0§lg§x§F§F§2§9§0§0§lm§x§F§F§3§0§0§0§le§x§F§F§3§7§0§0§ln§x§F§F§3§E§0§0§lt to anneyong for $100,000.
[01:35:13] > Cristianndi added x1 §x§F§E§B§E§C§A§lSeason 3 Celebration Cake <3 in auction for 5000000.
[01:36:14] > MrGh0st1y remove x1 §f§l§x§8§A§0§0§F§FS§x§9§9§0§0§D§Bh§x§A§8§0§0§B§6i§x§B§7§0§0§9§2n§x§C§6§0§0§6§De§x§D§5§0§0§4§9 §x§E§4§0§0§2§4O§x§F§3§0§0§0§0n§x§E§4§0§0§2§4i§x§D§5§0§0§4§9 §x§C§6§0§0§6§DS§x§B§7§0§0§9§2p§x§A§8§0§0§B§6e§x§9§9§0§0§D§Ba§x§8§A§0§0§F§Fr from storage
[01:36:42] > MrGh0st1y added x1 §f§l§x§8§A§0§0§F§FS§x§9§9§0§0§D§Bh§x§A§8§0§0§B§6i§x§B§7§0§0§9§2n§x§C§6§0§0§6§De§x§D§5§0§0§4§9 §x§E§4§0§0§2§4O§x§F§3§0§0§0§0n§x§E§4§0§0§2§4i§x§D§5§0§0§4§9 §x§C§6§0§0§6§DS§x§B§7§0§0§9§2p§x§A§8§0§0§B§6e§x§9§9§0§0§D§Ba§x§8§A§0§0§F§Fr in auction for 3500000.
[01:37:59] > Cristianndi added x1 §x§F§F§5§5§0§0§lsᴇʟʟᴡᴀɴᴅ §6- 5.0x in auction for 500000.
[01:39:00] > Cristianndi remove x1 §x§F§F§5§5§0§0§lsᴇʟʟᴡᴀɴᴅ §6- 5.0x from storage
[01:39:08] > Cristianndi added x1 §x§F§F§5§5§0§0§lsᴇʟʟᴡᴀɴᴅ §6- 5.0x in auction for 300000.
[01:39:16] > Artdeh buy x1 §x§F§F§5§5§0§0§lsᴇʟʟᴡᴀɴᴅ §6- 5.0x to Cristianndi for $300,000.
[01:46:17] > BlINDSTEELS added x1 §f§l§x§F§C§D§0§5§CW§x§F§B§A§D§4§Du§x§F§9§8§B§3§Dk§x§F§8§6§8§2§Eo§x§F§6§4§5§1§Fn§x§F§5§2§3§0§Fg§x§F§3§0§0§0§0 §x§F§5§2§3§0§FH§x§F§6§4§5§1§Fe§x§F§8§6§8§2§El§x§F§9§8§B§3§Dm§x§F§B§A§D§4§De§x§F§C§D§0§5§Ct in auction for 100000.
[01:46:43] > MrGh0st1y added x1 §esʜᴇᴇᴘ sᴘᴀᴡɴᴇʀ in auction for 75000.
[01:47:40] > Cristianndi added x1 §esᴋᴇʟᴇᴛᴏɴ sᴘᴀᴡɴᴇʀ in auction for 600000.
[01:47:51] > mae buy x1 §x§5§C§C§F§F§C§lC§x§5§C§D§1§F§5§lo§x§5§D§D§4§E§E§ls§x§5§D§D§6§E§7§lm§x§5§E§D§9§E§1§le§x§5§E§D§B§D§A§lt§x§5§E§D§D§D§3§li§x§5§F§E§0§C§C§lc §x§5§F§E§0§C§C§lH§x§5§E§D§D§D§3§la§x§5§E§D§B§D§A§lt§x§5§E§D§9§E§1§ls §x§5§D§D§4§E§E§lK§x§5§C§D§1§F§5§le§x§5§C§C§F§F§C§ly to KnownasTravis for $20,000.
[01:48:29] > MrGh0st1y buy x1 §x§F§F§5§5§0§0§lsᴇʟʟᴡᴀɴᴅ §6- 10.0x to kopo555 for $800,000.
[01:48:33] > MrGh0st1y buy x1 §x§F§F§5§5§0§0§lsᴇʟʟᴡᴀɴᴅ §6- 10.0x to kopo555 for $800,000.
[01:49:11] > MrGh0st1y remove x1 DEOSHOP IS BUYING WITCH SPAWNER FOR 400k from storage
[01:49:19] > MrGh0st1y added x1 DEOSHOP IS BUYING WITCH SPAWNER FOR 400k in auction for 999999999.
[01:49:25] > mae buy x1 §x§5§C§C§F§F§C§lC§x§5§C§D§1§F§5§lo§x§5§D§D§4§E§E§ls§x§5§D§D§6§E§7§lm§x§5§E§D§9§E§1§le§x§5§E§D§B§D§A§lt§x§5§E§D§D§D§3§li§x§5§F§E§0§C§C§lc §x§5§F§E§0§C§C§lH§x§5§E§D§D§D§3§la§x§5§E§D§B§D§A§lt§x§5§E§D§9§E§1§ls §x§5§D§D§4§E§E§lK§x§5§C§D§1§F§5§le§x§5§C§C§F§F§C§ly to Zypher_0w0 for $80,000.
[01:49:27] > mae buy x1 §x§5§C§C§F§F§C§lC§x§5§C§D§1§F§5§lo§x§5§D§D§4§E§E§ls§x§5§D§D§6§E§7§lm§x§5§E§D§9§E§1§le§x§5§E§D§B§D§A§lt§x§5§E§D§D§D§3§li§x§5§F§E§0§C§C§lc §x§5§F§E§0§C§C§lH§x§5§E§D§D§D§3§la§x§5§E§D§B§D§A§lt§x§5§E§D§9§E§1§ls §x§5§D§D§4§E§E§lK§x§5§C§D§1§F§5§le§x§5§C§C§F§F§C§ly to Zypher_0w0 for $80,000.
[01:49:29] > mae buy x1 §x§5§C§C§F§F§C§lC§x§5§C§D§1§F§5§lo§x§5§D§D§4§E§E§ls§x§5§D§D§6§E§7§lm§x§5§E§D§9§E§1§le§x§5§E§D§B§D§A§lt§x§5§E§D§D§D§3§li§x§5§F§E§0§C§C§lc §x§5§F§E§0§C§C§lH§x§5§E§D§D§D§3§la§x§5§E§D§B§D§A§lt§x§5§E§D§9§E§1§ls §x§5§D§D§4§E§E§lK§x§5§C§D§1§F§5§le§x§5§C§C§F§F§C§ly to Zypher_0w0 for $80,000.
[01:49:32] > mae buy x1 §x§5§C§C§F§F§C§lC§x§5§C§D§1§F§5§lo§x§5§D§D§4§E§E§ls§x§5§D§D§6§E§7§lm§x§5§E§D§9§E§1§le§x§5§E§D§B§D§A§lt§x§5§E§D§D§D§3§li§x§5§F§E§0§C§C§lc §x§5§F§E§0§C§C§lH§x§5§E§D§D§D§3§la§x§5§E§D§B§D§A§lt§x§5§E§D§9§E§1§ls §x§5§D§D§4§E§E§lK§x§5§C§D§1§F§5§le§x§5§C§C§F§F§C§ly to Zypher_0w0 for $80,000.
[01:50:20] > mae buy x1 §f§l§x§F§C§D§0§5§CW§x§F§B§B§6§5§1u§x§F§A§9§C§4§5k§x§F§9§8§2§3§Ao§x§F§8§6§8§2§En§x§F§6§4§E§2§3g§x§F§5§3§4§1§7 §x§F§4§1§A§0§CG§x§F§3§0§0§0§0r§x§F§4§1§A§0§Ce§x§F§5§3§4§1§7a§x§F§6§4§E§2§3t§x§F§8§6§8§2§Es§x§F§9§8§2§3§Aw§x§F§A§9§C§4§5o§x§F§B§B§6§5§1r§x§F§C§D§0§5§Cd to octopus_01 for $50,000.
[01:50:55] > x1 §x§5§9§A§1§D§9§lA§x§7§1§A§E§D§Er§x§8§8§B§C§E§4c§x§A§0§C§9§E§9h§x§B§8§D§7§E§Fa§x§D§0§E§4§F§4n§x§E§7§F§2§F§Ag§fe§x§E§7§F§2§F§Al §x§B§8§D§7§E§FS§x§A§0§C§9§E§9w§x§8§8§B§C§E§4o§x§7§1§A§E§D§Er§x§5§9§A§1§D§9d, item of fantoofy, has just expired, the item is definitively deleted.
[01:50:55] > x1 §x§5§9§A§1§D§9§lA§x§6§E§A§D§D§Er§x§8§3§B§9§E§3c§x§9§7§C§4§E§7h§x§A§C§D§0§E§Ca§x§C§1§D§C§F§1n§x§D§6§E§8§F§6g§x§E§A§F§3§F§Ae§fl §x§D§0§E§4§F§4S§x§B§8§D§7§E§Fh§x§A§0§C§9§E§9o§x§8§8§B§C§E§4v§x§7§1§A§E§D§Ee§x§5§9§A§1§D§9l, item of fantoofy, has just expired, the item is definitively deleted.
[01:50:55] > x1 §fShogun Staff, item of fantoofy, has just expired, the item is definitively deleted.
[01:50:55] > x1 §x§F§F§3§E§0§0§lD§x§F§F§3§7§0§0§le§x§F§F§3§0§0§0§lm§x§F§F§2§9§0§0§lo§x§F§F§2§2§0§0§ln §x§F§F§1§5§0§0§lL§x§F§F§0§E§0§0§lo§x§F§F§0§7§0§0§lr§x§F§F§0§0§0§0§ld §x§F§F§0§E§0§0§lC§x§F§F§1§5§0§0§lr§x§F§F§1§C§0§0§lo§x§F§F§2§2§0§0§ls§x§F§F§2§9§0§0§ls§x§F§F§3§0§0§0§lb§x§F§F§3§7§0§0§lo§x§F§F§3§E§0§0§lw, item of azi, has just expired, the item is definitively deleted.
[01:50:55] > x1 Sculk shrieker, item of fantoofy, has just expired, the item is definitively deleted.
[01:50:55] > x1 GO TO B.E FOR STUFF IG?, item of fantoofy, has just expired, the item is definitively deleted.
[01:51:10] > mae remove x1 Elytra form buy
[01:51:10] > mae remove x1 §x§F§F§5§5§0§0§lsᴇʟʟᴡᴀɴᴅ §6- 10.0x form buy
[01:51:10] > mae remove x1 Clock form buy
[01:51:10] > mae remove x1 §fCow Plushie §6(#26/101) form buy
[01:51:10] > mae remove x1 §x§F§F§5§5§0§0§lsᴇʟʟᴡᴀɴᴅ §6- 5.0x form buy
[01:51:10] > mae remove x1 §x§5§C§C§F§F§C§lC§x§5§C§D§1§F§5§lo§x§5§D§D§4§E§E§ls§x§5§D§D§6§E§7§lm§x§5§E§D§9§E§1§le§x§5§E§D§B§D§A§lt§x§5§E§D§D§D§3§li§x§5§F§E§0§C§C§lc §x§5§F§E§0§C§C§lH§x§5§E§D§D§D§3§la§x§5§E§D§B§D§A§lt§x§5§E§D§9§E§1§ls §x§5§D§D§4§E§E§lK§x§5§C§D§1§F§5§le§x§5§C§C§F§F§C§ly form buy
[01:51:10] > mae remove x1 §x§5§C§C§F§F§C§lC§x§5§C§D§1§F§5§lo§x§5§D§D§4§E§E§ls§x§5§D§D§6§E§7§lm§x§5§E§D§9§E§1§le§x§5§E§D§B§D§A§lt§x§5§E§D§D§D§3§li§x§5§F§E§0§C§C§lc §x§5§F§E§0§C§C§lH§x§5§E§D§D§D§3§la§x§5§E§D§B§D§A§lt§x§5§E§D§9§E§1§ls §x§5§D§D§4§E§E§lK§x§5§C§D§1§F§5§le§x§5§C§C§F§F§C§ly form buy
[01:51:10] > mae remove x1 §x§5§C§C§F§F§C§lC§x§5§C§D§1§F§5§lo§x§5§D§D§4§E§E§ls§x§5§D§D§6§E§7§lm§x§5§E§D§9§E§1§le§x§5§E§D§B§D§A§lt§x§5§E§D§D§D§3§li§x§5§F§E§0§C§C§lc §x§5§F§E§0§C§C§lH§x§5§E§D§D§D§3§la§x§5§E§D§B§D§A§lt§x§5§E§D§9§E§1§ls §x§5§D§D§4§E§E§lK§x§5§C§D§1§F§5§le§x§5§C§C§F§F§C§ly form buy
[01:51:10] > mae remove x1 §x§5§C§C§F§F§C§lC§x§5§C§D§1§F§5§lo§x§5§D§D§4§E§E§ls§x§5§D§D§6§E§7§lm§x§5§E§D§9§E§1§le§x§5§E§D§B§D§A§lt§x§5§E§D§D§D§3§li§x§5§F§E§0§C§C§lc §x§5§F§E§0§C§C§lH§x§5§E§D§D§D§3§la§x§5§E§D§B§D§A§lt§x§5§E§D§9§E§1§ls §x§5§D§D§4§E§E§lK§x§5§C§D§1§F§5§le§x§5§C§C§F§F§C§ly form buy
[01:51:10] > mae remove x64 Coal block form buy
[01:51:10] > mae remove x1 §f§l§x§F§C§D§0§5§CW§x§F§B§B§6§5§1u§x§F§A§9§C§4§5k§x§F§9§8§2§3§Ao§x§F§8§6§8§2§En§x§F§6§4§E§2§3g§x§F§5§3§4§1§7 §x§F§4§1§A§0§CG§x§F§3§0§0§0§0r§x§F§4§1§A§0§Ce§x§F§5§3§4§1§7a§x§F§6§4§E§2§3t§x§F§8§6§8§2§Es§x§F§9§8§2§3§Aw§x§F§A§9§C§4§5o§x§F§B§B§6§5§1r§x§F§C§D§0§5§Cd form buy
[01:51:10] > mae remove x1 §x§5§C§C§F§F§C§lC§x§5§C§D§1§F§5§lo§x§5§D§D§4§E§E§ls§x§5§D§D§6§E§7§lm§x§5§E§D§9§E§1§le§x§5§E§D§B§D§A§lt§x§5§E§D§D§D§3§li§x§5§F§E§0§C§C§lc §x§5§F§E§0§C§C§lH§x§5§E§D§D§D§3§la§x§5§E§D§B§D§A§lt§x§5§E§D§9§E§1§ls §x§5§D§D§4§E§E§lK§x§5§C§D§1§F§5§le§x§5§C§C§F§F§C§ly form buy
[01:53:54] > king_ARK remove x1 §x§F§F§5§5§0§0§lsᴇʟʟᴡᴀɴᴅ §6- 5.0x from buy
[01:58:02] > Cristianndi buy x1 §x§F§F§3§E§0§0§lD§x§F§F§3§7§0§0§le§x§F§F§3§0§0§0§lm§x§F§F§2§9§0§0§lo§x§F§F§2§2§0§0§ln §x§F§F§1§5§0§0§lL§x§F§F§0§E§0§0§lo§x§F§F§0§7§0§0§lr§x§F§F§0§0§0§0§ld §x§F§F§0§E§0§0§lF§x§F§F§1§5§0§0§lr§x§F§F§1§C§0§0§la§x§F§F§2§2§0§0§lg§x§F§F§2§9§0§0§lm§x§F§F§3§0§0§0§le§x§F§F§3§7§0§0§ln§x§F§F§3§E§0§0§lt to HPMR_GaMerz for $150,000.
[01:58:06] > Cristianndi remove x1 §x§F§F§3§E§0§0§lD§x§F§F§3§7§0§0§le§x§F§F§3§0§0§0§lm§x§F§F§2§9§0§0§lo§x§F§F§2§2§0§0§ln §x§F§F§1§5§0§0§lL§x§F§F§0§E§0§0§lo§x§F§F§0§7§0§0§lr§x§F§F§0§0§0§0§ld §x§F§F§0§E§0§0§lF§x§F§F§1§5§0§0§lr§x§F§F§1§C§0§0§la§x§F§F§2§2§0§0§lg§x§F§F§2§9§0§0§lm§x§F§F§3§0§0§0§le§x§F§F§3§7§0§0§ln§x§F§F§3§E§0§0§lt from buy
[01:58:49] > MrGh0st1y remove x1 DEOSHOP IS BUYING WITCH SPAWNER FOR 400k from storage
[01:59:25] > MrGh0st1y added x1 §f§l§x§F§C§D§0§5§CW§x§F§B§A§D§4§Du§x§F§9§8§B§3§Dk§x§F§8§6§8§2§Eo§x§F§6§4§5§1§Fn§x§F§5§2§3§0§Fg§x§F§3§0§0§0§0 §x§F§5§2§3§0§FS§x§F§6§4§5§1§Fh§x§F§8§6§8§2§Ei§x§F§9§8§B§3§De§x§F§B§A§D§4§Dl§x§F§C§D§0§5§Cd in auction for 150000.
[02:11:10] > mae added x1 §x§F§F§3§E§0§0§lDemon Lord Wings in auction for 1500000.
[02:34:36] > shelby added x1 §x§F§F§5§5§0§0§lsᴇʟʟᴡᴀɴᴅ §6- 5.0x in auction for 100000.
[02:34:44] > king_ARK buy x1 §x§F§F§5§5§0§0§lsᴇʟʟᴡᴀɴᴅ §6- 5.0x to shelby for $100,000.
[03:09:48] > Cristianndi added x1 §f§l§x§F§C§D§0§5§CW§x§F§A§A§A§4§Bu§x§F§9§8§4§3§Bk§x§F§7§5§F§2§Ao§x§F§5§3§9§1§9n§x§F§4§1§3§0§8g §x§F§5§3§9§1§9S§x§F§7§5§F§2§At§x§F§9§8§4§3§Bi§x§F§A§A§A§4§Bc§x§F§C§D§0§5§Ck in auction for 100000.
[03:11:45] > shelby added x1 §x§F§F§5§5§0§0§lsᴇʟʟᴡᴀɴᴅ §6- 10.0x in auction for 200000.
[03:11:55] > BlackKnight buy x1 §x§F§F§5§5§0§0§lsᴇʟʟᴡᴀɴᴅ §6- 10.0x to shelby for $200,000.
[03:12:09] > shelby buy x1 §x§E§5§1§B§1§B§lDracula Key to Zypher_0w0 for $150,000.
[03:12:17] > BlackKnight remove x1 §x§F§F§5§5§0§0§lsᴇʟʟᴡᴀɴᴅ §6- 10.0x from buy
[03:15:43] > shelby remove x2 §x§F§C§D§0§5§C§lB§x§E§6§D§3§6§B§la§x§C§F§D§5§7§A§ls§x§B§9§D§8§8§9§li§x§A§2§D§A§9§8§lc §x§7§5§D§F§B§6§lC§x§5§F§E§2§C§5§lr§x§7§5§D§F§B§6§la§x§8§C§D§D§A§7§lt§x§A§2§D§A§9§8§le §x§C§F§D§5§7§A§lK§x§E§6§D§3§6§B§le§x§F§C§D§0§5§C§ly from buy
[03:15:44] > shelby remove x1 §x§E§5§1§B§1§B§lDracula Key from buy
[03:26:38] > BlackKnight buy x1 §x§E§5§1§B§1§B§lDracula Boots to .SharkyisHungry for $150,000.
[03:26:43] > BlackKnight remove x1 §x§E§5§1§B§1§B§lDracula Boots from buy
[03:34:58] > king_ARK buy x1 §x§F§F§5§5§0§0§lsᴇʟʟᴡᴀɴᴅ §6- 5.0x to kopo555 for $400,000.
[03:35:29] > king_ARK remove x1 §x§F§F§5§5§0§0§lsᴇʟʟᴡᴀɴᴅ §6- 5.0x from buy
[03:35:30] > king_ARK remove x1 §x§F§F§5§5§0§0§lsᴇʟʟᴡᴀɴᴅ §6- 5.0x from buy
[03:35:30] > king_ARK remove x1 Music disc 13 from buy
[04:27:21] > BlackKnight buy x1 §x§F§F§3§E§0§0§lD§x§F§F§3§6§0§0§le§x§F§F§2§F§0§0§lm§x§F§F§2§7§0§0§lo§x§F§F§1§F§0§0§ln §x§F§F§1§0§0§0§lL§x§F§F§0§8§0§0§lo§x§F§F§0§0§0§0§lr§x§F§F§0§8§0§0§ld §x§F§F§1§7§0§0§lS§x§F§F§1§F§0§0§lh§x§F§F§2§7§0§0§lo§x§F§F§2§F§0§0§lv§x§F§F§3§6§0§0§le§x§F§F§3§E§0§0§ll to imnectarfr for $100,000.
[04:27:43] > BlackKnight remove x1 §x§F§F§3§E§0§0§lD§x§F§F§3§6§0§0§le§x§F§F§2§F§0§0§lm§x§F§F§2§7§0§0§lo§x§F§F§1§F§0§0§ln §x§F§F§1§0§0§0§lL§x§F§F§0§8§0§0§lo§x§F§F§0§0§0§0§lr§x§F§F§0§8§0§0§ld §x§F§F§1§7§0§0§lS§x§F§F§1§F§0§0§lh§x§F§F§2§7§0§0§lo§x§F§F§2§F§0§0§lv§x§F§F§3§6§0§0§le§x§F§F§3§E§0§0§ll from buy
[04:57:24] > Runz added x14 §x§C§9§A§7§F§C§lL§x§B§D§A§E§F§6§le§x§B§1§B§4§F§0§lg§x§A§6§B§B§E§A§le§x§9§A§C§1§E§4§ln§x§8§E§C§8§D§D§ld§x§8§2§C§E§D§7§la§x§7§7§D§5§D§1§lr§x§6§B§D§B§C§B§ly §x§6§B§D§B§C§B§lC§x§7§7§D§5§D§1§lr§x§8§2§C§E§D§7§la§x§8§E§C§8§D§D§lt§x§9§A§C§1§E§4§le §x§B§1§B§4§F§0§lK§x§B§D§A§E§F§6§le§x§C§9§A§7§F§C§ly in auction for 700000.
[05:00:34] > Puffingsponge added x1 §x§F§C§D§0§5§C§lB§x§E§6§D§3§6§B§la§x§C§F§D§5§7§A§ls§x§B§9§D§8§8§9§li§x§A§2§D§A§9§8§lc §x§7§5§D§F§B§6§lC§x§5§F§E§2§C§5§lr§x§7§5§D§F§B§6§la§x§8§C§D§D§A§7§lt§x§A§2§D§A§9§8§le §x§C§F§D§5§7§A§lK§x§E§6§D§3§6§B§le§x§F§C§D§0§5§C§ly in auction for 10.
[05:01:02] > 0reoLove0 buy x2 Dried ghast to minecraft for $100,000.
[05:01:54] > 0reoLove0 remove x2 Dried ghast from buy
[05:17:39] > kopo555 buy x1 §x§F§C§D§0§5§C§lB§x§E§6§D§3§6§B§la§x§C§F§D§5§7§A§ls§x§B§9§D§8§8§9§li§x§A§2§D§A§9§8§lc §x§7§5§D§F§B§6§lC§x§5§F§E§2§C§5§lr§x§7§5§D§F§B§6§la§x§8§C§D§D§A§7§lt§x§A§2§D§A§9§8§le §x§C§F§D§5§7§A§lK§x§E§6§D§3§6§B§le§x§F§C§D§0§5§C§ly to Puffingsponge for $10.
[07:03:11] > HEYkay27 remove x1 §x§F§F§3§E§0§0§lD§x§F§F§3§7§0§0§le§x§F§F§3§0§0§0§lm§x§F§F§2§9§0§0§lo§x§F§F§2§2§0§0§ln §x§F§F§1§5§0§0§lL§x§F§F§0§E§0§0§lo§x§F§F§0§7§0§0§lr§x§F§F§0§0§0§0§ld §x§F§F§0§E§0§0§lL§x§F§F§1§5§0§0§le§x§F§F§1§C§0§0§lg§x§F§F§2§2§0§0§lg§x§F§F§2§9§0§0§li§x§F§F§3§0§0§0§ln§x§F§F§3§7§0§0§lg§x§F§F§3§E§0§0§ls form storage
[07:43:19] > .SharkyisHungry buy x1 §x§F§F§3§E§0§0§lD§x§F§F§3§8§0§0§le§x§F§F§3§2§0§0§lm§x§F§F§2§B§0§0§lo§x§F§F§2§5§0§0§ln §x§F§F§1§9§0§0§lL§x§F§F§1§3§0§0§lo§x§F§F§0§C§0§0§lr§x§F§F§0§6§0§0§ld §x§F§F§0§6§0§0§lB§x§F§F§0§C§0§0§la§x§F§F§1§3§0§0§lt§x§F§F§1§9§0§0§lt§x§F§F§1§F§0§0§ll§x§F§F§2§5§0§0§le §x§F§F§3§2§0§0§lA§x§F§F§3§8§0§0§lx§x§F§F§3§E§0§0§le to imnectarfr for $300,000.
[07:43:46] > .SharkyisHungry remove x1 §x§F§F§3§E§0§0§lD§x§F§F§3§8§0§0§le§x§F§F§3§2§0§0§lm§x§F§F§2§B§0§0§lo§x§F§F§2§5§0§0§ln §x§F§F§1§9§0§0§lL§x§F§F§1§3§0§0§lo§x§F§F§0§C§0§0§lr§x§F§F§0§6§0§0§ld §x§F§F§0§6§0§0§lB§x§F§F§0§C§0§0§la§x§F§F§1§3§0§0§lt§x§F§F§1§9§0§0§lt§x§F§F§1§F§0§0§ll§x§F§F§2§5§0§0§le §x§F§F§3§2§0§0§lA§x§F§F§3§8§0§0§lx§x§F§F§3§E§0§0§le from buy
[08:03:24] > Runz remove x64 Wind charge from buy
[08:10:15] > .SharkyisHungry remove x1 §f§l§x§F§C§D§0§5§CW§x§F§B§B§2§4§Fu§x§F§9§9§5§4§2k§x§F§8§7§7§3§5o§x§F§7§5§9§2§7n§x§F§6§3§B§1§Ag§x§F§4§1§E§0§D §x§F§3§0§0§0§0C§x§F§4§1§E§0§Dr§x§F§6§3§B§1§Ao§x§F§7§5§9§2§7s§x§F§8§7§7§3§5s§x§F§9§9§5§4§2b§x§F§B§B§2§4§Fo§x§F§C§D§0§5§Cw from storage
[08:16:42] > .SharkyisHungry added x1 §f§l§x§F§C§D§0§5§CW§x§F§B§B§2§4§Fu§x§F§9§9§5§4§2k§x§F§8§7§7§3§5o§x§F§7§5§9§2§7n§x§F§6§3§B§1§Ag§x§F§4§1§E§0§D §x§F§3§0§0§0§0C§x§F§4§1§E§0§Dr§x§F§6§3§B§1§Ao§x§F§7§5§9§2§7s§x§F§8§7§7§3§5s§x§F§9§9§5§4§2b§x§F§B§B§2§4§Fo§x§F§C§D§0§5§Cw in auction for 150000.
[08:42:58] > tic_sz remove x1 §x§F§F§3§E§0§0§lDemon Lord Wings from storage
[09:15:27] > .BoredSwing20 added x1 §x§C§9§A§7§F§C§lL§x§B§D§A§E§F§6§le§x§B§1§B§4§F§0§lg§x§A§6§B§B§E§A§le§x§9§A§C§1§E§4§ln§x§8§E§C§8§D§D§ld§x§8§2§C§E§D§7§la§x§7§7§D§5§D§1§lr§x§6§B§D§B§C§B§ly §x§6§B§D§B§C§B§lC§x§7§7§D§5§D§1§lr§x§8§2§C§E§D§7§la§x§8§E§C§8§D§D§lt§x§9§A§C§1§E§4§le §x§B§1§B§4§F§0§lK§x§B§D§A§E§F§6§le§x§C§9§A§7§F§C§ly in auction for 50000.
[09:15:41] > .BoredSwing20 added x1 §x§C§9§A§7§F§C§lL§x§B§D§A§E§F§6§le§x§B§1§B§4§F§0§lg§x§A§6§B§B§E§A§le§x§9§A§C§1§E§4§ln§x§8§E§C§8§D§D§ld§x§8§2§C§E§D§7§la§x§7§7§D§5§D§1§lr§x§6§B§D§B§C§B§ly §x§6§B§D§B§C§B§lC§x§7§7§D§5§D§1§lr§x§8§2§C§E§D§7§la§x§8§E§C§8§D§D§lt§x§9§A§C§1§E§4§le §x§B§1§B§4§F§0§lK§x§B§D§A§E§F§6§le§x§C§9§A§7§F§C§ly in auction for 50000.
[09:17:50] > .BoredSwing20 remove x1 §x§C§9§A§7§F§C§lL§x§B§D§A§E§F§6§le§x§B§1§B§4§F§0§lg§x§A§6§B§B§E§A§le§x§9§A§C§1§E§4§ln§x§8§E§C§8§D§D§ld§x§8§2§C§E§D§7§la§x§7§7§D§5§D§1§lr§x§6§B§D§B§C§B§ly §x§6§B§D§B§C§B§lC§x§7§7§D§5§D§1§lr§x§8§2§C§E§D§7§la§x§8§E§C§8§D§D§lt§x§9§A§C§1§E§4§le §x§B§1§B§4§F§0§lK§x§B§D§A§E§F§6§le§x§C§9§A§7§F§C§ly from storage
[09:18:34] > .BoredSwing20 remove x1 §x§C§9§A§7§F§C§lL§x§B§D§A§E§F§6§le§x§B§1§B§4§F§0§lg§x§A§6§B§B§E§A§le§x§9§A§C§1§E§4§ln§x§8§E§C§8§D§D§ld§x§8§2§C§E§D§7§la§x§7§7§D§5§D§1§lr§x§6§B§D§B§C§B§ly §x§6§B§D§B§C§B§lC§x§7§7§D§5§D§1§lr§x§8§2§C§E§D§7§la§x§8§E§C§8§D§D§lt§x§9§A§C§1§E§4§le §x§B§1§B§4§F§0§lK§x§B§D§A§E§F§6§le§x§C§9§A§7§F§C§ly from storage
[09:18:51] > .BoredSwing20 added x1 §x§C§9§A§7§F§C§lL§x§B§D§A§E§F§6§le§x§B§1§B§4§F§0§lg§x§A§6§B§B§E§A§le§x§9§A§C§1§E§4§ln§x§8§E§C§8§D§D§ld§x§8§2§C§E§D§7§la§x§7§7§D§5§D§1§lr§x§6§B§D§B§C§B§ly §x§6§B§D§B§C§B§lC§x§7§7§D§5§D§1§lr§x§8§2§C§E§D§7§la§x§8§E§C§8§D§D§lt§x§9§A§C§1§E§4§le §x§B§1§B§4§F§0§lK§x§B§D§A§E§F§6§le§x§C§9§A§7§F§C§ly in auction for 40000.
[09:19:04] > .BoredSwing20 added x1 §x§C§9§A§7§F§C§lL§x§B§D§A§E§F§6§le§x§B§1§B§4§F§0§lg§x§A§6§B§B§E§A§le§x§9§A§C§1§E§4§ln§x§8§E§C§8§D§D§ld§x§8§2§C§E§D§7§la§x§7§7§D§5§D§1§lr§x§6§B§D§B§C§B§ly §x§6§B§D§B§C§B§lC§x§7§7§D§5§D§1§lr§x§8§2§C§E§D§7§la§x§8§E§C§8§D§D§lt§x§9§A§C§1§E§4§le §x§B§1§B§4§F§0§lK§x§B§D§A§E§F§6§le§x§C§9§A§7§F§C§ly in auction for 40000.
[09:21:15] > Pewpew buy x1 §x§C§9§A§7§F§C§lL§x§B§D§A§E§F§6§le§x§B§1§B§4§F§0§lg§x§A§6§B§B§E§A§le§x§9§A§C§1§E§4§ln§x§8§E§C§8§D§D§ld§x§8§2§C§E§D§7§la§x§7§7§D§5§D§1§lr§x§6§B§D§B§C§B§ly §x§6§B§D§B§C§B§lC§x§7§7§D§5§D§1§lr§x§8§2§C§E§D§7§la§x§8§E§C§8§D§D§lt§x§9§A§C§1§E§4§le §x§B§1§B§4§F§0§lK§x§B§D§A§E§F§6§le§x§C§9§A§7§F§C§ly to .BoredSwing20 for $40,000.
[09:21:19] > Pewpew remove x1 §x§F§F§5§5§0§0§lsᴇʟʟᴡᴀɴᴅ §6- 5.0x form storage
[09:21:19] > Pewpew remove x1 §x§E§5§1§B§1§B§lDracula Leggings form storage
[09:21:19] > Pewpew remove x4 §x§F§F§3§E§0§0§lD§x§F§F§3§7§0§0§le§x§F§F§3§0§0§0§lm§x§F§F§2§9§0§0§lo§x§F§F§2§2§0§0§ln §x§F§F§1§5§0§0§lL§x§F§F§0§E§0§0§lo§x§F§F§0§7§0§0§lr§x§F§F§0§0§0§0§ld §x§F§F§0§E§0§0§lF§x§F§F§1§5§0§0§lr§x§F§F§1§C§0§0§la§x§F§F§2§2§0§0§lg§x§F§F§2§9§0§0§lm§x§F§F§3§0§0§0§le§x§F§F§3§7§0§0§ln§x§F§F§3§E§0§0§lt form storage
[09:22:09] > Pewpew remove x1 §x§C§9§A§7§F§C§lL§x§B§D§A§E§F§6§le§x§B§1§B§4§F§0§lg§x§A§6§B§B§E§A§le§x§9§A§C§1§E§4§ln§x§8§E§C§8§D§D§ld§x§8§2§C§E§D§7§la§x§7§7§D§5§D§1§lr§x§6§B§D§B§C§B§ly §x§6§B§D§B§C§B§lC§x§7§7§D§5§D§1§lr§x§8§2§C§E§D§7§la§x§8§E§C§8§D§D§lt§x§9§A§C§1§E§4§le §x§B§1§B§4§F§0§lK§x§B§D§A§E§F§6§le§x§C§9§A§7§F§C§ly from buy
[09:22:10] > Pewpew remove x46 Iron block from buy
[09:29:15] > Pewpew added x1 §f§l§x§F§C§D§0§5§CW§x§F§A§A§2§4§8u§x§F§8§7§4§3§3k§x§F§6§4§5§1§Fo§x§F§4§1§7§0§Ang§x§F§6§4§5§1§F §x§F§8§7§4§3§3H§x§F§A§A§2§4§8o§x§F§C§D§0§5§Ce in auction for 200000.
[09:29:29] > Pewpew added x1 §x§E§5§1§B§1§B§lDracula Leggings in auction for 100000.
[09:29:50] > Pewpew added x1 §f§l§x§F§C§D§0§5§CW§x§F§B§C§3§5§6u§x§F§B§B§6§5§1k§x§F§A§A§9§4§Bo§x§F§A§9§C§4§5n§x§F§9§8§F§3§Fg§x§F§9§8§2§3§A §x§F§8§7§5§3§4C§x§F§8§6§8§2§Eh§x§F§7§5§B§2§8e§x§F§6§4§E§2§3s§x§F§6§4§1§1§Dt§x§F§5§3§4§1§7p§x§F§5§2§7§1§1l§x§F§4§1§A§0§Ca§x§F§4§0§D§0§6t§x§F§3§0§0§0§0e in auction for 200000.
[09:34:35] > Pewpew added x1 §x§F§F§3§E§0§0§lD§x§F§F§3§6§0§0§le§x§F§F§2§F§0§0§lm§x§F§F§2§7§0§0§lo§x§F§F§1§F§0§0§ln §x§F§F§1§0§0§0§lL§x§F§F§0§8§0§0§lo§x§F§F§0§0§0§0§lr§x§F§F§0§8§0§0§ld §x§F§F§1§7§0§0§lS§x§F§F§1§F§0§0§lh§x§F§F§2§7§0§0§li§x§F§F§2§F§0§0§le§x§F§F§3§6§0§0§ll§x§F§F§3§E§0§0§ld in auction for 10000.
[09:34:40] > tic_sz buy x1 §x§F§F§3§E§0§0§lD§x§F§F§3§6§0§0§le§x§F§F§2§F§0§0§lm§x§F§F§2§7§0§0§lo§x§F§F§1§F§0§0§ln §x§F§F§1§0§0§0§lL§x§F§F§0§8§0§0§lo§x§F§F§0§0§0§0§lr§x§F§F§0§8§0§0§ld §x§F§F§1§7§0§0§lS§x§F§F§1§F§0§0§lh§x§F§F§2§7§0§0§li§x§F§F§2§F§0§0§le§x§F§F§3§6§0§0§ll§x§F§F§3§E§0§0§ld to Pewpew for $10,000.
[09:34:56] > Pewpew added x1 §x§F§F§3§E§0§0§lD§x§F§F§3§5§0§0§le§x§F§F§2§C§0§0§lm§x§F§F§2§3§0§0§lo§x§F§F§1§B§0§0§ln §x§F§F§0§9§0§0§lL§x§F§F§0§0§0§0§lo§x§F§F§0§A§0§0§lr§x§F§F§1§5§0§0§ld §x§F§F§2§9§0§0§lH§x§F§F§3§4§0§0§lo§x§F§F§3§E§0§0§le in auction for 200000.
[09:45:25] > tic_sz buy x1 §f§l§x§F§C§D§0§5§CW§x§F§B§C§3§5§6u§x§F§B§B§6§5§1k§x§F§A§A§9§4§Bo§x§F§A§9§C§4§5n§x§F§9§8§F§3§Fg§x§F§9§8§2§3§A §x§F§8§7§5§3§4C§x§F§8§6§8§2§Eh§x§F§7§5§B§2§8e§x§F§6§4§E§2§3s§x§F§6§4§1§1§Dt§x§F§5§3§4§1§7p§x§F§5§2§7§1§1l§x§F§4§1§A§0§Ca§x§F§4§0§D§0§6t§x§F§3§0§0§0§0e to Pewpew for $200,000.
[09:45:27] > tic_sz buy x1 §f§l§x§F§C§D§0§5§CW§x§F§B§A§D§4§Du§x§F§9§8§B§3§Dk§x§F§8§6§8§2§Eo§x§F§6§4§5§1§Fn§x§F§5§2§3§0§Fg§x§F§3§0§0§0§0 §x§F§5§2§3§0§FH§x§F§6§4§5§1§Fe§x§F§8§6§8§2§El§x§F§9§8§B§3§Dm§x§F§B§A§D§4§De§x§F§C§D§0§5§Ct to BlINDSTEELS for $100,000.
[09:45:34] > tic_sz remove x1 §f§l§x§F§C§D§0§5§CW§x§F§B§C§3§5§6u§x§F§B§B§6§5§1k§x§F§A§A§9§4§Bo§x§F§A§9§C§4§5n§x§F§9§8§F§3§Fg§x§F§9§8§2§3§A §x§F§8§7§5§3§4C§x§F§8§6§8§2§Eh§x§F§7§5§B§2§8e§x§F§6§4§E§2§3s§x§F§6§4§1§1§Dt§x§F§5§3§4§1§7p§x§F§5§2§7§1§1l§x§F§4§1§A§0§Ca§x§F§4§0§D§0§6t§x§F§3§0§0§0§0e from buy
[09:45:35] > tic_sz remove x1 §f§l§x§F§C§D§0§5§CW§x§F§B§A§D§4§Du§x§F§9§8§B§3§Dk§x§F§8§6§8§2§Eo§x§F§6§4§5§1§Fn§x§F§5§2§3§0§Fg§x§F§3§0§0§0§0 §x§F§5§2§3§0§FH§x§F§6§4§5§1§Fe§x§F§8§6§8§2§El§x§F§9§8§B§3§Dm§x§F§B§A§D§4§De§x§F§C§D§0§5§Ct from buy
[09:46:23] > Pewpew added x1 §x§F§F§3§E§0§0§lD§x§F§F§3§7§0§0§le§x§F§F§3§0§0§0§lm§x§F§F§2§9§0§0§lo§x§F§F§2§2§0§0§ln §x§F§F§1§5§0§0§lL§x§F§F§0§E§0§0§lo§x§F§F§0§7§0§0§lr§x§F§F§0§0§0§0§ld §x§F§F§0§E§0§0§lF§x§F§F§1§5§0§0§lr§x§F§F§1§C§0§0§la§x§F§F§2§2§0§0§lg§x§F§F§2§9§0§0§lm§x§F§F§3§0§0§0§le§x§F§F§3§7§0§0§ln§x§F§F§3§E§0§0§lt in auction for 100000.
[09:48:24] > Zee_ buy x1 §x§F§F§5§5§0§0§lsᴇʟʟᴡᴀɴᴅ §6- 10.0x to Cristianndi for $1,000,000.
[09:48:28] > Zee_ remove x1 §x§F§F§5§5§0§0§lsᴇʟʟᴡᴀɴᴅ §6- 10.0x from buy
[09:57:41] > anneyong added x64 §x§F§C§9§0§5§C§lE§x§E§6§9§C§6§B§lp§x§C§F§A§7§7§A§li§x§B§9§B§3§8§9§lc §x§8§C§C§B§A§7§lC§x§7§5§D§6§B§6§lr§x§5§F§E§2§C§5§la§x§7§9§D§4§B§4§lt§x§9§3§C§7§A§2§le §x§C§8§A§B§7§F§lK§x§E§2§9§E§6§E§le§x§F§C§9§0§5§C§ly in auction for 999999.
[10:09:38] > Cooldoggiexd buy x1 §x§F§F§3§E§0§0§lD§x§F§F§3§7§0§0§le§x§F§F§3§0§0§0§lm§x§F§F§2§9§0§0§lo§x§F§F§2§2§0§0§ln §x§F§F§1§5§0§0§lL§x§F§F§0§E§0§0§lo§x§F§F§0§7§0§0§lr§x§F§F§0§0§0§0§ld §x§F§F§0§E§0§0§lF§x§F§F§1§5§0§0§lr§x§F§F§1§C§0§0§la§x§F§F§2§2§0§0§lg§x§F§F§2§9§0§0§lm§x§F§F§3§0§0§0§le§x§F§F§3§7§0§0§ln§x§F§F§3§E§0§0§lt to Pewpew for $100,000.
[10:09:40] > MochaFangs added x1 §x§C§9§A§7§F§C§lL§x§B§D§A§E§F§6§le§x§B§1§B§4§F§0§lg§x§A§6§B§B§E§A§le§x§9§A§C§1§E§4§ln§x§8§E§C§8§D§D§ld§x§8§2§C§E§D§7§la§x§7§7§D§5§D§1§lr§x§6§B§D§B§C§B§ly §x§6§B§D§B§C§B§lC§x§7§7§D§5§D§1§lr§x§8§2§C§E§D§7§la§x§8§E§C§8§D§D§lt§x§9§A§C§1§E§4§le §x§B§1§B§4§F§0§lK§x§B§D§A§E§F§6§le§x§C§9§A§7§F§C§ly in auction for 20000.
[10:09:56] > king_ARK buy x1 §x§C§9§A§7§F§C§lL§x§B§D§A§E§F§6§le§x§B§1§B§4§F§0§lg§x§A§6§B§B§E§A§le§x§9§A§C§1§E§4§ln§x§8§E§C§8§D§D§ld§x§8§2§C§E§D§7§la§x§7§7§D§5§D§1§lr§x§6§B§D§B§C§B§ly §x§6§B§D§B§C§B§lC§x§7§7§D§5§D§1§lr§x§8§2§C§E§D§7§la§x§8§E§C§8§D§D§lt§x§9§A§C§1§E§4§le §x§B§1§B§4§F§0§lK§x§B§D§A§E§F§6§le§x§C§9§A§7§F§C§ly to MochaFangs for $20,000.
[10:10:45] > Cooldoggiexd remove x1 §x§F§F§3§E§0§0§lD§x§F§F§3§7§0§0§le§x§F§F§3§0§0§0§lm§x§F§F§2§9§0§0§lo§x§F§F§2§2§0§0§ln §x§F§F§1§5§0§0§lL§x§F§F§0§E§0§0§lo§x§F§F§0§7§0§0§lr§x§F§F§0§0§0§0§ld §x§F§F§0§E§0§0§lF§x§F§F§1§5§0§0§lr§x§F§F§1§C§0§0§la§x§F§F§2§2§0§0§lg§x§F§F§2§9§0§0§lm§x§F§F§3§0§0§0§le§x§F§F§3§7§0§0§ln§x§F§F§3§E§0§0§lt from buy
[10:10:45] > Cooldoggiexd remove x1 §f§l§x§F§C§D§0§5§CW§x§F§B§B§0§4§Eu§x§F§9§9§0§4§0k§x§F§8§7§0§3§2o§x§F§6§5§0§2§3n§x§F§5§3§0§1§5g§x§F§4§1§0§0§7 H§x§F§5§3§0§1§5a§x§F§6§5§0§2§3l§x§F§8§7§0§3§2b§x§F§9§9§0§4§0e§x§F§B§B§0§4§Er§x§F§C§D§0§5§Cd from buy
[10:10:46] > Cooldoggiexd remove x29 §x§F§C§D§0§5§C§lB§x§E§6§D§3§6§B§la§x§C§F§D§5§7§A§ls§x§B§9§D§8§8§9§li§x§A§2§D§A§9§8§lc §x§7§5§D§F§B§6§lC§x§5§F§E§2§C§5§lr§x§7§5§D§F§B§6§la§x§8§C§D§D§A§7§lt§x§A§2§D§A§9§8§le §x§C§F§D§5§7§A§lK§x§E§6§D§3§6§B§le§x§F§C§D§0§5§C§ly from buy
[10:18:18] > Runz added x1 §x§9§8§6§3§E§7§lG§x§9§0§7§5§E§2§lo§x§8§8§8§7§D§D§ld§x§8§0§9§9§D§8§ll§x§7§7§A§C§D§4§ly §x§6§7§D§0§C§A§lC§x§5§F§E§2§C§5§lr§x§6§7§D§0§C§A§la§x§6§F§B§E§C§F§lt§x§7§7§A§C§D§4§le §x§8§8§8§7§D§D§lK§x§9§0§7§5§E§2§le§x§9§8§6§3§E§7§ly in auction for 500000.
[10:18:38] > Runz added x3 §x§C§9§A§7§F§C§lL§x§B§D§A§E§F§6§le§x§B§1§B§4§F§0§lg§x§A§6§B§B§E§A§le§x§9§A§C§1§E§4§ln§x§8§E§C§8§D§D§ld§x§8§2§C§E§D§7§la§x§7§7§D§5§D§1§lr§x§6§B§D§B§C§B§ly §x§6§B§D§B§C§B§lC§x§7§7§D§5§D§1§lr§x§8§2§C§E§D§7§la§x§8§E§C§8§D§D§lt§x§9§A§C§1§E§4§le §x§B§1§B§4§F§0§lK§x§B§D§A§E§F§6§le§x§C§9§A§7§F§C§ly in auction for 150000.
[10:18:44] > Pewpew added x2 §x§5§C§C§F§F§C§lC§x§5§C§D§1§F§5§lo§x§5§D§D§4§E§E§ls§x§5§D§D§6§E§7§lm§x§5§E§D§9§E§1§le§x§5§E§D§B§D§A§lt§x§5§E§D§D§D§3§li§x§5§F§E§0§C§C§lc §x§5§F§E§0§C§C§lH§x§5§E§D§D§D§3§la§x§5§E§D§B§D§A§lt§x§5§E§D§9§E§1§ls §x§5§D§D§4§E§E§lK§x§5§C§D§1§F§5§le§x§5§C§C§F§F§C§ly in auction for 200000.
[10:18:56] > .SharkyisHungry added x1 §x§F§F§5§5§0§0§lsᴇʟʟᴡᴀɴᴅ §6- 10.0x in auction for 700000.
[10:19:02] > king_ARK buy x1 §x§F§F§5§5§0§0§lsᴇʟʟᴡᴀɴᴅ §6- 10.0x to .SharkyisHungry for $700,000.
[10:20:16] > st3ph426 added x1 §x§5§C§C§F§F§C§lC§x§5§C§D§1§F§5§lo§x§5§D§D§4§E§E§ls§x§5§D§D§6§E§7§lm§x§5§E§D§9§E§1§le§x§5§E§D§B§D§A§lt§x§5§E§D§D§D§3§li§x§5§F§E§0§C§C§lc §x§5§F§E§0§C§C§lH§x§5§E§D§D§D§3§la§x§5§E§D§B§D§A§lt§x§5§E§D§9§E§1§ls §x§5§D§D§4§E§E§lK§x§5§C§D§1§F§5§le§x§5§C§C§F§F§C§ly in auction for 20000.
[10:20:25] > MochaFangs added x3 Wither skeleton skull in auction for 200000.
[10:21:18] > st3ph426 buy x1 Elytra to ELITEAtlas for $10.
[10:21:22] > Runz added x1 §esᴋᴇʟᴇᴛᴏɴ sᴘᴀᴡɴᴇʀ in auction for 350000.
[10:21:28] > st3ph426 remove x1 Elytra from buy
[10:22:03] > HEYkay27 added x1 §x§F§F§5§5§0§0§lsᴇʟʟᴡᴀɴᴅ §6- 10.0x in auction for 1000000.
[10:22:13] > .SharkyisHungry buy x1 §x§C§9§A§7§F§C§lL§x§B§D§A§E§F§6§le§x§B§1§B§4§F§0§lg§x§A§6§B§B§E§A§le§x§9§A§C§1§E§4§ln§x§8§E§C§8§D§D§ld§x§8§2§C§E§D§7§la§x§7§7§D§5§D§1§lr§x§6§B§D§B§C§B§ly §x§6§B§D§B§C§B§lC§x§7§7§D§5§D§1§lr§x§8§2§C§E§D§7§la§x§8§E§C§8§D§D§lt§x§9§A§C§1§E§4§le §x§B§1§B§4§F§0§lK§x§B§D§A§E§F§6§le§x§C§9§A§7§F§C§ly to .BoredSwing20 for $40,000.
[10:22:49] > Zee_ added x1 §eᴡɪᴛᴄʜ ꜱᴘᴀᴡɴᴇʀ in auction for 1000000.
[10:22:59] > MrGh0st1y buy x1 §eᴡɪᴛᴄʜ ꜱᴘᴀᴡɴᴇʀ to Zee_ for $1,000,000.
[10:23:15] > MrGh0st1y remove x1 §esʜᴇᴇᴘ sᴘᴀᴡɴᴇʀ from storage
[10:23:24] > st3ph426 added x14 Shulker shell in auction for 200000.
[10:23:33] > MrGh0st1y remove x1 §eᴡɪᴛᴄʜ ꜱᴘᴀᴡɴᴇʀ from buy
[10:23:35] > MochaFangs added x1 §eᴡɪᴛᴄʜ ꜱᴘᴀᴡɴᴇʀ in auction for 500000.
[10:23:39] > giyahnpogi buy x1 §eᴡɪᴛᴄʜ ꜱᴘᴀᴡɴᴇʀ to MochaFangs for $500,000.
[10:23:39] > st3ph426 remove x14 Shulker shell from storage
[10:23:48] > st3ph426 added x14 Shulker shell in auction for 300000.
[10:24:03] > HEYkay27 remove x1 §x§F§F§5§5§0§0§lsᴇʟʟᴡᴀɴᴅ §6- 10.0x from storage
[10:24:13] > MochaFangs added x2 Nether star in auction for 400000.
[10:24:14] > TostyZura added x1 §esᴋᴇʟᴇᴛᴏɴ sᴘᴀᴡɴᴇʀ in auction for 150000.
[10:24:45] > .SharkyisHungry buy x1 §esᴋᴇʟᴇᴛᴏɴ sᴘᴀᴡɴᴇʀ to TostyZura for $150,000.
[10:24:48] > TostyZura added x1 §eᴢᴏᴍʙɪᴇ sᴘᴀᴡɴᴇʀ in auction for 150000.
[10:25:07] > .SharkyisHungry buy x1 §eᴢᴏᴍʙɪᴇ sᴘᴀᴡɴᴇʀ to TostyZura for $150,000.
[10:25:41] > MochaFangs added x1 §eᴄᴏᴡ sᴘᴀᴡɴᴇʀ in auction for 250000.
[10:26:15] > TostyZura added x10 §x§F§C§9§0§5§C§lE§x§E§6§9§C§6§B§lp§x§C§F§A§7§7§A§li§x§B§9§B§3§8§9§lc §x§8§C§C§B§A§7§lC§x§7§5§D§6§B§6§lr§x§5§F§E§2§C§5§la§x§7§9§D§4§B§4§lt§x§9§3§C§7§A§2§le §x§C§8§A§B§7§F§lK§x§E§2§9§E§6§E§le§x§F§C§9§0§5§C§ly in auction for 1000.
[10:26:22] > giyahnpogi buy x10 §x§F§C§9§0§5§C§lE§x§E§6§9§C§6§B§lp§x§C§F§A§7§7§A§li§x§B§9§B§3§8§9§lc §x§8§C§C§B§A§7§lC§x§7§5§D§6§B§6§lr§x§5§F§E§2§C§5§la§x§7§9§D§4§B§4§lt§x§9§3§C§7§A§2§le §x§C§8§A§B§7§F§lK§x§E§2§9§E§6§E§le§x§F§C§9§0§5§C§ly to TostyZura for $1,000.
[10:26:55] > TostyZura added x5 §x§F§C§D§0§5§C§lB§x§E§6§D§3§6§B§la§x§C§F§D§5§7§A§ls§x§B§9§D§8§8§9§li§x§A§2§D§A§9§8§lc §x§7§5§D§F§B§6§lC§x§5§F§E§2§C§5§lr§x§7§5§D§F§B§6§la§x§8§C§D§D§A§7§lt§x§A§2§D§A§9§8§le §x§C§F§D§5§7§A§lK§x§E§6§D§3§6§B§le§x§F§C§D§0§5§C§ly in auction for 100.
[10:28:22] > x1 §eɪʀᴏɴ ɢᴏʟᴇᴍ sᴘᴀᴡɴᴇʀ, item of Kwienn, has just expired, the item is definitively deleted.
[10:28:27] > HEYkay27 remove x1 §x§F§F§5§5§0§0§lsᴇʟʟᴡᴀɴᴅ §6- 10.0x from expire
[10:31:54] > .SharkyisHungry added x1 §9§lCrab Claw in auction for 100000.
[10:32:08] > .SharkyisHungry added x1 §e§lCrab Scale in auction for 100000.
[10:43:17] > giyahnpogi added x1 §f§l§x§F§C§D§0§5§CW§x§F§A§A§2§4§8u§x§F§8§7§4§3§3k§x§F§6§4§5§1§Fo§x§F§4§1§7§0§Ang§x§F§6§4§5§1§F §x§F§8§7§4§3§3A§x§F§A§A§2§4§8x§x§F§C§D§0§5§Ce in auction for 500000.
[10:43:47] > .shirowonkies buy x5 §x§F§C§D§0§5§C§lB§x§E§6§D§3§6§B§la§x§C§F§D§5§7§A§ls§x§B§9§D§8§8§9§li§x§A§2§D§A§9§8§lc §x§7§5§D§F§B§6§lC§x§5§F§E§2§C§5§lr§x§7§5§D§F§B§6§la§x§8§C§D§D§A§7§lt§x§A§2§D§A§9§8§le §x§C§F§D§5§7§A§lK§x§E§6§D§3§6§B§le§x§F§C§D§0§5§C§ly to TostyZura for $100.
[10:44:24] > .shirowonkies buy x1 §x§5§C§C§F§F§C§lC§x§5§C§D§1§F§5§lo§x§5§D§D§4§E§E§ls§x§5§D§D§6§E§7§lm§x§5§E§D§9§E§1§le§x§5§E§D§B§D§A§lt§x§5§E§D§D§D§3§li§x§5§F§E§0§C§C§lc §x§5§F§E§0§C§C§lH§x§5§E§D§D§D§3§la§x§5§E§D§B§D§A§lt§x§5§E§D§9§E§1§ls §x§5§D§D§4§E§E§lK§x§5§C§D§1§F§5§le§x§5§C§C§F§F§C§ly to st3ph426 for $20,000.
[10:44:50] > giyahnpogi remove x1 §f§l§x§8§A§0§0§F§FS§x§9§C§0§0§D§5h§x§A§D§0§0§A§Ai§x§B§F§0§0§8§0n§x§D§0§0§0§5§5e§x§E§2§0§0§2§B §x§F§3§0§0§0§0O§x§E§2§0§0§2§An§x§D§0§0§0§5§5i§x§B§F§0§0§8§0 §x§A§D§0§0§A§AA§x§9§C§0§0§D§5x§x§8§A§0§0§F§Fe from storage
[10:45:51] > st3ph426 added x2 Cooked cod in auction for 500000.
[10:50:03] > .shirowonkies remove x5 §x§F§C§D§0§5§C§lB§x§E§6§D§3§6§B§la§x§C§F§D§5§7§A§ls§x§B§9§D§8§8§9§li§x§A§2§D§A§9§8§lc §x§7§5§D§F§B§6§lC§x§5§F§E§2§C§5§lr§x§7§5§D§F§B§6§la§x§8§C§D§D§A§7§lt§x§A§2§D§A§9§8§le §x§C§F§D§5§7§A§lK§x§E§6§D§3§6§B§le§x§F§C§D§0§5§C§ly from buy
[10:50:04] > .shirowonkies remove x1 §x§5§C§C§F§F§C§lC§x§5§C§D§1§F§5§lo§x§5§D§D§4§E§E§ls§x§5§D§D§6§E§7§lm§x§5§E§D§9§E§1§le§x§5§E§D§B§D§A§lt§x§5§E§D§D§D§3§li§x§5§F§E§0§C§C§lc §x§5§F§E§0§C§C§lH§x§5§E§D§D§D§3§la§x§5§E§D§B§D§A§lt§x§5§E§D§9§E§1§ls §x§5§D§D§4§E§E§lK§x§5§C§D§1§F§5§le§x§5§C§C§F§F§C§ly from buy
[11:08:33] > Zypher_0w0 added x1 Melon Starterkit (save 305k dont buy from /shop) in auction for 343069.
[11:08:38] > TostyZura buy x1 Melon Starterkit (save 305k dont buy from /shop) to Zypher_0w0 for $343,069.
[11:09:26] > MochaFangs added x1 §x§C§9§A§7§F§C§lL§x§B§D§A§E§F§6§le§x§B§1§B§4§F§0§lg§x§A§6§B§B§E§A§le§x§9§A§C§1§E§4§ln§x§8§E§C§8§D§D§ld§x§8§2§C§E§D§7§la§x§7§7§D§5§D§1§lr§x§6§B§D§B§C§B§ly §x§6§B§D§B§C§B§lC§x§7§7§D§5§D§1§lr§x§8§2§C§E§D§7§la§x§8§E§C§8§D§D§lt§x§9§A§C§1§E§4§le §x§B§1§B§4§F§0§lK§x§B§D§A§E§F§6§le§x§C§9§A§7§F§C§ly in auction for 500000.
[11:12:20] > Zypher_0w0 added x1 §x§5§C§C§F§F§C§lC§x§5§C§D§1§F§5§lo§x§5§D§D§4§E§E§ls§x§5§D§D§6§E§7§lm§x§5§E§D§9§E§1§le§x§5§E§D§B§D§A§lt§x§5§E§D§D§D§3§li§x§5§F§E§0§C§C§lc §x§5§F§E§0§C§C§lH§x§5§E§D§D§D§3§la§x§5§E§D§B§D§A§lt§x§5§E§D§9§E§1§ls §x§5§D§D§4§E§E§lK§x§5§C§D§1§F§5§le§x§5§C§C§F§F§C§ly in auction for 80000.
[11:12:35] > Zypher_0w0 added x1 §x§5§C§C§F§F§C§lC§x§5§C§D§1§F§5§lo§x§5§D§D§4§E§E§ls§x§5§D§D§6§E§7§lm§x§5§E§D§9§E§1§le§x§5§E§D§B§D§A§lt§x§5§E§D§D§D§3§li§x§5§F§E§0§C§C§lc §x§5§F§E§0§C§C§lH§x§5§E§D§D§D§3§la§x§5§E§D§B§D§A§lt§x§5§E§D§9§E§1§ls §x§5§D§D§4§E§E§lK§x§5§C§D§1§F§5§le§x§5§C§C§F§F§C§ly in auction for 80000.
[11:12:47] > Zypher_0w0 added x1 §x§5§C§C§F§F§C§lC§x§5§C§D§1§F§5§lo§x§5§D§D§4§E§E§ls§x§5§D§D§6§E§7§lm§x§5§E§D§9§E§1§le§x§5§E§D§B§D§A§lt§x§5§E§D§D§D§3§li§x§5§F§E§0§C§C§lc §x§5§F§E§0§C§C§lH§x§5§E§D§D§D§3§la§x§5§E§D§B§D§A§lt§x§5§E§D§9§E§1§ls §x§5§D§D§4§E§E§lK§x§5§C§D§1§F§5§le§x§5§C§C§F§F§C§ly in auction for 80000.
[11:13:02] > Zypher_0w0 added x1 §x§5§C§C§F§F§C§lC§x§5§C§D§1§F§5§lo§x§5§D§D§4§E§E§ls§x§5§D§D§6§E§7§lm§x§5§E§D§9§E§1§le§x§5§E§D§B§D§A§lt§x§5§E§D§D§D§3§li§x§5§F§E§0§C§C§lc §x§5§F§E§0§C§C§lH§x§5§E§D§D§D§3§la§x§5§E§D§B§D§A§lt§x§5§E§D§9§E§1§ls §x§5§D§D§4§E§E§lK§x§5§C§D§1§F§5§le§x§5§C§C§F§F§C§ly in auction for 80000.
[11:20:19] > giyahnpogi remove x1 p/warp AceHardware for redstoners there from storage
[11:20:20] > giyahnpogi remove x1 AceHardware is officially open na. ConvenienceOnly from storage
[11:20:21] > giyahnpogi remove x1 /pwarps warp AceHardware (Piston & Observer) from storage
[11:21:21] > BlackKnight buy x1 Elytra to TostyZura for $1,500,000.
[11:21:27] > BlackKnight remove x1 Elytra from buy
[11:24:46] > MochaFangs added x1 §x§C§9§A§7§F§C§lL§x§B§D§A§E§F§6§le§x§B§1§B§4§F§0§lg§x§A§6§B§B§E§A§le§x§9§A§C§1§E§4§ln§x§8§E§C§8§D§D§ld§x§8§2§C§E§D§7§la§x§7§7§D§5§D§1§lr§x§6§B§D§B§C§B§ly §x§6§B§D§B§C§B§lC§x§7§7§D§5§D§1§lr§x§8§2§C§E§D§7§la§x§8§E§C§8§D§D§lt§x§9§A§C§1§E§4§le §x§B§1§B§4§F§0§lK§x§B§D§A§E§F§6§le§x§C§9§A§7§F§C§ly in auction for 250000.
[11:25:00] > octopus_01 added x1 §f§l§x§F§C§D§0§5§CW§x§F§A§A§A§4§Bu§x§F§9§8§4§3§Bk§x§F§7§5§F§2§Ao§x§F§5§3§9§1§9n§x§F§4§1§3§0§8g §x§F§5§3§9§1§9S§x§F§7§5§F§2§Ap§x§F§9§8§4§3§Be§x§F§A§A§A§4§Ba§x§F§C§D§0§5§Cr in auction for 50000.
[11:26:01] > Runz remove x1 §f§l§x§F§A§0§0§0§AD§x§F§A§1§E§1§6a§x§F§B§3§B§2§1r§x§F§B§5§9§2§Dk§x§F§B§7§7§3§9f§x§F§B§9§5§4§5l§x§F§C§B§2§5§0a§x§F§C§D§0§5§Cm§x§F§C§B§2§5§0e§x§F§B§9§5§4§5 §x§F§B§7§7§3§9S§x§F§B§5§9§2§Dt§x§F§B§3§B§2§1a§x§F§A§1§E§1§6f§x§F§A§0§0§0§Af from storage
[11:26:01] > Runz remove x1 §f§l§x§F§C§D§0§5§CW§x§F§B§B§6§5§1u§x§F§A§9§C§4§5k§x§F§9§8§2§3§Ao§x§F§8§6§8§2§En§x§F§6§4§E§2§3g§x§F§5§3§4§1§7 §x§F§4§1§A§0§CG§x§F§3§0§0§0§0r§x§F§4§1§A§0§Ce§x§F§5§3§4§1§7a§x§F§6§4§E§2§3t§x§F§8§6§8§2§Es§x§F§9§8§2§3§Aw§x§F§A§9§C§4§5o§x§F§B§B§6§5§1r§x§F§C§D§0§5§Cd from storage
[11:26:02] > Runz remove x1 §f§l§x§F§A§0§0§0§AD§x§F§A§1§5§1§2a§x§F§A§2§A§1§Ar§x§F§B§3§E§2§3k§x§F§B§5§3§2§Bf§x§F§B§6§8§3§3l§x§F§B§7§D§3§Ba§x§F§B§9§2§4§3m§x§F§C§A§6§4§Ce§x§F§C§B§B§5§4 §x§F§C§D§0§5§CF§x§F§C§B§B§5§4i§x§F§C§A§6§4§Cs§x§F§B§9§2§4§3h§x§F§B§7§D§3§Bi§x§F§B§6§8§3§3n§x§F§B§5§3§2§Bg§x§F§B§3§E§2§3 §x§F§A§2§A§1§AR§x§F§A§1§5§1§2o§x§F§A§0§0§0§Ad from storage
[11:26:03] > Runz remove x1 §f§l§x§F§A§0§0§0§AD§x§F§A§1§C§1§5a§x§F§B§3§7§2§0r§x§F§B§5§3§2§Bk§x§F§B§6§F§3§6f§x§F§B§8§B§4§1l§x§F§C§A§6§4§Ca§x§F§C§C§2§5§7me§x§F§C§A§6§4§C §x§F§B§8§B§4§1S§x§F§B§6§F§3§6i§x§F§B§5§3§2§Bc§x§F§B§3§7§2§0k§x§F§A§1§C§1§5l§x§F§A§0§0§0§Ae from storage
[11:26:29] > octopus_01 added x1 §f§l§x§F§C§D§0§5§CW§x§F§B§B§8§5§1u§x§F§A§9§F§4§6k§x§F§9§8§7§3§Co§x§F§8§6§E§3§1n§x§F§7§5§6§2§6g§x§F§6§3§D§1§B §x§F§5§2§5§1§0F§x§F§4§0§C§0§5is§x§F§5§2§5§1§0h§x§F§6§3§D§1§Bi§x§F§7§5§6§2§6n§x§F§8§6§E§3§1g§x§F§9§8§7§3§C §x§F§A§9§F§4§6R§x§F§B§B§8§5§1o§x§F§C§D§0§5§Cd in auction for 50000.
[11:26:35] > tic_sz buy x1 §f§l§x§F§C§D§0§5§CW§x§F§B§B§8§5§1u§x§F§A§9§F§4§6k§x§F§9§8§7§3§Co§x§F§8§6§E§3§1n§x§F§7§5§6§2§6g§x§F§6§3§D§1§B §x§F§5§2§5§1§0F§x§F§4§0§C§0§5is§x§F§5§2§5§1§0h§x§F§6§3§D§1§Bi§x§F§7§5§6§2§6n§x§F§8§6§E§3§1g§x§F§9§8§7§3§C §x§F§A§9§F§4§6R§x§F§B§B§8§5§1o§x§F§C§D§0§5§Cd to octopus_01 for $50,000.
[11:26:40] > Runz added x3 §x§F§F§3§E§0§0§lD§x§F§F§3§7§0§0§le§x§F§F§3§0§0§0§lm§x§F§F§2§9§0§0§lo§x§F§F§2§2§0§0§ln §x§F§F§1§5§0§0§lL§x§F§F§0§E§0§0§lo§x§F§F§0§7§0§0§lr§x§F§F§0§0§0§0§ld §x§F§F§0§E§0§0§lF§x§F§F§1§5§0§0§lr§x§F§F§1§C§0§0§la§x§F§F§2§2§0§0§lg§x§F§F§2§9§0§0§lm§x§F§F§3§0§0§0§le§x§F§F§3§7§0§0§ln§x§F§F§3§E§0§0§lt in auction for 300000.
[11:26:45] > octopus_01 added x1 §f§l§x§F§C§D§0§5§CW§x§F§B§A§D§4§Du§x§F§9§8§B§3§Dk§x§F§8§6§8§2§Eo§x§F§6§4§5§1§Fn§x§F§5§2§3§0§Fg§x§F§3§0§0§0§0 §x§F§5§2§3§0§FS§x§F§6§4§5§1§Fh§x§F§8§6§8§2§Ei§x§F§9§8§B§3§De§x§F§B§A§D§4§Dl§x§F§C§D§0§5§Cd in auction for 50000.
[11:26:52] > octopus_01 buy x3 §x§F§F§3§E§0§0§lD§x§F§F§3§7§0§0§le§x§F§F§3§0§0§0§lm§x§F§F§2§9§0§0§lo§x§F§F§2§2§0§0§ln §x§F§F§1§5§0§0§lL§x§F§F§0§E§0§0§lo§x§F§F§0§7§0§0§lr§x§F§F§0§0§0§0§ld §x§F§F§0§E§0§0§lF§x§F§F§1§5§0§0§lr§x§F§F§1§C§0§0§la§x§F§F§2§2§0§0§lg§x§F§F§2§9§0§0§lm§x§F§F§3§0§0§0§le§x§F§F§3§7§0§0§ln§x§F§F§3§E§0§0§lt to Runz for $300,000.
[11:26:58] > octopus_01 remove x3 §x§F§F§3§E§0§0§lD§x§F§F§3§7§0§0§le§x§F§F§3§0§0§0§lm§x§F§F§2§9§0§0§lo§x§F§F§2§2§0§0§ln §x§F§F§1§5§0§0§lL§x§F§F§0§E§0§0§lo§x§F§F§0§7§0§0§lr§x§F§F§0§0§0§0§ld §x§F§F§0§E§0§0§lF§x§F§F§1§5§0§0§lr§x§F§F§1§C§0§0§la§x§F§F§2§2§0§0§lg§x§F§F§2§9§0§0§lm§x§F§F§3§0§0§0§le§x§F§F§3§7§0§0§ln§x§F§F§3§E§0§0§lt from buy
[11:26:59] > octopus_01 remove x1 §x§F§F§5§5§0§0§lsᴇʟʟᴡᴀɴᴅ §6- 5.0x from buy
[11:26:59] > octopus_01 remove x1 §fSun Hat from buy
[11:27:00] > octopus_01 remove x1 §fFarmer Hat from buy
[11:27:01] > tic_sz remove x1 §f§l§x§F§C§D§0§5§CW§x§F§B§B§8§5§1u§x§F§A§9§F§4§6k§x§F§9§8§7§3§Co§x§F§8§6§E§3§1n§x§F§7§5§6§2§6g§x§F§6§3§D§1§B §x§F§5§2§5§1§0F§x§F§4§0§C§0§5is§x§F§5§2§5§1§0h§x§F§6§3§D§1§Bi§x§F§7§5§6§2§6n§x§F§8§6§E§3§1g§x§F§9§8§7§3§C §x§F§A§9§F§4§6R§x§F§B§B§8§5§1o§x§F§C§D§0§5§Cd from buy
[11:27:02] > tic_sz remove x1 §x§F§F§3§E§0§0§lD§x§F§F§3§6§0§0§le§x§F§F§2§F§0§0§lm§x§F§F§2§7§0§0§lo§x§F§F§1§F§0§0§ln §x§F§F§1§0§0§0§lL§x§F§F§0§8§0§0§lo§x§F§F§0§0§0§0§lr§x§F§F§0§8§0§0§ld §x§F§F§1§7§0§0§lS§x§F§F§1§F§0§0§lh§x§F§F§2§7§0§0§li§x§F§F§2§F§0§0§le§x§F§F§3§6§0§0§ll§x§F§F§3§E§0§0§ld from buy
[11:27:04] > Runz remove x14 §x§C§9§A§7§F§C§lL§x§B§D§A§E§F§6§le§x§B§1§B§4§F§0§lg§x§A§6§B§B§E§A§le§x§9§A§C§1§E§4§ln§x§8§E§C§8§D§D§ld§x§8§2§C§E§D§7§la§x§7§7§D§5§D§1§lr§x§6§B§D§B§C§B§ly §x§6§B§D§B§C§B§lC§x§7§7§D§5§D§1§lr§x§8§2§C§E§D§7§la§x§8§E§C§8§D§D§lt§x§9§A§C§1§E§4§le §x§B§1§B§4§F§0§lK§x§B§D§A§E§F§6§le§x§C§9§A§7§F§C§ly from storage
[11:27:06] > Runz remove x3 §x§C§9§A§7§F§C§lL§x§B§D§A§E§F§6§le§x§B§1§B§4§F§0§lg§x§A§6§B§B§E§A§le§x§9§A§C§1§E§4§ln§x§8§E§C§8§D§D§ld§x§8§2§C§E§D§7§la§x§7§7§D§5§D§1§lr§x§6§B§D§B§C§B§ly §x§6§B§D§B§C§B§lC§x§7§7§D§5§D§1§lr§x§8§2§C§E§D§7§la§x§8§E§C§8§D§D§lt§x§9§A§C§1§E§4§le §x§B§1§B§4§F§0§lK§x§B§D§A§E§F§6§le§x§C§9§A§7§F§C§ly from storage
[11:27:11] > anneyong added x5 §x§5§C§C§F§F§C§lC§x§5§C§D§1§F§5§lo§x§5§D§D§4§E§E§ls§x§5§D§D§6§E§7§lm§x§5§E§D§9§E§1§le§x§5§E§D§B§D§A§lt§x§5§E§D§D§D§3§li§x§5§F§E§0§C§C§lc §x§5§F§E§0§C§C§lH§x§5§E§D§D§D§3§la§x§5§E§D§B§D§A§lt§x§5§E§D§9§E§1§ls §x§5§D§D§4§E§E§lK§x§5§C§D§1§F§5§le§x§5§C§C§F§F§C§ly in auction for 400000.
[11:27:30] > Runz added x2 §x§C§9§A§7§F§C§lL§x§B§D§A§E§F§6§le§x§B§1§B§4§F§0§lg§x§A§6§B§B§E§A§le§x§9§A§C§1§E§4§ln§x§8§E§C§8§D§D§ld§x§8§2§C§E§D§7§la§x§7§7§D§5§D§1§lr§x§6§B§D§B§C§B§ly §x§6§B§D§B§C§B§lC§x§7§7§D§5§D§1§lr§x§8§2§C§E§D§7§la§x§8§E§C§8§D§D§lt§x§9§A§C§1§E§4§le §x§B§1§B§4§F§0§lK§x§B§D§A§E§F§6§le§x§C§9§A§7§F§C§ly in auction for 100000.
[11:27:43] > Runz added x2 §x§C§9§A§7§F§C§lL§x§B§D§A§E§F§6§le§x§B§1§B§4§F§0§lg§x§A§6§B§B§E§A§le§x§9§A§C§1§E§4§ln§x§8§E§C§8§D§D§ld§x§8§2§C§E§D§7§la§x§7§7§D§5§D§1§lr§x§6§B§D§B§C§B§ly §x§6§B§D§B§C§B§lC§x§7§7§D§5§D§1§lr§x§8§2§C§E§D§7§la§x§8§E§C§8§D§D§lt§x§9§A§C§1§E§4§le §x§B§1§B§4§F§0§lK§x§B§D§A§E§F§6§le§x§C§9§A§7§F§C§ly in auction for 100000.
[11:27:49] > anneyong remove x1 §f§l§x§F§C§D§0§5§CW§x§F§A§A§2§4§8u§x§F§8§7§4§3§3k§x§F§6§4§5§1§Fo§x§F§4§1§7§0§Ang§x§F§6§4§5§1§F §x§F§8§7§4§3§3H§x§F§A§A§2§4§8o§x§F§C§D§0§5§Ce form buy
[11:27:49] > anneyong remove x1 §x§C§9§A§7§F§C§lL§x§B§D§A§E§F§6§le§x§B§1§B§4§F§0§lg§x§A§6§B§B§E§A§le§x§9§A§C§1§E§4§ln§x§8§E§C§8§D§D§ld§x§8§2§C§E§D§7§la§x§7§7§D§5§D§1§lr§x§6§B§D§B§C§B§ly §x§6§B§D§B§C§B§lC§x§7§7§D§5§D§1§lr§x§8§2§C§E§D§7§la§x§8§E§C§8§D§D§lt§x§9§A§C§1§E§4§le §x§B§1§B§4§F§0§lK§x§B§D§A§E§F§6§le§x§C§9§A§7§F§C§ly form buy
[11:27:58] > Runz added x2 §x§C§9§A§7§F§C§lL§x§B§D§A§E§F§6§le§x§B§1§B§4§F§0§lg§x§A§6§B§B§E§A§le§x§9§A§C§1§E§4§ln§x§8§E§C§8§D§D§ld§x§8§2§C§E§D§7§la§x§7§7§D§5§D§1§lr§x§6§B§D§B§C§B§ly §x§6§B§D§B§C§B§lC§x§7§7§D§5§D§1§lr§x§8§2§C§E§D§7§la§x§8§E§C§8§D§D§lt§x§9§A§C§1§E§4§le §x§B§1§B§4§F§0§lK§x§B§D§A§E§F§6§le§x§C§9§A§7§F§C§ly in auction for 100000.
[11:28:03] > anneyong remove x64 §x§F§C§9§0§5§C§lE§x§E§6§9§C§6§B§lp§x§C§F§A§7§7§A§li§x§B§9§B§3§8§9§lc §x§8§C§C§B§A§7§lC§x§7§5§D§6§B§6§lr§x§5§F§E§2§C§5§la§x§7§9§D§4§B§4§lt§x§9§3§C§7§A§2§le §x§C§8§A§B§7§F§lK§x§E§2§9§E§6§E§le§x§F§C§9§0§5§C§ly form storage
[11:28:03] > anneyong remove x5 §x§5§C§C§F§F§C§lC§x§5§C§D§1§F§5§lo§x§5§D§D§4§E§E§ls§x§5§D§D§6§E§7§lm§x§5§E§D§9§E§1§le§x§5§E§D§B§D§A§lt§x§5§E§D§D§D§3§li§x§5§F§E§0§C§C§lc §x§5§F§E§0§C§C§lH§x§5§E§D§D§D§3§la§x§5§E§D§B§D§A§lt§x§5§E§D§9§E§1§ls §x§5§D§D§4§E§E§lK§x§5§C§D§1§F§5§le§x§5§C§C§F§F§C§ly form storage
[11:28:16] > Runz added x2 §x§C§9§A§7§F§C§lL§x§B§D§A§E§F§6§le§x§B§1§B§4§F§0§lg§x§A§6§B§B§E§A§le§x§9§A§C§1§E§4§ln§x§8§E§C§8§D§D§ld§x§8§2§C§E§D§7§la§x§7§7§D§5§D§1§lr§x§6§B§D§B§C§B§ly §x§6§B§D§B§C§B§lC§x§7§7§D§5§D§1§lr§x§8§2§C§E§D§7§la§x§8§E§C§8§D§D§lt§x§9§A§C§1§E§4§le §x§B§1§B§4§F§0§lK§x§B§D§A§E§F§6§le§x§C§9§A§7§F§C§ly in auction for 100000.
[11:28:29] > Runz added x2 §x§C§9§A§7§F§C§lL§x§B§D§A§E§F§6§le§x§B§1§B§4§F§0§lg§x§A§6§B§B§E§A§le§x§9§A§C§1§E§4§ln§x§8§E§C§8§D§D§ld§x§8§2§C§E§D§7§la§x§7§7§D§5§D§1§lr§x§6§B§D§B§C§B§ly §x§6§B§D§B§C§B§lC§x§7§7§D§5§D§1§lr§x§8§2§C§E§D§7§la§x§8§E§C§8§D§D§lt§x§9§A§C§1§E§4§le §x§B§1§B§4§F§0§lK§x§B§D§A§E§F§6§le§x§C§9§A§7§F§C§ly in auction for 100000.
[11:28:33] > anneyong added x64 §x§F§C§9§0§5§C§lE§x§E§6§9§C§6§B§lp§x§C§F§A§7§7§A§li§x§B§9§B§3§8§9§lc §x§8§C§C§B§A§7§lC§x§7§5§D§6§B§6§lr§x§5§F§E§2§C§5§la§x§7§9§D§4§B§4§lt§x§9§3§C§7§A§2§le §x§C§8§A§B§7§F§lK§x§E§2§9§E§6§E§le§x§F§C§9§0§5§C§ly in auction for 696969.
[11:28:47] > Runz added x2 §x§C§9§A§7§F§C§lL§x§B§D§A§E§F§6§le§x§B§1§B§4§F§0§lg§x§A§6§B§B§E§A§le§x§9§A§C§1§E§4§ln§x§8§E§C§8§D§D§ld§x§8§2§C§E§D§7§la§x§7§7§D§5§D§1§lr§x§6§B§D§B§C§B§ly §x§6§B§D§B§C§B§lC§x§7§7§D§5§D§1§lr§x§8§2§C§E§D§7§la§x§8§E§C§8§D§D§lt§x§9§A§C§1§E§4§le §x§B§1§B§4§F§0§lK§x§B§D§A§E§F§6§le§x§C§9§A§7§F§C§ly in auction for 100000.
[11:29:29] > anneyong remove x64 §x§F§C§9§0§5§C§lE§x§E§6§9§C§6§B§lp§x§C§F§A§7§7§A§li§x§B§9§B§3§8§9§lc §x§8§C§C§B§A§7§lC§x§7§5§D§6§B§6§lr§x§5§F§E§2§C§5§la§x§7§9§D§4§B§4§lt§x§9§3§C§7§A§2§le §x§C§8§A§B§7§F§lK§x§E§2§9§E§6§E§le§x§F§C§9§0§5§C§ly form storage
[11:29:50] > tic_sz added x2 Nether star in auction for 49000.
[11:30:00] > .BoredSwing20 buy x2 Nether star to tic_sz for $49,000.
[11:30:22] > tic_sz added x1 Nether star in auction for 20000.
[11:31:42] > tic_sz added x1 Nether star in auction for 20000.
[11:32:21] > tic_sz added x6 Shulker shell in auction for 15000.
[11:36:59] > .BoredSwing20 buy x6 Shulker shell to tic_sz for $15,000.
[11:37:12] > tic_sz buy x2 §x§C§9§A§7§F§C§lL§x§B§D§A§E§F§6§le§x§B§1§B§4§F§0§lg§x§A§6§B§B§E§A§le§x§9§A§C§1§E§4§ln§x§8§E§C§8§D§D§ld§x§8§2§C§E§D§7§la§x§7§7§D§5§D§1§lr§x§6§B§D§B§C§B§ly §x§6§B§D§B§C§B§lC§x§7§7§D§5§D§1§lr§x§8§2§C§E§D§7§la§x§8§E§C§8§D§D§lt§x§9§A§C§1§E§4§le §x§B§1§B§4§F§0§lK§x§B§D§A§E§F§6§le§x§C§9§A§7§F§C§ly to Runz for $100,000.
[11:37:15] > tic_sz buy x2 §x§C§9§A§7§F§C§lL§x§B§D§A§E§F§6§le§x§B§1§B§4§F§0§lg§x§A§6§B§B§E§A§le§x§9§A§C§1§E§4§ln§x§8§E§C§8§D§D§ld§x§8§2§C§E§D§7§la§x§7§7§D§5§D§1§lr§x§6§B§D§B§C§B§ly §x§6§B§D§B§C§B§lC§x§7§7§D§5§D§1§lr§x§8§2§C§E§D§7§la§x§8§E§C§8§D§D§lt§x§9§A§C§1§E§4§le §x§B§1§B§4§F§0§lK§x§B§D§A§E§F§6§le§x§C§9§A§7§F§C§ly to Runz for $100,000.
[11:37:22] > tic_sz remove x2 §x§C§9§A§7§F§C§lL§x§B§D§A§E§F§6§le§x§B§1§B§4§F§0§lg§x§A§6§B§B§E§A§le§x§9§A§C§1§E§4§ln§x§8§E§C§8§D§D§ld§x§8§2§C§E§D§7§la§x§7§7§D§5§D§1§lr§x§6§B§D§B§C§B§ly §x§6§B§D§B§C§B§lC§x§7§7§D§5§D§1§lr§x§8§2§C§E§D§7§la§x§8§E§C§8§D§D§lt§x§9§A§C§1§E§4§le §x§B§1§B§4§F§0§lK§x§B§D§A§E§F§6§le§x§C§9§A§7§F§C§ly from buy
[11:37:23] > tic_sz remove x2 §x§C§9§A§7§F§C§lL§x§B§D§A§E§F§6§le§x§B§1§B§4§F§0§lg§x§A§6§B§B§E§A§le§x§9§A§C§1§E§4§ln§x§8§E§C§8§D§D§ld§x§8§2§C§E§D§7§la§x§7§7§D§5§D§1§lr§x§6§B§D§B§C§B§ly §x§6§B§D§B§C§B§lC§x§7§7§D§5§D§1§lr§x§8§2§C§E§D§7§la§x§8§E§C§8§D§D§lt§x§9§A§C§1§E§4§le §x§B§1§B§4§F§0§lK§x§B§D§A§E§F§6§le§x§C§9§A§7§F§C§ly from buy
[11:38:03] > Keenorana added x1 §x§F§F§5§5§0§0§lsᴇʟʟᴡᴀɴᴅ §6- 5.0x in auction for 400000.
[11:38:11] > anneyong added x1 §f§l§x§F§C§D§0§5§CW§x§F§A§A§2§4§8u§x§F§8§7§4§3§3k§x§F§6§4§5§1§Fo§x§F§4§1§7§0§Ang§x§F§6§4§5§1§F §x§F§8§7§4§3§3H§x§F§A§A§2§4§8o§x§F§C§D§0§5§Ce in auction for 30000.
[11:38:14] > Zypher_0w0 buy x1 §x§F§F§5§5§0§0§lsᴇʟʟᴡᴀɴᴅ §6- 5.0x to Keenorana for $400,000.
[11:40:41] > giyahnpogi remove x10 §x§F§C§9§0§5§C§lE§x§E§6§9§C§6§B§lp§x§C§F§A§7§7§A§li§x§B§9§B§3§8§9§lc §x§8§C§C§B§A§7§lC§x§7§5§D§6§B§6§lr§x§5§F§E§2§C§5§la§x§7§9§D§4§B§4§lt§x§9§3§C§7§A§2§le §x§C§8§A§B§7§F§lK§x§E§2§9§E§6§E§le§x§F§C§9§0§5§C§ly from buy
[11:40:43] > giyahnpogi remove x1 §x§F§C§D§0§5§C§lB§x§E§6§D§3§6§B§la§x§C§F§D§5§7§A§ls§x§B§9§D§8§8§9§li§x§A§2§D§A§9§8§lc §x§7§5§D§F§B§6§lC§x§5§F§E§2§C§5§lr§x§7§5§D§F§B§6§la§x§8§C§D§D§A§7§lt§x§A§2§D§A§9§8§le §x§C§F§D§5§7§A§lK§x§E§6§D§3§6§B§le§x§F§C§D§0§5§C§ly from buy
[11:43:52] > Zypher_0w0 added x1 §f§l§x§F§C§D§0§5§CW§x§F§A§A§A§4§Bu§x§F§9§8§4§3§Bk§x§F§7§5§F§2§Ao§x§F§5§3§9§1§9n§x§F§4§1§3§0§8g §x§F§5§3§9§1§9W§x§F§7§5§F§2§Ai§x§F§9§8§4§3§Bn§x§F§A§A§A§4§Bg§x§F§C§D§0§5§Cs in auction for 4500000.
[11:44:48] > .shirowonkies buy x1 §f§l§x§F§C§D§0§5§CW§x§F§A§A§A§4§Bu§x§F§9§8§4§3§Bk§x§F§7§5§F§2§Ao§x§F§5§3§9§1§9n§x§F§4§1§3§0§8g §x§F§5§3§9§1§9S§x§F§7§5§F§2§Ap§x§F§9§8§4§3§Be§x§F§A§A§A§4§Ba§x§F§C§D§0§5§Cr to octopus_01 for $50,000.
[11:44:57] > .shirowonkies remove x1 §f§l§x§F§C§D§0§5§CW§x§F§A§A§A§4§Bu§x§F§9§8§4§3§Bk§x§F§7§5§F§2§Ao§x§F§5§3§9§1§9n§x§F§4§1§3§0§8g §x§F§5§3§9§1§9S§x§F§7§5§F§2§Ap§x§F§9§8§4§3§Be§x§F§A§A§A§4§Ba§x§F§C§D§0§5§Cr from buy
[11:44:59] > Zypher_0w0 added x1 §x§F§F§3§E§0§0§lD§x§F§F§3§6§0§0§le§x§F§F§2§F§0§0§lm§x§F§F§2§7§0§0§lo§x§F§F§1§F§0§0§ln §x§F§F§1§0§0§0§lL§x§F§F§0§8§0§0§lo§x§F§F§0§0§0§0§lr§x§F§F§0§8§0§0§ld §x§F§F§1§7§0§0§lS§x§F§F§1§F§0§0§lh§x§F§F§2§7§0§0§lo§x§F§F§2§F§0§0§lv§x§F§F§3§6§0§0§le§x§F§F§3§E§0§0§ll in auction for 150000.
[11:46:23] > P4LDOK added x1 §x§F§F§3§E§0§0§lD§x§F§F§3§5§0§0§le§x§F§F§2§C§0§0§lm§x§F§F§2§3§0§0§lo§x§F§F§1§B§0§0§ln §x§F§F§0§9§0§0§lL§x§F§F§0§0§0§0§lo§x§F§F§0§A§0§0§lr§x§F§F§1§5§0§0§ld §x§F§F§2§9§0§0§lA§x§F§F§3§4§0§0§lx§x§F§F§3§E§0§0§le in auction for 100000.
[11:46:29] > tic_sz added x1 §x§5§9§A§1§D§9§lA§x§7§5§B§1§D§Fr§x§9§0§C§0§E§6c§x§A§C§D§0§E§Ch§x§C§8§E§0§F§2a§x§E§3§E§F§F§9n§fg§x§E§3§E§F§F§9e§x§C§8§E§0§F§2l §x§9§0§C§0§E§6H§x§7§5§B§1§D§Fo§x§5§9§A§1§D§9e in auction for 100000.
[11:47:28] > P4LDOK added x1 §x§F§F§7§C§0§0§lSteamsparks Bow in auction for 70000.
[11:51:53] > .SharkyisHungry buy x1 §f§l§x§F§C§D§0§5§CW§x§F§A§A§2§4§8u§x§F§8§7§4§3§3k§x§F§6§4§5§1§Fo§x§F§4§1§7§0§Ang§x§F§6§4§5§1§F §x§F§8§7§4§3§3H§x§F§A§A§2§4§8o§x§F§C§D§0§5§Ce to anneyong for $30,000.
[11:52:52] > .SharkyisHungry remove x1 §f§l§x§F§C§D§0§5§CW§x§F§A§A§2§4§8u§x§F§8§7§4§3§3k§x§F§6§4§5§1§Fo§x§F§4§1§7§0§Ang§x§F§6§4§5§1§F §x§F§8§7§4§3§3H§x§F§A§A§2§4§8o§x§F§C§D§0§5§Ce from buy
[11:52:52] > .SharkyisHungry remove x1 §eᴢᴏᴍʙɪᴇ sᴘᴀᴡɴᴇʀ from buy
[11:52:52] > .SharkyisHungry remove x1 §esᴋᴇʟᴇᴛᴏɴ sᴘᴀᴡɴᴇʀ from buy
[11:52:54] > .SharkyisHungry remove x1 §x§C§9§A§7§F§C§lL§x§B§D§A§E§F§6§le§x§B§1§B§4§F§0§lg§x§A§6§B§B§E§A§le§x§9§A§C§1§E§4§ln§x§8§E§C§8§D§D§ld§x§8§2§C§E§D§7§la§x§7§7§D§5§D§1§lr§x§6§B§D§B§C§B§ly §x§6§B§D§B§C§B§lC§x§7§7§D§5§D§1§lr§x§8§2§C§E§D§7§la§x§8§E§C§8§D§D§lt§x§9§A§C§1§E§4§le §x§B§1§B§4§F§0§lK§x§B§D§A§E§F§6§le§x§C§9§A§7§F§C§ly from buy
[11:55:44] > anneyong added x64 §x§F§C§9§0§5§C§lE§x§E§6§9§C§6§B§lp§x§C§F§A§7§7§A§li§x§B§9§B§3§8§9§lc §x§8§C§C§B§A§7§lC§x§7§5§D§6§B§6§lr§x§5§F§E§2§C§5§la§x§7§9§D§4§B§4§lt§x§9§3§C§7§A§2§le §x§C§8§A§B§7§F§lK§x§E§2§9§E§6§E§le§x§F§C§9§0§5§C§ly in auction for 500000.