
[12:32:01] > alecczzz remove x1 §f§l§8B§x§5§F§5§F§5§Fa§x§6§9§6§9§6§9h§x§7§3§7§3§7§3a§x§7§D§7§D§7§Dm§x§8§7§8§7§8§7u§x§9§1§9§1§9§1t§x§9§B§9§B§9§B §x§A§5§A§5§A§5Gr§x§9§B§9§B§9§Be§x§9§1§9§1§9§1a§x§8§7§8§7§8§7t§x§7§D§7§D§7§Ds§x§7§3§7§3§7§3w§x§6§9§6§9§6§9o§x§5§F§5§F§5§Fr§8d from storage
[12:45:31] > Fogstrap remove x1 §f§l§8B§x§5§F§5§F§5§Fa§x§6§9§6§9§6§9h§x§7§3§7§3§7§3a§x§7§D§7§D§7§Dm§x§8§7§8§7§8§7u§x§9§1§9§1§9§1t§x§9§B§9§B§9§B §x§A§5§A§5§A§5Gr§x§9§B§9§B§9§Be§x§9§1§9§1§9§1a§x§8§7§8§7§8§7t§x§7§D§7§D§7§Ds§x§7§3§7§3§7§3w§x§6§9§6§9§6§9o§x§5§F§5§F§5§Fr§8d from storage
[12:45:34] > .JakeTheMiner457 remove x1 Sentry armor trim smithing template from storage
[12:45:40] > .JakeTheMiner457 remove x1 Sentry armor trim smithing template from storage
[12:45:46] > .JakeTheMiner457 remove x1 Shulker box from storage
[12:46:05] > Fogstrap added x1 §f§l§8B§x§5§F§5§F§5§Fa§x§6§9§6§9§6§9h§x§7§3§7§3§7§3a§x§7§D§7§D§7§Dm§x§8§7§8§7§8§7u§x§9§1§9§1§9§1t§x§9§B§9§B§9§B §x§A§5§A§5§A§5Gr§x§9§B§9§B§9§Be§x§9§1§9§1§9§1a§x§8§7§8§7§8§7t§x§7§D§7§D§7§Ds§x§7§3§7§3§7§3w§x§6§9§6§9§6§9o§x§5§F§5§F§5§Fr§8d in auction for 800000.
[12:46:18] > .JakeTheMiner457 remove x1 Sentry armor trim smithing template form expire
[12:46:18] > .JakeTheMiner457 remove x1 Sentry armor trim smithing template form expire
[12:46:18] > .JakeTheMiner457 remove x1 Shulker box form expire
[12:47:03] > .JakeTheMiner457 added x1 Sentry armor trim smithing template in auction for 50000.
[12:47:27] > .JakeTheMiner457 added x1 Shulker box in auction for 150000.
[12:47:53] > .JakeTheMiner457 added x1 Sentry armor trim smithing template in auction for 50000.
[12:55:10] > giyahnpogi added x1 §f§l§8B§x§6§3§6§3§6§3a§x§7§1§7§1§7§1h§x§8§0§8§0§8§0a§x§8§E§8§E§8§Em§x§9§C§9§C§9§Cu§7t§x§9§C§9§C§9§C §x§8§E§8§E§8§EW§x§8§0§8§0§8§0i§x§7§1§7§1§7§1n§x§6§3§6§3§6§3g§8s in auction for 4000000.
[12:57:53] > reckahorp remove x1 §f§l§8B§x§5§F§5§F§5§Fa§x§6§9§6§9§6§9h§x§7§3§7§3§7§3a§x§7§D§7§D§7§Dm§x§8§7§8§7§8§7u§x§9§1§9§1§9§1t§x§9§B§9§B§9§B §x§A§5§A§5§A§5Gr§x§9§B§9§B§9§Be§x§9§1§9§1§9§1a§x§8§7§8§7§8§7t§x§7§D§7§D§7§Ds§x§7§3§7§3§7§3w§x§6§9§6§9§6§9o§x§5§F§5§F§5§Fr§8d from expire
[12:58:01] > reckahorp added x1 §f§l§8B§x§5§F§5§F§5§Fa§x§6§9§6§9§6§9h§x§7§3§7§3§7§3a§x§7§D§7§D§7§Dm§x§8§7§8§7§8§7u§x§9§1§9§1§9§1t§x§9§B§9§B§9§B §x§A§5§A§5§A§5Gr§x§9§B§9§B§9§Be§x§9§1§9§1§9§1a§x§8§7§8§7§8§7t§x§7§D§7§D§7§Ds§x§7§3§7§3§7§3w§x§6§9§6§9§6§9o§x§5§F§5§F§5§Fr§8d in auction for 800000.
[13:04:38] > Lithium_O added x1 §f§l§x§F§C§D§0§5§CW§x§F§A§A§6§4§Au§x§F§8§7§D§3§7k§x§F§7§5§3§2§5o§x§F§5§2§A§1§2n§x§F§3§0§0§0§0g§x§F§5§2§A§1§2 §x§F§7§5§3§2§5C§x§F§8§7§D§3§7l§x§F§A§A§6§4§Au§x§F§C§D§0§5§Cb in auction for 30000000.
[13:06:23] > COSA_Shoyo buy x64 Experience bottle to HwanYo for $80,000.
[13:06:27] > COSA_Shoyo remove x64 Experience bottle from buy
[13:15:48] > RizzaIck remove x1 §x§E§4§3§A§9§6§lW§x§E§7§5§3§A§3§lI§x§E§B§6§B§B§0§lN§x§E§E§8§4§B§D§lG§x§F§2§9§D§C§B§lS §x§F§8§C§E§E§5§lO§x§F§C§E§6§F§2§lF §x§F§C§E§6§F§2§lE§x§F§8§C§E§E§5§lT§x§F§5§B§5§D§8§lE§x§F§2§9§D§C§B§lR§x§E§E§8§4§B§D§lN§x§E§B§6§B§B§0§lI§x§E§7§5§3§A§3§lT§x§E§4§3§A§9§6§lY from storage
[13:20:12] > ace added x1 Bell in auction for 10000.
[13:26:34] > auvicious remove x1 Enchanted book from storage
[13:27:52] > Kaynn added x1 Enchanted book in auction for 4000.
[13:36:00] > kabayooo buy x1 Enchanted book to Kaynn for $4,000.
[13:39:27] > mae added x1 Enchanted book in auction for 3000.
[13:40:08] > auvicious buy x1 Enchanted book to mae for $3,000.
[13:40:19] > auvicious buy x1 Totem of undying to .AyakoKoru for $25,000.
[13:40:53] > auvicious remove x1 Enchanted book from storage
[13:41:00] > alecczzz added x1 §f§l§8B§x§5§F§5§F§5§Fa§x§6§9§6§9§6§9h§x§7§3§7§3§7§3a§x§7§D§7§D§7§Dm§x§8§7§8§7§8§7u§x§9§1§9§1§9§1t§x§9§B§9§B§9§B §x§A§5§A§5§A§5Gr§x§9§B§9§B§9§Be§x§9§1§9§1§9§1a§x§8§7§8§7§8§7t§x§7§D§7§D§7§Ds§x§7§3§7§3§7§3w§x§6§9§6§9§6§9o§x§5§F§5§F§5§Fr§8d in auction for 2300000.
[13:45:13] > ace added x9 Quartz in auction for 100.
[13:49:24] > ace added x64 Jungle log in auction for 2000.
[13:50:01] > .DairyParty8521 buy x20 §x§F§C§D§0§5§C§lB§x§E§6§D§3§6§B§la§x§C§F§D§5§7§A§ls§x§B§9§D§8§8§9§li§x§A§2§D§A§9§8§lc §x§7§5§D§F§B§6§lC§x§5§F§E§2§C§5§lr§x§7§5§D§F§B§6§la§x§8§C§D§D§A§7§lt§x§A§2§D§A§9§8§le §x§C§F§D§5§7§A§lK§x§E§6§D§3§6§B§le§x§F§C§D§0§5§C§ly to Seirione for $200,000.
[13:52:15] > .DairyParty8521 remove x20 §x§F§C§D§0§5§C§lB§x§E§6§D§3§6§B§la§x§C§F§D§5§7§A§ls§x§B§9§D§8§8§9§li§x§A§2§D§A§9§8§lc §x§7§5§D§F§B§6§lC§x§5§F§E§2§C§5§lr§x§7§5§D§F§B§6§la§x§8§C§D§D§A§7§lt§x§A§2§D§A§9§8§le §x§C§F§D§5§7§A§lK§x§E§6§D§3§6§B§le§x§F§C§D§0§5§C§ly from buy
[14:05:00] > InternetCafeUser buy x64 Emerald block to HwanYo for $300,000.
[14:06:00] > auvicious added x1 §fCat Plushie (Black) §6(#14/101) in auction for 150000.
[14:06:11] > mae buy x1 §fCat Plushie (Black) §6(#14/101) to auvicious for $150,000.
[14:06:17] > auvicious added x1 §x§E§5§1§B§1§B§lDracula Spear in auction for 231895.
[14:07:14] > bqnnyy buy x1 Enchanted book to nachfaust for $50,000.
[14:07:38] > auvicious remove x1 Enchanted book form buy
[14:07:38] > auvicious remove x1 Totem of undying form buy
[14:14:32] > Icon_Skully added x1 §x§E§4§3§A§9§6§lW§x§E§7§5§3§A§3§lI§x§E§B§6§B§B§0§lN§x§E§E§8§4§B§D§lG§x§F§2§9§D§C§B§lS §x§F§8§C§E§E§5§lO§x§F§C§E§6§F§2§lF §x§F§C§E§6§F§2§lE§x§F§8§C§E§E§5§lT§x§F§5§B§5§D§8§lE§x§F§2§9§D§C§B§lR§x§E§E§8§4§B§D§lN§x§E§B§6§B§B§0§lI§x§E§7§5§3§A§3§lT§x§E§4§3§A§9§6§lY in auction for 5500000.
[14:14:49] > lorxie buy x1 §x§E§4§3§A§9§6§lW§x§E§7§5§3§A§3§lI§x§E§B§6§B§B§0§lN§x§E§E§8§4§B§D§lG§x§F§2§9§D§C§B§lS §x§F§8§C§E§E§5§lO§x§F§C§E§6§F§2§lF §x§F§C§E§6§F§2§lE§x§F§8§C§E§E§5§lT§x§F§5§B§5§D§8§lE§x§F§2§9§D§C§B§lR§x§E§E§8§4§B§D§lN§x§E§B§6§B§B§0§lI§x§E§7§5§3§A§3§lT§x§E§4§3§A§9§6§lY to Icon_Skully for $5,500,000.
[14:15:16] > lorxie remove x1 §x§E§4§3§A§9§6§lW§x§E§7§5§3§A§3§lI§x§E§B§6§B§B§0§lN§x§E§E§8§4§B§D§lG§x§F§2§9§D§C§B§lS §x§F§8§C§E§E§5§lO§x§F§C§E§6§F§2§lF §x§F§C§E§6§F§2§lE§x§F§8§C§E§E§5§lT§x§F§5§B§5§D§8§lE§x§F§2§9§D§C§B§lR§x§E§E§8§4§B§D§lN§x§E§B§6§B§B§0§lI§x§E§7§5§3§A§3§lT§x§E§4§3§A§9§6§lY from buy
[14:15:39] > Icon_Skully buy x1 §f§l§x§F§C§D§0§5§CW§x§F§B§B§D§5§4u§x§F§A§A§A§4§Bk§x§F§A§9§7§4§3o§x§F§9§8§4§3§Bn§x§F§8§7§1§3§2g§x§F§7§5§F§2§A §x§F§6§4§C§2§1B§x§F§5§3§9§1§9o§x§F§5§2§6§1§1o§x§F§4§1§3§0§8t§x§F§3§0§0§0§0s to kabayooo for $200,000.
[14:16:42] > Icon_Skully remove x1 §f§l§x§F§C§D§0§5§CW§x§F§B§B§D§5§4u§x§F§A§A§A§4§Bk§x§F§A§9§7§4§3o§x§F§9§8§4§3§Bn§x§F§8§7§1§3§2g§x§F§7§5§F§2§A §x§F§6§4§C§2§1B§x§F§5§3§9§1§9o§x§F§5§2§6§1§1o§x§F§4§1§3§0§8t§x§F§3§0§0§0§0s from buy
[14:20:55] > .Whatyusaay added x5 Breeze rod in auction for 20000.
[14:21:02] > Kaynn buy x5 Breeze rod to .Whatyusaay for $20,000.
[14:21:11] > Kaynn remove x5 Breeze rod from buy
[14:26:36] > x1 §x§F§F§7§C§0§0§lSteamsparks Staff on sale by _BAAM has just expired, it goes in the inventory of expired items.
[14:33:35] > Icon_Skully added x1 §f§l§x§F§C§D§0§5§CW§x§F§A§A§6§4§Au§x§F§8§7§D§3§7k§x§F§7§5§3§2§5o§x§F§5§2§A§1§2n§x§F§3§0§0§0§0g§x§F§5§2§A§1§2 §x§F§7§5§3§2§5C§x§F§8§7§D§3§7l§x§F§A§A§6§4§Au§x§F§C§D§0§5§Cb in auction for 150000.
[14:35:25] > Icon_Skully added x1 Lime shulker box in auction for 350000.
[14:49:46] > RizzaIck added x1 §f§l§8B§x§6§6§6§6§6§6a§x§7§7§7§7§7§7h§x§8§8§8§8§8§8a§x§9§9§9§9§9§9m§7u§x§9§9§9§9§9§9t§x§8§8§8§8§8§8 §x§7§7§7§7§7§7H§x§6§6§6§6§6§6o§8e in auction for 500000.
[14:50:26] > auvicious added x1 §x§F§F§5§5§0§0§lsᴇʟʟᴡᴀɴᴅ §6- 5.0x in auction for 550000.
[14:50:58] > Dentatsu added x1 §x§F§F§5§5§0§0§lsᴇʟʟᴡᴀɴᴅ §6- 10.0x in auction for 1250000.
[14:51:43] > ace added x1 §fBumble Bee Hat in auction for 500000.
[14:52:33] > Kyle added x1 §aCthulhu in auction for 50000.
[14:52:48] > Kyle added x1 §f§x§D§0§D§0§D§0J§x§C§9§C§9§C§9e§x§C§2§C§2§C§2t§x§B§B§B§B§B§B §x§B§3§B§3§B§3P§x§A§C§A§C§A§Ci§x§A§5§A§5§A§5l§x§9§E§9§E§9§Eo§x§9§7§9§7§9§7t§x§9§0§9§0§9§0 §x§8§9§8§9§8§9H§x§8§2§8§2§8§2e§x§7§A§7§A§7§Al§x§7§3§7§3§7§3m§x§6§C§6§C§6§Ce§x§6§5§6§5§6§5t in auction for 50000.
[14:52:57] > ace remove x1 §fBumble Bee Hat from storage
[14:53:02] > auvicious remove x1 §f§x§F§9§A§2§0§DP§x§F§2§9§E§0§Du§x§E§B§9§9§0§Dm§x§E§3§9§5§0§Dp§x§D§C§9§0§0§Dk§x§D§5§8§C§0§Di§x§C§E§8§7§0§Dn§x§C§7§8§3§0§D §x§B§F§7§E§0§DH§x§B§8§7§A§0§Da§x§B§1§7§5§0§Dt from storage
[14:53:07] > auvicious remove x1 §fDolphin Plushie §6(#28/101) from storage
[14:53:09] > RizzaIck added x1 §x§F§F§3§E§0§0§lSellwand Voucher in auction for 1500000.
[14:53:12] > ace added x1 §fBumble Bee Hat in auction for 99000.
[14:53:16] > auvicious added x1 §fHoglin Plushie §6(#44/101) in auction for 100000.
[14:53:45] > auvicious added x1 §f§l§8B§x§6§6§6§6§6§6a§x§7§7§7§7§7§7h§x§8§8§8§8§8§8a§x§9§9§9§9§9§9m§7u§x§9§9§9§9§9§9t§x§8§8§8§8§8§8 §x§7§7§7§7§7§7H§x§6§6§6§6§6§6a§8t in auction for 100000.
[14:53:55] > Icon_Skully buy x1 §f§l§8B§x§6§6§6§6§6§6a§x§7§7§7§7§7§7h§x§8§8§8§8§8§8a§x§9§9§9§9§9§9m§7u§x§9§9§9§9§9§9t§x§8§8§8§8§8§8 §x§7§7§7§7§7§7H§x§6§6§6§6§6§6a§8t to auvicious for $100,000.
[14:54:30] > Icon_Skully remove x1 §f§l§8B§x§6§6§6§6§6§6a§x§7§7§7§7§7§7h§x§8§8§8§8§8§8a§x§9§9§9§9§9§9m§7u§x§9§9§9§9§9§9t§x§8§8§8§8§8§8 §x§7§7§7§7§7§7H§x§6§6§6§6§6§6a§8t from buy
[14:56:51] > auvicious added x1 §f§x§F§9§A§2§0§DP§x§F§2§9§E§0§Du§x§E§B§9§9§0§Dm§x§E§3§9§5§0§Dp§x§D§C§9§0§0§Dk§x§D§5§8§C§0§Di§x§C§E§8§7§0§Dn§x§C§7§8§3§0§D §x§B§F§7§E§0§DH§x§B§8§7§A§0§Da§x§B§1§7§5§0§Dt in auction for 150000.
[14:58:17] > x1 §x§F§F§7§C§0§0§lSteamsparks Shovel on sale by _BAAM has just expired, it goes in the inventory of expired items.
[15:03:23] > .JakeTheMiner457 buy x1 §x§E§5§1§B§1§B§lDracula Staff to Icon_Skully for $100,000.
[15:03:37] > .JakeTheMiner457 remove x1 §x§E§5§1§B§1§B§lDracula Staff form buy
[15:04:57] > MrZyrus7228 buy x1 §x§F§F§5§5§0§0§lsᴇʟʟᴡᴀɴᴅ §6- 5.0x to tic_sz for $500,000.
[15:05:01] > MrZyrus7228 remove x1 §x§F§F§5§5§0§0§lsᴇʟʟᴡᴀɴᴅ §6- 5.0x from buy
[15:08:49] > .JakeTheMiner457 remove x1 Sentry armor trim smithing template from storage
[15:09:44] > .JakeTheMiner457 added x1 §x§E§5§1§B§1§B§lDracula Staff in auction for 150000.
[15:10:13] > x1 §x§F§F§3§E§0§0§lD§x§F§F§3§5§0§0§le§x§F§F§2§C§0§0§lm§x§F§F§2§3§0§0§lo§x§F§F§1§B§0§0§ln §x§F§F§0§9§0§0§lL§x§F§F§0§0§0§0§lo§x§F§F§0§A§0§0§lr§x§F§F§1§5§0§0§ld §x§F§F§2§9§0§0§lH§x§F§F§3§4§0§0§lo§x§F§F§3§E§0§0§le, item of Sanchay, has just expired, the item is definitively deleted.
[15:10:15] > .JakeTheMiner457 remove x1 Sentry armor trim smithing template form expire
[15:15:47] > auvicious buy x2 Netherite upgrade smithing template to RizzaIck for $200,000.
[15:15:53] > auvicious remove x2 Netherite upgrade smithing template form buy
[15:17:06] > HwanYo added x64 Emerald block in auction for 300000.
[15:22:04] > auvicious remove x1 §fHoglin Plushie §6(#44/101) from storage
[15:22:20] > auvicious added x1 Netherite upgrade smithing template in auction for 125000.
[15:22:31] > nebula12321 buy x3 §x§5§C§C§F§F§C§lC§x§5§C§D§1§F§5§lo§x§5§D§D§4§E§E§ls§x§5§D§D§6§E§7§lm§x§5§E§D§9§E§1§le§x§5§E§D§B§D§A§lt§x§5§E§D§D§D§3§li§x§5§F§E§0§C§C§lc §x§5§F§E§0§C§C§lH§x§5§E§D§D§D§3§la§x§5§E§D§B§D§A§lt§x§5§E§D§9§E§1§ls §x§5§D§D§4§E§E§lK§x§5§C§D§1§F§5§le§x§5§C§C§F§F§C§ly to Keeos for $150,000.
[15:22:48] > nebula12321 buy x1 Totem of undying to .AyakoKoru for $25,000.
[15:22:52] > nebula12321 buy x1 Totem of undying to .AyakoKoru for $25,000.
[15:22:56] > nebula12321 buy x1 Totem of undying to .AyakoKoru for $25,000.
[15:43:55] > HPMR_GaMerz buy x1 Lime shulker box to Icon_Skully for $350,000.
[15:48:08] > Abbadex buy x1 §x§F§F§5§5§0§0§lsᴇʟʟᴡᴀɴᴅ §6- 5.0x to auvicious for $550,000.
[15:48:15] > Abbadex buy x1 §x§F§F§5§5§0§0§lsᴇʟʟᴡᴀɴᴅ §6- 10.0x to Dentatsu for $1,250,000.
[15:48:22] > Abbadex remove x1 §x§F§F§5§5§0§0§lsᴇʟʟᴡᴀɴᴅ §6- 5.0x form buy
[15:48:22] > Abbadex remove x1 §x§F§F§5§5§0§0§lsᴇʟʟᴡᴀɴᴅ §6- 10.0x form buy
[15:48:45] > Abbadex buy x1 §f§l§8B§x§6§0§6§0§6§0a§x§6§C§6§C§6§Ch§x§7§7§7§7§7§7a§x§8§2§8§2§8§2m§x§8§E§8§E§8§Eu§x§9§9§9§9§9§9t§x§A§4§A§4§A§4 L§x§9§9§9§9§9§9e§x§8§E§8§E§8§Eg§x§8§2§8§2§8§2g§x§7§7§7§7§7§7i§x§6§C§6§C§6§Cn§x§6§0§6§0§6§0g§8s to scarlettti for $1,700,000.
[15:49:01] > Abbadex buy x1 §f§l§8B§x§6§3§6§3§6§3a§x§7§1§7§1§7§1h§x§8§0§8§0§8§0a§x§8§E§8§E§8§Em§x§9§C§9§C§9§Cu§7t§x§9§C§9§C§9§C §x§8§E§8§E§8§EB§x§8§0§8§0§8§0o§x§7§1§7§1§7§1o§x§6§3§6§3§6§3t§8s to BlackKnight for $2,000,000.
[15:49:11] > Abbadex remove x1 §f§l§8B§x§6§0§6§0§6§0a§x§6§C§6§C§6§Ch§x§7§7§7§7§7§7a§x§8§2§8§2§8§2m§x§8§E§8§E§8§Eu§x§9§9§9§9§9§9t§x§A§4§A§4§A§4 L§x§9§9§9§9§9§9e§x§8§E§8§E§8§Eg§x§8§2§8§2§8§2g§x§7§7§7§7§7§7i§x§6§C§6§C§6§Cn§x§6§0§6§0§6§0g§8s form buy
[15:49:11] > Abbadex remove x1 §f§l§8B§x§6§3§6§3§6§3a§x§7§1§7§1§7§1h§x§8§0§8§0§8§0a§x§8§E§8§E§8§Em§x§9§C§9§C§9§Cu§7t§x§9§C§9§C§9§C §x§8§E§8§E§8§EB§x§8§0§8§0§8§0o§x§7§1§7§1§7§1o§x§6§3§6§3§6§3t§8s form buy
[15:49:42] > Abbadex added x1 §f§l§8B§x§6§2§6§2§6§2a§x§6§F§6§F§6§Fh§x§7§C§7§C§7§Ca§x§8§9§8§9§8§9m§x§9§6§9§6§9§6u§x§A§3§A§3§A§3t §x§9§6§9§6§9§6H§x§8§9§8§9§8§9e§x§7§C§7§C§7§Cl§x§6§F§6§F§6§Fm§x§6§2§6§2§6§2e§8t in auction for 600000.
[15:53:10] > Kwienn remove x1 §x§F§F§3§E§0§0§lDemon Lord Wings from storage
[15:59:12] > Unforce01 buy x1 §x§3§4§9§8§D§Bᴡᴀʀᴅᴇɴ ꜱᴘᴀᴡɴᴇʀ to HwanYo for $350,000.
[15:59:20] > Unforce01 remove x1 §x§3§4§9§8§D§Bᴡᴀʀᴅᴇɴ ꜱᴘᴀᴡɴᴇʀ form buy
[16:13:35] > .DairyParty8521 buy x64 Experience bottle to HwanYo for $80,000.
[16:13:52] > .DairyParty8521 remove x64 Experience bottle from buy
[16:15:50] > .JoshuaCraft9422 added x1 §f§l§x§8§A§0§0§F§FS§x§9§9§0§0§D§Bh§x§A§8§0§0§B§6i§x§B§7§0§0§9§2n§x§C§6§0§0§6§De§x§D§5§0§0§4§9 §x§E§4§0§0§2§4O§x§F§3§0§0§0§0n§x§E§4§0§0§2§4i§x§D§5§0§0§4§9 §x§C§6§0§0§6§DS§x§B§7§0§0§9§2t§x§A§8§0§0§B§6a§x§9§9§0§0§D§Bf§x§8§A§0§0§F§Ff in auction for 2500000.
[16:17:15] > auvicious added x1 Netherite upgrade smithing template in auction for 125000.
[16:25:12] > Julene remove x1 §fBumble Bee Hat from storage
[16:25:14] > Julene remove x1 §x§E§5§1§B§1§B§lDracula Blade from storage
[16:25:16] > Julene remove x1 §x§F§F§7§C§0§0§lSteamsparks Spear from storage
[16:25:28] > Julene added x1 §fBumble Bee Hat in auction for 25000.
[16:25:33] > auvicious remove x1 §f§x§F§9§A§2§0§DP§x§F§2§9§E§0§Du§x§E§B§9§9§0§Dm§x§E§3§9§5§0§Dp§x§D§C§9§0§0§Dk§x§D§5§8§C§0§Di§x§C§E§8§7§0§Dn§x§C§7§8§3§0§D §x§B§F§7§E§0§DH§x§B§8§7§A§0§Da§x§B§1§7§5§0§Dt from storage
[16:25:48] > auvicious added x1 Enchanted book in auction for 93105.
[16:26:11] > Ryzxc added x64 Chorus fruit in auction for 20000.
[16:26:20] > Julene added x1 Enchanted golden apple in auction for 10000.
[16:26:38] > .Allxnzv added x1 §f§x§F§B§B§6§1§DC§x§F§0§A§F§1§Ca§x§E§5§A§8§1§Bp§x§D§B§A§0§1§9y§x§D§0§9§9§1§8b§x§C§5§9§2§1§7a§x§B§A§8§B§1§6r§x§A§F§8§4§1§5a§x§A§4§7§D§1§4 §x§9§A§7§5§1§2H§x§8§F§6§E§1§1a§x§8§4§6§7§1§0t in auction for 50000.
[16:26:43] > HwanYo remove x64 Wither skeleton skull from storage
[16:26:48] > HwanYo added x64 Wither skeleton skull in auction for 200000.
[16:26:53] > MrZyrus7228 buy x1 Enchanted golden apple to Julene for $10,000.
[16:26:55] > MasterEVO12 buy x1 §f§x§F§B§B§6§1§DC§x§F§0§A§F§1§Ca§x§E§5§A§8§1§Bp§x§D§B§A§0§1§9y§x§D§0§9§9§1§8b§x§C§5§9§2§1§7a§x§B§A§8§B§1§6r§x§A§F§8§4§1§5a§x§A§4§7§D§1§4 §x§9§A§7§5§1§2H§x§8§F§6§E§1§1a§x§8§4§6§7§1§0t to .Allxnzv for $50,000.
[16:26:58] > MrZyrus7228 remove x1 Enchanted golden apple from buy
[16:26:58] > Julene added x1 §x§F§F§7§C§0§0§lSteamsparks Spear in auction for 127000.
[16:27:19] > Julene added x1 §x§E§5§1§B§1§B§lDracula Blade in auction for 150000.
[16:27:39] > MasterEVO12 remove x1 §f§x§F§B§B§6§1§DC§x§F§0§A§F§1§Ca§x§E§5§A§8§1§Bp§x§D§B§A§0§1§9y§x§D§0§9§9§1§8b§x§C§5§9§2§1§7a§x§B§A§8§B§1§6r§x§A§F§8§4§1§5a§x§A§4§7§D§1§4 §x§9§A§7§5§1§2H§x§8§F§6§E§1§1a§x§8§4§6§7§1§0t from buy
[16:30:08] > Julene remove x1 §x§E§5§1§B§1§B§lDracula Blade from storage
[16:30:09] > Julene remove x1 §x§F§F§7§C§0§0§lSteamsparks Spear from storage
[16:30:10] > Julene remove x1 §fBumble Bee Hat from storage
[16:35:33] > mae added x1 §f§l§x§8§A§0§0§F§FS§x§9§9§0§0§D§Bh§x§A§8§0§0§B§6i§x§B§7§0§0§9§2n§x§C§6§0§0§6§De§x§D§5§0§0§4§9 §x§E§4§0§0§2§4O§x§F§3§0§0§0§0n§x§E§4§0§0§2§4i§x§D§5§0§0§4§9 §x§C§6§0§0§6§DB§x§B§7§0§0§9§2o§x§A§8§0§0§B§6o§x§9§9§0§0§D§Bt§x§8§A§0§0§F§Fs in auction for 5000000.
[16:36:00] > mae added x1 §x§F§F§7§C§0§0§lSteamsparks Leggings in auction for 300000.
[16:36:38] > Ryzxc added x64 Cobblestone in auction for 1000.
[16:37:08] > mae remove x1 §f§l§x§8§A§0§0§F§FS§x§9§9§0§0§D§Bh§x§A§8§0§0§B§6i§x§B§7§0§0§9§2n§x§C§6§0§0§6§De§x§D§5§0§0§4§9 §x§E§4§0§0§2§4O§x§F§3§0§0§0§0n§x§E§4§0§0§2§4i§x§D§5§0§0§4§9 §x§C§6§0§0§6§DB§x§B§7§0§0§9§2o§x§A§8§0§0§B§6o§x§9§9§0§0§D§Bt§x§8§A§0§0§F§Fs from storage
[16:38:50] > mae added x1 §f§l§x§8§A§0§0§F§FS§x§9§9§0§0§D§Bh§x§A§8§0§0§B§6i§x§B§7§0§0§9§2n§x§C§6§0§0§6§De§x§D§5§0§0§4§9 §x§E§4§0§0§2§4O§x§F§3§0§0§0§0n§x§E§4§0§0§2§4i§x§D§5§0§0§4§9 §x§C§6§0§0§6§DB§x§B§7§0§0§9§2o§x§A§8§0§0§B§6o§x§9§9§0§0§D§Bt§x§8§A§0§0§F§Fs in auction for 4999999.
[16:39:01] > kabayooo buy x1 §f§l§x§8§A§0§0§F§FS§x§9§9§0§0§D§Bh§x§A§8§0§0§B§6i§x§B§7§0§0§9§2n§x§C§6§0§0§6§De§x§D§5§0§0§4§9 §x§E§4§0§0§2§4O§x§F§3§0§0§0§0n§x§E§4§0§0§2§4i§x§D§5§0§0§4§9 §x§C§6§0§0§6§DB§x§B§7§0§0§9§2o§x§A§8§0§0§B§6o§x§9§9§0§0§D§Bt§x§8§A§0§0§F§Fs to mae for $4,999,999.
[16:39:07] > kabayooo remove x1 §f§l§x§8§A§0§0§F§FS§x§9§9§0§0§D§Bh§x§A§8§0§0§B§6i§x§B§7§0§0§9§2n§x§C§6§0§0§6§De§x§D§5§0§0§4§9 §x§E§4§0§0§2§4O§x§F§3§0§0§0§0n§x§E§4§0§0§2§4i§x§D§5§0§0§4§9 §x§C§6§0§0§6§DB§x§B§7§0§0§9§2o§x§A§8§0§0§B§6o§x§9§9§0§0§D§Bt§x§8§A§0§0§F§Fs from buy
[16:40:18] > Johng10910 remove x4 Netherite upgrade smithing template from storage
[16:40:22] > .VisedSauce5790 added x1 Diamond horse armor in auction for 10000.
[16:40:42] > .VisedSauce5790 added x1 Iron horse armor in auction for 10000.
[16:40:43] > Johng10910 added x4 Netherite upgrade smithing template in auction for 300000.
[16:40:44] > mae added x1 §x§9§8§6§3§E§7§lG§x§9§0§7§5§E§2§lo§x§8§8§8§7§D§D§ld§x§8§0§9§9§D§8§ll§x§7§7§A§C§D§4§ly §x§6§7§D§0§C§A§lC§x§5§F§E§2§C§5§lr§x§6§7§D§0§C§A§la§x§6§F§B§E§C§F§lt§x§7§7§A§C§D§4§le §x§8§8§8§7§D§D§lK§x§9§0§7§5§E§2§le§x§9§8§6§3§E§7§ly in auction for 500000.
[16:41:33] > Julene added x1 §x§E§5§1§B§1§B§lDracula Blade in auction for 115500.
[16:41:53] > Julene added x1 §x§F§F§7§C§0§0§lSteamsparks Spear in auction for 135750.
[16:43:28] > Julene added x1 §fBumble Bee Hat in auction for 15000.
[16:44:07] > .Whatyusaay buy x1 §fBumble Bee Hat to Julene for $15,000.
[16:48:05] > Julene remove x1 §x§F§F§7§C§0§0§lSteamsparks Spear from storage
[16:48:06] > Julene remove x1 §x§E§5§1§B§1§B§lDracula Blade from storage
[16:54:54] > mae added x1 Eye armor trim smithing template in auction for 10000000.
[17:00:55] > nachfaust buy x1 §x§F§F§3§E§0§0§lD§x§F§F§3§6§0§0§le§x§F§F§2§F§0§0§lm§x§F§F§2§7§0§0§lo§x§F§F§1§F§0§0§ln §x§F§F§1§0§0§0§lL§x§F§F§0§8§0§0§lo§x§F§F§0§0§0§0§lr§x§F§F§0§8§0§0§ld §x§F§F§1§7§0§0§lH§x§F§F§1§F§0§0§le§x§F§F§2§7§0§0§ll§x§F§F§2§F§0§0§lm§x§F§F§3§6§0§0§le§x§F§F§3§E§0§0§lt to HwanYo for $500,000.
[17:01:06] > nachfaust remove x1 Totem of undying form buy
[17:01:06] > nachfaust remove x1 §x§F§F§3§E§0§0§lD§x§F§F§3§6§0§0§le§x§F§F§2§F§0§0§lm§x§F§F§2§7§0§0§lo§x§F§F§1§F§0§0§ln §x§F§F§1§0§0§0§lL§x§F§F§0§8§0§0§lo§x§F§F§0§0§0§0§lr§x§F§F§0§8§0§0§ld §x§F§F§1§7§0§0§lH§x§F§F§1§F§0§0§le§x§F§F§2§7§0§0§ll§x§F§F§2§F§0§0§lm§x§F§F§3§6§0§0§le§x§F§F§3§E§0§0§lt form buy
[17:01:34] > nachfaust added x1 Netherite helmet in auction for 300000.
[17:01:46] > auvicious remove x1 §f§x§D§0§D§0§D§0J§x§C§9§C§9§C§9e§x§C§2§C§2§C§2t§x§B§B§B§B§B§B §x§B§3§B§3§B§3P§x§A§C§A§C§A§Ci§x§A§5§A§5§A§5l§x§9§E§9§E§9§Eo§x§9§7§9§7§9§7t§x§9§0§9§0§9§0 §x§8§9§8§9§8§9H§x§8§2§8§2§8§2e§x§7§A§7§A§7§Al§x§7§3§7§3§7§3m§x§6§C§6§C§6§Ce§x§6§5§6§5§6§5t from storage
[17:02:29] > auvicious added x5 §x§F§C§9§0§5§C§lE§x§E§6§9§C§6§B§lp§x§C§F§A§7§7§A§li§x§B§9§B§3§8§9§lc §x§8§C§C§B§A§7§lC§x§7§5§D§6§B§6§lr§x§5§F§E§2§C§5§la§x§7§9§D§4§B§4§lt§x§9§3§C§7§A§2§le §x§C§8§A§B§7§F§lK§x§E§2§9§E§6§E§le§x§F§C§9§0§5§C§ly in auction for 350000.
[17:03:22] > nachfaust added x1 Enchanted book in auction for 15000.
[17:05:07] > mae added x1 Eye armor trim smithing template in auction for 9000000.
[17:05:18] > mae added x1 Eye armor trim smithing template in auction for 8500000.
[17:05:30] > mae added x1 Eye armor trim smithing template in auction for 8000000.
[17:07:01] > HwanYo added x64 Experience bottle in auction for 80000.
[17:07:16] > HwanYo added x64 Experience bottle in auction for 80000.
[17:07:38] > HwanYo added x64 Experience bottle in auction for 80000.
[17:08:08] > HwanYo added x64 Experience bottle in auction for 80000.
[17:08:22] > HwanYo added x64 Experience bottle in auction for 80000.
[17:15:15] > RizzaIck remove x1 §x§F§F§3§E§0§0§lSellwand Voucher from storage
[17:15:21] > RizzaIck added x1 §x§F§F§3§E§0§0§lSellwand Voucher in auction for 1000000.
[17:15:37] > MrZyrus7228 buy x1 §x§F§F§7§C§0§0§lSteamsparks Leggings to mae for $300,000.
[17:15:43] > MrZyrus7228 remove x1 §x§F§F§7§C§0§0§lSteamsparks Leggings from buy
[17:15:49] > ThatMidnight remove x1 §f§l§8B§x§6§4§6§4§6§4a§x§7§4§7§4§7§4h§x§8§3§8§3§8§3a§x§9§3§9§3§9§3m§x§A§2§A§2§A§2ut§x§9§3§9§3§9§3 §x§8§3§8§3§8§3M§x§7§4§7§4§7§4a§x§6§4§6§4§6§4c§8e from storage
[17:16:01] > .DairyParty8521 buy x1 Netherite helmet to nachfaust for $300,000.
[17:16:30] > .DairyParty8521 remove x1 Netherite helmet from buy
[17:16:31] > auvicious remove x1 Enchanted book from storage
[17:16:45] > auvicious added x3 Enchanted golden apple in auction for 120000.
[17:18:58] > x1 §f§l§8B§x§6§1§6§1§6§1a§x§6§D§6§D§6§Dh§x§7§9§7§9§7§9a§x§8§6§8§6§8§6m§x§9§2§9§2§9§2u§x§9§E§9§E§9§Et§7 §x§9§E§9§E§9§EH§x§9§2§9§2§9§2a§x§8§6§8§6§8§6l§x§7§9§7§9§7§9b§x§6§D§6§D§6§De§x§6§1§6§1§6§1r§8d on sale by PrezXie has just expired, it goes in the inventory of expired items.
[17:26:38] > InternetCafeUser remove x64 Emerald block from buy
[17:29:44] > x3 Enchanted golden apple, item of butchtaylor, has just expired, the item is definitively deleted.
[17:29:44] > x1 §fMysterious Hat, item of Akiesha, has just expired, the item is definitively deleted.
[17:29:44] > x1 §fFarmer Hat, item of Akiesha, has just expired, the item is definitively deleted.
[17:29:45] > ThatMidnight remove x1 §f§l§8B§x§6§4§6§4§6§4a§x§7§4§7§4§7§4h§x§8§3§8§3§8§3a§x§9§3§9§3§9§3m§x§A§2§A§2§A§2ut§x§9§3§9§3§9§3 §x§8§3§8§3§8§3M§x§7§4§7§4§7§4a§x§6§4§6§4§6§4c§8e from expire
[17:30:29] > ThatMidnight added x1 §f§l§8B§x§6§4§6§4§6§4a§x§7§4§7§4§7§4h§x§8§3§8§3§8§3a§x§9§3§9§3§9§3m§x§A§2§A§2§A§2ut§x§9§3§9§3§9§3 §x§8§3§8§3§8§3M§x§7§4§7§4§7§4a§x§6§4§6§4§6§4c§8e in auction for 2000000.
[17:33:20] > mae added x1 Flow armor trim smithing template in auction for 500000.
[17:39:42] > x1 go to diamond for gudies on sale by kabayooo has just expired, it goes in the inventory of expired items.
[17:40:03] > .Allxnzv added x1 §fCamel Plushie §6(#12/101) in auction for 50000.
[17:42:52] > x1 §x§F§F§3§E§0§0§lD§x§F§F§3§6§0§0§le§x§F§F§2§F§0§0§lm§x§F§F§2§7§0§0§lo§x§F§F§1§F§0§0§ln §x§F§F§1§0§0§0§lL§x§F§F§0§8§0§0§lo§x§F§F§0§0§0§0§lr§x§F§F§0§9§0§0§ld §x§F§F§1§B§0§0§lS§x§F§F§2§3§0§0§lt§x§F§F§2§C§0§0§la§x§F§F§3§5§0§0§lf§x§F§F§3§E§0§0§lf on sale by aBlizzardGod has just expired, it goes in the inventory of expired items.
[17:44:36] > Johng10910 buy x64 Experience bottle to mae for $150,000.
[17:44:42] > Johng10910 remove x64 Experience bottle from buy
[17:45:03] > HwanYo buy x1 §x§F§F§3§E§0§0§lSellwand Voucher to RizzaIck for $1,000,000.
[17:45:08] > HwanYo remove x1 §x§F§F§3§E§0§0§lSellwand Voucher from buy
[17:45:08] > HwanYo remove x1 §x§F§F§5§5§0§0§lsᴇʟʟᴡᴀɴᴅ §6- 10.0x from buy
[17:51:03] > .Whatyusaay added x2 Breeze rod in auction for 20000.
[17:51:30] > .JakeTheMiner457 buy x2 Breeze rod to .Whatyusaay for $20,000.
[17:52:17] > .JakeTheMiner457 remove x2 Breeze rod from buy
[17:53:09] > RizzaIck remove x1 §f§l§8B§x§6§4§6§4§6§4a§x§7§4§7§4§7§4h§x§8§3§8§3§8§3a§x§9§3§9§3§9§3m§x§A§2§A§2§A§2ut§x§9§3§9§3§9§3 §x§8§3§8§3§8§3C§x§7§4§7§4§7§4l§x§6§4§6§4§6§4u§8b from storage
[18:07:11] > Palietass added x1 /pwarp go BonesValley TO JOIN OUR COMMUNITY! in auction for 9999999999.
[18:10:40] > scarlettti added x1 §f§l§x§F§C§D§0§5§CW§x§F§B§B§0§4§Eu§x§F§9§9§0§4§0k§x§F§8§7§0§3§2o§x§F§6§5§0§2§3n§x§F§5§3§0§1§5g§x§F§4§1§0§0§7 P§x§F§5§3§0§1§5i§x§F§6§5§0§2§3c§x§F§8§7§0§3§2k§x§F§9§9§0§4§0a§x§F§B§B§0§4§Ex§x§F§C§D§0§5§Ce in auction for 700000.
[18:16:42] > HPMR_GaMerz buy x1 §fCamel Plushie §6(#12/101) to .Allxnzv for $50,000.
[18:16:46] > HPMR_GaMerz remove x1 §fCamel Plushie §6(#12/101) from buy
[18:16:47] > HPMR_GaMerz remove x1 Lime shulker box from buy
[18:17:18] > Kaynn added x1 Music disc blocks in auction for 100000.
[18:17:41] > JinSoul15 added x1 Music disc cat in auction for 100000.
[18:17:59] > JinSoul15 added x1 Music disc cat in auction for 100000.
[18:18:51] > JinSoul15 added x1 Enchanted golden apple in auction for 100000.
[18:19:00] > Gabyy buy x1 §f§l§x§F§C§D§0§5§CW§x§F§A§A§6§4§Au§x§F§8§7§D§3§7k§x§F§7§5§3§2§5o§x§F§5§2§A§1§2n§x§F§3§0§0§0§0g§x§F§5§2§A§1§2 §x§F§7§5§3§2§5C§x§F§8§7§D§3§7l§x§F§A§A§6§4§Au§x§F§C§D§0§5§Cb to Icon_Skully for $150,000.
[18:20:39] > JinSoul15 added x1 Enchanted golden apple in auction for 50000.
[18:22:37] > Julene buy x64 Experience bottle to HwanYo for $80,000.
[18:22:43] > Julene remove x64 Experience bottle from buy
[18:29:54] > BlackKnight buy x1 §f§l§8B§x§6§2§6§2§6§2a§x§6§F§6§F§6§Fh§x§7§C§7§C§7§Ca§x§8§9§8§9§8§9m§x§9§6§9§6§9§6u§x§A§3§A§3§A§3t §x§9§6§9§6§9§6H§x§8§9§8§9§8§9e§x§7§C§7§C§7§Cl§x§6§F§6§F§6§Fm§x§6§2§6§2§6§2e§8t to Abbadex for $600,000.
[18:31:47] > .Whatyusaay added x2 Breeze rod in auction for 50000.
[18:32:27] > BlackKnight buy x1 §f§l§8B§x§6§6§6§6§6§6a§x§7§7§7§7§7§7h§x§8§8§8§8§8§8a§x§9§9§9§9§9§9m§7u§x§9§9§9§9§9§9t§x§8§8§8§8§8§8 §x§7§7§7§7§7§7H§x§6§6§6§6§6§6a§8t to Panda_Nooba for $100,000.
[18:32:37] > BlackKnight buy x1 §fBreeze Plushie §6(#11/101) to Ryzxc for $100,000.
[18:34:32] > Kaynn added x64 Iron block in auction for 20000.
[18:41:05] > .Whatyusaay remove x2 Breeze rod from storage
[18:41:28] > .Whatyusaay added x2 Breeze rod in auction for 20000.
[18:41:28] > x1 §x§F§F§3§E§0§0§lD§x§F§F§3§5§0§0§le§x§F§F§2§C§0§0§lm§x§F§F§2§3§0§0§lo§x§F§F§1§B§0§0§ln §x§F§F§0§9§0§0§lL§x§F§F§0§0§0§0§lo§x§F§F§0§A§0§0§lr§x§F§F§1§5§0§0§ld §x§F§F§2§9§0§0§lB§x§F§F§3§4§0§0§lo§x§F§F§3§E§0§0§lw on sale by nebula12321 has just expired, it goes in the inventory of expired items.
[18:41:28] > x1 §x§E§5§1§B§1§B§lDracula Bow on sale by nebula12321 has just expired, it goes in the inventory of expired items.
[18:41:47] > x1 Music disc lava chicken on sale by nebula12321 has just expired, it goes in the inventory of expired items.
[18:44:24] > .Whatyusaay buy x64 Iron block to Kaynn for $20,000.
[18:44:53] > .Whatyusaay remove x2 Breeze rod form storage
[18:45:39] > BlackKnight remove x1 §f§l§8B§x§6§6§6§6§6§6a§x§7§7§7§7§7§7h§x§8§8§8§8§8§8a§x§9§9§9§9§9§9m§7u§x§9§9§9§9§9§9t§x§8§8§8§8§8§8 §x§7§7§7§7§7§7H§x§6§6§6§6§6§6a§8t form buy
[18:45:39] > BlackKnight remove x1 §x§F§F§5§5§0§0§lsᴇʟʟᴡᴀɴᴅ §6- 5.0x form buy
[18:45:39] > BlackKnight remove x1 §x§F§F§5§5§0§0§lsᴇʟʟᴡᴀɴᴅ §6- 5.0x form buy
[18:45:39] > BlackKnight remove x1 §f§l§8B§x§6§2§6§2§6§2a§x§6§F§6§F§6§Fh§x§7§C§7§C§7§Ca§x§8§9§8§9§8§9m§x§9§6§9§6§9§6u§x§A§3§A§3§A§3t §x§9§6§9§6§9§6P§x§8§9§8§9§8§9i§x§7§C§7§C§7§Cc§x§6§F§6§F§6§Fa§x§6§2§6§2§6§2x§8e form buy
[18:45:39] > BlackKnight remove x1 §f§l§8B§x§6§2§6§2§6§2a§x§6§F§6§F§6§Fh§x§7§C§7§C§7§Ca§x§8§9§8§9§8§9m§x§9§6§9§6§9§6u§x§A§3§A§3§A§3t §x§9§6§9§6§9§6H§x§8§9§8§9§8§9e§x§7§C§7§C§7§Cl§x§6§F§6§F§6§Fm§x§6§2§6§2§6§2e§8t form buy
[18:45:39] > BlackKnight remove x1 §fBreeze Plushie §6(#11/101) form buy
[18:45:39] > BlackKnight remove x1 §x§F§F§5§5§0§0§lsᴇʟʟᴡᴀɴᴅ §6- 5.0x form buy
[18:45:39] > BlackKnight remove x1 §x§3§4§9§8§D§Bɪʀᴏɴ ɢᴏʟᴇᴍ ꜱᴘᴀᴡɴᴇʀ form buy
[18:45:48] > Kaynn added x64 Iron block in auction for 20000.
[18:45:51] > Quibz remove x1 §x§F§F§3§E§0§0§lD§x§F§F§3§6§0§0§le§x§F§F§2§F§0§0§lm§x§F§F§2§7§0§0§lo§x§F§F§1§F§0§0§ln §x§F§F§1§0§0§0§lL§x§F§F§0§8§0§0§lo§x§F§F§0§0§0§0§lr§x§F§F§0§9§0§0§ld §x§F§F§1§B§0§0§lS§x§F§F§2§3§0§0§lw§x§F§F§2§C§0§0§lo§x§F§F§3§5§0§0§lr§x§F§F§3§E§0§0§ld from storage
[18:46:04] > Johng10910 buy x64 Iron block to Kaynn for $20,000.
[18:46:07] > BlackKnight added x1 §f§l§8B§x§6§2§6§2§6§2a§x§6§F§6§F§6§Fh§x§7§C§7§C§7§Ca§x§8§9§8§9§8§9m§x§9§6§9§6§9§6u§x§A§3§A§3§A§3t §x§9§6§9§6§9§6H§x§8§9§8§9§8§9e§x§7§C§7§C§7§Cl§x§6§F§6§F§6§Fm§x§6§2§6§2§6§2e§8t in auction for 2000000.
[18:46:14] > Kaynn added x64 Iron block in auction for 20000.
[18:47:06] > CacaBoi123 added x1 §fCamel Plushie §6(#12/101) in auction for 100000.
[18:47:47] > .Whatyusaay buy x9 Quartz to ace for $100.
[18:47:49] > GoldEngine11 remove x1 §x§F§F§7§C§0§0§lSteamsparks Hoe from expire
[18:47:49] > GoldEngine11 remove x1 §f§l§8B§x§6§2§6§2§6§2a§x§6§F§6§F§6§Fh§x§7§C§7§C§7§Ca§x§8§9§8§9§8§9m§x§9§6§9§6§9§6u§x§A§3§A§3§A§3t §x§9§6§9§6§9§6D§x§8§9§8§9§8§9a§x§7§C§7§C§7§Cg§x§6§F§6§F§6§Fg§x§6§2§6§2§6§2e§8r from expire
[18:47:50] > GoldEngine11 remove x1 §x§5§9§A§1§D§9§lA§x§7§5§B§1§D§Fr§x§9§0§C§0§E§6c§x§A§C§D§0§E§Ch§x§C§8§E§0§F§2a§x§E§3§E§F§F§9n§fg§x§E§3§E§F§F§9e§x§C§8§E§0§F§2l §x§9§0§C§0§E§6B§x§7§5§B§1§D§Fo§x§5§9§A§1§D§9w from expire
[18:47:50] > GoldEngine11 remove x1 §x§F§F§7§C§0§0§lSteamsparks Battle Axe from expire
[18:48:27] > Kaynn added x1 Flow armor trim smithing template in auction for 250000.
[18:51:03] > GoldEngine11 added x1 §x§F§F§7§C§0§0§lSteamsparks Hoe in auction for 250000.
[18:51:04] > .Whatyusaay added x2 Breeze rod in auction for 20000.
[18:51:14] > GoldEngine11 added x1 §x§F§F§7§C§0§0§lSteamsparks Battle Axe in auction for 350000.
[18:51:27] > .Whatyusaay added x32 Wind charge in auction for 25000.
[18:51:36] > HPMR_GaMerz buy x64 Iron block to Kaynn for $20,000.
[18:51:47] > GoldEngine11 remove x1 §x§F§F§7§C§0§0§lSteamsparks Hoe from storage
[18:52:15] > GoldEngine11 remove x1 §x§F§F§7§C§0§0§lSteamsparks Hoe from expire
[18:52:18] > Kaynn added x64 Iron block in auction for 20000.
[18:52:24] > GoldEngine11 added x1 §x§F§F§7§C§0§0§lSteamsparks Hoe in auction for 150000.
[18:52:55] > GoldEngine11 added x1 §f§l§8B§x§6§2§6§2§6§2a§x§6§F§6§F§6§Fh§x§7§C§7§C§7§Ca§x§8§9§8§9§8§9m§x§9§6§9§6§9§6u§x§A§3§A§3§A§3t §x§9§6§9§6§9§6D§x§8§9§8§9§8§9a§x§7§C§7§C§7§Cg§x§6§F§6§F§6§Fg§x§6§2§6§2§6§2e§8r in auction for 500000.
[18:55:42] > GoldEngine11 added x1 §x§5§9§A§1§D§9§lA§x§7§5§B§1§D§Fr§x§9§0§C§0§E§6c§x§A§C§D§0§E§Ch§x§C§8§E§0§F§2a§x§E§3§E§F§F§9n§fg§x§E§3§E§F§F§9e§x§C§8§E§0§F§2l §x§9§0§C§0§E§6B§x§7§5§B§1§D§Fo§x§5§9§A§1§D§9w in auction for 900000.
[18:55:50] > HPMR_GaMerz buy x64 Iron block to Kaynn for $20,000.
[18:56:22] > aznaaa added x1 §f§l§8B§x§6§3§6§3§6§3a§x§7§1§7§1§7§1h§x§8§0§8§0§8§0a§x§8§E§8§E§8§Em§x§9§C§9§C§9§Cu§7t§x§9§C§9§C§9§C §x§8§E§8§E§8§ES§x§8§0§8§0§8§0w§x§7§1§7§1§7§1o§x§6§3§6§3§6§3r§8d in auction for 500000.
[18:56:58] > aznaaa added x1 §x§E§5§1§B§1§B§lDracula Pickaxe in auction for 400000.
[18:57:19] > YchannR buy x32 Wind charge to .Whatyusaay for $25,000.
[18:57:28] > Kaynn added x64 Iron block in auction for 20000.
[18:57:34] > Palietass buy x1 §f§l§x§F§C§D§0§5§CW§x§F§B§A§D§4§Du§x§F§9§8§B§3§Dk§x§F§8§6§8§2§Eo§x§F§6§4§5§1§Fn§x§F§5§2§3§0§Fg§x§F§3§0§0§0§0 §x§F§5§2§3§0§FH§x§F§6§4§5§1§Fe§x§F§8§6§8§2§El§x§F§9§8§B§3§Dm§x§F§B§A§D§4§De§x§F§C§D§0§5§Ct to kabayooo for $200,000.
[18:57:42] > Palietass remove x1 §f§l§x§F§C§D§0§5§CW§x§F§B§A§D§4§Du§x§F§9§8§B§3§Dk§x§F§8§6§8§2§Eo§x§F§6§4§5§1§Fn§x§F§5§2§3§0§Fg§x§F§3§0§0§0§0 §x§F§5§2§3§0§FH§x§F§6§4§5§1§Fe§x§F§8§6§8§2§El§x§F§9§8§B§3§Dm§x§F§B§A§D§4§De§x§F§C§D§0§5§Ct from buy
[18:57:47] > GoldEngine11 added x1 §x§F§F§3§E§0§0§lDemon Lord Bow in auction for 300000.
[18:58:02] > Kaynn buy x1 §x§F§F§3§E§0§0§lDemon Lord Bow to GoldEngine11 for $300,000.
[18:58:07] > Kaynn remove x1 §x§F§F§3§E§0§0§lDemon Lord Bow from buy
[19:01:26] > Gabyy remove x1 §f§l§x§F§C§D§0§5§CW§x§F§A§A§6§4§Au§x§F§8§7§D§3§7k§x§F§7§5§3§2§5o§x§F§5§2§A§1§2n§x§F§3§0§0§0§0g§x§F§5§2§A§1§2 §x§F§7§5§3§2§5C§x§F§8§7§D§3§7l§x§F§A§A§6§4§Au§x§F§C§D§0§5§Cb from buy
[19:08:29] > Carrr buy x1 §aCthulhu to Kyle for $50,000.
[19:09:29] > Carrr buy x1 §fElf Hat to belvi__ for $50,000.
[19:10:12] > Julene added x1 Elytra in auction for 2000000.
[19:10:22] > Carrr remove x1 §fElf Hat form buy
[19:10:22] > Carrr remove x1 §aCthulhu form buy
[19:11:01] > Julene remove x1 Elytra from storage
[19:11:17] > Julene added x1 Elytra in auction for 1900000.
[19:13:09] > Julene remove x1 Elytra from storage
[19:13:20] > Julene added x1 Elytra in auction for 1700000.
[19:26:12] > nachfaust buy x1 Elytra to Julene for $1,700,000.
[19:26:52] > nachfaust remove x1 Elytra from buy
[19:27:29] > Ryzxc buy x1 §x§F§F§7§C§0§0§lSteamsparks Staff to Icon_Skully for $100,000.
[19:30:02] > Ryzxc remove x64 Chorus fruit form storage
[19:30:02] > Ryzxc remove x64 Cobblestone form storage
[19:30:02] > Ryzxc remove x64 Cobblestone form storage
[19:30:20] > Ryzxc added x64 Cobblestone in auction for 100.
[19:30:32] > Ryzxc added x64 Cobblestone in auction for 100.
[19:31:35] > koshie added x1 trading each of the item you like here for 20x in auction for 400000000000000.
[19:34:24] > Ryzxc remove x1 §x§F§F§7§C§0§0§lSteamsparks Staff from buy
[19:35:57] > koshie remove x1 trading each of the item you like here for 20x from storage
[19:36:18] > Johng10910 added x1 §f§l§x§8§A§0§0§F§FS§x§9§9§0§0§D§Bh§x§A§8§0§0§B§6i§x§B§7§0§0§9§2n§x§C§6§0§0§6§De§x§D§5§0§0§4§9 §x§E§4§0§0§2§4O§x§F§3§0§0§0§0n§x§E§4§0§0§2§4i§x§D§5§0§0§4§9 §x§C§6§0§0§6§DB§x§B§7§0§0§9§2o§x§A§8§0§0§B§6o§x§9§9§0§0§D§Bt§x§8§A§0§0§F§Fs in auction for 2000000.
[19:36:20] > Abbadex added x1 §f§l§x§8§A§0§0§F§FS§x§9§C§0§0§D§5h§x§A§D§0§0§A§Ai§x§B§F§0§0§8§0n§x§D§0§0§0§5§5e§x§E§2§0§0§2§B §x§F§3§0§0§0§0O§x§E§2§0§0§2§An§x§D§0§0§0§5§5i§x§B§F§0§0§8§0 §x§A§D§0§0§A§AK§x§9§C§0§0§D§5e§x§8§A§0§0§F§Fy in auction for 3500000.
[19:36:52] > Abbadex added x1 §f§l§x§8§A§0§0§F§FS§x§9§C§0§0§D§5h§x§A§D§0§0§A§Ai§x§B§F§0§0§8§0n§x§D§0§0§0§5§5e§x§E§2§0§0§2§B §x§F§3§0§0§0§0O§x§E§2§0§0§2§An§x§D§0§0§0§5§5i§x§B§F§0§0§8§0 §x§A§D§0§0§A§AK§x§9§C§0§0§D§5e§x§8§A§0§0§F§Fy in auction for 3500000.
[19:37:42] > Malachkite added x1 §f§l§8B§x§6§1§6§1§6§1a§x§6§D§6§D§6§Dh§x§7§9§7§9§7§9a§x§8§6§8§6§8§6m§x§9§2§9§2§9§2u§x§9§E§9§E§9§Et§7 §x§9§E§9§E§9§EH§x§9§2§9§2§9§2a§x§8§6§8§6§8§6l§x§7§9§7§9§7§9b§x§6§D§6§D§6§De§x§6§1§6§1§6§1r§8d in auction for 700000.
[19:37:51] > ThatMidnight added x1 §f§l§x§8§A§0§0§F§FS§x§9§8§0§0§D§Dh§x§A§6§0§0§B§Bi§x§B§4§0§0§9§9n§x§C§2§0§0§7§7e§x§D§0§0§0§5§5 §x§D§E§0§0§3§3O§x§E§C§0§0§1§1ni§x§D§E§0§0§3§3 §x§D§0§0§0§5§5S§x§C§2§0§0§7§7h§x§B§4§0§0§9§9o§x§A§6§0§0§B§Bv§x§9§8§0§0§D§De§x§8§A§0§0§F§Fl in auction for 1000000.
[19:39:20] > ThatMidnight remove x1 §f§l§x§8§A§0§0§F§FS§x§9§8§0§0§D§Dh§x§A§6§0§0§B§Bi§x§B§4§0§0§9§9n§x§C§2§0§0§7§7e§x§D§0§0§0§5§5 §x§D§E§0§0§3§3O§x§E§C§0§0§1§1ni§x§D§E§0§0§3§3 §x§D§0§0§0§5§5S§x§C§2§0§0§7§7h§x§B§4§0§0§9§9o§x§A§6§0§0§B§Bv§x§9§8§0§0§D§De§x§8§A§0§0§F§Fl from storage
[19:39:25] > ThatMidnight remove x1 §f§l§x§8§A§0§0§F§FS§x§9§8§0§0§D§Dh§x§A§6§0§0§B§Bi§x§B§4§0§0§9§9n§x§C§2§0§0§7§7e§x§D§0§0§0§5§5 §x§D§E§0§0§3§3O§x§E§C§0§0§1§1ni§x§D§E§0§0§3§3 §x§D§0§0§0§5§5S§x§C§2§0§0§7§7h§x§B§4§0§0§9§9o§x§A§6§0§0§B§Bv§x§9§8§0§0§D§De§x§8§A§0§0§F§Fl from expire
[19:39:46] > ThatMidnight added x1 §f§l§x§8§A§0§0§F§FS§x§9§8§0§0§D§Dh§x§A§6§0§0§B§Bi§x§B§4§0§0§9§9n§x§C§2§0§0§7§7e§x§D§0§0§0§5§5 §x§D§E§0§0§3§3O§x§E§C§0§0§1§1ni§x§D§E§0§0§3§3 §x§D§0§0§0§5§5S§x§C§2§0§0§7§7h§x§B§4§0§0§9§9o§x§A§6§0§0§B§Bv§x§9§8§0§0§D§De§x§8§A§0§0§F§Fl in auction for 900000.
[19:39:49] > RebornKimmy buy x1 §f§l§x§8§A§0§0§F§FS§x§9§8§0§0§D§Dh§x§A§6§0§0§B§Bi§x§B§4§0§0§9§9n§x§C§2§0§0§7§7e§x§D§0§0§0§5§5 §x§D§E§0§0§3§3O§x§E§C§0§0§1§1ni§x§D§E§0§0§3§3 §x§D§0§0§0§5§5S§x§C§2§0§0§7§7h§x§B§4§0§0§9§9o§x§A§6§0§0§B§Bv§x§9§8§0§0§D§De§x§8§A§0§0§F§Fl to ThatMidnight for $900,000.
[19:40:06] > RebornKimmy remove x1 §f§l§x§8§A§0§0§F§FS§x§9§8§0§0§D§Dh§x§A§6§0§0§B§Bi§x§B§4§0§0§9§9n§x§C§2§0§0§7§7e§x§D§0§0§0§5§5 §x§D§E§0§0§3§3O§x§E§C§0§0§1§1ni§x§D§E§0§0§3§3 §x§D§0§0§0§5§5S§x§C§2§0§0§7§7h§x§B§4§0§0§9§9o§x§A§6§0§0§B§Bv§x§9§8§0§0§D§De§x§8§A§0§0§F§Fl from buy
[19:40:11] > frenchhee buy x1 §f§l§x§8§A§0§0§F§FS§x§9§9§0§0§D§Bh§x§A§8§0§0§B§6i§x§B§7§0§0§9§2n§x§C§6§0§0§6§De§x§D§5§0§0§4§9 §x§E§4§0§0§2§4O§x§F§3§0§0§0§0n§x§E§4§0§0§2§4i§x§D§5§0§0§4§9 §x§C§6§0§0§6§DB§x§B§7§0§0§9§2o§x§A§8§0§0§B§6o§x§9§9§0§0§D§Bt§x§8§A§0§0§F§Fs to Johng10910 for $2,000,000.
[19:40:12] > Ryzxc added x1 §x§F§F§7§C§0§0§lSteamsparks Staff in auction for 100000.
[19:40:19] > frenchhee remove x1 §f§l§x§8§A§0§0§F§FS§x§9§9§0§0§D§Bh§x§A§8§0§0§B§6i§x§B§7§0§0§9§2n§x§C§6§0§0§6§De§x§D§5§0§0§4§9 §x§E§4§0§0§2§4O§x§F§3§0§0§0§0n§x§E§4§0§0§2§4i§x§D§5§0§0§4§9 §x§C§6§0§0§6§DB§x§B§7§0§0§9§2o§x§A§8§0§0§B§6o§x§9§9§0§0§D§Bt§x§8§A§0§0§F§Fs from buy
[19:40:38] > Kaynn added x1 §x§E§5§1§B§1§B§lDracula Staff in auction for 250000.
[19:40:48] > Johng10910 added x1 §x§E§5§1§B§1§B§lDracula Halberd in auction for 200000.
[19:41:00] > Johng10910 added x1 §f§l§x§F§C§D§0§5§CW§x§F§B§A§D§4§Du§x§F§9§8§B§3§Dk§x§F§8§6§8§2§Eo§x§F§6§4§5§1§Fn§x§F§5§2§3§0§Fg§x§F§3§0§0§0§0 §x§F§5§2§3§0§FD§x§F§6§4§5§1§Fa§x§F§8§6§8§2§Eg§x§F§9§8§B§3§Dg§x§F§B§A§D§4§De§x§F§C§D§0§5§Cr in auction for 150000.
[19:43:02] > Ryzxc added x1 §x§E§5§1§B§1§B§lDracula Staff in auction for 150000.
[19:48:33] > nachfaust buy x64 Iron block to Kaynn for $20,000.
[19:49:09] > Kwienn added x1 §f§l§x§F§C§D§0§5§CW§x§F§B§A§D§4§Du§x§F§9§8§B§3§Dk§x§F§8§6§8§2§Eo§x§F§6§4§5§1§Fn§x§F§5§2§3§0§Fg§x§F§3§0§0§0§0 §x§F§5§2§3§0§FS§x§F§6§4§5§1§Fh§x§F§8§6§8§2§Eo§x§F§9§8§B§3§Dv§x§F§B§A§D§4§De§x§F§C§D§0§5§Cl in auction for 100000.
[19:51:45] > blezzinglighto added x1 §x§F§F§5§5§0§0§lsᴇʟʟᴡᴀɴᴅ §6- 5.0x in auction for 300000.
[19:51:49] > MrZyrus7228 buy x1 §x§F§F§5§5§0§0§lsᴇʟʟᴡᴀɴᴅ §6- 5.0x to blezzinglighto for $300,000.
[19:51:52] > MrZyrus7228 remove x1 §x§F§F§5§5§0§0§lsᴇʟʟᴡᴀɴᴅ §6- 5.0x from buy
[19:52:30] > Panda_Nooba remove x1 §x§F§0§7§A§5§4§lZombie Apocalyptic Key from storage
[19:52:30] > nachfaust remove x64 Iron block form buy
[19:52:46] > Panda_Nooba added x1 §x§F§0§7§A§5§4§lZombie Apocalyptic Key in auction for 50000.
[19:52:50] > RebornKimmy buy x1 §x§F§0§7§A§5§4§lZombie Apocalyptic Key to Panda_Nooba for $50,000.
[19:53:20] > Antonie657 buy x64 Cobblestone to Ryzxc for $100.
[19:53:22] > Antonie657 buy x64 Cobblestone to Ryzxc for $100.
[19:53:29] > Antonie657 remove x35 Cobblestone from buy
[19:53:30] > Antonie657 remove x35 Cobblestone from buy
[19:53:42] > Malachkite remove x1 §f§l§8B§x§6§1§6§1§6§1a§x§6§D§6§D§6§Dh§x§7§9§7§9§7§9a§x§8§6§8§6§8§6m§x§9§2§9§2§9§2u§x§9§E§9§E§9§Et§7 §x§9§E§9§E§9§EH§x§9§2§9§2§9§2a§x§8§6§8§6§8§6l§x§7§9§7§9§7§9b§x§6§D§6§D§6§De§x§6§1§6§1§6§1r§8d from storage
[19:54:55] > CacaBoi123 added x1 §f§l§x§F§C§D§0§5§CW§x§F§A§A§2§4§8u§x§F§8§7§4§3§3k§x§F§6§4§5§1§Fo§x§F§4§1§7§0§Ang§x§F§6§4§5§1§F §x§F§8§7§4§3§3H§x§F§A§A§2§4§8o§x§F§C§D§0§5§Ce in auction for 150000.
[19:54:56] > cart224 added x1 NEW STOCKS AT 7EVELINES!!!! in auction for 999999999.
[19:57:42] > .JakeTheMiner457 remove x1 Sentry armor trim smithing template from storage
[19:58:12] > .JakeTheMiner457 remove x1 Shulker box from storage
[19:59:26] > Panda_Nooba added x1 §x§E§5§1§B§1§B§lDracula Fishing in auction for 50000.
[19:59:31] > RebornKimmy buy x1 §x§E§5§1§B§1§B§lDracula Fishing to Panda_Nooba for $50,000.
[19:59:47] > .JakeTheMiner457 remove x1 Shulker box form expire
[19:59:47] > .JakeTheMiner457 remove x1 Sentry armor trim smithing template form expire
[20:00:50] > .JakeTheMiner457 added x1 §x§E§5§1§B§1§B§lDracula Pickaxe in auction for 150000.
[20:01:05] > x1 §x§F§F§3§E§0§0§lD§x§F§F§3§5§0§0§le§x§F§F§2§C§0§0§lm§x§F§F§2§3§0§0§lo§x§F§F§1§B§0§0§ln §x§F§F§0§9§0§0§lL§x§F§F§0§0§0§0§lo§x§F§F§0§A§0§0§lr§x§F§F§1§5§0§0§ld §x§F§F§2§9§0§0§lB§x§F§F§3§4§0§0§lo§x§F§F§3§E§0§0§lw, bought by octopus_01, has just expired, the item is definitively deleted.
[20:01:11] > .JakeTheMiner457 added x1 §f§l§x§F§C§D§0§5§CW§x§F§A§A§2§4§8u§x§F§8§7§4§3§3k§x§F§6§4§5§1§Fo§x§F§4§1§7§0§Ang§x§F§6§4§5§1§F §x§F§8§7§4§3§3H§x§F§A§A§2§4§8o§x§F§C§D§0§5§Ce in auction for 150000.
[20:01:15] > Ryzxc added x64 Spruce log in auction for 1000.
[20:02:18] > .JakeTheMiner457 remove x1 §f§l§x§F§C§D§0§5§CW§x§F§A§A§2§4§8u§x§F§8§7§4§3§3k§x§F§6§4§5§1§Fo§x§F§4§1§7§0§Ang§x§F§6§4§5§1§F §x§F§8§7§4§3§3H§x§F§A§A§2§4§8o§x§F§C§D§0§5§Ce from storage
[20:02:24] > .JakeTheMiner457 remove x1 §x§E§5§1§B§1§B§lDracula Pickaxe from storage
[20:02:37] > .JakeTheMiner457 remove x1 §x§E§5§1§B§1§B§lDracula Pickaxe form expire
[20:02:37] > .JakeTheMiner457 remove x1 §f§l§x§F§C§D§0§5§CW§x§F§A§A§2§4§8u§x§F§8§7§4§3§3k§x§F§6§4§5§1§Fo§x§F§4§1§7§0§Ang§x§F§6§4§5§1§F §x§F§8§7§4§3§3H§x§F§A§A§2§4§8o§x§F§C§D§0§5§Ce form expire
[20:03:00] > .JakeTheMiner457 added x1 §f§l§x§F§C§D§0§5§CW§x§F§A§A§2§4§8u§x§F§8§7§4§3§3k§x§F§6§4§5§1§Fo§x§F§4§1§7§0§Ang§x§F§6§4§5§1§F §x§F§8§7§4§3§3H§x§F§A§A§2§4§8o§x§F§C§D§0§5§Ce in auction for 100000.
[20:03:18] > .JakeTheMiner457 added x1 §x§E§5§1§B§1§B§lDracula Pickaxe in auction for 100000.
[20:03:41] > HandsomeCat buy x64 Experience bottle to HwanYo for $80,000.
[20:03:48] > HandsomeCat buy x64 Experience bottle to HwanYo for $80,000.
[20:04:10] > Unforce01 buy x1 §f§l§x§8§A§0§0§F§FS§x§9§C§0§0§D§5h§x§A§D§0§0§A§Ai§x§B§F§0§0§8§0n§x§D§0§0§0§5§5e§x§E§2§0§0§2§B §x§F§3§0§0§0§0O§x§E§2§0§0§2§An§x§D§0§0§0§5§5i§x§B§F§0§0§8§0 §x§A§D§0§0§A§AK§x§9§C§0§0§D§5e§x§8§A§0§0§F§Fy to Abbadex for $3,500,000.
[20:04:38] > HandsomeCat remove x64 Experience bottle from buy
[20:04:39] > HandsomeCat remove x64 Experience bottle from buy
[20:05:31] > HandsomeCat buy x64 Experience bottle to HwanYo for $80,000.
[20:05:35] > HandsomeCat buy x64 Experience bottle to HwanYo for $80,000.
[20:06:12] > Unforce01 remove x1 §f§l§x§8§A§0§0§F§FS§x§9§C§0§0§D§5h§x§A§D§0§0§A§Ai§x§B§F§0§0§8§0n§x§D§0§0§0§5§5e§x§E§2§0§0§2§B §x§F§3§0§0§0§0O§x§E§2§0§0§2§An§x§D§0§0§0§5§5i§x§B§F§0§0§8§0 §x§A§D§0§0§A§AK§x§9§C§0§0§D§5e§x§8§A§0§0§F§Fy form buy
[20:06:26] > CacaBoi123 remove x1 §f§l§x§F§C§D§0§5§CW§x§F§A§A§2§4§8u§x§F§8§7§4§3§3k§x§F§6§4§5§1§Fo§x§F§4§1§7§0§Ang§x§F§6§4§5§1§F §x§F§8§7§4§3§3H§x§F§A§A§2§4§8o§x§F§C§D§0§5§Ce from storage
[20:06:33] > .Allxnzv added x1 §x§F§F§3§E§0§0§lSellwand Voucher in auction for 1000000.
[20:06:34] > Panda_Nooba added x2 Shulker shell in auction for 100.
[20:06:41] > MrZyrus7228 buy x1 §x§F§F§3§E§0§0§lSellwand Voucher to .Allxnzv for $1,000,000.
[20:06:42] > Antonie657 buy x2 Shulker shell to Panda_Nooba for $100.
[20:06:44] > MrZyrus7228 remove x1 §x§F§F§3§E§0§0§lSellwand Voucher from buy
[20:06:46] > CacaBoi123 remove x1 §fCamel Plushie §6(#12/101) form storage
[20:06:47] > Antonie657 buy x64 Spruce log to Ryzxc for $1,000.
[20:06:50] > HandsomeCat remove x64 Experience bottle from buy
[20:06:52] > Kaynn added x1 §x§F§F§3§E§0§0§lSellwand Voucher in auction for 999999.
[20:06:52] > HandsomeCat remove x64 Experience bottle from buy
[20:06:53] > HandsomeCat remove x5 §x§F§C§9§0§5§C§lE§x§E§6§9§C§6§B§lp§x§C§F§A§7§7§A§li§x§B§9§B§3§8§9§lc §x§8§C§C§B§A§7§lC§x§7§5§D§6§B§6§lr§x§5§F§E§2§C§5§la§x§7§9§D§4§B§4§lt§x§9§3§C§7§A§2§le §x§C§8§A§B§7§F§lK§x§E§2§9§E§6§E§le§x§F§C§9§0§5§C§ly from buy
[20:07:39] > cart224 added x1 §x§F§F§5§5§0§0§lsᴇʟʟᴡᴀɴᴅ §6- 5.0x in auction for 500000.
[20:07:42] > MrZyrus7228 buy x1 §x§F§F§5§5§0§0§lsᴇʟʟᴡᴀɴᴅ §6- 5.0x to cart224 for $500,000.
[20:07:46] > MrZyrus7228 remove x1 §x§F§F§5§5§0§0§lsᴇʟʟᴡᴀɴᴅ §6- 5.0x from buy
[20:07:56] > Bleh added x1 §x§F§F§5§5§0§0§lsᴇʟʟᴡᴀɴᴅ §6- 5.0x in auction for 500000.
[20:07:58] > koshie buy x1 §x§F§F§5§5§0§0§lsᴇʟʟᴡᴀɴᴅ §6- 5.0x to Bleh for $500,000.
[20:07:59] > cart224 added x1 §x§F§F§5§5§0§0§lsᴇʟʟᴡᴀɴᴅ §6- 5.0x in auction for 500000.
[20:08:02] > MrZyrus7228 buy x1 §x§F§F§5§5§0§0§lsᴇʟʟᴡᴀɴᴅ §6- 5.0x to cart224 for $500,000.
[20:08:09] > Ryzxc added x1 §fCat Plushie (Black) §6(#14/101) in auction for 100000.
[20:08:10] > MrZyrus7228 remove x1 §x§F§F§5§5§0§0§lsᴇʟʟᴡᴀɴᴅ §6- 5.0x from buy
[20:08:29] > Bleh added x1 §x§F§F§5§5§0§0§lsᴇʟʟᴡᴀɴᴅ §6- 5.0x in auction for 550000.
[20:08:32] > koshie buy x1 §x§F§F§5§5§0§0§lsᴇʟʟᴡᴀɴᴅ §6- 5.0x to Bleh for $550,000.
[20:08:46] > Unforce01 buy x1 §f§l§x§8§A§0§0§F§FS§x§9§C§0§0§D§5h§x§A§D§0§0§A§Ai§x§B§F§0§0§8§0n§x§D§0§0§0§5§5e§x§E§2§0§0§2§B §x§F§3§0§0§0§0O§x§E§2§0§0§2§An§x§D§0§0§0§5§5i§x§B§F§0§0§8§0 §x§A§D§0§0§A§AK§x§9§C§0§0§D§5e§x§8§A§0§0§F§Fy to Abbadex for $3,500,000.
[20:08:50] > Unforce01 remove x1 §f§l§x§8§A§0§0§F§FS§x§9§C§0§0§D§5h§x§A§D§0§0§A§Ai§x§B§F§0§0§8§0n§x§D§0§0§0§5§5e§x§E§2§0§0§2§B §x§F§3§0§0§0§0O§x§E§2§0§0§2§An§x§D§0§0§0§5§5i§x§B§F§0§0§8§0 §x§A§D§0§0§A§AK§x§9§C§0§0§D§5e§x§8§A§0§0§F§Fy form buy
[20:08:58] > Panda_Nooba added x1 §x§F§F§5§5§0§0§lsᴇʟʟᴡᴀɴᴅ §6- 5.0x in auction for 500000.
[20:09:01] > koshie buy x1 §x§F§F§5§5§0§0§lsᴇʟʟᴡᴀɴᴅ §6- 5.0x to Panda_Nooba for $500,000.
[20:09:39] > Ryzxc added x1 §fRabbit Plushie (Salt & Pepper) §6(#73/101) in auction for 50000.
[20:09:40] > Icon_Skully added x1 §x§F§F§5§5§0§0§lsᴇʟʟᴡᴀɴᴅ §6- 5.0x in auction for 550000.
[20:09:43] > koshie buy x1 §x§F§F§5§5§0§0§lsᴇʟʟᴡᴀɴᴅ §6- 5.0x to Icon_Skully for $550,000.
[20:10:00] > Ryzxc added x2 Enchanted golden apple in auction for 10000.
[20:10:05] > RebornKimmy buy x2 Enchanted golden apple to Ryzxc for $10,000.
[20:11:27] > Panda_Nooba added x1 §fPufferfish Plushie §6(#68/101) in auction for 10000.
[20:11:42] > Panda_Nooba added x1 §fMooshroom Plushie §6(#54/101) in auction for 10000.
[20:11:49] > Palietass buy x1 §fMooshroom Plushie §6(#54/101) to Panda_Nooba for $10,000.
[20:11:51] > Palietass buy x1 §fPufferfish Plushie §6(#68/101) to Panda_Nooba for $10,000.
[20:11:54] > Palietass buy x1 §fCat Plushie (Black) §6(#14/101) to Ryzxc for $100,000.
[20:11:57] > x1 White shulker box on sale by Zen0969 has just expired, it goes in the inventory of expired items.
[20:12:08] > x1 White shulker box on sale by Zen0969 has just expired, it goes in the inventory of expired items.
[20:12:24] > deadinside buy x1 §fHorse Plushie (Gray) §6(#48/101) to Takeremu for $100,000.
[20:12:28] > deadinside buy x1 §fRabbit Plushie (Salt & Pepper) §6(#73/101) to Ryzxc for $50,000.
[20:12:37] > x1 White shulker box on sale by Zen0969 has just expired, it goes in the inventory of expired items.
[20:13:32] > deadinside buy x1 §f§x§D§0§D§0§D§0J§x§C§9§C§9§C§9e§x§C§2§C§2§C§2t§x§B§B§B§B§B§B §x§B§3§B§3§B§3P§x§A§C§A§C§A§Ci§x§A§5§A§5§A§5l§x§9§E§9§E§9§Eo§x§9§7§9§7§9§7t§x§9§0§9§0§9§0 §x§8§9§8§9§8§9H§x§8§2§8§2§8§2e§x§7§A§7§A§7§Al§x§7§3§7§3§7§3m§x§6§C§6§C§6§Ce§x§6§5§6§5§6§5t to Kyle for $50,000.
[20:13:57] > x1 White shulker box on sale by Zen0969 has just expired, it goes in the inventory of expired items.
[20:13:57] > Panda_Nooba added x1 Enchanted book in auction for 10000.
[20:14:10] > Icon_Skully buy x1 Enchanted book to Panda_Nooba for $10,000.
[20:14:25] > Panda_Nooba added x1 Enchanted book in auction for 500.
[20:14:39] > Panda_Nooba added x1 Enchanted book in auction for 500.
[20:14:51] > deadinside buy x1 §fRabbit Plushie (White) §6(#75/101) to Takeremu for $300,000.
[20:14:51] > Panda_Nooba added x1 Enchanted book in auction for 500.
[20:15:00] > Icon_Skully buy x1 Enchanted book to Panda_Nooba for $500.
[20:15:34] > nebula12321 remove x3 §x§5§C§C§F§F§C§lC§x§5§C§D§1§F§5§lo§x§5§D§D§4§E§E§ls§x§5§D§D§6§E§7§lm§x§5§E§D§9§E§1§le§x§5§E§D§B§D§A§lt§x§5§E§D§D§D§3§li§x§5§F§E§0§C§C§lc §x§5§F§E§0§C§C§lH§x§5§E§D§D§D§3§la§x§5§E§D§B§D§A§lt§x§5§E§D§9§E§1§ls §x§5§D§D§4§E§E§lK§x§5§C§D§1§F§5§le§x§5§C§C§F§F§C§ly from buy
[20:15:35] > nebula12321 remove x64 Golden apple from buy
[20:15:35] > nebula12321 remove x1 Totem of undying from buy
[20:15:36] > nebula12321 remove x1 Totem of undying from buy
[20:15:36] > nebula12321 remove x1 Totem of undying from buy
[20:15:45] > deadinside remove x1 §fHorse Plushie (Gray) §6(#48/101) form buy
[20:15:45] > deadinside remove x1 §fRabbit Plushie (Salt & Pepper) §6(#73/101) form buy
[20:15:57] > Icon_Skully remove x1 Enchanted book from buy
[20:15:58] > Icon_Skully remove x1 Enchanted book from buy
[20:16:39] > nnorv1 buy x64 Golden apple to Keeos for $150,000.
[20:16:43] > nnorv1 buy x64 Golden apple to Keeos for $150,000.
[20:16:48] > deadinside remove x1 §f§x§D§0§D§0§D§0J§x§C§9§C§9§C§9e§x§C§2§C§2§C§2t§x§B§B§B§B§B§B §x§B§3§B§3§B§3P§x§A§C§A§C§A§Ci§x§A§5§A§5§A§5l§x§9§E§9§E§9§Eo§x§9§7§9§7§9§7t§x§9§0§9§0§9§0 §x§8§9§8§9§8§9H§x§8§2§8§2§8§2e§x§7§A§7§A§7§Al§x§7§3§7§3§7§3m§x§6§C§6§C§6§Ce§x§6§5§6§5§6§5t form buy
[20:16:48] > deadinside remove x1 §fRabbit Plushie (White) §6(#75/101) form buy
[20:17:06] > Applegod9 added x1 §x§F§F§5§5§0§0§lsᴇʟʟᴡᴀɴᴅ §6- 5.0x in auction for 400000.
[20:17:08] > HandsomeCat buy x64 Experience bottle to HwanYo for $80,000.
[20:17:09] > koshie buy x1 §x§F§F§5§5§0§0§lsᴇʟʟᴡᴀɴᴅ §6- 5.0x to Applegod9 for $400,000.
[20:17:18] > Applegod9 remove x1 Enchanted book form buy
[20:17:18] > Applegod9 remove x1 Enchanted book form buy
[20:17:18] > Applegod9 remove x1 Enchanted book form buy
[20:17:23] > HandsomeCat remove x64 Experience bottle from buy
[20:17:24] > HandsomeCat remove x1 §x§F§F§7§C§0§0§lSteamsparks Shield from buy
[20:18:29] > Antonie657 remove x64 Spruce log from buy
[20:18:30] > Antonie657 remove x2 Shulker shell from buy
[20:19:02] > Panda_Nooba added x1 Trial key in auction for 1000.
[20:19:12] > .Allxnzv buy x1 Trial key to Panda_Nooba for $1,000.
[20:21:06] > x1 §x§F§F§7§C§0§0§lSteamsparks Halberd on sale by zopell10 has just expired, it goes in the inventory of expired items.
[20:24:35] > Johng10910 added x1 §f§l§8B§x§6§6§6§6§6§6a§x§7§7§7§7§7§7h§x§8§8§8§8§8§8a§x§9§9§9§9§9§9m§7u§x§9§9§9§9§9§9t§x§8§8§8§8§8§8 §x§7§7§7§7§7§7K§x§6§6§6§6§6§6e§8y in auction for 2000000.
[20:24:57] > Johng10910 remove x4 Netherite upgrade smithing template from storage
[20:25:06] > Johng10910 added x4 Netherite upgrade smithing template in auction for 200000.
[20:26:18] > YchannR added x1 §f§l§x§8§A§0§0§F§FS§x§9§6§0§0§E§3h§x§A§1§0§0§C§6i§x§A§D§0§0§A§An§x§B§9§0§0§8§Ee§x§C§4§0§0§7§1 §x§D§0§0§0§5§5O§x§D§C§0§0§3§9n§x§E§7§0§0§1§Ci§x§F§3§0§0§0§0 §x§E§7§0§0§1§CB§x§D§C§0§0§3§9i§x§D§0§0§0§5§5g§x§C§4§0§0§7§1 §x§B§9§0§0§8§ES§x§A§D§0§0§A§Aw§x§A§1§0§0§C§6o§x§9§6§0§0§E§3r§x§8§A§0§0§F§Fd in auction for 3500000.
[20:28:35] > Unforce01 added x1 §f§l§x§8§A§0§0§F§FS§x§9§7§0§0§D§Fh§x§A§4§0§0§B§Fi§x§B§1§0§0§9§Fn§x§B§F§0§0§8§0e§x§C§C§0§0§6§0 §x§D§9§0§0§4§0O§x§E§6§0§0§2§0n§x§F§3§0§0§0§0i§x§E§6§0§0§2§0 §x§D§9§0§0§4§0P§x§C§C§0§0§6§0i§x§B§F§0§0§8§0c§x§B§1§0§0§9§Fk§x§A§4§0§0§B§Fa§x§9§7§0§0§D§Fx§x§8§A§0§0§F§Fe in auction for 3500000.
[20:29:00] > .Allxnzv added x1 §f§l§8B§x§6§2§6§2§6§2a§x§6§F§6§F§6§Fh§x§7§C§7§C§7§Ca§x§8§9§8§9§8§9m§x§9§6§9§6§9§6u§x§A§3§A§3§A§3t §x§9§6§9§6§9§6D§x§8§9§8§9§8§9a§x§7§C§7§C§7§Cg§x§6§F§6§F§6§Fg§x§6§2§6§2§6§2e§8r in auction for 200000.
[20:29:11] > Unforce01 remove x1 §f§l§x§8§A§0§0§F§FS§x§9§7§0§0§D§Fh§x§A§4§0§0§B§Fi§x§B§1§0§0§9§Fn§x§B§F§0§0§8§0e§x§C§C§0§0§6§0 §x§D§9§0§0§4§0O§x§E§6§0§0§2§0n§x§F§3§0§0§0§0i§x§E§6§0§0§2§0 §x§D§9§0§0§4§0P§x§C§C§0§0§6§0i§x§B§F§0§0§8§0c§x§B§1§0§0§9§Fk§x§A§4§0§0§B§Fa§x§9§7§0§0§D§Fx§x§8§A§0§0§F§Fe from storage
[20:29:18] > Unforce01 remove x1 §f§l§x§8§A§0§0§F§FS§x§9§7§0§0§D§Fh§x§A§4§0§0§B§Fi§x§B§1§0§0§9§Fn§x§B§F§0§0§8§0e§x§C§C§0§0§6§0 §x§D§9§0§0§4§0O§x§E§6§0§0§2§0n§x§F§3§0§0§0§0i§x§E§6§0§0§2§0 §x§D§9§0§0§4§0P§x§C§C§0§0§6§0i§x§B§F§0§0§8§0c§x§B§1§0§0§9§Fk§x§A§4§0§0§B§Fa§x§9§7§0§0§D§Fx§x§8§A§0§0§F§Fe form expire
[20:29:30] > Unforce01 added x1 §f§l§x§8§A§0§0§F§FS§x§9§7§0§0§D§Fh§x§A§4§0§0§B§Fi§x§B§1§0§0§9§Fn§x§B§F§0§0§8§0e§x§C§C§0§0§6§0 §x§D§9§0§0§4§0O§x§E§6§0§0§2§0n§x§F§3§0§0§0§0i§x§E§6§0§0§2§0 §x§D§9§0§0§4§0P§x§C§C§0§0§6§0i§x§B§F§0§0§8§0c§x§B§1§0§0§9§Fk§x§A§4§0§0§B§Fa§x§9§7§0§0§D§Fx§x§8§A§0§0§F§Fe in auction for 3000000.
[20:29:33] > blezzinglighto added x1 §x§E§5§1§B§1§B§lDracula Key in auction for 400000.
[20:30:42] > ThatMidnight remove x1 §f§l§8B§x§6§4§6§4§6§4a§x§7§4§7§4§7§4h§x§8§3§8§3§8§3a§x§9§3§9§3§9§3m§x§A§2§A§2§A§2ut§x§9§3§9§3§9§3 §x§8§3§8§3§8§3M§x§7§4§7§4§7§4a§x§6§4§6§4§6§4c§8e from storage
[20:30:49] > ThatMidnight remove x1 §f§l§8B§x§6§4§6§4§6§4a§x§7§4§7§4§7§4h§x§8§3§8§3§8§3a§x§9§3§9§3§9§3m§x§A§2§A§2§A§2ut§x§9§3§9§3§9§3 §x§8§3§8§3§8§3M§x§7§4§7§4§7§4a§x§6§4§6§4§6§4c§8e from expire
[20:32:09] > giyahnpogi buy x1 §f§l§x§8§A§0§0§F§FS§x§9§7§0§0§D§Fh§x§A§4§0§0§B§Fi§x§B§1§0§0§9§Fn§x§B§F§0§0§8§0e§x§C§C§0§0§6§0 §x§D§9§0§0§4§0O§x§E§6§0§0§2§0n§x§F§3§0§0§0§0i§x§E§6§0§0§2§0 §x§D§9§0§0§4§0P§x§C§C§0§0§6§0i§x§B§F§0§0§8§0c§x§B§1§0§0§9§Fk§x§A§4§0§0§B§Fa§x§9§7§0§0§D§Fx§x§8§A§0§0§F§Fe to Unforce01 for $3,000,000.
[20:32:13] > giyahnpogi remove x1 §f§l§x§8§A§0§0§F§FS§x§9§7§0§0§D§Fh§x§A§4§0§0§B§Fi§x§B§1§0§0§9§Fn§x§B§F§0§0§8§0e§x§C§C§0§0§6§0 §x§D§9§0§0§4§0O§x§E§6§0§0§2§0n§x§F§3§0§0§0§0i§x§E§6§0§0§2§0 §x§D§9§0§0§4§0P§x§C§C§0§0§6§0i§x§B§F§0§0§8§0c§x§B§1§0§0§9§Fk§x§A§4§0§0§B§Fa§x§9§7§0§0§D§Fx§x§8§A§0§0§F§Fe from buy
[20:32:13] > giyahnpogi remove x1 Eye armor trim smithing template from buy
[20:32:15] > giyahnpogi remove x32 Diamond from buy
[20:33:43] > YchannR remove x1 §f§l§x§8§A§0§0§F§FS§x§9§6§0§0§E§3h§x§A§1§0§0§C§6i§x§A§D§0§0§A§An§x§B§9§0§0§8§Ee§x§C§4§0§0§7§1 §x§D§0§0§0§5§5O§x§D§C§0§0§3§9n§x§E§7§0§0§1§Ci§x§F§3§0§0§0§0 §x§E§7§0§0§1§CB§x§D§C§0§0§3§9i§x§D§0§0§0§5§5g§x§C§4§0§0§7§1 §x§B§9§0§0§8§ES§x§A§D§0§0§A§Aw§x§A§1§0§0§C§6o§x§9§6§0§0§E§3r§x§8§A§0§0§F§Fd from storage
[20:34:36] > x1 §x§5§9§A§1§D§9§lA§x§7§1§A§E§D§Er§x§8§8§B§C§E§4c§x§A§0§C§9§E§9h§x§B§8§D§7§E§Fa§x§D§0§E§4§F§4n§x§E§7§F§2§F§Ag§fe§x§E§7§F§2§F§Al §x§B§8§D§7§E§FS§x§A§0§C§9§E§9w§x§8§8§B§C§E§4o§x§7§1§A§E§D§Er§x§5§9§A§1§D§9d on sale by sigman has just expired, it goes in the inventory of expired items.
[20:34:52] > YchannR remove x1 §f§l§x§8§A§0§0§F§FS§x§9§6§0§0§E§3h§x§A§1§0§0§C§6i§x§A§D§0§0§A§An§x§B§9§0§0§8§Ee§x§C§4§0§0§7§1 §x§D§0§0§0§5§5O§x§D§C§0§0§3§9n§x§E§7§0§0§1§Ci§x§F§3§0§0§0§0 §x§E§7§0§0§1§CB§x§D§C§0§0§3§9i§x§D§0§0§0§5§5g§x§C§4§0§0§7§1 §x§B§9§0§0§8§ES§x§A§D§0§0§A§Aw§x§A§1§0§0§C§6o§x§9§6§0§0§E§3r§x§8§A§0§0§F§Fd from expire
[20:37:24] > koshie added x1 §f§l§x§8§A§0§0§F§FS§x§9§8§0§0§D§Dh§x§A§6§0§0§B§Bi§x§B§4§0§0§9§9n§x§C§2§0§0§7§7e§x§D§0§0§0§5§5 §x§D§E§0§0§3§3O§x§E§C§0§0§1§1ni§x§D§E§0§0§3§3 §x§D§0§0§0§5§5S§x§C§2§0§0§7§7h§x§B§4§0§0§9§9i§x§A§6§0§0§B§Be§x§9§8§0§0§D§Dl§x§8§A§0§0§F§Fd in auction for 700000.
[20:37:37] > koshie added x1 §f§l§x§8§A§0§0§F§FS§x§9§8§0§0§D§Dh§x§A§6§0§0§B§Bi§x§B§4§0§0§9§9n§x§C§2§0§0§7§7e§x§D§0§0§0§5§5 §x§D§E§0§0§3§3O§x§E§C§0§0§1§1ni§x§D§E§0§0§3§3 §x§D§0§0§0§5§5S§x§C§2§0§0§7§7h§x§B§4§0§0§9§9i§x§A§6§0§0§B§Be§x§9§8§0§0§D§Dl§x§8§A§0§0§F§Fd in auction for 700000.
[20:37:47] > koshie added x1 §f§l§x§8§A§0§0§F§FS§x§9§8§0§0§D§Dh§x§A§6§0§0§B§Bi§x§B§4§0§0§9§9n§x§C§2§0§0§7§7e§x§D§0§0§0§5§5 §x§D§E§0§0§3§3O§x§E§C§0§0§1§1ni§x§D§E§0§0§3§3 §x§D§0§0§0§5§5S§x§C§2§0§0§7§7h§x§B§4§0§0§9§9i§x§A§6§0§0§B§Be§x§9§8§0§0§D§Dl§x§8§A§0§0§F§Fd in auction for 700000.
[20:38:19] > koshie remove x1 §f§l§x§8§A§0§0§F§FS§x§9§8§0§0§D§Dh§x§A§6§0§0§B§Bi§x§B§4§0§0§9§9n§x§C§2§0§0§7§7e§x§D§0§0§0§5§5 §x§D§E§0§0§3§3O§x§E§C§0§0§1§1ni§x§D§E§0§0§3§3 §x§D§0§0§0§5§5S§x§C§2§0§0§7§7h§x§B§4§0§0§9§9i§x§A§6§0§0§B§Be§x§9§8§0§0§D§Dl§x§8§A§0§0§F§Fd from storage
[20:38:25] > koshie added x1 §f§l§x§8§A§0§0§F§FS§x§9§8§0§0§D§Dh§x§A§6§0§0§B§Bi§x§B§4§0§0§9§9n§x§C§2§0§0§7§7e§x§D§0§0§0§5§5 §x§D§E§0§0§3§3O§x§E§C§0§0§1§1ni§x§D§E§0§0§3§3 §x§D§0§0§0§5§5S§x§C§2§0§0§7§7h§x§B§4§0§0§9§9i§x§A§6§0§0§B§Be§x§9§8§0§0§D§Dl§x§8§A§0§0§F§Fd in auction for 500000.
[20:38:30] > YchannR buy x1 §f§l§x§8§A§0§0§F§FS§x§9§8§0§0§D§Dh§x§A§6§0§0§B§Bi§x§B§4§0§0§9§9n§x§C§2§0§0§7§7e§x§D§0§0§0§5§5 §x§D§E§0§0§3§3O§x§E§C§0§0§1§1ni§x§D§E§0§0§3§3 §x§D§0§0§0§5§5S§x§C§2§0§0§7§7h§x§B§4§0§0§9§9i§x§A§6§0§0§B§Be§x§9§8§0§0§D§Dl§x§8§A§0§0§F§Fd to koshie for $500,000.
[20:44:28] > .Whatyusaay remove x64 Iron block from buy
[20:44:30] > .Whatyusaay remove x1 §fBumble Bee Hat from buy
[20:45:16] > Ryzxc buy x1 Enchanted book to nachfaust for $15,000.
[20:46:46] > Ryzxc remove x1 Enchanted book from buy
[20:47:02] > .Whatyusaay remove x2 Breeze rod from storage
[20:47:23] > .Whatyusaay added x5 Breeze rod in auction for 20000.
[20:47:56] > nebula12321 buy x5 Breeze rod to .Whatyusaay for $20,000.
[20:50:04] > nebula12321 remove x5 Breeze rod from buy
[20:52:57] > EnderDragon0120 buy x1 Enchanted book to lthohijfi2014 for $100,000.
[20:53:02] > HwanYo buy x1 §x§F§F§3§E§0§0§lSellwand Voucher to Kaynn for $999,999.
[20:53:04] > EnderDragon0120 remove x1 Enchanted book from buy
[20:53:05] > EnderDragon0120 remove x1 §x§F§F§7§C§0§0§lSteamsparks Axe from buy
[20:53:06] > HwanYo remove x1 §x§F§F§3§E§0§0§lSellwand Voucher from buy
[20:53:54] > HwanYo remove x64 Emerald block from storage
[20:53:54] > HwanYo remove x1 §f§l§x§8§A§0§0§F§FS§x§9§C§0§0§D§5h§x§A§D§0§0§A§Ai§x§B§F§0§0§8§0n§x§D§0§0§0§5§5e§x§E§2§0§0§2§B §x§F§3§0§0§0§0O§x§E§2§0§0§2§An§x§D§0§0§0§5§5i§x§B§F§0§0§8§0 §x§A§D§0§0§A§AH§x§9§C§0§0§D§5o§x§8§A§0§0§F§Fe from storage
[20:54:03] > HwanYo added x64 Emerald block in auction for 300000.
[20:54:14] > HwanYo added x1 §f§l§x§8§A§0§0§F§FS§x§9§C§0§0§D§5h§x§A§D§0§0§A§Ai§x§B§F§0§0§8§0n§x§D§0§0§0§5§5e§x§E§2§0§0§2§B §x§F§3§0§0§0§0O§x§E§2§0§0§2§An§x§D§0§0§0§5§5i§x§B§F§0§0§8§0 §x§A§D§0§0§A§AH§x§9§C§0§0§D§5o§x§8§A§0§0§F§Fe in auction for 750000.
[20:55:57] > lthohijfi2014 remove x1 Enchanted book from storage
[20:56:22] > lthohijfi2014 added x1 Enchanted book in auction for 100000.
[20:56:38] > Antonie657 buy x1 §f§l§x§F§C§D§0§5§CW§x§F§B§A§D§4§Du§x§F§9§8§B§3§Dk§x§F§8§6§8§2§Eo§x§F§6§4§5§1§Fn§x§F§5§2§3§0§Fg§x§F§3§0§0§0§0 §x§F§5§2§3§0§FS§x§F§6§4§5§1§Fh§x§F§8§6§8§2§Eo§x§F§9§8§B§3§Dv§x§F§B§A§D§4§De§x§F§C§D§0§5§Cl to Kwienn for $100,000.
[20:56:44] > Antonie657 remove x1 §f§l§x§F§C§D§0§5§CW§x§F§B§A§D§4§Du§x§F§9§8§B§3§Dk§x§F§8§6§8§2§Eo§x§F§6§4§5§1§Fn§x§F§5§2§3§0§Fg§x§F§3§0§0§0§0 §x§F§5§2§3§0§FS§x§F§6§4§5§1§Fh§x§F§8§6§8§2§Eo§x§F§9§8§B§3§Dv§x§F§B§A§D§4§De§x§F§C§D§0§5§Cl from buy
[20:56:49] > HwanYo added x64 Experience bottle in auction for 80000.
[20:57:09] > Johng10910 buy x64 Experience bottle to HwanYo for $80,000.
[20:58:47] > Johng10910 added x1 Ominous trial key in auction for 50000.
[20:59:05] > Panda_Nooba buy x4 Netherite upgrade smithing template to Johng10910 for $200,000.
[20:59:10] > HwanYo added x64 Experience bottle in auction for 80000.
[20:59:10] > Johng10910 added x1 §x§F§F§3§E§0§0§lDemon Lord Wings in auction for 1500000.
[20:59:11] > Panda_Nooba remove x4 Netherite upgrade smithing template from buy
[20:59:29] > cart224 buy x1 §x§F§F§3§E§0§0§lDemon Lord Wings to Johng10910 for $1,500,000.
[20:59:37] > cart224 remove x1 §x§F§F§3§E§0§0§lDemon Lord Wings from buy
[21:00:57] > Panda_Nooba buy x1 Netherite upgrade smithing template to auvicious for $125,000.
[21:01:07] > Panda_Nooba remove x1 Netherite upgrade smithing template from buy
[21:03:32] > Xavier881 buy x64 Wither skeleton skull to HwanYo for $200,000.
[21:07:12] > EnderDragon0120 remove x1 mail me offers if you want only one from storage
[21:07:16] > Ryzxc added x1 Shulker box in auction for 100000.
[21:12:49] > auvicious added x1 §f§x§D§0§D§0§D§0J§x§C§9§C§9§C§9e§x§C§2§C§2§C§2t§x§B§B§B§B§B§B §x§B§3§B§3§B§3P§x§A§C§A§C§A§Ci§x§A§5§A§5§A§5l§x§9§E§9§E§9§Eo§x§9§7§9§7§9§7t§x§9§0§9§0§9§0 §x§8§9§8§9§8§9H§x§8§2§8§2§8§2e§x§7§A§7§A§7§Al§x§7§3§7§3§7§3m§x§6§C§6§C§6§Ce§x§6§5§6§5§6§5t in auction for 85000.
[21:14:53] > .JakeTheMiner457 remove x1 §x§E§5§1§B§1§B§lDracula Pickaxe from storage
[21:16:39] > x2 §x§5§C§C§F§F§C§lC§x§5§C§D§1§F§5§lo§x§5§D§D§4§E§E§ls§x§5§D§D§6§E§7§lm§x§5§E§D§9§E§1§le§x§5§E§D§B§D§A§lt§x§5§E§D§D§D§3§li§x§5§F§E§0§C§C§lc §x§5§F§E§0§C§C§lH§x§5§E§D§D§D§3§la§x§5§E§D§B§D§A§lt§x§5§E§D§9§E§1§ls §x§5§D§D§4§E§E§lK§x§5§C§D§1§F§5§le§x§5§C§C§F§F§C§ly, item of Skwylie, has just expired, the item is definitively deleted.
[21:16:41] > .JakeTheMiner457 remove x1 §x§E§5§1§B§1§B§lDracula Pickaxe from expire
[21:19:43] > Renzy01 buy x1 §f§l§8B§x§6§2§6§2§6§2a§x§6§F§6§F§6§Fh§x§7§C§7§C§7§Ca§x§8§9§8§9§8§9m§x§9§6§9§6§9§6u§x§A§3§A§3§A§3t §x§9§6§9§6§9§6H§x§8§9§8§9§8§9a§x§7§C§7§C§7§Ct§x§6§F§6§F§6§F §x§6§2§6§2§6§2V§82 to PrinceBGC for $200,000.
[21:19:49] > Renzy01 buy x1 §f§l§8B§x§6§2§6§2§6§2a§x§6§F§6§F§6§Fh§x§7§C§7§C§7§Ca§x§8§9§8§9§8§9m§x§9§6§9§6§9§6u§x§A§3§A§3§A§3t §x§9§6§9§6§9§6D§x§8§9§8§9§8§9a§x§7§C§7§C§7§Cg§x§6§F§6§F§6§Fg§x§6§2§6§2§6§2e§8r to .Allxnzv for $200,000.
[21:20:24] > Protection buy x64 Golden apple to Keeos for $150,000.
[21:21:10] > Renzy01 remove x1 §f§l§8B§x§6§2§6§2§6§2a§x§6§F§6§F§6§Fh§x§7§C§7§C§7§Ca§x§8§9§8§9§8§9m§x§9§6§9§6§9§6u§x§A§3§A§3§A§3t §x§9§6§9§6§9§6D§x§8§9§8§9§8§9a§x§7§C§7§C§7§Cg§x§6§F§6§F§6§Fg§x§6§2§6§2§6§2e§8r from buy
[21:21:11] > Renzy01 remove x1 §f§l§8B§x§6§2§6§2§6§2a§x§6§F§6§F§6§Fh§x§7§C§7§C§7§Ca§x§8§9§8§9§8§9m§x§9§6§9§6§9§6u§x§A§3§A§3§A§3t §x§9§6§9§6§9§6H§x§8§9§8§9§8§9a§x§7§C§7§C§7§Ct§x§6§F§6§F§6§F §x§6§2§6§2§6§2V§82 from buy
[21:21:50] > Renzy01 added x1 §f§l§8B§x§6§2§6§2§6§2a§x§6§F§6§F§6§Fh§x§7§C§7§C§7§Ca§x§8§9§8§9§8§9m§x§9§6§9§6§9§6u§x§A§3§A§3§A§3t §x§9§6§9§6§9§6D§x§8§9§8§9§8§9a§x§7§C§7§C§7§Cg§x§6§F§6§F§6§Fg§x§6§2§6§2§6§2e§8r in auction for 500000.
[21:22:08] > Renzy01 added x1 §f§l§8B§x§6§2§6§2§6§2a§x§6§F§6§F§6§Fh§x§7§C§7§C§7§Ca§x§8§9§8§9§8§9m§x§9§6§9§6§9§6u§x§A§3§A§3§A§3t §x§9§6§9§6§9§6H§x§8§9§8§9§8§9a§x§7§C§7§C§7§Ct§x§6§F§6§F§6§F §x§6§2§6§2§6§2V§82 in auction for 500000.
[21:22:13] > .Whatyusaay added x11 Breeze rod in auction for 40000.
[21:25:18] > Icon_Skully added x1 Silence armor trim smithing template in auction for 150000.
[21:25:26] > Kaynn buy x1 Silence armor trim smithing template to Icon_Skully for $150,000.
[21:25:48] > Kaynn remove x1 Silence armor trim smithing template from buy
[21:29:26] > Kaynn added x1 Silence armor trim smithing template in auction for 160000.
[21:29:32] > Nxwaf buy x1 Silence armor trim smithing template to Kaynn for $160,000.
[21:29:42] > x61 Drugs, bought by DanRaiv, has just expired, the item is definitively deleted.
[21:29:43] > Nxwaf remove x1 Silence armor trim smithing template from buy
[21:36:18] > .Whatyusaay added x1 Trial key in auction for 2000.
[21:40:44] > Renzy01 added x1 Silence armor trim smithing template in auction for 150000.
[21:40:49] > Nxwaf buy x1 Silence armor trim smithing template to Renzy01 for $150,000.
[21:41:05] > Kaynn buy x11 Breeze rod to .Whatyusaay for $40,000.
[21:41:06] > Nxwaf remove x1 Silence armor trim smithing template from buy
[21:41:29] > Kaynn added x1 Silence armor trim smithing template in auction for 150000.
[21:42:18] > Kaynn remove x1 Flow armor trim smithing template from storage
[21:42:23] > Kaynn remove x1 Diamond sword from storage
[21:42:31] > Kaynn added x1 Diamond sword in auction for 100000.
[21:42:36] > x1 §x§E§5§1§B§1§B§lDracula Battleaxe on sale by _BAAM has just expired, it goes in the inventory of expired items.
[21:42:42] > Kaynn added x1 Flow armor trim smithing template in auction for 150000.
[21:42:46] > x1 §x§F§F§7§C§0§0§lSteamsparks Bow on sale by _BAAM has just expired, it goes in the inventory of expired items.
[21:42:50] > RebornKimmy buy x1 Flow armor trim smithing template to Kaynn for $150,000.
[21:43:44] > Kaynn remove x1 §x§E§5§1§B§1§B§lDracula Staff from storage
[21:44:00] > Kaynn added x1 §x§E§5§1§B§1§B§lDracula Staff in auction for 150000.
[21:44:52] > Protection remove x64 Golden apple from buy
[21:47:55] > Takeremu added x30 §x§F§C§D§0§5§C§lB§x§E§6§D§3§6§B§la§x§C§F§D§5§7§A§ls§x§B§9§D§8§8§9§li§x§A§2§D§A§9§8§lc §x§7§5§D§F§B§6§lC§x§5§F§E§2§C§5§lr§x§7§5§D§F§B§6§la§x§8§C§D§D§A§7§lt§x§A§2§D§A§9§8§le §x§C§F§D§5§7§A§lK§x§E§6§D§3§6§B§le§x§F§C§D§0§5§C§ly in auction for 300000.
[21:48:04] > Renzy01 added x1 Silence armor trim smithing template in auction for 150000.
[21:48:18] > Renzy01 added x1 Silence armor trim smithing template in auction for 150000.
[21:48:30] > Renzy01 added x1 Silence armor trim smithing template in auction for 150000.
[21:51:15] > .FrankBAILON buy x1 §x§F§F§7§C§0§0§lSteamsparks Leggings to nachfaust for $200,000.
[21:52:58] > Fogstrap added x1 §x§E§5§1§B§1§B§lDracula Wings in auction for 300000.
[21:53:03] > RebornKimmy buy x1 §x§E§5§1§B§1§B§lDracula Wings to Fogstrap for $300,000.
[21:53:14] > Fogstrap added x1 §f§l§8B§x§6§2§6§2§6§2a§x§6§F§6§F§6§Fh§x§7§C§7§C§7§Ca§x§8§9§8§9§8§9m§x§9§6§9§6§9§6u§x§A§3§A§3§A§3t §x§9§6§9§6§9§6D§x§8§9§8§9§8§9a§x§7§C§7§C§7§Cg§x§6§F§6§F§6§Fg§x§6§2§6§2§6§2e§8r in auction for 600000.
[21:54:58] > Panda_Nooba added x1 §x§F§F§7§C§0§0§lSteamsparks Hammer in auction for 300000.
[21:55:44] > InternetCafeUser buy x1 Ominous trial key to Johng10910 for $50,000.
[21:56:26] > Panda_Nooba remove x1 §x§F§F§7§C§0§0§lSteamsparks Hammer from storage
[21:56:43] > Panda_Nooba added x1 §x§F§F§7§C§0§0§lSteamsparks Hammer in auction for 220000.
[21:56:53] > FLaMesd buy x1 §x§F§F§7§C§0§0§lSteamsparks Hammer to Panda_Nooba for $220,000.
[21:57:05] > FLaMesd remove x1 §x§F§F§7§C§0§0§lSteamsparks Hammer from buy
[21:58:54] > blezzinglighto remove x1 §x§E§5§1§B§1§B§lDracula Key from storage
[21:59:18] > blezzinglighto added x1 §x§E§5§1§B§1§B§lDracula Key in auction for 200000.
[21:59:36] > nachfaust buy x1 §x§E§5§1§B§1§B§lDracula Key to blezzinglighto for $200,000.
[21:59:49] > Kaynn added x1 Enchanted book in auction for 100000.
[22:01:19] > nachfaust added x1 §x§E§5§1§B§1§B§lDracula Bow in auction for 500000.
[22:01:27] > Renzy01 remove x1 Silence armor trim smithing template from storage
[22:01:34] > nachfaust added x1 §f§l§x§F§A§0§0§0§AD§x§F§A§1§E§1§6a§x§F§B§3§B§2§1r§x§F§B§5§9§2§Dk§x§F§B§7§7§3§9f§x§F§B§9§5§4§5l§x§F§C§B§2§5§0a§x§F§C§D§0§5§Cm§x§F§C§B§2§5§0e§x§F§B§9§5§4§5 §x§F§B§7§7§3§9S§x§F§B§5§9§2§Dp§x§F§B§3§B§2§1e§x§F§A§1§E§1§6a§x§F§A§0§0§0§Ar in auction for 1500000.
[22:01:35] > Renzy01 remove x1 Silence armor trim smithing template from storage
[22:01:57] > nachfaust added x1 §x§F§F§7§C§0§0§lSteamsparks Bow in auction for 500000.
[22:02:07] > nachfaust remove x24 Shulker shell from storage
[22:02:08] > nachfaust remove x64 Wind charge from storage
[22:02:19] > nachfaust added x24 Shulker shell in auction for 150000.
[22:02:28] > x1 wind charge diamond and gold for 850 at diamond on sale by kabayooo has just expired, it goes in the inventory of expired items.
[22:02:46] > .Whatyusaay added x11 Breeze rod in auction for 50000.
[22:03:37] > nachfaust added x1 §x§E§5§1§B§1§B§lDracula Hoe in auction for 500000.
[22:04:02] > auvicious remove x1 §f§x§D§0§D§0§D§0J§x§C§9§C§9§C§9e§x§C§2§C§2§C§2t§x§B§B§B§B§B§B §x§B§3§B§3§B§3P§x§A§C§A§C§A§Ci§x§A§5§A§5§A§5l§x§9§E§9§E§9§Eo§x§9§7§9§7§9§7t§x§9§0§9§0§9§0 §x§8§9§8§9§8§9H§x§8§2§8§2§8§2e§x§7§A§7§A§7§Al§x§7§3§7§3§7§3m§x§6§C§6§C§6§Ce§x§6§5§6§5§6§5t from storage
[22:04:22] > auvicious added x1 Silence armor trim smithing template in auction for 138989.
[22:04:39] > auvicious remove x5 §x§F§C§9§0§5§C§lE§x§E§6§9§C§6§B§lp§x§C§F§A§7§7§A§li§x§B§9§B§3§8§9§lc §x§8§C§C§B§A§7§lC§x§7§5§D§6§B§6§lr§x§5§F§E§2§C§5§la§x§7§9§D§4§B§4§lt§x§9§3§C§7§A§2§le §x§C§8§A§B§7§F§lK§x§E§2§9§E§6§E§le§x§F§C§9§0§5§C§ly from storage
[22:04:52] > auvicious added x1 Silence armor trim smithing template in auction for 138989.
[22:05:40] > .FrankBAILON remove x1 §x§F§F§7§C§0§0§lSteamsparks Leggings from buy
[22:06:13] > JinSoul15 remove x1 Enchanted golden apple from storage
[22:06:14] > JinSoul15 remove x1 Enchanted golden apple from storage
[22:06:16] > JinSoul15 remove x1 Music disc cat from storage
[22:06:17] > JinSoul15 remove x1 Music disc cat from storage
[22:06:28] > JinSoul15 added x1 Music disc cat in auction for 10000.
[22:06:43] > YchannR buy x11 Breeze rod to .Whatyusaay for $50,000.
[22:06:45] > JinSoul15 added x1 Music disc cat in auction for 10000.
[22:06:55] > JinSoul15 added x2 Enchanted golden apple in auction for 50000.
[22:10:37] > Panda_Nooba added x1 Enchanted book in auction for 1000.
[22:10:55] > cart224 buy x1 Enchanted book to Panda_Nooba for $1,000.
[22:13:19] > SussySuzy buy x1 Diamond sword to Kaynn for $100,000.
[22:14:08] > SussySuzy remove x1 Diamond sword from buy
[22:17:21] > Panda_Nooba buy x30 §x§F§C§D§0§5§C§lB§x§E§6§D§3§6§B§la§x§C§F§D§5§7§A§ls§x§B§9§D§8§8§9§li§x§A§2§D§A§9§8§lc §x§7§5§D§F§B§6§lC§x§5§F§E§2§C§5§lr§x§7§5§D§F§B§6§la§x§8§C§D§D§A§7§lt§x§A§2§D§A§9§8§le §x§C§F§D§5§7§A§lK§x§E§6§D§3§6§B§le§x§F§C§D§0§5§C§ly to Takeremu for $300,000.
[22:17:26] > Panda_Nooba remove x30 §x§F§C§D§0§5§C§lB§x§E§6§D§3§6§B§la§x§C§F§D§5§7§A§ls§x§B§9§D§8§8§9§li§x§A§2§D§A§9§8§lc §x§7§5§D§F§B§6§lC§x§5§F§E§2§C§5§lr§x§7§5§D§F§B§6§la§x§8§C§D§D§A§7§lt§x§A§2§D§A§9§8§le §x§C§F§D§5§7§A§lK§x§E§6§D§3§6§B§le§x§F§C§D§0§5§C§ly from buy
[22:18:01] > Panda_Nooba added x2 §x§E§5§1§B§1§B§lDracula Key in auction for 350000.
[22:19:34] > Panda_Nooba remove x2 §x§E§5§1§B§1§B§lDracula Key from storage
[22:19:45] > Panda_Nooba added x2 §x§E§5§1§B§1§B§lDracula Key in auction for 300000.
[22:20:14] > .Allxnzv added x1 §f§l§8B§x§6§6§6§6§6§6a§x§7§7§7§7§7§7h§x§8§8§8§8§8§8a§x§9§9§9§9§9§9m§7u§x§9§9§9§9§9§9t§x§8§8§8§8§8§8 §x§7§7§7§7§7§7H§x§6§6§6§6§6§6o§8e in auction for 100000.
[22:20:40] > Panda_Nooba remove x2 §x§E§5§1§B§1§B§lDracula Key from storage
[22:28:39] > octopus_01 buy x1 §x§F§F§5§5§0§0§lsᴇʟʟᴡᴀɴᴅ §6- 5.0x to EnderDragon0120 for $580,000.
[22:28:42] > octopus_01 buy x1 §x§F§F§5§5§0§0§lsᴇʟʟᴡᴀɴᴅ §6- 5.0x to claypotter for $600,000.
[22:28:48] > octopus_01 remove x1 §x§F§F§5§5§0§0§lsᴇʟʟᴡᴀɴᴅ §6- 5.0x form buy
[22:28:48] > octopus_01 remove x1 §x§F§F§5§5§0§0§lsᴇʟʟᴡᴀɴᴅ §6- 5.0x form buy
[22:34:01] > nachfaust remove x1 §fAdventure Hat from storage
[22:34:14] > Takeremu added x5 §x§F§C§9§0§5§C§lE§x§E§6§9§C§6§B§lp§x§C§F§A§7§7§A§li§x§B§9§B§3§8§9§lc §x§8§C§C§B§A§7§lC§x§7§5§D§6§B§6§lr§x§5§F§E§2§C§5§la§x§7§9§D§4§B§4§lt§x§9§3§C§7§A§2§le §x§C§8§A§B§7§F§lK§x§E§2§9§E§6§E§le§x§F§C§9§0§5§C§ly in auction for 200000.
[22:34:42] > Takeremu added x1 §f§l§x§F§C§D§0§5§CW§x§F§A§A§2§4§8u§x§F§8§7§4§3§3k§x§F§6§4§5§1§Fo§x§F§4§1§7§0§Ang§x§F§6§4§5§1§F §x§F§8§7§4§3§3K§x§F§A§A§2§4§8e§x§F§C§D§0§5§Cy in auction for 400000.
[22:34:58] > Takeremu added x1 §x§F§F§7§C§0§0§lSteamsparks Key in auction for 100000.
[22:35:31] > nachfaust added x1 Elytra in auction for 5000000.
[22:35:34] > Takeremu added x1 §f§l§8B§x§6§6§6§6§6§6a§x§7§7§7§7§7§7h§x§8§8§8§8§8§8a§x§9§9§9§9§9§9m§7u§x§9§9§9§9§9§9t§x§8§8§8§8§8§8 §x§7§7§7§7§7§7K§x§6§6§6§6§6§6e§8y in auction for 800000.
[22:35:40] > .DairyParty8521 buy x1 §x§F§F§7§C§0§0§lSteamsparks Key to Takeremu for $100,000.
[22:35:50] > .DairyParty8521 remove x1 §x§F§F§7§C§0§0§lSteamsparks Key from buy
[22:39:28] > Panda_Nooba added x1 §9§lSquid Tentacle in auction for 100.
[22:39:32] > koshie buy x1 §9§lSquid Tentacle to Panda_Nooba for $100.
[22:39:52] > Zypher_0w0 buy x64 Emerald block to HwanYo for $300,000.
[22:40:24] > Zypher_0w0 added x64 Wither skeleton skull in auction for 320000.
[22:40:40] > Zypher_0w0 added x64 Wither skeleton skull in auction for 320000.
[22:40:41] > .Allxnzv remove x1 §f§l§8B§x§6§6§6§6§6§6a§x§7§7§7§7§7§7h§x§8§8§8§8§8§8a§x§9§9§9§9§9§9m§7u§x§9§9§9§9§9§9t§x§8§8§8§8§8§8 §x§7§7§7§7§7§7H§x§6§6§6§6§6§6o§8e from storage
[22:40:53] > Takeremu added x64 Wither skeleton skull in auction for 320000.
[22:40:54] > Zypher_0w0 added x64 Wither skeleton skull in auction for 320000.
[22:41:18] > Zypher_0w0 added x64 Wither skeleton skull in auction for 320000.
[22:42:53] > x1 Deepslate emerald ore, item of MrGh0st1y, has just expired, the item is definitively deleted.
[22:42:55] > baba remove x1 §f§l§8B§x§6§2§6§2§6§2a§x§6§F§6§F§6§Fh§x§7§C§7§C§7§Ca§x§8§9§8§9§8§9m§x§9§6§9§6§9§6u§x§A§3§A§3§A§3t §x§9§6§9§6§9§6H§x§8§9§8§9§8§9a§x§7§C§7§C§7§Ct§x§6§F§6§F§6§F §x§6§2§6§2§6§2V§82 from expire
[22:42:55] > baba remove x1 §x§5§9§A§1§D§9§lA§x§7§1§A§E§D§Er§x§8§8§B§C§E§4c§x§A§0§C§9§E§9h§x§B§8§D§7§E§Fa§x§D§0§E§4§F§4n§x§E§7§F§2§F§Ag§fe§x§E§7§F§2§F§Al §x§B§8§D§7§E§FS§x§A§0§C§9§E§9t§x§8§8§B§C§E§4a§x§7§1§A§E§D§Ef§x§5§9§A§1§D§9f from expire
[22:42:56] > baba remove x1 §f§l§8B§x§6§6§6§6§6§6a§x§7§7§7§7§7§7h§x§8§8§8§8§8§8a§x§9§9§9§9§9§9m§7u§x§9§9§9§9§9§9t§x§8§8§8§8§8§8 §x§7§7§7§7§7§7H§x§6§6§6§6§6§6a§8t from expire
[22:43:06] > baba added x1 §f§l§8B§x§6§6§6§6§6§6a§x§7§7§7§7§7§7h§x§8§8§8§8§8§8a§x§9§9§9§9§9§9m§7u§x§9§9§9§9§9§9t§x§8§8§8§8§8§8 §x§7§7§7§7§7§7H§x§6§6§6§6§6§6a§8t in auction for 999999.
[22:43:43] > baba buy x1 Silence armor trim smithing template to auvicious for $138,989.
[22:48:43] > Escro buy x1 Elytra to nachfaust for $5,000,000.
[22:49:02] > Fogstrap remove x1 §f§l§8B§x§6§2§6§2§6§2a§x§6§F§6§F§6§Fh§x§7§C§7§C§7§Ca§x§8§9§8§9§8§9m§x§9§6§9§6§9§6u§x§A§3§A§3§A§3t §x§9§6§9§6§9§6D§x§8§9§8§9§8§9a§x§7§C§7§C§7§Cg§x§6§F§6§F§6§Fg§x§6§2§6§2§6§2e§8r from storage
[22:49:03] > Fogstrap remove x1 §f§l§8B§x§5§F§5§F§5§Fa§x§6§9§6§9§6§9h§x§7§3§7§3§7§3a§x§7§D§7§D§7§Dm§x§8§7§8§7§8§7u§x§9§1§9§1§9§1t§x§9§B§9§B§9§B §x§A§5§A§5§A§5Gr§x§9§B§9§B§9§Be§x§9§1§9§1§9§1a§x§8§7§8§7§8§7t§x§7§D§7§D§7§Ds§x§7§3§7§3§7§3w§x§6§9§6§9§6§9o§x§5§F§5§F§5§Fr§8d from storage
[22:49:12] > Fogstrap added x1 §f§l§8B§x§6§2§6§2§6§2a§x§6§F§6§F§6§Fh§x§7§C§7§C§7§Ca§x§8§9§8§9§8§9m§x§9§6§9§6§9§6u§x§A§3§A§3§A§3t §x§9§6§9§6§9§6D§x§8§9§8§9§8§9a§x§7§C§7§C§7§Cg§x§6§F§6§F§6§Fg§x§6§2§6§2§6§2e§8r in auction for 500000.
[22:49:27] > Fogstrap added x1 §f§l§8B§x§5§F§5§F§5§Fa§x§6§9§6§9§6§9h§x§7§3§7§3§7§3a§x§7§D§7§D§7§Dm§x§8§7§8§7§8§7u§x§9§1§9§1§9§1t§x§9§B§9§B§9§B §x§A§5§A§5§A§5Gr§x§9§B§9§B§9§Be§x§9§1§9§1§9§1a§x§8§7§8§7§8§7t§x§7§D§7§D§7§Ds§x§7§3§7§3§7§3w§x§6§9§6§9§6§9o§x§5§F§5§F§5§Fr§8d in auction for 500000.
[22:50:28] > Escro remove x1 Elytra from buy
[22:54:46] > .Allxnzv added x1 §x§E§5§1§B§1§B§lDracula Axe in auction for 20000.
[22:54:50] > Palietass buy x1 §x§E§5§1§B§1§B§lDracula Axe to .Allxnzv for $20,000.
[22:55:08] > Escro buy x64 Wither skeleton skull to Zypher_0w0 for $320,000.
[22:55:09] > Escro buy x64 Wither skeleton skull to Takeremu for $320,000.
[22:58:36] > Fogstrap remove x1 §f§l§8B§x§6§2§6§2§6§2a§x§6§F§6§F§6§Fh§x§7§C§7§C§7§Ca§x§8§9§8§9§8§9m§x§9§6§9§6§9§6u§x§A§3§A§3§A§3t §x§9§6§9§6§9§6D§x§8§9§8§9§8§9a§x§7§C§7§C§7§Cg§x§6§F§6§F§6§Fg§x§6§2§6§2§6§2e§8r from storage
[22:58:37] > Fogstrap remove x1 §f§l§8B§x§5§F§5§F§5§Fa§x§6§9§6§9§6§9h§x§7§3§7§3§7§3a§x§7§D§7§D§7§Dm§x§8§7§8§7§8§7u§x§9§1§9§1§9§1t§x§9§B§9§B§9§B §x§A§5§A§5§A§5Gr§x§9§B§9§B§9§Be§x§9§1§9§1§9§1a§x§8§7§8§7§8§7t§x§7§D§7§D§7§Ds§x§7§3§7§3§7§3w§x§6§9§6§9§6§9o§x§5§F§5§F§5§Fr§8d from storage
[22:58:46] > Fogstrap added x1 §f§l§8B§x§6§2§6§2§6§2a§x§6§F§6§F§6§Fh§x§7§C§7§C§7§Ca§x§8§9§8§9§8§9m§x§9§6§9§6§9§6u§x§A§3§A§3§A§3t §x§9§6§9§6§9§6D§x§8§9§8§9§8§9a§x§7§C§7§C§7§Cg§x§6§F§6§F§6§Fg§x§6§2§6§2§6§2e§8r in auction for 400000.
[22:59:31] > Fogstrap added x1 §f§l§8B§x§5§F§5§F§5§Fa§x§6§9§6§9§6§9h§x§7§3§7§3§7§3a§x§7§D§7§D§7§Dm§x§8§7§8§7§8§7u§x§9§1§9§1§9§1t§x§9§B§9§B§9§B §x§A§5§A§5§A§5Gr§x§9§B§9§B§9§Be§x§9§1§9§1§9§1a§x§8§7§8§7§8§7t§x§7§D§7§D§7§Ds§x§7§3§7§3§7§3w§x§6§9§6§9§6§9o§x§5§F§5§F§5§Fr§8d in auction for 400000.
[22:59:56] > Julene added x1 §x§F§F§7§C§0§0§lSteamsparks Spear in auction for 135000.
[23:03:28] > auvicious remove x3 Enchanted golden apple from storage
[23:04:13] > Callistrix added x1 §x§F§F§7§C§0§0§lSteamsparks Fishing Rod in auction for 500000.
[23:04:18] > nachfaust buy x1 §x§F§F§7§C§0§0§lSteamsparks Fishing Rod to Callistrix for $500,000.
[23:05:37] > Renzy01 buy x1 §x§F§F§7§C§0§0§lSteamsparks Helmet to HwanYo for $80,000.
[23:05:38] > nachfaust remove x1 §x§E§5§1§B§1§B§lDracula Key form buy
[23:06:01] > nachfaust remove x1 §x§F§F§7§C§0§0§lSteamsparks Fishing Rod form buy
[23:07:26] > Escro remove x64 Wither skeleton skull from buy
[23:07:26] > Escro remove x64 Wither skeleton skull from buy
[23:09:24] > auvicious added x1 Silence armor trim smithing template in auction for 135989.
[23:09:38] > auvicious added x1 Silence armor trim smithing template in auction for 135989.
[23:09:47] > auvicious remove x1 Netherite upgrade smithing template from storage
[23:10:00] > auvicious added x1 Silence armor trim smithing template in auction for 135989.
[23:10:45] > Escro buy x1 §f§l§8B§x§6§3§6§3§6§3a§x§7§1§7§1§7§1h§x§8§0§8§0§8§0a§x§8§E§8§E§8§Em§x§9§C§9§C§9§Cu§7t§x§9§C§9§C§9§C §x§8§E§8§E§8§ES§x§8§0§8§0§8§0t§x§7§1§7§1§7§1a§x§6§3§6§3§6§3f§8f to Trapers1 for $1,000,000.
[23:10:50] > Escro remove x1 §f§l§8B§x§6§3§6§3§6§3a§x§7§1§7§1§7§1h§x§8§0§8§0§8§0a§x§8§E§8§E§8§Em§x§9§C§9§C§9§Cu§7t§x§9§C§9§C§9§C §x§8§E§8§E§8§ES§x§8§0§8§0§8§0t§x§7§1§7§1§7§1a§x§6§3§6§3§6§3f§8f from buy
[23:16:50] > Bleh buy x1 §f§l§8B§x§6§2§6§2§6§2a§x§6§F§6§F§6§Fh§x§7§C§7§C§7§Ca§x§8§9§8§9§8§9m§x§9§6§9§6§9§6u§x§A§3§A§3§A§3t §x§9§6§9§6§9§6H§x§8§9§8§9§8§9a§x§7§C§7§C§7§Ct§x§6§F§6§F§6§F §x§6§2§6§2§6§2V§82 to Renzy01 for $500,000.
[23:16:58] > Bleh remove x1 §f§l§8B§x§6§2§6§2§6§2a§x§6§F§6§F§6§Fh§x§7§C§7§C§7§Ca§x§8§9§8§9§8§9m§x§9§6§9§6§9§6u§x§A§3§A§3§A§3t §x§9§6§9§6§9§6H§x§8§9§8§9§8§9a§x§7§C§7§C§7§Ct§x§6§F§6§F§6§F §x§6§2§6§2§6§2V§82 from buy
[23:17:32] > Renzy01 remove x1 §x§F§F§7§C§0§0§lSteamsparks Helmet from buy
[23:19:38] > Escro buy x1 Enchanted book to SonyAstro for $100,000.
[23:19:59] > Escro remove x1 Enchanted book from buy
[23:21:39] > Renzy01 added x1 §x§F§F§7§C§0§0§lSteamsparks Helmet in auction for 150000.
[23:22:48] > shelby buy x1 §f§l§x§F§C§D§0§5§CW§x§F§A§A§2§4§8u§x§F§8§7§4§3§3k§x§F§6§4§5§1§Fo§x§F§4§1§7§0§Ang§x§F§6§4§5§1§F §x§F§8§7§4§3§3K§x§F§A§A§2§4§8e§x§F§C§D§0§5§Cy to Takeremu for $400,000.
[23:23:22] > shelby remove x1 §f§l§x§F§C§D§0§5§CW§x§F§A§A§2§4§8u§x§F§8§7§4§3§3k§x§F§6§4§5§1§Fo§x§F§4§1§7§0§Ang§x§F§6§4§5§1§F §x§F§8§7§4§3§3K§x§F§A§A§2§4§8e§x§F§C§D§0§5§Cy from buy
[23:24:22] > Bleh added x1 §x§F§F§5§5§0§0§lsᴇʟʟᴡᴀɴᴅ §6- 5.0x in auction for 600000.
[23:28:12] > nachfaust added x1 §x§F§F§5§5§0§0§lsᴇʟʟᴡᴀɴᴅ §6- 5.0x in auction for 550000.
[23:28:12] > 8it5inn added x1 §x§F§F§5§5§0§0§lsᴇʟʟᴡᴀɴᴅ §6- 5.0x in auction for 300000.
[23:28:28] > Celeste01 buy x1 §x§F§F§5§5§0§0§lsᴇʟʟᴡᴀɴᴅ §6- 5.0x to 8it5inn for $300,000.
[23:28:37] > Renzy01 buy x1 §x§E§5§1§B§1§B§lDracula Sickle to Icon_Skully for $100,000.
[23:29:24] > CacaBoi123 added x1 §x§F§F§5§5§0§0§lsᴇʟʟᴡᴀɴᴅ §6- 5.0x in auction for 900000.
[23:30:25] > auvicious remove x1 §x§E§5§1§B§1§B§lDracula Spear from storage
[23:30:50] > Bleh remove x1 §x§F§F§5§5§0§0§lsᴇʟʟᴡᴀɴᴅ §6- 5.0x from storage
[23:30:51] > auvicious added x1 §fZombie Villager Plushie §6(#100/101) in auction for 250000.
[23:31:01] > Renzy01 remove x1 §x§E§5§1§B§1§B§lDracula Sickle from buy
[23:31:05] > Bleh added x1 §x§F§F§5§5§0§0§lsᴇʟʟᴡᴀɴᴅ §6- 5.0x in auction for 500000.
[23:31:37] > Renzy01 added x1 §x§E§5§1§B§1§B§lDracula Dagger in auction for 150000.
[23:31:53] > Renzy01 added x1 §x§E§5§1§B§1§B§lDracula Staff in auction for 200000.
[23:32:05] > alecczzz remove x1 §f§l§8B§x§5§F§5§F§5§Fa§x§6§9§6§9§6§9h§x§7§3§7§3§7§3a§x§7§D§7§D§7§Dm§x§8§7§8§7§8§7u§x§9§1§9§1§9§1t§x§9§B§9§B§9§B §x§A§5§A§5§A§5Gr§x§9§B§9§B§9§Be§x§9§1§9§1§9§1a§x§8§7§8§7§8§7t§x§7§D§7§D§7§Ds§x§7§3§7§3§7§3w§x§6§9§6§9§6§9o§x§5§F§5§F§5§Fr§8d from storage
[23:32:57] > Renzy01 remove x1 Silence armor trim smithing template from storage
[23:33:06] > Renzy01 added x1 §x§E§5§1§B§1§B§lDracula Sickle in auction for 200000.
[23:33:23] > Dentatsu added x1 §x§F§F§5§5§0§0§lsᴇʟʟᴡᴀɴᴅ §6- 10.0x in auction for 1250000.
[23:33:39] > Dentatsu added x1 §x§F§F§5§5§0§0§lsᴇʟʟᴡᴀɴᴅ §6- 5.0x in auction for 300000.
[23:33:40] > .Marcusflep4 added x64 Oak log in auction for 25000.
[23:33:47] > grit_zy buy x1 §x§F§F§5§5§0§0§lsᴇʟʟᴡᴀɴᴅ §6- 5.0x to Dentatsu for $300,000.
[23:34:01] > Fogstrap remove x1 §f§l§8B§x§5§F§5§F§5§Fa§x§6§9§6§9§6§9h§x§7§3§7§3§7§3a§x§7§D§7§D§7§Dm§x§8§7§8§7§8§7u§x§9§1§9§1§9§1t§x§9§B§9§B§9§B §x§A§5§A§5§A§5Gr§x§9§B§9§B§9§Be§x§9§1§9§1§9§1a§x§8§7§8§7§8§7t§x§7§D§7§D§7§Ds§x§7§3§7§3§7§3w§x§6§9§6§9§6§9o§x§5§F§5§F§5§Fr§8d from storage
[23:34:01] > Fogstrap remove x1 §f§l§8B§x§6§2§6§2§6§2a§x§6§F§6§F§6§Fh§x§7§C§7§C§7§Ca§x§8§9§8§9§8§9m§x§9§6§9§6§9§6u§x§A§3§A§3§A§3t §x§9§6§9§6§9§6D§x§8§9§8§9§8§9a§x§7§C§7§C§7§Cg§x§6§F§6§F§6§Fg§x§6§2§6§2§6§2e§8r from storage
[23:34:05] > .Marcusflep4 added x64 Oak log in auction for 25000.
[23:34:12] > Gabyy added x1 §x§F§F§5§5§0§0§lsᴇʟʟᴡᴀɴᴅ §6- 5.0x in auction for 250000.
[23:34:12] > Fogstrap added x1 §f§l§8B§x§5§F§5§F§5§Fa§x§6§9§6§9§6§9h§x§7§3§7§3§7§3a§x§7§D§7§D§7§Dm§x§8§7§8§7§8§7u§x§9§1§9§1§9§1t§x§9§B§9§B§9§B §x§A§5§A§5§A§5Gr§x§9§B§9§B§9§Be§x§9§1§9§1§9§1a§x§8§7§8§7§8§7t§x§7§D§7§D§7§Ds§x§7§3§7§3§7§3w§x§6§9§6§9§6§9o§x§5§F§5§F§5§Fr§8d in auction for 400000.
[23:34:16] > .Marcusflep4 added x64 Oak log in auction for 25000.
[23:34:17] > grit_zy buy x1 §x§F§F§5§5§0§0§lsᴇʟʟᴡᴀɴᴅ §6- 5.0x to Gabyy for $250,000.
[23:34:26] > Fogstrap added x1 §f§l§8B§x§6§2§6§2§6§2a§x§6§F§6§F§6§Fh§x§7§C§7§C§7§Ca§x§8§9§8§9§8§9m§x§9§6§9§6§9§6u§x§A§3§A§3§A§3t §x§9§6§9§6§9§6D§x§8§9§8§9§8§9a§x§7§C§7§C§7§Cg§x§6§F§6§F§6§Fg§x§6§2§6§2§6§2e§8r in auction for 400000.
[23:34:28] > sweetcorn135 added x1 §fSkeleton Horse Plushie §6(#80/101) in auction for 50000.
[23:34:28] > magolek_09 added x1 §x§F§F§5§5§0§0§lsᴇʟʟᴡᴀɴᴅ §6- 10.0x in auction for 1000000.
[23:34:37] > Gabyy added x1 §x§F§F§5§5§0§0§lsᴇʟʟᴡᴀɴᴅ §6- 5.0x in auction for 300000.
[23:34:39] > grit_zy buy x1 §x§F§F§5§5§0§0§lsᴇʟʟᴡᴀɴᴅ §6- 5.0x to Gabyy for $300,000.
[23:34:48] > Renzy01 remove x1 §x§E§5§1§B§1§B§lDracula Sickle from storage
[23:34:56] > Renzy01 added x1 §x§F§F§3§E§0§0§lD§x§F§F§3§8§0§0§le§x§F§F§3§2§0§0§lm§x§F§F§2§B§0§0§lo§x§F§F§2§5§0§0§ln §x§F§F§1§9§0§0§lL§x§F§F§1§3§0§0§lo§x§F§F§0§C§0§0§lr§x§F§F§0§6§0§0§ld §x§F§F§0§6§0§0§lB§x§F§F§0§C§0§0§la§x§F§F§1§3§0§0§lt§x§F§F§1§9§0§0§lt§x§F§F§1§F§0§0§ll§x§F§F§2§5§0§0§le §x§F§F§3§2§0§0§lA§x§F§F§3§8§0§0§lx§x§F§F§3§E§0§0§le in auction for 500000.
[23:35:00] > sweetcorn135 added x1 Written book in auction for 500.
[23:35:16] > Fogstrap buy x1 Written book to sweetcorn135 for $500.
[23:35:58] > sweetcorn135 added x4 Snowball in auction for 10.
[23:36:03] > Fogstrap buy x4 Snowball to sweetcorn135 for $10.
[23:36:09] > Escro buy x64 Emerald block to YooRushy for $800,000.
[23:36:13] > Escro remove x64 Emerald block from buy
[23:36:18] > Callistrix added x1 Enchanted book in auction for 3200.
[23:36:35] > sweetcorn135 added x1 White wool in auction for 1000.
[23:37:33] > Julene buy x1 Enchanted book to Callistrix for $3,200.
[23:37:39] > Julene remove x1 Enchanted book from buy
[23:37:48] > alecczzz added x1 §f§l§8B§x§5§F§5§F§5§Fa§x§6§9§6§9§6§9h§x§7§3§7§3§7§3a§x§7§D§7§D§7§Dm§x§8§7§8§7§8§7u§x§9§1§9§1§9§1t§x§9§B§9§B§9§B §x§A§5§A§5§A§5Gr§x§9§B§9§B§9§Be§x§9§1§9§1§9§1a§x§8§7§8§7§8§7t§x§7§D§7§D§7§Ds§x§7§3§7§3§7§3w§x§6§9§6§9§6§9o§x§5§F§5§F§5§Fr§8d in auction for 2300000.
[23:38:03] > Renzy01 buy x1 White wool to sweetcorn135 for $1,000.
[23:38:31] > sweetcorn135 added x1 Cooked beef in auction for 1000000000.
[23:39:47] > sweetcorn135 added x1 Netherrack in auction for 100.
[23:41:04] > .JakeTheMiner457 added x1 §x§F§F§7§C§0§0§lSteamsparks Axe in auction for 1000000000.
[23:41:39] > .JakeTheMiner457 remove x1 §x§F§F§7§C§0§0§lSteamsparks Axe from storage
[23:41:49] > x1 Paa ni Darna, item of TostyZura, has just expired, the item is definitively deleted.
[23:41:51] > sweetcorn135 added x1 §fSlime Plushie §6(#81/101) in auction for 5000.
[23:41:52] > .JakeTheMiner457 remove x1 §x§F§F§7§C§0§0§lSteamsparks Axe from expire
[23:42:11] > Dentatsu buy x1 §fSlime Plushie §6(#81/101) to sweetcorn135 for $5,000.
[23:42:58] > Escro buy x64 Experience bottle to HwanYo for $80,000.
[23:43:03] > Escro remove x64 Experience bottle from buy
[23:45:24] > magolek_09 remove x1 §x§F§F§5§5§0§0§lsᴇʟʟᴡᴀɴᴅ §6- 10.0x from storage
[23:45:57] > magolek_09 added x1 §x§F§F§5§5§0§0§lsᴇʟʟᴡᴀɴᴅ §6- 10.0x in auction for 1000000.
[23:46:20] > sweetcorn135 remove x1 Netherrack from storage
[23:46:25] > .JakeTheMiner457 added x1 §x§F§F§7§C§0§0§lSteamsparks Axe in auction for 1000000000.
[23:46:49] > Fanatic added x1 Enchanted golden apple in auction for 25000.
[23:46:56] > RebornKimmy buy x1 Enchanted golden apple to Fanatic for $25,000.
[23:48:14] > Fanatic added x1 Emerald block in auction for 10000.
[23:48:23] > Fanatic remove x1 Emerald block form storage
[23:48:28] > Mugiwara22 added x1 §x§F§F§5§5§0§0§lsᴇʟʟᴡᴀɴᴅ §6- 5.0x in auction for 500000.
[23:49:05] > Mugiwara22 added x1 §x§F§F§5§5§0§0§lsᴇʟʟᴡᴀɴᴅ §6- 10.0x in auction for 1000000.
[23:49:33] > Unforce01 added x1 Shulker box in auction for 150000.
[23:50:11] > Unforce01 added x1 Shulker box in auction for 150000.
[23:50:21] > Unforce01 added x1 Shulker box in auction for 150000.
[23:51:13] > Escro buy x64 Experience bottle to mae for $150,000.
[23:51:18] > Escro remove x64 Experience bottle from buy
[23:51:25] > Unforce01 added x1 Shulker box in auction for 150000.
[23:51:28] > Renzy01 buy x1 Shulker box to Unforce01 for $150,000.
[23:51:33] > Celeste01 remove x1 §x§F§F§5§5§0§0§lsᴇʟʟᴡᴀɴᴅ §6- 5.0x from buy
[23:51:43] > Renzy01 remove x1 Shulker box from buy
[23:51:59] > Unforce01 added x1 Shulker box in auction for 150000.
[23:52:04] > sweetcorn135 added x1 Anvil in auction for 50000.
[23:52:12] > Unforce01 added x1 Shulker box in auction for 150000.
[23:52:33] > Zypher_0w0 buy x1 §x§F§F§5§5§0§0§lsᴇʟʟᴡᴀɴᴅ §6- 5.0x to Mugiwara22 for $500,000.
[23:52:42] > Zypher_0w0 remove x1 §x§F§F§5§5§0§0§lsᴇʟʟᴡᴀɴᴅ §6- 5.0x from buy
[23:52:56] > Zypher_0w0 buy x1 §x§F§F§5§5§0§0§lsᴇʟʟᴡᴀɴᴅ §6- 5.0x to Bleh for $500,000.
[23:53:01] > sweetcorn135 remove x1 Anvil from storage
[23:53:49] > Julene buy x1 §x§F§F§3§E§0§0§lD§x§F§F§3§8§0§0§le§x§F§F§3§2§0§0§lm§x§F§F§2§B§0§0§lo§x§F§F§2§5§0§0§ln §x§F§F§1§9§0§0§lL§x§F§F§1§3§0§0§lo§x§F§F§0§C§0§0§lr§x§F§F§0§6§0§0§ld §x§F§F§0§6§0§0§lB§x§F§F§0§C§0§0§la§x§F§F§1§3§0§0§lt§x§F§F§1§9§0§0§lt§x§F§F§1§F§0§0§ll§x§F§F§2§5§0§0§le §x§F§F§3§2§0§0§lA§x§F§F§3§8§0§0§lx§x§F§F§3§E§0§0§le to Renzy01 for $500,000.
[23:53:56] > Julene remove x1 §x§F§F§3§E§0§0§lD§x§F§F§3§8§0§0§le§x§F§F§3§2§0§0§lm§x§F§F§2§B§0§0§lo§x§F§F§2§5§0§0§ln §x§F§F§1§9§0§0§lL§x§F§F§1§3§0§0§lo§x§F§F§0§C§0§0§lr§x§F§F§0§6§0§0§ld §x§F§F§0§6§0§0§lB§x§F§F§0§C§0§0§la§x§F§F§1§3§0§0§lt§x§F§F§1§9§0§0§lt§x§F§F§1§F§0§0§ll§x§F§F§2§5§0§0§le §x§F§F§3§2§0§0§lA§x§F§F§3§8§0§0§lx§x§F§F§3§E§0§0§le from buy
[23:54:00] > Carrr added x1 §x§F§F§5§5§0§0§lsᴇʟʟᴡᴀɴᴅ §6- 5.0x in auction for 500000.
[23:57:05] > Renzy01 added x1 Enchanted book in auction for 10000.
[23:57:14] > Antonie657 buy x1 Enchanted book to Renzy01 for $10,000.
[23:59:34] > Mugiwara22 remove x1 §x§F§F§5§5§0§0§lsᴇʟʟᴡᴀɴᴅ §6- 10.0x from storage
[00:02:22] > x1 §x§F§0§7§A§5§4§lZombie Apocalyptic Key on sale by monggol has just expired, it goes in the inventory of expired items.
[00:02:22] > .Marcusflep4 added x51 Cherry log in auction for 5000.
[00:03:05] > Renzy01 added x1 Enchanted book in auction for 10000.
[00:03:19] > Antonie657 buy x1 Enchanted book to Renzy01 for $10,000.
[00:03:19] > Renzy01 added x1 Enchanted book in auction for 10000.
[00:03:30] > Antonie657 buy x1 Enchanted book to Renzy01 for $10,000.
[00:03:32] > Renzy01 added x1 Enchanted book in auction for 10000.
[00:03:35] > Antonie657 buy x1 Enchanted book to Renzy01 for $10,000.
[00:03:44] > Renzy01 added x1 Enchanted book in auction for 10000.
[00:03:49] > Antonie657 buy x1 Enchanted book to Renzy01 for $10,000.
[00:04:07] > Julene remove x1 §x§F§F§7§C§0§0§lSteamsparks Spear from storage
[00:04:59] > Renzy01 added x1 Enchanted book in auction for 10000.
[00:12:31] > Julene added x1 §x§F§F§7§C§0§0§lSteamsparks Spear in auction for 150000.
[00:20:06] > Fanatic added x1 Enchanted golden apple in auction for 35000.
[00:21:10] > Fanatic remove x1 Enchanted golden apple from storage
[00:30:49] > Takeremu added x1 §f§l§x§8§A§0§0§F§FS§x§9§9§0§0§D§Bh§x§A§8§0§0§B§6i§x§B§7§0§0§9§2n§x§C§6§0§0§6§De§x§D§5§0§0§4§9 §x§E§4§0§0§2§4O§x§F§3§0§0§0§0n§x§E§4§0§0§2§4i§x§D§5§0§0§4§9 §x§C§6§0§0§6§DW§x§B§7§0§0§9§2i§x§A§8§0§0§B§6n§x§9§9§0§0§D§Bg§x§8§A§0§0§F§Fs in auction for 2000000.
[00:31:08] > YchannR buy x1 §f§l§x§8§A§0§0§F§FS§x§9§9§0§0§D§Bh§x§A§8§0§0§B§6i§x§B§7§0§0§9§2n§x§C§6§0§0§6§De§x§D§5§0§0§4§9 §x§E§4§0§0§2§4O§x§F§3§0§0§0§0n§x§E§4§0§0§2§4i§x§D§5§0§0§4§9 §x§C§6§0§0§6§DW§x§B§7§0§0§9§2i§x§A§8§0§0§B§6n§x§9§9§0§0§D§Bg§x§8§A§0§0§F§Fs to Takeremu for $2,000,000.
[00:31:50] > YchannR remove x1 §f§l§x§8§A§0§0§F§FS§x§9§9§0§0§D§Bh§x§A§8§0§0§B§6i§x§B§7§0§0§9§2n§x§C§6§0§0§6§De§x§D§5§0§0§4§9 §x§E§4§0§0§2§4O§x§F§3§0§0§0§0n§x§E§4§0§0§2§4i§x§D§5§0§0§4§9 §x§C§6§0§0§6§DW§x§B§7§0§0§9§2i§x§A§8§0§0§B§6n§x§9§9§0§0§D§Bg§x§8§A§0§0§F§Fs from buy
[00:31:51] > YchannR remove x1 §f§l§x§8§A§0§0§F§FS§x§9§8§0§0§D§Dh§x§A§6§0§0§B§Bi§x§B§4§0§0§9§9n§x§C§2§0§0§7§7e§x§D§0§0§0§5§5 §x§D§E§0§0§3§3O§x§E§C§0§0§1§1ni§x§D§E§0§0§3§3 §x§D§0§0§0§5§5S§x§C§2§0§0§7§7h§x§B§4§0§0§9§9i§x§A§6§0§0§B§Be§x§9§8§0§0§D§Dl§x§8§A§0§0§F§Fd from buy
[00:31:52] > YchannR remove x1 Ominous bottle from buy
[00:31:52] > YchannR remove x8 Enchanted golden apple from buy
[00:31:52] > YchannR remove x1 Ominous bottle from buy
[00:31:52] > YchannR remove x1 Enchanted book from buy
[00:31:53] > YchannR remove x32 Wind charge from buy
[00:31:53] > YchannR remove x11 Breeze rod from buy
[00:33:33] > Fanatic added x1 Enchanted book in auction for 50000.
[00:33:43] > Antonie657 buy x1 Enchanted book to Renzy01 for $10,000.
[00:34:52] > Fanatic remove x1 Enchanted book form storage
[00:35:03] > Fanatic added x1 Enchanted book in auction for 25000.
[00:38:18] > Fanatic added x1 §fCat Plushie (Jellie) §6(#17/101) in auction for 75000.
[00:41:44] > giyahnpogi added x1 §x§E§5§1§B§1§B§lDracula Wings in auction for 2000000.
[00:43:07] > Bleh buy x64 Wither skeleton skull to Zypher_0w0 for $320,000.
[00:43:20] > Bleh remove x64 Wither skeleton skull from buy
[00:46:27] > Sthine8 added x3 Netherite upgrade smithing template in auction for 150000.
[00:47:34] > Sthine8 buy x1 §x§F§F§5§5§0§0§lsᴇʟʟᴡᴀɴᴅ §6- 5.0x to Carrr for $500,000.
[00:47:40] > Sthine8 remove x1 §x§F§F§5§5§0§0§lsᴇʟʟᴡᴀɴᴅ §6- 5.0x from buy
[00:47:51] > Sthine8 added x1 §x§F§F§5§5§0§0§lsᴇʟʟᴡᴀɴᴅ §6- 5.0x in auction for 800000.
[00:48:27] > Fanatic added x1 Totem of undying in auction for 15000.
[00:48:40] > Antonie657 buy x1 Totem of undying to Fanatic for $15,000.
[00:48:46] > Fanatic added x1 Totem of undying in auction for 15000.
[00:49:01] > Zypher_0w0 added x1 Beacon in auction for 100000.
[00:49:24] > Fanatic added x1 Totem of undying in auction for 15000.
[00:49:36] > Fanatic added x1 Totem of undying in auction for 15000.
[00:53:18] > Zypher_0w0 remove x1 §x§F§F§5§5§0§0§lsᴇʟʟᴡᴀɴᴅ §6- 5.0x from buy
[00:53:28] > Antonie657 remove x1 Enchanted book from buy
[00:53:29] > Antonie657 remove x1 Enchanted book from buy
[00:53:29] > Antonie657 remove x1 Enchanted book from buy
[00:53:30] > Antonie657 remove x1 Enchanted book from buy
[00:53:31] > Antonie657 remove x1 Enchanted book from buy
[00:53:31] > Antonie657 remove x1 Enchanted book from buy
[00:53:32] > Antonie657 remove x1 Totem of undying from buy
[00:55:45] > capy added x1 §x§F§F§5§5§0§0§lsᴇʟʟᴡᴀɴᴅ §6- 20.0x in auction for 4000000.
[00:56:05] > Abbadex buy x1 §x§F§F§5§5§0§0§lsᴇʟʟᴡᴀɴᴅ §6- 10.0x to magolek_09 for $1,000,000.
[00:56:08] > Abbadex buy x1 §x§F§F§5§5§0§0§lsᴇʟʟᴡᴀɴᴅ §6- 10.0x to Dentatsu for $1,250,000.
[00:56:13] > Abbadex buy x1 §x§F§F§5§5§0§0§lsᴇʟʟᴡᴀɴᴅ §6- 5.0x to nachfaust for $550,000.
[00:57:58] > Abbadex remove x1 §x§F§F§5§5§0§0§lsᴇʟʟᴡᴀɴᴅ §6- 10.0x form buy
[00:57:58] > Abbadex remove x1 §x§F§F§5§5§0§0§lsᴇʟʟᴡᴀɴᴅ §6- 5.0x form buy
[00:57:58] > Abbadex remove x1 §x§F§F§5§5§0§0§lsᴇʟʟᴡᴀɴᴅ §6- 10.0x form buy
[00:59:49] > capy remove x1 §x§F§F§5§5§0§0§lsᴇʟʟᴡᴀɴᴅ §6- 20.0x from storage
[01:02:29] > nachfaust added x1 §x§E§5§1§B§1§B§lDracula Pickaxe in auction for 300000.
[01:25:00] > .JakeTheMiner457 remove x1 §x§F§F§7§C§0§0§lSteamsparks Axe from storage
[01:25:17] > .JakeTheMiner457 remove x1 §x§F§F§7§C§0§0§lSteamsparks Axe from expire
[01:27:53] > Fogstrap remove x1 §f§l§8B§x§6§2§6§2§6§2a§x§6§F§6§F§6§Fh§x§7§C§7§C§7§Ca§x§8§9§8§9§8§9m§x§9§6§9§6§9§6u§x§A§3§A§3§A§3t §x§9§6§9§6§9§6D§x§8§9§8§9§8§9a§x§7§C§7§C§7§Cg§x§6§F§6§F§6§Fg§x§6§2§6§2§6§2e§8r from storage
[01:27:53] > Fogstrap remove x1 §f§l§8B§x§5§F§5§F§5§Fa§x§6§9§6§9§6§9h§x§7§3§7§3§7§3a§x§7§D§7§D§7§Dm§x§8§7§8§7§8§7u§x§9§1§9§1§9§1t§x§9§B§9§B§9§B §x§A§5§A§5§A§5Gr§x§9§B§9§B§9§Be§x§9§1§9§1§9§1a§x§8§7§8§7§8§7t§x§7§D§7§D§7§Ds§x§7§3§7§3§7§3w§x§6§9§6§9§6§9o§x§5§F§5§F§5§Fr§8d from storage
[01:28:01] > Fogstrap added x1 §f§l§8B§x§6§2§6§2§6§2a§x§6§F§6§F§6§Fh§x§7§C§7§C§7§Ca§x§8§9§8§9§8§9m§x§9§6§9§6§9§6u§x§A§3§A§3§A§3t §x§9§6§9§6§9§6D§x§8§9§8§9§8§9a§x§7§C§7§C§7§Cg§x§6§F§6§F§6§Fg§x§6§2§6§2§6§2e§8r in auction for 400000.
[01:28:09] > .AyakoKoru added x1 Totem of undying in auction for 25000.
[01:28:13] > Fogstrap added x1 §f§l§8B§x§5§F§5§F§5§Fa§x§6§9§6§9§6§9h§x§7§3§7§3§7§3a§x§7§D§7§D§7§Dm§x§8§7§8§7§8§7u§x§9§1§9§1§9§1t§x§9§B§9§B§9§B §x§A§5§A§5§A§5Gr§x§9§B§9§B§9§Be§x§9§1§9§1§9§1a§x§8§7§8§7§8§7t§x§7§D§7§D§7§Ds§x§7§3§7§3§7§3w§x§6§9§6§9§6§9o§x§5§F§5§F§5§Fr§8d in auction for 400000.
[01:28:33] > .AyakoKoru added x64 Firework rocket in auction for 20000.
[01:28:52] > .AyakoKoru added x64 Firework rocket in auction for 20000.
[01:29:09] > .AyakoKoru added x64 Firework rocket in auction for 20000.
[01:29:23] > .AyakoKoru added x64 Firework rocket in auction for 20000.
[01:34:54] > zezozezozezo2012 added x1 Enchanted book in auction for 100000.
[01:36:15] > Callistrix buy x1 Silence armor trim smithing template to auvicious for $135,989.
[01:36:25] > Callistrix remove x1 Silence armor trim smithing template from buy
[01:40:39] > sweetcorn135 added x1 Water bucket in auction for 10000.
[01:55:04] > x1 §x§F§C§D§0§5§C§lB§x§E§6§D§3§6§B§la§x§C§F§D§5§7§A§ls§x§B§9§D§8§8§9§li§x§A§2§D§A§9§8§lc §x§7§5§D§F§B§6§lC§x§5§F§E§2§C§5§lr§x§7§5§D§F§B§6§la§x§8§C§D§D§A§7§lt§x§A§2§D§A§9§8§le §x§C§F§D§5§7§A§lK§x§E§6§D§3§6§B§le§x§F§C§D§0§5§C§ly on sale by Tiltera4549 has just expired, it goes in the inventory of expired items.
[01:59:41] > Zypher_0w0 added x64 Slime ball in auction for 15000.
[02:00:10] > shelby buy x64 Slime ball to Zypher_0w0 for $15,000.
[02:00:25] > Zypher_0w0 added x64 Slime ball in auction for 15000.
[02:00:42] > Zypher_0w0 added x64 Slime ball in auction for 15000.
[02:01:14] > belvi__ buy x1 Silence armor trim smithing template to auvicious for $135,989.
[02:01:34] > belvi__ remove x1 Silence armor trim smithing template from buy
[02:04:48] > .JakeTheMiner457 added x1 Shulker box in auction for 100000.
[02:06:42] > Callistrix remove x5 §x§F§C§9§0§5§C§lE§x§E§6§9§C§6§B§lp§x§C§F§A§7§7§A§li§x§B§9§B§3§8§9§lc §x§8§C§C§B§A§7§lC§x§7§5§D§6§B§6§lr§x§5§F§E§2§C§5§la§x§7§9§D§4§B§4§lt§x§9§3§C§7§A§2§le §x§C§8§A§B§7§F§lK§x§E§2§9§E§6§E§le§x§F§C§9§0§5§C§ly from storage
[02:07:04] > Callistrix remove x1 §x§F§F§7§C§0§0§lSteamsparks Leggings from storage
[02:09:47] > Callistrix buy x1 §f§l§x§F§C§D§0§5§CW§x§F§B§A§D§4§Du§x§F§9§8§B§3§Dk§x§F§8§6§8§2§Eo§x§F§6§4§5§1§Fn§x§F§5§2§3§0§Fg§x§F§3§0§0§0§0 §x§F§5§2§3§0§FD§x§F§6§4§5§1§Fa§x§F§8§6§8§2§Eg§x§F§9§8§B§3§Dg§x§F§B§A§D§4§De§x§F§C§D§0§5§Cr to Johng10910 for $150,000.
[02:10:01] > Callistrix remove x1 §f§l§x§F§C§D§0§5§CW§x§F§B§A§D§4§Du§x§F§9§8§B§3§Dk§x§F§8§6§8§2§Eo§x§F§6§4§5§1§Fn§x§F§5§2§3§0§Fg§x§F§3§0§0§0§0 §x§F§5§2§3§0§FD§x§F§6§4§5§1§Fa§x§F§8§6§8§2§Eg§x§F§9§8§B§3§Dg§x§F§B§A§D§4§De§x§F§C§D§0§5§Cr from buy
[02:13:59] > Callistrix added x1 §x§F§F§7§C§0§0§lSteamsparks Spear in auction for 150000.
[02:16:18] > Callistrix added x1 §x§E§5§1§B§1§B§lDracula Helmet in auction for 150000.
[02:19:34] > shelby remove x64 Slime ball from buy
[02:19:46] > anneyong added x1 Dried ghast in auction for 5000.
[02:19:51] > Ashinkage buy x1 Dried ghast to anneyong for $5,000.
[02:21:32] > Ashinkage remove x1 Dried ghast from buy
[02:22:34] > Xavier881 added x2 Ominous trial key in auction for 350000.
[02:34:13] > zezozezozezo2012 remove x1 Enchanted book from storage
[02:42:17] > Lithium_O remove x1 §f§l§x§F§C§D§0§5§CW§x§F§A§A§6§4§Au§x§F§8§7§D§3§7k§x§F§7§5§3§2§5o§x§F§5§2§A§1§2n§x§F§3§0§0§0§0g§x§F§5§2§A§1§2 §x§F§7§5§3§2§5C§x§F§8§7§D§3§7l§x§F§A§A§6§4§Au§x§F§C§D§0§5§Cb from storage
[03:20:40] > Panda_Nooba added x3 §9§lSquid Tentacle in auction for 3000.
[03:21:07] > Icon_Skully buy x3 §9§lSquid Tentacle to Panda_Nooba for $3,000.
[03:21:14] > Icon_Skully remove x3 §9§lSquid Tentacle from buy
[03:22:29] > Fanatic remove x1 Enchanted book form storage
[03:22:29] > Fanatic remove x1 Totem of undying form storage
[03:22:29] > Fanatic remove x1 Totem of undying form storage
[03:22:29] > Fanatic remove x1 §fCat Plushie (Jellie) §6(#17/101) form storage
[03:22:29] > Fanatic remove x1 Totem of undying form storage
[03:22:40] > Panda_Nooba added x5 §x§F§C§9§0§5§C§lE§x§E§6§9§C§6§B§lp§x§C§F§A§7§7§A§li§x§B§9§B§3§8§9§lc §x§8§C§C§B§A§7§lC§x§7§5§D§6§B§6§lr§x§5§F§E§2§C§5§la§x§7§9§D§4§B§4§lt§x§9§3§C§7§A§2§le §x§C§8§A§B§7§F§lK§x§E§2§9§E§6§E§le§x§F§C§9§0§5§C§ly in auction for 75000.
[03:22:50] > Fanatic added x1 §fCat Plushie (Jellie) §6(#17/101) in auction for 50000.
[03:26:51] > Zypher_0w0 buy x1 §fCat Plushie (Jellie) §6(#17/101) to Fanatic for $50,000.
[03:26:59] > Zypher_0w0 remove x1 §fCat Plushie (Jellie) §6(#17/101) from buy
[03:31:18] > Applegod9 buy x1 Silence armor trim smithing template to auvicious for $138,989.
[03:33:11] > CacaBoi123 added x1 §x§F§F§7§C§0§0§lSteamsparks Wings in auction for 2000000.
[03:33:29] > CacaBoi123 remove x1 §x§F§F§5§5§0§0§lsᴇʟʟᴡᴀɴᴅ §6- 5.0x form storage
[03:33:29] > CacaBoi123 remove x1 §x§F§F§7§C§0§0§lSteamsparks Wings form storage
[03:34:30] > Panda_Nooba remove x5 §x§F§C§9§0§5§C§lE§x§E§6§9§C§6§B§lp§x§C§F§A§7§7§A§li§x§B§9§B§3§8§9§lc §x§8§C§C§B§A§7§lC§x§7§5§D§6§B§6§lr§x§5§F§E§2§C§5§la§x§7§9§D§4§B§4§lt§x§9§3§C§7§A§2§le §x§C§8§A§B§7§F§lK§x§E§2§9§E§6§E§le§x§F§C§9§0§5§C§ly from storage
[03:34:44] > Panda_Nooba added x5 §x§F§C§9§0§5§C§lE§x§E§6§9§C§6§B§lp§x§C§F§A§7§7§A§li§x§B§9§B§3§8§9§lc §x§8§C§C§B§A§7§lC§x§7§5§D§6§B§6§lr§x§5§F§E§2§C§5§la§x§7§9§D§4§B§4§lt§x§9§3§C§7§A§2§le §x§C§8§A§B§7§F§lK§x§E§2§9§E§6§E§le§x§F§C§9§0§5§C§ly in auction for 60000.
[03:35:45] > CacaBoi123 added x1 §x§F§F§7§C§0§0§lSteamsparks Wings in auction for 2000000.
[03:38:52] > Panda_Nooba added x1 §x§F§F§5§5§0§0§lsᴇʟʟᴡᴀɴᴅ §6- 5.0x in auction for 550000.
[03:38:57] > Abbadex buy x1 §x§F§F§5§5§0§0§lsᴇʟʟᴡᴀɴᴅ §6- 5.0x to Panda_Nooba for $550,000.
[03:39:28] > Zypher_0w0 added x3 §x§E§5§1§B§1§B§lDracula Key in auction for 150000.
[03:39:33] > Icon_Skully buy x3 §x§E§5§1§B§1§B§lDracula Key to Zypher_0w0 for $150,000.
[03:39:44] > Zypher_0w0 added x3 §x§E§5§1§B§1§B§lDracula Key in auction for 150000.
[03:40:03] > Icon_Skully buy x3 §x§E§5§1§B§1§B§lDracula Key to Zypher_0w0 for $150,000.
[03:40:11] > Zypher_0w0 added x3 §x§E§5§1§B§1§B§lDracula Key in auction for 150000.
[03:40:11] > Icon_Skully remove x3 §x§E§5§1§B§1§B§lDracula Key from buy
[03:40:12] > Icon_Skully remove x3 §x§E§5§1§B§1§B§lDracula Key from buy
[03:40:21] > Icon_Skully buy x3 §x§E§5§1§B§1§B§lDracula Key to Zypher_0w0 for $150,000.
[03:40:34] > Zypher_0w0 added x1 §x§F§C§D§0§5§CW§x§F§A§A§2§4§8u§x§F§8§7§4§3§3k§x§F§6§4§5§1§Fo§x§F§4§1§7§0§Ang§x§F§6§4§5§1§F §x§F§8§7§4§3§3K§x§F§A§A§2§4§8e§x§F§C§D§0§5§Cy in auction for 100000.
[03:40:38] > Icon_Skully buy x1 §x§F§C§D§0§5§CW§x§F§A§A§2§4§8u§x§F§8§7§4§3§3k§x§F§6§4§5§1§Fo§x§F§4§1§7§0§Ang§x§F§6§4§5§1§F §x§F§8§7§4§3§3K§x§F§A§A§2§4§8e§x§F§C§D§0§5§Cy to Zypher_0w0 for $100,000.
[03:40:44] > Applegod9 remove x1 Silence armor trim smithing template from buy
[03:40:48] > Zypher_0w0 added x1 §x§F§C§D§0§5§CW§x§F§A§A§2§4§8u§x§F§8§7§4§3§3k§x§F§6§4§5§1§Fo§x§F§4§1§7§0§Ang§x§F§6§4§5§1§F §x§F§8§7§4§3§3K§x§F§A§A§2§4§8e§x§F§C§D§0§5§Cy in auction for 100000.
[03:40:53] > Icon_Skully buy x1 §x§F§C§D§0§5§CW§x§F§A§A§2§4§8u§x§F§8§7§4§3§3k§x§F§6§4§5§1§Fo§x§F§4§1§7§0§Ang§x§F§6§4§5§1§F §x§F§8§7§4§3§3K§x§F§A§A§2§4§8e§x§F§C§D§0§5§Cy to Zypher_0w0 for $100,000.
[03:40:57] > Abbadex remove x1 §x§F§F§5§5§0§0§lsᴇʟʟᴡᴀɴᴅ §6- 5.0x form buy
[03:41:11] > Zypher_0w0 added x3 §x§F§F§7§C§0§0§lSteamsparks Key in auction for 160000.
[03:41:16] > Icon_Skully buy x3 §x§F§F§7§C§0§0§lSteamsparks Key to Zypher_0w0 for $160,000.
[03:41:28] > Zypher_0w0 added x3 §x§F§F§7§C§0§0§lSteamsparks Key in auction for 160000.
[03:41:33] > Icon_Skully buy x3 §x§F§F§7§C§0§0§lSteamsparks Key to Zypher_0w0 for $160,000.
[03:41:38] > Panda_Nooba added x1 §x§9§8§6§3§E§7§lG§x§9§0§7§5§E§2§lo§x§8§8§8§7§D§D§ld§x§8§0§9§9§D§8§ll§x§7§7§A§C§D§4§ly §x§6§7§D§0§C§A§lC§x§5§F§E§2§C§5§lr§x§6§7§D§0§C§A§la§x§6§F§B§E§C§F§lt§x§7§7§A§C§D§4§le §x§8§8§8§7§D§D§lK§x§9§0§7§5§E§2§le§x§9§8§6§3§E§7§ly in auction for 150000.
[03:41:42] > Zypher_0w0 added x3 §x§F§F§7§C§0§0§lSteamsparks Key in auction for 160000.
[03:41:43] > Icon_Skully remove x3 §x§E§5§1§B§1§B§lDracula Key form buy
[03:41:43] > Icon_Skully remove x1 §x§F§C§D§0§5§CW§x§F§A§A§2§4§8u§x§F§8§7§4§3§3k§x§F§6§4§5§1§Fo§x§F§4§1§7§0§Ang§x§F§6§4§5§1§F §x§F§8§7§4§3§3K§x§F§A§A§2§4§8e§x§F§C§D§0§5§Cy form buy
[03:41:43] > Icon_Skully remove x3 §x§F§F§7§C§0§0§lSteamsparks Key form buy
[03:41:43] > Icon_Skully remove x1 §x§F§C§D§0§5§CW§x§F§A§A§2§4§8u§x§F§8§7§4§3§3k§x§F§6§4§5§1§Fo§x§F§4§1§7§0§Ang§x§F§6§4§5§1§F §x§F§8§7§4§3§3K§x§F§A§A§2§4§8e§x§F§C§D§0§5§Cy form buy
[03:41:43] > Icon_Skully remove x3 §x§F§F§7§C§0§0§lSteamsparks Key form buy
[03:41:55] > Panda_Nooba added x1 §x§9§8§6§3§E§7§lG§x§9§0§7§5§E§2§lo§x§8§8§8§7§D§D§ld§x§8§0§9§9§D§8§ll§x§7§7§A§C§D§4§ly §x§6§7§D§0§C§A§lC§x§5§F§E§2§C§5§lr§x§6§7§D§0§C§A§la§x§6§F§B§E§C§F§lt§x§7§7§A§C§D§4§le §x§8§8§8§7§D§D§lK§x§9§0§7§5§E§2§le§x§9§8§6§3§E§7§ly in auction for 150000.
[03:42:03] > Zypher_0w0 added x3 §x§5§C§C§F§F§C§lC§x§5§C§D§1§F§5§lo§x§5§D§D§4§E§E§ls§x§5§D§D§6§E§7§lm§x§5§E§D§9§E§1§le§x§5§E§D§B§D§A§lt§x§5§E§D§D§D§3§li§x§5§F§E§0§C§C§lc §x§5§F§E§0§C§C§lH§x§5§E§D§D§D§3§la§x§5§E§D§B§D§A§lt§x§5§E§D§9§E§1§ls §x§5§D§D§4§E§E§lK§x§5§C§D§1§F§5§le§x§5§C§C§F§F§C§ly in auction for 80000.
[03:42:18] > Panda_Nooba remove x1 Enchanted book from storage
[03:42:19] > Panda_Nooba remove x1 Enchanted book from storage
[03:42:20] > Zypher_0w0 added x3 §x§5§C§C§F§F§C§lC§x§5§C§D§1§F§5§lo§x§5§D§D§4§E§E§ls§x§5§D§D§6§E§7§lm§x§5§E§D§9§E§1§le§x§5§E§D§B§D§A§lt§x§5§E§D§D§D§3§li§x§5§F§E§0§C§C§lc §x§5§F§E§0§C§C§lH§x§5§E§D§D§D§3§la§x§5§E§D§B§D§A§lt§x§5§E§D§9§E§1§ls §x§5§D§D§4§E§E§lK§x§5§C§D§1§F§5§le§x§5§C§C§F§F§C§ly in auction for 80000.
[03:42:20] > Panda_Nooba remove x5 §x§F§C§9§0§5§C§lE§x§E§6§9§C§6§B§lp§x§C§F§A§7§7§A§li§x§B§9§B§3§8§9§lc §x§8§C§C§B§A§7§lC§x§7§5§D§6§B§6§lr§x§5§F§E§2§C§5§la§x§7§9§D§4§B§4§lt§x§9§3§C§7§A§2§le §x§C§8§A§B§7§F§lK§x§E§2§9§E§6§E§le§x§F§C§9§0§5§C§ly from storage
[03:42:26] > Panda_Nooba added x1 §x§9§8§6§3§E§7§lG§x§9§0§7§5§E§2§lo§x§8§8§8§7§D§D§ld§x§8§0§9§9§D§8§ll§x§7§7§A§C§D§4§ly §x§6§7§D§0§C§A§lC§x§5§F§E§2§C§5§lr§x§6§7§D§0§C§A§la§x§6§F§B§E§C§F§lt§x§7§7§A§C§D§4§le §x§8§8§8§7§D§D§lK§x§9§0§7§5§E§2§le§x§9§8§6§3§E§7§ly in auction for 150000.
[03:42:32] > Zypher_0w0 remove x64 Slime ball from storage
[03:42:33] > Zypher_0w0 remove x64 Slime ball from storage
[03:42:42] > Panda_Nooba added x1 §x§9§8§6§3§E§7§lG§x§9§0§7§5§E§2§lo§x§8§8§8§7§D§D§ld§x§8§0§9§9§D§8§ll§x§7§7§A§C§D§4§ly §x§6§7§D§0§C§A§lC§x§5§F§E§2§C§5§lr§x§6§7§D§0§C§A§la§x§6§F§B§E§C§F§lt§x§7§7§A§C§D§4§le §x§8§8§8§7§D§D§lK§x§9§0§7§5§E§2§le§x§9§8§6§3§E§7§ly in auction for 150000.
[03:42:42] > Zypher_0w0 remove x1 Beacon from storage
[03:42:54] > Panda_Nooba added x1 §x§9§8§6§3§E§7§lG§x§9§0§7§5§E§2§lo§x§8§8§8§7§D§D§ld§x§8§0§9§9§D§8§ll§x§7§7§A§C§D§4§ly §x§6§7§D§0§C§A§lC§x§5§F§E§2§C§5§lr§x§6§7§D§0§C§A§la§x§6§F§B§E§C§F§lt§x§7§7§A§C§D§4§le §x§8§8§8§7§D§D§lK§x§9§0§7§5§E§2§le§x§9§8§6§3§E§7§ly in auction for 150000.
[03:42:56] > Icon_Skully buy x3 §x§F§F§7§C§0§0§lSteamsparks Key to Zypher_0w0 for $160,000.
[03:42:57] > LethalKiwi added x1 §x§F§F§5§5§0§0§lsᴇʟʟᴡᴀɴᴅ §6- 5.0x in auction for 250000.
[03:43:03] > Fogstrap buy x1 §x§F§F§5§5§0§0§lsᴇʟʟᴡᴀɴᴅ §6- 5.0x to LethalKiwi for $250,000.
[03:43:23] > Antonie657 added x1 §x§F§F§5§5§0§0§lsᴇʟʟᴡᴀɴᴅ §6- 10.0x in auction for 300000.
[03:43:30] > Abbadex buy x1 §x§F§F§5§5§0§0§lsᴇʟʟᴡᴀɴᴅ §6- 10.0x to Antonie657 for $300,000.
[03:43:51] > Antonie657 added x1 §x§F§F§5§5§0§0§lsᴇʟʟᴡᴀɴᴅ §6- 5.0x in auction for 250000.
[03:43:56] > Zypher_0w0 buy x1 §x§F§F§5§5§0§0§lsᴇʟʟᴡᴀɴᴅ §6- 5.0x to Antonie657 for $250,000.
[03:44:17] > Zypher_0w0 remove x1 §x§F§F§5§5§0§0§lsᴇʟʟᴡᴀɴᴅ §6- 5.0x from buy
[03:44:36] > Icon_Skully remove x3 §x§F§F§7§C§0§0§lSteamsparks Key from buy
[03:45:12] > Antonie657 buy x1 Shulker box to Unforce01 for $150,000.
[03:45:37] > Antonie657 remove x1 Shulker box from buy
[03:46:15] > Zypher_0w0 added x1 Beacon in auction for 100000.
[03:46:21] > Antonie657 buy x1 Beacon to Zypher_0w0 for $100,000.
[03:46:31] > Antonie657 remove x1 Beacon from buy
[04:00:10] > Icon_Skully added x1 §x§F§F§5§5§0§0§lsᴇʟʟᴡᴀɴᴅ §6- 5.0x in auction for 550000.
[04:00:15] > Abbadex buy x1 §x§F§F§5§5§0§0§lsᴇʟʟᴡᴀɴᴅ §6- 5.0x to Icon_Skully for $550,000.
[04:00:29] > Abbadex remove x1 §x§F§F§5§5§0§0§lsᴇʟʟᴡᴀɴᴅ §6- 10.0x form buy
[04:00:29] > Abbadex remove x1 §x§F§F§5§5§0§0§lsᴇʟʟᴡᴀɴᴅ §6- 5.0x form buy
[04:16:01] > LethalKiwi buy x51 Cherry log to .Marcusflep4 for $5,000.
[04:18:45] > LethalKiwi buy x64 Jungle log to ace for $2,000.
[04:19:19] > LethalKiwi remove x51 Cherry log from buy
[04:19:20] > LethalKiwi remove x64 Jungle log from buy
[04:36:56] > anneyong buy x64 Golden apple to Keeos for $150,000.
[04:37:01] > anneyong remove x1 §x§F§F§5§5§0§0§lsᴇʟʟᴡᴀɴᴅ §6- 5.0x form buy
[04:37:01] > anneyong remove x64 Golden apple form buy
[05:00:25] > claypotter buy x1 §f§l§x§8§A§0§0§F§FS§x§9§C§0§0§D§5h§x§A§D§0§0§A§Ai§x§B§F§0§0§8§0n§x§D§0§0§0§5§5e§x§E§2§0§0§2§B §x§F§3§0§0§0§0O§x§E§2§0§0§2§An§x§D§0§0§0§5§5i§x§B§F§0§0§8§0 §x§A§D§0§0§A§AH§x§9§C§0§0§D§5o§x§8§A§0§0§F§Fe to HwanYo for $750,000.
[05:00:32] > claypotter remove x1 §f§l§x§8§A§0§0§F§FS§x§9§C§0§0§D§5h§x§A§D§0§0§A§Ai§x§B§F§0§0§8§0n§x§D§0§0§0§5§5e§x§E§2§0§0§2§B §x§F§3§0§0§0§0O§x§E§2§0§0§2§An§x§D§0§0§0§5§5i§x§B§F§0§0§8§0 §x§A§D§0§0§A§AH§x§9§C§0§0§D§5o§x§8§A§0§0§F§Fe from buy
[05:28:00] > Xavier881 remove x5 §x§F§C§9§0§5§C§lE§x§E§6§9§C§6§B§lp§x§C§F§A§7§7§A§li§x§B§9§B§3§8§9§lc §x§8§C§C§B§A§7§lC§x§7§5§D§6§B§6§lr§x§5§F§E§2§C§5§la§x§7§9§D§4§B§4§lt§x§9§3§C§7§A§2§le §x§C§8§A§B§7§F§lK§x§E§2§9§E§6§E§le§x§F§C§9§0§5§C§ly from buy
[05:28:04] > anneyong buy x1 §x§9§8§6§3§E§7§lG§x§9§0§7§5§E§2§lo§x§8§8§8§7§D§D§ld§x§8§0§9§9§D§8§ll§x§7§7§A§C§D§4§ly §x§6§7§D§0§C§A§lC§x§5§F§E§2§C§5§lr§x§6§7§D§0§C§A§la§x§6§F§B§E§C§F§lt§x§7§7§A§C§D§4§le §x§8§8§8§7§D§D§lK§x§9§0§7§5§E§2§le§x§9§8§6§3§E§7§ly to Panda_Nooba for $150,000.
[05:28:05] > anneyong buy x1 §x§9§8§6§3§E§7§lG§x§9§0§7§5§E§2§lo§x§8§8§8§7§D§D§ld§x§8§0§9§9§D§8§ll§x§7§7§A§C§D§4§ly §x§6§7§D§0§C§A§lC§x§5§F§E§2§C§5§lr§x§6§7§D§0§C§A§la§x§6§F§B§E§C§F§lt§x§7§7§A§C§D§4§le §x§8§8§8§7§D§D§lK§x§9§0§7§5§E§2§le§x§9§8§6§3§E§7§ly to Panda_Nooba for $150,000.
[05:28:07] > anneyong buy x1 §x§9§8§6§3§E§7§lG§x§9§0§7§5§E§2§lo§x§8§8§8§7§D§D§ld§x§8§0§9§9§D§8§ll§x§7§7§A§C§D§4§ly §x§6§7§D§0§C§A§lC§x§5§F§E§2§C§5§lr§x§6§7§D§0§C§A§la§x§6§F§B§E§C§F§lt§x§7§7§A§C§D§4§le §x§8§8§8§7§D§D§lK§x§9§0§7§5§E§2§le§x§9§8§6§3§E§7§ly to Panda_Nooba for $150,000.
[05:28:21] > anneyong buy x1 §x§9§8§6§3§E§7§lG§x§9§0§7§5§E§2§lo§x§8§8§8§7§D§D§ld§x§8§0§9§9§D§8§ll§x§7§7§A§C§D§4§ly §x§6§7§D§0§C§A§lC§x§5§F§E§2§C§5§lr§x§6§7§D§0§C§A§la§x§6§F§B§E§C§F§lt§x§7§7§A§C§D§4§le §x§8§8§8§7§D§D§lK§x§9§0§7§5§E§2§le§x§9§8§6§3§E§7§ly to Panda_Nooba for $150,000.
[05:28:23] > anneyong buy x1 §x§9§8§6§3§E§7§lG§x§9§0§7§5§E§2§lo§x§8§8§8§7§D§D§ld§x§8§0§9§9§D§8§ll§x§7§7§A§C§D§4§ly §x§6§7§D§0§C§A§lC§x§5§F§E§2§C§5§lr§x§6§7§D§0§C§A§la§x§6§F§B§E§C§F§lt§x§7§7§A§C§D§4§le §x§8§8§8§7§D§D§lK§x§9§0§7§5§E§2§le§x§9§8§6§3§E§7§ly to Panda_Nooba for $150,000.
[05:29:46] > anneyong remove x1 §x§9§8§6§3§E§7§lG§x§9§0§7§5§E§2§lo§x§8§8§8§7§D§D§ld§x§8§0§9§9§D§8§ll§x§7§7§A§C§D§4§ly §x§6§7§D§0§C§A§lC§x§5§F§E§2§C§5§lr§x§6§7§D§0§C§A§la§x§6§F§B§E§C§F§lt§x§7§7§A§C§D§4§le §x§8§8§8§7§D§D§lK§x§9§0§7§5§E§2§le§x§9§8§6§3§E§7§ly form buy
[05:29:46] > anneyong remove x1 §x§9§8§6§3§E§7§lG§x§9§0§7§5§E§2§lo§x§8§8§8§7§D§D§ld§x§8§0§9§9§D§8§ll§x§7§7§A§C§D§4§ly §x§6§7§D§0§C§A§lC§x§5§F§E§2§C§5§lr§x§6§7§D§0§C§A§la§x§6§F§B§E§C§F§lt§x§7§7§A§C§D§4§le §x§8§8§8§7§D§D§lK§x§9§0§7§5§E§2§le§x§9§8§6§3§E§7§ly form buy
[05:29:46] > anneyong remove x1 §x§9§8§6§3§E§7§lG§x§9§0§7§5§E§2§lo§x§8§8§8§7§D§D§ld§x§8§0§9§9§D§8§ll§x§7§7§A§C§D§4§ly §x§6§7§D§0§C§A§lC§x§5§F§E§2§C§5§lr§x§6§7§D§0§C§A§la§x§6§F§B§E§C§F§lt§x§7§7§A§C§D§4§le §x§8§8§8§7§D§D§lK§x§9§0§7§5§E§2§le§x§9§8§6§3§E§7§ly form buy
[05:29:46] > anneyong remove x1 §x§9§8§6§3§E§7§lG§x§9§0§7§5§E§2§lo§x§8§8§8§7§D§D§ld§x§8§0§9§9§D§8§ll§x§7§7§A§C§D§4§ly §x§6§7§D§0§C§A§lC§x§5§F§E§2§C§5§lr§x§6§7§D§0§C§A§la§x§6§F§B§E§C§F§lt§x§7§7§A§C§D§4§le §x§8§8§8§7§D§D§lK§x§9§0§7§5§E§2§le§x§9§8§6§3§E§7§ly form buy
[05:29:46] > anneyong remove x1 §x§9§8§6§3§E§7§lG§x§9§0§7§5§E§2§lo§x§8§8§8§7§D§D§ld§x§8§0§9§9§D§8§ll§x§7§7§A§C§D§4§ly §x§6§7§D§0§C§A§lC§x§5§F§E§2§C§5§lr§x§6§7§D§0§C§A§la§x§6§F§B§E§C§F§lt§x§7§7§A§C§D§4§le §x§8§8§8§7§D§D§lK§x§9§0§7§5§E§2§le§x§9§8§6§3§E§7§ly form buy
[05:33:21] > Panda_Nooba added x5 §x§F§C§9§0§5§C§lE§x§E§6§9§C§6§B§lp§x§C§F§A§7§7§A§li§x§B§9§B§3§8§9§lc §x§8§C§C§B§A§7§lC§x§7§5§D§6§B§6§lr§x§5§F§E§2§C§5§la§x§7§9§D§4§B§4§lt§x§9§3§C§7§A§2§le §x§C§8§A§B§7§F§lK§x§E§2§9§E§6§E§le§x§F§C§9§0§5§C§ly in auction for 50000.
[05:49:31] > nachfaust buy x5 §x§F§C§9§0§5§C§lE§x§E§6§9§C§6§B§lp§x§C§F§A§7§7§A§li§x§B§9§B§3§8§9§lc §x§8§C§C§B§A§7§lC§x§7§5§D§6§B§6§lr§x§5§F§E§2§C§5§la§x§7§9§D§4§B§4§lt§x§9§3§C§7§A§2§le §x§C§8§A§B§7§F§lK§x§E§2§9§E§6§E§le§x§F§C§9§0§5§C§ly to Panda_Nooba for $50,000.
[05:49:40] > nachfaust remove x5 §x§F§C§9§0§5§C§lE§x§E§6§9§C§6§B§lp§x§C§F§A§7§7§A§li§x§B§9§B§3§8§9§lc §x§8§C§C§B§A§7§lC§x§7§5§D§6§B§6§lr§x§5§F§E§2§C§5§la§x§7§9§D§4§B§4§lt§x§9§3§C§7§A§2§le §x§C§8§A§B§7§F§lK§x§E§2§9§E§6§E§le§x§F§C§9§0§5§C§ly form buy
[06:20:00] > _BAAM added x1 §x§E§5§1§B§1§B§lDracula Battleaxe in auction for 200000.
[06:50:13] > anneyong added x1 §f§l§x§8§A§0§0§F§FS§x§9§9§0§0§D§Bh§x§A§8§0§0§B§6i§x§B§7§0§0§9§2n§x§C§6§0§0§6§De§x§D§5§0§0§4§9 §x§E§4§0§0§2§4O§x§F§3§0§0§0§0n§x§E§4§0§0§2§4i§x§D§5§0§0§4§9 §x§C§6§0§0§6§DS§x§B§7§0§0§9§2t§x§A§8§0§0§B§6a§x§9§9§0§0§D§Bf§x§8§A§0§0§F§Ff in auction for 2000000.
[06:50:30] > anneyong added x1 §f§l§x§8§A§0§0§F§FS§x§9§C§0§0§D§5h§x§A§D§0§0§A§Ai§x§B§F§0§0§8§0n§x§D§0§0§0§5§5e§x§E§2§0§0§2§B §x§F§3§0§0§0§0O§x§E§2§0§0§2§An§x§D§0§0§0§5§5i§x§B§F§0§0§8§0 §x§A§D§0§0§A§AB§x§9§C§0§0§D§5o§x§8§A§0§0§F§Fw in auction for 2000000.
[06:50:44] > anneyong added x1 §f§l§x§8§A§0§0§F§FS§x§9§9§0§0§D§Bh§x§A§8§0§0§B§6i§x§B§7§0§0§9§2n§x§C§6§0§0§6§De§x§D§5§0§0§4§9 §x§E§4§0§0§2§4O§x§F§3§0§0§0§0n§x§E§4§0§0§2§4i§x§D§5§0§0§4§9 §x§C§6§0§0§6§DS§x§B§7§0§0§9§2p§x§A§8§0§0§B§6e§x§9§9§0§0§D§Ba§x§8§A§0§0§F§Fr in auction for 2000000.
[06:51:03] > anneyong added x1 §f§l§x§8§A§0§0§F§FS§x§9§8§0§0§D§Dh§x§A§6§0§0§B§Bi§x§B§4§0§0§9§9n§x§C§2§0§0§7§7e§x§D§0§0§0§5§5 §x§D§E§0§0§3§3O§x§E§C§0§0§1§1ni§x§D§E§0§0§3§3 §x§D§0§0§0§5§5S§x§C§2§0§0§7§7h§x§B§4§0§0§9§9i§x§A§6§0§0§B§Be§x§9§8§0§0§D§Dl§x§8§A§0§0§F§Fd in auction for 500000.
[07:58:46] > giyahnpogi buy x64 Golden apple to Keeos for $150,000.
[07:59:12] > giyahnpogi remove x64 Golden apple from buy
[08:51:32] > auvicious added x1 Netherite upgrade smithing template in auction for 130000.
[08:52:27] > cart224 buy x1 §f§l§8B§x§6§6§6§6§6§6a§x§7§7§7§7§7§7h§x§8§8§8§8§8§8a§x§9§9§9§9§9§9m§7u§x§9§9§9§9§9§9t§x§8§8§8§8§8§8 §x§7§7§7§7§7§7K§x§6§6§6§6§6§6e§8y to Takeremu for $800,000.
[08:52:33] > cart224 remove x1 §f§l§8B§x§6§6§6§6§6§6a§x§7§7§7§7§7§7h§x§8§8§8§8§8§8a§x§9§9§9§9§9§9m§7u§x§9§9§9§9§9§9t§x§8§8§8§8§8§8 §x§7§7§7§7§7§7K§x§6§6§6§6§6§6e§8y from buy
[08:52:34] > cart224 remove x1 Enchanted book from buy
[08:53:08] > auvicious added x1 §x§E§5§1§B§1§B§lDracula Spear in auction for 287436.
[08:53:59] > Masterconde buy x1 Enchanted book to micailatot for $2,500.
[08:55:31] > Sthine8 remove x1 §x§F§F§5§5§0§0§lsᴇʟʟᴡᴀɴᴅ §6- 5.0x form storage
[08:55:31] > Sthine8 remove x3 Netherite upgrade smithing template form storage
[08:55:54] > Sthine8 added x1 §x§F§F§5§5§0§0§lsᴇʟʟᴡᴀɴᴅ §6- 5.0x in auction for 800000.
[08:56:11] > Sthine8 added x3 Netherite upgrade smithing template in auction for 150000.
[08:57:31] > auvicious added x1 Silence armor trim smithing template in auction for 135989.
[09:21:52] > auvicious remove x1 §fZombie Villager Plushie §6(#100/101) from storage
[09:22:24] > auvicious added x1 §x§E§5§1§B§1§B§lDracula Dagger in auction for 378869.
[09:24:37] > .JakeTheMiner457 remove x1 Music disc 13 from storage
[09:25:06] > .JakeTheMiner457 added x1 Netherite upgrade smithing template in auction for 50000.
[09:25:47] > .JakeTheMiner457 added x1 Sentry armor trim smithing template in auction for 30000.
[09:36:46] > .JakeTheMiner457 remove x1 Shulker box from storage
[09:36:59] > .JakeTheMiner457 remove x1 Shulker box from expire
[09:37:16] > .JakeTheMiner457 added x1 Shulker box in auction for 100000.
[09:40:26] > Keeos remove x1 §f§l§x§8§A§0§0§F§FS§x§9§9§0§0§D§Bh§x§A§8§0§0§B§6i§x§B§7§0§0§9§2n§x§C§6§0§0§6§De§x§D§5§0§0§4§9 §x§E§4§0§0§2§4O§x§F§3§0§0§0§0n§x§E§4§0§0§2§4i§x§D§5§0§0§4§9 §x§C§6§0§0§6§DS§x§B§7§0§0§9§2t§x§A§8§0§0§B§6a§x§9§9§0§0§D§Bf§x§8§A§0§0§F§Ff from storage
[09:40:28] > Keeos remove x1 §x§5§C§C§F§F§C§lC§x§5§C§D§1§F§5§lo§x§5§D§D§4§E§E§ls§x§5§D§D§6§E§7§lm§x§5§E§D§9§E§1§le§x§5§E§D§B§D§A§lt§x§5§E§D§D§D§3§li§x§5§F§E§0§C§C§lc §x§5§F§E§0§C§C§lH§x§5§E§D§D§D§3§la§x§5§E§D§B§D§A§lt§x§5§E§D§9§E§1§ls §x§5§D§D§4§E§E§lK§x§5§C§D§1§F§5§le§x§5§C§C§F§F§C§ly from storage
[09:40:28] > Keeos remove x34 Golden apple from storage
[09:40:29] > Keeos remove x34 Golden apple from storage
[09:40:39] > Keeos added x1 §f§l§x§8§A§0§0§F§FS§x§9§9§0§0§D§Bh§x§A§8§0§0§B§6i§x§B§7§0§0§9§2n§x§C§6§0§0§6§De§x§D§5§0§0§4§9 §x§E§4§0§0§2§4O§x§F§3§0§0§0§0n§x§E§4§0§0§2§4i§x§D§5§0§0§4§9 §x§C§6§0§0§6§DS§x§B§7§0§0§9§2t§x§A§8§0§0§B§6a§x§9§9§0§0§D§Bf§x§8§A§0§0§F§Ff in auction for 2500000.
[09:40:55] > Keeos added x1 §x§5§C§C§F§F§C§lC§x§5§C§D§1§F§5§lo§x§5§D§D§4§E§E§ls§x§5§D§D§6§E§7§lm§x§5§E§D§9§E§1§le§x§5§E§D§B§D§A§lt§x§5§E§D§D§D§3§li§x§5§F§E§0§C§C§lc §x§5§F§E§0§C§C§lH§x§5§E§D§D§D§3§la§x§5§E§D§B§D§A§lt§x§5§E§D§9§E§1§ls §x§5§D§D§4§E§E§lK§x§5§C§D§1§F§5§le§x§5§C§C§F§F§C§ly in auction for 30000.
[09:41:06] > Keeos added x64 Golden apple in auction for 150000.
[09:41:18] > Keeos added x64 Golden apple in auction for 150000.
[09:43:25] > .JakeTheMiner457 remove x1 §f§l§x§F§C§D§0§5§CW§x§F§A§A§2§4§8u§x§F§8§7§4§3§3k§x§F§6§4§5§1§Fo§x§F§4§1§7§0§Ang§x§F§6§4§5§1§F §x§F§8§7§4§3§3H§x§F§A§A§2§4§8o§x§F§C§D§0§5§Ce from storage
[09:43:40] > .JakeTheMiner457 remove x1 §f§l§x§F§C§D§0§5§CW§x§F§A§A§2§4§8u§x§F§8§7§4§3§3k§x§F§6§4§5§1§Fo§x§F§4§1§7§0§Ang§x§F§6§4§5§1§F §x§F§8§7§4§3§3H§x§F§A§A§2§4§8o§x§F§C§D§0§5§Ce from expire
[09:46:46] > .JakeTheMiner457 added x1 Netherite ingot in auction for 80000.
[09:55:06] > koshie remove x1 §9§lSquid Tentacle from buy
[09:55:07] > koshie remove x1 §x§F§F§5§5§0§0§lsᴇʟʟᴡᴀɴᴅ §6- 5.0x from buy
[09:55:07] > koshie remove x1 §x§F§F§5§5§0§0§lsᴇʟʟᴡᴀɴᴅ §6- 5.0x from buy
[09:55:08] > koshie remove x1 §x§F§F§5§5§0§0§lsᴇʟʟᴡᴀɴᴅ §6- 5.0x from buy
[09:55:08] > koshie remove x1 §x§F§F§5§5§0§0§lsᴇʟʟᴡᴀɴᴅ §6- 5.0x from buy
[09:55:09] > koshie remove x1 §x§F§F§5§5§0§0§lsᴇʟʟᴡᴀɴᴅ §6- 5.0x from buy
[10:13:28] > x2 §x§5§C§C§F§F§C§lC§x§5§C§D§1§F§5§lo§x§5§D§D§4§E§E§ls§x§5§D§D§6§E§7§lm§x§5§E§D§9§E§1§le§x§5§E§D§B§D§A§lt§x§5§E§D§D§D§3§li§x§5§F§E§0§C§C§lc §x§5§F§E§0§C§C§lH§x§5§E§D§D§D§3§la§x§5§E§D§B§D§A§lt§x§5§E§D§9§E§1§ls §x§5§D§D§4§E§E§lK§x§5§C§D§1§F§5§le§x§5§C§C§F§F§C§ly on sale by PrinceBGC has just expired, it goes in the inventory of expired items.
[10:20:49] > .Whatyusaay added x11 Breeze rod in auction for 40000.
[10:25:02] > warbuild69 added x5 §x§F§C§9§0§5§C§lE§x§E§6§9§C§6§B§lp§x§C§F§A§7§7§A§li§x§B§9§B§3§8§9§lc §x§8§C§C§B§A§7§lC§x§7§5§D§6§B§6§lr§x§5§F§E§2§C§5§la§x§7§9§D§4§B§4§lt§x§9§3§C§7§A§2§le §x§C§8§A§B§7§F§lK§x§E§2§9§E§6§E§le§x§F§C§9§0§5§C§ly in auction for 150000.
[10:27:09] > warbuild69 remove x5 §x§F§C§9§0§5§C§lE§x§E§6§9§C§6§B§lp§x§C§F§A§7§7§A§li§x§B§9§B§3§8§9§lc §x§8§C§C§B§A§7§lC§x§7§5§D§6§B§6§lr§x§5§F§E§2§C§5§la§x§7§9§D§4§B§4§lt§x§9§3§C§7§A§2§le §x§C§8§A§B§7§F§lK§x§E§2§9§E§6§E§le§x§F§C§9§0§5§C§ly from storage
[10:28:14] > warbuild69 remove x1 §x§5§C§C§F§F§C§lC§x§5§C§D§1§F§5§lo§x§5§D§D§4§E§E§ls§x§5§D§D§6§E§7§lm§x§5§E§D§9§E§1§le§x§5§E§D§B§D§A§lt§x§5§E§D§D§D§3§li§x§5§F§E§0§C§C§lc §x§5§F§E§0§C§C§lH§x§5§E§D§D§D§3§la§x§5§E§D§B§D§A§lt§x§5§E§D§9§E§1§ls §x§5§D§D§4§E§E§lK§x§5§C§D§1§F§5§le§x§5§C§C§F§F§C§ly from buy
[10:28:46] > x2 §x§5§C§C§F§F§C§lC§x§5§C§D§1§F§5§lo§x§5§D§D§4§E§E§ls§x§5§D§D§6§E§7§lm§x§5§E§D§9§E§1§le§x§5§E§D§B§D§A§lt§x§5§E§D§D§D§3§li§x§5§F§E§0§C§C§lc §x§5§F§E§0§C§C§lH§x§5§E§D§D§D§3§la§x§5§E§D§B§D§A§lt§x§5§E§D§9§E§1§ls §x§5§D§D§4§E§E§lK§x§5§C§D§1§F§5§le§x§5§C§C§F§F§C§ly, item of ItsKeyan, has just expired, the item is definitively deleted.
[10:28:47] > warbuild69 remove x5 §x§F§C§9§0§5§C§lE§x§E§6§9§C§6§B§lp§x§C§F§A§7§7§A§li§x§B§9§B§3§8§9§lc §x§8§C§C§B§A§7§lC§x§7§5§D§6§B§6§lr§x§5§F§E§2§C§5§la§x§7§9§D§4§B§4§lt§x§9§3§C§7§A§2§le §x§C§8§A§B§7§F§lK§x§E§2§9§E§6§E§le§x§F§C§9§0§5§C§ly from expire
[10:36:52] > warbuild69 buy x1 Netherite upgrade smithing template to .JakeTheMiner457 for $50,000.
[10:37:00] > warbuild69 remove x1 Netherite upgrade smithing template from buy
[10:47:31] > alecczzz remove x1 §f§l§8B§x§5§F§5§F§5§Fa§x§6§9§6§9§6§9h§x§7§3§7§3§7§3a§x§7§D§7§D§7§Dm§x§8§7§8§7§8§7u§x§9§1§9§1§9§1t§x§9§B§9§B§9§B §x§A§5§A§5§A§5Gr§x§9§B§9§B§9§Be§x§9§1§9§1§9§1a§x§8§7§8§7§8§7t§x§7§D§7§D§7§Ds§x§7§3§7§3§7§3w§x§6§9§6§9§6§9o§x§5§F§5§F§5§Fr§8d from storage
[11:04:03] > Fanatic buy x1 §x§F§F§7§C§0§0§lSteamsparks Spear to Callistrix for $150,000.
[11:04:19] > .Allxnzv buy x1 Sentry armor trim smithing template to .JakeTheMiner457 for $30,000.
[11:04:26] > x1 Enchanted book, bought by Takeremu, has just expired, the item is definitively deleted.
[11:04:26] > x1 Enchanted book, bought by PrinceBGC, has just expired, the item is definitively deleted.
[11:04:26] > x1 Enchanted book, bought by Takeremu, has just expired, the item is definitively deleted.
[11:04:29] > .Allxnzv remove x1 Sentry armor trim smithing template from buy
[11:04:31] > .Allxnzv remove x1 Trial key from buy
[11:04:46] > Fanatic remove x1 §x§F§F§7§C§0§0§lSteamsparks Spear from buy
[11:06:57] > Fogstrap remove x1 §f§l§8B§x§6§2§6§2§6§2a§x§6§F§6§F§6§Fh§x§7§C§7§C§7§Ca§x§8§9§8§9§8§9m§x§9§6§9§6§9§6u§x§A§3§A§3§A§3t §x§9§6§9§6§9§6D§x§8§9§8§9§8§9a§x§7§C§7§C§7§Cg§x§6§F§6§F§6§Fg§x§6§2§6§2§6§2e§8r from storage
[11:06:57] > Fogstrap remove x1 §f§l§8B§x§5§F§5§F§5§Fa§x§6§9§6§9§6§9h§x§7§3§7§3§7§3a§x§7§D§7§D§7§Dm§x§8§7§8§7§8§7u§x§9§1§9§1§9§1t§x§9§B§9§B§9§B §x§A§5§A§5§A§5Gr§x§9§B§9§B§9§Be§x§9§1§9§1§9§1a§x§8§7§8§7§8§7t§x§7§D§7§D§7§Ds§x§7§3§7§3§7§3w§x§6§9§6§9§6§9o§x§5§F§5§F§5§Fr§8d from storage
[11:07:12] > Fogstrap added x1 §f§l§8B§x§5§F§5§F§5§Fa§x§6§9§6§9§6§9h§x§7§3§7§3§7§3a§x§7§D§7§D§7§Dm§x§8§7§8§7§8§7u§x§9§1§9§1§9§1t§x§9§B§9§B§9§B §x§A§5§A§5§A§5Gr§x§9§B§9§B§9§Be§x§9§1§9§1§9§1a§x§8§7§8§7§8§7t§x§7§D§7§D§7§Ds§x§7§3§7§3§7§3w§x§6§9§6§9§6§9o§x§5§F§5§F§5§Fr§8d in auction for 350000.
[11:09:32] > Fogstrap added x1 §f§l§8B§x§6§2§6§2§6§2a§x§6§F§6§F§6§Fh§x§7§C§7§C§7§Ca§x§8§9§8§9§8§9m§x§9§6§9§6§9§6u§x§A§3§A§3§A§3t §x§9§6§9§6§9§6D§x§8§9§8§9§8§9a§x§7§C§7§C§7§Cg§x§6§F§6§F§6§Fg§x§6§2§6§2§6§2e§8r in auction for 350000.
[11:57:42] > nachfaust remove x24 Shulker shell from storage
[11:57:53] > nachfaust added x1 Potion in auction for 10000.