
[12:01:58] > x13 §x§F§C§D§0§5§C§lB§x§E§6§D§3§6§B§la§x§C§F§D§5§7§A§ls§x§B§9§D§8§8§9§li§x§A§2§D§A§9§8§lc §x§7§5§D§F§B§6§lC§x§5§F§E§2§C§5§lr§x§7§5§D§F§B§6§la§x§8§C§D§D§A§7§lt§x§A§2§D§A§9§8§le §x§C§F§D§5§7§A§lK§x§E§6§D§3§6§B§le§x§F§C§D§0§5§C§ly on sale by Puffingsponge has just expired, it goes in the inventory of expired items.
[12:01:58] > x1 §f§l§x§F§C§D§0§5§CW§x§F§A§A§2§4§8u§x§F§8§7§4§3§3k§x§F§6§4§5§1§Fo§x§F§4§1§7§0§Ang§x§F§6§4§5§1§F §x§F§8§7§4§3§3H§x§F§A§A§2§4§8o§x§F§C§D§0§5§Ce on sale by Pewpew has just expired, it goes in the inventory of expired items.
[12:01:58] > x1 §x§F§E§B§E§C§A§lSeason 3 Celebration Cake <3 on sale by Cristianndi has just expired, it goes in the inventory of expired items.
[12:01:58] > x1 §x§F§F§3§E§0§0§lD§x§F§F§3§5§0§0§le§x§F§F§2§C§0§0§lm§x§F§F§2§3§0§0§lo§x§F§F§1§B§0§0§ln §x§F§F§0§9§0§0§lL§x§F§F§0§0§0§0§lo§x§F§F§0§A§0§0§lr§x§F§F§1§5§0§0§ld §x§F§F§2§9§0§0§lH§x§F§F§3§4§0§0§lo§x§F§F§3§E§0§0§le on sale by Pewpew has just expired, it goes in the inventory of expired items.
[12:01:58] > x2 §x§5§C§C§F§F§C§lC§x§5§C§D§1§F§5§lo§x§5§D§D§4§E§E§ls§x§5§D§D§6§E§7§lm§x§5§E§D§9§E§1§le§x§5§E§D§B§D§A§lt§x§5§E§D§D§D§3§li§x§5§F§E§0§C§C§lc §x§5§F§E§0§C§C§lH§x§5§E§D§D§D§3§la§x§5§E§D§B§D§A§lt§x§5§E§D§9§E§1§ls §x§5§D§D§4§E§E§lK§x§5§C§D§1§F§5§le§x§5§C§C§F§F§C§ly on sale by Pewpew has just expired, it goes in the inventory of expired items.
[12:01:58] > x1 §9§lCrab Claw on sale by .SharkyisHungry has just expired, it goes in the inventory of expired items.
[12:01:58] > x1 §f§l§x§F§C§D§0§5§CW§x§F§A§A§A§4§Bu§x§F§9§8§4§3§Bk§x§F§7§5§F§2§Ao§x§F§5§3§9§1§9n§x§F§4§1§3§0§8g §x§F§5§3§9§1§9W§x§F§7§5§F§2§Ai§x§F§9§8§4§3§Bn§x§F§A§A§A§4§Bg§x§F§C§D§0§5§Cs on sale by Zypher_0w0 has just expired, it goes in the inventory of expired items.
[12:02:04] > Raylii buy x1 §x§F§F§5§5§0§0§lsᴇʟʟᴡᴀɴᴅ §6- 10.0x to Cooldoggiexd for $1,000,000.
[12:08:35] > Natanoo buy x64 Iron block to Seris00 for $22,400.
[12:11:56] > x1 §x§F§F§3§E§0§0§lD§x§F§F§3§7§0§0§le§x§F§F§3§0§0§0§lm§x§F§F§2§9§0§0§lo§x§F§F§2§2§0§0§ln §x§F§F§1§5§0§0§lL§x§F§F§0§E§0§0§lo§x§F§F§0§7§0§0§lr§x§F§F§0§0§0§0§ld §x§F§F§0§E§0§0§lF§x§F§F§1§5§0§0§lr§x§F§F§1§C§0§0§la§x§F§F§2§2§0§0§lg§x§F§F§2§9§0§0§lm§x§F§F§3§0§0§0§le§x§F§F§3§7§0§0§ln§x§F§F§3§E§0§0§lt, bought by HPMR_GaMerz, has just expired, the item is definitively deleted.
[12:12:46] > celinesanrio added x4 §x§C§9§A§7§F§C§lL§x§B§D§A§E§F§6§le§x§B§1§B§4§F§0§lg§x§A§6§B§B§E§A§le§x§9§A§C§1§E§4§ln§x§8§E§C§8§D§D§ld§x§8§2§C§E§D§7§la§x§7§7§D§5§D§1§lr§x§6§B§D§B§C§B§ly §x§6§B§D§B§C§B§lC§x§7§7§D§5§D§1§lr§x§8§2§C§E§D§7§la§x§8§E§C§8§D§D§lt§x§9§A§C§1§E§4§le §x§B§1§B§4§F§0§lK§x§B§D§A§E§F§6§le§x§C§9§A§7§F§C§ly in auction for 200000.
[12:13:10] > .Kenmbu remove x1 §x§F§2§C§6§D§E§lP§x§E§0§C§A§D§B§li§x§C§D§C§D§D§8§ln§x§B§B§D§1§D§5§la§x§A§9§D§4§D§2§lt§x§9§6§D§8§C§E§la §x§7§1§D§F§C§8§lC§x§5§F§E§2§C§5§lr§x§7§4§D§E§C§9§la§x§8§9§D§A§C§C§lt§x§9§E§D§6§D§0§le §x§C§8§C§E§D§7§lK§x§D§D§C§A§D§A§le§x§F§2§C§6§D§E§ly from storage
[12:13:11] > .Kenmbu remove x1 §x§F§2§C§6§D§E§lP§x§E§0§C§A§D§B§li§x§C§D§C§D§D§8§ln§x§B§B§D§1§D§5§la§x§A§9§D§4§D§2§lt§x§9§6§D§8§C§E§la §x§7§1§D§F§C§8§lC§x§5§F§E§2§C§5§lr§x§7§4§D§E§C§9§la§x§8§9§D§A§C§C§lt§x§9§E§D§6§D§0§le §x§C§8§C§E§D§7§lK§x§D§D§C§A§D§A§le§x§F§2§C§6§D§E§ly from storage
[12:13:43] > x1 §eᴡᴀʀᴅᴇɴ ꜱᴘᴀᴡɴᴇʀ, item of CeeJaiye, has just expired, the item is definitively deleted.
[12:13:43] > x1 §eɪʀᴏɴ ɢᴏʟᴇᴍ sᴘᴀᴡɴᴇʀ, item of koshie, has just expired, the item is definitively deleted.
[12:13:43] > x1 §esᴘɪᴅᴇʀ sᴘᴀᴡɴᴇʀ, item of CeeJaiye, has just expired, the item is definitively deleted.
[12:13:43] > x1 §eᴄᴏᴡ sᴘᴀᴡɴᴇʀ, item of CeeJaiye, has just expired, the item is definitively deleted.
[12:16:56] > celinesanrio added x9 §x§8§8§E§C§3§3§lV§x§8§2§E§B§4§8§lo§x§7§C§E§9§5§D§lt§x§7§6§E§8§7§2§le §x§6§B§E§5§9§B§lC§x§6§5§E§3§B§0§lr§x§5§F§E§2§C§5§la§x§6§6§E§4§A§D§lt§x§6§D§E§5§9§4§le §x§7§A§E§9§6§4§lK§x§8§1§E§A§4§B§le§x§8§8§E§C§3§3§ly in auction for 900000.
[12:17:40] > MrGh0st1y buy x9 §x§8§8§E§C§3§3§lV§x§8§2§E§B§4§8§lo§x§7§C§E§9§5§D§lt§x§7§6§E§8§7§2§le §x§6§B§E§5§9§B§lC§x§6§5§E§3§B§0§lr§x§5§F§E§2§C§5§la§x§6§6§E§4§A§D§lt§x§6§D§E§5§9§4§le §x§7§A§E§9§6§4§lK§x§8§1§E§A§4§B§le§x§8§8§E§C§3§3§ly to celinesanrio for $900,000.
[12:17:50] > celinesanrio remove x4 §x§C§9§A§7§F§C§lL§x§B§D§A§E§F§6§le§x§B§1§B§4§F§0§lg§x§A§6§B§B§E§A§le§x§9§A§C§1§E§4§ln§x§8§E§C§8§D§D§ld§x§8§2§C§E§D§7§la§x§7§7§D§5§D§1§lr§x§6§B§D§B§C§B§ly §x§6§B§D§B§C§B§lC§x§7§7§D§5§D§1§lr§x§8§2§C§E§D§7§la§x§8§E§C§8§D§D§lt§x§9§A§C§1§E§4§le §x§B§1§B§4§F§0§lK§x§B§D§A§E§F§6§le§x§C§9§A§7§F§C§ly from storage
[12:17:55] > celinesanrio added x4 §x§C§9§A§7§F§C§lL§x§B§D§A§E§F§6§le§x§B§1§B§4§F§0§lg§x§A§6§B§B§E§A§le§x§9§A§C§1§E§4§ln§x§8§E§C§8§D§D§ld§x§8§2§C§E§D§7§la§x§7§7§D§5§D§1§lr§x§6§B§D§B§C§B§ly §x§6§B§D§B§C§B§lC§x§7§7§D§5§D§1§lr§x§8§2§C§E§D§7§la§x§8§E§C§8§D§D§lt§x§9§A§C§1§E§4§le §x§B§1§B§4§F§0§lK§x§B§D§A§E§F§6§le§x§C§9§A§7§F§C§ly in auction for 100000.
[12:18:25] > Sezemi added x1 §x§F§F§5§5§0§0§lsᴇʟʟᴡᴀɴᴅ §6- 5.0x in auction for 350000.
[12:18:29] > celinesanrio buy x1 §x§F§F§5§5§0§0§lsᴇʟʟᴡᴀɴᴅ §6- 5.0x to Sezemi for $350,000.
[12:18:33] > celinesanrio remove x1 §x§F§F§5§5§0§0§lsᴇʟʟᴡᴀɴᴅ §6- 5.0x form buy
[12:18:38] > Cooldoggiexd added x1 §x§F§F§5§5§0§0§lsᴇʟʟᴡᴀɴᴅ §6- 5.0x in auction for 300000.
[12:18:39] > celinesanrio added x1 §x§F§F§5§5§0§0§lsᴇʟʟᴡᴀɴᴅ §6- 5.0x in auction for 450000.
[12:18:40] > Travis buy x1 §x§F§F§5§5§0§0§lsᴇʟʟᴡᴀɴᴅ §6- 5.0x to Fr4gzzz for $600,000.
[12:18:42] > MrGh0st1y remove x9 §x§8§8§E§C§3§3§lV§x§8§2§E§B§4§8§lo§x§7§C§E§9§5§D§lt§x§7§6§E§8§7§2§le §x§6§B§E§5§9§B§lC§x§6§5§E§3§B§0§lr§x§5§F§E§2§C§5§la§x§6§6§E§4§A§D§lt§x§6§D§E§5§9§4§le §x§7§A§E§9§6§4§lK§x§8§1§E§A§4§B§le§x§8§8§E§C§3§3§ly from buy
[12:18:42] > celinesanrio buy x1 §x§F§F§5§5§0§0§lsᴇʟʟᴡᴀɴᴅ §6- 5.0x to Cooldoggiexd for $300,000.
[12:18:45] > celinesanrio remove x1 §x§F§F§5§5§0§0§lsᴇʟʟᴡᴀɴᴅ §6- 5.0x form buy
[12:18:45] > king_ARK buy x1 §x§F§F§5§5§0§0§lsᴇʟʟᴡᴀɴᴅ §6- 5.0x to celinesanrio for $450,000.
[12:18:50] > celinesanrio added x1 §x§F§F§5§5§0§0§lsᴇʟʟᴡᴀɴᴅ §6- 5.0x in auction for 450000.
[12:18:50] > Cooldoggiexd added x1 §x§F§F§5§5§0§0§lsᴇʟʟᴡᴀɴᴅ §6- 5.0x in auction for 300000.
[12:18:53] > celinesanrio buy x1 §x§F§F§5§5§0§0§lsᴇʟʟᴡᴀɴᴅ §6- 5.0x to Cooldoggiexd for $300,000.
[12:18:56] > celinesanrio remove x1 §x§F§F§5§5§0§0§lsᴇʟʟᴡᴀɴᴅ §6- 5.0x form buy
[12:19:00] > Runz buy x1 §x§F§F§5§5§0§0§lsᴇʟʟᴡᴀɴᴅ §6- 5.0x to celinesanrio for $450,000.
[12:19:01] > celinesanrio added x1 §x§F§F§5§5§0§0§lsᴇʟʟᴡᴀɴᴅ §6- 5.0x in auction for 450000.
[12:19:05] > Cooldoggiexd added x1 §x§F§F§5§5§0§0§lsᴇʟʟᴡᴀɴᴅ §6- 10.0x in auction for 300000.
[12:19:08] > celinesanrio buy x1 §x§F§F§5§5§0§0§lsᴇʟʟᴡᴀɴᴅ §6- 10.0x to Cooldoggiexd for $300,000.
[12:19:09] > Runz buy x1 §x§F§F§5§5§0§0§lsᴇʟʟᴡᴀɴᴅ §6- 5.0x to celinesanrio for $450,000.
[12:19:11] > celinesanrio remove x1 §x§F§F§5§5§0§0§lsᴇʟʟᴡᴀɴᴅ §6- 10.0x form buy
[12:19:19] > Cooldoggiexd added x1 §x§F§F§5§5§0§0§lsᴇʟʟᴡᴀɴᴅ §6- 5.0x in auction for 300000.
[12:19:20] > Travis buy x1 §x§F§F§5§5§0§0§lsᴇʟʟᴡᴀɴᴅ §6- 5.0x to Cooldoggiexd for $300,000.
[12:19:37] > benben929 added x1 Nether star in auction for 200.
[12:19:40] > celinesanrio added x1 §x§F§F§5§5§0§0§lsᴇʟʟᴡᴀɴᴅ §6- 10.0x in auction for 900000.
[12:19:45] > Runz buy x1 §x§F§F§5§5§0§0§lsᴇʟʟᴡᴀɴᴅ §6- 10.0x to celinesanrio for $900,000.
[12:19:46] > kysicx buy x45 Iron block to MrZyrus7228 for $12,000.
[12:19:46] > Schminkipoo buy x1 Nether star to benben929 for $200.
[12:19:48] > kysicx buy x64 Iron block to Seris00 for $22,400.
[12:19:50] > kysicx buy x64 Iron block to Seris00 for $22,400.
[12:19:51] > kysicx buy x64 Iron block to Seris00 for $22,400.
[12:20:02] > Runz remove x1 §x§F§F§5§5§0§0§lsᴇʟʟᴡᴀɴᴅ §6- 10.0x from buy
[12:20:02] > Runz remove x1 §x§F§F§5§5§0§0§lsᴇʟʟᴡᴀɴᴅ §6- 5.0x from buy
[12:20:03] > Runz remove x1 §x§F§F§5§5§0§0§lsᴇʟʟᴡᴀɴᴅ §6- 5.0x from buy
[12:20:05] > kysicx remove x64 Iron block from buy
[12:20:05] > kysicx remove x64 Iron block from buy
[12:20:06] > kysicx remove x64 Iron block from buy
[12:20:06] > kysicx remove x45 Iron block from buy
[12:20:06] > celinesanrio remove x4 §x§C§9§A§7§F§C§lL§x§B§D§A§E§F§6§le§x§B§1§B§4§F§0§lg§x§A§6§B§B§E§A§le§x§9§A§C§1§E§4§ln§x§8§E§C§8§D§D§ld§x§8§2§C§E§D§7§la§x§7§7§D§5§D§1§lr§x§6§B§D§B§C§B§ly §x§6§B§D§B§C§B§lC§x§7§7§D§5§D§1§lr§x§8§2§C§E§D§7§la§x§8§E§C§8§D§D§lt§x§9§A§C§1§E§4§le §x§B§1§B§4§F§0§lK§x§B§D§A§E§F§6§le§x§C§9§A§7§F§C§ly form storage
[12:20:08] > Travis remove x1 §x§F§F§5§5§0§0§lsᴇʟʟᴡᴀɴᴅ §6- 5.0x from buy
[12:20:09] > Travis remove x1 §x§F§F§5§5§0§0§lsᴇʟʟᴡᴀɴᴅ §6- 5.0x from buy
[12:20:12] > celinesanrio added x4 §x§C§9§A§7§F§C§lL§x§B§D§A§E§F§6§le§x§B§1§B§4§F§0§lg§x§A§6§B§B§E§A§le§x§9§A§C§1§E§4§ln§x§8§E§C§8§D§D§ld§x§8§2§C§E§D§7§la§x§7§7§D§5§D§1§lr§x§6§B§D§B§C§B§ly §x§6§B§D§B§C§B§lC§x§7§7§D§5§D§1§lr§x§8§2§C§E§D§7§la§x§8§E§C§8§D§D§lt§x§9§A§C§1§E§4§le §x§B§1§B§4§F§0§lK§x§B§D§A§E§F§6§le§x§C§9§A§7§F§C§ly in auction for 100000.
[12:22:38] > x1 §fRaining Cloud Hat on sale by Ax_ has just expired, it goes in the inventory of expired items.
[12:22:38] > celinesanrio added x1 §x§F§2§C§6§D§E§lP§x§E§0§C§A§D§B§li§x§C§D§C§D§D§8§ln§x§B§B§D§1§D§5§la§x§A§9§D§4§D§2§lt§x§9§6§D§8§C§E§la §x§7§1§D§F§C§8§lC§x§5§F§E§2§C§5§lr§x§7§4§D§E§C§9§la§x§8§9§D§A§C§C§lt§x§9§E§D§6§D§0§le §x§C§8§C§E§D§7§lK§x§D§D§C§A§D§A§le§x§F§2§C§6§D§E§ly in auction for 150000.
[12:22:48] > celinesanrio remove x1 §x§F§2§C§6§D§E§lP§x§E§0§C§A§D§B§li§x§C§D§C§D§D§8§ln§x§B§B§D§1§D§5§la§x§A§9§D§4§D§2§lt§x§9§6§D§8§C§E§la §x§7§1§D§F§C§8§lC§x§5§F§E§2§C§5§lr§x§7§4§D§E§C§9§la§x§8§9§D§A§C§C§lt§x§9§E§D§6§D§0§le §x§C§8§C§E§D§7§lK§x§D§D§C§A§D§A§le§x§F§2§C§6§D§E§ly from storage
[12:22:48] > celinesanrio remove x4 §x§C§9§A§7§F§C§lL§x§B§D§A§E§F§6§le§x§B§1§B§4§F§0§lg§x§A§6§B§B§E§A§le§x§9§A§C§1§E§4§ln§x§8§E§C§8§D§D§ld§x§8§2§C§E§D§7§la§x§7§7§D§5§D§1§lr§x§6§B§D§B§C§B§ly §x§6§B§D§B§C§B§lC§x§7§7§D§5§D§1§lr§x§8§2§C§E§D§7§la§x§8§E§C§8§D§D§lt§x§9§A§C§1§E§4§le §x§B§1§B§4§F§0§lK§x§B§D§A§E§F§6§le§x§C§9§A§7§F§C§ly from storage
[12:22:52] > celinesanrio added x4 §x§C§9§A§7§F§C§lL§x§B§D§A§E§F§6§le§x§B§1§B§4§F§0§lg§x§A§6§B§B§E§A§le§x§9§A§C§1§E§4§ln§x§8§E§C§8§D§D§ld§x§8§2§C§E§D§7§la§x§7§7§D§5§D§1§lr§x§6§B§D§B§C§B§ly §x§6§B§D§B§C§B§lC§x§7§7§D§5§D§1§lr§x§8§2§C§E§D§7§la§x§8§E§C§8§D§D§lt§x§9§A§C§1§E§4§le §x§B§1§B§4§F§0§lK§x§B§D§A§E§F§6§le§x§C§9§A§7§F§C§ly in auction for 100000.
[12:23:54] > .Kenku1001 added x2 §x§3§1§3§7§F§F§lS§x§3§7§4§C§F§8§lp§x§3§D§6§2§F§1§la§x§4§2§7§7§E§9§lw§x§4§8§8§D§E§2§ln§x§4§E§A§2§D§B§le§x§5§4§B§7§D§4§lr §x§5§F§E§2§C§5§lC§x§5§9§C§D§C§C§lr§x§5§4§B§7§D§4§la§x§4§E§A§2§D§B§lt§x§4§8§8§D§E§2§le §x§3§D§6§2§F§1§lK§x§3§7§4§C§F§8§le§x§3§1§3§7§F§F§ly in auction for 800000.
[12:24:10] > Runz buy x4 §x§C§9§A§7§F§C§lL§x§B§D§A§E§F§6§le§x§B§1§B§4§F§0§lg§x§A§6§B§B§E§A§le§x§9§A§C§1§E§4§ln§x§8§E§C§8§D§D§ld§x§8§2§C§E§D§7§la§x§7§7§D§5§D§1§lr§x§6§B§D§B§C§B§ly §x§6§B§D§B§C§B§lC§x§7§7§D§5§D§1§lr§x§8§2§C§E§D§7§la§x§8§E§C§8§D§D§lt§x§9§A§C§1§E§4§le §x§B§1§B§4§F§0§lK§x§B§D§A§E§F§6§le§x§C§9§A§7§F§C§ly to celinesanrio for $100,000.
[12:24:12] > giyahnpogi added x3 §x§F§F§3§E§0§0§lD§x§F§F§3§7§0§0§le§x§F§F§3§0§0§0§lm§x§F§F§2§9§0§0§lo§x§F§F§2§2§0§0§ln §x§F§F§1§5§0§0§lL§x§F§F§0§E§0§0§lo§x§F§F§0§7§0§0§lr§x§F§F§0§0§0§0§ld §x§F§F§0§E§0§0§lF§x§F§F§1§5§0§0§lr§x§F§F§1§C§0§0§la§x§F§F§2§2§0§0§lg§x§F§F§2§9§0§0§lm§x§F§F§3§0§0§0§le§x§F§F§3§7§0§0§ln§x§F§F§3§E§0§0§lt in auction for 300000.
[12:24:28] > tic_sz buy x3 §x§F§F§3§E§0§0§lD§x§F§F§3§7§0§0§le§x§F§F§3§0§0§0§lm§x§F§F§2§9§0§0§lo§x§F§F§2§2§0§0§ln §x§F§F§1§5§0§0§lL§x§F§F§0§E§0§0§lo§x§F§F§0§7§0§0§lr§x§F§F§0§0§0§0§ld §x§F§F§0§E§0§0§lF§x§F§F§1§5§0§0§lr§x§F§F§1§C§0§0§la§x§F§F§2§2§0§0§lg§x§F§F§2§9§0§0§lm§x§F§F§3§0§0§0§le§x§F§F§3§7§0§0§ln§x§F§F§3§E§0§0§lt to giyahnpogi for $300,000.
[12:24:35] > celinesanrio added x1 §x§5§C§C§F§F§C§lC§x§5§C§D§1§F§5§lo§x§5§D§D§4§E§E§ls§x§5§D§D§6§E§7§lm§x§5§E§D§9§E§1§le§x§5§E§D§B§D§A§lt§x§5§E§D§D§D§3§li§x§5§F§E§0§C§C§lc §x§5§F§E§0§C§C§lH§x§5§E§D§D§D§3§la§x§5§E§D§B§D§A§lt§x§5§E§D§9§E§1§ls §x§5§D§D§4§E§E§lK§x§5§C§D§1§F§5§le§x§5§C§C§F§F§C§ly in auction for 100000.
[12:24:41] > tic_sz remove x3 §x§F§F§3§E§0§0§lD§x§F§F§3§7§0§0§le§x§F§F§3§0§0§0§lm§x§F§F§2§9§0§0§lo§x§F§F§2§2§0§0§ln §x§F§F§1§5§0§0§lL§x§F§F§0§E§0§0§lo§x§F§F§0§7§0§0§lr§x§F§F§0§0§0§0§ld §x§F§F§0§E§0§0§lF§x§F§F§1§5§0§0§lr§x§F§F§1§C§0§0§la§x§F§F§2§2§0§0§lg§x§F§F§2§9§0§0§lm§x§F§F§3§0§0§0§le§x§F§F§3§7§0§0§ln§x§F§F§3§E§0§0§lt from buy
[12:24:53] > omikiyomi buy x1 §x§5§C§C§F§F§C§lC§x§5§C§D§1§F§5§lo§x§5§D§D§4§E§E§ls§x§5§D§D§6§E§7§lm§x§5§E§D§9§E§1§le§x§5§E§D§B§D§A§lt§x§5§E§D§D§D§3§li§x§5§F§E§0§C§C§lc §x§5§F§E§0§C§C§lH§x§5§E§D§D§D§3§la§x§5§E§D§B§D§A§lt§x§5§E§D§9§E§1§ls §x§5§D§D§4§E§E§lK§x§5§C§D§1§F§5§le§x§5§C§C§F§F§C§ly to SP3CC_ for $100,000.
[12:25:29] > Sngel25 added x1 §x§5§C§C§F§F§C§lC§x§5§C§D§1§F§5§lo§x§5§D§D§4§E§E§ls§x§5§D§D§6§E§7§lm§x§5§E§D§9§E§1§le§x§5§E§D§B§D§A§lt§x§5§E§D§D§D§3§li§x§5§F§E§0§C§C§lc §x§5§F§E§0§C§C§lH§x§5§E§D§D§D§3§la§x§5§E§D§B§D§A§lt§x§5§E§D§9§E§1§ls §x§5§D§D§4§E§E§lK§x§5§C§D§1§F§5§le§x§5§C§C§F§F§C§ly in auction for 10.
[12:25:37] > celinesanrio buy x1 §x§5§C§C§F§F§C§lC§x§5§C§D§1§F§5§lo§x§5§D§D§4§E§E§ls§x§5§D§D§6§E§7§lm§x§5§E§D§9§E§1§le§x§5§E§D§B§D§A§lt§x§5§E§D§D§D§3§li§x§5§F§E§0§C§C§lc §x§5§F§E§0§C§C§lH§x§5§E§D§D§D§3§la§x§5§E§D§B§D§A§lt§x§5§E§D§9§E§1§ls §x§5§D§D§4§E§E§lK§x§5§C§D§1§F§5§le§x§5§C§C§F§F§C§ly to Sngel25 for $10.
[12:25:41] > celinesanrio remove x1 §x§5§C§C§F§F§C§lC§x§5§C§D§1§F§5§lo§x§5§D§D§4§E§E§ls§x§5§D§D§6§E§7§lm§x§5§E§D§9§E§1§le§x§5§E§D§B§D§A§lt§x§5§E§D§D§D§3§li§x§5§F§E§0§C§C§lc §x§5§F§E§0§C§C§lH§x§5§E§D§D§D§3§la§x§5§E§D§B§D§A§lt§x§5§E§D§9§E§1§ls §x§5§D§D§4§E§E§lK§x§5§C§D§1§F§5§le§x§5§C§C§F§F§C§ly form buy
[12:26:13] > celinesanrio added x1 §x§F§F§5§5§0§0§lsᴇʟʟᴡᴀɴᴅ §6- 10.0x in auction for 950000.
[12:26:22] > Travis buy x1 §x§F§F§5§5§0§0§lsᴇʟʟᴡᴀɴᴅ §6- 10.0x to celinesanrio for $950,000.
[12:26:24] > celinesanrio added x1 §x§5§C§C§F§F§C§lC§x§5§C§D§1§F§5§lo§x§5§D§D§4§E§E§ls§x§5§D§D§6§E§7§lm§x§5§E§D§9§E§1§le§x§5§E§D§B§D§A§lt§x§5§E§D§D§D§3§li§x§5§F§E§0§C§C§lc §x§5§F§E§0§C§C§lH§x§5§E§D§D§D§3§la§x§5§E§D§B§D§A§lt§x§5§E§D§9§E§1§ls §x§5§D§D§4§E§E§lK§x§5§C§D§1§F§5§le§x§5§C§C§F§F§C§ly in auction for 100000.
[12:26:29] > celinesanrio remove x1 §x§5§C§C§F§F§C§lC§x§5§C§D§1§F§5§lo§x§5§D§D§4§E§E§ls§x§5§D§D§6§E§7§lm§x§5§E§D§9§E§1§le§x§5§E§D§B§D§A§lt§x§5§E§D§D§D§3§li§x§5§F§E§0§C§C§lc §x§5§F§E§0§C§C§lH§x§5§E§D§D§D§3§la§x§5§E§D§B§D§A§lt§x§5§E§D§9§E§1§ls §x§5§D§D§4§E§E§lK§x§5§C§D§1§F§5§le§x§5§C§C§F§F§C§ly from storage
[12:26:30] > celinesanrio remove x1 §x§5§C§C§F§F§C§lC§x§5§C§D§1§F§5§lo§x§5§D§D§4§E§E§ls§x§5§D§D§6§E§7§lm§x§5§E§D§9§E§1§le§x§5§E§D§B§D§A§lt§x§5§E§D§D§D§3§li§x§5§F§E§0§C§C§lc §x§5§F§E§0§C§C§lH§x§5§E§D§D§D§3§la§x§5§E§D§B§D§A§lt§x§5§E§D§9§E§1§ls §x§5§D§D§4§E§E§lK§x§5§C§D§1§F§5§le§x§5§C§C§F§F§C§ly from storage
[12:26:35] > celinesanrio added x2 §x§5§C§C§F§F§C§lC§x§5§C§D§1§F§5§lo§x§5§D§D§4§E§E§ls§x§5§D§D§6§E§7§lm§x§5§E§D§9§E§1§le§x§5§E§D§B§D§A§lt§x§5§E§D§D§D§3§li§x§5§F§E§0§C§C§lc §x§5§F§E§0§C§C§lH§x§5§E§D§D§D§3§la§x§5§E§D§B§D§A§lt§x§5§E§D§9§E§1§ls §x§5§D§D§4§E§E§lK§x§5§C§D§1§F§5§le§x§5§C§C§F§F§C§ly in auction for 100000.
[12:27:00] > omikiyomi buy x2 §x§5§C§C§F§F§C§lC§x§5§C§D§1§F§5§lo§x§5§D§D§4§E§E§ls§x§5§D§D§6§E§7§lm§x§5§E§D§9§E§1§le§x§5§E§D§B§D§A§lt§x§5§E§D§D§D§3§li§x§5§F§E§0§C§C§lc §x§5§F§E§0§C§C§lH§x§5§E§D§D§D§3§la§x§5§E§D§B§D§A§lt§x§5§E§D§9§E§1§ls §x§5§D§D§4§E§E§lK§x§5§C§D§1§F§5§le§x§5§C§C§F§F§C§ly to Sezemi for $80,000.
[12:27:13] > omikiyomi remove x2 §x§5§C§C§F§F§C§lC§x§5§C§D§1§F§5§lo§x§5§D§D§4§E§E§ls§x§5§D§D§6§E§7§lm§x§5§E§D§9§E§1§le§x§5§E§D§B§D§A§lt§x§5§E§D§D§D§3§li§x§5§F§E§0§C§C§lc §x§5§F§E§0§C§C§lH§x§5§E§D§D§D§3§la§x§5§E§D§B§D§A§lt§x§5§E§D§9§E§1§ls §x§5§D§D§4§E§E§lK§x§5§C§D§1§F§5§le§x§5§C§C§F§F§C§ly from buy
[12:27:15] > omikiyomi remove x1 §x§5§C§C§F§F§C§lC§x§5§C§D§1§F§5§lo§x§5§D§D§4§E§E§ls§x§5§D§D§6§E§7§lm§x§5§E§D§9§E§1§le§x§5§E§D§B§D§A§lt§x§5§E§D§D§D§3§li§x§5§F§E§0§C§C§lc §x§5§F§E§0§C§C§lH§x§5§E§D§D§D§3§la§x§5§E§D§B§D§A§lt§x§5§E§D§9§E§1§ls §x§5§D§D§4§E§E§lK§x§5§C§D§1§F§5§le§x§5§C§C§F§F§C§ly from buy
[12:27:44] > Travis remove x1 §x§F§F§5§5§0§0§lsᴇʟʟᴡᴀɴᴅ §6- 10.0x from buy
[12:27:48] > tic_sz added x13 Pufferfish in auction for 10.
[12:30:46] > kji added x1 §x§F§F§3§E§0§0§lD§x§F§F§3§6§0§0§le§x§F§F§2§F§0§0§lm§x§F§F§2§7§0§0§lo§x§F§F§1§F§0§0§ln §x§F§F§1§0§0§0§lL§x§F§F§0§8§0§0§lo§x§F§F§0§0§0§0§lr§x§F§F§0§9§0§0§ld §x§F§F§1§B§0§0§lS§x§F§F§2§3§0§0§lt§x§F§F§2§C§0§0§la§x§F§F§3§5§0§0§lf§x§F§F§3§E§0§0§lf in auction for 200000.
[12:32:30] > kysicx buy x2 buy one, get one 50 off to OoferGamezYT for $150,000.
[12:32:34] > kysicx buy x1 Nether star to NollictheNoob for $100,000.
[12:32:48] > kysicx buy x2 Nether star to OoferGamezYT for $200,000.
[12:33:00] > kysicx remove x2 Nether star from buy
[12:33:00] > kysicx remove x1 Nether star from buy
[12:33:01] > kysicx remove x2 buy one, get one 50 off from buy
[12:45:24] > sukiyoriee added x1 §x§F§F§3§E§0§0§lD§x§F§F§3§6§0§0§le§x§F§F§2§F§0§0§lm§x§F§F§2§7§0§0§lo§x§F§F§1§F§0§0§ln §x§F§F§1§0§0§0§lL§x§F§F§0§8§0§0§lo§x§F§F§0§0§0§0§lr§x§F§F§0§8§0§0§ld §x§F§F§1§7§0§0§lS§x§F§F§1§F§0§0§lh§x§F§F§2§7§0§0§lo§x§F§F§2§F§0§0§lv§x§F§F§3§6§0§0§le§x§F§F§3§E§0§0§ll in auction for 100000.
[12:48:25] > x1 §x§5§C§C§F§F§C§lC§x§5§C§D§1§F§5§lo§x§5§D§D§4§E§E§ls§x§5§D§D§6§E§7§lm§x§5§E§D§9§E§1§le§x§5§E§D§B§D§A§lt§x§5§E§D§D§D§3§li§x§5§F§E§0§C§C§lc §x§5§F§E§0§C§C§lH§x§5§E§D§D§D§3§la§x§5§E§D§B§D§A§lt§x§5§E§D§9§E§1§ls §x§5§D§D§4§E§E§lK§x§5§C§D§1§F§5§le§x§5§C§C§F§F§C§ly on sale by Kei4u has just expired, it goes in the inventory of expired items.
[12:49:49] > Akiesha buy x1 §fGarden Hat to MrGh0st1y for $10,000.
[12:50:20] > Akiesha remove x1 §fGarden Hat from buy
[12:52:27] > sukiyoriee buy x1 §x§F§F§7§C§0§0§lSteamsparks Chestplate to Seris00 for $150,000.
[12:52:37] > sukiyoriee remove x1 §x§F§F§7§C§0§0§lSteamsparks Chestplate from buy
[12:54:27] > x1 §x§F§F§3§E§0§0§lD§x§F§F§3§7§0§0§le§x§F§F§3§0§0§0§lm§x§F§F§2§9§0§0§lo§x§F§F§2§2§0§0§ln §x§F§F§1§5§0§0§lL§x§F§F§0§E§0§0§lo§x§F§F§0§7§0§0§lr§x§F§F§0§0§0§0§ld §x§F§F§0§E§0§0§lC§x§F§F§1§5§0§0§lr§x§F§F§1§C§0§0§lo§x§F§F§2§2§0§0§ls§x§F§F§2§9§0§0§ls§x§F§F§3§0§0§0§lb§x§F§F§3§7§0§0§lo§x§F§F§3§E§0§0§lw on sale by khenjieMC has just expired, it goes in the inventory of expired items.
[13:03:07] > giyahnpogi remove x1 Nether star from buy
[13:10:45] > x1 §x§F§F§3§E§0§0§lD§x§F§F§3§6§0§0§le§x§F§F§2§F§0§0§lm§x§F§F§2§7§0§0§lo§x§F§F§1§F§0§0§ln §x§F§F§1§0§0§0§lL§x§F§F§0§8§0§0§lo§x§F§F§0§0§0§0§lr§x§F§F§0§9§0§0§ld §x§F§F§1§B§0§0§lS§x§F§F§2§3§0§0§lt§x§F§F§2§C§0§0§la§x§F§F§3§5§0§0§lf§x§F§F§3§E§0§0§lf on sale by zenithxacion has just expired, it goes in the inventory of expired items.
[13:10:45] > MrGh0st1y added x1 §x§F§F§3§E§0§0§lD§x§F§F§3§6§0§0§le§x§F§F§2§F§0§0§lm§x§F§F§2§7§0§0§lo§x§F§F§1§F§0§0§ln §x§F§F§1§0§0§0§lL§x§F§F§0§8§0§0§lo§x§F§F§0§0§0§0§lr§x§F§F§0§8§0§0§ld §x§F§F§1§7§0§0§lS§x§F§F§1§F§0§0§li§x§F§F§2§7§0§0§lc§x§F§F§2§F§0§0§lk§x§F§F§3§6§0§0§ll§x§F§F§3§E§0§0§le in auction for 50000.
[13:10:50] > king_ARK buy x1 §x§F§F§3§E§0§0§lD§x§F§F§3§6§0§0§le§x§F§F§2§F§0§0§lm§x§F§F§2§7§0§0§lo§x§F§F§1§F§0§0§ln §x§F§F§1§0§0§0§lL§x§F§F§0§8§0§0§lo§x§F§F§0§0§0§0§lr§x§F§F§0§8§0§0§ld §x§F§F§1§7§0§0§lS§x§F§F§1§F§0§0§li§x§F§F§2§7§0§0§lc§x§F§F§2§F§0§0§lk§x§F§F§3§6§0§0§ll§x§F§F§3§E§0§0§le to MrGh0st1y for $50,000.
[13:10:59] > MrGh0st1y added x1 §x§F§F§3§E§0§0§lD§x§F§F§3§6§0§0§le§x§F§F§2§F§0§0§lm§x§F§F§2§7§0§0§lo§x§F§F§1§F§0§0§ln §x§F§F§1§0§0§0§lL§x§F§F§0§8§0§0§lo§x§F§F§0§0§0§0§lr§x§F§F§0§8§0§0§ld §x§F§F§1§7§0§0§lS§x§F§F§1§F§0§0§li§x§F§F§2§7§0§0§lc§x§F§F§2§F§0§0§lk§x§F§F§3§6§0§0§ll§x§F§F§3§E§0§0§le in auction for 50000.
[13:12:04] > benben929 buy x1 Diamond axe to ELITEW4RRIOR for $1,000.
[13:13:02] > benben929 buy x1 Diamond chestplate to MrZyrus7228 for $5,000.
[13:13:18] > benben929 buy x1 §f§l§x§F§C§D§0§5§CW§x§F§A§A§A§4§Bu§x§F§9§8§4§3§Bk§x§F§7§5§F§2§Ao§x§F§5§3§9§1§9n§x§F§4§1§3§0§8g §x§F§5§3§9§1§9S§x§F§7§5§F§2§Ap§x§F§9§8§4§3§Be§x§F§A§A§A§4§Ba§x§F§C§D§0§5§Cr to Unforce01 for $150,000.
[13:13:23] > benben929 remove x1 Diamond axe from buy
[13:13:24] > benben929 remove x1 Diamond chestplate from buy
[13:13:39] > .SharkyisHungry remove x1 FRIED CHICKEN WINGS OF KFC from storage
[13:16:32] > x1 §x§F§F§7§C§0§0§lSteamsparks Hat, item of tyrunknown, has just expired, the item is definitively deleted.
[13:16:34] > Padjibarr remove x1 §f§l§x§F§A§0§0§0§AD§x§F§A§1§E§1§6a§x§F§B§3§B§2§1r§x§F§B§5§9§2§Dk§x§F§B§7§7§3§9f§x§F§B§9§5§4§5l§x§F§C§B§2§5§0a§x§F§C§D§0§5§Cm§x§F§C§D§0§5§Ce§x§F§C§B§2§5§0 §x§F§B§9§5§4§5H§x§F§B§7§7§3§9e§x§F§B§5§9§2§Dl§x§F§B§3§B§2§1m§x§F§A§1§E§1§6e§x§F§A§0§0§0§At from expire
[13:20:11] > benben929 added x1 Nether star in auction for 20000.
[13:21:45] > Palietass buy x1 Nether star to benben929 for $20,000.
[13:28:42] > Sngel25 remove x2 Netherite upgrade smithing template from buy
[13:37:14] > Palietass remove x1 Nether star from buy
[13:53:22] > x1 REDSTONE IN ACEHARDWARE on sale by giyahnpogi has just expired, it goes in the inventory of expired items.
[13:53:22] > x1 New Stock at AceHardware on sale by giyahnpogi has just expired, it goes in the inventory of expired items.
[13:53:22] > x1 /pwarps warp AceHardware on sale by giyahnpogi has just expired, it goes in the inventory of expired items.
[13:58:37] > .SharkyisHungry added x1 §3§lDolphin Tail in auction for 125000.
[13:59:24] > .EqualNitrogen buy x13 Pufferfish to tic_sz for $10.
[13:59:53] > Fuwazi added x1 §x§8§8§E§C§3§3§lV§x§8§2§E§B§4§8§lo§x§7§C§E§9§5§D§lt§x§7§6§E§8§7§2§le §x§6§B§E§5§9§B§lC§x§6§5§E§3§B§0§lr§x§5§F§E§2§C§5§la§x§6§6§E§4§A§D§lt§x§6§D§E§5§9§4§le §x§7§A§E§9§6§4§lK§x§8§1§E§A§4§B§le§x§8§8§E§C§3§3§ly in auction for 10.
[13:59:56] > koshie buy x1 §x§8§8§E§C§3§3§lV§x§8§2§E§B§4§8§lo§x§7§C§E§9§5§D§lt§x§7§6§E§8§7§2§le §x§6§B§E§5§9§B§lC§x§6§5§E§3§B§0§lr§x§5§F§E§2§C§5§la§x§6§6§E§4§A§D§lt§x§6§D§E§5§9§4§le §x§7§A§E§9§6§4§lK§x§8§1§E§A§4§B§le§x§8§8§E§C§3§3§ly to Fuwazi for $10.
[14:00:06] > Fuwazi added x1 §x§8§8§E§C§3§3§lV§x§8§2§E§B§4§8§lo§x§7§C§E§9§5§D§lt§x§7§6§E§8§7§2§le §x§6§B§E§5§9§B§lC§x§6§5§E§3§B§0§lr§x§5§F§E§2§C§5§la§x§6§6§E§4§A§D§lt§x§6§D§E§5§9§4§le §x§7§A§E§9§6§4§lK§x§8§1§E§A§4§B§le§x§8§8§E§C§3§3§ly in auction for 10.
[14:00:09] > HPMR_GaMerz buy x1 §x§8§8§E§C§3§3§lV§x§8§2§E§B§4§8§lo§x§7§C§E§9§5§D§lt§x§7§6§E§8§7§2§le §x§6§B§E§5§9§B§lC§x§6§5§E§3§B§0§lr§x§5§F§E§2§C§5§la§x§6§6§E§4§A§D§lt§x§6§D§E§5§9§4§le §x§7§A§E§9§6§4§lK§x§8§1§E§A§4§B§le§x§8§8§E§C§3§3§ly to Fuwazi for $10.
[14:00:17] > HPMR_GaMerz buy x64 Sugar cane to namerikangel for $4,800.
[14:00:18] > Fuwazi added x1 §x§8§8§E§C§3§3§lV§x§8§2§E§B§4§8§lo§x§7§C§E§9§5§D§lt§x§7§6§E§8§7§2§le §x§6§B§E§5§9§B§lC§x§6§5§E§3§B§0§lr§x§5§F§E§2§C§5§la§x§6§6§E§4§A§D§lt§x§6§D§E§5§9§4§le §x§7§A§E§9§6§4§lK§x§8§1§E§A§4§B§le§x§8§8§E§C§3§3§ly in auction for 10.
[14:00:19] > koshie buy x1 §x§8§8§E§C§3§3§lV§x§8§2§E§B§4§8§lo§x§7§C§E§9§5§D§lt§x§7§6§E§8§7§2§le §x§6§B§E§5§9§B§lC§x§6§5§E§3§B§0§lr§x§5§F§E§2§C§5§la§x§6§6§E§4§A§D§lt§x§6§D§E§5§9§4§le §x§7§A§E§9§6§4§lK§x§8§1§E§A§4§B§le§x§8§8§E§C§3§3§ly to Fuwazi for $10.
[14:00:28] > Fuwazi added x1 §x§8§8§E§C§3§3§lV§x§8§2§E§B§4§8§lo§x§7§C§E§9§5§D§lt§x§7§6§E§8§7§2§le §x§6§B§E§5§9§B§lC§x§6§5§E§3§B§0§lr§x§5§F§E§2§C§5§la§x§6§6§E§4§A§D§lt§x§6§D§E§5§9§4§le §x§7§A§E§9§6§4§lK§x§8§1§E§A§4§B§le§x§8§8§E§C§3§3§ly in auction for 10.
[14:00:30] > HPMR_GaMerz buy x1 §x§8§8§E§C§3§3§lV§x§8§2§E§B§4§8§lo§x§7§C§E§9§5§D§lt§x§7§6§E§8§7§2§le §x§6§B§E§5§9§B§lC§x§6§5§E§3§B§0§lr§x§5§F§E§2§C§5§la§x§6§6§E§4§A§D§lt§x§6§D§E§5§9§4§le §x§7§A§E§9§6§4§lK§x§8§1§E§A§4§B§le§x§8§8§E§C§3§3§ly to Fuwazi for $10.
[14:00:39] > Fuwazi added x1 §x§8§8§E§C§3§3§lV§x§8§2§E§B§4§8§lo§x§7§C§E§9§5§D§lt§x§7§6§E§8§7§2§le §x§6§B§E§5§9§B§lC§x§6§5§E§3§B§0§lr§x§5§F§E§2§C§5§la§x§6§6§E§4§A§D§lt§x§6§D§E§5§9§4§le §x§7§A§E§9§6§4§lK§x§8§1§E§A§4§B§le§x§8§8§E§C§3§3§ly in auction for 10.
[14:00:41] > koshie buy x1 §x§8§8§E§C§3§3§lV§x§8§2§E§B§4§8§lo§x§7§C§E§9§5§D§lt§x§7§6§E§8§7§2§le §x§6§B§E§5§9§B§lC§x§6§5§E§3§B§0§lr§x§5§F§E§2§C§5§la§x§6§6§E§4§A§D§lt§x§6§D§E§5§9§4§le §x§7§A§E§9§6§4§lK§x§8§1§E§A§4§B§le§x§8§8§E§C§3§3§ly to Fuwazi for $10.
[14:00:52] > Fuwazi added x1 §x§8§8§E§C§3§3§lV§x§8§2§E§B§4§8§lo§x§7§C§E§9§5§D§lt§x§7§6§E§8§7§2§le §x§6§B§E§5§9§B§lC§x§6§5§E§3§B§0§lr§x§5§F§E§2§C§5§la§x§6§6§E§4§A§D§lt§x§6§D§E§5§9§4§le §x§7§A§E§9§6§4§lK§x§8§1§E§A§4§B§le§x§8§8§E§C§3§3§ly in auction for 10.
[14:00:54] > king_ARK buy x1 §x§8§8§E§C§3§3§lV§x§8§2§E§B§4§8§lo§x§7§C§E§9§5§D§lt§x§7§6§E§8§7§2§le §x§6§B§E§5§9§B§lC§x§6§5§E§3§B§0§lr§x§5§F§E§2§C§5§la§x§6§6§E§4§A§D§lt§x§6§D§E§5§9§4§le §x§7§A§E§9§6§4§lK§x§8§1§E§A§4§B§le§x§8§8§E§C§3§3§ly to Fuwazi for $10.
[14:01:01] > .EqualNitrogen buy x1 Diamond chestplate to ELITEW4RRIOR for $1,500.
[14:01:03] > Fuwazi added x1 §x§8§8§E§C§3§3§lV§x§8§2§E§B§4§8§lo§x§7§C§E§9§5§D§lt§x§7§6§E§8§7§2§le §x§6§B§E§5§9§B§lC§x§6§5§E§3§B§0§lr§x§5§F§E§2§C§5§la§x§6§6§E§4§A§D§lt§x§6§D§E§5§9§4§le §x§7§A§E§9§6§4§lK§x§8§1§E§A§4§B§le§x§8§8§E§C§3§3§ly in auction for 10.
[14:01:04] > Sezemi buy x1 §x§8§8§E§C§3§3§lV§x§8§2§E§B§4§8§lo§x§7§C§E§9§5§D§lt§x§7§6§E§8§7§2§le §x§6§B§E§5§9§B§lC§x§6§5§E§3§B§0§lr§x§5§F§E§2§C§5§la§x§6§6§E§4§A§D§lt§x§6§D§E§5§9§4§le §x§7§A§E§9§6§4§lK§x§8§1§E§A§4§B§le§x§8§8§E§C§3§3§ly to Fuwazi for $10.
[14:01:24] > Fuwazi added x1 §x§F§C§9§0§5§C§lE§x§E§6§9§C§6§B§lp§x§C§F§A§7§7§A§li§x§B§9§B§3§8§9§lc §x§8§C§C§B§A§7§lC§x§7§5§D§6§B§6§lr§x§5§F§E§2§C§5§la§x§7§9§D§4§B§4§lt§x§9§3§C§7§A§2§le §x§C§8§A§B§7§F§lK§x§E§2§9§E§6§E§le§x§F§C§9§0§5§C§ly in auction for 10.
[14:01:28] > king_ARK buy x1 §x§F§C§9§0§5§C§lE§x§E§6§9§C§6§B§lp§x§C§F§A§7§7§A§li§x§B§9§B§3§8§9§lc §x§8§C§C§B§A§7§lC§x§7§5§D§6§B§6§lr§x§5§F§E§2§C§5§la§x§7§9§D§4§B§4§lt§x§9§3§C§7§A§2§le §x§C§8§A§B§7§F§lK§x§E§2§9§E§6§E§le§x§F§C§9§0§5§C§ly to Fuwazi for $10.
[14:01:35] > Fuwazi added x1 §x§8§8§E§C§3§3§lV§x§8§2§E§B§4§8§lo§x§7§C§E§9§5§D§lt§x§7§6§E§8§7§2§le §x§6§B§E§5§9§B§lC§x§6§5§E§3§B§0§lr§x§5§F§E§2§C§5§la§x§6§6§E§4§A§D§lt§x§6§D§E§5§9§4§le §x§7§A§E§9§6§4§lK§x§8§1§E§A§4§B§le§x§8§8§E§C§3§3§ly in auction for 10.
[14:01:36] > Sezemi buy x1 §x§8§8§E§C§3§3§lV§x§8§2§E§B§4§8§lo§x§7§C§E§9§5§D§lt§x§7§6§E§8§7§2§le §x§6§B§E§5§9§B§lC§x§6§5§E§3§B§0§lr§x§5§F§E§2§C§5§la§x§6§6§E§4§A§D§lt§x§6§D§E§5§9§4§le §x§7§A§E§9§6§4§lK§x§8§1§E§A§4§B§le§x§8§8§E§C§3§3§ly to Fuwazi for $10.
[14:02:05] > .EqualNitrogen remove x1 Diamond chestplate from buy
[14:02:06] > .EqualNitrogen remove x13 Pufferfish from buy
[14:02:17] > HPMR_GaMerz buy x64 Sugar cane to namerikangel for $4,800.
[14:02:36] > Sezemi remove x1 §x§8§8§E§C§3§3§lV§x§8§2§E§B§4§8§lo§x§7§C§E§9§5§D§lt§x§7§6§E§8§7§2§le §x§6§B§E§5§9§B§lC§x§6§5§E§3§B§0§lr§x§5§F§E§2§C§5§la§x§6§6§E§4§A§D§lt§x§6§D§E§5§9§4§le §x§7§A§E§9§6§4§lK§x§8§1§E§A§4§B§le§x§8§8§E§C§3§3§ly from buy
[14:02:36] > HPMR_GaMerz buy x1 §fMushroom Hat to MochaFangs for $100,000.
[14:02:36] > Sezemi remove x1 §x§8§8§E§C§3§3§lV§x§8§2§E§B§4§8§lo§x§7§C§E§9§5§D§lt§x§7§6§E§8§7§2§le §x§6§B§E§5§9§B§lC§x§6§5§E§3§B§0§lr§x§5§F§E§2§C§5§la§x§6§6§E§4§A§D§lt§x§6§D§E§5§9§4§le §x§7§A§E§9§6§4§lK§x§8§1§E§A§4§B§le§x§8§8§E§C§3§3§ly from buy
[14:02:49] > HPMR_GaMerz buy x1 §7Cemetery Hat to InternetCafeUser for $25,000.
[14:02:51] > HPMR_GaMerz buy x1 §7Cemetery Hat to MrZyrus7228 for $40,000.
[14:02:52] > Sezemi added x5 §x§F§C§9§0§5§C§lE§x§E§6§9§C§6§B§lp§x§C§F§A§7§7§A§li§x§B§9§B§3§8§9§lc §x§8§C§C§B§A§7§lC§x§7§5§D§6§B§6§lr§x§5§F§E§2§C§5§la§x§7§9§D§4§B§4§lt§x§9§3§C§7§A§2§le §x§C§8§A§B§7§F§lK§x§E§2§9§E§6§E§le§x§F§C§9§0§5§C§ly in auction for 10.
[14:02:55] > HPMR_GaMerz buy x1 §2Franck to sukiyoriee for $50,000.
[14:02:57] > king_ARK buy x5 §x§F§C§9§0§5§C§lE§x§E§6§9§C§6§B§lp§x§C§F§A§7§7§A§li§x§B§9§B§3§8§9§lc §x§8§C§C§B§A§7§lC§x§7§5§D§6§B§6§lr§x§5§F§E§2§C§5§la§x§7§9§D§4§B§4§lt§x§9§3§C§7§A§2§le §x§C§8§A§B§7§F§lK§x§E§2§9§E§6§E§le§x§F§C§9§0§5§C§ly to Sezemi for $10.
[14:02:58] > HPMR_GaMerz buy x1 §fMysterious Hat to MrZyrus7228 for $30,000.
[14:03:03] > HPMR_GaMerz buy x1 §fSun Visor Hat to OoferGamezYT for $50,000.
[14:03:26] > HPMR_GaMerz remove x1 §aCthulhu from storage
[14:03:32] > Fuwazi added x1 SELLWAND UNLIMITED in auction for 10.
[14:03:38] > HPMR_GaMerz buy x1 §aCthulhu to Ax_ for $100,000.
[14:03:45] > Fuwazi added x1 §x§8§8§E§C§3§3§lV§x§8§2§E§B§4§8§lo§x§7§C§E§9§5§D§lt§x§7§6§E§8§7§2§le §x§6§B§E§5§9§B§lC§x§6§5§E§3§B§0§lr§x§5§F§E§2§C§5§la§x§6§6§E§4§A§D§lt§x§6§D§E§5§9§4§le §x§7§A§E§9§6§4§lK§x§8§1§E§A§4§B§le§x§8§8§E§C§3§3§ly in auction for 10.
[14:03:46] > HPMR_GaMerz buy x1 §fPanda Hat to CeeJaiye for $150,000.
[14:03:48] > Sezemi buy x1 §x§8§8§E§C§3§3§lV§x§8§2§E§B§4§8§lo§x§7§C§E§9§5§D§lt§x§7§6§E§8§7§2§le §x§6§B§E§5§9§B§lC§x§6§5§E§3§B§0§lr§x§5§F§E§2§C§5§la§x§6§6§E§4§A§D§lt§x§6§D§E§5§9§4§le §x§7§A§E§9§6§4§lK§x§8§1§E§A§4§B§le§x§8§8§E§C§3§3§ly to Fuwazi for $10.
[14:03:50] > king_ARK buy x1 SELLWAND UNLIMITED to Fuwazi for $10.
[14:04:34] > Sezemi remove x1 §x§8§8§E§C§3§3§lV§x§8§2§E§B§4§8§lo§x§7§C§E§9§5§D§lt§x§7§6§E§8§7§2§le §x§6§B§E§5§9§B§lC§x§6§5§E§3§B§0§lr§x§5§F§E§2§C§5§la§x§6§6§E§4§A§D§lt§x§6§D§E§5§9§4§le §x§7§A§E§9§6§4§lK§x§8§1§E§A§4§B§le§x§8§8§E§C§3§3§ly from buy
[14:04:42] > HwanYo remove x1 §x§5§9§A§1§D§9§lA§x§6§E§A§D§D§Er§x§8§3§B§9§E§3c§x§9§7§C§4§E§7h§x§A§C§D§0§E§Ca§x§C§1§D§C§F§1n§x§D§6§E§8§F§6g§x§E§A§F§3§F§Ae§fl §x§D§0§E§4§F§4D§x§B§8§D§7§E§Fa§x§A§0§C§9§E§9g§x§8§8§B§C§E§4g§x§7§1§A§E§D§Ee§x§5§9§A§1§D§9r from storage
[14:04:44] > Sezemi added x5 §x§F§C§D§0§5§C§lB§x§E§6§D§3§6§B§la§x§C§F§D§5§7§A§ls§x§B§9§D§8§8§9§li§x§A§2§D§A§9§8§lc §x§7§5§D§F§B§6§lC§x§5§F§E§2§C§5§lr§x§7§5§D§F§B§6§la§x§8§C§D§D§A§7§lt§x§A§2§D§A§9§8§le §x§C§F§D§5§7§A§lK§x§E§6§D§3§6§B§le§x§F§C§D§0§5§C§ly in auction for 10.
[14:04:49] > Schminkipoo buy x5 §x§F§C§D§0§5§C§lB§x§E§6§D§3§6§B§la§x§C§F§D§5§7§A§ls§x§B§9§D§8§8§9§li§x§A§2§D§A§9§8§lc §x§7§5§D§F§B§6§lC§x§5§F§E§2§C§5§lr§x§7§5§D§F§B§6§la§x§8§C§D§D§A§7§lt§x§A§2§D§A§9§8§le §x§C§F§D§5§7§A§lK§x§E§6§D§3§6§B§le§x§F§C§D§0§5§C§ly to Sezemi for $10.
[14:04:55] > HwanYo added x1 §x§5§9§A§1§D§9§lA§x§6§E§A§D§D§Er§x§8§3§B§9§E§3c§x§9§7§C§4§E§7h§x§A§C§D§0§E§Ca§x§C§1§D§C§F§1n§x§D§6§E§8§F§6g§x§E§A§F§3§F§Ae§fl §x§D§0§E§4§F§4D§x§B§8§D§7§E§Fa§x§A§0§C§9§E§9g§x§8§8§B§C§E§4g§x§7§1§A§E§D§Ee§x§5§9§A§1§D§9r in auction for 1500000.
[14:05:06] > giyahnpogi added x1 §x§E§E§0§0§0§0§lᴜɴʟɪᴍɪᴛᴇᴅ sᴇʟʟᴡᴀɴᴅ in auction for 300000.
[14:05:07] > mae buy x1 §x§5§9§A§1§D§9§lA§x§6§E§A§D§D§Er§x§8§3§B§9§E§3c§x§9§7§C§4§E§7h§x§A§C§D§0§E§Ca§x§C§1§D§C§F§1n§x§D§6§E§8§F§6g§x§E§A§F§3§F§Ae§fl §x§D§0§E§4§F§4D§x§B§8§D§7§E§Fa§x§A§0§C§9§E§9g§x§8§8§B§C§E§4g§x§7§1§A§E§D§Ee§x§5§9§A§1§D§9r to HwanYo for $1,500,000.
[14:05:51] > .SharkyisHungry remove x1 §3§lDolphin Tail form storage
[14:06:37] > .SharkyisHungry buy x1 §x§E§E§0§0§0§0§lᴜɴʟɪᴍɪᴛᴇᴅ sᴇʟʟᴡᴀɴᴅ to giyahnpogi for $300,000.
[14:06:50] > .SharkyisHungry remove x1 §x§E§E§0§0§0§0§lᴜɴʟɪᴍɪᴛᴇᴅ sᴇʟʟᴡᴀɴᴅ from buy
[14:07:04] > .SharkyisHungry added x1 §3§lDolphin Tail in auction for 1000000.
[14:07:12] > .SharkyisHungry remove x1 §3§lDolphin Tail from storage
[14:07:22] > .SharkyisHungry added x1 §3§lDolphin Tail in auction for 100000.
[14:07:30] > ZAFF buy x1 §3§lDolphin Tail to .SharkyisHungry for $100,000.
[14:21:42] > MrGh0st1y remove x1 §x§F§F§5§5§0§0§lsᴇʟʟᴡᴀɴᴅ §6- 5.0x from buy
[14:25:56] > .SharkyisHungry added x1 §5Witch Hat in auction for 30000.
[14:26:01] > HPMR_GaMerz buy x1 §5Witch Hat to .SharkyisHungry for $30,000.
[14:26:08] > st3ph426 added x1 §eᴡɪᴛʜᴇʀ ꜱᴋᴇʟᴇᴛᴏɴ ꜱᴘᴀᴡɴᴇʀ in auction for 2000000.
[14:27:54] > st3ph426 remove x1 §eᴡɪᴛʜᴇʀ ꜱᴋᴇʟᴇᴛᴏɴ ꜱᴘᴀᴡɴᴇʀ from storage
[14:27:56] > st3ph426 remove x2 §x§F§2§C§6§D§E§lP§x§E§0§C§A§D§B§li§x§C§D§C§D§D§8§ln§x§B§B§D§1§D§5§la§x§A§9§D§4§D§2§lt§x§9§6§D§8§C§E§la §x§7§1§D§F§C§8§lC§x§5§F§E§2§C§5§lr§x§7§4§D§E§C§9§la§x§8§9§D§A§C§C§lt§x§9§E§D§6§D§0§le §x§C§8§C§E§D§7§lK§x§D§D§C§A§D§A§le§x§F§2§C§6§D§E§ly from storage
[14:28:06] > st3ph426 added x1 §eᴡɪᴛʜᴇʀ ꜱᴋᴇʟᴇᴛᴏɴ ꜱᴘᴀᴡɴᴇʀ in auction for 1500000.
[14:29:09] > st3ph426 remove x1 §eᴡɪᴛʜᴇʀ ꜱᴋᴇʟᴇᴛᴏɴ ꜱᴘᴀᴡɴᴇʀ from storage
[14:29:35] > omikiyomi added x1 §x§F§F§5§5§0§0§lsᴇʟʟᴡᴀɴᴅ §6- 5.0x in auction for 300000.
[14:29:38] > koshie buy x1 §x§F§F§5§5§0§0§lsᴇʟʟᴡᴀɴᴅ §6- 5.0x to omikiyomi for $300,000.
[14:31:12] > omikiyomi added x1 §x§F§F§5§5§0§0§lsᴇʟʟᴡᴀɴᴅ §6- 10.0x in auction for 750000.
[14:31:15] > koshie buy x1 §x§F§F§5§5§0§0§lsᴇʟʟᴡᴀɴᴅ §6- 10.0x to omikiyomi for $750,000.
[14:31:20] > celinesanrio remove x2 §x§5§C§C§F§F§C§lC§x§5§C§D§1§F§5§lo§x§5§D§D§4§E§E§ls§x§5§D§D§6§E§7§lm§x§5§E§D§9§E§1§le§x§5§E§D§B§D§A§lt§x§5§E§D§D§D§3§li§x§5§F§E§0§C§C§lc §x§5§F§E§0§C§C§lH§x§5§E§D§D§D§3§la§x§5§E§D§B§D§A§lt§x§5§E§D§9§E§1§ls §x§5§D§D§4§E§E§lK§x§5§C§D§1§F§5§le§x§5§C§C§F§F§C§ly from storage
[14:31:29] > celinesanrio added x2 §x§5§C§C§F§F§C§lC§x§5§C§D§1§F§5§lo§x§5§D§D§4§E§E§ls§x§5§D§D§6§E§7§lm§x§5§E§D§9§E§1§le§x§5§E§D§B§D§A§lt§x§5§E§D§D§D§3§li§x§5§F§E§0§C§C§lc §x§5§F§E§0§C§C§lH§x§5§E§D§D§D§3§la§x§5§E§D§B§D§A§lt§x§5§E§D§9§E§1§ls §x§5§D§D§4§E§E§lK§x§5§C§D§1§F§5§le§x§5§C§C§F§F§C§ly in auction for 50000.
[14:31:39] > st3ph426 added x1 §eᴡɪᴛʜᴇʀ ꜱᴋᴇʟᴇᴛᴏɴ ꜱᴘᴀᴡɴᴇʀ in auction for 1500000.
[14:31:56] > omikiyomi buy x2 §x§5§C§C§F§F§C§lC§x§5§C§D§1§F§5§lo§x§5§D§D§4§E§E§ls§x§5§D§D§6§E§7§lm§x§5§E§D§9§E§1§le§x§5§E§D§B§D§A§lt§x§5§E§D§D§D§3§li§x§5§F§E§0§C§C§lc §x§5§F§E§0§C§C§lH§x§5§E§D§D§D§3§la§x§5§E§D§B§D§A§lt§x§5§E§D§9§E§1§ls §x§5§D§D§4§E§E§lK§x§5§C§D§1§F§5§le§x§5§C§C§F§F§C§ly to celinesanrio for $50,000.
[14:32:04] > omikiyomi remove x2 §x§5§C§C§F§F§C§lC§x§5§C§D§1§F§5§lo§x§5§D§D§4§E§E§ls§x§5§D§D§6§E§7§lm§x§5§E§D§9§E§1§le§x§5§E§D§B§D§A§lt§x§5§E§D§D§D§3§li§x§5§F§E§0§C§C§lc §x§5§F§E§0§C§C§lH§x§5§E§D§D§D§3§la§x§5§E§D§B§D§A§lt§x§5§E§D§9§E§1§ls §x§5§D§D§4§E§E§lK§x§5§C§D§1§F§5§le§x§5§C§C§F§F§C§ly from buy
[14:33:12] > omikiyomi buy x1 §fPanda Hat to Zee_ for $150,000.
[14:33:21] > omikiyomi remove x1 §fPanda Hat from buy
[14:35:43] > Pharolen2 added x1 §x§F§F§5§5§0§0§lsᴇʟʟᴡᴀɴᴅ §6- 5.0x in auction for 300000.
[14:35:45] > celinesanrio buy x1 §x§F§F§5§5§0§0§lsᴇʟʟᴡᴀɴᴅ §6- 5.0x to Pharolen2 for $300,000.
[14:35:49] > celinesanrio remove x1 §x§F§F§5§5§0§0§lsᴇʟʟᴡᴀɴᴅ §6- 5.0x form buy
[14:35:53] > celinesanrio added x1 §x§F§F§5§5§0§0§lsᴇʟʟᴡᴀɴᴅ §6- 5.0x in auction for 450000.
[14:36:04] > .SharkyisHungry buy x1 §x§F§F§5§5§0§0§lsᴇʟʟᴡᴀɴᴅ §6- 5.0x to celinesanrio for $450,000.
[14:36:52] > .SharkyisHungry remove x1 §x§F§F§5§5§0§0§lsᴇʟʟᴡᴀɴᴅ §6- 5.0x from buy
[14:37:41] > st3ph426 remove x1 §eᴡɪᴛʜᴇʀ ꜱᴋᴇʟᴇᴛᴏɴ ꜱᴘᴀᴡɴᴇʀ from storage
[14:37:55] > st3ph426 added x1 §eᴡɪᴛʜᴇʀ ꜱᴋᴇʟᴇᴛᴏɴ ꜱᴘᴀᴡɴᴇʀ in auction for 1500000.
[14:39:20] > st3ph426 remove x1 §eᴡɪᴛʜᴇʀ ꜱᴋᴇʟᴇᴛᴏɴ ꜱᴘᴀᴡɴᴇʀ from storage
[14:43:15] > P4LDOK buy x2 §x§3§1§3§7§F§F§lS§x§3§7§4§C§F§8§lp§x§3§D§6§2§F§1§la§x§4§2§7§7§E§9§lw§x§4§8§8§D§E§2§ln§x§4§E§A§2§D§B§le§x§5§4§B§7§D§4§lr §x§5§F§E§2§C§5§lC§x§5§9§C§D§C§C§lr§x§5§4§B§7§D§4§la§x§4§E§A§2§D§B§lt§x§4§8§8§D§E§2§le §x§3§D§6§2§F§1§lK§x§3§7§4§C§F§8§le§x§3§1§3§7§F§F§ly to .Kenku1001 for $800,000.
[14:43:23] > P4LDOK remove x2 §x§3§1§3§7§F§F§lS§x§3§7§4§C§F§8§lp§x§3§D§6§2§F§1§la§x§4§2§7§7§E§9§lw§x§4§8§8§D§E§2§ln§x§4§E§A§2§D§B§le§x§5§4§B§7§D§4§lr §x§5§F§E§2§C§5§lC§x§5§9§C§D§C§C§lr§x§5§4§B§7§D§4§la§x§4§E§A§2§D§B§lt§x§4§8§8§D§E§2§le §x§3§D§6§2§F§1§lK§x§3§7§4§C§F§8§le§x§3§1§3§7§F§F§ly from buy
[14:43:38] > omikiyomi buy x6 §x§F§C§D§0§5§C§lB§x§E§6§D§3§6§B§la§x§C§F§D§5§7§A§ls§x§B§9§D§8§8§9§li§x§A§2§D§A§9§8§lc §x§7§5§D§F§B§6§lC§x§5§F§E§2§C§5§lr§x§7§5§D§F§B§6§la§x§8§C§D§D§A§7§lt§x§A§2§D§A§9§8§le §x§C§F§D§5§7§A§lK§x§E§6§D§3§6§B§le§x§F§C§D§0§5§C§ly to llhxnce for $200,000.
[14:43:57] > omikiyomi remove x6 §x§F§C§D§0§5§C§lB§x§E§6§D§3§6§B§la§x§C§F§D§5§7§A§ls§x§B§9§D§8§8§9§li§x§A§2§D§A§9§8§lc §x§7§5§D§F§B§6§lC§x§5§F§E§2§C§5§lr§x§7§5§D§F§B§6§la§x§8§C§D§D§A§7§lt§x§A§2§D§A§9§8§le §x§C§F§D§5§7§A§lK§x§E§6§D§3§6§B§le§x§F§C§D§0§5§C§ly from buy
[14:46:37] > omikiyomi added x1 §eᴢᴏᴍʙɪᴇ sᴘᴀᴡɴᴇʀ in auction for 250000.
[14:46:42] > koshie buy x1 §eᴢᴏᴍʙɪᴇ sᴘᴀᴡɴᴇʀ to omikiyomi for $250,000.
[14:47:00] > omikiyomi added x1 §eᴘɪɢ sᴘᴀᴡɴᴇʀ in auction for 150000.
[14:51:57] > Zee_ buy x1 §x§F§F§3§E§0§0§lD§x§F§F§3§6§0§0§le§x§F§F§2§F§0§0§lm§x§F§F§2§7§0§0§lo§x§F§F§1§F§0§0§ln §x§F§F§1§0§0§0§lL§x§F§F§0§8§0§0§lo§x§F§F§0§0§0§0§lr§x§F§F§0§8§0§0§ld §x§F§F§1§7§0§0§lS§x§F§F§1§F§0§0§li§x§F§F§2§7§0§0§lc§x§F§F§2§F§0§0§lk§x§F§F§3§6§0§0§ll§x§F§F§3§E§0§0§le to MrGh0st1y for $50,000.
[14:52:18] > Zee_ remove x1 §x§F§F§3§E§0§0§lD§x§F§F§3§6§0§0§le§x§F§F§2§F§0§0§lm§x§F§F§2§7§0§0§lo§x§F§F§1§F§0§0§ln §x§F§F§1§0§0§0§lL§x§F§F§0§8§0§0§lo§x§F§F§0§0§0§0§lr§x§F§F§0§8§0§0§ld §x§F§F§1§7§0§0§lS§x§F§F§1§F§0§0§li§x§F§F§2§7§0§0§lc§x§F§F§2§F§0§0§lk§x§F§F§3§6§0§0§ll§x§F§F§3§E§0§0§le from buy
[15:01:42] > celinesanrio added x3 Wither rose in auction for 15000.
[15:04:07] > P4LDOK added x1 §x§5§9§A§1§D§9§lA§x§6§A§A§A§D§Dr§x§7§A§B§4§E§1c§x§8§B§B§D§E§4h§x§9§B§C§7§E§8a§x§A§C§D§0§E§Cn§x§B§D§D§9§F§0g§x§C§D§E§3§F§4e§x§D§E§E§C§F§7l §fC§x§E§D§F§5§F§Bh§x§D§A§E§A§F§7e§x§C§8§E§0§F§2s§x§B§5§D§5§E§Et§x§A§3§C§B§E§Ap§x§9§0§C§0§E§6l§x§7§E§B§6§E§1a§x§6§B§A§B§D§Dt§x§5§9§A§1§D§9e in auction for 1200000.
[15:04:53] > P4LDOK added x1 §x§F§F§3§E§0§0§lD§x§F§F§3§7§0§0§le§x§F§F§3§0§0§0§lm§x§F§F§2§9§0§0§lo§x§F§F§2§2§0§0§ln §x§F§F§1§5§0§0§lL§x§F§F§0§E§0§0§lo§x§F§F§0§7§0§0§lr§x§F§F§0§0§0§0§ld §x§F§F§0§E§0§0§lC§x§F§F§1§5§0§0§lr§x§F§F§1§C§0§0§lo§x§F§F§2§2§0§0§ls§x§F§F§2§9§0§0§ls§x§F§F§3§0§0§0§lb§x§F§F§3§7§0§0§lo§x§F§F§3§E§0§0§lw in auction for 200000.
[15:06:58] > MrGh0st1y remove x1 Deepslate emerald ore from expire
[15:07:05] > MrGh0st1y added x1 Deepslate emerald ore in auction for 999999999.
[15:21:39] > st3ph426 added x1 §x§5§C§C§F§F§C§lC§x§5§C§D§1§F§5§lo§x§5§D§D§4§E§E§ls§x§5§D§D§6§E§7§lm§x§5§E§D§9§E§1§le§x§5§E§D§B§D§A§lt§x§5§E§D§D§D§3§li§x§5§F§E§0§C§C§lc §x§5§F§E§0§C§C§lH§x§5§E§D§D§D§3§la§x§5§E§D§B§D§A§lt§x§5§E§D§9§E§1§ls §x§5§D§D§4§E§E§lK§x§5§C§D§1§F§5§le§x§5§C§C§F§F§C§ly in auction for 20000.
[15:23:54] > BlackKnight remove x1 §eɪʀᴏɴ ɢᴏʟᴇᴍ sᴘᴀᴡɴᴇʀ from buy
[15:23:56] > BlackKnight remove x1 Music disc 13 from buy
[15:24:04] > st3ph426 remove x1 §x§5§C§C§F§F§C§lC§x§5§C§D§1§F§5§lo§x§5§D§D§4§E§E§ls§x§5§D§D§6§E§7§lm§x§5§E§D§9§E§1§le§x§5§E§D§B§D§A§lt§x§5§E§D§D§D§3§li§x§5§F§E§0§C§C§lc §x§5§F§E§0§C§C§lH§x§5§E§D§D§D§3§la§x§5§E§D§B§D§A§lt§x§5§E§D§9§E§1§ls §x§5§D§D§4§E§E§lK§x§5§C§D§1§F§5§le§x§5§C§C§F§F§C§ly from storage
[15:24:14] > st3ph426 added x1 §x§5§C§C§F§F§C§lC§x§5§C§D§1§F§5§lo§x§5§D§D§4§E§E§ls§x§5§D§D§6§E§7§lm§x§5§E§D§9§E§1§le§x§5§E§D§B§D§A§lt§x§5§E§D§D§D§3§li§x§5§F§E§0§C§C§lc §x§5§F§E§0§C§C§lH§x§5§E§D§D§D§3§la§x§5§E§D§B§D§A§lt§x§5§E§D§9§E§1§ls §x§5§D§D§4§E§E§lK§x§5§C§D§1§F§5§le§x§5§C§C§F§F§C§ly in auction for 10000.
[15:24:21] > Playerjack12345 buy x1 §x§5§C§C§F§F§C§lC§x§5§C§D§1§F§5§lo§x§5§D§D§4§E§E§ls§x§5§D§D§6§E§7§lm§x§5§E§D§9§E§1§le§x§5§E§D§B§D§A§lt§x§5§E§D§D§D§3§li§x§5§F§E§0§C§C§lc §x§5§F§E§0§C§C§lH§x§5§E§D§D§D§3§la§x§5§E§D§B§D§A§lt§x§5§E§D§9§E§1§ls §x§5§D§D§4§E§E§lK§x§5§C§D§1§F§5§le§x§5§C§C§F§F§C§ly to st3ph426 for $10,000.
[15:24:25] > Playerjack12345 remove x1 §x§5§C§C§F§F§C§lC§x§5§C§D§1§F§5§lo§x§5§D§D§4§E§E§ls§x§5§D§D§6§E§7§lm§x§5§E§D§9§E§1§le§x§5§E§D§B§D§A§lt§x§5§E§D§D§D§3§li§x§5§F§E§0§C§C§lc §x§5§F§E§0§C§C§lH§x§5§E§D§D§D§3§la§x§5§E§D§B§D§A§lt§x§5§E§D§9§E§1§ls §x§5§D§D§4§E§E§lK§x§5§C§D§1§F§5§le§x§5§C§C§F§F§C§ly from buy
[15:24:35] > Playerjack12345 added x1 §x§5§C§C§F§F§C§lC§x§5§C§D§1§F§5§lo§x§5§D§D§4§E§E§ls§x§5§D§D§6§E§7§lm§x§5§E§D§9§E§1§le§x§5§E§D§B§D§A§lt§x§5§E§D§D§D§3§li§x§5§F§E§0§C§C§lc §x§5§F§E§0§C§C§lH§x§5§E§D§D§D§3§la§x§5§E§D§B§D§A§lt§x§5§E§D§9§E§1§ls §x§5§D§D§4§E§E§lK§x§5§C§D§1§F§5§le§x§5§C§C§F§F§C§ly in auction for 30000.
[15:28:48] > x5 §x§5§C§C§F§F§C§lC§x§5§C§D§1§F§5§lo§x§5§D§D§4§E§E§ls§x§5§D§D§6§E§7§lm§x§5§E§D§9§E§1§le§x§5§E§D§B§D§A§lt§x§5§E§D§D§D§3§li§x§5§F§E§0§C§C§lc §x§5§F§E§0§C§C§lH§x§5§E§D§D§D§3§la§x§5§E§D§B§D§A§lt§x§5§E§D§9§E§1§ls §x§5§D§D§4§E§E§lK§x§5§C§D§1§F§5§le§x§5§C§C§F§F§C§ly on sale by KEITHTHEPRO has just expired, it goes in the inventory of expired items.
[15:28:48] > Keeos added x1 §x§5§C§C§F§F§C§lC§x§5§C§D§1§F§5§lo§x§5§D§D§4§E§E§ls§x§5§D§D§6§E§7§lm§x§5§E§D§9§E§1§le§x§5§E§D§B§D§A§lt§x§5§E§D§D§D§3§li§x§5§F§E§0§C§C§lc §x§5§F§E§0§C§C§lH§x§5§E§D§D§D§3§la§x§5§E§D§B§D§A§lt§x§5§E§D§9§E§1§ls §x§5§D§D§4§E§E§lK§x§5§C§D§1§F§5§le§x§5§C§C§F§F§C§ly in auction for 100000.
[15:28:55] > st3ph426 added x1 §x§5§C§C§F§F§C§lC§x§5§C§D§1§F§5§lo§x§5§D§D§4§E§E§ls§x§5§D§D§6§E§7§lm§x§5§E§D§9§E§1§le§x§5§E§D§B§D§A§lt§x§5§E§D§D§D§3§li§x§5§F§E§0§C§C§lc §x§5§F§E§0§C§C§lH§x§5§E§D§D§D§3§la§x§5§E§D§B§D§A§lt§x§5§E§D§9§E§1§ls §x§5§D§D§4§E§E§lK§x§5§C§D§1§F§5§le§x§5§C§C§F§F§C§ly in auction for 10000.
[15:29:00] > tic_sz buy x1 §x§5§C§C§F§F§C§lC§x§5§C§D§1§F§5§lo§x§5§D§D§4§E§E§ls§x§5§D§D§6§E§7§lm§x§5§E§D§9§E§1§le§x§5§E§D§B§D§A§lt§x§5§E§D§D§D§3§li§x§5§F§E§0§C§C§lc §x§5§F§E§0§C§C§lH§x§5§E§D§D§D§3§la§x§5§E§D§B§D§A§lt§x§5§E§D§9§E§1§ls §x§5§D§D§4§E§E§lK§x§5§C§D§1§F§5§le§x§5§C§C§F§F§C§ly to Keeos for $100,000.
[15:29:18] > Sezemi added x1 §x§5§C§C§F§F§C§lC§x§5§C§D§1§F§5§lo§x§5§D§D§4§E§E§ls§x§5§D§D§6§E§7§lm§x§5§E§D§9§E§1§le§x§5§E§D§B§D§A§lt§x§5§E§D§D§D§3§li§x§5§F§E§0§C§C§lc §x§5§F§E§0§C§C§lH§x§5§E§D§D§D§3§la§x§5§E§D§B§D§A§lt§x§5§E§D§9§E§1§ls §x§5§D§D§4§E§E§lK§x§5§C§D§1§F§5§le§x§5§C§C§F§F§C§ly in auction for 10.
[15:29:25] > tic_sz buy x1 §x§5§C§C§F§F§C§lC§x§5§C§D§1§F§5§lo§x§5§D§D§4§E§E§ls§x§5§D§D§6§E§7§lm§x§5§E§D§9§E§1§le§x§5§E§D§B§D§A§lt§x§5§E§D§D§D§3§li§x§5§F§E§0§C§C§lc §x§5§F§E§0§C§C§lH§x§5§E§D§D§D§3§la§x§5§E§D§B§D§A§lt§x§5§E§D§9§E§1§ls §x§5§D§D§4§E§E§lK§x§5§C§D§1§F§5§le§x§5§C§C§F§F§C§ly to st3ph426 for $10,000.
[15:29:25] > king_ARK buy x1 §x§5§C§C§F§F§C§lC§x§5§C§D§1§F§5§lo§x§5§D§D§4§E§E§ls§x§5§D§D§6§E§7§lm§x§5§E§D§9§E§1§le§x§5§E§D§B§D§A§lt§x§5§E§D§D§D§3§li§x§5§F§E§0§C§C§lc §x§5§F§E§0§C§C§lH§x§5§E§D§D§D§3§la§x§5§E§D§B§D§A§lt§x§5§E§D§9§E§1§ls §x§5§D§D§4§E§E§lK§x§5§C§D§1§F§5§le§x§5§C§C§F§F§C§ly to Sezemi for $10.
[15:29:32] > st3ph426 added x1 §esʜᴇᴇᴘ sᴘᴀᴡɴᴇʀ in auction for 300000.
[15:29:37] > Kyslee buy x1 §esʜᴇᴇᴘ sᴘᴀᴡɴᴇʀ to st3ph426 for $300,000.
[15:29:38] > Sezemi added x1 §eᴄᴏᴡ sᴘᴀᴡɴᴇʀ in auction for 100000.
[15:29:41] > Kyslee buy x1 §eᴘɪɢ sᴘᴀᴡɴᴇʀ to omikiyomi for $150,000.
[15:29:43] > .AlienChance7081 buy x1 §x§5§C§C§F§F§C§lC§x§5§C§D§1§F§5§lo§x§5§D§D§4§E§E§ls§x§5§D§D§6§E§7§lm§x§5§E§D§9§E§1§le§x§5§E§D§B§D§A§lt§x§5§E§D§D§D§3§li§x§5§F§E§0§C§C§lc §x§5§F§E§0§C§C§lH§x§5§E§D§D§D§3§la§x§5§E§D§B§D§A§lt§x§5§E§D§9§E§1§ls §x§5§D§D§4§E§E§lK§x§5§C§D§1§F§5§le§x§5§C§C§F§F§C§ly to Playerjack12345 for $30,000.
[15:29:46] > Kyslee buy x1 §eᴄᴏᴡ sᴘᴀᴡɴᴇʀ to Sezemi for $100,000.
[15:30:24] > BlackKnight added x1 §eᴡɪᴛᴄʜ ꜱᴘᴀᴡɴᴇʀ in auction for 2000000.
[15:30:43] > st3ph426 added x14 Shulker shell in auction for 1000000.
[15:30:51] > tic_sz remove x1 §x§5§C§C§F§F§C§lC§x§5§C§D§1§F§5§lo§x§5§D§D§4§E§E§ls§x§5§D§D§6§E§7§lm§x§5§E§D§9§E§1§le§x§5§E§D§B§D§A§lt§x§5§E§D§D§D§3§li§x§5§F§E§0§C§C§lc §x§5§F§E§0§C§C§lH§x§5§E§D§D§D§3§la§x§5§E§D§B§D§A§lt§x§5§E§D§9§E§1§ls §x§5§D§D§4§E§E§lK§x§5§C§D§1§F§5§le§x§5§C§C§F§F§C§ly from buy
[15:30:52] > tic_sz remove x1 §x§5§C§C§F§F§C§lC§x§5§C§D§1§F§5§lo§x§5§D§D§4§E§E§ls§x§5§D§D§6§E§7§lm§x§5§E§D§9§E§1§le§x§5§E§D§B§D§A§lt§x§5§E§D§D§D§3§li§x§5§F§E§0§C§C§lc §x§5§F§E§0§C§C§lH§x§5§E§D§D§D§3§la§x§5§E§D§B§D§A§lt§x§5§E§D§9§E§1§ls §x§5§D§D§4§E§E§lK§x§5§C§D§1§F§5§le§x§5§C§C§F§F§C§ly from buy
[15:32:18] > Unforce01 buy x1 §x§5§9§A§1§D§9§lA§x§6§A§A§A§D§Dr§x§7§A§B§4§E§1c§x§8§B§B§D§E§4h§x§9§B§C§7§E§8a§x§A§C§D§0§E§Cn§x§B§D§D§9§F§0g§x§C§D§E§3§F§4e§x§D§E§E§C§F§7l §fC§x§E§D§F§5§F§Bh§x§D§A§E§A§F§7e§x§C§8§E§0§F§2s§x§B§5§D§5§E§Et§x§A§3§C§B§E§Ap§x§9§0§C§0§E§6l§x§7§E§B§6§E§1a§x§6§B§A§B§D§Dt§x§5§9§A§1§D§9e to P4LDOK for $1,200,000.
[15:32:24] > Unforce01 remove x1 §x§5§9§A§1§D§9§lA§x§6§A§A§A§D§Dr§x§7§A§B§4§E§1c§x§8§B§B§D§E§4h§x§9§B§C§7§E§8a§x§A§C§D§0§E§Cn§x§B§D§D§9§F§0g§x§C§D§E§3§F§4e§x§D§E§E§C§F§7l §fC§x§E§D§F§5§F§Bh§x§D§A§E§A§F§7e§x§C§8§E§0§F§2s§x§B§5§D§5§E§Et§x§A§3§C§B§E§Ap§x§9§0§C§0§E§6l§x§7§E§B§6§E§1a§x§6§B§A§B§D§Dt§x§5§9§A§1§D§9e form buy
[15:36:41] > Playerjack12345 added x1 §x§F§F§5§5§0§0§lsᴇʟʟᴡᴀɴᴅ §6- 5.0x in auction for 450000.
[15:36:48] > Pewpew buy x1 §x§F§F§5§5§0§0§lsᴇʟʟᴡᴀɴᴅ §6- 5.0x to Playerjack12345 for $450,000.
[15:37:38] > Pewpew remove x1 §x§F§F§5§5§0§0§lsᴇʟʟᴡᴀɴᴅ §6- 5.0x from buy
[15:37:43] > koshie remove x1 §x§8§8§E§C§3§3§lV§x§8§2§E§B§4§8§lo§x§7§C§E§9§5§D§lt§x§7§6§E§8§7§2§le §x§6§B§E§5§9§B§lC§x§6§5§E§3§B§0§lr§x§5§F§E§2§C§5§la§x§6§6§E§4§A§D§lt§x§6§D§E§5§9§4§le §x§7§A§E§9§6§4§lK§x§8§1§E§A§4§B§le§x§8§8§E§C§3§3§ly from buy
[15:37:43] > koshie remove x1 §x§8§8§E§C§3§3§lV§x§8§2§E§B§4§8§lo§x§7§C§E§9§5§D§lt§x§7§6§E§8§7§2§le §x§6§B§E§5§9§B§lC§x§6§5§E§3§B§0§lr§x§5§F§E§2§C§5§la§x§6§6§E§4§A§D§lt§x§6§D§E§5§9§4§le §x§7§A§E§9§6§4§lK§x§8§1§E§A§4§B§le§x§8§8§E§C§3§3§ly from buy
[15:37:44] > koshie remove x1 §x§8§8§E§C§3§3§lV§x§8§2§E§B§4§8§lo§x§7§C§E§9§5§D§lt§x§7§6§E§8§7§2§le §x§6§B§E§5§9§B§lC§x§6§5§E§3§B§0§lr§x§5§F§E§2§C§5§la§x§6§6§E§4§A§D§lt§x§6§D§E§5§9§4§le §x§7§A§E§9§6§4§lK§x§8§1§E§A§4§B§le§x§8§8§E§C§3§3§ly from buy
[15:38:24] > Pewpew added x4 §x§F§F§3§E§0§0§lD§x§F§F§3§7§0§0§le§x§F§F§3§0§0§0§lm§x§F§F§2§9§0§0§lo§x§F§F§2§2§0§0§ln §x§F§F§1§5§0§0§lL§x§F§F§0§E§0§0§lo§x§F§F§0§7§0§0§lr§x§F§F§0§0§0§0§ld §x§F§F§0§E§0§0§lF§x§F§F§1§5§0§0§lr§x§F§F§1§C§0§0§la§x§F§F§2§2§0§0§lg§x§F§F§2§9§0§0§lm§x§F§F§3§0§0§0§le§x§F§F§3§7§0§0§ln§x§F§F§3§E§0§0§lt in auction for 1000000.
[15:39:20] > Playerjack12345 added x1 §x§E§5§1§B§1§B§lDracula Helmet in auction for 200000.
[15:39:58] > koshie added x1 §x§F§F§3§E§0§0§lD§x§F§F§3§7§0§0§le§x§F§F§3§0§0§0§lm§x§F§F§2§9§0§0§lo§x§F§F§2§2§0§0§ln §x§F§F§1§5§0§0§lL§x§F§F§0§E§0§0§lo§x§F§F§0§7§0§0§lr§x§F§F§0§0§0§0§ld §x§F§F§0§E§0§0§lF§x§F§F§1§5§0§0§lr§x§F§F§1§C§0§0§la§x§F§F§2§2§0§0§lg§x§F§F§2§9§0§0§lm§x§F§F§3§0§0§0§le§x§F§F§3§7§0§0§ln§x§F§F§3§E§0§0§lt in auction for 70000.
[15:40:03] > tic_sz buy x1 §x§F§F§3§E§0§0§lD§x§F§F§3§7§0§0§le§x§F§F§3§0§0§0§lm§x§F§F§2§9§0§0§lo§x§F§F§2§2§0§0§ln §x§F§F§1§5§0§0§lL§x§F§F§0§E§0§0§lo§x§F§F§0§7§0§0§lr§x§F§F§0§0§0§0§ld §x§F§F§0§E§0§0§lF§x§F§F§1§5§0§0§lr§x§F§F§1§C§0§0§la§x§F§F§2§2§0§0§lg§x§F§F§2§9§0§0§lm§x§F§F§3§0§0§0§le§x§F§F§3§7§0§0§ln§x§F§F§3§E§0§0§lt to koshie for $70,000.
[15:45:47] > Palietass remove x1 Enchanted book from buy
[15:46:40] > Unforce01 added x64 Breeze rod in auction for 320000.
[15:48:21] > Unforce01 added x1 §esᴋᴇʟᴇᴛᴏɴ sᴘᴀᴡɴᴇʀ in auction for 320000.
[15:48:32] > giyahnpogi buy x1 §esᴋᴇʟᴇᴛᴏɴ sᴘᴀᴡɴᴇʀ to Unforce01 for $320,000.
[15:48:33] > Unforce01 added x1 §eʙʟᴀᴢᴇ sᴘᴀᴡɴᴇʀ in auction for 400000.
[15:48:42] > P4LDOK buy x1 §eʙʟᴀᴢᴇ sᴘᴀᴡɴᴇʀ to Unforce01 for $400,000.
[15:49:52] > Unforce01 remove x64 Breeze rod from storage
[15:50:02] > Unforce01 added x64 Breeze rod in auction for 320000.
[15:56:52] > P4LDOK remove x1 §eʙʟᴀᴢᴇ sᴘᴀᴡɴᴇʀ from buy
[16:02:02] > SydneySweetie added x1 §x§F§F§3§E§0§0§lD§x§F§F§3§6§0§0§le§x§F§F§2§F§0§0§lm§x§F§F§2§7§0§0§lo§x§F§F§1§F§0§0§ln §x§F§F§1§0§0§0§lL§x§F§F§0§8§0§0§lo§x§F§F§0§0§0§0§lr§x§F§F§0§8§0§0§ld §x§F§F§1§7§0§0§lS§x§F§F§1§F§0§0§lh§x§F§F§2§7§0§0§li§x§F§F§2§F§0§0§le§x§F§F§3§6§0§0§ll§x§F§F§3§E§0§0§ld in auction for 750000.
[16:03:16] > SydneySweetie added x1 §x§E§5§1§B§1§B§lDracula Shield in auction for 200000.
[16:05:42] > HwanYo added x1 §x§F§F§7§C§0§0§lSteamsparks Blade in auction for 500000.
[16:05:59] > HwanYo buy x1 §eᴡɪᴛᴄʜ ꜱᴘᴀᴡɴᴇʀ to BlackKnight for $2,000,000.
[16:06:53] > HwanYo remove x1 §eᴡɪᴛᴄʜ ꜱᴘᴀᴡɴᴇʀ from buy
[16:10:25] > SydneySweetie added x1 §f§l§x§F§C§D§0§5§CW§x§F§A§A§2§4§8u§x§F§8§7§4§3§3k§x§F§6§4§5§1§Fo§x§F§4§1§7§0§Ang§x§F§6§4§5§1§F §x§F§8§7§4§3§3H§x§F§A§A§2§4§8o§x§F§C§D§0§5§Ce in auction for 150000.
[16:26:09] > Playerjack12345 remove x1 §x§E§5§1§B§1§B§lDracula Helmet from storage
[16:26:17] > Playerjack12345 added x1 §x§E§5§1§B§1§B§lDracula Helmet in auction for 150000.
[16:26:40] > HwanYo added x1 §x§F§F§3§E§0§0§lD§x§F§F§3§6§0§0§le§x§F§F§2§F§0§0§lm§x§F§F§2§7§0§0§lo§x§F§F§1§F§0§0§ln §x§F§F§1§0§0§0§lL§x§F§F§0§8§0§0§lo§x§F§F§0§0§0§0§lr§x§F§F§0§8§0§0§ld §x§F§F§1§7§0§0§lD§x§F§F§1§F§0§0§la§x§F§F§2§7§0§0§lg§x§F§F§2§F§0§0§lg§x§F§F§3§6§0§0§le§x§F§F§3§E§0§0§lr in auction for 100000.
[16:26:46] > HwanYo remove x1 §x§F§F§3§E§0§0§lD§x§F§F§3§6§0§0§le§x§F§F§2§F§0§0§lm§x§F§F§2§7§0§0§lo§x§F§F§1§F§0§0§ln §x§F§F§1§0§0§0§lL§x§F§F§0§8§0§0§lo§x§F§F§0§0§0§0§lr§x§F§F§0§8§0§0§ld §x§F§F§1§7§0§0§lD§x§F§F§1§F§0§0§la§x§F§F§2§7§0§0§lg§x§F§F§2§F§0§0§lg§x§F§F§3§6§0§0§le§x§F§F§3§E§0§0§lr from storage
[16:26:55] > HwanYo added x1 §x§F§F§3§E§0§0§lD§x§F§F§3§6§0§0§le§x§F§F§2§F§0§0§lm§x§F§F§2§7§0§0§lo§x§F§F§1§F§0§0§ln §x§F§F§1§0§0§0§lL§x§F§F§0§8§0§0§lo§x§F§F§0§0§0§0§lr§x§F§F§0§8§0§0§ld §x§F§F§1§7§0§0§lD§x§F§F§1§F§0§0§la§x§F§F§2§7§0§0§lg§x§F§F§2§F§0§0§lg§x§F§F§3§6§0§0§le§x§F§F§3§E§0§0§lr in auction for 1000000.
[16:28:28] > Shanksssuuuu added x1 §x§F§F§3§E§0§0§lD§x§F§F§3§7§0§0§le§x§F§F§3§0§0§0§lm§x§F§F§2§9§0§0§lo§x§F§F§2§2§0§0§ln §x§F§F§1§5§0§0§lL§x§F§F§0§E§0§0§lo§x§F§F§0§7§0§0§lr§x§F§F§0§0§0§0§ld §x§F§F§0§E§0§0§lF§x§F§F§1§5§0§0§lr§x§F§F§1§C§0§0§la§x§F§F§2§2§0§0§lg§x§F§F§2§9§0§0§lm§x§F§F§3§0§0§0§le§x§F§F§3§7§0§0§ln§x§F§F§3§E§0§0§lt in auction for 100000.
[16:32:58] > x1 §x§F§F§7§C§0§0§lSteamsparks Sword, item of Acon1te_0w0, has just expired, the item is definitively deleted.
[16:40:54] > sukiyoriee buy x1 §x§F§F§3§E§0§0§lD§x§F§F§3§7§0§0§le§x§F§F§3§0§0§0§lm§x§F§F§2§9§0§0§lo§x§F§F§2§2§0§0§ln §x§F§F§1§5§0§0§lL§x§F§F§0§E§0§0§lo§x§F§F§0§7§0§0§lr§x§F§F§0§0§0§0§ld §x§F§F§0§E§0§0§lF§x§F§F§1§5§0§0§lr§x§F§F§1§C§0§0§la§x§F§F§2§2§0§0§lg§x§F§F§2§9§0§0§lm§x§F§F§3§0§0§0§le§x§F§F§3§7§0§0§ln§x§F§F§3§E§0§0§lt to Shanksssuuuu for $100,000.
[16:40:58] > sukiyoriee remove x1 §x§F§F§3§E§0§0§lD§x§F§F§3§7§0§0§le§x§F§F§3§0§0§0§lm§x§F§F§2§9§0§0§lo§x§F§F§2§2§0§0§ln §x§F§F§1§5§0§0§lL§x§F§F§0§E§0§0§lo§x§F§F§0§7§0§0§lr§x§F§F§0§0§0§0§ld §x§F§F§0§E§0§0§lF§x§F§F§1§5§0§0§lr§x§F§F§1§C§0§0§la§x§F§F§2§2§0§0§lg§x§F§F§2§9§0§0§lm§x§F§F§3§0§0§0§le§x§F§F§3§7§0§0§ln§x§F§F§3§E§0§0§lt from buy
[16:53:04] > sukiyoriee added x1 §x§F§F§3§E§0§0§lDemon Lord Wings in auction for 3000000.
[16:53:06] > BlackKnight buy x1 §x§F§F§3§E§0§0§lDemon Lord Wings to sukiyoriee for $3,000,000.
[16:56:02] > Playerjack12345 added x1 §x§5§C§C§F§F§C§lC§x§5§C§D§1§F§5§lo§x§5§D§D§4§E§E§ls§x§5§D§D§6§E§7§lm§x§5§E§D§9§E§1§le§x§5§E§D§B§D§A§lt§x§5§E§D§D§D§3§li§x§5§F§E§0§C§C§lc §x§5§F§E§0§C§C§lH§x§5§E§D§D§D§3§la§x§5§E§D§B§D§A§lt§x§5§E§D§9§E§1§ls §x§5§D§D§4§E§E§lK§x§5§C§D§1§F§5§le§x§5§C§C§F§F§C§ly in auction for 30000.
[16:56:11] > mae buy x1 §x§5§C§C§F§F§C§lC§x§5§C§D§1§F§5§lo§x§5§D§D§4§E§E§ls§x§5§D§D§6§E§7§lm§x§5§E§D§9§E§1§le§x§5§E§D§B§D§A§lt§x§5§E§D§D§D§3§li§x§5§F§E§0§C§C§lc §x§5§F§E§0§C§C§lH§x§5§E§D§D§D§3§la§x§5§E§D§B§D§A§lt§x§5§E§D§9§E§1§ls §x§5§D§D§4§E§E§lK§x§5§C§D§1§F§5§le§x§5§C§C§F§F§C§ly to Playerjack12345 for $30,000.
[16:56:13] > .Kenku1001 added x1 §x§3§1§3§7§F§F§lS§x§3§7§4§C§F§8§lp§x§3§D§6§2§F§1§la§x§4§2§7§7§E§9§lw§x§4§8§8§D§E§2§ln§x§4§E§A§2§D§B§le§x§5§4§B§7§D§4§lr §x§5§F§E§2§C§5§lC§x§5§9§C§D§C§C§lr§x§5§4§B§7§D§4§la§x§4§E§A§2§D§B§lt§x§4§8§8§D§E§2§le §x§3§D§6§2§F§1§lK§x§3§7§4§C§F§8§le§x§3§1§3§7§F§F§ly in auction for 400000.
[16:56:27] > .Kenku1001 added x1 §x§5§C§C§F§F§C§lC§x§5§C§D§1§F§5§lo§x§5§D§D§4§E§E§ls§x§5§D§D§6§E§7§lm§x§5§E§D§9§E§1§le§x§5§E§D§B§D§A§lt§x§5§E§D§D§D§3§li§x§5§F§E§0§C§C§lc §x§5§F§E§0§C§C§lH§x§5§E§D§D§D§3§la§x§5§E§D§B§D§A§lt§x§5§E§D§9§E§1§ls §x§5§D§D§4§E§E§lK§x§5§C§D§1§F§5§le§x§5§C§C§F§F§C§ly in auction for 50000.
[16:56:45] > st3ph426 added x1 §x§5§C§C§F§F§C§lC§x§5§C§D§1§F§5§lo§x§5§D§D§4§E§E§ls§x§5§D§D§6§E§7§lm§x§5§E§D§9§E§1§le§x§5§E§D§B§D§A§lt§x§5§E§D§D§D§3§li§x§5§F§E§0§C§C§lc §x§5§F§E§0§C§C§lH§x§5§E§D§D§D§3§la§x§5§E§D§B§D§A§lt§x§5§E§D§9§E§1§ls §x§5§D§D§4§E§E§lK§x§5§C§D§1§F§5§le§x§5§C§C§F§F§C§ly in auction for 10000.
[16:56:56] > st3ph426 added x1 §x§5§C§C§F§F§C§lC§x§5§C§D§1§F§5§lo§x§5§D§D§4§E§E§ls§x§5§D§D§6§E§7§lm§x§5§E§D§9§E§1§le§x§5§E§D§B§D§A§lt§x§5§E§D§D§D§3§li§x§5§F§E§0§C§C§lc §x§5§F§E§0§C§C§lH§x§5§E§D§D§D§3§la§x§5§E§D§B§D§A§lt§x§5§E§D§9§E§1§ls §x§5§D§D§4§E§E§lK§x§5§C§D§1§F§5§le§x§5§C§C§F§F§C§ly in auction for 10000.
[16:57:10] > BlackKnight remove x1 §x§F§F§3§E§0§0§lDemon Lord Wings from buy
[16:57:20] > tic_sz buy x1 §x§5§C§C§F§F§C§lC§x§5§C§D§1§F§5§lo§x§5§D§D§4§E§E§ls§x§5§D§D§6§E§7§lm§x§5§E§D§9§E§1§le§x§5§E§D§B§D§A§lt§x§5§E§D§D§D§3§li§x§5§F§E§0§C§C§lc §x§5§F§E§0§C§C§lH§x§5§E§D§D§D§3§la§x§5§E§D§B§D§A§lt§x§5§E§D§9§E§1§ls §x§5§D§D§4§E§E§lK§x§5§C§D§1§F§5§le§x§5§C§C§F§F§C§ly to st3ph426 for $10,000.
[16:57:22] > InternetCafeUser added x1 §eᴡɪᴛᴄʜ ꜱᴘᴀᴡɴᴇʀ in auction for 300000.
[16:57:23] > tic_sz buy x1 §x§5§C§C§F§F§C§lC§x§5§C§D§1§F§5§lo§x§5§D§D§4§E§E§ls§x§5§D§D§6§E§7§lm§x§5§E§D§9§E§1§le§x§5§E§D§B§D§A§lt§x§5§E§D§D§D§3§li§x§5§F§E§0§C§C§lc §x§5§F§E§0§C§C§lH§x§5§E§D§D§D§3§la§x§5§E§D§B§D§A§lt§x§5§E§D§9§E§1§ls §x§5§D§D§4§E§E§lK§x§5§C§D§1§F§5§le§x§5§C§C§F§F§C§ly to st3ph426 for $10,000.
[16:57:27] > Artdeh buy x1 §eᴡɪᴛᴄʜ ꜱᴘᴀᴡɴᴇʀ to InternetCafeUser for $300,000.
[16:57:39] > Artdeh remove x1 §eᴡɪᴛᴄʜ ꜱᴘᴀᴡɴᴇʀ from buy
[17:16:35] > Seris00 added x64 Iron block in auction for 22400.
[17:16:47] > Seris00 added x64 Iron block in auction for 22400.
[17:17:01] > Seris00 added x64 Iron block in auction for 22400.
[17:17:08] > king_ARK buy x64 Iron block to Seris00 for $22,400.
[17:17:10] > king_ARK buy x64 Iron block to Seris00 for $22,400.
[17:17:12] > king_ARK buy x64 Iron block to Seris00 for $22,400.
[17:17:12] > Seris00 added x64 Iron block in auction for 22400.
[17:17:22] > king_ARK remove x1 §f§l§x§F§A§0§0§0§AD§x§F§A§1§5§1§2a§x§F§A§2§A§1§Ar§x§F§B§3§E§2§3k§x§F§B§5§3§2§Bf§x§F§B§6§8§3§3l§x§F§B§7§D§3§Ba§x§F§B§9§2§4§3m§x§F§C§A§6§4§Ce§x§F§C§B§B§5§4 §x§F§C§D§0§5§CF§x§F§C§B§B§5§4i§x§F§C§A§6§4§Cs§x§F§B§9§2§4§3h§x§F§B§7§D§3§Bi§x§F§B§6§8§3§3n§x§F§B§5§3§2§Bg§x§F§B§3§E§2§3 §x§F§A§2§A§1§AR§x§F§A§1§5§1§2o§x§F§A§0§0§0§Ad from buy
[17:17:23] > king_ARK remove x1 §x§F§F§5§5§0§0§lsᴇʟʟᴡᴀɴᴅ §6- 5.0x form buy
[17:17:23] > king_ARK remove x64 Emerald form buy
[17:17:23] > king_ARK remove x1 §x§F§F§3§E§0§0§lD§x§F§F§3§6§0§0§le§x§F§F§2§F§0§0§lm§x§F§F§2§7§0§0§lo§x§F§F§1§F§0§0§ln §x§F§F§1§0§0§0§lL§x§F§F§0§8§0§0§lo§x§F§F§0§0§0§0§lr§x§F§F§0§8§0§0§ld §x§F§F§1§7§0§0§lS§x§F§F§1§F§0§0§li§x§F§F§2§7§0§0§lc§x§F§F§2§F§0§0§lk§x§F§F§3§6§0§0§ll§x§F§F§3§E§0§0§le form buy
[17:17:23] > king_ARK remove x1 §x§F§C§9§0§5§C§lE§x§E§6§9§C§6§B§lp§x§C§F§A§7§7§A§li§x§B§9§B§3§8§9§lc §x§8§C§C§B§A§7§lC§x§7§5§D§6§B§6§lr§x§5§F§E§2§C§5§la§x§7§9§D§4§B§4§lt§x§9§3§C§7§A§2§le §x§C§8§A§B§7§F§lK§x§E§2§9§E§6§E§le§x§F§C§9§0§5§C§ly form buy
[17:17:23] > king_ARK remove x21 Emerald form buy
[17:17:23] > king_ARK remove x1 §x§8§8§E§C§3§3§lV§x§8§2§E§B§4§8§lo§x§7§C§E§9§5§D§lt§x§7§6§E§8§7§2§le §x§6§B§E§5§9§B§lC§x§6§5§E§3§B§0§lr§x§5§F§E§2§C§5§la§x§6§6§E§4§A§D§lt§x§6§D§E§5§9§4§le §x§7§A§E§9§6§4§lK§x§8§1§E§A§4§B§le§x§8§8§E§C§3§3§ly form buy
[17:17:23] > king_ARK remove x5 §x§F§C§9§0§5§C§lE§x§E§6§9§C§6§B§lp§x§C§F§A§7§7§A§li§x§B§9§B§3§8§9§lc §x§8§C§C§B§A§7§lC§x§7§5§D§6§B§6§lr§x§5§F§E§2§C§5§la§x§7§9§D§4§B§4§lt§x§9§3§C§7§A§2§le §x§C§8§A§B§7§F§lK§x§E§2§9§E§6§E§le§x§F§C§9§0§5§C§ly form buy
[17:17:23] > king_ARK remove x1 SELLWAND UNLIMITED form buy
[17:17:23] > king_ARK remove x64 Iron block form buy
[17:17:23] > king_ARK remove x1 §x§5§C§C§F§F§C§lC§x§5§C§D§1§F§5§lo§x§5§D§D§4§E§E§ls§x§5§D§D§6§E§7§lm§x§5§E§D§9§E§1§le§x§5§E§D§B§D§A§lt§x§5§E§D§D§D§3§li§x§5§F§E§0§C§C§lc §x§5§F§E§0§C§C§lH§x§5§E§D§D§D§3§la§x§5§E§D§B§D§A§lt§x§5§E§D§9§E§1§ls §x§5§D§D§4§E§E§lK§x§5§C§D§1§F§5§le§x§5§C§C§F§F§C§ly form buy
[17:17:23] > king_ARK remove x64 Iron block form buy
[17:17:23] > king_ARK remove x64 Iron block form buy
[17:17:24] > Seris00 added x64 Iron block in auction for 22400.
[17:17:35] > Seris00 added x64 Iron block in auction for 22400.
[17:17:47] > Seris00 added x64 Iron block in auction for 22400.
[17:17:58] > Seris00 added x64 Iron block in auction for 22400.
[17:18:21] > Seris00 added x64 Iron block in auction for 22400.
[17:18:33] > Seris00 added x64 Iron block in auction for 22400.
[17:26:15] > llhxnce added x1 §x§F§F§3§E§0§0§lD§x§F§F§3§6§0§0§le§x§F§F§2§F§0§0§lm§x§F§F§2§7§0§0§lo§x§F§F§1§F§0§0§ln §x§F§F§1§0§0§0§lL§x§F§F§0§8§0§0§lo§x§F§F§0§0§0§0§lr§x§F§F§0§8§0§0§ld §x§F§F§1§7§0§0§lS§x§F§F§1§F§0§0§lh§x§F§F§2§7§0§0§lo§x§F§F§2§F§0§0§lv§x§F§F§3§6§0§0§le§x§F§F§3§E§0§0§ll in auction for 100000.
[17:26:30] > llhxnce added x1 §x§F§F§3§E§0§0§lD§x§F§F§3§8§0§0§le§x§F§F§3§2§0§0§lm§x§F§F§2§B§0§0§lo§x§F§F§2§5§0§0§ln §x§F§F§1§9§0§0§lL§x§F§F§1§3§0§0§lo§x§F§F§0§C§0§0§lr§x§F§F§0§6§0§0§ld §x§F§F§0§6§0§0§lB§x§F§F§0§C§0§0§la§x§F§F§1§3§0§0§lt§x§F§F§1§9§0§0§lt§x§F§F§1§F§0§0§ll§x§F§F§2§5§0§0§le §x§F§F§3§2§0§0§lA§x§F§F§3§8§0§0§lx§x§F§F§3§E§0§0§le in auction for 230000.
[17:27:15] > .Kenku1001 remove x2 §x§5§C§C§F§F§C§lC§x§5§C§D§1§F§5§lo§x§5§D§D§4§E§E§ls§x§5§D§D§6§E§7§lm§x§5§E§D§9§E§1§le§x§5§E§D§B§D§A§lt§x§5§E§D§D§D§3§li§x§5§F§E§0§C§C§lc §x§5§F§E§0§C§C§lH§x§5§E§D§D§D§3§la§x§5§E§D§B§D§A§lt§x§5§E§D§9§E§1§ls §x§5§D§D§4§E§E§lK§x§5§C§D§1§F§5§le§x§5§C§C§F§F§C§ly from storage
[17:27:16] > .Kenku1001 remove x1 §x§3§1§3§7§F§F§lS§x§3§7§4§C§F§8§lp§x§3§D§6§2§F§1§la§x§4§2§7§7§E§9§lw§x§4§8§8§D§E§2§ln§x§4§E§A§2§D§B§le§x§5§4§B§7§D§4§lr §x§5§F§E§2§C§5§lC§x§5§9§C§D§C§C§lr§x§5§4§B§7§D§4§la§x§4§E§A§2§D§B§lt§x§4§8§8§D§E§2§le §x§3§D§6§2§F§1§lK§x§3§7§4§C§F§8§le§x§3§1§3§7§F§F§ly from storage
[17:27:16] > .Kenku1001 remove x1 §x§5§C§C§F§F§C§lC§x§5§C§D§1§F§5§lo§x§5§D§D§4§E§E§ls§x§5§D§D§6§E§7§lm§x§5§E§D§9§E§1§le§x§5§E§D§B§D§A§lt§x§5§E§D§D§D§3§li§x§5§F§E§0§C§C§lc §x§5§F§E§0§C§C§lH§x§5§E§D§D§D§3§la§x§5§E§D§B§D§A§lt§x§5§E§D§9§E§1§ls §x§5§D§D§4§E§E§lK§x§5§C§D§1§F§5§le§x§5§C§C§F§F§C§ly from storage
[17:27:29] > .Kenku1001 added x3 §x§5§C§C§F§F§C§lC§x§5§C§D§1§F§5§lo§x§5§D§D§4§E§E§ls§x§5§D§D§6§E§7§lm§x§5§E§D§9§E§1§le§x§5§E§D§B§D§A§lt§x§5§E§D§D§D§3§li§x§5§F§E§0§C§C§lc §x§5§F§E§0§C§C§lH§x§5§E§D§D§D§3§la§x§5§E§D§B§D§A§lt§x§5§E§D§9§E§1§ls §x§5§D§D§4§E§E§lK§x§5§C§D§1§F§5§le§x§5§C§C§F§F§C§ly in auction for 100000.
[17:27:43] > .Kenku1001 added x1 §x§3§1§3§7§F§F§lS§x§3§7§4§C§F§8§lp§x§3§D§6§2§F§1§la§x§4§2§7§7§E§9§lw§x§4§8§8§D§E§2§ln§x§4§E§A§2§D§B§le§x§5§4§B§7§D§4§lr §x§5§F§E§2§C§5§lC§x§5§9§C§D§C§C§lr§x§5§4§B§7§D§4§la§x§4§E§A§2§D§B§lt§x§4§8§8§D§E§2§le §x§3§D§6§2§F§1§lK§x§3§7§4§C§F§8§le§x§3§1§3§7§F§F§ly in auction for 200000.
[17:27:49] > qirro buy x1 §x§3§1§3§7§F§F§lS§x§3§7§4§C§F§8§lp§x§3§D§6§2§F§1§la§x§4§2§7§7§E§9§lw§x§4§8§8§D§E§2§ln§x§4§E§A§2§D§B§le§x§5§4§B§7§D§4§lr §x§5§F§E§2§C§5§lC§x§5§9§C§D§C§C§lr§x§5§4§B§7§D§4§la§x§4§E§A§2§D§B§lt§x§4§8§8§D§E§2§le §x§3§D§6§2§F§1§lK§x§3§7§4§C§F§8§le§x§3§1§3§7§F§F§ly to .Kenku1001 for $200,000.
[17:28:14] > x1 §eᴄᴏᴡ sᴘᴀᴡɴᴇʀ, bought by .Kenku1001, has just expired, the item is definitively deleted.
[17:28:14] > x1 §eᴄᴏᴡ sᴘᴀᴡɴᴇʀ, bought by Ilovewaifus, has just expired, the item is definitively deleted.
[17:28:17] > qirro remove x1 §x§3§1§3§7§F§F§lS§x§3§7§4§C§F§8§lp§x§3§D§6§2§F§1§la§x§4§2§7§7§E§9§lw§x§4§8§8§D§E§2§ln§x§4§E§A§2§D§B§le§x§5§4§B§7§D§4§lr §x§5§F§E§2§C§5§lC§x§5§9§C§D§C§C§lr§x§5§4§B§7§D§4§la§x§4§E§A§2§D§B§lt§x§4§8§8§D§E§2§le §x§3§D§6§2§F§1§lK§x§3§7§4§C§F§8§le§x§3§1§3§7§F§F§ly form buy
[17:28:17] > qirro remove x1 §9§lSquid Tentacle form buy
[17:31:49] > MochaFangs buy x1 §x§E§5§1§B§1§B§lDracula Shovel to imnectarfr for $150,000.
[17:31:53] > MochaFangs remove x1 §x§E§5§1§B§1§B§lDracula Shovel from buy
[17:35:58] > celinesanrio remove x3 Wither rose from storage
[17:36:03] > celinesanrio added x3 Wither rose in auction for 15000.
[17:41:53] > koshie added x1 Shulker box in auction for 45000.
[17:42:29] > koshie remove x1 Shulker box from storage
[17:43:47] > koshie added x64 Cactus in auction for 50000.
[17:43:55] > koshie remove x64 Cactus from storage
[17:44:00] > koshie added x64 Cactus in auction for 5000.
[17:44:18] > koshie added x64 Cactus in auction for 5000.
[17:44:35] > koshie added x64 Cactus in auction for 5000.
[17:45:33] > koshie remove x64 Cactus from storage
[17:45:33] > koshie remove x64 Cactus from storage
[17:45:34] > koshie remove x64 Cactus from storage
[17:51:09] > MrZyrus7228 added x1 §x§F§F§3§E§0§0§lD§x§F§F§3§5§0§0§le§x§F§F§2§C§0§0§lm§x§F§F§2§3§0§0§lo§x§F§F§1§B§0§0§ln §x§F§F§0§9§0§0§lL§x§F§F§0§0§0§0§lo§x§F§F§0§A§0§0§lr§x§F§F§1§5§0§0§ld §x§F§F§2§9§0§0§lK§x§F§F§3§4§0§0§le§x§F§F§3§E§0§0§ly in auction for 200000.
[17:51:23] > MrZyrus7228 added x1 §x§F§F§3§E§0§0§lD§x§F§F§3§5§0§0§le§x§F§F§2§C§0§0§lm§x§F§F§2§3§0§0§lo§x§F§F§1§B§0§0§ln §x§F§F§0§9§0§0§lL§x§F§F§0§0§0§0§lo§x§F§F§0§A§0§0§lr§x§F§F§1§5§0§0§ld §x§F§F§2§9§0§0§lK§x§F§F§3§4§0§0§le§x§F§F§3§E§0§0§ly in auction for 200000.
[17:51:34] > MrZyrus7228 added x1 §x§F§F§3§E§0§0§lD§x§F§F§3§5§0§0§le§x§F§F§2§C§0§0§lm§x§F§F§2§3§0§0§lo§x§F§F§1§B§0§0§ln §x§F§F§0§9§0§0§lL§x§F§F§0§0§0§0§lo§x§F§F§0§A§0§0§lr§x§F§F§1§5§0§0§ld §x§F§F§2§9§0§0§lK§x§F§F§3§4§0§0§le§x§F§F§3§E§0§0§ly in auction for 200000.
[17:51:46] > MrZyrus7228 added x1 §x§F§F§3§E§0§0§lD§x§F§F§3§5§0§0§le§x§F§F§2§C§0§0§lm§x§F§F§2§3§0§0§lo§x§F§F§1§B§0§0§ln §x§F§F§0§9§0§0§lL§x§F§F§0§0§0§0§lo§x§F§F§0§A§0§0§lr§x§F§F§1§5§0§0§ld §x§F§F§2§9§0§0§lK§x§F§F§3§4§0§0§le§x§F§F§3§E§0§0§ly in auction for 200000.
[17:54:19] > Palietass buy x1 §x§E§5§1§B§1§B§lDracula Shield to SydneySweetie for $200,000.
[17:54:28] > Palietass buy x1 §x§F§F§7§C§0§0§lSteamsparks Spear to Sanchay for $200,000.
[17:54:35] > Palietass remove x1 §x§E§5§1§B§1§B§lDracula Shield from buy
[17:54:36] > Palietass remove x1 §x§F§F§7§C§0§0§lSteamsparks Spear from buy
[17:56:38] > anneyong buy x3 §x§5§C§C§F§F§C§lC§x§5§C§D§1§F§5§lo§x§5§D§D§4§E§E§ls§x§5§D§D§6§E§7§lm§x§5§E§D§9§E§1§le§x§5§E§D§B§D§A§lt§x§5§E§D§D§D§3§li§x§5§F§E§0§C§C§lc §x§5§F§E§0§C§C§lH§x§5§E§D§D§D§3§la§x§5§E§D§B§D§A§lt§x§5§E§D§9§E§1§ls §x§5§D§D§4§E§E§lK§x§5§C§D§1§F§5§le§x§5§C§C§F§F§C§ly to .Kenku1001 for $100,000.
[18:00:53] > .KY_LE46826 added x1 Ominous bottle in auction for 100000.
[18:01:51] > .Kenku1001 buy x1 Ominous bottle to .KY_LE46826 for $100,000.
[18:02:13] > .Kenku1001 buy x1 Trial key to MrZyrus7228 for $55,000.
[18:03:19] > .Kenku1001 remove x1 Ominous bottle from buy
[18:03:20] > .Kenku1001 remove x1 Trial key from buy
[18:03:43] > .KY_LE46826 buy x1 §x§5§C§C§F§F§C§lC§x§5§C§D§1§F§5§lo§x§5§D§D§4§E§E§ls§x§5§D§D§6§E§7§lm§x§5§E§D§9§E§1§le§x§5§E§D§B§D§A§lt§x§5§E§D§D§D§3§li§x§5§F§E§0§C§C§lc §x§5§F§E§0§C§C§lH§x§5§E§D§D§D§3§la§x§5§E§D§B§D§A§lt§x§5§E§D§9§E§1§ls §x§5§D§D§4§E§E§lK§x§5§C§D§1§F§5§le§x§5§C§C§F§F§C§ly to koshie for $50,000.
[18:09:12] > Jaiki added x62 Wet sponge in auction for 300000000.
[18:09:15] > MrZyrus7228 remove x1 §x§F§F§3§E§0§0§lD§x§F§F§3§5§0§0§le§x§F§F§2§C§0§0§lm§x§F§F§2§3§0§0§lo§x§F§F§1§B§0§0§ln §x§F§F§0§9§0§0§lL§x§F§F§0§0§0§0§lo§x§F§F§0§A§0§0§lr§x§F§F§1§5§0§0§ld §x§F§F§2§9§0§0§lK§x§F§F§3§4§0§0§le§x§F§F§3§E§0§0§ly form storage
[18:09:15] > MrZyrus7228 remove x1 §x§F§F§3§E§0§0§lD§x§F§F§3§5§0§0§le§x§F§F§2§C§0§0§lm§x§F§F§2§3§0§0§lo§x§F§F§1§B§0§0§ln §x§F§F§0§9§0§0§lL§x§F§F§0§0§0§0§lo§x§F§F§0§A§0§0§lr§x§F§F§1§5§0§0§ld §x§F§F§2§9§0§0§lK§x§F§F§3§4§0§0§le§x§F§F§3§E§0§0§ly form storage
[18:09:15] > MrZyrus7228 remove x1 §x§F§F§3§E§0§0§lD§x§F§F§3§5§0§0§le§x§F§F§2§C§0§0§lm§x§F§F§2§3§0§0§lo§x§F§F§1§B§0§0§ln §x§F§F§0§9§0§0§lL§x§F§F§0§0§0§0§lo§x§F§F§0§A§0§0§lr§x§F§F§1§5§0§0§ld §x§F§F§2§9§0§0§lK§x§F§F§3§4§0§0§le§x§F§F§3§E§0§0§ly form storage
[18:09:15] > MrZyrus7228 remove x1 §x§F§F§3§E§0§0§lD§x§F§F§3§5§0§0§le§x§F§F§2§C§0§0§lm§x§F§F§2§3§0§0§lo§x§F§F§1§B§0§0§ln §x§F§F§0§9§0§0§lL§x§F§F§0§0§0§0§lo§x§F§F§0§A§0§0§lr§x§F§F§1§5§0§0§ld §x§F§F§2§9§0§0§lK§x§F§F§3§4§0§0§le§x§F§F§3§E§0§0§ly form storage
[18:09:24] > Jaiki remove x62 Wet sponge from storage
[18:11:18] > MrZyrus7228 added x1 §x§F§F§3§E§0§0§lD§x§F§F§3§6§0§0§le§x§F§F§2§F§0§0§lm§x§F§F§2§7§0§0§lo§x§F§F§1§F§0§0§ln §x§F§F§1§0§0§0§lL§x§F§F§0§8§0§0§lo§x§F§F§0§0§0§0§lr§x§F§F§0§8§0§0§ld §x§F§F§1§7§0§0§lH§x§F§F§1§F§0§0§le§x§F§F§2§7§0§0§ll§x§F§F§2§F§0§0§lm§x§F§F§3§6§0§0§le§x§F§F§3§E§0§0§lt in auction for 100000.
[18:13:04] > x1 §2Franck on sale by Ax_ has just expired, it goes in the inventory of expired items.
[18:14:10] > MrZyrus7228 added x1 §x§F§0§7§A§5§4§lZombie Apocalyptic SMG in auction for 250000.
[18:15:23] > .SharkyisHungry added x1 idk? in auction for 150000.
[18:15:50] > MrZyrus7228 remove x1 §x§F§0§7§A§5§4§lZombie Apocalyptic SMG from storage
[18:15:51] > MrZyrus7228 remove x1 §x§F§F§3§E§0§0§lD§x§F§F§3§6§0§0§le§x§F§F§2§F§0§0§lm§x§F§F§2§7§0§0§lo§x§F§F§1§F§0§0§ln §x§F§F§1§0§0§0§lL§x§F§F§0§8§0§0§lo§x§F§F§0§0§0§0§lr§x§F§F§0§8§0§0§ld §x§F§F§1§7§0§0§lH§x§F§F§1§F§0§0§le§x§F§F§2§7§0§0§ll§x§F§F§2§F§0§0§lm§x§F§F§3§6§0§0§le§x§F§F§3§E§0§0§lt from storage
[18:16:00] > MrZyrus7228 added x1 §x§F§0§7§A§5§4§lZombie Apocalyptic SMG in auction for 50000.
[18:16:19] > MrZyrus7228 added x1 §x§F§F§3§E§0§0§lD§x§F§F§3§6§0§0§le§x§F§F§2§F§0§0§lm§x§F§F§2§7§0§0§lo§x§F§F§1§F§0§0§ln §x§F§F§1§0§0§0§lL§x§F§F§0§8§0§0§lo§x§F§F§0§0§0§0§lr§x§F§F§0§8§0§0§ld §x§F§F§1§7§0§0§lH§x§F§F§1§F§0§0§le§x§F§F§2§7§0§0§ll§x§F§F§2§F§0§0§lm§x§F§F§3§6§0§0§le§x§F§F§3§E§0§0§lt in auction for 50000.
[18:16:45] > MrZyrus7228 added x1 §x§F§F§3§E§0§0§lD§x§F§F§3§7§0§0§le§x§F§F§3§0§0§0§lm§x§F§F§2§9§0§0§lo§x§F§F§2§2§0§0§ln §x§F§F§1§5§0§0§lL§x§F§F§0§E§0§0§lo§x§F§F§0§7§0§0§lr§x§F§F§0§0§0§0§ld §x§F§F§1§0§0§0§lP§x§F§F§1§7§0§0§li§x§F§F§1§F§0§0§lc§x§F§F§2§7§0§0§lk§x§F§F§2§F§0§0§la§x§F§F§3§6§0§0§lx§x§F§F§3§E§0§0§le in auction for 25000.
[18:16:47] > .Kenku1001 buy x64 Breeze rod to Unforce01 for $320,000.
[18:16:49] > .SharkyisHungry added x1 Netherite axe in auction for 75000.
[18:16:50] > SoulessBaron buy x1 idk? to .SharkyisHungry for $150,000.
[18:16:59] > MrZyrus7228 added x1 §x§F§F§3§E§0§0§lD§x§F§F§3§6§0§0§le§x§F§F§2§F§0§0§lm§x§F§F§2§7§0§0§lo§x§F§F§1§F§0§0§ln §x§F§F§1§0§0§0§lL§x§F§F§0§8§0§0§lo§x§F§F§0§0§0§0§lr§x§F§F§0§8§0§0§ld §x§F§F§1§7§0§0§lD§x§F§F§1§F§0§0§la§x§F§F§2§7§0§0§lg§x§F§F§2§F§0§0§lg§x§F§F§3§6§0§0§le§x§F§F§3§E§0§0§lr in auction for 30000.
[18:17:01] > .Kenku1001 remove x64 Breeze rod from buy
[18:17:03] > .KY_LE46826 buy x1 §x§F§F§3§E§0§0§lD§x§F§F§3§7§0§0§le§x§F§F§3§0§0§0§lm§x§F§F§2§9§0§0§lo§x§F§F§2§2§0§0§ln §x§F§F§1§5§0§0§lL§x§F§F§0§E§0§0§lo§x§F§F§0§7§0§0§lr§x§F§F§0§0§0§0§ld §x§F§F§1§0§0§0§lP§x§F§F§1§7§0§0§li§x§F§F§1§F§0§0§lc§x§F§F§2§7§0§0§lk§x§F§F§2§F§0§0§la§x§F§F§3§6§0§0§lx§x§F§F§3§E§0§0§le to MrZyrus7228 for $25,000.
[18:17:14] > P4LDOK buy x1 §x§F§F§3§E§0§0§lD§x§F§F§3§6§0§0§le§x§F§F§2§F§0§0§lm§x§F§F§2§7§0§0§lo§x§F§F§1§F§0§0§ln §x§F§F§1§0§0§0§lL§x§F§F§0§8§0§0§lo§x§F§F§0§0§0§0§lr§x§F§F§0§8§0§0§ld §x§F§F§1§7§0§0§lD§x§F§F§1§F§0§0§la§x§F§F§2§7§0§0§lg§x§F§F§2§F§0§0§lg§x§F§F§3§6§0§0§le§x§F§F§3§E§0§0§lr to MrZyrus7228 for $30,000.
[18:17:38] > P4LDOK remove x1 §x§F§F§3§E§0§0§lD§x§F§F§3§6§0§0§le§x§F§F§2§F§0§0§lm§x§F§F§2§7§0§0§lo§x§F§F§1§F§0§0§ln §x§F§F§1§0§0§0§lL§x§F§F§0§8§0§0§lo§x§F§F§0§0§0§0§lr§x§F§F§0§8§0§0§ld §x§F§F§1§7§0§0§lD§x§F§F§1§F§0§0§la§x§F§F§2§7§0§0§lg§x§F§F§2§F§0§0§lg§x§F§F§3§6§0§0§le§x§F§F§3§E§0§0§lr from buy
[18:18:14] > P4LDOK buy x1 §x§F§F§3§E§0§0§lD§x§F§F§3§6§0§0§le§x§F§F§2§F§0§0§lm§x§F§F§2§7§0§0§lo§x§F§F§1§F§0§0§ln §x§F§F§1§0§0§0§lL§x§F§F§0§8§0§0§lo§x§F§F§0§0§0§0§lr§x§F§F§0§8§0§0§ld §x§F§F§1§7§0§0§lH§x§F§F§1§F§0§0§le§x§F§F§2§7§0§0§ll§x§F§F§2§F§0§0§lm§x§F§F§3§6§0§0§le§x§F§F§3§E§0§0§lt to MrZyrus7228 for $50,000.
[18:18:39] > Runz added x1 §x§F§0§7§A§5§4§lZombie Apocalyptic Helmet in auction for 300000.
[18:18:43] > P4LDOK buy x1 Netherite axe to .SharkyisHungry for $75,000.
[18:19:32] > Runz added x1 §f§l§x§F§A§0§0§0§AD§x§F§A§1§C§1§5a§x§F§B§3§7§2§0r§x§F§B§5§3§2§Bk§x§F§B§6§F§3§6f§x§F§B§8§B§4§1l§x§F§C§A§6§4§Ca§x§F§C§C§2§5§7me§x§F§C§A§6§4§C §x§F§B§8§B§4§1S§x§F§B§6§F§3§6h§x§F§B§5§3§2§Bo§x§F§B§3§7§2§0v§x§F§A§1§C§1§5e§x§F§A§0§0§0§Al in auction for 300000.
[18:19:40] > .Kenku1001 buy x1 §f§l§x§F§A§0§0§0§AD§x§F§A§1§C§1§5a§x§F§B§3§7§2§0r§x§F§B§5§3§2§Bk§x§F§B§6§F§3§6f§x§F§B§8§B§4§1l§x§F§C§A§6§4§Ca§x§F§C§C§2§5§7me§x§F§C§A§6§4§C §x§F§B§8§B§4§1S§x§F§B§6§F§3§6h§x§F§B§5§3§2§Bo§x§F§B§3§7§2§0v§x§F§A§1§C§1§5e§x§F§A§0§0§0§Al to Runz for $300,000.
[18:19:52] > MrZyrus7228 added x1 §f§l§x§F§A§0§0§0§AD§x§F§A§1§C§1§5a§x§F§B§3§7§2§0r§x§F§B§5§3§2§Bk§x§F§B§6§F§3§6f§x§F§B§8§B§4§1l§x§F§C§A§6§4§Ca§x§F§C§C§2§5§7me§x§F§C§A§6§4§C §x§F§B§8§B§4§1S§x§F§B§6§F§3§6h§x§F§B§5§3§2§Bo§x§F§B§3§7§2§0v§x§F§A§1§C§1§5e§x§F§A§0§0§0§Al in auction for 200000.
[18:19:54] > P4LDOK remove x1 Netherite axe from buy
[18:19:54] > .Kenku1001 remove x1 §f§l§x§F§A§0§0§0§AD§x§F§A§1§C§1§5a§x§F§B§3§7§2§0r§x§F§B§5§3§2§Bk§x§F§B§6§F§3§6f§x§F§B§8§B§4§1l§x§F§C§A§6§4§Ca§x§F§C§C§2§5§7me§x§F§C§A§6§4§C §x§F§B§8§B§4§1S§x§F§B§6§F§3§6h§x§F§B§5§3§2§Bo§x§F§B§3§7§2§0v§x§F§A§1§C§1§5e§x§F§A§0§0§0§Al from buy
[18:19:55] > P4LDOK remove x1 §x§F§F§3§E§0§0§lD§x§F§F§3§6§0§0§le§x§F§F§2§F§0§0§lm§x§F§F§2§7§0§0§lo§x§F§F§1§F§0§0§ln §x§F§F§1§0§0§0§lL§x§F§F§0§8§0§0§lo§x§F§F§0§0§0§0§lr§x§F§F§0§8§0§0§ld §x§F§F§1§7§0§0§lH§x§F§F§1§F§0§0§le§x§F§F§2§7§0§0§ll§x§F§F§2§F§0§0§lm§x§F§F§3§6§0§0§le§x§F§F§3§E§0§0§lt from buy
[18:19:59] > celinesanrio buy x1 §f§l§x§F§A§0§0§0§AD§x§F§A§1§C§1§5a§x§F§B§3§7§2§0r§x§F§B§5§3§2§Bk§x§F§B§6§F§3§6f§x§F§B§8§B§4§1l§x§F§C§A§6§4§Ca§x§F§C§C§2§5§7me§x§F§C§A§6§4§C §x§F§B§8§B§4§1S§x§F§B§6§F§3§6h§x§F§B§5§3§2§Bo§x§F§B§3§7§2§0v§x§F§A§1§C§1§5e§x§F§A§0§0§0§Al to MrZyrus7228 for $200,000.
[18:20:22] > .KY_LE46826 remove x1 §x§5§C§C§F§F§C§lC§x§5§C§D§1§F§5§lo§x§5§D§D§4§E§E§ls§x§5§D§D§6§E§7§lm§x§5§E§D§9§E§1§le§x§5§E§D§B§D§A§lt§x§5§E§D§D§D§3§li§x§5§F§E§0§C§C§lc §x§5§F§E§0§C§C§lH§x§5§E§D§D§D§3§la§x§5§E§D§B§D§A§lt§x§5§E§D§9§E§1§ls §x§5§D§D§4§E§E§lK§x§5§C§D§1§F§5§le§x§5§C§C§F§F§C§ly from buy
[18:20:24] > celinesanrio buy x1 §x§F§F§7§C§0§0§lSteamsparks Blade to HwanYo for $500,000.
[18:20:26] > .KY_LE46826 remove x1 §x§F§F§3§E§0§0§lD§x§F§F§3§7§0§0§le§x§F§F§3§0§0§0§lm§x§F§F§2§9§0§0§lo§x§F§F§2§2§0§0§ln §x§F§F§1§5§0§0§lL§x§F§F§0§E§0§0§lo§x§F§F§0§7§0§0§lr§x§F§F§0§0§0§0§ld §x§F§F§1§0§0§0§lP§x§F§F§1§7§0§0§li§x§F§F§1§F§0§0§lc§x§F§F§2§7§0§0§lk§x§F§F§2§F§0§0§la§x§F§F§3§6§0§0§lx§x§F§F§3§E§0§0§le from buy
[18:20:37] > celinesanrio remove x1 §f§l§x§F§A§0§0§0§AD§x§F§A§1§C§1§5a§x§F§B§3§7§2§0r§x§F§B§5§3§2§Bk§x§F§B§6§F§3§6f§x§F§B§8§B§4§1l§x§F§C§A§6§4§Ca§x§F§C§C§2§5§7me§x§F§C§A§6§4§C §x§F§B§8§B§4§1S§x§F§B§6§F§3§6h§x§F§B§5§3§2§Bo§x§F§B§3§7§2§0v§x§F§A§1§C§1§5e§x§F§A§0§0§0§Al form buy
[18:20:37] > celinesanrio remove x1 §x§F§F§7§C§0§0§lSteamsparks Blade form buy
[18:20:44] > MrZyrus7228 added x1 §f§l§x§F§A§0§0§0§AD§x§F§A§2§3§1§8a§x§F§B§4§5§2§5r§x§F§B§6§8§3§3k§x§F§B§8§B§4§1f§x§F§C§A§D§4§El§x§F§C§D§0§5§Ca§x§F§C§D§0§5§Cm§x§F§C§B§2§5§0e§x§F§B§9§5§4§5 §x§F§B§7§7§3§9B§x§F§B§5§9§2§Do§x§F§B§3§B§2§1o§x§F§A§1§E§1§6t§x§F§A§0§0§0§As in auction for 2000000.
[18:20:47] > celinesanrio buy x1 §f§l§x§F§A§0§0§0§AD§x§F§A§2§3§1§8a§x§F§B§4§5§2§5r§x§F§B§6§8§3§3k§x§F§B§8§B§4§1f§x§F§C§A§D§4§El§x§F§C§D§0§5§Ca§x§F§C§D§0§5§Cm§x§F§C§B§2§5§0e§x§F§B§9§5§4§5 §x§F§B§7§7§3§9B§x§F§B§5§9§2§Do§x§F§B§3§B§2§1o§x§F§A§1§E§1§6t§x§F§A§0§0§0§As to MrZyrus7228 for $2,000,000.
[18:21:00] > celinesanrio remove x1 §f§l§x§F§A§0§0§0§AD§x§F§A§2§3§1§8a§x§F§B§4§5§2§5r§x§F§B§6§8§3§3k§x§F§B§8§B§4§1f§x§F§C§A§D§4§El§x§F§C§D§0§5§Ca§x§F§C§D§0§5§Cm§x§F§C§B§2§5§0e§x§F§B§9§5§4§5 §x§F§B§7§7§3§9B§x§F§B§5§9§2§Do§x§F§B§3§B§2§1o§x§F§A§1§E§1§6t§x§F§A§0§0§0§As form buy
[18:21:37] > .KY_LE46826 added x1 §fSun Hat in auction for 500000.
[18:22:00] > celinesanrio added x3 §x§F§0§7§A§5§4§lZombie Apocalyptic Key in auction for 600000.
[18:23:42] > .KY_LE46826 added x1 §f§l§x§F§A§0§0§0§AD§x§F§A§1§C§1§5a§x§F§B§3§7§2§0r§x§F§B§5§3§2§Bk§x§F§B§6§F§3§6f§x§F§B§8§B§4§1l§x§F§C§A§6§4§Ca§x§F§C§C§2§5§7me§x§F§C§A§6§4§C §x§F§B§8§B§4§1S§x§F§B§6§F§3§6h§x§F§B§5§3§2§Bi§x§F§B§3§7§2§0e§x§F§A§1§C§1§5l§x§F§A§0§0§0§Ad in auction for 1500000.
[18:23:46] > BlackKnight buy x1 §x§F§0§7§A§5§4§lZombie Apocalyptic SMG to MrZyrus7228 for $50,000.
[18:23:49] > celinesanrio buy x1 §f§l§x§F§A§0§0§0§AD§x§F§A§1§C§1§5a§x§F§B§3§7§2§0r§x§F§B§5§3§2§Bk§x§F§B§6§F§3§6f§x§F§B§8§B§4§1l§x§F§C§A§6§4§Ca§x§F§C§C§2§5§7me§x§F§C§A§6§4§C §x§F§B§8§B§4§1S§x§F§B§6§F§3§6h§x§F§B§5§3§2§Bi§x§F§B§3§7§2§0e§x§F§A§1§C§1§5l§x§F§A§0§0§0§Ad to .KY_LE46826 for $1,500,000.
[18:23:52] > celinesanrio remove x1 §f§l§x§F§A§0§0§0§AD§x§F§A§1§C§1§5a§x§F§B§3§7§2§0r§x§F§B§5§3§2§Bk§x§F§B§6§F§3§6f§x§F§B§8§B§4§1l§x§F§C§A§6§4§Ca§x§F§C§C§2§5§7me§x§F§C§A§6§4§C §x§F§B§8§B§4§1S§x§F§B§6§F§3§6h§x§F§B§5§3§2§Bi§x§F§B§3§7§2§0e§x§F§A§1§C§1§5l§x§F§A§0§0§0§Ad form buy
[18:24:18] > Runz added x2 §x§C§9§A§7§F§C§lL§x§B§D§A§E§F§6§le§x§B§1§B§4§F§0§lg§x§A§6§B§B§E§A§le§x§9§A§C§1§E§4§ln§x§8§E§C§8§D§D§ld§x§8§2§C§E§D§7§la§x§7§7§D§5§D§1§lr§x§6§B§D§B§C§B§ly §x§6§B§D§B§C§B§lC§x§7§7§D§5§D§1§lr§x§8§2§C§E§D§7§la§x§8§E§C§8§D§D§lt§x§9§A§C§1§E§4§le §x§B§1§B§4§F§0§lK§x§B§D§A§E§F§6§le§x§C§9§A§7§F§C§ly in auction for 100000.
[18:24:23] > Unforce01 buy x2 §x§C§9§A§7§F§C§lL§x§B§D§A§E§F§6§le§x§B§1§B§4§F§0§lg§x§A§6§B§B§E§A§le§x§9§A§C§1§E§4§ln§x§8§E§C§8§D§D§ld§x§8§2§C§E§D§7§la§x§7§7§D§5§D§1§lr§x§6§B§D§B§C§B§ly §x§6§B§D§B§C§B§lC§x§7§7§D§5§D§1§lr§x§8§2§C§E§D§7§la§x§8§E§C§8§D§D§lt§x§9§A§C§1§E§4§le §x§B§1§B§4§F§0§lK§x§B§D§A§E§F§6§le§x§C§9§A§7§F§C§ly to Runz for $100,000.
[18:26:36] > celinesanrio added x6 §x§F§2§C§6§D§E§lP§x§E§0§C§A§D§B§li§x§C§D§C§D§D§8§ln§x§B§B§D§1§D§5§la§x§A§9§D§4§D§2§lt§x§9§6§D§8§C§E§la §x§7§1§D§F§C§8§lC§x§5§F§E§2§C§5§lr§x§7§4§D§E§C§9§la§x§8§9§D§A§C§C§lt§x§9§E§D§6§D§0§le §x§C§8§C§E§D§7§lK§x§D§D§C§A§D§A§le§x§F§2§C§6§D§E§ly in auction for 600000.
[18:26:56] > .KY_LE46826 buy x1 §x§F§F§3§E§0§0§lD§x§F§F§3§6§0§0§le§x§F§F§2§F§0§0§lm§x§F§F§2§7§0§0§lo§x§F§F§1§F§0§0§ln §x§F§F§1§0§0§0§lL§x§F§F§0§8§0§0§lo§x§F§F§0§0§0§0§lr§x§F§F§0§9§0§0§ld §x§F§F§1§B§0§0§lS§x§F§F§2§3§0§0§lt§x§F§F§2§C§0§0§la§x§F§F§3§5§0§0§lf§x§F§F§3§E§0§0§lf to kji for $200,000.
[18:27:05] > .KY_LE46826 buy x1 Diamond chestplate to ELITEW4RRIOR for $1,500.
[18:29:11] > .KY_LE46826 remove x1 Diamond chestplate form buy
[18:29:11] > .KY_LE46826 remove x1 §x§F§F§3§E§0§0§lD§x§F§F§3§6§0§0§le§x§F§F§2§F§0§0§lm§x§F§F§2§7§0§0§lo§x§F§F§1§F§0§0§ln §x§F§F§1§0§0§0§lL§x§F§F§0§8§0§0§lo§x§F§F§0§0§0§0§lr§x§F§F§0§9§0§0§ld §x§F§F§1§B§0§0§lS§x§F§F§2§3§0§0§lt§x§F§F§2§C§0§0§la§x§F§F§3§5§0§0§lf§x§F§F§3§E§0§0§lf form buy
[18:29:49] > PrezXie buy x64 Iron block to Seris00 for $22,400.
[18:29:51] > PrezXie buy x64 Iron block to Seris00 for $22,400.
[18:29:52] > PrezXie buy x64 Iron block to Seris00 for $22,400.
[18:29:54] > PrezXie buy x64 Iron block to Seris00 for $22,400.
[18:29:56] > PrezXie buy x64 Iron block to Seris00 for $22,400.
[18:29:57] > PrezXie buy x64 Iron block to Seris00 for $22,400.
[18:29:59] > PrezXie buy x64 Iron block to Seris00 for $22,400.
[18:30:31] > Xerozion buy x6 §x§F§2§C§6§D§E§lP§x§E§0§C§A§D§B§li§x§C§D§C§D§D§8§ln§x§B§B§D§1§D§5§la§x§A§9§D§4§D§2§lt§x§9§6§D§8§C§E§la §x§7§1§D§F§C§8§lC§x§5§F§E§2§C§5§lr§x§7§4§D§E§C§9§la§x§8§9§D§A§C§C§lt§x§9§E§D§6§D§0§le §x§C§8§C§E§D§7§lK§x§D§D§C§A§D§A§le§x§F§2§C§6§D§E§ly to celinesanrio for $600,000.
[18:30:36] > Xerozion remove x6 §x§F§2§C§6§D§E§lP§x§E§0§C§A§D§B§li§x§C§D§C§D§D§8§ln§x§B§B§D§1§D§5§la§x§A§9§D§4§D§2§lt§x§9§6§D§8§C§E§la §x§7§1§D§F§C§8§lC§x§5§F§E§2§C§5§lr§x§7§4§D§E§C§9§la§x§8§9§D§A§C§C§lt§x§9§E§D§6§D§0§le §x§C§8§C§E§D§7§lK§x§D§D§C§A§D§A§le§x§F§2§C§6§D§E§ly from buy
[18:30:41] > celinesanrio remove x3 §x§F§0§7§A§5§4§lZombie Apocalyptic Key from storage
[18:30:41] > celinesanrio remove x3 Wither rose from storage
[18:30:46] > celinesanrio added x3 Wither rose in auction for 3000.
[18:30:56] > celinesanrio added x3 §x§F§0§7§A§5§4§lZombie Apocalyptic Key in auction for 300000.
[18:31:11] > PrezXie remove x64 Iron block from buy
[18:31:11] > PrezXie remove x64 Iron block from buy
[18:31:12] > PrezXie remove x64 Iron block from buy
[18:31:12] > PrezXie remove x64 Iron block from buy
[18:31:12] > PrezXie remove x64 Iron block from buy
[18:31:12] > PrezXie remove x64 Iron block from buy
[18:31:13] > PrezXie remove x64 Iron block from buy
[18:32:25] > celinesanrio added x1 §f§l§x§F§A§0§0§0§AD§x§F§A§2§0§1§7a§x§F§B§4§0§2§3r§x§F§B§6§0§3§0k§x§F§B§8§0§3§Cf§x§F§C§A§0§4§9l§x§F§C§C§0§5§6am§x§F§C§A§0§4§9e§x§F§B§8§0§3§C §x§F§B§6§0§3§0M§x§F§B§4§0§2§3a§x§F§A§2§0§1§7c§x§F§A§0§0§0§Ae in auction for 1500000.
[18:36:23] > Khanetucky added x1 §x§F§0§7§A§5§4§lZombie Apocalyptic Helmet in auction for 10000.
[18:36:30] > P4LDOK buy x1 §x§F§0§7§A§5§4§lZombie Apocalyptic Helmet to Khanetucky for $10,000.
[18:36:47] > celinesanrio added x1 §f§l§x§F§A§0§0§0§AD§x§F§A§1§A§1§4a§x§F§B§3§4§1§Fr§x§F§B§4§E§2§9k§x§F§B§6§8§3§3f§x§F§B§8§2§3§Dl§x§F§C§9§C§4§8a§x§F§C§B§6§5§2m§x§F§C§D§0§5§Ce§x§F§C§D§0§5§C §x§F§C§B§6§5§2L§x§F§C§9§C§4§8e§x§F§B§8§2§3§Dg§x§F§B§6§8§3§3g§x§F§B§4§E§2§9i§x§F§B§3§4§1§Fn§x§F§A§1§A§1§4g§x§F§A§0§0§0§As in auction for 3000000.
[18:37:02] > P4LDOK remove x1 §x§F§0§7§A§5§4§lZombie Apocalyptic Helmet from buy
[18:37:02] > celinesanrio added x1 §f§l§x§F§A§0§0§0§AD§x§F§A§1§C§1§5a§x§F§B§3§7§2§0r§x§F§B§5§3§2§Bk§x§F§B§6§F§3§6f§x§F§B§8§B§4§1l§x§F§C§A§6§4§Ca§x§F§C§C§2§5§7me§x§F§C§A§6§4§C §x§F§B§8§B§4§1S§x§F§B§6§F§3§6h§x§F§B§5§3§2§Bo§x§F§B§3§7§2§0v§x§F§A§1§C§1§5e§x§F§A§0§0§0§Al in auction for 1000000.
[18:37:14] > celinesanrio added x1 §f§l§x§F§A§0§0§0§AD§x§F§A§1§C§1§5a§x§F§B§3§7§2§0r§x§F§B§5§3§2§Bk§x§F§B§6§F§3§6f§x§F§B§8§B§4§1l§x§F§C§A§6§4§Ca§x§F§C§C§2§5§7me§x§F§C§A§6§4§C §x§F§B§8§B§4§1S§x§F§B§6§F§3§6h§x§F§B§5§3§2§Bo§x§F§B§3§7§2§0v§x§F§A§1§C§1§5e§x§F§A§0§0§0§Al in auction for 1000000.
[18:37:56] > celinesanrio remove x3 §x§F§0§7§A§5§4§lZombie Apocalyptic Key from storage
[18:38:02] > celinesanrio added x3 §x§F§0§7§A§5§4§lZombie Apocalyptic Key in auction for 300000.
[18:38:04] > Runz remove x1 §esʜᴇᴇᴘ sᴘᴀᴡɴᴇʀ from expire
[18:38:04] > Runz remove x1 §esʜᴇᴇᴘ sᴘᴀᴡɴᴇʀ from expire
[18:38:05] > Runz remove x1 §esʜᴇᴇᴘ sᴘᴀᴡɴᴇʀ from expire
[18:38:08] > YamanashYxSoyeon buy x3 §x§F§0§7§A§5§4§lZombie Apocalyptic Key to celinesanrio for $300,000.
[18:38:10] > Khanetucky added x1 §f§l§x§F§A§0§0§0§AD§x§F§A§1§5§1§2a§x§F§A§2§A§1§Ar§x§F§B§3§E§2§3k§x§F§B§5§3§2§Bf§x§F§B§6§8§3§3l§x§F§B§7§D§3§Ba§x§F§B§9§2§4§3m§x§F§C§A§6§4§Ce§x§F§C§B§B§5§4 §x§F§C§D§0§5§CF§x§F§C§B§B§5§4i§x§F§C§A§6§4§Cs§x§F§B§9§2§4§3h§x§F§B§7§D§3§Bi§x§F§B§6§8§3§3n§x§F§B§5§3§2§Bg§x§F§B§3§E§2§3 §x§F§A§2§A§1§AR§x§F§A§1§5§1§2o§x§F§A§0§0§0§Ad in auction for 100000.
[18:38:18] > celinesanrio buy x1 §f§l§x§F§A§0§0§0§AD§x§F§A§1§5§1§2a§x§F§A§2§A§1§Ar§x§F§B§3§E§2§3k§x§F§B§5§3§2§Bf§x§F§B§6§8§3§3l§x§F§B§7§D§3§Ba§x§F§B§9§2§4§3m§x§F§C§A§6§4§Ce§x§F§C§B§B§5§4 §x§F§C§D§0§5§CF§x§F§C§B§B§5§4i§x§F§C§A§6§4§Cs§x§F§B§9§2§4§3h§x§F§B§7§D§3§Bi§x§F§B§6§8§3§3n§x§F§B§5§3§2§Bg§x§F§B§3§E§2§3 §x§F§A§2§A§1§AR§x§F§A§1§5§1§2o§x§F§A§0§0§0§Ad to Khanetucky for $100,000.
[18:38:21] > celinesanrio remove x1 §f§l§x§F§A§0§0§0§AD§x§F§A§1§5§1§2a§x§F§A§2§A§1§Ar§x§F§B§3§E§2§3k§x§F§B§5§3§2§Bf§x§F§B§6§8§3§3l§x§F§B§7§D§3§Ba§x§F§B§9§2§4§3m§x§F§C§A§6§4§Ce§x§F§C§B§B§5§4 §x§F§C§D§0§5§CF§x§F§C§B§B§5§4i§x§F§C§A§6§4§Cs§x§F§B§9§2§4§3h§x§F§B§7§D§3§Bi§x§F§B§6§8§3§3n§x§F§B§5§3§2§Bg§x§F§B§3§E§2§3 §x§F§A§2§A§1§AR§x§F§A§1§5§1§2o§x§F§A§0§0§0§Ad form buy
[18:38:32] > celinesanrio added x1 §f§l§x§F§A§0§0§0§AD§x§F§A§1§5§1§2a§x§F§A§2§A§1§Ar§x§F§B§3§E§2§3k§x§F§B§5§3§2§Bf§x§F§B§6§8§3§3l§x§F§B§7§D§3§Ba§x§F§B§9§2§4§3m§x§F§C§A§6§4§Ce§x§F§C§B§B§5§4 §x§F§C§D§0§5§CF§x§F§C§B§B§5§4i§x§F§C§A§6§4§Cs§x§F§B§9§2§4§3h§x§F§B§7§D§3§Bi§x§F§B§6§8§3§3n§x§F§B§5§3§2§Bg§x§F§B§3§E§2§3 §x§F§A§2§A§1§AR§x§F§A§1§5§1§2o§x§F§A§0§0§0§Ad in auction for 500000.
[18:38:41] > celinesanrio remove x1 §f§l§x§F§A§0§0§0§AD§x§F§A§1§C§1§5a§x§F§B§3§7§2§0r§x§F§B§5§3§2§Bk§x§F§B§6§F§3§6f§x§F§B§8§B§4§1l§x§F§C§A§6§4§Ca§x§F§C§C§2§5§7me§x§F§C§A§6§4§C §x§F§B§8§B§4§1S§x§F§B§6§F§3§6h§x§F§B§5§3§2§Bo§x§F§B§3§7§2§0v§x§F§A§1§C§1§5e§x§F§A§0§0§0§Al from storage
[18:38:48] > celinesanrio added x1 §f§l§x§F§A§0§0§0§AD§x§F§A§1§C§1§5a§x§F§B§3§7§2§0r§x§F§B§5§3§2§Bk§x§F§B§6§F§3§6f§x§F§B§8§B§4§1l§x§F§C§A§6§4§Ca§x§F§C§C§2§5§7me§x§F§C§A§6§4§C §x§F§B§8§B§4§1S§x§F§B§6§F§3§6h§x§F§B§5§3§2§Bo§x§F§B§3§7§2§0v§x§F§A§1§C§1§5e§x§F§A§0§0§0§Al in auction for 1000000.
[18:39:56] > llhxnce remove x1 §x§F§F§3§E§0§0§lD§x§F§F§3§8§0§0§le§x§F§F§3§2§0§0§lm§x§F§F§2§B§0§0§lo§x§F§F§2§5§0§0§ln §x§F§F§1§9§0§0§lL§x§F§F§1§3§0§0§lo§x§F§F§0§C§0§0§lr§x§F§F§0§6§0§0§ld §x§F§F§0§6§0§0§lB§x§F§F§0§C§0§0§la§x§F§F§1§3§0§0§lt§x§F§F§1§9§0§0§lt§x§F§F§1§F§0§0§ll§x§F§F§2§5§0§0§le §x§F§F§3§2§0§0§lA§x§F§F§3§8§0§0§lx§x§F§F§3§E§0§0§le from storage
[18:39:57] > llhxnce remove x1 §x§F§F§3§E§0§0§lD§x§F§F§3§6§0§0§le§x§F§F§2§F§0§0§lm§x§F§F§2§7§0§0§lo§x§F§F§1§F§0§0§ln §x§F§F§1§0§0§0§lL§x§F§F§0§8§0§0§lo§x§F§F§0§0§0§0§lr§x§F§F§0§8§0§0§ld §x§F§F§1§7§0§0§lS§x§F§F§1§F§0§0§lh§x§F§F§2§7§0§0§lo§x§F§F§2§F§0§0§lv§x§F§F§3§6§0§0§le§x§F§F§3§E§0§0§ll from storage
[18:39:58] > llhxnce remove x1 §x§5§C§C§F§F§C§lC§x§5§C§D§1§F§5§lo§x§5§D§D§4§E§E§ls§x§5§D§D§6§E§7§lm§x§5§E§D§9§E§1§le§x§5§E§D§B§D§A§lt§x§5§E§D§D§D§3§li§x§5§F§E§0§C§C§lc §x§5§F§E§0§C§C§lH§x§5§E§D§D§D§3§la§x§5§E§D§B§D§A§lt§x§5§E§D§9§E§1§ls §x§5§D§D§4§E§E§lK§x§5§C§D§1§F§5§le§x§5§C§C§F§F§C§ly from storage
[18:39:59] > llhxnce remove x6 Nether star from storage
[18:39:59] > llhxnce remove x1 §f§l§x§F§C§D§0§5§CW§x§F§A§A§6§4§Au§x§F§8§7§D§3§7k§x§F§7§5§3§2§5o§x§F§5§2§A§1§2n§x§F§3§0§0§0§0g§x§F§5§2§A§1§2 §x§F§7§5§3§2§5C§x§F§8§7§D§3§7l§x§F§A§A§6§4§Au§x§F§C§D§0§5§Cb from storage
[18:40:00] > llhxnce remove x5 §x§F§C§9§0§5§C§lE§x§E§6§9§C§6§B§lp§x§C§F§A§7§7§A§li§x§B§9§B§3§8§9§lc §x§8§C§C§B§A§7§lC§x§7§5§D§6§B§6§lr§x§5§F§E§2§C§5§la§x§7§9§D§4§B§4§lt§x§9§3§C§7§A§2§le §x§C§8§A§B§7§F§lK§x§E§2§9§E§6§E§le§x§F§C§9§0§5§C§ly from storage
[18:40:17] > llhxnce added x6 Nether star in auction for 500000.
[18:41:25] > llhxnce added x1 §x§F§F§3§E§0§0§lD§x§F§F§3§8§0§0§le§x§F§F§3§2§0§0§lm§x§F§F§2§B§0§0§lo§x§F§F§2§5§0§0§ln §x§F§F§1§9§0§0§lL§x§F§F§1§3§0§0§lo§x§F§F§0§C§0§0§lr§x§F§F§0§6§0§0§ld §x§F§F§0§6§0§0§lB§x§F§F§0§C§0§0§la§x§F§F§1§3§0§0§lt§x§F§F§1§9§0§0§lt§x§F§F§1§F§0§0§ll§x§F§F§2§5§0§0§le §x§F§F§3§2§0§0§lA§x§F§F§3§8§0§0§lx§x§F§F§3§E§0§0§le in auction for 200000.
[18:48:43] > MrZyrus7228 added x1 §f§l§x§F§A§0§0§0§AD§x§F§A§1§C§1§5a§x§F§B§3§7§2§0r§x§F§B§5§3§2§Bk§x§F§B§6§F§3§6f§x§F§B§8§B§4§1l§x§F§C§A§6§4§Ca§x§F§C§C§2§5§7me§x§F§C§A§6§4§C §x§F§B§8§B§4§1S§x§F§B§6§F§3§6i§x§F§B§5§3§2§Bc§x§F§B§3§7§2§0k§x§F§A§1§C§1§5l§x§F§A§0§0§0§Ae in auction for 300000.
[18:48:53] > tic_sz buy x1 §f§l§x§F§A§0§0§0§AD§x§F§A§1§C§1§5a§x§F§B§3§7§2§0r§x§F§B§5§3§2§Bk§x§F§B§6§F§3§6f§x§F§B§8§B§4§1l§x§F§C§A§6§4§Ca§x§F§C§C§2§5§7me§x§F§C§A§6§4§C §x§F§B§8§B§4§1S§x§F§B§6§F§3§6i§x§F§B§5§3§2§Bc§x§F§B§3§7§2§0k§x§F§A§1§C§1§5l§x§F§A§0§0§0§Ae to MrZyrus7228 for $300,000.
[18:49:53] > MrZyrus7228 added x1 §f§l§x§F§A§0§0§0§AD§x§F§A§1§7§1§3a§x§F§A§2§E§1§Cr§x§F§B§4§5§2§5k§x§F§B§5§C§2§Ef§x§F§B§7§4§3§8l§x§F§B§8§B§4§1a§x§F§C§A§2§4§Am§x§F§C§B§9§5§3e§x§F§C§D§0§5§C §x§F§C§D§0§5§CC§x§F§C§B§9§5§3h§x§F§C§A§2§4§Ae§x§F§B§8§B§4§1s§x§F§B§7§4§3§8t§x§F§B§5§C§2§Ep§x§F§B§4§5§2§5l§x§F§A§2§E§1§Ca§x§F§A§1§7§1§3t§x§F§A§0§0§0§Ae in auction for 2000000.
[18:50:17] > .SharkyisHungry added x1 §x§F§0§7§A§5§4§lZombie Apocalyptic Boots in auction for 300000.
[18:50:45] > BlackKnight remove x1 §f§l§x§F§A§0§0§0§AD§x§F§A§1§7§1§3a§x§F§A§2§E§1§Cr§x§F§B§4§5§2§5k§x§F§B§5§C§2§Ef§x§F§B§7§4§3§8l§x§F§B§8§B§4§1a§x§F§C§A§2§4§Am§x§F§C§B§9§5§3e§x§F§C§D§0§5§C §x§F§C§D§0§5§CC§x§F§C§B§9§5§3h§x§F§C§A§2§4§Ae§x§F§B§8§B§4§1s§x§F§B§7§4§3§8t§x§F§B§5§C§2§Ep§x§F§B§4§5§2§5l§x§F§A§2§E§1§Ca§x§F§A§1§7§1§3t§x§F§A§0§0§0§Ae from buy
[18:51:03] > MrZyrus7228 added x1 §f§l§x§F§A§0§0§0§AD§x§F§A§1§C§1§5a§x§F§B§3§7§2§0r§x§F§B§5§3§2§Bk§x§F§B§6§F§3§6f§x§F§B§8§B§4§1l§x§F§C§A§6§4§Ca§x§F§C§C§2§5§7me§x§F§C§A§6§4§C §x§F§B§8§B§4§1S§x§F§B§6§F§3§6i§x§F§B§5§3§2§Bc§x§F§B§3§7§2§0k§x§F§A§1§C§1§5l§x§F§A§0§0§0§Ae in auction for 350000.
[18:51:24] > MrZyrus7228 remove x1 §f§l§x§F§A§0§0§0§AD§x§F§A§1§C§1§5a§x§F§B§3§7§2§0r§x§F§B§5§3§2§Bk§x§F§B§6§F§3§6f§x§F§B§8§B§4§1l§x§F§C§A§6§4§Ca§x§F§C§C§2§5§7me§x§F§C§A§6§4§C §x§F§B§8§B§4§1S§x§F§B§6§F§3§6i§x§F§B§5§3§2§Bc§x§F§B§3§7§2§0k§x§F§A§1§C§1§5l§x§F§A§0§0§0§Ae from storage
[18:51:36] > MrZyrus7228 added x1 §f§l§x§F§A§0§0§0§AD§x§F§A§1§C§1§5a§x§F§B§3§7§2§0r§x§F§B§5§3§2§Bk§x§F§B§6§F§3§6f§x§F§B§8§B§4§1l§x§F§C§A§6§4§Ca§x§F§C§C§2§5§7me§x§F§C§A§6§4§C §x§F§B§8§B§4§1S§x§F§B§6§F§3§6i§x§F§B§5§3§2§Bc§x§F§B§3§7§2§0k§x§F§A§1§C§1§5l§x§F§A§0§0§0§Ae in auction for 300000.
[18:51:44] > llhxnce buy x1 §f§l§x§F§A§0§0§0§AD§x§F§A§1§C§1§5a§x§F§B§3§7§2§0r§x§F§B§5§3§2§Bk§x§F§B§6§F§3§6f§x§F§B§8§B§4§1l§x§F§C§A§6§4§Ca§x§F§C§C§2§5§7me§x§F§C§A§6§4§C §x§F§B§8§B§4§1S§x§F§B§6§F§3§6i§x§F§B§5§3§2§Bc§x§F§B§3§7§2§0k§x§F§A§1§C§1§5l§x§F§A§0§0§0§Ae to MrZyrus7228 for $300,000.
[18:51:56] > llhxnce remove x1 §f§l§x§F§A§0§0§0§AD§x§F§A§1§C§1§5a§x§F§B§3§7§2§0r§x§F§B§5§3§2§Bk§x§F§B§6§F§3§6f§x§F§B§8§B§4§1l§x§F§C§A§6§4§Ca§x§F§C§C§2§5§7me§x§F§C§A§6§4§C §x§F§B§8§B§4§1S§x§F§B§6§F§3§6i§x§F§B§5§3§2§Bc§x§F§B§3§7§2§0k§x§F§A§1§C§1§5l§x§F§A§0§0§0§Ae from buy
[18:52:22] > MrZyrus7228 remove x1 §f§l§x§F§A§0§0§0§AD§x§F§A§1§7§1§3a§x§F§A§2§E§1§Cr§x§F§B§4§5§2§5k§x§F§B§5§C§2§Ef§x§F§B§7§4§3§8l§x§F§B§8§B§4§1a§x§F§C§A§2§4§Am§x§F§C§B§9§5§3e§x§F§C§D§0§5§C §x§F§C§D§0§5§CC§x§F§C§B§9§5§3h§x§F§C§A§2§4§Ae§x§F§B§8§B§4§1s§x§F§B§7§4§3§8t§x§F§B§5§C§2§Ep§x§F§B§4§5§2§5l§x§F§A§2§E§1§Ca§x§F§A§1§7§1§3t§x§F§A§0§0§0§Ae from storage
[18:52:31] > MrZyrus7228 added x1 §f§l§x§F§A§0§0§0§AD§x§F§A§1§7§1§3a§x§F§A§2§E§1§Cr§x§F§B§4§5§2§5k§x§F§B§5§C§2§Ef§x§F§B§7§4§3§8l§x§F§B§8§B§4§1a§x§F§C§A§2§4§Am§x§F§C§B§9§5§3e§x§F§C§D§0§5§C §x§F§C§D§0§5§CC§x§F§C§B§9§5§3h§x§F§C§A§2§4§Ae§x§F§B§8§B§4§1s§x§F§B§7§4§3§8t§x§F§B§5§C§2§Ep§x§F§B§4§5§2§5l§x§F§A§2§E§1§Ca§x§F§A§1§7§1§3t§x§F§A§0§0§0§Ae in auction for 1500000.
[18:53:11] > MrZyrus7228 added x1 §x§C§9§A§7§F§C§lL§x§B§D§A§E§F§6§le§x§B§1§B§4§F§0§lg§x§A§6§B§B§E§A§le§x§9§A§C§1§E§4§ln§x§8§E§C§8§D§D§ld§x§8§2§C§E§D§7§la§x§7§7§D§5§D§1§lr§x§6§B§D§B§C§B§ly §x§6§B§D§B§C§B§lC§x§7§7§D§5§D§1§lr§x§8§2§C§E§D§7§la§x§8§E§C§8§D§D§lt§x§9§A§C§1§E§4§le §x§B§1§B§4§F§0§lK§x§B§D§A§E§F§6§le§x§C§9§A§7§F§C§ly in auction for 10000.
[18:53:16] > BlackKnight buy x1 §x§C§9§A§7§F§C§lL§x§B§D§A§E§F§6§le§x§B§1§B§4§F§0§lg§x§A§6§B§B§E§A§le§x§9§A§C§1§E§4§ln§x§8§E§C§8§D§D§ld§x§8§2§C§E§D§7§la§x§7§7§D§5§D§1§lr§x§6§B§D§B§C§B§ly §x§6§B§D§B§C§B§lC§x§7§7§D§5§D§1§lr§x§8§2§C§E§D§7§la§x§8§E§C§8§D§D§lt§x§9§A§C§1§E§4§le §x§B§1§B§4§F§0§lK§x§B§D§A§E§F§6§le§x§C§9§A§7§F§C§ly to MrZyrus7228 for $10,000.
[18:53:45] > BlackKnight remove x1 §x§C§9§A§7§F§C§lL§x§B§D§A§E§F§6§le§x§B§1§B§4§F§0§lg§x§A§6§B§B§E§A§le§x§9§A§C§1§E§4§ln§x§8§E§C§8§D§D§ld§x§8§2§C§E§D§7§la§x§7§7§D§5§D§1§lr§x§6§B§D§B§C§B§ly §x§6§B§D§B§C§B§lC§x§7§7§D§5§D§1§lr§x§8§2§C§E§D§7§la§x§8§E§C§8§D§D§lt§x§9§A§C§1§E§4§le §x§B§1§B§4§F§0§lK§x§B§D§A§E§F§6§le§x§C§9§A§7§F§C§ly from buy
[18:53:47] > BlackKnight remove x1 §x§F§0§7§A§5§4§lZombie Apocalyptic SMG from buy
[18:54:30] > BlackKnight added x1 §x§F§0§7§A§5§4§lZombie Apocalyptic Wing in auction for 5000000.
[18:55:39] > llhxnce added x1 §f§l§x§F§A§0§0§0§AD§x§F§A§1§C§1§5a§x§F§B§3§7§2§0r§x§F§B§5§3§2§Bk§x§F§B§6§F§3§6f§x§F§B§8§B§4§1l§x§F§C§A§6§4§Ca§x§F§C§C§2§5§7me§x§F§C§A§6§4§C §x§F§B§8§B§4§1S§x§F§B§6§F§3§6i§x§F§B§5§3§2§Bc§x§F§B§3§7§2§0k§x§F§A§1§C§1§5l§x§F§A§0§0§0§Ae in auction for 300000.
[18:55:51] > BlackKnight buy x1 §f§l§x§F§A§0§0§0§AD§x§F§A§1§C§1§5a§x§F§B§3§7§2§0r§x§F§B§5§3§2§Bk§x§F§B§6§F§3§6f§x§F§B§8§B§4§1l§x§F§C§A§6§4§Ca§x§F§C§C§2§5§7me§x§F§C§A§6§4§C §x§F§B§8§B§4§1S§x§F§B§6§F§3§6i§x§F§B§5§3§2§Bc§x§F§B§3§7§2§0k§x§F§A§1§C§1§5l§x§F§A§0§0§0§Ae to llhxnce for $300,000.
[18:59:40] > sukiyoriee added x1 §x§F§0§7§A§5§4§lZombie Apocalyptic Pickaxe in auction for 1000000.
[19:11:07] > x1 §x§C§9§A§7§F§C§lL§x§B§D§A§E§F§6§le§x§B§1§B§4§F§0§lg§x§A§6§B§B§E§A§le§x§9§A§C§1§E§4§ln§x§8§E§C§8§D§D§ld§x§8§2§C§E§D§7§la§x§7§7§D§5§D§1§lr§x§6§B§D§B§C§B§ly §x§6§B§D§B§C§B§lC§x§7§7§D§5§D§1§lr§x§8§2§C§E§D§7§la§x§8§E§C§8§D§D§lt§x§9§A§C§1§E§4§le §x§B§1§B§4§F§0§lK§x§B§D§A§E§F§6§le§x§C§9§A§7§F§C§ly on sale by DilawWatt has just expired, it goes in the inventory of expired items.
[19:17:10] > MrZyrus7228 remove x1 §f§l§x§F§A§0§0§0§AD§x§F§A§1§7§1§3a§x§F§A§2§E§1§Cr§x§F§B§4§5§2§5k§x§F§B§5§C§2§Ef§x§F§B§7§4§3§8l§x§F§B§8§B§4§1a§x§F§C§A§2§4§Am§x§F§C§B§9§5§3e§x§F§C§D§0§5§C §x§F§C§D§0§5§CC§x§F§C§B§9§5§3h§x§F§C§A§2§4§Ae§x§F§B§8§B§4§1s§x§F§B§7§4§3§8t§x§F§B§5§C§2§Ep§x§F§B§4§5§2§5l§x§F§A§2§E§1§Ca§x§F§A§1§7§1§3t§x§F§A§0§0§0§Ae from storage
[19:17:17] > MrZyrus7228 added x1 §f§l§x§F§A§0§0§0§AD§x§F§A§1§7§1§3a§x§F§A§2§E§1§Cr§x§F§B§4§5§2§5k§x§F§B§5§C§2§Ef§x§F§B§7§4§3§8l§x§F§B§8§B§4§1a§x§F§C§A§2§4§Am§x§F§C§B§9§5§3e§x§F§C§D§0§5§C §x§F§C§D§0§5§CC§x§F§C§B§9§5§3h§x§F§C§A§2§4§Ae§x§F§B§8§B§4§1s§x§F§B§7§4§3§8t§x§F§B§5§C§2§Ep§x§F§B§4§5§2§5l§x§F§A§2§E§1§Ca§x§F§A§1§7§1§3t§x§F§A§0§0§0§Ae in auction for 1000000.
[19:26:09] > MrZyrus7228 added x1 §x§5§C§C§F§F§C§lC§x§5§C§D§1§F§5§lo§x§5§D§D§4§E§E§ls§x§5§D§D§6§E§7§lm§x§5§E§D§9§E§1§le§x§5§E§D§B§D§A§lt§x§5§E§D§D§D§3§li§x§5§F§E§0§C§C§lc §x§5§F§E§0§C§C§lH§x§5§E§D§D§D§3§la§x§5§E§D§B§D§A§lt§x§5§E§D§9§E§1§ls §x§5§D§D§4§E§E§lK§x§5§C§D§1§F§5§le§x§5§C§C§F§F§C§ly in auction for 50000.
[19:26:09] > x2 Nether star on sale by imnectarfr has just expired, it goes in the inventory of expired items.
[19:26:20] > SP3CC_ added x1 §x§5§C§C§F§F§C§lC§x§5§C§D§1§F§5§lo§x§5§D§D§4§E§E§ls§x§5§D§D§6§E§7§lm§x§5§E§D§9§E§1§le§x§5§E§D§B§D§A§lt§x§5§E§D§D§D§3§li§x§5§F§E§0§C§C§lc §x§5§F§E§0§C§C§lH§x§5§E§D§D§D§3§la§x§5§E§D§B§D§A§lt§x§5§E§D§9§E§1§ls §x§5§D§D§4§E§E§lK§x§5§C§D§1§F§5§le§x§5§C§C§F§F§C§ly in auction for 100000.
[19:27:06] > DanRaiv added x1 §fWitch Hat in auction for 30000.
[19:28:01] > MrZyrus7228 buy x1 §fWitch Hat to DanRaiv for $30,000.
[19:28:19] > MrZyrus7228 remove x1 §fWitch Hat from buy
[19:29:55] > MrZyrus7228 added x64 Poppy in auction for 200.
[19:30:29] > Khanetucky added x3 §x§F§F§3§E§0§0§lD§x§F§F§3§7§0§0§le§x§F§F§3§0§0§0§lm§x§F§F§2§9§0§0§lo§x§F§F§2§2§0§0§ln §x§F§F§1§5§0§0§lL§x§F§F§0§E§0§0§lo§x§F§F§0§7§0§0§lr§x§F§F§0§0§0§0§ld §x§F§F§0§E§0§0§lF§x§F§F§1§5§0§0§lr§x§F§F§1§C§0§0§la§x§F§F§2§2§0§0§lg§x§F§F§2§9§0§0§lm§x§F§F§3§0§0§0§le§x§F§F§3§7§0§0§ln§x§F§F§3§E§0§0§lt in auction for 150000.
[19:31:32] > SoulessBaron buy x3 §x§F§F§3§E§0§0§lD§x§F§F§3§7§0§0§le§x§F§F§3§0§0§0§lm§x§F§F§2§9§0§0§lo§x§F§F§2§2§0§0§ln §x§F§F§1§5§0§0§lL§x§F§F§0§E§0§0§lo§x§F§F§0§7§0§0§lr§x§F§F§0§0§0§0§ld §x§F§F§0§E§0§0§lF§x§F§F§1§5§0§0§lr§x§F§F§1§C§0§0§la§x§F§F§2§2§0§0§lg§x§F§F§2§9§0§0§lm§x§F§F§3§0§0§0§le§x§F§F§3§7§0§0§ln§x§F§F§3§E§0§0§lt to Khanetucky for $150,000.
[19:32:37] > Khanetucky added x1 §x§F§F§7§C§0§0§lSteamsparks Fishing Rod in auction for 25000.
[19:32:44] > Seris00 buy x1 §x§F§F§7§C§0§0§lSteamsparks Fishing Rod to Khanetucky for $25,000.
[19:33:37] > MrZyrus7228 added x6 Breeze rod in auction for 60000.
[19:33:53] > Seris00 remove x1 §x§F§F§7§C§0§0§lSteamsparks Fishing Rod form buy
[19:36:16] > MrZyrus7228 remove x6 Breeze rod from storage
[19:36:57] > Seris00 added x1 §x§F§F§7§C§0§0§lSteamsparks Shield in auction for 250000.
[19:37:44] > Seris00 added x1 §x§F§0§7§A§5§4§lZombie Apocalyptic Wing in auction for 3000000.
[19:37:45] > Takeremu added x1 §x§F§F§5§5§0§0§lsᴇʟʟᴡᴀɴᴅ §6- 5.0x in auction for 400000.
[19:37:51] > Pewpew buy x1 §x§F§F§5§5§0§0§lsᴇʟʟᴡᴀɴᴅ §6- 5.0x to Takeremu for $400,000.
[19:39:26] > Hunter_Sung buy x1 §x§F§F§3§E§0§0§lD§x§F§F§3§8§0§0§le§x§F§F§3§2§0§0§lm§x§F§F§2§B§0§0§lo§x§F§F§2§5§0§0§ln §x§F§F§1§9§0§0§lL§x§F§F§1§3§0§0§lo§x§F§F§0§C§0§0§lr§x§F§F§0§6§0§0§ld §x§F§F§0§6§0§0§lB§x§F§F§0§C§0§0§la§x§F§F§1§3§0§0§lt§x§F§F§1§9§0§0§lt§x§F§F§1§F§0§0§ll§x§F§F§2§5§0§0§le §x§F§F§3§2§0§0§lA§x§F§F§3§8§0§0§lx§x§F§F§3§E§0§0§le to llhxnce for $200,000.
[19:39:45] > Seris00 added x64 Iron block in auction for 22400.
[19:39:55] > Seris00 added x64 Iron block in auction for 22400.
[19:40:07] > Seris00 added x64 Iron block in auction for 22400.
[19:40:13] > Takeremu buy x64 Iron block to Seris00 for $22,400.
[19:40:15] > Takeremu buy x64 Iron block to Seris00 for $22,400.
[19:40:20] > SoulessBaron added x50 Breeze rod in auction for 200000.
[19:40:45] > Seris00 added x64 Iron block in auction for 22400.
[19:40:55] > Seris00 added x64 Iron block in auction for 22400.
[19:40:57] > Takeremu remove x64 Iron block from buy
[19:40:58] > Takeremu remove x64 Iron block from buy
[19:41:06] > Seris00 added x64 Iron block in auction for 22400.
[19:41:18] > Seris00 added x64 Iron block in auction for 22400.
[19:41:36] > Hunter_Sung buy x1 §f§l§x§F§A§0§0§0§AD§x§F§A§1§5§1§2a§x§F§A§2§A§1§Ar§x§F§B§3§E§2§3k§x§F§B§5§3§2§Bf§x§F§B§6§8§3§3l§x§F§B§7§D§3§Ba§x§F§B§9§2§4§3m§x§F§C§A§6§4§Ce§x§F§C§B§B§5§4 §x§F§C§D§0§5§CF§x§F§C§B§B§5§4i§x§F§C§A§6§4§Cs§x§F§B§9§2§4§3h§x§F§B§7§D§3§Bi§x§F§B§6§8§3§3n§x§F§B§5§3§2§Bg§x§F§B§3§E§2§3 §x§F§A§2§A§1§AR§x§F§A§1§5§1§2o§x§F§A§0§0§0§Ad to celinesanrio for $500,000.
[19:42:24] > Takeremu buy x64 Iron block to Seris00 for $22,400.
[19:42:27] > Takeremu buy x64 Iron block to Seris00 for $22,400.
[19:42:35] > Takeremu remove x18 Iron block from buy
[19:42:36] > Takeremu remove x18 Iron block from buy
[19:44:25] > Hunter_Sung remove x1 §f§l§x§F§A§0§0§0§AD§x§F§A§1§5§1§2a§x§F§A§2§A§1§Ar§x§F§B§3§E§2§3k§x§F§B§5§3§2§Bf§x§F§B§6§8§3§3l§x§F§B§7§D§3§Ba§x§F§B§9§2§4§3m§x§F§C§A§6§4§Ce§x§F§C§B§B§5§4 §x§F§C§D§0§5§CF§x§F§C§B§B§5§4i§x§F§C§A§6§4§Cs§x§F§B§9§2§4§3h§x§F§B§7§D§3§Bi§x§F§B§6§8§3§3n§x§F§B§5§3§2§Bg§x§F§B§3§E§2§3 §x§F§A§2§A§1§AR§x§F§A§1§5§1§2o§x§F§A§0§0§0§Ad form buy
[19:44:25] > Hunter_Sung remove x1 §x§F§F§3§E§0§0§lD§x§F§F§3§8§0§0§le§x§F§F§3§2§0§0§lm§x§F§F§2§B§0§0§lo§x§F§F§2§5§0§0§ln §x§F§F§1§9§0§0§lL§x§F§F§1§3§0§0§lo§x§F§F§0§C§0§0§lr§x§F§F§0§6§0§0§ld §x§F§F§0§6§0§0§lB§x§F§F§0§C§0§0§la§x§F§F§1§3§0§0§lt§x§F§F§1§9§0§0§lt§x§F§F§1§F§0§0§ll§x§F§F§2§5§0§0§le §x§F§F§3§2§0§0§lA§x§F§F§3§8§0§0§lx§x§F§F§3§E§0§0§le form buy
[19:45:49] > Seris00 added x1 Enchanted book in auction for 4000.
[19:45:57] > kysicx buy x64 Iron block to Seris00 for $22,400.
[19:45:59] > kysicx buy x64 Iron block to Seris00 for $22,400.
[19:46:00] > Seris00 added x1 Enchanted book in auction for 4000.
[19:46:01] > kysicx buy x64 Iron block to Seris00 for $22,400.
[19:46:06] > Takeremu buy x1 Enchanted book to Seris00 for $4,000.
[19:46:07] > Takeremu buy x1 Enchanted book to Seris00 for $4,000.
[19:46:17] > Seris00 added x1 Enchanted book in auction for 4000.
[19:46:21] > Takeremu buy x1 Enchanted book to Seris00 for $4,000.
[19:46:57] > SoulessBaron remove x1 Enchanted book from buy
[19:47:35] > Seris00 added x64 Iron block in auction for 22400.
[19:47:45] > Seris00 added x64 Iron block in auction for 22400.
[19:47:57] > Seris00 added x64 Iron block in auction for 22400.
[19:48:26] > Seris00 added x18 Iron block in auction for 6300.
[19:48:38] > Seris00 added x18 Iron block in auction for 3600.
[19:49:24] > Seris00 remove x18 Iron block from storage
[19:49:41] > Seris00 added x18 Iron block in auction for 6300.
[19:49:59] > Seris00 buy x2 Pufferfish to tic_sz for $10.
[19:50:16] > HPMR_GaMerz buy x3 Wither rose to celinesanrio for $3,000.
[19:50:40] > HPMR_GaMerz remove x1 §x§8§8§E§C§3§3§lV§x§8§2§E§B§4§8§lo§x§7§C§E§9§5§D§lt§x§7§6§E§8§7§2§le §x§6§B§E§5§9§B§lC§x§6§5§E§3§B§0§lr§x§5§F§E§2§C§5§la§x§6§6§E§4§A§D§lt§x§6§D§E§5§9§4§le §x§7§A§E§9§6§4§lK§x§8§1§E§A§4§B§le§x§8§8§E§C§3§3§ly from buy
[19:50:41] > HPMR_GaMerz remove x1 §x§8§8§E§C§3§3§lV§x§8§2§E§B§4§8§lo§x§7§C§E§9§5§D§lt§x§7§6§E§8§7§2§le §x§6§B§E§5§9§B§lC§x§6§5§E§3§B§0§lr§x§5§F§E§2§C§5§la§x§6§6§E§4§A§D§lt§x§6§D§E§5§9§4§le §x§7§A§E§9§6§4§lK§x§8§1§E§A§4§B§le§x§8§8§E§C§3§3§ly from buy
[19:50:42] > HPMR_GaMerz remove x1 §x§5§C§C§F§F§C§lC§x§5§C§D§1§F§5§lo§x§5§D§D§4§E§E§ls§x§5§D§D§6§E§7§lm§x§5§E§D§9§E§1§le§x§5§E§D§B§D§A§lt§x§5§E§D§D§D§3§li§x§5§F§E§0§C§C§lc §x§5§F§E§0§C§C§lH§x§5§E§D§D§D§3§la§x§5§E§D§B§D§A§lt§x§5§E§D§9§E§1§ls §x§5§D§D§4§E§E§lK§x§5§C§D§1§F§5§le§x§5§C§C§F§F§C§ly from buy
[19:51:12] > Seris00 buy x3 panis na ulam to octopus_01 for $10.
[19:51:23] > Seris00 buy x1 Pufferfish to MrGh0st1y for $10.
[19:51:59] > Seris00 remove x3 panis na ulam form buy
[19:51:59] > Seris00 remove x2 Pufferfish form buy
[19:51:59] > Seris00 remove x1 Pufferfish form buy
[20:01:58] > Takeremu remove x1 Enchanted book from buy
[20:01:59] > Takeremu remove x1 Enchanted book from buy
[20:01:59] > Takeremu remove x1 Enchanted book from buy
[20:03:27] > x1 §x§C§9§A§7§F§C§lL§x§B§D§A§E§F§6§le§x§B§1§B§4§F§0§lg§x§A§6§B§B§E§A§le§x§9§A§C§1§E§4§ln§x§8§E§C§8§D§D§ld§x§8§2§C§E§D§7§la§x§7§7§D§5§D§1§lr§x§6§B§D§B§C§B§ly §x§6§B§D§B§C§B§lC§x§7§7§D§5§D§1§lr§x§8§2§C§E§D§7§la§x§8§E§C§8§D§D§lt§x§9§A§C§1§E§4§le §x§B§1§B§4§F§0§lK§x§B§D§A§E§F§6§le§x§C§9§A§7§F§C§ly on sale by DilawWatt has just expired, it goes in the inventory of expired items.
[20:07:58] > MochaFangs remove x1 §fSun Visor Hat from storage
[20:17:19] > BlackKnight remove x1 §x§F§0§7§A§5§4§lZombie Apocalyptic Wing from storage
[20:17:41] > BlackKnight added x1 §x§F§0§7§A§5§4§lZombie Apocalyptic Wing in auction for 2500000.
[20:18:01] > Raylii buy x50 Breeze rod to SoulessBaron for $200,000.
[20:20:02] > Pewpew remove x1 §x§F§F§5§5§0§0§lsᴇʟʟᴡᴀɴᴅ §6- 5.0x from buy
[20:24:25] > Raylii remove x50 Breeze rod from buy
[20:24:27] > Raylii remove x1 §eᴄʜɪᴄᴋᴇɴ sᴘᴀᴡɴᴇʀ from buy
[20:24:27] > Raylii remove x1 §esʜᴇᴇᴘ sᴘᴀᴡɴᴇʀ from buy
[20:24:28] > Raylii remove x1 §eᴘɪɢ sᴘᴀᴡɴᴇʀ from buy
[20:24:28] > Raylii remove x1 §eᴄᴏᴡ sᴘᴀᴡɴᴇʀ from buy
[20:24:29] > Raylii remove x1 §eᴘɪɢ sᴘᴀᴡɴᴇʀ from buy
[20:24:30] > Raylii remove x1 §eᴄʜɪᴄᴋᴇɴ sᴘᴀᴡɴᴇʀ from buy
[20:24:30] > Raylii remove x1 §eᴄᴏᴡ sᴘᴀᴡɴᴇʀ from buy
[20:24:32] > Raylii remove x1 §x§F§F§5§5§0§0§lsᴇʟʟᴡᴀɴᴅ §6- 10.0x from buy
[20:24:32] > Raylii remove x1 §x§F§F§5§5§0§0§lsᴇʟʟᴡᴀɴᴅ §6- 5.0x from buy
[20:24:32] > Raylii remove x1 §x§F§F§5§5§0§0§lsᴇʟʟᴡᴀɴᴅ §6- 5.0x from buy
[20:24:32] > Raylii remove x1 §x§F§F§5§5§0§0§lsᴇʟʟᴡᴀɴᴅ §6- 20.0x from buy
[20:24:32] > Raylii remove x1 §x§F§F§3§E§0§0§lSellwand Voucher from buy
[20:24:32] > Raylii remove x1 §x§F§F§5§5§0§0§lsᴇʟʟᴡᴀɴᴅ §6- 5.0x from buy
[20:24:34] > Raylii remove x1 §x§F§F§5§5§0§0§lsᴇʟʟᴡᴀɴᴅ §6- 10.0x from buy
[20:26:11] > .SharkyisHungry remove x1 §x§F§0§7§A§5§4§lZombie Apocalyptic Boots from storage
[20:26:37] > .SharkyisHungry added x1 §x§F§0§7§A§5§4§lZombie Apocalyptic Boots in auction for 250000.
[20:33:54] > Zen0969 added x64 Shulker shell in auction for 1000000.
[20:34:05] > Zen0969 added x64 Shulker shell in auction for 1000000.
[20:34:19] > Zen0969 added x64 Shulker shell in auction for 1000000.
[20:34:43] > Zen0969 added x64 Shulker shell in auction for 1000000.
[20:34:51] > Lanchan68 buy x64 Shulker shell to Zen0969 for $1,000,000.
[20:35:01] > Zen0969 added x64 Shulker shell in auction for 1000000.
[20:35:13] > DanRaiv buy x64 Poppy to MrZyrus7228 for $200.
[20:35:35] > Pewpew buy x1 §x§F§0§7§A§5§4§lZombie Apocalyptic Boots to .SharkyisHungry for $250,000.
[20:35:50] > Zen0969 added x31 Shulker shell in auction for 500000.
[20:46:56] > sukiyoriee added x1 §x§F§F§3§E§0§0§lD§x§F§F§3§7§0§0§le§x§F§F§3§0§0§0§lm§x§F§F§2§9§0§0§lo§x§F§F§2§2§0§0§ln §x§F§F§1§5§0§0§lL§x§F§F§0§E§0§0§lo§x§F§F§0§7§0§0§lr§x§F§F§0§0§0§0§ld §x§F§F§0§E§0§0§lF§x§F§F§1§5§0§0§lr§x§F§F§1§C§0§0§la§x§F§F§2§2§0§0§lg§x§F§F§2§9§0§0§lm§x§F§F§3§0§0§0§le§x§F§F§3§7§0§0§ln§x§F§F§3§E§0§0§lt in auction for 300000.
[20:47:51] > kopo555 buy x64 Shulker shell to Zen0969 for $1,000,000.
[20:54:55] > BlackKnight added x1 Elytra in auction for 1500000.
[20:55:01] > Zen0969 remove x31 Shulker shell from storage
[20:58:41] > Seris00 remove x18 Iron block from storage
[20:58:42] > Seris00 remove x18 Iron block from storage
[20:58:54] > Seris00 added x64 Leather in auction for 6400.
[21:00:58] > Seris00 remove x64 Leather from storage
[21:04:31] > x1 §f§l§x§8§A§0§0§F§FS§x§9§9§0§0§D§Bh§x§A§8§0§0§B§6i§x§B§7§0§0§9§2n§x§C§6§0§0§6§De§x§D§5§0§0§4§9 §x§E§4§0§0§2§4O§x§F§3§0§0§0§0n§x§E§4§0§0§2§4i§x§D§5§0§0§4§9 §x§C§6§0§0§6§DS§x§B§7§0§0§9§2t§x§A§8§0§0§B§6a§x§9§9§0§0§D§Bf§x§8§A§0§0§F§Ff, bought by celinesanrio, has just expired, the item is definitively deleted.
[21:04:31] > x4 Dried ghast, bought by celinesanrio, has just expired, the item is definitively deleted.
[21:04:31] > x1 §x§5§9§A§1§D§9§lA§x§6§E§A§D§D§Er§x§8§3§B§9§E§3c§x§9§7§C§4§E§7h§x§A§C§D§0§E§Ca§x§C§1§D§C§F§1n§x§D§6§E§8§F§6g§x§E§A§F§3§F§Ae§fl §x§D§0§E§4§F§4S§x§B§8§D§7§E§Fh§x§A§0§C§9§E§9i§x§8§8§B§C§E§4e§x§7§1§A§E§D§El§x§5§9§A§1§D§9d, bought by TostyZura, has just expired, the item is definitively deleted.
[21:04:32] > kopo555 remove x1 §eᴄʀᴇᴇᴘᴇʀ sᴘᴀᴡɴᴇʀ from buy
[21:04:34] > kopo555 remove x64 Iron block from buy
[21:04:34] > kopo555 remove x64 Iron block from buy
[21:04:34] > kopo555 remove x64 Iron block from buy
[21:04:35] > kopo555 remove x64 Iron block from buy
[21:04:35] > kopo555 remove x64 Iron block from buy
[21:04:35] > kopo555 remove x7 Shulker shell from buy
[21:05:33] > Seris00 added x1 Enchanted book in auction for 4000.
[21:05:54] > Seris00 added x1 Enchanted book in auction for 4000.
[21:14:42] > x1 §x§F§F§3§E§0§0§lD§x§F§F§3§6§0§0§le§x§F§F§2§F§0§0§lm§x§F§F§2§7§0§0§lo§x§F§F§1§F§0§0§ln §x§F§F§1§0§0§0§lL§x§F§F§0§8§0§0§lo§x§F§F§0§0§0§0§lr§x§F§F§0§8§0§0§ld §x§F§F§1§7§0§0§lS§x§F§F§1§F§0§0§lh§x§F§F§2§7§0§0§li§x§F§F§2§F§0§0§le§x§F§F§3§6§0§0§ll§x§F§F§3§E§0§0§ld on sale by fenilpatel2 has just expired, it goes in the inventory of expired items.
[21:25:21] > Ax_ added x1 §esᴋᴇʟᴇᴛᴏɴ sᴘᴀᴡɴᴇʀ in auction for 350000.
[21:32:14] > Xerozion buy x1 §esᴋᴇʟᴇᴛᴏɴ sᴘᴀᴡɴᴇʀ to Ax_ for $350,000.
[21:44:00] > Schminkipoo buy x1 Enchanted book to Seris00 for $4,000.
[21:44:02] > Schminkipoo buy x1 Enchanted book to Seris00 for $4,000.
[21:46:12] > Unforce01 remove x2 §x§C§9§A§7§F§C§lL§x§B§D§A§E§F§6§le§x§B§1§B§4§F§0§lg§x§A§6§B§B§E§A§le§x§9§A§C§1§E§4§ln§x§8§E§C§8§D§D§ld§x§8§2§C§E§D§7§la§x§7§7§D§5§D§1§lr§x§6§B§D§B§C§B§ly §x§6§B§D§B§C§B§lC§x§7§7§D§5§D§1§lr§x§8§2§C§E§D§7§la§x§8§E§C§8§D§D§lt§x§9§A§C§1§E§4§le §x§B§1§B§4§F§0§lK§x§B§D§A§E§F§6§le§x§C§9§A§7§F§C§ly form buy
[21:49:59] > Cooldoggiexd buy x64 Iron block to Seris00 for $22,400.
[21:50:01] > Cooldoggiexd buy x64 Iron block to Seris00 for $22,400.
[21:50:03] > Cooldoggiexd buy x64 Iron block to Seris00 for $22,400.
[21:50:07] > Cooldoggiexd remove x64 Iron block from buy
[21:50:07] > Cooldoggiexd remove x64 Iron block from buy
[21:50:08] > Cooldoggiexd remove x64 Iron block from buy
[21:50:18] > Sezemi added x1 §x§C§9§A§7§F§C§lL§x§B§D§A§E§F§6§le§x§B§1§B§4§F§0§lg§x§A§6§B§B§E§A§le§x§9§A§C§1§E§4§ln§x§8§E§C§8§D§D§ld§x§8§2§C§E§D§7§la§x§7§7§D§5§D§1§lr§x§6§B§D§B§C§B§ly §x§6§B§D§B§C§B§lC§x§7§7§D§5§D§1§lr§x§8§2§C§E§D§7§la§x§8§E§C§8§D§D§lt§x§9§A§C§1§E§4§le §x§B§1§B§4§F§0§lK§x§B§D§A§E§F§6§le§x§C§9§A§7§F§C§ly in auction for 10.
[21:50:22] > Cooldoggiexd buy x1 §x§C§9§A§7§F§C§lL§x§B§D§A§E§F§6§le§x§B§1§B§4§F§0§lg§x§A§6§B§B§E§A§le§x§9§A§C§1§E§4§ln§x§8§E§C§8§D§D§ld§x§8§2§C§E§D§7§la§x§7§7§D§5§D§1§lr§x§6§B§D§B§C§B§ly §x§6§B§D§B§C§B§lC§x§7§7§D§5§D§1§lr§x§8§2§C§E§D§7§la§x§8§E§C§8§D§D§lt§x§9§A§C§1§E§4§le §x§B§1§B§4§F§0§lK§x§B§D§A§E§F§6§le§x§C§9§A§7§F§C§ly to Sezemi for $10.
[21:50:29] > Cooldoggiexd remove x1 §x§C§9§A§7§F§C§lL§x§B§D§A§E§F§6§le§x§B§1§B§4§F§0§lg§x§A§6§B§B§E§A§le§x§9§A§C§1§E§4§ln§x§8§E§C§8§D§D§ld§x§8§2§C§E§D§7§la§x§7§7§D§5§D§1§lr§x§6§B§D§B§C§B§ly §x§6§B§D§B§C§B§lC§x§7§7§D§5§D§1§lr§x§8§2§C§E§D§7§la§x§8§E§C§8§D§D§lt§x§9§A§C§1§E§4§le §x§B§1§B§4§F§0§lK§x§B§D§A§E§F§6§le§x§C§9§A§7§F§C§ly from buy
[21:51:41] > Seris00 added x64 Iron block in auction for 22400.
[21:51:54] > Seris00 added x64 Iron block in auction for 22400.
[21:52:05] > Seris00 added x64 Iron block in auction for 22400.
[21:52:16] > Seris00 added x64 Iron block in auction for 22400.
[21:52:29] > Seris00 added x64 Iron block in auction for 22400.
[21:54:35] > Cooldoggiexd buy x64 Iron block to Seris00 for $22,400.
[21:54:37] > Cooldoggiexd buy x64 Iron block to Seris00 for $22,400.
[21:54:39] > Cooldoggiexd buy x64 Iron block to Seris00 for $22,400.
[21:54:43] > Cooldoggiexd remove x12 Iron block from buy
[21:54:43] > Cooldoggiexd remove x12 Iron block from buy
[21:54:43] > Cooldoggiexd remove x12 Iron block from buy
[21:57:20] > Seris00 added x64 Glowstone in auction for 3200.
[21:57:31] > Seris00 added x64 Glowstone in auction for 3200.
[21:57:43] > Seris00 added x64 Glowstone in auction for 3200.
[21:59:12] > Seris00 remove x1 §x§F§F§5§5§0§0§lsᴇʟʟᴡᴀɴᴅ §6- 10.0x from storage
[21:59:18] > Seris00 added x1 Enchanted book in auction for 4000.
[21:59:51] > nnorv1 buy x1 Enchanted book to Seris00 for $4,000.
[22:00:17] > Seris00 added x1 Enchanted book in auction for 4000.
[22:00:23] > nnorv1 remove x1 Enchanted book from buy
[22:00:38] > x1 Elytra on sale by Zee_ has just expired, it goes in the inventory of expired items.
[22:01:07] > x1 Elytra on sale by Zee_ has just expired, it goes in the inventory of expired items.
[22:03:35] > Herptzx buy x1 Enchanted book to Seris00 for $4,000.
[22:04:57] > Herptzx remove x1 Enchanted book from buy
[22:05:26] > x1 §fBumble Bee Hat on sale by Ax_ has just expired, it goes in the inventory of expired items.
[22:13:40] > Fuwazi added x1 §eᴘɪɢ sᴘᴀᴡɴᴇʀ in auction for 10.
[22:13:42] > cinnamoroll buy x1 §eᴘɪɢ sᴘᴀᴡɴᴇʀ to Fuwazi for $10.
[22:13:46] > cinnamoroll remove x1 §eᴘɪɢ sᴘᴀᴡɴᴇʀ form buy
[22:14:05] > Fuwazi added x1 §f§x§4§1§B§C§4§2D§x§4§5§C§3§5§3r§x§4§9§C§9§6§3o§x§4§D§D§0§7§4w§x§5§1§D§7§8§5n§x§5§6§D§E§9§6e§x§5§A§E§4§A§6d§x§5§E§E§B§B§7 §x§6§2§F§2§C§8H§x§6§6§F§8§D§8a§x§6§A§F§F§E§9t in auction for 10.
[22:14:09] > Seris00 buy x1 §f§x§4§1§B§C§4§2D§x§4§5§C§3§5§3r§x§4§9§C§9§6§3o§x§4§D§D§0§7§4w§x§5§1§D§7§8§5n§x§5§6§D§E§9§6e§x§5§A§E§4§A§6d§x§5§E§E§B§B§7 §x§6§2§F§2§C§8H§x§6§6§F§8§D§8a§x§6§A§F§F§E§9t to Fuwazi for $10.
[22:15:19] > Seris00 remove x1 §f§x§4§1§B§C§4§2D§x§4§5§C§3§5§3r§x§4§9§C§9§6§3o§x§4§D§D§0§7§4w§x§5§1§D§7§8§5n§x§5§6§D§E§9§6e§x§5§A§E§4§A§6d§x§5§E§E§B§B§7 §x§6§2§F§2§C§8H§x§6§6§F§8§D§8a§x§6§A§F§F§E§9t form buy
[22:15:36] > Unforce01 added x1 §fGhost Hat in auction for 10000.
[22:16:29] > celinesanrio remove x1 §f§l§x§F§A§0§0§0§AD§x§F§A§1§C§1§5a§x§F§B§3§7§2§0r§x§F§B§5§3§2§Bk§x§F§B§6§F§3§6f§x§F§B§8§B§4§1l§x§F§C§A§6§4§Ca§x§F§C§C§2§5§7me§x§F§C§A§6§4§C §x§F§B§8§B§4§1S§x§F§B§6§F§3§6h§x§F§B§5§3§2§Bo§x§F§B§3§7§2§0v§x§F§A§1§C§1§5e§x§F§A§0§0§0§Al form storage
[22:16:29] > celinesanrio remove x1 §f§l§x§F§A§0§0§0§AD§x§F§A§2§0§1§7a§x§F§B§4§0§2§3r§x§F§B§6§0§3§0k§x§F§B§8§0§3§Cf§x§F§C§A§0§4§9l§x§F§C§C§0§5§6am§x§F§C§A§0§4§9e§x§F§B§8§0§3§C §x§F§B§6§0§3§0M§x§F§B§4§0§2§3a§x§F§A§2§0§1§7c§x§F§A§0§0§0§Ae form storage
[22:16:29] > celinesanrio remove x1 §f§l§x§F§A§0§0§0§AD§x§F§A§1§C§1§5a§x§F§B§3§7§2§0r§x§F§B§5§3§2§Bk§x§F§B§6§F§3§6f§x§F§B§8§B§4§1l§x§F§C§A§6§4§Ca§x§F§C§C§2§5§7me§x§F§C§A§6§4§C §x§F§B§8§B§4§1S§x§F§B§6§F§3§6h§x§F§B§5§3§2§Bo§x§F§B§3§7§2§0v§x§F§A§1§C§1§5e§x§F§A§0§0§0§Al form storage
[22:16:29] > celinesanrio remove x1 §f§l§x§F§A§0§0§0§AD§x§F§A§1§A§1§4a§x§F§B§3§4§1§Fr§x§F§B§4§E§2§9k§x§F§B§6§8§3§3f§x§F§B§8§2§3§Dl§x§F§C§9§C§4§8a§x§F§C§B§6§5§2m§x§F§C§D§0§5§Ce§x§F§C§D§0§5§C §x§F§C§B§6§5§2L§x§F§C§9§C§4§8e§x§F§B§8§2§3§Dg§x§F§B§6§8§3§3g§x§F§B§4§E§2§9i§x§F§B§3§4§1§Fn§x§F§A§1§A§1§4g§x§F§A§0§0§0§As form storage
[22:16:41] > celinesanrio added x1 §f§l§x§F§A§0§0§0§AD§x§F§A§2§0§1§7a§x§F§B§4§0§2§3r§x§F§B§6§0§3§0k§x§F§B§8§0§3§Cf§x§F§C§A§0§4§9l§x§F§C§C§0§5§6am§x§F§C§A§0§4§9e§x§F§B§8§0§3§C §x§F§B§6§0§3§0M§x§F§B§4§0§2§3a§x§F§A§2§0§1§7c§x§F§A§0§0§0§Ae in auction for 1000000.
[22:16:52] > celinesanrio added x1 §f§l§x§F§A§0§0§0§AD§x§F§A§1§C§1§5a§x§F§B§3§7§2§0r§x§F§B§5§3§2§Bk§x§F§B§6§F§3§6f§x§F§B§8§B§4§1l§x§F§C§A§6§4§Ca§x§F§C§C§2§5§7me§x§F§C§A§6§4§C §x§F§B§8§B§4§1S§x§F§B§6§F§3§6h§x§F§B§5§3§2§Bo§x§F§B§3§7§2§0v§x§F§A§1§C§1§5e§x§F§A§0§0§0§Al in auction for 750000.
[22:17:06] > celinesanrio added x1 §f§l§x§F§A§0§0§0§AD§x§F§A§1§A§1§4a§x§F§B§3§4§1§Fr§x§F§B§4§E§2§9k§x§F§B§6§8§3§3f§x§F§B§8§2§3§Dl§x§F§C§9§C§4§8a§x§F§C§B§6§5§2m§x§F§C§D§0§5§Ce§x§F§C§D§0§5§C §x§F§C§B§6§5§2L§x§F§C§9§C§4§8e§x§F§B§8§2§3§Dg§x§F§B§6§8§3§3g§x§F§B§4§E§2§9i§x§F§B§3§4§1§Fn§x§F§A§1§A§1§4g§x§F§A§0§0§0§As in auction for 2000000.
[22:17:17] > celinesanrio added x1 §f§l§x§F§A§0§0§0§AD§x§F§A§1§C§1§5a§x§F§B§3§7§2§0r§x§F§B§5§3§2§Bk§x§F§B§6§F§3§6f§x§F§B§8§B§4§1l§x§F§C§A§6§4§Ca§x§F§C§C§2§5§7me§x§F§C§A§6§4§C §x§F§B§8§B§4§1S§x§F§B§6§F§3§6h§x§F§B§5§3§2§Bo§x§F§B§3§7§2§0v§x§F§A§1§C§1§5e§x§F§A§0§0§0§Al in auction for 750000.
[22:17:26] > .Kenku1001 added x1 Elytra in auction for 750000.
[22:17:32] > DanRaiv buy x1 Elytra to .Kenku1001 for $750,000.
[22:17:43] > DanRaiv remove x1 Elytra from buy
[22:20:39] > celinesanrio added x8 §x§F§2§C§6§D§E§lP§x§E§0§C§A§D§B§li§x§C§D§C§D§D§8§ln§x§B§B§D§1§D§5§la§x§A§9§D§4§D§2§lt§x§9§6§D§8§C§E§la §x§7§1§D§F§C§8§lC§x§5§F§E§2§C§5§lr§x§7§4§D§E§C§9§la§x§8§9§D§A§C§C§lt§x§9§E§D§6§D§0§le §x§C§8§C§E§D§7§lK§x§D§D§C§A§D§A§le§x§F§2§C§6§D§E§ly in auction for 800000.
[22:20:56] > giyahnpogi buy x8 §x§F§2§C§6§D§E§lP§x§E§0§C§A§D§B§li§x§C§D§C§D§D§8§ln§x§B§B§D§1§D§5§la§x§A§9§D§4§D§2§lt§x§9§6§D§8§C§E§la §x§7§1§D§F§C§8§lC§x§5§F§E§2§C§5§lr§x§7§4§D§E§C§9§la§x§8§9§D§A§C§C§lt§x§9§E§D§6§D§0§le §x§C§8§C§E§D§7§lK§x§D§D§C§A§D§A§le§x§F§2§C§6§D§E§ly to celinesanrio for $800,000.
[22:21:48] > celinesanrio added x1 §f§bWarden Plushie §6(#93/101) in auction for 930000.
[22:35:07] > x1 panis na ulam on sale by MrGh0st1y has just expired, it goes in the inventory of expired items.
[22:35:22] > nnorv1 added x2 §x§F§F§3§E§0§0§lDemon Lord Wings in auction for 800000.
[22:35:26] > koshie buy x2 §x§F§F§3§E§0§0§lDemon Lord Wings to nnorv1 for $800,000.
[22:37:17] > x1 Stone bricks, bought by koshie, has just expired, the item is definitively deleted.
[22:37:18] > koshie remove x2 §x§F§F§3§E§0§0§lDemon Lord Wings from buy
[22:43:42] > x1 §x§C§9§A§7§F§C§lL§x§B§D§A§E§F§6§le§x§B§1§B§4§F§0§lg§x§A§6§B§B§E§A§le§x§9§A§C§1§E§4§ln§x§8§E§C§8§D§D§ld§x§8§2§C§E§D§7§la§x§7§7§D§5§D§1§lr§x§6§B§D§B§C§B§ly §x§6§B§D§B§C§B§lC§x§7§7§D§5§D§1§lr§x§8§2§C§E§D§7§la§x§8§E§C§8§D§D§lt§x§9§A§C§1§E§4§le §x§B§1§B§4§F§0§lK§x§B§D§A§E§F§6§le§x§C§9§A§7§F§C§ly, item of MaxKian, has just expired, the item is definitively deleted.
[22:43:42] > x1 §f§l§x§8§A§0§0§F§FS§x§9§9§0§0§D§Bh§x§A§8§0§0§B§6i§x§B§7§0§0§9§2n§x§C§6§0§0§6§De§x§D§5§0§0§4§9 §x§E§4§0§0§2§4O§x§F§3§0§0§0§0n§x§E§4§0§0§2§4i§x§D§5§0§0§4§9 §x§C§6§0§0§6§DS§x§B§7§0§0§9§2p§x§A§8§0§0§B§6e§x§9§9§0§0§D§Ba§x§8§A§0§0§F§Fr, item of kyoshiii, has just expired, the item is definitively deleted.
[22:44:41] > koshie remove x1 §x§F§F§5§5§0§0§lsᴇʟʟᴡᴀɴᴅ §6- 5.0x from buy
[22:44:42] > koshie remove x1 §x§F§F§5§5§0§0§lsᴇʟʟᴡᴀɴᴅ §6- 10.0x from buy
[22:46:55] > Sanchay added x1 §x§5§9§A§1§D§9§lA§x§6§E§A§D§D§Er§x§8§3§B§9§E§3c§x§9§7§C§4§E§7h§x§A§C§D§0§E§Ca§x§C§1§D§C§F§1n§x§D§6§E§8§F§6g§x§E§A§F§3§F§Ae§fl §x§D§0§E§4§F§4D§x§B§8§D§7§E§Fa§x§A§0§C§9§E§9g§x§8§8§B§C§E§4g§x§7§1§A§E§D§Ee§x§5§9§A§1§D§9r in auction for 2000000.
[22:48:44] > Palietass buy x64 Iron block to Seris00 for $22,400.
[22:48:46] > Palietass buy x64 Iron block to Seris00 for $22,400.
[22:49:33] > Palietass remove x64 Iron block from buy
[22:49:34] > Palietass remove x64 Iron block from buy
[22:55:10] > celinesanrio added x2 Diamond in auction for 450000.
[22:55:55] > x1 §x§F§F§3§E§0§0§lD§x§F§F§3§5§0§0§le§x§F§F§2§C§0§0§lm§x§F§F§2§3§0§0§lo§x§F§F§1§B§0§0§ln §x§F§F§0§9§0§0§lL§x§F§F§0§0§0§0§lo§x§F§F§0§A§0§0§lr§x§F§F§1§5§0§0§ld §x§F§F§2§9§0§0§lH§x§F§F§3§4§0§0§lo§x§F§F§3§E§0§0§le on sale by Cristianndi has just expired, it goes in the inventory of expired items.
[22:56:11] > celinesanrio remove x2 Diamond from storage
[22:56:19] > mae buy x1 §f§bWarden Plushie §6(#93/101) to celinesanrio for $930,000.
[22:56:35] > mae remove x1 §f§bWarden Plushie §6(#93/101) from buy
[22:57:03] > SoulessBaron added x8 Diamond block in auction for 100000.
[22:57:19] > HPMR_GaMerz buy x64 Shulker shell to Zen0969 for $1,000,000.
[22:57:21] > HPMR_GaMerz buy x64 Shulker shell to Zen0969 for $1,000,000.
[22:57:22] > HPMR_GaMerz buy x64 Shulker shell to Zen0969 for $1,000,000.
[22:57:42] > celinesanrio added x1 Archangel Kit in auction for 100000000.
[22:58:29] > celinesanrio added x46 Shulker shell in auction for 100000.
[22:58:33] > HPMR_GaMerz buy x46 Shulker shell to celinesanrio for $100,000.
[22:58:33] > celinesanrio remove x1 Archangel Kit from storage
[22:59:14] > .Kenku1001 buy x8 Diamond block to SoulessBaron for $100,000.
[22:59:47] > .Kenku1001 added x1 §eʙʟᴀᴢᴇ sᴘᴀᴡɴᴇʀ in auction for 400000.
[22:59:47] > SoulessBaron added x21 Diamond block in auction for 400000.
[23:00:02] > Kyslee buy x1 §eʙʟᴀᴢᴇ sᴘᴀᴡɴᴇʀ to .Kenku1001 for $400,000.
[23:00:19] > .Kenku1001 remove x8 Diamond block from buy
[23:00:20] > HPMR_GaMerz added x2 §x§9§8§6§3§E§7§lG§x§9§0§7§5§E§2§lo§x§8§8§8§7§D§D§ld§x§8§0§9§9§D§8§ll§x§7§7§A§C§D§4§ly §x§6§7§D§0§C§A§lC§x§5§F§E§2§C§5§lr§x§6§7§D§0§C§A§la§x§6§F§B§E§C§F§lt§x§7§7§A§C§D§4§le §x§8§8§8§7§D§D§lK§x§9§0§7§5§E§2§le§x§9§8§6§3§E§7§ly in auction for 1000000.
[23:00:40] > HPMR_GaMerz remove x2 §x§9§8§6§3§E§7§lG§x§9§0§7§5§E§2§lo§x§8§8§8§7§D§D§ld§x§8§0§9§9§D§8§ll§x§7§7§A§C§D§4§ly §x§6§7§D§0§C§A§lC§x§5§F§E§2§C§5§lr§x§6§7§D§0§C§A§la§x§6§F§B§E§C§F§lt§x§7§7§A§C§D§4§le §x§8§8§8§7§D§D§lK§x§9§0§7§5§E§2§le§x§9§8§6§3§E§7§ly from storage
[23:00:41] > giyahnpogi remove x64 Diamond from buy
[23:00:57] > giyahnpogi added x64 Diamond in auction for 30000.
[23:01:00] > HPMR_GaMerz added x2 §x§9§8§6§3§E§7§lG§x§9§0§7§5§E§2§lo§x§8§8§8§7§D§D§ld§x§8§0§9§9§D§8§ll§x§7§7§A§C§D§4§ly §x§6§7§D§0§C§A§lC§x§5§F§E§2§C§5§lr§x§6§7§D§0§C§A§la§x§6§F§B§E§C§F§lt§x§7§7§A§C§D§4§le §x§8§8§8§7§D§D§lK§x§9§0§7§5§E§2§le§x§9§8§6§3§E§7§ly in auction for 700000.
[23:01:03] > koshie buy x2 §x§9§8§6§3§E§7§lG§x§9§0§7§5§E§2§lo§x§8§8§8§7§D§D§ld§x§8§0§9§9§D§8§ll§x§7§7§A§C§D§4§ly §x§6§7§D§0§C§A§lC§x§5§F§E§2§C§5§lr§x§6§7§D§0§C§A§la§x§6§F§B§E§C§F§lt§x§7§7§A§C§D§4§le §x§8§8§8§7§D§D§lK§x§9§0§7§5§E§2§le§x§9§8§6§3§E§7§ly to HPMR_GaMerz for $700,000.
[23:01:04] > HPMR_GaMerz buy x64 Diamond to giyahnpogi for $30,000.
[23:01:10] > Zen0969 buy x21 Diamond block to SoulessBaron for $400,000.
[23:01:12] > koshie remove x2 §x§9§8§6§3§E§7§lG§x§9§0§7§5§E§2§lo§x§8§8§8§7§D§D§ld§x§8§0§9§9§D§8§ll§x§7§7§A§C§D§4§ly §x§6§7§D§0§C§A§lC§x§5§F§E§2§C§5§lr§x§6§7§D§0§C§A§la§x§6§F§B§E§C§F§lt§x§7§7§A§C§D§4§le §x§8§8§8§7§D§D§lK§x§9§0§7§5§E§2§le§x§9§8§6§3§E§7§ly from buy
[23:01:56] > x5 §x§5§C§C§F§F§C§lC§x§5§C§D§1§F§5§lo§x§5§D§D§4§E§E§ls§x§5§D§D§6§E§7§lm§x§5§E§D§9§E§1§le§x§5§E§D§B§D§A§lt§x§5§E§D§D§D§3§li§x§5§F§E§0§C§C§lc §x§5§F§E§0§C§C§lH§x§5§E§D§D§D§3§la§x§5§E§D§B§D§A§lt§x§5§E§D§9§E§1§ls §x§5§D§D§4§E§E§lK§x§5§C§D§1§F§5§le§x§5§C§C§F§F§C§ly on sale by HPMR_GaMerz has just expired, it goes in the inventory of expired items.
[23:02:19] > sean_kirby buy x1 Elytra to BlackKnight for $1,500,000.
[23:02:38] > koshie added x1 §f§l§x§8§A§0§0§F§FS§x§9§9§0§0§D§Bh§x§A§8§0§0§B§6i§x§B§7§0§0§9§2n§x§C§6§0§0§6§De§x§D§5§0§0§4§9 §x§E§4§0§0§2§4O§x§F§3§0§0§0§0n§x§E§4§0§0§2§4i§x§D§5§0§0§4§9 §x§C§6§0§0§6§DB§x§B§7§0§0§9§2o§x§A§8§0§0§B§6o§x§9§9§0§0§D§Bt§x§8§A§0§0§F§Fs in auction for 5000000.
[23:02:45] > HPMR_GaMerz remove x64 Shulker shell from buy
[23:02:45] > HPMR_GaMerz remove x64 Shulker shell from buy
[23:02:46] > HPMR_GaMerz remove x64 Shulker shell from buy
[23:02:46] > HPMR_GaMerz remove x46 Shulker shell from buy
[23:02:49] > koshie remove x1 §f§l§x§8§A§0§0§F§FS§x§9§9§0§0§D§Bh§x§A§8§0§0§B§6i§x§B§7§0§0§9§2n§x§C§6§0§0§6§De§x§D§5§0§0§4§9 §x§E§4§0§0§2§4O§x§F§3§0§0§0§0n§x§E§4§0§0§2§4i§x§D§5§0§0§4§9 §x§C§6§0§0§6§DB§x§B§7§0§0§9§2o§x§A§8§0§0§B§6o§x§9§9§0§0§D§Bt§x§8§A§0§0§F§Fs from storage
[23:03:20] > sean_kirby remove x1 Elytra from buy
[23:05:50] > Zee_ added x1 Shield in auction for 300000.
[23:06:04] > HPMR_GaMerz buy x64 Glowstone to Seris00 for $3,200.
[23:06:05] > HPMR_GaMerz buy x64 Glowstone to Seris00 for $3,200.
[23:06:06] > HPMR_GaMerz buy x64 Glowstone to Seris00 for $3,200.
[23:06:13] > HPMR_GaMerz buy x14 Shulker shell to st3ph426 for $1,000,000.
[23:06:19] > HPMR_GaMerz remove x14 Shulker shell from buy
[23:07:40] > giyahnpogi remove x8 §x§F§2§C§6§D§E§lP§x§E§0§C§A§D§B§li§x§C§D§C§D§D§8§ln§x§B§B§D§1§D§5§la§x§A§9§D§4§D§2§lt§x§9§6§D§8§C§E§la §x§7§1§D§F§C§8§lC§x§5§F§E§2§C§5§lr§x§7§4§D§E§C§9§la§x§8§9§D§A§C§C§lt§x§9§E§D§6§D§0§le §x§C§8§C§E§D§7§lK§x§D§D§C§A§D§A§le§x§F§2§C§6§D§E§ly from buy
[23:34:02] > .Lowkey1346 buy x1 §x§F§F§3§E§0§0§lD§x§F§F§3§6§0§0§le§x§F§F§2§F§0§0§lm§x§F§F§2§7§0§0§lo§x§F§F§1§F§0§0§ln §x§F§F§1§0§0§0§lL§x§F§F§0§8§0§0§lo§x§F§F§0§0§0§0§lr§x§F§F§0§8§0§0§ld §x§F§F§1§7§0§0§lS§x§F§F§1§F§0§0§lh§x§F§F§2§7§0§0§lo§x§F§F§2§F§0§0§lv§x§F§F§3§6§0§0§le§x§F§F§3§E§0§0§ll to sukiyoriee for $100,000.
[23:35:38] > Zee_ remove x1 Shield from storage
[00:17:03] > MrGh0st1y added x1 Enchanted book in auction for 500000.
[00:17:39] > MrGh0st1y buy x1 §f§l§x§F§A§0§0§0§AD§x§F§A§2§0§1§7a§x§F§B§4§0§2§3r§x§F§B§6§0§3§0k§x§F§B§8§0§3§Cf§x§F§C§A§0§4§9l§x§F§C§C§0§5§6am§x§F§C§A§0§4§9e§x§F§B§8§0§3§C §x§F§B§6§0§3§0M§x§F§B§4§0§2§3a§x§F§A§2§0§1§7c§x§F§A§0§0§0§Ae to celinesanrio for $1,000,000.
[00:17:45] > MrGh0st1y remove x1 §f§l§x§F§A§0§0§0§AD§x§F§A§2§0§1§7a§x§F§B§4§0§2§3r§x§F§B§6§0§3§0k§x§F§B§8§0§3§Cf§x§F§C§A§0§4§9l§x§F§C§C§0§5§6am§x§F§C§A§0§4§9e§x§F§B§8§0§3§C §x§F§B§6§0§3§0M§x§F§B§4§0§2§3a§x§F§A§2§0§1§7c§x§F§A§0§0§0§Ae from buy
[00:40:22] > .SharkyisHungry added x1 §x§E§E§0§0§0§0§lᴜɴʟɪᴍɪᴛᴇᴅ sᴇʟʟᴡᴀɴᴅ in auction for 100000.
[00:43:31] > Schminkipoo buy x1 §x§E§E§0§0§0§0§lᴜɴʟɪᴍɪᴛᴇᴅ sᴇʟʟᴡᴀɴᴅ to .SharkyisHungry for $100,000.
[00:44:27] > Schminkipoo remove x1 §x§E§E§0§0§0§0§lᴜɴʟɪᴍɪᴛᴇᴅ sᴇʟʟᴡᴀɴᴅ from buy
[00:44:36] > Schminkipoo remove x1 Nether star from buy
[00:44:36] > Schminkipoo remove x5 §x§F§C§D§0§5§C§lB§x§E§6§D§3§6§B§la§x§C§F§D§5§7§A§ls§x§B§9§D§8§8§9§li§x§A§2§D§A§9§8§lc §x§7§5§D§F§B§6§lC§x§5§F§E§2§C§5§lr§x§7§5§D§F§B§6§la§x§8§C§D§D§A§7§lt§x§A§2§D§A§9§8§le §x§C§F§D§5§7§A§lK§x§E§6§D§3§6§B§le§x§F§C§D§0§5§C§ly from buy
[00:44:36] > Schminkipoo remove x1 Enchanted book from buy
[00:44:37] > Schminkipoo remove x1 Enchanted book from buy
[01:08:31] > .Quackity26957 added x1 §f§l§x§F§C§D§0§5§CW§x§F§B§B§8§5§1u§x§F§A§9§F§4§6k§x§F§9§8§7§3§Co§x§F§8§6§E§3§1n§x§F§7§5§6§2§6g§x§F§6§3§D§1§B §x§F§5§2§5§1§0F§x§F§4§0§C§0§5is§x§F§5§2§5§1§0h§x§F§6§3§D§1§Bi§x§F§7§5§6§2§6n§x§F§8§6§E§3§1g§x§F§9§8§7§3§C §x§F§A§9§F§4§6R§x§F§B§B§8§5§1o§x§F§C§D§0§5§Cd in auction for 100000.
[01:10:19] > .Quackity26957 remove x1 §f§l§x§F§C§D§0§5§CW§x§F§B§B§8§5§1u§x§F§A§9§F§4§6k§x§F§9§8§7§3§Co§x§F§8§6§E§3§1n§x§F§7§5§6§2§6g§x§F§6§3§D§1§B §x§F§5§2§5§1§0F§x§F§4§0§C§0§5is§x§F§5§2§5§1§0h§x§F§6§3§D§1§Bi§x§F§7§5§6§2§6n§x§F§8§6§E§3§1g§x§F§9§8§7§3§C §x§F§A§9§F§4§6R§x§F§B§B§8§5§1o§x§F§C§D§0§5§Cd form storage
[01:46:11] > Raylii added x64 Torch in auction for 10.
[02:05:35] > BlackKnight buy x64 Torch to Raylii for $10.
[02:05:43] > x1 §eᴢᴏᴍʙɪᴇ sᴘᴀᴡɴᴇʀ, bought by ZAFF, has just expired, the item is definitively deleted.
[02:05:43] > x16 Lily pad, bought by Zypher_0w0, has just expired, the item is definitively deleted.
[02:05:45] > BlackKnight remove x64 Torch from buy
[02:48:24] > HEYkay27 added x1 §x§F§F§3§E§0§0§lD§x§F§F§3§5§0§0§le§x§F§F§2§C§0§0§lm§x§F§F§2§3§0§0§lo§x§F§F§1§B§0§0§ln §x§F§F§0§9§0§0§lL§x§F§F§0§0§0§0§lo§x§F§F§0§A§0§0§lr§x§F§F§1§5§0§0§ld §x§F§F§2§9§0§0§lA§x§F§F§3§4§0§0§lx§x§F§F§3§E§0§0§le in auction for 50000.
[03:05:55] > nicoso12 added x1 §x§F§F§3§E§0§0§lD§x§F§F§3§8§0§0§le§x§F§F§3§2§0§0§lm§x§F§F§2§B§0§0§lo§x§F§F§2§5§0§0§ln §x§F§F§1§9§0§0§lL§x§F§F§1§3§0§0§lo§x§F§F§0§C§0§0§lr§x§F§F§0§6§0§0§ld §x§F§F§0§6§0§0§lB§x§F§F§0§C§0§0§la§x§F§F§1§3§0§0§lt§x§F§F§1§9§0§0§lt§x§F§F§1§F§0§0§ll§x§F§F§2§5§0§0§le §x§F§F§3§2§0§0§lA§x§F§F§3§8§0§0§lx§x§F§F§3§E§0§0§le in auction for 100000.
[03:16:47] > mae remove x1 §x§5§C§C§F§F§C§lC§x§5§C§D§1§F§5§lo§x§5§D§D§4§E§E§ls§x§5§D§D§6§E§7§lm§x§5§E§D§9§E§1§le§x§5§E§D§B§D§A§lt§x§5§E§D§D§D§3§li§x§5§F§E§0§C§C§lc §x§5§F§E§0§C§C§lH§x§5§E§D§D§D§3§la§x§5§E§D§B§D§A§lt§x§5§E§D§9§E§1§ls §x§5§D§D§4§E§E§lK§x§5§C§D§1§F§5§le§x§5§C§C§F§F§C§ly from buy
[03:16:48] > mae remove x1 §x§5§9§A§1§D§9§lA§x§6§E§A§D§D§Er§x§8§3§B§9§E§3c§x§9§7§C§4§E§7h§x§A§C§D§0§E§Ca§x§C§1§D§C§F§1n§x§D§6§E§8§F§6g§x§E§A§F§3§F§Ae§fl §x§D§0§E§4§F§4D§x§B§8§D§7§E§Fa§x§A§0§C§9§E§9g§x§8§8§B§C§E§4g§x§7§1§A§E§D§Ee§x§5§9§A§1§D§9r from buy
[03:16:49] > mae remove x1 §x§E§5§1§B§1§B§lDracula Leggings from buy
[04:39:31] > x1 buying both angelic and darkflame stuff, msg me :3 on sale by nicoso12 has just expired, it goes in the inventory of expired items.
[04:41:26] > nicoso12 buy x1 §f§l§x§F§A§0§0§0§AD§x§F§A§1§7§1§3a§x§F§A§2§E§1§Cr§x§F§B§4§5§2§5k§x§F§B§5§C§2§Ef§x§F§B§7§4§3§8l§x§F§B§8§B§4§1a§x§F§C§A§2§4§Am§x§F§C§B§9§5§3e§x§F§C§D§0§5§C §x§F§C§D§0§5§CC§x§F§C§B§9§5§3h§x§F§C§A§2§4§Ae§x§F§B§8§B§4§1s§x§F§B§7§4§3§8t§x§F§B§5§C§2§Ep§x§F§B§4§5§2§5l§x§F§A§2§E§1§Ca§x§F§A§1§7§1§3t§x§F§A§0§0§0§Ae to MrZyrus7228 for $1,000,000.
[04:41:28] > nicoso12 buy x1 §f§l§x§F§A§0§0§0§AD§x§F§A§1§A§1§4a§x§F§B§3§4§1§Fr§x§F§B§4§E§2§9k§x§F§B§6§8§3§3f§x§F§B§8§2§3§Dl§x§F§C§9§C§4§8a§x§F§C§B§6§5§2m§x§F§C§D§0§5§Ce§x§F§C§D§0§5§C §x§F§C§B§6§5§2L§x§F§C§9§C§4§8e§x§F§B§8§2§3§Dg§x§F§B§6§8§3§3g§x§F§B§4§E§2§9i§x§F§B§3§4§1§Fn§x§F§A§1§A§1§4g§x§F§A§0§0§0§As to celinesanrio for $2,000,000.
[04:42:08] > nicoso12 buy x1 §f§l§x§F§A§0§0§0§AD§x§F§A§1§C§1§5a§x§F§B§3§7§2§0r§x§F§B§5§3§2§Bk§x§F§B§6§F§3§6f§x§F§B§8§B§4§1l§x§F§C§A§6§4§Ca§x§F§C§C§2§5§7me§x§F§C§A§6§4§C §x§F§B§8§B§4§1S§x§F§B§6§F§3§6h§x§F§B§5§3§2§Bo§x§F§B§3§7§2§0v§x§F§A§1§C§1§5e§x§F§A§0§0§0§Al to celinesanrio for $750,000.
[04:42:14] > nicoso12 remove x1 §f§l§x§F§A§0§0§0§AD§x§F§A§1§7§1§3a§x§F§A§2§E§1§Cr§x§F§B§4§5§2§5k§x§F§B§5§C§2§Ef§x§F§B§7§4§3§8l§x§F§B§8§B§4§1a§x§F§C§A§2§4§Am§x§F§C§B§9§5§3e§x§F§C§D§0§5§C §x§F§C§D§0§5§CC§x§F§C§B§9§5§3h§x§F§C§A§2§4§Ae§x§F§B§8§B§4§1s§x§F§B§7§4§3§8t§x§F§B§5§C§2§Ep§x§F§B§4§5§2§5l§x§F§A§2§E§1§Ca§x§F§A§1§7§1§3t§x§F§A§0§0§0§Ae from buy
[04:42:14] > nicoso12 remove x1 §f§l§x§F§A§0§0§0§AD§x§F§A§1§A§1§4a§x§F§B§3§4§1§Fr§x§F§B§4§E§2§9k§x§F§B§6§8§3§3f§x§F§B§8§2§3§Dl§x§F§C§9§C§4§8a§x§F§C§B§6§5§2m§x§F§C§D§0§5§Ce§x§F§C§D§0§5§C §x§F§C§B§6§5§2L§x§F§C§9§C§4§8e§x§F§B§8§2§3§Dg§x§F§B§6§8§3§3g§x§F§B§4§E§2§9i§x§F§B§3§4§1§Fn§x§F§A§1§A§1§4g§x§F§A§0§0§0§As from buy
[04:42:15] > nicoso12 remove x1 §f§l§x§F§A§0§0§0§AD§x§F§A§1§C§1§5a§x§F§B§3§7§2§0r§x§F§B§5§3§2§Bk§x§F§B§6§F§3§6f§x§F§B§8§B§4§1l§x§F§C§A§6§4§Ca§x§F§C§C§2§5§7me§x§F§C§A§6§4§C §x§F§B§8§B§4§1S§x§F§B§6§F§3§6h§x§F§B§5§3§2§Bo§x§F§B§3§7§2§0v§x§F§A§1§C§1§5e§x§F§A§0§0§0§Al from buy
[08:10:23] > .SharkyisHungry added x1 §x§9§8§6§3§E§7§lG§x§9§0§7§5§E§2§lo§x§8§8§8§7§D§D§ld§x§8§0§9§9§D§8§ll§x§7§7§A§C§D§4§ly §x§6§7§D§0§C§A§lC§x§5§F§E§2§C§5§lr§x§6§7§D§0§C§A§la§x§6§F§B§E§C§F§lt§x§7§7§A§C§D§4§le §x§8§8§8§7§D§D§lK§x§9§0§7§5§E§2§le§x§9§8§6§3§E§7§ly in auction for 200000.
[08:10:41] > BlackKnight buy x1 §x§9§8§6§3§E§7§lG§x§9§0§7§5§E§2§lo§x§8§8§8§7§D§D§ld§x§8§0§9§9§D§8§ll§x§7§7§A§C§D§4§ly §x§6§7§D§0§C§A§lC§x§5§F§E§2§C§5§lr§x§6§7§D§0§C§A§la§x§6§F§B§E§C§F§lt§x§7§7§A§C§D§4§le §x§8§8§8§7§D§D§lK§x§9§0§7§5§E§2§le§x§9§8§6§3§E§7§ly to .SharkyisHungry for $200,000.
[08:10:51] > BlackKnight remove x1 §x§9§8§6§3§E§7§lG§x§9§0§7§5§E§2§lo§x§8§8§8§7§D§D§ld§x§8§0§9§9§D§8§ll§x§7§7§A§C§D§4§ly §x§6§7§D§0§C§A§lC§x§5§F§E§2§C§5§lr§x§6§7§D§0§C§A§la§x§6§F§B§E§C§F§lt§x§7§7§A§C§D§4§le §x§8§8§8§7§D§D§lK§x§9§0§7§5§E§2§le§x§9§8§6§3§E§7§ly from buy
[08:12:01] > kopo555 added x1 §f§l§x§F§C§D§0§5§CW§x§F§B§B§2§4§Fu§x§F§9§9§5§4§2k§x§F§8§7§7§3§5o§x§F§7§5§9§2§7n§x§F§6§3§B§1§Ag§x§F§4§1§E§0§D §x§F§3§0§0§0§0C§x§F§4§1§E§0§Dr§x§F§6§3§B§1§Ao§x§F§7§5§9§2§7s§x§F§8§7§7§3§5s§x§F§9§9§5§4§2b§x§F§B§B§2§4§Fo§x§F§C§D§0§5§Cw in auction for 600000.
[08:22:26] > Pewpew remove x1 §x§F§0§7§A§5§4§lZombie Apocalyptic Boots from buy
[08:56:50] > Pewpew added x1 §f§l§x§F§C§D§0§5§CW§x§F§B§A§D§4§Du§x§F§9§8§B§3§Dk§x§F§8§6§8§2§Eo§x§F§6§4§5§1§Fn§x§F§5§2§3§0§Fg§x§F§3§0§0§0§0 §x§F§5§2§3§0§FH§x§F§6§4§5§1§Fa§x§F§8§6§8§2§Em§x§F§9§8§B§3§Dm§x§F§B§A§D§4§De§x§F§C§D§0§5§Cr in auction for 500000.
[10:01:14] > backburner_ added x1 §eʙʟᴀᴢᴇ sᴘᴀᴡɴᴇʀ in auction for 450000.
[10:02:04] > SoulessBaron buy x1 §f§l§x§F§C§D§0§5§CW§x§F§B§A§D§4§Du§x§F§9§8§B§3§Dk§x§F§8§6§8§2§Eo§x§F§6§4§5§1§Fn§x§F§5§2§3§0§Fg§x§F§3§0§0§0§0 §x§F§5§2§3§0§FH§x§F§6§4§5§1§Fa§x§F§8§6§8§2§Em§x§F§9§8§B§3§Dm§x§F§B§A§D§4§De§x§F§C§D§0§5§Cr to Pewpew for $500,000.
[10:02:25] > SoulessBaron remove x1 §f§l§x§F§C§D§0§5§CW§x§F§B§A§D§4§Du§x§F§9§8§B§3§Dk§x§F§8§6§8§2§Eo§x§F§6§4§5§1§Fn§x§F§5§2§3§0§Fg§x§F§3§0§0§0§0 §x§F§5§2§3§0§FH§x§F§6§4§5§1§Fa§x§F§8§6§8§2§Em§x§F§9§8§B§3§Dm§x§F§B§A§D§4§De§x§F§C§D§0§5§Cr from buy
[10:09:50] > HPMR_GaMerz buy x1 §eʙʟᴀᴢᴇ sᴘᴀᴡɴᴇʀ to backburner_ for $450,000.
[10:19:12] > x4 Trial key, item of Pewpew, has just expired, the item is definitively deleted.
[10:19:12] > x1 §x§F§0§7§A§5§4§lZombie Apocalyptic Baseballbat, item of azi, has just expired, the item is definitively deleted.
[10:33:01] > giyahnpogi added x15 Pumpkin in auction for 1000.
[10:33:54] > OoferGamezYT added x3 §x§C§9§A§7§F§C§lL§x§B§D§A§E§F§6§le§x§B§1§B§4§F§0§lg§x§A§6§B§B§E§A§le§x§9§A§C§1§E§4§ln§x§8§E§C§8§D§D§ld§x§8§2§C§E§D§7§la§x§7§7§D§5§D§1§lr§x§6§B§D§B§C§B§ly §x§6§B§D§B§C§B§lC§x§7§7§D§5§D§1§lr§x§8§2§C§E§D§7§la§x§8§E§C§8§D§D§lt§x§9§A§C§1§E§4§le §x§B§1§B§4§F§0§lK§x§B§D§A§E§F§6§le§x§C§9§A§7§F§C§ly in auction for 300000.
[10:34:22] > OoferGamezYT remove x3 §x§C§9§A§7§F§C§lL§x§B§D§A§E§F§6§le§x§B§1§B§4§F§0§lg§x§A§6§B§B§E§A§le§x§9§A§C§1§E§4§ln§x§8§E§C§8§D§D§ld§x§8§2§C§E§D§7§la§x§7§7§D§5§D§1§lr§x§6§B§D§B§C§B§ly §x§6§B§D§B§C§B§lC§x§7§7§D§5§D§1§lr§x§8§2§C§E§D§7§la§x§8§E§C§8§D§D§lt§x§9§A§C§1§E§4§le §x§B§1§B§4§F§0§lK§x§B§D§A§E§F§6§le§x§C§9§A§7§F§C§ly from storage
[10:34:34] > OoferGamezYT remove x3 §x§C§9§A§7§F§C§lL§x§B§D§A§E§F§6§le§x§B§1§B§4§F§0§lg§x§A§6§B§B§E§A§le§x§9§A§C§1§E§4§ln§x§8§E§C§8§D§D§ld§x§8§2§C§E§D§7§la§x§7§7§D§5§D§1§lr§x§6§B§D§B§C§B§ly §x§6§B§D§B§C§B§lC§x§7§7§D§5§D§1§lr§x§8§2§C§E§D§7§la§x§8§E§C§8§D§D§lt§x§9§A§C§1§E§4§le §x§B§1§B§4§F§0§lK§x§B§D§A§E§F§6§le§x§C§9§A§7§F§C§ly from expire
[10:34:46] > OoferGamezYT added x3 §x§C§9§A§7§F§C§lL§x§B§D§A§E§F§6§le§x§B§1§B§4§F§0§lg§x§A§6§B§B§E§A§le§x§9§A§C§1§E§4§ln§x§8§E§C§8§D§D§ld§x§8§2§C§E§D§7§la§x§7§7§D§5§D§1§lr§x§6§B§D§B§C§B§ly §x§6§B§D§B§C§B§lC§x§7§7§D§5§D§1§lr§x§8§2§C§E§D§7§la§x§8§E§C§8§D§D§lt§x§9§A§C§1§E§4§le §x§B§1§B§4§F§0§lK§x§B§D§A§E§F§6§le§x§C§9§A§7§F§C§ly in auction for 150000.
[10:35:00] > OoferGamezYT remove x3 §x§C§9§A§7§F§C§lL§x§B§D§A§E§F§6§le§x§B§1§B§4§F§0§lg§x§A§6§B§B§E§A§le§x§9§A§C§1§E§4§ln§x§8§E§C§8§D§D§ld§x§8§2§C§E§D§7§la§x§7§7§D§5§D§1§lr§x§6§B§D§B§C§B§ly §x§6§B§D§B§C§B§lC§x§7§7§D§5§D§1§lr§x§8§2§C§E§D§7§la§x§8§E§C§8§D§D§lt§x§9§A§C§1§E§4§le §x§B§1§B§4§F§0§lK§x§B§D§A§E§F§6§le§x§C§9§A§7§F§C§ly from storage
[10:35:09] > OoferGamezYT added x3 §x§C§9§A§7§F§C§lL§x§B§D§A§E§F§6§le§x§B§1§B§4§F§0§lg§x§A§6§B§B§E§A§le§x§9§A§C§1§E§4§ln§x§8§E§C§8§D§D§ld§x§8§2§C§E§D§7§la§x§7§7§D§5§D§1§lr§x§6§B§D§B§C§B§ly §x§6§B§D§B§C§B§lC§x§7§7§D§5§D§1§lr§x§8§2§C§E§D§7§la§x§8§E§C§8§D§D§lt§x§9§A§C§1§E§4§le §x§B§1§B§4§F§0§lK§x§B§D§A§E§F§6§le§x§C§9§A§7§F§C§ly in auction for 150000.
[10:54:13] > OoferGamezYT remove x3 §x§C§9§A§7§F§C§lL§x§B§D§A§E§F§6§le§x§B§1§B§4§F§0§lg§x§A§6§B§B§E§A§le§x§9§A§C§1§E§4§ln§x§8§E§C§8§D§D§ld§x§8§2§C§E§D§7§la§x§7§7§D§5§D§1§lr§x§6§B§D§B§C§B§ly §x§6§B§D§B§C§B§lC§x§7§7§D§5§D§1§lr§x§8§2§C§E§D§7§la§x§8§E§C§8§D§D§lt§x§9§A§C§1§E§4§le §x§B§1§B§4§F§0§lK§x§B§D§A§E§F§6§le§x§C§9§A§7§F§C§ly from storage
[10:54:17] > OoferGamezYT remove x3 §x§C§9§A§7§F§C§lL§x§B§D§A§E§F§6§le§x§B§1§B§4§F§0§lg§x§A§6§B§B§E§A§le§x§9§A§C§1§E§4§ln§x§8§E§C§8§D§D§ld§x§8§2§C§E§D§7§la§x§7§7§D§5§D§1§lr§x§6§B§D§B§C§B§ly §x§6§B§D§B§C§B§lC§x§7§7§D§5§D§1§lr§x§8§2§C§E§D§7§la§x§8§E§C§8§D§D§lt§x§9§A§C§1§E§4§le §x§B§1§B§4§F§0§lK§x§B§D§A§E§F§6§le§x§C§9§A§7§F§C§ly from expire
[10:55:30] > giyahnpogi remove x15 Pumpkin from storage
[10:58:48] > OoferGamezYT added x1 §x§9§8§6§3§E§7§lG§x§9§0§7§5§E§2§lo§x§8§8§8§7§D§D§ld§x§8§0§9§9§D§8§ll§x§7§7§A§C§D§4§ly §x§6§7§D§0§C§A§lC§x§5§F§E§2§C§5§lr§x§6§7§D§0§C§A§la§x§6§F§B§E§C§F§lt§x§7§7§A§C§D§4§le §x§8§8§8§7§D§D§lK§x§9§0§7§5§E§2§le§x§9§8§6§3§E§7§ly in auction for 50000.
[10:58:51] > MrZyrus7228 buy x1 §x§9§8§6§3§E§7§lG§x§9§0§7§5§E§2§lo§x§8§8§8§7§D§D§ld§x§8§0§9§9§D§8§ll§x§7§7§A§C§D§4§ly §x§6§7§D§0§C§A§lC§x§5§F§E§2§C§5§lr§x§6§7§D§0§C§A§la§x§6§F§B§E§C§F§lt§x§7§7§A§C§D§4§le §x§8§8§8§7§D§D§lK§x§9§0§7§5§E§2§le§x§9§8§6§3§E§7§ly to OoferGamezYT for $50,000.
[10:59:04] > OoferGamezYT added x1 §x§F§C§D§0§5§C§lB§x§E§6§D§3§6§B§la§x§C§F§D§5§7§A§ls§x§B§9§D§8§8§9§li§x§A§2§D§A§9§8§lc §x§7§5§D§F§B§6§lC§x§5§F§E§2§C§5§lr§x§7§5§D§F§B§6§la§x§8§C§D§D§A§7§lt§x§A§2§D§A§9§8§le §x§C§F§D§5§7§A§lK§x§E§6§D§3§6§B§le§x§F§C§D§0§5§C§ly in auction for 5000.
[10:59:16] > tic_sz buy x1 §x§F§C§D§0§5§C§lB§x§E§6§D§3§6§B§la§x§C§F§D§5§7§A§ls§x§B§9§D§8§8§9§li§x§A§2§D§A§9§8§lc §x§7§5§D§F§B§6§lC§x§5§F§E§2§C§5§lr§x§7§5§D§F§B§6§la§x§8§C§D§D§A§7§lt§x§A§2§D§A§9§8§le §x§C§F§D§5§7§A§lK§x§E§6§D§3§6§B§le§x§F§C§D§0§5§C§ly to OoferGamezYT for $5,000.
[11:00:48] > OoferGamezYT added x12 §x§C§9§A§7§F§C§lL§x§B§D§A§E§F§6§le§x§B§1§B§4§F§0§lg§x§A§6§B§B§E§A§le§x§9§A§C§1§E§4§ln§x§8§E§C§8§D§D§ld§x§8§2§C§E§D§7§la§x§7§7§D§5§D§1§lr§x§6§B§D§B§C§B§ly §x§6§B§D§B§C§B§lC§x§7§7§D§5§D§1§lr§x§8§2§C§E§D§7§la§x§8§E§C§8§D§D§lt§x§9§A§C§1§E§4§le §x§B§1§B§4§F§0§lK§x§B§D§A§E§F§6§le§x§C§9§A§7§F§C§ly in auction for 600000.
[11:03:26] > BlackKnight added x1 Netherite upgrade smithing template in auction for 2000000.
[11:04:30] > OoferGamezYT remove x12 §x§C§9§A§7§F§C§lL§x§B§D§A§E§F§6§le§x§B§1§B§4§F§0§lg§x§A§6§B§B§E§A§le§x§9§A§C§1§E§4§ln§x§8§E§C§8§D§D§ld§x§8§2§C§E§D§7§la§x§7§7§D§5§D§1§lr§x§6§B§D§B§C§B§ly §x§6§B§D§B§C§B§lC§x§7§7§D§5§D§1§lr§x§8§2§C§E§D§7§la§x§8§E§C§8§D§D§lt§x§9§A§C§1§E§4§le §x§B§1§B§4§F§0§lK§x§B§D§A§E§F§6§le§x§C§9§A§7§F§C§ly from storage
[11:04:42] > BlackKnight remove x1 §x§F§0§7§A§5§4§lZombie Apocalyptic Key from buy
[11:34:31] > Sezemi added x20 Emerald in auction for 10.
[11:35:20] > BlackKnight buy x20 Emerald to Sezemi for $10.
[11:35:28] > BlackKnight remove x20 Emerald from buy
[11:36:32] > Rain_Reinn added x1 §x§F§F§3§E§0§0§lD§x§F§F§3§8§0§0§le§x§F§F§3§2§0§0§lm§x§F§F§2§B§0§0§lo§x§F§F§2§5§0§0§ln §x§F§F§1§9§0§0§lL§x§F§F§1§3§0§0§lo§x§F§F§0§C§0§0§lr§x§F§F§0§6§0§0§ld §x§F§F§0§6§0§0§lB§x§F§F§0§C§0§0§la§x§F§F§1§3§0§0§lt§x§F§F§1§9§0§0§lt§x§F§F§1§F§0§0§ll§x§F§F§2§5§0§0§le §x§F§F§3§2§0§0§lA§x§F§F§3§8§0§0§lx§x§F§F§3§E§0§0§le in auction for 250000.
[11:36:45] > Rain_Reinn added x1 §x§F§F§3§E§0§0§lD§x§F§F§3§6§0§0§le§x§F§F§2§F§0§0§lm§x§F§F§2§7§0§0§lo§x§F§F§1§F§0§0§ln §x§F§F§1§0§0§0§lL§x§F§F§0§8§0§0§lo§x§F§F§0§0§0§0§lr§x§F§F§0§8§0§0§ld §x§F§F§1§7§0§0§lD§x§F§F§1§F§0§0§la§x§F§F§2§7§0§0§lg§x§F§F§2§F§0§0§lg§x§F§F§3§6§0§0§le§x§F§F§3§E§0§0§lr in auction for 250000.
[11:36:57] > Rain_Reinn added x1 §x§F§F§3§E§0§0§lD§x§F§F§3§6§0§0§le§x§F§F§2§F§0§0§lm§x§F§F§2§7§0§0§lo§x§F§F§1§F§0§0§ln §x§F§F§1§0§0§0§lL§x§F§F§0§8§0§0§lo§x§F§F§0§0§0§0§lr§x§F§F§0§8§0§0§ld §x§F§F§1§7§0§0§lH§x§F§F§1§F§0§0§le§x§F§F§2§7§0§0§ll§x§F§F§2§F§0§0§lm§x§F§F§3§6§0§0§le§x§F§F§3§E§0§0§lt in auction for 250000.
[11:37:10] > Rain_Reinn added x1 §x§F§F§3§E§0§0§lD§x§F§F§3§6§0§0§le§x§F§F§2§F§0§0§lm§x§F§F§2§7§0§0§lo§x§F§F§1§F§0§0§ln §x§F§F§1§0§0§0§lL§x§F§F§0§8§0§0§lo§x§F§F§0§0§0§0§lr§x§F§F§0§8§0§0§ld §x§F§F§1§7§0§0§lH§x§F§F§1§F§0§0§le§x§F§F§2§7§0§0§ll§x§F§F§2§F§0§0§lm§x§F§F§3§6§0§0§le§x§F§F§3§E§0§0§lt in auction for 250000.
[11:37:31] > Rain_Reinn added x1 §x§F§F§3§E§0§0§lDemon Lord Wings in auction for 600000.
[11:37:38] > BlackKnight buy x1 §x§F§F§3§E§0§0§lDemon Lord Wings to Rain_Reinn for $600,000.
[11:37:43] > Rain_Reinn added x1 §x§F§F§3§E§0§0§lD§x§F§F§3§7§0§0§le§x§F§F§3§0§0§0§lm§x§F§F§2§9§0§0§lo§x§F§F§2§2§0§0§ln §x§F§F§1§5§0§0§lL§x§F§F§0§E§0§0§lo§x§F§F§0§7§0§0§lr§x§F§F§0§0§0§0§ld §x§F§F§0§E§0§0§lC§x§F§F§1§5§0§0§lr§x§F§F§1§C§0§0§lo§x§F§F§2§2§0§0§ls§x§F§F§2§9§0§0§ls§x§F§F§3§0§0§0§lb§x§F§F§3§7§0§0§lo§x§F§F§3§E§0§0§lw in auction for 250000.
[11:37:53] > Rain_Reinn added x1 §x§F§F§3§E§0§0§lD§x§F§F§3§7§0§0§le§x§F§F§3§0§0§0§lm§x§F§F§2§9§0§0§lo§x§F§F§2§2§0§0§ln §x§F§F§1§5§0§0§lL§x§F§F§0§E§0§0§lo§x§F§F§0§7§0§0§lr§x§F§F§0§0§0§0§ld §x§F§F§0§E§0§0§lC§x§F§F§1§5§0§0§lr§x§F§F§1§C§0§0§lo§x§F§F§2§2§0§0§ls§x§F§F§2§9§0§0§ls§x§F§F§3§0§0§0§lb§x§F§F§3§7§0§0§lo§x§F§F§3§E§0§0§lw in auction for 250000.
[11:38:07] > Rain_Reinn remove x64 FIREWORKS AT /PWARP GO RAIN from storage
[11:38:20] > Rain_Reinn added x64 FIREWORKS AT /PWARP GO RAIN in auction for 99999999999.
[11:38:37] > BlackKnight buy x1 §x§F§F§3§E§0§0§lD§x§F§F§3§7§0§0§le§x§F§F§3§0§0§0§lm§x§F§F§2§9§0§0§lo§x§F§F§2§2§0§0§ln §x§F§F§1§5§0§0§lL§x§F§F§0§E§0§0§lo§x§F§F§0§7§0§0§lr§x§F§F§0§0§0§0§ld §x§F§F§0§E§0§0§lC§x§F§F§1§5§0§0§lr§x§F§F§1§C§0§0§lo§x§F§F§2§2§0§0§ls§x§F§F§2§9§0§0§ls§x§F§F§3§0§0§0§lb§x§F§F§3§7§0§0§lo§x§F§F§3§E§0§0§lw to Rain_Reinn for $250,000.