
[12:05:29] > Pewpew added x1 §f§l§8B§x§6§6§6§6§6§6a§x§7§7§7§7§7§7h§x§8§8§8§8§8§8a§x§9§9§9§9§9§9m§7u§x§9§9§9§9§9§9t§x§8§8§8§8§8§8 §x§7§7§7§7§7§7H§x§6§6§6§6§6§6o§8e in auction for 500000.
[12:05:33] > BlackKnight buy x1 §f§l§8B§x§6§6§6§6§6§6a§x§7§7§7§7§7§7h§x§8§8§8§8§8§8a§x§9§9§9§9§9§9m§7u§x§9§9§9§9§9§9t§x§8§8§8§8§8§8 §x§7§7§7§7§7§7H§x§6§6§6§6§6§6o§8e to Pewpew for $500,000.
[12:17:55] > x1 §f§l§x§F§C§D§0§5§CW§x§F§A§A§A§4§Bu§x§F§9§8§4§3§Bk§x§F§7§5§F§2§Ao§x§F§5§3§9§1§9n§x§F§4§1§3§0§8g §x§F§5§3§9§1§9S§x§F§7§5§F§2§At§x§F§9§8§4§3§Bi§x§F§A§A§A§4§Bc§x§F§C§D§0§5§Ck on sale by kopo555 has just expired, it goes in the inventory of expired items.
[12:24:07] > .Dream78720 buy x1 §eᴘɪɢ sᴘᴀᴡɴᴇʀ to sigman for $45,000.
[12:25:12] > .Dream78720 remove x1 §eᴘɪɢ sᴘᴀᴡɴᴇʀ from buy
[12:26:16] > .Dream78720 added x1 §eᴘɪɢ sᴘᴀᴡɴᴇʀ in auction for 100000.
[12:36:21] > Pewpew added x1 Music disc lava chicken in auction for 100000.
[12:36:27] > BlackKnight buy x1 Music disc lava chicken to Pewpew for $100,000.
[12:36:40] > BlackKnight remove x1 Music disc lava chicken from buy
[12:36:41] > BlackKnight remove x1 §x§F§0§7§A§5§4§lZombie Apocalyptic Shield form buy
[12:36:41] > BlackKnight remove x1 §f§l§8B§x§6§6§6§6§6§6a§x§7§7§7§7§7§7h§x§8§8§8§8§8§8a§x§9§9§9§9§9§9m§7u§x§9§9§9§9§9§9t§x§8§8§8§8§8§8 §x§7§7§7§7§7§7H§x§6§6§6§6§6§6o§8e form buy
[12:36:41] > BlackKnight remove x1 §x§E§5§1§B§1§B§lDracula Chestplate form buy
[12:45:27] > HwanYo added x64 Emerald in auction for 50000.
[12:48:28] > monggol added x1 §fSun Visor Hat in auction for 50000.
[12:52:09] > Lanchan68 buy x1 §x§F§0§7§A§5§4§lZombie Apocalyptic Leggings to BlackKnight for $300,000.
[12:52:19] > Lanchan68 buy x1 §x§F§0§7§A§5§4§lZombie Apocalyptic Chestplate to El3ctric_Ey3 for $120,000.
[12:53:22] > Lanchan68 remove x1 §x§F§0§7§A§5§4§lZombie Apocalyptic Chestplate from buy
[12:53:23] > Lanchan68 remove x1 §x§F§0§7§A§5§4§lZombie Apocalyptic Leggings from buy
[12:58:35] > kabayooo added x1 §x§F§F§5§5§0§0§lsᴇʟʟᴡᴀɴᴅ §6- 10.0x in auction for 250000.
[12:58:39] > Raylii buy x1 §x§F§F§5§5§0§0§lsᴇʟʟᴡᴀɴᴅ §6- 10.0x to kabayooo for $250,000.
[12:58:47] > KEITHTHEPRO remove x1 §x§5§C§C§F§F§C§lC§x§5§C§D§1§F§5§lo§x§5§D§D§4§E§E§ls§x§5§D§D§6§E§7§lm§x§5§E§D§9§E§1§le§x§5§E§D§B§D§A§lt§x§5§E§D§D§D§3§li§x§5§F§E§0§C§C§lc §x§5§F§E§0§C§C§lH§x§5§E§D§D§D§3§la§x§5§E§D§B§D§A§lt§x§5§E§D§9§E§1§ls §x§5§D§D§4§E§E§lK§x§5§C§D§1§F§5§le§x§5§C§C§F§F§C§ly form buy
[12:58:55] > Johng10910 buy x3 Nether star to Akiesha for $100,000.
[13:01:31] > kabayooo buy x1 TOMBOY SMASHER;]🥶 to .SharkyisHungry for $399,999.
[13:01:51] > kabayooo remove x1 TOMBOY SMASHER;]🥶 from buy
[13:02:57] > Lanchan68 buy x1 Ominous bottle to BlueTea_Official for $100,000.
[13:03:41] > .Quackity26957 remove x1 §x§F§0§7§A§5§4§lZombie Apocalyptic Shotgun form storage
[13:05:36] > HwanYo remove x54 Emerald from storage
[13:06:05] > HwanYo added x64 Experience bottle in auction for 130000.
[13:07:47] > kabayooo remove x1 Enchanted book from buy
[13:07:48] > kabayooo remove x64 Firework rocket from buy
[13:11:10] > Johng10910 buy x64 Experience bottle to HwanYo for $130,000.
[13:13:26] > Johng10910 added x1 §f§x§D§0§D§0§D§0J§x§C§9§C§9§C§9e§x§C§2§C§2§C§2t§x§B§B§B§B§B§B §x§B§3§B§3§B§3P§x§A§C§A§C§A§Ci§x§A§5§A§5§A§5l§x§9§E§9§E§9§Eo§x§9§7§9§7§9§7t§x§9§0§9§0§9§0 §x§8§9§8§9§8§9H§x§8§2§8§2§8§2e§x§7§A§7§A§7§Al§x§7§3§7§3§7§3m§x§6§C§6§C§6§Ce§x§6§5§6§5§6§5t in auction for 50000.
[13:13:40] > HPMR_GaMerz buy x1 §f§x§D§0§D§0§D§0J§x§C§9§C§9§C§9e§x§C§2§C§2§C§2t§x§B§B§B§B§B§B §x§B§3§B§3§B§3P§x§A§C§A§C§A§Ci§x§A§5§A§5§A§5l§x§9§E§9§E§9§Eo§x§9§7§9§7§9§7t§x§9§0§9§0§9§0 §x§8§9§8§9§8§9H§x§8§2§8§2§8§2e§x§7§A§7§A§7§Al§x§7§3§7§3§7§3m§x§6§C§6§C§6§Ce§x§6§5§6§5§6§5t to Johng10910 for $50,000.
[13:13:43] > HPMR_GaMerz buy x1 §fSun Visor Hat to monggol for $50,000.
[13:13:47] > HPMR_GaMerz buy x1 §eᴘɪɢ sᴘᴀᴡɴᴇʀ to .Dream78720 for $100,000.
[13:13:54] > HPMR_GaMerz buy x1 §eᴄʜɪᴄᴋᴇɴ sᴘᴀᴡɴᴇʀ to PrinceBGC for $150,000.
[13:13:57] > HPMR_GaMerz buy x1 §esʜᴇᴇᴘ sᴘᴀᴡɴᴇʀ to Pewpew for $300,000.
[13:14:14] > HPMR_GaMerz buy x17 Nether star to celinesanrio for $17,000.
[13:14:17] > Johng10910 added x1 §fSun Visor Hat in auction for 50000.
[13:14:25] > HPMR_GaMerz buy x1 §fSun Visor Hat to Johng10910 for $50,000.
[13:14:27] > Johng10910 added x1 §fAdventure Hat in auction for 50000.
[13:14:40] > HPMR_GaMerz buy x1 More Gun Powdahh!!! to mae for $100,000.
[13:20:39] > MrZyrus7228 buy x64 Experience bottle to HwanYo for $150,000.
[13:20:55] > MrZyrus7228 remove x64 Experience bottle from buy
[13:27:24] > Johng10910 remove x64 Experience bottle from buy
[13:29:45] > Sanchay buy x1 Silence armor trim smithing template to giyahnpogi for $500,000.
[13:29:55] > llhxnce added x64 Crafting table in auction for 67.
[13:31:00] > Sanchay remove x1 Silence armor trim smithing template from buy
[13:47:37] > kabayooo added x1 §esʜᴇᴇᴘ sᴘᴀᴡɴᴇʀ in auction for 250000.
[13:50:15] > Sanchay added x1 §x§F§F§3§E§0§0§lD§x§F§F§3§5§0§0§le§x§F§F§2§C§0§0§lm§x§F§F§2§3§0§0§lo§x§F§F§1§B§0§0§ln §x§F§F§0§9§0§0§lL§x§F§F§0§0§0§0§lo§x§F§F§0§A§0§0§lr§x§F§F§1§5§0§0§ld §x§F§F§2§9§0§0§lH§x§F§F§3§4§0§0§lo§x§F§F§3§E§0§0§le in auction for 100000.
[13:51:17] > VortexZayne buy x1 Enchanted book to AxoLittle for $3,000.
[13:56:40] > HPMR_GaMerz buy x1 §fAdventure Hat to Johng10910 for $50,000.
[13:56:45] > HPMR_GaMerz buy x1 Diamond sword to kabayooo for $70,000.
[13:56:48] > HPMR_GaMerz buy x1 §fAdventure Hat to BushSeat for $50,000.
[13:56:54] > HPMR_GaMerz buy x1 Wither skeleton skull to Chezzy for $30,000.
[13:57:01] > HPMR_GaMerz buy x1 Mending Box to Zypher_0w0 for $100,000.
[13:57:19] > HPMR_GaMerz buy x64 Experience bottle to HwanYo for $130,000.
[13:57:21] > HPMR_GaMerz buy x64 Experience bottle to HwanYo for $130,000.
[13:57:24] > HPMR_GaMerz buy x64 Experience bottle to HwanYo for $130,000.
[13:57:26] > HPMR_GaMerz buy x64 Experience bottle to HwanYo for $130,000.
[13:57:28] > HPMR_GaMerz buy x64 Experience bottle to HwanYo for $140,000.
[13:57:30] > HPMR_GaMerz buy x64 Experience bottle to HwanYo for $140,000.
[13:57:57] > HwanYo added x64 Experience bottle in auction for 140000.
[13:58:08] > HwanYo added x64 Experience bottle in auction for 140000.
[13:58:19] > HwanYo added x64 Experience bottle in auction for 140000.
[13:58:43] > HwanYo added x64 Experience bottle in auction for 140000.
[13:58:57] > HwanYo added x64 Experience bottle in auction for 140000.
[13:59:17] > HwanYo added x64 Experience bottle in auction for 140000.
[14:00:30] > HPMR_GaMerz buy x64 Experience bottle to HwanYo for $140,000.
[14:00:33] > HPMR_GaMerz buy x64 Experience bottle to HwanYo for $140,000.
[14:00:35] > HPMR_GaMerz buy x64 Experience bottle to HwanYo for $140,000.
[14:00:36] > HwanYo added x64 Experience bottle in auction for 140000.
[14:00:37] > HPMR_GaMerz buy x64 Experience bottle to HwanYo for $140,000.
[14:00:39] > HPMR_GaMerz buy x64 Experience bottle to HwanYo for $140,000.
[14:00:41] > HPMR_GaMerz buy x64 Experience bottle to HwanYo for $140,000.
[14:00:43] > HPMR_GaMerz buy x64 Experience bottle to HwanYo for $140,000.
[14:00:47] > HwanYo added x64 Experience bottle in auction for 140000.
[14:00:52] > HPMR_GaMerz buy x64 Experience bottle to HwanYo for $140,000.
[14:00:53] > VortexZayne remove x1 Enchanted book from buy
[14:01:07] > HwanYo added x64 Experience bottle in auction for 140000.
[14:01:11] > HPMR_GaMerz buy x1 §fFarmer Hat to kabayooo for $10,000.
[14:01:19] > HwanYo added x64 Experience bottle in auction for 140000.
[14:01:21] > HPMR_GaMerz buy x1 §fSun Visor Hat to BushSeat for $50,000.
[14:01:40] > HwanYo added x64 Experience bottle in auction for 140000.
[14:01:57] > HwanYo added x64 Experience bottle in auction for 140000.
[14:02:21] > HwanYo added x64 Experience bottle in auction for 140000.
[14:03:06] > HwanYo remove x2 §esᴘɪᴅᴇʀ sᴘᴀᴡɴᴇʀ from buy
[14:03:07] > HwanYo remove x1 §esᴘɪᴅᴇʀ sᴘᴀᴡɴᴇʀ from buy
[14:03:08] > HwanYo remove x1 §esᴘɪᴅᴇʀ sᴘᴀᴡɴᴇʀ from buy
[14:03:09] > HwanYo remove x1 §esᴘɪᴅᴇʀ sᴘᴀᴡɴᴇʀ from buy
[14:03:10] > HwanYo remove x4 Netherite ingot from buy
[14:03:12] > HwanYo remove x1 §x§9§8§6§3§E§7§lG§x§9§0§7§5§E§2§lo§x§8§8§8§7§D§D§ld§x§8§0§9§9§D§8§ll§x§7§7§A§C§D§4§ly §x§6§7§D§0§C§A§lC§x§5§F§E§2§C§5§lr§x§6§7§D§0§C§A§la§x§6§F§B§E§C§F§lt§x§7§7§A§C§D§4§le §x§8§8§8§7§D§D§lK§x§9§0§7§5§E§2§le§x§9§8§6§3§E§7§ly from buy
[14:03:13] > HwanYo remove x1 White shulker box from buy
[14:03:35] > HwanYo added x1 White shulker box in auction for 200000.
[14:03:49] > HwanYo added x64 Experience bottle in auction for 140000.
[14:04:10] > HwanYo added x64 Experience bottle in auction for 140000.
[14:04:28] > .SharkyisHungry added x1 Heavy core in auction for 399999.
[14:04:42] > .SharkyisHungry added x1 Heavy core in auction for 399999.
[14:04:50] > x1 Suspicious stew, item of subscrownic, has just expired, the item is definitively deleted.
[14:04:50] > x1 Elytra, item of Sezemi, has just expired, the item is definitively deleted.
[14:04:52] > HwanYo remove x1 White shulker box from storage
[14:04:54] > HwanYo added x6 §x§C§9§A§7§F§C§lL§x§B§D§A§E§F§6§le§x§B§1§B§4§F§0§lg§x§A§6§B§B§E§A§le§x§9§A§C§1§E§4§ln§x§8§E§C§8§D§D§ld§x§8§2§C§E§D§7§la§x§7§7§D§5§D§1§lr§x§6§B§D§B§C§B§ly §x§6§B§D§B§C§B§lC§x§7§7§D§5§D§1§lr§x§8§2§C§E§D§7§la§x§8§E§C§8§D§D§lt§x§9§A§C§1§E§4§le §x§B§1§B§4§F§0§lK§x§B§D§A§E§F§6§le§x§C§9§A§7§F§C§ly in auction for 300000.
[14:06:12] > .SharkyisHungry added x1 §x§9§8§6§3§E§7§lG§x§9§0§7§5§E§2§lo§x§8§8§8§7§D§D§ld§x§8§0§9§9§D§8§ll§x§7§7§A§C§D§4§ly §x§6§7§D§0§C§A§lC§x§5§F§E§2§C§5§lr§x§6§7§D§0§C§A§la§x§6§F§B§E§C§F§lt§x§7§7§A§C§D§4§le §x§8§8§8§7§D§D§lK§x§9§0§7§5§E§2§le§x§9§8§6§3§E§7§ly in auction for 449999.
[14:06:27] > .SharkyisHungry added x1 §x§9§8§6§3§E§7§lG§x§9§0§7§5§E§2§lo§x§8§8§8§7§D§D§ld§x§8§0§9§9§D§8§ll§x§7§7§A§C§D§4§ly §x§6§7§D§0§C§A§lC§x§5§F§E§2§C§5§lr§x§6§7§D§0§C§A§la§x§6§F§B§E§C§F§lt§x§7§7§A§C§D§4§le §x§8§8§8§7§D§D§lK§x§9§0§7§5§E§2§le§x§9§8§6§3§E§7§ly in auction for 448888.
[14:06:41] > Trv added x1 Enchanted book in auction for 1000.
[14:06:43] > .SharkyisHungry added x1 §x§9§8§6§3§E§7§lG§x§9§0§7§5§E§2§lo§x§8§8§8§7§D§D§ld§x§8§0§9§9§D§8§ll§x§7§7§A§C§D§4§ly §x§6§7§D§0§C§A§lC§x§5§F§E§2§C§5§lr§x§6§7§D§0§C§A§la§x§6§F§B§E§C§F§lt§x§7§7§A§C§D§4§le §x§8§8§8§7§D§D§lK§x§9§0§7§5§E§2§le§x§9§8§6§3§E§7§ly in auction for 447777.
[14:06:48] > HwanYo buy x1 §x§9§8§6§3§E§7§lG§x§9§0§7§5§E§2§lo§x§8§8§8§7§D§D§ld§x§8§0§9§9§D§8§ll§x§7§7§A§C§D§4§ly §x§6§7§D§0§C§A§lC§x§5§F§E§2§C§5§lr§x§6§7§D§0§C§A§la§x§6§F§B§E§C§F§lt§x§7§7§A§C§D§4§le §x§8§8§8§7§D§D§lK§x§9§0§7§5§E§2§le§x§9§8§6§3§E§7§ly to .SharkyisHungry for $447,777.
[14:06:58] > .SharkyisHungry added x1 §x§9§8§6§3§E§7§lG§x§9§0§7§5§E§2§lo§x§8§8§8§7§D§D§ld§x§8§0§9§9§D§8§ll§x§7§7§A§C§D§4§ly §x§6§7§D§0§C§A§lC§x§5§F§E§2§C§5§lr§x§6§7§D§0§C§A§la§x§6§F§B§E§C§F§lt§x§7§7§A§C§D§4§le §x§8§8§8§7§D§D§lK§x§9§0§7§5§E§2§le§x§9§8§6§3§E§7§ly in auction for 446666.
[14:06:58] > WaltZier added x1 Enchanted golden apple in auction for 2000.
[14:07:01] > HwanYo buy x1 §x§9§8§6§3§E§7§lG§x§9§0§7§5§E§2§lo§x§8§8§8§7§D§D§ld§x§8§0§9§9§D§8§ll§x§7§7§A§C§D§4§ly §x§6§7§D§0§C§A§lC§x§5§F§E§2§C§5§lr§x§6§7§D§0§C§A§la§x§6§F§B§E§C§F§lt§x§7§7§A§C§D§4§le §x§8§8§8§7§D§D§lK§x§9§0§7§5§E§2§le§x§9§8§6§3§E§7§ly to .SharkyisHungry for $446,666.
[14:07:11] > mauserdart buy x1 Enchanted golden apple to WaltZier for $2,000.
[14:07:14] > Trv added x1 Enchanted book in auction for 1000.
[14:07:18] > mauserdart remove x1 Enchanted golden apple from buy
[14:07:23] > mauserdart buy x1 Enchanted book to Trv for $1,000.
[14:07:27] > mauserdart remove x1 Enchanted book from buy
[14:07:28] > Trv added x1 Enchanted book in auction for 1000.
[14:07:31] > HwanYo buy x1 §x§9§8§6§3§E§7§lG§x§9§0§7§5§E§2§lo§x§8§8§8§7§D§D§ld§x§8§0§9§9§D§8§ll§x§7§7§A§C§D§4§ly §x§6§7§D§0§C§A§lC§x§5§F§E§2§C§5§lr§x§6§7§D§0§C§A§la§x§6§F§B§E§C§F§lt§x§7§7§A§C§D§4§le §x§8§8§8§7§D§D§lK§x§9§0§7§5§E§2§le§x§9§8§6§3§E§7§ly to .SharkyisHungry for $448,888.
[14:07:33] > HwanYo buy x1 §x§9§8§6§3§E§7§lG§x§9§0§7§5§E§2§lo§x§8§8§8§7§D§D§ld§x§8§0§9§9§D§8§ll§x§7§7§A§C§D§4§ly §x§6§7§D§0§C§A§lC§x§5§F§E§2§C§5§lr§x§6§7§D§0§C§A§la§x§6§F§B§E§C§F§lt§x§7§7§A§C§D§4§le §x§8§8§8§7§D§D§lK§x§9§0§7§5§E§2§le§x§9§8§6§3§E§7§ly to .SharkyisHungry for $449,999.
[14:07:38] > HwanYo remove x1 §x§9§8§6§3§E§7§lG§x§9§0§7§5§E§2§lo§x§8§8§8§7§D§D§ld§x§8§0§9§9§D§8§ll§x§7§7§A§C§D§4§ly §x§6§7§D§0§C§A§lC§x§5§F§E§2§C§5§lr§x§6§7§D§0§C§A§la§x§6§F§B§E§C§F§lt§x§7§7§A§C§D§4§le §x§8§8§8§7§D§D§lK§x§9§0§7§5§E§2§le§x§9§8§6§3§E§7§ly from buy
[14:07:39] > HwanYo remove x1 §x§9§8§6§3§E§7§lG§x§9§0§7§5§E§2§lo§x§8§8§8§7§D§D§ld§x§8§0§9§9§D§8§ll§x§7§7§A§C§D§4§ly §x§6§7§D§0§C§A§lC§x§5§F§E§2§C§5§lr§x§6§7§D§0§C§A§la§x§6§F§B§E§C§F§lt§x§7§7§A§C§D§4§le §x§8§8§8§7§D§D§lK§x§9§0§7§5§E§2§le§x§9§8§6§3§E§7§ly from buy
[14:07:39] > HwanYo remove x1 §x§9§8§6§3§E§7§lG§x§9§0§7§5§E§2§lo§x§8§8§8§7§D§D§ld§x§8§0§9§9§D§8§ll§x§7§7§A§C§D§4§ly §x§6§7§D§0§C§A§lC§x§5§F§E§2§C§5§lr§x§6§7§D§0§C§A§la§x§6§F§B§E§C§F§lt§x§7§7§A§C§D§4§le §x§8§8§8§7§D§D§lK§x§9§0§7§5§E§2§le§x§9§8§6§3§E§7§ly from buy
[14:07:39] > HwanYo remove x1 §x§9§8§6§3§E§7§lG§x§9§0§7§5§E§2§lo§x§8§8§8§7§D§D§ld§x§8§0§9§9§D§8§ll§x§7§7§A§C§D§4§ly §x§6§7§D§0§C§A§lC§x§5§F§E§2§C§5§lr§x§6§7§D§0§C§A§la§x§6§F§B§E§C§F§lt§x§7§7§A§C§D§4§le §x§8§8§8§7§D§D§lK§x§9§0§7§5§E§2§le§x§9§8§6§3§E§7§ly from buy
[14:09:44] > HwanYo remove x6 §x§C§9§A§7§F§C§lL§x§B§D§A§E§F§6§le§x§B§1§B§4§F§0§lg§x§A§6§B§B§E§A§le§x§9§A§C§1§E§4§ln§x§8§E§C§8§D§D§ld§x§8§2§C§E§D§7§la§x§7§7§D§5§D§1§lr§x§6§B§D§B§C§B§ly §x§6§B§D§B§C§B§lC§x§7§7§D§5§D§1§lr§x§8§2§C§E§D§7§la§x§8§E§C§8§D§D§lt§x§9§A§C§1§E§4§le §x§B§1§B§4§F§0§lK§x§B§D§A§E§F§6§le§x§C§9§A§7§F§C§ly from storage
[14:09:54] > HwanYo added x6 §x§C§9§A§7§F§C§lL§x§B§D§A§E§F§6§le§x§B§1§B§4§F§0§lg§x§A§6§B§B§E§A§le§x§9§A§C§1§E§4§ln§x§8§E§C§8§D§D§ld§x§8§2§C§E§D§7§la§x§7§7§D§5§D§1§lr§x§6§B§D§B§C§B§ly §x§6§B§D§B§C§B§lC§x§7§7§D§5§D§1§lr§x§8§2§C§E§D§7§la§x§8§E§C§8§D§D§lt§x§9§A§C§1§E§4§le §x§B§1§B§4§F§0§lK§x§B§D§A§E§F§6§le§x§C§9§A§7§F§C§ly in auction for 200000.
[14:10:41] > .SharkyisHungry added x14 §x§5§C§C§F§F§C§lC§x§5§C§D§1§F§5§lo§x§5§D§D§4§E§E§ls§x§5§D§D§6§E§7§lm§x§5§E§D§9§E§1§le§x§5§E§D§B§D§A§lt§x§5§E§D§D§D§3§li§x§5§F§E§0§C§C§lc §x§5§F§E§0§C§C§lH§x§5§E§D§D§D§3§la§x§5§E§D§B§D§A§lt§x§5§E§D§9§E§1§ls §x§5§D§D§4§E§E§lK§x§5§C§D§1§F§5§le§x§5§C§C§F§F§C§ly in auction for 500000.
[14:11:02] > .SharkyisHungry added x4 §x§C§9§A§7§F§C§lL§x§B§D§A§E§F§6§le§x§B§1§B§4§F§0§lg§x§A§6§B§B§E§A§le§x§9§A§C§1§E§4§ln§x§8§E§C§8§D§D§ld§x§8§2§C§E§D§7§la§x§7§7§D§5§D§1§lr§x§6§B§D§B§C§B§ly §x§6§B§D§B§C§B§lC§x§7§7§D§5§D§1§lr§x§8§2§C§E§D§7§la§x§8§E§C§8§D§D§lt§x§9§A§C§1§E§4§le §x§B§1§B§4§F§0§lK§x§B§D§A§E§F§6§le§x§C§9§A§7§F§C§ly in auction for 123456.
[14:11:10] > tic_sz buy x4 §x§C§9§A§7§F§C§lL§x§B§D§A§E§F§6§le§x§B§1§B§4§F§0§lg§x§A§6§B§B§E§A§le§x§9§A§C§1§E§4§ln§x§8§E§C§8§D§D§ld§x§8§2§C§E§D§7§la§x§7§7§D§5§D§1§lr§x§6§B§D§B§C§B§ly §x§6§B§D§B§C§B§lC§x§7§7§D§5§D§1§lr§x§8§2§C§E§D§7§la§x§8§E§C§8§D§D§lt§x§9§A§C§1§E§4§le §x§B§1§B§4§F§0§lK§x§B§D§A§E§F§6§le§x§C§9§A§7§F§C§ly to .SharkyisHungry for $123,456.
[14:11:19] > .SharkyisHungry added x12 §x§F§C§9§0§5§C§lE§x§E§6§9§C§6§B§lp§x§C§F§A§7§7§A§li§x§B§9§B§3§8§9§lc §x§8§C§C§B§A§7§lC§x§7§5§D§6§B§6§lr§x§5§F§E§2§C§5§la§x§7§9§D§4§B§4§lt§x§9§3§C§7§A§2§le §x§C§8§A§B§7§F§lK§x§E§2§9§E§6§E§le§x§F§C§9§0§5§C§ly in auction for 246810.
[14:11:23] > ameeelia added x1 §esᴋᴇʟᴇᴛᴏɴ sᴘᴀᴡɴᴇʀ in auction for 450000.
[14:11:29] > kabayooo buy x64 Crafting table to llhxnce for $67.
[14:12:27] > .SharkyisHungry added x1 §esᴋᴇʟᴇᴛᴏɴ sᴘᴀᴡɴᴇʀ in auction for 432100.
[14:14:55] > MrZyrus7228 buy x6 §x§C§9§A§7§F§C§lL§x§B§D§A§E§F§6§le§x§B§1§B§4§F§0§lg§x§A§6§B§B§E§A§le§x§9§A§C§1§E§4§ln§x§8§E§C§8§D§D§ld§x§8§2§C§E§D§7§la§x§7§7§D§5§D§1§lr§x§6§B§D§B§C§B§ly §x§6§B§D§B§C§B§lC§x§7§7§D§5§D§1§lr§x§8§2§C§E§D§7§la§x§8§E§C§8§D§D§lt§x§9§A§C§1§E§4§le §x§B§1§B§4§F§0§lK§x§B§D§A§E§F§6§le§x§C§9§A§7§F§C§ly to HwanYo for $200,000.
[14:15:02] > x64 Experience bottle, bought by Sezemi, has just expired, the item is definitively deleted.
[14:15:02] > x64 Experience bottle, bought by Sezemi, has just expired, the item is definitively deleted.
[14:15:03] > MrZyrus7228 remove x6 §x§C§9§A§7§F§C§lL§x§B§D§A§E§F§6§le§x§B§1§B§4§F§0§lg§x§A§6§B§B§E§A§le§x§9§A§C§1§E§4§ln§x§8§E§C§8§D§D§ld§x§8§2§C§E§D§7§la§x§7§7§D§5§D§1§lr§x§6§B§D§B§C§B§ly §x§6§B§D§B§C§B§lC§x§7§7§D§5§D§1§lr§x§8§2§C§E§D§7§la§x§8§E§C§8§D§D§lt§x§9§A§C§1§E§4§le §x§B§1§B§4§F§0§lK§x§B§D§A§E§F§6§le§x§C§9§A§7§F§C§ly from buy
[14:18:44] > HwanYo added x64 Experience bottle in auction for 140000.
[14:20:59] > koshie remove x1 §x§5§9§A§1§D§9§lA§x§7§5§B§1§D§Fr§x§9§0§C§0§E§6c§x§A§C§D§0§E§Ch§x§C§8§E§0§F§2a§x§E§3§E§F§F§9n§fg§x§E§3§E§F§F§9e§x§C§8§E§0§F§2l §x§9§0§C§0§E§6B§x§7§5§B§1§D§Fo§x§5§9§A§1§D§9w from buy
[14:21:00] > koshie remove x1 §x§5§9§A§1§D§9§lA§x§6§E§A§D§D§Er§x§8§3§B§9§E§3c§x§9§7§C§4§E§7h§x§A§C§D§0§E§Ca§x§C§1§D§C§F§1n§x§D§6§E§8§F§6g§x§E§A§F§3§F§Ae§fl §x§D§0§E§4§F§4H§x§B§8§D§7§E§Fa§x§A§0§C§9§E§9m§x§8§8§B§C§E§4m§x§7§1§A§E§D§Ee§x§5§9§A§1§D§9r from buy
[14:21:32] > koshie added x1 §x§5§9§A§1§D§9§lA§x§6§E§A§D§D§Er§x§8§3§B§9§E§3c§x§9§7§C§4§E§7h§x§A§C§D§0§E§Ca§x§C§1§D§C§F§1n§x§D§6§E§8§F§6g§x§E§A§F§3§F§Ae§fl §x§D§0§E§4§F§4H§x§B§8§D§7§E§Fa§x§A§0§C§9§E§9m§x§8§8§B§C§E§4m§x§7§1§A§E§D§Ee§x§5§9§A§1§D§9r in auction for 800000.
[14:22:07] > Raylii buy x1 §eᴘɪɢ sᴘᴀᴡɴᴇʀ to Zypher_0w0 for $120,000.
[14:25:56] > HwanYo remove x64 Experience bottle form storage
[14:25:56] > HwanYo remove x64 Experience bottle form storage
[14:25:56] > HwanYo remove x64 Experience bottle form storage
[14:25:56] > HwanYo remove x64 Experience bottle form storage
[14:25:56] > HwanYo remove x64 Experience bottle form storage
[14:25:56] > HwanYo remove x64 Experience bottle form storage
[14:25:56] > HwanYo remove x64 Experience bottle form storage
[14:25:56] > HwanYo remove x64 Experience bottle form storage
[14:26:14] > HwanYo added x64 Experience bottle in auction for 140000.
[14:26:25] > HwanYo added x64 Experience bottle in auction for 140000.
[14:26:38] > HwanYo added x64 Experience bottle in auction for 140000.
[14:26:50] > HwanYo added x64 Experience bottle in auction for 140000.
[14:27:06] > HwanYo added x64 Experience bottle in auction for 140000.
[14:27:17] > HwanYo added x64 Experience bottle in auction for 140000.
[14:27:32] > HwanYo added x64 Experience bottle in auction for 140000.
[14:27:53] > HwanYo added x64 Experience bottle in auction for 140000.
[14:34:26] > koshie added x1 §x§5§9§A§1§D§9§lA§x§7§5§B§1§D§Fr§x§9§0§C§0§E§6c§x§A§C§D§0§E§Ch§x§C§8§E§0§F§2a§x§E§3§E§F§F§9n§fg§x§E§3§E§F§F§9e§x§C§8§E§0§F§2l §x§9§0§C§0§E§6B§x§7§5§B§1§D§Fo§x§5§9§A§1§D§9w in auction for 300000.
[14:34:39] > koshie added x1 §x§5§9§A§1§D§9§lA§x§6§E§A§D§D§Er§x§8§3§B§9§E§3c§x§9§7§C§4§E§7h§x§A§C§D§0§E§Ca§x§C§1§D§C§F§1n§x§D§6§E§8§F§6g§x§E§A§F§3§F§Ae§fl §x§D§0§E§4§F§4D§x§B§8§D§7§E§Fa§x§A§0§C§9§E§9g§x§8§8§B§C§E§4g§x§7§1§A§E§D§Ee§x§5§9§A§1§D§9r in auction for 300000.
[14:34:53] > koshie added x1 §x§5§9§A§1§D§9§lA§x§7§1§A§E§D§Er§x§8§8§B§C§E§4c§x§A§0§C§9§E§9h§x§B§8§D§7§E§Fa§x§D§0§E§4§F§4n§x§E§7§F§2§F§Ag§fe§x§E§7§F§2§F§Al §x§B§8§D§7§E§FS§x§A§0§C§9§E§9w§x§8§8§B§C§E§4o§x§7§1§A§E§D§Er§x§5§9§A§1§D§9d in auction for 300000.
[14:56:15] > tic_sz added x1 §f§l§x§F§C§D§0§5§CW§x§F§B§B§8§5§1u§x§F§A§9§F§4§6k§x§F§9§8§7§3§Co§x§F§8§6§E§3§1n§x§F§7§5§6§2§6g§x§F§6§3§D§1§B §x§F§5§2§5§1§0F§x§F§4§0§C§0§5is§x§F§5§2§5§1§0h§x§F§6§3§D§1§Bi§x§F§7§5§6§2§6n§x§F§8§6§E§3§1g§x§F§9§8§7§3§C §x§F§A§9§F§4§6R§x§F§B§B§8§5§1o§x§F§C§D§0§5§Cd in auction for 6767.
[14:56:24] > mauserdart buy x1 §f§l§x§F§C§D§0§5§CW§x§F§B§B§8§5§1u§x§F§A§9§F§4§6k§x§F§9§8§7§3§Co§x§F§8§6§E§3§1n§x§F§7§5§6§2§6g§x§F§6§3§D§1§B §x§F§5§2§5§1§0F§x§F§4§0§C§0§5is§x§F§5§2§5§1§0h§x§F§6§3§D§1§Bi§x§F§7§5§6§2§6n§x§F§8§6§E§3§1g§x§F§9§8§7§3§C §x§F§A§9§F§4§6R§x§F§B§B§8§5§1o§x§F§C§D§0§5§Cd to tic_sz for $6,767.
[14:56:27] > mauserdart remove x1 §f§l§x§F§C§D§0§5§CW§x§F§B§B§8§5§1u§x§F§A§9§F§4§6k§x§F§9§8§7§3§Co§x§F§8§6§E§3§1n§x§F§7§5§6§2§6g§x§F§6§3§D§1§B §x§F§5§2§5§1§0F§x§F§4§0§C§0§5is§x§F§5§2§5§1§0h§x§F§6§3§D§1§Bi§x§F§7§5§6§2§6n§x§F§8§6§E§3§1g§x§F§9§8§7§3§C §x§F§A§9§F§4§6R§x§F§B§B§8§5§1o§x§F§C§D§0§5§Cd from buy
[15:12:26] > .SharkyisHungry remove x1 Heavy core from storage
[15:12:29] > .SharkyisHungry remove x1 Heavy core from storage
[15:13:12] > .SharkyisHungry added x1 Heavy core in auction for 349999.
[15:13:53] > .SharkyisHungry added x1 Heavy core in auction for 333333.
[15:16:08] > .SharkyisHungry remove x1 Heavy core from storage
[15:20:14] > DanRaiv buy x1 Enchanted book to Trv for $1,000.
[15:20:20] > DanRaiv buy x1 Enchanted book to Trv for $1,000.
[15:20:40] > bedrock_enjoy3r buy x1 Heavy core to .SharkyisHungry for $349,999.
[15:20:49] > DanRaiv remove x1 Enchanted book from buy
[15:20:49] > DanRaiv remove x1 Enchanted book from buy
[15:20:57] > DanRaiv remove x64 Iron block from buy
[15:20:59] > DanRaiv remove x47 Firework rocket from buy
[15:21:44] > bedrock_enjoy3r remove x11 Shulker shell from buy
[15:21:45] > bedrock_enjoy3r remove x1 Heavy core from buy
[15:21:57] > .SharkyisHungry added x1 Heavy core in auction for 333333.
[15:23:38] > bedrock_enjoy3r added x1 Mace in auction for 500000.
[15:28:00] > imnectarfr added x1 §x§E§5§1§B§1§B§lDracula Fishing in auction for 200000.
[15:28:18] > HwanYo remove x64 Experience bottle from storage
[15:28:23] > HwanYo added x1 §x§F§F§5§5§0§0§lsᴇʟʟᴡᴀɴᴅ §6- 5.0x in auction for 1200000.
[15:36:35] > EnderDragon0120 added x1 §x§F§F§3§E§0§0§lDemon Lord Wings in auction for 1000000.
[15:36:48] > tic_sz buy x1 §x§F§F§3§E§0§0§lDemon Lord Wings to EnderDragon0120 for $1,000,000.
[15:39:03] > .carrots_5780 buy x1 Shulker box to Zypher_0w0 for $61,000.
[15:43:09] > x1 ⓊⓉⓄⓉ, bought by TostyZura, has just expired, the item is definitively deleted.
[15:43:09] > x1 §fFlower Hat, bought by namerikangel, has just expired, the item is definitively deleted.
[15:43:13] > DefinitelyHani remove x1 §x§F§0§7§A§5§4§lZombie Apocalyptic SMG from buy
[15:43:16] > EnderDragon0120 added x1 §x§F§F§3§E§0§0§lD§x§F§F§3§6§0§0§le§x§F§F§2§F§0§0§lm§x§F§F§2§7§0§0§lo§x§F§F§1§F§0§0§ln §x§F§F§1§0§0§0§lL§x§F§F§0§8§0§0§lo§x§F§F§0§0§0§0§lr§x§F§F§0§9§0§0§ld §x§F§F§1§B§0§0§lS§x§F§F§2§3§0§0§lp§x§F§F§2§C§0§0§le§x§F§F§3§5§0§0§la§x§F§F§3§E§0§0§lr in auction for 400000.
[15:44:07] > Malachkite added x1 §x§F§F§3§E§0§0§lDemon Lord Wings in auction for 1000000.
[15:44:17] > tic_sz buy x1 §x§F§F§3§E§0§0§lDemon Lord Wings to Malachkite for $1,000,000.
[15:44:45] > Malachkite added x1 §x§5§9§A§1§D§9§lA§x§6§B§A§B§D§Dr§x§7§E§B§6§E§1c§x§9§0§C§0§E§6h§x§A§3§C§B§E§Aa§x§B§5§D§5§E§En§x§C§8§E§0§F§2g§x§D§A§E§A§F§7e§x§E§D§F§5§F§Bl §x§E§A§F§3§F§AB§x§D§6§E§8§F§6a§x§C§1§D§C§F§1c§x§A§C§D§0§E§Ck§x§9§7§C§4§E§7p§x§8§3§B§9§E§3a§x§6§E§A§D§D§Ec§x§5§9§A§1§D§9k in auction for 1000000.
[15:46:04] > .SharkyisHungry added x1 §x§F§0§7§A§5§4§lZombie Apocalyptic Big Sword in auction for 677777.
[15:46:42] > .AyakoKoru buy x1 §f§l§x§F§C§D§0§5§CW§x§F§A§A§A§4§Bu§x§F§9§8§4§3§Bk§x§F§7§5§F§2§Ao§x§F§5§3§9§1§9n§x§F§4§1§3§0§8g §x§F§5§3§9§1§9S§x§F§7§5§F§2§Ap§x§F§9§8§4§3§Be§x§F§A§A§A§4§Ba§x§F§C§D§0§5§Cr to Technoblad7869 for $100,000.
[15:48:40] > .SharkyisHungry added x1 §f§l§x§F§A§0§0§0§AD§x§F§A§2§0§1§7a§x§F§B§4§0§2§3r§x§F§B§6§0§3§0k§x§F§B§8§0§3§Cf§x§F§C§A§0§4§9l§x§F§C§C§0§5§6am§x§F§C§A§0§4§9e§x§F§B§8§0§3§C §x§F§B§6§0§3§0M§x§F§B§4§0§2§3a§x§F§A§2§0§1§7c§x§F§A§0§0§0§Ae in auction for 1500000.
[15:51:34] > Malachkite added x1 §f§l§x§F§C§D§0§5§CW§x§F§B§A§D§4§Du§x§F§9§8§B§3§Dk§x§F§8§6§8§2§Eo§x§F§6§4§5§1§Fn§x§F§5§2§3§0§Fg§x§F§3§0§0§0§0 §x§F§5§2§3§0§FS§x§F§6§4§5§1§Fh§x§F§8§6§8§2§Eo§x§F§9§8§B§3§Dv§x§F§B§A§D§4§De§x§F§C§D§0§5§Cl in auction for 1000000.
[16:05:27] > .carrots_5780 remove x1 Shulker box from buy
[16:07:11] > MrZyrus7228 added x1 Enchanted golden apple in auction for 50.
[16:07:16] > mauserdart buy x1 Enchanted golden apple to MrZyrus7228 for $50.
[16:07:20] > mauserdart remove x1 Enchanted golden apple from buy
[16:07:21] > Trv added x1 §x§5§C§C§F§F§C§lC§x§5§C§D§1§F§5§lo§x§5§D§D§4§E§E§ls§x§5§D§D§6§E§7§lm§x§5§E§D§9§E§1§le§x§5§E§D§B§D§A§lt§x§5§E§D§D§D§3§li§x§5§F§E§0§C§C§lc §x§5§F§E§0§C§C§lH§x§5§E§D§D§D§3§la§x§5§E§D§B§D§A§lt§x§5§E§D§9§E§1§ls §x§5§D§D§4§E§E§lK§x§5§C§D§1§F§5§le§x§5§C§C§F§F§C§ly in auction for 1000.
[16:07:22] > MrZyrus7228 added x1 Enchanted golden apple in auction for 10.
[16:07:30] > FRANZ_JOSEF0 added x1 §eᴄʀᴇᴇᴘᴇʀ sᴘᴀᴡɴᴇʀ in auction for 500000.
[16:07:36] > MrZyrus7228 added x1 Enchanted golden apple in auction for 10.
[16:07:41] > Unforce01 buy x1 Enchanted golden apple to MrZyrus7228 for $10.
[16:07:43] > mauserdart buy x1 Enchanted golden apple to MrZyrus7228 for $10.
[16:07:46] > mauserdart remove x1 Enchanted golden apple from buy
[16:07:59] > Unforce01 added x1 §fSun Visor Hat in auction for 1000.
[16:08:05] > DanRaiv added x1 §f§x§F§B§B§6§1§DC§x§F§0§A§F§1§Ca§x§E§5§A§8§1§Bp§x§D§B§A§0§1§9y§x§D§0§9§9§1§8b§x§C§5§9§2§1§7a§x§B§A§8§B§1§6r§x§A§F§8§4§1§5a§x§A§4§7§D§1§4 §x§9§A§7§5§1§2H§x§8§F§6§E§1§1a§x§8§4§6§7§1§0t in auction for 10000.
[16:08:19] > DanRaiv added x1 §fMysterious Hat in auction for 10000.
[16:08:25] > MrZyrus7228 added x1 Enchanted golden apple in auction for 10.
[16:08:25] > Pewpew added x1 §esᴘɪᴅᴇʀ sᴘᴀᴡɴᴇʀ in auction for 500000.
[16:08:33] > Akiesha added x3 Nether star in auction for 100000.
[16:08:36] > Unforce01 buy x1 Enchanted golden apple to MrZyrus7228 for $10.
[16:08:44] > KEITHTHEPRO buy x1 Red shulker box to celinesanrio for $330,000.
[16:08:53] > KEITHTHEPRO remove x1 Red shulker box from buy
[16:09:25] > Johng10910 added x1 §fSun Hat in auction for 50000.
[16:09:40] > Akiesha buy x1 §x§5§C§C§F§F§C§lC§x§5§C§D§1§F§5§lo§x§5§D§D§4§E§E§ls§x§5§D§D§6§E§7§lm§x§5§E§D§9§E§1§le§x§5§E§D§B§D§A§lt§x§5§E§D§D§D§3§li§x§5§F§E§0§C§C§lc §x§5§F§E§0§C§C§lH§x§5§E§D§D§D§3§la§x§5§E§D§B§D§A§lt§x§5§E§D§9§E§1§ls §x§5§D§D§4§E§E§lK§x§5§C§D§1§F§5§le§x§5§C§C§F§F§C§ly to Trv for $1,000.
[16:09:58] > Akiesha remove x1 §x§5§C§C§F§F§C§lC§x§5§C§D§1§F§5§lo§x§5§D§D§4§E§E§ls§x§5§D§D§6§E§7§lm§x§5§E§D§9§E§1§le§x§5§E§D§B§D§A§lt§x§5§E§D§D§D§3§li§x§5§F§E§0§C§C§lc §x§5§F§E§0§C§C§lH§x§5§E§D§D§D§3§la§x§5§E§D§B§D§A§lt§x§5§E§D§9§E§1§ls §x§5§D§D§4§E§E§lK§x§5§C§D§1§F§5§le§x§5§C§C§F§F§C§ly from buy
[16:10:15] > Malachkite buy x1 Mace to bedrock_enjoy3r for $500,000.
[16:10:43] > Akiesha added x1 §fFarmer Hat in auction for 400000.
[16:11:06] > Akiesha added x1 §fMysterious Hat in auction for 400000.
[16:11:35] > Akiesha buy x14 §x§5§C§C§F§F§C§lC§x§5§C§D§1§F§5§lo§x§5§D§D§4§E§E§ls§x§5§D§D§6§E§7§lm§x§5§E§D§9§E§1§le§x§5§E§D§B§D§A§lt§x§5§E§D§D§D§3§li§x§5§F§E§0§C§C§lc §x§5§F§E§0§C§C§lH§x§5§E§D§D§D§3§la§x§5§E§D§B§D§A§lt§x§5§E§D§9§E§1§ls §x§5§D§D§4§E§E§lK§x§5§C§D§1§F§5§le§x§5§C§C§F§F§C§ly to .SharkyisHungry for $500,000.
[16:11:42] > Akiesha remove x14 §x§5§C§C§F§F§C§lC§x§5§C§D§1§F§5§lo§x§5§D§D§4§E§E§ls§x§5§D§D§6§E§7§lm§x§5§E§D§9§E§1§le§x§5§E§D§B§D§A§lt§x§5§E§D§D§D§3§li§x§5§F§E§0§C§C§lc §x§5§F§E§0§C§C§lH§x§5§E§D§D§D§3§la§x§5§E§D§B§D§A§lt§x§5§E§D§9§E§1§ls §x§5§D§D§4§E§E§lK§x§5§C§D§1§F§5§le§x§5§C§C§F§F§C§ly from buy
[16:12:03] > octopus_01 added x1 §f§x§6§B§2§C§C§6G§x§7§0§3§2§C§Ca§x§7§5§3§8§D§2l§x§7§A§3§E§D§8a§x§7§F§4§4§D§Ex§x§8§4§4§9§E§5y§x§8§9§4§F§E§B §x§8§E§5§5§F§1H§x§9§3§5§B§F§7a§x§9§8§6§1§F§Dt in auction for 100.
[16:12:09] > mauserdart buy x1 §f§x§6§B§2§C§C§6G§x§7§0§3§2§C§Ca§x§7§5§3§8§D§2l§x§7§A§3§E§D§8a§x§7§F§4§4§D§Ex§x§8§4§4§9§E§5y§x§8§9§4§F§E§B §x§8§E§5§5§F§1H§x§9§3§5§B§F§7a§x§9§8§6§1§F§Dt to octopus_01 for $100.
[16:12:12] > mauserdart remove x1 §f§x§6§B§2§C§C§6G§x§7§0§3§2§C§Ca§x§7§5§3§8§D§2l§x§7§A§3§E§D§8a§x§7§F§4§4§D§Ex§x§8§4§4§9§E§5y§x§8§9§4§F§E§B §x§8§E§5§5§F§1H§x§9§3§5§B§F§7a§x§9§8§6§1§F§Dt from buy
[16:12:19] > octopus_01 added x1 Shulker shell in auction for 10.
[16:12:31] > celinesanrio buy x1 Shulker shell to octopus_01 for $10.
[16:12:34] > celinesanrio remove x1 Shulker shell form buy
[16:12:37] > octopus_01 added x2 Enchanted golden apple in auction for 10.
[16:12:41] > mauserdart buy x2 Enchanted golden apple to octopus_01 for $10.
[16:12:49] > mauserdart remove x2 Enchanted golden apple from buy
[16:12:53] > octopus_01 added x1 Cooked beef in auction for 10.
[16:12:59] > celinesanrio buy x1 Cooked beef to octopus_01 for $10.
[16:13:02] > celinesanrio remove x1 Cooked beef form buy
[16:13:29] > Malachkite remove x1 Mace from buy
[16:13:29] > DanRaiv added x2 Big Juicy Melons in auction for 10.
[16:13:44] > .AyakoKoru remove x1 Enchanted book from buy
[16:13:46] > .AyakoKoru remove x1 §f§l§x§F§C§D§0§5§CW§x§F§A§A§A§4§Bu§x§F§9§8§4§3§Bk§x§F§7§5§F§2§Ao§x§F§5§3§9§1§9n§x§F§4§1§3§0§8g §x§F§5§3§9§1§9S§x§F§7§5§F§2§Ap§x§F§9§8§4§3§Be§x§F§A§A§A§4§Ba§x§F§C§D§0§5§Cr from buy
[16:16:12] > DanRaiv remove x2 Big Juicy Melons from storage
[16:16:18] > DanRaiv added x2 Big Juicy Melons in auction for 10.
[16:16:48] > EnderDragon0120 added x1 §f§l§8B§x§6§3§6§3§6§3a§x§7§1§7§1§7§1h§x§8§0§8§0§8§0a§x§8§E§8§E§8§Em§x§9§C§9§C§9§Cu§7t§x§9§C§9§C§9§C §x§8§E§8§E§8§ES§x§8§0§8§0§8§0t§x§7§1§7§1§7§1a§x§6§3§6§3§6§3f§8f in auction for 3300000.
[16:17:39] > Johng10910 added x4 Netherite upgrade smithing template in auction for 800000.
[16:18:02] > Johng10910 remove x4 Netherite upgrade smithing template from storage
[16:18:22] > Johng10910 added x4 Netherite upgrade smithing template in auction for 400000.
[16:22:49] > x1 /pwarp go MARKETS on sale by FRANZ_JOSEF0 has just expired, it goes in the inventory of expired items.
[16:23:57] > FRANZ_JOSEF0 added x5 §x§F§C§9§0§5§C§lE§x§E§6§9§C§6§B§lp§x§C§F§A§7§7§A§li§x§B§9§B§3§8§9§lc §x§8§C§C§B§A§7§lC§x§7§5§D§6§B§6§lr§x§5§F§E§2§C§5§la§x§7§9§D§4§B§4§lt§x§9§3§C§7§A§2§le §x§C§8§A§B§7§F§lK§x§E§2§9§E§6§E§le§x§F§C§9§0§5§C§ly in auction for 20000.
[16:27:32] > HwanYo remove x1 §x§F§F§5§5§0§0§lsᴇʟʟᴡᴀɴᴅ §6- 5.0x from storage
[16:27:55] > HwanYo added x64 Experience bottle in auction for 130000.
[16:32:59] > Johng10910 added x64 Wind charge in auction for 500000.
[16:35:09] > x1 §f§l§x§F§A§0§0§0§AD§x§F§A§2§3§1§8a§x§F§B§4§5§2§5r§x§F§B§6§8§3§3k§x§F§B§8§B§4§1f§x§F§C§A§D§4§El§x§F§C§D§0§5§Ca§x§F§C§A§D§4§Em§x§F§B§8§B§4§1e§x§F§B§6§8§3§3 §x§F§B§4§5§2§5H§x§F§A§2§3§1§8a§x§F§A§0§0§0§At on sale by giyahnpogi has just expired, it goes in the inventory of expired items.
[16:35:33] > mae added x1 §f§l§x§F§C§D§0§5§CW§x§F§B§C§1§5§5u§x§F§B§B§2§4§Fk§x§F§A§A§3§4§8o§x§F§9§9§5§4§2n§x§F§9§8§6§3§Bg§x§F§8§7§7§3§5 §x§F§8§6§8§2§EL§x§F§7§5§9§2§7e§x§F§6§4§A§2§1g§x§F§6§3§B§1§Ag§x§F§5§2§D§1§4i§x§F§4§1§E§0§Dn§x§F§4§0§F§0§7g§x§F§3§0§0§0§0s in auction for 300000.
[16:35:40] > tic_sz buy x1 §f§l§x§F§C§D§0§5§CW§x§F§B§C§1§5§5u§x§F§B§B§2§4§Fk§x§F§A§A§3§4§8o§x§F§9§9§5§4§2n§x§F§9§8§6§3§Bg§x§F§8§7§7§3§5 §x§F§8§6§8§2§EL§x§F§7§5§9§2§7e§x§F§6§4§A§2§1g§x§F§6§3§B§1§Ag§x§F§5§2§D§1§4i§x§F§4§1§E§0§Dn§x§F§4§0§F§0§7g§x§F§3§0§0§0§0s to mae for $300,000.
[16:35:56] > mae added x1 §x§F§F§7§C§0§0§lSteamsparks Helmet in auction for 200000.
[16:37:09] > x1 §f§l§x§F§C§D§0§5§CW§x§F§A§A§A§4§Bu§x§F§9§8§4§3§Bk§x§F§7§5§F§2§Ao§x§F§5§3§9§1§9n§x§F§4§1§3§0§8g §x§F§5§3§9§1§9S§x§F§7§5§F§2§At§x§F§9§8§4§3§Ba§x§F§A§A§A§4§Bf§x§F§C§D§0§5§Cf on sale by giyahnpogi has just expired, it goes in the inventory of expired items.
[16:38:10] > SeamedTuna buy x1 §x§E§E§0§0§0§0§lᴜɴʟɪᴍɪᴛᴇᴅ sᴇʟʟᴡᴀɴᴅ to .Kabayooo for $200,000.
[16:38:30] > SeamedTuna remove x1 §x§E§E§0§0§0§0§lᴜɴʟɪᴍɪᴛᴇᴅ sᴇʟʟᴡᴀɴᴅ from buy
[16:48:11] > HwanYo buy x1 §esᴘɪᴅᴇʀ sᴘᴀᴡɴᴇʀ to Pewpew for $500,000.
[16:50:32] > x1 §x§F§0§7§A§5§4§lZombie Apocalyptic Bow on sale by tic_sz has just expired, it goes in the inventory of expired items.
[17:02:42] > x64 Spider eye on sale by tic_sz has just expired, it goes in the inventory of expired items.
[17:02:47] > koshie remove x1 §x§5§9§A§1§D§9§lA§x§6§E§A§D§D§Er§x§8§3§B§9§E§3c§x§9§7§C§4§E§7h§x§A§C§D§0§E§Ca§x§C§1§D§C§F§1n§x§D§6§E§8§F§6g§x§E§A§F§3§F§Ae§fl §x§D§0§E§4§F§4H§x§B§8§D§7§E§Fa§x§A§0§C§9§E§9m§x§8§8§B§C§E§4m§x§7§1§A§E§D§Ee§x§5§9§A§1§D§9r from storage
[17:04:01] > octopus_01 added x1 Purple shulker box in auction for 100000.
[17:04:13] > BlackKnight buy x5 §x§F§C§9§0§5§C§lE§x§E§6§9§C§6§B§lp§x§C§F§A§7§7§A§li§x§B§9§B§3§8§9§lc §x§8§C§C§B§A§7§lC§x§7§5§D§6§B§6§lr§x§5§F§E§2§C§5§la§x§7§9§D§4§B§4§lt§x§9§3§C§7§A§2§le §x§C§8§A§B§7§F§lK§x§E§2§9§E§6§E§le§x§F§C§9§0§5§C§ly to FRANZ_JOSEF0 for $20,000.
[17:04:24] > Johng10910 buy x1 Purple shulker box to octopus_01 for $100,000.
[17:05:11] > BlackKnight buy x1 §x§5§9§A§1§D§9§lA§x§7§5§B§1§D§Fr§x§9§0§C§0§E§6c§x§A§C§D§0§E§Ch§x§C§8§E§0§F§2a§x§E§3§E§F§F§9n§fg§x§E§3§E§F§F§9e§x§C§8§E§0§F§2l §x§9§0§C§0§E§6B§x§7§5§B§1§D§Fo§x§5§9§A§1§D§9w to koshie for $300,000.
[17:05:13] > BlackKnight buy x1 §x§5§9§A§1§D§9§lA§x§6§E§A§D§D§Er§x§8§3§B§9§E§3c§x§9§7§C§4§E§7h§x§A§C§D§0§E§Ca§x§C§1§D§C§F§1n§x§D§6§E§8§F§6g§x§E§A§F§3§F§Ae§fl §x§D§0§E§4§F§4D§x§B§8§D§7§E§Fa§x§A§0§C§9§E§9g§x§8§8§B§C§E§4g§x§7§1§A§E§D§Ee§x§5§9§A§1§D§9r to koshie for $300,000.
[17:05:14] > BlackKnight buy x1 §x§5§9§A§1§D§9§lA§x§7§1§A§E§D§Er§x§8§8§B§C§E§4c§x§A§0§C§9§E§9h§x§B§8§D§7§E§Fa§x§D§0§E§4§F§4n§x§E§7§F§2§F§Ag§fe§x§E§7§F§2§F§Al §x§B§8§D§7§E§FS§x§A§0§C§9§E§9w§x§8§8§B§C§E§4o§x§7§1§A§E§D§Er§x§5§9§A§1§D§9d to koshie for $300,000.
[17:05:21] > BlackKnight remove x5 §x§F§C§9§0§5§C§lE§x§E§6§9§C§6§B§lp§x§C§F§A§7§7§A§li§x§B§9§B§3§8§9§lc §x§8§C§C§B§A§7§lC§x§7§5§D§6§B§6§lr§x§5§F§E§2§C§5§la§x§7§9§D§4§B§4§lt§x§9§3§C§7§A§2§le §x§C§8§A§B§7§F§lK§x§E§2§9§E§6§E§le§x§F§C§9§0§5§C§ly form buy
[17:05:21] > BlackKnight remove x1 §x§5§9§A§1§D§9§lA§x§6§E§A§D§D§Er§x§8§3§B§9§E§3c§x§9§7§C§4§E§7h§x§A§C§D§0§E§Ca§x§C§1§D§C§F§1n§x§D§6§E§8§F§6g§x§E§A§F§3§F§Ae§fl §x§D§0§E§4§F§4D§x§B§8§D§7§E§Fa§x§A§0§C§9§E§9g§x§8§8§B§C§E§4g§x§7§1§A§E§D§Ee§x§5§9§A§1§D§9r form buy
[17:05:21] > BlackKnight remove x1 §x§5§9§A§1§D§9§lA§x§7§1§A§E§D§Er§x§8§8§B§C§E§4c§x§A§0§C§9§E§9h§x§B§8§D§7§E§Fa§x§D§0§E§4§F§4n§x§E§7§F§2§F§Ag§fe§x§E§7§F§2§F§Al §x§B§8§D§7§E§FS§x§A§0§C§9§E§9w§x§8§8§B§C§E§4o§x§7§1§A§E§D§Er§x§5§9§A§1§D§9d form buy
[17:05:21] > BlackKnight remove x1 §x§5§9§A§1§D§9§lA§x§7§5§B§1§D§Fr§x§9§0§C§0§E§6c§x§A§C§D§0§E§Ch§x§C§8§E§0§F§2a§x§E§3§E§F§F§9n§fg§x§E§3§E§F§F§9e§x§C§8§E§0§F§2l §x§9§0§C§0§E§6B§x§7§5§B§1§D§Fo§x§5§9§A§1§D§9w form buy
[17:05:24] > Johng10910 remove x4 Netherite upgrade smithing template from storage
[17:05:39] > Johng10910 added x4 Netherite upgrade smithing template in auction for 200000.
[17:12:59] > Johng10910 remove x1 Bucket from storage
[17:13:01] > Johng10910 remove x1 Bucket from storage
[17:13:02] > Johng10910 remove x46 Wind charge form storage
[17:13:02] > Johng10910 remove x4 Netherite upgrade smithing template form storage
[17:13:02] > Johng10910 remove x1 §fSun Hat form storage
[17:13:27] > Johng10910 added x1 §eɪʀᴏɴ ɢᴏʟᴇᴍ sᴘᴀᴡɴᴇʀ in auction for 600000.
[17:14:09] > claypotter buy x2 Big Juicy Melons to DanRaiv for $10.
[17:14:29] > Johng10910 remove x1 Purple shulker box from buy
[17:14:30] > Johng10910 remove x3 Nether star from buy
[17:18:28] > BushSeat buy x1 §eɪʀᴏɴ ɢᴏʟᴇᴍ sᴘᴀᴡɴᴇʀ to Johng10910 for $600,000.
[17:19:38] > Johng10910 buy x1 §f§x§F§B§B§6§1§DC§x§F§0§A§F§1§Ca§x§E§5§A§8§1§Bp§x§D§B§A§0§1§9y§x§D§0§9§9§1§8b§x§C§5§9§2§1§7a§x§B§A§8§B§1§6r§x§A§F§8§4§1§5a§x§A§4§7§D§1§4 §x§9§A§7§5§1§2H§x§8§F§6§E§1§1a§x§8§4§6§7§1§0t to DanRaiv for $10,000.
[17:19:47] > Johng10910 remove x1 §f§x§F§B§B§6§1§DC§x§F§0§A§F§1§Ca§x§E§5§A§8§1§Bp§x§D§B§A§0§1§9y§x§D§0§9§9§1§8b§x§C§5§9§2§1§7a§x§B§A§8§B§1§6r§x§A§F§8§4§1§5a§x§A§4§7§D§1§4 §x§9§A§7§5§1§2H§x§8§F§6§E§1§1a§x§8§4§6§7§1§0t from buy
[17:20:02] > x1 §x§F§F§5§5§0§0§lsᴇʟʟᴡᴀɴᴅ §6- 5.0x, item of wolf_keum, has just expired, the item is definitively deleted.
[17:20:02] > x1 §f§l§x§F§C§D§0§5§CW§x§F§A§A§A§4§Bu§x§F§9§8§4§3§Bk§x§F§7§5§F§2§Ao§x§F§5§3§9§1§9n§x§F§4§1§3§0§8g §x§F§5§3§9§1§9S§x§F§7§5§F§2§Ap§x§F§9§8§4§3§Be§x§F§A§A§A§4§Ba§x§F§C§D§0§5§Cr, item of octopus_01, has just expired, the item is definitively deleted.
[17:20:02] > x1 §f§l§x§F§C§D§0§5§CW§x§F§A§A§A§4§Bu§x§F§9§8§4§3§Bk§x§F§7§5§F§2§Ao§x§F§5§3§9§1§9n§x§F§4§1§3§0§8g §x§F§5§3§9§1§9S§x§F§7§5§F§2§Ap§x§F§9§8§4§3§Be§x§F§A§A§A§4§Ba§x§F§C§D§0§5§Cr, item of octopus_01, has just expired, the item is definitively deleted.
[17:20:54] > BushSeat remove x1 §eɪʀᴏɴ ɢᴏʟᴇᴍ sᴘᴀᴡɴᴇʀ from buy
[17:45:50] > DanRaiv remove x1 freshly warm seaten boat from buy
[17:46:57] > DanRaiv remove x64 Premium oiled dih from buy
[18:28:18] > tic_sz added x1 Wither skeleton skull in auction for 10.
[18:28:22] > DanRaiv buy x1 Wither skeleton skull to tic_sz for $10.
[18:28:33] > DanRaiv remove x1 Wither skeleton skull from buy
[18:29:36] > tic_sz added x6 Name tag in auction for 15000.
[18:29:45] > Lanchan68 buy x6 Name tag to tic_sz for $15,000.
[18:30:02] > DanRaiv remove x1 §fMysterious Hat from storage
[18:30:23] > Lanchan68 remove x6 Name tag from buy
[18:30:28] > TostyZura added x1 §x§F§F§3§E§0§0§lD§x§F§F§3§8§0§0§le§x§F§F§3§2§0§0§lm§x§F§F§2§B§0§0§lo§x§F§F§2§5§0§0§ln §x§F§F§1§9§0§0§lL§x§F§F§1§3§0§0§lo§x§F§F§0§C§0§0§lr§x§F§F§0§6§0§0§ld §x§F§F§0§6§0§0§lB§x§F§F§0§C§0§0§la§x§F§F§1§3§0§0§lt§x§F§F§1§9§0§0§lt§x§F§F§1§F§0§0§ll§x§F§F§2§5§0§0§le §x§F§F§3§2§0§0§lA§x§F§F§3§8§0§0§lx§x§F§F§3§E§0§0§le in auction for 50000.
[18:30:33] > tic_sz buy x1 §x§F§F§3§E§0§0§lD§x§F§F§3§8§0§0§le§x§F§F§3§2§0§0§lm§x§F§F§2§B§0§0§lo§x§F§F§2§5§0§0§ln §x§F§F§1§9§0§0§lL§x§F§F§1§3§0§0§lo§x§F§F§0§C§0§0§lr§x§F§F§0§6§0§0§ld §x§F§F§0§6§0§0§lB§x§F§F§0§C§0§0§la§x§F§F§1§3§0§0§lt§x§F§F§1§9§0§0§lt§x§F§F§1§F§0§0§ll§x§F§F§2§5§0§0§le §x§F§F§3§2§0§0§lA§x§F§F§3§8§0§0§lx§x§F§F§3§E§0§0§le to TostyZura for $50,000.
[18:32:09] > baciu added x1 Elytra in auction for 500000.
[18:32:13] > BlackKnight buy x1 Elytra to baciu for $500,000.
[18:32:57] > BlackKnight remove x1 Elytra from buy
[18:33:47] > imnectarfr added x1 Heavy core in auction for 500000.
[18:36:48] > imnectarfr remove x1 Heavy core from storage
[18:37:13] > imnectarfr added x1 Heavy core in auction for 500000.
[18:44:42] > DanRaiv added x1 §x§F§F§3§E§0§0§lDemon Lord Wings in auction for 4000000.
[18:45:20] > baciu added x1 Potion in auction for 200.
[18:45:33] > TostyZura buy x1 Heavy core to .SharkyisHungry for $333,333.
[18:55:06] > imnectarfr added x1 Heavy Core in auction for 500000.
[19:01:57] > MrZyrus7228 added x4 Mangrove planks in auction for 20.
[19:12:11] > .SharkyisHungry buy x3 Nether star to Akiesha for $100,000.
[19:12:54] > .SharkyisHungry remove x3 Nether star from buy
[19:16:54] > Chezzy added x5 §x§F§C§D§0§5§C§lB§x§E§6§D§3§6§B§la§x§C§F§D§5§7§A§ls§x§B§9§D§8§8§9§li§x§A§2§D§A§9§8§lc §x§7§5§D§F§B§6§lC§x§5§F§E§2§C§5§lr§x§7§5§D§F§B§6§la§x§8§C§D§D§A§7§lt§x§A§2§D§A§9§8§le §x§C§F§D§5§7§A§lK§x§E§6§D§3§6§B§le§x§F§C§D§0§5§C§ly in auction for 70000.
[19:19:09] > Zee_ remove x64 Sponge from storage
[19:24:42] > imnectarfr added x1 §x§5§C§C§F§F§C§lC§x§5§C§D§1§F§5§lo§x§5§D§D§4§E§E§ls§x§5§D§D§6§E§7§lm§x§5§E§D§9§E§1§le§x§5§E§D§B§D§A§lt§x§5§E§D§D§D§3§li§x§5§F§E§0§C§C§lc §x§5§F§E§0§C§C§lH§x§5§E§D§D§D§3§la§x§5§E§D§B§D§A§lt§x§5§E§D§9§E§1§ls §x§5§D§D§4§E§E§lK§x§5§C§D§1§F§5§le§x§5§C§C§F§F§C§ly in auction for 200000.
[19:24:48] > MrZyrus7228 added x1 Ominous bottle in auction for 400000.
[19:24:53] > Zee_ added x1 §esʜᴇᴇᴘ sᴘᴀᴡɴᴇʀ in auction for 100000.
[19:25:10] > MochaFangs added x1 §eᴄʜɪᴄᴋᴇɴ sᴘᴀᴡɴᴇʀ in auction for 25000.
[19:25:14] > DanRaiv buy x1 §eᴄʜɪᴄᴋᴇɴ sᴘᴀᴡɴᴇʀ to MochaFangs for $25,000.
[19:25:23] > .SharkyisHungry added x5 §x§C§9§A§7§F§C§lL§x§B§D§A§E§F§6§le§x§B§1§B§4§F§0§lg§x§A§6§B§B§E§A§le§x§9§A§C§1§E§4§ln§x§8§E§C§8§D§D§ld§x§8§2§C§E§D§7§la§x§7§7§D§5§D§1§lr§x§6§B§D§B§C§B§ly §x§6§B§D§B§C§B§lC§x§7§7§D§5§D§1§lr§x§8§2§C§E§D§7§la§x§8§E§C§8§D§D§lt§x§9§A§C§1§E§4§le §x§B§1§B§4§F§0§lK§x§B§D§A§E§F§6§le§x§C§9§A§7§F§C§ly in auction for 450000.
[19:25:45] > kysicx buy x1 §esᴋᴇʟᴇᴛᴏɴ sᴘᴀᴡɴᴇʀ to ELITEAtlas for $400,000.
[19:25:47] > DefinitelyHani buy x5 §x§F§C§D§0§5§C§lB§x§E§6§D§3§6§B§la§x§C§F§D§5§7§A§ls§x§B§9§D§8§8§9§li§x§A§2§D§A§9§8§lc §x§7§5§D§F§B§6§lC§x§5§F§E§2§C§5§lr§x§7§5§D§F§B§6§la§x§8§C§D§D§A§7§lt§x§A§2§D§A§9§8§le §x§C§F§D§5§7§A§lK§x§E§6§D§3§6§B§le§x§F§C§D§0§5§C§ly to Chezzy for $70,000.
[19:25:52] > DefinitelyHani remove x5 §x§F§C§D§0§5§C§lB§x§E§6§D§3§6§B§la§x§C§F§D§5§7§A§ls§x§B§9§D§8§8§9§li§x§A§2§D§A§9§8§lc §x§7§5§D§F§B§6§lC§x§5§F§E§2§C§5§lr§x§7§5§D§F§B§6§la§x§8§C§D§D§A§7§lt§x§A§2§D§A§9§8§le §x§C§F§D§5§7§A§lK§x§E§6§D§3§6§B§le§x§F§C§D§0§5§C§ly form buy
[19:26:47] > MrZyrus7228 buy x1 §eᴄʀᴇᴇᴘᴇʀ sᴘᴀᴡɴᴇʀ to FRANZ_JOSEF0 for $500,000.
[19:29:29] > MrZyrus7228 buy x1 §esᴋᴇʟᴇᴛᴏɴ sᴘᴀᴡɴᴇʀ to ameeelia for $450,000.
[19:29:36] > MrZyrus7228 remove x1 §esᴋᴇʟᴇᴛᴏɴ sᴘᴀᴡɴᴇʀ from buy
[19:29:37] > MrZyrus7228 remove x1 §eᴄʀᴇᴇᴘᴇʀ sᴘᴀᴡɴᴇʀ from buy
[19:48:15] > x1 Suspicious stew, bought by sean_kirby, has just expired, the item is definitively deleted.
[20:00:18] > Skwylie added x1 §x§5§9§A§1§D§9§lA§x§7§1§A§E§D§Er§x§8§8§B§C§E§4c§x§A§0§C§9§E§9h§x§B§8§D§7§E§Fa§x§D§0§E§4§F§4n§x§E§7§F§2§F§Ag§fe§x§E§7§F§2§F§Al §x§B§8§D§7§E§FW§x§A§0§C§9§E§9i§x§8§8§B§C§E§4n§x§7§1§A§E§D§Eg§x§5§9§A§1§D§9s in auction for 4000000.
[20:00:27] > MrZyrus7228 added x1 Enchanted golden apple in auction for 50000.
[20:00:45] > MrZyrus7228 added x1 Enchanted golden apple in auction for 10000.
[20:01:38] > Kaze buy x1 §esʜᴇᴇᴘ sᴘᴀᴡɴᴇʀ to Zee_ for $100,000.
[20:01:42] > CoreyNabuko added x1 §f§l§x§C§6§D§E§F§1B§x§B§3§D§4§E§Eo§x§A§1§C§A§E§Bo§x§8§E§C§0§E§8s§x§7§C§B§6§E§4t§x§6§9§A§C§E§1e§x§5§7§A§2§D§Er§x§4§4§9§8§D§B §x§5§7§A§2§D§EP§x§6§9§A§C§E§1i§x§7§C§B§6§E§4c§x§8§E§C§0§E§8k§x§A§1§C§A§E§Ba§x§B§3§D§4§E§Ex§x§C§6§D§E§F§1e in auction for 3000000.
[20:01:47] > celinesanrio buy x1 §f§l§x§C§6§D§E§F§1B§x§B§3§D§4§E§Eo§x§A§1§C§A§E§Bo§x§8§E§C§0§E§8s§x§7§C§B§6§E§4t§x§6§9§A§C§E§1e§x§5§7§A§2§D§Er§x§4§4§9§8§D§B §x§5§7§A§2§D§EP§x§6§9§A§C§E§1i§x§7§C§B§6§E§4c§x§8§E§C§0§E§8k§x§A§1§C§A§E§Ba§x§B§3§D§4§E§Ex§x§C§6§D§E§F§1e to CoreyNabuko for $3,000,000.
[20:01:51] > celinesanrio remove x1 §f§l§x§C§6§D§E§F§1B§x§B§3§D§4§E§Eo§x§A§1§C§A§E§Bo§x§8§E§C§0§E§8s§x§7§C§B§6§E§4t§x§6§9§A§C§E§1e§x§5§7§A§2§D§Er§x§4§4§9§8§D§B §x§5§7§A§2§D§EP§x§6§9§A§C§E§1i§x§7§C§B§6§E§4c§x§8§E§C§0§E§8k§x§A§1§C§A§E§Ba§x§B§3§D§4§E§Ex§x§C§6§D§E§F§1e form buy
[20:02:52] > Technoblad7869 added x1 §eɪʀᴏɴ ɢᴏʟᴇᴍ sᴘᴀᴡɴᴇʀ in auction for 700000.
[20:02:52] > imnectarfr buy x1 §f§l§x§F§A§0§0§0§AD§x§F§A§2§0§1§7a§x§F§B§4§0§2§3r§x§F§B§6§0§3§0k§x§F§B§8§0§3§Cf§x§F§C§A§0§4§9l§x§F§C§C§0§5§6am§x§F§C§A§0§4§9e§x§F§B§8§0§3§C §x§F§B§6§0§3§0M§x§F§B§4§0§2§3a§x§F§A§2§0§1§7c§x§F§A§0§0§0§Ae to .SharkyisHungry for $1,500,000.
[20:02:56] > HwanYo buy x1 §eɪʀᴏɴ ɢᴏʟᴇᴍ sᴘᴀᴡɴᴇʀ to Technoblad7869 for $700,000.
[20:03:05] > imnectarfr remove x1 §f§l§x§F§A§0§0§0§AD§x§F§A§2§0§1§7a§x§F§B§4§0§2§3r§x§F§B§6§0§3§0k§x§F§B§8§0§3§Cf§x§F§C§A§0§4§9l§x§F§C§C§0§5§6am§x§F§C§A§0§4§9e§x§F§B§8§0§3§C §x§F§B§6§0§3§0M§x§F§B§4§0§2§3a§x§F§A§2§0§1§7c§x§F§A§0§0§0§Ae from buy
[20:03:10] > Kaze remove x1 §esʜᴇᴇᴘ sᴘᴀᴡɴᴇʀ from buy
[20:04:34] > CoreyNabuko added x1 §f§l§x§C§6§D§E§F§1B§x§B§3§D§4§E§Eo§x§A§1§C§A§E§Bo§x§8§E§C§0§E§8s§x§7§C§B§6§E§4t§x§6§9§A§C§E§1e§x§5§7§A§2§D§Er§x§4§4§9§8§D§B §x§5§7§A§2§D§EP§x§6§9§A§C§E§1i§x§7§C§B§6§E§4c§x§8§E§C§0§E§8k§x§A§1§C§A§E§Ba§x§B§3§D§4§E§Ex§x§C§6§D§E§F§1e in auction for 3500000.
[20:28:12] > Zypher_0w0 added x1 §eᴘɪɢ sᴘᴀᴡɴᴇʀ in auction for 180000.
[20:28:42] > .SharkyisHungry added x1 §eᴘɪɢ sᴘᴀᴡɴᴇʀ in auction for 170000.
[20:29:09] > .SharkyisHungry added x1 §eᴘɪɢ sᴘᴀᴡɴᴇʀ in auction for 160000.
[20:29:27] > .SharkyisHungry added x1 §eᴘɪɢ sᴘᴀᴡɴᴇʀ in auction for 1500000.
[20:29:40] > .SharkyisHungry remove x1 §eᴘɪɢ sᴘᴀᴡɴᴇʀ from storage
[20:30:59] > .SharkyisHungry added x1 §eᴘɪɢ sᴘᴀᴡɴᴇʀ in auction for 100000.
[20:31:19] > .SharkyisHungry added x1 §eᴄᴏᴡ sᴘᴀᴡɴᴇʀ in auction for 100000.
[20:31:31] > DefinitelyHani buy x1 §eᴄᴏᴡ sᴘᴀᴡɴᴇʀ to .SharkyisHungry for $100,000.
[20:32:33] > Zypher_0w0 added x1 TotemBox in auction for 100000.
[20:32:35] > .SharkyisHungry buy x64 Experience bottle to HwanYo for $130,000.
[20:32:45] > .SharkyisHungry remove x64 Experience bottle from buy
[20:33:38] > Zypher_0w0 added x32 Enchanted golden apple in auction for 225000.
[20:34:22] > x1 §x§F§F§3§E§0§0§lD§x§F§F§3§8§0§0§le§x§F§F§3§2§0§0§lm§x§F§F§2§B§0§0§lo§x§F§F§2§5§0§0§ln §x§F§F§1§9§0§0§lL§x§F§F§1§3§0§0§lo§x§F§F§0§C§0§0§lr§x§F§F§0§6§0§0§ld §x§F§F§0§6§0§0§lB§x§F§F§0§C§0§0§la§x§F§F§1§3§0§0§lt§x§F§F§1§9§0§0§lt§x§F§F§1§F§0§0§ll§x§F§F§2§5§0§0§le §x§F§F§3§2§0§0§lA§x§F§F§3§8§0§0§lx§x§F§F§3§E§0§0§le, item of nicoso12, has just expired, the item is definitively deleted.
[20:34:22] > x1 Paper, item of JohnNabuko, has just expired, the item is definitively deleted.
[20:34:34] > sigman added x1 Gold ingot in auction for 10.
[20:39:07] > Johng10910 added x64 Firework rocket in auction for 50000.
[20:39:24] > Johng10910 added x64 Firework rocket in auction for 50000.
[20:46:17] > x1 §f§l§x§F§A§0§0§0§AD§x§F§A§2§A§1§Aa§x§F§B§5§3§2§Br§x§F§B§7§D§3§Bk§x§F§C§A§6§4§Cf§x§F§C§D§0§5§Cl§x§F§C§D§0§5§Ca§x§F§C§A§D§4§Em§x§F§B§8§B§4§1e§x§F§B§6§8§3§3 §x§F§B§4§5§2§5B§x§F§A§2§3§1§8o§x§F§A§0§0§0§Aw on sale by BlackKnight has just expired, it goes in the inventory of expired items.
[20:51:57] > x2 Villager spawn egg on sale by koshie has just expired, it goes in the inventory of expired items.
[20:55:07] > Johng10910 added x1 §esᴘɪᴅᴇʀ sᴘᴀᴡɴᴇʀ in auction for 150000.
[20:59:23] > Skwylie added x1 §x§F§F§3§E§0§0§lD§x§F§F§3§6§0§0§le§x§F§F§2§F§0§0§lm§x§F§F§2§7§0§0§lo§x§F§F§1§F§0§0§ln §x§F§F§1§0§0§0§lL§x§F§F§0§8§0§0§lo§x§F§F§0§0§0§0§lr§x§F§F§0§9§0§0§ld §x§F§F§1§B§0§0§lS§x§F§F§2§3§0§0§lt§x§F§F§2§C§0§0§la§x§F§F§3§5§0§0§lf§x§F§F§3§E§0§0§lf in auction for 450000.
[20:59:56] > Skwylie added x1 §fShogun Pickaxe in auction for 150000.
[21:00:46] > Skwylie added x1 §x§6§0§0§0§F§F§lɢᴏᴅʟʏ ɪᴛᴇᴍ in auction for 250000.
[21:00:56] > mae buy x1 §x§6§0§0§0§F§F§lɢᴏᴅʟʏ ɪᴛᴇᴍ to Skwylie for $250,000.
[21:01:03] > .SharkyisHungry buy x1 §fShogun Pickaxe to Skwylie for $150,000.
[21:01:21] > mae remove x1 §x§F§F§5§5§0§0§lsᴇʟʟᴡᴀɴᴅ §6- 10.0x from buy
[21:01:22] > mae remove x1 §x§6§0§0§0§F§F§lɢᴏᴅʟʏ ɪᴛᴇᴍ from buy
[21:03:13] > JadeAppleGirl13 buy x1 §x§5§9§A§1§D§9§lA§x§6§B§A§B§D§Dr§x§7§E§B§6§E§1c§x§9§0§C§0§E§6h§x§A§3§C§B§E§Aa§x§B§5§D§5§E§En§x§C§8§E§0§F§2g§x§D§A§E§A§F§7e§x§E§D§F§5§F§Bl §x§E§A§F§3§F§AB§x§D§6§E§8§F§6a§x§C§1§D§C§F§1c§x§A§C§D§0§E§Ck§x§9§7§C§4§E§7p§x§8§3§B§9§E§3a§x§6§E§A§D§D§Ec§x§5§9§A§1§D§9k to Malachkite for $1,000,000.
[21:03:43] > Skwylie added x2 §x§5§C§C§F§F§C§lC§x§5§C§D§1§F§5§lo§x§5§D§D§4§E§E§ls§x§5§D§D§6§E§7§lm§x§5§E§D§9§E§1§le§x§5§E§D§B§D§A§lt§x§5§E§D§D§D§3§li§x§5§F§E§0§C§C§lc §x§5§F§E§0§C§C§lH§x§5§E§D§D§D§3§la§x§5§E§D§B§D§A§lt§x§5§E§D§9§E§1§ls §x§5§D§D§4§E§E§lK§x§5§C§D§1§F§5§le§x§5§C§C§F§F§C§ly in auction for 400000.
[21:04:13] > JadeAppleGirl13 remove x1 §x§5§9§A§1§D§9§lA§x§6§B§A§B§D§Dr§x§7§E§B§6§E§1c§x§9§0§C§0§E§6h§x§A§3§C§B§E§Aa§x§B§5§D§5§E§En§x§C§8§E§0§F§2g§x§D§A§E§A§F§7e§x§E§D§F§5§F§Bl §x§E§A§F§3§F§AB§x§D§6§E§8§F§6a§x§C§1§D§C§F§1c§x§A§C§D§0§E§Ck§x§9§7§C§4§E§7p§x§8§3§B§9§E§3a§x§6§E§A§D§D§Ec§x§5§9§A§1§D§9k from buy
[21:05:36] > JadeAppleGirl13 buy x1 §x§5§9§A§1§D§9§lA§x§7§1§A§E§D§Er§x§8§8§B§C§E§4c§x§A§0§C§9§E§9h§x§B§8§D§7§E§Fa§x§D§0§E§4§F§4n§x§E§7§F§2§F§Ag§fe§x§E§7§F§2§F§Al §x§B§8§D§7§E§FW§x§A§0§C§9§E§9i§x§8§8§B§C§E§4n§x§7§1§A§E§D§Eg§x§5§9§A§1§D§9s to Skwylie for $4,000,000.
[21:05:44] > JadeAppleGirl13 remove x1 §x§5§9§A§1§D§9§lA§x§7§1§A§E§D§Er§x§8§8§B§C§E§4c§x§A§0§C§9§E§9h§x§B§8§D§7§E§Fa§x§D§0§E§4§F§4n§x§E§7§F§2§F§Ag§fe§x§E§7§F§2§F§Al §x§B§8§D§7§E§FW§x§A§0§C§9§E§9i§x§8§8§B§C§E§4n§x§7§1§A§E§D§Eg§x§5§9§A§1§D§9s from buy
[21:05:47] > Luruca buy x1 §x§F§0§7§A§5§4§lZombie Apocalyptic Pistol to khenjieMC for $250,000.
[21:06:02] > Luruca remove x1 §x§F§0§7§A§5§4§lZombie Apocalyptic Pistol from buy
[21:08:58] > x1 §x§F§F§3§E§0§0§lD§x§F§F§3§7§0§0§le§x§F§F§3§0§0§0§lm§x§F§F§2§9§0§0§lo§x§F§F§2§2§0§0§ln §x§F§F§1§5§0§0§lL§x§F§F§0§E§0§0§lo§x§F§F§0§7§0§0§lr§x§F§F§0§0§0§0§ld §x§F§F§0§E§0§0§lC§x§F§F§1§5§0§0§lr§x§F§F§1§C§0§0§lo§x§F§F§2§2§0§0§ls§x§F§F§2§9§0§0§ls§x§F§F§3§0§0§0§lb§x§F§F§3§7§0§0§lo§x§F§F§3§E§0§0§lw, item of SP3CC_, has just expired, the item is definitively deleted.
[21:09:16] > CoreyNabuko remove x1 §f§l§x§C§6§D§E§F§1B§x§B§3§D§4§E§Eo§x§A§1§C§A§E§Bo§x§8§E§C§0§E§8s§x§7§C§B§6§E§4t§x§6§9§A§C§E§1e§x§5§7§A§2§D§Er§x§4§4§9§8§D§B §x§5§7§A§2§D§EP§x§6§9§A§C§E§1i§x§7§C§B§6§E§4c§x§8§E§C§0§E§8k§x§A§1§C§A§E§Ba§x§B§3§D§4§E§Ex§x§C§6§D§E§F§1e from storage
[21:09:27] > TostyZura added x1 §x§E§4§3§A§9§6§lW§x§E§7§5§3§A§3§lI§x§E§B§6§B§B§0§lN§x§E§E§8§4§B§D§lG§x§F§2§9§D§C§B§lS §x§F§8§C§E§E§5§lO§x§F§C§E§6§F§2§lF §x§F§C§E§6§F§2§lE§x§F§8§C§E§E§5§lT§x§F§5§B§5§D§8§lE§x§F§2§9§D§C§B§lR§x§E§E§8§4§B§D§lN§x§E§B§6§B§B§0§lI§x§E§7§5§3§A§3§lT§x§E§4§3§A§9§6§lY in auction for 10000000.
[21:09:48] > CoreyNabuko added x1 §f§l§x§C§6§D§E§F§1B§x§B§3§D§4§E§Eo§x§A§1§C§A§E§Bo§x§8§E§C§0§E§8s§x§7§C§B§6§E§4t§x§6§9§A§C§E§1e§x§5§7§A§2§D§Er§x§4§4§9§8§D§B §x§5§7§A§2§D§EP§x§6§9§A§C§E§1i§x§7§C§B§6§E§4c§x§8§E§C§0§E§8k§x§A§1§C§A§E§Ba§x§B§3§D§4§E§Ex§x§C§6§D§E§F§1e in auction for 2500000.
[21:10:02] > imnectarfr added x1 §x§E§4§3§A§9§6§lW§x§E§7§5§3§A§3§lI§x§E§B§6§B§B§0§lN§x§E§E§8§4§B§D§lG§x§F§2§9§D§C§B§lS §x§F§8§C§E§E§5§lO§x§F§C§E§6§F§2§lF §x§F§C§E§6§F§2§lE§x§F§8§C§E§E§5§lT§x§F§5§B§5§D§8§lE§x§F§2§9§D§C§B§lR§x§E§E§8§4§B§D§lN§x§E§B§6§B§B§0§lI§x§E§7§5§3§A§3§lT§x§E§4§3§A§9§6§lY in auction for 111111111111111.
[21:10:14] > imnectarfr remove x1 §x§E§4§3§A§9§6§lW§x§E§7§5§3§A§3§lI§x§E§B§6§B§B§0§lN§x§E§E§8§4§B§D§lG§x§F§2§9§D§C§B§lS §x§F§8§C§E§E§5§lO§x§F§C§E§6§F§2§lF §x§F§C§E§6§F§2§lE§x§F§8§C§E§E§5§lT§x§F§5§B§5§D§8§lE§x§F§2§9§D§C§B§lR§x§E§E§8§4§B§D§lN§x§E§B§6§B§B§0§lI§x§E§7§5§3§A§3§lT§x§E§4§3§A§9§6§lY from storage
[21:10:14] > x4 Nether star on sale by Akiesha has just expired, it goes in the inventory of expired items.
[21:10:27] > JadeAppleGirl13 buy x32 Enchanted golden apple to Zypher_0w0 for $225,000.
[21:10:37] > JadeAppleGirl13 remove x32 Enchanted golden apple from buy
[21:10:50] > BlackKnight remove x1 §f§l§x§F§A§0§0§0§AD§x§F§A§2§A§1§Aa§x§F§B§5§3§2§Br§x§F§B§7§D§3§Bk§x§F§C§A§6§4§Cf§x§F§C§D§0§5§Cl§x§F§C§D§0§5§Ca§x§F§C§A§D§4§Em§x§F§B§8§B§4§1e§x§F§B§6§8§3§3 §x§F§B§4§5§2§5B§x§F§A§2§3§1§8o§x§F§A§0§0§0§Aw from expire
[21:11:03] > BlackKnight added x1 §f§l§x§F§A§0§0§0§AD§x§F§A§2§A§1§Aa§x§F§B§5§3§2§Br§x§F§B§7§D§3§Bk§x§F§C§A§6§4§Cf§x§F§C§D§0§5§Cl§x§F§C§D§0§5§Ca§x§F§C§A§D§4§Em§x§F§B§8§B§4§1e§x§F§B§6§8§3§3 §x§F§B§4§5§2§5B§x§F§A§2§3§1§8o§x§F§A§0§0§0§Aw in auction for 350000.
[21:13:23] > EnderDragon0120 remove x1 §x§F§F§3§E§0§0§lD§x§F§F§3§6§0§0§le§x§F§F§2§F§0§0§lm§x§F§F§2§7§0§0§lo§x§F§F§1§F§0§0§ln §x§F§F§1§0§0§0§lL§x§F§F§0§8§0§0§lo§x§F§F§0§0§0§0§lr§x§F§F§0§9§0§0§ld §x§F§F§1§B§0§0§lS§x§F§F§2§3§0§0§lp§x§F§F§2§C§0§0§le§x§F§F§3§5§0§0§la§x§F§F§3§E§0§0§lr form storage
[21:13:23] > EnderDragon0120 remove x1 §f§l§8B§x§6§3§6§3§6§3a§x§7§1§7§1§7§1h§x§8§0§8§0§8§0a§x§8§E§8§E§8§Em§x§9§C§9§C§9§Cu§7t§x§9§C§9§C§9§C §x§8§E§8§E§8§ES§x§8§0§8§0§8§0t§x§7§1§7§1§7§1a§x§6§3§6§3§6§3f§8f form storage
[21:13:40] > Skwylie added x1 §x§6§0§0§0§F§F§lɢᴏᴅʟʏ ɪᴛᴇᴍ in auction for 300000.
[21:13:45] > Abbadex buy x1 §x§6§0§0§0§F§F§lɢᴏᴅʟʏ ɪᴛᴇᴍ to Skwylie for $300,000.
[21:13:54] > Abbadex remove x1 §x§6§0§0§0§F§F§lɢᴏᴅʟʏ ɪᴛᴇᴍ from buy
[21:13:59] > EnderDragon0120 added x1 §x§F§F§3§E§0§0§lD§x§F§F§3§6§0§0§le§x§F§F§2§F§0§0§lm§x§F§F§2§7§0§0§lo§x§F§F§1§F§0§0§ln §x§F§F§1§0§0§0§lL§x§F§F§0§8§0§0§lo§x§F§F§0§0§0§0§lr§x§F§F§0§9§0§0§ld §x§F§F§1§B§0§0§lS§x§F§F§2§3§0§0§lp§x§F§F§2§C§0§0§le§x§F§F§3§5§0§0§la§x§F§F§3§E§0§0§lr in auction for 350000.
[21:14:46] > EnderDragon0120 remove x1 §x§F§F§3§E§0§0§lD§x§F§F§3§6§0§0§le§x§F§F§2§F§0§0§lm§x§F§F§2§7§0§0§lo§x§F§F§1§F§0§0§ln §x§F§F§1§0§0§0§lL§x§F§F§0§8§0§0§lo§x§F§F§0§0§0§0§lr§x§F§F§0§9§0§0§ld §x§F§F§1§B§0§0§lS§x§F§F§2§3§0§0§lp§x§F§F§2§C§0§0§le§x§F§F§3§5§0§0§la§x§F§F§3§E§0§0§lr form storage
[21:16:00] > EnderDragon0120 added x1 §f§l§8B§x§6§3§6§3§6§3a§x§7§1§7§1§7§1h§x§8§0§8§0§8§0a§x§8§E§8§E§8§Em§x§9§C§9§C§9§Cu§7t§x§9§C§9§C§9§C §x§8§E§8§E§8§ES§x§8§0§8§0§8§0t§x§7§1§7§1§7§1a§x§6§3§6§3§6§3f§8f in auction for 3500000.
[21:20:48] > kysicx remove x1 §esᴋᴇʟᴇᴛᴏɴ sᴘᴀᴡɴᴇʀ from buy
[21:21:45] > TostyZura remove x1 §x§E§4§3§A§9§6§lW§x§E§7§5§3§A§3§lI§x§E§B§6§B§B§0§lN§x§E§E§8§4§B§D§lG§x§F§2§9§D§C§B§lS §x§F§8§C§E§E§5§lO§x§F§C§E§6§F§2§lF §x§F§C§E§6§F§2§lE§x§F§8§C§E§E§5§lT§x§F§5§B§5§D§8§lE§x§F§2§9§D§C§B§lR§x§E§E§8§4§B§D§lN§x§E§B§6§B§B§0§lI§x§E§7§5§3§A§3§lT§x§E§4§3§A§9§6§lY from storage
[21:21:52] > TostyZura added x1 §x§E§4§3§A§9§6§lW§x§E§7§5§3§A§3§lI§x§E§B§6§B§B§0§lN§x§E§E§8§4§B§D§lG§x§F§2§9§D§C§B§lS §x§F§8§C§E§E§5§lO§x§F§C§E§6§F§2§lF §x§F§C§E§6§F§2§lE§x§F§8§C§E§E§5§lT§x§F§5§B§5§D§8§lE§x§F§2§9§D§C§B§lR§x§E§E§8§4§B§D§lN§x§E§B§6§B§B§0§lI§x§E§7§5§3§A§3§lT§x§E§4§3§A§9§6§lY in auction for 10000000.
[21:22:50] > HwanYo remove x64 Experience bottle form storage
[21:22:50] > HwanYo remove x64 Experience bottle form storage
[21:22:50] > HwanYo remove x64 Experience bottle form storage
[21:22:50] > HwanYo remove x64 Experience bottle form storage
[21:22:50] > HwanYo remove x64 Experience bottle form storage
[21:22:50] > HwanYo remove x64 Experience bottle form storage
[21:22:50] > HwanYo remove x64 Experience bottle form storage
[21:23:06] > HwanYo added x64 Experience bottle in auction for 135000.
[21:23:17] > HwanYo added x64 Experience bottle in auction for 135000.
[21:23:28] > HwanYo added x64 Experience bottle in auction for 135000.
[21:23:39] > HwanYo added x64 Experience bottle in auction for 135000.
[21:23:49] > HwanYo added x64 Experience bottle in auction for 135000.
[21:24:00] > HwanYo added x64 Experience bottle in auction for 135000.
[21:24:20] > HwanYo added x64 Experience bottle in auction for 135000.
[21:27:35] > x1 §x§E§5§1§B§1§B§lDracula Sickle on sale by FRANZ_JOSEF0 has just expired, it goes in the inventory of expired items.
[21:34:50] > Abbadex buy x1 §x§E§E§0§0§0§0§lᴜɴʟɪᴍɪᴛᴇᴅ sᴇʟʟᴡᴀɴᴅ to CoreyNabuko for $450,000.
[21:34:56] > Abbadex remove x1 §x§E§E§0§0§0§0§lᴜɴʟɪᴍɪᴛᴇᴅ sᴇʟʟᴡᴀɴᴅ from buy
[21:37:55] > Johng10910 buy x64 Experience bottle to HwanYo for $135,000.
[21:38:12] > Johng10910 remove x64 Experience bottle from buy
[21:47:30] > HwanYo added x64 Emerald block in auction for 350000.
[21:51:21] > MrGh0st1y remove x1 §f§l§x§F§C§D§0§5§CW§x§F§A§A§6§4§Au§x§F§8§7§D§3§7k§x§F§7§5§3§2§5o§x§F§5§2§A§1§2n§x§F§3§0§0§0§0g§x§F§5§2§A§1§2 §x§F§7§5§3§2§5C§x§F§8§7§D§3§7l§x§F§A§A§6§4§Au§x§F§C§D§0§5§Cb from buy
[21:51:22] > MrGh0st1y remove x1 Red shulker box from buy
[21:52:55] > mae added x1 Enchanted book in auction for 2000000.
[21:54:07] > HwanYo buy x1 §esᴘɪᴅᴇʀ sᴘᴀᴡɴᴇʀ to Johng10910 for $150,000.
[21:54:20] > HwanYo remove x1 §esᴘɪᴅᴇʀ sᴘᴀᴡɴᴇʀ from buy
[21:54:21] > HwanYo remove x1 §esᴘɪᴅᴇʀ sᴘᴀᴡɴᴇʀ from buy
[21:54:22] > HwanYo remove x1 §eɪʀᴏɴ ɢᴏʟᴇᴍ sᴘᴀᴡɴᴇʀ from buy
[21:59:45] > Unforce01 remove x1 §fTrader Llama Plushie §6(#87/101) from storage
[21:59:57] > Unforce01 added x1 §fTrader Llama Plushie §6(#87/101) in auction for 500000.
[22:00:11] > HPMR_GaMerz buy x64 Emerald block to HwanYo for $350,000.
[22:00:15] > HPMR_GaMerz buy x64 Experience bottle to HwanYo for $135,000.
[22:00:17] > HPMR_GaMerz buy x64 Experience bottle to HwanYo for $135,000.
[22:00:19] > HPMR_GaMerz buy x64 Experience bottle to HwanYo for $135,000.
[22:00:21] > HPMR_GaMerz buy x64 Experience bottle to HwanYo for $135,000.
[22:00:23] > HPMR_GaMerz buy x64 Experience bottle to HwanYo for $135,000.
[22:00:26] > HPMR_GaMerz buy x64 Experience bottle to HwanYo for $135,000.
[22:00:39] > HPMR_GaMerz buy x1 Enchanted golden apple to MrZyrus7228 for $10,000.
[22:00:52] > JullianHuH buy x2 §x§E§5§1§B§1§B§lDracula Key to Zypher_0w0 for $250,000.
[22:01:23] > JullianHuH remove x2 §x§E§5§1§B§1§B§lDracula Key from buy
[22:01:35] > MrGh0st1y added x1 §fRabbit Plushie (Salt & Pepper) §6(#73/101) in auction for 750000.
[22:01:50] > MrGh0st1y added x1 §fRabbit Plushie §6(#69/101) in auction for 750000.
[22:02:49] > JullianHuH added x1 §x§E§5§1§B§1§B§lDracula Boots in auction for 150000.
[22:02:54] > MrGh0st1y added x1 §fParrot Plushie (Gray) §6(#60/101) in auction for 750000.
[22:03:12] > imnectarfr added x1 §fDonkey Plushie §6(#29/101) in auction for 300000.
[22:03:20] > MrGh0st1y buy x1 Gold ingot to sigman for $10.
[22:03:26] > imnectarfr added x1 §fWitch Plushie §6(#94/101) in auction for 500000.
[22:04:43] > x1 /pwarp go Pastries for CHEAP FOODS <3, item of Kwienn, has just expired, the item is definitively deleted.
[22:04:54] > MrGh0st1y buy x1 §fDonkey Plushie §6(#29/101) to imnectarfr for $300,000.
[22:05:03] > MrGh0st1y remove x1 §fDonkey Plushie §6(#29/101) from buy
[22:05:03] > MrGh0st1y remove x1 Gold ingot from buy
[22:05:27] > koshie remove x64 §x§F§C§9§0§5§C§lE§x§E§6§9§C§6§B§lp§x§C§F§A§7§7§A§li§x§B§9§B§3§8§9§lc §x§8§C§C§B§A§7§lC§x§7§5§D§6§B§6§lr§x§5§F§E§2§C§5§la§x§7§9§D§4§B§4§lt§x§9§3§C§7§A§2§le §x§C§8§A§B§7§F§lK§x§E§2§9§E§6§E§le§x§F§C§9§0§5§C§ly from expire
[22:05:31] > koshie remove x2 Villager spawn egg from expire
[22:05:40] > koshie added x2 Villager spawn egg in auction for 5500000.
[22:05:50] > MrGh0st1y added x1 §fPillager Plushie §6(#66/101) in auction for 400000.
[22:10:30] > HwanYo added x64 Experience bottle in auction for 135000.
[22:10:42] > HwanYo added x64 Experience bottle in auction for 135000.
[22:10:53] > HwanYo added x64 Experience bottle in auction for 135000.
[22:11:05] > HwanYo added x64 Experience bottle in auction for 135000.
[22:11:19] > HwanYo added x64 Experience bottle in auction for 135000.
[22:11:33] > HwanYo added x64 Experience bottle in auction for 135000.
[22:11:45] > HwanYo added x64 Experience bottle in auction for 135000.
[22:12:18] > HwanYo added x64 Experience bottle in auction for 135000.
[22:22:27] > imnectarfr remove x1 §x§E§5§1§B§1§B§lDracula Fishing from storage
[22:23:23] > Johng10910 added x1 §esʜᴇᴇᴘ sᴘᴀᴡɴᴇʀ in auction for 100000.
[22:23:33] > octopus_01 remove x1 §x§F§F§3§E§0§0§lD§x§F§F§3§5§0§0§le§x§F§F§2§C§0§0§lm§x§F§F§2§3§0§0§lo§x§F§F§1§B§0§0§ln §x§F§F§0§9§0§0§lL§x§F§F§0§0§0§0§lo§x§F§F§0§A§0§0§lr§x§F§F§1§5§0§0§ld §x§F§F§2§9§0§0§lB§x§F§F§3§4§0§0§lo§x§F§F§3§E§0§0§lw from storage
[22:23:34] > octopus_01 remove x1 §fAxolotl Plushie (Gold) §6(#7/101) from storage
[22:23:34] > octopus_01 remove x1 §fWandering Trader Plushie §6(#92/101) from storage
[22:23:34] > octopus_01 remove x1 §x§5§9§A§1§D§9§lA§x§7§1§A§E§D§Er§x§8§8§B§C§E§4c§x§A§0§C§9§E§9h§x§B§8§D§7§E§Fa§x§D§0§E§4§F§4n§x§E§7§F§2§F§Ag§fe§x§E§7§F§2§F§Al §x§B§8§D§7§E§FS§x§A§0§C§9§E§9w§x§8§8§B§C§E§4o§x§7§1§A§E§D§Er§x§5§9§A§1§D§9d from storage
[22:23:45] > octopus_01 added x1 §x§5§9§A§1§D§9§lA§x§7§1§A§E§D§Er§x§8§8§B§C§E§4c§x§A§0§C§9§E§9h§x§B§8§D§7§E§Fa§x§D§0§E§4§F§4n§x§E§7§F§2§F§Ag§fe§x§E§7§F§2§F§Al §x§B§8§D§7§E§FS§x§A§0§C§9§E§9w§x§8§8§B§C§E§4o§x§7§1§A§E§D§Er§x§5§9§A§1§D§9d in auction for 100000.
[22:23:59] > octopus_01 added x1 §x§F§F§3§E§0§0§lD§x§F§F§3§5§0§0§le§x§F§F§2§C§0§0§lm§x§F§F§2§3§0§0§lo§x§F§F§1§B§0§0§ln §x§F§F§0§9§0§0§lL§x§F§F§0§0§0§0§lo§x§F§F§0§A§0§0§lr§x§F§F§1§5§0§0§ld §x§F§F§2§9§0§0§lB§x§F§F§3§4§0§0§lo§x§F§F§3§E§0§0§lw in auction for 100000.
[22:24:14] > x1 Baliwag Chicken, item of MrGh0st1y, has just expired, the item is definitively deleted.
[22:24:16] > .SharkyisHungry buy x1 §x§5§9§A§1§D§9§lA§x§7§1§A§E§D§Er§x§8§8§B§C§E§4c§x§A§0§C§9§E§9h§x§B§8§D§7§E§Fa§x§D§0§E§4§F§4n§x§E§7§F§2§F§Ag§fe§x§E§7§F§2§F§Al §x§B§8§D§7§E§FS§x§A§0§C§9§E§9w§x§8§8§B§C§E§4o§x§7§1§A§E§D§Er§x§5§9§A§1§D§9d to octopus_01 for $100,000.
[22:24:20] > MrGh0st1y remove x1 Deepslate emerald ore from expire
[22:24:35] > MrGh0st1y added x1 Deepslate emerald ore in auction for 999999999.
[22:27:09] > TostyZura remove x1 §x§E§4§3§A§9§6§lW§x§E§7§5§3§A§3§lI§x§E§B§6§B§B§0§lN§x§E§E§8§4§B§D§lG§x§F§2§9§D§C§B§lS §x§F§8§C§E§E§5§lO§x§F§C§E§6§F§2§lF §x§F§C§E§6§F§2§lE§x§F§8§C§E§E§5§lT§x§F§5§B§5§D§8§lE§x§F§2§9§D§C§B§lR§x§E§E§8§4§B§D§lN§x§E§B§6§B§B§0§lI§x§E§7§5§3§A§3§lT§x§E§4§3§A§9§6§lY from storage
[22:27:14] > TostyZura added x1 §x§E§4§3§A§9§6§lW§x§E§7§5§3§A§3§lI§x§E§B§6§B§B§0§lN§x§E§E§8§4§B§D§lG§x§F§2§9§D§C§B§lS §x§F§8§C§E§E§5§lO§x§F§C§E§6§F§2§lF §x§F§C§E§6§F§2§lE§x§F§8§C§E§E§5§lT§x§F§5§B§5§D§8§lE§x§F§2§9§D§C§B§lR§x§E§E§8§4§B§D§lN§x§E§B§6§B§B§0§lI§x§E§7§5§3§A§3§lT§x§E§4§3§A§9§6§lY in auction for 10000000.
[22:28:01] > Technoblad7869 added x1 §x§E§5§1§B§1§B§lDracula Chestplate in auction for 250000.
[22:28:14] > Technoblad7869 added x1 §x§E§5§1§B§1§B§lDracula Helmet in auction for 250000.
[22:28:28] > octopus_01 added x1 §fAxolotl Plushie (Gold) §6(#7/101) in auction for 100000.
[22:28:41] > MrGh0st1y buy x1 §fAxolotl Plushie (Gold) §6(#7/101) to octopus_01 for $100,000.
[22:29:39] > octopus_01 added x1 §fWandering Trader Plushie §6(#92/101) in auction for 100000.
[22:32:54] > octopus_01 buy x1 §x§F§F§3§E§0§0§lD§x§F§F§3§8§0§0§le§x§F§F§3§2§0§0§lm§x§F§F§2§B§0§0§lo§x§F§F§2§5§0§0§ln §x§F§F§1§9§0§0§lL§x§F§F§1§3§0§0§lo§x§F§F§0§C§0§0§lr§x§F§F§0§6§0§0§ld §x§F§F§0§7§0§0§lC§x§F§F§0§E§0§0§lh§x§F§F§1§5§0§0§le§x§F§F§1§C§0§0§ls§x§F§F§2§2§0§0§lp§x§F§F§2§9§0§0§ll§x§F§F§3§0§0§0§la§x§F§F§3§7§0§0§lt§x§F§F§3§E§0§0§le to PrinceBGC for $450,000.
[22:36:52] > x2 §x§5§C§C§F§F§C§lC§x§5§C§D§1§F§5§lo§x§5§D§D§4§E§E§ls§x§5§D§D§6§E§7§lm§x§5§E§D§9§E§1§le§x§5§E§D§B§D§A§lt§x§5§E§D§D§D§3§li§x§5§F§E§0§C§C§lc §x§5§F§E§0§C§C§lH§x§5§E§D§D§D§3§la§x§5§E§D§B§D§A§lt§x§5§E§D§9§E§1§ls §x§5§D§D§4§E§E§lK§x§5§C§D§1§F§5§le§x§5§C§C§F§F§C§ly on sale by Jeax has just expired, it goes in the inventory of expired items.
[22:38:38] > Johng10910 added x1 §fMysterious Hat in auction for 50000.
[22:38:43] > Raylii buy x1 §fWandering Trader Plushie §6(#92/101) to octopus_01 for $100,000.
[22:38:53] > Technoblad7869 added x1 §fMushroom Hat in auction for 50000.
[22:38:54] > Raylii buy x1 §esʜᴇᴇᴘ sᴘᴀᴡɴᴇʀ to Johng10910 for $100,000.
[22:38:58] > .SharkyisHungry added x1 Enchanted book in auction for 1234567.
[22:39:24] > TostyZura added x1 §eᴄʜɪᴄᴋᴇɴ sᴘᴀᴡɴᴇʀ in auction for 100000.
[22:39:33] > Raylii buy x1 §eᴄʜɪᴄᴋᴇɴ sᴘᴀᴡɴᴇʀ to TostyZura for $100,000.
[22:39:41] > Johng10910 added x1 §eᴢᴏᴍʙɪᴇ sᴘᴀᴡɴᴇʀ in auction for 200000.
[22:39:56] > imnectarfr added x1 §eᴡɪᴛᴄʜ ꜱᴘᴀᴡɴᴇʀ in auction for 600000.
[22:40:08] > Sanchay buy x1 §eᴡɪᴛᴄʜ ꜱᴘᴀᴡɴᴇʀ to imnectarfr for $600,000.
[22:40:15] > Technoblad7869 buy x1 §eᴢᴏᴍʙɪᴇ sᴘᴀᴡɴᴇʀ to Johng10910 for $200,000.
[22:40:21] > x1 §x§5§C§C§F§F§C§lC§x§5§C§D§1§F§5§lo§x§5§D§D§4§E§E§ls§x§5§D§D§6§E§7§lm§x§5§E§D§9§E§1§le§x§5§E§D§B§D§A§lt§x§5§E§D§D§D§3§li§x§5§F§E§0§C§C§lc §x§5§F§E§0§C§C§lH§x§5§E§D§D§D§3§la§x§5§E§D§B§D§A§lt§x§5§E§D§9§E§1§ls §x§5§D§D§4§E§E§lK§x§5§C§D§1§F§5§le§x§5§C§C§F§F§C§ly, bought by Keeos, has just expired, the item is definitively deleted.
[22:40:22] > mae added x1 §x§F§0§7§A§5§4§lZombie Apocalyptic Bow in auction for 250000.
[22:40:23] > Sanchay remove x1 §eᴡɪᴛᴄʜ ꜱᴘᴀᴡɴᴇʀ form buy
[22:40:23] > Technoblad7869 remove x1 §eᴢᴏᴍʙɪᴇ sᴘᴀᴡɴᴇʀ from buy
[22:40:37] > Technoblad7869 added x1 §eᴢᴏᴍʙɪᴇ sᴘᴀᴡɴᴇʀ in auction for 400000.
[22:41:06] > octopus_01 remove x1 §x§F§F§3§E§0§0§lD§x§F§F§3§5§0§0§le§x§F§F§2§C§0§0§lm§x§F§F§2§3§0§0§lo§x§F§F§1§B§0§0§ln §x§F§F§0§9§0§0§lL§x§F§F§0§0§0§0§lo§x§F§F§0§A§0§0§lr§x§F§F§1§5§0§0§ld §x§F§F§2§9§0§0§lK§x§F§F§3§4§0§0§le§x§F§F§3§E§0§0§ly from buy
[22:41:06] > octopus_01 remove x1 §x§F§F§3§E§0§0§lD§x§F§F§3§5§0§0§le§x§F§F§2§C§0§0§lm§x§F§F§2§3§0§0§lo§x§F§F§1§B§0§0§ln §x§F§F§0§9§0§0§lL§x§F§F§0§0§0§0§lo§x§F§F§0§A§0§0§lr§x§F§F§1§5§0§0§ld §x§F§F§2§9§0§0§lK§x§F§F§3§4§0§0§le§x§F§F§3§E§0§0§ly from buy
[22:41:06] > octopus_01 remove x1 §x§F§F§3§E§0§0§lD§x§F§F§3§8§0§0§le§x§F§F§3§2§0§0§lm§x§F§F§2§B§0§0§lo§x§F§F§2§5§0§0§ln §x§F§F§1§9§0§0§lL§x§F§F§1§3§0§0§lo§x§F§F§0§C§0§0§lr§x§F§F§0§6§0§0§ld §x§F§F§0§7§0§0§lC§x§F§F§0§E§0§0§lh§x§F§F§1§5§0§0§le§x§F§F§1§C§0§0§ls§x§F§F§2§2§0§0§lp§x§F§F§2§9§0§0§ll§x§F§F§3§0§0§0§la§x§F§F§3§7§0§0§lt§x§F§F§3§E§0§0§le from buy
[22:41:47] > x1 §f§l§x§8§A§0§0§F§FS§x§9§9§0§0§D§Bh§x§A§8§0§0§B§6i§x§B§7§0§0§9§2n§x§C§6§0§0§6§De§x§D§5§0§0§4§9 §x§E§4§0§0§2§4O§x§F§3§0§0§0§0n§x§E§4§0§0§2§4i§x§D§5§0§0§4§9 §x§C§6§0§0§6§DS§x§B§7§0§0§9§2t§x§A§8§0§0§B§6a§x§9§9§0§0§D§Bf§x§8§A§0§0§F§Ff on sale by lorxie has just expired, it goes in the inventory of expired items.
[22:45:29] > x1 §f§x§D§0§D§0§D§0J§x§C§9§C§9§C§9e§x§C§2§C§2§C§2t§x§B§B§B§B§B§B §x§B§3§B§3§B§3P§x§A§C§A§C§A§Ci§x§A§5§A§5§A§5l§x§9§E§9§E§9§Eo§x§9§7§9§7§9§7t§x§9§0§9§0§9§0 §x§8§9§8§9§8§9H§x§8§2§8§2§8§2e§x§7§A§7§A§7§Al§x§7§3§7§3§7§3m§x§6§C§6§C§6§Ce§x§6§5§6§5§6§5t on sale by Dragonde3znu1s has just expired, it goes in the inventory of expired items.
[22:48:45] > octopus_01 buy x1 §x§E§5§1§B§1§B§lDracula Key to Abbadex for $300,000.
[22:48:51] > octopus_01 buy x1 §x§E§5§1§B§1§B§lDracula Key to Abbadex for $300,000.
[22:49:12] > octopus_01 buy x2 §x§F§C§D§0§5§C§lB§x§E§6§D§3§6§B§la§x§C§F§D§5§7§A§ls§x§B§9§D§8§8§9§li§x§A§2§D§A§9§8§lc §x§7§5§D§F§B§6§lC§x§5§F§E§2§C§5§lr§x§7§5§D§F§B§6§la§x§8§C§D§D§A§7§lt§x§A§2§D§A§9§8§le §x§C§F§D§5§7§A§lK§x§E§6§D§3§6§B§le§x§F§C§D§0§5§C§ly to .Kabayooo for $100,000.
[22:50:17] > octopus_01 remove x1 §x§E§5§1§B§1§B§lDracula Key from buy
[22:50:17] > octopus_01 remove x1 §x§E§5§1§B§1§B§lDracula Key from buy
[22:50:17] > octopus_01 remove x2 §x§F§C§D§0§5§C§lB§x§E§6§D§3§6§B§la§x§C§F§D§5§7§A§ls§x§B§9§D§8§8§9§li§x§A§2§D§A§9§8§lc §x§7§5§D§F§B§6§lC§x§5§F§E§2§C§5§lr§x§7§5§D§F§B§6§la§x§8§C§D§D§A§7§lt§x§A§2§D§A§9§8§le §x§C§F§D§5§7§A§lK§x§E§6§D§3§6§B§le§x§F§C§D§0§5§C§ly from buy
[22:53:53] > HwanYo remove x64 Experience bottle from storage
[22:54:07] > HwanYo added x64 Emerald block in auction for 450000.
[22:54:16] > HPMR_GaMerz buy x64 Emerald block to HwanYo for $450,000.
[22:54:34] > HPMR_GaMerz buy x1 §fMushroom Hat to Technoblad7869 for $50,000.
[22:54:36] > HwanYo buy x1 §eᴢᴏᴍʙɪᴇ sᴘᴀᴡɴᴇʀ to Technoblad7869 for $400,000.
[22:54:39] > HPMR_GaMerz buy x1 §fMysterious Hat to Johng10910 for $50,000.
[22:54:47] > HPMR_GaMerz buy x64 Experience bottle to HwanYo for $135,000.
[22:54:49] > HPMR_GaMerz buy x64 Experience bottle to HwanYo for $135,000.
[22:54:51] > HPMR_GaMerz buy x64 Experience bottle to HwanYo for $135,000.
[22:54:54] > HPMR_GaMerz buy x64 Experience bottle to HwanYo for $135,000.
[22:54:58] > HPMR_GaMerz buy x64 Experience bottle to HwanYo for $135,000.
[22:55:01] > HPMR_GaMerz buy x64 Experience bottle to HwanYo for $135,000.
[22:55:04] > HPMR_GaMerz buy x64 Experience bottle to HwanYo for $135,000.
[22:55:10] > HwanYo added x64 Experience bottle in auction for 135000.
[22:55:20] > HwanYo added x64 Experience bottle in auction for 135000.
[22:55:34] > HwanYo added x64 Experience bottle in auction for 135000.
[22:56:53] > HwanYo remove x64 Experience bottle from storage
[22:56:54] > HwanYo remove x64 Experience bottle from storage
[22:56:54] > HwanYo remove x64 Experience bottle from storage
[22:57:29] > HwanYo added x1 Shulker box in auction for 2000000.
[22:57:39] > HPMR_GaMerz buy x1 Shulker box to HwanYo for $2,000,000.
[22:57:41] > SeamedTuna buy x1 §f§l§x§F§C§D§0§5§CW§x§F§B§A§D§4§Du§x§F§9§8§B§3§Dk§x§F§8§6§8§2§Eo§x§F§6§4§5§1§Fn§x§F§5§2§3§0§Fg§x§F§3§0§0§0§0 §x§F§5§2§3§0§FS§x§F§6§4§5§1§Fh§x§F§8§6§8§2§Eo§x§F§9§8§B§3§Dv§x§F§B§A§D§4§De§x§F§C§D§0§5§Cl to Asterizu for $90,000.
[22:58:07] > SeamedTuna remove x1 §f§l§x§F§C§D§0§5§CW§x§F§B§A§D§4§Du§x§F§9§8§B§3§Dk§x§F§8§6§8§2§Eo§x§F§6§4§5§1§Fn§x§F§5§2§3§0§Fg§x§F§3§0§0§0§0 §x§F§5§2§3§0§FS§x§F§6§4§5§1§Fh§x§F§8§6§8§2§Eo§x§F§9§8§B§3§Dv§x§F§B§A§D§4§De§x§F§C§D§0§5§Cl from buy
[23:00:54] > TostyZura added x1 Paa ni Darna in auction for 10000.
[23:02:43] > MrZyrus7228 added x1 Inevitable Block Destroyer in auction for 75000.
[23:03:00] > HPMR_GaMerz buy x1 Inevitable Block Destroyer to MrZyrus7228 for $75,000.
[23:15:08] > Technoblad7869 added x1 §x§E§5§1§B§1§B§lDracula Chestplate in auction for 100000.
[23:17:22] > Technoblad7869 added x1 §x§F§F§3§E§0§0§lDemon Lord Wings in auction for 39000000.
[23:17:29] > Technoblad7869 remove x1 §x§F§F§3§E§0§0§lDemon Lord Wings from storage
[23:17:31] > El3ctric_Ey3 remove x1 §x§E§5§1§B§1§B§lDracula Spear from storage
[23:17:32] > El3ctric_Ey3 remove x1 §x§F§F§3§E§0§0§lD§x§F§F§3§5§0§0§le§x§F§F§2§C§0§0§lm§x§F§F§2§3§0§0§lo§x§F§F§1§B§0§0§ln §x§F§F§0§9§0§0§lL§x§F§F§0§0§0§0§lo§x§F§F§0§A§0§0§lr§x§F§F§1§5§0§0§ld §x§F§F§2§9§0§0§lA§x§F§F§3§4§0§0§lx§x§F§F§3§E§0§0§le from storage
[23:17:32] > El3ctric_Ey3 remove x1 §f§l§x§F§C§D§0§5§CW§x§F§B§B§0§4§Eu§x§F§9§9§0§4§0k§x§F§8§7§0§3§2o§x§F§6§5§0§2§3n§x§F§5§3§0§1§5g§x§F§4§1§0§0§7 H§x§F§5§3§0§1§5a§x§F§6§5§0§2§3l§x§F§8§7§0§3§2b§x§F§9§9§0§4§0e§x§F§B§B§0§4§Er§x§F§C§D§0§5§Cd from storage
[23:17:37] > Technoblad7869 added x1 §x§F§F§3§E§0§0§lDemon Lord Wings in auction for 3900000.
[23:19:42] > Technoblad7869 buy x5 §x§C§9§A§7§F§C§lL§x§B§D§A§E§F§6§le§x§B§1§B§4§F§0§lg§x§A§6§B§B§E§A§le§x§9§A§C§1§E§4§ln§x§8§E§C§8§D§D§ld§x§8§2§C§E§D§7§la§x§7§7§D§5§D§1§lr§x§6§B§D§B§C§B§ly §x§6§B§D§B§C§B§lC§x§7§7§D§5§D§1§lr§x§8§2§C§E§D§7§la§x§8§E§C§8§D§D§lt§x§9§A§C§1§E§4§le §x§B§1§B§4§F§0§lK§x§B§D§A§E§F§6§le§x§C§9§A§7§F§C§ly to .SharkyisHungry for $450,000.
[23:19:48] > Technoblad7869 remove x5 §x§C§9§A§7§F§C§lL§x§B§D§A§E§F§6§le§x§B§1§B§4§F§0§lg§x§A§6§B§B§E§A§le§x§9§A§C§1§E§4§ln§x§8§E§C§8§D§D§ld§x§8§2§C§E§D§7§la§x§7§7§D§5§D§1§lr§x§6§B§D§B§C§B§ly §x§6§B§D§B§C§B§lC§x§7§7§D§5§D§1§lr§x§8§2§C§E§D§7§la§x§8§E§C§8§D§D§lt§x§9§A§C§1§E§4§le §x§B§1§B§4§F§0§lK§x§B§D§A§E§F§6§le§x§C§9§A§7§F§C§ly from buy
[23:20:28] > Technoblad7869 remove x1 §x§F§F§3§E§0§0§lDemon Lord Wings from storage
[23:22:19] > Technoblad7869 added x1 §x§F§F§3§E§0§0§lDemon Lord Wings in auction for 3500000.
[23:36:01] > Raylii remove x1 §x§F§F§5§5§0§0§lsᴇʟʟᴡᴀɴᴅ §6- 10.0x from buy
[23:43:40] > x5 §x§5§C§C§F§F§C§lC§x§5§C§D§1§F§5§lo§x§5§D§D§4§E§E§ls§x§5§D§D§6§E§7§lm§x§5§E§D§9§E§1§le§x§5§E§D§B§D§A§lt§x§5§E§D§D§D§3§li§x§5§F§E§0§C§C§lc §x§5§F§E§0§C§C§lH§x§5§E§D§D§D§3§la§x§5§E§D§B§D§A§lt§x§5§E§D§9§E§1§ls §x§5§D§D§4§E§E§lK§x§5§C§D§1§F§5§le§x§5§C§C§F§F§C§ly on sale by Zypher_0w0 has just expired, it goes in the inventory of expired items.
[23:54:52] > Sanchay added x1 §eᴡɪᴛᴄʜ ꜱᴘᴀᴡɴᴇʀ in auction for 2000000.
[23:59:06] > bearbrand_222 added x1 Blaze powder in auction for 100000000.
[23:59:12] > bearbrand_222 remove x1 Blaze powder from storage
[00:04:00] > Johng10910 buy x1 §x§E§5§1§B§1§B§lDracula Helmet to Technoblad7869 for $250,000.
[00:04:05] > x1 GATAS NI MrGh0stly, bought by BlINDSTEELS, has just expired, the item is definitively deleted.
[00:04:05] > x10 §x§F§C§D§0§5§C§lB§x§E§6§D§3§6§B§la§x§C§F§D§5§7§A§ls§x§B§9§D§8§8§9§li§x§A§2§D§A§9§8§lc §x§7§5§D§F§B§6§lC§x§5§F§E§2§C§5§lr§x§7§5§D§F§B§6§la§x§8§C§D§D§A§7§lt§x§A§2§D§A§9§8§le §x§C§F§D§5§7§A§lK§x§E§6§D§3§6§B§le§x§F§C§D§0§5§C§ly, bought by fenilpatel2, has just expired, the item is definitively deleted.
[00:04:07] > Johng10910 remove x1 §x§E§5§1§B§1§B§lDracula Helmet from buy
[00:04:55] > Johng10910 added x5 Netherite ingot in auction for 2000000.
[00:05:07] > Technoblad7869 remove x1 §x§F§F§3§E§0§0§lDemon Lord Wings form storage
[00:05:07] > Technoblad7869 remove x1 §x§E§5§1§B§1§B§lDracula Chestplate form storage
[00:05:07] > Technoblad7869 remove x1 §x§E§5§1§B§1§B§lDracula Chestplate form storage
[00:05:34] > Technoblad7869 added x1 §x§E§5§1§B§1§B§lDracula Chestplate in auction for 150000.
[00:05:44] > Technoblad7869 added x1 §x§E§5§1§B§1§B§lDracula Chestplate in auction for 150000.
[00:05:57] > Technoblad7869 added x1 §x§F§F§3§E§0§0§lDemon Lord Wings in auction for 3500000.
[00:07:29] > Johng10910 added x6 Netherite upgrade smithing template in auction for 300000.
[00:07:54] > .AyakoKoru buy x1 §x§E§5§1§B§1§B§lDracula Chestplate to Technoblad7869 for $150,000.
[00:09:12] > Johng10910 remove x5 Netherite ingot from storage
[00:09:13] > .AyakoKoru buy x1 Red shulker box to celinesanrio for $300,000.
[00:09:30] > .AyakoKoru remove x1 §x§E§5§1§B§1§B§lDracula Chestplate from buy
[00:09:32] > .AyakoKoru remove x1 Red shulker box from buy
[00:09:33] > Johng10910 added x6 Netherite ingot in auction for 1500000.
[00:10:13] > Johng10910 added x12 Shulker shell in auction for 300000.
[00:10:31] > .SharkyisHungry remove x1 Enchanted book from storage
[00:11:17] > Johng10910 remove x64 Firework rocket from storage
[00:11:18] > Johng10910 remove x64 Firework rocket from storage
[00:11:30] > Johng10910 added x1 §f§l§x§F§A§0§0§0§AD§x§F§A§2§3§1§8a§x§F§B§4§5§2§5r§x§F§B§6§8§3§3k§x§F§B§8§B§4§1f§x§F§C§A§D§4§El§x§F§C§D§0§5§Ca§x§F§C§A§D§4§Em§x§F§B§8§B§4§1e§x§F§B§6§8§3§3 §x§F§B§4§5§2§5H§x§F§A§2§3§1§8a§x§F§A§0§0§0§At in auction for 150000.
[00:14:10] > Raylii remove x1 §eᴄʜɪᴄᴋᴇɴ sᴘᴀᴡɴᴇʀ from buy
[00:14:11] > Raylii remove x1 §esʜᴇᴇᴘ sᴘᴀᴡɴᴇʀ from buy
[00:14:11] > Raylii remove x1 §eᴘɪɢ sᴘᴀᴡɴᴇʀ from buy
[00:15:07] > .AyakoKoru buy x1 §x§E§5§1§B§1§B§lDracula Boots to JullianHuH for $150,000.
[00:15:29] > .AyakoKoru buy x1 §eᴘɪɢ sᴘᴀᴡɴᴇʀ to .SharkyisHungry for $100,000.
[00:17:32] > Technoblad7869 remove x1 §x§F§F§3§E§0§0§lDemon Lord Wings from storage
[00:22:31] > Kyslee buy x1 §f§l§x§F§A§0§0§0§AD§x§F§A§2§3§1§8a§x§F§B§4§5§2§5r§x§F§B§6§8§3§3k§x§F§B§8§B§4§1f§x§F§C§A§D§4§El§x§F§C§D§0§5§Ca§x§F§C§A§D§4§Em§x§F§B§8§B§4§1e§x§F§B§6§8§3§3 §x§F§B§4§5§2§5H§x§F§A§2§3§1§8a§x§F§A§0§0§0§At to Johng10910 for $150,000.
[00:22:37] > Kyslee remove x1 §f§l§x§F§A§0§0§0§AD§x§F§A§2§3§1§8a§x§F§B§4§5§2§5r§x§F§B§6§8§3§3k§x§F§B§8§B§4§1f§x§F§C§A§D§4§El§x§F§C§D§0§5§Ca§x§F§C§A§D§4§Em§x§F§B§8§B§4§1e§x§F§B§6§8§3§3 §x§F§B§4§5§2§5H§x§F§A§2§3§1§8a§x§F§A§0§0§0§At from buy
[00:29:58] > Kyslee buy x1 §x§F§F§3§E§0§0§lD§x§F§F§3§6§0§0§le§x§F§F§2§F§0§0§lm§x§F§F§2§7§0§0§lo§x§F§F§1§F§0§0§ln §x§F§F§1§0§0§0§lL§x§F§F§0§8§0§0§lo§x§F§F§0§0§0§0§lr§x§F§F§0§9§0§0§ld §x§F§F§1§B§0§0§lB§x§F§F§2§3§0§0§lo§x§F§F§2§C§0§0§lo§x§F§F§3§5§0§0§lt§x§F§F§3§E§0§0§ls to CeeJaiye for $500,000.
[00:30:11] > Kyslee remove x1 §x§F§F§3§E§0§0§lD§x§F§F§3§6§0§0§le§x§F§F§2§F§0§0§lm§x§F§F§2§7§0§0§lo§x§F§F§1§F§0§0§ln §x§F§F§1§0§0§0§lL§x§F§F§0§8§0§0§lo§x§F§F§0§0§0§0§lr§x§F§F§0§9§0§0§ld §x§F§F§1§B§0§0§lB§x§F§F§2§3§0§0§lo§x§F§F§2§C§0§0§lo§x§F§F§3§5§0§0§lt§x§F§F§3§E§0§0§ls from buy
[00:46:25] > Technoblad7869 added x1 §x§F§F§3§E§0§0§lDemon Lord Wings in auction for 3500000.
[00:48:20] > lorxie added x1 §esᴋᴇʟᴇᴛᴏɴ sᴘᴀᴡɴᴇʀ in auction for 400000.
[00:48:23] > grit_zy buy x1 §esᴋᴇʟᴇᴛᴏɴ sᴘᴀᴡɴᴇʀ to lorxie for $400,000.
[00:48:28] > grit_zy remove x1 §esᴋᴇʟᴇᴛᴏɴ sᴘᴀᴡɴᴇʀ from buy
[00:49:01] > lorxie added x1 §eᴡɪᴛᴄʜ ꜱᴘᴀᴡɴᴇʀ in auction for 1000000.
[00:59:59] > .SharkyisHungry added x2 §x§5§C§C§F§F§C§lC§x§5§C§D§1§F§5§lo§x§5§D§D§4§E§E§ls§x§5§D§D§6§E§7§lm§x§5§E§D§9§E§1§le§x§5§E§D§B§D§A§lt§x§5§E§D§D§D§3§li§x§5§F§E§0§C§C§lc §x§5§F§E§0§C§C§lH§x§5§E§D§D§D§3§la§x§5§E§D§B§D§A§lt§x§5§E§D§9§E§1§ls §x§5§D§D§4§E§E§lK§x§5§C§D§1§F§5§le§x§5§C§C§F§F§C§ly in auction for 75000.
[01:00:11] > Unforce01 added x1 §fAdventure Hat in auction for 1000.
[01:00:18] > Abbadex added x1 §f§l§x§F§A§0§0§0§AD§x§F§A§1§E§1§6a§x§F§B§3§B§2§1r§x§F§B§5§9§2§Dk§x§F§B§7§7§3§9f§x§F§B§9§5§4§5l§x§F§C§B§2§5§0a§x§F§C§D§0§5§Cm§x§F§C§B§2§5§0e§x§F§B§9§5§4§5 §x§F§B§7§7§3§9S§x§F§B§5§9§2§Dw§x§F§B§3§B§2§1o§x§F§A§1§E§1§6r§x§F§A§0§0§0§Ad in auction for 500000.
[01:02:51] > lorxie added x1 §eɪʀᴏɴ ɢᴏʟᴇᴍ sᴘᴀᴡɴᴇʀ in auction for 950000.
[01:06:03] > x1 Splash potion on sale by Alexfromhere has just expired, it goes in the inventory of expired items.
[01:06:03] > x1 Splash potion on sale by Alexfromhere has just expired, it goes in the inventory of expired items.
[01:24:35] > ManePear__ buy x1 Enchanted book to mae for $2,000,000.
[01:27:30] > ManePear__ remove x1 §fHorns from buy
[01:27:45] > ManePear__ remove x1 Enchanted book from buy
[01:28:52] > Cynishere buy x2 §x§5§C§C§F§F§C§lC§x§5§C§D§1§F§5§lo§x§5§D§D§4§E§E§ls§x§5§D§D§6§E§7§lm§x§5§E§D§9§E§1§le§x§5§E§D§B§D§A§lt§x§5§E§D§D§D§3§li§x§5§F§E§0§C§C§lc §x§5§F§E§0§C§C§lH§x§5§E§D§D§D§3§la§x§5§E§D§B§D§A§lt§x§5§E§D§9§E§1§ls §x§5§D§D§4§E§E§lK§x§5§C§D§1§F§5§le§x§5§C§C§F§F§C§ly to .SharkyisHungry for $75,000.
[01:29:06] > Cynishere buy x3 §x§5§C§C§F§F§C§lC§x§5§C§D§1§F§5§lo§x§5§D§D§4§E§E§ls§x§5§D§D§6§E§7§lm§x§5§E§D§9§E§1§le§x§5§E§D§B§D§A§lt§x§5§E§D§D§D§3§li§x§5§F§E§0§C§C§lc §x§5§F§E§0§C§C§lH§x§5§E§D§D§D§3§la§x§5§E§D§B§D§A§lt§x§5§E§D§9§E§1§ls §x§5§D§D§4§E§E§lK§x§5§C§D§1§F§5§le§x§5§C§C§F§F§C§ly to Takeremu for $240,000.
[01:29:11] > Cynishere buy x2 §x§5§C§C§F§F§C§lC§x§5§C§D§1§F§5§lo§x§5§D§D§4§E§E§ls§x§5§D§D§6§E§7§lm§x§5§E§D§9§E§1§le§x§5§E§D§B§D§A§lt§x§5§E§D§D§D§3§li§x§5§F§E§0§C§C§lc §x§5§F§E§0§C§C§lH§x§5§E§D§D§D§3§la§x§5§E§D§B§D§A§lt§x§5§E§D§9§E§1§ls §x§5§D§D§4§E§E§lK§x§5§C§D§1§F§5§le§x§5§C§C§F§F§C§ly to SP3CC_ for $200,000.
[01:29:20] > Cynishere buy x1 §x§5§C§C§F§F§C§lC§x§5§C§D§1§F§5§lo§x§5§D§D§4§E§E§ls§x§5§D§D§6§E§7§lm§x§5§E§D§9§E§1§le§x§5§E§D§B§D§A§lt§x§5§E§D§D§D§3§li§x§5§F§E§0§C§C§lc §x§5§F§E§0§C§C§lH§x§5§E§D§D§D§3§la§x§5§E§D§B§D§A§lt§x§5§E§D§9§E§1§ls §x§5§D§D§4§E§E§lK§x§5§C§D§1§F§5§le§x§5§C§C§F§F§C§ly to ELITEAtlas for $50,000.
[01:29:23] > Cynishere buy x1 §x§5§C§C§F§F§C§lC§x§5§C§D§1§F§5§lo§x§5§D§D§4§E§E§ls§x§5§D§D§6§E§7§lm§x§5§E§D§9§E§1§le§x§5§E§D§B§D§A§lt§x§5§E§D§D§D§3§li§x§5§F§E§0§C§C§lc §x§5§F§E§0§C§C§lH§x§5§E§D§D§D§3§la§x§5§E§D§B§D§A§lt§x§5§E§D§9§E§1§ls §x§5§D§D§4§E§E§lK§x§5§C§D§1§F§5§le§x§5§C§C§F§F§C§ly to SP3CC_ for $100,000.
[01:30:00] > Cynishere buy x1 §x§5§C§C§F§F§C§lC§x§5§C§D§1§F§5§lo§x§5§D§D§4§E§E§ls§x§5§D§D§6§E§7§lm§x§5§E§D§9§E§1§le§x§5§E§D§B§D§A§lt§x§5§E§D§D§D§3§li§x§5§F§E§0§C§C§lc §x§5§F§E§0§C§C§lH§x§5§E§D§D§D§3§la§x§5§E§D§B§D§A§lt§x§5§E§D§9§E§1§ls §x§5§D§D§4§E§E§lK§x§5§C§D§1§F§5§le§x§5§C§C§F§F§C§ly to ELITEAtlas for $200,000.
[01:30:04] > Cynishere remove x2 §x§5§C§C§F§F§C§lC§x§5§C§D§1§F§5§lo§x§5§D§D§4§E§E§ls§x§5§D§D§6§E§7§lm§x§5§E§D§9§E§1§le§x§5§E§D§B§D§A§lt§x§5§E§D§D§D§3§li§x§5§F§E§0§C§C§lc §x§5§F§E§0§C§C§lH§x§5§E§D§D§D§3§la§x§5§E§D§B§D§A§lt§x§5§E§D§9§E§1§ls §x§5§D§D§4§E§E§lK§x§5§C§D§1§F§5§le§x§5§C§C§F§F§C§ly from buy
[01:30:05] > Cynishere remove x3 §x§5§C§C§F§F§C§lC§x§5§C§D§1§F§5§lo§x§5§D§D§4§E§E§ls§x§5§D§D§6§E§7§lm§x§5§E§D§9§E§1§le§x§5§E§D§B§D§A§lt§x§5§E§D§D§D§3§li§x§5§F§E§0§C§C§lc §x§5§F§E§0§C§C§lH§x§5§E§D§D§D§3§la§x§5§E§D§B§D§A§lt§x§5§E§D§9§E§1§ls §x§5§D§D§4§E§E§lK§x§5§C§D§1§F§5§le§x§5§C§C§F§F§C§ly from buy
[01:30:05] > Cynishere remove x2 §x§5§C§C§F§F§C§lC§x§5§C§D§1§F§5§lo§x§5§D§D§4§E§E§ls§x§5§D§D§6§E§7§lm§x§5§E§D§9§E§1§le§x§5§E§D§B§D§A§lt§x§5§E§D§D§D§3§li§x§5§F§E§0§C§C§lc §x§5§F§E§0§C§C§lH§x§5§E§D§D§D§3§la§x§5§E§D§B§D§A§lt§x§5§E§D§9§E§1§ls §x§5§D§D§4§E§E§lK§x§5§C§D§1§F§5§le§x§5§C§C§F§F§C§ly from buy
[01:30:05] > Cynishere remove x1 §x§5§C§C§F§F§C§lC§x§5§C§D§1§F§5§lo§x§5§D§D§4§E§E§ls§x§5§D§D§6§E§7§lm§x§5§E§D§9§E§1§le§x§5§E§D§B§D§A§lt§x§5§E§D§D§D§3§li§x§5§F§E§0§C§C§lc §x§5§F§E§0§C§C§lH§x§5§E§D§D§D§3§la§x§5§E§D§B§D§A§lt§x§5§E§D§9§E§1§ls §x§5§D§D§4§E§E§lK§x§5§C§D§1§F§5§le§x§5§C§C§F§F§C§ly from buy
[01:30:05] > Cynishere remove x1 §x§5§C§C§F§F§C§lC§x§5§C§D§1§F§5§lo§x§5§D§D§4§E§E§ls§x§5§D§D§6§E§7§lm§x§5§E§D§9§E§1§le§x§5§E§D§B§D§A§lt§x§5§E§D§D§D§3§li§x§5§F§E§0§C§C§lc §x§5§F§E§0§C§C§lH§x§5§E§D§D§D§3§la§x§5§E§D§B§D§A§lt§x§5§E§D§9§E§1§ls §x§5§D§D§4§E§E§lK§x§5§C§D§1§F§5§le§x§5§C§C§F§F§C§ly from buy
[01:30:05] > Cynishere remove x1 §x§5§C§C§F§F§C§lC§x§5§C§D§1§F§5§lo§x§5§D§D§4§E§E§ls§x§5§D§D§6§E§7§lm§x§5§E§D§9§E§1§le§x§5§E§D§B§D§A§lt§x§5§E§D§D§D§3§li§x§5§F§E§0§C§C§lc §x§5§F§E§0§C§C§lH§x§5§E§D§D§D§3§la§x§5§E§D§B§D§A§lt§x§5§E§D§9§E§1§ls §x§5§D§D§4§E§E§lK§x§5§C§D§1§F§5§le§x§5§C§C§F§F§C§ly from buy
[01:30:43] > namerikangel added x1 Splash potion in auction for 100.
[01:36:15] > VortexZayne added x1 Enchanted book in auction for 250000.
[01:36:49] > VortexZayne added x1 Enchanted book in auction for 300.
[01:37:01] > VortexZayne remove x1 Enchanted book from storage
[01:37:12] > VortexZayne added x1 Enchanted book in auction for 300000.
[01:49:56] > PrinceBGC added x1 Enchanted book in auction for 2000.
[01:50:04] > VortexZayne remove x1 Enchanted book from storage
[01:50:08] > VortexZayne buy x1 Enchanted book to PrinceBGC for $2,000.
[01:51:42] > PrinceBGC added x1 Enchanted book in auction for 2000.
[01:51:47] > VortexZayne buy x1 Enchanted book to PrinceBGC for $2,000.
[01:51:52] > PrinceBGC added x1 Enchanted book in auction for 2000.
[01:51:56] > VortexZayne buy x1 Enchanted book to PrinceBGC for $2,000.
[01:52:03] > PrinceBGC added x1 Enchanted book in auction for 2000.
[01:52:06] > VortexZayne buy x1 Enchanted book to PrinceBGC for $2,000.
[01:52:15] > PrinceBGC added x1 Enchanted book in auction for 2000.
[01:52:18] > VortexZayne buy x1 Enchanted book to PrinceBGC for $2,000.
[01:52:27] > PrinceBGC added x1 Enchanted book in auction for 2000.
[01:52:29] > VortexZayne buy x1 Enchanted book to PrinceBGC for $2,000.
[01:59:20] > VortexZayne added x1 §x§F§F§7§C§0§0§lSteamsparks Wings in auction for 100000.
[01:59:30] > VortexZayne added x1 §x§F§F§3§E§0§0§lD§x§F§F§3§6§0§0§le§x§F§F§2§F§0§0§lm§x§F§F§2§7§0§0§lo§x§F§F§1§F§0§0§ln §x§F§F§1§0§0§0§lL§x§F§F§0§8§0§0§lo§x§F§F§0§0§0§0§lr§x§F§F§0§9§0§0§ld §x§F§F§1§B§0§0§lS§x§F§F§2§3§0§0§lt§x§F§F§2§C§0§0§la§x§F§F§3§5§0§0§lf§x§F§F§3§E§0§0§lf in auction for 100000.
[02:00:05] > VortexZayne added x1 §f§l§8B§x§6§0§6§0§6§0a§x§6§C§6§C§6§Ch§x§7§7§7§7§7§7a§x§8§2§8§2§8§2m§x§8§E§8§E§8§Eu§x§9§9§9§9§9§9t§x§A§4§A§4§A§4 G§x§9§9§9§9§9§9a§x§8§E§8§E§8§Eu§x§8§2§8§2§8§2n§x§7§7§7§7§7§7t§x§6§C§6§C§6§Cl§x§6§0§6§0§6§0e§8t in auction for 150000.
[02:00:10] > Cynishere buy x1 §f§l§8B§x§6§0§6§0§6§0a§x§6§C§6§C§6§Ch§x§7§7§7§7§7§7a§x§8§2§8§2§8§2m§x§8§E§8§E§8§Eu§x§9§9§9§9§9§9t§x§A§4§A§4§A§4 G§x§9§9§9§9§9§9a§x§8§E§8§E§8§Eu§x§8§2§8§2§8§2n§x§7§7§7§7§7§7t§x§6§C§6§C§6§Cl§x§6§0§6§0§6§0e§8t to VortexZayne for $150,000.
[02:12:25] > VortexZayne remove x1 Enchanted book from buy
[02:12:25] > VortexZayne remove x1 Enchanted book from buy
[02:12:26] > VortexZayne remove x1 Enchanted book from buy
[02:12:26] > VortexZayne remove x1 Enchanted book from buy
[02:12:26] > VortexZayne remove x1 Enchanted book from buy
[02:12:27] > VortexZayne remove x1 Enchanted book from buy
[02:46:02] > baba buy x1 §x§F§F§7§C§0§0§lSteamsparks Wings to VortexZayne for $100,000.
[02:46:15] > baba remove x1 All items restocked at /pwarp warp MysticMarket from storage
[02:46:36] > .AyakoKoru buy x12 §x§F§C§9§0§5§C§lE§x§E§6§9§C§6§B§lp§x§C§F§A§7§7§A§li§x§B§9§B§3§8§9§lc §x§8§C§C§B§A§7§lC§x§7§5§D§6§B§6§lr§x§5§F§E§2§C§5§la§x§7§9§D§4§B§4§lt§x§9§3§C§7§A§2§le §x§C§8§A§B§7§F§lK§x§E§2§9§E§6§E§le§x§F§C§9§0§5§C§ly to .SharkyisHungry for $246,810.
[02:47:17] > Cynishere remove x1 §f§l§8B§x§6§0§6§0§6§0a§x§6§C§6§C§6§Ch§x§7§7§7§7§7§7a§x§8§2§8§2§8§2m§x§8§E§8§E§8§Eu§x§9§9§9§9§9§9t§x§A§4§A§4§A§4 G§x§9§9§9§9§9§9a§x§8§E§8§E§8§Eu§x§8§2§8§2§8§2n§x§7§7§7§7§7§7t§x§6§C§6§C§6§Cl§x§6§0§6§0§6§0e§8t from buy
[02:47:24] > baba remove x36 Experience bottle from buy
[02:47:24] > baba remove x36 Experience bottle from buy
[02:47:25] > baba remove x36 Experience bottle from buy
[02:47:25] > baba remove x36 Experience bottle from buy
[02:47:26] > baba remove x36 Experience bottle from buy
[02:47:26] > baba remove x1 §x§F§F§7§C§0§0§lSteamsparks Wings from buy
[02:47:37] > .AyakoKoru remove x1 §x§E§5§1§B§1§B§lDracula Boots from buy
[02:47:39] > .AyakoKoru remove x12 §x§F§C§9§0§5§C§lE§x§E§6§9§C§6§B§lp§x§C§F§A§7§7§A§li§x§B§9§B§3§8§9§lc §x§8§C§C§B§A§7§lC§x§7§5§D§6§B§6§lr§x§5§F§E§2§C§5§la§x§7§9§D§4§B§4§lt§x§9§3§C§7§A§2§le §x§C§8§A§B§7§F§lK§x§E§2§9§E§6§E§le§x§F§C§9§0§5§C§ly from buy
[02:47:40] > .AyakoKoru remove x1 §eᴘɪɢ sᴘᴀᴡɴᴇʀ from buy
[02:50:46] > baba added x1 §x§F§F§7§C§0§0§lSteamsparks Wings in auction for 110000.
[02:53:54] > baba remove x1 §x§F§F§3§E§0§0§lD§x§F§F§3§5§0§0§le§x§F§F§2§C§0§0§lm§x§F§F§2§3§0§0§lo§x§F§F§1§B§0§0§ln §x§F§F§0§9§0§0§lL§x§F§F§0§0§0§0§lo§x§F§F§0§A§0§0§lr§x§F§F§1§5§0§0§ld §x§F§F§2§9§0§0§lH§x§F§F§3§4§0§0§lo§x§F§F§3§E§0§0§le from storage
[02:54:08] > baba added x1 ExpBottles restocked ./pwarp warp MysticShop in auction for 10000000000.
[02:59:21] > .AyakoKoru buy x1 Diamond helmet to BlueTea_Official for $200,000.
[02:59:34] > .AyakoKoru buy x1 §eᴘɪɢ sᴘᴀᴡɴᴇʀ to .SharkyisHungry for $160,000.
[02:59:42] > .AyakoKoru buy x1 §eᴘɪɢ sᴘᴀᴡɴᴇʀ to Zypher_0w0 for $180,000.
[03:00:24] > .AyakoKoru buy x1 §eᴘɪɢ sᴘᴀᴡɴᴇʀ to .SharkyisHungry for $170,000.
[03:00:34] > .AyakoKoru remove x1 Diamond helmet from buy
[03:00:35] > .AyakoKoru remove x1 §eᴘɪɢ sᴘᴀᴡɴᴇʀ from buy
[03:00:36] > .AyakoKoru remove x1 §eᴘɪɢ sᴘᴀᴡɴᴇʀ from buy
[03:00:38] > .AyakoKoru remove x1 §eᴘɪɢ sᴘᴀᴡɴᴇʀ from buy
[03:05:53] > .AyakoKoru buy x1 §esʜᴇᴇᴘ sᴘᴀᴡɴᴇʀ to Keenorana for $200,000.
[03:06:05] > .AyakoKoru remove x1 §esʜᴇᴇᴘ sᴘᴀᴡɴᴇʀ from buy
[03:19:58] > .AyakoKoru buy x1 §x§F§0§7§A§5§4§lZombie Apocalyptic Big Sword to .SharkyisHungry for $677,777.
[03:20:10] > .AyakoKoru remove x1 §x§F§0§7§A§5§4§lZombie Apocalyptic Big Sword from buy
[04:07:36] > mae remove x1 §x§5§9§A§1§D§9§lA§x§6§B§A§B§D§Dr§x§7§E§B§6§E§1c§x§9§0§C§0§E§6h§x§A§3§C§B§E§Aa§x§B§5§D§5§E§En§x§C§8§E§0§F§2g§x§D§A§E§A§F§7e§x§E§D§F§5§F§Bl §x§E§A§F§3§F§AL§x§D§6§E§8§F§6e§x§C§1§D§C§F§1g§x§A§C§D§0§E§Cg§x§9§7§C§4§E§7i§x§8§3§B§9§E§3n§x§6§E§A§D§D§Eg§x§5§9§A§1§D§9s from storage
[04:07:37] > mae remove x1 §x§5§9§A§1§D§9§lA§x§6§A§A§A§D§Dr§x§7§A§B§4§E§1c§x§8§B§B§D§E§4h§x§9§B§C§7§E§8a§x§A§C§D§0§E§Cn§x§B§D§D§9§F§0g§x§C§D§E§3§F§4e§x§D§E§E§C§F§7l §fC§x§E§D§F§5§F§Bh§x§D§A§E§A§F§7e§x§C§8§E§0§F§2s§x§B§5§D§5§E§Et§x§A§3§C§B§E§Ap§x§9§0§C§0§E§6l§x§7§E§B§6§E§1a§x§6§B§A§B§D§Dt§x§5§9§A§1§D§9e from storage
[04:07:39] > mae remove x1 §x§5§9§A§1§D§9§lA§x§6§B§A§B§D§Dr§x§7§E§B§6§E§1c§x§9§0§C§0§E§6h§x§A§3§C§B§E§Aa§x§B§5§D§5§E§En§x§C§8§E§0§F§2g§x§D§A§E§A§F§7e§x§E§D§F§5§F§Bl §x§E§A§F§3§F§AL§x§D§6§E§8§F§6e§x§C§1§D§C§F§1g§x§A§C§D§0§E§Cg§x§9§7§C§4§E§7i§x§8§3§B§9§E§3n§x§6§E§A§D§D§Eg§x§5§9§A§1§D§9s from storage
[04:07:55] > mae added x1 §x§5§9§A§1§D§9§lA§x§6§B§A§B§D§Dr§x§7§E§B§6§E§1c§x§9§0§C§0§E§6h§x§A§3§C§B§E§Aa§x§B§5§D§5§E§En§x§C§8§E§0§F§2g§x§D§A§E§A§F§7e§x§E§D§F§5§F§Bl §x§E§A§F§3§F§AL§x§D§6§E§8§F§6e§x§C§1§D§C§F§1g§x§A§C§D§0§E§Cg§x§9§7§C§4§E§7i§x§8§3§B§9§E§3n§x§6§E§A§D§D§Eg§x§5§9§A§1§D§9s in auction for 1500000.
[04:09:07] > mae added x1 §x§5§9§A§1§D§9§lA§x§6§B§A§B§D§Dr§x§7§E§B§6§E§1c§x§9§0§C§0§E§6h§x§A§3§C§B§E§Aa§x§B§5§D§5§E§En§x§C§8§E§0§F§2g§x§D§A§E§A§F§7e§x§E§D§F§5§F§Bl §x§E§A§F§3§F§AL§x§D§6§E§8§F§6e§x§C§1§D§C§F§1g§x§A§C§D§0§E§Cg§x§9§7§C§4§E§7i§x§8§3§B§9§E§3n§x§6§E§A§D§D§Eg§x§5§9§A§1§D§9s in auction for 1000000.
[04:09:31] > mae added x1 §x§5§9§A§1§D§9§lA§x§6§A§A§A§D§Dr§x§7§A§B§4§E§1c§x§8§B§B§D§E§4h§x§9§B§C§7§E§8a§x§A§C§D§0§E§Cn§x§B§D§D§9§F§0g§x§C§D§E§3§F§4e§x§D§E§E§C§F§7l §fC§x§E§D§F§5§F§Bh§x§D§A§E§A§F§7e§x§C§8§E§0§F§2s§x§B§5§D§5§E§Et§x§A§3§C§B§E§Ap§x§9§0§C§0§E§6l§x§7§E§B§6§E§1a§x§6§B§A§B§D§Dt§x§5§9§A§1§D§9e in auction for 1500000.
[05:05:03] > .AyakoKoru buy x1 §esʜᴇᴇᴘ sᴘᴀᴡɴᴇʀ to kabayooo for $250,000.
[05:05:37] > .AyakoKoru buy x1 §eᴄʜɪᴄᴋᴇɴ sᴘᴀᴡɴᴇʀ to Shanksssuuuu for $500,000.
[05:05:51] > .AyakoKoru remove x1 §esʜᴇᴇᴘ sᴘᴀᴡɴᴇʀ from buy
[05:05:53] > .AyakoKoru remove x1 §eᴄʜɪᴄᴋᴇɴ sᴘᴀᴡɴᴇʀ from buy
[05:09:45] > .AyakoKoru buy x1 Black shulker box to celinesanrio for $240,000.
[05:09:58] > .AyakoKoru remove x1 Black shulker box from buy
[05:54:10] > Pewpew added x1 §fButterfly Hat in auction for 10000.
[05:56:46] > Takeremu added x1 §x§F§F§3§E§0§0§lD§x§F§F§3§5§0§0§le§x§F§F§2§C§0§0§lm§x§F§F§2§3§0§0§lo§x§F§F§1§B§0§0§ln §x§F§F§0§9§0§0§lL§x§F§F§0§0§0§0§lo§x§F§F§0§A§0§0§lr§x§F§F§1§5§0§0§ld §x§F§F§2§9§0§0§lK§x§F§F§3§4§0§0§le§x§F§F§3§E§0§0§ly in auction for 250000.
[06:13:15] > baba remove x1 §x§F§F§7§C§0§0§lSteamsparks Wings from storage
[06:13:50] > baba added x1 §x§F§F§7§C§0§0§lSteamsparks Wings in auction for 150000.
[06:54:50] > MrGh0st1y buy x1 §x§F§F§7§C§0§0§lSteamsparks Wings to baba for $150,000.
[06:55:33] > MrGh0st1y remove x1 §fRabbit Plushie (Salt & Pepper) §6(#73/101) from storage
[06:55:34] > MrGh0st1y remove x1 §fRabbit Plushie §6(#69/101) from storage
[06:55:34] > MrGh0st1y remove x1 §fParrot Plushie (Gray) §6(#60/101) from storage
[06:55:35] > MrGh0st1y remove x1 §fPillager Plushie §6(#66/101) from storage
[06:55:43] > MrGh0st1y added x1 §fRabbit Plushie (Salt & Pepper) §6(#73/101) in auction for 400000.
[06:55:53] > MrGh0st1y added x1 §fPillager Plushie §6(#66/101) in auction for 400000.
[06:56:11] > MrGh0st1y added x1 §fParrot Plushie (Gray) §6(#60/101) in auction for 400000.
[06:56:29] > MrGh0st1y added x1 §fRabbit Plushie §6(#69/101) in auction for 400000.
[07:15:12] > Takeremu added x1 Enchanted book in auction for 2500.
[07:15:24] > Takeremu added x1 Enchanted book in auction for 2500.
[07:15:35] > Takeremu added x1 Enchanted book in auction for 2500.
[07:16:57] > mauserdart buy x1 §x§5§9§A§1§D§9§lA§x§6§A§A§A§D§Dr§x§7§A§B§4§E§1c§x§8§B§B§D§E§4h§x§9§B§C§7§E§8a§x§A§C§D§0§E§Cn§x§B§D§D§9§F§0g§x§C§D§E§3§F§4e§x§D§E§E§C§F§7l §fC§x§E§D§F§5§F§Bh§x§D§A§E§A§F§7e§x§C§8§E§0§F§2s§x§B§5§D§5§E§Et§x§A§3§C§B§E§Ap§x§9§0§C§0§E§6l§x§7§E§B§6§E§1a§x§6§B§A§B§D§Dt§x§5§9§A§1§D§9e to mae for $1,500,000.
[07:17:04] > mauserdart remove x1 §x§5§9§A§1§D§9§lA§x§6§A§A§A§D§Dr§x§7§A§B§4§E§1c§x§8§B§B§D§E§4h§x§9§B§C§7§E§8a§x§A§C§D§0§E§Cn§x§B§D§D§9§F§0g§x§C§D§E§3§F§4e§x§D§E§E§C§F§7l §fC§x§E§D§F§5§F§Bh§x§D§A§E§A§F§7e§x§C§8§E§0§F§2s§x§B§5§D§5§E§Et§x§A§3§C§B§E§Ap§x§9§0§C§0§E§6l§x§7§E§B§6§E§1a§x§6§B§A§B§D§Dt§x§5§9§A§1§D§9e from buy
[07:27:29] > MrZyrus7228 remove x11 Cooked beef from storage
[07:27:33] > MrZyrus7228 remove x1 Enchanted golden apple from storage
[07:47:58] > Quibz added x1 §x§F§F§3§E§0§0§lD§x§F§F§3§7§0§0§le§x§F§F§3§0§0§0§lm§x§F§F§2§9§0§0§lo§x§F§F§2§2§0§0§ln §x§F§F§1§5§0§0§lL§x§F§F§0§E§0§0§lo§x§F§F§0§7§0§0§lr§x§F§F§0§0§0§0§ld §x§F§F§1§0§0§0§lP§x§F§F§1§7§0§0§li§x§F§F§1§F§0§0§lc§x§F§F§2§7§0§0§lk§x§F§F§2§F§0§0§la§x§F§F§3§6§0§0§lx§x§F§F§3§E§0§0§le in auction for 200000.
[07:48:08] > Quibz added x1 §x§F§F§3§E§0§0§lD§x§F§F§3§5§0§0§le§x§F§F§2§C§0§0§lm§x§F§F§2§3§0§0§lo§x§F§F§1§B§0§0§ln §x§F§F§0§9§0§0§lL§x§F§F§0§0§0§0§lo§x§F§F§0§A§0§0§lr§x§F§F§1§5§0§0§ld §x§F§F§2§9§0§0§lH§x§F§F§3§4§0§0§lo§x§F§F§3§E§0§0§le in auction for 100000.
[07:55:46] > DanRaiv remove x1 §x§F§0§7§A§5§4§lZombie Apocalyptic Hammer from storage
[07:55:47] > DanRaiv remove x1 §x§F§F§3§E§0§0§lDemon Lord Wings from storage
[07:55:54] > DanRaiv added x1 §x§F§F§3§E§0§0§lDemon Lord Wings in auction for 3000000.
[07:56:49] > lorxie remove x1 §eɪʀᴏɴ ɢᴏʟᴇᴍ sᴘᴀᴡɴᴇʀ form storage
[07:56:49] > lorxie remove x1 §eᴡɪᴛᴄʜ ꜱᴘᴀᴡɴᴇʀ form storage
[07:57:14] > lorxie added x1 §eᴡɪᴛᴄʜ ꜱᴘᴀᴡɴᴇʀ in auction for 950000.
[07:57:14] > x1 §x§F§F§3§E§0§0§lD§x§F§F§3§6§0§0§le§x§F§F§2§F§0§0§lm§x§F§F§2§7§0§0§lo§x§F§F§1§F§0§0§ln §x§F§F§1§0§0§0§lL§x§F§F§0§8§0§0§lo§x§F§F§0§0§0§0§lr§x§F§F§0§9§0§0§ld §x§F§F§1§B§0§0§lS§x§F§F§2§3§0§0§lp§x§F§F§2§C§0§0§le§x§F§F§3§5§0§0§la§x§F§F§3§E§0§0§lr on sale by MrGh0st1y has just expired, it goes in the inventory of expired items.
[07:57:31] > lorxie remove x1 §eᴡɪᴛᴄʜ ꜱᴘᴀᴡɴᴇʀ from storage
[07:57:42] > lorxie added x1 §eᴡɪᴛᴄʜ ꜱᴘᴀᴡɴᴇʀ in auction for 1000000.
[07:57:57] > lorxie added x1 §eɪʀᴏɴ ɢᴏʟᴇᴍ sᴘᴀᴡɴᴇʀ in auction for 900000.
[07:58:03] > DefinitelyHani buy x1 §eɪʀᴏɴ ɢᴏʟᴇᴍ sᴘᴀᴡɴᴇʀ to lorxie for $900,000.
[07:58:55] > HwanYo buy x1 §eᴡɪᴛᴄʜ ꜱᴘᴀᴡɴᴇʀ to lorxie for $1,000,000.
[07:58:58] > HwanYo buy x1 §eᴡɪᴛᴄʜ ꜱᴘᴀᴡɴᴇʀ to Sanchay for $2,000,000.
[07:59:21] > HwanYo remove x1 §eᴡɪᴛᴄʜ ꜱᴘᴀᴡɴᴇʀ from buy
[07:59:21] > HwanYo remove x1 §eᴡɪᴛᴄʜ ꜱᴘᴀᴡɴᴇʀ from buy
[08:04:40] > HwanYo added x64 Experience bottle in auction for 130000.
[08:04:51] > HwanYo added x63 Experience bottle in auction for 100000.
[08:07:21] > ItsMeSakiii added x1 §x§5§9§A§1§D§9§lA§x§6§B§A§B§D§Dr§x§7§E§B§6§E§1c§x§9§0§C§0§E§6h§x§A§3§C§B§E§Aa§x§B§5§D§5§E§En§x§C§8§E§0§F§2g§x§D§A§E§A§F§7e§x§E§D§F§5§F§Bl §x§E§A§F§3§F§AL§x§D§6§E§8§F§6e§x§C§1§D§C§F§1g§x§A§C§D§0§E§Cg§x§9§7§C§4§E§7i§x§8§3§B§9§E§3n§x§6§E§A§D§D§Eg§x§5§9§A§1§D§9s in auction for 750000.
[08:09:26] > DanRaiv added x1 §eᴡɪᴛʜᴇʀ ꜱᴋᴇʟᴇᴛᴏɴ ꜱᴘᴀᴡɴᴇʀ in auction for 1000000.
[08:09:34] > HwanYo buy x1 §eᴡɪᴛʜᴇʀ ꜱᴋᴇʟᴇᴛᴏɴ ꜱᴘᴀᴡɴᴇʀ to DanRaiv for $1,000,000.
[08:10:18] > HwanYo remove x1 §eᴡɪᴛʜᴇʀ ꜱᴋᴇʟᴇᴛᴏɴ ꜱᴘᴀᴡɴᴇʀ from buy
[08:14:29] > Takeremu remove x20 §x§F§C§9§0§5§C§lE§x§E§6§9§C§6§B§lp§x§C§F§A§7§7§A§li§x§B§9§B§3§8§9§lc §x§8§C§C§B§A§7§lC§x§7§5§D§6§B§6§lr§x§5§F§E§2§C§5§la§x§7§9§D§4§B§4§lt§x§9§3§C§7§A§2§le §x§C§8§A§B§7§F§lK§x§E§2§9§E§6§E§le§x§F§C§9§0§5§C§ly from storage
[08:14:34] > Takeremu added x64 Experience bottle in auction for 100000.
[08:16:26] > DanRaiv remove x1 §x§F§F§3§E§0§0§lDemon Lord Wings from storage
[08:16:33] > DanRaiv added x1 §x§F§F§3§E§0§0§lDemon Lord Wings in auction for 2500000.
[08:17:47] > Takeremu remove x4 §x§C§9§A§7§F§C§lL§x§B§D§A§E§F§6§le§x§B§1§B§4§F§0§lg§x§A§6§B§B§E§A§le§x§9§A§C§1§E§4§ln§x§8§E§C§8§D§D§ld§x§8§2§C§E§D§7§la§x§7§7§D§5§D§1§lr§x§6§B§D§B§C§B§ly §x§6§B§D§B§C§B§lC§x§7§7§D§5§D§1§lr§x§8§2§C§E§D§7§la§x§8§E§C§8§D§D§lt§x§9§A§C§1§E§4§le §x§B§1§B§4§F§0§lK§x§B§D§A§E§F§6§le§x§C§9§A§7§F§C§ly from storage
[08:17:48] > Takeremu remove x4 §x§C§9§A§7§F§C§lL§x§B§D§A§E§F§6§le§x§B§1§B§4§F§0§lg§x§A§6§B§B§E§A§le§x§9§A§C§1§E§4§ln§x§8§E§C§8§D§D§ld§x§8§2§C§E§D§7§la§x§7§7§D§5§D§1§lr§x§6§B§D§B§C§B§ly §x§6§B§D§B§C§B§lC§x§7§7§D§5§D§1§lr§x§8§2§C§E§D§7§la§x§8§E§C§8§D§D§lt§x§9§A§C§1§E§4§le §x§B§1§B§4§F§0§lK§x§B§D§A§E§F§6§le§x§C§9§A§7§F§C§ly from storage
[08:17:48] > Takeremu remove x1 §x§F§F§3§E§0§0§lD§x§F§F§3§5§0§0§le§x§F§F§2§C§0§0§lm§x§F§F§2§3§0§0§lo§x§F§F§1§B§0§0§ln §x§F§F§0§9§0§0§lL§x§F§F§0§0§0§0§lo§x§F§F§0§A§0§0§lr§x§F§F§1§5§0§0§ld §x§F§F§2§9§0§0§lK§x§F§F§3§4§0§0§le§x§F§F§3§E§0§0§ly from storage
[08:17:51] > Takeremu added x64 Experience bottle in auction for 100000.
[08:20:36] > DanRaiv added x64 Shulker shell in auction for 100000.
[08:21:02] > DanRaiv buy x1 Splash potion to namerikangel for $100.
[08:21:57] > MrGh0st1y buy x64 Shulker shell to DanRaiv for $100,000.
[08:22:24] > MrGh0st1y remove x64 Shulker shell from buy
[08:22:26] > MrGh0st1y remove x1 §x§F§F§7§C§0§0§lSteamsparks Wings from buy
[08:22:28] > Quibz added x1 §x§E§5§1§B§1§B§lDracula Helmet in auction for 100000.
[08:22:39] > DanRaiv added x64 Shulker shell in auction for 500000.
[08:22:45] > HwanYo buy x64 Shulker shell to DanRaiv for $500,000.
[08:23:04] > DanRaiv added x64 Shulker shell in auction for 1000000.
[08:23:09] > Takeremu added x1 3 in 1 in auction for 10000.
[08:23:33] > DanRaiv added x16 Wither skeleton skull in auction for 399999.
[08:23:43] > .SharkyisHungry buy x1 3 in 1 to Takeremu for $10,000.
[08:26:07] > DefinitelyHani remove x1 §eᴄᴏᴡ sᴘᴀᴡɴᴇʀ from buy
[08:26:07] > DefinitelyHani remove x1 §eɪʀᴏɴ ɢᴏʟᴇᴍ sᴘᴀᴡɴᴇʀ from buy
[08:28:12] > sean_kirby added x4 Ominous bottle in auction for 10000.
[08:28:24] > DanRaiv buy x4 Ominous bottle to sean_kirby for $10,000.
[08:28:33] > DanRaiv remove x4 Ominous bottle from buy
[08:30:09] > .SharkyisHungry remove x1 Dried ghast form buy
[08:30:09] > .SharkyisHungry remove x1 §x§5§9§A§1§D§9§lA§x§7§1§A§E§D§Er§x§8§8§B§C§E§4c§x§A§0§C§9§E§9h§x§B§8§D§7§E§Fa§x§D§0§E§4§F§4n§x§E§7§F§2§F§Ag§fe§x§E§7§F§2§F§Al §x§B§8§D§7§E§FS§x§A§0§C§9§E§9w§x§8§8§B§C§E§4o§x§7§1§A§E§D§Er§x§5§9§A§1§D§9d form buy
[08:30:09] > .SharkyisHungry remove x1 3 in 1 form buy
[08:30:09] > .SharkyisHungry remove x1 §fShogun Pickaxe form buy
[08:50:50] > Artdeh buy x64 Sponge to mae for $1,000,000.
[08:50:54] > x1 panis na ulam, bought by MrGh0st1y, has just expired, the item is definitively deleted.
[08:50:54] > x1 panis na ulam, bought by MrGh0st1y, has just expired, the item is definitively deleted.
[08:50:55] > Artdeh remove x64 Sponge from buy
[09:12:26] > .AyakoKoru added x6 Brown egg in auction for 6000.
[09:14:02] > mauserdart added x1 Ominous bottle in auction for 850000.
[09:25:24] > DanRaiv added x1 Enchanted book in auction for 300000.
[09:25:31] > DanRaiv remove x16 Wither skeleton skull from storage
[09:25:31] > DanRaiv remove x64 Shulker shell from storage
[09:28:51] > monggol added x1 §x§E§5§1§B§1§B§lDracula Dagger in auction for 100000.
[09:29:40] > monggol added x1 §x§F§F§3§E§0§0§lD§x§F§F§3§6§0§0§le§x§F§F§2§F§0§0§lm§x§F§F§2§7§0§0§lo§x§F§F§1§F§0§0§ln §x§F§F§1§0§0§0§lL§x§F§F§0§8§0§0§lo§x§F§F§0§0§0§0§lr§x§F§F§0§8§0§0§ld §x§F§F§1§7§0§0§lS§x§F§F§1§F§0§0§lh§x§F§F§2§7§0§0§lo§x§F§F§2§F§0§0§lv§x§F§F§3§6§0§0§le§x§F§F§3§E§0§0§ll in auction for 100000.
[09:29:55] > monggol added x1 §x§F§F§3§E§0§0§lD§x§F§F§3§5§0§0§le§x§F§F§2§C§0§0§lm§x§F§F§2§3§0§0§lo§x§F§F§1§B§0§0§ln §x§F§F§0§9§0§0§lL§x§F§F§0§0§0§0§lo§x§F§F§0§A§0§0§lr§x§F§F§1§5§0§0§ld §x§F§F§2§9§0§0§lB§x§F§F§3§4§0§0§lo§x§F§F§3§E§0§0§lw in auction for 100000.
[09:33:10] > x1 §x§F§F§3§E§0§0§lD§x§F§F§3§7§0§0§le§x§F§F§3§0§0§0§lm§x§F§F§2§9§0§0§lo§x§F§F§2§2§0§0§ln §x§F§F§1§5§0§0§lL§x§F§F§0§E§0§0§lo§x§F§F§0§7§0§0§lr§x§F§F§0§0§0§0§ld §x§F§F§0§E§0§0§lC§x§F§F§1§5§0§0§lr§x§F§F§1§C§0§0§lo§x§F§F§2§2§0§0§ls§x§F§F§2§9§0§0§ls§x§F§F§3§0§0§0§lb§x§F§F§3§7§0§0§lo§x§F§F§3§E§0§0§lw on sale by Tutukiw has just expired, it goes in the inventory of expired items.
[09:50:08] > tic_sz added x13 Diamond in auction for 10.
[09:50:28] > x1 §f§l§x§F§C§D§0§5§CW§x§F§B§A§D§4§Du§x§F§9§8§B§3§Dk§x§F§8§6§8§2§Eo§x§F§6§4§5§1§Fn§x§F§5§2§3§0§Fg§x§F§3§0§0§0§0 §x§F§5§2§3§0§FS§x§F§6§4§5§1§Fh§x§F§8§6§8§2§Ei§x§F§9§8§B§3§De§x§F§B§A§D§4§Dl§x§F§C§D§0§5§Cd, item of MonsterIsBetter, has just expired, the item is definitively deleted.
[09:50:28] > x1 Elytra, item of Sezemi, has just expired, the item is definitively deleted.
[09:50:29] > Trv remove x1 §x§5§C§C§F§F§C§lC§x§5§C§D§1§F§5§lo§x§5§D§D§4§E§E§ls§x§5§D§D§6§E§7§lm§x§5§E§D§9§E§1§le§x§5§E§D§B§D§A§lt§x§5§E§D§D§D§3§li§x§5§F§E§0§C§C§lc §x§5§F§E§0§C§C§lH§x§5§E§D§D§D§3§la§x§5§E§D§B§D§A§lt§x§5§E§D§9§E§1§ls §x§5§D§D§4§E§E§lK§x§5§C§D§1§F§5§le§x§5§C§C§F§F§C§ly from expire
[09:50:40] > tic_sz remove x1 §x§F§F§3§E§0§0§lDemon Lord Wings from buy
[09:50:41] > tic_sz remove x1 §x§F§F§3§E§0§0§lDemon Lord Wings from buy
[09:50:50] > Trv added x1 §x§5§C§C§F§F§C§lC§x§5§C§D§1§F§5§lo§x§5§D§D§4§E§E§ls§x§5§D§D§6§E§7§lm§x§5§E§D§9§E§1§le§x§5§E§D§B§D§A§lt§x§5§E§D§D§D§3§li§x§5§F§E§0§C§C§lc §x§5§F§E§0§C§C§lH§x§5§E§D§D§D§3§la§x§5§E§D§B§D§A§lt§x§5§E§D§9§E§1§ls §x§5§D§D§4§E§E§lK§x§5§C§D§1§F§5§le§x§5§C§C§F§F§C§ly in auction for 1000.
[09:50:55] > MrZyrus7228 buy x1 §x§5§C§C§F§F§C§lC§x§5§C§D§1§F§5§lo§x§5§D§D§4§E§E§ls§x§5§D§D§6§E§7§lm§x§5§E§D§9§E§1§le§x§5§E§D§B§D§A§lt§x§5§E§D§D§D§3§li§x§5§F§E§0§C§C§lc §x§5§F§E§0§C§C§lH§x§5§E§D§D§D§3§la§x§5§E§D§B§D§A§lt§x§5§E§D§9§E§1§ls §x§5§D§D§4§E§E§lK§x§5§C§D§1§F§5§le§x§5§C§C§F§F§C§ly to Trv for $1,000.
[09:51:01] > BushSeat buy x13 Diamond to tic_sz for $10.
[09:51:21] > BushSeat remove x13 Diamond from buy
[09:53:57] > MrZyrus7228 remove x1 §x§5§C§C§F§F§C§lC§x§5§C§D§1§F§5§lo§x§5§D§D§4§E§E§ls§x§5§D§D§6§E§7§lm§x§5§E§D§9§E§1§le§x§5§E§D§B§D§A§lt§x§5§E§D§D§D§3§li§x§5§F§E§0§C§C§lc §x§5§F§E§0§C§C§lH§x§5§E§D§D§D§3§la§x§5§E§D§B§D§A§lt§x§5§E§D§9§E§1§ls §x§5§D§D§4§E§E§lK§x§5§C§D§1§F§5§le§x§5§C§C§F§F§C§ly from buy
[09:55:11] > namerikangel added x1 §fFlower Hat in auction for 10.
[09:55:18] > grit_zy buy x1 §fFlower Hat to namerikangel for $10.
[09:55:18] > ItsKeyan added x2 §x§5§C§C§F§F§C§lC§x§5§C§D§1§F§5§lo§x§5§D§D§4§E§E§ls§x§5§D§D§6§E§7§lm§x§5§E§D§9§E§1§le§x§5§E§D§B§D§A§lt§x§5§E§D§D§D§3§li§x§5§F§E§0§C§C§lc §x§5§F§E§0§C§C§lH§x§5§E§D§D§D§3§la§x§5§E§D§B§D§A§lt§x§5§E§D§9§E§1§ls §x§5§D§D§4§E§E§lK§x§5§C§D§1§F§5§le§x§5§C§C§F§F§C§ly in auction for 400000.
[09:55:41] > ItsKeyan remove x2 §x§5§C§C§F§F§C§lC§x§5§C§D§1§F§5§lo§x§5§D§D§4§E§E§ls§x§5§D§D§6§E§7§lm§x§5§E§D§9§E§1§le§x§5§E§D§B§D§A§lt§x§5§E§D§D§D§3§li§x§5§F§E§0§C§C§lc §x§5§F§E§0§C§C§lH§x§5§E§D§D§D§3§la§x§5§E§D§B§D§A§lt§x§5§E§D§9§E§1§ls §x§5§D§D§4§E§E§lK§x§5§C§D§1§F§5§le§x§5§C§C§F§F§C§ly from storage
[09:55:54] > ItsKeyan added x2 §x§5§C§C§F§F§C§lC§x§5§C§D§1§F§5§lo§x§5§D§D§4§E§E§ls§x§5§D§D§6§E§7§lm§x§5§E§D§9§E§1§le§x§5§E§D§B§D§A§lt§x§5§E§D§D§D§3§li§x§5§F§E§0§C§C§lc §x§5§F§E§0§C§C§lH§x§5§E§D§D§D§3§la§x§5§E§D§B§D§A§lt§x§5§E§D§9§E§1§ls §x§5§D§D§4§E§E§lK§x§5§C§D§1§F§5§le§x§5§C§C§F§F§C§ly in auction for 350000.
[09:59:53] > frenchhee added x1 §x§E§5§1§B§1§B§lDracula Sword in auction for 350000.
[10:01:05] > frenchhee added x1 §x§F§F§3§E§0§0§lD§x§F§F§3§5§0§0§le§x§F§F§2§C§0§0§lm§x§F§F§2§3§0§0§lo§x§F§F§1§B§0§0§ln §x§F§F§0§9§0§0§lL§x§F§F§0§0§0§0§lo§x§F§F§0§A§0§0§lr§x§F§F§1§5§0§0§ld §x§F§F§2§9§0§0§lA§x§F§F§3§4§0§0§lx§x§F§F§3§E§0§0§le in auction for 250000.
[10:02:19] > grit_zy added x1 Elytra in auction for 1500000.
[10:02:23] > Yalujin buy x1 Elytra to grit_zy for $1,500,000.
[10:02:35] > Yalujin remove x1 Elytra from buy
[10:03:16] > Malachkite added x1 §x§F§F§3§E§0§0§lD§x§F§F§3§7§0§0§le§x§F§F§3§0§0§0§lm§x§F§F§2§9§0§0§lo§x§F§F§2§2§0§0§ln §x§F§F§1§5§0§0§lL§x§F§F§0§E§0§0§lo§x§F§F§0§7§0§0§lr§x§F§F§0§0§0§0§ld §x§F§F§1§0§0§0§lP§x§F§F§1§7§0§0§li§x§F§F§1§F§0§0§lc§x§F§F§2§7§0§0§lk§x§F§F§2§F§0§0§la§x§F§F§3§6§0§0§lx§x§F§F§3§E§0§0§le in auction for 350000.
[10:10:13] > HwanYo buy x1 Enchanted book to DanRaiv for $300,000.
[10:30:00] > tic_sz buy x1 §f§l§x§C§6§D§E§F§1B§x§B§3§D§4§E§Eo§x§A§1§C§A§E§Bo§x§8§E§C§0§E§8s§x§7§C§B§6§E§4t§x§6§9§A§C§E§1e§x§5§7§A§2§D§Er§x§4§4§9§8§D§B §x§5§7§A§2§D§EP§x§6§9§A§C§E§1i§x§7§C§B§6§E§4c§x§8§E§C§0§E§8k§x§A§1§C§A§E§Ba§x§B§3§D§4§E§Ex§x§C§6§D§E§F§1e to CoreyNabuko for $2,500,000.
[10:30:04] > tic_sz remove x1 §f§l§x§C§6§D§E§F§1B§x§B§3§D§4§E§Eo§x§A§1§C§A§E§Bo§x§8§E§C§0§E§8s§x§7§C§B§6§E§4t§x§6§9§A§C§E§1e§x§5§7§A§2§D§Er§x§4§4§9§8§D§B §x§5§7§A§2§D§EP§x§6§9§A§C§E§1i§x§7§C§B§6§E§4c§x§8§E§C§0§E§8k§x§A§1§C§A§E§Ba§x§B§3§D§4§E§Ex§x§C§6§D§E§F§1e from buy
[10:30:05] > El3ctric_Ey3 buy x1 §x§F§F§3§E§0§0§lD§x§F§F§3§6§0§0§le§x§F§F§2§F§0§0§lm§x§F§F§2§7§0§0§lo§x§F§F§1§F§0§0§ln §x§F§F§1§0§0§0§lL§x§F§F§0§8§0§0§lo§x§F§F§0§0§0§0§lr§x§F§F§0§8§0§0§ld §x§F§F§1§7§0§0§lS§x§F§F§1§F§0§0§lh§x§F§F§2§7§0§0§lo§x§F§F§2§F§0§0§lv§x§F§F§3§6§0§0§le§x§F§F§3§E§0§0§ll to monggol for $100,000.
[10:30:53] > El3ctric_Ey3 buy x1 §x§F§F§3§E§0§0§lD§x§F§F§3§5§0§0§le§x§F§F§2§C§0§0§lm§x§F§F§2§3§0§0§lo§x§F§F§1§B§0§0§ln §x§F§F§0§9§0§0§lL§x§F§F§0§0§0§0§lo§x§F§F§0§A§0§0§lr§x§F§F§1§5§0§0§ld §x§F§F§2§9§0§0§lH§x§F§F§3§4§0§0§lo§x§F§F§3§E§0§0§le to Quibz for $100,000.
[10:31:31] > El3ctric_Ey3 remove x1 §x§F§F§3§E§0§0§lD§x§F§F§3§5§0§0§le§x§F§F§2§C§0§0§lm§x§F§F§2§3§0§0§lo§x§F§F§1§B§0§0§ln §x§F§F§0§9§0§0§lL§x§F§F§0§0§0§0§lo§x§F§F§0§A§0§0§lr§x§F§F§1§5§0§0§ld §x§F§F§2§9§0§0§lH§x§F§F§3§4§0§0§lo§x§F§F§3§E§0§0§le from buy
[10:31:32] > El3ctric_Ey3 remove x1 §x§F§F§3§E§0§0§lD§x§F§F§3§6§0§0§le§x§F§F§2§F§0§0§lm§x§F§F§2§7§0§0§lo§x§F§F§1§F§0§0§ln §x§F§F§1§0§0§0§lL§x§F§F§0§8§0§0§lo§x§F§F§0§0§0§0§lr§x§F§F§0§8§0§0§ld §x§F§F§1§7§0§0§lS§x§F§F§1§F§0§0§lh§x§F§F§2§7§0§0§lo§x§F§F§2§F§0§0§lv§x§F§F§3§6§0§0§le§x§F§F§3§E§0§0§ll from buy
[10:31:34] > El3ctric_Ey3 remove x1 Enchanted book from buy
[10:40:50] > .SharkyisHungry added x1 §f§l§x§F§A§0§0§0§AD§x§F§A§2§3§1§8a§x§F§B§4§5§2§5r§x§F§B§6§8§3§3k§x§F§B§8§B§4§1f§x§F§C§A§D§4§El§x§F§C§D§0§5§Ca§x§F§C§A§D§4§Em§x§F§B§8§B§4§1e§x§F§B§6§8§3§3 §x§F§B§4§5§2§5H§x§F§A§2§3§1§8a§x§F§A§0§0§0§At in auction for 677777.
[10:40:55] > BlackKnight buy x1 §f§l§x§F§A§0§0§0§AD§x§F§A§2§3§1§8a§x§F§B§4§5§2§5r§x§F§B§6§8§3§3k§x§F§B§8§B§4§1f§x§F§C§A§D§4§El§x§F§C§D§0§5§Ca§x§F§C§A§D§4§Em§x§F§B§8§B§4§1e§x§F§B§6§8§3§3 §x§F§B§4§5§2§5H§x§F§A§2§3§1§8a§x§F§A§0§0§0§At to .SharkyisHungry for $677,777.
[10:45:01] > .SharkyisHungry added x1 Ominous bottle in auction for 123456.
[10:45:09] > BlackKnight remove x1 §f§l§x§F§A§0§0§0§AD§x§F§A§2§3§1§8a§x§F§B§4§5§2§5r§x§F§B§6§8§3§3k§x§F§B§8§B§4§1f§x§F§C§A§D§4§El§x§F§C§D§0§5§Ca§x§F§C§A§D§4§Em§x§F§B§8§B§4§1e§x§F§B§6§8§3§3 §x§F§B§4§5§2§5H§x§F§A§2§3§1§8a§x§F§A§0§0§0§At from buy
[11:00:16] > mauserdart remove x1 Ominous bottle from storage
[11:23:33] > mauserdart added x5 §bEntropy Crystal §8(§310,000§8) in auction for 500000.
[11:23:44] > mauserdart added x6 §bEntropy Crystal §8(§310,000§8) in auction for 600000.
[11:25:05] > tic_sz buy x1 §fButterfly Hat to Pewpew for $10,000.
[11:28:18] > baba buy x64 Experience bottle to Takeremu for $100,000.
[11:28:20] > x1 §x§F§F§3§E§0§0§lDemon Lord Wings on sale by Zypher_0w0 has just expired, it goes in the inventory of expired items.
[11:28:23] > baba buy x64 Experience bottle to Takeremu for $100,000.
[11:28:28] > baba buy x63 Experience bottle to HwanYo for $100,000.
[11:28:52] > baba remove x63 Experience bottle from buy
[11:28:53] > baba remove x63 Experience bottle from buy
[11:28:53] > baba remove x63 Experience bottle from buy
[11:33:16] > x1 Enchanted book on sale by Puffingsponge has just expired, it goes in the inventory of expired items.
[11:33:54] > El3ctric_Ey3 added x1 Ominous bottle in auction for 100000.
[11:37:05] > x1 LegionShop restocked Witherskulls,Exp bots,Shulker on sale by tic_sz has just expired, it goes in the inventory of expired items.
[11:40:18] > HwanYo added x1 §x§5§C§C§F§F§C§lC§x§5§C§D§1§F§5§lo§x§5§D§D§4§E§E§ls§x§5§D§D§6§E§7§lm§x§5§E§D§9§E§1§le§x§5§E§D§B§D§A§lt§x§5§E§D§D§D§3§li§x§5§F§E§0§C§C§lc §x§5§F§E§0§C§C§lH§x§5§E§D§D§D§3§la§x§5§E§D§B§D§A§lt§x§5§E§D§9§E§1§ls §x§5§D§D§4§E§E§lK§x§5§C§D§1§F§5§le§x§5§C§C§F§F§C§ly in auction for 100000.
[11:40:33] > SP3CC_ added x1 §x§5§C§C§F§F§C§lC§x§5§C§D§1§F§5§lo§x§5§D§D§4§E§E§ls§x§5§D§D§6§E§7§lm§x§5§E§D§9§E§1§le§x§5§E§D§B§D§A§lt§x§5§E§D§D§D§3§li§x§5§F§E§0§C§C§lc §x§5§F§E§0§C§C§lH§x§5§E§D§D§D§3§la§x§5§E§D§B§D§A§lt§x§5§E§D§9§E§1§ls §x§5§D§D§4§E§E§lK§x§5§C§D§1§F§5§le§x§5§C§C§F§F§C§ly in auction for 100000.
[11:40:44] > HwanYo added x1 §eᴄʜɪᴄᴋᴇɴ sᴘᴀᴡɴᴇʀ in auction for 20000.
[11:40:49] > tic_sz buy x1 §eᴄʜɪᴄᴋᴇɴ sᴘᴀᴡɴᴇʀ to HwanYo for $20,000.
[11:41:08] > kkyleeeeesa buy x6 Brown egg to .AyakoKoru for $6,000.
[11:41:31] > VortexZayne added x1 §eᴡɪᴛᴄʜ ꜱᴘᴀᴡɴᴇʀ in auction for 700000.
[11:41:33] > kkyleeeeesa buy x1 §eᴡɪᴛᴄʜ ꜱᴘᴀᴡɴᴇʀ to VortexZayne for $700,000.
[11:42:37] > El3ctric_Ey3 buy x1 Enchanted book to Takeremu for $2,500.
[11:42:40] > El3ctric_Ey3 buy x1 Enchanted book to Takeremu for $2,500.
[11:42:48] > El3ctric_Ey3 buy x1 Enchanted book to Takeremu for $2,500.
[11:44:32] > Johng10910 buy x1 Ominous bottle to El3ctric_Ey3 for $100,000.
[11:45:30] > HwanYo remove x1 §eᴢᴏᴍʙɪᴇ sᴘᴀᴡɴᴇʀ from buy
[11:45:31] > HwanYo remove x1 Shulker shell from buy
[11:45:31] > HwanYo remove x1 Enchanted book from buy
[11:48:29] > kkyleeeeesa added x15 Wither skeleton skull in auction for 300000.
[11:48:41] > HwanYo buy x15 Wither skeleton skull to kkyleeeeesa for $300,000.
[11:50:58] > Johng10910 buy x1 Ominous bottle to .SharkyisHungry for $123,456.