
[12:31:39] > 3xdmge buy x1 §fFarmer Hat to Julene for $50,000.
[12:31:43] > 3xdmge remove x1 §fFarmer Hat from buy
[12:39:25] > Trapers1 added x1 §x§E§4§3§A§9§6§lW§x§E§7§5§3§A§3§lI§x§E§B§6§B§B§0§lN§x§E§E§8§4§B§D§lG§x§F§2§9§D§C§B§lS §x§F§8§C§E§E§5§lO§x§F§C§E§6§F§2§lF §x§F§C§E§6§F§2§lE§x§F§8§C§E§E§5§lT§x§F§5§B§5§D§8§lE§x§F§2§9§D§C§B§lR§x§E§E§8§4§B§D§lN§x§E§B§6§B§B§0§lI§x§E§7§5§3§A§3§lT§x§E§4§3§A§9§6§lY in auction for 8500000.
[13:11:48] > Zypher_0w0 added x4 Silence armor trim smithing template in auction for 50000.
[13:11:52] > Trapers1 buy x4 Silence armor trim smithing template to Zypher_0w0 for $50,000.
[13:11:59] > Trapers1 remove x4 Silence armor trim smithing template form buy
[13:12:28] > MasterElrel added x1 §f§l§x§8§A§0§0§F§FS§x§9§7§0§0§D§Fh§x§A§4§0§0§B§Fi§x§B§1§0§0§9§Fn§x§B§F§0§0§8§0e§x§C§C§0§0§6§0 §x§D§9§0§0§4§0O§x§E§6§0§0§2§0n§x§F§3§0§0§0§0i§x§E§6§0§0§2§0 §x§D§9§0§0§4§0P§x§C§C§0§0§6§0i§x§B§F§0§0§8§0c§x§B§1§0§0§9§Fk§x§A§4§0§0§B§Fa§x§9§7§0§0§D§Fx§x§8§A§0§0§F§Fe in auction for 3000000.
[13:12:39] > NoClarity added x3 Silence armor trim smithing template in auction for 25000.
[13:12:52] > Trapers1 buy x3 Silence armor trim smithing template to NoClarity for $25,000.
[13:13:03] > Trapers1 remove x3 Silence armor trim smithing template form buy
[13:16:00] > vortexcore buy x1 Enchanted book to johnowenz1 for $50,000.
[13:16:08] > vortexcore remove x1 Enchanted book from buy
[13:16:11] > x1 Coal block, item of Dentatsu, has just expired, the item is definitively deleted.
[13:21:56] > MasterElrel remove x1 §f§l§x§8§A§0§0§F§FS§x§9§7§0§0§D§Fh§x§A§4§0§0§B§Fi§x§B§1§0§0§9§Fn§x§B§F§0§0§8§0e§x§C§C§0§0§6§0 §x§D§9§0§0§4§0O§x§E§6§0§0§2§0n§x§F§3§0§0§0§0i§x§E§6§0§0§2§0 §x§D§9§0§0§4§0P§x§C§C§0§0§6§0i§x§B§F§0§0§8§0c§x§B§1§0§0§9§Fk§x§A§4§0§0§B§Fa§x§9§7§0§0§D§Fx§x§8§A§0§0§F§Fe from storage
[13:22:19] > MasterElrel added x1 §f§l§x§8§A§0§0§F§FS§x§9§7§0§0§D§Fh§x§A§4§0§0§B§Fi§x§B§1§0§0§9§Fn§x§B§F§0§0§8§0e§x§C§C§0§0§6§0 §x§D§9§0§0§4§0O§x§E§6§0§0§2§0n§x§F§3§0§0§0§0i§x§E§6§0§0§2§0 §x§D§9§0§0§4§0P§x§C§C§0§0§6§0i§x§B§F§0§0§8§0c§x§B§1§0§0§9§Fk§x§A§4§0§0§B§Fa§x§9§7§0§0§D§Fx§x§8§A§0§0§F§Fe in auction for 2000000.
[13:22:35] > Trapers1 buy x1 §f§l§x§8§A§0§0§F§FS§x§9§7§0§0§D§Fh§x§A§4§0§0§B§Fi§x§B§1§0§0§9§Fn§x§B§F§0§0§8§0e§x§C§C§0§0§6§0 §x§D§9§0§0§4§0O§x§E§6§0§0§2§0n§x§F§3§0§0§0§0i§x§E§6§0§0§2§0 §x§D§9§0§0§4§0P§x§C§C§0§0§6§0i§x§B§F§0§0§8§0c§x§B§1§0§0§9§Fk§x§A§4§0§0§B§Fa§x§9§7§0§0§D§Fx§x§8§A§0§0§F§Fe to MasterElrel for $2,000,000.
[13:22:42] > Trapers1 remove x1 §f§l§x§8§A§0§0§F§FS§x§9§7§0§0§D§Fh§x§A§4§0§0§B§Fi§x§B§1§0§0§9§Fn§x§B§F§0§0§8§0e§x§C§C§0§0§6§0 §x§D§9§0§0§4§0O§x§E§6§0§0§2§0n§x§F§3§0§0§0§0i§x§E§6§0§0§2§0 §x§D§9§0§0§4§0P§x§C§C§0§0§6§0i§x§B§F§0§0§8§0c§x§B§1§0§0§9§Fk§x§A§4§0§0§B§Fa§x§9§7§0§0§D§Fx§x§8§A§0§0§F§Fe form buy
[13:26:10] > Trapers1 remove x1 §x§E§4§3§A§9§6§lW§x§E§7§5§3§A§3§lI§x§E§B§6§B§B§0§lN§x§E§E§8§4§B§D§lG§x§F§2§9§D§C§B§lS §x§F§8§C§E§E§5§lO§x§F§C§E§6§F§2§lF §x§F§C§E§6§F§2§lE§x§F§8§C§E§E§5§lT§x§F§5§B§5§D§8§lE§x§F§2§9§D§C§B§lR§x§E§E§8§4§B§D§lN§x§E§B§6§B§B§0§lI§x§E§7§5§3§A§3§lT§x§E§4§3§A§9§6§lY form storage
[13:26:29] > Trapers1 added x1 §x§E§4§3§A§9§6§lW§x§E§7§5§3§A§3§lI§x§E§B§6§B§B§0§lN§x§E§E§8§4§B§D§lG§x§F§2§9§D§C§B§lS §x§F§8§C§E§E§5§lO§x§F§C§E§6§F§2§lF §x§F§C§E§6§F§2§lE§x§F§8§C§E§E§5§lT§x§F§5§B§5§D§8§lE§x§F§2§9§D§C§B§lR§x§E§E§8§4§B§D§lN§x§E§B§6§B§B§0§lI§x§E§7§5§3§A§3§lT§x§E§4§3§A§9§6§lY in auction for 8300000.
[13:26:29] > SP3CC_ buy x1 Music disc creator to Julene for $100,000.
[13:27:13] > SP3CC_ remove x1 Music disc creator form buy
[13:28:20] > NoClarity remove x1 §f§l§x§8§A§0§0§F§FS§x§9§C§0§0§D§5h§x§A§D§0§0§A§Ai§x§B§F§0§0§8§0n§x§D§0§0§0§5§5e§x§E§2§0§0§2§B §x§F§3§0§0§0§0O§x§E§2§0§0§2§An§x§D§0§0§0§5§5i§x§B§F§0§0§8§0 §x§A§D§0§0§A§AB§x§9§C§0§0§D§5o§x§8§A§0§0§F§Fw from storage
[13:28:32] > NoClarity added x1 §f§l§x§8§A§0§0§F§FS§x§9§C§0§0§D§5h§x§A§D§0§0§A§Ai§x§B§F§0§0§8§0n§x§D§0§0§0§5§5e§x§E§2§0§0§2§B §x§F§3§0§0§0§0O§x§E§2§0§0§2§An§x§D§0§0§0§5§5i§x§B§F§0§0§8§0 §x§A§D§0§0§A§AB§x§9§C§0§0§D§5o§x§8§A§0§0§F§Fw in auction for 1000000.
[13:29:28] > Zypher_0w0 added x1 §f§l§x§8§A§0§0§F§FS§x§9§6§0§0§E§1h§x§A§3§0§0§C§3i§x§A§F§0§0§A§5n§x§B§B§0§0§8§7e§x§C§8§0§0§6§9 §x§D§4§0§0§4§BO§x§E§0§0§0§2§Dn§x§E§D§0§0§0§Fi §x§E§0§0§0§2§DL§x§D§4§0§0§4§Be§x§C§8§0§0§6§9g§x§B§B§0§0§8§7g§x§A§F§0§0§A§5i§x§A§3§0§0§C§3n§x§9§6§0§0§E§1g§x§8§A§0§0§F§Fs in auction for 4999999.
[13:29:58] > Zypher_0w0 remove x1 §f§l§x§8§A§0§0§F§FS§x§9§6§0§0§E§1h§x§A§3§0§0§C§3i§x§A§F§0§0§A§5n§x§B§B§0§0§8§7e§x§C§8§0§0§6§9 §x§D§4§0§0§4§BO§x§E§0§0§0§2§Dn§x§E§D§0§0§0§Fi §x§E§0§0§0§2§DL§x§D§4§0§0§4§Be§x§C§8§0§0§6§9g§x§B§B§0§0§8§7g§x§A§F§0§0§A§5i§x§A§3§0§0§C§3n§x§9§6§0§0§E§1g§x§8§A§0§0§F§Fs from storage
[13:32:07] > Trapers1 added x1 §x§F§F§7§C§0§0§lSteamsparks Pickaxe in auction for 300000.
[13:35:59] > NoClarity added x1 Heart of the sea in auction for 10000.
[13:40:10] > tasia added x1 §f§l§8B§x§6§2§6§2§6§2a§x§6§F§6§F§6§Fh§x§7§C§7§C§7§Ca§x§8§9§8§9§8§9m§x§9§6§9§6§9§6u§x§A§3§A§3§A§3t §x§9§6§9§6§9§6H§x§8§9§8§9§8§9a§x§7§C§7§C§7§Cm§x§6§F§6§F§6§Fm§x§6§2§6§2§6§2e§8r in auction for 500000.
[13:41:24] > warenjay123 added x16 Emerald in auction for 100000.
[13:42:13] > vortexcore added x5 §x§F§C§9§0§5§C§lE§x§E§6§9§C§6§B§lp§x§C§F§A§7§7§A§li§x§B§9§B§3§8§9§lc §x§8§C§C§B§A§7§lC§x§7§5§D§6§B§6§lr§x§5§F§E§2§C§5§la§x§7§9§D§4§B§4§lt§x§9§3§C§7§A§2§le §x§C§8§A§B§7§F§lK§x§E§2§9§E§6§E§le§x§F§C§9§0§5§C§ly in auction for 65000.
[13:43:46] > warenjay123 buy x5 §x§F§C§9§0§5§C§lE§x§E§6§9§C§6§B§lp§x§C§F§A§7§7§A§li§x§B§9§B§3§8§9§lc §x§8§C§C§B§A§7§lC§x§7§5§D§6§B§6§lr§x§5§F§E§2§C§5§la§x§7§9§D§4§B§4§lt§x§9§3§C§7§A§2§le §x§C§8§A§B§7§F§lK§x§E§2§9§E§6§E§le§x§F§C§9§0§5§C§ly to vortexcore for $65,000.
[13:44:30] > warenjay123 remove x16 Emerald from storage
[13:46:41] > CuddlyCow added x1 Lodestone in auction for 10.
[13:46:46] > Trapers1 buy x1 Lodestone to CuddlyCow for $10.
[13:46:57] > Trapers1 remove x1 Lodestone form buy
[13:47:09] > Apprintance added x1 §f§l§x§8§A§0§0§F§FS§x§9§C§0§0§D§5h§x§A§D§0§0§A§Ai§x§B§F§0§0§8§0n§x§D§0§0§0§5§5e§x§E§2§0§0§2§B §x§F§3§0§0§0§0O§x§E§2§0§0§2§An§x§D§0§0§0§5§5i§x§B§F§0§0§8§0 §x§A§D§0§0§A§AK§x§9§C§0§0§D§5e§x§8§A§0§0§F§Fy in auction for 4000000.
[13:48:04] > Apprintance added x1 §f§l§8B§x§5§F§5§F§5§Fa§x§6§9§6§9§6§9h§x§7§3§7§3§7§3a§x§7§D§7§D§7§Dm§x§8§7§8§7§8§7u§x§9§1§9§1§9§1t§x§9§B§9§B§9§B §x§A§5§A§5§A§5Ch§x§9§B§9§B§9§Be§x§9§1§9§1§9§1s§x§8§7§8§7§8§7t§x§7§D§7§D§7§Dp§x§7§3§7§3§7§3l§x§6§9§6§9§6§9a§x§5§F§5§F§5§Ft§8e in auction for 1000000.
[13:48:16] > Apprintance remove x1 §f§l§x§8§A§0§0§F§FS§x§9§C§0§0§D§5h§x§A§D§0§0§A§Ai§x§B§F§0§0§8§0n§x§D§0§0§0§5§5e§x§E§2§0§0§2§B §x§F§3§0§0§0§0O§x§E§2§0§0§2§An§x§D§0§0§0§5§5i§x§B§F§0§0§8§0 §x§A§D§0§0§A§AK§x§9§C§0§0§D§5e§x§8§A§0§0§F§Fy from storage
[13:48:22] > Apprintance remove x1 §f§l§x§8§A§0§0§F§FS§x§9§C§0§0§D§5h§x§A§D§0§0§A§Ai§x§B§F§0§0§8§0n§x§D§0§0§0§5§5e§x§E§2§0§0§2§B §x§F§3§0§0§0§0O§x§E§2§0§0§2§An§x§D§0§0§0§5§5i§x§B§F§0§0§8§0 §x§A§D§0§0§A§AK§x§9§C§0§0§D§5e§x§8§A§0§0§F§Fy from expire
[13:49:45] > Apprintance remove x1 §f§l§8B§x§5§F§5§F§5§Fa§x§6§9§6§9§6§9h§x§7§3§7§3§7§3a§x§7§D§7§D§7§Dm§x§8§7§8§7§8§7u§x§9§1§9§1§9§1t§x§9§B§9§B§9§B §x§A§5§A§5§A§5Ch§x§9§B§9§B§9§Be§x§9§1§9§1§9§1s§x§8§7§8§7§8§7t§x§7§D§7§D§7§Dp§x§7§3§7§3§7§3l§x§6§9§6§9§6§9a§x§5§F§5§F§5§Ft§8e from storage
[13:50:53] > warenjay123 remove x5 §x§F§C§9§0§5§C§lE§x§E§6§9§C§6§B§lp§x§C§F§A§7§7§A§li§x§B§9§B§3§8§9§lc §x§8§C§C§B§A§7§lC§x§7§5§D§6§B§6§lr§x§5§F§E§2§C§5§la§x§7§9§D§4§B§4§lt§x§9§3§C§7§A§2§le §x§C§8§A§B§7§F§lK§x§E§2§9§E§6§E§le§x§F§C§9§0§5§C§ly from buy
[13:50:56] > Icon_Skully remove x1 Skelly from buy
[13:51:55] > warenjay123 remove x1 Enchanted book from buy
[14:17:33] > Ryzxc added x1 §f§l§x§8§A§0§0§F§FS§x§9§C§0§0§D§5h§x§A§D§0§0§A§Ai§x§B§F§0§0§8§0n§x§D§0§0§0§5§5e§x§E§2§0§0§2§B §x§F§3§0§0§0§0O§x§E§2§0§0§2§An§x§D§0§0§0§5§5i§x§B§F§0§0§8§0 §x§A§D§0§0§A§AA§x§9§C§0§0§D§5x§x§8§A§0§0§F§Fe in auction for 1000000.
[14:17:48] > Ryzxc added x1 §f§l§8B§x§5§E§5§E§5§Ea§x§6§8§6§8§6§8h§x§7§1§7§1§7§1a§x§7§B§7§B§7§Bm§x§8§4§8§4§8§4u§x§8§E§8§E§8§Et§x§9§7§9§7§9§7 §x§A§1§A§1§A§1F§7i§x§A§1§A§1§A§1s§x§9§7§9§7§9§7h§x§8§E§8§E§8§Ei§x§8§4§8§4§8§4n§x§7§B§7§B§7§Bg§x§7§1§7§1§7§1 §x§6§8§6§8§6§8R§x§5§E§5§E§5§Eo§8d in auction for 150000.
[14:18:39] > EXEZUNO added x1 §f§l§8B§x§6§2§6§2§6§2a§x§6§F§6§F§6§Fh§x§7§C§7§C§7§Ca§x§8§9§8§9§8§9m§x§9§6§9§6§9§6u§x§A§3§A§3§A§3t §x§9§6§9§6§9§6H§x§8§9§8§9§8§9e§x§7§C§7§C§7§Cl§x§6§F§6§F§6§Fm§x§6§2§6§2§6§2e§8t in auction for 100000.
[14:18:51] > Apprintance buy x1 §f§l§8B§x§6§2§6§2§6§2a§x§6§F§6§F§6§Fh§x§7§C§7§C§7§Ca§x§8§9§8§9§8§9m§x§9§6§9§6§9§6u§x§A§3§A§3§A§3t §x§9§6§9§6§9§6H§x§8§9§8§9§8§9e§x§7§C§7§C§7§Cl§x§6§F§6§F§6§Fm§x§6§2§6§2§6§2e§8t to EXEZUNO for $100,000.
[14:19:02] > x1 Bed with white liquid all over it, bought by imnectarfr, has just expired, the item is definitively deleted.
[14:19:03] > Apprintance remove x1 §f§l§8B§x§6§2§6§2§6§2a§x§6§F§6§F§6§Fh§x§7§C§7§C§7§Ca§x§8§9§8§9§8§9m§x§9§6§9§6§9§6u§x§A§3§A§3§A§3t §x§9§6§9§6§9§6H§x§8§9§8§9§8§9e§x§7§C§7§C§7§Cl§x§6§F§6§F§6§Fm§x§6§2§6§2§6§2e§8t from buy
[14:19:03] > Apprintance remove x1 §x§F§F§7§C§0§0§lSteamsparks Shovel from buy
[14:19:04] > Apprintance remove x1 §x§E§5§1§B§1§B§lDracula Sword from buy
[14:19:06] > sky_edits added x1 §f§l§8B§x§6§2§6§2§6§2a§x§6§F§6§F§6§Fh§x§7§C§7§C§7§Ca§x§8§9§8§9§8§9m§x§9§6§9§6§9§6u§x§A§3§A§3§A§3t §x§9§6§9§6§9§6S§x§8§9§8§9§8§9h§x§7§C§7§C§7§Ci§x§6§F§6§F§6§Fe§x§6§2§6§2§6§2l§8d in auction for 300000.
[14:19:19] > Apprintance added x1 §f§l§8B§x§6§4§6§4§6§4a§x§7§4§7§4§7§4h§x§8§3§8§3§8§3a§x§9§3§9§3§9§3m§x§A§2§A§2§A§2ut§x§9§3§9§3§9§3 §x§8§3§8§3§8§3C§x§7§4§7§4§7§4l§x§6§4§6§4§6§4u§8b in auction for 100000.
[14:19:47] > MasterElrel added x1 §f§l§8B§x§6§4§6§4§6§4a§x§7§4§7§4§7§4h§x§8§3§8§3§8§3a§x§9§3§9§3§9§3m§x§A§2§A§2§A§2ut§x§9§3§9§3§9§3 §x§8§3§8§3§8§3C§x§7§4§7§4§7§4l§x§6§4§6§4§6§4u§8b in auction for 2000000.
[14:20:40] > Icon_Skully added x1 §f§l§8B§x§6§4§6§4§6§4a§x§7§4§7§4§7§4h§x§8§3§8§3§8§3a§x§9§3§9§3§9§3m§x§A§2§A§2§A§2ut§x§9§3§9§3§9§3 §x§8§3§8§3§8§3M§x§7§4§7§4§7§4a§x§6§4§6§4§6§4c§8e in auction for 250000.
[14:23:20] > EXEZUNO buy x1 §f§l§x§8§A§0§0§F§FS§x§9§C§0§0§D§5h§x§A§D§0§0§A§Ai§x§B§F§0§0§8§0n§x§D§0§0§0§5§5e§x§E§2§0§0§2§B §x§F§3§0§0§0§0O§x§E§2§0§0§2§An§x§D§0§0§0§5§5i§x§B§F§0§0§8§0 §x§A§D§0§0§A§AB§x§9§C§0§0§D§5o§x§8§A§0§0§F§Fw to NoClarity for $1,000,000.
[14:23:31] > EXEZUNO remove x1 §f§l§x§8§A§0§0§F§FS§x§9§C§0§0§D§5h§x§A§D§0§0§A§Ai§x§B§F§0§0§8§0n§x§D§0§0§0§5§5e§x§E§2§0§0§2§B §x§F§3§0§0§0§0O§x§E§2§0§0§2§An§x§D§0§0§0§5§5i§x§B§F§0§0§8§0 §x§A§D§0§0§A§AB§x§9§C§0§0§D§5o§x§8§A§0§0§F§Fw from buy
[14:24:45] > EXEZUNO remove x10 §bEntropy Crystal §8(§310,000§8) from storage
[14:24:58] > EXEZUNO added x10 §bEntropy Crystal §8(§310,000§8) in auction for 700000.
[14:27:57] > Trapers1 added x1 §f§l§x§8§A§0§0§F§FS§x§9§8§0§0§D§Dh§x§A§6§0§0§B§Bi§x§B§4§0§0§9§9n§x§C§2§0§0§7§7e§x§D§0§0§0§5§5 §x§D§E§0§0§3§3O§x§E§C§0§0§1§1ni§x§D§E§0§0§3§3 §x§D§0§0§0§5§5H§x§C§2§0§0§7§7e§x§B§4§0§0§9§9l§x§A§6§0§0§B§Bm§x§9§8§0§0§D§De§x§8§A§0§0§F§Ft in auction for 1300000.
[14:28:29] > Trapers1 remove x1 §x§F§F§7§C§0§0§lSteamsparks Pickaxe form storage
[14:28:29] > Trapers1 remove x1 §f§l§x§8§A§0§0§F§FS§x§9§8§0§0§D§Dh§x§A§6§0§0§B§Bi§x§B§4§0§0§9§9n§x§C§2§0§0§7§7e§x§D§0§0§0§5§5 §x§D§E§0§0§3§3O§x§E§C§0§0§1§1ni§x§D§E§0§0§3§3 §x§D§0§0§0§5§5H§x§C§2§0§0§7§7e§x§B§4§0§0§9§9l§x§A§6§0§0§B§Bm§x§9§8§0§0§D§De§x§8§A§0§0§F§Ft form storage
[14:28:29] > Trapers1 remove x1 §x§E§4§3§A§9§6§lW§x§E§7§5§3§A§3§lI§x§E§B§6§B§B§0§lN§x§E§E§8§4§B§D§lG§x§F§2§9§D§C§B§lS §x§F§8§C§E§E§5§lO§x§F§C§E§6§F§2§lF §x§F§C§E§6§F§2§lE§x§F§8§C§E§E§5§lT§x§F§5§B§5§D§8§lE§x§F§2§9§D§C§B§lR§x§E§E§8§4§B§D§lN§x§E§B§6§B§B§0§lI§x§E§7§5§3§A§3§lT§x§E§4§3§A§9§6§lY form storage
[14:28:54] > Trapers1 added x1 §x§E§4§3§A§9§6§lW§x§E§7§5§3§A§3§lI§x§E§B§6§B§B§0§lN§x§E§E§8§4§B§D§lG§x§F§2§9§D§C§B§lS §x§F§8§C§E§E§5§lO§x§F§C§E§6§F§2§lF §x§F§C§E§6§F§2§lE§x§F§8§C§E§E§5§lT§x§F§5§B§5§D§8§lE§x§F§2§9§D§C§B§lR§x§E§E§8§4§B§D§lN§x§E§B§6§B§B§0§lI§x§E§7§5§3§A§3§lT§x§E§4§3§A§9§6§lY in auction for 8000000.
[14:31:55] > Crayzixks added x1 §x§F§F§5§5§0§0§lsᴇʟʟᴡᴀɴᴅ §6- 5.0x in auction for 350000.
[14:31:58] > Icon_Skully buy x1 §x§F§F§5§5§0§0§lsᴇʟʟᴡᴀɴᴅ §6- 5.0x to Crayzixks for $350,000.
[14:36:09] > Crayzixks added x1 §x§F§F§5§5§0§0§lsᴇʟʟᴡᴀɴᴅ §6- 10.0x in auction for 1000000.
[14:36:23] > Zypher_0w0 buy x1 §x§F§F§5§5§0§0§lsᴇʟʟᴡᴀɴᴅ §6- 10.0x to Crayzixks for $1,000,000.
[14:38:12] > NoClarity added x1 §f§l§x§8§A§0§0§F§FS§x§9§8§0§0§D§Dh§x§A§6§0§0§B§Bi§x§B§4§0§0§9§9n§x§C§2§0§0§7§7e§x§D§0§0§0§5§5 §x§D§E§0§0§3§3O§x§E§C§0§0§1§1ni§x§D§E§0§0§3§3 §x§D§0§0§0§5§5S§x§C§2§0§0§7§7h§x§B§4§0§0§9§9i§x§A§6§0§0§B§Be§x§9§8§0§0§D§Dl§x§8§A§0§0§F§Fd in auction for 450000.
[14:38:52] > NoClarity added x1 §f§l§8B§x§6§6§6§6§6§6a§x§7§7§7§7§7§7h§x§8§8§8§8§8§8a§x§9§9§9§9§9§9m§7u§x§9§9§9§9§9§9t§x§8§8§8§8§8§8 §x§7§7§7§7§7§7H§x§6§6§6§6§6§6o§8e in auction for 10.
[14:38:53] > EXEZUNO buy x1 §f§l§x§8§A§0§0§F§FS§x§9§8§0§0§D§Dh§x§A§6§0§0§B§Bi§x§B§4§0§0§9§9n§x§C§2§0§0§7§7e§x§D§0§0§0§5§5 §x§D§E§0§0§3§3O§x§E§C§0§0§1§1ni§x§D§E§0§0§3§3 §x§D§0§0§0§5§5S§x§C§2§0§0§7§7h§x§B§4§0§0§9§9i§x§A§6§0§0§B§Be§x§9§8§0§0§D§Dl§x§8§A§0§0§F§Fd to NoClarity for $450,000.
[14:38:56] > Responsibules buy x1 §f§l§8B§x§6§6§6§6§6§6a§x§7§7§7§7§7§7h§x§8§8§8§8§8§8a§x§9§9§9§9§9§9m§7u§x§9§9§9§9§9§9t§x§8§8§8§8§8§8 §x§7§7§7§7§7§7H§x§6§6§6§6§6§6o§8e to NoClarity for $10.
[14:39:06] > EXEZUNO remove x1 §f§l§x§8§A§0§0§F§FS§x§9§8§0§0§D§Dh§x§A§6§0§0§B§Bi§x§B§4§0§0§9§9n§x§C§2§0§0§7§7e§x§D§0§0§0§5§5 §x§D§E§0§0§3§3O§x§E§C§0§0§1§1ni§x§D§E§0§0§3§3 §x§D§0§0§0§5§5S§x§C§2§0§0§7§7h§x§B§4§0§0§9§9i§x§A§6§0§0§B§Be§x§9§8§0§0§D§Dl§x§8§A§0§0§F§Fd from buy
[14:39:20] > Izumi remove x1 §x§F§F§5§5§0§0§lsᴇʟʟᴡᴀɴᴅ §6- 5.0x from storage
[14:39:20] > Izumi remove x1 §x§F§F§5§5§0§0§lsᴇʟʟᴡᴀɴᴅ §6- 5.0x from storage
[14:39:23] > Izumi remove x1 §x§F§F§7§C§0§0§lSteamsparks Wings from storage
[14:39:43] > Izumi added x1 §x§F§F§5§5§0§0§lsᴇʟʟᴡᴀɴᴅ §6- 5.0x in auction for 500000.
[14:39:55] > Izumi added x1 §x§F§F§5§5§0§0§lsᴇʟʟᴡᴀɴᴅ §6- 5.0x in auction for 500000.
[14:39:56] > Zypher_0w0 buy x1 §x§F§F§5§5§0§0§lsᴇʟʟᴡᴀɴᴅ §6- 5.0x to Izumi for $500,000.
[14:40:09] > Zypher_0w0 buy x1 §x§F§F§5§5§0§0§lsᴇʟʟᴡᴀɴᴅ §6- 5.0x to Izumi for $500,000.
[14:40:11] > Izumi added x1 §x§F§F§7§C§0§0§lSteamsparks Wings in auction for 500000.
[14:40:33] > Icon_Skully remove x1 §f§l§8B§x§6§4§6§4§6§4a§x§7§4§7§4§7§4h§x§8§3§8§3§8§3a§x§9§3§9§3§9§3m§x§A§2§A§2§A§2ut§x§9§3§9§3§9§3 §x§8§3§8§3§8§3M§x§7§4§7§4§7§4a§x§6§4§6§4§6§4c§8e from storage
[14:40:47] > Izumi added x1 §x§F§F§7§C§0§0§lSteamsparks Shield in auction for 100000.
[14:41:37] > Icon_Skully added x1 §f§l§8B§x§6§4§6§4§6§4a§x§7§4§7§4§7§4h§x§8§3§8§3§8§3a§x§9§3§9§3§9§3m§x§A§2§A§2§A§2ut§x§9§3§9§3§9§3 §x§8§3§8§3§8§3M§x§7§4§7§4§7§4a§x§6§4§6§4§6§4c§8e in auction for 125000.
[14:42:20] > Apprintance added x1 §f§l§x§8§A§0§0§F§FS§x§9§C§0§0§D§5h§x§A§D§0§0§A§Ai§x§B§F§0§0§8§0n§x§D§0§0§0§5§5e§x§E§2§0§0§2§B §x§F§3§0§0§0§0O§x§E§2§0§0§2§An§x§D§0§0§0§5§5i§x§B§F§0§0§8§0 §x§A§D§0§0§A§AH§x§9§C§0§0§D§5o§x§8§A§0§0§F§Fe in auction for 500000.
[14:42:42] > Crayzixks added x1 §f§l§x§8§A§0§0§F§FS§x§9§C§0§0§D§5h§x§A§D§0§0§A§Ai§x§B§F§0§0§8§0n§x§D§0§0§0§5§5e§x§E§2§0§0§2§B §x§F§3§0§0§0§0O§x§E§2§0§0§2§An§x§D§0§0§0§5§5i§x§B§F§0§0§8§0 §x§A§D§0§0§A§AH§x§9§C§0§0§D§5o§x§8§A§0§0§F§Fe in auction for 500000.
[14:42:59] > Apprintance remove x1 §f§l§x§8§A§0§0§F§FS§x§9§C§0§0§D§5h§x§A§D§0§0§A§Ai§x§B§F§0§0§8§0n§x§D§0§0§0§5§5e§x§E§2§0§0§2§B §x§F§3§0§0§0§0O§x§E§2§0§0§2§An§x§D§0§0§0§5§5i§x§B§F§0§0§8§0 §x§A§D§0§0§A§AH§x§9§C§0§0§D§5o§x§8§A§0§0§F§Fe from storage
[14:43:07] > Apprintance added x1 §f§l§x§8§A§0§0§F§FS§x§9§C§0§0§D§5h§x§A§D§0§0§A§Ai§x§B§F§0§0§8§0n§x§D§0§0§0§5§5e§x§E§2§0§0§2§B §x§F§3§0§0§0§0O§x§E§2§0§0§2§An§x§D§0§0§0§5§5i§x§B§F§0§0§8§0 §x§A§D§0§0§A§AH§x§9§C§0§0§D§5o§x§8§A§0§0§F§Fe in auction for 400000.
[14:49:57] > EXEZUNO added x1 §x§F§F§3§E§0§0§lD§x§F§F§3§5§0§0§le§x§F§F§2§C§0§0§lm§x§F§F§2§3§0§0§lo§x§F§F§1§B§0§0§ln §x§F§F§0§9§0§0§lL§x§F§F§0§0§0§0§lo§x§F§F§0§A§0§0§lr§x§F§F§1§5§0§0§ld §x§F§F§2§9§0§0§lB§x§F§F§3§4§0§0§lo§x§F§F§3§E§0§0§lw in auction for 1300000.
[14:51:03] > Zypher_0w0 remove x1 §x§F§F§5§5§0§0§lsᴇʟʟᴡᴀɴᴅ §6- 5.0x form buy
[14:51:03] > Zypher_0w0 remove x1 §x§F§F§5§5§0§0§lsᴇʟʟᴡᴀɴᴅ §6- 10.0x form buy
[14:51:03] > Zypher_0w0 remove x1 §x§F§F§5§5§0§0§lsᴇʟʟᴡᴀɴᴅ §6- 5.0x form buy
[14:51:58] > llhxnce added x1 §x§F§F§5§5§0§0§lsᴇʟʟᴡᴀɴᴅ §6- 10.0x in auction for 1500000.
[14:53:26] > nebula12321 remove x1 §x§E§5§1§B§1§B§lDracula Bow form storage
[14:53:26] > nebula12321 remove x1 §x§F§F§3§E§0§0§lD§x§F§F§3§5§0§0§le§x§F§F§2§C§0§0§lm§x§F§F§2§3§0§0§lo§x§F§F§1§B§0§0§ln §x§F§F§0§9§0§0§lL§x§F§F§0§0§0§0§lo§x§F§F§0§A§0§0§lr§x§F§F§1§5§0§0§ld §x§F§F§2§9§0§0§lB§x§F§F§3§4§0§0§lo§x§F§F§3§E§0§0§lw form storage
[14:53:34] > nebula12321 added x1 §x§F§F§3§E§0§0§lD§x§F§F§3§5§0§0§le§x§F§F§2§C§0§0§lm§x§F§F§2§3§0§0§lo§x§F§F§1§B§0§0§ln §x§F§F§0§9§0§0§lL§x§F§F§0§0§0§0§lo§x§F§F§0§A§0§0§lr§x§F§F§1§5§0§0§ld §x§F§F§2§9§0§0§lB§x§F§F§3§4§0§0§lo§x§F§F§3§E§0§0§lw in auction for 50000.
[14:53:42] > Apprintance buy x1 §x§F§F§3§E§0§0§lD§x§F§F§3§5§0§0§le§x§F§F§2§C§0§0§lm§x§F§F§2§3§0§0§lo§x§F§F§1§B§0§0§ln §x§F§F§0§9§0§0§lL§x§F§F§0§0§0§0§lo§x§F§F§0§A§0§0§lr§x§F§F§1§5§0§0§ld §x§F§F§2§9§0§0§lB§x§F§F§3§4§0§0§lo§x§F§F§3§E§0§0§lw to nebula12321 for $50,000.
[14:54:09] > MhicksGaming buy x1 §f§l§8B§x§6§4§6§4§6§4a§x§7§4§7§4§7§4h§x§8§3§8§3§8§3a§x§9§3§9§3§9§3m§x§A§2§A§2§A§2ut§x§9§3§9§3§9§3 §x§8§3§8§3§8§3M§x§7§4§7§4§7§4a§x§6§4§6§4§6§4c§8e to Icon_Skully for $125,000.
[14:54:12] > nebula12321 added x1 §x§E§5§1§B§1§B§lDracula Bow in auction for 350000.
[14:54:24] > MhicksGaming remove x1 §f§l§8B§x§6§4§6§4§6§4a§x§7§4§7§4§7§4h§x§8§3§8§3§8§3a§x§9§3§9§3§9§3m§x§A§2§A§2§A§2ut§x§9§3§9§3§9§3 §x§8§3§8§3§8§3M§x§7§4§7§4§7§4a§x§6§4§6§4§6§4c§8e from buy
[14:59:26] > Trapers1 added x1 §x§F§F§5§5§0§0§lsᴇʟʟᴡᴀɴᴅ §7(100) in auction for 350000.
[14:59:51] > Zypher_0w0 buy x1 §x§F§F§5§5§0§0§lsᴇʟʟᴡᴀɴᴅ §7(100) to Trapers1 for $350,000.
[15:07:44] > Trapers1 added x64 Crafting table in auction for 64.
[15:07:49] > Apprintance buy x64 Crafting table to Trapers1 for $64.
[15:21:54] > NoClarity added x1 Enchanted book in auction for 20.
[15:21:54] > x1 Shulker box on sale by nagiiish has just expired, it goes in the inventory of expired items.
[15:22:00] > Trapers1 buy x1 Enchanted book to NoClarity for $20.
[15:24:26] > NoClarity added x1 Flow armor trim smithing template in auction for 50.
[15:24:30] > Trapers1 buy x1 Flow armor trim smithing template to NoClarity for $50.
[15:25:07] > Trapers1 remove x1 Flow armor trim smithing template form buy
[15:25:07] > Trapers1 remove x1 Enchanted book form buy
[15:36:47] > Icon_Skully remove x1 §x§F§F§5§5§0§0§lsᴇʟʟᴡᴀɴᴅ §6- 5.0x from buy
[15:44:50] > x1 §f§l§x§8§A§0§0§F§FS§x§9§8§0§0§D§Dh§x§A§6§0§0§B§Bi§x§B§4§0§0§9§9n§x§C§2§0§0§7§7e§x§D§0§0§0§5§5 §x§D§E§0§0§3§3O§x§E§C§0§0§1§1ni§x§D§E§0§0§3§3 §x§D§0§0§0§5§5S§x§C§2§0§0§7§7i§x§B§4§0§0§9§9c§x§A§6§0§0§B§Bk§x§9§8§0§0§D§Dl§x§8§A§0§0§F§Fe on sale by nnorv1 has just expired, it goes in the inventory of expired items.
[15:54:48] > nebula12321 added x1 §x§E§4§3§A§3§A§lC§x§C§E§5§0§3§A§lh§x§B§9§6§6§3§9§lr§x§A§3§7§C§3§9§li§x§8§E§9§2§3§9§ls§x§7§8§A§8§3§9§lt§x§6§3§B§E§3§8§lm§x§4§D§D§4§3§8§la§x§6§3§B§E§3§8§ls §x§8§E§9§2§3§9§lG§x§A§3§7§C§3§9§ll§x§B§9§6§6§3§9§lo§x§C§E§5§0§3§A§lb§x§E§4§3§A§3§A§le in auction for 1500000.
[15:55:57] > nebula12321 remove x1 §x§E§4§3§A§3§A§lC§x§C§E§5§0§3§A§lh§x§B§9§6§6§3§9§lr§x§A§3§7§C§3§9§li§x§8§E§9§2§3§9§ls§x§7§8§A§8§3§9§lt§x§6§3§B§E§3§8§lm§x§4§D§D§4§3§8§la§x§6§3§B§E§3§8§ls §x§8§E§9§2§3§9§lG§x§A§3§7§C§3§9§ll§x§B§9§6§6§3§9§lo§x§C§E§5§0§3§A§lb§x§E§4§3§A§3§A§le from storage
[15:58:14] > Trapers1 remove x1 §x§E§4§3§A§9§6§lW§x§E§7§5§3§A§3§lI§x§E§B§6§B§B§0§lN§x§E§E§8§4§B§D§lG§x§F§2§9§D§C§B§lS §x§F§8§C§E§E§5§lO§x§F§C§E§6§F§2§lF §x§F§C§E§6§F§2§lE§x§F§8§C§E§E§5§lT§x§F§5§B§5§D§8§lE§x§F§2§9§D§C§B§lR§x§E§E§8§4§B§D§lN§x§E§B§6§B§B§0§lI§x§E§7§5§3§A§3§lT§x§E§4§3§A§9§6§lY form storage
[15:58:23] > Trapers1 added x1 §x§E§4§3§A§9§6§lW§x§E§7§5§3§A§3§lI§x§E§B§6§B§B§0§lN§x§E§E§8§4§B§D§lG§x§F§2§9§D§C§B§lS §x§F§8§C§E§E§5§lO§x§F§C§E§6§F§2§lF §x§F§C§E§6§F§2§lE§x§F§8§C§E§E§5§lT§x§F§5§B§5§D§8§lE§x§F§2§9§D§C§B§lR§x§E§E§8§4§B§D§lN§x§E§B§6§B§B§0§lI§x§E§7§5§3§A§3§lT§x§E§4§3§A§9§6§lY in auction for 8000000.
[15:58:55] > nebula12321 added x1 §x§E§4§3§A§3§A§lC§x§C§E§5§0§3§A§lh§x§B§9§6§6§3§9§lr§x§A§3§7§C§3§9§li§x§8§E§9§2§3§9§ls§x§7§8§A§8§3§9§lt§x§6§3§B§E§3§8§lm§x§4§D§D§4§3§8§la§x§6§3§B§E§3§8§ls §x§8§E§9§2§3§9§lG§x§A§3§7§C§3§9§ll§x§B§9§6§6§3§9§lo§x§C§E§5§0§3§A§lb§x§E§4§3§A§3§A§le in auction for 1200000.
[15:58:55] > x1 §x§F§F§3§E§0§0§lD§x§F§F§3§7§0§0§le§x§F§F§3§0§0§0§lm§x§F§F§2§9§0§0§lo§x§F§F§2§2§0§0§ln §x§F§F§1§5§0§0§lL§x§F§F§0§E§0§0§lo§x§F§F§0§7§0§0§lr§x§F§F§0§0§0§0§ld §x§F§F§0§E§0§0§lL§x§F§F§1§5§0§0§le§x§F§F§1§C§0§0§lg§x§F§F§2§2§0§0§lg§x§F§F§2§9§0§0§li§x§F§F§3§0§0§0§ln§x§F§F§3§7§0§0§lg§x§F§F§3§E§0§0§ls on sale by Zypher_0w0 has just expired, it goes in the inventory of expired items.
[16:00:18] > Joxthin buy x1 §f§l§8B§x§5§E§5§E§5§Ea§x§6§8§6§8§6§8h§x§7§1§7§1§7§1a§x§7§B§7§B§7§Bm§x§8§4§8§4§8§4u§x§8§E§8§E§8§Et§x§9§7§9§7§9§7 §x§A§1§A§1§A§1F§7i§x§A§1§A§1§A§1s§x§9§7§9§7§9§7h§x§8§E§8§E§8§Ei§x§8§4§8§4§8§4n§x§7§B§7§B§7§Bg§x§7§1§7§1§7§1 §x§6§8§6§8§6§8R§x§5§E§5§E§5§Eo§8d to Ryzxc for $150,000.
[16:01:52] > Joxthin remove x1 §f§l§8B§x§5§E§5§E§5§Ea§x§6§8§6§8§6§8h§x§7§1§7§1§7§1a§x§7§B§7§B§7§Bm§x§8§4§8§4§8§4u§x§8§E§8§E§8§Et§x§9§7§9§7§9§7 §x§A§1§A§1§A§1F§7i§x§A§1§A§1§A§1s§x§9§7§9§7§9§7h§x§8§E§8§E§8§Ei§x§8§4§8§4§8§4n§x§7§B§7§B§7§Bg§x§7§1§7§1§7§1 §x§6§8§6§8§6§8R§x§5§E§5§E§5§Eo§8d from buy
[16:05:19] > EXEZUNO added x1 §x§F§C§D§0§5§C§lB§x§E§6§D§3§6§B§la§x§C§F§D§5§7§A§ls§x§B§9§D§8§8§9§li§x§A§2§D§A§9§8§lc §x§7§5§D§F§B§6§lC§x§5§F§E§2§C§5§lr§x§7§5§D§F§B§6§la§x§8§C§D§D§A§7§lt§x§A§2§D§A§9§8§le §x§C§F§D§5§7§A§lK§x§E§6§D§3§6§B§le§x§F§C§D§0§5§C§ly in auction for 15000.
[16:09:07] > nebula12321 added x4 Pale oak sapling in auction for 20000.
[16:09:35] > nebula12321 remove x4 Pale oak sapling from storage
[16:09:49] > nebula12321 added x1 Pale oak sapling in auction for 10000.
[16:09:55] > nebula12321 remove x1 Pale oak sapling from storage
[16:10:15] > nebula12321 added x4 Pale oak sapling in auction for 10000.
[16:11:17] > sinigang_nababoy remove x1 Enchanted book from buy
[16:16:03] > Enyara added x15 Iron block in auction for 10000.
[16:16:10] > Icon_Skully buy x15 Iron block to Enyara for $10,000.
[16:16:21] > Icon_Skully remove x15 Iron block from buy
[16:20:59] > sinigang_nababoy added x1 §fVex Plushie §6(#89/101) in auction for 40000.
[16:26:12] > FRANZ_JOSEF0 added x1 §f§l§8B§x§5§F§5§F§5§Fa§x§6§9§6§9§6§9h§x§7§3§7§3§7§3a§x§7§D§7§D§7§Dm§x§8§7§8§7§8§7u§x§9§1§9§1§9§1t§x§9§B§9§B§9§B §x§A§5§A§5§A§5Gr§x§9§B§9§B§9§Be§x§9§1§9§1§9§1a§x§8§7§8§7§8§7t§x§7§D§7§D§7§Ds§x§7§3§7§3§7§3w§x§6§9§6§9§6§9o§x§5§F§5§F§5§Fr§8d in auction for 500000.
[16:28:05] > sinigang_nababoy added x1 Bow in auction for 50000.
[16:29:31] > FRANZ_JOSEF0 buy x1 §f§l§8B§x§6§4§6§4§6§4a§x§7§4§7§4§7§4h§x§8§3§8§3§8§3a§x§9§3§9§3§9§3m§x§A§2§A§2§A§2ut§x§9§3§9§3§9§3 §x§8§3§8§3§8§3C§x§7§4§7§4§7§4l§x§6§4§6§4§6§4u§8b to Apprintance for $100,000.
[16:29:38] > FRANZ_JOSEF0 remove x1 §f§l§8B§x§6§4§6§4§6§4a§x§7§4§7§4§7§4h§x§8§3§8§3§8§3a§x§9§3§9§3§9§3m§x§A§2§A§2§A§2ut§x§9§3§9§3§9§3 §x§8§3§8§3§8§3C§x§7§4§7§4§7§4l§x§6§4§6§4§6§4u§8b from buy
[16:39:05] > vortexcore added x1 Enchanted golden apple in auction for 25000.
[16:39:18] > vortexcore added x1 Enchanted golden apple in auction for 25000.
[16:40:06] > vortexcore remove x1 Mace from storage
[16:41:05] > FRANZ_JOSEF0 buy x1 §f§l§8B§x§6§2§6§2§6§2a§x§6§F§6§F§6§Fh§x§7§C§7§C§7§Ca§x§8§9§8§9§8§9m§x§9§6§9§6§9§6u§x§A§3§A§3§A§3t §x§9§6§9§6§9§6H§x§8§9§8§9§8§9a§x§7§C§7§C§7§Cm§x§6§F§6§F§6§Fm§x§6§2§6§2§6§2e§8r to tasia for $500,000.
[16:41:09] > FRANZ_JOSEF0 remove x1 §f§l§8B§x§6§2§6§2§6§2a§x§6§F§6§F§6§Fh§x§7§C§7§C§7§Ca§x§8§9§8§9§8§9m§x§9§6§9§6§9§6u§x§A§3§A§3§A§3t §x§9§6§9§6§9§6H§x§8§9§8§9§8§9a§x§7§C§7§C§7§Cm§x§6§F§6§F§6§Fm§x§6§2§6§2§6§2e§8r from buy
[16:43:26] > 3xdmge added x15 §x§F§C§9§0§5§C§lE§x§E§6§9§C§6§B§lp§x§C§F§A§7§7§A§li§x§B§9§B§3§8§9§lc §x§8§C§C§B§A§7§lC§x§7§5§D§6§B§6§lr§x§5§F§E§2§C§5§la§x§7§9§D§4§B§4§lt§x§9§3§C§7§A§2§le §x§C§8§A§B§7§F§lK§x§E§2§9§E§6§E§le§x§F§C§9§0§5§C§ly in auction for 350000.
[16:45:32] > warenjay123 added x5 §x§F§C§9§0§5§C§lE§x§E§6§9§C§6§B§lp§x§C§F§A§7§7§A§li§x§B§9§B§3§8§9§lc §x§8§C§C§B§A§7§lC§x§7§5§D§6§B§6§lr§x§5§F§E§2§C§5§la§x§7§9§D§4§B§4§lt§x§9§3§C§7§A§2§le §x§C§8§A§B§7§F§lK§x§E§2§9§E§6§E§le§x§F§C§9§0§5§C§ly in auction for 10000.
[16:45:53] > warenjay123 added x1 §x§F§C§D§0§5§C§lB§x§E§6§D§3§6§B§la§x§C§F§D§5§7§A§ls§x§B§9§D§8§8§9§li§x§A§2§D§A§9§8§lc §x§7§5§D§F§B§6§lC§x§5§F§E§2§C§5§lr§x§7§5§D§F§B§6§la§x§8§C§D§D§A§7§lt§x§A§2§D§A§9§8§le §x§C§F§D§5§7§A§lK§x§E§6§D§3§6§B§le§x§F§C§D§0§5§C§ly in auction for 100000.
[16:45:56] > Apprintance buy x4 Pale oak sapling to nebula12321 for $10,000.
[16:46:37] > vortexcore buy x5 §x§F§C§9§0§5§C§lE§x§E§6§9§C§6§B§lp§x§C§F§A§7§7§A§li§x§B§9§B§3§8§9§lc §x§8§C§C§B§A§7§lC§x§7§5§D§6§B§6§lr§x§5§F§E§2§C§5§la§x§7§9§D§4§B§4§lt§x§9§3§C§7§A§2§le §x§C§8§A§B§7§F§lK§x§E§2§9§E§6§E§le§x§F§C§9§0§5§C§ly to warenjay123 for $10,000.
[16:46:38] > nebula12321 added x1 Enchanted book in auction for 3000.
[16:46:56] > vortexcore remove x5 §x§F§C§9§0§5§C§lE§x§E§6§9§C§6§B§lp§x§C§F§A§7§7§A§li§x§B§9§B§3§8§9§lc §x§8§C§C§B§A§7§lC§x§7§5§D§6§B§6§lr§x§5§F§E§2§C§5§la§x§7§9§D§4§B§4§lt§x§9§3§C§7§A§2§le §x§C§8§A§B§7§F§lK§x§E§2§9§E§6§E§le§x§F§C§9§0§5§C§ly from buy
[16:47:07] > vortexcore added x5 §x§F§C§9§0§5§C§lE§x§E§6§9§C§6§B§lp§x§C§F§A§7§7§A§li§x§B§9§B§3§8§9§lc §x§8§C§C§B§A§7§lC§x§7§5§D§6§B§6§lr§x§5§F§E§2§C§5§la§x§7§9§D§4§B§4§lt§x§9§3§C§7§A§2§le §x§C§8§A§B§7§F§lK§x§E§2§9§E§6§E§le§x§F§C§9§0§5§C§ly in auction for 65000.
[16:47:49] > ryise added x1 Bow in auction for 200000.
[16:50:05] > FRANZ_JOSEF0 added x1 §f§l§x§F§C§D§0§5§CW§x§F§A§A§6§4§Au§x§F§8§7§D§3§7k§x§F§7§5§3§2§5o§x§F§5§2§A§1§2n§x§F§3§0§0§0§0g§x§F§5§2§A§1§2 §x§F§7§5§3§2§5C§x§F§8§7§D§3§7l§x§F§A§A§6§4§Au§x§F§C§D§0§5§Cb in auction for 1000000.
[16:51:01] > monggol buy x10 §bEntropy Crystal §8(§310,000§8) to EXEZUNO for $700,000.
[16:51:14] > vortexcore remove x1 Enchanted golden apple from storage
[16:51:14] > vortexcore remove x1 Enchanted golden apple from storage
[16:51:23] > monggol remove x10 §bEntropy Crystal §8(§310,000§8) from buy
[16:51:28] > vortexcore added x1 Enchanted golden apple in auction for 10000.
[16:51:50] > vortexcore added x1 Enchanted golden apple in auction for 10000.
[16:52:07] > vortexcore remove x1 Enchanted golden apple from storage
[16:52:07] > vortexcore remove x1 Enchanted golden apple from storage
[16:52:09] > Zypher_0w0 buy x1 §x§F§F§3§E§0§0§lSellwand Voucher to dejuugarr for $999,999.
[16:52:19] > FRANZ_JOSEF0 added x1 §x§F§F§3§E§0§0§lDemon Lord Wings in auction for 3000000.
[16:52:27] > vortexcore added x1 Enchanted golden apple in auction for 75000.
[16:52:37] > vortexcore added x1 Enchanted golden apple in auction for 7500.
[16:52:39] > Zypher_0w0 remove x1 §x§F§F§3§E§0§0§lSellwand Voucher form buy
[16:52:39] > Zypher_0w0 remove x1 §x§F§F§5§5§0§0§lsᴇʟʟᴡᴀɴᴅ §7(100) form buy
[16:53:01] > vortexcore remove x1 Enchanted golden apple from storage
[16:53:06] > vortexcore remove x1 Enchanted golden apple from storage
[16:53:21] > vortexcore added x1 Enchanted golden apple in auction for 5000.
[16:53:35] > vortexcore added x1 Enchanted golden apple in auction for 5000.
[16:53:36] > Apprintance buy x1 Enchanted golden apple to vortexcore for $5,000.
[16:53:40] > Apprintance buy x1 Enchanted golden apple to vortexcore for $5,000.
[16:53:57] > FRANZ_JOSEF0 added x1 §aCthulhu in auction for 50000.
[16:57:57] > EXEZUNO remove x1 §x§F§F§3§E§0§0§lD§x§F§F§3§5§0§0§le§x§F§F§2§C§0§0§lm§x§F§F§2§3§0§0§lo§x§F§F§1§B§0§0§ln §x§F§F§0§9§0§0§lL§x§F§F§0§0§0§0§lo§x§F§F§0§A§0§0§lr§x§F§F§1§5§0§0§ld §x§F§F§2§9§0§0§lB§x§F§F§3§4§0§0§lo§x§F§F§3§E§0§0§lw from storage
[16:58:10] > EXEZUNO added x1 §x§F§F§3§E§0§0§lD§x§F§F§3§5§0§0§le§x§F§F§2§C§0§0§lm§x§F§F§2§3§0§0§lo§x§F§F§1§B§0§0§ln §x§F§F§0§9§0§0§lL§x§F§F§0§0§0§0§lo§x§F§F§0§A§0§0§lr§x§F§F§1§5§0§0§ld §x§F§F§2§9§0§0§lB§x§F§F§3§4§0§0§lo§x§F§F§3§E§0§0§lw in auction for 1000000.
[16:58:37] > EXEZUNO remove x1 §x§F§F§7§C§0§0§lSteamsparks Battle Axe from storage
[16:58:41] > nebula12321 buy x1 Music disc 13 to Julene for $20,000.
[16:58:51] > nebula12321 remove x1 Music disc 13 from buy
[16:59:05] > nebula12321 buy x1 Music disc 5 to Julene for $25,000.
[16:59:05] > EXEZUNO added x1 §x§F§F§7§C§0§0§lSteamsparks Battle Axe in auction for 400000.
[16:59:10] > nebula12321 remove x1 Music disc 5 from buy
[16:59:21] > nebula12321 buy x1 Music disc cat to Julene for $100,000.
[16:59:25] > nebula12321 remove x1 Music disc cat from buy
[17:00:14] > EXEZUNO buy x1 §x§F§F§3§E§0§0§lDemon Lord Wings to FRANZ_JOSEF0 for $3,000,000.
[17:00:22] > EXEZUNO remove x1 §x§F§F§3§E§0§0§lDemon Lord Wings from buy
[17:03:17] > Ryzxc added x1 Enchanted book in auction for 2000.
[17:03:36] > Kyle buy x1 Enchanted book to Ryzxc for $2,000.
[17:05:06] > Izumi remove x1 §x§F§F§7§C§0§0§lSteamsparks Wings from storage
[17:05:48] > CuddlyCow added x1 §x§F§C§D§0§5§C§lB§x§E§6§D§3§6§B§la§x§C§F§D§5§7§A§ls§x§B§9§D§8§8§9§li§x§A§2§D§A§9§8§lc §x§7§5§D§F§B§6§lC§x§5§F§E§2§C§5§lr§x§7§5§D§F§B§6§la§x§8§C§D§D§A§7§lt§x§A§2§D§A§9§8§le §x§C§F§D§5§7§A§lK§x§E§6§D§3§6§B§le§x§F§C§D§0§5§C§ly in auction for 10.
[17:05:53] > Trapers1 buy x1 §x§F§C§D§0§5§C§lB§x§E§6§D§3§6§B§la§x§C§F§D§5§7§A§ls§x§B§9§D§8§8§9§li§x§A§2§D§A§9§8§lc §x§7§5§D§F§B§6§lC§x§5§F§E§2§C§5§lr§x§7§5§D§F§B§6§la§x§8§C§D§D§A§7§lt§x§A§2§D§A§9§8§le §x§C§F§D§5§7§A§lK§x§E§6§D§3§6§B§le§x§F§C§D§0§5§C§ly to CuddlyCow for $10.
[17:06:09] > Wemmbuo buy x5 §x§F§C§9§0§5§C§lE§x§E§6§9§C§6§B§lp§x§C§F§A§7§7§A§li§x§B§9§B§3§8§9§lc §x§8§C§C§B§A§7§lC§x§7§5§D§6§B§6§lr§x§5§F§E§2§C§5§la§x§7§9§D§4§B§4§lt§x§9§3§C§7§A§2§le §x§C§8§A§B§7§F§lK§x§E§2§9§E§6§E§le§x§F§C§9§0§5§C§ly to vortexcore for $65,000.
[17:07:18] > warenjay123 remove x1 §x§F§C§D§0§5§C§lB§x§E§6§D§3§6§B§la§x§C§F§D§5§7§A§ls§x§B§9§D§8§8§9§li§x§A§2§D§A§9§8§lc §x§7§5§D§F§B§6§lC§x§5§F§E§2§C§5§lr§x§7§5§D§F§B§6§la§x§8§C§D§D§A§7§lt§x§A§2§D§A§9§8§le §x§C§F§D§5§7§A§lK§x§E§6§D§3§6§B§le§x§F§C§D§0§5§C§ly from storage
[17:07:29] > vortexcore added x1 §x§F§C§D§0§5§C§lB§x§E§6§D§3§6§B§la§x§C§F§D§5§7§A§ls§x§B§9§D§8§8§9§li§x§A§2§D§A§9§8§lc §x§7§5§D§F§B§6§lC§x§5§F§E§2§C§5§lr§x§7§5§D§F§B§6§la§x§8§C§D§D§A§7§lt§x§A§2§D§A§9§8§le §x§C§F§D§5§7§A§lK§x§E§6§D§3§6§B§le§x§F§C§D§0§5§C§ly in auction for 10000.
[17:07:45] > frenchhee added x16 White banner in auction for 10000.
[17:07:56] > frenchhee added x16 White banner in auction for 10000.
[17:08:07] > Izumi buy x1 §x§E§4§3§A§3§A§lC§x§C§E§5§0§3§A§lh§x§B§9§6§6§3§9§lr§x§A§3§7§C§3§9§li§x§8§E§9§2§3§9§ls§x§7§8§A§8§3§9§lt§x§6§3§B§E§3§8§lm§x§4§D§D§4§3§8§la§x§6§3§B§E§3§8§ls §x§8§E§9§2§3§9§lG§x§A§3§7§C§3§9§ll§x§B§9§6§6§3§9§lo§x§C§E§5§0§3§A§lb§x§E§4§3§A§3§A§le to nebula12321 for $1,200,000.
[17:08:09] > frenchhee added x12 White banner in auction for 5000.
[17:08:15] > Izumi remove x1 §x§E§4§3§A§3§A§lC§x§C§E§5§0§3§A§lh§x§B§9§6§6§3§9§lr§x§A§3§7§C§3§9§li§x§8§E§9§2§3§9§ls§x§7§8§A§8§3§9§lt§x§6§3§B§E§3§8§lm§x§4§D§D§4§3§8§la§x§6§3§B§E§3§8§ls §x§8§E§9§2§3§9§lG§x§A§3§7§C§3§9§ll§x§B§9§6§6§3§9§lo§x§C§E§5§0§3§A§lb§x§E§4§3§A§3§A§le from buy
[17:10:24] > Wemmbuo added x1 §f§bWither Plushie §6(#95/101) in auction for 400000.
[17:10:27] > nebula12321 added x1 §c§lPlatinum Lure in auction for 1200000.
[17:10:35] > nebula12321 remove x1 §c§lPlatinum Lure from storage
[17:10:48] > nebula12321 remove x1 Shulker box from expire
[17:10:49] > nebula12321 remove x1 §c§lPlatinum Lure from expire
[17:10:55] > Enyara added x1 §x§F§C§D§0§5§C§lB§x§E§6§D§3§6§B§la§x§C§F§D§5§7§A§ls§x§B§9§D§8§8§9§li§x§A§2§D§A§9§8§lc §x§7§5§D§F§B§6§lC§x§5§F§E§2§C§5§lr§x§7§5§D§F§B§6§la§x§8§C§D§D§A§7§lt§x§A§2§D§A§9§8§le §x§C§F§D§5§7§A§lK§x§E§6§D§3§6§B§le§x§F§C§D§0§5§C§ly in auction for 100000000000.
[17:11:07] > nebula12321 added x2 §c§lPlatinum Lure in auction for 1200000.
[17:12:13] > nebula12321 added x1 Shulker box in auction for 3500000.
[17:18:49] > Ryzxc added x1 Enchanted book in auction for 2000.
[17:19:11] > Enyara buy x12 White banner to frenchhee for $5,000.
[17:19:16] > Enyara remove x12 White banner from buy
[17:19:33] > Ryzxc added x1 Enchanted book in auction for 2000.
[17:19:52] > Kyle buy x1 Enchanted book to Ryzxc for $2,000.
[17:19:54] > Kyle buy x1 Enchanted book to Ryzxc for $2,000.
[17:23:22] > NoClarity added x1 Netherite block in auction for 90000.
[17:23:27] > nagiiish buy x1 Netherite block to NoClarity for $90,000.
[17:24:05] > NoClarity added x1 Netherite block in auction for 85000.
[17:24:09] > vortexcore buy x1 Netherite block to NoClarity for $85,000.
[17:24:17] > NoClarity added x1 Netherite block in auction for 85000.
[17:24:36] > NoClarity added x1 Netherite block in auction for 80000.
[17:24:36] > vortexcore remove x1 Netherite block from buy
[17:24:39] > 3xdmge buy x1 Netherite block to NoClarity for $85,000.
[17:24:49] > 3xdmge buy x1 Netherite block to NoClarity for $80,000.
[17:25:00] > 3xdmge remove x1 Netherite block from buy
[17:25:01] > 3xdmge remove x1 Netherite block from buy
[17:25:03] > NoClarity added x1 Netherite block in auction for 75000.
[17:25:10] > Kyle buy x1 Netherite block to NoClarity for $75,000.
[17:25:21] > NoClarity added x1 Netherite block in auction for 75000.
[17:25:24] > nagiiish buy x1 Netherite block to NoClarity for $75,000.
[17:25:43] > NoClarity added x1 Netherite block in auction for 10.
[17:25:48] > Kyle buy x1 Netherite block to NoClarity for $10.
[17:26:11] > NoClarity added x1 Netherite block in auction for 60000.
[17:26:16] > nagiiish buy x1 Netherite block to NoClarity for $60,000.
[17:26:24] > NoClarity added x1 Netherite block in auction for 60000.
[17:26:31] > nagiiish buy x1 Netherite block to NoClarity for $60,000.
[17:26:44] > NoClarity added x1 Netherite block in auction for 55000.
[17:26:48] > nagiiish buy x1 Netherite block to NoClarity for $55,000.
[17:27:12] > nagiiish remove x1 Netherite block form buy
[17:27:12] > nagiiish remove x1 Netherite block form buy
[17:27:12] > nagiiish remove x1 Netherite block form buy
[17:27:12] > nagiiish remove x1 Netherite block form buy
[17:27:12] > nagiiish remove x1 Netherite block form buy
[17:28:59] > vortexcore added x24 Diamond in auction for 75000.
[17:29:26] > PlayTexts remove x1 §x§E§5§1§B§1§B§lDracula Leggings from buy
[17:29:34] > Kyle remove x1 Enchanted book form buy
[17:29:34] > Kyle remove x1 Enchanted book form buy
[17:29:34] > Kyle remove x1 Enchanted book form buy
[17:29:34] > Kyle remove x1 Netherite block form buy
[17:29:34] > Kyle remove x1 Netherite block form buy
[17:29:54] > vortexcore remove x24 Diamond from storage
[17:29:58] > PlayTexts added x1 §x§E§5§1§B§1§B§lDracula Leggings in auction for 150000.
[17:31:27] > vortexcore added x4 Netherite ingot in auction for 40000.
[17:31:33] > Trapers1 buy x4 Netherite ingot to vortexcore for $40,000.
[17:33:17] > vortexcore remove x1 §x§F§C§D§0§5§C§lB§x§E§6§D§3§6§B§la§x§C§F§D§5§7§A§ls§x§B§9§D§8§8§9§li§x§A§2§D§A§9§8§lc §x§7§5§D§F§B§6§lC§x§5§F§E§2§C§5§lr§x§7§5§D§F§B§6§la§x§8§C§D§D§A§7§lt§x§A§2§D§A§9§8§le §x§C§F§D§5§7§A§lK§x§E§6§D§3§6§B§le§x§F§C§D§0§5§C§ly from storage
[17:33:22] > Trapers1 remove x4 Netherite ingot form buy
[17:33:22] > Trapers1 remove x1 §x§F§C§D§0§5§C§lB§x§E§6§D§3§6§B§la§x§C§F§D§5§7§A§ls§x§B§9§D§8§8§9§li§x§A§2§D§A§9§8§lc §x§7§5§D§F§B§6§lC§x§5§F§E§2§C§5§lr§x§7§5§D§F§B§6§la§x§8§C§D§D§A§7§lt§x§A§2§D§A§9§8§le §x§C§F§D§5§7§A§lK§x§E§6§D§3§6§B§le§x§F§C§D§0§5§C§ly form buy
[17:33:42] > vortexcore added x1 §x§F§C§D§0§5§C§lB§x§E§6§D§3§6§B§la§x§C§F§D§5§7§A§ls§x§B§9§D§8§8§9§li§x§A§2§D§A§9§8§lc §x§7§5§D§F§B§6§lC§x§5§F§E§2§C§5§lr§x§7§5§D§F§B§6§la§x§8§C§D§D§A§7§lt§x§A§2§D§A§9§8§le §x§C§F§D§5§7§A§lK§x§E§6§D§3§6§B§le§x§F§C§D§0§5§C§ly in auction for 10000.
[17:34:30] > Ryzxc remove x6 Flow armor trim smithing template from storage
[17:36:13] > Trapers1 added x19 Firework rocket in auction for 1000.
[17:37:30] > Wemmbuo remove x1 §f§l§x§E§4§3§A§3§AM§x§D§5§4§9§3§Ae§x§C§6§5§9§3§Ar§x§B§7§6§8§3§9r§x§A§8§7§8§3§9y§x§9§9§8§7§3§9 §x§8§9§9§6§3§9C§x§7§A§A§6§3§9h§x§6§B§B§5§3§8r§x§5§C§C§5§3§8i§x§4§D§D§4§3§8s§x§5§C§C§5§3§8t§x§6§B§B§5§3§8m§x§7§A§A§6§3§9a§x§8§9§9§6§3§9s§x§9§9§8§7§3§9 §x§A§8§7§8§3§9S§x§B§7§6§8§3§9w§x§C§6§5§9§3§Ao§x§D§5§4§9§3§Ar§x§E§4§3§A§3§Ad from storage
[17:37:45] > Wemmbuo added x1 §f§l§x§E§4§3§A§3§AM§x§D§5§4§9§3§Ae§x§C§6§5§9§3§Ar§x§B§7§6§8§3§9r§x§A§8§7§8§3§9y§x§9§9§8§7§3§9 §x§8§9§9§6§3§9C§x§7§A§A§6§3§9h§x§6§B§B§5§3§8r§x§5§C§C§5§3§8i§x§4§D§D§4§3§8s§x§5§C§C§5§3§8t§x§6§B§B§5§3§8m§x§7§A§A§6§3§9a§x§8§9§9§6§3§9s§x§9§9§8§7§3§9 §x§A§8§7§8§3§9S§x§B§7§6§8§3§9w§x§C§6§5§9§3§Ao§x§D§5§4§9§3§Ar§x§E§4§3§A§3§Ad in auction for 1030000.
[17:41:12] > makaylee added x1 §f§l§8B§x§6§6§6§6§6§6a§x§7§7§7§7§7§7h§x§8§8§8§8§8§8a§x§9§9§9§9§9§9m§7u§x§9§9§9§9§9§9t§x§8§8§8§8§8§8 §x§7§7§7§7§7§7H§x§6§6§6§6§6§6o§8e in auction for 10.
[17:41:16] > Trapers1 buy x1 §f§l§8B§x§6§6§6§6§6§6a§x§7§7§7§7§7§7h§x§8§8§8§8§8§8a§x§9§9§9§9§9§9m§7u§x§9§9§9§9§9§9t§x§8§8§8§8§8§8 §x§7§7§7§7§7§7H§x§6§6§6§6§6§6o§8e to makaylee for $10.
[17:44:47] > Trapers1 remove x1 §x§E§4§3§A§9§6§lW§x§E§7§5§3§A§3§lI§x§E§B§6§B§B§0§lN§x§E§E§8§4§B§D§lG§x§F§2§9§D§C§B§lS §x§F§8§C§E§E§5§lO§x§F§C§E§6§F§2§lF §x§F§C§E§6§F§2§lE§x§F§8§C§E§E§5§lT§x§F§5§B§5§D§8§lE§x§F§2§9§D§C§B§lR§x§E§E§8§4§B§D§lN§x§E§B§6§B§B§0§lI§x§E§7§5§3§A§3§lT§x§E§4§3§A§9§6§lY form storage
[17:44:47] > Trapers1 remove x19 Firework rocket form storage
[17:46:46] > NoClarity added x1 §f§l§x§8§A§0§0§F§FS§x§9§6§0§0§E§3h§x§A§1§0§0§C§6i§x§A§D§0§0§A§An§x§B§9§0§0§8§Ee§x§C§4§0§0§7§1 §x§D§0§0§0§5§5O§x§D§C§0§0§3§9n§x§E§7§0§0§1§Ci§x§F§3§0§0§0§0 §x§E§7§0§0§1§CB§x§D§C§0§0§3§9i§x§D§0§0§0§5§5g§x§C§4§0§0§7§1 §x§B§9§0§0§8§ES§x§A§D§0§0§A§Aw§x§A§1§0§0§C§6o§x§9§6§0§0§E§3r§x§8§A§0§0§F§Fd in auction for 2100000.
[17:48:02] > NoClarity added x1 Netherite chestplate in auction for 67000.
[17:48:23] > NoClarity remove x1 Netherite chestplate from storage
[17:48:46] > NoClarity remove x1 Netherite chestplate from expire
[17:48:52] > NoClarity added x1 Netherite chestplate in auction for 50000.
[18:05:10] > NoClarity remove x1 Netherite chestplate from storage
[18:05:16] > NoClarity added x1 Netherite chestplate in auction for 30000.
[18:05:31] > Broodie buy x1 Netherite chestplate to NoClarity for $30,000.
[18:05:48] > Zypher_0w0 added x1 §x§E§5§1§B§1§B§lDracula Key in auction for 100000.
[18:05:49] > vortexcore added x1 §x§F§F§5§5§0§0§lsᴇʟʟᴡᴀɴᴅ §6- 5.0x in auction for 450000.
[18:05:51] > Wemmbuo added x1 §x§F§F§3§E§0§0§lSellwand Voucher in auction for 950000.
[18:05:52] > Seikuji8811 added x1 §fMysterious Hat in auction for 60000.
[18:06:00] > Trapers1 buy x1 §x§E§5§1§B§1§B§lDracula Key to Zypher_0w0 for $100,000.
[18:06:02] > COSA_Shoyo added x1 §x§F§F§3§E§0§0§lSellwand Voucher in auction for 900000.
[18:06:05] > Wemmbuo added x1 §x§F§F§3§E§0§0§lSellwand Voucher in auction for 950000.
[18:06:07] > Trapers1 remove x1 §x§E§5§1§B§1§B§lDracula Key form buy
[18:06:07] > Trapers1 remove x1 §f§l§8B§x§6§6§6§6§6§6a§x§7§7§7§7§7§7h§x§8§8§8§8§8§8a§x§9§9§9§9§9§9m§7u§x§9§9§9§9§9§9t§x§8§8§8§8§8§8 §x§7§7§7§7§7§7H§x§6§6§6§6§6§6o§8e form buy
[18:06:29] > vortexcore remove x1 §x§F§C§D§0§5§C§lB§x§E§6§D§3§6§B§la§x§C§F§D§5§7§A§ls§x§B§9§D§8§8§9§li§x§A§2§D§A§9§8§lc §x§7§5§D§F§B§6§lC§x§5§F§E§2§C§5§lr§x§7§5§D§F§B§6§la§x§8§C§D§D§A§7§lt§x§A§2§D§A§9§8§le §x§C§F§D§5§7§A§lK§x§E§6§D§3§6§B§le§x§F§C§D§0§5§C§ly from storage
[18:06:44] > Kyle added x1 §x§F§F§3§E§0§0§lSellwand Voucher in auction for 1000000.
[18:07:38] > Kyle remove x1 §x§F§F§3§E§0§0§lSellwand Voucher from storage
[18:07:42] > x1 §x§F§F§7§C§0§0§lSteamsparks Boots on sale by alecczzz has just expired, it goes in the inventory of expired items.
[18:07:48] > NoClarity added x1 §x§F§F§3§E§0§0§lSellwand Voucher in auction for 750000.
[18:07:50] > EXEZUNO added x5 §x§F§C§9§0§5§C§lE§x§E§6§9§C§6§B§lp§x§C§F§A§7§7§A§li§x§B§9§B§3§8§9§lc §x§8§C§C§B§A§7§lC§x§7§5§D§6§B§6§lr§x§5§F§E§2§C§5§la§x§7§9§D§4§B§4§lt§x§9§3§C§7§A§2§le §x§C§8§A§B§7§F§lK§x§E§2§9§E§6§E§le§x§F§C§9§0§5§C§ly in auction for 80000.
[18:08:00] > sinigang_nababoy added x1 §x§F§F§5§5§0§0§lsᴇʟʟᴡᴀɴᴅ §6- 10.0x in auction for 900000.
[18:08:00] > NoClarity remove x1 §x§F§F§3§E§0§0§lSellwand Voucher from storage
[18:08:01] > EXEZUNO added x6 §x§F§C§D§0§5§C§lB§x§E§6§D§3§6§B§la§x§C§F§D§5§7§A§ls§x§B§9§D§8§8§9§li§x§A§2§D§A§9§8§lc §x§7§5§D§F§B§6§lC§x§5§F§E§2§C§5§lr§x§7§5§D§F§B§6§la§x§8§C§D§D§A§7§lt§x§A§2§D§A§9§8§le §x§C§F§D§5§7§A§lK§x§E§6§D§3§6§B§le§x§F§C§D§0§5§C§ly in auction for 30000.
[18:08:09] > vortexcore buy x6 §x§F§C§D§0§5§C§lB§x§E§6§D§3§6§B§la§x§C§F§D§5§7§A§ls§x§B§9§D§8§8§9§li§x§A§2§D§A§9§8§lc §x§7§5§D§F§B§6§lC§x§5§F§E§2§C§5§lr§x§7§5§D§F§B§6§la§x§8§C§D§D§A§7§lt§x§A§2§D§A§9§8§le §x§C§F§D§5§7§A§lK§x§E§6§D§3§6§B§le§x§F§C§D§0§5§C§ly to EXEZUNO for $30,000.
[18:08:13] > vortexcore remove x6 §x§F§C§D§0§5§C§lB§x§E§6§D§3§6§B§la§x§C§F§D§5§7§A§ls§x§B§9§D§8§8§9§li§x§A§2§D§A§9§8§lc §x§7§5§D§F§B§6§lC§x§5§F§E§2§C§5§lr§x§7§5§D§F§B§6§la§x§8§C§D§D§A§7§lt§x§A§2§D§A§9§8§le §x§C§F§D§5§7§A§lK§x§E§6§D§3§6§B§le§x§F§C§D§0§5§C§ly from buy
[18:08:23] > Wemmbuo remove x1 §x§F§F§3§E§0§0§lSellwand Voucher from storage
[18:08:23] > Wemmbuo remove x1 §x§F§F§3§E§0§0§lSellwand Voucher from storage
[18:08:25] > Zypher_0w0 added x64 Wither skeleton skull in auction for 320000.
[18:08:51] > vortexcore added x5 §x§F§C§D§0§5§C§lB§x§E§6§D§3§6§B§la§x§C§F§D§5§7§A§ls§x§B§9§D§8§8§9§li§x§A§2§D§A§9§8§lc §x§7§5§D§F§B§6§lC§x§5§F§E§2§C§5§lr§x§7§5§D§F§B§6§la§x§8§C§D§D§A§7§lt§x§A§2§D§A§9§8§le §x§C§F§D§5§7§A§lK§x§E§6§D§3§6§B§le§x§F§C§D§0§5§C§ly in auction for 65000.
[18:08:52] > NoClarity added x1 Netherite chestplate in auction for 30000.
[18:09:06] > PlayTexts added x1 §x§F§F§5§5§0§0§lsᴇʟʟᴡᴀɴᴅ §6- 5.0x in auction for 350000.
[18:09:09] > .eyushi4370 added x1 §x§F§C§D§0§5§C§lB§x§E§6§D§3§6§B§la§x§C§F§D§5§7§A§ls§x§B§9§D§8§8§9§li§x§A§2§D§A§9§8§lc §x§7§5§D§F§B§6§lC§x§5§F§E§2§C§5§lr§x§7§5§D§F§B§6§la§x§8§C§D§D§A§7§lt§x§A§2§D§A§9§8§le §x§C§F§D§5§7§A§lK§x§E§6§D§3§6§B§le§x§F§C§D§0§5§C§ly in auction for 20000.
[18:09:13] > Zypher_0w0 buy x1 §x§F§F§5§5§0§0§lsᴇʟʟᴡᴀɴᴅ §6- 5.0x to PlayTexts for $350,000.
[18:09:23] > Zypher_0w0 remove x1 §x§F§F§5§5§0§0§lsᴇʟʟᴡᴀɴᴅ §6- 5.0x form buy
[18:09:49] > Trapers1 added x1 §f§l§8B§x§6§6§6§6§6§6a§x§7§7§7§7§7§7h§x§8§8§8§8§8§8a§x§9§9§9§9§9§9m§7u§x§9§9§9§9§9§9t§x§8§8§8§8§8§8 §x§7§7§7§7§7§7H§x§6§6§6§6§6§6o§8e in auction for 100.
[18:09:57] > Zypher_0w0 buy x1 §f§l§8B§x§6§6§6§6§6§6a§x§7§7§7§7§7§7h§x§8§8§8§8§8§8a§x§9§9§9§9§9§9m§7u§x§9§9§9§9§9§9t§x§8§8§8§8§8§8 §x§7§7§7§7§7§7H§x§6§6§6§6§6§6o§8e to Trapers1 for $100.
[18:14:59] > vortexcore remove x1 §x§F§F§5§5§0§0§lsᴇʟʟᴡᴀɴᴅ §6- 5.0x from storage
[18:15:06] > vortexcore added x1 §x§F§F§5§5§0§0§lsᴇʟʟᴡᴀɴᴅ §6- 5.0x in auction for 400000.
[18:15:16] > Zypher_0w0 buy x1 §x§F§F§5§5§0§0§lsᴇʟʟᴡᴀɴᴅ §6- 5.0x to vortexcore for $400,000.
[18:15:35] > Zypher_0w0 remove x1 §x§F§F§5§5§0§0§lsᴇʟʟᴡᴀɴᴅ §6- 5.0x form buy
[18:15:35] > Zypher_0w0 remove x1 §f§l§8B§x§6§6§6§6§6§6a§x§7§7§7§7§7§7h§x§8§8§8§8§8§8a§x§9§9§9§9§9§9m§7u§x§9§9§9§9§9§9t§x§8§8§8§8§8§8 §x§7§7§7§7§7§7H§x§6§6§6§6§6§6o§8e form buy
[18:15:43] > Zypher_0w0 buy x1 §x§F§F§5§5§0§0§lsᴇʟʟᴡᴀɴᴅ §6- 10.0x to sinigang_nababoy for $900,000.
[18:15:46] > Zypher_0w0 remove x1 §x§F§F§5§5§0§0§lsᴇʟʟᴡᴀɴᴅ §6- 10.0x form buy
[18:17:20] > Zypher_0w0 buy x1 §x§F§F§3§E§0§0§lSellwand Voucher to COSA_Shoyo for $900,000.
[18:17:23] > Zypher_0w0 remove x1 §x§F§F§3§E§0§0§lSellwand Voucher form buy
[18:19:26] > Zypher_0w0 remove x1 §x§5§9§A§1§D§9§lA§x§7§5§B§1§D§Fr§x§9§0§C§0§E§6c§x§A§C§D§0§E§Ch§x§C§8§E§0§F§2a§x§E§3§E§F§F§9n§fg§x§E§3§E§F§F§9e§x§C§8§E§0§F§2l §x§9§0§C§0§E§6K§x§7§5§B§1§D§Fe§x§5§9§A§1§D§9y from expire
[18:19:27] > Zypher_0w0 remove x1 §x§5§9§A§1§D§9§lA§x§7§5§B§1§D§Fr§x§9§0§C§0§E§6c§x§A§C§D§0§E§Ch§x§C§8§E§0§F§2a§x§E§3§E§F§F§9n§fg§x§E§3§E§F§F§9e§x§C§8§E§0§F§2l §x§9§0§C§0§E§6K§x§7§5§B§1§D§Fe§x§5§9§A§1§D§9y from expire
[18:19:29] > Zypher_0w0 remove x1 §x§F§F§3§E§0§0§lD§x§F§F§3§7§0§0§le§x§F§F§3§0§0§0§lm§x§F§F§2§9§0§0§lo§x§F§F§2§2§0§0§ln §x§F§F§1§5§0§0§lL§x§F§F§0§E§0§0§lo§x§F§F§0§7§0§0§lr§x§F§F§0§0§0§0§ld §x§F§F§0§E§0§0§lL§x§F§F§1§5§0§0§le§x§F§F§1§C§0§0§lg§x§F§F§2§2§0§0§lg§x§F§F§2§9§0§0§li§x§F§F§3§0§0§0§ln§x§F§F§3§7§0§0§lg§x§F§F§3§E§0§0§ls from expire
[18:19:52] > Zypher_0w0 added x1 §x§5§9§A§1§D§9§lA§x§7§5§B§1§D§Fr§x§9§0§C§0§E§6c§x§A§C§D§0§E§Ch§x§C§8§E§0§F§2a§x§E§3§E§F§F§9n§fg§x§E§3§E§F§F§9e§x§C§8§E§0§F§2l §x§9§0§C§0§E§6K§x§7§5§B§1§D§Fe§x§5§9§A§1§D§9y in auction for 1500000.
[18:20:07] > Zypher_0w0 added x1 §x§5§9§A§1§D§9§lA§x§7§5§B§1§D§Fr§x§9§0§C§0§E§6c§x§A§C§D§0§E§Ch§x§C§8§E§0§F§2a§x§E§3§E§F§F§9n§fg§x§E§3§E§F§F§9e§x§C§8§E§0§F§2l §x§9§0§C§0§E§6K§x§7§5§B§1§D§Fe§x§5§9§A§1§D§9y in auction for 1500000.
[18:20:52] > vortexcore added x1 Mace in auction for 1500000.
[18:21:04] > Zypher_0w0 buy x1 §x§F§F§5§5§0§0§lsᴇʟʟᴡᴀɴᴅ §6- 10.0x to llhxnce for $1,500,000.
[18:21:08] > Zypher_0w0 remove x1 §x§F§F§5§5§0§0§lsᴇʟʟᴡᴀɴᴅ §6- 10.0x form buy
[18:24:02] > vortexcore remove x5 §x§F§C§D§0§5§C§lB§x§E§6§D§3§6§B§la§x§C§F§D§5§7§A§ls§x§B§9§D§8§8§9§li§x§A§2§D§A§9§8§lc §x§7§5§D§F§B§6§lC§x§5§F§E§2§C§5§lr§x§7§5§D§F§B§6§la§x§8§C§D§D§A§7§lt§x§A§2§D§A§9§8§le §x§C§F§D§5§7§A§lK§x§E§6§D§3§6§B§le§x§F§C§D§0§5§C§ly from storage
[18:24:08] > vortexcore added x5 §x§F§C§D§0§5§C§lB§x§E§6§D§3§6§B§la§x§C§F§D§5§7§A§ls§x§B§9§D§8§8§9§li§x§A§2§D§A§9§8§lc §x§7§5§D§F§B§6§lC§x§5§F§E§2§C§5§lr§x§7§5§D§F§B§6§la§x§8§C§D§D§A§7§lt§x§A§2§D§A§9§8§le §x§C§F§D§5§7§A§lK§x§E§6§D§3§6§B§le§x§F§C§D§0§5§C§ly in auction for 60000.
[18:26:22] > EnderDragon0120 added x1 §x§F§F§7§C§0§0§lSteamsparks Battle Axe in auction for 180000.
[18:32:13] > Zypher_0w0 added x1 Fireworks Duration 3 in auction for 100000.
[18:32:33] > Zypher_0w0 remove x64 Wither skeleton skull from storage
[18:32:49] > Zypher_0w0 added x1 Fireworks Duration 3 in auction for 100000.
[18:33:03] > Kyle buy x1 §x§E§5§1§B§1§B§lDracula Hoe to R4YVEN for $50,000.
[18:34:06] > Zypher_0w0 remove x1 §f§l§8B§x§6§6§6§6§6§6a§x§7§7§7§7§7§7h§x§8§8§8§8§8§8a§x§9§9§9§9§9§9m§7u§x§9§9§9§9§9§9t§x§8§8§8§8§8§8 §x§7§7§7§7§7§7K§x§6§6§6§6§6§6e§8y from storage
[18:34:07] > Anc_Kyoto buy x1 §f§l§x§8§A§0§0§F§FS§x§9§C§0§0§D§5h§x§A§D§0§0§A§Ai§x§B§F§0§0§8§0n§x§D§0§0§0§5§5e§x§E§2§0§0§2§B §x§F§3§0§0§0§0O§x§E§2§0§0§2§An§x§D§0§0§0§5§5i§x§B§F§0§0§8§0 §x§A§D§0§0§A§AA§x§9§C§0§0§D§5x§x§8§A§0§0§F§Fe to Ryzxc for $1,000,000.
[18:34:15] > Anc_Kyoto remove x1 §f§l§x§8§A§0§0§F§FS§x§9§C§0§0§D§5h§x§A§D§0§0§A§Ai§x§B§F§0§0§8§0n§x§D§0§0§0§5§5e§x§E§2§0§0§2§B §x§F§3§0§0§0§0O§x§E§2§0§0§2§An§x§D§0§0§0§5§5i§x§B§F§0§0§8§0 §x§A§D§0§0§A§AA§x§9§C§0§0§D§5x§x§8§A§0§0§F§Fe from buy
[18:34:16] > Zypher_0w0 added x1 §f§l§8B§x§6§6§6§6§6§6a§x§7§7§7§7§7§7h§x§8§8§8§8§8§8a§x§9§9§9§9§9§9m§7u§x§9§9§9§9§9§9t§x§8§8§8§8§8§8 §x§7§7§7§7§7§7K§x§6§6§6§6§6§6e§8y in auction for 450000.
[18:34:23] > Kyle buy x1 §x§E§5§1§B§1§B§lDracula Battleaxe to Biloo for $200,000.
[18:34:33] > Kyle remove x1 §x§E§5§1§B§1§B§lDracula Hoe form buy
[18:34:33] > Kyle remove x1 §x§E§5§1§B§1§B§lDracula Battleaxe form buy
[18:37:22] > Anc_Kyoto added x1 §x§F§F§3§E§0§0§lD§x§F§F§3§8§0§0§le§x§F§F§3§2§0§0§lm§x§F§F§2§B§0§0§lo§x§F§F§2§5§0§0§ln §x§F§F§1§9§0§0§lL§x§F§F§1§3§0§0§lo§x§F§F§0§C§0§0§lr§x§F§F§0§6§0§0§ld §x§F§F§0§6§0§0§lB§x§F§F§0§C§0§0§la§x§F§F§1§3§0§0§lt§x§F§F§1§9§0§0§lt§x§F§F§1§F§0§0§ll§x§F§F§2§5§0§0§le §x§F§F§3§2§0§0§lA§x§F§F§3§8§0§0§lx§x§F§F§3§E§0§0§le in auction for 750000.
[18:42:52] > EnderDragon0120 added x1 §f§l§8B§x§6§6§6§6§6§6a§x§7§7§7§7§7§7h§x§8§8§8§8§8§8a§x§9§9§9§9§9§9m§7u§x§9§9§9§9§9§9t§x§8§8§8§8§8§8 §x§7§7§7§7§7§7B§x§6§6§6§6§6§6o§8w in auction for 550000.
[18:49:51] > vortexcore remove x5 §x§F§C§D§0§5§C§lB§x§E§6§D§3§6§B§la§x§C§F§D§5§7§A§ls§x§B§9§D§8§8§9§li§x§A§2§D§A§9§8§lc §x§7§5§D§F§B§6§lC§x§5§F§E§2§C§5§lr§x§7§5§D§F§B§6§la§x§8§C§D§D§A§7§lt§x§A§2§D§A§9§8§le §x§C§F§D§5§7§A§lK§x§E§6§D§3§6§B§le§x§F§C§D§0§5§C§ly from storage
[18:49:51] > vortexcore remove x1 Mace from storage
[18:49:59] > vortexcore added x5 §x§F§C§D§0§5§C§lB§x§E§6§D§3§6§B§la§x§C§F§D§5§7§A§ls§x§B§9§D§8§8§9§li§x§A§2§D§A§9§8§lc §x§7§5§D§F§B§6§lC§x§5§F§E§2§C§5§lr§x§7§5§D§F§B§6§la§x§8§C§D§D§A§7§lt§x§A§2§D§A§9§8§le §x§C§F§D§5§7§A§lK§x§E§6§D§3§6§B§le§x§F§C§D§0§5§C§ly in auction for 55000.
[18:50:12] > vortexcore added x1 Mace in auction for 1000000.
[18:51:16] > cart224 added x1 Mace in auction for 1000000.
[18:51:29] > vortexcore remove x1 Mace from storage
[19:02:23] > CuddlyCow added x1 §x§F§C§D§0§5§C§lB§x§E§6§D§3§6§B§la§x§C§F§D§5§7§A§ls§x§B§9§D§8§8§9§li§x§A§2§D§A§9§8§lc §x§7§5§D§F§B§6§lC§x§5§F§E§2§C§5§lr§x§7§5§D§F§B§6§la§x§8§C§D§D§A§7§lt§x§A§2§D§A§9§8§le §x§C§F§D§5§7§A§lK§x§E§6§D§3§6§B§le§x§F§C§D§0§5§C§ly in auction for 10.
[19:02:28] > Trapers1 buy x1 §x§F§C§D§0§5§C§lB§x§E§6§D§3§6§B§la§x§C§F§D§5§7§A§ls§x§B§9§D§8§8§9§li§x§A§2§D§A§9§8§lc §x§7§5§D§F§B§6§lC§x§5§F§E§2§C§5§lr§x§7§5§D§F§B§6§la§x§8§C§D§D§A§7§lt§x§A§2§D§A§9§8§le §x§C§F§D§5§7§A§lK§x§E§6§D§3§6§B§le§x§F§C§D§0§5§C§ly to CuddlyCow for $10.
[19:02:33] > Trapers1 remove x1 §x§F§C§D§0§5§C§lB§x§E§6§D§3§6§B§la§x§C§F§D§5§7§A§ls§x§B§9§D§8§8§9§li§x§A§2§D§A§9§8§lc §x§7§5§D§F§B§6§lC§x§5§F§E§2§C§5§lr§x§7§5§D§F§B§6§la§x§8§C§D§D§A§7§lt§x§A§2§D§A§9§8§le §x§C§F§D§5§7§A§lK§x§E§6§D§3§6§B§le§x§F§C§D§0§5§C§ly form buy
[19:02:34] > iiYang buy x5 §x§F§C§D§0§5§C§lB§x§E§6§D§3§6§B§la§x§C§F§D§5§7§A§ls§x§B§9§D§8§8§9§li§x§A§2§D§A§9§8§lc §x§7§5§D§F§B§6§lC§x§5§F§E§2§C§5§lr§x§7§5§D§F§B§6§la§x§8§C§D§D§A§7§lt§x§A§2§D§A§9§8§le §x§C§F§D§5§7§A§lK§x§E§6§D§3§6§B§le§x§F§C§D§0§5§C§ly to vortexcore for $55,000.
[19:04:33] > vortexcore added x5 §x§F§C§D§0§5§C§lB§x§E§6§D§3§6§B§la§x§C§F§D§5§7§A§ls§x§B§9§D§8§8§9§li§x§A§2§D§A§9§8§lc §x§7§5§D§F§B§6§lC§x§5§F§E§2§C§5§lr§x§7§5§D§F§B§6§la§x§8§C§D§D§A§7§lt§x§A§2§D§A§9§8§le §x§C§F§D§5§7§A§lK§x§E§6§D§3§6§B§le§x§F§C§D§0§5§C§ly in auction for 50000.
[19:04:41] > vortexcore remove x5 §x§F§C§D§0§5§C§lB§x§E§6§D§3§6§B§la§x§C§F§D§5§7§A§ls§x§B§9§D§8§8§9§li§x§A§2§D§A§9§8§lc §x§7§5§D§F§B§6§lC§x§5§F§E§2§C§5§lr§x§7§5§D§F§B§6§la§x§8§C§D§D§A§7§lt§x§A§2§D§A§9§8§le §x§C§F§D§5§7§A§lK§x§E§6§D§3§6§B§le§x§F§C§D§0§5§C§ly from storage
[19:04:58] > vortexcore added x5 §x§F§C§D§0§5§C§lB§x§E§6§D§3§6§B§la§x§C§F§D§5§7§A§ls§x§B§9§D§8§8§9§li§x§A§2§D§A§9§8§lc §x§7§5§D§F§B§6§lC§x§5§F§E§2§C§5§lr§x§7§5§D§F§B§6§la§x§8§C§D§D§A§7§lt§x§A§2§D§A§9§8§le §x§C§F§D§5§7§A§lK§x§E§6§D§3§6§B§le§x§F§C§D§0§5§C§ly in auction for 55670.
[19:05:07] > PlayTexts buy x5 §x§F§C§D§0§5§C§lB§x§E§6§D§3§6§B§la§x§C§F§D§5§7§A§ls§x§B§9§D§8§8§9§li§x§A§2§D§A§9§8§lc §x§7§5§D§F§B§6§lC§x§5§F§E§2§C§5§lr§x§7§5§D§F§B§6§la§x§8§C§D§D§A§7§lt§x§A§2§D§A§9§8§le §x§C§F§D§5§7§A§lK§x§E§6§D§3§6§B§le§x§F§C§D§0§5§C§ly to vortexcore for $55,670.
[19:05:12] > PlayTexts remove x5 §x§F§C§D§0§5§C§lB§x§E§6§D§3§6§B§la§x§C§F§D§5§7§A§ls§x§B§9§D§8§8§9§li§x§A§2§D§A§9§8§lc §x§7§5§D§F§B§6§lC§x§5§F§E§2§C§5§lr§x§7§5§D§F§B§6§la§x§8§C§D§D§A§7§lt§x§A§2§D§A§9§8§le §x§C§F§D§5§7§A§lK§x§E§6§D§3§6§B§le§x§F§C§D§0§5§C§ly from buy
[19:05:32] > Icon_Skully added x1 §f§l§x§8§A§0§0§F§FS§x§9§5§0§0§E§4h§x§A§0§0§0§C§9i§x§A§B§0§0§A§En§x§B§6§0§0§9§4e§x§C§1§0§0§7§9 §x§C§C§0§0§5§EO§x§D§7§0§0§4§3n§x§E§2§0§0§2§8i§x§E§D§0§0§0§D B§x§E§2§0§0§2§8a§x§D§7§0§0§4§3t§x§C§C§0§0§5§Et§x§C§1§0§0§7§9l§x§B§6§0§0§9§4e§x§A§B§0§0§A§E §x§A§0§0§0§C§9A§x§9§5§0§0§E§4x§x§8§A§0§0§F§Fe in auction for 1300000.
[19:07:42] > ryise remove x1 Bow from storage
[19:08:10] > Icon_Skully remove x1 §f§l§x§8§A§0§0§F§FS§x§9§5§0§0§E§4h§x§A§0§0§0§C§9i§x§A§B§0§0§A§En§x§B§6§0§0§9§4e§x§C§1§0§0§7§9 §x§C§C§0§0§5§EO§x§D§7§0§0§4§3n§x§E§2§0§0§2§8i§x§E§D§0§0§0§D B§x§E§2§0§0§2§8a§x§D§7§0§0§4§3t§x§C§C§0§0§5§Et§x§C§1§0§0§7§9l§x§B§6§0§0§9§4e§x§A§B§0§0§A§E §x§A§0§0§0§C§9A§x§9§5§0§0§E§4x§x§8§A§0§0§F§Fe from storage
[19:08:11] > ryise added x1 Bow in auction for 200000.
[19:09:03] > Icon_Skully added x1 §f§l§x§8§A§0§0§F§FS§x§9§5§0§0§E§4h§x§A§0§0§0§C§9i§x§A§B§0§0§A§En§x§B§6§0§0§9§4e§x§C§1§0§0§7§9 §x§C§C§0§0§5§EO§x§D§7§0§0§4§3n§x§E§2§0§0§2§8i§x§E§D§0§0§0§D B§x§E§2§0§0§2§8a§x§D§7§0§0§4§3t§x§C§C§0§0§5§Et§x§C§1§0§0§7§9l§x§B§6§0§0§9§4e§x§A§B§0§0§A§E §x§A§0§0§0§C§9A§x§9§5§0§0§E§4x§x§8§A§0§0§F§Fe in auction for 1000000.
[19:09:06] > RebornKimmy buy x1 §f§l§x§8§A§0§0§F§FS§x§9§5§0§0§E§4h§x§A§0§0§0§C§9i§x§A§B§0§0§A§En§x§B§6§0§0§9§4e§x§C§1§0§0§7§9 §x§C§C§0§0§5§EO§x§D§7§0§0§4§3n§x§E§2§0§0§2§8i§x§E§D§0§0§0§D B§x§E§2§0§0§2§8a§x§D§7§0§0§4§3t§x§C§C§0§0§5§Et§x§C§1§0§0§7§9l§x§B§6§0§0§9§4e§x§A§B§0§0§A§E §x§A§0§0§0§C§9A§x§9§5§0§0§E§4x§x§8§A§0§0§F§Fe to Icon_Skully for $1,000,000.
[19:09:27] > RebornKimmy remove x1 §f§l§x§8§A§0§0§F§FS§x§9§5§0§0§E§4h§x§A§0§0§0§C§9i§x§A§B§0§0§A§En§x§B§6§0§0§9§4e§x§C§1§0§0§7§9 §x§C§C§0§0§5§EO§x§D§7§0§0§4§3n§x§E§2§0§0§2§8i§x§E§D§0§0§0§D B§x§E§2§0§0§2§8a§x§D§7§0§0§4§3t§x§C§C§0§0§5§Et§x§C§1§0§0§7§9l§x§B§6§0§0§9§4e§x§A§B§0§0§A§E §x§A§0§0§0§C§9A§x§9§5§0§0§E§4x§x§8§A§0§0§F§Fe from buy
[19:14:55] > JinSoul15 added x3 §x§E§4§3§A§3§A§lC§x§C§E§5§0§3§A§lh§x§B§9§6§6§3§9§lr§x§A§3§7§C§3§9§li§x§8§E§9§2§3§9§ls§x§7§8§A§8§3§9§lt§x§6§3§B§E§3§8§lm§x§4§D§D§4§3§8§la§x§6§3§B§E§3§8§ls §x§8§E§9§2§3§9§lG§x§A§3§7§C§3§9§ll§x§B§9§6§6§3§9§lo§x§C§E§5§0§3§A§lb§x§E§4§3§A§3§A§le in auction for 10000000.
[19:15:05] > JinSoul15 remove x3 §x§E§4§3§A§3§A§lC§x§C§E§5§0§3§A§lh§x§B§9§6§6§3§9§lr§x§A§3§7§C§3§9§li§x§8§E§9§2§3§9§ls§x§7§8§A§8§3§9§lt§x§6§3§B§E§3§8§lm§x§4§D§D§4§3§8§la§x§6§3§B§E§3§8§ls §x§8§E§9§2§3§9§lG§x§A§3§7§C§3§9§ll§x§B§9§6§6§3§9§lo§x§C§E§5§0§3§A§lb§x§E§4§3§A§3§A§le from storage
[19:23:22] > PlayTexts buy x1 §fMysterious Hat to Seikuji8811 for $60,000.
[19:23:26] > PlayTexts remove x1 §fMysterious Hat from buy
[19:33:47] > x1 §x§F§F§7§C§0§0§lSteamsparks Chestplate on sale by Crayzixks has just expired, it goes in the inventory of expired items.
[19:52:37] > .Allxnzv remove x1 §x§F§F§3§E§0§0§lSellwand Voucher from storage
[19:52:45] > .Allxnzv added x1 §x§F§F§3§E§0§0§lSellwand Voucher in auction for 1200000.
[19:58:00] > Wemmbuo remove x1 Enchanted book from buy
[19:58:05] > CuddlyCow added x1 Diamond horse armor in auction for 10.
[20:00:43] > CuddlyCow added x1 Music disc 13 in auction for 10.
[20:00:47] > Enyara buy x1 Music disc 13 to CuddlyCow for $10.
[20:00:55] > CuddlyCow added x1 Music disc 13 in auction for 10.
[20:00:57] > Apprintance buy x1 Diamond horse armor to CuddlyCow for $10.
[20:01:03] > NoClarity buy x1 Music disc 13 to CuddlyCow for $10.
[20:01:06] > CuddlyCow added x1 Music disc cat in auction for 10.
[20:01:10] > vortexcore buy x1 Music disc cat to CuddlyCow for $10.
[20:01:16] > vortexcore remove x1 Music disc cat from buy
[20:01:49] > Enyara remove x1 Music disc 13 from buy
[20:02:48] > CuddlyCow added x1 §x§F§C§D§0§5§C§lB§x§E§6§D§3§6§B§la§x§C§F§D§5§7§A§ls§x§B§9§D§8§8§9§li§x§A§2§D§A§9§8§lc §x§7§5§D§F§B§6§lC§x§5§F§E§2§C§5§lr§x§7§5§D§F§B§6§la§x§8§C§D§D§A§7§lt§x§A§2§D§A§9§8§le §x§C§F§D§5§7§A§lK§x§E§6§D§3§6§B§le§x§F§C§D§0§5§C§ly in auction for 10.
[20:02:53] > JinSoul15 buy x1 §x§F§C§D§0§5§C§lB§x§E§6§D§3§6§B§la§x§C§F§D§5§7§A§ls§x§B§9§D§8§8§9§li§x§A§2§D§A§9§8§lc §x§7§5§D§F§B§6§lC§x§5§F§E§2§C§5§lr§x§7§5§D§F§B§6§la§x§8§C§D§D§A§7§lt§x§A§2§D§A§9§8§le §x§C§F§D§5§7§A§lK§x§E§6§D§3§6§B§le§x§F§C§D§0§5§C§ly to CuddlyCow for $10.
[20:02:57] > JinSoul15 remove x1 §x§F§C§D§0§5§C§lB§x§E§6§D§3§6§B§la§x§C§F§D§5§7§A§ls§x§B§9§D§8§8§9§li§x§A§2§D§A§9§8§lc §x§7§5§D§F§B§6§lC§x§5§F§E§2§C§5§lr§x§7§5§D§F§B§6§la§x§8§C§D§D§A§7§lt§x§A§2§D§A§9§8§le §x§C§F§D§5§7§A§lK§x§E§6§D§3§6§B§le§x§F§C§D§0§5§C§ly from buy
[20:03:03] > CuddlyCow added x1 Diamond horse armor in auction for 10.
[20:04:41] > CuddlyCow added x19 Amethyst shard in auction for 10.
[20:04:50] > Broodie buy x19 Amethyst shard to CuddlyCow for $10.
[20:04:54] > CuddlyCow added x2 Disc fragment 5 in auction for 10.
[20:05:03] > JinSoul15 buy x2 Disc fragment 5 to CuddlyCow for $10.
[20:12:30] > iiYang added x1 Dried ghast in auction for 3500000.
[20:12:56] > iiYang remove x1 Dried ghast from storage
[20:13:21] > iiYang added x1 Dried ghast in auction for 25000500.
[20:13:34] > iiYang remove x1 Dried ghast from storage
[20:36:17] > SP3CC_ buy x1 Diamond horse armor to CuddlyCow for $10.
[20:36:41] > NoClarity remove x1 Netherite chestplate from storage
[20:36:57] > NoClarity added x1 Netherite chestplate in auction for 27500.
[20:37:03] > Hunter_Sung added x1 Fully Enchanted Wukong Armor Set in auction for 2500000.
[20:44:55] > x1 §x§E§5§1§B§1§B§lDracula Shovel on sale by EnderDragon0120 has just expired, it goes in the inventory of expired items.
[20:44:55] > x1 §x§F§F§7§C§0§0§lSteamsparks Axe on sale by EnderDragon0120 has just expired, it goes in the inventory of expired items.
[20:44:55] > x1 §x§E§5§1§B§1§B§lDracula Halberd on sale by EnderDragon0120 has just expired, it goes in the inventory of expired items.
[20:53:17] > Julene added x1 §x§F§C§D§0§5§C§lB§x§E§6§D§3§6§B§la§x§C§F§D§5§7§A§ls§x§B§9§D§8§8§9§li§x§A§2§D§A§9§8§lc §x§7§5§D§F§B§6§lC§x§5§F§E§2§C§5§lr§x§7§5§D§F§B§6§la§x§8§C§D§D§A§7§lt§x§A§2§D§A§9§8§le §x§C§F§D§5§7§A§lK§x§E§6§D§3§6§B§le§x§F§C§D§0§5§C§ly in auction for 55000.
[21:03:37] > CuddlyCow added x1 §x§F§C§D§0§5§C§lB§x§E§6§D§3§6§B§la§x§C§F§D§5§7§A§ls§x§B§9§D§8§8§9§li§x§A§2§D§A§9§8§lc §x§7§5§D§F§B§6§lC§x§5§F§E§2§C§5§lr§x§7§5§D§F§B§6§la§x§8§C§D§D§A§7§lt§x§A§2§D§A§9§8§le §x§C§F§D§5§7§A§lK§x§E§6§D§3§6§B§le§x§F§C§D§0§5§C§ly in auction for 10.
[21:03:40] > EnderDragon0120 buy x1 §x§F§C§D§0§5§C§lB§x§E§6§D§3§6§B§la§x§C§F§D§5§7§A§ls§x§B§9§D§8§8§9§li§x§A§2§D§A§9§8§lc §x§7§5§D§F§B§6§lC§x§5§F§E§2§C§5§lr§x§7§5§D§F§B§6§la§x§8§C§D§D§A§7§lt§x§A§2§D§A§9§8§le §x§C§F§D§5§7§A§lK§x§E§6§D§3§6§B§le§x§F§C§D§0§5§C§ly to CuddlyCow for $10.
[21:04:25] > yxsin112 buy x1 Netherite chestplate to NoClarity for $27,500.
[21:05:21] > sky_edits buy x1 §x§E§5§1§B§1§B§lDracula Axe to Edabis for $100,000.
[21:05:21] > yxsin112 remove x1 Netherite chestplate form buy
[21:05:30] > sky_edits remove x1 §x§E§5§1§B§1§B§lDracula Axe from buy
[21:05:31] > sky_edits remove x5 §x§F§C§9§0§5§C§lE§x§E§6§9§C§6§B§lp§x§C§F§A§7§7§A§li§x§B§9§B§3§8§9§lc §x§8§C§C§B§A§7§lC§x§7§5§D§6§B§6§lr§x§5§F§E§2§C§5§la§x§7§9§D§4§B§4§lt§x§9§3§C§7§A§2§le §x§C§8§A§B§7§F§lK§x§E§2§9§E§6§E§le§x§F§C§9§0§5§C§ly from buy
[21:07:06] > Julene added x1 §x§F§C§D§0§5§C§lB§x§E§6§D§3§6§B§la§x§C§F§D§5§7§A§ls§x§B§9§D§8§8§9§li§x§A§2§D§A§9§8§lc §x§7§5§D§F§B§6§lC§x§5§F§E§2§C§5§lr§x§7§5§D§F§B§6§la§x§8§C§D§D§A§7§lt§x§A§2§D§A§9§8§le §x§C§F§D§5§7§A§lK§x§E§6§D§3§6§B§le§x§F§C§D§0§5§C§ly in auction for 55000.
[21:07:39] > Shirosoo0 buy x1 §x§F§C§D§0§5§C§lB§x§E§6§D§3§6§B§la§x§C§F§D§5§7§A§ls§x§B§9§D§8§8§9§li§x§A§2§D§A§9§8§lc §x§7§5§D§F§B§6§lC§x§5§F§E§2§C§5§lr§x§7§5§D§F§B§6§la§x§8§C§D§D§A§7§lt§x§A§2§D§A§9§8§le §x§C§F§D§5§7§A§lK§x§E§6§D§3§6§B§le§x§F§C§D§0§5§C§ly to .eyushi4370 for $20,000.
[21:08:03] > Shirosoo0 buy x1 §x§F§C§D§0§5§C§lB§x§E§6§D§3§6§B§la§x§C§F§D§5§7§A§ls§x§B§9§D§8§8§9§li§x§A§2§D§A§9§8§lc §x§7§5§D§F§B§6§lC§x§5§F§E§2§C§5§lr§x§7§5§D§F§B§6§la§x§8§C§D§D§A§7§lt§x§A§2§D§A§9§8§le §x§C§F§D§5§7§A§lK§x§E§6§D§3§6§B§le§x§F§C§D§0§5§C§ly to EXEZUNO for $15,000.
[21:09:27] > x1 §f§l§8B§x§6§6§6§6§6§6a§x§7§7§7§7§7§7h§x§8§8§8§8§8§8a§x§9§9§9§9§9§9m§7u§x§9§9§9§9§9§9t§x§8§8§8§8§8§8 §x§7§7§7§7§7§7H§x§6§6§6§6§6§6o§8e, bought by Ryzxc, has just expired, the item is definitively deleted.
[21:09:29] > Shirosoo0 remove x1 §x§F§C§D§0§5§C§lB§x§E§6§D§3§6§B§la§x§C§F§D§5§7§A§ls§x§B§9§D§8§8§9§li§x§A§2§D§A§9§8§lc §x§7§5§D§F§B§6§lC§x§5§F§E§2§C§5§lr§x§7§5§D§F§B§6§la§x§8§C§D§D§A§7§lt§x§A§2§D§A§9§8§le §x§C§F§D§5§7§A§lK§x§E§6§D§3§6§B§le§x§F§C§D§0§5§C§ly from buy
[21:09:30] > Shirosoo0 remove x1 §x§F§C§D§0§5§C§lB§x§E§6§D§3§6§B§la§x§C§F§D§5§7§A§ls§x§B§9§D§8§8§9§li§x§A§2§D§A§9§8§lc §x§7§5§D§F§B§6§lC§x§5§F§E§2§C§5§lr§x§7§5§D§F§B§6§la§x§8§C§D§D§A§7§lt§x§A§2§D§A§9§8§le §x§C§F§D§5§7§A§lK§x§E§6§D§3§6§B§le§x§F§C§D§0§5§C§ly from buy
[21:10:26] > Shirosoo0 buy x1 §x§F§C§D§0§5§C§lB§x§E§6§D§3§6§B§la§x§C§F§D§5§7§A§ls§x§B§9§D§8§8§9§li§x§A§2§D§A§9§8§lc §x§7§5§D§F§B§6§lC§x§5§F§E§2§C§5§lr§x§7§5§D§F§B§6§la§x§8§C§D§D§A§7§lt§x§A§2§D§A§9§8§le §x§C§F§D§5§7§A§lK§x§E§6§D§3§6§B§le§x§F§C§D§0§5§C§ly to Julene for $55,000.
[21:10:36] > Shirosoo0 remove x1 §x§F§C§D§0§5§C§lB§x§E§6§D§3§6§B§la§x§C§F§D§5§7§A§ls§x§B§9§D§8§8§9§li§x§A§2§D§A§9§8§lc §x§7§5§D§F§B§6§lC§x§5§F§E§2§C§5§lr§x§7§5§D§F§B§6§la§x§8§C§D§D§A§7§lt§x§A§2§D§A§9§8§le §x§C§F§D§5§7§A§lK§x§E§6§D§3§6§B§le§x§F§C§D§0§5§C§ly from buy
[21:24:06] > ReKYee buy x1 §x§5§9§A§1§D§9§lA§x§6§A§A§A§D§Dr§x§7§A§B§4§E§1c§x§8§B§B§D§E§4h§x§9§B§C§7§E§8a§x§A§C§D§0§E§Cn§x§B§D§D§9§F§0g§x§C§D§E§3§F§4e§x§D§E§E§C§F§7l §fC§x§E§D§F§5§F§Bh§x§D§A§E§A§F§7e§x§C§8§E§0§F§2s§x§B§5§D§5§E§Et§x§A§3§C§B§E§Ap§x§9§0§C§0§E§6l§x§7§E§B§6§E§1a§x§6§B§A§B§D§Dt§x§5§9§A§1§D§9e to MakmakJV for $1,000,000.
[21:24:15] > ReKYee remove x1 §x§5§9§A§1§D§9§lA§x§6§A§A§A§D§Dr§x§7§A§B§4§E§1c§x§8§B§B§D§E§4h§x§9§B§C§7§E§8a§x§A§C§D§0§E§Cn§x§B§D§D§9§F§0g§x§C§D§E§3§F§4e§x§D§E§E§C§F§7l §fC§x§E§D§F§5§F§Bh§x§D§A§E§A§F§7e§x§C§8§E§0§F§2s§x§B§5§D§5§E§Et§x§A§3§C§B§E§Ap§x§9§0§C§0§E§6l§x§7§E§B§6§E§1a§x§6§B§A§B§D§Dt§x§5§9§A§1§D§9e from buy
[21:25:06] > ravencabansay added x1 §fLlama Plushie §6(52/101) in auction for 100000.
[21:25:11] > ravencabansay remove x1 §fZombie Villager Plushie §6(#100/101) form storage
[21:25:11] > ravencabansay remove x1 §fLlama Plushie §6(52/101) form storage
[21:29:10] > R4YVEN buy x5 §x§F§C§9§0§5§C§lE§x§E§6§9§C§6§B§lp§x§C§F§A§7§7§A§li§x§B§9§B§3§8§9§lc §x§8§C§C§B§A§7§lC§x§7§5§D§6§B§6§lr§x§5§F§E§2§C§5§la§x§7§9§D§4§B§4§lt§x§9§3§C§7§A§2§le §x§C§8§A§B§7§F§lK§x§E§2§9§E§6§E§le§x§F§C§9§0§5§C§ly to EXEZUNO for $80,000.
[21:30:21] > R4YVEN remove x5 §x§F§C§9§0§5§C§lE§x§E§6§9§C§6§B§lp§x§C§F§A§7§7§A§li§x§B§9§B§3§8§9§lc §x§8§C§C§B§A§7§lC§x§7§5§D§6§B§6§lr§x§5§F§E§2§C§5§la§x§7§9§D§4§B§4§lt§x§9§3§C§7§A§2§le §x§C§8§A§B§7§F§lK§x§E§2§9§E§6§E§le§x§F§C§9§0§5§C§ly from buy
[21:31:07] > RebornKimmy remove x64 Wither skeleton skull form buy
[21:31:07] > RebornKimmy remove x1 §x§F§F§5§5§0§0§lsᴇʟʟᴡᴀɴᴅ §6- 5.0x form buy
[21:31:07] > RebornKimmy remove x1 §x§F§F§5§5§0§0§lsᴇʟʟᴡᴀɴᴅ §6- 5.0x form buy
[21:31:09] > Fogstrap added x12 §x§F§C§D§0§5§C§lB§x§E§6§D§3§6§B§la§x§C§F§D§5§7§A§ls§x§B§9§D§8§8§9§li§x§A§2§D§A§9§8§lc §x§7§5§D§F§B§6§lC§x§5§F§E§2§C§5§lr§x§7§5§D§F§B§6§la§x§8§C§D§D§A§7§lt§x§A§2§D§A§9§8§le §x§C§F§D§5§7§A§lK§x§E§6§D§3§6§B§le§x§F§C§D§0§5§C§ly in auction for 240000.
[21:31:59] > R4YVEN added x5 §x§F§C§9§0§5§C§lE§x§E§6§9§C§6§B§lp§x§C§F§A§7§7§A§li§x§B§9§B§3§8§9§lc §x§8§C§C§B§A§7§lC§x§7§5§D§6§B§6§lr§x§5§F§E§2§C§5§la§x§7§9§D§4§B§4§lt§x§9§3§C§7§A§2§le §x§C§8§A§B§7§F§lK§x§E§2§9§E§6§E§le§x§F§C§9§0§5§C§ly in auction for 85000.
[21:32:35] > R4YVEN remove x5 §x§F§C§9§0§5§C§lE§x§E§6§9§C§6§B§lp§x§C§F§A§7§7§A§li§x§B§9§B§3§8§9§lc §x§8§C§C§B§A§7§lC§x§7§5§D§6§B§6§lr§x§5§F§E§2§C§5§la§x§7§9§D§4§B§4§lt§x§9§3§C§7§A§2§le §x§C§8§A§B§7§F§lK§x§E§2§9§E§6§E§le§x§F§C§9§0§5§C§ly form storage
[21:33:23] > R4YVEN added x5 §x§F§C§9§0§5§C§lE§x§E§6§9§C§6§B§lp§x§C§F§A§7§7§A§li§x§B§9§B§3§8§9§lc §x§8§C§C§B§A§7§lC§x§7§5§D§6§B§6§lr§x§5§F§E§2§C§5§la§x§7§9§D§4§B§4§lt§x§9§3§C§7§A§2§le §x§C§8§A§B§7§F§lK§x§E§2§9§E§6§E§le§x§F§C§9§0§5§C§ly in auction for 110000.
[21:34:11] > R4YVEN added x1 §x§F§F§7§C§0§0§lSteamsparks Staff in auction for 150000.
[21:37:03] > R4YVEN added x1 §x§F§F§5§5§0§0§lsᴇʟʟᴡᴀɴᴅ §6- 10.0x in auction for 500000.
[21:37:10] > SP3CC_ buy x1 §x§F§F§5§5§0§0§lsᴇʟʟᴡᴀɴᴅ §6- 10.0x to R4YVEN for $500,000.
[21:37:16] > x1 §x§F§F§5§5§0§0§lsᴇʟʟᴡᴀɴᴅ §6- 10.0x, bought by KEITHTHEPRO, has just expired, the item is definitively deleted.
[21:37:16] > x1 §x§F§F§5§5§0§0§lsᴇʟʟᴡᴀɴᴅ §6- 10.0x, bought by ThatMidnight, has just expired, the item is definitively deleted.
[21:37:20] > SP3CC_ remove x1 Diamond horse armor form buy
[21:37:20] > SP3CC_ remove x1 §x§F§F§5§5§0§0§lsᴇʟʟᴡᴀɴᴅ §6- 10.0x form buy
[21:40:38] > Julene added x1 §x§5§9§A§1§D§9§lA§x§6§E§A§D§D§Er§x§8§3§B§9§E§3c§x§9§7§C§4§E§7h§x§A§C§D§0§E§Ca§x§C§1§D§C§F§1n§x§D§6§E§8§F§6g§x§E§A§F§3§F§Ae§fl §x§D§0§E§4§F§4S§x§B§8§D§7§E§Fh§x§A§0§C§9§E§9i§x§8§8§B§C§E§4e§x§7§1§A§E§D§El§x§5§9§A§1§D§9d in auction for 1200000.
[21:41:06] > Julene added x1 §x§F§F§7§C§0§0§lSteamsparks Wings in auction for 1000000.
[21:41:17] > Julene added x1 §x§E§5§1§B§1§B§lDracula Wings in auction for 850000.
[21:41:58] > Julene added x1 §f§l§x§F§C§D§0§5§CW§x§F§B§A§D§4§Du§x§F§9§8§B§3§Dk§x§F§8§6§8§2§Eo§x§F§6§4§5§1§Fn§x§F§5§2§3§0§Fg§x§F§3§0§0§0§0 §x§F§5§2§3§0§FH§x§F§6§4§5§1§Fa§x§F§8§6§8§2§Em§x§F§9§8§B§3§Dm§x§F§B§A§D§4§De§x§F§C§D§0§5§Cr in auction for 1100000.
[22:01:58] > x1 §x§F§F§7§C§0§0§lSteamsparks Shield on sale by NoClarity has just expired, it goes in the inventory of expired items.
[22:05:38] > x1 §x§F§F§7§C§0§0§lSteamsparks Hammer on sale by Edabis has just expired, it goes in the inventory of expired items.
[22:10:09] > .Allxnzv added x1 §x§F§F§7§C§0§0§lSteamsparks Hammer in auction for 500000.
[22:14:38] > sky_edits remove x1 §f§l§8B§x§6§2§6§2§6§2a§x§6§F§6§F§6§Fh§x§7§C§7§C§7§Ca§x§8§9§8§9§8§9m§x§9§6§9§6§9§6u§x§A§3§A§3§A§3t §x§9§6§9§6§9§6S§x§8§9§8§9§8§9h§x§7§C§7§C§7§Ci§x§6§F§6§F§6§Fe§x§6§2§6§2§6§2l§8d from storage
[22:14:39] > sky_edits remove x1 §fShulker Plushie §6(#78/101) from storage
[22:19:27] > kiyomiuu1 buy x1 §x§F§F§7§C§0§0§lSteamsparks Shield to Wemmbuo for $75,000.
[22:19:59] > kiyomiuu1 buy x1 Enchanted book to EXEZUNO for $60,000.
[22:20:08] > kiyomiuu1 buy x1 §aCthulhu to FRANZ_JOSEF0 for $50,000.
[22:22:36] > kiyomiuu1 remove x1 Enchanted book from buy
[22:22:37] > kiyomiuu1 remove x1 §x§F§F§7§C§0§0§lSteamsparks Shield from buy
[22:22:37] > kiyomiuu1 remove x1 §fFarmer Hat from buy
[22:22:39] > kiyomiuu1 remove x1 §aCthulhu from buy
[22:24:39] > Blinkrzz added x1 §f§l§x§E§4§3§A§3§AM§x§D§5§4§9§3§Ae§x§C§6§5§9§3§Ar§x§B§7§6§8§3§9r§x§A§8§7§8§3§9y§x§9§9§8§7§3§9 §x§8§9§9§6§3§9C§x§7§A§A§6§3§9h§x§6§B§B§5§3§8r§x§5§C§C§5§3§8i§x§4§D§D§4§3§8s§x§5§C§C§5§3§8t§x§6§B§B§5§3§8m§x§7§A§A§6§3§9a§x§8§9§9§6§3§9s§x§9§9§8§7§3§9 §x§A§8§7§8§3§9S§x§B§7§6§8§3§9t§x§C§6§5§9§3§Aa§x§D§5§4§9§3§Af§x§E§4§3§A§3§Af in auction for 900000.
[22:24:48] > Blinkrzz remove x1 Music disc 13 from storage
[22:24:53] > EnderDragon0120 remove x1 §x§F§C§D§0§5§C§lB§x§E§6§D§3§6§B§la§x§C§F§D§5§7§A§ls§x§B§9§D§8§8§9§li§x§A§2§D§A§9§8§lc §x§7§5§D§F§B§6§lC§x§5§F§E§2§C§5§lr§x§7§5§D§F§B§6§la§x§8§C§D§D§A§7§lt§x§A§2§D§A§9§8§le §x§C§F§D§5§7§A§lK§x§E§6§D§3§6§B§le§x§F§C§D§0§5§C§ly from buy
[22:24:58] > Blinkrzz remove x1 §x§F§F§3§E§0§0§lSellwand Voucher from storage
[22:24:58] > Blinkrzz remove x1 §x§F§F§3§E§0§0§lSellwand Voucher from storage
[22:25:20] > Blinkrzz added x2 §x§F§F§3§E§0§0§lSellwand Voucher in auction for 1500067.
[22:26:16] > Blinkrzz remove x2 §x§F§F§3§E§0§0§lSellwand Voucher from storage
[22:26:53] > Blinkrzz added x1 §x§F§F§3§E§0§0§lSellwand Voucher in auction for 1500067.
[22:28:23] > EnderDragon0120 added x1 Mace in auction for 1000000.
[22:38:28] > EnderDragon0120 added x1 Silence armor trim smithing template in auction for 180000.
[22:44:22] > R4YVEN added x1 Netherite upgrade smithing template in auction for 110000.
[22:44:27] > R4YVEN remove x1 Netherite upgrade smithing template from storage
[22:44:29] > R4YVEN remove x1 §x§F§F§7§C§0§0§lSteamsparks Staff form storage
[22:44:29] > R4YVEN remove x5 §x§F§C§9§0§5§C§lE§x§E§6§9§C§6§B§lp§x§C§F§A§7§7§A§li§x§B§9§B§3§8§9§lc §x§8§C§C§B§A§7§lC§x§7§5§D§6§B§6§lr§x§5§F§E§2§C§5§la§x§7§9§D§4§B§4§lt§x§9§3§C§7§A§2§le §x§C§8§A§B§7§F§lK§x§E§2§9§E§6§E§le§x§F§C§9§0§5§C§ly form storage
[22:44:48] > R4YVEN added x4 Netherite upgrade smithing template in auction for 450000.
[22:45:03] > R4YVEN added x5 §x§F§C§9§0§5§C§lE§x§E§6§9§C§6§B§lp§x§C§F§A§7§7§A§li§x§B§9§B§3§8§9§lc §x§8§C§C§B§A§7§lC§x§7§5§D§6§B§6§lr§x§5§F§E§2§C§5§la§x§7§9§D§4§B§4§lt§x§9§3§C§7§A§2§le §x§C§8§A§B§7§F§lK§x§E§2§9§E§6§E§le§x§F§C§9§0§5§C§ly in auction for 110000.
[22:45:35] > R4YVEN added x1 §x§F§F§7§C§0§0§lSteamsparks Staff in auction for 150000.
[22:46:53] > Zen0969 added x1 /pwarp go 1ZenShop selling netherite gear,and pots in auction for 67676767676767.
[22:49:16] > cart224 buy x1 §f§l§x§E§4§3§A§3§AM§x§D§6§4§9§3§Ae§x§C§7§5§7§3§Ar§x§B§9§6§6§3§9r§x§A§A§7§5§3§9y§x§9§C§8§3§3§9 §x§8§E§9§2§3§9C§x§7§F§A§1§3§9h§x§7§1§A§F§3§8r§x§6§3§B§E§3§8i§x§5§4§C§D§3§8st§x§6§3§B§E§3§8m§x§7§1§A§F§3§8a§x§7§F§A§1§3§9s§x§8§E§9§2§3§9 §x§9§C§8§3§3§9H§x§A§A§7§5§3§9a§x§B§9§6§6§3§9m§x§C§7§5§7§3§Am§x§D§6§4§9§3§Ae§x§E§4§3§A§3§Ar to Edabis for $2,000,000.
[22:49:19] > cart224 remove x1 §f§l§x§E§4§3§A§3§AM§x§D§6§4§9§3§Ae§x§C§7§5§7§3§Ar§x§B§9§6§6§3§9r§x§A§A§7§5§3§9y§x§9§C§8§3§3§9 §x§8§E§9§2§3§9C§x§7§F§A§1§3§9h§x§7§1§A§F§3§8r§x§6§3§B§E§3§8i§x§5§4§C§D§3§8st§x§6§3§B§E§3§8m§x§7§1§A§F§3§8a§x§7§F§A§1§3§9s§x§8§E§9§2§3§9 §x§9§C§8§3§3§9H§x§A§A§7§5§3§9a§x§B§9§6§6§3§9m§x§C§7§5§7§3§Am§x§D§6§4§9§3§Ae§x§E§4§3§A§3§Ar from buy
[22:54:26] > R4YVEN remove x4 Netherite upgrade smithing template from storage
[22:54:40] > R4YVEN added x4 Netherite upgrade smithing template in auction for 400000.
[23:00:35] > Renzy01 buy x1 §x§E§5§1§B§1§B§lDracula Wings to Julene for $850,000.
[23:00:46] > Renzy01 remove x1 §x§E§5§1§B§1§B§lDracula Wings from buy
[23:00:52] > Renzy01 added x1 §x§E§5§1§B§1§B§lDracula Wings in auction for 1300000.
[23:00:56] > x1 YAWA, item of FRANZ_JOSEF0, has just expired, the item is definitively deleted.
[23:00:56] > x1 §f§l§x§8§A§0§0§F§FS§x§9§9§0§0§D§Bh§x§A§8§0§0§B§6i§x§B§7§0§0§9§2n§x§C§6§0§0§6§De§x§D§5§0§0§4§9 §x§E§4§0§0§2§4O§x§F§3§0§0§0§0n§x§E§4§0§0§2§4i§x§D§5§0§0§4§9 §x§C§6§0§0§6§DS§x§B§7§0§0§9§2p§x§A§8§0§0§B§6e§x§9§9§0§0§D§Ba§x§8§A§0§0§F§Fr, item of Johng10910, has just expired, the item is definitively deleted.
[23:00:56] > x1 §x§F§F§7§C§0§0§lSteamsparks Spear, item of Callistrix, has just expired, the item is definitively deleted.
[23:00:56] > Renzy01 remove x1 §f§l§x§8§A§0§0§F§FS§x§9§C§0§0§D§5h§x§A§D§0§0§A§Ai§x§B§F§0§0§8§0n§x§D§0§0§0§5§5e§x§E§2§0§0§2§B §x§F§3§0§0§0§0O§x§E§2§0§0§2§An§x§D§0§0§0§5§5i§x§B§F§0§0§8§0 §x§A§D§0§0§A§AH§x§9§C§0§0§D§5o§x§8§A§0§0§F§Fe from expire
[23:00:57] > Renzy01 remove x1 §f§l§8B§x§6§3§6§3§6§3a§x§7§1§7§1§7§1h§x§8§0§8§0§8§0a§x§8§E§8§E§8§Em§x§9§C§9§C§9§Cu§7t§x§9§C§9§C§9§C §x§8§E§8§E§8§ES§x§8§0§8§0§8§0t§x§7§1§7§1§7§1a§x§6§3§6§3§6§3f§8f from expire
[23:01:12] > R4YVEN remove x4 Netherite upgrade smithing template form storage
[23:01:12] > R4YVEN remove x1 §x§F§F§7§C§0§0§lSteamsparks Staff form storage
[23:01:12] > R4YVEN remove x5 §x§F§C§9§0§5§C§lE§x§E§6§9§C§6§B§lp§x§C§F§A§7§7§A§li§x§B§9§B§3§8§9§lc §x§8§C§C§B§A§7§lC§x§7§5§D§6§B§6§lr§x§5§F§E§2§C§5§la§x§7§9§D§4§B§4§lt§x§9§3§C§7§A§2§le §x§C§8§A§B§7§F§lK§x§E§2§9§E§6§E§le§x§F§C§9§0§5§C§ly form storage
[23:01:23] > Renzy01 added x1 §f§l§8B§x§6§3§6§3§6§3a§x§7§1§7§1§7§1h§x§8§0§8§0§8§0a§x§8§E§8§E§8§Em§x§9§C§9§C§9§Cu§7t§x§9§C§9§C§9§C §x§8§E§8§E§8§ES§x§8§0§8§0§8§0t§x§7§1§7§1§7§1a§x§6§3§6§3§6§3f§8f in auction for 300000.
[23:01:24] > R4YVEN added x5 §x§F§C§9§0§5§C§lE§x§E§6§9§C§6§B§lp§x§C§F§A§7§7§A§li§x§B§9§B§3§8§9§lc §x§8§C§C§B§A§7§lC§x§7§5§D§6§B§6§lr§x§5§F§E§2§C§5§la§x§7§9§D§4§B§4§lt§x§9§3§C§7§A§2§le §x§C§8§A§B§7§F§lK§x§E§2§9§E§6§E§le§x§F§C§9§0§5§C§ly in auction for 110000.
[23:01:37] > Renzy01 added x1 §f§l§x§8§A§0§0§F§FS§x§9§C§0§0§D§5h§x§A§D§0§0§A§Ai§x§B§F§0§0§8§0n§x§D§0§0§0§5§5e§x§E§2§0§0§2§B §x§F§3§0§0§0§0O§x§E§2§0§0§2§An§x§D§0§0§0§5§5i§x§B§F§0§0§8§0 §x§A§D§0§0§A§AH§x§9§C§0§0§D§5o§x§8§A§0§0§F§Fe in auction for 800000.
[23:01:48] > R4YVEN added x1 §x§F§F§7§C§0§0§lSteamsparks Staff in auction for 150000.
[23:02:25] > R4YVEN added x4 Netherite upgrade smithing template in auction for 425000.
[23:16:58] > R4YVEN remove x4 Netherite upgrade smithing template from storage
[23:17:07] > R4YVEN added x1 Netherite upgrade smithing template in auction for 150000.
[23:17:22] > killergamerhihi buy x1 Netherite upgrade smithing template to R4YVEN for $150,000.
[23:21:07] > Zypher_0w0 remove x1 Enchanted book from storage
[23:24:59] > Cynishere added x1 §f§l§x§E§4§3§A§3§AM§x§D§5§4§9§3§Ae§x§C§6§5§9§3§Ar§x§B§7§6§8§3§9r§x§A§8§7§8§3§9y§x§9§9§8§7§3§9 §x§8§9§9§6§3§9C§x§7§A§A§6§3§9h§x§6§B§B§5§3§8r§x§5§C§C§5§3§8i§x§4§D§D§4§3§8s§x§5§C§C§5§3§8t§x§6§B§B§5§3§8m§x§7§A§A§6§3§9a§x§8§9§9§6§3§9s§x§9§9§8§7§3§9 §x§A§8§7§8§3§9S§x§B§7§6§8§3§9t§x§C§6§5§9§3§Aa§x§D§5§4§9§3§Af§x§E§4§3§A§3§Af in auction for 1500000.
[23:25:37] > Cynishere added x1 §x§F§C§D§0§5§C§lB§x§E§6§D§3§6§B§la§x§C§F§D§5§7§A§ls§x§B§9§D§8§8§9§li§x§A§2§D§A§9§8§lc §x§7§5§D§F§B§6§lC§x§5§F§E§2§C§5§lr§x§7§5§D§F§B§6§la§x§8§C§D§D§A§7§lt§x§A§2§D§A§9§8§le §x§C§F§D§5§7§A§lK§x§E§6§D§3§6§B§le§x§F§C§D§0§5§C§ly in auction for 60000.
[23:27:50] > R4YVEN added x1 Netherite upgrade smithing template in auction for 150000.
[23:28:03] > R4YVEN added x1 Netherite upgrade smithing template in auction for 150000.
[23:28:57] > Julene remove x1 §x§F§C§D§0§5§C§lB§x§E§6§D§3§6§B§la§x§C§F§D§5§7§A§ls§x§B§9§D§8§8§9§li§x§A§2§D§A§9§8§lc §x§7§5§D§F§B§6§lC§x§5§F§E§2§C§5§lr§x§7§5§D§F§B§6§la§x§8§C§D§D§A§7§lt§x§A§2§D§A§9§8§le §x§C§F§D§5§7§A§lK§x§E§6§D§3§6§B§le§x§F§C§D§0§5§C§ly from storage
[23:31:31] > Izumi buy x1 §x§E§5§1§B§1§B§lDracula Wings to Renzy01 for $1,300,000.
[23:31:43] > Izumi remove x1 §x§E§5§1§B§1§B§lDracula Wings from buy
[23:33:21] > Typeshe added x1 §x§F§F§3§E§0§0§lSellwand Voucher in auction for 1500000.
[23:33:29] > Trapers1 added x1 §x§F§F§5§5§0§0§lsᴇʟʟᴡᴀɴᴅ §6- 5.0x in auction for 380000.
[23:33:59] > Izumi added x1 §f§l§x§F§C§D§0§5§CW§x§F§A§A§A§4§Bu§x§F§9§8§4§3§Bk§x§F§7§5§F§2§Ao§x§F§5§3§9§1§9n§x§F§4§1§3§0§8g §x§F§5§3§9§1§9W§x§F§7§5§F§2§Ai§x§F§9§8§4§3§Bn§x§F§A§A§A§4§Bg§x§F§C§D§0§5§Cs in auction for 2000000.
[23:34:06] > .Allxnzv added x1 §fSun Hat in auction for 50000.
[23:34:11] > 8it5inn added x1 §x§F§F§5§5§0§0§lsᴇʟʟᴡᴀɴᴅ §6- 5.0x in auction for 367000.
[23:34:23] > .Allxnzv remove x1 §x§F§F§3§E§0§0§lSellwand Voucher from storage
[23:34:41] > .Allxnzv added x1 §x§F§F§3§E§0§0§lSellwand Voucher in auction for 1200000.
[23:35:18] > Trapers1 remove x1 §x§F§F§5§5§0§0§lsᴇʟʟᴡᴀɴᴅ §6- 5.0x form storage
[23:35:26] > Trapers1 added x1 §x§F§F§5§5§0§0§lsᴇʟʟᴡᴀɴᴅ §6- 5.0x in auction for 350000.
[23:35:31] > JinSoul15 buy x1 §x§F§F§5§5§0§0§lsᴇʟʟᴡᴀɴᴅ §6- 5.0x to Trapers1 for $350,000.
[23:35:44] > 3xdmge added x1 §x§F§F§3§E§0§0§lSellwand Voucher in auction for 1000000.
[23:36:17] > .Krubsyou added x1 §x§F§F§3§E§0§0§lSellwand Voucher in auction for 1000000.
[23:36:26] > R4YVEN remove x1 Netherite upgrade smithing template from storage
[23:36:31] > .Krubsyou added x1 §x§F§F§5§5§0§0§lsᴇʟʟᴡᴀɴᴅ §6- 5.0x in auction for 400000.
[23:36:35] > R4YVEN added x1 Netherite upgrade smithing template in auction for 130000.
[23:40:44] > NoClarity added x1 §x§E§5§1§B§1§B§lDracula Fishing in auction for 100.
[23:40:48] > JinSoul15 buy x1 §x§E§5§1§B§1§B§lDracula Fishing to NoClarity for $100.
[23:42:30] > JinSoul15 remove x1 §x§F§F§5§5§0§0§lsᴇʟʟᴡᴀɴᴅ §6- 5.0x from buy
[23:42:37] > JinSoul15 buy x1 §x§F§F§5§5§0§0§lsᴇʟʟᴡᴀɴᴅ §6- 5.0x to 8it5inn for $367,000.
[23:42:51] > EXEZUNO added x1 §f§l§8B§x§6§2§6§2§6§2a§x§6§F§6§F§6§Fh§x§7§C§7§C§7§Ca§x§8§9§8§9§8§9m§x§9§6§9§6§9§6u§x§A§3§A§3§A§3t §x§9§6§9§6§9§6P§x§8§9§8§9§8§9i§x§7§C§7§C§7§Cc§x§6§F§6§F§6§Fa§x§6§2§6§2§6§2x§8e in auction for 150000.
[23:42:54] > JinSoul15 remove x1 §x§F§F§5§5§0§0§lsᴇʟʟᴡᴀɴᴅ §6- 5.0x from buy
[23:43:23] > yxsin112 buy x1 §f§l§8B§x§6§2§6§2§6§2a§x§6§F§6§F§6§Fh§x§7§C§7§C§7§Ca§x§8§9§8§9§8§9m§x§9§6§9§6§9§6u§x§A§3§A§3§A§3t §x§9§6§9§6§9§6P§x§8§9§8§9§8§9i§x§7§C§7§C§7§Cc§x§6§F§6§F§6§Fa§x§6§2§6§2§6§2x§8e to EXEZUNO for $150,000.
[23:43:51] > yxsin112 remove x1 §f§l§8B§x§6§2§6§2§6§2a§x§6§F§6§F§6§Fh§x§7§C§7§C§7§Ca§x§8§9§8§9§8§9m§x§9§6§9§6§9§6u§x§A§3§A§3§A§3t §x§9§6§9§6§9§6P§x§8§9§8§9§8§9i§x§7§C§7§C§7§Cc§x§6§F§6§F§6§Fa§x§6§2§6§2§6§2x§8e form buy
[23:45:38] > Julene added x1 Diddys dih in auction for 150000.
[23:45:38] > x1 §f§l§x§E§4§3§A§3§AM§x§D§7§4§7§3§Ae§x§C§A§5§5§3§Ar§x§B§D§6§2§3§9r§x§A§F§7§0§3§9y§x§A§2§7§D§3§9 §x§9§5§8§A§3§9C§x§8§8§9§8§3§9h§x§7§B§A§5§3§9r§x§6§E§B§3§3§8i§x§6§1§C§0§3§8s§x§5§4§C§D§3§8tm§x§6§1§C§0§3§8a§x§6§E§B§3§3§8s§x§7§B§A§5§3§9 §x§8§8§9§8§3§9C§x§9§5§8§A§3§9r§x§A§2§7§D§3§9o§x§A§F§7§0§3§9s§x§B§D§6§2§3§9s§x§C§A§5§5§3§Ab§x§D§7§4§7§3§Ao§x§E§4§3§A§3§Aw on sale by sigman has just expired, it goes in the inventory of expired items.
[23:46:44] > Julene remove x1 Diddys dih from storage
[23:58:03] > x1 §x§F§0§7§A§5§4§lZombie Apocalyptic Helmet on sale by .Allxnzv has just expired, it goes in the inventory of expired items.
[00:00:08] > Kyle added x64 Diamond in auction for 200000.
[00:00:08] > x1 §x§F§F§3§E§0§0§lDemon Lord Wings on sale by shelby has just expired, it goes in the inventory of expired items.
[00:01:09] > Kyle added x1 §x§E§4§3§A§3§A§lC§x§C§E§5§0§3§A§lh§x§B§9§6§6§3§9§lr§x§A§3§7§C§3§9§li§x§8§E§9§2§3§9§ls§x§7§8§A§8§3§9§lt§x§6§3§B§E§3§8§lm§x§4§D§D§4§3§8§la§x§6§3§B§E§3§8§ls §x§8§E§9§2§3§9§lG§x§A§3§7§C§3§9§ll§x§B§9§6§6§3§9§lo§x§C§E§5§0§3§A§lb§x§E§4§3§A§3§A§le in auction for 200000.
[00:01:23] > cart224 buy x1 §x§E§4§3§A§3§A§lC§x§C§E§5§0§3§A§lh§x§B§9§6§6§3§9§lr§x§A§3§7§C§3§9§li§x§8§E§9§2§3§9§ls§x§7§8§A§8§3§9§lt§x§6§3§B§E§3§8§lm§x§4§D§D§4§3§8§la§x§6§3§B§E§3§8§ls §x§8§E§9§2§3§9§lG§x§A§3§7§C§3§9§ll§x§B§9§6§6§3§9§lo§x§C§E§5§0§3§A§lb§x§E§4§3§A§3§A§le to Kyle for $200,000.
[00:01:35] > cart224 remove x1 §x§E§4§3§A§3§A§lC§x§C§E§5§0§3§A§lh§x§B§9§6§6§3§9§lr§x§A§3§7§C§3§9§li§x§8§E§9§2§3§9§ls§x§7§8§A§8§3§9§lt§x§6§3§B§E§3§8§lm§x§4§D§D§4§3§8§la§x§6§3§B§E§3§8§ls §x§8§E§9§2§3§9§lG§x§A§3§7§C§3§9§ll§x§B§9§6§6§3§9§lo§x§C§E§5§0§3§A§lb§x§E§4§3§A§3§A§le from buy
[00:02:44] > Apprintance added x1 §x§E§4§3§A§3§A§lC§x§C§E§5§0§3§A§lh§x§B§9§6§6§3§9§lr§x§A§3§7§C§3§9§li§x§8§E§9§2§3§9§ls§x§7§8§A§8§3§9§lt§x§6§3§B§E§3§8§lm§x§4§D§D§4§3§8§la§x§6§3§B§E§3§8§ls §x§8§E§9§2§3§9§lG§x§A§3§7§C§3§9§ll§x§B§9§6§6§3§9§lo§x§C§E§5§0§3§A§lb§x§E§4§3§A§3§A§le in auction for 1000000.
[00:03:20] > Apprintance remove x1 §x§E§4§3§A§3§A§lC§x§C§E§5§0§3§A§lh§x§B§9§6§6§3§9§lr§x§A§3§7§C§3§9§li§x§8§E§9§2§3§9§ls§x§7§8§A§8§3§9§lt§x§6§3§B§E§3§8§lm§x§4§D§D§4§3§8§la§x§6§3§B§E§3§8§ls §x§8§E§9§2§3§9§lG§x§A§3§7§C§3§9§ll§x§B§9§6§6§3§9§lo§x§C§E§5§0§3§A§lb§x§E§4§3§A§3§A§le from storage
[00:06:44] > Apprintance added x1 §x§E§4§3§A§3§A§lC§x§C§E§5§0§3§A§lh§x§B§9§6§6§3§9§lr§x§A§3§7§C§3§9§li§x§8§E§9§2§3§9§ls§x§7§8§A§8§3§9§lt§x§6§3§B§E§3§8§lm§x§4§D§D§4§3§8§la§x§6§3§B§E§3§8§ls §x§8§E§9§2§3§9§lG§x§A§3§7§C§3§9§ll§x§B§9§6§6§3§9§lo§x§C§E§5§0§3§A§lb§x§E§4§3§A§3§A§le in auction for 500000.
[00:06:48] > Trapers1 buy x1 §x§E§4§3§A§3§A§lC§x§C§E§5§0§3§A§lh§x§B§9§6§6§3§9§lr§x§A§3§7§C§3§9§li§x§8§E§9§2§3§9§ls§x§7§8§A§8§3§9§lt§x§6§3§B§E§3§8§lm§x§4§D§D§4§3§8§la§x§6§3§B§E§3§8§ls §x§8§E§9§2§3§9§lG§x§A§3§7§C§3§9§ll§x§B§9§6§6§3§9§lo§x§C§E§5§0§3§A§lb§x§E§4§3§A§3§A§le to Apprintance for $500,000.
[00:06:54] > Apprintance buy x1 §f§l§x§F§C§D§0§5§CW§x§F§B§A§D§4§Du§x§F§9§8§B§3§Dk§x§F§8§6§8§2§Eo§x§F§6§4§5§1§Fn§x§F§5§2§3§0§Fg§x§F§3§0§0§0§0 §x§F§5§2§3§0§FH§x§F§6§4§5§1§Fa§x§F§8§6§8§2§Em§x§F§9§8§B§3§Dm§x§F§B§A§D§4§De§x§F§C§D§0§5§Cr to Julene for $1,100,000.
[00:06:55] > Trapers1 remove x1 §x§E§4§3§A§3§A§lC§x§C§E§5§0§3§A§lh§x§B§9§6§6§3§9§lr§x§A§3§7§C§3§9§li§x§8§E§9§2§3§9§ls§x§7§8§A§8§3§9§lt§x§6§3§B§E§3§8§lm§x§4§D§D§4§3§8§la§x§6§3§B§E§3§8§ls §x§8§E§9§2§3§9§lG§x§A§3§7§C§3§9§ll§x§B§9§6§6§3§9§lo§x§C§E§5§0§3§A§lb§x§E§4§3§A§3§A§le form buy
[00:06:59] > Apprintance remove x1 §x§F§F§3§E§0§0§lD§x§F§F§3§5§0§0§le§x§F§F§2§C§0§0§lm§x§F§F§2§3§0§0§lo§x§F§F§1§B§0§0§ln §x§F§F§0§9§0§0§lL§x§F§F§0§0§0§0§lo§x§F§F§0§A§0§0§lr§x§F§F§1§5§0§0§ld §x§F§F§2§9§0§0§lB§x§F§F§3§4§0§0§lo§x§F§F§3§E§0§0§lw from buy
[00:06:59] > Apprintance remove x64 Crafting table from buy
[00:06:59] > Apprintance remove x4 Pale oak sapling from buy
[00:07:00] > Apprintance remove x1 Enchanted golden apple from buy
[00:07:00] > Apprintance remove x1 Enchanted golden apple from buy
[00:07:00] > Apprintance remove x1 Diamond horse armor from buy
[00:07:00] > Apprintance remove x1 §f§l§x§F§C§D§0§5§CW§x§F§B§A§D§4§Du§x§F§9§8§B§3§Dk§x§F§8§6§8§2§Eo§x§F§6§4§5§1§Fn§x§F§5§2§3§0§Fg§x§F§3§0§0§0§0 §x§F§5§2§3§0§FH§x§F§6§4§5§1§Fa§x§F§8§6§8§2§Em§x§F§9§8§B§3§Dm§x§F§B§A§D§4§De§x§F§C§D§0§5§Cr from buy
[00:29:25] > Kenamin buy x5 §x§F§C§9§0§5§C§lE§x§E§6§9§C§6§B§lp§x§C§F§A§7§7§A§li§x§B§9§B§3§8§9§lc §x§8§C§C§B§A§7§lC§x§7§5§D§6§B§6§lr§x§5§F§E§2§C§5§la§x§7§9§D§4§B§4§lt§x§9§3§C§7§A§2§le §x§C§8§A§B§7§F§lK§x§E§2§9§E§6§E§le§x§F§C§9§0§5§C§ly to R4YVEN for $110,000.
[00:29:39] > Kenamin buy x15 §x§F§C§9§0§5§C§lE§x§E§6§9§C§6§B§lp§x§C§F§A§7§7§A§li§x§B§9§B§3§8§9§lc §x§8§C§C§B§A§7§lC§x§7§5§D§6§B§6§lr§x§5§F§E§2§C§5§la§x§7§9§D§4§B§4§lt§x§9§3§C§7§A§2§le §x§C§8§A§B§7§F§lK§x§E§2§9§E§6§E§le§x§F§C§9§0§5§C§ly to 3xdmge for $350,000.
[00:30:04] > Kenamin remove x15 §x§F§C§9§0§5§C§lE§x§E§6§9§C§6§B§lp§x§C§F§A§7§7§A§li§x§B§9§B§3§8§9§lc §x§8§C§C§B§A§7§lC§x§7§5§D§6§B§6§lr§x§5§F§E§2§C§5§la§x§7§9§D§4§B§4§lt§x§9§3§C§7§A§2§le §x§C§8§A§B§7§F§lK§x§E§2§9§E§6§E§le§x§F§C§9§0§5§C§ly from buy
[00:30:05] > Kenamin remove x5 §x§F§C§9§0§5§C§lE§x§E§6§9§C§6§B§lp§x§C§F§A§7§7§A§li§x§B§9§B§3§8§9§lc §x§8§C§C§B§A§7§lC§x§7§5§D§6§B§6§lr§x§5§F§E§2§C§5§la§x§7§9§D§4§B§4§lt§x§9§3§C§7§A§2§le §x§C§8§A§B§7§F§lK§x§E§2§9§E§6§E§le§x§F§C§9§0§5§C§ly from buy
[00:38:24] > Trapers1 added x1 §x§E§4§3§A§9§6§lW§x§E§7§5§3§A§3§lI§x§E§B§6§B§B§0§lN§x§E§E§8§4§B§D§lG§x§F§2§9§D§C§B§lS §x§F§8§C§E§E§5§lO§x§F§C§E§6§F§2§lF §x§F§C§E§6§F§2§lE§x§F§8§C§E§E§5§lT§x§F§5§B§5§D§8§lE§x§F§2§9§D§C§B§lR§x§E§E§8§4§B§D§lN§x§E§B§6§B§B§0§lI§x§E§7§5§3§A§3§lT§x§E§4§3§A§9§6§lY in auction for 8500000.
[00:45:34] > Zypher_0w0 buy x1 §x§F§F§5§5§0§0§lsᴇʟʟᴡᴀɴᴅ §6- 5.0x to .Krubsyou for $400,000.
[00:45:39] > Zypher_0w0 remove x1 §x§F§F§5§5§0§0§lsᴇʟʟᴡᴀɴᴅ §6- 5.0x form buy
[00:59:41] > Trapers1 remove x1 §x§E§4§3§A§9§6§lW§x§E§7§5§3§A§3§lI§x§E§B§6§B§B§0§lN§x§E§E§8§4§B§D§lG§x§F§2§9§D§C§B§lS §x§F§8§C§E§E§5§lO§x§F§C§E§6§F§2§lF §x§F§C§E§6§F§2§lE§x§F§8§C§E§E§5§lT§x§F§5§B§5§D§8§lE§x§F§2§9§D§C§B§lR§x§E§E§8§4§B§D§lN§x§E§B§6§B§B§0§lI§x§E§7§5§3§A§3§lT§x§E§4§3§A§9§6§lY form storage
[00:59:55] > Trapers1 added x1 §x§E§4§3§A§9§6§lW§x§E§7§5§3§A§3§lI§x§E§B§6§B§B§0§lN§x§E§E§8§4§B§D§lG§x§F§2§9§D§C§B§lS §x§F§8§C§E§E§5§lO§x§F§C§E§6§F§2§lF §x§F§C§E§6§F§2§lE§x§F§8§C§E§E§5§lT§x§F§5§B§5§D§8§lE§x§F§2§9§D§C§B§lR§x§E§E§8§4§B§D§lN§x§E§B§6§B§B§0§lI§x§E§7§5§3§A§3§lT§x§E§4§3§A§9§6§lY in auction for 8000000.
[01:14:57] > johnowenz1 buy x1 Silence armor trim smithing template to EnderDragon0120 for $180,000.
[01:15:03] > johnowenz1 remove x1 Silence armor trim smithing template from buy
[01:19:34] > Cynishere added x1 §f§l§x§8§A§0§0§F§FS§x§9§5§0§0§E§4h§x§A§0§0§0§C§9i§x§A§B§0§0§A§En§x§B§6§0§0§9§4e§x§C§1§0§0§7§9 §x§C§C§0§0§5§EO§x§D§7§0§0§4§3n§x§E§2§0§0§2§8i§x§E§D§0§0§0§D C§x§E§2§0§0§2§8h§x§D§7§0§0§4§3e§x§C§C§0§0§5§Es§x§C§1§0§0§7§9t§x§B§6§0§0§9§4p§x§A§B§0§0§A§El§x§A§0§0§0§C§9a§x§9§5§0§0§E§4t§x§8§A§0§0§F§Fe in auction for 1500000.
[01:19:34] > x64 Firework rocket on sale by SenjuKawaragi has just expired, it goes in the inventory of expired items.
[01:23:07] > Cynishere added x1 §f§l§x§8§A§0§0§F§FS§x§9§9§0§0§D§Bh§x§A§8§0§0§B§6i§x§B§7§0§0§9§2n§x§C§6§0§0§6§De§x§D§5§0§0§4§9 §x§E§4§0§0§2§4O§x§F§3§0§0§0§0n§x§E§4§0§0§2§4i§x§D§5§0§0§4§9 §x§C§6§0§0§6§DB§x§B§7§0§0§9§2o§x§A§8§0§0§B§6o§x§9§9§0§0§D§Bt§x§8§A§0§0§F§Fs in auction for 500000.
[01:35:41] > Cynishere remove x1 §f§l§x§8§A§0§0§F§FS§x§9§5§0§0§E§4h§x§A§0§0§0§C§9i§x§A§B§0§0§A§En§x§B§6§0§0§9§4e§x§C§1§0§0§7§9 §x§C§C§0§0§5§EO§x§D§7§0§0§4§3n§x§E§2§0§0§2§8i§x§E§D§0§0§0§D C§x§E§2§0§0§2§8h§x§D§7§0§0§4§3e§x§C§C§0§0§5§Es§x§C§1§0§0§7§9t§x§B§6§0§0§9§4p§x§A§B§0§0§A§El§x§A§0§0§0§C§9a§x§9§5§0§0§E§4t§x§8§A§0§0§F§Fe from storage
[01:35:43] > x4 Bone, item of grit_zy, has just expired, the item is definitively deleted.
[01:35:44] > Cynishere remove x1 §f§l§x§8§A§0§0§F§FS§x§9§5§0§0§E§4h§x§A§0§0§0§C§9i§x§A§B§0§0§A§En§x§B§6§0§0§9§4e§x§C§1§0§0§7§9 §x§C§C§0§0§5§EO§x§D§7§0§0§4§3n§x§E§2§0§0§2§8i§x§E§D§0§0§0§D C§x§E§2§0§0§2§8h§x§D§7§0§0§4§3e§x§C§C§0§0§5§Es§x§C§1§0§0§7§9t§x§B§6§0§0§9§4p§x§A§B§0§0§A§El§x§A§0§0§0§C§9a§x§9§5§0§0§E§4t§x§8§A§0§0§F§Fe from expire
[01:35:45] > Cynishere remove x3 §x§9§8§6§3§E§7§lG§x§9§0§7§5§E§2§lo§x§8§8§8§7§D§D§ld§x§8§0§9§9§D§8§ll§x§7§7§A§C§D§4§ly §x§6§7§D§0§C§A§lC§x§5§F§E§2§C§5§lr§x§6§7§D§0§C§A§la§x§6§F§B§E§C§F§lt§x§7§7§A§C§D§4§le §x§8§8§8§7§D§D§lK§x§9§0§7§5§E§2§le§x§9§8§6§3§E§7§ly from expire
[01:52:23] > johnowenz1 buy x12 §x§F§C§D§0§5§C§lB§x§E§6§D§3§6§B§la§x§C§F§D§5§7§A§ls§x§B§9§D§8§8§9§li§x§A§2§D§A§9§8§lc §x§7§5§D§F§B§6§lC§x§5§F§E§2§C§5§lr§x§7§5§D§F§B§6§la§x§8§C§D§D§A§7§lt§x§A§2§D§A§9§8§le §x§C§F§D§5§7§A§lK§x§E§6§D§3§6§B§le§x§F§C§D§0§5§C§ly to Fogstrap for $240,000.
[01:52:34] > johnowenz1 remove x12 §x§F§C§D§0§5§C§lB§x§E§6§D§3§6§B§la§x§C§F§D§5§7§A§ls§x§B§9§D§8§8§9§li§x§A§2§D§A§9§8§lc §x§7§5§D§F§B§6§lC§x§5§F§E§2§C§5§lr§x§7§5§D§F§B§6§la§x§8§C§D§D§A§7§lt§x§A§2§D§A§9§8§le §x§C§F§D§5§7§A§lK§x§E§6§D§3§6§B§le§x§F§C§D§0§5§C§ly from buy
[01:53:05] > johnowenz1 added x4 §x§F§C§D§0§5§C§lB§x§E§6§D§3§6§B§la§x§C§F§D§5§7§A§ls§x§B§9§D§8§8§9§li§x§A§2§D§A§9§8§lc §x§7§5§D§F§B§6§lC§x§5§F§E§2§C§5§lr§x§7§5§D§F§B§6§la§x§8§C§D§D§A§7§lt§x§A§2§D§A§9§8§le §x§C§F§D§5§7§A§lK§x§E§6§D§3§6§B§le§x§F§C§D§0§5§C§ly in auction for 100000.
[01:55:12] > younglion1224 buy x64 Firework rocket to nachfaust for $35,000.
[01:55:19] > younglion1224 remove x64 Firework rocket from buy
[02:02:45] > Trapers1 remove x1 §x§E§4§3§A§9§6§lW§x§E§7§5§3§A§3§lI§x§E§B§6§B§B§0§lN§x§E§E§8§4§B§D§lG§x§F§2§9§D§C§B§lS §x§F§8§C§E§E§5§lO§x§F§C§E§6§F§2§lF §x§F§C§E§6§F§2§lE§x§F§8§C§E§E§5§lT§x§F§5§B§5§D§8§lE§x§F§2§9§D§C§B§lR§x§E§E§8§4§B§D§lN§x§E§B§6§B§B§0§lI§x§E§7§5§3§A§3§lT§x§E§4§3§A§9§6§lY form storage
[02:03:19] > YchannR buy x1 §f§l§x§8§A§0§0§F§FS§x§9§9§0§0§D§Bh§x§A§8§0§0§B§6i§x§B§7§0§0§9§2n§x§C§6§0§0§6§De§x§D§5§0§0§4§9 §x§E§4§0§0§2§4O§x§F§3§0§0§0§0n§x§E§4§0§0§2§4i§x§D§5§0§0§4§9 §x§C§6§0§0§6§DB§x§B§7§0§0§9§2o§x§A§8§0§0§B§6o§x§9§9§0§0§D§Bt§x§8§A§0§0§F§Fs to Cynishere for $500,000.
[02:04:13] > CuddlyCow added x1 §x§F§C§D§0§5§C§lB§x§E§6§D§3§6§B§la§x§C§F§D§5§7§A§ls§x§B§9§D§8§8§9§li§x§A§2§D§A§9§8§lc §x§7§5§D§F§B§6§lC§x§5§F§E§2§C§5§lr§x§7§5§D§F§B§6§la§x§8§C§D§D§A§7§lt§x§A§2§D§A§9§8§le §x§C§F§D§5§7§A§lK§x§E§6§D§3§6§B§le§x§F§C§D§0§5§C§ly in auction for 10.
[02:04:20] > younglion1224 buy x1 §x§F§C§D§0§5§C§lB§x§E§6§D§3§6§B§la§x§C§F§D§5§7§A§ls§x§B§9§D§8§8§9§li§x§A§2§D§A§9§8§lc §x§7§5§D§F§B§6§lC§x§5§F§E§2§C§5§lr§x§7§5§D§F§B§6§la§x§8§C§D§D§A§7§lt§x§A§2§D§A§9§8§le §x§C§F§D§5§7§A§lK§x§E§6§D§3§6§B§le§x§F§C§D§0§5§C§ly to CuddlyCow for $10.
[02:04:34] > younglion1224 remove x1 §x§F§C§D§0§5§C§lB§x§E§6§D§3§6§B§la§x§C§F§D§5§7§A§ls§x§B§9§D§8§8§9§li§x§A§2§D§A§9§8§lc §x§7§5§D§F§B§6§lC§x§5§F§E§2§C§5§lr§x§7§5§D§F§B§6§la§x§8§C§D§D§A§7§lt§x§A§2§D§A§9§8§le §x§C§F§D§5§7§A§lK§x§E§6§D§3§6§B§le§x§F§C§D§0§5§C§ly from buy
[02:04:47] > Zypher_0w0 remove x1 §x§5§C§C§F§F§C§lC§x§5§C§D§1§F§5§lo§x§5§D§D§4§E§E§ls§x§5§D§D§6§E§7§lm§x§5§E§D§9§E§1§le§x§5§E§D§B§D§A§lt§x§5§E§D§D§D§3§li§x§5§F§E§0§C§C§lc §x§5§F§E§0§C§C§lH§x§5§E§D§D§D§3§la§x§5§E§D§B§D§A§lt§x§5§E§D§9§E§1§ls §x§5§D§D§4§E§E§lK§x§5§C§D§1§F§5§le§x§5§C§C§F§F§C§ly from storage
[02:04:58] > Trapers1 buy x1 Fireworks Duration 3 to Zypher_0w0 for $100,000.
[02:05:03] > Trapers1 buy x1 Fireworks Duration 3 to Zypher_0w0 for $100,000.
[02:05:09] > Trapers1 remove x1 Fireworks Duration 3 form buy
[02:05:09] > Trapers1 remove x1 Fireworks Duration 3 form buy
[02:05:11] > zDamixx remove x1 trading for elytras msg zxdamii if interested from storage
[02:05:33] > zDamixx added x1 trading for elytras msg zxdamii if interested in auction for 1919191911.
[02:08:46] > Trapers1 added x1 §x§E§4§3§A§9§6§lW§x§E§7§5§3§A§3§lI§x§E§B§6§B§B§0§lN§x§E§E§8§4§B§D§lG§x§F§2§9§D§C§B§lS §x§F§8§C§E§E§5§lO§x§F§C§E§6§F§2§lF §x§F§C§E§6§F§2§lE§x§F§8§C§E§E§5§lT§x§F§5§B§5§D§8§lE§x§F§2§9§D§C§B§lR§x§E§E§8§4§B§D§lN§x§E§B§6§B§B§0§lI§x§E§7§5§3§A§3§lT§x§E§4§3§A§9§6§lY in auction for 8000000.
[02:16:41] > YchannR remove x3 Golden apple form buy
[02:16:41] > YchannR remove x1 §f§l§x§8§A§0§0§F§FS§x§9§9§0§0§D§Bh§x§A§8§0§0§B§6i§x§B§7§0§0§9§2n§x§C§6§0§0§6§De§x§D§5§0§0§4§9 §x§E§4§0§0§2§4O§x§F§3§0§0§0§0n§x§E§4§0§0§2§4i§x§D§5§0§0§4§9 §x§C§6§0§0§6§DB§x§B§7§0§0§9§2o§x§A§8§0§0§B§6o§x§9§9§0§0§D§Bt§x§8§A§0§0§F§Fs form buy
[02:30:06] > zezozezozezo2012 buy x1 §x§E§5§1§B§1§B§lDracula Staff to mumbowe777 for $100,000.
[02:54:14] > Julene remove x1 §x§5§9§A§1§D§9§lA§x§6§E§A§D§D§Er§x§8§3§B§9§E§3c§x§9§7§C§4§E§7h§x§A§C§D§0§E§Ca§x§C§1§D§C§F§1n§x§D§6§E§8§F§6g§x§E§A§F§3§F§Ae§fl §x§D§0§E§4§F§4S§x§B§8§D§7§E§Fh§x§A§0§C§9§E§9i§x§8§8§B§C§E§4e§x§7§1§A§E§D§El§x§5§9§A§1§D§9d from storage
[02:54:16] > Julene remove x1 §x§F§F§7§C§0§0§lSteamsparks Wings from storage
[02:55:29] > Julene added x1 §x§5§9§A§1§D§9§lA§x§6§E§A§D§D§Er§x§8§3§B§9§E§3c§x§9§7§C§4§E§7h§x§A§C§D§0§E§Ca§x§C§1§D§C§F§1n§x§D§6§E§8§F§6g§x§E§A§F§3§F§Ae§fl §x§D§0§E§4§F§4S§x§B§8§D§7§E§Fh§x§A§0§C§9§E§9i§x§8§8§B§C§E§4e§x§7§1§A§E§D§El§x§5§9§A§1§D§9d in auction for 550000.
[02:57:16] > Julene remove x1 §x§5§9§A§1§D§9§lA§x§6§E§A§D§D§Er§x§8§3§B§9§E§3c§x§9§7§C§4§E§7h§x§A§C§D§0§E§Ca§x§C§1§D§C§F§1n§x§D§6§E§8§F§6g§x§E§A§F§3§F§Ae§fl §x§D§0§E§4§F§4S§x§B§8§D§7§E§Fh§x§A§0§C§9§E§9i§x§8§8§B§C§E§4e§x§7§1§A§E§D§El§x§5§9§A§1§D§9d from storage
[02:58:54] > Julene added x1 §x§F§F§7§C§0§0§lSteamsparks Wings in auction for 500000.
[03:03:40] > belvi__ added x1 §f§l§x§E§4§3§A§3§AM§x§D§5§4§9§3§Ae§x§C§6§5§9§3§Ar§x§B§7§6§8§3§9r§x§A§8§7§8§3§9y§x§9§9§8§7§3§9 §x§8§9§9§6§3§9C§x§7§A§A§6§3§9h§x§6§B§B§5§3§8r§x§5§C§C§5§3§8i§x§4§D§D§4§3§8s§x§5§C§C§5§3§8t§x§6§B§B§5§3§8m§x§7§A§A§6§3§9a§x§8§9§9§6§3§9s§x§9§9§8§7§3§9 §x§A§8§7§8§3§9S§x§B§7§6§8§3§9t§x§C§6§5§9§3§Aa§x§D§5§4§9§3§Af§x§E§4§3§A§3§Af in auction for 700000.
[03:05:33] > CuddlyCow added x1 §x§F§C§D§0§5§C§lB§x§E§6§D§3§6§B§la§x§C§F§D§5§7§A§ls§x§B§9§D§8§8§9§li§x§A§2§D§A§9§8§lc §x§7§5§D§F§B§6§lC§x§5§F§E§2§C§5§lr§x§7§5§D§F§B§6§la§x§8§C§D§D§A§7§lt§x§A§2§D§A§9§8§le §x§C§F§D§5§7§A§lK§x§E§6§D§3§6§B§le§x§F§C§D§0§5§C§ly in auction for 10.
[03:05:40] > 8it5inn buy x1 §x§F§C§D§0§5§C§lB§x§E§6§D§3§6§B§la§x§C§F§D§5§7§A§ls§x§B§9§D§8§8§9§li§x§A§2§D§A§9§8§lc §x§7§5§D§F§B§6§lC§x§5§F§E§2§C§5§lr§x§7§5§D§F§B§6§la§x§8§C§D§D§A§7§lt§x§A§2§D§A§9§8§le §x§C§F§D§5§7§A§lK§x§E§6§D§3§6§B§le§x§F§C§D§0§5§C§ly to CuddlyCow for $10.
[03:12:50] > belvi__ remove x1 §f§l§x§E§4§3§A§3§AM§x§D§5§4§9§3§Ae§x§C§6§5§9§3§Ar§x§B§7§6§8§3§9r§x§A§8§7§8§3§9y§x§9§9§8§7§3§9 §x§8§9§9§6§3§9C§x§7§A§A§6§3§9h§x§6§B§B§5§3§8r§x§5§C§C§5§3§8i§x§4§D§D§4§3§8s§x§5§C§C§5§3§8t§x§6§B§B§5§3§8m§x§7§A§A§6§3§9a§x§8§9§9§6§3§9s§x§9§9§8§7§3§9 §x§A§8§7§8§3§9S§x§B§7§6§8§3§9t§x§C§6§5§9§3§Aa§x§D§5§4§9§3§Af§x§E§4§3§A§3§Af from storage
[03:13:05] > belvi__ added x1 §f§l§x§E§4§3§A§3§AM§x§D§5§4§9§3§Ae§x§C§6§5§9§3§Ar§x§B§7§6§8§3§9r§x§A§8§7§8§3§9y§x§9§9§8§7§3§9 §x§8§9§9§6§3§9C§x§7§A§A§6§3§9h§x§6§B§B§5§3§8r§x§5§C§C§5§3§8i§x§4§D§D§4§3§8s§x§5§C§C§5§3§8t§x§6§B§B§5§3§8m§x§7§A§A§6§3§9a§x§8§9§9§6§3§9s§x§9§9§8§7§3§9 §x§A§8§7§8§3§9S§x§B§7§6§8§3§9t§x§C§6§5§9§3§Aa§x§D§5§4§9§3§Af§x§E§4§3§A§3§Af in auction for 600000.
[03:43:18] > NoClarity added x1 Skeleton skull in auction for 10.
[03:56:59] > belvi__ remove x1 §f§l§x§E§4§3§A§3§AM§x§D§5§4§9§3§Ae§x§C§6§5§9§3§Ar§x§B§7§6§8§3§9r§x§A§8§7§8§3§9y§x§9§9§8§7§3§9 §x§8§9§9§6§3§9C§x§7§A§A§6§3§9h§x§6§B§B§5§3§8r§x§5§C§C§5§3§8i§x§4§D§D§4§3§8s§x§5§C§C§5§3§8t§x§6§B§B§5§3§8m§x§7§A§A§6§3§9a§x§8§9§9§6§3§9s§x§9§9§8§7§3§9 §x§A§8§7§8§3§9S§x§B§7§6§8§3§9t§x§C§6§5§9§3§Aa§x§D§5§4§9§3§Af§x§E§4§3§A§3§Af from storage
[03:57:17] > belvi__ added x1 §f§l§x§E§4§3§A§3§AM§x§D§5§4§9§3§Ae§x§C§6§5§9§3§Ar§x§B§7§6§8§3§9r§x§A§8§7§8§3§9y§x§9§9§8§7§3§9 §x§8§9§9§6§3§9C§x§7§A§A§6§3§9h§x§6§B§B§5§3§8r§x§5§C§C§5§3§8i§x§4§D§D§4§3§8s§x§5§C§C§5§3§8t§x§6§B§B§5§3§8m§x§7§A§A§6§3§9a§x§8§9§9§6§3§9s§x§9§9§8§7§3§9 §x§A§8§7§8§3§9S§x§B§7§6§8§3§9t§x§C§6§5§9§3§Aa§x§D§5§4§9§3§Af§x§E§4§3§A§3§Af in auction for 400000.
[04:21:32] > McWhopper added x30 Firework rocket in auction for 5000.
[06:03:26] > Apprintance buy x1 Skeleton skull to NoClarity for $10.
[06:03:58] > Apprintance remove x1 §f§l§x§8§A§0§0§F§FS§x§9§C§0§0§D§5h§x§A§D§0§0§A§Ai§x§B§F§0§0§8§0n§x§D§0§0§0§5§5e§x§E§2§0§0§2§B §x§F§3§0§0§0§0O§x§E§2§0§0§2§An§x§D§0§0§0§5§5i§x§B§F§0§0§8§0 §x§A§D§0§0§A§AH§x§9§C§0§0§D§5o§x§8§A§0§0§F§Fe from storage
[06:18:58] > MasterElrel added x1 §f§l§x§E§4§3§A§3§AM§x§D§6§4§9§3§Ae§x§C§7§5§7§3§Ar§x§B§9§6§6§3§9r§x§A§A§7§5§3§9y§x§9§C§8§3§3§9 §x§8§E§9§2§3§9C§x§7§F§A§1§3§9h§x§7§1§A§F§3§8r§x§6§3§B§E§3§8i§x§5§4§C§D§3§8st§x§6§3§B§E§3§8m§x§7§1§A§F§3§8a§x§7§F§A§1§3§9s§x§8§E§9§2§3§9 §x§9§C§8§3§3§9H§x§A§A§7§5§3§9e§x§B§9§6§6§3§9l§x§C§7§5§7§3§Am§x§D§6§4§9§3§Ae§x§E§4§3§A§3§At in auction for 500000.
[06:19:07] > Apprintance buy x1 §f§l§x§E§4§3§A§3§AM§x§D§6§4§9§3§Ae§x§C§7§5§7§3§Ar§x§B§9§6§6§3§9r§x§A§A§7§5§3§9y§x§9§C§8§3§3§9 §x§8§E§9§2§3§9C§x§7§F§A§1§3§9h§x§7§1§A§F§3§8r§x§6§3§B§E§3§8i§x§5§4§C§D§3§8st§x§6§3§B§E§3§8m§x§7§1§A§F§3§8a§x§7§F§A§1§3§9s§x§8§E§9§2§3§9 §x§9§C§8§3§3§9H§x§A§A§7§5§3§9e§x§B§9§6§6§3§9l§x§C§7§5§7§3§Am§x§D§6§4§9§3§Ae§x§E§4§3§A§3§At to MasterElrel for $500,000.
[06:19:12] > x64 Experience bottle, bought by PumpkinSweetie, has just expired, the item is definitively deleted.
[06:19:13] > Apprintance remove x1 §f§l§x§E§4§3§A§3§AM§x§D§6§4§9§3§Ae§x§C§7§5§7§3§Ar§x§B§9§6§6§3§9r§x§A§A§7§5§3§9y§x§9§C§8§3§3§9 §x§8§E§9§2§3§9C§x§7§F§A§1§3§9h§x§7§1§A§F§3§8r§x§6§3§B§E§3§8i§x§5§4§C§D§3§8st§x§6§3§B§E§3§8m§x§7§1§A§F§3§8a§x§7§F§A§1§3§9s§x§8§E§9§2§3§9 §x§9§C§8§3§3§9H§x§A§A§7§5§3§9e§x§B§9§6§6§3§9l§x§C§7§5§7§3§Am§x§D§6§4§9§3§Ae§x§E§4§3§A§3§At from buy
[06:19:14] > Apprintance remove x1 Skeleton skull from buy
[06:23:35] > yxsin112 buy x1 §x§F§F§7§C§0§0§lSteamsparks Battle Axe to EnderDragon0120 for $180,000.
[06:23:49] > yxsin112 buy x1 §x§F§F§7§C§0§0§lSteamsparks Hoe to raven for $100,000.
[06:24:01] > yxsin112 remove x1 §x§F§F§7§C§0§0§lSteamsparks Battle Axe form buy
[06:24:01] > yxsin112 remove x1 §x§F§F§7§C§0§0§lSteamsparks Hoe form buy
[06:31:07] > Mugiwara22 buy x1 §x§F§F§7§C§0§0§lSteamsparks Wings to Julene for $500,000.
[06:34:53] > MasterElrel buy x64 Diamond to Kyle for $200,000.
[06:34:59] > MasterElrel remove x1 Diamond from buy
[06:37:41] > Mugiwara22 remove x1 §x§F§F§7§C§0§0§lSteamsparks Wings from buy
[06:47:07] > Mugiwara22 added x1 §x§F§F§7§C§0§0§lSteamsparks Wings in auction for 1700000.
[07:01:52] > Apprintance added x1 WINGS OF ETERNITY in auction for 10.
[07:03:48] > Apprintance added x2 Basic Crate Key in auction for 10.
[07:03:58] > Apprintance remove x1 WINGS OF ETERNITY from storage
[07:04:02] > Mugiwara22 buy x2 Basic Crate Key to Apprintance for $10.
[07:04:41] > yxsin112 added x1 Shine Oni Sickle in auction for 10.
[07:06:39] > Mugiwara22 remove x2 Basic Crate Key from buy
[07:07:18] > Apprintance added x1 §x§6§0§0§0§F§F§lɢᴏᴅʟʏ ɪᴛᴇᴍ in auction for 2000000.
[07:18:09] > monggol buy x1 Heart of the sea to NoClarity for $10,000.
[07:18:22] > monggol remove x1 Heart of the sea from buy
[07:19:42] > killergamerhihi remove x1 Netherite upgrade smithing template from buy
[07:21:38] > EXEZUNO remove x1 §f§l§x§8§A§0§0§F§FS§x§9§C§0§0§D§5h§x§A§D§0§0§A§Ai§x§B§F§0§0§8§0n§x§D§0§0§0§5§5e§x§E§2§0§0§2§B §x§F§3§0§0§0§0O§x§E§2§0§0§2§An§x§D§0§0§0§5§5i§x§B§F§0§0§8§0 §x§A§D§0§0§A§AA§x§9§C§0§0§D§5x§x§8§A§0§0§F§Fe from storage
[07:21:58] > EXEZUNO added x1 §f§l§x§8§A§0§0§F§FS§x§9§C§0§0§D§5h§x§A§D§0§0§A§Ai§x§B§F§0§0§8§0n§x§D§0§0§0§5§5e§x§E§2§0§0§2§B §x§F§3§0§0§0§0O§x§E§2§0§0§2§An§x§D§0§0§0§5§5i§x§B§F§0§0§8§0 §x§A§D§0§0§A§AA§x§9§C§0§0§D§5x§x§8§A§0§0§F§Fe in auction for 1800000.
[07:22:43] > EXEZUNO remove x1 §x§F§F§3§E§0§0§lD§x§F§F§3§5§0§0§le§x§F§F§2§C§0§0§lm§x§F§F§2§3§0§0§lo§x§F§F§1§B§0§0§ln §x§F§F§0§9§0§0§lL§x§F§F§0§0§0§0§lo§x§F§F§0§A§0§0§lr§x§F§F§1§5§0§0§ld §x§F§F§2§9§0§0§lB§x§F§F§3§4§0§0§lo§x§F§F§3§E§0§0§lw from storage
[07:22:58] > EXEZUNO added x1 §x§F§F§3§E§0§0§lD§x§F§F§3§5§0§0§le§x§F§F§2§C§0§0§lm§x§F§F§2§3§0§0§lo§x§F§F§1§B§0§0§ln §x§F§F§0§9§0§0§lL§x§F§F§0§0§0§0§lo§x§F§F§0§A§0§0§lr§x§F§F§1§5§0§0§ld §x§F§F§2§9§0§0§lB§x§F§F§3§4§0§0§lo§x§F§F§3§E§0§0§lw in auction for 1000000.
[07:23:16] > EXEZUNO remove x1 §x§F§F§7§C§0§0§lSteamsparks Battle Axe from storage
[07:23:30] > EXEZUNO added x1 §x§F§F§7§C§0§0§lSteamsparks Battle Axe in auction for 700000.
[07:24:36] > EXEZUNO added x6 §x§F§C§D§0§5§C§lB§x§E§6§D§3§6§B§la§x§C§F§D§5§7§A§ls§x§B§9§D§8§8§9§li§x§A§2§D§A§9§8§lc §x§7§5§D§F§B§6§lC§x§5§F§E§2§C§5§lr§x§7§5§D§F§B§6§la§x§8§C§D§D§A§7§lt§x§A§2§D§A§9§8§le §x§C§F§D§5§7§A§lK§x§E§6§D§3§6§B§le§x§F§C§D§0§5§C§ly in auction for 20000.
[07:24:44] > MasterElrel buy x6 §x§F§C§D§0§5§C§lB§x§E§6§D§3§6§B§la§x§C§F§D§5§7§A§ls§x§B§9§D§8§8§9§li§x§A§2§D§A§9§8§lc §x§7§5§D§F§B§6§lC§x§5§F§E§2§C§5§lr§x§7§5§D§F§B§6§la§x§8§C§D§D§A§7§lt§x§A§2§D§A§9§8§le §x§C§F§D§5§7§A§lK§x§E§6§D§3§6§B§le§x§F§C§D§0§5§C§ly to EXEZUNO for $20,000.
[07:24:53] > MasterElrel remove x6 §x§F§C§D§0§5§C§lB§x§E§6§D§3§6§B§la§x§C§F§D§5§7§A§ls§x§B§9§D§8§8§9§li§x§A§2§D§A§9§8§lc §x§7§5§D§F§B§6§lC§x§5§F§E§2§C§5§lr§x§7§5§D§F§B§6§la§x§8§C§D§D§A§7§lt§x§A§2§D§A§9§8§le §x§C§F§D§5§7§A§lK§x§E§6§D§3§6§B§le§x§F§C§D§0§5§C§ly from buy
[07:26:20] > EXEZUNO added x1 §x§F§F§7§C§0§0§lSteamsparks Wings in auction for 1500000.
[07:33:44] > EXEZUNO added x10 §bEntropy Crystal §8(§310,000§8) in auction for 700000.
[07:34:37] > monggol buy x10 §bEntropy Crystal §8(§310,000§8) to EXEZUNO for $700,000.
[07:34:40] > monggol remove x10 §bEntropy Crystal §8(§310,000§8) from buy
[07:36:09] > EXEZUNO added x5 §bEntropy Crystal §8(§310,000§8) in auction for 450000.
[08:13:13] > vortexcore added x1 Enchanted book in auction for 10000.
[08:13:34] > vortexcore buy x1 Netherite upgrade smithing template to R4YVEN for $130,000.
[08:13:54] > vortexcore remove x1 Netherite upgrade smithing template from buy
[08:25:09] > Kenamin buy x4 §x§F§C§D§0§5§C§lB§x§E§6§D§3§6§B§la§x§C§F§D§5§7§A§ls§x§B§9§D§8§8§9§li§x§A§2§D§A§9§8§lc §x§7§5§D§F§B§6§lC§x§5§F§E§2§C§5§lr§x§7§5§D§F§B§6§la§x§8§C§D§D§A§7§lt§x§A§2§D§A§9§8§le §x§C§F§D§5§7§A§lK§x§E§6§D§3§6§B§le§x§F§C§D§0§5§C§ly to johnowenz1 for $100,000.
[08:25:47] > Kenamin remove x4 §x§F§C§D§0§5§C§lB§x§E§6§D§3§6§B§la§x§C§F§D§5§7§A§ls§x§B§9§D§8§8§9§li§x§A§2§D§A§9§8§lc §x§7§5§D§F§B§6§lC§x§5§F§E§2§C§5§lr§x§7§5§D§F§B§6§la§x§8§C§D§D§A§7§lt§x§A§2§D§A§9§8§le §x§C§F§D§5§7§A§lK§x§E§6§D§3§6§B§le§x§F§C§D§0§5§C§ly from buy
[08:30:38] > vortexcore remove x1 Enchanted book from storage
[08:30:41] > vortexcore remove x1 Enchanted book from expire
[08:30:47] > vortexcore added x1 Enchanted book in auction for 7500.
[08:32:40] > nebula12321 added x1 §x§E§4§3§A§3§A§lC§x§C§E§5§0§3§A§lh§x§B§9§6§6§3§9§lr§x§A§3§7§C§3§9§li§x§8§E§9§2§3§9§ls§x§7§8§A§8§3§9§lt§x§6§3§B§E§3§8§lm§x§4§D§D§4§3§8§la§x§6§3§B§E§3§8§ls §x§8§E§9§2§3§9§lG§x§A§3§7§C§3§9§ll§x§B§9§6§6§3§9§lo§x§C§E§5§0§3§A§lb§x§E§4§3§A§3§A§le in auction for 1200000.
[08:32:45] > vortexcore added x64 Lapis lazuli in auction for 10000.
[08:33:10] > killergamerhihi buy x64 Lapis lazuli to vortexcore for $10,000.
[08:33:17] > killergamerhihi remove x64 Lapis lazuli from buy
[08:39:42] > nachfaust added x1 §f§l§x§E§4§3§A§3§AM§x§D§8§4§6§3§Ae§x§C§C§5§3§3§Ar§x§C§0§5§F§3§Ar§x§B§4§6§B§3§9y§x§A§8§7§8§3§9 §x§9§C§8§4§3§9C§x§8§F§9§0§3§9h§x§8§3§9§D§3§9r§x§7§7§A§9§3§9i§x§6§B§B§5§3§8s§x§5§F§C§2§3§8t§x§5§3§C§E§3§8ma§x§5§F§C§2§3§8s§x§6§B§B§5§3§8 §x§7§7§A§9§3§9C§x§8§3§9§D§3§9h§x§8§F§9§0§3§9e§x§9§C§8§4§3§9s§x§A§8§7§8§3§9t§x§B§4§6§B§3§9p§x§C§0§5§F§3§Al§x§C§C§5§3§3§Aa§x§D§8§4§6§3§At§x§E§4§3§A§3§Ae in auction for 700000.
[09:03:46] > Izumi remove x1 §x§F§F§7§C§0§0§lSteamsparks Shield form storage
[09:03:46] > Izumi remove x1 §f§l§8B§x§6§0§6§0§6§0a§x§6§C§6§C§6§Ch§x§7§7§7§7§7§7a§x§8§2§8§2§8§2m§x§8§E§8§E§8§Eu§x§9§9§9§9§9§9t§x§A§4§A§4§A§4 G§x§9§9§9§9§9§9a§x§8§E§8§E§8§Eu§x§8§2§8§2§8§2n§x§7§7§7§7§7§7t§x§6§C§6§C§6§Cl§x§6§0§6§0§6§0e§8t form storage
[09:05:00] > Izumi added x1 §f§l§8B§x§6§0§6§0§6§0a§x§6§C§6§C§6§Ch§x§7§7§7§7§7§7a§x§8§2§8§2§8§2m§x§8§E§8§E§8§Eu§x§9§9§9§9§9§9t§x§A§4§A§4§A§4 G§x§9§9§9§9§9§9a§x§8§E§8§E§8§Eu§x§8§2§8§2§8§2n§x§7§7§7§7§7§7t§x§6§C§6§C§6§Cl§x§6§0§6§0§6§0e§8t in auction for 200000.
[09:07:41] > MhicksGaming added x1 §x§F§F§7§C§0§0§lSteamsparks Hoe in auction for 250000.
[09:12:22] > king_ARK remove x2 §3§lDolphin Tail form buy
[09:12:22] > king_ARK remove x7 Creaking heart form buy
[09:12:22] > king_ARK remove x1 §f§l§x§E§4§3§A§3§AM§x§D§8§4§6§3§Ae§x§C§C§5§3§3§Ar§x§C§0§5§F§3§Ar§x§B§4§6§B§3§9y§x§A§8§7§8§3§9 §x§9§C§8§4§3§9C§x§8§F§9§0§3§9h§x§8§3§9§D§3§9r§x§7§7§A§9§3§9i§x§6§B§B§5§3§8s§x§5§F§C§2§3§8t§x§5§3§C§E§3§8ma§x§5§F§C§2§3§8s§x§6§B§B§5§3§8 §x§7§7§A§9§3§9G§x§8§3§9§D§3§9r§x§8§F§9§0§3§9e§x§9§C§8§4§3§9a§x§A§8§7§8§3§9t§x§B§4§6§B§3§9S§x§C§0§5§F§3§Aw§x§C§C§5§3§3§Ao§x§D§8§4§6§3§Ar§x§E§4§3§A§3§Ad form buy
[09:12:22] > king_ARK remove x1 §f§l§x§E§4§3§A§3§AM§x§D§3§4§B§3§Ae§x§C§2§5§C§3§Ar§x§B§2§6§D§3§9r§x§A§1§7§E§3§9y§x§9§0§9§0§3§9 §x§7§F§A§1§3§9C§x§6§F§B§2§3§8h§x§5§E§C§3§3§8r§x§4§D§D§4§3§8i§x§5§E§C§3§3§8s§x§6§F§B§2§3§8t§x§7§F§A§1§3§9m§x§9§0§9§0§3§9a§x§A§1§7§E§3§9s§x§B§2§6§D§3§9 §x§C§2§5§C§3§AH§x§D§3§4§B§3§Ao§x§E§4§3§A§3§Ae form buy
[09:13:51] > king_ARK buy x1 §x§F§F§3§E§0§0§lSellwand Voucher to 3xdmge for $1,000,000.
[09:13:59] > king_ARK remove x1 §x§F§F§3§E§0§0§lSellwand Voucher from buy
[09:15:47] > R4YVEN added x5 §x§F§C§9§0§5§C§lE§x§E§6§9§C§6§B§lp§x§C§F§A§7§7§A§li§x§B§9§B§3§8§9§lc §x§8§C§C§B§A§7§lC§x§7§5§D§6§B§6§lr§x§5§F§E§2§C§5§la§x§7§9§D§4§B§4§lt§x§9§3§C§7§A§2§le §x§C§8§A§B§7§F§lK§x§E§2§9§E§6§E§le§x§F§C§9§0§5§C§ly in auction for 110000.
[09:15:56] > .EradTzy19 buy x5 §x§F§C§9§0§5§C§lE§x§E§6§9§C§6§B§lp§x§C§F§A§7§7§A§li§x§B§9§B§3§8§9§lc §x§8§C§C§B§A§7§lC§x§7§5§D§6§B§6§lr§x§5§F§E§2§C§5§la§x§7§9§D§4§B§4§lt§x§9§3§C§7§A§2§le §x§C§8§A§B§7§F§lK§x§E§2§9§E§6§E§le§x§F§C§9§0§5§C§ly to R4YVEN for $110,000.
[09:16:23] > R4YVEN added x1 §x§5§9§A§1§D§9§lA§x§7§5§B§1§D§Fr§x§9§0§C§0§E§6c§x§A§C§D§0§E§Ch§x§C§8§E§0§F§2a§x§E§3§E§F§F§9n§fg§x§E§3§E§F§F§9e§x§C§8§E§0§F§2l §x§9§0§C§0§E§6K§x§7§5§B§1§D§Fe§x§5§9§A§1§D§9y in auction for 2000000.
[09:17:46] > R4YVEN remove x1 Netherite upgrade smithing template from storage
[09:17:59] > R4YVEN added x1 Netherite upgrade smithing template in auction for 150000.
[09:33:46] > killergamerhihi added x6 Netherite upgrade smithing template in auction for 120000.
[09:48:48] > MhicksGaming added x1 §x§F§F§7§C§0§0§lSteamsparks Pickaxe in auction for 200000.
[09:49:01] > MhicksGaming remove x1 §x§F§F§7§C§0§0§lSteamsparks Hoe from storage
[09:49:06] > MhicksGaming remove x1 §x§F§F§7§C§0§0§lSteamsparks Pickaxe from storage
[09:49:50] > MhicksGaming added x1 §x§F§F§7§C§0§0§lSteamsparks Pickaxe in auction for 200000.
[09:50:32] > MhicksGaming remove x1 §x§F§F§7§C§0§0§lSteamsparks Hoe from expire
[09:50:43] > MhicksGaming added x1 §x§F§F§7§C§0§0§lSteamsparks Hoe in auction for 180000.
[09:57:35] > king_ARK remove x1 Crucible from storage
[09:59:28] > Fogstrap buy x1 §x§F§F§3§E§0§0§lSellwand Voucher to .Krubsyou for $1,000,000.
[09:59:32] > Fogstrap remove x1 §x§F§F§3§E§0§0§lSellwand Voucher from buy
[10:06:05] > HEYkay27 added x1 Crucible in auction for 9000000.
[10:06:22] > HEYkay27 remove x1 Crucible from storage
[10:08:30] > HEYkay27 remove x1 Crucible from expire
[10:08:52] > HEYkay27 buy x1 §f§l§x§8§A§0§0§F§FS§x§9§C§0§0§D§5h§x§A§D§0§0§A§Ai§x§B§F§0§0§8§0n§x§D§0§0§0§5§5e§x§E§2§0§0§2§B §x§F§3§0§0§0§0O§x§E§2§0§0§2§An§x§D§0§0§0§5§5i§x§B§F§0§0§8§0 §x§A§D§0§0§A§AA§x§9§C§0§0§D§5x§x§8§A§0§0§F§Fe to EXEZUNO for $1,800,000.
[10:10:30] > vortexcore added x1 Netherite upgrade smithing template in auction for 145000.
[10:11:06] > HEYkay27 remove x1 §f§l§x§8§A§0§0§F§FS§x§9§C§0§0§D§5h§x§A§D§0§0§A§Ai§x§B§F§0§0§8§0n§x§D§0§0§0§5§5e§x§E§2§0§0§2§B §x§F§3§0§0§0§0O§x§E§2§0§0§2§An§x§D§0§0§0§5§5i§x§B§F§0§0§8§0 §x§A§D§0§0§A§AA§x§9§C§0§0§D§5x§x§8§A§0§0§F§Fe from buy
[10:18:45] > killergamerhihi remove x6 Netherite upgrade smithing template form storage
[10:46:09] > micailatot added x1 §f§l§x§E§4§3§A§3§AM§x§D§6§4§9§3§Ae§x§C§7§5§7§3§Ar§x§B§9§6§6§3§9r§x§A§A§7§5§3§9y§x§9§C§8§3§3§9 §x§8§E§9§2§3§9C§x§7§F§A§1§3§9h§x§7§1§A§F§3§8r§x§6§3§B§E§3§8i§x§5§4§C§D§3§8st§x§6§3§B§E§3§8m§x§7§1§A§F§3§8a§x§7§F§A§1§3§9s§x§8§E§9§2§3§9 §x§9§C§8§3§3§9S§x§A§A§7§5§3§9h§x§B§9§6§6§3§9o§x§C§7§5§7§3§Av§x§D§6§4§9§3§Ae§x§E§4§3§A§3§Al in auction for 900000.
[11:11:51] > MasterElrel buy x3 Enchanted golden apple to dejuugarr for $250,000.
[11:11:54] > MasterElrel remove x3 Enchanted golden apple from buy
[11:39:10] > NoClarity added x1 §x§E§5§1§B§1§B§lDracula Dagger in auction for 99999.
[11:39:10] > Horheee added x1 §f§l§x§E§4§3§A§3§AM§x§D§5§4§9§3§Ae§x§C§6§5§9§3§Ar§x§B§7§6§8§3§9r§x§A§8§7§8§3§9y§x§9§9§8§7§3§9 §x§8§9§9§6§3§9C§x§7§A§A§6§3§9h§x§6§B§B§5§3§8r§x§5§C§C§5§3§8i§x§4§D§D§4§3§8s§x§5§C§C§5§3§8t§x§6§B§B§5§3§8m§x§7§A§A§6§3§9a§x§8§9§9§6§3§9s§x§9§9§8§7§3§9 §x§A§8§7§8§3§9S§x§B§7§6§8§3§9w§x§C§6§5§9§3§Ao§x§D§5§4§9§3§Ar§x§E§4§3§A§3§Ad in auction for 500000.
[11:39:30] > qu4sar buy x1 §x§E§4§3§A§3§A§lC§x§C§E§5§0§3§A§lh§x§B§9§6§6§3§9§lr§x§A§3§7§C§3§9§li§x§8§E§9§2§3§9§ls§x§7§8§A§8§3§9§lt§x§6§3§B§E§3§8§lm§x§4§D§D§4§3§8§la§x§6§3§B§E§3§8§ls §x§8§E§9§2§3§9§lG§x§A§3§7§C§3§9§ll§x§B§9§6§6§3§9§lo§x§C§E§5§0§3§A§lb§x§E§4§3§A§3§A§le to nebula12321 for $1,200,000.
[11:39:34] > qu4sar remove x1 §x§E§4§3§A§3§A§lC§x§C§E§5§0§3§A§lh§x§B§9§6§6§3§9§lr§x§A§3§7§C§3§9§li§x§8§E§9§2§3§9§ls§x§7§8§A§8§3§9§lt§x§6§3§B§E§3§8§lm§x§4§D§D§4§3§8§la§x§6§3§B§E§3§8§ls §x§8§E§9§2§3§9§lG§x§A§3§7§C§3§9§ll§x§B§9§6§6§3§9§lo§x§C§E§5§0§3§A§lb§x§E§4§3§A§3§A§le from buy
[11:40:58] > cart224 added x1 §f§l§x§E§4§3§A§3§AM§x§D§7§4§7§3§Ae§x§C§A§5§5§3§Ar§x§B§D§6§2§3§9r§x§A§F§7§0§3§9y§x§A§2§7§D§3§9 §x§9§5§8§A§3§9C§x§8§8§9§8§3§9h§x§7§B§A§5§3§9r§x§6§E§B§3§3§8i§x§6§1§C§0§3§8s§x§5§4§C§D§3§8tm§x§6§1§C§0§3§8a§x§6§E§B§3§3§8s§x§7§B§A§5§3§9 §x§8§8§9§8§3§9L§x§9§5§8§A§3§9e§x§A§2§7§D§3§9g§x§A§F§7§0§3§9g§x§B§D§6§2§3§9i§x§C§A§5§5§3§An§x§D§7§4§7§3§Ag§x§E§4§3§A§3§As in auction for 200000.
[11:41:03] > Apprintance buy x1 §f§l§x§E§4§3§A§3§AM§x§D§7§4§7§3§Ae§x§C§A§5§5§3§Ar§x§B§D§6§2§3§9r§x§A§F§7§0§3§9y§x§A§2§7§D§3§9 §x§9§5§8§A§3§9C§x§8§8§9§8§3§9h§x§7§B§A§5§3§9r§x§6§E§B§3§3§8i§x§6§1§C§0§3§8s§x§5§4§C§D§3§8tm§x§6§1§C§0§3§8a§x§6§E§B§3§3§8s§x§7§B§A§5§3§9 §x§8§8§9§8§3§9L§x§9§5§8§A§3§9e§x§A§2§7§D§3§9g§x§A§F§7§0§3§9g§x§B§D§6§2§3§9i§x§C§A§5§5§3§An§x§D§7§4§7§3§Ag§x§E§4§3§A§3§As to cart224 for $200,000.
[11:41:21] > Horheee added x1 §x§E§5§1§B§1§B§lDracula Helmet in auction for 200000.