
[12:03:58] > qu4sar buy x64 Iron block to Trapers1 for $67,000.
[12:05:27] > johnowenz1 added x1 Ominous trial key in auction for 1000.
[12:06:35] > LazyDreii buy x1 Ominous trial key to johnowenz1 for $1,000.
[12:11:18] > InternetCafeUser buy x1 Netherite ingot to monggol for $50,000.
[12:11:34] > Gohan_oNTt buy x1 §f§l§8B§x§6§2§6§2§6§2a§x§6§F§6§F§6§Fh§x§7§C§7§C§7§Ca§x§8§9§8§9§8§9m§x§9§6§9§6§9§6u§x§A§3§A§3§A§3t §x§9§6§9§6§9§6D§x§8§9§8§9§8§9a§x§7§C§7§C§7§Cg§x§6§F§6§F§6§Fg§x§6§2§6§2§6§2e§8r to Icon_Skully for $150,000.
[12:12:44] > Gohan_oNTt remove x1 §f§l§8B§x§6§2§6§2§6§2a§x§6§F§6§F§6§Fh§x§7§C§7§C§7§Ca§x§8§9§8§9§8§9m§x§9§6§9§6§9§6u§x§A§3§A§3§A§3t §x§9§6§9§6§9§6D§x§8§9§8§9§8§9a§x§7§C§7§C§7§Cg§x§6§F§6§F§6§Fg§x§6§2§6§2§6§2e§8r form buy
[12:13:15] > LazyDreii added x1 §f§l§8B§x§6§3§6§3§6§3a§x§7§1§7§1§7§1h§x§8§0§8§0§8§0a§x§8§E§8§E§8§Em§x§9§C§9§C§9§Cu§7t§x§9§C§9§C§9§C §x§8§E§8§E§8§ES§x§8§0§8§0§8§0p§x§7§1§7§1§7§1e§x§6§3§6§3§6§3a§8r in auction for 300000.
[12:14:06] > LazyDreii remove x1 §f§l§8B§x§6§3§6§3§6§3a§x§7§1§7§1§7§1h§x§8§0§8§0§8§0a§x§8§E§8§E§8§Em§x§9§C§9§C§9§Cu§7t§x§9§C§9§C§9§C §x§8§E§8§E§8§ES§x§8§0§8§0§8§0p§x§7§1§7§1§7§1e§x§6§3§6§3§6§3a§8r from storage
[12:16:58] > auvicious remove x1 §x§E§5§1§B§1§B§lDracula Chestplate from storage
[12:17:18] > auvicious added x1 §x§E§5§1§B§1§B§lDracula Wings in auction for 3000000.
[12:19:33] > NoClarity added x1 §x§F§F§7§C§0§0§lSteamsparks Battle Axe in auction for 250000.
[12:20:18] > auvicious remove x1 §x§E§5§1§B§1§B§lDracula Wings from storage
[12:21:06] > auvicious remove x1 §f§l§x§8§A§0§0§F§FS§x§9§6§0§0§E§3h§x§A§1§0§0§C§6i§x§A§D§0§0§A§An§x§B§9§0§0§8§Ee§x§C§4§0§0§7§1 §x§D§0§0§0§5§5O§x§D§C§0§0§3§9n§x§E§7§0§0§1§Ci§x§F§3§0§0§0§0 §x§E§7§0§0§1§CB§x§D§C§0§0§3§9i§x§D§0§0§0§5§5g§x§C§4§0§0§7§1 §x§B§9§0§0§8§ES§x§A§D§0§0§A§Aw§x§A§1§0§0§C§6o§x§9§6§0§0§E§3r§x§8§A§0§0§F§Fd from storage
[12:25:53] > Dentatsu buy x1 §f§l§8B§x§6§2§6§2§6§2a§x§6§F§6§F§6§Fh§x§7§C§7§C§7§Ca§x§8§9§8§9§8§9m§x§9§6§9§6§9§6u§x§A§3§A§3§A§3t §x§9§6§9§6§9§6S§x§8§9§8§9§8§9h§x§7§C§7§C§7§Ci§x§6§F§6§F§6§Fe§x§6§2§6§2§6§2l§8d to Takeremu for $250,000.
[12:28:33] > alecczzz added x1 §f§l§8B§x§6§6§6§6§6§6a§x§7§7§7§7§7§7h§x§8§8§8§8§8§8a§x§9§9§9§9§9§9m§7u§x§9§9§9§9§9§9t§x§8§8§8§8§8§8 §x§7§7§7§7§7§7H§x§6§6§6§6§6§6a§8t in auction for 100000.
[12:28:44] > alecczzz added x1 §x§F§F§7§C§0§0§lSteamsparks Boots in auction for 100000.
[12:28:55] > alecczzz added x1 §f§l§x§F§C§D§0§5§CW§x§F§B§C§1§5§5u§x§F§B§B§2§4§Fk§x§F§A§A§3§4§8o§x§F§9§9§5§4§2n§x§F§9§8§6§3§Bg§x§F§8§7§7§3§5 §x§F§8§6§8§2§EL§x§F§7§5§9§2§7e§x§F§6§4§A§2§1g§x§F§6§3§B§1§Ag§x§F§5§2§D§1§4i§x§F§4§1§E§0§Dn§x§F§4§0§F§0§7g§x§F§3§0§0§0§0s in auction for 100000.
[12:31:46] > auvicious added x1 wing 1.3m cp 2.5m boots 2m sword 2.2m/7m pck deal in auction for 7000000.
[12:34:08] > auvicious remove x1 wing 1.3m cp 2.5m boots 2m sword 2.2m/7m pck deal from storage
[12:36:26] > auvicious added x1 cp 2.5m boots 2m sword 2.2m open for offers dm in auction for 5700000.
[12:37:58] > nebula12321 added x1 §f§l§x§8§A§0§0§F§FS§x§9§9§0§0§D§Bh§x§A§8§0§0§B§6i§x§B§7§0§0§9§2n§x§C§6§0§0§6§De§x§D§5§0§0§4§9 §x§E§4§0§0§2§4O§x§F§3§0§0§0§0n§x§E§4§0§0§2§4i§x§D§5§0§0§4§9 §x§C§6§0§0§6§DS§x§B§7§0§0§9§2p§x§A§8§0§0§B§6e§x§9§9§0§0§D§Ba§x§8§A§0§0§F§Fr in auction for 1600000.
[12:38:32] > alecczzz added x1 §x§F§F§7§C§0§0§lSteamsparks Boots in auction for 50000.
[12:38:56] > nebula12321 added x1 Mace in auction for 400000.
[12:39:04] > nebula12321 remove x1 §f§l§x§8§A§0§0§F§FS§x§9§9§0§0§D§Bh§x§A§8§0§0§B§6i§x§B§7§0§0§9§2n§x§C§6§0§0§6§De§x§D§5§0§0§4§9 §x§E§4§0§0§2§4O§x§F§3§0§0§0§0n§x§E§4§0§0§2§4i§x§D§5§0§0§4§9 §x§C§6§0§0§6§DS§x§B§7§0§0§9§2p§x§A§8§0§0§B§6e§x§9§9§0§0§D§Ba§x§8§A§0§0§F§Fr form storage
[12:39:04] > nebula12321 remove x1 Mace form storage
[12:39:12] > nebula12321 added x1 §f§l§x§8§A§0§0§F§FS§x§9§9§0§0§D§Bh§x§A§8§0§0§B§6i§x§B§7§0§0§9§2n§x§C§6§0§0§6§De§x§D§5§0§0§4§9 §x§E§4§0§0§2§4O§x§F§3§0§0§0§0n§x§E§4§0§0§2§4i§x§D§5§0§0§4§9 §x§C§6§0§0§6§DS§x§B§7§0§0§9§2p§x§A§8§0§0§B§6e§x§9§9§0§0§D§Ba§x§8§A§0§0§F§Fr in auction for 1600000.
[12:39:28] > nebula12321 added x1 Mace in auction for 400000.
[12:39:32] > x1 §x§E§5§1§B§1§B§lDracula Bow, item of jeff, has just expired, the item is definitively deleted.
[12:39:32] > x1 §x§F§0§7§A§5§4§lZombie Apocalyptic Shovel, item of jeff, has just expired, the item is definitively deleted.
[12:39:32] > x1 §f§l§8B§x§6§3§6§3§6§3a§x§7§1§7§1§7§1h§x§8§0§8§0§8§0a§x§8§E§8§E§8§Em§x§9§C§9§C§9§Cu§7t§x§9§C§9§C§9§C §x§8§E§8§E§8§ES§x§8§0§8§0§8§0t§x§7§1§7§1§7§1a§x§6§3§6§3§6§3f§8f, item of Keenorana, has just expired, the item is definitively deleted.
[12:39:32] > x2 Nether star, item of pijusas, has just expired, the item is definitively deleted.
[12:39:32] > x64 Cool dirt, item of InternetCafeUser, has just expired, the item is definitively deleted.
[12:39:32] > x1 §f§l§8B§x§6§2§6§2§6§2a§x§6§F§6§F§6§Fh§x§7§C§7§C§7§Ca§x§8§9§8§9§8§9m§x§9§6§9§6§9§6u§x§A§3§A§3§A§3t §x§9§6§9§6§9§6D§x§8§9§8§9§8§9a§x§7§C§7§C§7§Cg§x§6§F§6§F§6§Fg§x§6§2§6§2§6§2e§8r, item of Keenorana, has just expired, the item is definitively deleted.
[12:39:32] > x16 Ender pearl, item of Johng10910, has just expired, the item is definitively deleted.
[12:39:32] > x1 §f§l§8B§x§6§2§6§2§6§2a§x§6§F§6§F§6§Fh§x§7§C§7§C§7§Ca§x§8§9§8§9§8§9m§x§9§6§9§6§9§6u§x§A§3§A§3§A§3t §x§9§6§9§6§9§6S§x§8§9§8§9§8§9h§x§7§C§7§C§7§Ci§x§6§F§6§F§6§Fe§x§6§2§6§2§6§2l§8d, item of ry9191, has just expired, the item is definitively deleted.
[12:39:32] > x1 §f§l§8B§x§6§6§6§6§6§6a§x§7§7§7§7§7§7h§x§8§8§8§8§8§8a§x§9§9§9§9§9§9m§7u§x§9§9§9§9§9§9t§x§8§8§8§8§8§8 §x§7§7§7§7§7§7B§x§6§6§6§6§6§6o§8w, item of Keenorana, has just expired, the item is definitively deleted.
[12:39:32] > x1 §f§l§8B§x§6§1§6§1§6§1a§x§6§D§6§D§6§Dh§x§7§9§7§9§7§9a§x§8§6§8§6§8§6m§x§9§2§9§2§9§2u§x§9§E§9§E§9§Et§7 §x§9§E§9§E§9§EH§x§9§2§9§2§9§2a§x§8§6§8§6§8§6l§x§7§9§7§9§7§9b§x§6§D§6§D§6§De§x§6§1§6§1§6§1r§8d, item of Keenorana, has just expired, the item is definitively deleted.
[12:39:32] > x3 §x§F§F§3§E§0§0§lD§x§F§F§3§7§0§0§le§x§F§F§3§0§0§0§lm§x§F§F§2§9§0§0§lo§x§F§F§2§2§0§0§ln §x§F§F§1§5§0§0§lL§x§F§F§0§E§0§0§lo§x§F§F§0§7§0§0§lr§x§F§F§0§0§0§0§ld §x§F§F§0§E§0§0§lF§x§F§F§1§5§0§0§lr§x§F§F§1§C§0§0§la§x§F§F§2§2§0§0§lg§x§F§F§2§9§0§0§lm§x§F§F§3§0§0§0§le§x§F§F§3§7§0§0§ln§x§F§F§3§E§0§0§lt, item of SHELLA, has just expired, the item is definitively deleted.
[12:39:34] > nebula12321 remove x1 §x§F§F§3§E§0§0§lD§x§F§F§3§5§0§0§le§x§F§F§2§C§0§0§lm§x§F§F§2§3§0§0§lo§x§F§F§1§B§0§0§ln §x§F§F§0§9§0§0§lL§x§F§F§0§0§0§0§lo§x§F§F§0§A§0§0§lr§x§F§F§1§5§0§0§ld §x§F§F§2§9§0§0§lB§x§F§F§3§4§0§0§lo§x§F§F§3§E§0§0§lw from expire
[12:39:48] > nebula12321 added x1 §x§F§F§3§E§0§0§lD§x§F§F§3§5§0§0§le§x§F§F§2§C§0§0§lm§x§F§F§2§3§0§0§lo§x§F§F§1§B§0§0§ln §x§F§F§0§9§0§0§lL§x§F§F§0§0§0§0§lo§x§F§F§0§A§0§0§lr§x§F§F§1§5§0§0§ld §x§F§F§2§9§0§0§lB§x§F§F§3§4§0§0§lo§x§F§F§3§E§0§0§lw in auction for 1400000.
[12:40:08] > Trapers1 added x1 The Smasher. in auction for 650000.
[12:41:51] > nebula12321 added x1 §f§l§x§8§A§0§0§F§FS§x§9§6§0§0§E§3h§x§A§1§0§0§C§6i§x§A§D§0§0§A§An§x§B§9§0§0§8§Ee§x§C§4§0§0§7§1 §x§D§0§0§0§5§5O§x§D§C§0§0§3§9n§x§E§7§0§0§1§Ci§x§F§3§0§0§0§0 §x§E§7§0§0§1§CB§x§D§C§0§0§3§9i§x§D§0§0§0§5§5g§x§C§4§0§0§7§1 §x§B§9§0§0§8§ES§x§A§D§0§0§A§Aw§x§A§1§0§0§C§6o§x§9§6§0§0§E§3r§x§8§A§0§0§F§Fd in auction for 1800000.
[12:42:10] > nebula12321 added x1 §f§l§x§8§A§0§0§F§FS§x§9§6§0§0§E§3h§x§A§1§0§0§C§6i§x§A§D§0§0§A§An§x§B§9§0§0§8§Ee§x§C§4§0§0§7§1 §x§D§0§0§0§5§5O§x§D§C§0§0§3§9n§x§E§7§0§0§1§Ci§x§F§3§0§0§0§0 §x§E§7§0§0§1§CB§x§D§C§0§0§3§9i§x§D§0§0§0§5§5g§x§C§4§0§0§7§1 §x§B§9§0§0§8§ES§x§A§D§0§0§A§Aw§x§A§1§0§0§C§6o§x§9§6§0§0§E§3r§x§8§A§0§0§F§Fd in auction for 1800000.
[12:50:37] > Fogstrap remove x5 Netherite ingot form storage
[12:50:37] > Fogstrap remove x6 Netherite ingot form storage
[12:50:37] > Fogstrap remove x4 Netherite ingot form storage
[12:50:37] > Fogstrap remove x5 Netherite ingot form storage
[12:50:37] > Fogstrap remove x4 Netherite ingot form storage
[12:50:58] > Fogstrap added x4 Netherite ingot in auction for 390000.
[12:51:08] > Fogstrap added x4 Netherite ingot in auction for 390000.
[12:51:26] > Fogstrap added x4 Netherite ingot in auction for 390000.
[12:51:40] > Fogstrap added x4 Netherite ingot in auction for 390000.
[12:52:11] > Fogstrap added x4 Netherite ingot in auction for 390000.
[12:52:24] > Fogstrap added x4 Netherite ingot in auction for 390000.
[13:00:47] > Trapers1 remove x1 §f§l§8B§x§6§4§6§4§6§4a§x§7§4§7§4§7§4h§x§8§3§8§3§8§3a§x§9§3§9§3§9§3m§x§A§2§A§2§A§2ut§x§9§3§9§3§9§3 §x§8§3§8§3§8§3C§x§7§4§7§4§7§4l§x§6§4§6§4§6§4u§8b form storage
[13:00:47] > Trapers1 remove x1 The Smasher. form storage
[13:00:47] > Trapers1 remove x1 §f§l§8B§x§6§0§6§0§6§0a§x§6§C§6§C§6§Ch§x§7§7§7§7§7§7a§x§8§2§8§2§8§2m§x§8§E§8§E§8§Eu§x§9§9§9§9§9§9t§x§A§4§A§4§A§4 L§x§9§9§9§9§9§9e§x§8§E§8§E§8§Eg§x§8§2§8§2§8§2g§x§7§7§7§7§7§7i§x§6§C§6§C§6§Cn§x§6§0§6§0§6§0g§8s form storage
[13:00:47] > Trapers1 remove x1 §f§l§8B§x§6§4§6§4§6§4a§x§7§4§7§4§7§4h§x§8§3§8§3§8§3a§x§9§3§9§3§9§3m§x§A§2§A§2§A§2ut§x§9§3§9§3§9§3 §x§8§3§8§3§8§3C§x§7§4§7§4§7§4l§x§6§4§6§4§6§4u§8b form storage
[13:03:37] > NastyPepperoni added x3 Slime ball in auction for 10.
[13:16:58] > scarlettti buy x64 Sugar cane to Antonie657 for $2,000.
[13:17:03] > x1 §x§F§F§3§E§0§0§lD§x§F§F§3§7§0§0§le§x§F§F§3§0§0§0§lm§x§F§F§2§9§0§0§lo§x§F§F§2§2§0§0§ln §x§F§F§1§5§0§0§lL§x§F§F§0§E§0§0§lo§x§F§F§0§7§0§0§lr§x§F§F§0§0§0§0§ld §x§F§F§0§E§0§0§lF§x§F§F§1§5§0§0§lr§x§F§F§1§C§0§0§la§x§F§F§2§2§0§0§lg§x§F§F§2§9§0§0§lm§x§F§F§3§0§0§0§le§x§F§F§3§7§0§0§ln§x§F§F§3§E§0§0§lt, bought by cheflight, has just expired, the item is definitively deleted.
[13:17:04] > scarlettti remove x64 Sugar cane from buy
[13:17:16] > Trapers1 added x2 Wild armor trim smithing template in auction for 2000000.
[13:17:27] > RottenRael added x1 §x§F§F§5§5§0§0§lsᴇʟʟᴡᴀɴᴅ §6- 5.0x in auction for 350000.
[13:17:34] > UnavailableTest buy x1 §x§F§F§5§5§0§0§lsᴇʟʟᴡᴀɴᴅ §6- 5.0x to RottenRael for $350,000.
[13:17:41] > UnavailableTest remove x1 §x§F§F§5§5§0§0§lsᴇʟʟᴡᴀɴᴅ §6- 5.0x form buy
[13:22:06] > micailatot remove x1 §f§l§8B§x§6§6§6§6§6§6a§x§7§7§7§7§7§7h§x§8§8§8§8§8§8a§x§9§9§9§9§9§9m§7u§x§9§9§9§9§9§9t§x§8§8§8§8§8§8 §x§7§7§7§7§7§7H§x§6§6§6§6§6§6o§8e from storage
[13:24:04] > .Moshie1981 added x1 §x§F§F§5§5§0§0§lsᴇʟʟᴡᴀɴᴅ §6- 5.0x in auction for 500000.
[13:26:52] > Frog_Frince added x1 §x§F§F§5§5§0§0§lsᴇʟʟᴡᴀɴᴅ §6- 5.0x in auction for 350000.
[13:26:52] > Torrr added x1 §x§F§F§5§5§0§0§lsᴇʟʟᴡᴀɴᴅ §6- 5.0x in auction for 300000.
[13:26:56] > SenjuKawaragi buy x1 §x§F§F§5§5§0§0§lsᴇʟʟᴡᴀɴᴅ §6- 5.0x to Torrr for $300,000.
[13:27:06] > 8it5inn added x1 §x§F§F§5§5§0§0§lsᴇʟʟᴡᴀɴᴅ §6- 5.0x in auction for 385000.
[13:27:20] > Trapers1 added x1 §x§F§F§5§5§0§0§lsᴇʟʟᴡᴀɴᴅ §6- 5.0x in auction for 380000.
[13:27:27] > ry9191 buy x1 §x§F§F§5§5§0§0§lsᴇʟʟᴡᴀɴᴅ §6- 5.0x to Frog_Frince for $350,000.
[13:27:44] > SenjuKawaragi remove x1 §x§F§F§5§5§0§0§lsᴇʟʟᴡᴀɴᴅ §6- 5.0x from buy
[13:27:53] > Trapers1 added x1 §f§l§8B§x§6§2§6§2§6§2a§x§6§F§6§F§6§Fh§x§7§C§7§C§7§Ca§x§8§9§8§9§8§9m§x§9§6§9§6§9§6u§x§A§3§A§3§A§3t §x§9§6§9§6§9§6H§x§8§9§8§9§8§9a§x§7§C§7§C§7§Ct§x§6§F§6§F§6§F §x§6§2§6§2§6§2V§82 in auction for 500000.
[13:29:30] > Trapers1 added x1 §fCreeper Plushie §6(#27/101) in auction for 10000.
[13:29:38] > Nathantheslayer buy x1 §fCreeper Plushie §6(#27/101) to Trapers1 for $10,000.
[13:30:39] > Trapers1 added x1 §f§l§x§8§A§0§0§F§FS§x§9§6§0§0§E§3h§x§A§1§0§0§C§6i§x§A§D§0§0§A§An§x§B§9§0§0§8§Ee§x§C§4§0§0§7§1 §x§D§0§0§0§5§5O§x§D§C§0§0§3§9n§x§E§7§0§0§1§Ci§x§F§3§0§0§0§0 §x§E§7§0§0§1§CB§x§D§C§0§0§3§9i§x§D§0§0§0§5§5g§x§C§4§0§0§7§1 §x§B§9§0§0§8§ES§x§A§D§0§0§A§Aw§x§A§1§0§0§C§6o§x§9§6§0§0§E§3r§x§8§A§0§0§F§Fd in auction for 7000000.
[13:31:05] > Dentatsu added x1 §x§F§F§5§5§0§0§lsᴇʟʟᴡᴀɴᴅ §6- 5.0x in auction for 300000.
[13:31:09] > RebornKimmy buy x1 §x§F§F§5§5§0§0§lsᴇʟʟᴡᴀɴᴅ §6- 5.0x to Dentatsu for $300,000.
[13:31:22] > Dentatsu added x1 §x§F§F§5§5§0§0§lsᴇʟʟᴡᴀɴᴅ §6- 5.0x in auction for 300000.
[13:31:26] > Cooldoggiexd buy x1 §x§F§F§5§5§0§0§lsᴇʟʟᴡᴀɴᴅ §6- 5.0x to Dentatsu for $300,000.
[13:31:31] > Trapers1 remove x1 §f§l§x§8§A§0§0§F§FS§x§9§6§0§0§E§3h§x§A§1§0§0§C§6i§x§A§D§0§0§A§An§x§B§9§0§0§8§Ee§x§C§4§0§0§7§1 §x§D§0§0§0§5§5O§x§D§C§0§0§3§9n§x§E§7§0§0§1§Ci§x§F§3§0§0§0§0 §x§E§7§0§0§1§CB§x§D§C§0§0§3§9i§x§D§0§0§0§5§5g§x§C§4§0§0§7§1 §x§B§9§0§0§8§ES§x§A§D§0§0§A§Aw§x§A§1§0§0§C§6o§x§9§6§0§0§E§3r§x§8§A§0§0§F§Fd form storage
[13:31:31] > Trapers1 remove x2 Wild armor trim smithing template form storage
[13:31:31] > Trapers1 remove x1 §x§F§F§5§5§0§0§lsᴇʟʟᴡᴀɴᴅ §6- 5.0x form storage
[13:31:31] > Trapers1 remove x1 §f§l§8B§x§6§2§6§2§6§2a§x§6§F§6§F§6§Fh§x§7§C§7§C§7§Ca§x§8§9§8§9§8§9m§x§9§6§9§6§9§6u§x§A§3§A§3§A§3t §x§9§6§9§6§9§6H§x§8§9§8§9§8§9a§x§7§C§7§C§7§Ct§x§6§F§6§F§6§F §x§6§2§6§2§6§2V§82 form storage
[13:31:31] > Cooldoggiexd remove x1 §x§F§F§5§5§0§0§lsᴇʟʟᴡᴀɴᴅ §6- 5.0x from buy
[13:31:38] > Trapers1 added x1 §x§F§F§5§5§0§0§lsᴇʟʟᴡᴀɴᴅ §6- 5.0x in auction for 310000.
[13:31:42] > RebornKimmy buy x1 §x§F§F§5§5§0§0§lsᴇʟʟᴡᴀɴᴅ §6- 5.0x to Trapers1 for $310,000.
[13:32:54] > Trapers1 added x1 §f§l§x§8§A§0§0§F§FS§x§9§6§0§0§E§3h§x§A§1§0§0§C§6i§x§A§D§0§0§A§An§x§B§9§0§0§8§Ee§x§C§4§0§0§7§1 §x§D§0§0§0§5§5O§x§D§C§0§0§3§9n§x§E§7§0§0§1§Ci§x§F§3§0§0§0§0 §x§E§7§0§0§1§CB§x§D§C§0§0§3§9i§x§D§0§0§0§5§5g§x§C§4§0§0§7§1 §x§B§9§0§0§8§ES§x§A§D§0§0§A§Aw§x§A§1§0§0§C§6o§x§9§6§0§0§E§3r§x§8§A§0§0§F§Fd in auction for 6500000.
[13:33:26] > lorxie remove x1 §f§l§x§8§A§0§0§F§FS§x§9§C§0§0§D§5h§x§A§D§0§0§A§Ai§x§B§F§0§0§8§0n§x§D§0§0§0§5§5e§x§E§2§0§0§2§B §x§F§3§0§0§0§0O§x§E§2§0§0§2§An§x§D§0§0§0§5§5i§x§B§F§0§0§8§0 §x§A§D§0§0§A§AB§x§9§C§0§0§D§5o§x§8§A§0§0§F§Fw form storage
[13:33:26] > lorxie remove x1 §f§l§x§8§A§0§0§F§FS§x§9§6§0§0§E§3h§x§A§1§0§0§C§6i§x§A§D§0§0§A§An§x§B§9§0§0§8§Ee§x§C§4§0§0§7§1 §x§D§0§0§0§5§5O§x§D§C§0§0§3§9n§x§E§7§0§0§1§Ci§x§F§3§0§0§0§0 §x§E§7§0§0§1§CB§x§D§C§0§0§3§9i§x§D§0§0§0§5§5g§x§C§4§0§0§7§1 §x§B§9§0§0§8§ES§x§A§D§0§0§A§Aw§x§A§1§0§0§C§6o§x§9§6§0§0§E§3r§x§8§A§0§0§F§Fd form storage
[13:33:44] > lorxie added x1 §f§l§x§8§A§0§0§F§FS§x§9§6§0§0§E§3h§x§A§1§0§0§C§6i§x§A§D§0§0§A§An§x§B§9§0§0§8§Ee§x§C§4§0§0§7§1 §x§D§0§0§0§5§5O§x§D§C§0§0§3§9n§x§E§7§0§0§1§Ci§x§F§3§0§0§0§0 §x§E§7§0§0§1§CB§x§D§C§0§0§3§9i§x§D§0§0§0§5§5g§x§C§4§0§0§7§1 §x§B§9§0§0§8§ES§x§A§D§0§0§A§Aw§x§A§1§0§0§C§6o§x§9§6§0§0§E§3r§x§8§A§0§0§F§Fd in auction for 1000000.
[13:33:49] > Torrr added x1 §x§5§9§A§1§D§9§lA§x§7§1§A§E§D§Er§x§8§8§B§C§E§4c§x§A§0§C§9§E§9h§x§B§8§D§7§E§Fa§x§D§0§E§4§F§4n§x§E§7§F§2§F§Ag§fe§x§E§7§F§2§F§Al §x§B§8§D§7§E§FB§x§A§0§C§9§E§9o§x§8§8§B§C§E§4o§x§7§1§A§E§D§Et§x§5§9§A§1§D§9s in auction for 300000.
[13:34:06] > anneyong buy x1 §x§5§9§A§1§D§9§lA§x§7§1§A§E§D§Er§x§8§8§B§C§E§4c§x§A§0§C§9§E§9h§x§B§8§D§7§E§Fa§x§D§0§E§4§F§4n§x§E§7§F§2§F§Ag§fe§x§E§7§F§2§F§Al §x§B§8§D§7§E§FB§x§A§0§C§9§E§9o§x§8§8§B§C§E§4o§x§7§1§A§E§D§Et§x§5§9§A§1§D§9s to Torrr for $300,000.
[13:34:15] > Dentatsu buy x1 §f§l§x§8§A§0§0§F§FS§x§9§6§0§0§E§3h§x§A§1§0§0§C§6i§x§A§D§0§0§A§An§x§B§9§0§0§8§Ee§x§C§4§0§0§7§1 §x§D§0§0§0§5§5O§x§D§C§0§0§3§9n§x§E§7§0§0§1§Ci§x§F§3§0§0§0§0 §x§E§7§0§0§1§CB§x§D§C§0§0§3§9i§x§D§0§0§0§5§5g§x§C§4§0§0§7§1 §x§B§9§0§0§8§ES§x§A§D§0§0§A§Aw§x§A§1§0§0§C§6o§x§9§6§0§0§E§3r§x§8§A§0§0§F§Fd to lorxie for $1,000,000.
[13:34:17] > kysicx added x1 §x§E§5§1§B§1§B§lDracula Axe in auction for 150000.
[13:34:36] > lorxie added x1 §f§l§x§8§A§0§0§F§FS§x§9§C§0§0§D§5h§x§A§D§0§0§A§Ai§x§B§F§0§0§8§0n§x§D§0§0§0§5§5e§x§E§2§0§0§2§B §x§F§3§0§0§0§0O§x§E§2§0§0§2§An§x§D§0§0§0§5§5i§x§B§F§0§0§8§0 §x§A§D§0§0§A§AB§x§9§C§0§0§D§5o§x§8§A§0§0§F§Fw in auction for 1000000.
[13:35:03] > Dentatsu remove x1 §f§l§x§8§A§0§0§F§FS§x§9§6§0§0§E§3h§x§A§1§0§0§C§6i§x§A§D§0§0§A§An§x§B§9§0§0§8§Ee§x§C§4§0§0§7§1 §x§D§0§0§0§5§5O§x§D§C§0§0§3§9n§x§E§7§0§0§1§Ci§x§F§3§0§0§0§0 §x§E§7§0§0§1§CB§x§D§C§0§0§3§9i§x§D§0§0§0§5§5g§x§C§4§0§0§7§1 §x§B§9§0§0§8§ES§x§A§D§0§0§A§Aw§x§A§1§0§0§C§6o§x§9§6§0§0§E§3r§x§8§A§0§0§F§Fd from buy
[13:35:03] > Dentatsu remove x1 §f§l§8B§x§6§2§6§2§6§2a§x§6§F§6§F§6§Fh§x§7§C§7§C§7§Ca§x§8§9§8§9§8§9m§x§9§6§9§6§9§6u§x§A§3§A§3§A§3t §x§9§6§9§6§9§6S§x§8§9§8§9§8§9h§x§7§C§7§C§7§Ci§x§6§F§6§F§6§Fe§x§6§2§6§2§6§2l§8d from buy
[13:35:36] > Trapers1 remove x1 §f§l§x§8§A§0§0§F§FS§x§9§6§0§0§E§3h§x§A§1§0§0§C§6i§x§A§D§0§0§A§An§x§B§9§0§0§8§Ee§x§C§4§0§0§7§1 §x§D§0§0§0§5§5O§x§D§C§0§0§3§9n§x§E§7§0§0§1§Ci§x§F§3§0§0§0§0 §x§E§7§0§0§1§CB§x§D§C§0§0§3§9i§x§D§0§0§0§5§5g§x§C§4§0§0§7§1 §x§B§9§0§0§8§ES§x§A§D§0§0§A§Aw§x§A§1§0§0§C§6o§x§9§6§0§0§E§3r§x§8§A§0§0§F§Fd form storage
[13:35:44] > Trapers1 added x1 §f§l§x§8§A§0§0§F§FS§x§9§6§0§0§E§3h§x§A§1§0§0§C§6i§x§A§D§0§0§A§An§x§B§9§0§0§8§Ee§x§C§4§0§0§7§1 §x§D§0§0§0§5§5O§x§D§C§0§0§3§9n§x§E§7§0§0§1§Ci§x§F§3§0§0§0§0 §x§E§7§0§0§1§CB§x§D§C§0§0§3§9i§x§D§0§0§0§5§5g§x§C§4§0§0§7§1 §x§B§9§0§0§8§ES§x§A§D§0§0§A§Aw§x§A§1§0§0§C§6o§x§9§6§0§0§E§3r§x§8§A§0§0§F§Fd in auction for 6000000.
[13:36:03] > Trapers1 remove x1 §f§l§x§8§A§0§0§F§FS§x§9§6§0§0§E§3h§x§A§1§0§0§C§6i§x§A§D§0§0§A§An§x§B§9§0§0§8§Ee§x§C§4§0§0§7§1 §x§D§0§0§0§5§5O§x§D§C§0§0§3§9n§x§E§7§0§0§1§Ci§x§F§3§0§0§0§0 §x§E§7§0§0§1§CB§x§D§C§0§0§3§9i§x§D§0§0§0§5§5g§x§C§4§0§0§7§1 §x§B§9§0§0§8§ES§x§A§D§0§0§A§Aw§x§A§1§0§0§C§6o§x§9§6§0§0§E§3r§x§8§A§0§0§F§Fd form storage
[13:36:13] > Trapers1 added x2 Wild armor trim smithing template in auction for 1000000.
[13:36:36] > HwanYo remove x1 §x§F§F§5§5§0§0§lsᴇʟʟᴡᴀɴᴅ §6- 20.0x from buy
[13:36:41] > anneyong remove x1 §x§5§9§A§1§D§9§lA§x§7§1§A§E§D§Er§x§8§8§B§C§E§4c§x§A§0§C§9§E§9h§x§B§8§D§7§E§Fa§x§D§0§E§4§F§4n§x§E§7§F§2§F§Ag§fe§x§E§7§F§2§F§Al §x§B§8§D§7§E§FB§x§A§0§C§9§E§9o§x§8§8§B§C§E§4o§x§7§1§A§E§D§Et§x§5§9§A§1§D§9s from buy
[13:36:50] > HwanYo buy x1 §x§F§F§5§5§0§0§lsᴇʟʟᴡᴀɴᴅ §6- 5.0x to 8it5inn for $385,000.
[13:36:58] > HwanYo buy x1 §x§F§F§5§5§0§0§lsᴇʟʟᴡᴀɴᴅ §6- 5.0x to Wumpan for $350,000.
[13:37:01] > HwanYo buy x1 §x§F§F§5§5§0§0§lsᴇʟʟᴡᴀɴᴅ §6- 5.0x to Wumpan for $350,000.
[13:37:05] > HwanYo buy x1 §x§F§F§5§5§0§0§lsᴇʟʟᴡᴀɴᴅ §6- 5.0x to Wumpan for $350,000.
[13:37:05] > Kodakoda added x1 §f§l§x§8§A§0§0§F§FS§x§9§7§0§0§D§Fh§x§A§4§0§0§B§Fi§x§B§1§0§0§9§Fn§x§B§F§0§0§8§0e§x§C§C§0§0§6§0 §x§D§9§0§0§4§0O§x§E§6§0§0§2§0n§x§F§3§0§0§0§0i§x§E§6§0§0§2§0 §x§D§9§0§0§4§0P§x§C§C§0§0§6§0i§x§B§F§0§0§8§0c§x§B§1§0§0§9§Fk§x§A§4§0§0§B§Fa§x§9§7§0§0§D§Fx§x§8§A§0§0§F§Fe in auction for 3500000.
[13:37:14] > HwanYo buy x1 §x§F§F§5§5§0§0§lsᴇʟʟᴡᴀɴᴅ §6- 5.0x to auvicious for $450,000.
[13:37:19] > HwanYo buy x1 §x§F§F§5§5§0§0§lsᴇʟʟᴡᴀɴᴅ §6- 5.0x to auvicious for $450,000.
[13:39:33] > Takeremu added x1 Name tag in auction for 10000.
[13:39:46] > Takeremu added x6 Name tag in auction for 60000.
[13:39:47] > _BAAM buy x1 Name tag to Takeremu for $10,000.
[13:39:49] > _BAAM buy x6 Name tag to Takeremu for $60,000.
[13:40:03] > _BAAM remove x6 Name tag form buy
[13:40:03] > _BAAM remove x1 Name tag form buy
[13:40:28] > nachfaust remove x1 §x§F§F§5§5§0§0§lsᴇʟʟᴡᴀɴᴅ §6- 5.0x from storage
[13:40:30] > nachfaust remove x1 Mace from storage
[13:40:39] > Takeremu added x8 Name tag in auction for 80000.
[13:40:42] > _BAAM buy x8 Name tag to Takeremu for $80,000.
[13:40:54] > _BAAM remove x8 Name tag form buy
[13:41:03] > nachfaust added x1 §x§F§F§5§5§0§0§lsᴇʟʟᴡᴀɴᴅ §6- 20.0x in auction for 2100000.
[13:41:06] > koshie buy x1 §x§F§F§5§5§0§0§lsᴇʟʟᴡᴀɴᴅ §6- 20.0x to nachfaust for $2,100,000.
[13:41:13] > nachfaust added x1 §x§F§F§5§5§0§0§lsᴇʟʟᴡᴀɴᴅ §6- 5.0x in auction for 450000.
[13:41:54] > nachfaust added x1 §x§F§F§3§E§0§0§lD§x§F§F§3§6§0§0§le§x§F§F§2§F§0§0§lm§x§F§F§2§7§0§0§lo§x§F§F§1§F§0§0§ln §x§F§F§1§0§0§0§lL§x§F§F§0§8§0§0§lo§x§F§F§0§0§0§0§lr§x§F§F§0§8§0§0§ld §x§F§F§1§7§0§0§lH§x§F§F§1§F§0§0§le§x§F§F§2§7§0§0§ll§x§F§F§2§F§0§0§lm§x§F§F§3§6§0§0§le§x§F§F§3§E§0§0§lt in auction for 1000000.
[13:51:30] > monggol added x1 Netherite ingot in auction for 50000.
[13:51:37] > Trapers1 buy x1 Netherite ingot to monggol for $50,000.
[13:51:47] > Trapers1 remove x1 Netherite ingot form buy
[13:54:08] > dearestyumeko added x1 Axolotl bucket in auction for 25000.
[13:54:21] > kysicx buy x1 Axolotl bucket to dearestyumeko for $25,000.
[13:54:44] > kysicx remove x1 Axolotl bucket from buy
[13:55:10] > alecczzz remove x1 §fGuardian Plushie §6(#43/101) from storage
[13:55:21] > alecczzz added x1 §fVex Plushie §6(#89/101) in auction for 200000.
[13:56:12] > alecczzz remove x1 §f§l§8B§x§6§6§6§6§6§6a§x§7§7§7§7§7§7h§x§8§8§8§8§8§8a§x§9§9§9§9§9§9m§7u§x§9§9§9§9§9§9t§x§8§8§8§8§8§8 §x§7§7§7§7§7§7H§x§6§6§6§6§6§6a§8t from storage
[13:56:17] > alecczzz remove x1 §fVex Plushie §6(#89/101) from storage
[13:56:24] > alecczzz added x1 §f§l§8B§x§6§6§6§6§6§6a§x§7§7§7§7§7§7h§x§8§8§8§8§8§8a§x§9§9§9§9§9§9m§7u§x§9§9§9§9§9§9t§x§8§8§8§8§8§8 §x§7§7§7§7§7§7H§x§6§6§6§6§6§6a§8t in auction for 50000.
[13:56:29] > Dentatsu buy x1 §f§l§8B§x§6§6§6§6§6§6a§x§7§7§7§7§7§7h§x§8§8§8§8§8§8a§x§9§9§9§9§9§9m§7u§x§9§9§9§9§9§9t§x§8§8§8§8§8§8 §x§7§7§7§7§7§7H§x§6§6§6§6§6§6a§8t to alecczzz for $50,000.
[13:56:35] > alecczzz added x1 §fVex Plushie §6(#89/101) in auction for 100000.
[13:56:53] > H2SO4 buy x1 §x§E§5§1§B§1§B§lDracula Axe to kysicx for $150,000.
[13:57:35] > H2SO4 remove x1 §x§E§5§1§B§1§B§lDracula Axe from buy
[13:57:40] > kysicx buy x1 §fVex Plushie §6(#89/101) to alecczzz for $100,000.
[13:57:51] > kysicx remove x1 §fVex Plushie §6(#89/101) from buy
[14:02:22] > Trapers1 added x1 §f§l§8B§x§6§0§6§0§6§0a§x§6§C§6§C§6§Ch§x§7§7§7§7§7§7a§x§8§2§8§2§8§2m§x§8§E§8§E§8§Eu§x§9§9§9§9§9§9t§x§A§4§A§4§A§4 L§x§9§9§9§9§9§9e§x§8§E§8§E§8§Eg§x§8§2§8§2§8§2g§x§7§7§7§7§7§7i§x§6§C§6§C§6§Cn§x§6§0§6§0§6§0g§8s in auction for 100000.
[14:02:52] > Trapers1 added x1 §f§l§8B§x§6§4§6§4§6§4a§x§7§4§7§4§7§4h§x§8§3§8§3§8§3a§x§9§3§9§3§9§3m§x§A§2§A§2§A§2ut§x§9§3§9§3§9§3 §x§8§3§8§3§8§3C§x§7§4§7§4§7§4l§x§6§4§6§4§6§4u§8b in auction for 200000.
[14:02:52] > namerikangel buy x1 §f§l§8B§x§6§0§6§0§6§0a§x§6§C§6§C§6§Ch§x§7§7§7§7§7§7a§x§8§2§8§2§8§2m§x§8§E§8§E§8§Eu§x§9§9§9§9§9§9t§x§A§4§A§4§A§4 L§x§9§9§9§9§9§9e§x§8§E§8§E§8§Eg§x§8§2§8§2§8§2g§x§7§7§7§7§7§7i§x§6§C§6§C§6§Cn§x§6§0§6§0§6§0g§8s to Trapers1 for $100,000.
[14:03:26] > .AppriXD buy x1 §f§l§x§F§C§D§0§5§CW§x§F§B§C§1§5§5u§x§F§B§B§2§4§Fk§x§F§A§A§3§4§8o§x§F§9§9§5§4§2n§x§F§9§8§6§3§Bg§x§F§8§7§7§3§5 §x§F§8§6§8§2§EL§x§F§7§5§9§2§7e§x§F§6§4§A§2§1g§x§F§6§3§B§1§Ag§x§F§5§2§D§1§4i§x§F§4§1§E§0§Dn§x§F§4§0§F§0§7g§x§F§3§0§0§0§0s to alecczzz for $100,000.
[14:04:13] > Trapers1 added x1 §x§F§F§7§C§0§0§lSteamsparks Staff in auction for 100000.
[14:07:22] > Trapers1 added x1 §x§F§F§7§C§0§0§lSteamsparks Wings in auction for 2500000.
[14:08:18] > .AppriXD buy x3 Slime ball to NastyPepperoni for $10.
[14:09:56] > Trapers1 remove x1 §x§F§F§7§C§0§0§lSteamsparks Staff form storage
[14:09:56] > Trapers1 remove x2 Wild armor trim smithing template form storage
[14:09:56] > Trapers1 remove x1 §f§l§8B§x§6§4§6§4§6§4a§x§7§4§7§4§7§4h§x§8§3§8§3§8§3a§x§9§3§9§3§9§3m§x§A§2§A§2§A§2ut§x§9§3§9§3§9§3 §x§8§3§8§3§8§3C§x§7§4§7§4§7§4l§x§6§4§6§4§6§4u§8b form storage
[14:09:56] > Trapers1 remove x1 §x§F§F§7§C§0§0§lSteamsparks Wings form storage
[14:10:12] > Trapers1 added x1 §x§F§F§7§C§0§0§lSteamsparks Wings in auction for 2250000.
[14:11:14] > Trapers1 remove x1 §x§F§F§7§C§0§0§lSteamsparks Wings form storage
[14:11:27] > Trapers1 added x1 §x§F§F§7§C§0§0§lSteamsparks Wings in auction for 2000000.
[14:15:28] > Trapers1 added x1 §x§F§F§7§C§0§0§lSteamsparks Helmet in auction for 150000.
[14:15:42] > Trapers1 added x1 §x§F§F§7§C§0§0§lSteamsparks Chestplate in auction for 200000.
[14:15:53] > Trapers1 added x1 §x§F§F§7§C§0§0§lSteamsparks Leggings in auction for 150000.
[14:16:05] > Trapers1 added x1 §x§F§F§7§C§0§0§lSteamsparks Boots in auction for 150000.
[14:17:15] > Renzy01 remove x1 §x§E§5§1§B§1§B§lDracula Sickle from storage
[14:17:57] > Renzy01 added x1 §x§E§5§1§B§1§B§lDracula Wings in auction for 1500000.
[14:23:01] > alecczzz added x1 §fGuardian Plushie §6(#43/101) in auction for 100000.
[14:27:42] > auvicious remove x1 cp 2.5m boots 2m sword 2.2m open for offers dm from storage
[14:28:08] > .VisedSauce5790 added x1 §f§l§x§F§C§D§0§5§CW§x§F§B§B§2§4§Fu§x§F§9§9§5§4§2k§x§F§8§7§7§3§5o§x§F§7§5§9§2§7n§x§F§6§3§B§1§Ag§x§F§4§1§E§0§D §x§F§3§0§0§0§0C§x§F§4§1§E§0§Dr§x§F§6§3§B§1§Ao§x§F§7§5§9§2§7s§x§F§8§7§7§3§5s§x§F§9§9§5§4§2b§x§F§B§B§2§4§Fo§x§F§C§D§0§5§Cw in auction for 50000.
[14:28:16] > .AppriXD buy x1 §f§l§x§F§C§D§0§5§CW§x§F§B§B§2§4§Fu§x§F§9§9§5§4§2k§x§F§8§7§7§3§5o§x§F§7§5§9§2§7n§x§F§6§3§B§1§Ag§x§F§4§1§E§0§D §x§F§3§0§0§0§0C§x§F§4§1§E§0§Dr§x§F§6§3§B§1§Ao§x§F§7§5§9§2§7s§x§F§8§7§7§3§5s§x§F§9§9§5§4§2b§x§F§B§B§2§4§Fo§x§F§C§D§0§5§Cw to .VisedSauce5790 for $50,000.
[14:30:14] > Buhnaenaexx added x1 §x§F§F§5§5§0§0§lsᴇʟʟᴡᴀɴᴅ §6- 5.0x in auction for 325000.
[14:30:17] > Icon_Skully buy x1 §x§F§F§5§5§0§0§lsᴇʟʟᴡᴀɴᴅ §6- 5.0x to Buhnaenaexx for $325,000.
[14:31:07] > auvicious added x1 §f§l§x§8§A§0§0§F§FS§x§9§6§0§0§E§3h§x§A§1§0§0§C§6i§x§A§D§0§0§A§An§x§B§9§0§0§8§Ee§x§C§4§0§0§7§1 §x§D§0§0§0§5§5O§x§D§C§0§0§3§9n§x§E§7§0§0§1§Ci§x§F§3§0§0§0§0 §x§E§7§0§0§1§CB§x§D§C§0§0§3§9i§x§D§0§0§0§5§5g§x§C§4§0§0§7§1 §x§B§9§0§0§8§ES§x§A§D§0§0§A§Aw§x§A§1§0§0§C§6o§x§9§6§0§0§E§3r§x§8§A§0§0§F§Fd in auction for 2300000.
[14:39:06] > imnectarfr added x1 Emerald ore in auction for 1000000.
[14:41:52] > .JakeTheMiner457 added x1 Dune armor trim smithing template in auction for 80000.
[14:45:20] > .JakeTheMiner457 added x16 Iron block in auction for 15000.
[14:54:37] > Trapers1 remove x1 §x§F§F§7§C§0§0§lSteamsparks Wings form storage
[14:54:37] > Trapers1 remove x1 §x§F§F§7§C§0§0§lSteamsparks Chestplate form storage
[14:54:37] > Trapers1 remove x1 §x§F§F§7§C§0§0§lSteamsparks Helmet form storage
[14:54:37] > Trapers1 remove x1 §x§F§F§7§C§0§0§lSteamsparks Leggings form storage
[14:54:37] > Trapers1 remove x1 §x§F§F§7§C§0§0§lSteamsparks Boots form storage
[14:55:11] > auvicious added x1 Mace in auction for 350000.
[14:56:10] > alecczzz added x1 Music disc lava chicken in auction for 50000.
[15:09:33] > auvicious added x1 Heavy core in auction for 300000.
[15:10:11] > dearestyumeko added x1 Sniffer egg in auction for 150000.
[15:10:20] > auvicious added x1 §f§l§8B§x§6§4§6§4§6§4a§x§7§4§7§4§7§4h§x§8§3§8§3§8§3a§x§9§3§9§3§9§3m§x§A§2§A§2§A§2ut§x§9§3§9§3§9§3 §x§8§3§8§3§8§3C§x§7§4§7§4§7§4l§x§6§4§6§4§6§4u§8b in auction for 650000.
[15:10:34] > dearestyumeko buy x1 Music disc lava chicken to alecczzz for $50,000.
[15:10:41] > dearestyumeko remove x1 Music disc lava chicken from buy
[15:11:23] > ReKYee remove x1 §x§F§F§5§5§0§0§lsᴇʟʟᴡᴀɴᴅ §6- 5.0x from storage
[15:11:46] > dearestyumeko remove x1 Sniffer egg from storage
[15:11:47] > ReKYee added x1 §x§F§F§5§5§0§0§lsᴇʟʟᴡᴀɴᴅ §6- 5.0x in auction for 400000.
[15:12:46] > dearestyumeko remove x1 Sniffer egg from expire
[15:15:51] > Takeremu added x4 §3§lDolphin Tail in auction for 320000.
[15:16:03] > Takeremu added x4 §3§lDolphin Tail in auction for 320000.
[15:16:16] > Takeremu added x4 §9§lSquid Tentacle in auction for 40000.
[15:16:40] > ace buy x1 Dune armor trim smithing template to .JakeTheMiner457 for $80,000.
[15:21:52] > HPMR_GaMerz remove x1 §7Cemetery Hat from buy
[15:21:52] > HPMR_GaMerz remove x1 Enchanted book from buy
[15:21:53] > HPMR_GaMerz remove x32 Name tag from buy
[15:23:45] > .AppriXD buy x4 §9§lSquid Tentacle to Takeremu for $40,000.
[15:26:54] > dearestyumeko added x1 Sniffer egg in auction for 20000.
[15:27:01] > .AppriXD buy x1 Sniffer egg to dearestyumeko for $20,000.
[15:29:07] > dearestyumeko added x1 Axolotl bucket in auction for 25000.
[15:29:19] > Frog_Frince buy x1 Axolotl bucket to dearestyumeko for $25,000.
[15:29:30] > Frog_Frince remove x1 Axolotl bucket from buy
[15:33:15] > .VisedSauce5790 added x1 Alytra in auction for 900000.
[15:33:51] > .VisedSauce5790 remove x1 Alytra from storage
[15:34:23] > x1 §x§3§4§9§8§D§Bᴡɪᴛᴄʜ ꜱᴘᴀᴡɴᴇʀ, item of InternetCafeUser, has just expired, the item is definitively deleted.
[15:41:45] > dearestyumeko added x1 Sniffer egg in auction for 200000.
[15:42:45] > .VisedSauce5790 added x2 ༎ຶ⁠‿⁠༎ຶ in auction for 5000.
[15:43:00] > 8it5inn buy x2 ༎ຶ⁠‿⁠༎ຶ to .VisedSauce5790 for $5,000.
[15:43:07] > 8it5inn remove x2 ༎ຶ⁠‿⁠༎ຶ from buy
[15:47:10] > dearestyumeko added x2 Dried ghast in auction for 70000.
[15:47:18] > Nathantheslayer buy x2 Dried ghast to dearestyumeko for $70,000.
[15:49:34] > Broodie buy x64 Experience bottle to HwanYo for $80,000.
[15:49:59] > Broodie remove x64 Experience bottle from buy
[15:51:10] > YchannR remove x1 §x§E§5§1§B§1§B§lDracula Wings form buy
[15:51:19] > dearestyumeko added x1 Pitcher pod in auction for 500.
[15:52:03] > YchannR remove x1 §f§l§x§8§A§0§0§F§FS§x§9§7§0§0§D§Fh§x§A§4§0§0§B§Fi§x§B§1§0§0§9§Fn§x§B§F§0§0§8§0e§x§C§C§0§0§6§0 §x§D§9§0§0§4§0O§x§E§6§0§0§2§0n§x§F§3§0§0§0§0i§x§E§6§0§0§2§0 §x§D§9§0§0§4§0P§x§C§C§0§0§6§0i§x§B§F§0§0§8§0c§x§B§1§0§0§9§Fk§x§A§4§0§0§B§Fa§x§9§7§0§0§D§Fx§x§8§A§0§0§F§Fe form storage
[15:56:41] > dearestyumeko added x1 Pitcher pod in auction for 600.
[15:56:48] > Trapers1 buy x1 Pitcher pod to dearestyumeko for $600.
[15:56:54] > Trapers1 remove x1 Pitcher pod form buy
[16:04:05] > imnectarfr added x37 Iron ingot in auction for 10.
[16:04:13] > RebornKimmy buy x37 Iron ingot to imnectarfr for $10.
[16:09:03] > Icon_Skully remove x1 §x§F§F§5§5§0§0§lsᴇʟʟᴡᴀɴᴅ §6- 5.0x from buy
[16:12:08] > Takeremu added x12 §9§lSquid Tentacle in auction for 120000.
[16:12:17] > RebornKimmy buy x12 §9§lSquid Tentacle to Takeremu for $120,000.
[16:13:06] > x1 /pwarp go TotemTrade buying Mushroom Cow Plushies on sale by Zypher_0w0 has just expired, it goes in the inventory of expired items.
[16:20:33] > InternetCafeUser remove x1 Netherite ingot from buy
[16:24:37] > Blinkrzz added x1 §x§F§F§7§C§0§0§lSteamsparks Shield in auction for 500000.
[16:31:05] > khenjieMC added x2 §x§3§4§9§8§D§Bᴢᴏᴍʙɪᴇ ꜱᴘᴀᴡɴᴇʀ in auction for 2500000.
[16:31:10] > Trapers1 buy x2 §x§3§4§9§8§D§Bᴢᴏᴍʙɪᴇ ꜱᴘᴀᴡɴᴇʀ to khenjieMC for $2,500,000.
[16:31:18] > Trapers1 remove x2 §x§3§4§9§8§D§Bᴢᴏᴍʙɪᴇ ꜱᴘᴀᴡɴᴇʀ form buy
[16:31:31] > Trapers1 added x2 §x§3§4§9§8§D§Bᴢᴏᴍʙɪᴇ ꜱᴘᴀᴡɴᴇʀ in auction for 5000000.
[16:31:34] > .Allxnzv buy x1 Pitcher pod to dearestyumeko for $500.
[16:32:33] > khenjieMC added x1 §x§3§4§9§8§D§Bᴢᴏᴍʙɪᴇ ꜱᴘᴀᴡɴᴇʀ in auction for 1900000.
[16:33:12] > khenjieMC remove x1 §x§3§4§9§8§D§Bᴢᴏᴍʙɪᴇ ꜱᴘᴀᴡɴᴇʀ from storage
[16:33:28] > khenjieMC added x1 §x§3§4§9§8§D§Bᴢᴏᴍʙɪᴇ ꜱᴘᴀᴡɴᴇʀ in auction for 1500000.
[16:33:41] > Trapers1 remove x2 §x§3§4§9§8§D§Bᴢᴏᴍʙɪᴇ ꜱᴘᴀᴡɴᴇʀ form storage
[16:33:52] > Trapers1 added x2 §x§3§4§9§8§D§Bᴢᴏᴍʙɪᴇ ꜱᴘᴀᴡɴᴇʀ in auction for 30000000.
[16:33:58] > Trapers1 remove x2 §x§3§4§9§8§D§Bᴢᴏᴍʙɪᴇ ꜱᴘᴀᴡɴᴇʀ form storage
[16:34:07] > Trapers1 added x2 §x§3§4§9§8§D§Bᴢᴏᴍʙɪᴇ ꜱᴘᴀᴡɴᴇʀ in auction for 3000000.
[16:47:42] > Trapers1 remove x2 §x§3§4§9§8§D§Bᴢᴏᴍʙɪᴇ ꜱᴘᴀᴡɴᴇʀ form storage
[16:47:54] > Trapers1 added x1 §x§3§4§9§8§D§Bᴢᴏᴍʙɪᴇ ꜱᴘᴀᴡɴᴇʀ in auction for 1500000.
[16:48:07] > Trapers1 added x1 §x§3§4§9§8§D§Bᴢᴏᴍʙɪᴇ ꜱᴘᴀᴡɴᴇʀ in auction for 1500000.
[16:48:16] > ThatMidnight buy x1 §x§3§4§9§8§D§Bᴢᴏᴍʙɪᴇ ꜱᴘᴀᴡɴᴇʀ to khenjieMC for $1,500,000.
[16:48:19] > ThatMidnight buy x1 §x§3§4§9§8§D§Bᴢᴏᴍʙɪᴇ ꜱᴘᴀᴡɴᴇʀ to Trapers1 for $1,500,000.
[16:48:27] > ThatMidnight buy x1 §x§3§4§9§8§D§Bᴢᴏᴍʙɪᴇ ꜱᴘᴀᴡɴᴇʀ to Trapers1 for $1,500,000.
[16:48:34] > ThatMidnight remove x1 §x§3§4§9§8§D§Bᴢᴏᴍʙɪᴇ ꜱᴘᴀᴡɴᴇʀ from buy
[16:48:35] > ThatMidnight remove x1 §x§3§4§9§8§D§Bᴢᴏᴍʙɪᴇ ꜱᴘᴀᴡɴᴇʀ from buy
[16:48:35] > ThatMidnight remove x1 §x§3§4§9§8§D§Bᴢᴏᴍʙɪᴇ ꜱᴘᴀᴡɴᴇʀ from buy
[16:50:14] > Wumpan buy x4 §3§lDolphin Tail to Takeremu for $320,000.
[16:51:33] > Wumpan remove x4 §3§lDolphin Tail from buy
[16:52:56] > anneyong added x1 Fortune in auction for 50000.
[16:53:08] > anneyong added x1 Fortune in auction for 50000.
[16:53:19] > anneyong added x1 Fortune in auction for 50000.
[17:00:39] > reckahorp remove x1 §f§l§8B§x§5§F§5§F§5§Fa§x§6§9§6§9§6§9h§x§7§3§7§3§7§3a§x§7§D§7§D§7§Dm§x§8§7§8§7§8§7u§x§9§1§9§1§9§1t§x§9§B§9§B§9§B §x§A§5§A§5§A§5Gr§x§9§B§9§B§9§Be§x§9§1§9§1§9§1a§x§8§7§8§7§8§7t§x§7§D§7§D§7§Ds§x§7§3§7§3§7§3w§x§6§9§6§9§6§9o§x§5§F§5§F§5§Fr§8d from storage
[17:03:28] > reckahorp added x1 §f§l§8B§x§5§F§5§F§5§Fa§x§6§9§6§9§6§9h§x§7§3§7§3§7§3a§x§7§D§7§D§7§Dm§x§8§7§8§7§8§7u§x§9§1§9§1§9§1t§x§9§B§9§B§9§B §x§A§5§A§5§A§5Gr§x§9§B§9§B§9§Be§x§9§1§9§1§9§1a§x§8§7§8§7§8§7t§x§7§D§7§D§7§Ds§x§7§3§7§3§7§3w§x§6§9§6§9§6§9o§x§5§F§5§F§5§Fr§8d in auction for 500000.
[17:04:50] > BG1017 buy x1 Fortune to anneyong for $50,000.
[17:04:57] > BG1017 remove x1 Fortune from buy
[17:23:40] > ReKYee remove x1 §x§F§F§5§5§0§0§lsᴇʟʟᴡᴀɴᴅ §6- 5.0x from storage
[17:24:00] > ReKYee added x1 §x§F§F§5§5§0§0§lsᴇʟʟᴡᴀɴᴅ §6- 5.0x in auction for 325000.
[17:24:05] > Icon_Skully buy x1 §x§F§F§5§5§0§0§lsᴇʟʟᴡᴀɴᴅ §6- 5.0x to ReKYee for $325,000.
[17:28:31] > scarlettti added x1 §x§E§5§1§B§1§B§lDracula Hoe in auction for 650000.
[17:37:17] > Icon_Skully remove x1 §x§F§F§5§5§0§0§lsᴇʟʟᴡᴀɴᴅ §6- 5.0x from buy
[17:49:06] > x6 §x§F§C§D§0§5§C§lB§x§E§6§D§3§6§B§la§x§C§F§D§5§7§A§ls§x§B§9§D§8§8§9§li§x§A§2§D§A§9§8§lc §x§7§5§D§F§B§6§lC§x§5§F§E§2§C§5§lr§x§7§5§D§F§B§6§la§x§8§C§D§D§A§7§lt§x§A§2§D§A§9§8§le §x§C§F§D§5§7§A§lK§x§E§6§D§3§6§B§le§x§F§C§D§0§5§C§ly on sale by Callistrix has just expired, it goes in the inventory of expired items.
[17:49:06] > anneyong added x64 Diamond in auction for 64000.
[18:02:55] > .VisedSauce5790 added x1 §9§lCrab Claw in auction for 50000.
[18:03:02] > grit_zy buy x1 §9§lCrab Claw to .VisedSauce5790 for $50,000.
[18:03:06] > .VisedSauce5790 added x1 §e§lCrab Scale in auction for 50000.
[18:05:26] > Noir buy x1 §x§E§5§1§B§1§B§lDracula Shield to Renzy01 for $200,000.
[18:05:54] > Noir remove x1 §x§E§5§1§B§1§B§lDracula Shield from buy
[18:08:42] > .VisedSauce5790 added x1 §e§lCrab Scale in auction for 50000.
[18:08:55] > .VisedSauce5790 added x1 §9§lCrab Claw in auction for 50000.
[18:12:22] > dearestyumeko remove x1 Sniffer egg from storage
[18:12:36] > dearestyumeko remove x1 Sniffer egg from expire
[18:12:47] > dearestyumeko added x1 Sniffer egg in auction for 70000.
[18:12:54] > Antonie657 buy x1 Sniffer egg to dearestyumeko for $70,000.
[18:14:26] > dearestyumeko added x1 Sniffer egg in auction for 70000.
[18:19:38] > St4r_ added x1 §fMedieval Hat in auction for 7000.
[18:19:46] > Antonie657 buy x1 §fMedieval Hat to St4r_ for $7,000.
[18:19:58] > Antonie657 remove x1 §fMedieval Hat from buy
[18:19:59] > Antonie657 remove x1 Sniffer egg from buy
[18:20:24] > ace buy x64 Diamond to anneyong for $64,000.
[18:20:33] > ace remove x64 Diamond from buy
[18:20:51] > ace added x64 Diamond in auction for 109000.
[18:21:10] > St4r_ added x1 Enchanted book in auction for 7500.
[18:21:25] > St4r_ added x18 Iron ingot in auction for 200.
[18:21:39] > Antonie657 remove x1 §x§E§5§1§B§1§B§lDracula Staff from storage
[18:21:56] > Antonie657 added x1 §x§E§5§1§B§1§B§lDracula Staff in auction for 100000.
[18:22:12] > St4r_ added x1 §f§l§8B§x§6§0§6§0§6§0a§x§6§C§6§C§6§Ch§x§7§7§7§7§7§7a§x§8§2§8§2§8§2m§x§8§E§8§E§8§Eu§x§9§9§9§9§9§9t§x§A§4§A§4§A§4 G§x§9§9§9§9§9§9a§x§8§E§8§E§8§Eu§x§8§2§8§2§8§2n§x§7§7§7§7§7§7t§x§6§C§6§C§6§Cl§x§6§0§6§0§6§0e§8t in auction for 9500.
[18:22:16] > Enyara buy x1 §f§l§8B§x§6§0§6§0§6§0a§x§6§C§6§C§6§Ch§x§7§7§7§7§7§7a§x§8§2§8§2§8§2m§x§8§E§8§E§8§Eu§x§9§9§9§9§9§9t§x§A§4§A§4§A§4 G§x§9§9§9§9§9§9a§x§8§E§8§E§8§Eu§x§8§2§8§2§8§2n§x§7§7§7§7§7§7t§x§6§C§6§C§6§Cl§x§6§0§6§0§6§0e§8t to St4r_ for $9,500.
[18:22:24] > Enyara remove x1 §f§l§8B§x§6§0§6§0§6§0a§x§6§C§6§C§6§Ch§x§7§7§7§7§7§7a§x§8§2§8§2§8§2m§x§8§E§8§E§8§Eu§x§9§9§9§9§9§9t§x§A§4§A§4§A§4 G§x§9§9§9§9§9§9a§x§8§E§8§E§8§Eu§x§8§2§8§2§8§2n§x§7§7§7§7§7§7t§x§6§C§6§C§6§Cl§x§6§0§6§0§6§0e§8t from buy
[18:22:29] > St4r_ buy x1 Fortune to anneyong for $50,000.
[18:22:39] > Broodie buy x1 §x§E§5§1§B§1§B§lDracula Staff to Antonie657 for $100,000.
[18:23:14] > Antonie657 remove x1 §f§l§8B§x§6§4§6§4§6§4a§x§7§4§7§4§7§4h§x§8§3§8§3§8§3a§x§9§3§9§3§9§3m§x§A§2§A§2§A§2ut§x§9§3§9§3§9§3 §x§8§3§8§3§8§3C§x§7§4§7§4§7§4l§x§6§4§6§4§6§4u§8b from storage
[18:23:20] > Antonie657 remove x1 §f§l§8B§x§6§4§6§4§6§4a§x§7§4§7§4§7§4h§x§8§3§8§3§8§3a§x§9§3§9§3§9§3m§x§A§2§A§2§A§2ut§x§9§3§9§3§9§3 §x§8§3§8§3§8§3C§x§7§4§7§4§7§4l§x§6§4§6§4§6§4u§8b from expire
[18:23:32] > Broodie remove x1 §x§E§5§1§B§1§B§lDracula Staff from buy
[18:23:35] > Mugiwara22 buy x1 Sniffer egg to dearestyumeko for $70,000.
[18:23:35] > Antonie657 added x1 §f§l§8B§x§6§4§6§4§6§4a§x§7§4§7§4§7§4h§x§8§3§8§3§8§3a§x§9§3§9§3§9§3m§x§A§2§A§2§A§2ut§x§9§3§9§3§9§3 §x§8§3§8§3§8§3C§x§7§4§7§4§7§4l§x§6§4§6§4§6§4u§8b in auction for 599000.
[18:23:41] > St4r_ remove x1 Fortune from buy
[18:23:47] > Mugiwara22 remove x1 Sniffer egg from buy
[18:28:39] > x1 20x Sell Wand on sale by obaffy has just expired, it goes in the inventory of expired items.
[18:31:30] > magolek_09 remove x5 Netherite ingot from storage
[18:31:30] > magolek_09 remove x5 Netherite ingot from storage
[18:31:30] > magolek_09 remove x5 Netherite ingot from storage
[18:31:31] > magolek_09 remove x5 Netherite ingot from storage
[18:31:31] > magolek_09 remove x9 Netherite ingot from storage
[18:40:08] > .VisedSauce5790 added x1 ༎ຶ⁠‿⁠༎ຶ in auction for 10000.
[18:40:19] > .VisedSauce5790 added x1 Ó⁠╭⁠╮⁠Ò in auction for 10000.
[18:40:45] > anneyong added x64 Diamond in auction for 64000.
[18:41:21] > .VisedSauce5790 remove x1 §9§lCrab Claw from storage
[18:41:23] > .VisedSauce5790 remove x1 §e§lCrab Scale from storage
[18:41:24] > .VisedSauce5790 remove x1 §e§lCrab Scale from storage
[18:41:30] > .VisedSauce5790 added x1 ಥ⁠‿⁠ಥ in auction for 5000.
[18:41:42] > .VisedSauce5790 added x1 (⁠个⁠_⁠个⁠) in auction for 10000.
[18:42:11] > 8it5inn buy x1 ಥ⁠‿⁠ಥ to .VisedSauce5790 for $5,000.
[18:42:18] > 8it5inn remove x1 ಥ⁠‿⁠ಥ from buy
[18:43:28] > .VisedSauce5790 added x2 §e§lCrab Scale in auction for 77000.
[18:43:34] > alecczzz remove x1 §x§F§F§7§C§0§0§lSteamsparks Boots form storage
[18:43:34] > alecczzz remove x1 §x§F§F§7§C§0§0§lSteamsparks Boots form storage
[18:43:34] > alecczzz remove x1 §fGuardian Plushie §6(#43/101) form storage
[18:43:41] > .VisedSauce5790 added x1 §9§lCrab Claw in auction for 30000.
[18:43:49] > alecczzz added x1 §fGuardian Plushie §6(#43/101) in auction for 50000.
[18:44:00] > alecczzz added x1 §x§F§F§7§C§0§0§lSteamsparks Boots in auction for 100000.
[18:44:12] > alecczzz added x1 §x§F§F§7§C§0§0§lSteamsparks Boots in auction for 100000.
[18:48:23] > .VisedSauce5790 remove x1 (⁠个⁠_⁠个⁠) from storage
[18:48:24] > .VisedSauce5790 remove x1 Ó⁠╭⁠╮⁠Ò from storage
[18:48:24] > .VisedSauce5790 remove x1 ༎ຶ⁠‿⁠༎ຶ from storage
[18:48:25] > .VisedSauce5790 remove x1 §9§lCrab Claw from storage
[18:48:26] > .VisedSauce5790 remove x2 §e§lCrab Scale from storage
[18:48:36] > .VisedSauce5790 added x56 Firework rocket in auction for 15000.
[18:52:07] > Wemmbuo added x1 Netherite ingot in auction for 70000.
[18:52:12] > Trapers1 buy x1 Netherite ingot to Wemmbuo for $70,000.
[18:52:18] > Trapers1 remove x1 Netherite ingot form buy
[18:54:28] > Edabis added x1 §x§F§F§7§C§0§0§lSteamsparks Hoe in auction for 100000.
[18:54:47] > Wemmbuo added x1 §x§F§F§3§E§0§0§lSellwand Voucher in auction for 2000000.
[18:54:51] > Antonie657 added x2 Enchanted golden apple in auction for 60000.
[18:54:56] > .AppriXD buy x64 Diamond to anneyong for $64,000.
[18:54:56] > magolek_09 added x1 §x§F§F§5§5§0§0§lsᴇʟʟᴡᴀɴᴅ §6- 10.0x in auction for 1100000.
[18:54:57] > Kodakoda added x1 §x§F§F§5§5§0§0§lsᴇʟʟᴡᴀɴᴅ §6- 5.0x in auction for 400000.
[18:55:03] > HwanYo buy x1 §x§F§F§5§5§0§0§lsᴇʟʟᴡᴀɴᴅ §6- 10.0x to magolek_09 for $1,100,000.
[18:55:13] > Wemmbuo remove x1 §x§F§F§3§E§0§0§lSellwand Voucher from storage
[18:55:17] > alecczzz added x1 §fMagician Hat in auction for 200000.
[18:55:24] > Wemmbuo added x1 §x§F§F§3§E§0§0§lSellwand Voucher in auction for 1000000.
[18:55:27] > HwanYo buy x1 §x§F§F§3§E§0§0§lSellwand Voucher to Wemmbuo for $1,000,000.
[18:55:35] > HwanYo remove x1 §x§F§F§3§E§0§0§lSellwand Voucher from buy
[18:55:41] > Panda_Nooba added x1 §fBat Plushie §6(#8/101) in auction for 2000.
[18:55:47] > kysicx buy x1 §fBat Plushie §6(#8/101) to Panda_Nooba for $2,000.
[18:55:50] > Trapers1 added x1 §fStray Plushie §6(#85/101) in auction for 10000.
[18:55:51] > Panda_Nooba added x1 §fCat Plushie (Black) §6(#14/101) in auction for 2000.
[18:55:54] > HwanYo buy x1 §fCat Plushie (Black) §6(#14/101) to Panda_Nooba for $2,000.
[18:55:55] > HwanYo buy x1 §fStray Plushie §6(#85/101) to Trapers1 for $10,000.
[18:56:02] > Panda_Nooba added x1 §fSun Hat in auction for 2000.
[18:56:06] > kysicx added x1 §x§F§F§3§E§0§0§lSellwand Voucher in auction for 1000000.
[18:56:08] > .AppriXD buy x1 §fSun Hat to Panda_Nooba for $2,000.
[18:56:15] > Enyara added x1 §x§F§F§5§5§0§0§lsᴇʟʟᴡᴀɴᴅ §6- 5.0x in auction for 400000.
[18:56:21] > Hunter_Sung remove x1 Shulker box from storage
[18:56:22] > HwanYo buy x1 §x§F§F§3§E§0§0§lSellwand Voucher to kysicx for $1,000,000.
[18:56:27] > .AppriXD remove x1 §f§l§x§F§C§D§0§5§CW§x§F§B§C§1§5§5u§x§F§B§B§2§4§Fk§x§F§A§A§3§4§8o§x§F§9§9§5§4§2n§x§F§9§8§6§3§Bg§x§F§8§7§7§3§5 §x§F§8§6§8§2§EL§x§F§7§5§9§2§7e§x§F§6§4§A§2§1g§x§F§6§3§B§1§Ag§x§F§5§2§D§1§4i§x§F§4§1§E§0§Dn§x§F§4§0§F§0§7g§x§F§3§0§0§0§0s from buy
[18:56:28] > .AppriXD remove x3 Slime ball from buy
[18:56:28] > .AppriXD remove x1 §f§l§x§F§C§D§0§5§CW§x§F§B§B§2§4§Fu§x§F§9§9§5§4§2k§x§F§8§7§7§3§5o§x§F§7§5§9§2§7n§x§F§6§3§B§1§Ag§x§F§4§1§E§0§D §x§F§3§0§0§0§0C§x§F§4§1§E§0§Dr§x§F§6§3§B§1§Ao§x§F§7§5§9§2§7s§x§F§8§7§7§3§5s§x§F§9§9§5§4§2b§x§F§B§B§2§4§Fo§x§F§C§D§0§5§Cw from buy
[18:56:29] > .AppriXD remove x4 §9§lSquid Tentacle from buy
[18:56:29] > .AppriXD remove x1 Sniffer egg from buy
[18:56:30] > .AppriXD remove x64 Diamond from buy
[18:56:30] > .AppriXD remove x1 §fSun Hat from buy
[18:56:32] > Wemmbuo added x1 §fSun Visor Hat in auction for 60000.
[18:56:33] > HwanYo remove x1 §x§F§F§3§E§0§0§lSellwand Voucher from buy
[18:56:45] > .AppriXD buy x1 §fSun Visor Hat to Wemmbuo for $60,000.
[18:57:07] > HwanYo remove x1 §x§F§F§5§5§0§0§lsᴇʟʟᴡᴀɴᴅ §6- 5.0x from buy
[18:57:07] > HwanYo remove x1 §x§F§F§5§5§0§0§lsᴇʟʟᴡᴀɴᴅ §6- 5.0x from buy
[18:57:08] > HwanYo remove x1 §x§F§F§5§5§0§0§lsᴇʟʟᴡᴀɴᴅ §6- 5.0x from buy
[18:57:08] > HwanYo remove x1 §x§F§F§5§5§0§0§lsᴇʟʟᴡᴀɴᴅ §6- 5.0x from buy
[18:57:08] > HwanYo remove x1 §x§F§F§5§5§0§0§lsᴇʟʟᴡᴀɴᴅ §6- 5.0x from buy
[18:57:09] > Wemmbuo added x1 Ominous trial key in auction for 100000.
[18:57:10] > HwanYo remove x1 §x§F§F§5§5§0§0§lsᴇʟʟᴡᴀɴᴅ §6- 5.0x from buy
[18:57:10] > HwanYo remove x1 §x§F§F§5§5§0§0§lsᴇʟʟᴡᴀɴᴅ §6- 5.0x from buy
[18:57:11] > HwanYo remove x1 §x§F§F§5§5§0§0§lsᴇʟʟᴡᴀɴᴅ §6- 5.0x from buy
[18:57:12] > x1 §x§F§F§7§C§0§0§lSteamsparks Bow on sale by nachfaust has just expired, it goes in the inventory of expired items.
[18:57:12] > HwanYo remove x1 §x§F§F§5§5§0§0§lsᴇʟʟᴡᴀɴᴅ §6- 5.0x from buy
[18:57:14] > HwanYo remove x1 §x§F§F§5§5§0§0§lsᴇʟʟᴡᴀɴᴅ §6- 5.0x from buy
[18:57:15] > HwanYo remove x1 §x§F§F§5§5§0§0§lsᴇʟʟᴡᴀɴᴅ §6- 5.0x from buy
[18:57:30] > Kodakoda remove x1 §f§l§x§8§A§0§0§F§FS§x§9§7§0§0§D§Fh§x§A§4§0§0§B§Fi§x§B§1§0§0§9§Fn§x§B§F§0§0§8§0e§x§C§C§0§0§6§0 §x§D§9§0§0§4§0O§x§E§6§0§0§2§0n§x§F§3§0§0§0§0i§x§E§6§0§0§2§0 §x§D§9§0§0§4§0P§x§C§C§0§0§6§0i§x§B§F§0§0§8§0c§x§B§1§0§0§9§Fk§x§A§4§0§0§B§Fa§x§9§7§0§0§D§Fx§x§8§A§0§0§F§Fe from storage
[18:57:33] > HwanYo remove x1 Dried ghast from buy
[18:57:34] > HwanYo remove x1 Dried ghast from buy
[18:57:34] > HwanYo remove x1 Dried ghast from buy
[18:57:34] > HwanYo remove x3 Netherite ingot from buy
[18:57:34] > HwanYo remove x1 §x§E§5§1§B§1§B§lDracula Leggings from buy
[18:57:34] > HwanYo remove x1 §x§F§F§5§5§0§0§lsᴇʟʟᴡᴀɴᴅ §6- 10.0x from buy
[18:57:35] > HwanYo remove x1 §fCat Plushie (Black) §6(#14/101) from buy
[18:57:39] > HwanYo remove x1 §fStray Plushie §6(#85/101) from buy
[18:57:43] > Hunter_Sung added x1 Fully Enchanted Wukong Armor Set in auction for 4900000.
[18:57:59] > Wemmbuo remove x1 Ominous trial key from storage
[18:58:00] > Wemmbuo remove x1 §f§l§8B§x§6§1§6§1§6§1a§x§6§D§6§D§6§Dh§x§7§9§7§9§7§9a§x§8§6§8§6§8§6m§x§9§2§9§2§9§2u§x§9§E§9§E§9§Et§7 §x§9§E§9§E§9§EH§x§9§2§9§2§9§2a§x§8§6§8§6§8§6l§x§7§9§7§9§7§9b§x§6§D§6§D§6§De§x§6§1§6§1§6§1r§8d from storage
[18:58:16] > Wemmbuo added x1 §f§l§8B§x§6§1§6§1§6§1a§x§6§D§6§D§6§Dh§x§7§9§7§9§7§9a§x§8§6§8§6§8§6m§x§9§2§9§2§9§2u§x§9§E§9§E§9§Et§7 §x§9§E§9§E§9§EH§x§9§2§9§2§9§2a§x§8§6§8§6§8§6l§x§7§9§7§9§7§9b§x§6§D§6§D§6§De§x§6§1§6§1§6§1r§8d in auction for 230000.
[18:59:23] > anneyong added x64 Experience bottle in auction for 100000.
[18:59:29] > .AppriXD buy x64 Experience bottle to anneyong for $100,000.
[18:59:44] > Wemmbuo added x1 Netherite axe in auction for 300000.
[18:59:50] > Takeremu added x4 §3§lDolphin Tail in auction for 320000.
[19:02:07] > HwanYo added x64 Experience bottle in auction for 85000.
[19:02:10] > magolek_09 added x1 Netherite block in auction for 1000000.
[19:02:12] > grit_zy buy x64 Experience bottle to HwanYo for $85,000.
[19:02:17] > HwanYo added x64 Experience bottle in auction for 85000.
[19:02:25] > magolek_09 added x1 Netherite block in auction for 1000000.
[19:02:53] > magolek_09 added x1 Netherite block in auction for 1000000.
[19:03:08] > magolek_09 added x1 Netherite block in auction for 1000000.
[19:04:27] > Enyara buy x64 Experience bottle to HwanYo for $85,000.
[19:04:39] > Enyara remove x64 Experience bottle from buy
[19:07:35] > Nathantheslayer remove x2 Dried ghast from buy
[19:07:35] > Nathantheslayer remove x1 §fCreeper Plushie §6(#27/101) from buy
[19:07:35] > Nathantheslayer remove x1 §fSkeleton Plushie §6(#79/101) from buy
[19:07:36] > Nathantheslayer remove x1 §fZombie Villager Plushie §6(#100/101) from buy
[19:07:36] > Nathantheslayer remove x1 §fRabbit Plushie (Black) §6(#70/101) from buy
[19:15:33] > InternetCafeUser buy x1 §x§F§E§B§E§C§A§lSeason 3 Celebration Cake <3 to meevgang777 for $50,001.
[19:15:41] > InternetCafeUser remove x1 §x§F§E§B§E§C§A§lSeason 3 Celebration Cake <3 from buy
[19:16:24] > Wemmbuo remove x1 §f§l§8B§x§6§1§6§1§6§1a§x§6§D§6§D§6§Dh§x§7§9§7§9§7§9a§x§8§6§8§6§8§6m§x§9§2§9§2§9§2u§x§9§E§9§E§9§Et§7 §x§9§E§9§E§9§EH§x§9§2§9§2§9§2a§x§8§6§8§6§8§6l§x§7§9§7§9§7§9b§x§6§D§6§D§6§De§x§6§1§6§1§6§1r§8d from storage
[19:24:05] > NastyPepperoni added x1 Enchanted book in auction for 500.
[19:24:10] > Antonie657 buy x1 Enchanted book to NastyPepperoni for $500.
[19:24:25] > Antonie657 remove x2 Enchanted golden apple from storage
[19:24:41] > Antonie657 added x2 Enchanted golden apple in auction for 50000.
[19:25:40] > Enyara remove x1 §x§F§F§5§5§0§0§lsᴇʟʟᴡᴀɴᴅ §6- 5.0x from storage
[19:25:49] > Enyara added x1 §x§F§F§5§5§0§0§lsᴇʟʟᴡᴀɴᴅ §6- 5.0x in auction for 350000.
[19:26:04] > .Allxnzv added x1 §x§F§F§3§E§0§0§lD§x§F§F§3§6§0§0§le§x§F§F§2§F§0§0§lm§x§F§F§2§7§0§0§lo§x§F§F§1§F§0§0§ln §x§F§F§1§0§0§0§lL§x§F§F§0§8§0§0§lo§x§F§F§0§0§0§0§lr§x§F§F§0§8§0§0§ld §x§F§F§1§7§0§0§lH§x§F§F§1§F§0§0§le§x§F§F§2§7§0§0§ll§x§F§F§2§F§0§0§lm§x§F§F§3§6§0§0§le§x§F§F§3§E§0§0§lt in auction for 1000000.
[19:27:51] > HwanYo buy x1 §x§F§F§5§5§0§0§lsᴇʟʟᴡᴀɴᴅ §6- 5.0x to Enyara for $350,000.
[19:28:55] > .Allxnzv added x1 §f§l§8B§x§6§2§6§2§6§2a§x§6§F§6§F§6§Fh§x§7§C§7§C§7§Ca§x§8§9§8§9§8§9m§x§9§6§9§6§9§6u§x§A§3§A§3§A§3t §x§9§6§9§6§9§6P§x§8§9§8§9§8§9i§x§7§C§7§C§7§Cc§x§6§F§6§F§6§Fa§x§6§2§6§2§6§2x§8e in auction for 700000.
[19:31:49] > Goodao18 added x1 Diamond sword in auction for 1000.
[19:32:52] > anneyong added x64 Diamond in auction for 64000.
[19:33:12] > HwanYo buy x64 Diamond to anneyong for $64,000.
[19:33:58] > kysicx remove x1 §fBat Plushie §6(#8/101) from buy
[19:34:29] > HwanYo added x64 Experience bottle in auction for 85000.
[19:34:40] > HwanYo added x64 Experience bottle in auction for 85000.
[19:34:52] > HwanYo added x64 Experience bottle in auction for 85000.
[19:42:08] > M1kasa0 buy x1 Enchanted book to St4r_ for $7,500.
[19:43:34] > k000k444k added x5 Diamond in auction for 5000.
[19:43:41] > ravencabansay buy x5 Diamond to k000k444k for $5,000.
[19:44:08] > anneyong added x64 Diamond in auction for 64000.
[19:44:23] > ravencabansay remove x5 Diamond from buy
[19:45:45] > x1 §x§F§F§5§5§0§0§lsᴇʟʟᴡᴀɴᴅ §6- 10.0x on sale by ThuyaBalar has just expired, it goes in the inventory of expired items.
[19:45:57] > M1kasa0 remove x1 Enchanted book from buy
[19:51:55] > KEITHTHEPRO buy x1 §x§F§F§5§5§0§0§lsᴇʟʟᴡᴀɴᴅ §6- 5.0x to Kodakoda for $400,000.
[19:52:00] > KEITHTHEPRO remove x1 §x§F§F§5§5§0§0§lsᴇʟʟᴡᴀɴᴅ §6- 5.0x from buy
[19:52:27] > .AppriXD buy x2 Enchanted golden apple to Antonie657 for $50,000.
[19:53:51] > Fogstrap remove x4 Netherite ingot from storage
[19:53:51] > Fogstrap remove x4 Netherite ingot from storage
[19:53:51] > Fogstrap remove x4 Netherite ingot from storage
[19:53:52] > Fogstrap remove x4 Netherite ingot from storage
[19:53:52] > Fogstrap remove x4 Netherite ingot from storage
[19:53:52] > x1 Water bucket on sale by Wemmbuo has just expired, it goes in the inventory of expired items.
[19:53:52] > Fogstrap remove x4 Netherite ingot from storage
[19:54:46] > x1 §f§l§8B§x§6§4§6§4§6§4a§x§7§4§7§4§7§4h§x§8§3§8§3§8§3a§x§9§3§9§3§9§3m§x§A§2§A§2§A§2ut§x§9§3§9§3§9§3 §x§8§3§8§3§8§3C§x§7§4§7§4§7§4l§x§6§4§6§4§6§4u§8b on sale by RizzaIck has just expired, it goes in the inventory of expired items.
[19:54:52] > Broodie buy x64 Experience bottle to HwanYo for $85,000.
[19:54:56] > Broodie buy x64 Experience bottle to HwanYo for $85,000.
[19:54:58] > Broodie buy x64 Experience bottle to HwanYo for $85,000.
[19:54:58] > Fogstrap added x3 Netherite ingot in auction for 290000.
[19:55:12] > Fogstrap added x3 Netherite ingot in auction for 290000.
[19:55:16] > Broodie remove x64 Experience bottle from buy
[19:55:16] > Broodie remove x64 Experience bottle from buy
[19:55:17] > Broodie remove x64 Experience bottle from buy
[19:55:24] > .AppriXD buy x3 Netherite ingot to Fogstrap for $290,000.
[19:55:26] > Fogstrap added x3 Netherite ingot in auction for 290000.
[19:55:28] > .AppriXD buy x3 Netherite ingot to Fogstrap for $290,000.
[19:55:31] > .AppriXD buy x3 Netherite ingot to Fogstrap for $290,000.
[19:56:11] > Fogstrap added x9 Netherite ingot in auction for 340000.
[19:56:30] > Fogstrap added x3 Netherite ingot in auction for 340000.
[19:56:42] > Fogstrap added x3 Netherite ingot in auction for 340000.
[19:56:43] > meevgang777 added x1 Enchanted book in auction for 200000.
[19:57:46] > .AppriXD buy x9 Netherite ingot to Fogstrap for $340,000.
[19:57:54] > .AppriXD remove x1 §fSun Visor Hat from buy
[19:57:55] > .AppriXD remove x64 Experience bottle from buy
[19:57:55] > .AppriXD remove x2 Enchanted golden apple from buy
[19:57:56] > .AppriXD remove x3 Netherite ingot from buy
[19:57:57] > .AppriXD remove x3 Netherite ingot from buy
[19:57:57] > .AppriXD remove x3 Netherite ingot from buy
[19:57:58] > .AppriXD remove x9 Netherite ingot from buy
[19:58:28] > Fogstrap added x4 Ancient debris in auction for 130000.
[19:59:54] > Renzy01 added x1 §x§E§5§1§B§1§B§lDracula Sickle in auction for 250000.
[20:03:38] > x1 §f§l§x§F§C§D§0§5§CW§x§F§B§B§6§5§1u§x§F§A§9§C§4§5k§x§F§9§8§2§3§Ao§x§F§8§6§8§2§En§x§F§6§4§E§2§3g§x§F§5§3§4§1§7 §x§F§4§1§A§0§CG§x§F§3§0§0§0§0r§x§F§4§1§A§0§Ce§x§F§5§3§4§1§7a§x§F§6§4§E§2§3t§x§F§8§6§8§2§Es§x§F§9§8§2§3§Aw§x§F§A§9§C§4§5o§x§F§B§B§6§5§1r§x§F§C§D§0§5§Cd on sale by cart224 has just expired, it goes in the inventory of expired items.
[20:03:44] > kysicx buy x1 §fGuardian Plushie §6(#43/101) to alecczzz for $50,000.
[20:05:15] > kysicx buy x1 §f§l§x§8§A§0§0§F§FS§x§9§8§0§0§D§Dh§x§A§6§0§0§B§Bi§x§B§4§0§0§9§9n§x§C§2§0§0§7§7e§x§D§0§0§0§5§5 §x§D§E§0§0§3§3O§x§E§C§0§0§1§1ni§x§D§E§0§0§3§3 §x§D§0§0§0§5§5S§x§C§2§0§0§7§7h§x§B§4§0§0§9§9o§x§A§6§0§0§B§Bv§x§9§8§0§0§D§De§x§8§A§0§0§F§Fl to Lithium_O for $1,500,000.
[20:05:44] > kysicx remove x1 §fGuardian Plushie §6(#43/101) from buy
[20:05:45] > kysicx remove x1 §f§l§x§8§A§0§0§F§FS§x§9§8§0§0§D§Dh§x§A§6§0§0§B§Bi§x§B§4§0§0§9§9n§x§C§2§0§0§7§7e§x§D§0§0§0§5§5 §x§D§E§0§0§3§3O§x§E§C§0§0§1§1ni§x§D§E§0§0§3§3 §x§D§0§0§0§5§5S§x§C§2§0§0§7§7h§x§B§4§0§0§9§9o§x§A§6§0§0§B§Bv§x§9§8§0§0§D§De§x§8§A§0§0§F§Fl from buy
[20:06:59] > Edabis buy x1 §x§F§F§7§C§0§0§lSteamsparks Fishing Rod to nachfaust for $600,000.
[20:07:12] > Edabis remove x1 §x§F§F§7§C§0§0§lSteamsparks Fishing Rod from buy
[20:09:03] > alecczzz added x1 Enchanted book in auction for 2000.
[20:11:23] > .Allxnzv remove x1 §f§l§8B§x§6§2§6§2§6§2a§x§6§F§6§F§6§Fh§x§7§C§7§C§7§Ca§x§8§9§8§9§8§9m§x§9§6§9§6§9§6u§x§A§3§A§3§A§3t §x§9§6§9§6§9§6P§x§8§9§8§9§8§9i§x§7§C§7§C§7§Cc§x§6§F§6§F§6§Fa§x§6§2§6§2§6§2x§8e from storage
[20:11:32] > .Allxnzv added x1 §f§l§8B§x§6§2§6§2§6§2a§x§6§F§6§F§6§Fh§x§7§C§7§C§7§Ca§x§8§9§8§9§8§9m§x§9§6§9§6§9§6u§x§A§3§A§3§A§3t §x§9§6§9§6§9§6P§x§8§9§8§9§8§9i§x§7§C§7§C§7§Cc§x§6§F§6§F§6§Fa§x§6§2§6§2§6§2x§8e in auction for 500000.
[20:14:29] > InternetCafeUser added x2 Wither skeleton skull in auction for 6000.
[20:14:40] > x1 §c§lPower stick v2 on sale by mae has just expired, it goes in the inventory of expired items.
[20:19:08] > Antonie657 added x1 §x§E§5§1§B§1§B§lDracula Key in auction for 90000.
[20:19:12] > Fogstrap buy x1 §x§E§5§1§B§1§B§lDracula Key to Antonie657 for $90,000.
[20:31:54] > NoClarity buy x2 Wither skeleton skull to InternetCafeUser for $6,000.
[20:32:02] > NoClarity remove x1 §x§F§F§7§C§0§0§lSteamsparks Battle Axe from storage
[20:32:13] > NoClarity added x1 §x§F§F§7§C§0§0§lSteamsparks Battle Axe in auction for 199999.
[20:33:32] > Takeremu added x1 §f§l§x§8§A§0§0§F§FS§x§9§8§0§0§D§Dh§x§A§6§0§0§B§Bi§x§B§4§0§0§9§9n§x§C§2§0§0§7§7e§x§D§0§0§0§5§5 §x§D§E§0§0§3§3O§x§E§C§0§0§1§1ni§x§D§E§0§0§3§3 §x§D§0§0§0§5§5S§x§C§2§0§0§7§7h§x§B§4§0§0§9§9i§x§A§6§0§0§B§Be§x§9§8§0§0§D§Dl§x§8§A§0§0§F§Fd in auction for 600000.
[20:33:39] > Takeremu remove x1 §f§l§x§8§A§0§0§F§FS§x§9§8§0§0§D§Dh§x§A§6§0§0§B§Bi§x§B§4§0§0§9§9n§x§C§2§0§0§7§7e§x§D§0§0§0§5§5 §x§D§E§0§0§3§3O§x§E§C§0§0§1§1ni§x§D§E§0§0§3§3 §x§D§0§0§0§5§5S§x§C§2§0§0§7§7h§x§B§4§0§0§9§9i§x§A§6§0§0§B§Be§x§9§8§0§0§D§Dl§x§8§A§0§0§F§Fd from storage
[20:34:10] > NoClarity added x1 §f§l§8B§x§6§2§6§2§6§2a§x§6§F§6§F§6§Fh§x§7§C§7§C§7§Ca§x§8§9§8§9§8§9m§x§9§6§9§6§9§6u§x§A§3§A§3§A§3t §x§9§6§9§6§9§6S§x§8§9§8§9§8§9h§x§7§C§7§C§7§Ci§x§6§F§6§F§6§Fe§x§6§2§6§2§6§2l§8d in auction for 400000.
[20:34:10] > cart224 added x1 Mace in auction for 350000.
[20:34:36] > Dentatsu added x1 §x§F§F§5§5§0§0§lsᴇʟʟᴡᴀɴᴅ §6- 5.0x in auction for 300000.
[20:34:40] > Trapers1 buy x1 §x§F§F§5§5§0§0§lsᴇʟʟᴡᴀɴᴅ §6- 5.0x to Dentatsu for $300,000.
[20:34:48] > Trapers1 remove x1 §x§F§F§5§5§0§0§lsᴇʟʟᴡᴀɴᴅ §6- 5.0x form buy
[20:35:03] > Trapers1 added x1 §x§F§F§5§5§0§0§lsᴇʟʟᴡᴀɴᴅ §6- 5.0x in auction for 380000.
[20:35:14] > KEITHTHEPRO added x1 §x§F§F§5§5§0§0§lsᴇʟʟᴡᴀɴᴅ §6- 5.0x in auction for 500000.
[20:35:22] > frenchhee buy x1 §x§F§F§5§5§0§0§lsᴇʟʟᴡᴀɴᴅ §6- 5.0x to Trapers1 for $380,000.
[20:35:31] > frenchhee buy x1 §x§F§F§5§5§0§0§lsᴇʟʟᴡᴀɴᴅ §6- 5.0x to nachfaust for $450,000.
[20:35:36] > frenchhee remove x1 §x§F§F§5§5§0§0§lsᴇʟʟᴡᴀɴᴅ §6- 5.0x from buy
[20:35:37] > frenchhee remove x1 §x§F§F§5§5§0§0§lsᴇʟʟᴡᴀɴᴅ §6- 5.0x from buy
[20:40:10] > KEITHTHEPRO remove x1 §x§F§F§5§5§0§0§lsᴇʟʟᴡᴀɴᴅ §6- 5.0x from storage
[20:49:21] > Panda_Nooba buy x1 Splash potion to .Whatyusaay for $4,000.
[20:49:42] > koshie remove x1 §x§F§F§5§5§0§0§lsᴇʟʟᴡᴀɴᴅ §6- 20.0x from buy
[20:52:10] > NoClarity remove x2 Wither skeleton skull from buy
[20:53:36] > anneyong added x64 Experience bottle in auction for 100000.
[21:05:45] > x1 Demon Items on sale by Seirione has just expired, it goes in the inventory of expired items.
[21:08:03] > Takeremu added x64 Experience bottle in auction for 80000.
[21:09:19] > Palietass buy x1 §f§l§8B§x§5§E§5§E§5§Ea§x§6§8§6§8§6§8h§x§7§1§7§1§7§1a§x§7§B§7§B§7§Bm§x§8§4§8§4§8§4u§x§8§E§8§E§8§Et§x§9§7§9§7§9§7 §x§A§1§A§1§A§1F§7i§x§A§1§A§1§A§1s§x§9§7§9§7§9§7h§x§8§E§8§E§8§Ei§x§8§4§8§4§8§4n§x§7§B§7§B§7§Bg§x§7§1§7§1§7§1 §x§6§8§6§8§6§8R§x§5§E§5§E§5§Eo§8d to mumbowe777 for $300,000.
[21:13:08] > Takeremu added x64 Experience bottle in auction for 80000.
[21:14:07] > Zen0969 buy x1 §f§l§x§8§A§0§0§F§FS§x§9§9§0§0§D§Bh§x§A§8§0§0§B§6i§x§B§7§0§0§9§2n§x§C§6§0§0§6§De§x§D§5§0§0§4§9 §x§E§4§0§0§2§4O§x§F§3§0§0§0§0n§x§E§4§0§0§2§4i§x§D§5§0§0§4§9 §x§C§6§0§0§6§DS§x§B§7§0§0§9§2t§x§A§8§0§0§B§6a§x§9§9§0§0§D§Bf§x§8§A§0§0§F§Ff to Kaynn for $1,000,000.
[21:14:11] > Zen0969 remove x1 §f§l§x§8§A§0§0§F§FS§x§9§9§0§0§D§Bh§x§A§8§0§0§B§6i§x§B§7§0§0§9§2n§x§C§6§0§0§6§De§x§D§5§0§0§4§9 §x§E§4§0§0§2§4O§x§F§3§0§0§0§0n§x§E§4§0§0§2§4i§x§D§5§0§0§4§9 §x§C§6§0§0§6§DS§x§B§7§0§0§9§2t§x§A§8§0§0§B§6a§x§9§9§0§0§D§Bf§x§8§A§0§0§F§Ff from buy
[21:14:41] > Fogstrap remove x3 Netherite ingot from storage
[21:14:42] > Fogstrap remove x3 Netherite ingot from storage
[21:14:59] > Zen0969 buy x64 Experience bottle to Takeremu for $80,000.
[21:15:00] > Zen0969 buy x64 Experience bottle to Takeremu for $80,000.
[21:15:01] > Fogstrap added x6 Netherite ingot in auction for 750000.
[21:15:01] > Zen0969 buy x64 Experience bottle to anneyong for $100,000.
[21:15:04] > Zen0969 remove x64 Experience bottle from buy
[21:15:04] > Zen0969 remove x64 Experience bottle from buy
[21:15:04] > Zen0969 remove x64 Experience bottle from buy
[21:15:38] > Cynishere added x10 §x§C§9§A§7§F§C§lL§x§B§D§A§E§F§6§le§x§B§1§B§4§F§0§lg§x§A§6§B§B§E§A§le§x§9§A§C§1§E§4§ln§x§8§E§C§8§D§D§ld§x§8§2§C§E§D§7§la§x§7§7§D§5§D§1§lr§x§6§B§D§B§C§B§ly §x§6§B§D§B§C§B§lC§x§7§7§D§5§D§1§lr§x§8§2§C§E§D§7§la§x§8§E§C§8§D§D§lt§x§9§A§C§1§E§4§le §x§B§1§B§4§F§0§lK§x§B§D§A§E§F§6§le§x§C§9§A§7§F§C§ly in auction for 200000.
[21:16:02] > Zen0969 buy x1 Enchanted book to Zaiil for $700,000.
[21:16:07] > Zen0969 buy x1 Enchanted book to Zaiil for $700,000.
[21:17:50] > NoClarity buy x10 §x§C§9§A§7§F§C§lL§x§B§D§A§E§F§6§le§x§B§1§B§4§F§0§lg§x§A§6§B§B§E§A§le§x§9§A§C§1§E§4§ln§x§8§E§C§8§D§D§ld§x§8§2§C§E§D§7§la§x§7§7§D§5§D§1§lr§x§6§B§D§B§C§B§ly §x§6§B§D§B§C§B§lC§x§7§7§D§5§D§1§lr§x§8§2§C§E§D§7§la§x§8§E§C§8§D§D§lt§x§9§A§C§1§E§4§le §x§B§1§B§4§F§0§lK§x§B§D§A§E§F§6§le§x§C§9§A§7§F§C§ly to Cynishere for $200,000.
[21:18:06] > NoClarity remove x10 §x§C§9§A§7§F§C§lL§x§B§D§A§E§F§6§le§x§B§1§B§4§F§0§lg§x§A§6§B§B§E§A§le§x§9§A§C§1§E§4§ln§x§8§E§C§8§D§D§ld§x§8§2§C§E§D§7§la§x§7§7§D§5§D§1§lr§x§6§B§D§B§C§B§ly §x§6§B§D§B§C§B§lC§x§7§7§D§5§D§1§lr§x§8§2§C§E§D§7§la§x§8§E§C§8§D§D§lt§x§9§A§C§1§E§4§le §x§B§1§B§4§F§0§lK§x§B§D§A§E§F§6§le§x§C§9§A§7§F§C§ly form buy
[21:19:27] > Icon_Skully remove x1 §f§l§8B§x§6§6§6§6§6§6a§x§7§7§7§7§7§7h§x§8§8§8§8§8§8a§x§9§9§9§9§9§9m§7u§x§9§9§9§9§9§9t§x§8§8§8§8§8§8 §x§7§7§7§7§7§7H§x§6§6§6§6§6§6a§8t from buy
[21:19:35] > NoClarity added x1 §f§l§x§F§C§D§0§5§CW§x§F§A§A§A§4§Bu§x§F§9§8§4§3§Bk§x§F§7§5§F§2§Ao§x§F§5§3§9§1§9n§x§F§4§1§3§0§8g §x§F§5§3§9§1§9S§x§F§7§5§F§2§Ap§x§F§9§8§4§3§Be§x§F§A§A§A§4§Ba§x§F§C§D§0§5§Cr in auction for 600000.
[21:20:20] > Icon_Skully added x1 §f§l§8B§x§6§6§6§6§6§6a§x§7§7§7§7§7§7h§x§8§8§8§8§8§8a§x§9§9§9§9§9§9m§7u§x§9§9§9§9§9§9t§x§8§8§8§8§8§8 §x§7§7§7§7§7§7H§x§6§6§6§6§6§6a§8t in auction for 35000.
[21:20:27] > anneyong buy x1 §f§l§8B§x§6§6§6§6§6§6a§x§7§7§7§7§7§7h§x§8§8§8§8§8§8a§x§9§9§9§9§9§9m§7u§x§9§9§9§9§9§9t§x§8§8§8§8§8§8 §x§7§7§7§7§7§7H§x§6§6§6§6§6§6a§8t to Icon_Skully for $35,000.
[21:22:21] > chxrryxblossom added x8 §bEntropy Crystal §8(§310,000§8) in auction for 1000000.
[21:22:32] > chxrryxblossom added x8 §bEntropy Crystal §8(§310,000§8) in auction for 1000000.
[21:36:55] > Antonie657 added x1 Beacon in auction for 100000.
[21:37:32] > Antonie657 added x1 Beacon in auction for 100000.
[21:39:56] > x1 §f§l§x§8§A§0§0§F§FS§x§9§C§0§0§D§5h§x§A§D§0§0§A§Ai§x§B§F§0§0§8§0n§x§D§0§0§0§5§5e§x§E§2§0§0§2§B §x§F§3§0§0§0§0O§x§E§2§0§0§2§An§x§D§0§0§0§5§5i§x§B§F§0§0§8§0 §x§A§D§0§0§A§AA§x§9§C§0§0§D§5x§x§8§A§0§0§F§Fe on sale by Uratakiz has just expired, it goes in the inventory of expired items.
[21:40:44] > Cynishere added x1 §x§6§0§0§0§F§F§lɢᴏᴅʟʏ ɪᴛᴇᴍ in auction for 200000.
[21:40:56] > Cynishere added x13 §x§F§C§D§0§5§C§lB§x§E§6§D§3§6§B§la§x§C§F§D§5§7§A§ls§x§B§9§D§8§8§9§li§x§A§2§D§A§9§8§lc §x§7§5§D§F§B§6§lC§x§5§F§E§2§C§5§lr§x§7§5§D§F§B§6§la§x§8§C§D§D§A§7§lt§x§A§2§D§A§9§8§le §x§C§F§D§5§7§A§lK§x§E§6§D§3§6§B§le§x§F§C§D§0§5§C§ly in auction for 100000.
[21:40:57] > magolek_09 buy x1 §x§6§0§0§0§F§F§lɢᴏᴅʟʏ ɪᴛᴇᴍ to Cynishere for $200,000.
[21:41:06] > x1 §f§l§x§F§C§D§0§5§CW§x§F§B§A§D§4§Du§x§F§9§8§B§3§Dk§x§F§8§6§8§2§Eo§x§F§6§4§5§1§Fn§x§F§5§2§3§0§Fg§x§F§3§0§0§0§0 §x§F§5§2§3§0§FS§x§F§6§4§5§1§Fh§x§F§8§6§8§2§Eo§x§F§9§8§B§3§Dv§x§F§B§A§D§4§De§x§F§C§D§0§5§Cl, bought by Julene, has just expired, the item is definitively deleted.
[21:41:08] > magolek_09 remove x1 §x§6§0§0§0§F§F§lɢᴏᴅʟʏ ɪᴛᴇᴍ from buy
[21:41:35] > Cynishere added x1 §x§6§0§0§0§F§F§lɢᴏᴅʟʏ ɪᴛᴇᴍ in auction for 150000.
[21:41:48] > 8it5inn buy x1 Diamond sword to Goodao18 for $1,000.
[21:41:54] > Cynishere remove x1 §x§6§0§0§0§F§F§lɢᴏᴅʟʏ ɪᴛᴇᴍ from storage
[21:41:55] > Cynishere remove x13 §x§F§C§D§0§5§C§lB§x§E§6§D§3§6§B§la§x§C§F§D§5§7§A§ls§x§B§9§D§8§8§9§li§x§A§2§D§A§9§8§lc §x§7§5§D§F§B§6§lC§x§5§F§E§2§C§5§lr§x§7§5§D§F§B§6§la§x§8§C§D§D§A§7§lt§x§A§2§D§A§9§8§le §x§C§F§D§5§7§A§lK§x§E§6§D§3§6§B§le§x§F§C§D§0§5§C§ly from storage
[21:42:02] > x1 Music disc lava chicken, item of ELITEWARRIOR, has just expired, the item is definitively deleted.
[21:42:02] > x1 Shulker box, item of llhxnce, has just expired, the item is definitively deleted.
[21:42:03] > Cynishere remove x13 §x§F§C§D§0§5§C§lB§x§E§6§D§3§6§B§la§x§C§F§D§5§7§A§ls§x§B§9§D§8§8§9§li§x§A§2§D§A§9§8§lc §x§7§5§D§F§B§6§lC§x§5§F§E§2§C§5§lr§x§7§5§D§F§B§6§la§x§8§C§D§D§A§7§lt§x§A§2§D§A§9§8§le §x§C§F§D§5§7§A§lK§x§E§6§D§3§6§B§le§x§F§C§D§0§5§C§ly from expire
[21:42:03] > Cynishere remove x1 §x§6§0§0§0§F§F§lɢᴏᴅʟʏ ɪᴛᴇᴍ from expire
[21:42:04] > Cynishere remove x24 Silence armor trim smithing template from expire
[21:42:06] > 8it5inn remove x1 Diamond sword form buy
[21:42:17] > Cynishere added x13 §x§F§C§D§0§5§C§lB§x§E§6§D§3§6§B§la§x§C§F§D§5§7§A§ls§x§B§9§D§8§8§9§li§x§A§2§D§A§9§8§lc §x§7§5§D§F§B§6§lC§x§5§F§E§2§C§5§lr§x§7§5§D§F§B§6§la§x§8§C§D§D§A§7§lt§x§A§2§D§A§9§8§le §x§C§F§D§5§7§A§lK§x§E§6§D§3§6§B§le§x§F§C§D§0§5§C§ly in auction for 50000.
[21:42:27] > YchannR buy x13 §x§F§C§D§0§5§C§lB§x§E§6§D§3§6§B§la§x§C§F§D§5§7§A§ls§x§B§9§D§8§8§9§li§x§A§2§D§A§9§8§lc §x§7§5§D§F§B§6§lC§x§5§F§E§2§C§5§lr§x§7§5§D§F§B§6§la§x§8§C§D§D§A§7§lt§x§A§2§D§A§9§8§le §x§C§F§D§5§7§A§lK§x§E§6§D§3§6§B§le§x§F§C§D§0§5§C§ly to Cynishere for $50,000.
[21:42:31] > HwanYo added x1 Shulker box in auction for 500000.
[21:42:49] > HwanYo added x1 Shulker box in auction for 500000.
[21:43:04] > Cynishere added x1 §fEnder Eye Pickaxe in auction for 60000.
[21:43:22] > YchannR buy x1 §fEnder Eye Pickaxe to Cynishere for $60,000.
[21:43:23] > Wemmbuo added x3 Netherite ingot in auction for 420000.
[21:43:32] > Cynishere added x1 §fEnder Eye Knife in auction for 60000.
[21:43:38] > kysicx buy x1 §fEnder Eye Knife to Cynishere for $60,000.
[21:43:48] > Wemmbuo remove x3 Netherite ingot from storage
[21:44:01] > Wemmbuo added x1 Netherite ingot in auction for 80000.
[21:44:26] > Cynishere added x1 §fChicken Plushie §6(#25/101) in auction for 200000.
[21:44:27] > Wemmbuo added x1 Netherite ingot in auction for 80000.
[21:44:41] > Wemmbuo added x1 Netherite ingot in auction for 80000.
[21:45:32] > Kujinne buy x64 Diamond to anneyong for $64,000.
[21:46:57] > zDamixx buy x1 Enchanted book to alecczzz for $2,000.
[21:47:15] > zDamixx buy x1 Fortune to anneyong for $50,000.
[21:48:01] > NastyPepperoni added x1 Enchanted book in auction for 1600.
[21:48:06] > Antonie657 buy x1 Enchanted book to NastyPepperoni for $1,600.
[21:48:20] > NastyPepperoni added x1 Enchanted book in auction for 1000.
[21:48:34] > NastyPepperoni added x1 Enchanted book in auction for 1600.
[21:48:35] > Antonie657 remove x1 Enchanted book from buy
[21:48:35] > Antonie657 remove x1 Enchanted book from buy
[21:48:41] > Antonie657 buy x1 Enchanted book to NastyPepperoni for $1,600.
[21:48:51] > NastyPepperoni added x1 Enchanted book in auction for 1600.
[21:48:56] > Antonie657 buy x1 Enchanted book to NastyPepperoni for $1,600.
[21:48:57] > JinSoul15 buy x1 Enchanted book to NastyPepperoni for $1,000.
[21:49:03] > JinSoul15 remove x1 Enchanted book from buy
[21:49:09] > NastyPepperoni added x1 Enchanted book in auction for 1200.
[21:49:16] > JinSoul15 buy x1 Enchanted book to NastyPepperoni for $1,200.
[21:49:24] > JinSoul15 remove x1 Enchanted book from buy
[21:49:25] > NastyPepperoni added x1 Enchanted book in auction for 1600.
[21:49:31] > Antonie657 buy x1 Enchanted book to NastyPepperoni for $1,600.
[21:49:43] > NastyPepperoni added x1 Enchanted book in auction for 1000.
[21:49:47] > JinSoul15 buy x1 Enchanted book to NastyPepperoni for $1,000.
[21:49:52] > JinSoul15 remove x1 Enchanted book from buy
[21:51:20] > ReKYee buy x1 Netherite ingot to Wemmbuo for $80,000.
[21:51:22] > ReKYee buy x1 Netherite ingot to Wemmbuo for $80,000.
[21:51:24] > ReKYee buy x1 Netherite ingot to Wemmbuo for $80,000.
[21:54:11] > Antonie657 remove x1 Enchanted book from buy
[21:54:12] > Antonie657 remove x1 Enchanted book from buy
[21:54:12] > Antonie657 remove x1 Enchanted book from buy
[21:56:41] > nnorv1 added x1 Elytra in auction for 2000000.
[21:56:50] > Fogstrap buy x1 Elytra to nnorv1 for $2,000,000.
[21:57:04] > Fogstrap remove x1 Elytra form buy
[21:57:04] > Fogstrap remove x1 §x§E§5§1§B§1§B§lDracula Key form buy
[21:57:04] > Fogstrap remove x2 §9§lCrab Claw form buy
[22:10:33] > Palietass remove x1 §fMooshroom Plushie §6(#54/101) from buy
[22:10:33] > Palietass remove x1 §fPufferfish Plushie §6(#68/101) from buy
[22:10:34] > Palietass remove x1 §fCat Plushie (Black) §6(#14/101) from buy
[22:10:35] > Palietass remove x1 §f§l§8B§x§5§E§5§E§5§Ea§x§6§8§6§8§6§8h§x§7§1§7§1§7§1a§x§7§B§7§B§7§Bm§x§8§4§8§4§8§4u§x§8§E§8§E§8§Et§x§9§7§9§7§9§7 §x§A§1§A§1§A§1F§7i§x§A§1§A§1§A§1s§x§9§7§9§7§9§7h§x§8§E§8§E§8§Ei§x§8§4§8§4§8§4n§x§7§B§7§B§7§Bg§x§7§1§7§1§7§1 §x§6§8§6§8§6§8R§x§5§E§5§E§5§Eo§8d from buy
[22:10:35] > Palietass remove x1 §x§E§5§1§B§1§B§lDracula Axe from buy
[22:11:55] > NoClarity remove x1 §f§l§x§F§C§D§0§5§CW§x§F§A§A§A§4§Bu§x§F§9§8§4§3§Bk§x§F§7§5§F§2§Ao§x§F§5§3§9§1§9n§x§F§4§1§3§0§8g §x§F§5§3§9§1§9S§x§F§7§5§F§2§Ap§x§F§9§8§4§3§Be§x§F§A§A§A§4§Ba§x§F§C§D§0§5§Cr from storage
[22:12:04] > NoClarity added x1 §f§l§x§F§C§D§0§5§CW§x§F§A§A§A§4§Bu§x§F§9§8§4§3§Bk§x§F§7§5§F§2§Ao§x§F§5§3§9§1§9n§x§F§4§1§3§0§8g §x§F§5§3§9§1§9S§x§F§7§5§F§2§Ap§x§F§9§8§4§3§Be§x§F§A§A§A§4§Ba§x§F§C§D§0§5§Cr in auction for 500000.
[22:12:25] > NoClarity remove x22 Enchanted golden apple from storage
[22:15:38] > x1 §x§E§4§3§A§9§6§lW§x§E§7§5§3§A§3§lI§x§E§B§6§B§B§0§lN§x§E§E§8§4§B§D§lG§x§F§2§9§D§C§B§lS §x§F§8§C§E§E§5§lO§x§F§C§E§6§F§2§lF §x§F§C§E§6§F§2§lE§x§F§8§C§E§E§5§lT§x§F§5§B§5§D§8§lE§x§F§2§9§D§C§B§lR§x§E§E§8§4§B§D§lN§x§E§B§6§B§B§0§lI§x§E§7§5§3§A§3§lT§x§E§4§3§A§9§6§lY on sale by mae has just expired, it goes in the inventory of expired items.
[22:16:28] > HwanYo added x64 Experience bottle in auction for 90000.
[22:16:34] > Antonie657 buy x64 Experience bottle to HwanYo for $90,000.
[22:16:41] > HwanYo added x24 Experience bottle in auction for 15000.
[22:16:45] > Antonie657 remove x64 Experience bottle from buy
[22:16:49] > JinSoul15 buy x24 Experience bottle to HwanYo for $15,000.
[22:17:38] > JinSoul15 remove x24 Experience bottle from buy
[22:23:52] > Cynishere added x1 §x§5§C§C§F§F§C§lC§x§5§C§D§1§F§5§lo§x§5§D§D§4§E§E§ls§x§5§D§D§6§E§7§lm§x§5§E§D§9§E§1§le§x§5§E§D§B§D§A§lt§x§5§E§D§D§D§3§li§x§5§F§E§0§C§C§lc §x§5§F§E§0§C§C§lH§x§5§E§D§D§D§3§la§x§5§E§D§B§D§A§lt§x§5§E§D§9§E§1§ls §x§5§D§D§4§E§E§lK§x§5§C§D§1§F§5§le§x§5§C§C§F§F§C§ly in auction for 100000.
[22:23:54] > Panda_Nooba added x1 §x§5§C§C§F§F§C§lC§x§5§C§D§1§F§5§lo§x§5§D§D§4§E§E§ls§x§5§D§D§6§E§7§lm§x§5§E§D§9§E§1§le§x§5§E§D§B§D§A§lt§x§5§E§D§D§D§3§li§x§5§F§E§0§C§C§lc §x§5§F§E§0§C§C§lH§x§5§E§D§D§D§3§la§x§5§E§D§B§D§A§lt§x§5§E§D§9§E§1§ls §x§5§D§D§4§E§E§lK§x§5§C§D§1§F§5§le§x§5§C§C§F§F§C§ly in auction for 20000.
[22:23:59] > Fogstrap buy x1 §x§5§C§C§F§F§C§lC§x§5§C§D§1§F§5§lo§x§5§D§D§4§E§E§ls§x§5§D§D§6§E§7§lm§x§5§E§D§9§E§1§le§x§5§E§D§B§D§A§lt§x§5§E§D§D§D§3§li§x§5§F§E§0§C§C§lc §x§5§F§E§0§C§C§lH§x§5§E§D§D§D§3§la§x§5§E§D§B§D§A§lt§x§5§E§D§9§E§1§ls §x§5§D§D§4§E§E§lK§x§5§C§D§1§F§5§le§x§5§C§C§F§F§C§ly to Panda_Nooba for $20,000.
[22:24:06] > Panda_Nooba added x1 §x§F§F§5§5§0§0§lsᴇʟʟᴡᴀɴᴅ §6- 5.0x in auction for 435000.
[22:24:14] > Cynishere remove x1 §x§5§C§C§F§F§C§lC§x§5§C§D§1§F§5§lo§x§5§D§D§4§E§E§ls§x§5§D§D§6§E§7§lm§x§5§E§D§9§E§1§le§x§5§E§D§B§D§A§lt§x§5§E§D§D§D§3§li§x§5§F§E§0§C§C§lc §x§5§F§E§0§C§C§lH§x§5§E§D§D§D§3§la§x§5§E§D§B§D§A§lt§x§5§E§D§9§E§1§ls §x§5§D§D§4§E§E§lK§x§5§C§D§1§F§5§le§x§5§C§C§F§F§C§ly from storage
[22:24:20] > Cynishere remove x1 §x§5§C§C§F§F§C§lC§x§5§C§D§1§F§5§lo§x§5§D§D§4§E§E§ls§x§5§D§D§6§E§7§lm§x§5§E§D§9§E§1§le§x§5§E§D§B§D§A§lt§x§5§E§D§D§D§3§li§x§5§F§E§0§C§C§lc §x§5§F§E§0§C§C§lH§x§5§E§D§D§D§3§la§x§5§E§D§B§D§A§lt§x§5§E§D§9§E§1§ls §x§5§D§D§4§E§E§lK§x§5§C§D§1§F§5§le§x§5§C§C§F§F§C§ly from expire
[22:24:26] > Cynishere added x1 §x§5§C§C§F§F§C§lC§x§5§C§D§1§F§5§lo§x§5§D§D§4§E§E§ls§x§5§D§D§6§E§7§lm§x§5§E§D§9§E§1§le§x§5§E§D§B§D§A§lt§x§5§E§D§D§D§3§li§x§5§F§E§0§C§C§lc §x§5§F§E§0§C§C§lH§x§5§E§D§D§D§3§la§x§5§E§D§B§D§A§lt§x§5§E§D§9§E§1§ls §x§5§D§D§4§E§E§lK§x§5§C§D§1§F§5§le§x§5§C§C§F§F§C§ly in auction for 40000.
[22:24:28] > Fogstrap added x1 §x§F§F§5§5§0§0§lsᴇʟʟᴡᴀɴᴅ §6- 5.0x in auction for 450000.
[22:24:37] > Cynishere added x5 §x§F§C§D§0§5§C§lB§x§E§6§D§3§6§B§la§x§C§F§D§5§7§A§ls§x§B§9§D§8§8§9§li§x§A§2§D§A§9§8§lc §x§7§5§D§F§B§6§lC§x§5§F§E§2§C§5§lr§x§7§5§D§F§B§6§la§x§8§C§D§D§A§7§lt§x§A§2§D§A§9§8§le §x§C§F§D§5§7§A§lK§x§E§6§D§3§6§B§le§x§F§C§D§0§5§C§ly in auction for 20000.
[22:24:44] > JinSoul15 buy x5 §x§F§C§D§0§5§C§lB§x§E§6§D§3§6§B§la§x§C§F§D§5§7§A§ls§x§B§9§D§8§8§9§li§x§A§2§D§A§9§8§lc §x§7§5§D§F§B§6§lC§x§5§F§E§2§C§5§lr§x§7§5§D§F§B§6§la§x§8§C§D§D§A§7§lt§x§A§2§D§A§9§8§le §x§C§F§D§5§7§A§lK§x§E§6§D§3§6§B§le§x§F§C§D§0§5§C§ly to Cynishere for $20,000.
[22:24:51] > JinSoul15 remove x5 §x§F§C§D§0§5§C§lB§x§E§6§D§3§6§B§la§x§C§F§D§5§7§A§ls§x§B§9§D§8§8§9§li§x§A§2§D§A§9§8§lc §x§7§5§D§F§B§6§lC§x§5§F§E§2§C§5§lr§x§7§5§D§F§B§6§la§x§8§C§D§D§A§7§lt§x§A§2§D§A§9§8§le §x§C§F§D§5§7§A§lK§x§E§6§D§3§6§B§le§x§F§C§D§0§5§C§ly from buy
[22:24:53] > YchannR remove x13 §x§F§C§D§0§5§C§lB§x§E§6§D§3§6§B§la§x§C§F§D§5§7§A§ls§x§B§9§D§8§8§9§li§x§A§2§D§A§9§8§lc §x§7§5§D§F§B§6§lC§x§5§F§E§2§C§5§lr§x§7§5§D§F§B§6§la§x§8§C§D§D§A§7§lt§x§A§2§D§A§9§8§le §x§C§F§D§5§7§A§lK§x§E§6§D§3§6§B§le§x§F§C§D§0§5§C§ly form buy
[22:24:53] > YchannR remove x1 §fEnder Eye Pickaxe form buy
[22:25:06] > Cynishere remove x1 §fChicken Plushie §6(#25/101) from storage
[22:25:12] > Cynishere added x1 §fChicken Plushie §6(#25/101) in auction for 40000.
[22:25:43] > Trapers1 added x1 §f§bRavager Plushie §6(#76/101) in auction for 10000.
[22:25:49] > cart224 buy x1 §f§bRavager Plushie §6(#76/101) to Trapers1 for $10,000.
[22:25:51] > cart224 buy x1 §fChicken Plushie §6(#25/101) to Cynishere for $40,000.
[22:25:53] > Panda_Nooba remove x1 §x§F§F§5§5§0§0§lsᴇʟʟᴡᴀɴᴅ §6- 5.0x from storage
[22:26:42] > YchannR added x1 §f§l§8B§x§6§6§6§6§6§6a§x§7§7§7§7§7§7h§x§8§8§8§8§8§8a§x§9§9§9§9§9§9m§7u§x§9§9§9§9§9§9t§x§8§8§8§8§8§8 §x§7§7§7§7§7§7K§x§6§6§6§6§6§6e§8y in auction for 750000.
[22:27:20] > Dentatsu added x1 §x§F§F§5§5§0§0§lsᴇʟʟᴡᴀɴᴅ §6- 10.0x in auction for 1500000.
[22:27:25] > zDamixx added x1 §x§F§F§5§5§0§0§lsᴇʟʟᴡᴀɴᴅ §6- 5.0x in auction for 420000.
[22:27:42] > Cynishere added x1 Arcanegel Collection in auction for 3000000.
[22:27:47] > Dentatsu remove x1 §x§F§F§5§5§0§0§lsᴇʟʟᴡᴀɴᴅ §6- 10.0x from storage
[22:27:59] > Dentatsu added x1 §x§F§F§5§5§0§0§lsᴇʟʟᴡᴀɴᴅ §6- 10.0x in auction for 1300000.
[22:28:04] > koshie buy x1 §x§F§F§5§5§0§0§lsᴇʟʟᴡᴀɴᴅ §6- 10.0x to Dentatsu for $1,300,000.
[22:28:38] > cart224 remove x1 §fChicken Plushie §6(#25/101) from buy
[22:28:39] > cart224 remove x1 §f§bRavager Plushie §6(#76/101) from buy
[22:28:45] > Dentatsu added x1 §x§F§F§5§5§0§0§lsᴇʟʟᴡᴀɴᴅ §6- 5.0x in auction for 300000.
[22:28:51] > Icon_Skully buy x1 §x§F§F§5§5§0§0§lsᴇʟʟᴡᴀɴᴅ §6- 5.0x to Dentatsu for $300,000.
[22:28:59] > Icon_Skully remove x1 §x§F§F§5§5§0§0§lsᴇʟʟᴡᴀɴᴅ §6- 5.0x from buy
[22:29:40] > Dentatsu remove x1 §x§F§F§5§5§0§0§lsᴇʟʟᴡᴀɴᴅ §6- 10.0x from expire
[22:29:51] > Dentatsu added x1 §x§F§F§5§5§0§0§lsᴇʟʟᴡᴀɴᴅ §6- 10.0x in auction for 1300000.
[22:29:55] > koshie buy x1 §x§F§F§5§5§0§0§lsᴇʟʟᴡᴀɴᴅ §6- 10.0x to Dentatsu for $1,300,000.
[22:30:26] > Subaru added x1 §x§5§9§A§1§D§9§lA§x§6§E§A§D§D§Er§x§8§3§B§9§E§3c§x§9§7§C§4§E§7h§x§A§C§D§0§E§Ca§x§C§1§D§C§F§1n§x§D§6§E§8§F§6g§x§E§A§F§3§F§Ae§fl §x§D§0§E§4§F§4S§x§B§8§D§7§E§Fh§x§A§0§C§9§E§9i§x§8§8§B§C§E§4e§x§7§1§A§E§D§El§x§5§9§A§1§D§9d in auction for 1000000.
[22:31:34] > MasterElrel buy x64 Diamond to ace for $109,000.
[22:31:53] > Jhames added x1 §x§F§F§5§5§0§0§lsᴇʟʟᴡᴀɴᴅ §6- 5.0x in auction for 300000.
[22:31:57] > Fogstrap buy x1 §x§F§F§5§5§0§0§lsᴇʟʟᴡᴀɴᴅ §6- 5.0x to Jhames for $300,000.
[22:31:57] > MasterElrel remove x64 Diamond from buy
[22:32:43] > NoClarity added x1 §x§F§F§3§E§0§0§lSellwand Voucher in auction for 1000000.
[22:35:14] > Fogstrap remove x6 Netherite ingot from storage
[22:35:16] > Fogstrap remove x1 §x§F§F§5§5§0§0§lsᴇʟʟᴡᴀɴᴅ §6- 5.0x from storage
[22:35:17] > Fogstrap remove x4 Ancient debris from storage
[22:35:21] > Takeremu added x64 Experience bottle in auction for 80000.
[22:35:37] > .Allxnzv remove x1 §x§F§F§3§E§0§0§lD§x§F§F§3§6§0§0§le§x§F§F§2§F§0§0§lm§x§F§F§2§7§0§0§lo§x§F§F§1§F§0§0§ln §x§F§F§1§0§0§0§lL§x§F§F§0§8§0§0§lo§x§F§F§0§0§0§0§lr§x§F§F§0§8§0§0§ld §x§F§F§1§7§0§0§lH§x§F§F§1§F§0§0§le§x§F§F§2§7§0§0§ll§x§F§F§2§F§0§0§lm§x§F§F§3§6§0§0§le§x§F§F§3§E§0§0§lt form storage
[22:35:37] > .Allxnzv remove x1 §f§l§8B§x§6§2§6§2§6§2a§x§6§F§6§F§6§Fh§x§7§C§7§C§7§Ca§x§8§9§8§9§8§9m§x§9§6§9§6§9§6u§x§A§3§A§3§A§3t §x§9§6§9§6§9§6P§x§8§9§8§9§8§9i§x§7§C§7§C§7§Cc§x§6§F§6§F§6§Fa§x§6§2§6§2§6§2x§8e form storage
[22:35:40] > Fogstrap added x4 Netherite ingot in auction for 400000.
[22:35:53] > .Allxnzv added x1 §x§F§F§3§E§0§0§lD§x§F§F§3§6§0§0§le§x§F§F§2§F§0§0§lm§x§F§F§2§7§0§0§lo§x§F§F§1§F§0§0§ln §x§F§F§1§0§0§0§lL§x§F§F§0§8§0§0§lo§x§F§F§0§0§0§0§lr§x§F§F§0§8§0§0§ld §x§F§F§1§7§0§0§lH§x§F§F§1§F§0§0§le§x§F§F§2§7§0§0§ll§x§F§F§2§F§0§0§lm§x§F§F§3§6§0§0§le§x§F§F§3§E§0§0§lt in auction for 950000.
[22:36:15] > .Allxnzv added x1 §f§l§8B§x§6§2§6§2§6§2a§x§6§F§6§F§6§Fh§x§7§C§7§C§7§Ca§x§8§9§8§9§8§9m§x§9§6§9§6§9§6u§x§A§3§A§3§A§3t §x§9§6§9§6§9§6P§x§8§9§8§9§8§9i§x§7§C§7§C§7§Cc§x§6§F§6§F§6§Fa§x§6§2§6§2§6§2x§8e in auction for 250000.
[22:36:40] > Fogstrap added x4 Ancient debris in auction for 100000.
[22:36:49] > Trapers1 buy x4 Ancient debris to Fogstrap for $100,000.
[22:36:50] > Fogstrap added x2 Netherite ingot in auction for 220000.
[22:36:57] > Trapers1 remove x4 Ancient debris form buy
[22:38:21] > Takeremu added x64 Experience bottle in auction for 80000.
[22:39:58] > Takeremu added x64 Experience bottle in auction for 80000.
[22:40:04] > ThatMidnight buy x64 Experience bottle to Takeremu for $80,000.
[22:40:05] > ThatMidnight buy x64 Experience bottle to Takeremu for $80,000.
[22:40:41] > ThatMidnight remove x64 Experience bottle from buy
[22:40:41] > ThatMidnight remove x64 Experience bottle from buy
[22:44:24] > nachfaust added x1 Mace in auction for 500000.
[22:44:24] > x1 §x§E§5§1§B§1§B§lDracula Bow on sale by aznaaa has just expired, it goes in the inventory of expired items.
[22:44:36] > nachfaust added x1 §f§l§8B§x§6§2§6§2§6§2a§x§6§F§6§F§6§Fh§x§7§C§7§C§7§Ca§x§8§9§8§9§8§9m§x§9§6§9§6§9§6u§x§A§3§A§3§A§3t §x§9§6§9§6§9§6S§x§8§9§8§9§8§9h§x§7§C§7§C§7§Ci§x§6§F§6§F§6§Fe§x§6§2§6§2§6§2l§8d in auction for 100000.
[22:44:50] > nachfaust added x1 §f§x§6§B§2§C§C§6G§x§7§0§3§2§C§Ca§x§7§5§3§8§D§2l§x§7§A§3§E§D§8a§x§7§F§4§4§D§Ex§x§8§4§4§9§E§5y§x§8§9§4§F§E§B §x§8§E§5§5§F§1H§x§9§3§5§B§F§7a§x§9§8§6§1§F§Dt in auction for 20000.
[22:45:12] > Panda_Nooba remove x1 Splash potion from buy
[22:46:08] > .Allxnzv added x1 §fGhost Hat in auction for 20000.
[22:46:23] > .Allxnzv added x1 §fMedieval Hat in auction for 20000.
[22:46:37] > .Allxnzv added x1 §f§x§6§B§2§C§C§6G§x§7§0§3§2§C§Ca§x§7§5§3§8§D§2l§x§7§A§3§E§D§8a§x§7§F§4§4§D§Ex§x§8§4§4§9§E§5y§x§8§9§4§F§E§B §x§8§E§5§5§F§1H§x§9§3§5§B§F§7a§x§9§8§6§1§F§Dt in auction for 25000.
[22:49:25] > Takeremu added x64 Experience bottle in auction for 80000.
[22:49:35] > Takeremu added x64 Experience bottle in auction for 80000.
[22:51:29] > anneyong buy x1 §f§x§6§B§2§C§C§6G§x§7§0§3§2§C§Ca§x§7§5§3§8§D§2l§x§7§A§3§E§D§8a§x§7§F§4§4§D§Ex§x§8§4§4§9§E§5y§x§8§9§4§F§E§B §x§8§E§5§5§F§1H§x§9§3§5§B§F§7a§x§9§8§6§1§F§Dt to .Allxnzv for $25,000.
[22:51:33] > anneyong buy x1 §f§x§6§B§2§C§C§6G§x§7§0§3§2§C§Ca§x§7§5§3§8§D§2l§x§7§A§3§E§D§8a§x§7§F§4§4§D§Ex§x§8§4§4§9§E§5y§x§8§9§4§F§E§B §x§8§E§5§5§F§1H§x§9§3§5§B§F§7a§x§9§8§6§1§F§Dt to nachfaust for $20,000.
[22:51:56] > anneyong remove x1 §f§x§6§B§2§C§C§6G§x§7§0§3§2§C§Ca§x§7§5§3§8§D§2l§x§7§A§3§E§D§8a§x§7§F§4§4§D§Ex§x§8§4§4§9§E§5y§x§8§9§4§F§E§B §x§8§E§5§5§F§1H§x§9§3§5§B§F§7a§x§9§8§6§1§F§Dt from buy
[22:53:19] > Takeremu added x64 Experience bottle in auction for 80000.
[22:53:42] > Trapers1 added x1 Diamond chestplate in auction for 100000.
[22:55:14] > zDamixx remove x1 §x§F§F§5§5§0§0§lsᴇʟʟᴡᴀɴᴅ §6- 5.0x form storage
[22:55:44] > zDamixx added x1 §x§F§F§5§5§0§0§lsᴇʟʟᴡᴀɴᴅ §6- 5.0x in auction for 420000.
[22:55:56] > .JakeTheMiner457 added x1 Dune armor trim smithing template in auction for 80000.
[22:59:05] > NastyPepperoni added x1 Enchanted book in auction for 1600.
[22:59:12] > JinSoul15 buy x1 Enchanted book to NastyPepperoni for $1,600.
[23:00:29] > Panda_Nooba added x1 §fBee Plushie §6(#9/101) in auction for 3000.
[23:00:31] > ReKYee remove x1 Netherite ingot from buy
[23:00:31] > ReKYee remove x1 Netherite ingot from buy
[23:00:31] > ReKYee remove x1 Netherite ingot from buy
[23:00:33] > ReKYee remove x1 Enchanted book from buy
[23:00:42] > JinSoul15 buy x1 §fBee Plushie §6(#9/101) to Panda_Nooba for $3,000.
[23:04:43] > x1 Enchanted book on sale by Zypher_0w0 has just expired, it goes in the inventory of expired items.
[23:05:21] > .AppriXD buy x1 §x§F§F§3§E§0§0§lD§x§F§F§3§6§0§0§le§x§F§F§2§F§0§0§lm§x§F§F§2§7§0§0§lo§x§F§F§1§F§0§0§ln §x§F§F§1§0§0§0§lL§x§F§F§0§8§0§0§lo§x§F§F§0§0§0§0§lr§x§F§F§0§8§0§0§ld §x§F§F§1§7§0§0§lH§x§F§F§1§F§0§0§le§x§F§F§2§7§0§0§ll§x§F§F§2§F§0§0§lm§x§F§F§3§6§0§0§le§x§F§F§3§E§0§0§lt to .Allxnzv for $950,000.
[23:15:22] > NastyPepperoni added x1 Enchanted book in auction for 2000.
[23:15:26] > JinSoul15 buy x1 Enchanted book to NastyPepperoni for $2,000.
[23:20:08] > meevgang777 buy x1 Diamond chestplate to Trapers1 for $100,000.
[23:21:01] > meevgang777 added x10 §x§F§C§9§0§5§C§lE§x§E§6§9§C§6§B§lp§x§C§F§A§7§7§A§li§x§B§9§B§3§8§9§lc §x§8§C§C§B§A§7§lC§x§7§5§D§6§B§6§lr§x§5§F§E§2§C§5§la§x§7§9§D§4§B§4§lt§x§9§3§C§7§A§2§le §x§C§8§A§B§7§F§lK§x§E§2§9§E§6§E§le§x§F§C§9§0§5§C§ly in auction for 150000.
[23:21:09] > meevgang777 remove x1 Diamond chestplate from buy
[23:21:11] > Xavier881 buy x10 §x§F§C§9§0§5§C§lE§x§E§6§9§C§6§B§lp§x§C§F§A§7§7§A§li§x§B§9§B§3§8§9§lc §x§8§C§C§B§A§7§lC§x§7§5§D§6§B§6§lr§x§5§F§E§2§C§5§la§x§7§9§D§4§B§4§lt§x§9§3§C§7§A§2§le §x§C§8§A§B§7§F§lK§x§E§2§9§E§6§E§le§x§F§C§9§0§5§C§ly to meevgang777 for $150,000.
[23:23:10] > x1 §x§F§C§D§0§5§C§lB§x§E§6§D§3§6§B§la§x§C§F§D§5§7§A§ls§x§B§9§D§8§8§9§li§x§A§2§D§A§9§8§lc §x§7§5§D§F§B§6§lC§x§5§F§E§2§C§5§lr§x§7§5§D§F§B§6§la§x§8§C§D§D§A§7§lt§x§A§2§D§A§9§8§le §x§C§F§D§5§7§A§lK§x§E§6§D§3§6§B§le§x§F§C§D§0§5§C§ly on sale by JhonReaper has just expired, it goes in the inventory of expired items.
[23:26:03] > .JakeTheMiner457 added x1 §x§6§0§0§0§F§F§lɢᴏᴅʟʏ ɪᴛᴇᴍ in auction for 1500000.
[23:26:29] > .JakeTheMiner457 remove x1 Enchanted book from expire
[23:31:29] > .JakeTheMiner457 remove x1 Dune armor trim smithing template from storage
[23:31:33] > Panda_Nooba added x1 §f§bElder Guardian Plushie §6(#31/101) in auction for 150000.
[23:31:53] > .JakeTheMiner457 remove x1 Dune armor trim smithing template from expire
[23:32:06] > .JakeTheMiner457 added x1 Dune armor trim smithing template in auction for 60000.
[23:36:03] > .AppriXD buy x1 §x§F§F§3§E§0§0§lD§x§F§F§3§6§0§0§le§x§F§F§2§F§0§0§lm§x§F§F§2§7§0§0§lo§x§F§F§1§F§0§0§ln §x§F§F§1§0§0§0§lL§x§F§F§0§8§0§0§lo§x§F§F§0§0§0§0§lr§x§F§F§0§9§0§0§ld §x§F§F§1§B§0§0§lB§x§F§F§2§3§0§0§lo§x§F§F§2§C§0§0§lo§x§F§F§3§5§0§0§lt§x§F§F§3§E§0§0§ls to HwanYo for $1,000,000.
[23:36:11] > .AppriXD remove x1 §x§F§F§3§E§0§0§lD§x§F§F§3§6§0§0§le§x§F§F§2§F§0§0§lm§x§F§F§2§7§0§0§lo§x§F§F§1§F§0§0§ln §x§F§F§1§0§0§0§lL§x§F§F§0§8§0§0§lo§x§F§F§0§0§0§0§lr§x§F§F§0§8§0§0§ld §x§F§F§1§7§0§0§lH§x§F§F§1§F§0§0§le§x§F§F§2§7§0§0§ll§x§F§F§2§F§0§0§lm§x§F§F§3§6§0§0§le§x§F§F§3§E§0§0§lt from buy
[23:36:12] > .AppriXD remove x1 §x§F§F§3§E§0§0§lD§x§F§F§3§6§0§0§le§x§F§F§2§F§0§0§lm§x§F§F§2§7§0§0§lo§x§F§F§1§F§0§0§ln §x§F§F§1§0§0§0§lL§x§F§F§0§8§0§0§lo§x§F§F§0§0§0§0§lr§x§F§F§0§9§0§0§ld §x§F§F§1§B§0§0§lB§x§F§F§2§3§0§0§lo§x§F§F§2§C§0§0§lo§x§F§F§3§5§0§0§lt§x§F§F§3§E§0§0§ls from buy
[23:41:04] > nachfaust added x1 §x§5§9§A§1§D§9§lA§x§6§E§A§D§D§Er§x§8§3§B§9§E§3c§x§9§7§C§4§E§7h§x§A§C§D§0§E§Ca§x§C§1§D§C§F§1n§x§D§6§E§8§F§6g§x§E§A§F§3§F§Ae§fl §x§D§0§E§4§F§4S§x§B§8§D§7§E§Fh§x§A§0§C§9§E§9i§x§8§8§B§C§E§4e§x§7§1§A§E§D§El§x§5§9§A§1§D§9d in auction for 650000.
[23:42:01] > Takeremu added x2 Name tag in auction for 20000.
[23:42:05] > Zen0969 buy x64 Experience bottle to Takeremu for $80,000.
[23:42:07] > Zen0969 buy x64 Experience bottle to Takeremu for $80,000.
[23:42:08] > .AppriXD buy x2 Name tag to Takeremu for $20,000.
[23:42:18] > Zen0969 remove x64 Experience bottle from buy
[23:42:19] > Zen0969 remove x64 Experience bottle from buy
[23:43:28] > giyahnpogi added x1 §x§F§F§3§E§0§0§lD§x§F§F§3§6§0§0§le§x§F§F§2§F§0§0§lm§x§F§F§2§7§0§0§lo§x§F§F§1§F§0§0§ln §x§F§F§1§0§0§0§lL§x§F§F§0§8§0§0§lo§x§F§F§0§0§0§0§lr§x§F§F§0§8§0§0§ld §x§F§F§1§7§0§0§lH§x§F§F§1§F§0§0§le§x§F§F§2§7§0§0§ll§x§F§F§2§F§0§0§lm§x§F§F§3§6§0§0§le§x§F§F§3§E§0§0§lt in auction for 1500000.
[23:44:29] > giyahnpogi added x1 §x§F§F§3§E§0§0§lD§x§F§F§3§6§0§0§le§x§F§F§2§F§0§0§lm§x§F§F§2§7§0§0§lo§x§F§F§1§F§0§0§ln §x§F§F§1§0§0§0§lL§x§F§F§0§8§0§0§lo§x§F§F§0§0§0§0§lr§x§F§F§0§9§0§0§ld §x§F§F§1§B§0§0§lB§x§F§F§2§3§0§0§lo§x§F§F§2§C§0§0§lo§x§F§F§3§5§0§0§lt§x§F§F§3§E§0§0§ls in auction for 2500000.
[23:46:23] > PrezXie added x1 ラプラスの守護者の胸当て in auction for 1000000.
[23:46:27] > .AppriXD buy x1 ラプラスの守護者の胸当て to PrezXie for $1,000,000.
[23:47:07] > Unforce01 buy x1 §f§l§8B§x§6§2§6§2§6§2a§x§6§F§6§F§6§Fh§x§7§C§7§C§7§Ca§x§8§9§8§9§8§9m§x§9§6§9§6§9§6u§x§A§3§A§3§A§3t §x§9§6§9§6§9§6P§x§8§9§8§9§8§9i§x§7§C§7§C§7§Cc§x§6§F§6§F§6§Fa§x§6§2§6§2§6§2x§8e to .Allxnzv for $250,000.
[23:47:11] > Unforce01 remove x1 §f§l§8B§x§6§2§6§2§6§2a§x§6§F§6§F§6§Fh§x§7§C§7§C§7§Ca§x§8§9§8§9§8§9m§x§9§6§9§6§9§6u§x§A§3§A§3§A§3t §x§9§6§9§6§9§6P§x§8§9§8§9§8§9i§x§7§C§7§C§7§Cc§x§6§F§6§F§6§Fa§x§6§2§6§2§6§2x§8e form buy
[23:49:39] > yxsin112 added x1 §x§F§F§5§5§0§0§lsᴇʟʟᴡᴀɴᴅ §6- 5.0x in auction for 400000.
[23:53:38] > yxsin112 remove x1 §x§F§C§9§0§5§C§lE§x§E§6§9§C§6§B§lp§x§C§F§A§7§7§A§li§x§B§9§B§3§8§9§lc §x§8§C§C§B§A§7§lC§x§7§5§D§6§B§6§lr§x§5§F§E§2§C§5§la§x§7§9§D§4§B§4§lt§x§9§3§C§7§A§2§le §x§C§8§A§B§7§F§lK§x§E§2§9§E§6§E§le§x§F§C§9§0§5§C§ly form storage
[23:53:38] > yxsin112 remove x1 §x§E§5§1§B§1§B§lDracula Shovel form storage
[23:53:38] > yxsin112 remove x1 §x§F§F§7§C§0§0§lSteamsparks Shovel form storage
[23:53:38] > yxsin112 remove x1 §x§F§F§5§5§0§0§lsᴇʟʟᴡᴀɴᴅ §6- 5.0x form storage
[23:56:41] > Hunter_Sung remove x1 Fully Enchanted Wukong Armor Set from storage
[23:59:52] > Hunter_Sung added x1 Fully Enchanted Wukong Armor Set in auction for 4000000.
[00:01:09] > Icon_Skully added x1 §x§E§4§3§A§9§6§lW§x§E§7§5§3§A§3§lI§x§E§B§6§B§B§0§lN§x§E§E§8§4§B§D§lG§x§F§2§9§D§C§B§lS §x§F§8§C§E§E§5§lO§x§F§C§E§6§F§2§lF §x§F§C§E§6§F§2§lE§x§F§8§C§E§E§5§lT§x§F§5§B§5§D§8§lE§x§F§2§9§D§C§B§lR§x§E§E§8§4§B§D§lN§x§E§B§6§B§B§0§lI§x§E§7§5§3§A§3§lT§x§E§4§3§A§9§6§lY in auction for 6700000.
[00:01:18] > NoClarity buy x1 §x§E§4§3§A§9§6§lW§x§E§7§5§3§A§3§lI§x§E§B§6§B§B§0§lN§x§E§E§8§4§B§D§lG§x§F§2§9§D§C§B§lS §x§F§8§C§E§E§5§lO§x§F§C§E§6§F§2§lF §x§F§C§E§6§F§2§lE§x§F§8§C§E§E§5§lT§x§F§5§B§5§D§8§lE§x§F§2§9§D§C§B§lR§x§E§E§8§4§B§D§lN§x§E§B§6§B§B§0§lI§x§E§7§5§3§A§3§lT§x§E§4§3§A§9§6§lY to Icon_Skully for $6,700,000.
[00:03:25] > Xavier881 added x1 Mace in auction for 750000.
[00:03:48] > Xavier881 remove x1 Mace from storage
[00:08:30] > bedrock_enjoy3r remove x1 §x§F§F§5§5§0§0§lsᴇʟʟᴡᴀɴᴅ §6- 20.0x from buy
[00:12:48] > NoClarity remove x1 §x§E§4§3§A§9§6§lW§x§E§7§5§3§A§3§lI§x§E§B§6§B§B§0§lN§x§E§E§8§4§B§D§lG§x§F§2§9§D§C§B§lS §x§F§8§C§E§E§5§lO§x§F§C§E§6§F§2§lF §x§F§C§E§6§F§2§lE§x§F§8§C§E§E§5§lT§x§F§5§B§5§D§8§lE§x§F§2§9§D§C§B§lR§x§E§E§8§4§B§D§lN§x§E§B§6§B§B§0§lI§x§E§7§5§3§A§3§lT§x§E§4§3§A§9§6§lY from buy
[00:14:10] > Icon_Skully added x5 §x§F§C§D§0§5§C§lB§x§E§6§D§3§6§B§la§x§C§F§D§5§7§A§ls§x§B§9§D§8§8§9§li§x§A§2§D§A§9§8§lc §x§7§5§D§F§B§6§lC§x§5§F§E§2§C§5§lr§x§7§5§D§F§B§6§la§x§8§C§D§D§A§7§lt§x§A§2§D§A§9§8§le §x§C§F§D§5§7§A§lK§x§E§6§D§3§6§B§le§x§F§C§D§0§5§C§ly in auction for 45000.
[00:14:16] > Panda_Nooba buy x5 §x§F§C§D§0§5§C§lB§x§E§6§D§3§6§B§la§x§C§F§D§5§7§A§ls§x§B§9§D§8§8§9§li§x§A§2§D§A§9§8§lc §x§7§5§D§F§B§6§lC§x§5§F§E§2§C§5§lr§x§7§5§D§F§B§6§la§x§8§C§D§D§A§7§lt§x§A§2§D§A§9§8§le §x§C§F§D§5§7§A§lK§x§E§6§D§3§6§B§le§x§F§C§D§0§5§C§ly to Icon_Skully for $45,000.
[00:14:22] > Panda_Nooba remove x5 §x§F§C§D§0§5§C§lB§x§E§6§D§3§6§B§la§x§C§F§D§5§7§A§ls§x§B§9§D§8§8§9§li§x§A§2§D§A§9§8§lc §x§7§5§D§F§B§6§lC§x§5§F§E§2§C§5§lr§x§7§5§D§F§B§6§la§x§8§C§D§D§A§7§lt§x§A§2§D§A§9§8§le §x§C§F§D§5§7§A§lK§x§E§6§D§3§6§B§le§x§F§C§D§0§5§C§ly from buy
[00:16:36] > bedrock_enjoy3r remove x1 §x§F§F§5§5§0§0§lsᴇʟʟᴡᴀɴᴅ §6- 20.0x from buy
[00:16:38] > bedrock_enjoy3r remove x1 §x§F§F§5§5§0§0§lsᴇʟʟᴡᴀɴᴅ §6- 20.0x from buy
[00:18:04] > zDamixx buy x18 Iron ingot to St4r_ for $200.
[00:18:13] > zDamixx remove x18 Iron ingot from buy
[00:19:32] > yxsin112 buy x1 Mace to cart224 for $350,000.
[00:20:59] > yxsin112 remove x1 Mace from buy
[00:25:53] > Cynishere remove x1 Arcanegel Collection from storage
[00:26:49] > Cynishere added x1 Arcanegel Collection in auction for 2000000.
[00:26:57] > Icon_Skully buy x1 Arcanegel Collection to Cynishere for $2,000,000.
[00:38:35] > Panda_Nooba added x1 Netherite shovel in auction for 30000.
[00:39:00] > .AppriXD buy x1 Netherite shovel to Panda_Nooba for $30,000.
[00:44:37] > .AppriXD remove x2 Name tag from buy
[00:44:37] > .AppriXD remove x1 ラプラスの守護者の胸当て from buy
[00:44:38] > .AppriXD remove x1 Netherite shovel from buy
[00:45:59] > Panda_Nooba remove x1 §f§bElder Guardian Plushie §6(#31/101) from storage
[00:46:12] > Panda_Nooba added x1 §f§bElder Guardian Plushie §6(#31/101) in auction for 50000.
[00:46:18] > Icon_Skully buy x1 §f§bElder Guardian Plushie §6(#31/101) to Panda_Nooba for $50,000.
[00:58:14] > .AppriXD buy x1 §x§F§F§3§E§0§0§lD§x§F§F§3§7§0§0§le§x§F§F§3§0§0§0§lm§x§F§F§2§9§0§0§lo§x§F§F§2§2§0§0§ln §x§F§F§1§5§0§0§lL§x§F§F§0§E§0§0§lo§x§F§F§0§7§0§0§lr§x§F§F§0§0§0§0§ld §x§F§F§0§E§0§0§lL§x§F§F§1§5§0§0§le§x§F§F§1§C§0§0§lg§x§F§F§2§2§0§0§lg§x§F§F§2§9§0§0§li§x§F§F§3§0§0§0§ln§x§F§F§3§7§0§0§lg§x§F§F§3§E§0§0§ls to HwanYo for $2,000,000.
[00:58:55] > .AppriXD remove x1 §x§F§F§3§E§0§0§lD§x§F§F§3§7§0§0§le§x§F§F§3§0§0§0§lm§x§F§F§2§9§0§0§lo§x§F§F§2§2§0§0§ln §x§F§F§1§5§0§0§lL§x§F§F§0§E§0§0§lo§x§F§F§0§7§0§0§lr§x§F§F§0§0§0§0§ld §x§F§F§0§E§0§0§lL§x§F§F§1§5§0§0§le§x§F§F§1§C§0§0§lg§x§F§F§2§2§0§0§lg§x§F§F§2§9§0§0§li§x§F§F§3§0§0§0§ln§x§F§F§3§7§0§0§lg§x§F§F§3§E§0§0§ls from buy
[01:15:07] > Icon_Skully remove x1 §f§bElder Guardian Plushie §6(#31/101) from buy
[01:19:00] > meevgang777 remove x1 Enchanted book form storage
[01:19:00] > meevgang777 remove x1 §x§F§E§B§E§C§A§lSeason 3 Celebration Cake <3 form storage
[01:19:10] > meevgang777 added x1 §x§F§E§B§E§C§A§lSeason 3 Celebration Cake <3 in auction for 25000.
[01:19:22] > meevgang777 added x1 Enchanted book in auction for 150000.
[01:28:20] > auvicious remove x1 §f§l§x§8§A§0§0§F§FS§x§9§6§0§0§E§3h§x§A§1§0§0§C§6i§x§A§D§0§0§A§An§x§B§9§0§0§8§Ee§x§C§4§0§0§7§1 §x§D§0§0§0§5§5O§x§D§C§0§0§3§9n§x§E§7§0§0§1§Ci§x§F§3§0§0§0§0 §x§E§7§0§0§1§CB§x§D§C§0§0§3§9i§x§D§0§0§0§5§5g§x§C§4§0§0§7§1 §x§B§9§0§0§8§ES§x§A§D§0§0§A§Aw§x§A§1§0§0§C§6o§x§9§6§0§0§E§3r§x§8§A§0§0§F§Fd from storage
[01:28:51] > auvicious added x1 offer in auction for 6000000.
[01:34:12] > NoClarity remove x1 §x§F§F§3§E§0§0§lSellwand Voucher from storage
[01:34:14] > NoClarity remove x1 §f§l§x§F§C§D§0§5§CW§x§F§A§A§A§4§Bu§x§F§9§8§4§3§Bk§x§F§7§5§F§2§Ao§x§F§5§3§9§1§9n§x§F§4§1§3§0§8g §x§F§5§3§9§1§9S§x§F§7§5§F§2§Ap§x§F§9§8§4§3§Be§x§F§A§A§A§4§Ba§x§F§C§D§0§5§Cr from storage
[01:34:15] > NoClarity remove x1 §f§l§8B§x§6§2§6§2§6§2a§x§6§F§6§F§6§Fh§x§7§C§7§C§7§Ca§x§8§9§8§9§8§9m§x§9§6§9§6§9§6u§x§A§3§A§3§A§3t §x§9§6§9§6§9§6S§x§8§9§8§9§8§9h§x§7§C§7§C§7§Ci§x§6§F§6§F§6§Fe§x§6§2§6§2§6§2l§8d from storage
[01:34:15] > NoClarity remove x1 §x§F§F§7§C§0§0§lSteamsparks Battle Axe from storage
[01:49:33] > meevgang777 added x64 Pink wool in auction for 50000.
[01:55:24] > Takeremu remove x64 Experience bottle from storage
[01:55:29] > Takeremu added x64 Experience bottle in auction for 80000.
[02:08:40] > MasterElrel buy x64 Experience bottle to Takeremu for $80,000.
[02:09:41] > MasterElrel remove x64 Experience bottle from buy
[02:12:24] > Panda_Nooba buy x1 §x§E§5§1§B§1§B§lDracula Battleaxe to mumbowe777 for $100,000.
[02:12:31] > MasterElrel buy x1 §x§5§C§C§F§F§C§lC§x§5§C§D§1§F§5§lo§x§5§D§D§4§E§E§ls§x§5§D§D§6§E§7§lm§x§5§E§D§9§E§1§le§x§5§E§D§B§D§A§lt§x§5§E§D§D§D§3§li§x§5§F§E§0§C§C§lc §x§5§F§E§0§C§C§lH§x§5§E§D§D§D§3§la§x§5§E§D§B§D§A§lt§x§5§E§D§9§E§1§ls §x§5§D§D§4§E§E§lK§x§5§C§D§1§F§5§le§x§5§C§C§F§F§C§ly to Cynishere for $40,000.
[02:12:32] > Panda_Nooba remove x1 §x§E§5§1§B§1§B§lDracula Battleaxe from buy
[02:12:36] > MasterElrel remove x1 §x§5§C§C§F§F§C§lC§x§5§C§D§1§F§5§lo§x§5§D§D§4§E§E§ls§x§5§D§D§6§E§7§lm§x§5§E§D§9§E§1§le§x§5§E§D§B§D§A§lt§x§5§E§D§D§D§3§li§x§5§F§E§0§C§C§lc §x§5§F§E§0§C§C§lH§x§5§E§D§D§D§3§la§x§5§E§D§B§D§A§lt§x§5§E§D§9§E§1§ls §x§5§D§D§4§E§E§lK§x§5§C§D§1§F§5§le§x§5§C§C§F§F§C§ly from buy
[02:14:02] > MasterElrel added x1 §2Franck in auction for 30000.
[02:16:06] > MasterElrel buy x5 §x§F§C§9§0§5§C§lE§x§E§6§9§C§6§B§lp§x§C§F§A§7§7§A§li§x§B§9§B§3§8§9§lc §x§8§C§C§B§A§7§lC§x§7§5§D§6§B§6§lr§x§5§F§E§2§C§5§la§x§7§9§D§4§B§4§lt§x§9§3§C§7§A§2§le §x§C§8§A§B§7§F§lK§x§E§2§9§E§6§E§le§x§F§C§9§0§5§C§ly to xcapan for $250,000.
[02:16:10] > MasterElrel remove x5 §x§F§C§9§0§5§C§lE§x§E§6§9§C§6§B§lp§x§C§F§A§7§7§A§li§x§B§9§B§3§8§9§lc §x§8§C§C§B§A§7§lC§x§7§5§D§6§B§6§lr§x§5§F§E§2§C§5§la§x§7§9§D§4§B§4§lt§x§9§3§C§7§A§2§le §x§C§8§A§B§7§F§lK§x§E§2§9§E§6§E§le§x§F§C§9§0§5§C§ly from buy
[02:17:02] > zDamixx remove x1 §x§F§F§5§5§0§0§lsᴇʟʟᴡᴀɴᴅ §6- 5.0x form storage
[02:17:32] > zDamixx added x1 §x§F§F§5§5§0§0§lsᴇʟʟᴡᴀɴᴅ §6- 5.0x in auction for 430000.
[02:19:10] > zDamixx added x5 §x§F§C§D§0§5§C§lB§x§E§6§D§3§6§B§la§x§C§F§D§5§7§A§ls§x§B§9§D§8§8§9§li§x§A§2§D§A§9§8§lc §x§7§5§D§F§B§6§lC§x§5§F§E§2§C§5§lr§x§7§5§D§F§B§6§la§x§8§C§D§D§A§7§lt§x§A§2§D§A§9§8§le §x§C§F§D§5§7§A§lK§x§E§6§D§3§6§B§le§x§F§C§D§0§5§C§ly in auction for 180000.
[02:19:27] > Wumpan buy x5 §x§F§C§D§0§5§C§lB§x§E§6§D§3§6§B§la§x§C§F§D§5§7§A§ls§x§B§9§D§8§8§9§li§x§A§2§D§A§9§8§lc §x§7§5§D§F§B§6§lC§x§5§F§E§2§C§5§lr§x§7§5§D§F§B§6§la§x§8§C§D§D§A§7§lt§x§A§2§D§A§9§8§le §x§C§F§D§5§7§A§lK§x§E§6§D§3§6§B§le§x§F§C§D§0§5§C§ly to zDamixx for $180,000.
[02:19:33] > Wumpan remove x5 §x§F§C§D§0§5§C§lB§x§E§6§D§3§6§B§la§x§C§F§D§5§7§A§ls§x§B§9§D§8§8§9§li§x§A§2§D§A§9§8§lc §x§7§5§D§F§B§6§lC§x§5§F§E§2§C§5§lr§x§7§5§D§F§B§6§la§x§8§C§D§D§A§7§lt§x§A§2§D§A§9§8§le §x§C§F§D§5§7§A§lK§x§E§6§D§3§6§B§le§x§F§C§D§0§5§C§ly from buy
[02:21:52] > zDamixx remove x1 §x§F§F§5§5§0§0§lsᴇʟʟᴡᴀɴᴅ §6- 5.0x from storage
[02:22:09] > zDamixx added x1 §x§F§F§5§5§0§0§lsᴇʟʟᴡᴀɴᴅ §6- 5.0x in auction for 300000.
[02:22:13] > Icon_Skully buy x1 §x§F§F§5§5§0§0§lsᴇʟʟᴡᴀɴᴅ §6- 5.0x to zDamixx for $300,000.
[02:23:13] > MasterElrel buy x1 §x§E§5§1§B§1§B§lDracula Sword to kysicx for $200,000.
[02:23:17] > MasterElrel remove x1 §x§E§5§1§B§1§B§lDracula Sword from buy
[02:24:19] > Buhnaenaexx buy x1 §x§6§0§0§0§F§F§lɢᴏᴅʟʏ ɪᴛᴇᴍ to .JakeTheMiner457 for $1,500,000.
[02:24:43] > Buhnaenaexx buy x1 Mace to nachfaust for $500,000.
[02:25:51] > Buhnaenaexx remove x1 Mace form buy
[02:25:51] > Buhnaenaexx remove x1 §x§6§0§0§0§F§F§lɢᴏᴅʟʏ ɪᴛᴇᴍ form buy
[02:27:33] > Panda_Nooba added x1 §x§F§F§5§5§0§0§lsᴇʟʟᴡᴀɴᴅ §6- 5.0x in auction for 400000.
[02:27:37] > Wumpan added x1 §x§F§F§5§5§0§0§lsᴇʟʟᴡᴀɴᴅ §6- 5.0x in auction for 350000.
[02:27:38] > Icon_Skully remove x1 §x§F§F§5§5§0§0§lsᴇʟʟᴡᴀɴᴅ §6- 5.0x from buy
[02:27:39] > Icon_Skully remove x1 Arcanegel Collection from buy
[02:27:48] > Applegod9 added x1 §x§F§F§5§5§0§0§lsᴇʟʟᴡᴀɴᴅ §6- 5.0x in auction for 350000.
[02:28:46] > NoClarity added x1 §x§F§F§3§E§0§0§lSellwand Voucher in auction for 999999.
[02:31:41] > Applegod9 remove x1 §x§F§F§5§5§0§0§lsᴇʟʟᴡᴀɴᴅ §6- 5.0x form storage
[02:33:59] > Wumpan remove x1 §x§F§F§5§5§0§0§lsᴇʟʟᴡᴀɴᴅ §6- 5.0x from storage
[02:40:00] > Panda_Nooba remove x1 §x§F§F§5§5§0§0§lsᴇʟʟᴡᴀɴᴅ §6- 5.0x from storage
[02:40:43] > Takeremu added x1 Cherry sapling in auction for 10.
[02:43:00] > Panda_Nooba added x1 §x§F§F§5§5§0§0§lsᴇʟʟᴡᴀɴᴅ §6- 5.0x in auction for 350000.
[02:47:55] > belvi__ added x1 §c§lPlatinum Lure in auction for 750000.
[02:48:03] > Takeremu remove x4 §3§lDolphin Tail from storage
[02:48:03] > Takeremu remove x4 §3§lDolphin Tail from storage
[02:48:14] > Takeremu added x4 §3§lDolphin Tail in auction for 320000.
[02:48:25] > Takeremu added x4 §3§lDolphin Tail in auction for 320000.
[02:54:58] > Wumpan added x4 §3§lDolphin Tail in auction for 320000.
[03:03:07] > Takeremu remove x64 Experience bottle from storage
[03:03:16] > Takeremu added x64 Experience bottle in auction for 50000.
[03:03:25] > Icon_Skully buy x64 Experience bottle to Takeremu for $50,000.
[03:03:44] > Icon_Skully remove x64 Experience bottle from buy
[03:21:53] > Panda_Nooba buy x1 §f§l§8B§x§6§2§6§2§6§2a§x§6§F§6§F§6§Fh§x§7§C§7§C§7§Ca§x§8§9§8§9§8§9m§x§9§6§9§6§9§6u§x§A§3§A§3§A§3t §x§9§6§9§6§9§6S§x§8§9§8§9§8§9h§x§7§C§7§C§7§Ci§x§6§F§6§F§6§Fe§x§6§2§6§2§6§2l§8d to nachfaust for $100,000.
[03:22:02] > Panda_Nooba remove x1 §f§l§8B§x§6§2§6§2§6§2a§x§6§F§6§F§6§Fh§x§7§C§7§C§7§Ca§x§8§9§8§9§8§9m§x§9§6§9§6§9§6u§x§A§3§A§3§A§3t §x§9§6§9§6§9§6S§x§8§9§8§9§8§9h§x§7§C§7§C§7§Ci§x§6§F§6§F§6§Fe§x§6§2§6§2§6§2l§8d from buy
[03:25:03] > Hitaansh_12 buy x1 §f§l§x§8§A§0§0§F§FS§x§9§6§0§0§E§3h§x§A§1§0§0§C§6i§x§A§D§0§0§A§An§x§B§9§0§0§8§Ee§x§C§4§0§0§7§1 §x§D§0§0§0§5§5O§x§D§C§0§0§3§9n§x§E§7§0§0§1§Ci§x§F§3§0§0§0§0 §x§E§7§0§0§1§CB§x§D§C§0§0§3§9i§x§D§0§0§0§5§5g§x§C§4§0§0§7§1 §x§B§9§0§0§8§ES§x§A§D§0§0§A§Aw§x§A§1§0§0§C§6o§x§9§6§0§0§E§3r§x§8§A§0§0§F§Fd to nebula12321 for $1,800,000.
[03:26:34] > Hitaansh_12 remove x1 §f§l§x§8§A§0§0§F§FS§x§9§6§0§0§E§3h§x§A§1§0§0§C§6i§x§A§D§0§0§A§An§x§B§9§0§0§8§Ee§x§C§4§0§0§7§1 §x§D§0§0§0§5§5O§x§D§C§0§0§3§9n§x§E§7§0§0§1§Ci§x§F§3§0§0§0§0 §x§E§7§0§0§1§CB§x§D§C§0§0§3§9i§x§D§0§0§0§5§5g§x§C§4§0§0§7§1 §x§B§9§0§0§8§ES§x§A§D§0§0§A§Aw§x§A§1§0§0§C§6o§x§9§6§0§0§E§3r§x§8§A§0§0§F§Fd from buy
[03:26:54] > Panda_Nooba added x1 §f§l§8B§x§6§2§6§2§6§2a§x§6§F§6§F§6§Fh§x§7§C§7§C§7§Ca§x§8§9§8§9§8§9m§x§9§6§9§6§9§6u§x§A§3§A§3§A§3t §x§9§6§9§6§9§6S§x§8§9§8§9§8§9h§x§7§C§7§C§7§Ci§x§6§F§6§F§6§Fe§x§6§2§6§2§6§2l§8d in auction for 650000.
[03:28:48] > Panda_Nooba added x1 §fCat Plushie (White) §6(#23/101) in auction for 2000.
[03:28:54] > Takeremu buy x1 §fCat Plushie (White) §6(#23/101) to Panda_Nooba for $2,000.
[03:29:37] > Panda_Nooba added x1 §fRabbit Plushie (Toast) §6(#74/101) in auction for 2000.
[03:29:41] > Takeremu buy x1 §fRabbit Plushie (Toast) §6(#74/101) to Panda_Nooba for $2,000.
[03:30:51] > Panda_Nooba remove x1 §f§l§8B§x§6§2§6§2§6§2a§x§6§F§6§F§6§Fh§x§7§C§7§C§7§Ca§x§8§9§8§9§8§9m§x§9§6§9§6§9§6u§x§A§3§A§3§A§3t §x§9§6§9§6§9§6S§x§8§9§8§9§8§9h§x§7§C§7§C§7§Ci§x§6§F§6§F§6§Fe§x§6§2§6§2§6§2l§8d from storage
[03:30:52] > Panda_Nooba remove x1 §x§F§F§5§5§0§0§lsᴇʟʟᴡᴀɴᴅ §6- 5.0x from storage
[03:31:10] > Panda_Nooba added x1 §x§F§F§5§5§0§0§lsᴇʟʟᴡᴀɴᴅ §6- 5.0x in auction for 335000.
[03:31:41] > Panda_Nooba added x1 §f§l§8B§x§6§2§6§2§6§2a§x§6§F§6§F§6§Fh§x§7§C§7§C§7§Ca§x§8§9§8§9§8§9m§x§9§6§9§6§9§6u§x§A§3§A§3§A§3t §x§9§6§9§6§9§6S§x§8§9§8§9§8§9h§x§7§C§7§C§7§Ci§x§6§F§6§F§6§Fe§x§6§2§6§2§6§2l§8d in auction for 450000.
[03:49:58] > Wumpan buy x64 Cooked mutton to Kokiqi for $8,000.
[03:50:01] > Wumpan remove x64 Cooked mutton from buy
[03:56:22] > Keeos added x1 §x§5§9§A§1§D§9§lA§x§6§E§A§D§D§Er§x§8§3§B§9§E§3c§x§9§7§C§4§E§7h§x§A§C§D§0§E§Ca§x§C§1§D§C§F§1n§x§D§6§E§8§F§6g§x§E§A§F§3§F§Ae§fl §x§D§0§E§4§F§4D§x§B§8§D§7§E§Fa§x§A§0§C§9§E§9g§x§8§8§B§C§E§4g§x§7§1§A§E§D§Ee§x§5§9§A§1§D§9r in auction for 1300000.
[03:56:41] > Keeos added x1 §f§l§8B§x§6§2§6§2§6§2a§x§6§F§6§F§6§Fh§x§7§C§7§C§7§Ca§x§8§9§8§9§8§9m§x§9§6§9§6§9§6u§x§A§3§A§3§A§3t §x§9§6§9§6§9§6S§x§8§9§8§9§8§9h§x§7§C§7§C§7§Ci§x§6§F§6§F§6§Fe§x§6§2§6§2§6§2l§8d in auction for 1500000.
[03:57:20] > nachfaust added x1 §x§F§F§7§C§0§0§lSteamsparks Pickaxe in auction for 500000.
[03:57:37] > nachfaust added x1 §x§5§9§A§1§D§9§lA§x§7§1§A§E§D§Er§x§8§8§B§C§E§4c§x§A§0§C§9§E§9h§x§B§8§D§7§E§Fa§x§D§0§E§4§F§4n§x§E§7§F§2§F§Ag§fe§x§E§7§F§2§F§Al §x§B§8§D§7§E§FS§x§A§0§C§9§E§9t§x§8§8§B§C§E§4a§x§7§1§A§E§D§Ef§x§5§9§A§1§D§9f in auction for 700000.
[03:59:09] > nachfaust remove x1 §x§5§9§A§1§D§9§lA§x§7§1§A§E§D§Er§x§8§8§B§C§E§4c§x§A§0§C§9§E§9h§x§B§8§D§7§E§Fa§x§D§0§E§4§F§4n§x§E§7§F§2§F§Ag§fe§x§E§7§F§2§F§Al §x§B§8§D§7§E§FS§x§A§0§C§9§E§9t§x§8§8§B§C§E§4a§x§7§1§A§E§D§Ef§x§5§9§A§1§D§9f from storage
[03:59:18] > nachfaust added x1 §x§5§9§A§1§D§9§lA§x§7§1§A§E§D§Er§x§8§8§B§C§E§4c§x§A§0§C§9§E§9h§x§B§8§D§7§E§Fa§x§D§0§E§4§F§4n§x§E§7§F§2§F§Ag§fe§x§E§7§F§2§F§Al §x§B§8§D§7§E§FS§x§A§0§C§9§E§9t§x§8§8§B§C§E§4a§x§7§1§A§E§D§Ef§x§5§9§A§1§D§9f in auction for 600000.
[03:59:22] > Icon_Skully buy x1 §x§5§9§A§1§D§9§lA§x§7§1§A§E§D§Er§x§8§8§B§C§E§4c§x§A§0§C§9§E§9h§x§B§8§D§7§E§Fa§x§D§0§E§4§F§4n§x§E§7§F§2§F§Ag§fe§x§E§7§F§2§F§Al §x§B§8§D§7§E§FS§x§A§0§C§9§E§9t§x§8§8§B§C§E§4a§x§7§1§A§E§D§Ef§x§5§9§A§1§D§9f to nachfaust for $600,000.
[03:59:37] > nachfaust added x1 §f§l§8B§x§6§2§6§2§6§2a§x§6§F§6§F§6§Fh§x§7§C§7§C§7§Ca§x§8§9§8§9§8§9m§x§9§6§9§6§9§6u§x§A§3§A§3§A§3t §x§9§6§9§6§9§6H§x§8§9§8§9§8§9a§x§7§C§7§C§7§Ct§x§6§F§6§F§6§F §x§6§2§6§2§6§2V§82 in auction for 100000.
[04:00:20] > .AppriXD remove x1 §c§lPlatinum Lure form storage
[04:00:20] > .AppriXD remove x1 §c§lPlatinum Lure form storage
[04:01:19] > Xavier881 buy x1 §x§F§F§5§5§0§0§lsᴇʟʟᴡᴀɴᴅ §6- 5.0x to Panda_Nooba for $335,000.
[04:01:23] > Xavier881 remove x1 §x§F§F§5§5§0§0§lsᴇʟʟᴡᴀɴᴅ §6- 5.0x from buy
[04:01:28] > Xavier881 remove x1 §x§F§F§5§5§0§0§lsᴇʟʟᴡᴀɴᴅ §6- 5.0x from buy
[04:01:33] > Xavier881 remove x1 §9§lCrab Claw from buy
[04:01:33] > Xavier881 remove x10 §x§F§C§9§0§5§C§lE§x§E§6§9§C§6§B§lp§x§C§F§A§7§7§A§li§x§B§9§B§3§8§9§lc §x§8§C§C§B§A§7§lC§x§7§5§D§6§B§6§lr§x§5§F§E§2§C§5§la§x§7§9§D§4§B§4§lt§x§9§3§C§7§A§2§le §x§C§8§A§B§7§F§lK§x§E§2§9§E§6§E§le§x§F§C§9§0§5§C§ly from buy
[04:59:26] > Takeremu added x5 §e§lCrab Scale in auction for 10000.
[04:59:32] > Xavier881 buy x5 §e§lCrab Scale to Takeremu for $10,000.
[04:59:50] > HEYkay27 buy x1 Cherry sapling to Takeremu for $10.
[04:59:53] > Takeremu added x3 §9§lCrab Claw in auction for 60000.
[04:59:58] > king_ARK buy x3 §9§lCrab Claw to Takeremu for $60,000.
[05:00:06] > king_ARK remove x3 §9§lCrab Claw from buy
[05:00:44] > Takeremu added x64 §e§lCrab Scale in auction for 1280000.
[05:01:07] > HEYkay27 buy x1 Mace to nebula12321 for $400,000.
[05:01:19] > HEYkay27 remove x1 Mace from buy
[05:02:08] > Takeremu remove x64 §e§lCrab Scale from storage
[05:06:55] > NoClarity remove x1 §x§F§F§3§E§0§0§lSellwand Voucher from storage
[05:09:04] > NoClarity added x1 §x§F§F§5§5§0§0§lsᴇʟʟᴡᴀɴᴅ §6- 5.0x in auction for 430000.
[05:10:02] > nachfaust added x1 §f§l§8B§x§6§6§6§6§6§6a§x§7§7§7§7§7§7h§x§8§8§8§8§8§8a§x§9§9§9§9§9§9m§7u§x§9§9§9§9§9§9t§x§8§8§8§8§8§8 §x§7§7§7§7§7§7H§x§6§6§6§6§6§6a§8t in auction for 100000.
[05:11:47] > .VisedSauce5790 added x1 §9§lCrab Claw in auction for 35000.
[05:12:15] > .VisedSauce5790 added x2 §e§lCrab Scale in auction for 70000.
[05:12:44] > zDamixx added x10 §x§F§C§9§0§5§C§lE§x§E§6§9§C§6§B§lp§x§C§F§A§7§7§A§li§x§B§9§B§3§8§9§lc §x§8§C§C§B§A§7§lC§x§7§5§D§6§B§6§lr§x§5§F§E§2§C§5§la§x§7§9§D§4§B§4§lt§x§9§3§C§7§A§2§le §x§C§8§A§B§7§F§lK§x§E§2§9§E§6§E§le§x§F§C§9§0§5§C§ly in auction for 4000000.
[05:13:45] > Xavier881 buy x2 §e§lCrab Scale to .VisedSauce5790 for $70,000.
[05:14:47] > zDamixx remove x10 §x§F§C§9§0§5§C§lE§x§E§6§9§C§6§B§lp§x§C§F§A§7§7§A§li§x§B§9§B§3§8§9§lc §x§8§C§C§B§A§7§lC§x§7§5§D§6§B§6§lr§x§5§F§E§2§C§5§la§x§7§9§D§4§B§4§lt§x§9§3§C§7§A§2§le §x§C§8§A§B§7§F§lK§x§E§2§9§E§6§E§le§x§F§C§9§0§5§C§ly from storage
[05:15:13] > zDamixx added x10 §x§F§C§9§0§5§C§lE§x§E§6§9§C§6§B§lp§x§C§F§A§7§7§A§li§x§B§9§B§3§8§9§lc §x§8§C§C§B§A§7§lC§x§7§5§D§6§B§6§lr§x§5§F§E§2§C§5§la§x§7§9§D§4§B§4§lt§x§9§3§C§7§A§2§le §x§C§8§A§B§7§F§lK§x§E§2§9§E§6§E§le§x§F§C§9§0§5§C§ly in auction for 3500000.
[05:16:59] > zDamixx remove x10 §x§F§C§9§0§5§C§lE§x§E§6§9§C§6§B§lp§x§C§F§A§7§7§A§li§x§B§9§B§3§8§9§lc §x§8§C§C§B§A§7§lC§x§7§5§D§6§B§6§lr§x§5§F§E§2§C§5§la§x§7§9§D§4§B§4§lt§x§9§3§C§7§A§2§le §x§C§8§A§B§7§F§lK§x§E§2§9§E§6§E§le§x§F§C§9§0§5§C§ly from storage
[05:17:16] > zDamixx added x10 §x§F§C§9§0§5§C§lE§x§E§6§9§C§6§B§lp§x§C§F§A§7§7§A§li§x§B§9§B§3§8§9§lc §x§8§C§C§B§A§7§lC§x§7§5§D§6§B§6§lr§x§5§F§E§2§C§5§la§x§7§9§D§4§B§4§lt§x§9§3§C§7§A§2§le §x§C§8§A§B§7§F§lK§x§E§2§9§E§6§E§le§x§F§C§9§0§5§C§ly in auction for 3500000.
[05:22:46] > zDamixx added x1 Snout armor trim smithing template in auction for 100000.
[05:29:57] > NoClarity added x1 §x§E§5§1§B§1§B§lDracula Helmet in auction for 69999.
[05:43:40] > mumbowe777 added x1 §x§F§F§7§C§0§0§lSteamsparks Boots in auction for 200000.
[05:58:10] > Takeremu added x1 §f§l§x§8§A§0§0§F§FS§x§9§9§0§0§D§Bh§x§A§8§0§0§B§6i§x§B§7§0§0§9§2n§x§C§6§0§0§6§De§x§D§5§0§0§4§9 §x§E§4§0§0§2§4O§x§F§3§0§0§0§0n§x§E§4§0§0§2§4i§x§D§5§0§0§4§9 §x§C§6§0§0§6§DS§x§B§7§0§0§9§2p§x§A§8§0§0§B§6e§x§9§9§0§0§D§Ba§x§8§A§0§0§F§Fr in auction for 2000000.
[05:58:10] > x1 Yellow Shulker Box full of mending on sale by sdxd_12 has just expired, it goes in the inventory of expired items.
[06:18:45] > zDamixx remove x1 Fortune from buy
[06:42:04] > x2 §e§lCrab Scale, item of .AyakoKoru, has just expired, the item is definitively deleted.
[06:42:04] > x2 §9§lCrab Claw, item of .AyakoKoru, has just expired, the item is definitively deleted.
[06:44:17] > BlackKnight buy x1 §f§l§8B§x§6§6§6§6§6§6a§x§7§7§7§7§7§7h§x§8§8§8§8§8§8a§x§9§9§9§9§9§9m§7u§x§9§9§9§9§9§9t§x§8§8§8§8§8§8 §x§7§7§7§7§7§7H§x§6§6§6§6§6§6a§8t to nachfaust for $100,000.
[06:44:22] > BlackKnight buy x1 §f§l§8B§x§6§2§6§2§6§2a§x§6§F§6§F§6§Fh§x§7§C§7§C§7§Ca§x§8§9§8§9§8§9m§x§9§6§9§6§9§6u§x§A§3§A§3§A§3t §x§9§6§9§6§9§6H§x§8§9§8§9§8§9a§x§7§C§7§C§7§Ct§x§6§F§6§F§6§F §x§6§2§6§2§6§2V§82 to nachfaust for $100,000.
[06:45:08] > BlackKnight remove x1 §f§l§x§8§A§0§0§F§FS§x§9§C§0§0§D§5h§x§A§D§0§0§A§Ai§x§B§F§0§0§8§0n§x§D§0§0§0§5§5e§x§E§2§0§0§2§B §x§F§3§0§0§0§0O§x§E§2§0§0§2§An§x§D§0§0§0§5§5i§x§B§F§0§0§8§0 §x§A§D§0§0§A§AB§x§9§C§0§0§D§5o§x§8§A§0§0§F§Fw from expire
[06:45:09] > BlackKnight remove x1 §f§l§8B§x§5§F§5§F§5§Fa§x§6§9§6§9§6§9h§x§7§3§7§3§7§3a§x§7§D§7§D§7§Dm§x§8§7§8§7§8§7u§x§9§1§9§1§9§1t§x§9§B§9§B§9§B §x§A§5§A§5§A§5Ch§x§9§B§9§B§9§Be§x§9§1§9§1§9§1s§x§8§7§8§7§8§7t§x§7§D§7§D§7§Dp§x§7§3§7§3§7§3l§x§6§9§6§9§6§9a§x§5§F§5§F§5§Ft§8e from expire
[06:52:18] > BlackKnight remove x1 §f§l§8B§x§6§2§6§2§6§2a§x§6§F§6§F§6§Fh§x§7§C§7§C§7§Ca§x§8§9§8§9§8§9m§x§9§6§9§6§9§6u§x§A§3§A§3§A§3t §x§9§6§9§6§9§6H§x§8§9§8§9§8§9a§x§7§C§7§C§7§Ct§x§6§F§6§F§6§F §x§6§2§6§2§6§2V§82 from buy
[06:52:19] > BlackKnight remove x1 §f§l§8B§x§6§6§6§6§6§6a§x§7§7§7§7§7§7h§x§8§8§8§8§8§8a§x§9§9§9§9§9§9m§7u§x§9§9§9§9§9§9t§x§8§8§8§8§8§8 §x§7§7§7§7§7§7H§x§6§6§6§6§6§6a§8t from buy
[06:52:21] > BlackKnight remove x1 §fPiglin Plushie §6(#64/101) from buy
[06:57:56] > anneyong added x1 Netherite block in auction for 400000.
[07:04:24] > nachfaust added x1 §fAdventure Hat in auction for 20000.
[07:04:40] > nachfaust added x2 §f§l§8B§x§6§0§6§0§6§0a§x§6§C§6§C§6§Ch§x§7§7§7§7§7§7a§x§8§2§8§2§8§2m§x§8§E§8§E§8§Eu§x§9§9§9§9§9§9t§x§A§4§A§4§A§4 G§x§9§9§9§9§9§9a§x§8§E§8§E§8§Eu§x§8§2§8§2§8§2n§x§7§7§7§7§7§7t§x§6§C§6§C§6§Cl§x§6§0§6§0§6§0e§8t in auction for 200000.
[07:05:24] > khenjieMC added x1 §x§3§4§9§8§D§Bᴢᴏᴍʙɪᴇ ꜱᴘᴀᴡɴᴇʀ in auction for 1700000.
[07:05:52] > Keeos buy x4 Netherite ingot to Fogstrap for $400,000.
[07:06:29] > Keeos remove x4 Netherite ingot from buy
[07:50:50] > Xavier881 remove x5 §e§lCrab Scale from buy
[07:50:50] > Xavier881 remove x2 §e§lCrab Scale from buy
[07:51:21] > Xavier881 buy x1 §9§lCrab Claw to .VisedSauce5790 for $35,000.
[07:55:22] > Xavier881 buy x1 §f§l§x§8§A§0§0§F§FS§x§9§C§0§0§D§5h§x§A§D§0§0§A§Ai§x§B§F§0§0§8§0n§x§D§0§0§0§5§5e§x§E§2§0§0§2§B §x§F§3§0§0§0§0O§x§E§2§0§0§2§An§x§D§0§0§0§5§5i§x§B§F§0§0§8§0 §x§A§D§0§0§A§AB§x§9§C§0§0§D§5o§x§8§A§0§0§F§Fw to lorxie for $1,000,000.
[07:57:52] > Xavier881 remove x1 §f§l§x§8§A§0§0§F§FS§x§9§C§0§0§D§5h§x§A§D§0§0§A§Ai§x§B§F§0§0§8§0n§x§D§0§0§0§5§5e§x§E§2§0§0§2§B §x§F§3§0§0§0§0O§x§E§2§0§0§2§An§x§D§0§0§0§5§5i§x§B§F§0§0§8§0 §x§A§D§0§0§A§AB§x§9§C§0§0§D§5o§x§8§A§0§0§F§Fw from buy
[07:57:57] > x1 §f§l§8B§x§6§3§6§3§6§3a§x§7§1§7§1§7§1h§x§8§0§8§0§8§0a§x§8§E§8§E§8§Em§x§9§C§9§C§9§Cu§7t§x§9§C§9§C§9§C §x§8§E§8§E§8§ES§x§8§0§8§0§8§0p§x§7§1§7§1§7§1e§x§6§3§6§3§6§3a§8r on sale by _Sutrix_ has just expired, it goes in the inventory of expired items.
[08:27:50] > RottenRael added x64 Nether wart in auction for 10000.
[08:35:31] > anneyong added x64 Experience bottle in auction for 150000.
[08:52:24] > Trapers1 added x1 §fCat Plushie (Tabby) §6(#21/101) in auction for 15000.
[08:52:31] > 8it5inn buy x1 §fCat Plushie (Tabby) §6(#21/101) to Trapers1 for $15,000.
[08:53:05] > Trapers1 added x5 §x§F§C§9§0§5§C§lE§x§E§6§9§C§6§B§lp§x§C§F§A§7§7§A§li§x§B§9§B§3§8§9§lc §x§8§C§C§B§A§7§lC§x§7§5§D§6§B§6§lr§x§5§F§E§2§C§5§la§x§7§9§D§4§B§4§lt§x§9§3§C§7§A§2§le §x§C§8§A§B§7§F§lK§x§E§2§9§E§6§E§le§x§F§C§9§0§5§C§ly in auction for 250000.
[09:02:31] > JadeAppleGirl13 buy x64 Experience bottle to anneyong for $150,000.
[09:03:11] > JadeAppleGirl13 remove x64 Experience bottle from buy
[09:23:21] > kysicx remove x1 §x§F§F§5§5§0§0§lsᴇʟʟᴡᴀɴᴅ §6- 5.0x from storage
[09:23:22] > kysicx remove x1 §x§F§F§5§5§0§0§lsᴇʟʟᴡᴀɴᴅ §6- 5.0x from storage
[09:23:25] > kysicx remove x1 §f§l§x§8§A§0§0§F§FS§x§9§9§0§0§D§Bh§x§A§8§0§0§B§6i§x§B§7§0§0§9§2n§x§C§6§0§0§6§De§x§D§5§0§0§4§9 §x§E§4§0§0§2§4O§x§F§3§0§0§0§0n§x§E§4§0§0§2§4i§x§D§5§0§0§4§9 §x§C§6§0§0§6§DS§x§B§7§0§0§9§2t§x§A§8§0§0§B§6a§x§9§9§0§0§D§Bf§x§8§A§0§0§F§Ff from storage
[09:23:34] > kysicx remove x1 §fEnder Eye Knife from buy
[09:28:35] > anneyong added x1 Netherite block in auction for 67.
[09:28:45] > kysicx buy x1 Netherite block to anneyong for $67.
[09:29:14] > anneyong added x1 §f§x§4§1§B§C§4§2D§x§4§5§C§3§5§3r§x§4§9§C§9§6§3o§x§4§D§D§0§7§4w§x§5§1§D§7§8§5n§x§5§6§D§E§9§6e§x§5§A§E§4§A§6d§x§5§E§E§B§B§7 §x§6§2§F§2§C§8H§x§6§6§F§8§D§8a§x§6§A§F§F§E§9t in auction for 1000.
[09:29:27] > anneyong added x1 §fMedieval Hat in auction for 1000.
[09:29:39] > anneyong added x1 §fWitch Hat in auction for 1000.
[10:13:45] > RottenRael added x64 Nether wart in auction for 10000.
[10:20:22] > giyahnpogi added x1 §x§3§4§9§8§D§Bᴄʀᴇᴇᴘᴇʀ ꜱᴘᴀᴡɴᴇʀ in auction for 2000000.
[10:20:46] > jeff buy x1 §x§3§4§9§8§D§Bᴄʀᴇᴇᴘᴇʀ ꜱᴘᴀᴡɴᴇʀ to giyahnpogi for $2,000,000.
[10:20:59] > jeff remove x1 §x§3§4§9§8§D§Bᴄʀᴇᴇᴘᴇʀ ꜱᴘᴀᴡɴᴇʀ from buy
[10:30:24] > Zee_ added x1 /pwarps warp AceHardware in auction for 10000.
[10:32:02] > kysicx added x1 §f§l§x§8§A§0§0§F§FS§x§9§9§0§0§D§Bh§x§A§8§0§0§B§6i§x§B§7§0§0§9§2n§x§C§6§0§0§6§De§x§D§5§0§0§4§9 §x§E§4§0§0§2§4O§x§F§3§0§0§0§0n§x§E§4§0§0§2§4i§x§D§5§0§0§4§9 §x§C§6§0§0§6§DS§x§B§7§0§0§9§2t§x§A§8§0§0§B§6a§x§9§9§0§0§D§Bf§x§8§A§0§0§F§Ff in auction for 1500000.
[10:59:05] > x1 §f§l§8B§x§6§3§6§3§6§3a§x§7§1§7§1§7§1h§x§8§0§8§0§8§0a§x§8§E§8§E§8§Em§x§9§C§9§C§9§Cu§7t§x§9§C§9§C§9§C §x§8§E§8§E§8§ES§x§8§0§8§0§8§0t§x§7§1§7§1§7§1a§x§6§3§6§3§6§3f§8f on sale by belvi__ has just expired, it goes in the inventory of expired items.
[11:00:16] > auvicious buy x5 §x§F§C§9§0§5§C§lE§x§E§6§9§C§6§B§lp§x§C§F§A§7§7§A§li§x§B§9§B§3§8§9§lc §x§8§C§C§B§A§7§lC§x§7§5§D§6§B§6§lr§x§5§F§E§2§C§5§la§x§7§9§D§4§B§4§lt§x§9§3§C§7§A§2§le §x§C§8§A§B§7§F§lK§x§E§2§9§E§6§E§le§x§F§C§9§0§5§C§ly to Trapers1 for $250,000.
[11:00:51] > auvicious remove x5 §x§F§C§9§0§5§C§lE§x§E§6§9§C§6§B§lp§x§C§F§A§7§7§A§li§x§B§9§B§3§8§9§lc §x§8§C§C§B§A§7§lC§x§7§5§D§6§B§6§lr§x§5§F§E§2§C§5§la§x§7§9§D§4§B§4§lt§x§9§3§C§7§A§2§le §x§C§8§A§B§7§F§lK§x§E§2§9§E§6§E§le§x§F§C§9§0§5§C§ly form buy
[11:02:01] > auvicious remove x1 offer from storage
[11:05:35] > x1 §f§l§x§F§C§D§0§5§CW§x§F§B§B§2§4§Fu§x§F§9§9§5§4§2k§x§F§8§7§7§3§5o§x§F§7§5§9§2§7n§x§F§6§3§B§1§Ag§x§F§4§1§E§0§D §x§F§3§0§0§0§0C§x§F§4§1§E§0§Dr§x§F§6§3§B§1§Ao§x§F§7§5§9§2§7s§x§F§8§7§7§3§5s§x§F§9§9§5§4§2b§x§F§B§B§2§4§Fo§x§F§C§D§0§5§Cw on sale by belvi__ has just expired, it goes in the inventory of expired items.
[11:05:35] > x1 §x§F§F§7§C§0§0§lSteamsparks Halberd on sale by belvi__ has just expired, it goes in the inventory of expired items.
[11:11:14] > Blinkrzz remove x1 Shulker box from storage
[11:23:54] > HwanYo remove x1 Shulker box from storage
[11:23:55] > HwanYo remove x1 Shulker box from storage
[11:24:03] > HwanYo added x1 Shulker box in auction for 250000.
[11:27:56] > Trapers1 added x4 §x§F§C§D§0§5§C§lB§x§E§6§D§3§6§B§la§x§C§F§D§5§7§A§ls§x§B§9§D§8§8§9§li§x§A§2§D§A§9§8§lc §x§7§5§D§F§B§6§lC§x§5§F§E§2§C§5§lr§x§7§5§D§F§B§6§la§x§8§C§D§D§A§7§lt§x§A§2§D§A§9§8§le §x§C§F§D§5§7§A§lK§x§E§6§D§3§6§B§le§x§F§C§D§0§5§C§ly in auction for 100000.
[11:28:17] > HwanYo added x31 §x§F§C§D§0§5§C§lB§x§E§6§D§3§6§B§la§x§C§F§D§5§7§A§ls§x§B§9§D§8§8§9§li§x§A§2§D§A§9§8§lc §x§7§5§D§F§B§6§lC§x§5§F§E§2§C§5§lr§x§7§5§D§F§B§6§la§x§8§C§D§D§A§7§lt§x§A§2§D§A§9§8§le §x§C§F§D§5§7§A§lK§x§E§6§D§3§6§B§le§x§F§C§D§0§5§C§ly in auction for 250000.
[11:28:54] > Trapers1 added x1 §f§l§8B§x§6§4§6§4§6§4a§x§7§4§7§4§7§4h§x§8§3§8§3§8§3a§x§9§3§9§3§9§3m§x§A§2§A§2§A§2ut§x§9§3§9§3§9§3 §x§8§3§8§3§8§3C§x§7§4§7§4§7§4l§x§6§4§6§4§6§4u§8b in auction for 120000.
[11:29:15] > Trapers1 added x1 §f§l§8B§x§6§4§6§4§6§4a§x§7§4§7§4§7§4h§x§8§3§8§3§8§3a§x§9§3§9§3§9§3m§x§A§2§A§2§A§2ut§x§9§3§9§3§9§3 §x§8§3§8§3§8§3C§x§7§4§7§4§7§4l§x§6§4§6§4§6§4u§8b in auction for 50000.
[11:29:28] > auvicious buy x1 §f§l§8B§x§6§4§6§4§6§4a§x§7§4§7§4§7§4h§x§8§3§8§3§8§3a§x§9§3§9§3§9§3m§x§A§2§A§2§A§2ut§x§9§3§9§3§9§3 §x§8§3§8§3§8§3C§x§7§4§7§4§7§4l§x§6§4§6§4§6§4u§8b to Trapers1 for $50,000.
[11:29:38] > Trapers1 remove x1 §f§l§8B§x§6§4§6§4§6§4a§x§7§4§7§4§7§4h§x§8§3§8§3§8§3a§x§9§3§9§3§9§3m§x§A§2§A§2§A§2ut§x§9§3§9§3§9§3 §x§8§3§8§3§8§3C§x§7§4§7§4§7§4l§x§6§4§6§4§6§4u§8b form storage
[11:29:38] > Trapers1 remove x4 §x§F§C§D§0§5§C§lB§x§E§6§D§3§6§B§la§x§C§F§D§5§7§A§ls§x§B§9§D§8§8§9§li§x§A§2§D§A§9§8§lc §x§7§5§D§F§B§6§lC§x§5§F§E§2§C§5§lr§x§7§5§D§F§B§6§la§x§8§C§D§D§A§7§lt§x§A§2§D§A§9§8§le §x§C§F§D§5§7§A§lK§x§E§6§D§3§6§B§le§x§F§C§D§0§5§C§ly form storage
[11:29:43] > Trapers1 added x1 §f§l§8B§x§6§4§6§4§6§4a§x§7§4§7§4§7§4h§x§8§3§8§3§8§3a§x§9§3§9§3§9§3m§x§A§2§A§2§A§2ut§x§9§3§9§3§9§3 §x§8§3§8§3§8§3C§x§7§4§7§4§7§4l§x§6§4§6§4§6§4u§8b in auction for 50000.
[11:30:05] > auvicious buy x1 §f§l§8B§x§6§4§6§4§6§4a§x§7§4§7§4§7§4h§x§8§3§8§3§8§3a§x§9§3§9§3§9§3m§x§A§2§A§2§A§2ut§x§9§3§9§3§9§3 §x§8§3§8§3§8§3C§x§7§4§7§4§7§4l§x§6§4§6§4§6§4u§8b to Trapers1 for $50,000.
[11:30:14] > YIXILYX buy x1 §f§x§4§1§B§C§4§2D§x§4§5§C§3§5§3r§x§4§9§C§9§6§3o§x§4§D§D§0§7§4w§x§5§1§D§7§8§5n§x§5§6§D§E§9§6e§x§5§A§E§4§A§6d§x§5§E§E§B§B§7 §x§6§2§F§2§C§8H§x§6§6§F§8§D§8a§x§6§A§F§F§E§9t to anneyong for $1,000.
[11:30:22] > YIXILYX buy x1 §fWitch Hat to anneyong for $1,000.
[11:30:26] > YIXILYX buy x1 §fMedieval Hat to anneyong for $1,000.
[11:30:56] > Trapers1 added x1 §f§l§x§F§C§D§0§5§CW§x§F§B§A§D§4§Du§x§F§9§8§B§3§Dk§x§F§8§6§8§2§Eo§x§F§6§4§5§1§Fn§x§F§5§2§3§0§Fg§x§F§3§0§0§0§0 §x§F§5§2§3§0§FD§x§F§6§4§5§1§Fa§x§F§8§6§8§2§Eg§x§F§9§8§B§3§Dg§x§F§B§A§D§4§De§x§F§C§D§0§5§Cr in auction for 150000.
[11:31:08] > NoClarity remove x1 §x§F§F§5§5§0§0§lsᴇʟʟᴡᴀɴᴅ §6- 5.0x from storage
[11:31:33] > NoClarity added x1 §x§F§F§5§5§0§0§lsᴇʟʟᴡᴀɴᴅ §6- 5.0x in auction for 450000.
[11:31:54] > jeff added x2 §fBumble Bee Hat in auction for 50000.
[11:32:02] > NoClarity added x1 §f§l§8B§x§6§2§6§2§6§2a§x§6§F§6§F§6§Fh§x§7§C§7§C§7§Ca§x§8§9§8§9§8§9m§x§9§6§9§6§9§6u§x§A§3§A§3§A§3t §x§9§6§9§6§9§6S§x§8§9§8§9§8§9h§x§7§C§7§C§7§Ci§x§6§F§6§F§6§Fe§x§6§2§6§2§6§2l§8d in auction for 400000.
[11:32:29] > YIXILYX remove x1 §fMedieval Hat form buy
[11:32:29] > YIXILYX remove x1 §f§x§4§1§B§C§4§2D§x§4§5§C§3§5§3r§x§4§9§C§9§6§3o§x§4§D§D§0§7§4w§x§5§1§D§7§8§5n§x§5§6§D§E§9§6e§x§5§A§E§4§A§6d§x§5§E§E§B§B§7 §x§6§2§F§2§C§8H§x§6§6§F§8§D§8a§x§6§A§F§F§E§9t form buy
[11:32:29] > YIXILYX remove x1 §fWitch Hat form buy
[11:33:38] > HwanYo added x64 Experience bottle in auction for 90000.
[11:33:49] > HwanYo added x64 Experience bottle in auction for 90000.
[11:38:14] > nachfaust remove x1 §x§F§F§7§C§0§0§lSteamsparks Pickaxe from storage
[11:38:44] > HwanYo added x64 Experience bottle in auction for 90000.
[11:39:03] > nachfaust added x1 Enchanted book in auction for 20000.
[11:39:11] > HwanYo added x64 Experience bottle in auction for 90000.
[11:39:44] > HwanYo added x64 Experience bottle in auction for 90000.
[11:40:27] > nagiiish buy x64 Experience bottle to HwanYo for $90,000.
[11:40:33] > nagiiish remove x64 Experience bottle from buy
[11:40:42] > Blinkrzz buy x64 Experience bottle to HwanYo for $90,000.
[11:40:47] > Blinkrzz buy x64 Experience bottle to HwanYo for $90,000.
[11:40:56] > Blinkrzz remove x1 §5§lMythical Lure form storage
[11:40:56] > Blinkrzz remove x1 §f§l§8B§x§6§0§6§0§6§0a§x§6§C§6§C§6§Ch§x§7§7§7§7§7§7a§x§8§2§8§2§8§2m§x§8§E§8§E§8§Eu§x§9§9§9§9§9§9t§x§A§4§A§4§A§4 G§x§9§9§9§9§9§9a§x§8§E§8§E§8§Eu§x§8§2§8§2§8§2n§x§7§7§7§7§7§7t§x§6§C§6§C§6§Cl§x§6§0§6§0§6§0e§8t form storage
[11:40:56] > Blinkrzz remove x1 §x§F§F§3§E§0§0§lSellwand Voucher form storage
[11:40:56] > Blinkrzz remove x1 §x§F§F§7§C§0§0§lSteamsparks Shield form storage
[11:41:08] > Blinkrzz remove x64 Experience bottle from buy
[11:41:10] > Blinkrzz remove x64 Experience bottle from buy
[11:41:20] > Blinkrzz buy x64 Experience bottle to HwanYo for $90,000.
[11:41:23] > Blinkrzz buy x64 Experience bottle to HwanYo for $90,000.
[11:41:34] > Blinkrzz remove x64 Experience bottle from buy
[11:41:41] > Blinkrzz remove x64 Experience bottle from buy
[11:43:04] > HwanYo added x64 Experience bottle in auction for 90000.
[11:43:15] > HwanYo added x64 Experience bottle in auction for 90000.
[11:43:26] > HwanYo added x64 Experience bottle in auction for 90000.
[11:48:55] > HwanYo added x1 §f§l§x§8§A§0§0§F§FS§x§9§9§0§0§D§Bh§x§A§8§0§0§B§6i§x§B§7§0§0§9§2n§x§C§6§0§0§6§De§x§D§5§0§0§4§9 §x§E§4§0§0§2§4O§x§F§3§0§0§0§0n§x§E§4§0§0§2§4i§x§D§5§0§0§4§9 §x§C§6§0§0§6§DS§x§B§7§0§0§9§2t§x§A§8§0§0§B§6a§x§9§9§0§0§D§Bf§x§8§A§0§0§F§Ff in auction for 1300000.
[11:53:21] > HwanYo added x64 Experience bottle in auction for 90000.
[11:53:58] > HwanYo added x64 Experience bottle in auction for 90000.
[11:54:41] > HwanYo added x64 Experience bottle in auction for 90000.
[11:54:54] > HwanYo added x64 Experience bottle in auction for 90000.
[11:57:06] > Celeste01 remove x1 Mace form storage